ISO-10303-21;
HEADER;
FILE_DESCRIPTION(('OneSpaceDesigner STEP Export'),'2;1');
FILE_NAME('DF13-2P-1.25V.stp','2007-03-23T 9:52:17',(''),(''),
'OneSpace Designer STEP processor (Jan. 2003) for AP214(CD)(Solid Model)
','OneSpace Designer 12.00  10-Sep-2003 (C) CoCreate Software GmbH','');
FILE_SCHEMA(('AUTOMOTIVE_DESIGN_CC2 {1 2 10303 214 -1 1 5 1}'));
ENDSEC;
DATA;
#10=CARTESIAN_POINT('',(0.382819,0.669531,0.840000000000002));
#20=DIRECTION('',(-5.55111512312578E-16,1.,0.));
#30=DIRECTION('',(0.,0.,1.));
#40=AXIS2_PLACEMENT_3D('',#10,#20,#30);
#50=PLANE('',#40);
#60=CARTESIAN_POINT('',(1.182819,0.669531,1.05));
#70=DIRECTION('',(0.,0.,-1.));
#80=VECTOR('',#70,1.);
#90=LINE('',#60,#80);
#100=CARTESIAN_POINT('',(1.182819,0.669531,0.549999999999997));
#110=VERTEX_POINT('',#100);
#120=CARTESIAN_POINT('',(1.182819,0.669531,0.300000000000002));
#130=VERTEX_POINT('',#120);
#140=EDGE_CURVE('',#110,#130,#90,.T.);
#150=ORIENTED_EDGE('',*,*,#140,.T.);
#160=CARTESIAN_POINT('',(0.,0.669531,0.549999999999997));
#170=DIRECTION('',(-1.,-5.55111512312578E-16,6.12303176911189E-17));
#180=VECTOR('',#170,1.);
#190=LINE('',#160,#180);
#200=CARTESIAN_POINT('',(0.982818999999997,0.669531000000001,
0.549999999999997));
#210=VERTEX_POINT('',#200);
#220=EDGE_CURVE('',#110,#210,#190,.T.);
#230=ORIENTED_EDGE('',*,*,#220,.F.);
#240=CARTESIAN_POINT('',(0.982818999999997,0.669531000000001,8.125));
#250=DIRECTION('',(6.12303176911189E-17,3.08148791101958E-32,1.));
#260=VECTOR('',#250,1.);
#270=LINE('',#240,#260);
#280=CARTESIAN_POINT('',(0.982818999999997,0.669531000000001,
0.649999999999999));
#290=VERTEX_POINT('',#280);
#300=EDGE_CURVE('',#210,#290,#270,.T.);
#310=ORIENTED_EDGE('',*,*,#300,.F.);
#320=CARTESIAN_POINT('',(0.782818999999997,0.669531000000001,
0.649999999999999));
#330=DIRECTION('',(-6.12303176911189E-17,-1.,6.16297582203916E-33));
#340=DIRECTION('',(1.,-6.12303176911189E-17,0.));
#350=AXIS2_PLACEMENT_3D('',#320,#330,#340);
#360=CIRCLE('',#350,0.2);
#370=CARTESIAN_POINT('',(0.782818999999997,0.669531000000001,
0.850000000000001));
#380=VERTEX_POINT('',#370);
#390=EDGE_CURVE('',#290,#380,#360,.T.);
#400=ORIENTED_EDGE('',*,*,#390,.F.);
#410=CARTESIAN_POINT('',(0.,0.669531,0.850000000000001));
#420=DIRECTION('',(-1.,-5.55111512312578E-16,6.12303176911189E-17));
#430=VECTOR('',#420,1.);
#440=LINE('',#410,#430);
#450=CARTESIAN_POINT('',(0.682819,0.669531,0.850000000000001));
#460=VERTEX_POINT('',#450);
#470=EDGE_CURVE('',#380,#460,#440,.T.);
#480=ORIENTED_EDGE('',*,*,#470,.F.);
#490=CARTESIAN_POINT('',(0.682819,0.669531,1.05));
#500=DIRECTION('',(0.,0.,-1.));
#510=VECTOR('',#500,1.);
#520=LINE('',#490,#510);
#530=CARTESIAN_POINT('',(0.682819,0.669531000000001,0.840000000000002));
#540=VERTEX_POINT('',#530);
#550=EDGE_CURVE('',#460,#540,#520,.T.);
#560=ORIENTED_EDGE('',*,*,#550,.F.);
#570=CARTESIAN_POINT('',(0.,0.669531,0.840000000000002));
#580=DIRECTION('',(1.,5.55111512312578E-16,0.));
#590=VECTOR('',#580,1.);
#600=LINE('',#570,#590);
#610=CARTESIAN_POINT('',(0.382819,0.669531,0.840000000000002));
#620=VERTEX_POINT('',#610);
#630=EDGE_CURVE('',#620,#540,#600,.T.);
#640=ORIENTED_EDGE('',*,*,#630,.T.);
#650=CARTESIAN_POINT('',(0.382819,0.669531,8.125));
#660=DIRECTION('',(0.,0.,-1.));
#670=VECTOR('',#660,1.);
#680=LINE('',#650,#670);
#690=CARTESIAN_POINT('',(0.382819,0.669531,0.300000000000002));
#700=VERTEX_POINT('',#690);
#710=EDGE_CURVE('',#620,#700,#680,.T.);
#720=ORIENTED_EDGE('',*,*,#710,.F.);
#730=CARTESIAN_POINT('',(-1.017181,0.669531,0.300000000000002));
#740=DIRECTION('',(1.,1.22460635382238E-16,0.));
#750=VECTOR('',#740,1.);
#760=LINE('',#730,#750);
#770=EDGE_CURVE('',#700,#130,#760,.T.);
#780=ORIENTED_EDGE('',*,*,#770,.F.);
#790=EDGE_LOOP('',(#780,#720,#640,#560,#480,#400,#310,#230,#150));
#800=FACE_OUTER_BOUND('',#790,.T.);
#810=ADVANCED_FACE('',(#800),#50,.T.);
#820=CARTESIAN_POINT('',(0.382819,-1.330469,1.05));
#830=DIRECTION('',(1.22460635382238E-16,-1.,0.));
#840=DIRECTION('',(1.,1.22460635382238E-16,0.));
#850=AXIS2_PLACEMENT_3D('',#820,#830,#840);
#860=PLANE('',#850);
#870=CARTESIAN_POINT('',(-3.60337459740302E-18,-1.330469,1.05));
#880=DIRECTION('',(-1.,-1.22460635382238E-16,0.));
#890=VECTOR('',#880,1.);
#900=LINE('',#870,#890);
#910=CARTESIAN_POINT('',(1.182819,-1.330469,1.05));
#920=VERTEX_POINT('',#910);
#930=CARTESIAN_POINT('',(0.682819,-1.330469,1.05));
#940=VERTEX_POINT('',#930);
#950=EDGE_CURVE('',#920,#940,#900,.T.);
#960=ORIENTED_EDGE('',*,*,#950,.T.);
#970=CARTESIAN_POINT('',(1.182819,-1.330469,1.05));
#980=DIRECTION('',(0.,0.,-1.));
#990=VECTOR('',#980,1.);
#1000=LINE('',#970,#990);
#1010=CARTESIAN_POINT('',(1.182819,-1.330469,0.300000000000002));
#1020=VERTEX_POINT('',#1010);
#1030=EDGE_CURVE('',#920,#1020,#1000,.T.);
#1040=ORIENTED_EDGE('',*,*,#1030,.F.);
#1050=CARTESIAN_POINT('',(-1.017181,-1.330469,0.300000000000002));
#1060=DIRECTION('',(1.,1.22460635382238E-16,0.));
#1070=VECTOR('',#1060,1.);
#1080=LINE('',#1050,#1070);
#1090=CARTESIAN_POINT('',(0.382819000000001,-1.330469,0.300000000000002)
);
#1100=VERTEX_POINT('',#1090);
#1110=EDGE_CURVE('',#1100,#1020,#1080,.T.);
#1120=ORIENTED_EDGE('',*,*,#1110,.T.);
#1130=CARTESIAN_POINT('',(0.382819000000001,-1.330469,8.125));
#1140=DIRECTION('',(0.,0.,1.));
#1150=VECTOR('',#1140,1.);
#1160=LINE('',#1130,#1150);
#1170=CARTESIAN_POINT('',(0.382819000000001,-1.330469,0.840000000000002)
);
#1180=VERTEX_POINT('',#1170);
#1190=EDGE_CURVE('',#1100,#1180,#1160,.T.);
#1200=ORIENTED_EDGE('',*,*,#1190,.F.);
#1210=CARTESIAN_POINT('',(0.,-1.330469,0.840000000000002));
#1220=DIRECTION('',(-1.,-1.22460635382238E-16,0.));
#1230=VECTOR('',#1220,1.);
#1240=LINE('',#1210,#1230);
#1250=CARTESIAN_POINT('',(0.682819,-1.330469,0.840000000000002));
#1260=VERTEX_POINT('',#1250);
#1270=EDGE_CURVE('',#1260,#1180,#1240,.T.);
#1280=ORIENTED_EDGE('',*,*,#1270,.T.);
#1290=CARTESIAN_POINT('',(0.682819,-1.330469,1.875));
#1300=DIRECTION('',(0.,0.,1.));
#1310=VECTOR('',#1300,1.);
#1320=LINE('',#1290,#1310);
#1330=EDGE_CURVE('',#1260,#940,#1320,.T.);
#1340=ORIENTED_EDGE('',*,*,#1330,.F.);
#1350=EDGE_LOOP('',(#1340,#1280,#1200,#1120,#1040,#960));
#1360=FACE_OUTER_BOUND('',#1350,.T.);
#1370=ADVANCED_FACE('',(#1360),#860,.T.);
#1380=CARTESIAN_POINT('',(-1.567181,2.769531,20.95));
#1390=DIRECTION('',(-1.,0.,0.));
#1400=DIRECTION('',(0.,1.,0.));
#1410=AXIS2_PLACEMENT_3D('',#1380,#1390,#1400);
#1420=PLANE('',#1410);
#1430=CARTESIAN_POINT('',(-1.567181,-4.44089209850063E-16,4.7));
#1440=DIRECTION('',(0.,1.,0.));
#1450=VECTOR('',#1440,1.);
#1460=LINE('',#1430,#1450);
#1470=CARTESIAN_POINT('',(-1.567181,-0.230469000000001,4.7));
#1480=VERTEX_POINT('',#1470);
#1490=CARTESIAN_POINT('',(-1.567181,2.769531,4.7));
#1500=VERTEX_POINT('',#1490);
#1510=EDGE_CURVE('',#1480,#1500,#1460,.T.);
#1520=ORIENTED_EDGE('',*,*,#1510,.F.);
#1530=CARTESIAN_POINT('',(-1.567181,2.769531,4.7));
#1540=DIRECTION('',(0.,0.,-1.));
#1550=VECTOR('',#1540,1.);
#1560=LINE('',#1530,#1550);
#1570=CARTESIAN_POINT('',(-1.567181,2.769531,4.225));
#1580=VERTEX_POINT('',#1570);
#1590=EDGE_CURVE('',#1500,#1580,#1560,.T.);
#1600=ORIENTED_EDGE('',*,*,#1590,.F.);
#1610=CARTESIAN_POINT('',(-1.567181,-4.44089209850063E-16,4.225));
#1620=DIRECTION('',(0.,-1.,0.));
#1630=VECTOR('',#1620,1.);
#1640=LINE('',#1610,#1630);
#1650=CARTESIAN_POINT('',(-1.567181,0.969530999999999,4.225));
#1660=VERTEX_POINT('',#1650);
#1670=EDGE_CURVE('',#1580,#1660,#1640,.T.);
#1680=ORIENTED_EDGE('',*,*,#1670,.F.);
#1690=CARTESIAN_POINT('',(-1.567181,0.969530999999999,-1.875));
#1700=DIRECTION('',(0.,0.,1.));
#1710=VECTOR('',#1700,1.);
#1720=LINE('',#1690,#1710);
#1730=CARTESIAN_POINT('',(-1.567181,0.969530999999999,2.025));
#1740=VERTEX_POINT('',#1730);
#1750=EDGE_CURVE('',#1740,#1660,#1720,.T.);
#1760=ORIENTED_EDGE('',*,*,#1750,.T.);
#1770=CARTESIAN_POINT('',(-1.567181,-1.91917981018971E-16,2.025));
#1780=DIRECTION('',(1.22460635382238E-16,-1.,0.));
#1790=VECTOR('',#1780,1.);
#1800=LINE('',#1770,#1790);
#1810=CARTESIAN_POINT('',(-1.567181,2.769531,2.025));
#1820=VERTEX_POINT('',#1810);
#1830=EDGE_CURVE('',#1820,#1740,#1800,.T.);
#1840=ORIENTED_EDGE('',*,*,#1830,.T.);
#1850=CARTESIAN_POINT('',(-1.567181,2.769531,1.55));
#1860=DIRECTION('',(0.,0.,1.));
#1870=VECTOR('',#1860,1.);
#1880=LINE('',#1850,#1870);
#1890=CARTESIAN_POINT('',(-1.567181,2.769531,1.55));
#1900=VERTEX_POINT('',#1890);
#1910=EDGE_CURVE('',#1900,#1820,#1880,.T.);
#1920=ORIENTED_EDGE('',*,*,#1910,.T.);
#1930=CARTESIAN_POINT('',(-1.567181,-1.91917981018971E-16,1.55));
#1940=DIRECTION('',(-1.22460635382238E-16,1.,0.));
#1950=VECTOR('',#1940,1.);
#1960=LINE('',#1930,#1950);
#1970=CARTESIAN_POINT('',(-1.567181,-0.230469,1.55));
#1980=VERTEX_POINT('',#1970);
#1990=EDGE_CURVE('',#1980,#1900,#1960,.T.);
#2000=ORIENTED_EDGE('',*,*,#1990,.T.);
#2010=CARTESIAN_POINT('',(-1.567181,-0.230469000000001,-8.125));
#2020=DIRECTION('',(0.,0.,-1.));
#2030=VECTOR('',#2020,1.);
#2040=LINE('',#2010,#2030);
#2050=EDGE_CURVE('',#1480,#1980,#2040,.T.);
#2060=ORIENTED_EDGE('',*,*,#2050,.T.);
#2070=EDGE_LOOP('',(#2060,#2000,#1920,#1840,#1760,#1680,#1600,#1520));
#2080=FACE_OUTER_BOUND('',#2070,.T.);
#2090=ADVANCED_FACE('',(#2080),#1420,.F.);
#2100=CARTESIAN_POINT('',(0.782819,-2.830469,1.45));
#2110=DIRECTION('',(0.,1.,0.));
#2120=DIRECTION('',(1.,0.,0.));
#2130=AXIS2_PLACEMENT_3D('',#2100,#2110,#2120);
#2140=CONICAL_SURFACE('',#2130,0.2,0.588002603547568);
#2150=CARTESIAN_POINT('',(0.582819,-2.830469,1.45));
#2160=DIRECTION('',(-0.55470019622523,0.832050294337843,0.));
#2170=VECTOR('',#2160,1.);
#2180=LINE('',#2150,#2170);
#2190=CARTESIAN_POINT('',(0.582819,-2.830469,1.45));
#2200=VERTEX_POINT('',#2190);
#2210=CARTESIAN_POINT('',(0.382819,-2.530469,1.45));
#2220=VERTEX_POINT('',#2210);
#2230=EDGE_CURVE('',#2200,#2220,#2180,.T.);
#2240=ORIENTED_EDGE('',*,*,#2230,.F.);
#2250=CARTESIAN_POINT('',(0.782819,-2.530469,1.45));
#2260=DIRECTION('',(-6.12303176911189E-17,1.,0.));
#2270=DIRECTION('',(1.,0.,0.));
#2280=AXIS2_PLACEMENT_3D('',#2250,#2260,#2270);
#2290=CIRCLE('',#2280,0.4);
#2300=CARTESIAN_POINT('',(1.182819,-2.530469,1.45));
#2310=VERTEX_POINT('',#2300);
#2320=EDGE_CURVE('',#2220,#2310,#2290,.T.);
#2330=ORIENTED_EDGE('',*,*,#2320,.F.);
#2340=CARTESIAN_POINT('',(0.982819,-2.830469,1.45));
#2350=DIRECTION('',(0.55470019622523,0.832050294337843,0.));
#2360=VECTOR('',#2350,1.);
#2370=LINE('',#2340,#2360);
#2380=CARTESIAN_POINT('',(0.982819,-2.830469,1.45));
#2390=VERTEX_POINT('',#2380);
#2400=EDGE_CURVE('',#2390,#2310,#2370,.T.);
#2410=ORIENTED_EDGE('',*,*,#2400,.T.);
#2420=CARTESIAN_POINT('',(0.782819,-2.830469,1.45));
#2430=DIRECTION('',(0.,1.,0.));
#2440=DIRECTION('',(1.,0.,0.));
#2450=AXIS2_PLACEMENT_3D('',#2420,#2430,#2440);
#2460=CIRCLE('',#2450,0.2);
#2470=EDGE_CURVE('',#2200,#2390,#2460,.T.);
#2480=ORIENTED_EDGE('',*,*,#2470,.T.);
#2490=EDGE_LOOP('',(#2480,#2410,#2330,#2240));
#2500=FACE_OUTER_BOUND('',#2490,.T.);
#2510=ADVANCED_FACE('',(#2500),#2140,.T.);
#2520=CARTESIAN_POINT('',(0.269731024956451,-2.830469,1.65078477433677))
;
#2530=DIRECTION('',(1.22460635382238E-16,-1.,0.));
#2540=DIRECTION('',(1.,1.22460635382238E-16,0.));
#2550=AXIS2_PLACEMENT_3D('',#2520,#2530,#2540);
#2560=PLANE('',#2550);
#2570=EDGE_CURVE('',#2390,#2200,#2460,.T.);
#2580=ORIENTED_EDGE('',*,*,#2570,.F.);
#2590=ORIENTED_EDGE('',*,*,#2470,.F.);
#2600=EDGE_LOOP('',(#2590,#2580));
#2610=FACE_OUTER_BOUND('',#2600,.T.);
#2620=ADVANCED_FACE('',(#2610),#2560,.T.);
#2630=CARTESIAN_POINT('',(-4.1036834,1.869531,2.325));
#2640=DIRECTION('',(5.60976323348313E-18,-0.242535625036333,
0.970142500145332));
#2650=DIRECTION('',(-2.24390529339325E-17,0.970142500145332,
0.242535625036333));
#2660=AXIS2_PLACEMENT_3D('',#2630,#2640,#2650);
#2670=PLANE('',#2660);
#2680=CARTESIAN_POINT('',(-0.0251477347320566,2.169531,2.4));
#2690=DIRECTION('',(1.,0.,-5.78241158658935E-18));
#2700=VECTOR('',#2690,1.);
#2710=LINE('',#2680,#2700);
#2720=CARTESIAN_POINT('',(-0.127180999999999,2.169531,2.4));
#2730=VERTEX_POINT('',#2720);
#2740=CARTESIAN_POINT('',(0.0728189999999996,2.169531,2.4));
#2750=VERTEX_POINT('',#2740);
#2760=EDGE_CURVE('',#2730,#2750,#2710,.T.);
#2770=ORIENTED_EDGE('',*,*,#2760,.T.);
#2780=CARTESIAN_POINT('',(-0.762577107865425,-0.372053431461694,
1.76460389213458));
#2790=DIRECTION('',(0.235702260395516,0.942809041582063,
0.235702260395516));
#2800=VECTOR('',#2790,1.);
#2810=LINE('',#2780,#2800);
#2820=CARTESIAN_POINT('',(-0.202181,1.869531,2.325));
#2830=VERTEX_POINT('',#2820);
#2840=EDGE_CURVE('',#2830,#2730,#2810,.T.);
#2850=ORIENTED_EDGE('',*,*,#2840,.T.);
#2860=CARTESIAN_POINT('',(-0.0251477347320566,1.869531,2.325));
#2870=DIRECTION('',(1.,2.31296463463574E-17,0.));
#2880=VECTOR('',#2870,1.);
#2890=LINE('',#2860,#2880);
#2900=CARTESIAN_POINT('',(0.147819,1.869531,2.325));
#2910=VERTEX_POINT('',#2900);
#2920=EDGE_CURVE('',#2830,#2910,#2890,.T.);
#2930=ORIENTED_EDGE('',*,*,#2920,.F.);
#2940=CARTESIAN_POINT('',(0.708215107865424,-0.372053431461694,
1.76460389213458));
#2950=DIRECTION('',(0.235702260395516,-0.942809041582063,
-0.235702260395516));
#2960=VECTOR('',#2950,1.);
#2970=LINE('',#2940,#2960);
#2980=EDGE_CURVE('',#2750,#2910,#2970,.T.);
#2990=ORIENTED_EDGE('',*,*,#2980,.T.);
#3000=EDGE_LOOP('',(#2990,#2930,#2850,#2770));
#3010=FACE_OUTER_BOUND('',#3000,.T.);
#3020=ADVANCED_FACE('',(#3010),#2670,.F.);
#3030=CARTESIAN_POINT('',(0.382819,-0.165995277202614,0.623565332487536)
);
#3040=DIRECTION('',(-1.,-5.55111512312578E-16,0.));
#3050=DIRECTION('',(5.55111512312578E-16,-1.,0.));
#3060=AXIS2_PLACEMENT_3D('',#3030,#3040,#3050);
#3070=PLANE('',#3060);
#3080=ORIENTED_EDGE('',*,*,#710,.T.);
#3090=CARTESIAN_POINT('',(0.382819,0.,0.840000000000003));
#3100=DIRECTION('',(-5.55111512312578E-16,1.,0.));
#3110=VECTOR('',#3100,1.);
#3120=LINE('',#3090,#3110);
#3130=EDGE_CURVE('',#1180,#620,#3120,.T.);
#3140=ORIENTED_EDGE('',*,*,#3130,.T.);
#3150=ORIENTED_EDGE('',*,*,#1190,.T.);
#3160=CARTESIAN_POINT('',(0.382819,0.,0.300000000000002));
#3170=DIRECTION('',(5.55111512312578E-16,-1.,0.));
#3180=VECTOR('',#3170,1.);
#3190=LINE('',#3160,#3180);
#3200=EDGE_CURVE('',#700,#1100,#3190,.T.);
#3210=ORIENTED_EDGE('',*,*,#3200,.T.);
#3220=EDGE_LOOP('',(#3210,#3150,#3140,#3080));
#3230=FACE_OUTER_BOUND('',#3220,.T.);
#3240=ADVANCED_FACE('',(#3230),#3070,.T.);
#3250=CARTESIAN_POINT('',(0.782819,-2.030469,1.45));
#3260=DIRECTION('',(1.22460635382238E-16,-1.,0.));
#3270=DIRECTION('',(1.,1.22460635382238E-16,0.));
#3280=AXIS2_PLACEMENT_3D('',#3250,#3260,#3270);
#3290=CYLINDRICAL_SURFACE('',#3280,0.4);
#3300=CARTESIAN_POINT('',(1.182819,-2.030469,1.45));
#3310=DIRECTION('',(1.22460635382238E-16,-1.,0.));
#3320=VECTOR('',#3310,1.);
#3330=LINE('',#3300,#3320);
#3340=CARTESIAN_POINT('',(1.182819,-2.030469,1.45));
#3350=VERTEX_POINT('',#3340);
#3360=EDGE_CURVE('',#3350,#2310,#3330,.T.);
#3370=ORIENTED_EDGE('',*,*,#3360,.T.);
#3380=CARTESIAN_POINT('',(0.782819,-2.030469,1.45));
#3390=DIRECTION('',(1.22460635382238E-16,-1.,0.));
#3400=DIRECTION('',(1.,1.22460635382238E-16,0.));
#3410=AXIS2_PLACEMENT_3D('',#3380,#3390,#3400);
#3420=CIRCLE('',#3410,0.4);
#3430=CARTESIAN_POINT('',(0.782819,-2.030469,1.05));
#3440=VERTEX_POINT('',#3430);
#3450=EDGE_CURVE('',#3440,#3350,#3420,.T.);
#3460=ORIENTED_EDGE('',*,*,#3450,.T.);
#3470=CARTESIAN_POINT('',(0.382819,-2.030469,1.45));
#3480=VERTEX_POINT('',#3470);
#3490=EDGE_CURVE('',#3480,#3440,#3420,.T.);
#3500=ORIENTED_EDGE('',*,*,#3490,.T.);
#3510=CARTESIAN_POINT('',(0.382819,-2.030469,1.45));
#3520=DIRECTION('',(1.22460635382238E-16,-1.,0.));
#3530=VECTOR('',#3520,1.);
#3540=LINE('',#3510,#3530);
#3550=EDGE_CURVE('',#3480,#2220,#3540,.T.);
#3560=ORIENTED_EDGE('',*,*,#3550,.F.);
#3570=EDGE_CURVE('',#2310,#2220,#2290,.T.);
#3580=ORIENTED_EDGE('',*,*,#3570,.T.);
#3590=EDGE_LOOP('',(#3580,#3560,#3500,#3460,#3370));
#3600=FACE_OUTER_BOUND('',#3590,.T.);
#3610=ADVANCED_FACE('',(#3600),#3290,.T.);
#3620=CARTESIAN_POINT('',(-0.127180999999999,2.169531,2.325));
#3630=DIRECTION('',(0.,1.,0.));
#3640=DIRECTION('',(1.,0.,0.));
#3650=AXIS2_PLACEMENT_3D('',#3620,#3630,#3640);
#3660=PLANE('',#3650);
#3670=CARTESIAN_POINT('',(-0.127180999999999,2.169531,2.325));
#3680=DIRECTION('',(0.,0.,-1.));
#3690=VECTOR('',#3680,1.);
#3700=LINE('',#3670,#3690);
#3710=CARTESIAN_POINT('',(-0.127180999999999,2.169531,2.6));
#3720=VERTEX_POINT('',#3710);
#3730=EDGE_CURVE('',#3720,#2730,#3700,.T.);
#3740=ORIENTED_EDGE('',*,*,#3730,.F.);
#3750=ORIENTED_EDGE('',*,*,#2760,.F.);
#3760=CARTESIAN_POINT('',(0.0728189999999998,2.169531,2.325));
#3770=DIRECTION('',(0.,0.,1.));
#3780=VECTOR('',#3770,1.);
#3790=LINE('',#3760,#3780);
#3800=CARTESIAN_POINT('',(0.0728189999999998,2.169531,2.6));
#3810=VERTEX_POINT('',#3800);
#3820=EDGE_CURVE('',#2750,#3810,#3790,.T.);
#3830=ORIENTED_EDGE('',*,*,#3820,.F.);
#3840=CARTESIAN_POINT('',(-0.0251477347320566,2.169531,2.6));
#3850=DIRECTION('',(1.,0.,5.78241158658935E-18));
#3860=VECTOR('',#3850,1.);
#3870=LINE('',#3840,#3860);
#3880=EDGE_CURVE('',#3720,#3810,#3870,.T.);
#3890=ORIENTED_EDGE('',*,*,#3880,.T.);
#3900=EDGE_LOOP('',(#3890,#3830,#3750,#3740));
#3910=FACE_OUTER_BOUND('',#3900,.T.);
#3920=ADVANCED_FACE('',(#3910),#3660,.T.);
#3930=CARTESIAN_POINT('',(0.682819,0.669531,1.05));
#3940=DIRECTION('',(-1.,4.44089209850063E-15,0.));
#3950=DIRECTION('',(-4.44089209850063E-15,-1.,0.));
#3960=AXIS2_PLACEMENT_3D('',#3930,#3940,#3950);
#3970=PLANE('',#3960);
#3980=CARTESIAN_POINT('',(0.682818999999997,-0.0304690000000006,8.125));
#3990=DIRECTION('',(1.64214663788065E-47,3.74915180455534E-33,1.));
#4000=VECTOR('',#3990,1.);
#4010=LINE('',#3980,#4000);
#4020=CARTESIAN_POINT('',(0.682818999999997,-0.0304690000000006,
0.850000000000001));
#4030=VERTEX_POINT('',#4020);
#4040=CARTESIAN_POINT('',(0.682818999999997,-0.0304690000000006,1.05));
#4050=VERTEX_POINT('',#4040);
#4060=EDGE_CURVE('',#4030,#4050,#4010,.T.);
#4070=ORIENTED_EDGE('',*,*,#4060,.T.);
#4080=CARTESIAN_POINT('',(0.682818999999997,0.,0.850000000000001));
#4090=DIRECTION('',(-4.44089209850063E-15,-1.,3.94430452610506E-31));
#4100=VECTOR('',#4090,1.);
#4110=LINE('',#4080,#4100);
#4120=CARTESIAN_POINT('',(0.682818999999995,-0.36380233333334,
0.850000000000001));
#4130=VERTEX_POINT('',#4120);
#4140=EDGE_CURVE('',#4030,#4130,#4110,.T.);
#4150=ORIENTED_EDGE('',*,*,#4140,.F.);
#4160=CARTESIAN_POINT('',(0.682818999999995,-0.363802333333342,8.125));
#4170=DIRECTION('',(9.06168938629751E-31,2.04101058970399E-16,-1.));
#4180=VECTOR('',#4170,1.);
#4190=LINE('',#4160,#4180);
#4200=CARTESIAN_POINT('',(0.682818999999995,-0.363802333333341,1.05));
#4210=VERTEX_POINT('',#4200);
#4220=EDGE_CURVE('',#4210,#4130,#4190,.T.);
#4230=ORIENTED_EDGE('',*,*,#4220,.T.);
#4240=CARTESIAN_POINT('',(0.682819,-2.5104714,1.05));
#4250=DIRECTION('',(-1.22460635382238E-16,1.,0.));
#4260=VECTOR('',#4250,1.);
#4270=LINE('',#4240,#4260);
#4280=CARTESIAN_POINT('',(0.682818999999995,-0.530469000000001,1.05));
#4290=VERTEX_POINT('',#4280);
#4300=EDGE_CURVE('',#4290,#4210,#4270,.T.);
#4310=ORIENTED_EDGE('',*,*,#4300,.T.);
#4320=CARTESIAN_POINT('',(0.682818999999995,-0.530469000000001,8.125));
#4330=DIRECTION('',(1.64214663788065E-47,3.74915180455534E-33,1.));
#4340=VECTOR('',#4330,1.);
#4350=LINE('',#4320,#4340);
#4360=CARTESIAN_POINT('',(0.682818999999995,-0.530469000000001,
0.850000000000001));
#4370=VERTEX_POINT('',#4360);
#4380=EDGE_CURVE('',#4370,#4290,#4350,.T.);
#4390=ORIENTED_EDGE('',*,*,#4380,.T.);
#4400=CARTESIAN_POINT('',(0.682818999999993,-0.780469000000018,
0.850000000000001));
#4410=VERTEX_POINT('',#4400);
#4420=EDGE_CURVE('',#4370,#4410,#4110,.T.);
#4430=ORIENTED_EDGE('',*,*,#4420,.F.);
#4440=CARTESIAN_POINT('',(0.682818999999993,-0.78046900000002,8.125));
#4450=DIRECTION('',(1.35913704456489E-30,3.06151588455602E-16,-1.));
#4460=VECTOR('',#4450,1.);
#4470=LINE('',#4440,#4460);
#4480=CARTESIAN_POINT('',(0.682818999999993,-0.780469000000018,1.05));
#4490=VERTEX_POINT('',#4480);
#4500=EDGE_CURVE('',#4490,#4410,#4470,.T.);
#4510=ORIENTED_EDGE('',*,*,#4500,.T.);
#4520=EDGE_CURVE('',#940,#4490,#4270,.T.);
#4530=ORIENTED_EDGE('',*,*,#4520,.T.);
#4540=ORIENTED_EDGE('',*,*,#1330,.T.);
#4550=CARTESIAN_POINT('',(0.682818999999997,0.,0.840000000000003));
#4560=DIRECTION('',(-4.44089209850063E-15,-1.,0.));
#4570=VECTOR('',#4560,1.);
#4580=LINE('',#4550,#4570);
#4590=EDGE_CURVE('',#540,#1260,#4580,.T.);
#4600=ORIENTED_EDGE('',*,*,#4590,.T.);
#4610=ORIENTED_EDGE('',*,*,#550,.T.);
#4620=CARTESIAN_POINT('',(0.682819,0.669531,8.125));
#4630=DIRECTION('',(-1.64214663788065E-47,-3.74915180455534E-33,-1.));
#4640=VECTOR('',#4630,1.);
#4650=LINE('',#4620,#4640);
#4660=CARTESIAN_POINT('',(0.682819,0.669531,1.05));
#4670=VERTEX_POINT('',#4660);
#4680=EDGE_CURVE('',#4670,#460,#4650,.T.);
#4690=ORIENTED_EDGE('',*,*,#4680,.T.);
#4700=EDGE_CURVE('',#4050,#4670,#4270,.T.);
#4710=ORIENTED_EDGE('',*,*,#4700,.T.);
#4720=EDGE_LOOP('',(#4710,#4690,#4610,#4600,#4540,#4530,#4510,#4430,
#4390,#4310,#4230,#4150,#4070));
#4730=FACE_OUTER_BOUND('',#4720,.T.);
#4740=ADVANCED_FACE('',(#4730),#3970,.T.);
#4750=CARTESIAN_POINT('',(0.382819,0.569531000000001,0.840000000000003))
;
#4760=DIRECTION('',(0.,0.,1.));
#4770=DIRECTION('',(5.55111512312578E-16,-1.,0.));
#4780=AXIS2_PLACEMENT_3D('',#4750,#4760,#4770);
#4790=PLANE('',#4780);
#4800=ORIENTED_EDGE('',*,*,#630,.F.);
#4810=ORIENTED_EDGE('',*,*,#4590,.F.);
#4820=ORIENTED_EDGE('',*,*,#1270,.F.);
#4830=ORIENTED_EDGE('',*,*,#3130,.F.);
#4840=EDGE_LOOP('',(#4830,#4820,#4810,#4800));
#4850=FACE_OUTER_BOUND('',#4840,.T.);
#4860=ADVANCED_FACE('',(#4850),#4790,.T.);
#4870=CARTESIAN_POINT('',(-4.1036834,2.169531,2.6));
#4880=DIRECTION('',(5.60976323348313E-18,-0.242535625036333,
-0.970142500145332));
#4890=DIRECTION('',(2.24390529339325E-17,-0.970142500145332,
0.242535625036333));
#4900=AXIS2_PLACEMENT_3D('',#4870,#4880,#4890);
#4910=PLANE('',#4900);
#4920=ORIENTED_EDGE('',*,*,#3880,.F.);
#4930=CARTESIAN_POINT('',(0.708215107865424,-0.372053431461694,
3.23539610786542));
#4940=DIRECTION('',(0.235702260395516,-0.942809041582063,
0.235702260395516));
#4950=VECTOR('',#4940,1.);
#4960=LINE('',#4930,#4950);
#4970=CARTESIAN_POINT('',(0.147819,1.869531,2.675));
#4980=VERTEX_POINT('',#4970);
#4990=EDGE_CURVE('',#3810,#4980,#4960,.T.);
#5000=ORIENTED_EDGE('',*,*,#4990,.F.);
#5010=CARTESIAN_POINT('',(-0.0251477347320566,1.869531,2.675));
#5020=DIRECTION('',(-1.,-2.31296463463574E-17,0.));
#5030=VECTOR('',#5020,1.);
#5040=LINE('',#5010,#5030);
#5050=CARTESIAN_POINT('',(-0.202181,1.869531,2.675));
#5060=VERTEX_POINT('',#5050);
#5070=EDGE_CURVE('',#4980,#5060,#5040,.T.);
#5080=ORIENTED_EDGE('',*,*,#5070,.F.);
#5090=CARTESIAN_POINT('',(-0.762577107865425,-0.372053431461694,
3.23539610786542));
#5100=DIRECTION('',(0.235702260395516,0.942809041582063,
-0.235702260395516));
#5110=VECTOR('',#5100,1.);
#5120=LINE('',#5090,#5110);
#5130=EDGE_CURVE('',#5060,#3720,#5120,.T.);
#5140=ORIENTED_EDGE('',*,*,#5130,.F.);
#5150=EDGE_LOOP('',(#5140,#5080,#5000,#4920));
#5160=FACE_OUTER_BOUND('',#5150,.T.);
#5170=ADVANCED_FACE('',(#5160),#4910,.F.);
#5180=CARTESIAN_POINT('',(-0.0251477347320566,-0.372053431461694,2.675))
;
#5190=DIRECTION('',(0.,0.,1.));
#5200=DIRECTION('',(1.,0.,0.));
#5210=AXIS2_PLACEMENT_3D('',#5180,#5190,#5200);
#5220=PLANE('',#5210);
#5230=CARTESIAN_POINT('',(0.147819,-0.372053431461694,2.675));
#5240=DIRECTION('',(-2.31296463463574E-17,1.,0.));
#5250=VECTOR('',#5240,1.);
#5260=LINE('',#5230,#5250);
#5270=CARTESIAN_POINT('',(0.147819,-0.230469000000001,2.675));
#5280=VERTEX_POINT('',#5270);
#5290=EDGE_CURVE('',#5280,#4980,#5260,.T.);
#5300=ORIENTED_EDGE('',*,*,#5290,.T.);
#5310=CARTESIAN_POINT('',(0.,-0.230469000000001,2.675));
#5320=DIRECTION('',(-1.,0.,0.));
#5330=VECTOR('',#5320,1.);
#5340=LINE('',#5310,#5330);
#5350=CARTESIAN_POINT('',(-0.202181,-0.230469000000001,2.675));
#5360=VERTEX_POINT('',#5350);
#5370=EDGE_CURVE('',#5280,#5360,#5340,.T.);
#5380=ORIENTED_EDGE('',*,*,#5370,.F.);
#5390=CARTESIAN_POINT('',(-0.202181,-0.372053431461694,2.675));
#5400=DIRECTION('',(3.70074341541719E-16,1.,0.));
#5410=VECTOR('',#5400,1.);
#5420=LINE('',#5390,#5410);
#5430=EDGE_CURVE('',#5360,#5060,#5420,.T.);
#5440=ORIENTED_EDGE('',*,*,#5430,.F.);
#5450=ORIENTED_EDGE('',*,*,#5070,.T.);
#5460=EDGE_LOOP('',(#5450,#5440,#5380,#5300));
#5470=FACE_OUTER_BOUND('',#5460,.T.);
#5480=ADVANCED_FACE('',(#5470),#5220,.T.);
#5490=CARTESIAN_POINT('',(-0.0251477347320566,-0.372053431461694,2.325))
;
#5500=DIRECTION('',(0.,0.,1.));
#5510=DIRECTION('',(1.,0.,0.));
#5520=AXIS2_PLACEMENT_3D('',#5490,#5500,#5510);
#5530=PLANE('',#5520);
#5540=CARTESIAN_POINT('',(-0.202181,-0.372053431461694,2.325));
#5550=DIRECTION('',(3.70074341541719E-16,1.,0.));
#5560=VECTOR('',#5550,1.);
#5570=LINE('',#5540,#5560);
#5580=CARTESIAN_POINT('',(-0.202181,-0.230469000000001,2.325));
#5590=VERTEX_POINT('',#5580);
#5600=EDGE_CURVE('',#5590,#2830,#5570,.T.);
#5610=ORIENTED_EDGE('',*,*,#5600,.T.);
#5620=CARTESIAN_POINT('',(0.,-0.230469000000001,2.325));
#5630=DIRECTION('',(-1.,0.,0.));
#5640=VECTOR('',#5630,1.);
#5650=LINE('',#5620,#5640);
#5660=CARTESIAN_POINT('',(0.147819,-0.230469000000001,2.325));
#5670=VERTEX_POINT('',#5660);
#5680=EDGE_CURVE('',#5670,#5590,#5650,.T.);
#5690=ORIENTED_EDGE('',*,*,#5680,.T.);
#5700=CARTESIAN_POINT('',(0.147819,-0.372053431461694,2.325));
#5710=DIRECTION('',(-2.31296463463574E-17,1.,0.));
#5720=VECTOR('',#5710,1.);
#5730=LINE('',#5700,#5720);
#5740=EDGE_CURVE('',#5670,#2910,#5730,.T.);
#5750=ORIENTED_EDGE('',*,*,#5740,.F.);
#5760=ORIENTED_EDGE('',*,*,#2920,.T.);
#5770=EDGE_LOOP('',(#5760,#5750,#5690,#5610));
#5780=FACE_OUTER_BOUND('',#5770,.T.);
#5790=ADVANCED_FACE('',(#5780),#5530,.F.);
#5800=CARTESIAN_POINT('',(-0.202181000000001,-1.680469,2.325));
#5810=DIRECTION('',(-1.,3.70074341541719E-16,0.));
#5820=DIRECTION('',(3.70074341541719E-16,1.,0.));
#5830=AXIS2_PLACEMENT_3D('',#5800,#5810,#5820);
#5840=PLANE('',#5830);
#5850=ORIENTED_EDGE('',*,*,#5600,.F.);
#5860=CARTESIAN_POINT('',(-0.202180999999999,1.869531,2.325));
#5870=DIRECTION('',(0.,0.,-1.));
#5880=VECTOR('',#5870,1.);
#5890=LINE('',#5860,#5880);
#5900=EDGE_CURVE('',#5060,#2830,#5890,.T.);
#5910=ORIENTED_EDGE('',*,*,#5900,.T.);
#5920=ORIENTED_EDGE('',*,*,#5430,.T.);
#5930=CARTESIAN_POINT('',(-0.202181,-0.230469000000001,8.125));
#5940=DIRECTION('',(0.,0.,-1.));
#5950=VECTOR('',#5940,1.);
#5960=LINE('',#5930,#5950);
#5970=EDGE_CURVE('',#5360,#5590,#5960,.T.);
#5980=ORIENTED_EDGE('',*,*,#5970,.F.);
#5990=EDGE_LOOP('',(#5980,#5920,#5910,#5850));
#6000=FACE_OUTER_BOUND('',#5990,.T.);
#6010=ADVANCED_FACE('',(#6000),#5840,.T.);
#6020=CARTESIAN_POINT('',(0.0728189999999997,2.169531,2.325));
#6030=DIRECTION('',(0.970142500145332,0.242535625036333,0.));
#6040=DIRECTION('',(0.242535625036333,-0.970142500145332,0.));
#6050=AXIS2_PLACEMENT_3D('',#6020,#6030,#6040);
#6060=PLANE('',#6050);
#6070=CARTESIAN_POINT('',(0.147819,1.869531,2.325));
#6080=DIRECTION('',(0.,0.,-1.));
#6090=VECTOR('',#6080,1.);
#6100=LINE('',#6070,#6090);
#6110=EDGE_CURVE('',#4980,#2910,#6100,.T.);
#6120=ORIENTED_EDGE('',*,*,#6110,.T.);
#6130=ORIENTED_EDGE('',*,*,#4990,.T.);
#6140=ORIENTED_EDGE('',*,*,#3820,.T.);
#6150=ORIENTED_EDGE('',*,*,#2980,.F.);
#6160=EDGE_LOOP('',(#6150,#6140,#6130,#6120));
#6170=FACE_OUTER_BOUND('',#6160,.T.);
#6180=ADVANCED_FACE('',(#6170),#6060,.T.);
#6190=CARTESIAN_POINT('',(0.147819,1.769531,2.325));
#6200=DIRECTION('',(1.,2.31296463463574E-17,0.));
#6210=DIRECTION('',(2.31296463463574E-17,-1.,0.));
#6220=AXIS2_PLACEMENT_3D('',#6190,#6200,#6210);
#6230=PLANE('',#6220);
#6240=CARTESIAN_POINT('',(0.147819,-0.230469000000001,8.125));
#6250=DIRECTION('',(0.,0.,1.));
#6260=VECTOR('',#6250,1.);
#6270=LINE('',#6240,#6260);
#6280=EDGE_CURVE('',#5670,#5280,#6270,.T.);
#6290=ORIENTED_EDGE('',*,*,#6280,.F.);
#6300=ORIENTED_EDGE('',*,*,#5290,.F.);
#6310=ORIENTED_EDGE('',*,*,#6110,.F.);
#6320=ORIENTED_EDGE('',*,*,#5740,.T.);
#6330=EDGE_LOOP('',(#6320,#6310,#6300,#6290));
#6340=FACE_OUTER_BOUND('',#6330,.T.);
#6350=ADVANCED_FACE('',(#6340),#6230,.T.);
#6360=CARTESIAN_POINT('',(-1.74283400696028,1.469531,5.31548965498549));
#6370=DIRECTION('',(-1.83690953073357E-16,-1.,1.1247455413666E-32));
#6380=DIRECTION('',(-1.,1.83690953073357E-16,6.12303176911189E-17));
#6390=AXIS2_PLACEMENT_3D('',#6360,#6370,#6380);
#6400=PLANE('',#6390);
#6410=CARTESIAN_POINT('',(0.782819000000001,1.469531,5.6));
#6420=DIRECTION('',(-1.83690953073357E-16,-1.,8.83363139618221E-33));
#6430=DIRECTION('',(-1.,1.83690953073357E-16,1.22460635382238E-16));
#6440=AXIS2_PLACEMENT_3D('',#6410,#6420,#6430);
#6450=CIRCLE('',#6440,0.4);
#6460=CARTESIAN_POINT('',(0.782819000000001,1.469531,5.2));
#6470=VERTEX_POINT('',#6460);
#6480=CARTESIAN_POINT('',(1.182819,1.469531,5.6));
#6490=VERTEX_POINT('',#6480);
#6500=EDGE_CURVE('',#6470,#6490,#6450,.T.);
#6510=ORIENTED_EDGE('',*,*,#6500,.F.);
#6520=CARTESIAN_POINT('',(1.182819,1.469531,-9.375));
#6530=DIRECTION('',(-6.12303176911188E-17,-6.16297582203916E-33,-1.));
#6540=VECTOR('',#6530,1.);
#6550=LINE('',#6520,#6540);
#6560=CARTESIAN_POINT('',(1.182819,1.469531,5.7));
#6570=VERTEX_POINT('',#6560);
#6580=EDGE_CURVE('',#6570,#6490,#6550,.T.);
#6590=ORIENTED_EDGE('',*,*,#6580,.T.);
#6600=CARTESIAN_POINT('',(9.70599226479076E-16,1.469531,5.7));
#6610=DIRECTION('',(1.,-1.83690953073357E-16,-6.12303176911189E-17));
#6620=VECTOR('',#6610,1.);
#6630=LINE('',#6600,#6620);
#6640=CARTESIAN_POINT('',(0.982819000000001,1.469531,5.7));
#6650=VERTEX_POINT('',#6640);
#6660=EDGE_CURVE('',#6650,#6570,#6630,.T.);
#6670=ORIENTED_EDGE('',*,*,#6660,.T.);
#6680=CARTESIAN_POINT('',(0.982819,1.469531,-9.375));
#6690=DIRECTION('',(6.12303176911188E-17,6.16297582203916E-33,1.));
#6700=VECTOR('',#6690,1.);
#6710=LINE('',#6680,#6700);
#6720=CARTESIAN_POINT('',(0.982819000000001,1.469531,5.6));
#6730=VERTEX_POINT('',#6720);
#6740=EDGE_CURVE('',#6730,#6650,#6710,.T.);
#6750=ORIENTED_EDGE('',*,*,#6740,.T.);
#6760=CARTESIAN_POINT('',(0.782819000000001,1.469531,5.6));
#6770=DIRECTION('',(1.83690953073357E-16,1.,-8.83363139618221E-33));
#6780=DIRECTION('',(1.,-1.83690953073357E-16,-1.22460635382238E-16));
#6790=AXIS2_PLACEMENT_3D('',#6760,#6770,#6780);
#6800=CIRCLE('',#6790,0.2);
#6810=CARTESIAN_POINT('',(0.782819000000001,1.469531,5.4));
#6820=VERTEX_POINT('',#6810);
#6830=EDGE_CURVE('',#6730,#6820,#6800,.T.);
#6840=ORIENTED_EDGE('',*,*,#6830,.F.);
#6850=CARTESIAN_POINT('',(9.33861035864405E-16,1.469531,5.4));
#6860=DIRECTION('',(1.,-1.83690953073357E-16,-6.12303176911189E-17));
#6870=VECTOR('',#6860,1.);
#6880=LINE('',#6850,#6870);
#6890=CARTESIAN_POINT('',(-1.817181,1.469531,5.4));
#6900=VERTEX_POINT('',#6890);
#6910=EDGE_CURVE('',#6900,#6820,#6880,.T.);
#6920=ORIENTED_EDGE('',*,*,#6910,.T.);
#6930=CARTESIAN_POINT('',(-1.817181,1.469531,5.6));
#6940=DIRECTION('',(-1.83690953073357E-16,-1.,8.83363139618221E-33));
#6950=DIRECTION('',(-1.,1.83690953073357E-16,1.22460635382238E-16));
#6960=AXIS2_PLACEMENT_3D('',#6930,#6940,#6950);
#6970=CIRCLE('',#6960,0.2);
#6980=CARTESIAN_POINT('',(-2.017181,1.469531,5.6));
#6990=VERTEX_POINT('',#6980);
#7000=EDGE_CURVE('',#6990,#6900,#6970,.T.);
#7010=ORIENTED_EDGE('',*,*,#7000,.T.);
#7020=CARTESIAN_POINT('',(-2.017181,1.469531,-9.375));
#7030=DIRECTION('',(-6.12303176911188E-17,-6.16297582203916E-33,-1.));
#7040=VECTOR('',#7030,1.);
#7050=LINE('',#7020,#7040);
#7060=CARTESIAN_POINT('',(-2.017181,1.469531,5.7));
#7070=VERTEX_POINT('',#7060);
#7080=EDGE_CURVE('',#7070,#6990,#7050,.T.);
#7090=ORIENTED_EDGE('',*,*,#7080,.T.);
#7100=CARTESIAN_POINT('',(9.70599226479076E-16,1.469531,5.7));
#7110=DIRECTION('',(1.,-1.83690953073357E-16,-6.12303176911189E-17));
#7120=VECTOR('',#7110,1.);
#7130=LINE('',#7100,#7120);
#7140=CARTESIAN_POINT('',(-2.217181,1.469531,5.7));
#7150=VERTEX_POINT('',#7140);
#7160=EDGE_CURVE('',#7150,#7070,#7130,.T.);
#7170=ORIENTED_EDGE('',*,*,#7160,.T.);
#7180=CARTESIAN_POINT('',(-2.217181,1.469531,-9.375));
#7190=DIRECTION('',(6.12303176911188E-17,6.16297582203916E-33,1.));
#7200=VECTOR('',#7190,1.);
#7210=LINE('',#7180,#7200);
#7220=CARTESIAN_POINT('',(-2.217181,1.469531,5.6));
#7230=VERTEX_POINT('',#7220);
#7240=EDGE_CURVE('',#7230,#7150,#7210,.T.);
#7250=ORIENTED_EDGE('',*,*,#7240,.T.);
#7260=CARTESIAN_POINT('',(-1.817181,1.469531,5.6));
#7270=DIRECTION('',(1.83690953073357E-16,1.,-8.83363139618221E-33));
#7280=DIRECTION('',(1.,-1.83690953073357E-16,-1.22460635382238E-16));
#7290=AXIS2_PLACEMENT_3D('',#7260,#7270,#7280);
#7300=CIRCLE('',#7290,0.4);
#7310=CARTESIAN_POINT('',(-1.817181,1.469531,5.2));
#7320=VERTEX_POINT('',#7310);
#7330=EDGE_CURVE('',#7320,#7230,#7300,.T.);
#7340=ORIENTED_EDGE('',*,*,#7330,.T.);
#7350=CARTESIAN_POINT('',(0.,1.469531,5.2));
#7360=DIRECTION('',(-1.,1.83690953073357E-16,0.));
#7370=VECTOR('',#7360,1.);
#7380=LINE('',#7350,#7370);
#7390=EDGE_CURVE('',#6470,#7320,#7380,.T.);
#7400=ORIENTED_EDGE('',*,*,#7390,.T.);
#7410=EDGE_LOOP('',(#7400,#7340,#7250,#7170,#7090,#7010,#6920,#6840,
#6750,#6670,#6590,#6510));
#7420=FACE_OUTER_BOUND('',#7410,.T.);
#7430=ADVANCED_FACE('',(#7420),#6400,.F.);
#7440=CARTESIAN_POINT('',(1.182819,-0.657229038269148,18.9891723024965))
;
#7450=DIRECTION('',(-1.,0.,0.));
#7460=DIRECTION('',(0.,1.,0.));
#7470=AXIS2_PLACEMENT_3D('',#7440,#7450,#7460);
#7480=PLANE('',#7470);
#7490=CARTESIAN_POINT('',(1.182819,-4.44089209850063E-16,3.574));
#7500=DIRECTION('',(0.,1.,0.));
#7510=VECTOR('',#7500,1.);
#7520=LINE('',#7490,#7510);
#7530=CARTESIAN_POINT('',(1.182819,-2.030469,3.574));
#7540=VERTEX_POINT('',#7530);
#7550=CARTESIAN_POINT('',(1.182819,-1.530469,3.574));
#7560=VERTEX_POINT('',#7550);
#7570=EDGE_CURVE('',#7540,#7560,#7520,.T.);
#7580=ORIENTED_EDGE('',*,*,#7570,.F.);
#7590=CARTESIAN_POINT('',(1.182819,-1.530469,4.375));
#7600=DIRECTION('',(0.,0.,-1.));
#7610=VECTOR('',#7600,1.);
#7620=LINE('',#7590,#7610);
#7630=CARTESIAN_POINT('',(1.182819,-1.530469,3.926));
#7640=VERTEX_POINT('',#7630);
#7650=EDGE_CURVE('',#7640,#7560,#7620,.T.);
#7660=ORIENTED_EDGE('',*,*,#7650,.T.);
#7670=CARTESIAN_POINT('',(1.182819,-4.44089209850063E-16,3.926));
#7680=DIRECTION('',(0.,-1.,0.));
#7690=VECTOR('',#7680,1.);
#7700=LINE('',#7670,#7690);
#7710=CARTESIAN_POINT('',(1.182819,-2.030469,3.926));
#7720=VERTEX_POINT('',#7710);
#7730=EDGE_CURVE('',#7640,#7720,#7700,.T.);
#7740=ORIENTED_EDGE('',*,*,#7730,.F.);
#7750=CARTESIAN_POINT('',(1.182819,-2.030469,4.7));
#7760=DIRECTION('',(0.,0.,1.));
#7770=VECTOR('',#7760,1.);
#7780=LINE('',#7750,#7770);
#7790=CARTESIAN_POINT('',(1.182819,-2.030469,4.8));
#7800=VERTEX_POINT('',#7790);
#7810=EDGE_CURVE('',#7720,#7800,#7780,.T.);
#7820=ORIENTED_EDGE('',*,*,#7810,.F.);
#7830=CARTESIAN_POINT('',(1.182819,-2.030469,5.2));
#7840=VERTEX_POINT('',#7830);
#7850=EDGE_CURVE('',#7800,#7840,#7780,.T.);
#7860=ORIENTED_EDGE('',*,*,#7850,.F.);
#7870=CARTESIAN_POINT('',(1.182819,-4.44089209850063E-16,5.2));
#7880=DIRECTION('',(0.,1.,0.));
#7890=VECTOR('',#7880,1.);
#7900=LINE('',#7870,#7890);
#7910=CARTESIAN_POINT('',(1.182819,-1.330469,5.2));
#7920=VERTEX_POINT('',#7910);
#7930=EDGE_CURVE('',#7840,#7920,#7900,.T.);
#7940=ORIENTED_EDGE('',*,*,#7930,.F.);
#7950=CARTESIAN_POINT('',(1.182819,-1.330469,5.2));
#7960=DIRECTION('',(0.,0.,1.));
#7970=VECTOR('',#7960,1.);
#7980=LINE('',#7950,#7970);
#7990=CARTESIAN_POINT('',(1.182819,-1.330469,5.95));
#8000=VERTEX_POINT('',#7990);
#8010=EDGE_CURVE('',#7920,#8000,#7980,.T.);
#8020=ORIENTED_EDGE('',*,*,#8010,.F.);
#8030=CARTESIAN_POINT('',(1.182819,-4.44089209850063E-16,5.95));
#8040=DIRECTION('',(0.,1.,0.));
#8050=VECTOR('',#8040,1.);
#8060=LINE('',#8030,#8050);
#8070=CARTESIAN_POINT('',(1.182819,0.669531,5.95));
#8080=VERTEX_POINT('',#8070);
#8090=EDGE_CURVE('',#8000,#8080,#8060,.T.);
#8100=ORIENTED_EDGE('',*,*,#8090,.F.);
#8110=CARTESIAN_POINT('',(1.182819,0.669531,5.2));
#8120=DIRECTION('',(0.,0.,1.));
#8130=VECTOR('',#8120,1.);
#8140=LINE('',#8110,#8130);
#8150=CARTESIAN_POINT('',(1.182819,0.669531,5.7));
#8160=VERTEX_POINT('',#8150);
#8170=EDGE_CURVE('',#8160,#8080,#8140,.T.);
#8180=ORIENTED_EDGE('',*,*,#8170,.T.);
#8190=CARTESIAN_POINT('',(1.182819,1.469531,5.7));
#8200=DIRECTION('',(-1.83690953073357E-16,-1.,1.49966072182214E-32));
#8210=VECTOR('',#8200,1.);
#8220=LINE('',#8190,#8210);
#8230=EDGE_CURVE('',#6570,#8160,#8220,.T.);
#8240=ORIENTED_EDGE('',*,*,#8230,.T.);
#8250=ORIENTED_EDGE('',*,*,#6580,.F.);
#8260=CARTESIAN_POINT('',(1.182819,-1.69340893358631E-16,5.6));
#8270=DIRECTION('',(-1.83690953073357E-16,-1.,8.83363139618221E-33));
#8280=VECTOR('',#8270,1.);
#8290=LINE('',#8260,#8280);
#8300=CARTESIAN_POINT('',(1.182819,0.669531,5.6));
#8310=VERTEX_POINT('',#8300);
#8320=EDGE_CURVE('',#6490,#8310,#8290,.T.);
#8330=ORIENTED_EDGE('',*,*,#8320,.F.);
#8340=CARTESIAN_POINT('',(1.182819,0.669531,5.2));
#8350=VERTEX_POINT('',#8340);
#8360=EDGE_CURVE('',#8350,#8310,#8140,.T.);
#8370=ORIENTED_EDGE('',*,*,#8360,.T.);
#8380=CARTESIAN_POINT('',(1.182819,2.769531,5.2));
#8390=VERTEX_POINT('',#8380);
#8400=EDGE_CURVE('',#8350,#8390,#7900,.T.);
#8410=ORIENTED_EDGE('',*,*,#8400,.F.);
#8420=CARTESIAN_POINT('',(1.182819,2.769531,-8.125));
#8430=DIRECTION('',(0.,0.,-1.));
#8440=VECTOR('',#8430,1.);
#8450=LINE('',#8420,#8440);
#8460=CARTESIAN_POINT('',(1.182819,2.769531,1.05));
#8470=VERTEX_POINT('',#8460);
#8480=EDGE_CURVE('',#8390,#8470,#8450,.T.);
#8490=ORIENTED_EDGE('',*,*,#8480,.F.);
#8500=CARTESIAN_POINT('',(1.182819,1.44848766282183E-16,1.05));
#8510=DIRECTION('',(-1.22460635382238E-16,1.,0.));
#8520=VECTOR('',#8510,1.);
#8530=LINE('',#8500,#8520);
#8540=CARTESIAN_POINT('',(1.182819,0.669531,1.05));
#8550=VERTEX_POINT('',#8540);
#8560=EDGE_CURVE('',#8550,#8470,#8530,.T.);
#8570=ORIENTED_EDGE('',*,*,#8560,.T.);
#8580=CARTESIAN_POINT('',(1.182819,0.669531000000001,0.649999999999999))
;
#8590=VERTEX_POINT('',#8580);
#8600=EDGE_CURVE('',#8550,#8590,#90,.T.);
#8610=ORIENTED_EDGE('',*,*,#8600,.F.);
#8620=CARTESIAN_POINT('',(1.182819,-2.44921270764475E-17,
0.649999999999999));
#8630=DIRECTION('',(-6.12303176911189E-17,-1.,6.16297582203916E-33));
#8640=VECTOR('',#8630,1.);
#8650=LINE('',#8620,#8640);
#8660=CARTESIAN_POINT('',(1.182819,1.469531,0.649999999999999));
#8670=VERTEX_POINT('',#8660);
#8680=EDGE_CURVE('',#8670,#8590,#8650,.T.);
#8690=ORIENTED_EDGE('',*,*,#8680,.T.);
#8700=CARTESIAN_POINT('',(1.182819,1.469531,15.625));
#8710=DIRECTION('',(6.12303176911189E-17,-6.16297582203916E-33,1.));
#8720=VECTOR('',#8710,1.);
#8730=LINE('',#8700,#8720);
#8740=CARTESIAN_POINT('',(1.182819,1.469531,0.549999999999997));
#8750=VERTEX_POINT('',#8740);
#8760=EDGE_CURVE('',#8750,#8670,#8730,.T.);
#8770=ORIENTED_EDGE('',*,*,#8760,.T.);
#8780=CARTESIAN_POINT('',(1.182819,1.469531,0.549999999999997));
#8790=DIRECTION('',(-6.12303176911188E-17,-1.,0.));
#8800=VECTOR('',#8790,1.);
#8810=LINE('',#8780,#8800);
#8820=EDGE_CURVE('',#8750,#110,#8810,.T.);
#8830=ORIENTED_EDGE('',*,*,#8820,.F.);
#8840=ORIENTED_EDGE('',*,*,#140,.F.);
#8850=CARTESIAN_POINT('',(1.182819,1.44848766282183E-16,
0.300000000000002));
#8860=DIRECTION('',(-1.22460635382238E-16,1.,0.));
#8870=VECTOR('',#8860,1.);
#8880=LINE('',#8850,#8870);
#8890=EDGE_CURVE('',#1020,#130,#8880,.T.);
#8900=ORIENTED_EDGE('',*,*,#8890,.T.);
#8910=ORIENTED_EDGE('',*,*,#1030,.T.);
#8920=CARTESIAN_POINT('',(1.182819,-2.030469,1.05));
#8930=VERTEX_POINT('',#8920);
#8940=EDGE_CURVE('',#8930,#920,#8530,.T.);
#8950=ORIENTED_EDGE('',*,*,#8940,.T.);
#8960=CARTESIAN_POINT('',(1.182819,-2.030469,1.55));
#8970=DIRECTION('',(0.,0.,-1.));
#8980=VECTOR('',#8970,1.);
#8990=LINE('',#8960,#8980);
#9000=EDGE_CURVE('',#3350,#8930,#8990,.T.);
#9010=ORIENTED_EDGE('',*,*,#9000,.T.);
#9020=CARTESIAN_POINT('',(1.182819,-2.030469,2.324));
#9030=VERTEX_POINT('',#9020);
#9040=EDGE_CURVE('',#9030,#3350,#8990,.T.);
#9050=ORIENTED_EDGE('',*,*,#9040,.T.);
#9060=CARTESIAN_POINT('',(1.182819,1.44848766282183E-16,2.324));
#9070=DIRECTION('',(1.22460635382238E-16,-1.,0.));
#9080=VECTOR('',#9070,1.);
#9090=LINE('',#9060,#9080);
#9100=CARTESIAN_POINT('',(1.182819,-1.530469,2.324));
#9110=VERTEX_POINT('',#9100);
#9120=EDGE_CURVE('',#9110,#9030,#9090,.T.);
#9130=ORIENTED_EDGE('',*,*,#9120,.T.);
#9140=CARTESIAN_POINT('',(1.182819,-1.530469,1.875));
#9150=DIRECTION('',(0.,0.,1.));
#9160=VECTOR('',#9150,1.);
#9170=LINE('',#9140,#9160);
#9180=CARTESIAN_POINT('',(1.182819,-1.530469,2.676));
#9190=VERTEX_POINT('',#9180);
#9200=EDGE_CURVE('',#9110,#9190,#9170,.T.);
#9210=ORIENTED_EDGE('',*,*,#9200,.F.);
#9220=CARTESIAN_POINT('',(1.182819,1.44848766282183E-16,2.676));
#9230=DIRECTION('',(-1.22460635382238E-16,1.,0.));
#9240=VECTOR('',#9230,1.);
#9250=LINE('',#9220,#9240);
#9260=CARTESIAN_POINT('',(1.182819,-2.030469,2.676));
#9270=VERTEX_POINT('',#9260);
#9280=EDGE_CURVE('',#9270,#9190,#9250,.T.);
#9290=ORIENTED_EDGE('',*,*,#9280,.T.);
#9300=CARTESIAN_POINT('',(1.182819,-2.030469,3.574));
#9310=DIRECTION('',(0.,0.,-1.));
#9320=VECTOR('',#9310,1.);
#9330=LINE('',#9300,#9320);
#9340=EDGE_CURVE('',#7540,#9270,#9330,.T.);
#9350=ORIENTED_EDGE('',*,*,#9340,.T.);
#9360=EDGE_LOOP('',(#9350,#9290,#9210,#9130,#9050,#9010,#8950,#8910,
#8900,#8840,#8830,#8770,#8690,#8610,#8570,#8490,#8410,#8370,#8330,#8250,
#8240,#8180,#8100,#8020,#7940,#7860,#7820,#7740,#7660,#7580));
#9370=FACE_OUTER_BOUND('',#9360,.T.);
#9380=ADVANCED_FACE('',(#9370),#7480,.F.);
#9390=CARTESIAN_POINT('',(-0.202181,1.869531,2.325));
#9400=DIRECTION('',(-0.970142500145332,0.242535625036333,0.));
#9410=DIRECTION('',(0.242535625036333,0.970142500145332,0.));
#9420=AXIS2_PLACEMENT_3D('',#9390,#9400,#9410);
#9430=PLANE('',#9420);
#9440=ORIENTED_EDGE('',*,*,#5900,.F.);
#9450=ORIENTED_EDGE('',*,*,#2840,.F.);
#9460=ORIENTED_EDGE('',*,*,#3730,.T.);
#9470=ORIENTED_EDGE('',*,*,#5130,.T.);
#9480=EDGE_LOOP('',(#9470,#9460,#9450,#9440));
#9490=FACE_OUTER_BOUND('',#9480,.T.);
#9500=ADVANCED_FACE('',(#9490),#9430,.T.);
#9510=ORIENTED_EDGE('',*,*,#8600,.T.);
#9520=CARTESIAN_POINT('',(-2.48524645361879E-16,0.669531,1.05));
#9530=DIRECTION('',(1.,1.22460635382238E-16,0.));
#9540=VECTOR('',#9530,1.);
#9550=LINE('',#9520,#9540);
#9560=CARTESIAN_POINT('',(0.782818999999997,0.669531000000001,1.05));
#9570=VERTEX_POINT('',#9560);
#9580=EDGE_CURVE('',#9570,#8550,#9550,.T.);
#9590=ORIENTED_EDGE('',*,*,#9580,.T.);
#9600=CARTESIAN_POINT('',(0.782818999999997,0.669531000000001,
0.649999999999999));
#9610=DIRECTION('',(6.12303176911189E-17,1.,-6.16297582203916E-33));
#9620=DIRECTION('',(-1.,6.12303176911189E-17,0.));
#9630=AXIS2_PLACEMENT_3D('',#9600,#9610,#9620);
#9640=CIRCLE('',#9630,0.4);
#9650=EDGE_CURVE('',#9570,#8590,#9640,.T.);
#9660=ORIENTED_EDGE('',*,*,#9650,.F.);
#9670=EDGE_LOOP('',(#9660,#9590,#9510));
#9680=FACE_OUTER_BOUND('',#9670,.T.);
#9690=ADVANCED_FACE('',(#9680),#50,.T.);
#9700=CARTESIAN_POINT('',(1.182819,-2.030469,2.676));
#9710=DIRECTION('',(0.,1.,0.));
#9720=DIRECTION('',(0.,0.,-1.));
#9730=AXIS2_PLACEMENT_3D('',#9700,#9710,#9720);
#9740=PLANE('',#9730);
#9750=ORIENTED_EDGE('',*,*,#9340,.F.);
#9760=CARTESIAN_POINT('',(1.182819,-2.030469,2.676));
#9770=DIRECTION('',(-1.,-1.22460635382238E-16,0.));
#9780=VECTOR('',#9770,1.);
#9790=LINE('',#9760,#9780);
#9800=CARTESIAN_POINT('',(-1.017181,-2.030469,2.676));
#9810=VERTEX_POINT('',#9800);
#9820=EDGE_CURVE('',#9270,#9810,#9790,.T.);
#9830=ORIENTED_EDGE('',*,*,#9820,.F.);
#9840=CARTESIAN_POINT('',(-1.017181,-2.030469,6.25));
#9850=DIRECTION('',(0.,0.,1.));
#9860=VECTOR('',#9850,1.);
#9870=LINE('',#9840,#9860);
#9880=CARTESIAN_POINT('',(-1.017181,-2.030469,3.574));
#9890=VERTEX_POINT('',#9880);
#9900=EDGE_CURVE('',#9810,#9890,#9870,.T.);
#9910=ORIENTED_EDGE('',*,*,#9900,.F.);
#9920=CARTESIAN_POINT('',(1.182819,-2.030469,3.574));
#9930=DIRECTION('',(-1.,0.,0.));
#9940=VECTOR('',#9930,1.);
#9950=LINE('',#9920,#9940);
#9960=EDGE_CURVE('',#7540,#9890,#9950,.T.);
#9970=ORIENTED_EDGE('',*,*,#9960,.T.);
#9980=EDGE_LOOP('',(#9970,#9910,#9830,#9750));
#9990=FACE_OUTER_BOUND('',#9980,.T.);
#10000=ADVANCED_FACE('',(#9990),#9740,.F.);
#10010=CARTESIAN_POINT('',(-1.84588285473123,-0.230469000000001,
3.05239538371849));
#10020=DIRECTION('',(0.,-1.,0.));
#10030=DIRECTION('',(-1.,0.,0.));
#10040=AXIS2_PLACEMENT_3D('',#10010,#10020,#10030);
#10050=PLANE('',#10040);
#10060=CARTESIAN_POINT('',(-1.66533453693773E-16,-0.230469000000001,4.7)
);
#10070=DIRECTION('',(1.,0.,0.));
#10080=VECTOR('',#10070,1.);
#10090=LINE('',#10060,#10080);
#10100=CARTESIAN_POINT('',(0.782818999999999,-0.230469000000001,4.7));
#10110=VERTEX_POINT('',#10100);
#10120=EDGE_CURVE('',#1480,#10110,#10090,.T.);
#10130=ORIENTED_EDGE('',*,*,#10120,.T.);
#10140=ORIENTED_EDGE('',*,*,#2050,.F.);
#10150=CARTESIAN_POINT('',(-1.38310073517865E-16,-0.230469,1.55));
#10160=DIRECTION('',(1.,1.22460635382238E-16,0.));
#10170=VECTOR('',#10160,1.);
#10180=LINE('',#10150,#10170);
#10190=CARTESIAN_POINT('',(0.782818999999999,-0.230469,1.55));
#10200=VERTEX_POINT('',#10190);
#10210=EDGE_CURVE('',#1980,#10200,#10180,.T.);
#10220=ORIENTED_EDGE('',*,*,#10210,.F.);
#10230=CARTESIAN_POINT('',(0.782819,-0.230469,9.2499976));
#10240=DIRECTION('',(0.,0.,1.));
#10250=VECTOR('',#10240,1.);
#10260=LINE('',#10230,#10250);
#10270=EDGE_CURVE('',#10200,#10110,#10260,.T.);
#10280=ORIENTED_EDGE('',*,*,#10270,.F.);
#10290=EDGE_LOOP('',(#10280,#10220,#10140,#10130));
#10300=FACE_OUTER_BOUND('',#10290,.T.);
#10310=CARTESIAN_POINT('',(0.,-0.230469000000001,3.575));
#10320=DIRECTION('',(-1.,0.,0.));
#10330=VECTOR('',#10320,1.);
#10340=LINE('',#10310,#10330);
#10350=CARTESIAN_POINT('',(0.147819,-0.230469000000001,3.575));
#10360=VERTEX_POINT('',#10350);
#10370=CARTESIAN_POINT('',(-0.202181,-0.230469000000001,3.575));
#10380=VERTEX_POINT('',#10370);
#10390=EDGE_CURVE('',#10360,#10380,#10340,.T.);
#10400=ORIENTED_EDGE('',*,*,#10390,.F.);
#10410=CARTESIAN_POINT('',(-0.202181,-0.230469000000001,-8.125));
#10420=DIRECTION('',(0.,0.,-1.));
#10430=VECTOR('',#10420,1.);
#10440=LINE('',#10410,#10430);
#10450=CARTESIAN_POINT('',(-0.202181,-0.230469000000001,3.925));
#10460=VERTEX_POINT('',#10450);
#10470=EDGE_CURVE('',#10460,#10380,#10440,.T.);
#10480=ORIENTED_EDGE('',*,*,#10470,.T.);
#10490=CARTESIAN_POINT('',(0.,-0.230469000000001,3.925));
#10500=DIRECTION('',(-1.,0.,0.));
#10510=VECTOR('',#10500,1.);
#10520=LINE('',#10490,#10510);
#10530=CARTESIAN_POINT('',(0.147819,-0.230469000000001,3.925));
#10540=VERTEX_POINT('',#10530);
#10550=EDGE_CURVE('',#10540,#10460,#10520,.T.);
#10560=ORIENTED_EDGE('',*,*,#10550,.T.);
#10570=CARTESIAN_POINT('',(0.147819,-0.230469000000001,-8.125));
#10580=DIRECTION('',(0.,0.,1.));
#10590=VECTOR('',#10580,1.);
#10600=LINE('',#10570,#10590);
#10610=EDGE_CURVE('',#10360,#10540,#10600,.T.);
#10620=ORIENTED_EDGE('',*,*,#10610,.T.);
#10630=EDGE_LOOP('',(#10620,#10560,#10480,#10400));
#10640=FACE_BOUND('',#10630,.T.);
#10650=ORIENTED_EDGE('',*,*,#5680,.F.);
#10660=ORIENTED_EDGE('',*,*,#5970,.T.);
#10670=ORIENTED_EDGE('',*,*,#5370,.T.);
#10680=ORIENTED_EDGE('',*,*,#6280,.T.);
#10690=EDGE_LOOP('',(#10680,#10670,#10660,#10650));
#10700=FACE_BOUND('',#10690,.T.);
#10710=ADVANCED_FACE('',(#10300,#10640,#10700),#10050,.F.);
#10720=CARTESIAN_POINT('',(0.147819,1.769531,3.575));
#10730=DIRECTION('',(1.,2.31296463463574E-17,0.));
#10740=DIRECTION('',(2.31296463463574E-17,-1.,0.));
#10750=AXIS2_PLACEMENT_3D('',#10720,#10730,#10740);
#10760=PLANE('',#10750);
#10770=ORIENTED_EDGE('',*,*,#10610,.F.);
#10780=CARTESIAN_POINT('',(0.147819,-0.372053431461694,3.925));
#10790=DIRECTION('',(-2.31296463463574E-17,1.,0.));
#10800=VECTOR('',#10790,1.);
#10810=LINE('',#10780,#10800);
#10820=CARTESIAN_POINT('',(0.147819,1.869531,3.925));
#10830=VERTEX_POINT('',#10820);
#10840=EDGE_CURVE('',#10540,#10830,#10810,.T.);
#10850=ORIENTED_EDGE('',*,*,#10840,.F.);
#10860=CARTESIAN_POINT('',(0.147819,1.869531,3.575));
#10870=DIRECTION('',(0.,0.,-1.));
#10880=VECTOR('',#10870,1.);
#10890=LINE('',#10860,#10880);
#10900=CARTESIAN_POINT('',(0.147819,1.869531,3.575));
#10910=VERTEX_POINT('',#10900);
#10920=EDGE_CURVE('',#10830,#10910,#10890,.T.);
#10930=ORIENTED_EDGE('',*,*,#10920,.F.);
#10940=CARTESIAN_POINT('',(0.147819,-0.372053431461694,3.575));
#10950=DIRECTION('',(-2.31296463463574E-17,1.,0.));
#10960=VECTOR('',#10950,1.);
#10970=LINE('',#10940,#10960);
#10980=EDGE_CURVE('',#10360,#10910,#10970,.T.);
#10990=ORIENTED_EDGE('',*,*,#10980,.T.);
#11000=EDGE_LOOP('',(#10990,#10930,#10850,#10770));
#11010=FACE_OUTER_BOUND('',#11000,.T.);
#11020=ADVANCED_FACE('',(#11010),#10760,.T.);
#11030=CARTESIAN_POINT('',(-4.1036834,1.869531,3.575));
#11040=DIRECTION('',(5.60976323348313E-18,-0.242535625036333,
0.970142500145332));
#11050=DIRECTION('',(-2.24390529339325E-17,0.970142500145332,
0.242535625036333));
#11060=AXIS2_PLACEMENT_3D('',#11030,#11040,#11050);
#11070=PLANE('',#11060);
#11080=CARTESIAN_POINT('',(-0.0251477347320566,2.169531,3.65));
#11090=DIRECTION('',(1.,0.,-5.78241158658935E-18));
#11100=VECTOR('',#11090,1.);
#11110=LINE('',#11080,#11100);
#11120=CARTESIAN_POINT('',(-0.127180999999999,2.169531,3.65));
#11130=VERTEX_POINT('',#11120);
#11140=CARTESIAN_POINT('',(0.0728189999999996,2.169531,3.65));
#11150=VERTEX_POINT('',#11140);
#11160=EDGE_CURVE('',#11130,#11150,#11110,.T.);
#11170=ORIENTED_EDGE('',*,*,#11160,.T.);
#11180=CARTESIAN_POINT('',(-0.762577107865425,-0.372053431461694,
3.01460389213458));
#11190=DIRECTION('',(0.235702260395516,0.942809041582063,
0.235702260395516));
#11200=VECTOR('',#11190,1.);
#11210=LINE('',#11180,#11200);
#11220=CARTESIAN_POINT('',(-0.202181,1.869531,3.575));
#11230=VERTEX_POINT('',#11220);
#11240=EDGE_CURVE('',#11230,#11130,#11210,.T.);
#11250=ORIENTED_EDGE('',*,*,#11240,.T.);
#11260=CARTESIAN_POINT('',(-0.0251477347320566,1.869531,3.575));
#11270=DIRECTION('',(1.,2.31296463463574E-17,0.));
#11280=VECTOR('',#11270,1.);
#11290=LINE('',#11260,#11280);
#11300=EDGE_CURVE('',#11230,#10910,#11290,.T.);
#11310=ORIENTED_EDGE('',*,*,#11300,.F.);
#11320=CARTESIAN_POINT('',(0.708215107865424,-0.372053431461694,
3.01460389213458));
#11330=DIRECTION('',(0.235702260395516,-0.942809041582063,
-0.235702260395516));
#11340=VECTOR('',#11330,1.);
#11350=LINE('',#11320,#11340);
#11360=EDGE_CURVE('',#11150,#10910,#11350,.T.);
#11370=ORIENTED_EDGE('',*,*,#11360,.T.);
#11380=EDGE_LOOP('',(#11370,#11310,#11250,#11170));
#11390=FACE_OUTER_BOUND('',#11380,.T.);
#11400=ADVANCED_FACE('',(#11390),#11070,.F.);
#11410=CARTESIAN_POINT('',(-0.127180999999999,2.169531,3.575));
#11420=DIRECTION('',(0.,1.,0.));
#11430=DIRECTION('',(1.,0.,0.));
#11440=AXIS2_PLACEMENT_3D('',#11410,#11420,#11430);
#11450=PLANE('',#11440);
#11460=CARTESIAN_POINT('',(-0.127180999999999,2.169531,3.575));
#11470=DIRECTION('',(0.,0.,-1.));
#11480=VECTOR('',#11470,1.);
#11490=LINE('',#11460,#11480);
#11500=CARTESIAN_POINT('',(-0.127180999999999,2.169531,3.85));
#11510=VERTEX_POINT('',#11500);
#11520=EDGE_CURVE('',#11510,#11130,#11490,.T.);
#11530=ORIENTED_EDGE('',*,*,#11520,.F.);
#11540=ORIENTED_EDGE('',*,*,#11160,.F.);
#11550=CARTESIAN_POINT('',(0.0728189999999998,2.169531,3.575));
#11560=DIRECTION('',(0.,0.,1.));
#11570=VECTOR('',#11560,1.);
#11580=LINE('',#11550,#11570);
#11590=CARTESIAN_POINT('',(0.0728189999999998,2.169531,3.85));
#11600=VERTEX_POINT('',#11590);
#11610=EDGE_CURVE('',#11150,#11600,#11580,.T.);
#11620=ORIENTED_EDGE('',*,*,#11610,.F.);
#11630=CARTESIAN_POINT('',(-0.0251477347320566,2.169531,3.85));
#11640=DIRECTION('',(1.,0.,5.78241158658935E-18));
#11650=VECTOR('',#11640,1.);
#11660=LINE('',#11630,#11650);
#11670=EDGE_CURVE('',#11510,#11600,#11660,.T.);
#11680=ORIENTED_EDGE('',*,*,#11670,.T.);
#11690=EDGE_LOOP('',(#11680,#11620,#11540,#11530));
#11700=FACE_OUTER_BOUND('',#11690,.T.);
#11710=ADVANCED_FACE('',(#11700),#11450,.T.);
#11720=CARTESIAN_POINT('',(0.0728189999999997,2.169531,3.575));
#11730=DIRECTION('',(0.970142500145332,0.242535625036333,0.));
#11740=DIRECTION('',(0.242535625036333,-0.970142500145332,0.));
#11750=AXIS2_PLACEMENT_3D('',#11720,#11730,#11740);
#11760=PLANE('',#11750);
#11770=ORIENTED_EDGE('',*,*,#10920,.T.);
#11780=CARTESIAN_POINT('',(0.708215107865424,-0.372053431461694,
4.48539610786542));
#11790=DIRECTION('',(0.235702260395516,-0.942809041582063,
0.235702260395516));
#11800=VECTOR('',#11790,1.);
#11810=LINE('',#11780,#11800);
#11820=EDGE_CURVE('',#11600,#10830,#11810,.T.);
#11830=ORIENTED_EDGE('',*,*,#11820,.T.);
#11840=ORIENTED_EDGE('',*,*,#11610,.T.);
#11850=ORIENTED_EDGE('',*,*,#11360,.F.);
#11860=EDGE_LOOP('',(#11850,#11840,#11830,#11770));
#11870=FACE_OUTER_BOUND('',#11860,.T.);
#11880=ADVANCED_FACE('',(#11870),#11760,.T.);
#11890=CARTESIAN_POINT('',(-4.1036834,2.169531,3.85));
#11900=DIRECTION('',(5.60976323348313E-18,-0.242535625036333,
-0.970142500145332));
#11910=DIRECTION('',(2.24390529339325E-17,-0.970142500145332,
0.242535625036333));
#11920=AXIS2_PLACEMENT_3D('',#11890,#11900,#11910);
#11930=PLANE('',#11920);
#11940=ORIENTED_EDGE('',*,*,#11670,.F.);
#11950=ORIENTED_EDGE('',*,*,#11820,.F.);
#11960=CARTESIAN_POINT('',(-0.0251477347320566,1.869531,3.925));
#11970=DIRECTION('',(-1.,-2.31296463463574E-17,0.));
#11980=VECTOR('',#11970,1.);
#11990=LINE('',#11960,#11980);
#12000=CARTESIAN_POINT('',(-0.202181,1.869531,3.925));
#12010=VERTEX_POINT('',#12000);
#12020=EDGE_CURVE('',#10830,#12010,#11990,.T.);
#12030=ORIENTED_EDGE('',*,*,#12020,.F.);
#12040=CARTESIAN_POINT('',(-0.762577107865425,-0.372053431461694,
4.48539610786542));
#12050=DIRECTION('',(0.235702260395516,0.942809041582063,
-0.235702260395516));
#12060=VECTOR('',#12050,1.);
#12070=LINE('',#12040,#12060);
#12080=EDGE_CURVE('',#12010,#11510,#12070,.T.);
#12090=ORIENTED_EDGE('',*,*,#12080,.F.);
#12100=EDGE_LOOP('',(#12090,#12030,#11950,#11940));
#12110=FACE_OUTER_BOUND('',#12100,.T.);
#12120=ADVANCED_FACE('',(#12110),#11930,.F.);
#12130=CARTESIAN_POINT('',(-0.202181000000001,-1.680469,3.575));
#12140=DIRECTION('',(-1.,3.70074341541719E-16,0.));
#12150=DIRECTION('',(3.70074341541719E-16,1.,0.));
#12160=AXIS2_PLACEMENT_3D('',#12130,#12140,#12150);
#12170=PLANE('',#12160);
#12180=CARTESIAN_POINT('',(-0.202181,-0.372053431461694,3.575));
#12190=DIRECTION('',(3.70074341541719E-16,1.,0.));
#12200=VECTOR('',#12190,1.);
#12210=LINE('',#12180,#12200);
#12220=EDGE_CURVE('',#10380,#11230,#12210,.T.);
#12230=ORIENTED_EDGE('',*,*,#12220,.F.);
#12240=CARTESIAN_POINT('',(-0.202180999999999,1.869531,3.575));
#12250=DIRECTION('',(0.,0.,-1.));
#12260=VECTOR('',#12250,1.);
#12270=LINE('',#12240,#12260);
#12280=EDGE_CURVE('',#12010,#11230,#12270,.T.);
#12290=ORIENTED_EDGE('',*,*,#12280,.T.);
#12300=CARTESIAN_POINT('',(-0.202181,-0.372053431461694,3.925));
#12310=DIRECTION('',(3.70074341541719E-16,1.,0.));
#12320=VECTOR('',#12310,1.);
#12330=LINE('',#12300,#12320);
#12340=EDGE_CURVE('',#10460,#12010,#12330,.T.);
#12350=ORIENTED_EDGE('',*,*,#12340,.T.);
#12360=ORIENTED_EDGE('',*,*,#10470,.F.);
#12370=EDGE_LOOP('',(#12360,#12350,#12290,#12230));
#12380=FACE_OUTER_BOUND('',#12370,.T.);
#12390=ADVANCED_FACE('',(#12380),#12170,.T.);
#12400=CARTESIAN_POINT('',(-0.202181,1.869531,3.575));
#12410=DIRECTION('',(-0.970142500145332,0.242535625036333,0.));
#12420=DIRECTION('',(0.242535625036333,0.970142500145332,0.));
#12430=AXIS2_PLACEMENT_3D('',#12400,#12410,#12420);
#12440=PLANE('',#12430);
#12450=ORIENTED_EDGE('',*,*,#12280,.F.);
#12460=ORIENTED_EDGE('',*,*,#11240,.F.);
#12470=ORIENTED_EDGE('',*,*,#11520,.T.);
#12480=ORIENTED_EDGE('',*,*,#12080,.T.);
#12490=EDGE_LOOP('',(#12480,#12470,#12460,#12450));
#12500=FACE_OUTER_BOUND('',#12490,.T.);
#12510=ADVANCED_FACE('',(#12500),#12440,.T.);
#12520=CARTESIAN_POINT('',(-0.0251477347320566,-0.372053431461694,3.575)
);
#12530=DIRECTION('',(0.,0.,1.));
#12540=DIRECTION('',(1.,0.,0.));
#12550=AXIS2_PLACEMENT_3D('',#12520,#12530,#12540);
#12560=PLANE('',#12550);
#12570=ORIENTED_EDGE('',*,*,#12220,.T.);
#12580=ORIENTED_EDGE('',*,*,#10390,.T.);
#12590=ORIENTED_EDGE('',*,*,#10980,.F.);
#12600=ORIENTED_EDGE('',*,*,#11300,.T.);
#12610=EDGE_LOOP('',(#12600,#12590,#12580,#12570));
#12620=FACE_OUTER_BOUND('',#12610,.T.);
#12630=ADVANCED_FACE('',(#12620),#12560,.F.);
#12640=CARTESIAN_POINT('',(-0.0251477347320566,-0.372053431461694,3.925)
);
#12650=DIRECTION('',(0.,0.,1.));
#12660=DIRECTION('',(1.,0.,0.));
#12670=AXIS2_PLACEMENT_3D('',#12640,#12650,#12660);
#12680=PLANE('',#12670);
#12690=ORIENTED_EDGE('',*,*,#10840,.T.);
#12700=ORIENTED_EDGE('',*,*,#10550,.F.);
#12710=ORIENTED_EDGE('',*,*,#12340,.F.);
#12720=ORIENTED_EDGE('',*,*,#12020,.T.);
#12730=EDGE_LOOP('',(#12720,#12710,#12700,#12690));
#12740=FACE_OUTER_BOUND('',#12730,.T.);
#12750=ADVANCED_FACE('',(#12740),#12680,.T.);
#12760=CARTESIAN_POINT('',(-2.217181,1.169531,4.225));
#12770=DIRECTION('',(0.,0.,-1.));
#12780=DIRECTION('',(1.22460635382238E-16,1.,0.));
#12790=AXIS2_PLACEMENT_3D('',#12760,#12770,#12780);
#12800=PLANE('',#12790);
#12810=ORIENTED_EDGE('',*,*,#1670,.T.);
#12820=CARTESIAN_POINT('',(-2.217181,2.769531,4.225));
#12830=DIRECTION('',(1.,-1.22460635382238E-16,0.));
#12840=VECTOR('',#12830,1.);
#12850=LINE('',#12820,#12840);
#12860=CARTESIAN_POINT('',(-2.217181,2.769531,4.225));
#12870=VERTEX_POINT('',#12860);
#12880=EDGE_CURVE('',#12870,#1580,#12850,.T.);
#12890=ORIENTED_EDGE('',*,*,#12880,.T.);
#12900=CARTESIAN_POINT('',(-2.217181,-1.72571815832637E-16,4.225));
#12910=DIRECTION('',(-1.22460635382238E-16,-1.,0.));
#12920=VECTOR('',#12910,1.);
#12930=LINE('',#12900,#12920);
#12940=CARTESIAN_POINT('',(-2.217181,0.969530999999999,4.225));
#12950=VERTEX_POINT('',#12940);
#12960=EDGE_CURVE('',#12870,#12950,#12930,.T.);
#12970=ORIENTED_EDGE('',*,*,#12960,.F.);
#12980=CARTESIAN_POINT('',(-2.217181,0.969530999999999,4.225));
#12990=DIRECTION('',(1.,-1.22460635382238E-16,0.));
#13000=VECTOR('',#12990,1.);
#13010=LINE('',#12980,#13000);
#13020=EDGE_CURVE('',#12950,#1660,#13010,.T.);
#13030=ORIENTED_EDGE('',*,*,#13020,.F.);
#13040=EDGE_LOOP('',(#13030,#12970,#12890,#12810));
#13050=FACE_OUTER_BOUND('',#13040,.T.);
#13060=ADVANCED_FACE('',(#13050),#12800,.T.);
#13070=CARTESIAN_POINT('',(-1.417181,0.669531,5.95));
#13080=DIRECTION('',(-1.22460635382238E-16,-1.,0.));
#13090=DIRECTION('',(0.,0.,1.));
#13100=AXIS2_PLACEMENT_3D('',#13070,#13080,#13090);
#13110=PLANE('',#13100);
#13120=CARTESIAN_POINT('',(-2.217181,0.669531,-0.624999999999998));
#13130=DIRECTION('',(0.,0.,1.));
#13140=VECTOR('',#13130,1.);
#13150=LINE('',#13120,#13140);
#13160=CARTESIAN_POINT('',(-2.217181,0.669531,5.2));
#13170=VERTEX_POINT('',#13160);
#13180=CARTESIAN_POINT('',(-2.217181,0.669531,5.6));
#13190=VERTEX_POINT('',#13180);
#13200=EDGE_CURVE('',#13170,#13190,#13150,.T.);
#13210=ORIENTED_EDGE('',*,*,#13200,.T.);
#13220=CARTESIAN_POINT('',(8.1991191668105E-17,0.669531,5.2));
#13230=DIRECTION('',(1.,-1.22460635382238E-16,0.));
#13240=VECTOR('',#13230,1.);
#13250=LINE('',#13220,#13240);
#13260=CARTESIAN_POINT('',(-1.817181,0.669531,5.2));
#13270=VERTEX_POINT('',#13260);
#13280=EDGE_CURVE('',#13170,#13270,#13250,.T.);
#13290=ORIENTED_EDGE('',*,*,#13280,.F.);
#13300=CARTESIAN_POINT('',(-1.817181,0.669531,5.6));
#13310=DIRECTION('',(1.83690953073357E-16,1.,-8.83363139618221E-33));
#13320=DIRECTION('',(1.,-1.83690953073357E-16,-1.22460635382238E-16));
#13330=AXIS2_PLACEMENT_3D('',#13300,#13310,#13320);
#13340=CIRCLE('',#13330,0.4);
#13350=EDGE_CURVE('',#13270,#13190,#13340,.T.);
#13360=ORIENTED_EDGE('',*,*,#13350,.F.);
#13370=EDGE_LOOP('',(#13360,#13290,#13210));
#13380=FACE_OUTER_BOUND('',#13370,.T.);
#13390=ADVANCED_FACE('',(#13380),#13110,.F.);
#13400=CARTESIAN_POINT('',(-1.817181,2.2253313986453E-16,5.6));
#13410=DIRECTION('',(1.83690953073357E-16,1.,-8.83363139618221E-33));
#13420=DIRECTION('',(1.,-1.83690953073357E-16,-1.22460635382238E-16));
#13430=AXIS2_PLACEMENT_3D('',#13400,#13410,#13420);
#13440=CYLINDRICAL_SURFACE('',#13430,0.4);
#13450=ORIENTED_EDGE('',*,*,#7330,.F.);
#13460=CARTESIAN_POINT('',(-2.217181,2.96009521093873E-16,5.6));
#13470=DIRECTION('',(1.83690953073357E-16,1.,-8.83363139618221E-33));
#13480=VECTOR('',#13470,1.);
#13490=LINE('',#13460,#13480);
#13500=EDGE_CURVE('',#13190,#7230,#13490,.T.);
#13510=ORIENTED_EDGE('',*,*,#13500,.T.);
#13520=ORIENTED_EDGE('',*,*,#13350,.T.);
#13530=CARTESIAN_POINT('',(-1.817181,2.2253313986453E-16,5.2));
#13540=DIRECTION('',(1.83690953073357E-16,1.,-4.41681569809111E-33));
#13550=VECTOR('',#13540,1.);
#13560=LINE('',#13530,#13550);
#13570=EDGE_CURVE('',#13270,#7320,#13560,.T.);
#13580=ORIENTED_EDGE('',*,*,#13570,.F.);
#13590=EDGE_LOOP('',(#13580,#13520,#13510,#13450));
#13600=FACE_OUTER_BOUND('',#13590,.T.);
#13610=ADVANCED_FACE('',(#13600),#13440,.T.);
#13620=CARTESIAN_POINT('',(-2.017181,1.469531,5.7));
#13630=DIRECTION('',(-6.12303176911189E-17,-3.74915180455534E-33,-1.));
#13640=DIRECTION('',(1.,-1.83690953073357E-16,-6.12303176911189E-17));
#13650=AXIS2_PLACEMENT_3D('',#13620,#13630,#13640);
#13660=PLANE('',#13650);
#13670=ORIENTED_EDGE('',*,*,#7160,.F.);
#13680=CARTESIAN_POINT('',(-2.017181,1.469531,5.7));
#13690=DIRECTION('',(-1.83690953073357E-16,-1.,1.49966072182214E-32));
#13700=VECTOR('',#13690,1.);
#13710=LINE('',#13680,#13700);
#13720=CARTESIAN_POINT('',(-2.017181,0.669531,5.7));
#13730=VERTEX_POINT('',#13720);
#13740=EDGE_CURVE('',#7070,#13730,#13710,.T.);
#13750=ORIENTED_EDGE('',*,*,#13740,.F.);
#13760=CARTESIAN_POINT('',(0.,0.669531,5.7));
#13770=DIRECTION('',(1.,-1.22460635382238E-16,-6.12303176911189E-17));
#13780=VECTOR('',#13770,1.);
#13790=LINE('',#13760,#13780);
#13800=CARTESIAN_POINT('',(-2.217181,0.669531,5.7));
#13810=VERTEX_POINT('',#13800);
#13820=EDGE_CURVE('',#13810,#13730,#13790,.T.);
#13830=ORIENTED_EDGE('',*,*,#13820,.T.);
#13840=CARTESIAN_POINT('',(-2.217181,1.469531,5.7));
#13850=DIRECTION('',(-1.83690953073357E-16,-1.,1.49966072182214E-32));
#13860=VECTOR('',#13850,1.);
#13870=LINE('',#13840,#13860);
#13880=EDGE_CURVE('',#7150,#13810,#13870,.T.);
#13890=ORIENTED_EDGE('',*,*,#13880,.T.);
#13900=EDGE_LOOP('',(#13890,#13830,#13750,#13670));
#13910=FACE_OUTER_BOUND('',#13900,.T.);
#13920=ADVANCED_FACE('',(#13910),#13660,.F.);
#13930=CARTESIAN_POINT('',(-2.017181,1.469531,5.2));
#13940=DIRECTION('',(-1.,1.83690953073357E-16,6.12303176911188E-17));
#13950=DIRECTION('',(-6.12303176911188E-17,0.,-1.));
#13960=AXIS2_PLACEMENT_3D('',#13930,#13940,#13950);
#13970=PLANE('',#13960);
#13980=CARTESIAN_POINT('',(-2.017181,0.669531,-8.125));
#13990=DIRECTION('',(-6.12303176911188E-17,1.23259516440783E-32,-1.));
#14000=VECTOR('',#13990,1.);
#14010=LINE('',#13980,#14000);
#14020=CARTESIAN_POINT('',(-2.017181,0.669531,5.6));
#14030=VERTEX_POINT('',#14020);
#14040=EDGE_CURVE('',#13730,#14030,#14010,.T.);
#14050=ORIENTED_EDGE('',*,*,#14040,.T.);
#14060=ORIENTED_EDGE('',*,*,#13740,.T.);
#14070=ORIENTED_EDGE('',*,*,#7080,.F.);
#14080=CARTESIAN_POINT('',(-2.017181,2.59271330479201E-16,5.6));
#14090=DIRECTION('',(-1.83690953073357E-16,-1.,8.83363139618221E-33));
#14100=VECTOR('',#14090,1.);
#14110=LINE('',#14080,#14100);
#14120=EDGE_CURVE('',#6990,#14030,#14110,.T.);
#14130=ORIENTED_EDGE('',*,*,#14120,.F.);
#14140=EDGE_LOOP('',(#14130,#14070,#14060,#14050));
#14150=FACE_OUTER_BOUND('',#14140,.T.);
#14160=ADVANCED_FACE('',(#14150),#13970,.F.);
#14170=CARTESIAN_POINT('',(-1.017181,0.669531,5.95));
#14180=DIRECTION('',(1.,0.,0.));
#14190=VECTOR('',#14180,1.);
#14200=LINE('',#14170,#14190);
#14210=CARTESIAN_POINT('',(-2.217181,0.669531,5.95));
#14220=VERTEX_POINT('',#14210);
#14230=CARTESIAN_POINT('',(-1.417181,0.669531,5.95));
#14240=VERTEX_POINT('',#14230);
#14250=EDGE_CURVE('',#14220,#14240,#14200,.T.);
#14260=ORIENTED_EDGE('',*,*,#14250,.T.);
#14270=EDGE_CURVE('',#13810,#14220,#13150,.T.);
#14280=ORIENTED_EDGE('',*,*,#14270,.T.);
#14290=ORIENTED_EDGE('',*,*,#13820,.F.);
#14300=ORIENTED_EDGE('',*,*,#14040,.F.);
#14310=CARTESIAN_POINT('',(-1.817181,0.669531,5.6));
#14320=DIRECTION('',(-1.83690953073357E-16,-1.,8.83363139618221E-33));
#14330=DIRECTION('',(-1.,1.83690953073357E-16,1.22460635382238E-16));
#14340=AXIS2_PLACEMENT_3D('',#14310,#14320,#14330);
#14350=CIRCLE('',#14340,0.2);
#14360=CARTESIAN_POINT('',(-1.817181,0.669531,5.4));
#14370=VERTEX_POINT('',#14360);
#14380=EDGE_CURVE('',#14030,#14370,#14350,.T.);
#14390=ORIENTED_EDGE('',*,*,#14380,.F.);
#14400=CARTESIAN_POINT('',(0.,0.669531,5.4));
#14410=DIRECTION('',(1.,-1.22460635382238E-16,-6.12303176911189E-17));
#14420=VECTOR('',#14410,1.);
#14430=LINE('',#14400,#14420);
#14440=CARTESIAN_POINT('',(-1.717181,0.669531,5.4));
#14450=VERTEX_POINT('',#14440);
#14460=EDGE_CURVE('',#14370,#14450,#14430,.T.);
#14470=ORIENTED_EDGE('',*,*,#14460,.F.);
#14480=CARTESIAN_POINT('',(-1.717181,0.669531,5.2));
#14490=DIRECTION('',(0.,0.,1.));
#14500=VECTOR('',#14490,1.);
#14510=LINE('',#14480,#14500);
#14520=CARTESIAN_POINT('',(-1.717181,0.669531,5.41));
#14530=VERTEX_POINT('',#14520);
#14540=EDGE_CURVE('',#14450,#14530,#14510,.T.);
#14550=ORIENTED_EDGE('',*,*,#14540,.F.);
#14560=CARTESIAN_POINT('',(-1.417181,0.669531,5.41));
#14570=DIRECTION('',(-1.,1.22460635382238E-16,0.));
#14580=VECTOR('',#14570,1.);
#14590=LINE('',#14560,#14580);
#14600=CARTESIAN_POINT('',(-1.417181,0.669531,5.41));
#14610=VERTEX_POINT('',#14600);
#14620=EDGE_CURVE('',#14610,#14530,#14590,.T.);
#14630=ORIENTED_EDGE('',*,*,#14620,.T.);
#14640=CARTESIAN_POINT('',(-1.417181,0.669531,-1.875));
#14650=DIRECTION('',(0.,0.,-1.));
#14660=VECTOR('',#14650,1.);
#14670=LINE('',#14640,#14660);
#14680=EDGE_CURVE('',#14240,#14610,#14670,.T.);
#14690=ORIENTED_EDGE('',*,*,#14680,.T.);
#14700=EDGE_LOOP('',(#14690,#14630,#14550,#14470,#14390,#14300,#14290,
#14280,#14260));
#14710=FACE_OUTER_BOUND('',#14700,.T.);
#14720=ADVANCED_FACE('',(#14710),#13110,.F.);
#14730=CARTESIAN_POINT('',(-1.417181,0.669531,5.95));
#14740=DIRECTION('',(-1.,1.22460635382238E-16,0.));
#14750=DIRECTION('',(1.22460635382238E-16,1.,0.));
#14760=AXIS2_PLACEMENT_3D('',#14730,#14740,#14750);
#14770=PLANE('',#14760);
#14780=ORIENTED_EDGE('',*,*,#14680,.F.);
#14790=CARTESIAN_POINT('',(-1.417181,-2.70540324138428E-16,5.41));
#14800=DIRECTION('',(-1.22460635382238E-16,-1.,0.));
#14810=VECTOR('',#14800,1.);
#14820=LINE('',#14790,#14810);
#14830=CARTESIAN_POINT('',(-1.417181,-1.330469,5.41));
#14840=VERTEX_POINT('',#14830);
#14850=EDGE_CURVE('',#14610,#14840,#14820,.T.);
#14860=ORIENTED_EDGE('',*,*,#14850,.F.);
#14870=CARTESIAN_POINT('',(-1.417181,-1.330469,-1.875));
#14880=DIRECTION('',(0.,0.,1.));
#14890=VECTOR('',#14880,1.);
#14900=LINE('',#14870,#14890);
#14910=CARTESIAN_POINT('',(-1.417181,-1.330469,5.95));
#14920=VERTEX_POINT('',#14910);
#14930=EDGE_CURVE('',#14840,#14920,#14900,.T.);
#14940=ORIENTED_EDGE('',*,*,#14930,.F.);
#14950=CARTESIAN_POINT('',(-1.417181,-2.70540324138428E-16,5.95));
#14960=DIRECTION('',(1.22460635382238E-16,1.,0.));
#14970=VECTOR('',#14960,1.);
#14980=LINE('',#14950,#14970);
#14990=EDGE_CURVE('',#14920,#14240,#14980,.T.);
#15000=ORIENTED_EDGE('',*,*,#14990,.F.);
#15010=EDGE_LOOP('',(#15000,#14940,#14860,#14780));
#15020=FACE_OUTER_BOUND('',#15010,.T.);
#15030=ADVANCED_FACE('',(#15020),#14770,.F.);
#15040=CARTESIAN_POINT('',(-2.217181,1.469531,5.4));
#15050=DIRECTION('',(-6.12303176911189E-17,-3.74915180455534E-33,-1.));
#15060=DIRECTION('',(1.83690953073357E-16,1.,-1.49966072182214E-32));
#15070=AXIS2_PLACEMENT_3D('',#15040,#15050,#15060);
#15080=PLANE('',#15070);
#15090=CARTESIAN_POINT('',(6.96775344356957E-16,-1.02997062820733,5.4));
#15100=DIRECTION('',(-1.,1.83690953073357E-16,6.12303176911189E-17));
#15110=VECTOR('',#15100,1.);
#15120=LINE('',#15090,#15110);
#15130=CARTESIAN_POINT('',(-1.417181,-1.02997062820733,5.4));
#15140=VERTEX_POINT('',#15130);
#15150=CARTESIAN_POINT('',(-1.5173305115378,-1.02997062820733,5.4));
#15160=VERTEX_POINT('',#15150);
#15170=EDGE_CURVE('',#15140,#15160,#15120,.T.);
#15180=ORIENTED_EDGE('',*,*,#15170,.F.);
#15190=CARTESIAN_POINT('',(-1.50322021945629,-0.830469,5.4));
#15200=DIRECTION('',(6.12303176911188E-17,0.,1.));
#15210=DIRECTION('',(1.,-1.83690953073357E-16,-6.12303176911189E-17));
#15220=AXIS2_PLACEMENT_3D('',#15190,#15200,#15210);
#15230=CIRCLE('',#15220,0.2);
#15240=CARTESIAN_POINT('',(-1.69933635459447,-0.869692227027637,5.4));
#15250=VERTEX_POINT('',#15240);
#15260=EDGE_CURVE('',#15250,#15160,#15230,.T.);
#15270=ORIENTED_EDGE('',*,*,#15260,.T.);
#15280=CARTESIAN_POINT('',(-1.8732748,3.44103633380301E-16,5.4));
#15290=DIRECTION('',(-0.196116135138183,0.98058067569092,
1.20082532588653E-17));
#15300=VECTOR('',#15290,1.);
#15310=LINE('',#15280,#15300);
#15320=CARTESIAN_POINT('',(-1.717181,-0.780469000000005,5.4));
#15330=VERTEX_POINT('',#15320);
#15340=EDGE_CURVE('',#15250,#15330,#15310,.T.);
#15350=ORIENTED_EDGE('',*,*,#15340,.F.);
#15360=CARTESIAN_POINT('',(-1.717181,0.,5.4));
#15370=DIRECTION('',(1.26531814539921E-15,-1.,-9.86076131526265E-32));
#15380=VECTOR('',#15370,1.);
#15390=LINE('',#15360,#15380);
#15400=CARTESIAN_POINT('',(-1.717181,-0.530469,5.4));
#15410=VERTEX_POINT('',#15400);
#15420=EDGE_CURVE('',#15410,#15330,#15390,.T.);
#15430=ORIENTED_EDGE('',*,*,#15420,.T.);
#15440=CARTESIAN_POINT('',(7.88529274504054E-16,-0.530469000000001,5.4))
;
#15450=DIRECTION('',(1.,-1.83690953073357E-16,-6.12303176911189E-17));
#15460=VECTOR('',#15450,1.);
#15470=LINE('',#15440,#15460);
#15480=CARTESIAN_POINT('',(-1.667181,-0.530469,5.4));
#15490=VERTEX_POINT('',#15480);
#15500=EDGE_CURVE('',#15410,#15490,#15470,.T.);
#15510=ORIENTED_EDGE('',*,*,#15500,.F.);
#15520=CARTESIAN_POINT('',(-1.8263217,3.35478773691553E-16,5.4));
#15530=DIRECTION('',(-0.287347885566345,0.957826285221152,
1.75944023210986E-17));
#15540=VECTOR('',#15530,1.);
#15550=LINE('',#15520,#15540);
#15560=CARTESIAN_POINT('',(-1.717181,-0.363802333333335,5.4));
#15570=VERTEX_POINT('',#15560);
#15580=EDGE_CURVE('',#15490,#15570,#15550,.T.);
#15590=ORIENTED_EDGE('',*,*,#15580,.F.);
#15600=CARTESIAN_POINT('',(-1.717181,-0.0304690000000002,5.4));
#15610=VERTEX_POINT('',#15600);
#15620=EDGE_CURVE('',#15610,#15570,#15390,.T.);
#15630=ORIENTED_EDGE('',*,*,#15620,.T.);
#15640=CARTESIAN_POINT('',(8.80374751040732E-16,-0.0304690000000005,5.4)
);
#15650=DIRECTION('',(1.,-1.83690953073357E-16,-6.12303176911189E-17));
#15660=VECTOR('',#15650,1.);
#15670=LINE('',#15640,#15660);
#15680=CARTESIAN_POINT('',(-1.667181,-0.0304690000000002,5.4));
#15690=VERTEX_POINT('',#15680);
#15700=EDGE_CURVE('',#15610,#15690,#15670,.T.);
#15710=ORIENTED_EDGE('',*,*,#15700,.F.);
#15720=CARTESIAN_POINT('',(-1.667181,3.06246066835792E-16,5.4));
#15730=DIRECTION('',(1.83690953073357E-16,1.,-1.49966072182214E-32));
#15740=VECTOR('',#15730,1.);
#15750=LINE('',#15720,#15740);
#15760=CARTESIAN_POINT('',(-1.667181,0.669531,5.4));
#15770=VERTEX_POINT('',#15760);
#15780=EDGE_CURVE('',#15690,#15770,#15750,.T.);
#15790=ORIENTED_EDGE('',*,*,#15780,.F.);
#15800=CARTESIAN_POINT('',(8.35892527558615E-16,0.669531,5.4));
#15810=DIRECTION('',(1.,-1.83690953073357E-16,-6.12303176911189E-17));
#15820=VECTOR('',#15810,1.);
#15830=LINE('',#15800,#15820);
#15840=EDGE_CURVE('',#14450,#15770,#15830,.T.);
#15850=ORIENTED_EDGE('',*,*,#15840,.T.);
#15860=ORIENTED_EDGE('',*,*,#14460,.T.);
#15870=CARTESIAN_POINT('',(-1.817181,2.2253313986453E-16,5.4));
#15880=DIRECTION('',(-1.83690953073357E-16,-1.,8.83363139618221E-33));
#15890=VECTOR('',#15880,1.);
#15900=LINE('',#15870,#15890);
#15910=EDGE_CURVE('',#6900,#14370,#15900,.T.);
#15920=ORIENTED_EDGE('',*,*,#15910,.T.);
#15930=ORIENTED_EDGE('',*,*,#6910,.F.);
#15940=CARTESIAN_POINT('',(0.782819000000001,-9.58645121292881E-17,5.4))
;
#15950=DIRECTION('',(1.83690953073357E-16,1.,-8.83363139618221E-33));
#15960=VECTOR('',#15950,1.);
#15970=LINE('',#15940,#15960);
#15980=CARTESIAN_POINT('',(0.782819000000001,0.669531,5.4));
#15990=VERTEX_POINT('',#15980);
#16000=EDGE_CURVE('',#15990,#6820,#15970,.T.);
#16010=ORIENTED_EDGE('',*,*,#16000,.T.);
#16020=CARTESIAN_POINT('',(0.,0.669531,5.4));
#16030=DIRECTION('',(1.,4.3265087693034E-16,-6.12303176911189E-17));
#16040=VECTOR('',#16030,1.);
#16050=LINE('',#16020,#16040);
#16060=CARTESIAN_POINT('',(0.682819,0.669531,5.4));
#16070=VERTEX_POINT('',#16060);
#16080=EDGE_CURVE('',#16070,#15990,#16050,.T.);
#16090=ORIENTED_EDGE('',*,*,#16080,.T.);
#16100=CARTESIAN_POINT('',(8.35892527558615E-16,0.669531,5.4));
#16110=DIRECTION('',(1.,-1.83690953073357E-16,-6.12303176911189E-17));
#16120=VECTOR('',#16110,1.);
#16130=LINE('',#16100,#16120);
#16140=CARTESIAN_POINT('',(0.632819000000001,0.669531,5.4));
#16150=VERTEX_POINT('',#16140);
#16160=EDGE_CURVE('',#16150,#16070,#16130,.T.);
#16170=ORIENTED_EDGE('',*,*,#16160,.T.);
#16180=CARTESIAN_POINT('',(0.632819000000001,-1.16243125232929E-16,5.4))
;
#16190=DIRECTION('',(-1.83690953073357E-16,-1.,1.49966072182214E-32));
#16200=VECTOR('',#16190,1.);
#16210=LINE('',#16180,#16200);
#16220=CARTESIAN_POINT('',(0.632819000000001,-0.0304690000000006,5.4));
#16230=VERTEX_POINT('',#16220);
#16240=EDGE_CURVE('',#16150,#16230,#16210,.T.);
#16250=ORIENTED_EDGE('',*,*,#16240,.F.);
#16260=CARTESIAN_POINT('',(8.80374751040732E-16,-0.0304690000000005,5.4)
);
#16270=DIRECTION('',(1.,-1.83690953073357E-16,-6.12303176911189E-17));
#16280=VECTOR('',#16270,1.);
#16290=LINE('',#16260,#16280);
#16300=CARTESIAN_POINT('',(0.682818999999997,-0.0304690000000006,5.4));
#16310=VERTEX_POINT('',#16300);
#16320=EDGE_CURVE('',#16230,#16310,#16290,.T.);
#16330=ORIENTED_EDGE('',*,*,#16320,.F.);
#16340=CARTESIAN_POINT('',(0.682818999999997,0.,5.4));
#16350=DIRECTION('',(4.56335273388287E-15,1.,-3.94430452610506E-31));
#16360=VECTOR('',#16350,1.);
#16370=LINE('',#16340,#16360);
#16380=CARTESIAN_POINT('',(0.682818999999995,-0.363802333333353,5.4));
#16390=VERTEX_POINT('',#16380);
#16400=EDGE_CURVE('',#16390,#16310,#16370,.T.);
#16410=ORIENTED_EDGE('',*,*,#16400,.T.);
#16420=CARTESIAN_POINT('',(0.791959700000001,-1.4547583208869E-16,5.4));
#16430=DIRECTION('',(-0.287347885566345,-0.957826285221152,
1.75944023210986E-17));
#16440=VECTOR('',#16430,1.);
#16450=LINE('',#16420,#16440);
#16460=CARTESIAN_POINT('',(0.632819000000001,-0.530469000000001,5.4));
#16470=VERTEX_POINT('',#16460);
#16480=EDGE_CURVE('',#16390,#16470,#16450,.T.);
#16490=ORIENTED_EDGE('',*,*,#16480,.F.);
#16500=CARTESIAN_POINT('',(7.88529274504054E-16,-0.530469000000001,5.4))
;
#16510=DIRECTION('',(1.,-1.83690953073357E-16,-6.12303176911189E-17));
#16520=VECTOR('',#16510,1.);
#16530=LINE('',#16500,#16520);
#16540=CARTESIAN_POINT('',(0.682818999999994,-0.530469000000001,5.4));
#16550=VERTEX_POINT('',#16540);
#16560=EDGE_CURVE('',#16470,#16550,#16530,.T.);
#16570=ORIENTED_EDGE('',*,*,#16560,.F.);
#16580=CARTESIAN_POINT('',(0.682818999999993,-0.780469000000037,5.4));
#16590=VERTEX_POINT('',#16580);
#16600=EDGE_CURVE('',#16590,#16550,#16370,.T.);
#16610=ORIENTED_EDGE('',*,*,#16600,.T.);
#16620=CARTESIAN_POINT('',(0.8389128,-1.54100691777438E-16,5.4));
#16630=DIRECTION('',(-0.196116135138184,-0.98058067569092,
1.20082532588654E-17));
#16640=VECTOR('',#16630,1.);
#16650=LINE('',#16620,#16640);
#16660=CARTESIAN_POINT('',(0.664974354594473,-0.869692227027637,5.4));
#16670=VERTEX_POINT('',#16660);
#16680=EDGE_CURVE('',#16590,#16670,#16650,.T.);
#16690=ORIENTED_EDGE('',*,*,#16680,.F.);
#16700=CARTESIAN_POINT('',(0.468858219456289,-0.830469000000001,5.4));
#16710=DIRECTION('',(-6.12303176911188E-17,0.,-1.));
#16720=DIRECTION('',(-1.,1.83690953073357E-16,6.12303176911189E-17));
#16730=AXIS2_PLACEMENT_3D('',#16700,#16710,#16720);
#16740=CIRCLE('',#16730,0.2);
#16750=CARTESIAN_POINT('',(0.482968511537803,-1.02997062820733,5.4));
#16760=VERTEX_POINT('',#16750);
#16770=EDGE_CURVE('',#16670,#16760,#16740,.T.);
#16780=ORIENTED_EDGE('',*,*,#16770,.F.);
#16790=CARTESIAN_POINT('',(6.96775344356957E-16,-1.02997062820733,5.4));
#16800=DIRECTION('',(-1.,1.83690953073357E-16,6.12303176911189E-17));
#16810=VECTOR('',#16800,1.);
#16820=LINE('',#16790,#16810);
#16830=CARTESIAN_POINT('',(0.382819000000001,-1.02997062820733,5.4));
#16840=VERTEX_POINT('',#16830);
#16850=EDGE_CURVE('',#16760,#16840,#16820,.T.);
#16860=ORIENTED_EDGE('',*,*,#16850,.F.);
#16870=CARTESIAN_POINT('',(0.382819000000001,-7.03203869645894E-17,5.4))
;
#16880=DIRECTION('',(-1.83690953073357E-16,-1.,1.49966072182214E-32));
#16890=VECTOR('',#16880,1.);
#16900=LINE('',#16870,#16890);
#16910=CARTESIAN_POINT('',(0.382819000000001,-1.630469,5.4));
#16920=VERTEX_POINT('',#16910);
#16930=EDGE_CURVE('',#16840,#16920,#16900,.T.);
#16940=ORIENTED_EDGE('',*,*,#16930,.F.);
#16950=CARTESIAN_POINT('',(-2.217181,-1.630469,5.4));
#16960=DIRECTION('',(1.,-1.83690953073357E-16,-6.12303176911189E-17));
#16970=VECTOR('',#16960,1.);
#16980=LINE('',#16950,#16970);
#16990=CARTESIAN_POINT('',(-1.417181,-1.630469,5.4));
#17000=VERTEX_POINT('',#16990);
#17010=EDGE_CURVE('',#17000,#16920,#16980,.T.);
#17020=ORIENTED_EDGE('',*,*,#17010,.T.);
#17030=CARTESIAN_POINT('',(-1.417181,2.60323328567452E-16,5.4));
#17040=DIRECTION('',(1.83690953073357E-16,1.,-1.49966072182214E-32));
#17050=VECTOR('',#17040,1.);
#17060=LINE('',#17030,#17050);
#17070=EDGE_CURVE('',#17000,#15140,#17060,.T.);
#17080=ORIENTED_EDGE('',*,*,#17070,.F.);
#17090=EDGE_LOOP('',(#17080,#17020,#16940,#16860,#16780,#16690,#16610,
#16570,#16490,#16410,#16330,#16250,#16170,#16090,#16010,#15930,#15920,
#15860,#15850,#15790,#15710,#15630,#15590,#15510,#15430,#15350,#15270,
#15180));
#17100=FACE_OUTER_BOUND('',#17090,.T.);
#17110=ADVANCED_FACE('',(#17100),#15080,.F.);
#17120=CARTESIAN_POINT('',(-2.217181,-1.630469,6.3));
#17130=DIRECTION('',(-1.,1.83690953073357E-16,6.12303176911189E-17));
#17140=DIRECTION('',(-1.83690953073357E-16,-1.,1.49966072182214E-32));
#17150=AXIS2_PLACEMENT_3D('',#17120,#17130,#17140);
#17160=CYLINDRICAL_SURFACE('',#17150,0.4);
#17170=CARTESIAN_POINT('',(-2.217181,-1.630469,6.7));
#17180=DIRECTION('',(1.,-1.83690953073357E-16,-6.12303176911189E-17));
#17190=VECTOR('',#17180,1.);
#17200=LINE('',#17170,#17190);
#17210=CARTESIAN_POINT('',(-1.417181,-1.630469,6.7));
#17220=VERTEX_POINT('',#17210);
#17230=CARTESIAN_POINT('',(-0.767180999999999,-1.630469,6.7));
#17240=VERTEX_POINT('',#17230);
#17250=EDGE_CURVE('',#17220,#17240,#17200,.T.);
#17260=ORIENTED_EDGE('',*,*,#17250,.F.);
#17270=CARTESIAN_POINT('',(-0.767181,-1.630469,6.3));
#17280=DIRECTION('',(1.,-1.83690953073357E-16,-6.12303176911189E-17));
#17290=DIRECTION('',(-1.83690953073357E-16,-1.,1.49966072182214E-32));
#17300=AXIS2_PLACEMENT_3D('',#17270,#17280,#17290);
#17310=CIRCLE('',#17300,0.4);
#17320=CARTESIAN_POINT('',(-0.767180999999999,-2.030469,6.3));
#17330=VERTEX_POINT('',#17320);
#17340=EDGE_CURVE('',#17240,#17330,#17310,.T.);
#17350=ORIENTED_EDGE('',*,*,#17340,.F.);
#17360=CARTESIAN_POINT('',(-2.217181,-2.030469,6.3));
#17370=DIRECTION('',(-1.,1.83690953073357E-16,6.12303176911189E-17));
#17380=VECTOR('',#17370,1.);
#17390=LINE('',#17360,#17380);
#17400=CARTESIAN_POINT('',(-1.417181,-2.030469,6.3));
#17410=VERTEX_POINT('',#17400);
#17420=EDGE_CURVE('',#17330,#17410,#17390,.T.);
#17430=ORIENTED_EDGE('',*,*,#17420,.F.);
#17440=CARTESIAN_POINT('',(-1.417181,-1.630469,6.3));
#17450=DIRECTION('',(1.,-1.83690953073357E-16,-6.12303176911189E-17));
#17460=DIRECTION('',(-1.83690953073357E-16,-1.,1.49966072182214E-32));
#17470=AXIS2_PLACEMENT_3D('',#17440,#17450,#17460);
#17480=CIRCLE('',#17470,0.4);
#17490=EDGE_CURVE('',#17220,#17410,#17480,.T.);
#17500=ORIENTED_EDGE('',*,*,#17490,.T.);
#17510=EDGE_LOOP('',(#17500,#17430,#17350,#17260));
#17520=FACE_OUTER_BOUND('',#17510,.T.);
#17530=ADVANCED_FACE('',(#17520),#17160,.T.);
#17540=CARTESIAN_POINT('',(-2.217181,-2.030469,6.3));
#17550=DIRECTION('',(1.83690953073357E-16,1.,-1.1247455413666E-32));
#17560=DIRECTION('',(6.12303176911188E-17,0.,1.));
#17570=AXIS2_PLACEMENT_3D('',#17540,#17550,#17560);
#17580=PLANE('',#17570);
#17590=ORIENTED_EDGE('',*,*,#17420,.T.);
#17600=CARTESIAN_POINT('',(-0.767180999999999,-2.030469,11.6366241061569
));
#17610=DIRECTION('',(-6.12303176911189E-17,2.73691106313441E-48,-1.));
#17620=VECTOR('',#17610,1.);
#17630=LINE('',#17600,#17620);
#17640=CARTESIAN_POINT('',(-0.767181,-2.030469,5.9));
#17650=VERTEX_POINT('',#17640);
#17660=EDGE_CURVE('',#17330,#17650,#17630,.T.);
#17670=ORIENTED_EDGE('',*,*,#17660,.F.);
#17680=CARTESIAN_POINT('',(5.43608003739578E-16,-2.030469,5.9));
#17690=DIRECTION('',(1.,-1.83690953073357E-16,-6.12303176911189E-17));
#17700=VECTOR('',#17690,1.);
#17710=LINE('',#17680,#17700);
#17720=CARTESIAN_POINT('',(-0.267180999999999,-2.030469,5.9));
#17730=VERTEX_POINT('',#17720);
#17740=EDGE_CURVE('',#17650,#17730,#17710,.T.);
#17750=ORIENTED_EDGE('',*,*,#17740,.F.);
#17760=CARTESIAN_POINT('',(-0.267180999999999,-2.030469,11.6366241061569
));
#17770=DIRECTION('',(6.12303176911189E-17,-2.73691106313441E-48,1.));
#17780=VECTOR('',#17770,1.);
#17790=LINE('',#17760,#17780);
#17800=CARTESIAN_POINT('',(-0.267180999999999,-2.030469,6.3));
#17810=VERTEX_POINT('',#17800);
#17820=EDGE_CURVE('',#17730,#17810,#17790,.T.);
#17830=ORIENTED_EDGE('',*,*,#17820,.F.);
#17840=CARTESIAN_POINT('',(-2.217181,-2.030469,6.3));
#17850=DIRECTION('',(-1.,1.83690953073357E-16,6.12303176911189E-17));
#17860=VECTOR('',#17850,1.);
#17870=LINE('',#17840,#17860);
#17880=CARTESIAN_POINT('',(0.382819,-2.030469,6.3));
#17890=VERTEX_POINT('',#17880);
#17900=EDGE_CURVE('',#17890,#17810,#17870,.T.);
#17910=ORIENTED_EDGE('',*,*,#17900,.T.);
#17920=CARTESIAN_POINT('',(0.382819000000001,-2.030469,11.6366241061569)
);
#17930=DIRECTION('',(-6.12303176911188E-17,0.,-1.));
#17940=VECTOR('',#17930,1.);
#17950=LINE('',#17920,#17940);
#17960=CARTESIAN_POINT('',(0.382819,-2.030469,5.6));
#17970=VERTEX_POINT('',#17960);
#17980=EDGE_CURVE('',#17890,#17970,#17950,.T.);
#17990=ORIENTED_EDGE('',*,*,#17980,.F.);
#18000=CARTESIAN_POINT('',(-2.217181,-2.030469,5.6));
#18010=DIRECTION('',(-1.,1.83690953073357E-16,6.12303176911189E-17));
#18020=VECTOR('',#18010,1.);
#18030=LINE('',#18000,#18020);
#18040=CARTESIAN_POINT('',(-1.417181,-2.030469,5.6));
#18050=VERTEX_POINT('',#18040);
#18060=EDGE_CURVE('',#17970,#18050,#18030,.T.);
#18070=ORIENTED_EDGE('',*,*,#18060,.F.);
#18080=CARTESIAN_POINT('',(-1.417181,-2.030469,11.6366241061569));
#18090=DIRECTION('',(6.12303176911188E-17,0.,1.));
#18100=VECTOR('',#18090,1.);
#18110=LINE('',#18080,#18100);
#18120=EDGE_CURVE('',#18050,#17410,#18110,.T.);
#18130=ORIENTED_EDGE('',*,*,#18120,.F.);
#18140=EDGE_LOOP('',(#18130,#18070,#17990,#17910,#17830,#17750,#17670,
#17590));
#18150=FACE_OUTER_BOUND('',#18140,.T.);
#18160=ADVANCED_FACE('',(#18150),#17580,.F.);
#18170=CARTESIAN_POINT('',(-0.267180999999999,-2.030469,5.9));
#18180=DIRECTION('',(6.12303176911189E-17,3.74915180455534E-33,1.));
#18190=DIRECTION('',(1.,-1.83690953073357E-16,-6.12303176911189E-17));
#18200=AXIS2_PLACEMENT_3D('',#18170,#18180,#18190);
#18210=PLANE('',#18200);
#18220=CARTESIAN_POINT('',(-0.767181,-2.030469,5.9));
#18230=DIRECTION('',(1.83690953073357E-16,1.,-1.49966072182214E-32));
#18240=VECTOR('',#18230,1.);
#18250=LINE('',#18220,#18240);
#18260=CARTESIAN_POINT('',(-0.767181,-1.830469,5.9));
#18270=VERTEX_POINT('',#18260);
#18280=EDGE_CURVE('',#17650,#18270,#18250,.T.);
#18290=ORIENTED_EDGE('',*,*,#18280,.F.);
#18300=CARTESIAN_POINT('',(5.8034619435425E-16,-1.830469,5.9));
#18310=DIRECTION('',(-1.,1.83690953073357E-16,6.12303176911189E-17));
#18320=VECTOR('',#18310,1.);
#18330=LINE('',#18300,#18320);
#18340=CARTESIAN_POINT('',(-0.267180999999999,-1.830469,5.9));
#18350=VERTEX_POINT('',#18340);
#18360=EDGE_CURVE('',#18350,#18270,#18330,.T.);
#18370=ORIENTED_EDGE('',*,*,#18360,.T.);
#18380=CARTESIAN_POINT('',(-0.267180999999999,-2.030469,5.9));
#18390=DIRECTION('',(1.83690953073357E-16,1.,-1.49966072182214E-32));
#18400=VECTOR('',#18390,1.);
#18410=LINE('',#18380,#18400);
#18420=EDGE_CURVE('',#17730,#18350,#18410,.T.);
#18430=ORIENTED_EDGE('',*,*,#18420,.T.);
#18440=ORIENTED_EDGE('',*,*,#17740,.T.);
#18450=EDGE_LOOP('',(#18440,#18430,#18370,#18290));
#18460=FACE_OUTER_BOUND('',#18450,.T.);
#18470=ADVANCED_FACE('',(#18460),#18210,.T.);
#18480=CARTESIAN_POINT('',(-2.217181,-1.630469,6.3));
#18490=DIRECTION('',(-1.,1.83690953073357E-16,6.12303176911189E-17));
#18500=DIRECTION('',(-1.83690953073357E-16,-1.,1.49966072182214E-32));
#18510=AXIS2_PLACEMENT_3D('',#18480,#18490,#18500);
#18520=CYLINDRICAL_SURFACE('',#18510,0.2);
#18530=CARTESIAN_POINT('',(-2.217181,-1.830469,6.3));
#18540=DIRECTION('',(-1.,1.83690953073357E-16,6.12303176911189E-17));
#18550=VECTOR('',#18540,1.);
#18560=LINE('',#18530,#18550);
#18570=CARTESIAN_POINT('',(0.382819,-1.830469,6.3));
#18580=VERTEX_POINT('',#18570);
#18590=CARTESIAN_POINT('',(-0.267180999999999,-1.830469,6.3));
#18600=VERTEX_POINT('',#18590);
#18610=EDGE_CURVE('',#18580,#18600,#18560,.T.);
#18620=ORIENTED_EDGE('',*,*,#18610,.T.);
#18630=CARTESIAN_POINT('',(0.382819000000001,-1.630469,6.3));
#18640=DIRECTION('',(1.,-1.83690953073357E-16,-6.12303176911189E-17));
#18650=DIRECTION('',(-1.83690953073357E-16,-1.,1.49966072182214E-32));
#18660=AXIS2_PLACEMENT_3D('',#18630,#18640,#18650);
#18670=CIRCLE('',#18660,0.2);
#18680=CARTESIAN_POINT('',(0.382819000000001,-1.630469,6.5));
#18690=VERTEX_POINT('',#18680);
#18700=EDGE_CURVE('',#18690,#18580,#18670,.T.);
#18710=ORIENTED_EDGE('',*,*,#18700,.T.);
#18720=CARTESIAN_POINT('',(-2.217181,-1.630469,6.5));
#18730=DIRECTION('',(1.,-1.83690953073357E-16,-6.12303176911189E-17));
#18740=VECTOR('',#18730,1.);
#18750=LINE('',#18720,#18740);
#18760=CARTESIAN_POINT('',(-0.267180999999999,-1.630469,6.5));
#18770=VERTEX_POINT('',#18760);
#18780=EDGE_CURVE('',#18770,#18690,#18750,.T.);
#18790=ORIENTED_EDGE('',*,*,#18780,.T.);
#18800=CARTESIAN_POINT('',(-0.267180999999999,-1.630469,6.3));
#18810=DIRECTION('',(1.,-1.83690953073357E-16,-6.12303176911189E-17));
#18820=DIRECTION('',(-1.83690953073357E-16,-1.,1.49966072182214E-32));
#18830=AXIS2_PLACEMENT_3D('',#18800,#18810,#18820);
#18840=CIRCLE('',#18830,0.2);
#18850=EDGE_CURVE('',#18770,#18600,#18840,.T.);
#18860=ORIENTED_EDGE('',*,*,#18850,.F.);
#18870=EDGE_LOOP('',(#18860,#18790,#18710,#18620));
#18880=FACE_OUTER_BOUND('',#18870,.T.);
#18890=ADVANCED_FACE('',(#18880),#18520,.F.);
#18900=CARTESIAN_POINT('',(0.382819000000001,-1.330469,6.8500024));
#18910=DIRECTION('',(1.,-1.83690953073357E-16,-6.12303176911188E-17));
#18920=DIRECTION('',(1.83690953073357E-16,1.,-1.49966072182214E-32));
#18930=AXIS2_PLACEMENT_3D('',#18900,#18910,#18920);
#18940=PLANE('',#18930);
#18950=ORIENTED_EDGE('',*,*,#18700,.F.);
#18960=CARTESIAN_POINT('',(0.382819000000001,-1.830469,11.6366241061569)
);
#18970=DIRECTION('',(6.12303176911188E-17,0.,1.));
#18980=VECTOR('',#18970,1.);
#18990=LINE('',#18960,#18980);
#19000=CARTESIAN_POINT('',(0.382819,-1.830469,5.6));
#19010=VERTEX_POINT('',#19000);
#19020=EDGE_CURVE('',#19010,#18580,#18990,.T.);
#19030=ORIENTED_EDGE('',*,*,#19020,.T.);
#19040=CARTESIAN_POINT('',(0.382819000000001,-1.630469,5.6));
#19050=DIRECTION('',(1.,-1.83690953073357E-16,-6.12303176911189E-17));
#19060=DIRECTION('',(-1.83690953073357E-16,-1.,1.49966072182214E-32));
#19070=AXIS2_PLACEMENT_3D('',#19040,#19050,#19060);
#19080=CIRCLE('',#19070,0.2);
#19090=EDGE_CURVE('',#19010,#16920,#19080,.T.);
#19100=ORIENTED_EDGE('',*,*,#19090,.F.);
#19110=ORIENTED_EDGE('',*,*,#16930,.T.);
#19120=CARTESIAN_POINT('',(0.382819000000001,-1.02997062820733,6.8500024
));
#19130=DIRECTION('',(-6.12303176911188E-17,0.,-1.));
#19140=VECTOR('',#19130,1.);
#19150=LINE('',#19120,#19140);
#19160=CARTESIAN_POINT('',(0.382819000000001,-1.02997062820733,5.2));
#19170=VERTEX_POINT('',#19160);
#19180=EDGE_CURVE('',#16840,#19170,#19150,.T.);
#19190=ORIENTED_EDGE('',*,*,#19180,.F.);
#19200=CARTESIAN_POINT('',(0.382819000000001,0.,5.2));
#19210=DIRECTION('',(-1.83690953073357E-16,-1.,0.));
#19220=VECTOR('',#19210,1.);
#19230=LINE('',#19200,#19220);
#19240=CARTESIAN_POINT('',(0.382819,-1.630469,5.2));
#19250=VERTEX_POINT('',#19240);
#19260=EDGE_CURVE('',#19170,#19250,#19230,.T.);
#19270=ORIENTED_EDGE('',*,*,#19260,.F.);
#19280=CARTESIAN_POINT('',(0.382819000000001,-1.630469,5.6));
#19290=DIRECTION('',(1.,-1.83690953073357E-16,-6.12303176911189E-17));
#19300=DIRECTION('',(-1.83690953073357E-16,-1.,1.49966072182214E-32));
#19310=AXIS2_PLACEMENT_3D('',#19280,#19290,#19300);
#19320=CIRCLE('',#19310,0.4);
#19330=EDGE_CURVE('',#17970,#19250,#19320,.T.);
#19340=ORIENTED_EDGE('',*,*,#19330,.T.);
#19350=ORIENTED_EDGE('',*,*,#17980,.T.);
#19360=CARTESIAN_POINT('',(0.382819000000001,-1.630469,6.3));
#19370=DIRECTION('',(1.,-1.83690953073357E-16,-6.12303176911189E-17));
#19380=DIRECTION('',(-1.83690953073357E-16,-1.,1.49966072182214E-32));
#19390=AXIS2_PLACEMENT_3D('',#19360,#19370,#19380);
#19400=CIRCLE('',#19390,0.4);
#19410=CARTESIAN_POINT('',(0.382819000000001,-1.630469,6.7));
#19420=VERTEX_POINT('',#19410);
#19430=EDGE_CURVE('',#19420,#17890,#19400,.T.);
#19440=ORIENTED_EDGE('',*,*,#19430,.T.);
#19450=CARTESIAN_POINT('',(0.382819000000001,-7.03203869645894E-17,6.7))
;
#19460=DIRECTION('',(-1.83690953073357E-16,-1.,1.49966072182214E-32));
#19470=VECTOR('',#19460,1.);
#19480=LINE('',#19450,#19470);
#19490=CARTESIAN_POINT('',(0.382819000000001,-0.930469,6.7));
#19500=VERTEX_POINT('',#19490);
#19510=EDGE_CURVE('',#19500,#19420,#19480,.T.);
#19520=ORIENTED_EDGE('',*,*,#19510,.T.);
#19530=CARTESIAN_POINT('',(0.382819000000001,-0.930469,11.6366241061569)
);
#19540=DIRECTION('',(6.12303176911188E-17,0.,1.));
#19550=VECTOR('',#19540,1.);
#19560=LINE('',#19530,#19550);
#19570=CARTESIAN_POINT('',(0.382819000000001,-0.930469,6.5));
#19580=VERTEX_POINT('',#19570);
#19590=EDGE_CURVE('',#19580,#19500,#19560,.T.);
#19600=ORIENTED_EDGE('',*,*,#19590,.T.);
#19610=CARTESIAN_POINT('',(0.382819000000001,-7.03203869645894E-17,6.5))
;
#19620=DIRECTION('',(1.83690953073357E-16,1.,-1.49966072182214E-32));
#19630=VECTOR('',#19620,1.);
#19640=LINE('',#19610,#19630);
#19650=EDGE_CURVE('',#18690,#19580,#19640,.T.);
#19660=ORIENTED_EDGE('',*,*,#19650,.T.);
#19670=EDGE_LOOP('',(#19660,#19600,#19520,#19440,#19350,#19340,#19270,
#19190,#19110,#19100,#19030,#18950));
#19680=FACE_OUTER_BOUND('',#19670,.T.);
#19690=ADVANCED_FACE('',(#19680),#18940,.T.);
#19700=CARTESIAN_POINT('',(-2.217181,-1.630469,6.5));
#19710=DIRECTION('',(6.12303176911189E-17,3.74915180455534E-33,1.));
#19720=DIRECTION('',(-1.83690953073357E-16,-1.,1.49966072182214E-32));
#19730=AXIS2_PLACEMENT_3D('',#19700,#19710,#19720);
#19740=PLANE('',#19730);
#19750=CARTESIAN_POINT('',(-2.217181,-0.930468999999999,6.5));
#19760=DIRECTION('',(1.,-1.83690953073357E-16,-6.12303176911189E-17));
#19770=VECTOR('',#19760,1.);
#19780=LINE('',#19750,#19770);
#19790=CARTESIAN_POINT('',(-1.417181,-0.930468999999999,6.5));
#19800=VERTEX_POINT('',#19790);
#19810=EDGE_CURVE('',#19800,#19580,#19780,.T.);
#19820=ORIENTED_EDGE('',*,*,#19810,.T.);
#19830=CARTESIAN_POINT('',(-1.417181,2.60323328567452E-16,6.5));
#19840=DIRECTION('',(-1.83690953073357E-16,-1.,1.49966072182214E-32));
#19850=VECTOR('',#19840,1.);
#19860=LINE('',#19830,#19850);
#19870=CARTESIAN_POINT('',(-1.417181,-1.630469,6.5));
#19880=VERTEX_POINT('',#19870);
#19890=EDGE_CURVE('',#19800,#19880,#19860,.T.);
#19900=ORIENTED_EDGE('',*,*,#19890,.F.);
#19910=CARTESIAN_POINT('',(-0.767180999999999,-1.630469,6.5));
#19920=VERTEX_POINT('',#19910);
#19930=EDGE_CURVE('',#19880,#19920,#18750,.T.);
#19940=ORIENTED_EDGE('',*,*,#19930,.F.);
#19950=CARTESIAN_POINT('',(-2.217181,-1.630469,6.5));
#19960=DIRECTION('',(-1.,1.83690953073357E-16,6.12303176911189E-17));
#19970=VECTOR('',#19960,1.);
#19980=LINE('',#19950,#19970);
#19990=EDGE_CURVE('',#18770,#19920,#19980,.T.);
#20000=ORIENTED_EDGE('',*,*,#19990,.T.);
#20010=ORIENTED_EDGE('',*,*,#18780,.F.);
#20020=ORIENTED_EDGE('',*,*,#19650,.F.);
#20030=EDGE_LOOP('',(#20020,#20010,#20000,#19940,#19900,#19820));
#20040=FACE_OUTER_BOUND('',#20030,.T.);
#20050=ADVANCED_FACE('',(#20040),#19740,.F.);
#20060=CARTESIAN_POINT('',(-2.217181,-1.830469,5.6));
#20070=DIRECTION('',(-1.83690953073357E-16,-1.,1.1247455413666E-32));
#20080=DIRECTION('',(-6.12303176911188E-17,0.,-1.));
#20090=AXIS2_PLACEMENT_3D('',#20060,#20070,#20080);
#20100=PLANE('',#20090);
#20110=CARTESIAN_POINT('',(-2.217181,-1.830469,5.6));
#20120=DIRECTION('',(-1.,1.83690953073357E-16,6.12303176911189E-17));
#20130=VECTOR('',#20120,1.);
#20140=LINE('',#20110,#20130);
#20150=CARTESIAN_POINT('',(-1.417181,-1.830469,5.6));
#20160=VERTEX_POINT('',#20150);
#20170=EDGE_CURVE('',#19010,#20160,#20140,.T.);
#20180=ORIENTED_EDGE('',*,*,#20170,.T.);
#20190=ORIENTED_EDGE('',*,*,#19020,.F.);
#20200=ORIENTED_EDGE('',*,*,#18610,.F.);
#20210=CARTESIAN_POINT('',(-0.267180999999999,-1.830469,11.6366241061569
));
#20220=DIRECTION('',(-6.12303176911189E-17,2.73691106313441E-48,-1.));
#20230=VECTOR('',#20220,1.);
#20240=LINE('',#20210,#20230);
#20250=EDGE_CURVE('',#18600,#18350,#20240,.T.);
#20260=ORIENTED_EDGE('',*,*,#20250,.F.);
#20270=ORIENTED_EDGE('',*,*,#18360,.F.);
#20280=CARTESIAN_POINT('',(-0.767180999999999,-1.830469,11.6366241061569
));
#20290=DIRECTION('',(6.12303176911189E-17,-2.73691106313441E-48,1.));
#20300=VECTOR('',#20290,1.);
#20310=LINE('',#20280,#20300);
#20320=CARTESIAN_POINT('',(-0.767180999999999,-1.830469,6.3));
#20330=VERTEX_POINT('',#20320);
#20340=EDGE_CURVE('',#18270,#20330,#20310,.T.);
#20350=ORIENTED_EDGE('',*,*,#20340,.F.);
#20360=CARTESIAN_POINT('',(-2.217181,-1.830469,6.3));
#20370=DIRECTION('',(-1.,1.83690953073357E-16,6.12303176911189E-17));
#20380=VECTOR('',#20370,1.);
#20390=LINE('',#20360,#20380);
#20400=CARTESIAN_POINT('',(-1.417181,-1.830469,6.3));
#20410=VERTEX_POINT('',#20400);
#20420=EDGE_CURVE('',#20330,#20410,#20390,.T.);
#20430=ORIENTED_EDGE('',*,*,#20420,.F.);
#20440=CARTESIAN_POINT('',(-1.417181,-1.830469,11.6366241061569));
#20450=DIRECTION('',(-6.12303176911188E-17,0.,-1.));
#20460=VECTOR('',#20450,1.);
#20470=LINE('',#20440,#20460);
#20480=EDGE_CURVE('',#20410,#20160,#20470,.T.);
#20490=ORIENTED_EDGE('',*,*,#20480,.F.);
#20500=EDGE_LOOP('',(#20490,#20430,#20350,#20270,#20260,#20200,#20190,
#20180));
#20510=FACE_OUTER_BOUND('',#20500,.T.);
#20520=ADVANCED_FACE('',(#20510),#20100,.F.);
#20530=CARTESIAN_POINT('',(-1.417181,-1.330469,6.8500024));
#20540=DIRECTION('',(-1.,1.83690953073357E-16,6.12303176911188E-17));
#20550=DIRECTION('',(-1.83690953073357E-16,-1.,1.49966072182214E-32));
#20560=AXIS2_PLACEMENT_3D('',#20530,#20540,#20550);
#20570=PLANE('',#20560);
#20580=ORIENTED_EDGE('',*,*,#18120,.T.);
#20590=CARTESIAN_POINT('',(-1.417181,-1.630469,5.6));
#20600=DIRECTION('',(1.,-1.83690953073357E-16,-6.12303176911189E-17));
#20610=DIRECTION('',(-1.83690953073357E-16,-1.,1.49966072182214E-32));
#20620=AXIS2_PLACEMENT_3D('',#20590,#20600,#20610);
#20630=CIRCLE('',#20620,0.4);
#20640=CARTESIAN_POINT('',(-1.417181,-1.630469,5.2));
#20650=VERTEX_POINT('',#20640);
#20660=EDGE_CURVE('',#18050,#20650,#20630,.T.);
#20670=ORIENTED_EDGE('',*,*,#20660,.F.);
#20680=CARTESIAN_POINT('',(-1.417181,2.60323328567452E-16,5.2));
#20690=DIRECTION('',(-1.83690953073357E-16,-1.,1.49966072182214E-32));
#20700=VECTOR('',#20690,1.);
#20710=LINE('',#20680,#20700);
#20720=CARTESIAN_POINT('',(-1.417181,-1.530469,5.2));
#20730=VERTEX_POINT('',#20720);
#20740=EDGE_CURVE('',#20730,#20650,#20710,.T.);
#20750=ORIENTED_EDGE('',*,*,#20740,.T.);
#20760=CARTESIAN_POINT('',(-1.417181,0.,5.2));
#20770=DIRECTION('',(1.83690953073357E-16,1.,0.));
#20780=VECTOR('',#20770,1.);
#20790=LINE('',#20760,#20780);
#20800=CARTESIAN_POINT('',(-1.417181,-1.02997062820733,5.2));
#20810=VERTEX_POINT('',#20800);
#20820=EDGE_CURVE('',#20730,#20810,#20790,.T.);
#20830=ORIENTED_EDGE('',*,*,#20820,.F.);
#20840=CARTESIAN_POINT('',(-1.417181,-1.02997062820733,6.8500024));
#20850=DIRECTION('',(-6.12303176911188E-17,0.,-1.));
#20860=VECTOR('',#20850,1.);
#20870=LINE('',#20840,#20860);
#20880=EDGE_CURVE('',#15140,#20810,#20870,.T.);
#20890=ORIENTED_EDGE('',*,*,#20880,.T.);
#20900=ORIENTED_EDGE('',*,*,#17070,.T.);
#20910=CARTESIAN_POINT('',(-1.417181,-1.630469,5.6));
#20920=DIRECTION('',(1.,-1.83690953073357E-16,-6.12303176911189E-17));
#20930=DIRECTION('',(-1.83690953073357E-16,-1.,1.49966072182214E-32));
#20940=AXIS2_PLACEMENT_3D('',#20910,#20920,#20930);
#20950=CIRCLE('',#20940,0.2);
#20960=EDGE_CURVE('',#20160,#17000,#20950,.T.);
#20970=ORIENTED_EDGE('',*,*,#20960,.T.);
#20980=ORIENTED_EDGE('',*,*,#20480,.T.);
#20990=CARTESIAN_POINT('',(-1.417181,-1.630469,6.3));
#21000=DIRECTION('',(1.,-1.83690953073357E-16,-6.12303176911189E-17));
#21010=DIRECTION('',(-1.83690953073357E-16,-1.,1.49966072182214E-32));
#21020=AXIS2_PLACEMENT_3D('',#20990,#21000,#21010);
#21030=CIRCLE('',#21020,0.2);
#21040=EDGE_CURVE('',#19880,#20410,#21030,.T.);
#21050=ORIENTED_EDGE('',*,*,#21040,.T.);
#21060=ORIENTED_EDGE('',*,*,#19890,.T.);
#21070=CARTESIAN_POINT('',(-1.417181,-0.930468999999999,11.6366241061569
));
#21080=DIRECTION('',(-6.12303176911188E-17,0.,-1.));
#21090=VECTOR('',#21080,1.);
#21100=LINE('',#21070,#21090);
#21110=CARTESIAN_POINT('',(-1.417181,-0.930468999999999,6.7));
#21120=VERTEX_POINT('',#21110);
#21130=EDGE_CURVE('',#21120,#19800,#21100,.T.);
#21140=ORIENTED_EDGE('',*,*,#21130,.T.);
#21150=CARTESIAN_POINT('',(-1.417181,2.60323328567452E-16,6.7));
#21160=DIRECTION('',(1.83690953073357E-16,1.,-1.49966072182214E-32));
#21170=VECTOR('',#21160,1.);
#21180=LINE('',#21150,#21170);
#21190=EDGE_CURVE('',#17220,#21120,#21180,.T.);
#21200=ORIENTED_EDGE('',*,*,#21190,.T.);
#21210=ORIENTED_EDGE('',*,*,#17490,.F.);
#21220=EDGE_LOOP('',(#21210,#21200,#21140,#21060,#21050,#20980,#20970,
#20900,#20890,#20830,#20750,#20670,#20580));
#21230=FACE_OUTER_BOUND('',#21220,.T.);
#21240=ADVANCED_FACE('',(#21230),#20570,.T.);
#21250=CARTESIAN_POINT('',(-2.217181,-0.930468999999999,6.7));
#21260=DIRECTION('',(-6.12303176911189E-17,-3.74915180455534E-33,-1.));
#21270=DIRECTION('',(1.83690953073357E-16,1.,-1.49966072182214E-32));
#21280=AXIS2_PLACEMENT_3D('',#21250,#21260,#21270);
#21290=PLANE('',#21280);
#21300=CARTESIAN_POINT('',(-2.217181,-0.930468999999999,6.7));
#21310=DIRECTION('',(1.,-1.83690953073357E-16,-6.12303176911189E-17));
#21320=VECTOR('',#21310,1.);
#21330=LINE('',#21300,#21320);
#21340=EDGE_CURVE('',#21120,#19500,#21330,.T.);
#21350=ORIENTED_EDGE('',*,*,#21340,.F.);
#21360=ORIENTED_EDGE('',*,*,#19510,.F.);
#21370=CARTESIAN_POINT('',(-0.267180999999999,-1.630469,6.7));
#21380=VERTEX_POINT('',#21370);
#21390=EDGE_CURVE('',#21380,#19420,#17200,.T.);
#21400=ORIENTED_EDGE('',*,*,#21390,.T.);
#21410=CARTESIAN_POINT('',(-2.217181,-1.630469,6.7));
#21420=DIRECTION('',(-1.,1.83690953073357E-16,6.12303176911189E-17));
#21430=VECTOR('',#21420,1.);
#21440=LINE('',#21410,#21430);
#21450=EDGE_CURVE('',#21380,#17240,#21440,.T.);
#21460=ORIENTED_EDGE('',*,*,#21450,.F.);
#21470=ORIENTED_EDGE('',*,*,#17250,.T.);
#21480=ORIENTED_EDGE('',*,*,#21190,.F.);
#21490=EDGE_LOOP('',(#21480,#21470,#21460,#21400,#21360,#21350));
#21500=FACE_OUTER_BOUND('',#21490,.T.);
#21510=ADVANCED_FACE('',(#21500),#21290,.F.);
#21520=CARTESIAN_POINT('',(0.382819,0.669531,5.41));
#21530=DIRECTION('',(4.3265087693034E-16,-1.,0.));
#21540=DIRECTION('',(0.,0.,-1.));
#21550=AXIS2_PLACEMENT_3D('',#21520,#21530,#21540);
#21560=PLANE('',#21550);
#21570=CARTESIAN_POINT('',(-1.66533453693773E-16,0.669531,5.2));
#21580=DIRECTION('',(1.,0.,0.));
#21590=VECTOR('',#21580,1.);
#21600=LINE('',#21570,#21590);
#21610=CARTESIAN_POINT('',(0.782819000000001,0.669531,5.2));
#21620=VERTEX_POINT('',#21610);
#21630=EDGE_CURVE('',#21620,#8350,#21600,.T.);
#21640=ORIENTED_EDGE('',*,*,#21630,.F.);
#21650=ORIENTED_EDGE('',*,*,#8360,.F.);
#21660=CARTESIAN_POINT('',(0.782819000000001,0.669531,5.6));
#21670=DIRECTION('',(-1.83690953073357E-16,-1.,8.83363139618221E-33));
#21680=DIRECTION('',(-1.,1.83690953073357E-16,1.22460635382238E-16));
#21690=AXIS2_PLACEMENT_3D('',#21660,#21670,#21680);
#21700=CIRCLE('',#21690,0.4);
#21710=EDGE_CURVE('',#21620,#8310,#21700,.T.);
#21720=ORIENTED_EDGE('',*,*,#21710,.T.);
#21730=EDGE_LOOP('',(#21720,#21650,#21640));
#21740=FACE_OUTER_BOUND('',#21730,.T.);
#21750=ADVANCED_FACE('',(#21740),#21560,.F.);
#21760=ORIENTED_EDGE('',*,*,#2320,.T.);
#21770=ORIENTED_EDGE('',*,*,#3550,.T.);
#21780=EDGE_CURVE('',#3350,#3480,#3420,.T.);
#21790=ORIENTED_EDGE('',*,*,#21780,.T.);
#21800=ORIENTED_EDGE('',*,*,#3360,.F.);
#21810=EDGE_LOOP('',(#21800,#21790,#21770,#21760));
#21820=FACE_OUTER_BOUND('',#21810,.T.);
#21830=ADVANCED_FACE('',(#21820),#3290,.T.);
#21840=ORIENTED_EDGE('',*,*,#2230,.T.);
#21850=ORIENTED_EDGE('',*,*,#2570,.T.);
#21860=ORIENTED_EDGE('',*,*,#2400,.F.);
#21870=ORIENTED_EDGE('',*,*,#3570,.F.);
#21880=EDGE_LOOP('',(#21870,#21860,#21850,#21840));
#21890=FACE_OUTER_BOUND('',#21880,.T.);
#21900=ADVANCED_FACE('',(#21890),#2140,.T.);
#21910=CARTESIAN_POINT('',(0.584885317322113,2.49949213364257,5.2));
#21920=DIRECTION('',(0.,0.,-1.));
#21930=DIRECTION('',(-1.,1.22460635382238E-16,0.));
#21940=AXIS2_PLACEMENT_3D('',#21910,#21920,#21930);
#21950=PLANE('',#21940);
#21960=CARTESIAN_POINT('',(0.,-0.530469000000001,5.2));
#21970=DIRECTION('',(1.,-1.83690953073357E-16,0.));
#21980=VECTOR('',#21970,1.);
#21990=LINE('',#21960,#21980);
#22000=CARTESIAN_POINT('',(-1.717181,-0.530469,5.2));
#22010=VERTEX_POINT('',#22000);
#22020=CARTESIAN_POINT('',(-1.667181,-0.530469,5.2));
#22030=VERTEX_POINT('',#22020);
#22040=EDGE_CURVE('',#22010,#22030,#21990,.T.);
#22050=ORIENTED_EDGE('',*,*,#22040,.T.);
#22060=CARTESIAN_POINT('',(-1.717181,-2.33802133523756E-16,5.2));
#22070=DIRECTION('',(1.26531814539921E-15,-1.,0.));
#22080=VECTOR('',#22070,1.);
#22090=LINE('',#22060,#22080);
#22100=CARTESIAN_POINT('',(-1.717181,-0.363802333333335,5.2));
#22110=VERTEX_POINT('',#22100);
#22120=EDGE_CURVE('',#22110,#22010,#22090,.T.);
#22130=ORIENTED_EDGE('',*,*,#22120,.T.);
#22140=CARTESIAN_POINT('',(-1.8263217,0.,5.2));
#22150=DIRECTION('',(-0.287347885566345,0.957826285221152,0.));
#22160=VECTOR('',#22150,1.);
#22170=LINE('',#22140,#22160);
#22180=EDGE_CURVE('',#22030,#22110,#22170,.T.);
#22190=ORIENTED_EDGE('',*,*,#22180,.T.);
#22200=EDGE_LOOP('',(#22190,#22130,#22050));
#22210=FACE_OUTER_BOUND('',#22200,.T.);
#22220=ADVANCED_FACE('',(#22210),#21950,.F.);
#22230=CARTESIAN_POINT('',(-2.217181,-1.630469,-0.0500000000000007));
#22240=DIRECTION('',(-1.,6.12303176911189E-17,6.12303176911188E-17));
#22250=DIRECTION('',(-6.12303176911188E-17,-1.,0.));
#22260=AXIS2_PLACEMENT_3D('',#22230,#22240,#22250);
#22270=CYLINDRICAL_SURFACE('',#22260,0.2);
#22280=CARTESIAN_POINT('',(-1.417181,-1.630469,-0.0500000000000007));
#22290=DIRECTION('',(-1.,6.12303176911189E-17,6.12303176911188E-17));
#22300=DIRECTION('',(-6.12303176911188E-17,-1.,0.));
#22310=AXIS2_PLACEMENT_3D('',#22280,#22290,#22300);
#22320=CIRCLE('',#22310,0.2);
#22330=CARTESIAN_POINT('',(-1.417181,-1.630469,-0.25));
#22340=VERTEX_POINT('',#22330);
#22350=CARTESIAN_POINT('',(-1.417181,-1.830469,-0.0500000000000008));
#22360=VERTEX_POINT('',#22350);
#22370=EDGE_CURVE('',#22340,#22360,#22320,.T.);
#22380=ORIENTED_EDGE('',*,*,#22370,.T.);
#22390=CARTESIAN_POINT('',(-2.217181,-1.630469,-0.25));
#22400=DIRECTION('',(1.,-6.12303176911189E-17,-6.12303176911188E-17));
#22410=VECTOR('',#22400,1.);
#22420=LINE('',#22390,#22410);
#22430=CARTESIAN_POINT('',(-0.767181000000003,-1.630469,-0.25));
#22440=VERTEX_POINT('',#22430);
#22450=EDGE_CURVE('',#22340,#22440,#22420,.T.);
#22460=ORIENTED_EDGE('',*,*,#22450,.F.);
#22470=CARTESIAN_POINT('',(-0.767181000000003,-1.630469,
-0.0500000000000007));
#22480=DIRECTION('',(-1.,6.12303176911189E-17,6.12303176911188E-17));
#22490=DIRECTION('',(-6.12303176911188E-17,-1.,0.));
#22500=AXIS2_PLACEMENT_3D('',#22470,#22480,#22490);
#22510=CIRCLE('',#22500,0.2);
#22520=CARTESIAN_POINT('',(-0.767181000000003,-1.830469,
-0.0500000000000008));
#22530=VERTEX_POINT('',#22520);
#22540=EDGE_CURVE('',#22440,#22530,#22510,.T.);
#22550=ORIENTED_EDGE('',*,*,#22540,.F.);
#22560=CARTESIAN_POINT('',(-2.217181,-1.830469,-0.0500000000000007));
#22570=DIRECTION('',(-1.,6.12303176911189E-17,6.12303176911188E-17));
#22580=VECTOR('',#22570,1.);
#22590=LINE('',#22560,#22580);
#22600=EDGE_CURVE('',#22530,#22360,#22590,.T.);
#22610=ORIENTED_EDGE('',*,*,#22600,.F.);
#22620=EDGE_LOOP('',(#22610,#22550,#22460,#22380));
#22630=FACE_OUTER_BOUND('',#22620,.T.);
#22640=ADVANCED_FACE('',(#22630),#22270,.F.);
#22650=CARTESIAN_POINT('',(-2.217181,-1.330469,1.05));
#22660=DIRECTION('',(1.22460635382238E-16,-1.,0.));
#22670=DIRECTION('',(1.,1.22460635382238E-16,0.));
#22680=AXIS2_PLACEMENT_3D('',#22650,#22660,#22670);
#22690=PLANE('',#22680);
#22700=CARTESIAN_POINT('',(-2.217181,-1.330469,6.875));
#22710=DIRECTION('',(0.,0.,1.));
#22720=VECTOR('',#22710,1.);
#22730=LINE('',#22700,#22720);
#22740=CARTESIAN_POINT('',(-2.217181,-1.330469,0.300000000000002));
#22750=VERTEX_POINT('',#22740);
#22760=CARTESIAN_POINT('',(-2.217181,-1.330469,1.05));
#22770=VERTEX_POINT('',#22760);
#22780=EDGE_CURVE('',#22750,#22770,#22730,.T.);
#22790=ORIENTED_EDGE('',*,*,#22780,.F.);
#22800=CARTESIAN_POINT('',(-3.60337459740302E-18,-1.330469,1.05));
#22810=DIRECTION('',(-1.,-1.22460635382238E-16,0.));
#22820=VECTOR('',#22810,1.);
#22830=LINE('',#22800,#22820);
#22840=CARTESIAN_POINT('',(-1.717181,-1.330469,1.05));
#22850=VERTEX_POINT('',#22840);
#22860=EDGE_CURVE('',#22850,#22770,#22830,.T.);
#22870=ORIENTED_EDGE('',*,*,#22860,.T.);
#22880=CARTESIAN_POINT('',(-1.717181,-1.330469,1.875));
#22890=DIRECTION('',(0.,0.,-1.));
#22900=VECTOR('',#22890,1.);
#22910=LINE('',#22880,#22900);
#22920=CARTESIAN_POINT('',(-1.717181,-1.330469,0.840000000000002));
#22930=VERTEX_POINT('',#22920);
#22940=EDGE_CURVE('',#22850,#22930,#22910,.T.);
#22950=ORIENTED_EDGE('',*,*,#22940,.F.);
#22960=CARTESIAN_POINT('',(0.,-1.330469,0.840000000000002));
#22970=DIRECTION('',(-1.,0.,0.));
#22980=VECTOR('',#22970,1.);
#22990=LINE('',#22960,#22980);
#23000=CARTESIAN_POINT('',(-1.417181,-1.330469,0.840000000000002));
#23010=VERTEX_POINT('',#23000);
#23020=EDGE_CURVE('',#23010,#22930,#22990,.T.);
#23030=ORIENTED_EDGE('',*,*,#23020,.T.);
#23040=CARTESIAN_POINT('',(-1.417181,-1.330469,8.125));
#23050=DIRECTION('',(0.,0.,-1.));
#23060=VECTOR('',#23050,1.);
#23070=LINE('',#23040,#23060);
#23080=CARTESIAN_POINT('',(-1.417181,-1.330469,0.300000000000002));
#23090=VERTEX_POINT('',#23080);
#23100=EDGE_CURVE('',#23010,#23090,#23070,.T.);
#23110=ORIENTED_EDGE('',*,*,#23100,.F.);
#23120=CARTESIAN_POINT('',(-1.017181,-1.330469,0.300000000000002));
#23130=DIRECTION('',(1.,1.22460635382238E-16,0.));
#23140=VECTOR('',#23130,1.);
#23150=LINE('',#23120,#23140);
#23160=EDGE_CURVE('',#22750,#23090,#23150,.T.);
#23170=ORIENTED_EDGE('',*,*,#23160,.T.);
#23180=EDGE_LOOP('',(#23170,#23110,#23030,#22950,#22870,#22790));
#23190=FACE_OUTER_BOUND('',#23180,.T.);
#23200=ADVANCED_FACE('',(#23190),#22690,.T.);
#23210=CARTESIAN_POINT('',(-2.217181,-1.830469,0.649999999999999));
#23220=DIRECTION('',(6.12303176911189E-17,1.,-3.74915180455534E-33));
#23230=DIRECTION('',(6.12303176911188E-17,0.,1.));
#23240=AXIS2_PLACEMENT_3D('',#23210,#23220,#23230);
#23250=PLANE('',#23240);
#23260=CARTESIAN_POINT('',(-1.417181,-1.830469,-5.38662410615686));
#23270=DIRECTION('',(6.12303176911188E-17,0.,1.));
#23280=VECTOR('',#23270,1.);
#23290=LINE('',#23260,#23280);
#23300=CARTESIAN_POINT('',(-1.417181,-1.830469,0.649999999999999));
#23310=VERTEX_POINT('',#23300);
#23320=EDGE_CURVE('',#22360,#23310,#23290,.T.);
#23330=ORIENTED_EDGE('',*,*,#23320,.T.);
#23340=ORIENTED_EDGE('',*,*,#22600,.T.);
#23350=CARTESIAN_POINT('',(-0.767181000000003,-1.830469,
-5.38662410615686));
#23360=DIRECTION('',(-6.12303176911188E-17,-7.54721935012284E-49,-1.));
#23370=VECTOR('',#23360,1.);
#23380=LINE('',#23350,#23370);
#23390=CARTESIAN_POINT('',(-0.767181000000003,-1.830469,
0.350000000000001));
#23400=VERTEX_POINT('',#23390);
#23410=EDGE_CURVE('',#23400,#22530,#23380,.T.);
#23420=ORIENTED_EDGE('',*,*,#23410,.T.);
#23430=CARTESIAN_POINT('',(-3.11850685290218E-15,-1.830469,
0.350000000000001));
#23440=DIRECTION('',(-1.,6.12303176911189E-17,6.12303176911188E-17));
#23450=VECTOR('',#23440,1.);
#23460=LINE('',#23430,#23450);
#23470=CARTESIAN_POINT('',(-0.267181000000003,-1.830469,
0.350000000000001));
#23480=VERTEX_POINT('',#23470);
#23490=EDGE_CURVE('',#23480,#23400,#23460,.T.);
#23500=ORIENTED_EDGE('',*,*,#23490,.T.);
#23510=CARTESIAN_POINT('',(-0.267181000000003,-1.830469,
-5.38662410615686));
#23520=DIRECTION('',(6.12303176911188E-17,7.54721935012284E-49,1.));
#23530=VECTOR('',#23520,1.);
#23540=LINE('',#23510,#23530);
#23550=CARTESIAN_POINT('',(-0.267181000000003,-1.830469,
-0.0500000000000008));
#23560=VERTEX_POINT('',#23550);
#23570=EDGE_CURVE('',#23560,#23480,#23540,.T.);
#23580=ORIENTED_EDGE('',*,*,#23570,.T.);
#23590=CARTESIAN_POINT('',(-2.217181,-1.830469,-0.0500000000000007));
#23600=DIRECTION('',(-1.,6.12303176911189E-17,6.12303176911188E-17));
#23610=VECTOR('',#23600,1.);
#23620=LINE('',#23590,#23610);
#23630=CARTESIAN_POINT('',(0.382818999999997,-1.830469,
-0.0500000000000009));
#23640=VERTEX_POINT('',#23630);
#23650=EDGE_CURVE('',#23640,#23560,#23620,.T.);
#23660=ORIENTED_EDGE('',*,*,#23650,.T.);
#23670=CARTESIAN_POINT('',(0.382818999999997,-1.830469,-5.38662410615686
));
#23680=DIRECTION('',(-6.12303176911188E-17,0.,-1.));
#23690=VECTOR('',#23680,1.);
#23700=LINE('',#23670,#23690);
#23710=CARTESIAN_POINT('',(0.382818999999997,-1.830469,0.649999999999998
));
#23720=VERTEX_POINT('',#23710);
#23730=EDGE_CURVE('',#23720,#23640,#23700,.T.);
#23740=ORIENTED_EDGE('',*,*,#23730,.T.);
#23750=CARTESIAN_POINT('',(-2.217181,-1.830469,0.649999999999999));
#23760=DIRECTION('',(-1.,6.12303176911189E-17,6.12303176911188E-17));
#23770=VECTOR('',#23760,1.);
#23780=LINE('',#23750,#23770);
#23790=EDGE_CURVE('',#23720,#23310,#23780,.T.);
#23800=ORIENTED_EDGE('',*,*,#23790,.F.);
#23810=EDGE_LOOP('',(#23800,#23740,#23660,#23580,#23500,#23420,#23340,
#23330));
#23820=FACE_OUTER_BOUND('',#23810,.T.);
#23830=ADVANCED_FACE('',(#23820),#23250,.T.);
#23840=CARTESIAN_POINT('',(-0.452181000000001,-1.430469,2.325));
#23850=DIRECTION('',(0.,0.,-1.));
#23860=DIRECTION('',(-1.,0.,0.));
#23870=AXIS2_PLACEMENT_3D('',#23840,#23850,#23860);
#23880=CIRCLE('',#23870,0.25);
#23890=CARTESIAN_POINT('',(-0.223052215252209,-1.530469,2.325));
#23900=VERTEX_POINT('',#23890);
#23910=CARTESIAN_POINT('',(-0.452181000000001,-1.680469,2.325));
#23920=VERTEX_POINT('',#23910);
#23930=EDGE_CURVE('',#23900,#23920,#23880,.T.);
#23940=ORIENTED_EDGE('',*,*,#23930,.F.);
#23950=CARTESIAN_POINT('',(-0.0251477347320566,-1.680469,2.325));
#23960=DIRECTION('',(1.,0.,0.));
#23970=VECTOR('',#23960,1.);
#23980=LINE('',#23950,#23970);
#23990=CARTESIAN_POINT('',(-3.417181,-1.680469,2.325));
#24000=VERTEX_POINT('',#23990);
#24010=EDGE_CURVE('',#24000,#23920,#23980,.T.);
#24020=ORIENTED_EDGE('',*,*,#24010,.T.);
#24030=CARTESIAN_POINT('',(-3.417181,-0.372053431461694,2.325));
#24040=DIRECTION('',(0.,-1.,0.));
#24050=VECTOR('',#24040,1.);
#24060=LINE('',#24030,#24050);
#24070=CARTESIAN_POINT('',(-3.417181,-2.030469,2.325));
#24080=VERTEX_POINT('',#24070);
#24090=EDGE_CURVE('',#24000,#24080,#24060,.T.);
#24100=ORIENTED_EDGE('',*,*,#24090,.F.);
#24110=CARTESIAN_POINT('',(-0.0251477347320566,-2.030469,2.325));
#24120=DIRECTION('',(-1.,0.,0.));
#24130=VECTOR('',#24120,1.);
#24140=LINE('',#24110,#24130);
#24150=CARTESIAN_POINT('',(-0.302181,-2.030469,2.325));
#24160=VERTEX_POINT('',#24150);
#24170=EDGE_CURVE('',#24160,#24080,#24140,.T.);
#24180=ORIENTED_EDGE('',*,*,#24170,.T.);
#24190=CARTESIAN_POINT('',(-0.302181,-1.580469,2.325));
#24200=DIRECTION('',(0.,0.,1.));
#24210=DIRECTION('',(1.,0.,0.));
#24220=AXIS2_PLACEMENT_3D('',#24190,#24200,#24210);
#24230=CIRCLE('',#24220,0.45);
#24240=CARTESIAN_POINT('',(0.147819,-1.580469,2.325));
#24250=VERTEX_POINT('',#24240);
#24260=EDGE_CURVE('',#24160,#24250,#24230,.T.);
#24270=ORIENTED_EDGE('',*,*,#24260,.F.);
#24280=CARTESIAN_POINT('',(0.147819,-1.530469,2.325));
#24290=VERTEX_POINT('',#24280);
#24300=EDGE_CURVE('',#24250,#24290,#5730,.T.);
#24310=ORIENTED_EDGE('',*,*,#24300,.F.);
#24320=CARTESIAN_POINT('',(0.,-1.530469,2.325));
#24330=DIRECTION('',(-1.,-1.22460635382238E-16,0.));
#24340=VECTOR('',#24330,1.);
#24350=LINE('',#24320,#24340);
#24360=EDGE_CURVE('',#24290,#23900,#24350,.T.);
#24370=ORIENTED_EDGE('',*,*,#24360,.F.);
#24380=EDGE_LOOP('',(#24370,#24310,#24270,#24180,#24100,#24020,#23940));
#24390=FACE_OUTER_BOUND('',#24380,.T.);
#24400=ADVANCED_FACE('',(#24390),#5530,.F.);
#24410=CARTESIAN_POINT('',(-2.5571834,-1.530469,2.324));
#24420=DIRECTION('',(0.,0.,-1.));
#24430=DIRECTION('',(1.22460635382238E-16,-1.,0.));
#24440=AXIS2_PLACEMENT_3D('',#24410,#24420,#24430);
#24450=PLANE('',#24440);
#24460=CARTESIAN_POINT('',(-2.217181,-2.030469,2.324));
#24470=DIRECTION('',(1.,0.,0.));
#24480=VECTOR('',#24470,1.);
#24490=LINE('',#24460,#24480);
#24500=CARTESIAN_POINT('',(-2.217181,-2.030469,2.324));
#24510=VERTEX_POINT('',#24500);
#24520=CARTESIAN_POINT('',(-1.517181,-2.030469,2.324));
#24530=VERTEX_POINT('',#24520);
#24540=EDGE_CURVE('',#24510,#24530,#24490,.T.);
#24550=ORIENTED_EDGE('',*,*,#24540,.T.);
#24560=CARTESIAN_POINT('',(-2.217181,-2.030469,2.324));
#24570=DIRECTION('',(0.,1.,0.));
#24580=VECTOR('',#24570,1.);
#24590=LINE('',#24560,#24580);
#24600=CARTESIAN_POINT('',(-2.217181,-1.530469,2.324));
#24610=VERTEX_POINT('',#24600);
#24620=EDGE_CURVE('',#24510,#24610,#24590,.T.);
#24630=ORIENTED_EDGE('',*,*,#24620,.F.);
#24640=CARTESIAN_POINT('',(0.,-1.530469,2.324));
#24650=DIRECTION('',(-1.,-1.22460635382238E-16,0.));
#24660=VECTOR('',#24650,1.);
#24670=LINE('',#24640,#24660);
#24680=CARTESIAN_POINT('',(-1.517181,-1.530469,2.324));
#24690=VERTEX_POINT('',#24680);
#24700=EDGE_CURVE('',#24690,#24610,#24670,.T.);
#24710=ORIENTED_EDGE('',*,*,#24700,.T.);
#24720=CARTESIAN_POINT('',(-1.517181,0.,2.324));
#24730=DIRECTION('',(-1.22460635382238E-16,1.,0.));
#24740=VECTOR('',#24730,1.);
#24750=LINE('',#24720,#24740);
#24760=EDGE_CURVE('',#24530,#24690,#24750,.T.);
#24770=ORIENTED_EDGE('',*,*,#24760,.T.);
#24780=EDGE_LOOP('',(#24770,#24710,#24630,#24550));
#24790=FACE_OUTER_BOUND('',#24780,.T.);
#24800=ADVANCED_FACE('',(#24790),#24450,.F.);
#24810=CARTESIAN_POINT('',(0.372818999999999,2.669531,1.05));
#24820=DIRECTION('',(-1.,-5.55111512312579E-16,0.));
#24830=DIRECTION('',(5.55111512312579E-16,-1.,0.));
#24840=AXIS2_PLACEMENT_3D('',#24810,#24820,#24830);
#24850=PLANE('',#24840);
#24860=CARTESIAN_POINT('',(0.372818999999999,1.769531,1.55));
#24870=DIRECTION('',(0.,0.,-1.));
#24880=VECTOR('',#24870,1.);
#24890=LINE('',#24860,#24880);
#24900=CARTESIAN_POINT('',(0.372818999999999,1.769531,1.55));
#24910=VERTEX_POINT('',#24900);
#24920=CARTESIAN_POINT('',(0.372818999999999,1.769531,1.05));
#24930=VERTEX_POINT('',#24920);
#24940=EDGE_CURVE('',#24910,#24930,#24890,.T.);
#24950=ORIENTED_EDGE('',*,*,#24940,.F.);
#24960=CARTESIAN_POINT('',(0.372819,-0.230469,1.05));
#24970=DIRECTION('',(-2.33482937844753E-16,1.,0.));
#24980=VECTOR('',#24970,1.);
#24990=LINE('',#24960,#24980);
#25000=CARTESIAN_POINT('',(0.372818999999999,2.769531,1.05));
#25010=VERTEX_POINT('',#25000);
#25020=EDGE_CURVE('',#24930,#25010,#24990,.T.);
#25030=ORIENTED_EDGE('',*,*,#25020,.F.);
#25040=CARTESIAN_POINT('',(0.372818999999999,2.769531,1.05));
#25050=DIRECTION('',(0.,0.,1.));
#25060=VECTOR('',#25050,1.);
#25070=LINE('',#25040,#25060);
#25080=CARTESIAN_POINT('',(0.372818999999999,2.769531,1.55));
#25090=VERTEX_POINT('',#25080);
#25100=EDGE_CURVE('',#25010,#25090,#25070,.T.);
#25110=ORIENTED_EDGE('',*,*,#25100,.F.);
#25120=CARTESIAN_POINT('',(0.372819,-0.230469,1.55));
#25130=DIRECTION('',(-2.33482937844753E-16,1.,0.));
#25140=VECTOR('',#25130,1.);
#25150=LINE('',#25120,#25140);
#25160=EDGE_CURVE('',#24910,#25090,#25150,.T.);
#25170=ORIENTED_EDGE('',*,*,#25160,.T.);
#25180=EDGE_LOOP('',(#25170,#25110,#25030,#24950));
#25190=FACE_OUTER_BOUND('',#25180,.T.);
#25200=ADVANCED_FACE('',(#25190),#24850,.T.);
#25210=CARTESIAN_POINT('',(-0.302181,-1.580469,2.325));
#25220=DIRECTION('',(0.,0.,1.));
#25230=DIRECTION('',(1.,0.,0.));
#25240=AXIS2_PLACEMENT_3D('',#25210,#25220,#25230);
#25250=CYLINDRICAL_SURFACE('',#25240,0.45);
#25260=CARTESIAN_POINT('',(-0.302181,-1.580469,2.675));
#25270=DIRECTION('',(0.,0.,1.));
#25280=DIRECTION('',(1.,0.,0.));
#25290=AXIS2_PLACEMENT_3D('',#25260,#25270,#25280);
#25300=CIRCLE('',#25290,0.45);
#25310=CARTESIAN_POINT('',(-0.302181,-2.030469,2.675));
#25320=VERTEX_POINT('',#25310);
#25330=CARTESIAN_POINT('',(0.147819,-1.580469,2.675));
#25340=VERTEX_POINT('',#25330);
#25350=EDGE_CURVE('',#25320,#25340,#25300,.T.);
#25360=ORIENTED_EDGE('',*,*,#25350,.F.);
#25370=CARTESIAN_POINT('',(0.147819,-1.580469,2.325));
#25380=DIRECTION('',(0.,0.,1.));
#25390=VECTOR('',#25380,1.);
#25400=LINE('',#25370,#25390);
#25410=EDGE_CURVE('',#24250,#25340,#25400,.T.);
#25420=ORIENTED_EDGE('',*,*,#25410,.T.);
#25430=ORIENTED_EDGE('',*,*,#24260,.T.);
#25440=CARTESIAN_POINT('',(-0.302181,-2.030469,2.325));
#25450=DIRECTION('',(0.,0.,1.));
#25460=VECTOR('',#25450,1.);
#25470=LINE('',#25440,#25460);
#25480=EDGE_CURVE('',#24160,#25320,#25470,.T.);
#25490=ORIENTED_EDGE('',*,*,#25480,.F.);
#25500=EDGE_LOOP('',(#25490,#25430,#25420,#25360));
#25510=FACE_OUTER_BOUND('',#25500,.T.);
#25520=ADVANCED_FACE('',(#25510),#25250,.T.);
#25530=CARTESIAN_POINT('',(1.182819,-2.030469,2.324));
#25540=DIRECTION('',(1.22460635382238E-16,-1.,1.33226762955017E-14));
#25550=DIRECTION('',(-1.63150340413901E-30,1.33226762955017E-14,1.));
#25560=AXIS2_PLACEMENT_3D('',#25530,#25540,#25550);
#25570=PLANE('',#25560);
#25580=ORIENTED_EDGE('',*,*,#21780,.F.);
#25590=ORIENTED_EDGE('',*,*,#3490,.F.);
#25600=CARTESIAN_POINT('',(8.21190701701634E-17,-2.030469,1.05));
#25610=DIRECTION('',(-1.,-1.22460635382238E-16,0.));
#25620=VECTOR('',#25610,1.);
#25630=LINE('',#25600,#25620);
#25640=CARTESIAN_POINT('',(-1.017181,-2.030469,1.05));
#25650=VERTEX_POINT('',#25640);
#25660=EDGE_CURVE('',#3440,#25650,#25630,.T.);
#25670=ORIENTED_EDGE('',*,*,#25660,.F.);
#25680=CARTESIAN_POINT('',(-1.017181,-2.03046900000003,0.));
#25690=DIRECTION('',(2.36658271566304E-30,-1.33226762955017E-14,-1.));
#25700=VECTOR('',#25690,1.);
#25710=LINE('',#25680,#25700);
#25720=CARTESIAN_POINT('',(-1.017181,-2.030469,2.324));
#25730=VERTEX_POINT('',#25720);
#25740=EDGE_CURVE('',#25730,#25650,#25710,.T.);
#25750=ORIENTED_EDGE('',*,*,#25740,.T.);
#25760=CARTESIAN_POINT('',(1.182819,-2.030469,2.324));
#25770=DIRECTION('',(-1.,-1.22460635382238E-16,0.));
#25780=VECTOR('',#25770,1.);
#25790=LINE('',#25760,#25780);
#25800=EDGE_CURVE('',#9030,#25730,#25790,.T.);
#25810=ORIENTED_EDGE('',*,*,#25800,.T.);
#25820=ORIENTED_EDGE('',*,*,#9040,.F.);
#25830=EDGE_LOOP('',(#25820,#25810,#25750,#25670,#25590,#25580));
#25840=FACE_OUTER_BOUND('',#25830,.T.);
#25850=ADVANCED_FACE('',(#25840),#25570,.T.);
#25860=CARTESIAN_POINT('',(-1.817181,-0.0304690000000002,5.2));
#25870=DIRECTION('',(1.83690953073357E-16,1.,-1.1247455413666E-32));
#25880=DIRECTION('',(-1.,1.83690953073357E-16,6.12303176911189E-17));
#25890=AXIS2_PLACEMENT_3D('',#25860,#25870,#25880);
#25900=PLANE('',#25890);
#25910=CARTESIAN_POINT('',(0.,-0.0304690000000005,5.2));
#25920=DIRECTION('',(1.,-1.83690953073357E-16,0.));
#25930=VECTOR('',#25920,1.);
#25940=LINE('',#25910,#25930);
#25950=CARTESIAN_POINT('',(-1.717181,-0.0304690000000002,5.2));
#25960=VERTEX_POINT('',#25950);
#25970=CARTESIAN_POINT('',(-1.667181,-0.0304690000000002,5.2));
#25980=VERTEX_POINT('',#25970);
#25990=EDGE_CURVE('',#25960,#25980,#25940,.T.);
#26000=ORIENTED_EDGE('',*,*,#25990,.F.);
#26010=CARTESIAN_POINT('',(-1.667181,-0.0304690000000002,5.2));
#26020=DIRECTION('',(6.12303176911188E-17,0.,1.));
#26030=VECTOR('',#26020,1.);
#26040=LINE('',#26010,#26030);
#26050=EDGE_CURVE('',#25980,#15690,#26040,.T.);
#26060=ORIENTED_EDGE('',*,*,#26050,.F.);
#26070=ORIENTED_EDGE('',*,*,#15700,.T.);
#26080=CARTESIAN_POINT('',(-1.717181,-0.0304690000000002,-8.125));
#26090=DIRECTION('',(1.43687830814556E-47,-1.1247455413666E-32,-1.));
#26100=VECTOR('',#26090,1.);
#26110=LINE('',#26080,#26100);
#26120=EDGE_CURVE('',#15610,#25960,#26110,.T.);
#26130=ORIENTED_EDGE('',*,*,#26120,.F.);
#26140=EDGE_LOOP('',(#26130,#26070,#26060,#26000));
#26150=FACE_OUTER_BOUND('',#26140,.T.);
#26160=ADVANCED_FACE('',(#26150),#25900,.T.);
#26170=CARTESIAN_POINT('',(0.382818999999997,-1.02997062820733,
-0.600002400000001));
#26180=DIRECTION('',(6.12303176911189E-17,1.,-3.74915180455534E-33));
#26190=DIRECTION('',(1.,-6.12303176911189E-17,-6.12303176911188E-17));
#26200=AXIS2_PLACEMENT_3D('',#26170,#26180,#26190);
#26210=PLANE('',#26200);
#26220=CARTESIAN_POINT('',(-3.03887692444053E-15,-1.02997062820733,
0.850000000000001));
#26230=DIRECTION('',(-1.,6.12303176911189E-17,6.12303176911188E-17));
#26240=VECTOR('',#26230,1.);
#26250=LINE('',#26220,#26240);
#26260=CARTESIAN_POINT('',(0.482968511537799,-1.02997062820733,
0.850000000000001));
#26270=VERTEX_POINT('',#26260);
#26280=CARTESIAN_POINT('',(0.382818999999997,-1.02997062820733,
0.850000000000001));
#26290=VERTEX_POINT('',#26280);
#26300=EDGE_CURVE('',#26270,#26290,#26250,.T.);
#26310=ORIENTED_EDGE('',*,*,#26300,.F.);
#26320=CARTESIAN_POINT('',(0.382818999999997,-1.02997062820733,
-0.600002400000001));
#26330=DIRECTION('',(6.12303176911188E-17,0.,1.));
#26340=VECTOR('',#26330,1.);
#26350=LINE('',#26320,#26340);
#26360=CARTESIAN_POINT('',(0.382818999999997,-1.02997062820733,1.05));
#26370=VERTEX_POINT('',#26360);
#26380=EDGE_CURVE('',#26290,#26370,#26350,.T.);
#26390=ORIENTED_EDGE('',*,*,#26380,.F.);
#26400=CARTESIAN_POINT('',(0.,-1.02997062820733,1.05));
#26410=DIRECTION('',(1.,-6.12303176911189E-17,0.));
#26420=VECTOR('',#26410,1.);
#26430=LINE('',#26400,#26420);
#26440=CARTESIAN_POINT('',(0.482968511537799,-1.02997062820733,1.05));
#26450=VERTEX_POINT('',#26440);
#26460=EDGE_CURVE('',#26370,#26450,#26430,.T.);
#26470=ORIENTED_EDGE('',*,*,#26460,.F.);
#26480=CARTESIAN_POINT('',(0.482968511537801,-1.02997062820733,1.05));
#26490=DIRECTION('',(-6.12303176911188E-17,0.,-1.));
#26500=VECTOR('',#26490,1.);
#26510=LINE('',#26480,#26500);
#26520=EDGE_CURVE('',#26450,#26270,#26510,.T.);
#26530=ORIENTED_EDGE('',*,*,#26520,.F.);
#26540=EDGE_LOOP('',(#26530,#26470,#26390,#26310));
#26550=FACE_OUTER_BOUND('',#26540,.T.);
#26560=ADVANCED_FACE('',(#26550),#26210,.F.);
#26570=CARTESIAN_POINT('',(0.147819,-2.030469,2.325));
#26580=DIRECTION('',(0.,-1.,0.));
#26590=DIRECTION('',(-1.,0.,0.));
#26600=AXIS2_PLACEMENT_3D('',#26570,#26580,#26590);
#26610=PLANE('',#26600);
#26620=ORIENTED_EDGE('',*,*,#24170,.F.);
#26630=CARTESIAN_POINT('',(-3.417181,-2.030469,2.325));
#26640=DIRECTION('',(0.,0.,-1.));
#26650=VECTOR('',#26640,1.);
#26660=LINE('',#26630,#26650);
#26670=CARTESIAN_POINT('',(-3.417181,-2.030469,2.675));
#26680=VERTEX_POINT('',#26670);
#26690=EDGE_CURVE('',#26680,#24080,#26660,.T.);
#26700=ORIENTED_EDGE('',*,*,#26690,.T.);
#26710=CARTESIAN_POINT('',(-0.0251477347320566,-2.030469,2.675));
#26720=DIRECTION('',(-1.,0.,0.));
#26730=VECTOR('',#26720,1.);
#26740=LINE('',#26710,#26730);
#26750=EDGE_CURVE('',#25320,#26680,#26740,.T.);
#26760=ORIENTED_EDGE('',*,*,#26750,.T.);
#26770=ORIENTED_EDGE('',*,*,#25480,.T.);
#26780=EDGE_LOOP('',(#26770,#26760,#26700,#26620));
#26790=FACE_OUTER_BOUND('',#26780,.T.);
#26800=ADVANCED_FACE('',(#26790),#26610,.T.);
#26810=CARTESIAN_POINT('',(0.584885317322113,2.49949213364258,1.05));
#26820=DIRECTION('',(0.,0.,-1.));
#26830=DIRECTION('',(-1.,0.,0.));
#26840=AXIS2_PLACEMENT_3D('',#26810,#26820,#26830);
#26850=PLANE('',#26840);
#26860=CARTESIAN_POINT('',(-1.567181,1.769531,1.05));
#26870=DIRECTION('',(1.,1.22460635382238E-16,0.));
#26880=VECTOR('',#26870,1.);
#26890=LINE('',#26860,#26880);
#26900=CARTESIAN_POINT('',(-0.427181000000001,1.769531,1.05));
#26910=VERTEX_POINT('',#26900);
#26920=EDGE_CURVE('',#26910,#24930,#26890,.T.);
#26930=ORIENTED_EDGE('',*,*,#26920,.T.);
#26940=CARTESIAN_POINT('',(-0.427181000000001,2.669531,1.05));
#26950=DIRECTION('',(2.22044604925032E-15,1.,0.));
#26960=VECTOR('',#26950,1.);
#26970=LINE('',#26940,#26960);
#26980=CARTESIAN_POINT('',(-0.427181000000001,2.769531,1.05));
#26990=VERTEX_POINT('',#26980);
#27000=EDGE_CURVE('',#26910,#26990,#26970,.T.);
#27010=ORIENTED_EDGE('',*,*,#27000,.F.);
#27020=CARTESIAN_POINT('',(-0.427181000000001,2.769531,1.05));
#27030=DIRECTION('',(-1.,0.,0.));
#27040=VECTOR('',#27030,1.);
#27050=LINE('',#27020,#27040);
#27060=CARTESIAN_POINT('',(-2.217181,2.769531,1.05));
#27070=VERTEX_POINT('',#27060);
#27080=EDGE_CURVE('',#26990,#27070,#27050,.T.);
#27090=ORIENTED_EDGE('',*,*,#27080,.F.);
#27100=CARTESIAN_POINT('',(-2.217181,-2.71517394017425E-16,1.05));
#27110=DIRECTION('',(1.22460635382238E-16,-1.,0.));
#27120=VECTOR('',#27110,1.);
#27130=LINE('',#27100,#27120);
#27140=CARTESIAN_POINT('',(-2.217181,0.669531,1.05));
#27150=VERTEX_POINT('',#27140);
#27160=EDGE_CURVE('',#27070,#27150,#27130,.T.);
#27170=ORIENTED_EDGE('',*,*,#27160,.F.);
#27180=CARTESIAN_POINT('',(0.,0.669531,1.05));
#27190=DIRECTION('',(1.,0.,0.));
#27200=VECTOR('',#27190,1.);
#27210=LINE('',#27180,#27200);
#27220=CARTESIAN_POINT('',(-1.817181,0.669531,1.05));
#27230=VERTEX_POINT('',#27220);
#27240=EDGE_CURVE('',#27150,#27230,#27210,.T.);
#27250=ORIENTED_EDGE('',*,*,#27240,.F.);
#27260=CARTESIAN_POINT('',(-1.817181,6.41408120776092E-32,1.05));
#27270=DIRECTION('',(6.12303176911189E-17,1.,-3.08148791101958E-33));
#27280=VECTOR('',#27270,1.);
#27290=LINE('',#27260,#27280);
#27300=CARTESIAN_POINT('',(-1.817181,1.469531,1.05));
#27310=VERTEX_POINT('',#27300);
#27320=EDGE_CURVE('',#27230,#27310,#27290,.T.);
#27330=ORIENTED_EDGE('',*,*,#27320,.F.);
#27340=CARTESIAN_POINT('',(0.,1.469531,1.05));
#27350=DIRECTION('',(1.,-6.12303176911189E-17,0.));
#27360=VECTOR('',#27350,1.);
#27370=LINE('',#27340,#27360);
#27380=CARTESIAN_POINT('',(0.782818999999997,1.469531,1.05));
#27390=VERTEX_POINT('',#27380);
#27400=EDGE_CURVE('',#27310,#27390,#27370,.T.);
#27410=ORIENTED_EDGE('',*,*,#27400,.F.);
#27420=CARTESIAN_POINT('',(0.782818999999997,5.62634441603266E-32,1.05))
;
#27430=DIRECTION('',(-6.12303176911189E-17,-1.,3.08148791101958E-33));
#27440=VECTOR('',#27430,1.);
#27450=LINE('',#27420,#27440);
#27460=EDGE_CURVE('',#27390,#9570,#27450,.T.);
#27470=ORIENTED_EDGE('',*,*,#27460,.F.);
#27480=ORIENTED_EDGE('',*,*,#9580,.F.);
#27490=ORIENTED_EDGE('',*,*,#8560,.F.);
#27500=CARTESIAN_POINT('',(-5.05691979664578E-16,2.769531,1.05));
#27510=DIRECTION('',(1.,1.22460635382238E-16,0.));
#27520=VECTOR('',#27510,1.);
#27530=LINE('',#27500,#27520);
#27540=EDGE_CURVE('',#25010,#8470,#27530,.T.);
#27550=ORIENTED_EDGE('',*,*,#27540,.T.);
#27560=ORIENTED_EDGE('',*,*,#25020,.T.);
#27570=EDGE_LOOP('',(#27560,#27550,#27490,#27480,#27470,#27410,#27330,
#27250,#27170,#27090,#27010,#26930));
#27580=FACE_OUTER_BOUND('',#27570,.T.);
#27590=ADVANCED_FACE('',(#27580),#26850,.T.);
#27600=CARTESIAN_POINT('',(-1.567181,2.669531,1.55));
#27610=DIRECTION('',(0.,0.,1.));
#27620=DIRECTION('',(-1.22460635382238E-16,1.,0.));
#27630=AXIS2_PLACEMENT_3D('',#27600,#27610,#27620);
#27640=PLANE('',#27630);
#27650=CARTESIAN_POINT('',(-1.567181,1.769531,1.55));
#27660=DIRECTION('',(1.,1.22460635382238E-16,0.));
#27670=VECTOR('',#27660,1.);
#27680=LINE('',#27650,#27670);
#27690=CARTESIAN_POINT('',(-0.427181000000001,1.769531,1.55));
#27700=VERTEX_POINT('',#27690);
#27710=EDGE_CURVE('',#27700,#24910,#27680,.T.);
#27720=ORIENTED_EDGE('',*,*,#27710,.F.);
#27730=ORIENTED_EDGE('',*,*,#25160,.F.);
#27740=CARTESIAN_POINT('',(0.372818999999999,2.769531,1.55));
#27750=DIRECTION('',(1.,2.33482937844753E-16,0.));
#27760=VECTOR('',#27750,1.);
#27770=LINE('',#27740,#27760);
#27780=CARTESIAN_POINT('',(0.782818999999999,2.769531,1.55));
#27790=VERTEX_POINT('',#27780);
#27800=EDGE_CURVE('',#25090,#27790,#27770,.T.);
#27810=ORIENTED_EDGE('',*,*,#27800,.F.);
#27820=CARTESIAN_POINT('',(0.782819,0.,1.55));
#27830=DIRECTION('',(1.22460635382238E-16,-1.,0.));
#27840=VECTOR('',#27830,1.);
#27850=LINE('',#27820,#27840);
#27860=EDGE_CURVE('',#27790,#10200,#27850,.T.);
#27870=ORIENTED_EDGE('',*,*,#27860,.F.);
#27880=ORIENTED_EDGE('',*,*,#10210,.T.);
#27890=ORIENTED_EDGE('',*,*,#1990,.F.);
#27900=CARTESIAN_POINT('',(-1.567181,2.769531,1.55));
#27910=DIRECTION('',(1.,1.22460635382238E-16,0.));
#27920=VECTOR('',#27910,1.);
#27930=LINE('',#27900,#27920);
#27940=CARTESIAN_POINT('',(-0.427181000000001,2.769531,1.55));
#27950=VERTEX_POINT('',#27940);
#27960=EDGE_CURVE('',#1900,#27950,#27930,.T.);
#27970=ORIENTED_EDGE('',*,*,#27960,.F.);
#27980=CARTESIAN_POINT('',(-0.427181,-0.230469,1.55));
#27990=DIRECTION('',(-2.05727362229124E-16,1.,0.));
#28000=VECTOR('',#27990,1.);
#28010=LINE('',#27980,#28000);
#28020=EDGE_CURVE('',#27700,#27950,#28010,.T.);
#28030=ORIENTED_EDGE('',*,*,#28020,.T.);
#28040=EDGE_LOOP('',(#28030,#27970,#27890,#27880,#27870,#27810,#27730,
#27720));
#28050=FACE_OUTER_BOUND('',#28040,.T.);
#28060=ADVANCED_FACE('',(#28050),#27640,.T.);
#28070=ORIENTED_EDGE('',*,*,#24300,.T.);
#28080=ORIENTED_EDGE('',*,*,#25410,.F.);
#28090=CARTESIAN_POINT('',(0.147819,-1.530469,2.675));
#28100=VERTEX_POINT('',#28090);
#28110=EDGE_CURVE('',#25340,#28100,#5260,.T.);
#28120=ORIENTED_EDGE('',*,*,#28110,.F.);
#28130=CARTESIAN_POINT('',(0.147819,-1.530469,8.125));
#28140=DIRECTION('',(0.,0.,1.));
#28150=VECTOR('',#28140,1.);
#28160=LINE('',#28130,#28150);
#28170=EDGE_CURVE('',#24290,#28100,#28160,.T.);
#28180=ORIENTED_EDGE('',*,*,#28170,.T.);
#28190=EDGE_LOOP('',(#28180,#28120,#28080,#28070));
#28200=FACE_OUTER_BOUND('',#28190,.T.);
#28210=ADVANCED_FACE('',(#28200),#6230,.T.);
#28220=CARTESIAN_POINT('',(-3.717181,-1.755469,2.325));
#28230=DIRECTION('',(-0.242535625036333,0.970142500145332,0.));
#28240=DIRECTION('',(0.970142500145332,0.242535625036333,0.));
#28250=AXIS2_PLACEMENT_3D('',#28220,#28230,#28240);
#28260=PLANE('',#28250);
#28270=CARTESIAN_POINT('',(-3.717181,-1.755469,2.325));
#28280=DIRECTION('',(0.,0.,1.));
#28290=VECTOR('',#28280,1.);
#28300=LINE('',#28270,#28290);
#28310=CARTESIAN_POINT('',(-3.717181,-1.755469,2.4));
#28320=VERTEX_POINT('',#28310);
#28330=CARTESIAN_POINT('',(-3.717181,-1.755469,2.6));
#28340=VERTEX_POINT('',#28330);
#28350=EDGE_CURVE('',#28320,#28340,#28300,.T.);
#28360=ORIENTED_EDGE('',*,*,#28350,.T.);
#28370=CARTESIAN_POINT('',(-0.0251477347320566,-0.832460683683013,
1.47699168368301));
#28380=DIRECTION('',(0.942809041582063,0.235702260395516,
-0.235702260395517));
#28390=VECTOR('',#28380,1.);
#28400=LINE('',#28370,#28390);
#28410=EDGE_CURVE('',#28320,#24000,#28400,.T.);
#28420=ORIENTED_EDGE('',*,*,#28410,.F.);
#28430=CARTESIAN_POINT('',(-3.417181,-1.680469,2.325));
#28440=DIRECTION('',(0.,0.,1.));
#28450=VECTOR('',#28440,1.);
#28460=LINE('',#28430,#28450);
#28470=CARTESIAN_POINT('',(-3.417181,-1.680469,2.675));
#28480=VERTEX_POINT('',#28470);
#28490=EDGE_CURVE('',#24000,#28480,#28460,.T.);
#28500=ORIENTED_EDGE('',*,*,#28490,.F.);
#28510=CARTESIAN_POINT('',(-0.0251477347320566,-0.832460683683013,
3.52300831631699));
#28520=DIRECTION('',(-0.942809041582063,-0.235702260395516,
-0.235702260395517));
#28530=VECTOR('',#28520,1.);
#28540=LINE('',#28510,#28530);
#28550=EDGE_CURVE('',#28480,#28340,#28540,.T.);
#28560=ORIENTED_EDGE('',*,*,#28550,.F.);
#28570=EDGE_LOOP('',(#28560,#28500,#28420,#28360));
#28580=FACE_OUTER_BOUND('',#28570,.T.);
#28590=ADVANCED_FACE('',(#28580),#28260,.T.);
#28600=CARTESIAN_POINT('',(-1.667181,-0.530469,5.2));
#28610=DIRECTION('',(-0.957826285221152,-0.287347885566345,
5.86480077369953E-17));
#28620=DIRECTION('',(0.287347885566345,-0.957826285221152,
-1.75944023210986E-17));
#28630=AXIS2_PLACEMENT_3D('',#28600,#28610,#28620);
#28640=PLANE('',#28630);
#28650=CARTESIAN_POINT('',(-1.717181,-0.363802333333336,-8.125));
#28660=DIRECTION('',(-2.57373426356376E-31,2.04101058970397E-16,1.));
#28670=VECTOR('',#28660,1.);
#28680=LINE('',#28650,#28670);
#28690=EDGE_CURVE('',#22110,#15570,#28680,.T.);
#28700=ORIENTED_EDGE('',*,*,#28690,.F.);
#28710=ORIENTED_EDGE('',*,*,#15580,.T.);
#28720=CARTESIAN_POINT('',(-1.667181,-0.530469,5.2));
#28730=DIRECTION('',(6.12303176911188E-17,0.,1.));
#28740=VECTOR('',#28730,1.);
#28750=LINE('',#28720,#28740);
#28760=EDGE_CURVE('',#22030,#15490,#28750,.T.);
#28770=ORIENTED_EDGE('',*,*,#28760,.T.);
#28780=ORIENTED_EDGE('',*,*,#22180,.F.);
#28790=EDGE_LOOP('',(#28780,#28770,#28710,#28700));
#28800=FACE_OUTER_BOUND('',#28790,.T.);
#28810=ADVANCED_FACE('',(#28800),#28640,.T.);
#28820=CARTESIAN_POINT('',(-2.217181,-2.030469,2.224));
#28830=DIRECTION('',(0.,-1.,8.88178419700128E-15));
#28840=DIRECTION('',(0.,-8.88178419700128E-15,-1.));
#28850=AXIS2_PLACEMENT_3D('',#28820,#28830,#28840);
#28860=PLANE('',#28850);
#28870=ORIENTED_EDGE('',*,*,#24540,.F.);
#28880=CARTESIAN_POINT('',(-1.517181,-2.030469,1.875));
#28890=DIRECTION('',(0.,0.,1.));
#28900=VECTOR('',#28890,1.);
#28910=LINE('',#28880,#28900);
#28920=CARTESIAN_POINT('',(-1.517181,-2.030469,1.05));
#28930=VERTEX_POINT('',#28920);
#28940=EDGE_CURVE('',#28930,#24530,#28910,.T.);
#28950=ORIENTED_EDGE('',*,*,#28940,.T.);
#28960=CARTESIAN_POINT('',(8.21190701701634E-17,-2.030469,1.05));
#28970=DIRECTION('',(-1.,-1.22460635382238E-16,0.));
#28980=VECTOR('',#28970,1.);
#28990=LINE('',#28960,#28980);
#29000=CARTESIAN_POINT('',(-2.217181,-2.030469,1.05));
#29010=VERTEX_POINT('',#29000);
#29020=EDGE_CURVE('',#28930,#29010,#28990,.T.);
#29030=ORIENTED_EDGE('',*,*,#29020,.F.);
#29040=CARTESIAN_POINT('',(-2.217181,-2.030469,6.875));
#29050=DIRECTION('',(0.,0.,1.));
#29060=VECTOR('',#29050,1.);
#29070=LINE('',#29040,#29060);
#29080=EDGE_CURVE('',#29010,#24510,#29070,.T.);
#29090=ORIENTED_EDGE('',*,*,#29080,.F.);
#29100=EDGE_LOOP('',(#29090,#29030,#28950,#28870));
#29110=FACE_OUTER_BOUND('',#29100,.T.);
#29120=ADVANCED_FACE('',(#29110),#28860,.T.);
#29130=CARTESIAN_POINT('',(-1.717181,-2.5104714,0.840000000000002));
#29140=DIRECTION('',(0.,0.,-1.));
#29150=DIRECTION('',(1.,1.22460635382238E-16,0.));
#29160=AXIS2_PLACEMENT_3D('',#29130,#29140,#29150);
#29170=PLANE('',#29160);
#29180=CARTESIAN_POINT('',(-1.417181,0.669531,0.840000000000002));
#29190=DIRECTION('',(-1.,0.,0.));
#29200=VECTOR('',#29190,1.);
#29210=LINE('',#29180,#29200);
#29220=CARTESIAN_POINT('',(-1.417181,0.669531,0.840000000000002));
#29230=VERTEX_POINT('',#29220);
#29240=CARTESIAN_POINT('',(-1.717181,0.669531,0.840000000000002));
#29250=VERTEX_POINT('',#29240);
#29260=EDGE_CURVE('',#29230,#29250,#29210,.T.);
#29270=ORIENTED_EDGE('',*,*,#29260,.T.);
#29280=CARTESIAN_POINT('',(-1.417181,0.,0.840000000000002));
#29290=DIRECTION('',(0.,-1.,0.));
#29300=VECTOR('',#29290,1.);
#29310=LINE('',#29280,#29300);
#29320=EDGE_CURVE('',#29230,#23010,#29310,.T.);
#29330=ORIENTED_EDGE('',*,*,#29320,.F.);
#29340=ORIENTED_EDGE('',*,*,#23020,.F.);
#29350=CARTESIAN_POINT('',(-1.717181,0.,0.840000000000002));
#29360=DIRECTION('',(1.38777878078144E-15,-1.,0.));
#29370=VECTOR('',#29360,1.);
#29380=LINE('',#29350,#29370);
#29390=EDGE_CURVE('',#29250,#22930,#29380,.T.);
#29400=ORIENTED_EDGE('',*,*,#29390,.T.);
#29410=EDGE_LOOP('',(#29400,#29340,#29330,#29270));
#29420=FACE_OUTER_BOUND('',#29410,.T.);
#29430=ADVANCED_FACE('',(#29420),#29170,.F.);
#29440=CARTESIAN_POINT('',(-3.717181,-1.955469,2.325));
#29450=DIRECTION('',(-1.,0.,0.));
#29460=DIRECTION('',(0.,1.,0.));
#29470=AXIS2_PLACEMENT_3D('',#29440,#29450,#29460);
#29480=PLANE('',#29470);
#29490=ORIENTED_EDGE('',*,*,#28350,.F.);
#29500=CARTESIAN_POINT('',(-3.717181,-0.372053431461694,2.6));
#29510=DIRECTION('',(0.,-1.,0.));
#29520=VECTOR('',#29510,1.);
#29530=LINE('',#29500,#29520);
#29540=CARTESIAN_POINT('',(-3.717181,-1.955469,2.6));
#29550=VERTEX_POINT('',#29540);
#29560=EDGE_CURVE('',#28340,#29550,#29530,.T.);
#29570=ORIENTED_EDGE('',*,*,#29560,.F.);
#29580=CARTESIAN_POINT('',(-3.717181,-1.955469,2.325));
#29590=DIRECTION('',(0.,0.,1.));
#29600=VECTOR('',#29590,1.);
#29610=LINE('',#29580,#29600);
#29620=CARTESIAN_POINT('',(-3.717181,-1.955469,2.4));
#29630=VERTEX_POINT('',#29620);
#29640=EDGE_CURVE('',#29630,#29550,#29610,.T.);
#29650=ORIENTED_EDGE('',*,*,#29640,.T.);
#29660=CARTESIAN_POINT('',(-3.717181,-0.372053431461694,2.4));
#29670=DIRECTION('',(0.,1.,0.));
#29680=VECTOR('',#29670,1.);
#29690=LINE('',#29660,#29680);
#29700=EDGE_CURVE('',#29630,#28320,#29690,.T.);
#29710=ORIENTED_EDGE('',*,*,#29700,.F.);
#29720=EDGE_LOOP('',(#29710,#29650,#29570,#29490));
#29730=FACE_OUTER_BOUND('',#29720,.T.);
#29740=ADVANCED_FACE('',(#29730),#29480,.T.);
#29750=CARTESIAN_POINT('',(-1.74283400696029,0.669531,0.934510345014509)
);
#29760=DIRECTION('',(6.12303176911189E-17,1.,-3.74915180455534E-33));
#29770=DIRECTION('',(-1.,6.12303176911189E-17,6.12303176911188E-17));
#29780=AXIS2_PLACEMENT_3D('',#29750,#29760,#29770);
#29790=PLANE('',#29780);
#29800=CARTESIAN_POINT('',(0.,0.669531,1.05));
#29810=DIRECTION('',(1.,-6.12303176911189E-17,0.));
#29820=VECTOR('',#29810,1.);
#29830=LINE('',#29800,#29820);
#29840=CARTESIAN_POINT('',(-1.717181,0.669531,1.05));
#29850=VERTEX_POINT('',#29840);
#29860=CARTESIAN_POINT('',(-1.667181,0.669531,1.05));
#29870=VERTEX_POINT('',#29860);
#29880=EDGE_CURVE('',#29850,#29870,#29830,.T.);
#29890=ORIENTED_EDGE('',*,*,#29880,.F.);
#29900=CARTESIAN_POINT('',(-1.667181,0.669531,15.625));
#29910=DIRECTION('',(6.12303176911189E-17,-6.16297582203916E-33,1.));
#29920=VECTOR('',#29910,1.);
#29930=LINE('',#29900,#29920);
#29940=CARTESIAN_POINT('',(-1.667181,0.669531,0.850000000000001));
#29950=VERTEX_POINT('',#29940);
#29960=EDGE_CURVE('',#29950,#29870,#29930,.T.);
#29970=ORIENTED_EDGE('',*,*,#29960,.T.);
#29980=CARTESIAN_POINT('',(-3.10788179046229E-15,0.669531,
0.850000000000001));
#29990=DIRECTION('',(1.,-6.12303176911189E-17,-6.12303176911188E-17));
#30000=VECTOR('',#29990,1.);
#30010=LINE('',#29980,#30000);
#30020=CARTESIAN_POINT('',(-1.717181,0.669531,0.850000000000001));
#30030=VERTEX_POINT('',#30020);
#30040=EDGE_CURVE('',#30030,#29950,#30010,.T.);
#30050=ORIENTED_EDGE('',*,*,#30040,.T.);
#30060=CARTESIAN_POINT('',(-1.717181,0.669531,8.125));
#30070=DIRECTION('',(-4.78959436048522E-48,3.74915180455534E-33,1.));
#30080=VECTOR('',#30070,1.);
#30090=LINE('',#30060,#30080);
#30100=EDGE_CURVE('',#30030,#29850,#30090,.T.);
#30110=ORIENTED_EDGE('',*,*,#30100,.F.);
#30120=EDGE_LOOP('',(#30110,#30050,#29970,#29890));
#30130=FACE_OUTER_BOUND('',#30120,.T.);
#30140=ADVANCED_FACE('',(#30130),#29790,.F.);
#30150=CARTESIAN_POINT('',(-3.417181,-2.4404714,2.325));
#30160=DIRECTION('',(0.242535625036334,0.,0.970142500145332));
#30170=DIRECTION('',(-0.970142500145332,0.,0.242535625036334));
#30180=AXIS2_PLACEMENT_3D('',#30150,#30160,#30170);
#30190=PLANE('',#30180);
#30200=ORIENTED_EDGE('',*,*,#29700,.T.);
#30210=CARTESIAN_POINT('',(-0.0251477347320566,-2.87847731631698,
1.47699168368301));
#30220=DIRECTION('',(-0.942809041582063,0.235702260395516,
0.235702260395517));
#30230=VECTOR('',#30220,1.);
#30240=LINE('',#30210,#30230);
#30250=EDGE_CURVE('',#24080,#29630,#30240,.T.);
#30260=ORIENTED_EDGE('',*,*,#30250,.T.);
#30270=ORIENTED_EDGE('',*,*,#24090,.T.);
#30280=ORIENTED_EDGE('',*,*,#28410,.T.);
#30290=EDGE_LOOP('',(#30280,#30270,#30260,#30200));
#30300=FACE_OUTER_BOUND('',#30290,.T.);
#30310=ADVANCED_FACE('',(#30300),#30190,.F.);
#30320=CARTESIAN_POINT('',(-1.567181,2.769531,1.55));
#30330=DIRECTION('',(-1.22460635382238E-16,1.,4.44089209850056E-15));
#30340=DIRECTION('',(-5.43834468046338E-31,4.44089209850056E-15,-1.));
#30350=AXIS2_PLACEMENT_3D('',#30320,#30330,#30340);
#30360=PLANE('',#30350);
#30370=CARTESIAN_POINT('',(-2.217181,2.769531,2.025));
#30380=DIRECTION('',(1.,0.,0.));
#30390=VECTOR('',#30380,1.);
#30400=LINE('',#30370,#30390);
#30410=CARTESIAN_POINT('',(-2.217181,2.769531,2.025));
#30420=VERTEX_POINT('',#30410);
#30430=EDGE_CURVE('',#30420,#1820,#30400,.T.);
#30440=ORIENTED_EDGE('',*,*,#30430,.T.);
#30450=CARTESIAN_POINT('',(-2.217181,2.769531,2.025));
#30460=DIRECTION('',(0.,0.,-1.));
#30470=VECTOR('',#30460,1.);
#30480=LINE('',#30450,#30470);
#30490=EDGE_CURVE('',#30420,#27070,#30480,.T.);
#30500=ORIENTED_EDGE('',*,*,#30490,.F.);
#30510=ORIENTED_EDGE('',*,*,#27080,.T.);
#30520=CARTESIAN_POINT('',(-0.427181000000001,2.769531,1.05));
#30530=DIRECTION('',(0.,0.,1.));
#30540=VECTOR('',#30530,1.);
#30550=LINE('',#30520,#30540);
#30560=EDGE_CURVE('',#26990,#27950,#30550,.T.);
#30570=ORIENTED_EDGE('',*,*,#30560,.F.);
#30580=ORIENTED_EDGE('',*,*,#27960,.T.);
#30590=ORIENTED_EDGE('',*,*,#1910,.F.);
#30600=EDGE_LOOP('',(#30590,#30580,#30570,#30510,#30500,#30440));
#30610=FACE_OUTER_BOUND('',#30600,.T.);
#30620=ADVANCED_FACE('',(#30610),#30360,.T.);
#30630=CARTESIAN_POINT('',(0.372818999999999,1.769531,1.55));
#30640=DIRECTION('',(-1.22460635382238E-16,1.,0.));
#30650=DIRECTION('',(-1.,-1.22460635382238E-16,0.));
#30660=AXIS2_PLACEMENT_3D('',#30630,#30640,#30650);
#30670=PLANE('',#30660);
#30680=CARTESIAN_POINT('',(-0.427181000000001,1.769531,1.55));
#30690=DIRECTION('',(0.,0.,-1.));
#30700=VECTOR('',#30690,1.);
#30710=LINE('',#30680,#30700);
#30720=EDGE_CURVE('',#27700,#26910,#30710,.T.);
#30730=ORIENTED_EDGE('',*,*,#30720,.F.);
#30740=ORIENTED_EDGE('',*,*,#26920,.F.);
#30750=ORIENTED_EDGE('',*,*,#24940,.T.);
#30760=ORIENTED_EDGE('',*,*,#27710,.T.);
#30770=EDGE_LOOP('',(#30760,#30750,#30740,#30730));
#30780=FACE_OUTER_BOUND('',#30770,.T.);
#30790=ADVANCED_FACE('',(#30780),#30670,.T.);
#30800=CARTESIAN_POINT('',(-2.217181,1.169531,2.025));
#30810=DIRECTION('',(0.,0.,-1.));
#30820=DIRECTION('',(0.,1.,0.));
#30830=AXIS2_PLACEMENT_3D('',#30800,#30810,#30820);
#30840=PLANE('',#30830);
#30850=CARTESIAN_POINT('',(-2.217181,0.969530999999999,2.025));
#30860=DIRECTION('',(1.,0.,0.));
#30870=VECTOR('',#30860,1.);
#30880=LINE('',#30850,#30870);
#30890=CARTESIAN_POINT('',(-2.217181,0.969530999999999,2.025));
#30900=VERTEX_POINT('',#30890);
#30910=EDGE_CURVE('',#30900,#1740,#30880,.T.);
#30920=ORIENTED_EDGE('',*,*,#30910,.T.);
#30930=CARTESIAN_POINT('',(-2.217181,0.,2.025));
#30940=DIRECTION('',(0.,-1.,0.));
#30950=VECTOR('',#30940,1.);
#30960=LINE('',#30930,#30950);
#30970=EDGE_CURVE('',#30420,#30900,#30960,.T.);
#30980=ORIENTED_EDGE('',*,*,#30970,.T.);
#30990=ORIENTED_EDGE('',*,*,#30430,.F.);
#31000=ORIENTED_EDGE('',*,*,#1830,.F.);
#31010=EDGE_LOOP('',(#31000,#30990,#30980,#30920));
#31020=FACE_OUTER_BOUND('',#31010,.T.);
#31030=ADVANCED_FACE('',(#31020),#30840,.F.);
#31040=CARTESIAN_POINT('',(-1.717181,0.569531,1.05));
#31050=DIRECTION('',(1.,1.38777878078144E-15,0.));
#31060=DIRECTION('',(-1.38777878078144E-15,1.,0.));
#31070=AXIS2_PLACEMENT_3D('',#31040,#31050,#31060);
#31080=PLANE('',#31070);
#31090=CARTESIAN_POINT('',(-1.717181,-0.780469000000024,8.125));
#31100=DIRECTION('',(-4.2423930870811E-31,3.06151588455597E-16,1.));
#31110=VECTOR('',#31100,1.);
#31120=LINE('',#31090,#31110);
#31130=CARTESIAN_POINT('',(-1.717181,-0.780469000000025,
0.850000000000001));
#31140=VERTEX_POINT('',#31130);
#31150=CARTESIAN_POINT('',(-1.717181,-0.780469000000025,1.05));
#31160=VERTEX_POINT('',#31150);
#31170=EDGE_CURVE('',#31140,#31160,#31120,.T.);
#31180=ORIENTED_EDGE('',*,*,#31170,.T.);
#31190=CARTESIAN_POINT('',(-1.717181,0.,0.850000000000001));
#31200=DIRECTION('',(-1.38777878078144E-15,1.,9.86076131526265E-32));
#31210=VECTOR('',#31200,1.);
#31220=LINE('',#31190,#31210);
#31230=CARTESIAN_POINT('',(-1.717181,-0.530469,0.850000000000001));
#31240=VERTEX_POINT('',#31230);
#31250=EDGE_CURVE('',#31140,#31240,#31220,.T.);
#31260=ORIENTED_EDGE('',*,*,#31250,.F.);
#31270=CARTESIAN_POINT('',(-1.717181,-0.530469000000001,8.125));
#31280=DIRECTION('',(4.78959436048522E-48,-3.74915180455534E-33,-1.));
#31290=VECTOR('',#31280,1.);
#31300=LINE('',#31270,#31290);
#31310=CARTESIAN_POINT('',(-1.717181,-0.530469,1.05));
#31320=VERTEX_POINT('',#31310);
#31330=EDGE_CURVE('',#31320,#31240,#31300,.T.);
#31340=ORIENTED_EDGE('',*,*,#31330,.T.);
#31350=CARTESIAN_POINT('',(-1.717181,0.,1.05));
#31360=DIRECTION('',(1.38777878078144E-15,-1.,0.));
#31370=VECTOR('',#31360,1.);
#31380=LINE('',#31350,#31370);
#31390=CARTESIAN_POINT('',(-1.717181,-0.363802333333348,1.05));
#31400=VERTEX_POINT('',#31390);
#31410=EDGE_CURVE('',#31400,#31320,#31380,.T.);
#31420=ORIENTED_EDGE('',*,*,#31410,.T.);
#31430=CARTESIAN_POINT('',(-1.717181,-0.363802333333345,8.125));
#31440=DIRECTION('',(-2.84183158268499E-31,2.04101058970397E-16,1.));
#31450=VECTOR('',#31440,1.);
#31460=LINE('',#31430,#31450);
#31470=CARTESIAN_POINT('',(-1.717181,-0.363802333333348,
0.850000000000001));
#31480=VERTEX_POINT('',#31470);
#31490=EDGE_CURVE('',#31480,#31400,#31460,.T.);
#31500=ORIENTED_EDGE('',*,*,#31490,.T.);
#31510=CARTESIAN_POINT('',(-1.717181,-0.0304690000000004,
0.850000000000001));
#31520=VERTEX_POINT('',#31510);
#31530=EDGE_CURVE('',#31480,#31520,#31220,.T.);
#31540=ORIENTED_EDGE('',*,*,#31530,.F.);
#31550=CARTESIAN_POINT('',(-1.717181,-0.0304690000000004,8.125));
#31560=DIRECTION('',(4.78959436048522E-48,-3.74915180455534E-33,-1.));
#31570=VECTOR('',#31560,1.);
#31580=LINE('',#31550,#31570);
#31590=CARTESIAN_POINT('',(-1.717181,-0.0304690000000004,1.05));
#31600=VERTEX_POINT('',#31590);
#31610=EDGE_CURVE('',#31600,#31520,#31580,.T.);
#31620=ORIENTED_EDGE('',*,*,#31610,.T.);
#31630=EDGE_CURVE('',#29850,#31600,#31380,.T.);
#31640=ORIENTED_EDGE('',*,*,#31630,.T.);
#31650=ORIENTED_EDGE('',*,*,#30100,.T.);
#31660=CARTESIAN_POINT('',(-1.717181,0.669531,1.05));
#31670=DIRECTION('',(0.,0.,-1.));
#31680=VECTOR('',#31670,1.);
#31690=LINE('',#31660,#31680);
#31700=EDGE_CURVE('',#30030,#29250,#31690,.T.);
#31710=ORIENTED_EDGE('',*,*,#31700,.F.);
#31720=ORIENTED_EDGE('',*,*,#29390,.F.);
#31730=ORIENTED_EDGE('',*,*,#22940,.T.);
#31740=EDGE_CURVE('',#31160,#22850,#31380,.T.);
#31750=ORIENTED_EDGE('',*,*,#31740,.T.);
#31760=EDGE_LOOP('',(#31750,#31730,#31720,#31710,#31650,#31640,#31620,
#31540,#31500,#31420,#31340,#31260,#31180));
#31770=FACE_OUTER_BOUND('',#31760,.T.);
#31780=ADVANCED_FACE('',(#31770),#31080,.T.);
#31790=CARTESIAN_POINT('',(0.632818999999997,0.669531,1.05));
#31800=DIRECTION('',(-1.,6.12303176911188E-17,6.12303176911188E-17));
#31810=DIRECTION('',(6.12303176911188E-17,1.,0.));
#31820=AXIS2_PLACEMENT_3D('',#31790,#31800,#31810);
#31830=PLANE('',#31820);
#31840=CARTESIAN_POINT('',(0.632818999999997,0.,1.05));
#31850=DIRECTION('',(6.12303176911188E-17,1.,0.));
#31860=VECTOR('',#31850,1.);
#31870=LINE('',#31840,#31860);
#31880=CARTESIAN_POINT('',(0.632818999999997,-0.0304690000000006,1.05));
#31890=VERTEX_POINT('',#31880);
#31900=CARTESIAN_POINT('',(0.632818999999997,0.669531,1.05));
#31910=VERTEX_POINT('',#31900);
#31920=EDGE_CURVE('',#31890,#31910,#31870,.T.);
#31930=ORIENTED_EDGE('',*,*,#31920,.F.);
#31940=CARTESIAN_POINT('',(0.632818999999998,0.669531,15.625));
#31950=DIRECTION('',(-6.12303176911189E-17,6.16297582203916E-33,-1.));
#31960=VECTOR('',#31950,1.);
#31970=LINE('',#31940,#31960);
#31980=CARTESIAN_POINT('',(0.632818999999997,0.669531,0.850000000000001)
);
#31990=VERTEX_POINT('',#31980);
#32000=EDGE_CURVE('',#31910,#31990,#31970,.T.);
#32010=ORIENTED_EDGE('',*,*,#32000,.F.);
#32020=CARTESIAN_POINT('',(0.632818999999997,-3.87477084109761E-17,
0.850000000000001));
#32030=DIRECTION('',(-6.12303176911188E-17,-1.,0.));
#32040=VECTOR('',#32030,1.);
#32050=LINE('',#32020,#32040);
#32060=CARTESIAN_POINT('',(0.632818999999997,-0.0304690000000006,
0.850000000000001));
#32070=VERTEX_POINT('',#32060);
#32080=EDGE_CURVE('',#31990,#32070,#32050,.T.);
#32090=ORIENTED_EDGE('',*,*,#32080,.F.);
#32100=CARTESIAN_POINT('',(0.632818999999997,-0.0304690000000006,1.05));
#32110=DIRECTION('',(-6.12303176911188E-17,0.,-1.));
#32120=VECTOR('',#32110,1.);
#32130=LINE('',#32100,#32120);
#32140=EDGE_CURVE('',#31890,#32070,#32130,.T.);
#32150=ORIENTED_EDGE('',*,*,#32140,.T.);
#32160=EDGE_LOOP('',(#32150,#32090,#32010,#31930));
#32170=FACE_OUTER_BOUND('',#32160,.T.);
#32180=ADVANCED_FACE('',(#32170),#31830,.F.);
#32190=CARTESIAN_POINT('',(-1.817181,-0.0304690000000004,1.05));
#32200=DIRECTION('',(-6.12303176911189E-17,-1.,3.74915180455534E-33));
#32210=DIRECTION('',(-1.,6.12303176911189E-17,6.12303176911188E-17));
#32220=AXIS2_PLACEMENT_3D('',#32190,#32200,#32210);
#32230=PLANE('',#32220);
#32240=CARTESIAN_POINT('',(0.,-0.0304690000000005,1.05));
#32250=DIRECTION('',(-1.,6.12303176911189E-17,0.));
#32260=VECTOR('',#32250,1.);
#32270=LINE('',#32240,#32260);
#32280=CARTESIAN_POINT('',(-1.667181,-0.0304690000000004,1.05));
#32290=VERTEX_POINT('',#32280);
#32300=EDGE_CURVE('',#32290,#31600,#32270,.T.);
#32310=ORIENTED_EDGE('',*,*,#32300,.F.);
#32320=ORIENTED_EDGE('',*,*,#31610,.F.);
#32330=CARTESIAN_POINT('',(-2.9776771222126E-15,-0.0304690000000005,
0.850000000000001));
#32340=DIRECTION('',(1.,-6.12303176911189E-17,-6.12303176911188E-17));
#32350=VECTOR('',#32340,1.);
#32360=LINE('',#32330,#32350);
#32370=CARTESIAN_POINT('',(-1.667181,-0.0304690000000004,
0.850000000000001));
#32380=VERTEX_POINT('',#32370);
#32390=EDGE_CURVE('',#31520,#32380,#32360,.T.);
#32400=ORIENTED_EDGE('',*,*,#32390,.F.);
#32410=CARTESIAN_POINT('',(-1.667181,-0.0304690000000004,1.05));
#32420=DIRECTION('',(-6.12303176911188E-17,0.,-1.));
#32430=VECTOR('',#32420,1.);
#32440=LINE('',#32410,#32430);
#32450=EDGE_CURVE('',#32290,#32380,#32440,.T.);
#32460=ORIENTED_EDGE('',*,*,#32450,.T.);
#32470=EDGE_LOOP('',(#32460,#32400,#32320,#32310));
#32480=FACE_OUTER_BOUND('',#32470,.T.);
#32490=ADVANCED_FACE('',(#32480),#32230,.F.);
#32500=CARTESIAN_POINT('',(-0.268395264474578,-2.030469,2.00317603598786
));
#32510=DIRECTION('',(1.22460635382238E-16,-1.,0.));
#32520=DIRECTION('',(1.,1.22460635382238E-16,0.));
#32530=AXIS2_PLACEMENT_3D('',#32500,#32510,#32520);
#32540=PLANE('',#32530);
#32550=ORIENTED_EDGE('',*,*,#9000,.F.);
#32560=EDGE_CURVE('',#8930,#3440,#25630,.T.);
#32570=ORIENTED_EDGE('',*,*,#32560,.F.);
#32580=ORIENTED_EDGE('',*,*,#3450,.F.);
#32590=EDGE_LOOP('',(#32580,#32570,#32550));
#32600=FACE_OUTER_BOUND('',#32590,.T.);
#32610=ADVANCED_FACE('',(#32600),#32540,.T.);
#32620=CARTESIAN_POINT('',(-1.667181,-0.530469,1.05));
#32630=DIRECTION('',(0.957826285221152,0.287347885566345,
-5.86480077369953E-17));
#32640=DIRECTION('',(0.287347885566345,-0.957826285221152,
-1.75944023210986E-17));
#32650=AXIS2_PLACEMENT_3D('',#32620,#32630,#32640);
#32660=PLANE('',#32650);
#32670=CARTESIAN_POINT('',(-1.8263217,0.,1.05));
#32680=DIRECTION('',(0.287347885566345,-0.957826285221152,0.));
#32690=VECTOR('',#32680,1.);
#32700=LINE('',#32670,#32690);
#32710=CARTESIAN_POINT('',(-1.667181,-0.530469,1.05));
#32720=VERTEX_POINT('',#32710);
#32730=EDGE_CURVE('',#31400,#32720,#32700,.T.);
#32740=ORIENTED_EDGE('',*,*,#32730,.F.);
#32750=CARTESIAN_POINT('',(-1.667181,-0.530469,1.05));
#32760=DIRECTION('',(-6.12303176911188E-17,0.,-1.));
#32770=VECTOR('',#32760,1.);
#32780=LINE('',#32750,#32770);
#32790=CARTESIAN_POINT('',(-1.667181,-0.530469000000001,
0.850000000000001));
#32800=VERTEX_POINT('',#32790);
#32810=EDGE_CURVE('',#32720,#32800,#32780,.T.);
#32820=ORIENTED_EDGE('',*,*,#32810,.F.);
#32830=CARTESIAN_POINT('',(-1.8263217,1.11826257897184E-16,
0.850000000000001));
#32840=DIRECTION('',(-0.287347885566345,0.957826285221152,
1.75944023210986E-17));
#32850=VECTOR('',#32840,1.);
#32860=LINE('',#32830,#32850);
#32870=EDGE_CURVE('',#32800,#31480,#32860,.T.);
#32880=ORIENTED_EDGE('',*,*,#32870,.F.);
#32890=ORIENTED_EDGE('',*,*,#31490,.F.);
#32900=EDGE_LOOP('',(#32890,#32880,#32820,#32740));
#32910=FACE_OUTER_BOUND('',#32900,.T.);
#32920=ADVANCED_FACE('',(#32910),#32660,.F.);
#32930=CARTESIAN_POINT('',(0.982818999999997,1.469531,0.549999999999997)
);
#32940=DIRECTION('',(-1.,6.12303176911188E-17,6.12303176911188E-17));
#32950=DIRECTION('',(-6.12303176911188E-17,0.,-1.));
#32960=AXIS2_PLACEMENT_3D('',#32930,#32940,#32950);
#32970=PLANE('',#32960);
#32980=CARTESIAN_POINT('',(0.982818999999997,-1.22460635382237E-17,
0.649999999999999));
#32990=DIRECTION('',(6.12303176911189E-17,1.,-6.16297582203916E-33));
#33000=VECTOR('',#32990,1.);
#33010=LINE('',#32980,#33000);
#33020=CARTESIAN_POINT('',(0.982818999999997,1.469531,0.649999999999999)
);
#33030=VERTEX_POINT('',#33020);
#33040=EDGE_CURVE('',#290,#33030,#33010,.T.);
#33050=ORIENTED_EDGE('',*,*,#33040,.T.);
#33060=ORIENTED_EDGE('',*,*,#300,.T.);
#33070=CARTESIAN_POINT('',(0.982818999999997,1.469531,0.549999999999997)
);
#33080=DIRECTION('',(-6.12303176911188E-17,-1.,0.));
#33090=VECTOR('',#33080,1.);
#33100=LINE('',#33070,#33090);
#33110=CARTESIAN_POINT('',(0.982818999999997,1.469531,0.549999999999997)
);
#33120=VERTEX_POINT('',#33110);
#33130=EDGE_CURVE('',#33120,#210,#33100,.T.);
#33140=ORIENTED_EDGE('',*,*,#33130,.T.);
#33150=CARTESIAN_POINT('',(0.982818999999998,1.469531,15.625));
#33160=DIRECTION('',(-6.12303176911189E-17,6.16297582203916E-33,-1.));
#33170=VECTOR('',#33160,1.);
#33180=LINE('',#33150,#33170);
#33190=EDGE_CURVE('',#33030,#33120,#33180,.T.);
#33200=ORIENTED_EDGE('',*,*,#33190,.T.);
#33210=EDGE_LOOP('',(#33200,#33140,#33060,#33050));
#33220=FACE_OUTER_BOUND('',#33210,.T.);
#33230=ADVANCED_FACE('',(#33220),#32970,.T.);
#33240=CARTESIAN_POINT('',(1.182819,-1.930469,2.324));
#33250=DIRECTION('',(-2.17533787218541E-30,1.77635683940027E-14,1.));
#33260=DIRECTION('',(-1.22460635382238E-16,1.,-1.77635683940027E-14));
#33270=AXIS2_PLACEMENT_3D('',#33240,#33250,#33260);
#33280=PLANE('',#33270);
#33290=ORIENTED_EDGE('',*,*,#25800,.F.);
#33300=CARTESIAN_POINT('',(-1.017181,-1.2456463155874E-16,2.324));
#33310=DIRECTION('',(-1.22460635382238E-16,1.,0.));
#33320=VECTOR('',#33310,1.);
#33330=LINE('',#33300,#33320);
#33340=CARTESIAN_POINT('',(-1.017181,-1.530469,2.32399999999999));
#33350=VERTEX_POINT('',#33340);
#33360=EDGE_CURVE('',#25730,#33350,#33330,.T.);
#33370=ORIENTED_EDGE('',*,*,#33360,.F.);
#33380=CARTESIAN_POINT('',(0.,-1.530469,2.32399999999999));
#33390=DIRECTION('',(1.,1.22460635382238E-16,0.));
#33400=VECTOR('',#33390,1.);
#33410=LINE('',#33380,#33400);
#33420=EDGE_CURVE('',#33350,#9110,#33410,.T.);
#33430=ORIENTED_EDGE('',*,*,#33420,.F.);
#33440=ORIENTED_EDGE('',*,*,#9120,.F.);
#33450=EDGE_LOOP('',(#33440,#33430,#33370,#33290));
#33460=FACE_OUTER_BOUND('',#33450,.T.);
#33470=ADVANCED_FACE('',(#33460),#33280,.T.);
#33480=CARTESIAN_POINT('',(-2.5571834,-2.030469,2.676));
#33490=DIRECTION('',(0.,0.,1.));
#33500=DIRECTION('',(-1.22460635382238E-16,1.,0.));
#33510=AXIS2_PLACEMENT_3D('',#33480,#33490,#33500);
#33520=PLANE('',#33510);
#33530=CARTESIAN_POINT('',(-2.217181,-2.030469,2.676));
#33540=DIRECTION('',(1.,0.,0.));
#33550=VECTOR('',#33540,1.);
#33560=LINE('',#33530,#33550);
#33570=CARTESIAN_POINT('',(-2.217181,-2.030469,2.676));
#33580=VERTEX_POINT('',#33570);
#33590=CARTESIAN_POINT('',(-1.517181,-2.030469,2.676));
#33600=VERTEX_POINT('',#33590);
#33610=EDGE_CURVE('',#33580,#33600,#33560,.T.);
#33620=ORIENTED_EDGE('',*,*,#33610,.F.);
#33630=CARTESIAN_POINT('',(-1.517181,-1.85794949249859E-16,2.676));
#33640=DIRECTION('',(1.22460635382238E-16,-1.,0.));
#33650=VECTOR('',#33640,1.);
#33660=LINE('',#33630,#33650);
#33670=CARTESIAN_POINT('',(-1.517181,-1.530469,2.676));
#33680=VERTEX_POINT('',#33670);
#33690=EDGE_CURVE('',#33680,#33600,#33660,.T.);
#33700=ORIENTED_EDGE('',*,*,#33690,.T.);
#33710=CARTESIAN_POINT('',(0.,-1.530469,2.676));
#33720=DIRECTION('',(1.,1.22460635382238E-16,0.));
#33730=VECTOR('',#33720,1.);
#33740=LINE('',#33710,#33730);
#33750=CARTESIAN_POINT('',(-2.217181,-1.530469,2.676));
#33760=VERTEX_POINT('',#33750);
#33770=EDGE_CURVE('',#33760,#33680,#33740,.T.);
#33780=ORIENTED_EDGE('',*,*,#33770,.T.);
#33790=CARTESIAN_POINT('',(-2.217181,-2.030469,2.676));
#33800=DIRECTION('',(0.,1.,0.));
#33810=VECTOR('',#33800,1.);
#33820=LINE('',#33790,#33810);
#33830=EDGE_CURVE('',#33580,#33760,#33820,.T.);
#33840=ORIENTED_EDGE('',*,*,#33830,.T.);
#33850=EDGE_LOOP('',(#33840,#33780,#33700,#33620));
#33860=FACE_OUTER_BOUND('',#33850,.T.);
#33870=ADVANCED_FACE('',(#33860),#33520,.F.);
#33880=ORIENTED_EDGE('',*,*,#28110,.T.);
#33890=ORIENTED_EDGE('',*,*,#25350,.T.);
#33900=ORIENTED_EDGE('',*,*,#26750,.F.);
#33910=CARTESIAN_POINT('',(-3.417181,-0.372053431461694,2.675));
#33920=DIRECTION('',(0.,-1.,0.));
#33930=VECTOR('',#33920,1.);
#33940=LINE('',#33910,#33930);
#33950=EDGE_CURVE('',#28480,#26680,#33940,.T.);
#33960=ORIENTED_EDGE('',*,*,#33950,.T.);
#33970=CARTESIAN_POINT('',(-0.0251477347320566,-1.680469,2.675));
#33980=DIRECTION('',(1.,0.,0.));
#33990=VECTOR('',#33980,1.);
#34000=LINE('',#33970,#33990);
#34010=CARTESIAN_POINT('',(-0.452181000000001,-1.680469,2.675));
#34020=VERTEX_POINT('',#34010);
#34030=EDGE_CURVE('',#28480,#34020,#34000,.T.);
#34040=ORIENTED_EDGE('',*,*,#34030,.F.);
#34050=CARTESIAN_POINT('',(-0.452181000000001,-1.430469,2.675));
#34060=DIRECTION('',(0.,0.,-1.));
#34070=DIRECTION('',(-1.,0.,0.));
#34080=AXIS2_PLACEMENT_3D('',#34050,#34060,#34070);
#34090=CIRCLE('',#34080,0.25);
#34100=CARTESIAN_POINT('',(-0.223052215252209,-1.530469,2.675));
#34110=VERTEX_POINT('',#34100);
#34120=EDGE_CURVE('',#34110,#34020,#34090,.T.);
#34130=ORIENTED_EDGE('',*,*,#34120,.T.);
#34140=CARTESIAN_POINT('',(0.,-1.530469,2.675));
#34150=DIRECTION('',(-1.,-1.22460635382238E-16,0.));
#34160=VECTOR('',#34150,1.);
#34170=LINE('',#34140,#34160);
#34180=EDGE_CURVE('',#28100,#34110,#34170,.T.);
#34190=ORIENTED_EDGE('',*,*,#34180,.T.);
#34200=EDGE_LOOP('',(#34190,#34130,#34040,#33960,#33900,#33890,#33880));
#34210=FACE_OUTER_BOUND('',#34200,.T.);
#34220=ADVANCED_FACE('',(#34210),#5220,.T.);
#34230=CARTESIAN_POINT('',(-1.417181,0.669531,0.300000000000002));
#34240=DIRECTION('',(0.,1.,0.));
#34250=DIRECTION('',(0.,0.,-1.));
#34260=AXIS2_PLACEMENT_3D('',#34230,#34240,#34250);
#34270=PLANE('',#34260);
#34280=CARTESIAN_POINT('',(-1.417181,0.669531,8.125));
#34290=DIRECTION('',(0.,0.,1.));
#34300=VECTOR('',#34290,1.);
#34310=LINE('',#34280,#34300);
#34320=CARTESIAN_POINT('',(-1.417181,0.669531,0.300000000000002));
#34330=VERTEX_POINT('',#34320);
#34340=EDGE_CURVE('',#34330,#29230,#34310,.T.);
#34350=ORIENTED_EDGE('',*,*,#34340,.F.);
#34360=ORIENTED_EDGE('',*,*,#29260,.F.);
#34370=ORIENTED_EDGE('',*,*,#31700,.T.);
#34380=CARTESIAN_POINT('',(0.,0.669531,0.850000000000001));
#34390=DIRECTION('',(-1.,0.,6.12303176911188E-17));
#34400=VECTOR('',#34390,1.);
#34410=LINE('',#34380,#34400);
#34420=CARTESIAN_POINT('',(-1.817181,0.669531,0.850000000000001));
#34430=VERTEX_POINT('',#34420);
#34440=EDGE_CURVE('',#30030,#34430,#34410,.T.);
#34450=ORIENTED_EDGE('',*,*,#34440,.F.);
#34460=CARTESIAN_POINT('',(-1.817181,0.669531,0.649999999999999));
#34470=DIRECTION('',(6.12303176911189E-17,1.,-6.16297582203916E-33));
#34480=DIRECTION('',(-1.,6.12303176911189E-17,0.));
#34490=AXIS2_PLACEMENT_3D('',#34460,#34470,#34480);
#34500=CIRCLE('',#34490,0.2);
#34510=CARTESIAN_POINT('',(-2.017181,0.669531,0.649999999999999));
#34520=VERTEX_POINT('',#34510);
#34530=EDGE_CURVE('',#34520,#34430,#34500,.T.);
#34540=ORIENTED_EDGE('',*,*,#34530,.T.);
#34550=CARTESIAN_POINT('',(-2.017181,0.669531,8.125));
#34560=DIRECTION('',(-6.12303176911188E-17,0.,-1.));
#34570=VECTOR('',#34560,1.);
#34580=LINE('',#34550,#34570);
#34590=CARTESIAN_POINT('',(-2.017181,0.669531,0.549999999999997));
#34600=VERTEX_POINT('',#34590);
#34610=EDGE_CURVE('',#34520,#34600,#34580,.T.);
#34620=ORIENTED_EDGE('',*,*,#34610,.F.);
#34630=CARTESIAN_POINT('',(0.,0.669531,0.549999999999997));
#34640=DIRECTION('',(-1.,0.,6.12303176911188E-17));
#34650=VECTOR('',#34640,1.);
#34660=LINE('',#34630,#34650);
#34670=CARTESIAN_POINT('',(-2.217181,0.669531,0.549999999999997));
#34680=VERTEX_POINT('',#34670);
#34690=EDGE_CURVE('',#34600,#34680,#34660,.T.);
#34700=ORIENTED_EDGE('',*,*,#34690,.F.);
#34710=CARTESIAN_POINT('',(-2.217181,0.669531,6.875));
#34720=DIRECTION('',(0.,0.,-1.));
#34730=VECTOR('',#34720,1.);
#34740=LINE('',#34710,#34730);
#34750=CARTESIAN_POINT('',(-2.217181,0.669531,0.300000000000002));
#34760=VERTEX_POINT('',#34750);
#34770=EDGE_CURVE('',#34680,#34760,#34740,.T.);
#34780=ORIENTED_EDGE('',*,*,#34770,.F.);
#34790=CARTESIAN_POINT('',(-1.017181,0.669531,0.300000000000002));
#34800=DIRECTION('',(1.,1.22460635382238E-16,0.));
#34810=VECTOR('',#34800,1.);
#34820=LINE('',#34790,#34810);
#34830=EDGE_CURVE('',#34760,#34330,#34820,.T.);
#34840=ORIENTED_EDGE('',*,*,#34830,.F.);
#34850=EDGE_LOOP('',(#34840,#34780,#34700,#34620,#34540,#34450,#34370,
#34360,#34350));
#34860=FACE_OUTER_BOUND('',#34850,.T.);
#34870=ADVANCED_FACE('',(#34860),#34270,.T.);
#34880=CARTESIAN_POINT('',(-1.767181,-0.530469,5.2));
#34890=DIRECTION('',(1.83690953073357E-16,1.,-1.1247455413666E-32));
#34900=DIRECTION('',(-1.,1.83690953073357E-16,6.12303176911189E-17));
#34910=AXIS2_PLACEMENT_3D('',#34880,#34890,#34900);
#34920=PLANE('',#34910);
#34930=ORIENTED_EDGE('',*,*,#22040,.F.);
#34940=ORIENTED_EDGE('',*,*,#28760,.F.);
#34950=ORIENTED_EDGE('',*,*,#15500,.T.);
#34960=CARTESIAN_POINT('',(-1.717181,-0.530469,-8.125));
#34970=DIRECTION('',(1.43687830814556E-47,-1.1247455413666E-32,-1.));
#34980=VECTOR('',#34970,1.);
#34990=LINE('',#34960,#34980);
#35000=EDGE_CURVE('',#15410,#22010,#34990,.T.);
#35010=ORIENTED_EDGE('',*,*,#35000,.F.);
#35020=EDGE_LOOP('',(#35010,#34950,#34940,#34930));
#35030=FACE_OUTER_BOUND('',#35020,.T.);
#35040=ADVANCED_FACE('',(#35030),#34920,.T.);
#35050=CARTESIAN_POINT('',(-0.427181000000001,2.769531,1.05));
#35060=DIRECTION('',(1.,-2.22044604925032E-15,0.));
#35070=DIRECTION('',(2.22044604925032E-15,1.,0.));
#35080=AXIS2_PLACEMENT_3D('',#35050,#35060,#35070);
#35090=PLANE('',#35080);
#35100=ORIENTED_EDGE('',*,*,#30560,.T.);
#35110=ORIENTED_EDGE('',*,*,#27000,.T.);
#35120=ORIENTED_EDGE('',*,*,#30720,.T.);
#35130=ORIENTED_EDGE('',*,*,#28020,.F.);
#35140=EDGE_LOOP('',(#35130,#35120,#35110,#35100));
#35150=FACE_OUTER_BOUND('',#35140,.T.);
#35160=ADVANCED_FACE('',(#35150),#35090,.T.);
#35170=CARTESIAN_POINT('',(-1.417181,0.669531,0.300000000000002));
#35180=DIRECTION('',(1.,0.,0.));
#35190=DIRECTION('',(0.,1.,0.));
#35200=AXIS2_PLACEMENT_3D('',#35170,#35180,#35190);
#35210=PLANE('',#35200);
#35220=CARTESIAN_POINT('',(-1.417181,0.,0.300000000000002));
#35230=DIRECTION('',(0.,1.,0.));
#35240=VECTOR('',#35230,1.);
#35250=LINE('',#35220,#35240);
#35260=EDGE_CURVE('',#23090,#34330,#35250,.T.);
#35270=ORIENTED_EDGE('',*,*,#35260,.T.);
#35280=ORIENTED_EDGE('',*,*,#23100,.T.);
#35290=ORIENTED_EDGE('',*,*,#29320,.T.);
#35300=ORIENTED_EDGE('',*,*,#34340,.T.);
#35310=EDGE_LOOP('',(#35300,#35290,#35280,#35270));
#35320=FACE_OUTER_BOUND('',#35310,.T.);
#35330=ADVANCED_FACE('',(#35320),#35210,.T.);
#35340=ORIENTED_EDGE('',*,*,#9820,.T.);
#35350=ORIENTED_EDGE('',*,*,#9280,.F.);
#35360=CARTESIAN_POINT('',(0.,-1.530469,2.676));
#35370=DIRECTION('',(1.,1.22460635382238E-16,0.));
#35380=VECTOR('',#35370,1.);
#35390=LINE('',#35360,#35380);
#35400=CARTESIAN_POINT('',(-1.017181,-1.530469,2.676));
#35410=VERTEX_POINT('',#35400);
#35420=EDGE_CURVE('',#35410,#9190,#35390,.T.);
#35430=ORIENTED_EDGE('',*,*,#35420,.T.);
#35440=CARTESIAN_POINT('',(-1.017181,-1.2456463155874E-16,2.676));
#35450=DIRECTION('',(-1.22460635382238E-16,1.,0.));
#35460=VECTOR('',#35450,1.);
#35470=LINE('',#35440,#35460);
#35480=EDGE_CURVE('',#9810,#35410,#35470,.T.);
#35490=ORIENTED_EDGE('',*,*,#35480,.T.);
#35500=EDGE_LOOP('',(#35490,#35430,#35350,#35340));
#35510=FACE_OUTER_BOUND('',#35500,.T.);
#35520=ADVANCED_FACE('',(#35510),#33520,.F.);
#35530=CARTESIAN_POINT('',(0.632818999999997,-0.530469000000001,1.05));
#35540=DIRECTION('',(-6.12303176911189E-17,-1.,3.74915180455534E-33));
#35550=DIRECTION('',(-1.,6.12303176911189E-17,6.12303176911188E-17));
#35560=AXIS2_PLACEMENT_3D('',#35530,#35540,#35550);
#35570=PLANE('',#35560);
#35580=CARTESIAN_POINT('',(0.,-0.530469000000001,1.05));
#35590=DIRECTION('',(-1.,6.12303176911189E-17,0.));
#35600=VECTOR('',#35590,1.);
#35610=LINE('',#35580,#35600);
#35620=CARTESIAN_POINT('',(0.632818999999997,-0.530469000000001,1.05));
#35630=VERTEX_POINT('',#35620);
#35640=EDGE_CURVE('',#4290,#35630,#35610,.T.);
#35650=ORIENTED_EDGE('',*,*,#35640,.F.);
#35660=CARTESIAN_POINT('',(0.632818999999997,-0.530469000000001,1.05));
#35670=DIRECTION('',(-6.12303176911188E-17,0.,-1.));
#35680=VECTOR('',#35670,1.);
#35690=LINE('',#35660,#35680);
#35700=CARTESIAN_POINT('',(0.632818999999997,-0.530469000000001,
0.850000000000001));
#35710=VERTEX_POINT('',#35700);
#35720=EDGE_CURVE('',#35630,#35710,#35690,.T.);
#35730=ORIENTED_EDGE('',*,*,#35720,.F.);
#35740=CARTESIAN_POINT('',(-3.00829228105816E-15,-0.530469000000001,
0.850000000000001));
#35750=DIRECTION('',(1.,-6.12303176911189E-17,-6.12303176911188E-17));
#35760=VECTOR('',#35750,1.);
#35770=LINE('',#35740,#35760);
#35780=EDGE_CURVE('',#35710,#4370,#35770,.T.);
#35790=ORIENTED_EDGE('',*,*,#35780,.F.);
#35800=ORIENTED_EDGE('',*,*,#4380,.F.);
#35810=EDGE_LOOP('',(#35800,#35790,#35730,#35650));
#35820=FACE_OUTER_BOUND('',#35810,.T.);
#35830=ADVANCED_FACE('',(#35820),#35570,.F.);
#35840=CARTESIAN_POINT('',(-1.667181,-0.0304690000000004,1.05));
#35850=DIRECTION('',(1.,-6.12303176911188E-17,-6.12303176911188E-17));
#35860=DIRECTION('',(-6.12303176911188E-17,-1.,0.));
#35870=AXIS2_PLACEMENT_3D('',#35840,#35850,#35860);
#35880=PLANE('',#35870);
#35890=CARTESIAN_POINT('',(-1.667181,0.,1.05));
#35900=DIRECTION('',(-6.12303176911188E-17,-1.,0.));
#35910=VECTOR('',#35900,1.);
#35920=LINE('',#35890,#35910);
#35930=EDGE_CURVE('',#29870,#32290,#35920,.T.);
#35940=ORIENTED_EDGE('',*,*,#35930,.F.);
#35950=ORIENTED_EDGE('',*,*,#32450,.F.);
#35960=CARTESIAN_POINT('',(-1.667181,1.02082022278597E-16,
0.850000000000001));
#35970=DIRECTION('',(6.12303176911188E-17,1.,0.));
#35980=VECTOR('',#35970,1.);
#35990=LINE('',#35960,#35980);
#36000=EDGE_CURVE('',#32380,#29950,#35990,.T.);
#36010=ORIENTED_EDGE('',*,*,#36000,.F.);
#36020=ORIENTED_EDGE('',*,*,#29960,.F.);
#36030=EDGE_LOOP('',(#36020,#36010,#35950,#35940));
#36040=FACE_OUTER_BOUND('',#36030,.T.);
#36050=ADVANCED_FACE('',(#36040),#35880,.F.);
#36060=CARTESIAN_POINT('',(-2.217181,-1.630469,0.649999999999999));
#36070=DIRECTION('',(-1.,6.12303176911189E-17,6.12303176911188E-17));
#36080=DIRECTION('',(-6.12303176911188E-17,-1.,0.));
#36090=AXIS2_PLACEMENT_3D('',#36060,#36070,#36080);
#36100=CYLINDRICAL_SURFACE('',#36090,0.4);
#36110=CARTESIAN_POINT('',(-1.417181,-1.630469,0.649999999999999));
#36120=DIRECTION('',(-1.,6.12303176911189E-17,6.12303176911188E-17));
#36130=DIRECTION('',(-6.12303176911188E-17,-1.,0.));
#36140=AXIS2_PLACEMENT_3D('',#36110,#36120,#36130);
#36150=CIRCLE('',#36140,0.4);
#36160=CARTESIAN_POINT('',(-1.417181,-2.030469,0.649999999999999));
#36170=VERTEX_POINT('',#36160);
#36180=CARTESIAN_POINT('',(-1.417181,-1.630469,1.05));
#36190=VERTEX_POINT('',#36180);
#36200=EDGE_CURVE('',#36170,#36190,#36150,.T.);
#36210=ORIENTED_EDGE('',*,*,#36200,.F.);
#36220=CARTESIAN_POINT('',(-2.217181,-1.630469,1.05));
#36230=DIRECTION('',(1.,-6.12303176911189E-17,-6.12303176911188E-17));
#36240=VECTOR('',#36230,1.);
#36250=LINE('',#36220,#36240);
#36260=CARTESIAN_POINT('',(-1.017181,-1.630469,1.05));
#36270=VERTEX_POINT('',#36260);
#36280=EDGE_CURVE('',#36190,#36270,#36250,.T.);
#36290=ORIENTED_EDGE('',*,*,#36280,.F.);
#36300=CARTESIAN_POINT('',(-2.217181,-1.630469,1.05));
#36310=DIRECTION('',(-1.,6.12303176911189E-17,3.06151588455594E-17));
#36320=VECTOR('',#36310,1.);
#36330=LINE('',#36300,#36320);
#36340=CARTESIAN_POINT('',(0.382818999999997,-1.630469,1.05));
#36350=VERTEX_POINT('',#36340);
#36360=EDGE_CURVE('',#36350,#36270,#36330,.T.);
#36370=ORIENTED_EDGE('',*,*,#36360,.T.);
#36380=CARTESIAN_POINT('',(0.382818999999997,-1.630469,0.649999999999999
));
#36390=DIRECTION('',(-1.,6.12303176911189E-17,6.12303176911188E-17));
#36400=DIRECTION('',(-6.12303176911188E-17,-1.,0.));
#36410=AXIS2_PLACEMENT_3D('',#36380,#36390,#36400);
#36420=CIRCLE('',#36410,0.4);
#36430=CARTESIAN_POINT('',(0.382818999999997,-2.030469,0.649999999999998
));
#36440=VERTEX_POINT('',#36430);
#36450=EDGE_CURVE('',#36440,#36350,#36420,.T.);
#36460=ORIENTED_EDGE('',*,*,#36450,.T.);
#36470=CARTESIAN_POINT('',(-2.217181,-2.030469,0.649999999999999));
#36480=DIRECTION('',(-1.,6.12303176911189E-17,6.12303176911188E-17));
#36490=VECTOR('',#36480,1.);
#36500=LINE('',#36470,#36490);
#36510=EDGE_CURVE('',#36440,#36170,#36500,.T.);
#36520=ORIENTED_EDGE('',*,*,#36510,.F.);
#36530=EDGE_LOOP('',(#36520,#36460,#36370,#36290,#36210));
#36540=FACE_OUTER_BOUND('',#36530,.T.);
#36550=ADVANCED_FACE('',(#36540),#36100,.T.);
#36560=CARTESIAN_POINT('',(-1.517181,-1.530469,3.125));
#36570=DIRECTION('',(1.,1.22460635382238E-16,0.));
#36580=DIRECTION('',(1.22460635382238E-16,-1.,0.));
#36590=AXIS2_PLACEMENT_3D('',#36560,#36570,#36580);
#36600=PLANE('',#36590);
#36610=CARTESIAN_POINT('',(-1.517181,-1.530469,1.55));
#36620=DIRECTION('',(0.,0.,-1.));
#36630=VECTOR('',#36620,1.);
#36640=LINE('',#36610,#36630);
#36650=CARTESIAN_POINT('',(-1.517181,-1.530469,1.05));
#36660=VERTEX_POINT('',#36650);
#36670=EDGE_CURVE('',#24690,#36660,#36640,.T.);
#36680=ORIENTED_EDGE('',*,*,#36670,.F.);
#36690=CARTESIAN_POINT('',(-1.517181,-1.85794949249859E-16,1.05));
#36700=DIRECTION('',(1.22460635382238E-16,-1.,0.));
#36710=VECTOR('',#36700,1.);
#36720=LINE('',#36690,#36710);
#36730=EDGE_CURVE('',#36660,#28930,#36720,.T.);
#36740=ORIENTED_EDGE('',*,*,#36730,.F.);
#36750=ORIENTED_EDGE('',*,*,#28940,.F.);
#36760=ORIENTED_EDGE('',*,*,#24760,.F.);
#36770=EDGE_LOOP('',(#36760,#36750,#36740,#36680));
#36780=FACE_OUTER_BOUND('',#36770,.T.);
#36790=ADVANCED_FACE('',(#36780),#36600,.T.);
#36800=CARTESIAN_POINT('',(-1.38626288683164,0.421925882026892,
0.300000000000002));
#36810=DIRECTION('',(0.,0.,-1.));
#36820=DIRECTION('',(-1.,-1.22460635382238E-16,0.));
#36830=AXIS2_PLACEMENT_3D('',#36800,#36810,#36820);
#36840=PLANE('',#36830);
#36850=ORIENTED_EDGE('',*,*,#3200,.F.);
#36860=ORIENTED_EDGE('',*,*,#1110,.F.);
#36870=ORIENTED_EDGE('',*,*,#8890,.F.);
#36880=ORIENTED_EDGE('',*,*,#770,.T.);
#36890=EDGE_LOOP('',(#36880,#36870,#36860,#36850));
#36900=FACE_OUTER_BOUND('',#36890,.T.);
#36910=ADVANCED_FACE('',(#36900),#36840,.T.);
#36920=CARTESIAN_POINT('',(-2.217181,0.969530999999999,19.675));
#36930=DIRECTION('',(0.,1.,0.));
#36940=DIRECTION('',(0.,0.,1.));
#36950=AXIS2_PLACEMENT_3D('',#36920,#36930,#36940);
#36960=PLANE('',#36950);
#36970=ORIENTED_EDGE('',*,*,#30910,.F.);
#36980=ORIENTED_EDGE('',*,*,#1750,.F.);
#36990=ORIENTED_EDGE('',*,*,#13020,.T.);
#37000=CARTESIAN_POINT('',(-2.217181,0.969530999999999,-1.875));
#37010=DIRECTION('',(0.,0.,-1.));
#37020=VECTOR('',#37010,1.);
#37030=LINE('',#37000,#37020);
#37040=EDGE_CURVE('',#12950,#30900,#37030,.T.);
#37050=ORIENTED_EDGE('',*,*,#37040,.F.);
#37060=EDGE_LOOP('',(#37050,#36990,#36980,#36970));
#37070=FACE_OUTER_BOUND('',#37060,.T.);
#37080=ADVANCED_FACE('',(#37070),#36960,.T.);
#37090=CARTESIAN_POINT('',(-1.69933635459448,-0.869692227027637,1.05));
#37100=DIRECTION('',(0.98058067569092,0.196116135138183,
-6.0041266294327E-17));
#37110=DIRECTION('',(0.196116135138183,-0.98058067569092,
-1.20082532588654E-17));
#37120=AXIS2_PLACEMENT_3D('',#37090,#37100,#37110);
#37130=PLANE('',#37120);
#37140=CARTESIAN_POINT('',(-1.8732748,0.,1.05));
#37150=DIRECTION('',(0.196116135138183,-0.98058067569092,0.));
#37160=VECTOR('',#37150,1.);
#37170=LINE('',#37140,#37160);
#37180=CARTESIAN_POINT('',(-1.69933635459448,-0.869692227027637,1.05));
#37190=VERTEX_POINT('',#37180);
#37200=EDGE_CURVE('',#31160,#37190,#37170,.T.);
#37210=ORIENTED_EDGE('',*,*,#37200,.F.);
#37220=CARTESIAN_POINT('',(-1.69933635459448,-0.869692227027637,1.05));
#37230=DIRECTION('',(-6.12303176911188E-17,0.,-1.));
#37240=VECTOR('',#37230,1.);
#37250=LINE('',#37220,#37240);
#37260=CARTESIAN_POINT('',(-1.69933635459448,-0.869692227027637,
0.850000000000001));
#37270=VERTEX_POINT('',#37260);
#37280=EDGE_CURVE('',#37190,#37270,#37250,.T.);
#37290=ORIENTED_EDGE('',*,*,#37280,.F.);
#37300=CARTESIAN_POINT('',(-1.8732748,1.14701211126767E-16,
0.850000000000001));
#37310=DIRECTION('',(-0.196116135138183,0.98058067569092,
1.20082532588654E-17));
#37320=VECTOR('',#37310,1.);
#37330=LINE('',#37300,#37320);
#37340=EDGE_CURVE('',#37270,#31140,#37330,.T.);
#37350=ORIENTED_EDGE('',*,*,#37340,.F.);
#37360=ORIENTED_EDGE('',*,*,#31170,.F.);
#37370=EDGE_LOOP('',(#37360,#37350,#37290,#37210));
#37380=FACE_OUTER_BOUND('',#37370,.T.);
#37390=ADVANCED_FACE('',(#37380),#37130,.F.);
#37400=CARTESIAN_POINT('',(-1.517181,-1.530469,3.125));
#37410=DIRECTION('',(-1.,0.,0.));
#37420=DIRECTION('',(0.,-1.,0.));
#37430=AXIS2_PLACEMENT_3D('',#37400,#37410,#37420);
#37440=PLANE('',#37430);
#37450=CARTESIAN_POINT('',(-1.517181,-2.58294260600204E-16,3.926));
#37460=DIRECTION('',(0.,1.,0.));
#37470=VECTOR('',#37460,1.);
#37480=LINE('',#37450,#37470);
#37490=CARTESIAN_POINT('',(-1.517181,-2.030469,3.926));
#37500=VERTEX_POINT('',#37490);
#37510=CARTESIAN_POINT('',(-1.517181,-1.530469,3.926));
#37520=VERTEX_POINT('',#37510);
#37530=EDGE_CURVE('',#37500,#37520,#37480,.T.);
#37540=ORIENTED_EDGE('',*,*,#37530,.T.);
#37550=CARTESIAN_POINT('',(-1.517181,-2.030469,4.375));
#37560=DIRECTION('',(0.,0.,-1.));
#37570=VECTOR('',#37560,1.);
#37580=LINE('',#37550,#37570);
#37590=CARTESIAN_POINT('',(-1.517181,-2.030469,5.2));
#37600=VERTEX_POINT('',#37590);
#37610=EDGE_CURVE('',#37600,#37500,#37580,.T.);
#37620=ORIENTED_EDGE('',*,*,#37610,.T.);
#37630=CARTESIAN_POINT('',(-1.517181,-4.44089209850063E-16,5.2));
#37640=DIRECTION('',(0.,-1.,0.));
#37650=VECTOR('',#37640,1.);
#37660=LINE('',#37630,#37650);
#37670=CARTESIAN_POINT('',(-1.517181,-1.530469,5.2));
#37680=VERTEX_POINT('',#37670);
#37690=EDGE_CURVE('',#37680,#37600,#37660,.T.);
#37700=ORIENTED_EDGE('',*,*,#37690,.T.);
#37710=CARTESIAN_POINT('',(-1.517181,-1.530469,4.7));
#37720=DIRECTION('',(0.,0.,1.));
#37730=VECTOR('',#37720,1.);
#37740=LINE('',#37710,#37730);
#37750=EDGE_CURVE('',#37520,#37680,#37740,.T.);
#37760=ORIENTED_EDGE('',*,*,#37750,.T.);
#37770=EDGE_LOOP('',(#37760,#37700,#37620,#37540));
#37780=FACE_OUTER_BOUND('',#37770,.T.);
#37790=ADVANCED_FACE('',(#37780),#37440,.F.);
#37800=CARTESIAN_POINT('',(-1.017181,-2.030469,1.875));
#37810=DIRECTION('',(-1.,-1.22460635382238E-16,0.));
#37820=DIRECTION('',(-1.22460635382238E-16,1.,0.));
#37830=AXIS2_PLACEMENT_3D('',#37800,#37810,#37820);
#37840=PLANE('',#37830);
#37850=CARTESIAN_POINT('',(-1.017181,-1.2456463155874E-16,1.05));
#37860=DIRECTION('',(1.22460635382238E-16,-1.,0.));
#37870=VECTOR('',#37860,1.);
#37880=LINE('',#37850,#37870);
#37890=EDGE_CURVE('',#36270,#25650,#37880,.T.);
#37900=ORIENTED_EDGE('',*,*,#37890,.T.);
#37910=CARTESIAN_POINT('',(-1.017181,0.,1.05));
#37920=DIRECTION('',(-1.22460635382238E-16,1.,1.23259516440783E-32));
#37930=VECTOR('',#37920,1.);
#37940=LINE('',#37910,#37930);
#37950=CARTESIAN_POINT('',(-1.017181,-1.530469,1.05));
#37960=VERTEX_POINT('',#37950);
#37970=EDGE_CURVE('',#36270,#37960,#37940,.T.);
#37980=ORIENTED_EDGE('',*,*,#37970,.F.);
#37990=CARTESIAN_POINT('',(-1.017181,-1.530469,1.55));
#38000=DIRECTION('',(0.,0.,-1.));
#38010=VECTOR('',#38000,1.);
#38020=LINE('',#37990,#38010);
#38030=EDGE_CURVE('',#33350,#37960,#38020,.T.);
#38040=ORIENTED_EDGE('',*,*,#38030,.T.);
#38050=ORIENTED_EDGE('',*,*,#33360,.T.);
#38060=ORIENTED_EDGE('',*,*,#25740,.F.);
#38070=EDGE_LOOP('',(#38060,#38050,#38040,#37980,#37900));
#38080=FACE_OUTER_BOUND('',#38070,.T.);
#38090=ADVANCED_FACE('',(#38080),#37840,.T.);
#38100=CARTESIAN_POINT('',(-2.217181,-2.71517394017425E-16,
0.300000000000002));
#38110=DIRECTION('',(1.22460635382238E-16,-1.,0.));
#38120=VECTOR('',#38110,1.);
#38130=LINE('',#38100,#38120);
#38140=EDGE_CURVE('',#34760,#22750,#38130,.T.);
#38150=ORIENTED_EDGE('',*,*,#38140,.F.);
#38160=ORIENTED_EDGE('',*,*,#23160,.F.);
#38170=ORIENTED_EDGE('',*,*,#35260,.F.);
#38180=ORIENTED_EDGE('',*,*,#34830,.T.);
#38190=EDGE_LOOP('',(#38180,#38170,#38160,#38150));
#38200=FACE_OUTER_BOUND('',#38190,.T.);
#38210=ADVANCED_FACE('',(#38200),#36840,.T.);
#38220=CARTESIAN_POINT('',(0.782818999999997,5.77369377901522E-32,
0.649999999999999));
#38230=DIRECTION('',(-6.12303176911189E-17,-1.,6.16297582203916E-33));
#38240=DIRECTION('',(-1.,6.12303176911189E-17,0.));
#38250=AXIS2_PLACEMENT_3D('',#38220,#38230,#38240);
#38260=CYLINDRICAL_SURFACE('',#38250,0.4);
#38270=ORIENTED_EDGE('',*,*,#27460,.T.);
#38280=CARTESIAN_POINT('',(0.782818999999997,1.469531,0.649999999999999)
);
#38290=DIRECTION('',(6.12303176911189E-17,1.,-6.16297582203916E-33));
#38300=DIRECTION('',(-1.,6.12303176911189E-17,0.));
#38310=AXIS2_PLACEMENT_3D('',#38280,#38290,#38300);
#38320=CIRCLE('',#38310,0.4);
#38330=EDGE_CURVE('',#27390,#8670,#38320,.T.);
#38340=ORIENTED_EDGE('',*,*,#38330,.F.);
#38350=ORIENTED_EDGE('',*,*,#8680,.F.);
#38360=ORIENTED_EDGE('',*,*,#9650,.T.);
#38370=EDGE_LOOP('',(#38360,#38350,#38340,#38270));
#38380=FACE_OUTER_BOUND('',#38370,.T.);
#38390=ADVANCED_FACE('',(#38380),#38260,.T.);
#38400=CARTESIAN_POINT('',(-3.417181,-2.030469,2.325));
#38410=DIRECTION('',(-0.242535625036333,-0.970142500145332,0.));
#38420=DIRECTION('',(-0.970142500145332,0.242535625036333,0.));
#38430=AXIS2_PLACEMENT_3D('',#38400,#38410,#38420);
#38440=PLANE('',#38430);
#38450=ORIENTED_EDGE('',*,*,#29640,.F.);
#38460=CARTESIAN_POINT('',(-0.0251477347320566,-2.87847731631698,
3.52300831631699));
#38470=DIRECTION('',(0.942809041582063,-0.235702260395516,
0.235702260395517));
#38480=VECTOR('',#38470,1.);
#38490=LINE('',#38460,#38480);
#38500=EDGE_CURVE('',#29550,#26680,#38490,.T.);
#38510=ORIENTED_EDGE('',*,*,#38500,.F.);
#38520=ORIENTED_EDGE('',*,*,#26690,.F.);
#38530=ORIENTED_EDGE('',*,*,#30250,.F.);
#38540=EDGE_LOOP('',(#38530,#38520,#38510,#38450));
#38550=FACE_OUTER_BOUND('',#38540,.T.);
#38560=ADVANCED_FACE('',(#38550),#38440,.T.);
#38570=CARTESIAN_POINT('',(-0.767181000000003,-2.030469,
0.350000000000001));
#38580=DIRECTION('',(-1.,6.12303176911188E-17,6.12303176911188E-17));
#38590=DIRECTION('',(6.12303176911188E-17,1.,-1.40561392536006E-65));
#38600=AXIS2_PLACEMENT_3D('',#38570,#38580,#38590);
#38610=PLANE('',#38600);
#38620=ORIENTED_EDGE('',*,*,#22540,.T.);
#38630=CARTESIAN_POINT('',(-0.767181000000003,-1.630469,
0.649999999999999));
#38640=DIRECTION('',(-6.12303176911188E-17,-7.54721935012284E-49,-1.));
#38650=VECTOR('',#38640,1.);
#38660=LINE('',#38630,#38650);
#38670=CARTESIAN_POINT('',(-0.767181000000003,-1.630469,
-0.450000000000003));
#38680=VERTEX_POINT('',#38670);
#38690=EDGE_CURVE('',#22440,#38680,#38660,.T.);
#38700=ORIENTED_EDGE('',*,*,#38690,.F.);
#38710=CARTESIAN_POINT('',(-0.767181000000003,-1.630469,
-0.0500000000000007));
#38720=DIRECTION('',(-1.,6.12303176911189E-17,6.12303176911188E-17));
#38730=DIRECTION('',(-6.12303176911188E-17,-1.,0.));
#38740=AXIS2_PLACEMENT_3D('',#38710,#38720,#38730);
#38750=CIRCLE('',#38740,0.4);
#38760=CARTESIAN_POINT('',(-0.767181000000003,-2.030469,
-0.0500000000000008));
#38770=VERTEX_POINT('',#38760);
#38780=EDGE_CURVE('',#38680,#38770,#38750,.T.);
#38790=ORIENTED_EDGE('',*,*,#38780,.F.);
#38800=CARTESIAN_POINT('',(-0.767181000000003,-2.030469,
-5.38662410615686));
#38810=DIRECTION('',(6.12303176911188E-17,7.54721935012284E-49,1.));
#38820=VECTOR('',#38810,1.);
#38830=LINE('',#38800,#38820);
#38840=CARTESIAN_POINT('',(-0.767181000000003,-2.030469,
0.350000000000001));
#38850=VERTEX_POINT('',#38840);
#38860=EDGE_CURVE('',#38770,#38850,#38830,.T.);
#38870=ORIENTED_EDGE('',*,*,#38860,.F.);
#38880=CARTESIAN_POINT('',(-0.767181000000003,-2.030469,
0.350000000000001));
#38890=DIRECTION('',(6.12303176911188E-17,1.,-1.40561392536006E-65));
#38900=VECTOR('',#38890,1.);
#38910=LINE('',#38880,#38900);
#38920=EDGE_CURVE('',#38850,#23400,#38910,.T.);
#38930=ORIENTED_EDGE('',*,*,#38920,.F.);
#38940=ORIENTED_EDGE('',*,*,#23410,.F.);
#38950=EDGE_LOOP('',(#38940,#38930,#38870,#38790,#38700,#38620));
#38960=FACE_OUTER_BOUND('',#38950,.T.);
#38970=ADVANCED_FACE('',(#38960),#38610,.F.);
#38980=CARTESIAN_POINT('',(0.782819000000001,-9.58645121292881E-17,5.6))
;
#38990=DIRECTION('',(-1.83690953073357E-16,-1.,8.83363139618221E-33));
#39000=DIRECTION('',(-1.,1.83690953073357E-16,1.22460635382238E-16));
#39010=AXIS2_PLACEMENT_3D('',#38980,#38990,#39000);
#39020=CYLINDRICAL_SURFACE('',#39010,0.4);
#39030=ORIENTED_EDGE('',*,*,#21710,.F.);
#39040=ORIENTED_EDGE('',*,*,#8320,.T.);
#39050=ORIENTED_EDGE('',*,*,#6500,.T.);
#39060=CARTESIAN_POINT('',(0.782819000000001,-9.58645121292881E-17,5.2))
;
#39070=DIRECTION('',(-1.83690953073357E-16,-1.,4.41681569809111E-33));
#39080=VECTOR('',#39070,1.);
#39090=LINE('',#39060,#39080);
#39100=EDGE_CURVE('',#6470,#21620,#39090,.T.);
#39110=ORIENTED_EDGE('',*,*,#39100,.F.);
#39120=EDGE_LOOP('',(#39110,#39050,#39040,#39030));
#39130=FACE_OUTER_BOUND('',#39120,.T.);
#39140=ADVANCED_FACE('',(#39130),#39020,.T.);
#39150=CARTESIAN_POINT('',(-0.267181000000003,-2.030469,
0.350000000000001));
#39160=DIRECTION('',(6.12303176911188E-17,-3.74915180455534E-33,1.));
#39170=DIRECTION('',(1.,-6.12303176911189E-17,-6.12303176911188E-17));
#39180=AXIS2_PLACEMENT_3D('',#39150,#39160,#39170);
#39190=PLANE('',#39180);
#39200=CARTESIAN_POINT('',(-3.1307529164404E-15,-2.030469,
0.350000000000001));
#39210=DIRECTION('',(1.,-6.12303176911189E-17,-6.12303176911188E-17));
#39220=VECTOR('',#39210,1.);
#39230=LINE('',#39200,#39220);
#39240=CARTESIAN_POINT('',(-0.267181000000003,-2.030469,
0.350000000000001));
#39250=VERTEX_POINT('',#39240);
#39260=EDGE_CURVE('',#38850,#39250,#39230,.T.);
#39270=ORIENTED_EDGE('',*,*,#39260,.F.);
#39280=CARTESIAN_POINT('',(-0.267181000000003,-2.030469,
0.350000000000001));
#39290=DIRECTION('',(6.12303176911188E-17,1.,-1.40561392536006E-65));
#39300=VECTOR('',#39290,1.);
#39310=LINE('',#39280,#39300);
#39320=EDGE_CURVE('',#39250,#23480,#39310,.T.);
#39330=ORIENTED_EDGE('',*,*,#39320,.F.);
#39340=ORIENTED_EDGE('',*,*,#23490,.F.);
#39350=ORIENTED_EDGE('',*,*,#38920,.T.);
#39360=EDGE_LOOP('',(#39350,#39340,#39330,#39270));
#39370=FACE_OUTER_BOUND('',#39360,.T.);
#39380=ADVANCED_FACE('',(#39370),#39190,.F.);
#39390=CARTESIAN_POINT('',(-3.417181,-1.680469,2.325));
#39400=DIRECTION('',(0.,1.,0.));
#39410=DIRECTION('',(1.,0.,0.));
#39420=AXIS2_PLACEMENT_3D('',#39390,#39400,#39410);
#39430=PLANE('',#39420);
#39440=CARTESIAN_POINT('',(-0.452181000000001,-1.680469,2.325));
#39450=DIRECTION('',(0.,0.,-1.));
#39460=VECTOR('',#39450,1.);
#39470=LINE('',#39440,#39460);
#39480=EDGE_CURVE('',#34020,#23920,#39470,.T.);
#39490=ORIENTED_EDGE('',*,*,#39480,.T.);
#39500=ORIENTED_EDGE('',*,*,#34030,.T.);
#39510=ORIENTED_EDGE('',*,*,#28490,.T.);
#39520=ORIENTED_EDGE('',*,*,#24010,.F.);
#39530=EDGE_LOOP('',(#39520,#39510,#39500,#39490));
#39540=FACE_OUTER_BOUND('',#39530,.T.);
#39550=ADVANCED_FACE('',(#39540),#39430,.T.);
#39560=CARTESIAN_POINT('',(-1.417181,-1.330469,-0.600002400000001));
#39570=DIRECTION('',(1.,-6.12303176911188E-17,-6.12303176911188E-17));
#39580=DIRECTION('',(-6.12303176911188E-17,-1.,0.));
#39590=AXIS2_PLACEMENT_3D('',#39560,#39570,#39580);
#39600=PLANE('',#39590);
#39610=CARTESIAN_POINT('',(-1.417181,-1.630469,-0.0500000000000007));
#39620=DIRECTION('',(-1.,6.12303176911189E-17,6.12303176911188E-17));
#39630=DIRECTION('',(-6.12303176911188E-17,-1.,0.));
#39640=AXIS2_PLACEMENT_3D('',#39610,#39620,#39630);
#39650=CIRCLE('',#39640,0.4);
#39660=CARTESIAN_POINT('',(-1.417181,-1.630469,-0.450000000000003));
#39670=VERTEX_POINT('',#39660);
#39680=CARTESIAN_POINT('',(-1.417181,-2.030469,-0.0500000000000008));
#39690=VERTEX_POINT('',#39680);
#39700=EDGE_CURVE('',#39670,#39690,#39650,.T.);
#39710=ORIENTED_EDGE('',*,*,#39700,.T.);
#39720=CARTESIAN_POINT('',(-1.417181,8.67744428558176E-17,
-0.450000000000003));
#39730=DIRECTION('',(6.12303176911188E-17,1.,0.));
#39740=VECTOR('',#39730,1.);
#39750=LINE('',#39720,#39740);
#39760=CARTESIAN_POINT('',(-1.417181,-0.930468999999999,
-0.450000000000003));
#39770=VERTEX_POINT('',#39760);
#39780=EDGE_CURVE('',#39670,#39770,#39750,.T.);
#39790=ORIENTED_EDGE('',*,*,#39780,.F.);
#39800=CARTESIAN_POINT('',(-1.417181,-0.930468999999999,
-5.38662410615686));
#39810=DIRECTION('',(6.12303176911188E-17,0.,1.));
#39820=VECTOR('',#39810,1.);
#39830=LINE('',#39800,#39820);
#39840=CARTESIAN_POINT('',(-1.417181,-0.930468999999999,-0.25));
#39850=VERTEX_POINT('',#39840);
#39860=EDGE_CURVE('',#39770,#39850,#39830,.T.);
#39870=ORIENTED_EDGE('',*,*,#39860,.F.);
#39880=CARTESIAN_POINT('',(-1.417181,8.67744428558176E-17,-0.25));
#39890=DIRECTION('',(-6.12303176911188E-17,-1.,0.));
#39900=VECTOR('',#39890,1.);
#39910=LINE('',#39880,#39900);
#39920=EDGE_CURVE('',#39850,#22340,#39910,.T.);
#39930=ORIENTED_EDGE('',*,*,#39920,.F.);
#39940=ORIENTED_EDGE('',*,*,#22370,.F.);
#39950=ORIENTED_EDGE('',*,*,#23320,.F.);
#39960=CARTESIAN_POINT('',(-1.417181,-1.630469,0.649999999999999));
#39970=DIRECTION('',(-1.,6.12303176911189E-17,6.12303176911188E-17));
#39980=DIRECTION('',(-6.12303176911188E-17,-1.,0.));
#39990=AXIS2_PLACEMENT_3D('',#39960,#39970,#39980);
#40000=CIRCLE('',#39990,0.2);
#40010=CARTESIAN_POINT('',(-1.417181,-1.630469,0.850000000000001));
#40020=VERTEX_POINT('',#40010);
#40030=EDGE_CURVE('',#23310,#40020,#40000,.T.);
#40040=ORIENTED_EDGE('',*,*,#40030,.F.);
#40050=CARTESIAN_POINT('',(-1.417181,8.67744428558176E-17,
0.850000000000001));
#40060=DIRECTION('',(6.12303176911188E-17,1.,0.));
#40070=VECTOR('',#40060,1.);
#40080=LINE('',#40050,#40070);
#40090=CARTESIAN_POINT('',(-1.417181,-1.02997062820733,0.850000000000001
));
#40100=VERTEX_POINT('',#40090);
#40110=EDGE_CURVE('',#40020,#40100,#40080,.T.);
#40120=ORIENTED_EDGE('',*,*,#40110,.F.);
#40130=CARTESIAN_POINT('',(-1.417181,-1.02997062820733,
-0.600002400000001));
#40140=DIRECTION('',(6.12303176911188E-17,0.,1.));
#40150=VECTOR('',#40140,1.);
#40160=LINE('',#40130,#40150);
#40170=CARTESIAN_POINT('',(-1.417181,-1.02997062820733,1.05));
#40180=VERTEX_POINT('',#40170);
#40190=EDGE_CURVE('',#40100,#40180,#40160,.T.);
#40200=ORIENTED_EDGE('',*,*,#40190,.F.);
#40210=CARTESIAN_POINT('',(-1.417181,0.,1.05));
#40220=DIRECTION('',(-6.12303176911188E-17,-1.,0.));
#40230=VECTOR('',#40220,1.);
#40240=LINE('',#40210,#40230);
#40250=CARTESIAN_POINT('',(-1.417181,-1.530469,1.05));
#40260=VERTEX_POINT('',#40250);
#40270=EDGE_CURVE('',#40180,#40260,#40240,.T.);
#40280=ORIENTED_EDGE('',*,*,#40270,.F.);
#40290=CARTESIAN_POINT('',(-1.417181,8.67744428558176E-17,1.05));
#40300=DIRECTION('',(-6.12303176911188E-17,-1.,0.));
#40310=VECTOR('',#40300,1.);
#40320=LINE('',#40290,#40310);
#40330=EDGE_CURVE('',#40260,#36190,#40320,.T.);
#40340=ORIENTED_EDGE('',*,*,#40330,.F.);
#40350=ORIENTED_EDGE('',*,*,#36200,.T.);
#40360=CARTESIAN_POINT('',(-1.417181,-2.030469,-5.38662410615686));
#40370=DIRECTION('',(-6.12303176911188E-17,0.,-1.));
#40380=VECTOR('',#40370,1.);
#40390=LINE('',#40360,#40380);
#40400=EDGE_CURVE('',#36170,#39690,#40390,.T.);
#40410=ORIENTED_EDGE('',*,*,#40400,.F.);
#40420=EDGE_LOOP('',(#40410,#40350,#40340,#40280,#40200,#40120,#40040,
#39950,#39940,#39930,#39870,#39790,#39710));
#40430=FACE_OUTER_BOUND('',#40420,.T.);
#40440=ADVANCED_FACE('',(#40430),#39600,.F.);
#40450=CARTESIAN_POINT('',(0.382818999999997,-1.330469,
-0.600002400000001));
#40460=DIRECTION('',(-1.,6.12303176911188E-17,6.12303176911188E-17));
#40470=DIRECTION('',(6.12303176911188E-17,1.,0.));
#40480=AXIS2_PLACEMENT_3D('',#40450,#40460,#40470);
#40490=PLANE('',#40480);
#40500=CARTESIAN_POINT('',(0.382818999999997,-2.34401289881964E-17,-0.25
));
#40510=DIRECTION('',(6.12303176911188E-17,1.,0.));
#40520=VECTOR('',#40510,1.);
#40530=LINE('',#40500,#40520);
#40540=CARTESIAN_POINT('',(0.382818999999997,-1.630469,-0.25));
#40550=VERTEX_POINT('',#40540);
#40560=CARTESIAN_POINT('',(0.382818999999997,-0.930469,-0.25));
#40570=VERTEX_POINT('',#40560);
#40580=EDGE_CURVE('',#40550,#40570,#40530,.T.);
#40590=ORIENTED_EDGE('',*,*,#40580,.F.);
#40600=CARTESIAN_POINT('',(0.382818999999997,-0.930469,-5.38662410615686
));
#40610=DIRECTION('',(-6.12303176911188E-17,0.,-1.));
#40620=VECTOR('',#40610,1.);
#40630=LINE('',#40600,#40620);
#40640=CARTESIAN_POINT('',(0.382818999999997,-0.930469,
-0.450000000000003));
#40650=VERTEX_POINT('',#40640);
#40660=EDGE_CURVE('',#40570,#40650,#40630,.T.);
#40670=ORIENTED_EDGE('',*,*,#40660,.F.);
#40680=CARTESIAN_POINT('',(0.382818999999997,-2.34401289881964E-17,
-0.450000000000003));
#40690=DIRECTION('',(-6.12303176911188E-17,-1.,0.));
#40700=VECTOR('',#40690,1.);
#40710=LINE('',#40680,#40700);
#40720=CARTESIAN_POINT('',(0.382818999999997,-1.630469,
-0.450000000000003));
#40730=VERTEX_POINT('',#40720);
#40740=EDGE_CURVE('',#40650,#40730,#40710,.T.);
#40750=ORIENTED_EDGE('',*,*,#40740,.F.);
#40760=CARTESIAN_POINT('',(0.382818999999997,-1.630469,
-0.0500000000000007));
#40770=DIRECTION('',(-1.,6.12303176911189E-17,6.12303176911188E-17));
#40780=DIRECTION('',(-6.12303176911188E-17,-1.,0.));
#40790=AXIS2_PLACEMENT_3D('',#40760,#40770,#40780);
#40800=CIRCLE('',#40790,0.4);
#40810=CARTESIAN_POINT('',(0.382818999999997,-2.030469,
-0.0500000000000009));
#40820=VERTEX_POINT('',#40810);
#40830=EDGE_CURVE('',#40730,#40820,#40800,.T.);
#40840=ORIENTED_EDGE('',*,*,#40830,.F.);
#40850=CARTESIAN_POINT('',(0.382818999999997,-2.030469,-5.38662410615686
));
#40860=DIRECTION('',(6.12303176911188E-17,0.,1.));
#40870=VECTOR('',#40860,1.);
#40880=LINE('',#40850,#40870);
#40890=EDGE_CURVE('',#40820,#36440,#40880,.T.);
#40900=ORIENTED_EDGE('',*,*,#40890,.F.);
#40910=ORIENTED_EDGE('',*,*,#36450,.F.);
#40920=CARTESIAN_POINT('',(0.382818999999997,0.,1.05));
#40930=DIRECTION('',(6.12303176911188E-17,1.,0.));
#40940=VECTOR('',#40930,1.);
#40950=LINE('',#40920,#40940);
#40960=EDGE_CURVE('',#36350,#26370,#40950,.T.);
#40970=ORIENTED_EDGE('',*,*,#40960,.F.);
#40980=ORIENTED_EDGE('',*,*,#26380,.T.);
#40990=CARTESIAN_POINT('',(0.382818999999997,-2.34401289881964E-17,
0.850000000000001));
#41000=DIRECTION('',(-6.12303176911188E-17,-1.,0.));
#41010=VECTOR('',#41000,1.);
#41020=LINE('',#40990,#41010);
#41030=CARTESIAN_POINT('',(0.382818999999997,-1.630469,0.850000000000001
));
#41040=VERTEX_POINT('',#41030);
#41050=EDGE_CURVE('',#26290,#41040,#41020,.T.);
#41060=ORIENTED_EDGE('',*,*,#41050,.F.);
#41070=CARTESIAN_POINT('',(0.382818999999997,-1.630469,0.649999999999999
));
#41080=DIRECTION('',(-1.,6.12303176911189E-17,6.12303176911188E-17));
#41090=DIRECTION('',(-6.12303176911188E-17,-1.,0.));
#41100=AXIS2_PLACEMENT_3D('',#41070,#41080,#41090);
#41110=CIRCLE('',#41100,0.2);
#41120=EDGE_CURVE('',#23720,#41040,#41110,.T.);
#41130=ORIENTED_EDGE('',*,*,#41120,.T.);
#41140=ORIENTED_EDGE('',*,*,#23730,.F.);
#41150=CARTESIAN_POINT('',(0.382818999999997,-1.630469,
-0.0500000000000007));
#41160=DIRECTION('',(-1.,6.12303176911189E-17,6.12303176911188E-17));
#41170=DIRECTION('',(-6.12303176911188E-17,-1.,0.));
#41180=AXIS2_PLACEMENT_3D('',#41150,#41160,#41170);
#41190=CIRCLE('',#41180,0.2);
#41200=EDGE_CURVE('',#40550,#23640,#41190,.T.);
#41210=ORIENTED_EDGE('',*,*,#41200,.T.);
#41220=EDGE_LOOP('',(#41210,#41140,#41130,#41060,#40980,#40970,#40910,
#40900,#40840,#40750,#40670,#40590));
#41230=FACE_OUTER_BOUND('',#41220,.T.);
#41240=ADVANCED_FACE('',(#41230),#40490,.F.);
#41250=CARTESIAN_POINT('',(-1.74283400696029,0.669531,0.934510345014509)
);
#41260=DIRECTION('',(6.12303176911189E-17,1.,-3.74915180455534E-33));
#41270=DIRECTION('',(-1.,6.12303176911189E-17,6.12303176911188E-17));
#41280=AXIS2_PLACEMENT_3D('',#41250,#41260,#41270);
#41290=PLANE('',#41280);
#41300=CARTESIAN_POINT('',(-3.10788179046229E-15,0.669531,
0.850000000000001));
#41310=DIRECTION('',(1.,-6.12303176911189E-17,-6.12303176911188E-17));
#41320=VECTOR('',#41310,1.);
#41330=LINE('',#41300,#41320);
#41340=EDGE_CURVE('',#31990,#460,#41330,.T.);
#41350=ORIENTED_EDGE('',*,*,#41340,.T.);
#41360=ORIENTED_EDGE('',*,*,#32000,.T.);
#41370=CARTESIAN_POINT('',(0.,0.669531,1.05));
#41380=DIRECTION('',(1.,-6.12303176911189E-17,0.));
#41390=VECTOR('',#41380,1.);
#41400=LINE('',#41370,#41390);
#41410=EDGE_CURVE('',#31910,#4670,#41400,.T.);
#41420=ORIENTED_EDGE('',*,*,#41410,.F.);
#41430=ORIENTED_EDGE('',*,*,#4680,.F.);
#41440=EDGE_LOOP('',(#41430,#41420,#41360,#41350));
#41450=FACE_OUTER_BOUND('',#41440,.T.);
#41460=ADVANCED_FACE('',(#41450),#41290,.F.);
#41470=CARTESIAN_POINT('',(-0.748576102355526,-1.630469,
0.198273944383629));
#41480=DIRECTION('',(-6.12303176911189E-17,-1.,3.74915180455534E-33));
#41490=DIRECTION('',(6.12303176911188E-17,7.54721935012284E-49,1.));
#41500=AXIS2_PLACEMENT_3D('',#41470,#41480,#41490);
#41510=PLANE('',#41500);
#41520=CARTESIAN_POINT('',(-2.217181,-1.630469,-0.450000000000003));
#41530=DIRECTION('',(-1.,6.12303176911189E-17,6.12303176911188E-17));
#41540=VECTOR('',#41530,1.);
#41550=LINE('',#41520,#41540);
#41560=CARTESIAN_POINT('',(-0.267181000000003,-1.630469,
-0.450000000000003));
#41570=VERTEX_POINT('',#41560);
#41580=EDGE_CURVE('',#41570,#38680,#41550,.T.);
#41590=ORIENTED_EDGE('',*,*,#41580,.F.);
#41600=ORIENTED_EDGE('',*,*,#38690,.T.);
#41610=CARTESIAN_POINT('',(-2.217181,-1.630469,-0.25));
#41620=DIRECTION('',(-1.,6.12303176911189E-17,6.12303176911188E-17));
#41630=VECTOR('',#41620,1.);
#41640=LINE('',#41610,#41630);
#41650=CARTESIAN_POINT('',(-0.267181000000003,-1.630469,-0.25));
#41660=VERTEX_POINT('',#41650);
#41670=EDGE_CURVE('',#41660,#22440,#41640,.T.);
#41680=ORIENTED_EDGE('',*,*,#41670,.T.);
#41690=CARTESIAN_POINT('',(-0.267181000000003,-1.630469,
-0.0500000000000007));
#41700=DIRECTION('',(6.12303176911188E-17,7.54721935012284E-49,1.));
#41710=VECTOR('',#41700,1.);
#41720=LINE('',#41690,#41710);
#41730=EDGE_CURVE('',#41570,#41660,#41720,.T.);
#41740=ORIENTED_EDGE('',*,*,#41730,.T.);
#41750=EDGE_LOOP('',(#41740,#41680,#41600,#41590));
#41760=FACE_OUTER_BOUND('',#41750,.T.);
#41770=ADVANCED_FACE('',(#41760),#41510,.T.);
#41780=CARTESIAN_POINT('',(-1.817181,5.77369377901522E-32,
0.649999999999999));
#41790=DIRECTION('',(-6.12303176911189E-17,-1.,6.16297582203916E-33));
#41800=DIRECTION('',(-1.,6.12303176911189E-17,0.));
#41810=AXIS2_PLACEMENT_3D('',#41780,#41790,#41800);
#41820=CYLINDRICAL_SURFACE('',#41810,0.2);
#41830=CARTESIAN_POINT('',(-2.017181,1.22460635382238E-17,
0.649999999999999));
#41840=DIRECTION('',(-6.12303176911189E-17,-1.,6.16297582203916E-33));
#41850=VECTOR('',#41840,1.);
#41860=LINE('',#41830,#41850);
#41870=CARTESIAN_POINT('',(-2.017181,1.469531,0.649999999999999));
#41880=VERTEX_POINT('',#41870);
#41890=EDGE_CURVE('',#41880,#34520,#41860,.T.);
#41900=ORIENTED_EDGE('',*,*,#41890,.F.);
#41910=ORIENTED_EDGE('',*,*,#34530,.F.);
#41920=CARTESIAN_POINT('',(-1.817181,5.69871074292411E-32,
0.849999999999998));
#41930=DIRECTION('',(-6.12303176911189E-17,-1.,6.16297582203916E-33));
#41940=VECTOR('',#41930,1.);
#41950=LINE('',#41920,#41940);
#41960=CARTESIAN_POINT('',(-1.817181,1.469531,0.850000000000001));
#41970=VERTEX_POINT('',#41960);
#41980=EDGE_CURVE('',#41970,#34430,#41950,.T.);
#41990=ORIENTED_EDGE('',*,*,#41980,.T.);
#42000=CARTESIAN_POINT('',(-1.817181,1.469531,0.649999999999999));
#42010=DIRECTION('',(6.12303176911189E-17,1.,-6.16297582203916E-33));
#42020=DIRECTION('',(-1.,6.12303176911189E-17,0.));
#42030=AXIS2_PLACEMENT_3D('',#42000,#42010,#42020);
#42040=CIRCLE('',#42030,0.2);
#42050=EDGE_CURVE('',#41880,#41970,#42040,.T.);
#42060=ORIENTED_EDGE('',*,*,#42050,.T.);
#42070=EDGE_LOOP('',(#42060,#41990,#41910,#41900));
#42080=FACE_OUTER_BOUND('',#42070,.T.);
#42090=ADVANCED_FACE('',(#42080),#41820,.F.);
#42100=CARTESIAN_POINT('',(0.782818999999997,-0.0304690000000006,1.05));
#42110=DIRECTION('',(-0.957826285221152,0.287347885566345,
5.86480077369953E-17));
#42120=DIRECTION('',(0.287347885566345,0.957826285221152,
-1.75944023210986E-17));
#42130=AXIS2_PLACEMENT_3D('',#42100,#42110,#42120);
#42140=PLANE('',#42130);
#42150=CARTESIAN_POINT('',(0.791959699999997,0.,1.05));
#42160=DIRECTION('',(0.287347885566345,0.957826285221151,0.));
#42170=VECTOR('',#42160,1.);
#42180=LINE('',#42150,#42170);
#42190=EDGE_CURVE('',#35630,#4210,#42180,.T.);
#42200=ORIENTED_EDGE('',*,*,#42190,.F.);
#42210=ORIENTED_EDGE('',*,*,#4220,.F.);
#42220=CARTESIAN_POINT('',(0.791959699999997,-4.84919440295631E-17,
0.850000000000001));
#42230=DIRECTION('',(-0.287347885566345,-0.957826285221152,
1.75944023210986E-17));
#42240=VECTOR('',#42230,1.);
#42250=LINE('',#42220,#42240);
#42260=EDGE_CURVE('',#4130,#35710,#42250,.T.);
#42270=ORIENTED_EDGE('',*,*,#42260,.F.);
#42280=ORIENTED_EDGE('',*,*,#35720,.T.);
#42290=EDGE_LOOP('',(#42280,#42270,#42210,#42200));
#42300=FACE_OUTER_BOUND('',#42290,.T.);
#42310=ADVANCED_FACE('',(#42300),#42140,.F.);
#42320=ORIENTED_EDGE('',*,*,#27240,.T.);
#42330=CARTESIAN_POINT('',(-2.217181,0.669531,0.649999999999999));
#42340=VERTEX_POINT('',#42330);
#42350=EDGE_CURVE('',#27150,#42340,#34740,.T.);
#42360=ORIENTED_EDGE('',*,*,#42350,.F.);
#42370=CARTESIAN_POINT('',(-1.817181,0.669531,0.649999999999999));
#42380=DIRECTION('',(-6.12303176911189E-17,-1.,6.16297582203916E-33));
#42390=DIRECTION('',(1.,-6.12303176911189E-17,0.));
#42400=AXIS2_PLACEMENT_3D('',#42370,#42380,#42390);
#42410=CIRCLE('',#42400,0.4);
#42420=EDGE_CURVE('',#27230,#42340,#42410,.T.);
#42430=ORIENTED_EDGE('',*,*,#42420,.T.);
#42440=EDGE_LOOP('',(#42430,#42360,#42320));
#42450=FACE_OUTER_BOUND('',#42440,.T.);
#42460=ADVANCED_FACE('',(#42450),#34270,.T.);
#42470=CARTESIAN_POINT('',(-2.217181,-0.930468999999999,
-0.450000000000003));
#42480=DIRECTION('',(-6.12303176911188E-17,3.74915180455534E-33,-1.));
#42490=DIRECTION('',(6.12303176911188E-17,1.,0.));
#42500=AXIS2_PLACEMENT_3D('',#42470,#42480,#42490);
#42510=PLANE('',#42500);
#42520=ORIENTED_EDGE('',*,*,#39780,.T.);
#42530=CARTESIAN_POINT('',(-2.217181,-1.630469,-0.450000000000003));
#42540=DIRECTION('',(1.,-6.12303176911189E-17,-6.12303176911188E-17));
#42550=VECTOR('',#42540,1.);
#42560=LINE('',#42530,#42550);
#42570=EDGE_CURVE('',#39670,#38680,#42560,.T.);
#42580=ORIENTED_EDGE('',*,*,#42570,.F.);
#42590=ORIENTED_EDGE('',*,*,#41580,.T.);
#42600=EDGE_CURVE('',#41570,#40730,#42560,.T.);
#42610=ORIENTED_EDGE('',*,*,#42600,.F.);
#42620=ORIENTED_EDGE('',*,*,#40740,.T.);
#42630=CARTESIAN_POINT('',(-2.217181,-0.930468999999999,
-0.450000000000003));
#42640=DIRECTION('',(1.,-6.12303176911189E-17,-6.12303176911188E-17));
#42650=VECTOR('',#42640,1.);
#42660=LINE('',#42630,#42650);
#42670=EDGE_CURVE('',#39770,#40650,#42660,.T.);
#42680=ORIENTED_EDGE('',*,*,#42670,.T.);
#42690=EDGE_LOOP('',(#42680,#42620,#42610,#42590,#42580,#42520));
#42700=FACE_OUTER_BOUND('',#42690,.T.);
#42710=ADVANCED_FACE('',(#42700),#42510,.T.);
#42720=CARTESIAN_POINT('',(-2.217181,-1.630469,-0.0500000000000007));
#42730=DIRECTION('',(-1.,6.12303176911189E-17,6.12303176911188E-17));
#42740=DIRECTION('',(-6.12303176911188E-17,-1.,0.));
#42750=AXIS2_PLACEMENT_3D('',#42720,#42730,#42740);
#42760=CYLINDRICAL_SURFACE('',#42750,0.4);
#42770=CARTESIAN_POINT('',(-0.267181000000003,-1.630469,
-0.0500000000000007));
#42780=DIRECTION('',(-1.,6.12303176911189E-17,6.12303176911188E-17));
#42790=DIRECTION('',(-6.12303176911188E-17,-1.,0.));
#42800=AXIS2_PLACEMENT_3D('',#42770,#42780,#42790);
#42810=CIRCLE('',#42800,0.4);
#42820=CARTESIAN_POINT('',(-0.267181000000003,-2.030469,
-0.0500000000000008));
#42830=VERTEX_POINT('',#42820);
#42840=EDGE_CURVE('',#41570,#42830,#42810,.T.);
#42850=ORIENTED_EDGE('',*,*,#42840,.F.);
#42860=CARTESIAN_POINT('',(-2.217181,-2.030469,-0.0500000000000007));
#42870=DIRECTION('',(-1.,6.12303176911189E-17,6.12303176911188E-17));
#42880=VECTOR('',#42870,1.);
#42890=LINE('',#42860,#42880);
#42900=EDGE_CURVE('',#40820,#42830,#42890,.T.);
#42910=ORIENTED_EDGE('',*,*,#42900,.T.);
#42920=ORIENTED_EDGE('',*,*,#40830,.T.);
#42930=ORIENTED_EDGE('',*,*,#42600,.T.);
#42940=EDGE_LOOP('',(#42930,#42920,#42910,#42850));
#42950=FACE_OUTER_BOUND('',#42940,.T.);
#42960=ADVANCED_FACE('',(#42950),#42760,.T.);
#42970=CARTESIAN_POINT('',(0.732818999999997,-0.530469000000001,1.05));
#42980=DIRECTION('',(-0.98058067569092,0.196116135138183,
6.0041266294327E-17));
#42990=DIRECTION('',(0.196116135138183,0.98058067569092,
-1.20082532588654E-17));
#43000=AXIS2_PLACEMENT_3D('',#42970,#42980,#42990);
#43010=PLANE('',#43000);
#43020=CARTESIAN_POINT('',(0.838912799999996,0.,1.05));
#43030=DIRECTION('',(0.196116135138183,0.98058067569092,0.));
#43040=VECTOR('',#43030,1.);
#43050=LINE('',#43020,#43040);
#43060=CARTESIAN_POINT('',(0.66497435459447,-0.869692227027637,1.05));
#43070=VERTEX_POINT('',#43060);
#43080=EDGE_CURVE('',#43070,#4490,#43050,.T.);
#43090=ORIENTED_EDGE('',*,*,#43080,.F.);
#43100=ORIENTED_EDGE('',*,*,#4500,.F.);
#43110=CARTESIAN_POINT('',(0.838912799999997,-5.1366897259146E-17,
0.850000000000001));
#43120=DIRECTION('',(-0.196116135138183,-0.98058067569092,
1.20082532588654E-17));
#43130=VECTOR('',#43120,1.);
#43140=LINE('',#43110,#43130);
#43150=CARTESIAN_POINT('',(0.66497435459447,-0.869692227027637,
0.850000000000001));
#43160=VERTEX_POINT('',#43150);
#43170=EDGE_CURVE('',#4410,#43160,#43140,.T.);
#43180=ORIENTED_EDGE('',*,*,#43170,.F.);
#43190=CARTESIAN_POINT('',(0.66497435459447,-0.869692227027637,1.05));
#43200=DIRECTION('',(-6.12303176911188E-17,0.,-1.));
#43210=VECTOR('',#43200,1.);
#43220=LINE('',#43190,#43210);
#43230=EDGE_CURVE('',#43070,#43160,#43220,.T.);
#43240=ORIENTED_EDGE('',*,*,#43230,.T.);
#43250=EDGE_LOOP('',(#43240,#43180,#43100,#43090));
#43260=FACE_OUTER_BOUND('',#43250,.T.);
#43270=ADVANCED_FACE('',(#43260),#43010,.F.);
#43280=ORIENTED_EDGE('',*,*,#31410,.F.);
#43290=CARTESIAN_POINT('',(0.,-0.530469000000001,1.05));
#43300=DIRECTION('',(-1.,6.12303176911189E-17,0.));
#43310=VECTOR('',#43300,1.);
#43320=LINE('',#43290,#43310);
#43330=EDGE_CURVE('',#32720,#31320,#43320,.T.);
#43340=ORIENTED_EDGE('',*,*,#43330,.T.);
#43350=ORIENTED_EDGE('',*,*,#32730,.T.);
#43360=EDGE_LOOP('',(#43350,#43340,#43280));
#43370=FACE_OUTER_BOUND('',#43360,.T.);
#43380=ADVANCED_FACE('',(#43370),#26850,.T.);
#43390=ORIENTED_EDGE('',*,*,#37890,.F.);
#43400=ORIENTED_EDGE('',*,*,#25660,.T.);
#43410=ORIENTED_EDGE('',*,*,#32560,.T.);
#43420=ORIENTED_EDGE('',*,*,#8940,.F.);
#43430=ORIENTED_EDGE('',*,*,#950,.F.);
#43440=ORIENTED_EDGE('',*,*,#4520,.F.);
#43450=ORIENTED_EDGE('',*,*,#43080,.T.);
#43460=CARTESIAN_POINT('',(0.468858219456286,-0.830469000000001,1.05));
#43470=DIRECTION('',(-6.12303176911188E-17,0.,-1.));
#43480=DIRECTION('',(-1.,6.12303176911189E-17,6.12303176911188E-17));
#43490=AXIS2_PLACEMENT_3D('',#43460,#43470,#43480);
#43500=CIRCLE('',#43490,0.2);
#43510=EDGE_CURVE('',#43070,#26450,#43500,.T.);
#43520=ORIENTED_EDGE('',*,*,#43510,.F.);
#43530=ORIENTED_EDGE('',*,*,#26460,.T.);
#43540=ORIENTED_EDGE('',*,*,#40960,.T.);
#43550=ORIENTED_EDGE('',*,*,#36360,.F.);
#43560=EDGE_LOOP('',(#43550,#43540,#43530,#43520,#43450,#43440,#43430,
#43420,#43410,#43400,#43390));
#43570=FACE_OUTER_BOUND('',#43560,.T.);
#43580=ADVANCED_FACE('',(#43570),#26850,.T.);
#43590=CARTESIAN_POINT('',(-1.50322021945629,-0.830469,1.05));
#43600=DIRECTION('',(6.12303176911188E-17,0.,1.));
#43610=DIRECTION('',(1.,-6.12303176911189E-17,-6.12303176911188E-17));
#43620=AXIS2_PLACEMENT_3D('',#43590,#43600,#43610);
#43630=CIRCLE('',#43620,0.2);
#43640=CARTESIAN_POINT('',(-1.51733051153781,-1.02997062820733,1.05));
#43650=VERTEX_POINT('',#43640);
#43660=EDGE_CURVE('',#37190,#43650,#43630,.T.);
#43670=ORIENTED_EDGE('',*,*,#43660,.T.);
#43680=ORIENTED_EDGE('',*,*,#37200,.T.);
#43690=ORIENTED_EDGE('',*,*,#31740,.F.);
#43700=ORIENTED_EDGE('',*,*,#22860,.F.);
#43710=EDGE_CURVE('',#22770,#29010,#27130,.T.);
#43720=ORIENTED_EDGE('',*,*,#43710,.F.);
#43730=ORIENTED_EDGE('',*,*,#29020,.T.);
#43740=ORIENTED_EDGE('',*,*,#36730,.T.);
#43750=CARTESIAN_POINT('',(2.08887524790445E-17,-1.530469,1.05));
#43760=DIRECTION('',(1.,1.22460635382238E-16,0.));
#43770=VECTOR('',#43760,1.);
#43780=LINE('',#43750,#43770);
#43790=EDGE_CURVE('',#36660,#40260,#43780,.T.);
#43800=ORIENTED_EDGE('',*,*,#43790,.F.);
#43810=ORIENTED_EDGE('',*,*,#40270,.T.);
#43820=CARTESIAN_POINT('',(0.,-1.02997062820733,1.05));
#43830=DIRECTION('',(1.,-6.12303176911189E-17,0.));
#43840=VECTOR('',#43830,1.);
#43850=LINE('',#43820,#43840);
#43860=EDGE_CURVE('',#43650,#40180,#43850,.T.);
#43870=ORIENTED_EDGE('',*,*,#43860,.T.);
#43880=EDGE_LOOP('',(#43870,#43810,#43800,#43740,#43730,#43720,#43700,
#43690,#43680,#43670));
#43890=FACE_OUTER_BOUND('',#43880,.T.);
#43900=ADVANCED_FACE('',(#43890),#26850,.T.);
#43910=ORIENTED_EDGE('',*,*,#31630,.F.);
#43920=ORIENTED_EDGE('',*,*,#32300,.T.);
#43930=ORIENTED_EDGE('',*,*,#35930,.T.);
#43940=ORIENTED_EDGE('',*,*,#29880,.T.);
#43950=EDGE_LOOP('',(#43940,#43930,#43920,#43910));
#43960=FACE_OUTER_BOUND('',#43950,.T.);
#43970=ADVANCED_FACE('',(#43960),#26850,.T.);
#43980=CARTESIAN_POINT('',(-1.74283400696029,1.469531,0.934510345014509)
);
#43990=DIRECTION('',(6.12303176911189E-17,1.,-3.74915180455534E-33));
#44000=DIRECTION('',(-1.,6.12303176911189E-17,6.12303176911188E-17));
#44010=AXIS2_PLACEMENT_3D('',#43980,#43990,#44000);
#44020=PLANE('',#44010);
#44030=ORIENTED_EDGE('',*,*,#27400,.T.);
#44040=CARTESIAN_POINT('',(-1.817181,1.469531,0.649999999999999));
#44050=DIRECTION('',(-6.12303176911189E-17,-1.,6.16297582203916E-33));
#44060=DIRECTION('',(1.,-6.12303176911189E-17,0.));
#44070=AXIS2_PLACEMENT_3D('',#44040,#44050,#44060);
#44080=CIRCLE('',#44070,0.4);
#44090=CARTESIAN_POINT('',(-2.217181,1.469531,0.649999999999999));
#44100=VERTEX_POINT('',#44090);
#44110=EDGE_CURVE('',#27310,#44100,#44080,.T.);
#44120=ORIENTED_EDGE('',*,*,#44110,.F.);
#44130=CARTESIAN_POINT('',(-2.217181,1.469531,15.625));
#44140=DIRECTION('',(-6.12303176911189E-17,6.16297582203916E-33,-1.));
#44150=VECTOR('',#44140,1.);
#44160=LINE('',#44130,#44150);
#44170=CARTESIAN_POINT('',(-2.217181,1.469531,0.549999999999997));
#44180=VERTEX_POINT('',#44170);
#44190=EDGE_CURVE('',#44100,#44180,#44160,.T.);
#44200=ORIENTED_EDGE('',*,*,#44190,.F.);
#44210=CARTESIAN_POINT('',(-3.10788179046229E-15,1.469531,
0.549999999999997));
#44220=DIRECTION('',(1.,-6.12303176911189E-17,-6.12303176911188E-17));
#44230=VECTOR('',#44220,1.);
#44240=LINE('',#44210,#44230);
#44250=CARTESIAN_POINT('',(-2.017181,1.469531,0.549999999999997));
#44260=VERTEX_POINT('',#44250);
#44270=EDGE_CURVE('',#44180,#44260,#44240,.T.);
#44280=ORIENTED_EDGE('',*,*,#44270,.F.);
#44290=CARTESIAN_POINT('',(-2.017181,1.469531,15.625));
#44300=DIRECTION('',(6.12303176911189E-17,-6.16297582203916E-33,1.));
#44310=VECTOR('',#44300,1.);
#44320=LINE('',#44290,#44310);
#44330=EDGE_CURVE('',#44260,#41880,#44320,.T.);
#44340=ORIENTED_EDGE('',*,*,#44330,.F.);
#44350=ORIENTED_EDGE('',*,*,#42050,.F.);
#44360=CARTESIAN_POINT('',(-3.10788179046229E-15,1.469531,
0.850000000000001));
#44370=DIRECTION('',(1.,-6.12303176911189E-17,-6.12303176911188E-17));
#44380=VECTOR('',#44370,1.);
#44390=LINE('',#44360,#44380);
#44400=CARTESIAN_POINT('',(0.782818999999997,1.469531,0.850000000000001)
);
#44410=VERTEX_POINT('',#44400);
#44420=EDGE_CURVE('',#41970,#44410,#44390,.T.);
#44430=ORIENTED_EDGE('',*,*,#44420,.F.);
#44440=CARTESIAN_POINT('',(0.782818999999997,1.469531,0.649999999999999)
);
#44450=DIRECTION('',(-6.12303176911189E-17,-1.,6.16297582203916E-33));
#44460=DIRECTION('',(1.,-6.12303176911189E-17,0.));
#44470=AXIS2_PLACEMENT_3D('',#44440,#44450,#44460);
#44480=CIRCLE('',#44470,0.2);
#44490=EDGE_CURVE('',#33030,#44410,#44480,.T.);
#44500=ORIENTED_EDGE('',*,*,#44490,.T.);
#44510=ORIENTED_EDGE('',*,*,#33190,.F.);
#44520=CARTESIAN_POINT('',(-3.10788179046229E-15,1.469531,
0.549999999999997));
#44530=DIRECTION('',(1.,-6.12303176911189E-17,-6.12303176911188E-17));
#44540=VECTOR('',#44530,1.);
#44550=LINE('',#44520,#44540);
#44560=EDGE_CURVE('',#33120,#8750,#44550,.T.);
#44570=ORIENTED_EDGE('',*,*,#44560,.F.);
#44580=ORIENTED_EDGE('',*,*,#8760,.F.);
#44590=ORIENTED_EDGE('',*,*,#38330,.T.);
#44600=EDGE_LOOP('',(#44590,#44580,#44570,#44510,#44500,#44430,#44350,
#44340,#44280,#44200,#44120,#44030));
#44610=FACE_OUTER_BOUND('',#44600,.T.);
#44620=ADVANCED_FACE('',(#44610),#44020,.T.);
#44630=ORIENTED_EDGE('',*,*,#4700,.F.);
#44640=ORIENTED_EDGE('',*,*,#41410,.T.);
#44650=ORIENTED_EDGE('',*,*,#31920,.T.);
#44660=CARTESIAN_POINT('',(0.,-0.0304690000000005,1.05));
#44670=DIRECTION('',(-1.,6.12303176911189E-17,0.));
#44680=VECTOR('',#44670,1.);
#44690=LINE('',#44660,#44680);
#44700=EDGE_CURVE('',#4050,#31890,#44690,.T.);
#44710=ORIENTED_EDGE('',*,*,#44700,.T.);
#44720=EDGE_LOOP('',(#44710,#44650,#44640,#44630));
#44730=FACE_OUTER_BOUND('',#44720,.T.);
#44740=ADVANCED_FACE('',(#44730),#26850,.T.);
#44750=ORIENTED_EDGE('',*,*,#4300,.F.);
#44760=ORIENTED_EDGE('',*,*,#42190,.T.);
#44770=ORIENTED_EDGE('',*,*,#35640,.T.);
#44780=EDGE_LOOP('',(#44770,#44760,#44750));
#44790=FACE_OUTER_BOUND('',#44780,.T.);
#44800=ADVANCED_FACE('',(#44790),#26850,.T.);
#44810=CARTESIAN_POINT('',(0.782819,2.769531,13.2500024));
#44820=DIRECTION('',(-1.,1.22460635382238E-16,0.));
#44830=DIRECTION('',(-1.22460635382238E-16,-1.,0.));
#44840=AXIS2_PLACEMENT_3D('',#44810,#44820,#44830);
#44850=PLANE('',#44840);
#44860=CARTESIAN_POINT('',(0.782819,-5.39953721979351E-16,4.7));
#44870=DIRECTION('',(0.,-1.,0.));
#44880=VECTOR('',#44870,1.);
#44890=LINE('',#44860,#44880);
#44900=CARTESIAN_POINT('',(0.782819,2.769531,4.7));
#44910=VERTEX_POINT('',#44900);
#44920=EDGE_CURVE('',#44910,#10110,#44890,.T.);
#44930=ORIENTED_EDGE('',*,*,#44920,.F.);
#44940=ORIENTED_EDGE('',*,*,#10270,.T.);
#44950=ORIENTED_EDGE('',*,*,#27860,.T.);
#44960=CARTESIAN_POINT('',(0.782818999999999,2.769531,4.375));
#44970=DIRECTION('',(0.,0.,-1.));
#44980=VECTOR('',#44970,1.);
#44990=LINE('',#44960,#44980);
#45000=EDGE_CURVE('',#44910,#27790,#44990,.T.);
#45010=ORIENTED_EDGE('',*,*,#45000,.T.);
#45020=EDGE_LOOP('',(#45010,#44950,#44940,#44930));
#45030=FACE_OUTER_BOUND('',#45020,.T.);
#45040=ADVANCED_FACE('',(#45030),#44850,.T.);
#45050=CARTESIAN_POINT('',(-2.217181,1.469531,0.850000000000001));
#45060=DIRECTION('',(-6.12303176911188E-17,3.74915180455534E-33,-1.));
#45070=DIRECTION('',(6.12303176911188E-17,1.,0.));
#45080=AXIS2_PLACEMENT_3D('',#45050,#45060,#45070);
#45090=PLANE('',#45080);
#45100=ORIENTED_EDGE('',*,*,#40110,.T.);
#45110=CARTESIAN_POINT('',(-2.217181,-1.630469,0.850000000000001));
#45120=DIRECTION('',(1.,-6.12303176911189E-17,-6.12303176911188E-17));
#45130=VECTOR('',#45120,1.);
#45140=LINE('',#45110,#45130);
#45150=EDGE_CURVE('',#40020,#41040,#45140,.T.);
#45160=ORIENTED_EDGE('',*,*,#45150,.F.);
#45170=ORIENTED_EDGE('',*,*,#41050,.T.);
#45180=ORIENTED_EDGE('',*,*,#26300,.T.);
#45190=CARTESIAN_POINT('',(0.468858219456286,-0.830469000000001,
0.850000000000001));
#45200=DIRECTION('',(-6.12303176911188E-17,0.,-1.));
#45210=DIRECTION('',(-1.,6.12303176911189E-17,6.12303176911188E-17));
#45220=AXIS2_PLACEMENT_3D('',#45190,#45200,#45210);
#45230=CIRCLE('',#45220,0.2);
#45240=EDGE_CURVE('',#43160,#26270,#45230,.T.);
#45250=ORIENTED_EDGE('',*,*,#45240,.T.);
#45260=ORIENTED_EDGE('',*,*,#43170,.T.);
#45270=ORIENTED_EDGE('',*,*,#4420,.T.);
#45280=ORIENTED_EDGE('',*,*,#35780,.T.);
#45290=ORIENTED_EDGE('',*,*,#42260,.T.);
#45300=ORIENTED_EDGE('',*,*,#4140,.T.);
#45310=CARTESIAN_POINT('',(-2.9776771222126E-15,-0.0304690000000005,
0.850000000000001));
#45320=DIRECTION('',(1.,-6.12303176911189E-17,-6.12303176911188E-17));
#45330=VECTOR('',#45320,1.);
#45340=LINE('',#45310,#45330);
#45350=EDGE_CURVE('',#32070,#4030,#45340,.T.);
#45360=ORIENTED_EDGE('',*,*,#45350,.T.);
#45370=ORIENTED_EDGE('',*,*,#32080,.T.);
#45380=ORIENTED_EDGE('',*,*,#41340,.F.);
#45390=ORIENTED_EDGE('',*,*,#470,.T.);
#45400=CARTESIAN_POINT('',(0.782818999999997,5.69871074292411E-32,
0.849999999999998));
#45410=DIRECTION('',(6.12303176911189E-17,1.,-6.16297582203916E-33));
#45420=VECTOR('',#45410,1.);
#45430=LINE('',#45400,#45420);
#45440=EDGE_CURVE('',#380,#44410,#45430,.T.);
#45450=ORIENTED_EDGE('',*,*,#45440,.F.);
#45460=ORIENTED_EDGE('',*,*,#44420,.T.);
#45470=ORIENTED_EDGE('',*,*,#41980,.F.);
#45480=ORIENTED_EDGE('',*,*,#34440,.T.);
#45490=ORIENTED_EDGE('',*,*,#30040,.F.);
#45500=ORIENTED_EDGE('',*,*,#36000,.T.);
#45510=ORIENTED_EDGE('',*,*,#32390,.T.);
#45520=ORIENTED_EDGE('',*,*,#31530,.T.);
#45530=ORIENTED_EDGE('',*,*,#32870,.T.);
#45540=CARTESIAN_POINT('',(-3.00829228105816E-15,-0.530469000000001,
0.850000000000001));
#45550=DIRECTION('',(1.,-6.12303176911189E-17,-6.12303176911188E-17));
#45560=VECTOR('',#45550,1.);
#45570=LINE('',#45540,#45560);
#45580=EDGE_CURVE('',#31240,#32800,#45570,.T.);
#45590=ORIENTED_EDGE('',*,*,#45580,.T.);
#45600=ORIENTED_EDGE('',*,*,#31250,.T.);
#45610=ORIENTED_EDGE('',*,*,#37340,.T.);
#45620=CARTESIAN_POINT('',(-1.50322021945629,-0.830469,0.850000000000001
));
#45630=DIRECTION('',(6.12303176911188E-17,0.,1.));
#45640=DIRECTION('',(1.,-6.12303176911189E-17,-6.12303176911188E-17));
#45650=AXIS2_PLACEMENT_3D('',#45620,#45630,#45640);
#45660=CIRCLE('',#45650,0.2);
#45670=CARTESIAN_POINT('',(-1.51733051153781,-1.02997062820733,
0.850000000000001));
#45680=VERTEX_POINT('',#45670);
#45690=EDGE_CURVE('',#37270,#45680,#45660,.T.);
#45700=ORIENTED_EDGE('',*,*,#45690,.F.);
#45710=CARTESIAN_POINT('',(-3.03887692444053E-15,-1.02997062820733,
0.850000000000001));
#45720=DIRECTION('',(-1.,6.12303176911189E-17,6.12303176911188E-17));
#45730=VECTOR('',#45720,1.);
#45740=LINE('',#45710,#45730);
#45750=EDGE_CURVE('',#40100,#45680,#45740,.T.);
#45760=ORIENTED_EDGE('',*,*,#45750,.T.);
#45770=EDGE_LOOP('',(#45760,#45700,#45610,#45600,#45590,#45530,#45520,
#45510,#45500,#45490,#45480,#45470,#45460,#45450,#45390,#45380,#45370,
#45360,#45300,#45290,#45280,#45270,#45260,#45250,#45180,#45170,#45160,
#45100));
#45780=FACE_OUTER_BOUND('',#45770,.T.);
#45790=ADVANCED_FACE('',(#45780),#45090,.T.);
#45800=CARTESIAN_POINT('',(-2.217181,-1.630469,0.649999999999999));
#45810=DIRECTION('',(-1.,6.12303176911189E-17,6.12303176911188E-17));
#45820=DIRECTION('',(-6.12303176911188E-17,-1.,0.));
#45830=AXIS2_PLACEMENT_3D('',#45800,#45810,#45820);
#45840=CYLINDRICAL_SURFACE('',#45830,0.2);
#45850=ORIENTED_EDGE('',*,*,#40030,.T.);
#45860=ORIENTED_EDGE('',*,*,#23790,.T.);
#45870=ORIENTED_EDGE('',*,*,#41120,.F.);
#45880=ORIENTED_EDGE('',*,*,#45150,.T.);
#45890=EDGE_LOOP('',(#45880,#45870,#45860,#45850));
#45900=FACE_OUTER_BOUND('',#45890,.T.);
#45910=ADVANCED_FACE('',(#45900),#45840,.F.);
#45920=CARTESIAN_POINT('',(-1.50322021945629,-0.830469,1.05));
#45930=DIRECTION('',(6.12303176911188E-17,0.,1.));
#45940=DIRECTION('',(1.,-6.12303176911189E-17,-6.12303176911188E-17));
#45950=AXIS2_PLACEMENT_3D('',#45920,#45930,#45940);
#45960=CYLINDRICAL_SURFACE('',#45950,0.2);
#45970=ORIENTED_EDGE('',*,*,#43660,.F.);
#45980=CARTESIAN_POINT('',(-1.51733051153781,-1.02997062820733,1.05));
#45990=DIRECTION('',(6.12303176911188E-17,0.,1.));
#46000=VECTOR('',#45990,1.);
#46010=LINE('',#45980,#46000);
#46020=EDGE_CURVE('',#45680,#43650,#46010,.T.);
#46030=ORIENTED_EDGE('',*,*,#46020,.T.);
#46040=ORIENTED_EDGE('',*,*,#45690,.T.);
#46050=ORIENTED_EDGE('',*,*,#37280,.T.);
#46060=EDGE_LOOP('',(#46050,#46040,#46030,#45970));
#46070=FACE_OUTER_BOUND('',#46060,.T.);
#46080=ADVANCED_FACE('',(#46070),#45960,.T.);
#46090=CARTESIAN_POINT('',(-0.452181000000001,-1.430469,2.325));
#46100=DIRECTION('',(0.,0.,-1.));
#46110=DIRECTION('',(-1.,0.,0.));
#46120=AXIS2_PLACEMENT_3D('',#46090,#46100,#46110);
#46130=CYLINDRICAL_SURFACE('',#46120,0.25);
#46140=ORIENTED_EDGE('',*,*,#34120,.F.);
#46150=ORIENTED_EDGE('',*,*,#39480,.F.);
#46160=ORIENTED_EDGE('',*,*,#23930,.T.);
#46170=CARTESIAN_POINT('',(-0.223052215252209,-1.530469,2.325));
#46180=DIRECTION('',(0.,0.,-1.));
#46190=VECTOR('',#46180,1.);
#46200=LINE('',#46170,#46190);
#46210=EDGE_CURVE('',#34110,#23900,#46200,.T.);
#46220=ORIENTED_EDGE('',*,*,#46210,.T.);
#46230=EDGE_LOOP('',(#46220,#46160,#46150,#46140));
#46240=FACE_OUTER_BOUND('',#46230,.T.);
#46250=ADVANCED_FACE('',(#46240),#46130,.F.);
#46260=CARTESIAN_POINT('',(-1.767181,-0.530469,1.05));
#46270=DIRECTION('',(-6.12303176911189E-17,-1.,3.74915180455534E-33));
#46280=DIRECTION('',(-1.,6.12303176911189E-17,6.12303176911188E-17));
#46290=AXIS2_PLACEMENT_3D('',#46260,#46270,#46280);
#46300=PLANE('',#46290);
#46310=ORIENTED_EDGE('',*,*,#43330,.F.);
#46320=ORIENTED_EDGE('',*,*,#31330,.F.);
#46330=ORIENTED_EDGE('',*,*,#45580,.F.);
#46340=ORIENTED_EDGE('',*,*,#32810,.T.);
#46350=EDGE_LOOP('',(#46340,#46330,#46320,#46310));
#46360=FACE_OUTER_BOUND('',#46350,.T.);
#46370=ADVANCED_FACE('',(#46360),#46300,.F.);
#46380=CARTESIAN_POINT('',(-2.217181,-2.030469,4.026));
#46390=DIRECTION('',(1.22460635382238E-16,1.,8.88178419700128E-15));
#46400=DIRECTION('',(-1.0876689360927E-30,-8.88178419700128E-15,1.));
#46410=AXIS2_PLACEMENT_3D('',#46380,#46390,#46400);
#46420=PLANE('',#46410);
#46430=CARTESIAN_POINT('',(-2.217181,-2.030469,-0.624999999999998));
#46440=DIRECTION('',(0.,0.,-1.));
#46450=VECTOR('',#46440,1.);
#46460=LINE('',#46430,#46450);
#46470=CARTESIAN_POINT('',(-2.217181,-2.030469,5.2));
#46480=VERTEX_POINT('',#46470);
#46490=CARTESIAN_POINT('',(-2.217181,-2.030469,3.926));
#46500=VERTEX_POINT('',#46490);
#46510=EDGE_CURVE('',#46480,#46500,#46460,.T.);
#46520=ORIENTED_EDGE('',*,*,#46510,.T.);
#46530=CARTESIAN_POINT('',(-1.66533453693773E-16,-2.030469,5.2));
#46540=DIRECTION('',(-1.,0.,0.));
#46550=VECTOR('',#46540,1.);
#46560=LINE('',#46530,#46550);
#46570=EDGE_CURVE('',#37600,#46480,#46560,.T.);
#46580=ORIENTED_EDGE('',*,*,#46570,.T.);
#46590=ORIENTED_EDGE('',*,*,#37610,.F.);
#46600=CARTESIAN_POINT('',(-2.217181,-2.030469,3.926));
#46610=DIRECTION('',(1.,-1.22460635382238E-16,0.));
#46620=VECTOR('',#46610,1.);
#46630=LINE('',#46600,#46620);
#46640=EDGE_CURVE('',#46500,#37500,#46630,.T.);
#46650=ORIENTED_EDGE('',*,*,#46640,.T.);
#46660=EDGE_LOOP('',(#46650,#46590,#46580,#46520));
#46670=FACE_OUTER_BOUND('',#46660,.T.);
#46680=ADVANCED_FACE('',(#46670),#46420,.F.);
#46690=CARTESIAN_POINT('',(-1.817181,5.77369377901522E-32,
0.649999999999999));
#46700=DIRECTION('',(6.12303176911189E-17,1.,-6.16297582203916E-33));
#46710=DIRECTION('',(1.,-6.12303176911189E-17,0.));
#46720=AXIS2_PLACEMENT_3D('',#46690,#46700,#46710);
#46730=CYLINDRICAL_SURFACE('',#46720,0.4);
#46740=ORIENTED_EDGE('',*,*,#27320,.T.);
#46750=ORIENTED_EDGE('',*,*,#42420,.F.);
#46760=CARTESIAN_POINT('',(-2.217181,2.44921270764476E-17,
0.649999999999999));
#46770=DIRECTION('',(6.12303176911189E-17,1.,-6.16297582203916E-33));
#46780=VECTOR('',#46770,1.);
#46790=LINE('',#46760,#46780);
#46800=EDGE_CURVE('',#42340,#44100,#46790,.T.);
#46810=ORIENTED_EDGE('',*,*,#46800,.F.);
#46820=ORIENTED_EDGE('',*,*,#44110,.T.);
#46830=EDGE_LOOP('',(#46820,#46810,#46750,#46740));
#46840=FACE_OUTER_BOUND('',#46830,.T.);
#46850=ADVANCED_FACE('',(#46840),#46730,.T.);
#46860=CARTESIAN_POINT('',(-2.017181,1.469531,1.05));
#46870=DIRECTION('',(1.,-6.12303176911188E-17,-6.12303176911188E-17));
#46880=DIRECTION('',(6.12303176911188E-17,0.,1.));
#46890=AXIS2_PLACEMENT_3D('',#46860,#46870,#46880);
#46900=PLANE('',#46890);
#46910=ORIENTED_EDGE('',*,*,#41890,.T.);
#46920=ORIENTED_EDGE('',*,*,#44330,.T.);
#46930=CARTESIAN_POINT('',(-2.017181,1.469531,0.549999999999997));
#46940=DIRECTION('',(-6.12303176911188E-17,-1.,0.));
#46950=VECTOR('',#46940,1.);
#46960=LINE('',#46930,#46950);
#46970=EDGE_CURVE('',#44260,#34600,#46960,.T.);
#46980=ORIENTED_EDGE('',*,*,#46970,.F.);
#46990=ORIENTED_EDGE('',*,*,#34610,.T.);
#47000=EDGE_LOOP('',(#46990,#46980,#46920,#46910));
#47010=FACE_OUTER_BOUND('',#47000,.T.);
#47020=ADVANCED_FACE('',(#47010),#46900,.T.);
#47030=CARTESIAN_POINT('',(-0.267181000000003,-2.030469,
-0.450000000000003));
#47040=DIRECTION('',(1.,-6.12303176911188E-17,-6.12303176911188E-17));
#47050=DIRECTION('',(-6.12303176911188E-17,-1.,1.40561392536006E-65));
#47060=AXIS2_PLACEMENT_3D('',#47030,#47040,#47050);
#47070=PLANE('',#47060);
#47080=CARTESIAN_POINT('',(-0.267181000000003,-2.030469,
-5.38662410615686));
#47090=DIRECTION('',(-6.12303176911188E-17,-7.54721935012284E-49,-1.));
#47100=VECTOR('',#47090,1.);
#47110=LINE('',#47080,#47100);
#47120=EDGE_CURVE('',#39250,#42830,#47110,.T.);
#47130=ORIENTED_EDGE('',*,*,#47120,.F.);
#47140=ORIENTED_EDGE('',*,*,#42840,.T.);
#47150=ORIENTED_EDGE('',*,*,#41730,.F.);
#47160=CARTESIAN_POINT('',(-0.267181000000003,-1.630469,
-0.0500000000000007));
#47170=DIRECTION('',(-1.,6.12303176911189E-17,6.12303176911188E-17));
#47180=DIRECTION('',(-6.12303176911188E-17,-1.,0.));
#47190=AXIS2_PLACEMENT_3D('',#47160,#47170,#47180);
#47200=CIRCLE('',#47190,0.2);
#47210=EDGE_CURVE('',#41660,#23560,#47200,.T.);
#47220=ORIENTED_EDGE('',*,*,#47210,.F.);
#47230=ORIENTED_EDGE('',*,*,#23570,.F.);
#47240=ORIENTED_EDGE('',*,*,#39320,.T.);
#47250=EDGE_LOOP('',(#47240,#47230,#47220,#47150,#47140,#47130));
#47260=FACE_OUTER_BOUND('',#47250,.T.);
#47270=ADVANCED_FACE('',(#47260),#47070,.F.);
#47280=CARTESIAN_POINT('',(0.632818999999997,-0.0304690000000006,1.05));
#47290=DIRECTION('',(-6.12303176911189E-17,-1.,3.74915180455534E-33));
#47300=DIRECTION('',(-1.,6.12303176911189E-17,6.12303176911188E-17));
#47310=AXIS2_PLACEMENT_3D('',#47280,#47290,#47300);
#47320=PLANE('',#47310);
#47330=ORIENTED_EDGE('',*,*,#44700,.F.);
#47340=ORIENTED_EDGE('',*,*,#32140,.F.);
#47350=ORIENTED_EDGE('',*,*,#45350,.F.);
#47360=ORIENTED_EDGE('',*,*,#4060,.F.);
#47370=EDGE_LOOP('',(#47360,#47350,#47340,#47330));
#47380=FACE_OUTER_BOUND('',#47370,.T.);
#47390=ADVANCED_FACE('',(#47380),#47320,.F.);
#47400=CARTESIAN_POINT('',(-2.217181,-2.030469,-0.0500000000000007));
#47410=DIRECTION('',(-6.12303176911189E-17,-1.,3.74915180455534E-33));
#47420=DIRECTION('',(-6.12303176911188E-17,0.,-1.));
#47430=AXIS2_PLACEMENT_3D('',#47400,#47410,#47420);
#47440=PLANE('',#47430);
#47450=ORIENTED_EDGE('',*,*,#40400,.T.);
#47460=ORIENTED_EDGE('',*,*,#36510,.T.);
#47470=ORIENTED_EDGE('',*,*,#40890,.T.);
#47480=ORIENTED_EDGE('',*,*,#42900,.F.);
#47490=ORIENTED_EDGE('',*,*,#47120,.T.);
#47500=ORIENTED_EDGE('',*,*,#39260,.T.);
#47510=ORIENTED_EDGE('',*,*,#38860,.T.);
#47520=CARTESIAN_POINT('',(-2.217181,-2.030469,-0.0500000000000007));
#47530=DIRECTION('',(-1.,6.12303176911189E-17,6.12303176911188E-17));
#47540=VECTOR('',#47530,1.);
#47550=LINE('',#47520,#47540);
#47560=EDGE_CURVE('',#38770,#39690,#47550,.T.);
#47570=ORIENTED_EDGE('',*,*,#47560,.F.);
#47580=EDGE_LOOP('',(#47570,#47510,#47500,#47490,#47480,#47470,#47460,
#47450));
#47590=FACE_OUTER_BOUND('',#47580,.T.);
#47600=ADVANCED_FACE('',(#47590),#47440,.T.);
#47610=CARTESIAN_POINT('',(-2.217181,-0.930468999999999,-0.25));
#47620=DIRECTION('',(6.12303176911189E-17,1.,-3.74915180455534E-33));
#47630=DIRECTION('',(6.12303176911188E-17,0.,1.));
#47640=AXIS2_PLACEMENT_3D('',#47610,#47620,#47630);
#47650=PLANE('',#47640);
#47660=ORIENTED_EDGE('',*,*,#40660,.T.);
#47670=CARTESIAN_POINT('',(-2.217181,-0.930468999999999,-0.25));
#47680=DIRECTION('',(1.,-6.12303176911189E-17,-6.12303176911188E-17));
#47690=VECTOR('',#47680,1.);
#47700=LINE('',#47670,#47690);
#47710=EDGE_CURVE('',#39850,#40570,#47700,.T.);
#47720=ORIENTED_EDGE('',*,*,#47710,.T.);
#47730=ORIENTED_EDGE('',*,*,#39860,.T.);
#47740=ORIENTED_EDGE('',*,*,#42670,.F.);
#47750=EDGE_LOOP('',(#47740,#47730,#47720,#47660));
#47760=FACE_OUTER_BOUND('',#47750,.T.);
#47770=ADVANCED_FACE('',(#47760),#47650,.T.);
#47780=CARTESIAN_POINT('',(0.468858219456286,-0.830469000000001,1.05));
#47790=DIRECTION('',(-6.12303176911188E-17,0.,-1.));
#47800=DIRECTION('',(-1.,6.12303176911189E-17,6.12303176911188E-17));
#47810=AXIS2_PLACEMENT_3D('',#47780,#47790,#47800);
#47820=CYLINDRICAL_SURFACE('',#47810,0.2);
#47830=ORIENTED_EDGE('',*,*,#43510,.T.);
#47840=ORIENTED_EDGE('',*,*,#43230,.F.);
#47850=ORIENTED_EDGE('',*,*,#45240,.F.);
#47860=ORIENTED_EDGE('',*,*,#26520,.T.);
#47870=EDGE_LOOP('',(#47860,#47850,#47840,#47830));
#47880=FACE_OUTER_BOUND('',#47870,.T.);
#47890=ADVANCED_FACE('',(#47880),#47820,.T.);
#47900=CARTESIAN_POINT('',(-2.017181,1.469531,0.549999999999997));
#47910=DIRECTION('',(-6.12303176911188E-17,3.74915180455534E-33,-1.));
#47920=DIRECTION('',(1.,-6.12303176911189E-17,-6.12303176911188E-17));
#47930=AXIS2_PLACEMENT_3D('',#47900,#47910,#47920);
#47940=PLANE('',#47930);
#47950=CARTESIAN_POINT('',(-2.217181,1.469531,0.549999999999997));
#47960=DIRECTION('',(-6.12303176911188E-17,-1.,0.));
#47970=VECTOR('',#47960,1.);
#47980=LINE('',#47950,#47970);
#47990=EDGE_CURVE('',#44180,#34680,#47980,.T.);
#48000=ORIENTED_EDGE('',*,*,#47990,.F.);
#48010=ORIENTED_EDGE('',*,*,#34690,.T.);
#48020=ORIENTED_EDGE('',*,*,#46970,.T.);
#48030=ORIENTED_EDGE('',*,*,#44270,.T.);
#48040=EDGE_LOOP('',(#48030,#48020,#48010,#48000));
#48050=FACE_OUTER_BOUND('',#48040,.T.);
#48060=ADVANCED_FACE('',(#48050),#47940,.T.);
#48070=CARTESIAN_POINT('',(0.782818999999997,5.77369377901522E-32,
0.649999999999999));
#48080=DIRECTION('',(6.12303176911189E-17,1.,-6.16297582203916E-33));
#48090=DIRECTION('',(1.,-6.12303176911189E-17,0.));
#48100=AXIS2_PLACEMENT_3D('',#48070,#48080,#48090);
#48110=CYLINDRICAL_SURFACE('',#48100,0.2);
#48120=ORIENTED_EDGE('',*,*,#33040,.F.);
#48130=ORIENTED_EDGE('',*,*,#44490,.F.);
#48140=ORIENTED_EDGE('',*,*,#45440,.T.);
#48150=ORIENTED_EDGE('',*,*,#390,.T.);
#48160=EDGE_LOOP('',(#48150,#48140,#48130,#48120));
#48170=FACE_OUTER_BOUND('',#48160,.T.);
#48180=ADVANCED_FACE('',(#48170),#48110,.F.);
#48190=CARTESIAN_POINT('',(-1.51733051153781,-1.02997062820733,
-0.600002400000001));
#48200=DIRECTION('',(6.12303176911189E-17,1.,-3.74915180455534E-33));
#48210=DIRECTION('',(1.,-6.12303176911189E-17,-6.12303176911188E-17));
#48220=AXIS2_PLACEMENT_3D('',#48190,#48200,#48210);
#48230=PLANE('',#48220);
#48240=ORIENTED_EDGE('',*,*,#43860,.F.);
#48250=ORIENTED_EDGE('',*,*,#40190,.T.);
#48260=ORIENTED_EDGE('',*,*,#45750,.F.);
#48270=ORIENTED_EDGE('',*,*,#46020,.F.);
#48280=EDGE_LOOP('',(#48270,#48260,#48250,#48240));
#48290=FACE_OUTER_BOUND('',#48280,.T.);
#48300=ADVANCED_FACE('',(#48290),#48230,.F.);
#48310=CARTESIAN_POINT('',(1.182819,1.469531,0.549999999999997));
#48320=DIRECTION('',(-6.12303176911188E-17,3.74915180455534E-33,-1.));
#48330=DIRECTION('',(1.,-6.12303176911189E-17,-6.12303176911188E-17));
#48340=AXIS2_PLACEMENT_3D('',#48310,#48320,#48330);
#48350=PLANE('',#48340);
#48360=ORIENTED_EDGE('',*,*,#33130,.F.);
#48370=ORIENTED_EDGE('',*,*,#220,.T.);
#48380=ORIENTED_EDGE('',*,*,#8820,.T.);
#48390=ORIENTED_EDGE('',*,*,#44560,.T.);
#48400=EDGE_LOOP('',(#48390,#48380,#48370,#48360));
#48410=FACE_OUTER_BOUND('',#48400,.T.);
#48420=ADVANCED_FACE('',(#48410),#48350,.T.);
#48430=CARTESIAN_POINT('',(-2.217181,-1.630469,-0.25));
#48440=DIRECTION('',(6.12303176911188E-17,-3.74915180455534E-33,1.));
#48450=DIRECTION('',(-6.12303176911188E-17,-1.,0.));
#48460=AXIS2_PLACEMENT_3D('',#48430,#48440,#48450);
#48470=PLANE('',#48460);
#48480=ORIENTED_EDGE('',*,*,#40580,.T.);
#48490=EDGE_CURVE('',#41660,#40550,#22420,.T.);
#48500=ORIENTED_EDGE('',*,*,#48490,.T.);
#48510=ORIENTED_EDGE('',*,*,#41670,.F.);
#48520=ORIENTED_EDGE('',*,*,#22450,.T.);
#48530=ORIENTED_EDGE('',*,*,#39920,.T.);
#48540=ORIENTED_EDGE('',*,*,#47710,.F.);
#48550=EDGE_LOOP('',(#48540,#48530,#48520,#48510,#48500,#48480));
#48560=FACE_OUTER_BOUND('',#48550,.T.);
#48570=ADVANCED_FACE('',(#48560),#48470,.T.);
#48580=ORIENTED_EDGE('',*,*,#47210,.T.);
#48590=ORIENTED_EDGE('',*,*,#48490,.F.);
#48600=ORIENTED_EDGE('',*,*,#41200,.F.);
#48610=ORIENTED_EDGE('',*,*,#23650,.F.);
#48620=EDGE_LOOP('',(#48610,#48600,#48590,#48580));
#48630=FACE_OUTER_BOUND('',#48620,.T.);
#48640=ADVANCED_FACE('',(#48630),#22270,.F.);
#48650=CARTESIAN_POINT('',(0.982818999999997,1.469531,1.05));
#48660=DIRECTION('',(6.12303176911188E-17,-3.74915180455534E-33,1.));
#48670=DIRECTION('',(-1.,6.12303176911189E-17,6.12303176911188E-17));
#48680=AXIS2_PLACEMENT_3D('',#48650,#48660,#48670);
#48690=PLANE('',#48680);
#48700=ORIENTED_EDGE('',*,*,#37970,.T.);
#48710=ORIENTED_EDGE('',*,*,#36280,.T.);
#48720=ORIENTED_EDGE('',*,*,#40330,.T.);
#48730=CARTESIAN_POINT('',(0.,-1.530469,1.05));
#48740=DIRECTION('',(-1.,-1.22460635382238E-16,6.12303176911188E-17));
#48750=VECTOR('',#48740,1.);
#48760=LINE('',#48730,#48750);
#48770=EDGE_CURVE('',#37960,#40260,#48760,.T.);
#48780=ORIENTED_EDGE('',*,*,#48770,.T.);
#48790=EDGE_LOOP('',(#48780,#48720,#48710,#48700));
#48800=FACE_OUTER_BOUND('',#48790,.T.);
#48810=ADVANCED_FACE('',(#48800),#48690,.T.);
#48820=CARTESIAN_POINT('',(-3.717181,-2.4404714,2.6));
#48830=DIRECTION('',(0.242535625036334,0.,-0.970142500145332));
#48840=DIRECTION('',(0.970142500145332,0.,0.242535625036334));
#48850=AXIS2_PLACEMENT_3D('',#48820,#48830,#48840);
#48860=PLANE('',#48850);
#48870=ORIENTED_EDGE('',*,*,#29560,.T.);
#48880=ORIENTED_EDGE('',*,*,#28550,.T.);
#48890=ORIENTED_EDGE('',*,*,#33950,.F.);
#48900=ORIENTED_EDGE('',*,*,#38500,.T.);
#48910=EDGE_LOOP('',(#48900,#48890,#48880,#48870));
#48920=FACE_OUTER_BOUND('',#48910,.T.);
#48930=ADVANCED_FACE('',(#48920),#48860,.F.);
#48940=ORIENTED_EDGE('',*,*,#39700,.F.);
#48950=ORIENTED_EDGE('',*,*,#47560,.T.);
#48960=ORIENTED_EDGE('',*,*,#38780,.T.);
#48970=ORIENTED_EDGE('',*,*,#42570,.T.);
#48980=EDGE_LOOP('',(#48970,#48960,#48950,#48940));
#48990=FACE_OUTER_BOUND('',#48980,.T.);
#49000=ADVANCED_FACE('',(#48990),#42760,.T.);
#49010=CARTESIAN_POINT('',(-1.717181,0.569531,5.2));
#49020=DIRECTION('',(-1.,-1.26531814539921E-15,0.));
#49030=DIRECTION('',(-1.26531814539921E-15,1.,0.));
#49040=AXIS2_PLACEMENT_3D('',#49010,#49020,#49030);
#49050=PLANE('',#49040);
#49060=CARTESIAN_POINT('',(-1.717181,0.669531,-8.125));
#49070=DIRECTION('',(-1.43687830814556E-47,1.1247455413666E-32,1.));
#49080=VECTOR('',#49070,1.);
#49090=LINE('',#49060,#49080);
#49100=CARTESIAN_POINT('',(-1.717181,0.669531,5.2));
#49110=VERTEX_POINT('',#49100);
#49120=EDGE_CURVE('',#49110,#14450,#49090,.T.);
#49130=ORIENTED_EDGE('',*,*,#49120,.T.);
#49140=EDGE_CURVE('',#49110,#25960,#22090,.T.);
#49150=ORIENTED_EDGE('',*,*,#49140,.F.);
#49160=ORIENTED_EDGE('',*,*,#26120,.T.);
#49170=ORIENTED_EDGE('',*,*,#15620,.F.);
#49180=ORIENTED_EDGE('',*,*,#28690,.T.);
#49190=ORIENTED_EDGE('',*,*,#22120,.F.);
#49200=ORIENTED_EDGE('',*,*,#35000,.T.);
#49210=ORIENTED_EDGE('',*,*,#15420,.F.);
#49220=CARTESIAN_POINT('',(-1.717181,-0.780469000000009,-8.125));
#49230=DIRECTION('',(-3.88886032982434E-31,3.06151588455597E-16,1.));
#49240=VECTOR('',#49230,1.);
#49250=LINE('',#49220,#49240);
#49260=CARTESIAN_POINT('',(-1.717181,-0.780469000000005,5.2));
#49270=VERTEX_POINT('',#49260);
#49280=EDGE_CURVE('',#49270,#15330,#49250,.T.);
#49290=ORIENTED_EDGE('',*,*,#49280,.T.);
#49300=CARTESIAN_POINT('',(-1.717181,-1.330469,5.2));
#49310=VERTEX_POINT('',#49300);
#49320=EDGE_CURVE('',#49270,#49310,#22090,.T.);
#49330=ORIENTED_EDGE('',*,*,#49320,.F.);
#49340=CARTESIAN_POINT('',(-1.717181,-1.330469,4.375));
#49350=DIRECTION('',(0.,0.,1.));
#49360=VECTOR('',#49350,1.);
#49370=LINE('',#49340,#49360);
#49380=CARTESIAN_POINT('',(-1.717181,-1.330469,5.41));
#49390=VERTEX_POINT('',#49380);
#49400=EDGE_CURVE('',#49310,#49390,#49370,.T.);
#49410=ORIENTED_EDGE('',*,*,#49400,.F.);
#49420=CARTESIAN_POINT('',(-1.717181,-2.33802133523756E-16,5.41));
#49430=DIRECTION('',(1.26531814539921E-15,-1.,0.));
#49440=VECTOR('',#49430,1.);
#49450=LINE('',#49420,#49440);
#49460=EDGE_CURVE('',#14530,#49390,#49450,.T.);
#49470=ORIENTED_EDGE('',*,*,#49460,.T.);
#49480=ORIENTED_EDGE('',*,*,#14540,.T.);
#49490=EDGE_LOOP('',(#49480,#49470,#49410,#49330,#49290,#49210,#49200,
#49190,#49180,#49170,#49160,#49150,#49130));
#49500=FACE_OUTER_BOUND('',#49490,.T.);
#49510=ADVANCED_FACE('',(#49500),#49050,.F.);
#49520=CARTESIAN_POINT('',(-2.217181,-1.330469,5.2));
#49530=DIRECTION('',(0.,1.,0.));
#49540=DIRECTION('',(1.,0.,0.));
#49550=AXIS2_PLACEMENT_3D('',#49520,#49530,#49540);
#49560=PLANE('',#49550);
#49570=CARTESIAN_POINT('',(-1.017181,-1.330469,5.95));
#49580=DIRECTION('',(1.,0.,0.));
#49590=VECTOR('',#49580,1.);
#49600=LINE('',#49570,#49590);
#49610=CARTESIAN_POINT('',(-2.217181,-1.330469,5.95));
#49620=VERTEX_POINT('',#49610);
#49630=EDGE_CURVE('',#49620,#14920,#49600,.T.);
#49640=ORIENTED_EDGE('',*,*,#49630,.F.);
#49650=ORIENTED_EDGE('',*,*,#14930,.T.);
#49660=CARTESIAN_POINT('',(-1.6293007909637E-16,-1.330469,5.41));
#49670=DIRECTION('',(-1.,1.22460635382238E-16,0.));
#49680=VECTOR('',#49670,1.);
#49690=LINE('',#49660,#49680);
#49700=EDGE_CURVE('',#14840,#49390,#49690,.T.);
#49710=ORIENTED_EDGE('',*,*,#49700,.F.);
#49720=ORIENTED_EDGE('',*,*,#49400,.T.);
#49730=CARTESIAN_POINT('',(-1.66533453693773E-16,-1.330469,5.2));
#49740=DIRECTION('',(-1.,0.,0.));
#49750=VECTOR('',#49740,1.);
#49760=LINE('',#49730,#49750);
#49770=CARTESIAN_POINT('',(-2.217181,-1.330469,5.2));
#49780=VERTEX_POINT('',#49770);
#49790=EDGE_CURVE('',#49310,#49780,#49760,.T.);
#49800=ORIENTED_EDGE('',*,*,#49790,.F.);
#49810=CARTESIAN_POINT('',(-2.217181,-1.330469,-0.624999999999998));
#49820=DIRECTION('',(0.,0.,-1.));
#49830=VECTOR('',#49820,1.);
#49840=LINE('',#49810,#49830);
#49850=EDGE_CURVE('',#49620,#49780,#49840,.T.);
#49860=ORIENTED_EDGE('',*,*,#49850,.T.);
#49870=EDGE_LOOP('',(#49860,#49800,#49720,#49710,#49650,#49640));
#49880=FACE_OUTER_BOUND('',#49870,.T.);
#49890=ADVANCED_FACE('',(#49880),#49560,.F.);
#49900=CARTESIAN_POINT('',(-2.217181,-2.030469,2.776));
#49910=DIRECTION('',(1.22460635382238E-16,1.,4.44089209850064E-15));
#49920=DIRECTION('',(-5.43834468046348E-31,-4.44089209850064E-15,1.));
#49930=AXIS2_PLACEMENT_3D('',#49900,#49910,#49920);
#49940=PLANE('',#49930);
#49950=ORIENTED_EDGE('',*,*,#33610,.T.);
#49960=CARTESIAN_POINT('',(-2.217181,-2.030469,3.474));
#49970=DIRECTION('',(0.,4.44089209850064E-15,1.));
#49980=VECTOR('',#49970,1.);
#49990=LINE('',#49960,#49980);
#50000=CARTESIAN_POINT('',(-2.217181,-2.030469,3.574));
#50010=VERTEX_POINT('',#50000);
#50020=EDGE_CURVE('',#33580,#50010,#49990,.T.);
#50030=ORIENTED_EDGE('',*,*,#50020,.F.);
#50040=CARTESIAN_POINT('',(-2.217181,-2.030469,3.574));
#50050=DIRECTION('',(1.,-1.22460635382238E-16,0.));
#50060=VECTOR('',#50050,1.);
#50070=LINE('',#50040,#50060);
#50080=CARTESIAN_POINT('',(-1.517181,-2.030469,3.574));
#50090=VERTEX_POINT('',#50080);
#50100=EDGE_CURVE('',#50010,#50090,#50070,.T.);
#50110=ORIENTED_EDGE('',*,*,#50100,.F.);
#50120=CARTESIAN_POINT('',(-1.517181,-2.030469,0.));
#50130=DIRECTION('',(0.,0.,1.));
#50140=VECTOR('',#50130,1.);
#50150=LINE('',#50120,#50140);
#50160=EDGE_CURVE('',#33600,#50090,#50150,.T.);
#50170=ORIENTED_EDGE('',*,*,#50160,.T.);
#50180=EDGE_LOOP('',(#50170,#50110,#50030,#49950));
#50190=FACE_OUTER_BOUND('',#50180,.T.);
#50200=ADVANCED_FACE('',(#50190),#49940,.F.);
#50210=CARTESIAN_POINT('',(-2.217181,1.469531,-15.7));
#50220=DIRECTION('',(-1.,6.12303176911188E-17,6.12303176911188E-17));
#50230=DIRECTION('',(-6.12303176911188E-17,0.,-1.));
#50240=AXIS2_PLACEMENT_3D('',#50210,#50220,#50230);
#50250=PLANE('',#50240);
#50260=ORIENTED_EDGE('',*,*,#33830,.F.);
#50270=CARTESIAN_POINT('',(-2.217181,-1.530469,8.125));
#50280=DIRECTION('',(0.,0.,-1.));
#50290=VECTOR('',#50280,1.);
#50300=LINE('',#50270,#50290);
#50310=EDGE_CURVE('',#33760,#24610,#50300,.T.);
#50320=ORIENTED_EDGE('',*,*,#50310,.F.);
#50330=ORIENTED_EDGE('',*,*,#24620,.T.);
#50340=ORIENTED_EDGE('',*,*,#29080,.T.);
#50350=ORIENTED_EDGE('',*,*,#43710,.T.);
#50360=ORIENTED_EDGE('',*,*,#22780,.T.);
#50370=ORIENTED_EDGE('',*,*,#38140,.T.);
#50380=ORIENTED_EDGE('',*,*,#34770,.T.);
#50390=ORIENTED_EDGE('',*,*,#47990,.T.);
#50400=ORIENTED_EDGE('',*,*,#44190,.T.);
#50410=ORIENTED_EDGE('',*,*,#46800,.T.);
#50420=ORIENTED_EDGE('',*,*,#42350,.T.);
#50430=ORIENTED_EDGE('',*,*,#27160,.T.);
#50440=ORIENTED_EDGE('',*,*,#30490,.T.);
#50450=ORIENTED_EDGE('',*,*,#30970,.F.);
#50460=ORIENTED_EDGE('',*,*,#37040,.T.);
#50470=ORIENTED_EDGE('',*,*,#12960,.T.);
#50480=CARTESIAN_POINT('',(-2.217181,2.769531,4.225));
#50490=DIRECTION('',(0.,0.,1.));
#50500=VECTOR('',#50490,1.);
#50510=LINE('',#50480,#50500);
#50520=CARTESIAN_POINT('',(-2.217181,2.769531,5.2));
#50530=VERTEX_POINT('',#50520);
#50540=EDGE_CURVE('',#12870,#50530,#50510,.T.);
#50550=ORIENTED_EDGE('',*,*,#50540,.F.);
#50560=CARTESIAN_POINT('',(-2.217181,-4.44089209850063E-16,5.2));
#50570=DIRECTION('',(0.,-1.,0.));
#50580=VECTOR('',#50570,1.);
#50590=LINE('',#50560,#50580);
#50600=EDGE_CURVE('',#50530,#13170,#50590,.T.);
#50610=ORIENTED_EDGE('',*,*,#50600,.F.);
#50620=ORIENTED_EDGE('',*,*,#13200,.F.);
#50630=ORIENTED_EDGE('',*,*,#13500,.F.);
#50640=ORIENTED_EDGE('',*,*,#7240,.F.);
#50650=ORIENTED_EDGE('',*,*,#13880,.F.);
#50660=ORIENTED_EDGE('',*,*,#14270,.F.);
#50670=CARTESIAN_POINT('',(-2.217181,-4.44089209850063E-16,5.95));
#50680=DIRECTION('',(0.,-1.,0.));
#50690=VECTOR('',#50680,1.);
#50700=LINE('',#50670,#50690);
#50710=EDGE_CURVE('',#14220,#49620,#50700,.T.);
#50720=ORIENTED_EDGE('',*,*,#50710,.F.);
#50730=ORIENTED_EDGE('',*,*,#49850,.F.);
#50740=EDGE_CURVE('',#49780,#46480,#50590,.T.);
#50750=ORIENTED_EDGE('',*,*,#50740,.F.);
#50760=ORIENTED_EDGE('',*,*,#46510,.F.);
#50770=CARTESIAN_POINT('',(-2.217181,-2.030469,3.926));
#50780=DIRECTION('',(1.22460635382238E-16,1.,0.));
#50790=VECTOR('',#50780,1.);
#50800=LINE('',#50770,#50790);
#50810=CARTESIAN_POINT('',(-2.217181,-1.530469,3.926));
#50820=VERTEX_POINT('',#50810);
#50830=EDGE_CURVE('',#46500,#50820,#50800,.T.);
#50840=ORIENTED_EDGE('',*,*,#50830,.F.);
#50850=CARTESIAN_POINT('',(-2.217181,-1.530469,-1.875));
#50860=DIRECTION('',(0.,0.,1.));
#50870=VECTOR('',#50860,1.);
#50880=LINE('',#50850,#50870);
#50890=CARTESIAN_POINT('',(-2.217181,-1.530469,3.574));
#50900=VERTEX_POINT('',#50890);
#50910=EDGE_CURVE('',#50900,#50820,#50880,.T.);
#50920=ORIENTED_EDGE('',*,*,#50910,.T.);
#50930=CARTESIAN_POINT('',(-2.217181,-2.030469,3.574));
#50940=DIRECTION('',(1.22460635382238E-16,1.,0.));
#50950=VECTOR('',#50940,1.);
#50960=LINE('',#50930,#50950);
#50970=EDGE_CURVE('',#50010,#50900,#50960,.T.);
#50980=ORIENTED_EDGE('',*,*,#50970,.T.);
#50990=ORIENTED_EDGE('',*,*,#50020,.T.);
#51000=EDGE_LOOP('',(#50990,#50980,#50920,#50840,#50760,#50750,#50730,
#50720,#50660,#50650,#50640,#50630,#50620,#50610,#50550,#50470,#50460,
#50450,#50440,#50430,#50420,#50410,#50400,#50390,#50380,#50370,#50360,
#50350,#50340,#50330,#50320,#50260));
#51010=FACE_OUTER_BOUND('',#51000,.T.);
#51020=ADVANCED_FACE('',(#51010),#50250,.T.);
#51030=CARTESIAN_POINT('',(-2.5571834,-2.030469,3.574));
#51040=DIRECTION('',(0.,0.,1.));
#51050=DIRECTION('',(0.,1.,0.));
#51060=AXIS2_PLACEMENT_3D('',#51030,#51040,#51050);
#51070=PLANE('',#51060);
#51080=ORIENTED_EDGE('',*,*,#50970,.F.);
#51090=CARTESIAN_POINT('',(-1.87422206172818E-16,-1.530469,3.574));
#51100=DIRECTION('',(1.,0.,0.));
#51110=VECTOR('',#51100,1.);
#51120=LINE('',#51090,#51110);
#51130=CARTESIAN_POINT('',(-1.517181,-1.530469,3.574));
#51140=VERTEX_POINT('',#51130);
#51150=EDGE_CURVE('',#50900,#51140,#51120,.T.);
#51160=ORIENTED_EDGE('',*,*,#51150,.F.);
#51170=CARTESIAN_POINT('',(-1.517181,-4.44089209850063E-16,3.574));
#51180=DIRECTION('',(0.,-1.,0.));
#51190=VECTOR('',#51180,1.);
#51200=LINE('',#51170,#51190);
#51210=EDGE_CURVE('',#51140,#50090,#51200,.T.);
#51220=ORIENTED_EDGE('',*,*,#51210,.F.);
#51230=ORIENTED_EDGE('',*,*,#50100,.T.);
#51240=EDGE_LOOP('',(#51230,#51220,#51160,#51080));
#51250=FACE_OUTER_BOUND('',#51240,.T.);
#51260=ADVANCED_FACE('',(#51250),#51070,.T.);
#51270=ORIENTED_EDGE('',*,*,#33690,.F.);
#51280=ORIENTED_EDGE('',*,*,#50160,.F.);
#51290=ORIENTED_EDGE('',*,*,#51210,.T.);
#51300=CARTESIAN_POINT('',(-1.517181,-1.530469,8.125));
#51310=DIRECTION('',(0.,0.,-1.));
#51320=VECTOR('',#51310,1.);
#51330=LINE('',#51300,#51320);
#51340=EDGE_CURVE('',#51140,#33680,#51330,.T.);
#51350=ORIENTED_EDGE('',*,*,#51340,.F.);
#51360=EDGE_LOOP('',(#51350,#51290,#51280,#51270));
#51370=FACE_OUTER_BOUND('',#51360,.T.);
#51380=ADVANCED_FACE('',(#51370),#37440,.F.);
#51390=CARTESIAN_POINT('',(0.372819,2.769531,-2.3));
#51400=DIRECTION('',(-2.34290668463255E-15,-1.,0.));
#51410=DIRECTION('',(-1.,2.34290668463255E-15,0.));
#51420=AXIS2_PLACEMENT_3D('',#51390,#51400,#51410);
#51430=PLANE('',#51420);
#51440=ORIENTED_EDGE('',*,*,#27800,.T.);
#51450=ORIENTED_EDGE('',*,*,#25100,.T.);
#51460=ORIENTED_EDGE('',*,*,#27540,.F.);
#51470=ORIENTED_EDGE('',*,*,#8480,.T.);
#51480=CARTESIAN_POINT('',(-1.66533453693773E-16,2.769531,5.2));
#51490=DIRECTION('',(1.,0.,0.));
#51500=VECTOR('',#51490,1.);
#51510=LINE('',#51480,#51500);
#51520=CARTESIAN_POINT('',(0.372819,2.769531,5.2));
#51530=VERTEX_POINT('',#51520);
#51540=EDGE_CURVE('',#51530,#8390,#51510,.T.);
#51550=ORIENTED_EDGE('',*,*,#51540,.T.);
#51560=CARTESIAN_POINT('',(0.372819,2.769531,5.2));
#51570=DIRECTION('',(0.,0.,-1.));
#51580=VECTOR('',#51570,1.);
#51590=LINE('',#51560,#51580);
#51600=CARTESIAN_POINT('',(0.372819,2.769531,4.7));
#51610=VERTEX_POINT('',#51600);
#51620=EDGE_CURVE('',#51530,#51610,#51590,.T.);
#51630=ORIENTED_EDGE('',*,*,#51620,.F.);
#51640=CARTESIAN_POINT('',(0.372818999999999,2.769531,4.7));
#51650=DIRECTION('',(1.,1.11022302462516E-16,0.));
#51660=VECTOR('',#51650,1.);
#51670=LINE('',#51640,#51660);
#51680=EDGE_CURVE('',#51610,#44910,#51670,.T.);
#51690=ORIENTED_EDGE('',*,*,#51680,.F.);
#51700=ORIENTED_EDGE('',*,*,#45000,.F.);
#51710=EDGE_LOOP('',(#51700,#51690,#51630,#51550,#51470,#51460,#51450,
#51440));
#51720=FACE_OUTER_BOUND('',#51710,.T.);
#51730=ADVANCED_FACE('',(#51720),#51430,.F.);
#51740=CARTESIAN_POINT('',(-2.5571834,-1.530469,3.926));
#51750=DIRECTION('',(0.,0.,-1.));
#51760=DIRECTION('',(0.,-1.,0.));
#51770=AXIS2_PLACEMENT_3D('',#51740,#51750,#51760);
#51780=PLANE('',#51770);
#51790=ORIENTED_EDGE('',*,*,#37530,.F.);
#51800=CARTESIAN_POINT('',(-1.87422206172818E-16,-1.530469,3.926));
#51810=DIRECTION('',(-1.,0.,0.));
#51820=VECTOR('',#51810,1.);
#51830=LINE('',#51800,#51820);
#51840=EDGE_CURVE('',#37520,#50820,#51830,.T.);
#51850=ORIENTED_EDGE('',*,*,#51840,.F.);
#51860=ORIENTED_EDGE('',*,*,#50830,.T.);
#51870=ORIENTED_EDGE('',*,*,#46640,.F.);
#51880=EDGE_LOOP('',(#51870,#51860,#51850,#51790));
#51890=FACE_OUTER_BOUND('',#51880,.T.);
#51900=ADVANCED_FACE('',(#51890),#51780,.T.);
#51910=CARTESIAN_POINT('',(-1.567181,2.669531,4.7));
#51920=DIRECTION('',(0.,0.,1.));
#51930=DIRECTION('',(0.,1.,0.));
#51940=AXIS2_PLACEMENT_3D('',#51910,#51920,#51930);
#51950=PLANE('',#51940);
#51960=CARTESIAN_POINT('',(-0.427181,-0.230469000000001,4.7));
#51970=DIRECTION('',(-8.32667268468867E-17,1.,0.));
#51980=VECTOR('',#51970,1.);
#51990=LINE('',#51960,#51980);
#52000=CARTESIAN_POINT('',(-0.427181,1.769531,4.7));
#52010=VERTEX_POINT('',#52000);
#52020=CARTESIAN_POINT('',(-0.427181,2.769531,4.7));
#52030=VERTEX_POINT('',#52020);
#52040=EDGE_CURVE('',#52010,#52030,#51990,.T.);
#52050=ORIENTED_EDGE('',*,*,#52040,.F.);
#52060=CARTESIAN_POINT('',(-1.567181,2.769531,4.7));
#52070=DIRECTION('',(1.,0.,0.));
#52080=VECTOR('',#52070,1.);
#52090=LINE('',#52060,#52080);
#52100=EDGE_CURVE('',#1500,#52030,#52090,.T.);
#52110=ORIENTED_EDGE('',*,*,#52100,.T.);
#52120=ORIENTED_EDGE('',*,*,#1510,.T.);
#52130=ORIENTED_EDGE('',*,*,#10120,.F.);
#52140=ORIENTED_EDGE('',*,*,#44920,.T.);
#52150=ORIENTED_EDGE('',*,*,#51680,.T.);
#52160=CARTESIAN_POINT('',(0.372819,-0.230469000000001,4.7));
#52170=DIRECTION('',(-1.11022302462516E-16,1.,0.));
#52180=VECTOR('',#52170,1.);
#52190=LINE('',#52160,#52180);
#52200=CARTESIAN_POINT('',(0.372819,1.769531,4.7));
#52210=VERTEX_POINT('',#52200);
#52220=EDGE_CURVE('',#52210,#51610,#52190,.T.);
#52230=ORIENTED_EDGE('',*,*,#52220,.T.);
#52240=CARTESIAN_POINT('',(-1.567181,1.769531,4.7));
#52250=DIRECTION('',(1.,0.,0.));
#52260=VECTOR('',#52250,1.);
#52270=LINE('',#52240,#52260);
#52280=EDGE_CURVE('',#52010,#52210,#52270,.T.);
#52290=ORIENTED_EDGE('',*,*,#52280,.T.);
#52300=EDGE_LOOP('',(#52290,#52230,#52150,#52140,#52130,#52120,#52110,
#52050));
#52310=FACE_OUTER_BOUND('',#52300,.T.);
#52320=ADVANCED_FACE('',(#52310),#51950,.F.);
#52330=CARTESIAN_POINT('',(0.372819,1.769531,4.7));
#52340=DIRECTION('',(0.,-1.,0.));
#52350=DIRECTION('',(-1.,0.,0.));
#52360=AXIS2_PLACEMENT_3D('',#52330,#52340,#52350);
#52370=PLANE('',#52360);
#52380=ORIENTED_EDGE('',*,*,#52280,.F.);
#52390=CARTESIAN_POINT('',(0.372819,1.769531,4.7));
#52400=DIRECTION('',(0.,0.,1.));
#52410=VECTOR('',#52400,1.);
#52420=LINE('',#52390,#52410);
#52430=CARTESIAN_POINT('',(0.372819,1.769531,5.2));
#52440=VERTEX_POINT('',#52430);
#52450=EDGE_CURVE('',#52210,#52440,#52420,.T.);
#52460=ORIENTED_EDGE('',*,*,#52450,.F.);
#52470=CARTESIAN_POINT('',(-1.567181,1.769531,5.2));
#52480=DIRECTION('',(1.,0.,0.));
#52490=VECTOR('',#52480,1.);
#52500=LINE('',#52470,#52490);
#52510=CARTESIAN_POINT('',(-0.427181,1.769531,5.2));
#52520=VERTEX_POINT('',#52510);
#52530=EDGE_CURVE('',#52520,#52440,#52500,.T.);
#52540=ORIENTED_EDGE('',*,*,#52530,.T.);
#52550=CARTESIAN_POINT('',(-0.427181,1.769531,4.7));
#52560=DIRECTION('',(0.,0.,1.));
#52570=VECTOR('',#52560,1.);
#52580=LINE('',#52550,#52570);
#52590=EDGE_CURVE('',#52010,#52520,#52580,.T.);
#52600=ORIENTED_EDGE('',*,*,#52590,.T.);
#52610=EDGE_LOOP('',(#52600,#52540,#52460,#52380));
#52620=FACE_OUTER_BOUND('',#52610,.T.);
#52630=ADVANCED_FACE('',(#52620),#52370,.F.);
#52640=CARTESIAN_POINT('',(0.372819,-0.230469000000001,5.2));
#52650=DIRECTION('',(-1.11022302462516E-16,1.,0.));
#52660=VECTOR('',#52650,1.);
#52670=LINE('',#52640,#52660);
#52680=EDGE_CURVE('',#52440,#51530,#52670,.T.);
#52690=ORIENTED_EDGE('',*,*,#52680,.F.);
#52700=ORIENTED_EDGE('',*,*,#51540,.F.);
#52710=ORIENTED_EDGE('',*,*,#8400,.T.);
#52720=ORIENTED_EDGE('',*,*,#21630,.T.);
#52730=ORIENTED_EDGE('',*,*,#39100,.T.);
#52740=ORIENTED_EDGE('',*,*,#7390,.F.);
#52750=ORIENTED_EDGE('',*,*,#13570,.T.);
#52760=ORIENTED_EDGE('',*,*,#13280,.T.);
#52770=ORIENTED_EDGE('',*,*,#50600,.T.);
#52780=CARTESIAN_POINT('',(-0.427181,2.769531,5.2));
#52790=DIRECTION('',(-1.,1.22460635382238E-16,0.));
#52800=VECTOR('',#52790,1.);
#52810=LINE('',#52780,#52800);
#52820=CARTESIAN_POINT('',(-0.427181,2.769531,5.2));
#52830=VERTEX_POINT('',#52820);
#52840=EDGE_CURVE('',#52830,#50530,#52810,.T.);
#52850=ORIENTED_EDGE('',*,*,#52840,.T.);
#52860=CARTESIAN_POINT('',(-0.427181000000001,2.669531,5.2));
#52870=DIRECTION('',(2.34290668463256E-15,1.,0.));
#52880=VECTOR('',#52870,1.);
#52890=LINE('',#52860,#52880);
#52900=EDGE_CURVE('',#52520,#52830,#52890,.T.);
#52910=ORIENTED_EDGE('',*,*,#52900,.T.);
#52920=ORIENTED_EDGE('',*,*,#52530,.F.);
#52930=EDGE_LOOP('',(#52920,#52910,#52850,#52770,#52760,#52750,#52740,
#52730,#52720,#52710,#52700,#52690));
#52940=FACE_OUTER_BOUND('',#52930,.T.);
#52950=ADVANCED_FACE('',(#52940),#21950,.F.);
#52960=CARTESIAN_POINT('',(-1.567181,2.769531,4.7));
#52970=DIRECTION('',(0.,-1.,4.44089209850056E-15));
#52980=DIRECTION('',(0.,4.44089209850056E-15,1.));
#52990=AXIS2_PLACEMENT_3D('',#52960,#52970,#52980);
#53000=PLANE('',#52990);
#53010=ORIENTED_EDGE('',*,*,#1590,.T.);
#53020=ORIENTED_EDGE('',*,*,#52100,.F.);
#53030=CARTESIAN_POINT('',(-0.427181,2.769531,5.2));
#53040=DIRECTION('',(0.,0.,-1.));
#53050=VECTOR('',#53040,1.);
#53060=LINE('',#53030,#53050);
#53070=EDGE_CURVE('',#52830,#52030,#53060,.T.);
#53080=ORIENTED_EDGE('',*,*,#53070,.T.);
#53090=ORIENTED_EDGE('',*,*,#52840,.F.);
#53100=ORIENTED_EDGE('',*,*,#50540,.T.);
#53110=ORIENTED_EDGE('',*,*,#12880,.F.);
#53120=EDGE_LOOP('',(#53110,#53100,#53090,#53080,#53020,#53010));
#53130=FACE_OUTER_BOUND('',#53120,.T.);
#53140=ADVANCED_FACE('',(#53130),#53000,.F.);
#53150=CARTESIAN_POINT('',(-0.427181,2.769531,5.2));
#53160=DIRECTION('',(-1.,2.34290668463256E-15,0.));
#53170=DIRECTION('',(2.34290668463256E-15,1.,0.));
#53180=AXIS2_PLACEMENT_3D('',#53150,#53160,#53170);
#53190=PLANE('',#53180);
#53200=ORIENTED_EDGE('',*,*,#52040,.T.);
#53210=ORIENTED_EDGE('',*,*,#52590,.F.);
#53220=ORIENTED_EDGE('',*,*,#52900,.F.);
#53230=ORIENTED_EDGE('',*,*,#53070,.F.);
#53240=EDGE_LOOP('',(#53230,#53220,#53210,#53200));
#53250=FACE_OUTER_BOUND('',#53240,.T.);
#53260=ADVANCED_FACE('',(#53250),#53190,.F.);
#53270=CARTESIAN_POINT('',(0.372819,2.669531,5.2));
#53280=DIRECTION('',(1.,4.32650876930341E-16,0.));
#53290=DIRECTION('',(4.32650876930341E-16,-1.,0.));
#53300=AXIS2_PLACEMENT_3D('',#53270,#53280,#53290);
#53310=PLANE('',#53300);
#53320=ORIENTED_EDGE('',*,*,#52220,.F.);
#53330=ORIENTED_EDGE('',*,*,#51620,.T.);
#53340=ORIENTED_EDGE('',*,*,#52680,.T.);
#53350=ORIENTED_EDGE('',*,*,#52450,.T.);
#53360=EDGE_LOOP('',(#53350,#53340,#53330,#53320));
#53370=FACE_OUTER_BOUND('',#53360,.T.);
#53380=ADVANCED_FACE('',(#53370),#53310,.F.);
#53390=CARTESIAN_POINT('',(-1.017181,-2.030469,4.375));
#53400=DIRECTION('',(1.,0.,0.));
#53410=DIRECTION('',(0.,1.,0.));
#53420=AXIS2_PLACEMENT_3D('',#53390,#53400,#53410);
#53430=PLANE('',#53420);
#53440=ORIENTED_EDGE('',*,*,#9900,.T.);
#53450=ORIENTED_EDGE('',*,*,#35480,.F.);
#53460=CARTESIAN_POINT('',(-1.017181,-1.530469,-1.875));
#53470=DIRECTION('',(0.,0.,-1.));
#53480=VECTOR('',#53470,1.);
#53490=LINE('',#53460,#53480);
#53500=CARTESIAN_POINT('',(-1.017181,-1.530469,3.574));
#53510=VERTEX_POINT('',#53500);
#53520=EDGE_CURVE('',#53510,#35410,#53490,.T.);
#53530=ORIENTED_EDGE('',*,*,#53520,.T.);
#53540=CARTESIAN_POINT('',(-1.017181,-4.44089209850063E-16,3.574));
#53550=DIRECTION('',(0.,1.,0.));
#53560=VECTOR('',#53550,1.);
#53570=LINE('',#53540,#53560);
#53580=EDGE_CURVE('',#9890,#53510,#53570,.T.);
#53590=ORIENTED_EDGE('',*,*,#53580,.T.);
#53600=EDGE_LOOP('',(#53590,#53530,#53450,#53440));
#53610=FACE_OUTER_BOUND('',#53600,.T.);
#53620=ADVANCED_FACE('',(#53610),#53430,.F.);
#53630=CARTESIAN_POINT('',(-1.5173305115378,-1.02997062820733,6.8500024)
);
#53640=DIRECTION('',(-1.83690953073357E-16,-1.,1.1247455413666E-32));
#53650=DIRECTION('',(1.,-1.83690953073357E-16,-6.12303176911189E-17));
#53660=AXIS2_PLACEMENT_3D('',#53630,#53640,#53650);
#53670=PLANE('',#53660);
#53680=CARTESIAN_POINT('',(-1.5173305115378,-1.02997062820733,5.2));
#53690=DIRECTION('',(-6.12303176911188E-17,0.,-1.));
#53700=VECTOR('',#53690,1.);
#53710=LINE('',#53680,#53700);
#53720=CARTESIAN_POINT('',(-1.5173305115378,-1.02997062820733,5.2));
#53730=VERTEX_POINT('',#53720);
#53740=EDGE_CURVE('',#15160,#53730,#53710,.T.);
#53750=ORIENTED_EDGE('',*,*,#53740,.T.);
#53760=ORIENTED_EDGE('',*,*,#15170,.T.);
#53770=ORIENTED_EDGE('',*,*,#20880,.F.);
#53780=CARTESIAN_POINT('',(0.,-1.02997062820733,5.2));
#53790=DIRECTION('',(-1.,1.83690953073357E-16,0.));
#53800=VECTOR('',#53790,1.);
#53810=LINE('',#53780,#53800);
#53820=EDGE_CURVE('',#20810,#53730,#53810,.T.);
#53830=ORIENTED_EDGE('',*,*,#53820,.F.);
#53840=EDGE_LOOP('',(#53830,#53770,#53760,#53750));
#53850=FACE_OUTER_BOUND('',#53840,.T.);
#53860=ADVANCED_FACE('',(#53850),#53670,.T.);
#53870=CARTESIAN_POINT('',(-1.50322021945629,-0.830469,5.2));
#53880=DIRECTION('',(-6.12303176911188E-17,0.,-1.));
#53890=DIRECTION('',(1.,-1.83690953073357E-16,-6.12303176911189E-17));
#53900=AXIS2_PLACEMENT_3D('',#53870,#53880,#53890);
#53910=CYLINDRICAL_SURFACE('',#53900,0.2);
#53920=CARTESIAN_POINT('',(-1.69933635459447,-0.869692227027637,5.2));
#53930=DIRECTION('',(6.12303176911188E-17,0.,1.));
#53940=VECTOR('',#53930,1.);
#53950=LINE('',#53920,#53940);
#53960=CARTESIAN_POINT('',(-1.69933635459447,-0.869692227027637,5.2));
#53970=VERTEX_POINT('',#53960);
#53980=EDGE_CURVE('',#53970,#15250,#53950,.T.);
#53990=ORIENTED_EDGE('',*,*,#53980,.F.);
#54000=ORIENTED_EDGE('',*,*,#15260,.F.);
#54010=ORIENTED_EDGE('',*,*,#53740,.F.);
#54020=CARTESIAN_POINT('',(-1.50322021945629,-0.830469,5.2));
#54030=DIRECTION('',(6.12303176911188E-17,0.,1.));
#54040=DIRECTION('',(1.,-1.83690953073357E-16,-6.12303176911189E-17));
#54050=AXIS2_PLACEMENT_3D('',#54020,#54030,#54040);
#54060=CIRCLE('',#54050,0.2);
#54070=EDGE_CURVE('',#53970,#53730,#54060,.T.);
#54080=ORIENTED_EDGE('',*,*,#54070,.T.);
#54090=EDGE_LOOP('',(#54080,#54010,#54000,#53990));
#54100=FACE_OUTER_BOUND('',#54090,.T.);
#54110=ADVANCED_FACE('',(#54100),#53910,.T.);
#54120=ORIENTED_EDGE('',*,*,#53820,.T.);
#54130=ORIENTED_EDGE('',*,*,#20820,.T.);
#54140=CARTESIAN_POINT('',(-1.66533453693773E-16,-1.530469,5.2));
#54150=DIRECTION('',(1.,0.,0.));
#54160=VECTOR('',#54150,1.);
#54170=LINE('',#54140,#54160);
#54180=EDGE_CURVE('',#37680,#20730,#54170,.T.);
#54190=ORIENTED_EDGE('',*,*,#54180,.T.);
#54200=ORIENTED_EDGE('',*,*,#37690,.F.);
#54210=ORIENTED_EDGE('',*,*,#46570,.F.);
#54220=ORIENTED_EDGE('',*,*,#50740,.T.);
#54230=ORIENTED_EDGE('',*,*,#49790,.T.);
#54240=ORIENTED_EDGE('',*,*,#49320,.T.);
#54250=CARTESIAN_POINT('',(-1.8732748,0.,5.2));
#54260=DIRECTION('',(-0.196116135138183,0.98058067569092,0.));
#54270=VECTOR('',#54260,1.);
#54280=LINE('',#54250,#54270);
#54290=EDGE_CURVE('',#53970,#49270,#54280,.T.);
#54300=ORIENTED_EDGE('',*,*,#54290,.T.);
#54310=ORIENTED_EDGE('',*,*,#54070,.F.);
#54320=EDGE_LOOP('',(#54310,#54300,#54240,#54230,#54220,#54210,#54200,
#54190,#54130,#54120));
#54330=FACE_OUTER_BOUND('',#54320,.T.);
#54340=ADVANCED_FACE('',(#54330),#21950,.F.);
#54350=CARTESIAN_POINT('',(-1.017181,-1.530469,-13.125));
#54360=DIRECTION('',(1.22460635382238E-16,-1.,0.));
#54370=DIRECTION('',(-1.,-1.22460635382238E-16,0.));
#54380=AXIS2_PLACEMENT_3D('',#54350,#54360,#54370);
#54390=PLANE('',#54380);
#54400=ORIENTED_EDGE('',*,*,#35420,.F.);
#54410=ORIENTED_EDGE('',*,*,#9200,.T.);
#54420=ORIENTED_EDGE('',*,*,#33420,.T.);
#54430=ORIENTED_EDGE('',*,*,#38030,.F.);
#54440=ORIENTED_EDGE('',*,*,#48770,.F.);
#54450=ORIENTED_EDGE('',*,*,#43790,.T.);
#54460=ORIENTED_EDGE('',*,*,#36670,.T.);
#54470=ORIENTED_EDGE('',*,*,#24700,.F.);
#54480=ORIENTED_EDGE('',*,*,#50310,.T.);
#54490=ORIENTED_EDGE('',*,*,#33770,.F.);
#54500=ORIENTED_EDGE('',*,*,#51340,.T.);
#54510=ORIENTED_EDGE('',*,*,#51150,.T.);
#54520=ORIENTED_EDGE('',*,*,#50910,.F.);
#54530=ORIENTED_EDGE('',*,*,#51840,.T.);
#54540=ORIENTED_EDGE('',*,*,#37750,.F.);
#54550=ORIENTED_EDGE('',*,*,#54180,.F.);
#54560=CARTESIAN_POINT('',(0.,-1.530469,5.2));
#54570=DIRECTION('',(-1.,-1.22460635382238E-16,6.12303176911189E-17));
#54580=VECTOR('',#54570,1.);
#54590=LINE('',#54560,#54580);
#54600=CARTESIAN_POINT('',(-1.017181,-1.530469,5.2));
#54610=VERTEX_POINT('',#54600);
#54620=EDGE_CURVE('',#54610,#20730,#54590,.T.);
#54630=ORIENTED_EDGE('',*,*,#54620,.T.);
#54640=CARTESIAN_POINT('',(-1.017181,-1.530469,4.7));
#54650=DIRECTION('',(0.,0.,1.));
#54660=VECTOR('',#54650,1.);
#54670=LINE('',#54640,#54660);
#54680=CARTESIAN_POINT('',(-1.017181,-1.530469,3.92600000000001));
#54690=VERTEX_POINT('',#54680);
#54700=EDGE_CURVE('',#54690,#54610,#54670,.T.);
#54710=ORIENTED_EDGE('',*,*,#54700,.T.);
#54720=CARTESIAN_POINT('',(-1.87422206172818E-16,-1.530469,
3.92600000000001));
#54730=DIRECTION('',(1.,0.,0.));
#54740=VECTOR('',#54730,1.);
#54750=LINE('',#54720,#54740);
#54760=EDGE_CURVE('',#54690,#7640,#54750,.T.);
#54770=ORIENTED_EDGE('',*,*,#54760,.F.);
#54780=ORIENTED_EDGE('',*,*,#7650,.F.);
#54790=CARTESIAN_POINT('',(-1.87422206172818E-16,-1.530469,3.574));
#54800=DIRECTION('',(1.,0.,0.));
#54810=VECTOR('',#54800,1.);
#54820=LINE('',#54790,#54810);
#54830=EDGE_CURVE('',#53510,#7560,#54820,.T.);
#54840=ORIENTED_EDGE('',*,*,#54830,.T.);
#54850=ORIENTED_EDGE('',*,*,#53520,.F.);
#54860=EDGE_LOOP('',(#54850,#54840,#54780,#54770,#54710,#54630,#54550,
#54540,#54530,#54520,#54510,#54500,#54490,#54480,#54470,#54460,#54450,
#54440,#54430,#54420,#54410,#54400));
#54870=FACE_OUTER_BOUND('',#54860,.T.);
#54880=CARTESIAN_POINT('',(0.,-1.530469,3.925));
#54890=DIRECTION('',(-1.,-1.22460635382238E-16,0.));
#54900=VECTOR('',#54890,1.);
#54910=LINE('',#54880,#54900);
#54920=CARTESIAN_POINT('',(0.147819,-1.530469,3.925));
#54930=VERTEX_POINT('',#54920);
#54940=CARTESIAN_POINT('',(-0.223052215252209,-1.530469,3.925));
#54950=VERTEX_POINT('',#54940);
#54960=EDGE_CURVE('',#54930,#54950,#54910,.T.);
#54970=ORIENTED_EDGE('',*,*,#54960,.F.);
#54980=CARTESIAN_POINT('',(-0.223052215252209,-1.530469,3.575));
#54990=DIRECTION('',(0.,0.,-1.));
#55000=VECTOR('',#54990,1.);
#55010=LINE('',#54980,#55000);
#55020=CARTESIAN_POINT('',(-0.223052215252209,-1.530469,3.575));
#55030=VERTEX_POINT('',#55020);
#55040=EDGE_CURVE('',#54950,#55030,#55010,.T.);
#55050=ORIENTED_EDGE('',*,*,#55040,.F.);
#55060=CARTESIAN_POINT('',(0.,-1.530469,3.575));
#55070=DIRECTION('',(-1.,-1.22460635382238E-16,0.));
#55080=VECTOR('',#55070,1.);
#55090=LINE('',#55060,#55080);
#55100=CARTESIAN_POINT('',(0.147819,-1.530469,3.575));
#55110=VERTEX_POINT('',#55100);
#55120=EDGE_CURVE('',#55110,#55030,#55090,.T.);
#55130=ORIENTED_EDGE('',*,*,#55120,.T.);
#55140=CARTESIAN_POINT('',(0.147819,-1.530469,-8.125));
#55150=DIRECTION('',(0.,0.,1.));
#55160=VECTOR('',#55150,1.);
#55170=LINE('',#55140,#55160);
#55180=EDGE_CURVE('',#55110,#54930,#55170,.T.);
#55190=ORIENTED_EDGE('',*,*,#55180,.F.);
#55200=EDGE_LOOP('',(#55190,#55130,#55050,#54970));
#55210=FACE_BOUND('',#55200,.T.);
#55220=ORIENTED_EDGE('',*,*,#24360,.T.);
#55230=ORIENTED_EDGE('',*,*,#28170,.F.);
#55240=ORIENTED_EDGE('',*,*,#34180,.F.);
#55250=ORIENTED_EDGE('',*,*,#46210,.F.);
#55260=EDGE_LOOP('',(#55250,#55240,#55230,#55220));
#55270=FACE_BOUND('',#55260,.T.);
#55280=ADVANCED_FACE('',(#54870,#55210,#55270),#54390,.T.);
#55290=CARTESIAN_POINT('',(-0.452181000000001,-1.430469,3.575));
#55300=DIRECTION('',(0.,0.,-1.));
#55310=DIRECTION('',(-1.,0.,0.));
#55320=AXIS2_PLACEMENT_3D('',#55290,#55300,#55310);
#55330=CIRCLE('',#55320,0.25);
#55340=CARTESIAN_POINT('',(-0.452181000000001,-1.680469,3.575));
#55350=VERTEX_POINT('',#55340);
#55360=EDGE_CURVE('',#55030,#55350,#55330,.T.);
#55370=ORIENTED_EDGE('',*,*,#55360,.F.);
#55380=CARTESIAN_POINT('',(-0.0251477347320566,-1.680469,3.575));
#55390=DIRECTION('',(1.,0.,0.));
#55400=VECTOR('',#55390,1.);
#55410=LINE('',#55380,#55400);
#55420=CARTESIAN_POINT('',(-3.417181,-1.680469,3.575));
#55430=VERTEX_POINT('',#55420);
#55440=EDGE_CURVE('',#55430,#55350,#55410,.T.);
#55450=ORIENTED_EDGE('',*,*,#55440,.T.);
#55460=CARTESIAN_POINT('',(-3.417181,-0.372053431461694,3.575));
#55470=DIRECTION('',(0.,-1.,0.));
#55480=VECTOR('',#55470,1.);
#55490=LINE('',#55460,#55480);
#55500=CARTESIAN_POINT('',(-3.417181,-2.030469,3.575));
#55510=VERTEX_POINT('',#55500);
#55520=EDGE_CURVE('',#55430,#55510,#55490,.T.);
#55530=ORIENTED_EDGE('',*,*,#55520,.F.);
#55540=CARTESIAN_POINT('',(-0.0251477347320566,-2.030469,3.575));
#55550=DIRECTION('',(-1.,0.,0.));
#55560=VECTOR('',#55550,1.);
#55570=LINE('',#55540,#55560);
#55580=CARTESIAN_POINT('',(-0.302181,-2.030469,3.575));
#55590=VERTEX_POINT('',#55580);
#55600=EDGE_CURVE('',#55590,#55510,#55570,.T.);
#55610=ORIENTED_EDGE('',*,*,#55600,.T.);
#55620=CARTESIAN_POINT('',(-0.302181,-1.580469,3.575));
#55630=DIRECTION('',(0.,0.,1.));
#55640=DIRECTION('',(1.,0.,0.));
#55650=AXIS2_PLACEMENT_3D('',#55620,#55630,#55640);
#55660=CIRCLE('',#55650,0.45);
#55670=CARTESIAN_POINT('',(0.147819,-1.580469,3.575));
#55680=VERTEX_POINT('',#55670);
#55690=EDGE_CURVE('',#55590,#55680,#55660,.T.);
#55700=ORIENTED_EDGE('',*,*,#55690,.F.);
#55710=EDGE_CURVE('',#55680,#55110,#10970,.T.);
#55720=ORIENTED_EDGE('',*,*,#55710,.F.);
#55730=ORIENTED_EDGE('',*,*,#55120,.F.);
#55740=EDGE_LOOP('',(#55730,#55720,#55700,#55610,#55530,#55450,#55370));
#55750=FACE_OUTER_BOUND('',#55740,.T.);
#55760=ADVANCED_FACE('',(#55750),#12560,.F.);
#55770=CARTESIAN_POINT('',(0.147819,-1.580469,3.925));
#55780=VERTEX_POINT('',#55770);
#55790=EDGE_CURVE('',#55780,#54930,#10810,.T.);
#55800=ORIENTED_EDGE('',*,*,#55790,.T.);
#55810=CARTESIAN_POINT('',(-0.302181,-1.580469,3.925));
#55820=DIRECTION('',(0.,0.,1.));
#55830=DIRECTION('',(1.,0.,0.));
#55840=AXIS2_PLACEMENT_3D('',#55810,#55820,#55830);
#55850=CIRCLE('',#55840,0.45);
#55860=CARTESIAN_POINT('',(-0.302181,-2.030469,3.925));
#55870=VERTEX_POINT('',#55860);
#55880=EDGE_CURVE('',#55870,#55780,#55850,.T.);
#55890=ORIENTED_EDGE('',*,*,#55880,.T.);
#55900=CARTESIAN_POINT('',(-0.0251477347320566,-2.030469,3.925));
#55910=DIRECTION('',(-1.,0.,0.));
#55920=VECTOR('',#55910,1.);
#55930=LINE('',#55900,#55920);
#55940=CARTESIAN_POINT('',(-3.417181,-2.030469,3.925));
#55950=VERTEX_POINT('',#55940);
#55960=EDGE_CURVE('',#55870,#55950,#55930,.T.);
#55970=ORIENTED_EDGE('',*,*,#55960,.F.);
#55980=CARTESIAN_POINT('',(-3.417181,-0.372053431461694,3.925));
#55990=DIRECTION('',(0.,-1.,0.));
#56000=VECTOR('',#55990,1.);
#56010=LINE('',#55980,#56000);
#56020=CARTESIAN_POINT('',(-3.417181,-1.680469,3.925));
#56030=VERTEX_POINT('',#56020);
#56040=EDGE_CURVE('',#56030,#55950,#56010,.T.);
#56050=ORIENTED_EDGE('',*,*,#56040,.T.);
#56060=CARTESIAN_POINT('',(-0.0251477347320566,-1.680469,3.925));
#56070=DIRECTION('',(1.,0.,0.));
#56080=VECTOR('',#56070,1.);
#56090=LINE('',#56060,#56080);
#56100=CARTESIAN_POINT('',(-0.452181000000001,-1.680469,3.925));
#56110=VERTEX_POINT('',#56100);
#56120=EDGE_CURVE('',#56030,#56110,#56090,.T.);
#56130=ORIENTED_EDGE('',*,*,#56120,.F.);
#56140=CARTESIAN_POINT('',(-0.452181000000001,-1.430469,3.925));
#56150=DIRECTION('',(0.,0.,-1.));
#56160=DIRECTION('',(-1.,0.,0.));
#56170=AXIS2_PLACEMENT_3D('',#56140,#56150,#56160);
#56180=CIRCLE('',#56170,0.25);
#56190=EDGE_CURVE('',#54950,#56110,#56180,.T.);
#56200=ORIENTED_EDGE('',*,*,#56190,.T.);
#56210=ORIENTED_EDGE('',*,*,#54960,.T.);
#56220=EDGE_LOOP('',(#56210,#56200,#56130,#56050,#55970,#55890,#55800));
#56230=FACE_OUTER_BOUND('',#56220,.T.);
#56240=ADVANCED_FACE('',(#56230),#12680,.T.);
#56250=CARTESIAN_POINT('',(-3.717181,-2.4404714,3.85));
#56260=DIRECTION('',(0.242535625036334,0.,-0.970142500145332));
#56270=DIRECTION('',(0.970142500145332,0.,0.242535625036334));
#56280=AXIS2_PLACEMENT_3D('',#56250,#56260,#56270);
#56290=PLANE('',#56280);
#56300=CARTESIAN_POINT('',(-3.717181,-0.372053431461694,3.85));
#56310=DIRECTION('',(0.,-1.,0.));
#56320=VECTOR('',#56310,1.);
#56330=LINE('',#56300,#56320);
#56340=CARTESIAN_POINT('',(-3.717181,-1.755469,3.85));
#56350=VERTEX_POINT('',#56340);
#56360=CARTESIAN_POINT('',(-3.717181,-1.955469,3.85));
#56370=VERTEX_POINT('',#56360);
#56380=EDGE_CURVE('',#56350,#56370,#56330,.T.);
#56390=ORIENTED_EDGE('',*,*,#56380,.T.);
#56400=CARTESIAN_POINT('',(-0.0251477347320566,-0.832460683683013,
4.77300831631699));
#56410=DIRECTION('',(-0.942809041582063,-0.235702260395516,
-0.235702260395517));
#56420=VECTOR('',#56410,1.);
#56430=LINE('',#56400,#56420);
#56440=EDGE_CURVE('',#56030,#56350,#56430,.T.);
#56450=ORIENTED_EDGE('',*,*,#56440,.T.);
#56460=ORIENTED_EDGE('',*,*,#56040,.F.);
#56470=CARTESIAN_POINT('',(-0.0251477347320566,-2.87847731631698,
4.77300831631699));
#56480=DIRECTION('',(0.942809041582063,-0.235702260395516,
0.235702260395517));
#56490=VECTOR('',#56480,1.);
#56500=LINE('',#56470,#56490);
#56510=EDGE_CURVE('',#56370,#55950,#56500,.T.);
#56520=ORIENTED_EDGE('',*,*,#56510,.T.);
#56530=EDGE_LOOP('',(#56520,#56460,#56450,#56390));
#56540=FACE_OUTER_BOUND('',#56530,.T.);
#56550=ADVANCED_FACE('',(#56540),#56290,.F.);
#56560=CARTESIAN_POINT('',(-3.417181,-2.030469,3.575));
#56570=DIRECTION('',(-0.242535625036333,-0.970142500145332,0.));
#56580=DIRECTION('',(-0.970142500145332,0.242535625036333,0.));
#56590=AXIS2_PLACEMENT_3D('',#56560,#56570,#56580);
#56600=PLANE('',#56590);
#56610=CARTESIAN_POINT('',(-3.717181,-1.955469,3.575));
#56620=DIRECTION('',(0.,0.,1.));
#56630=VECTOR('',#56620,1.);
#56640=LINE('',#56610,#56630);
#56650=CARTESIAN_POINT('',(-3.717181,-1.955469,3.65));
#56660=VERTEX_POINT('',#56650);
#56670=EDGE_CURVE('',#56660,#56370,#56640,.T.);
#56680=ORIENTED_EDGE('',*,*,#56670,.F.);
#56690=ORIENTED_EDGE('',*,*,#56510,.F.);
#56700=CARTESIAN_POINT('',(-3.417181,-2.030469,3.575));
#56710=DIRECTION('',(0.,0.,-1.));
#56720=VECTOR('',#56710,1.);
#56730=LINE('',#56700,#56720);
#56740=EDGE_CURVE('',#55950,#55510,#56730,.T.);
#56750=ORIENTED_EDGE('',*,*,#56740,.F.);
#56760=CARTESIAN_POINT('',(-0.0251477347320566,-2.87847731631698,
2.72699168368301));
#56770=DIRECTION('',(-0.942809041582063,0.235702260395516,
0.235702260395517));
#56780=VECTOR('',#56770,1.);
#56790=LINE('',#56760,#56780);
#56800=EDGE_CURVE('',#55510,#56660,#56790,.T.);
#56810=ORIENTED_EDGE('',*,*,#56800,.F.);
#56820=EDGE_LOOP('',(#56810,#56750,#56690,#56680));
#56830=FACE_OUTER_BOUND('',#56820,.T.);
#56840=ADVANCED_FACE('',(#56830),#56600,.T.);
#56850=CARTESIAN_POINT('',(-3.717181,-1.955469,3.575));
#56860=DIRECTION('',(-1.,0.,0.));
#56870=DIRECTION('',(0.,1.,0.));
#56880=AXIS2_PLACEMENT_3D('',#56850,#56860,#56870);
#56890=PLANE('',#56880);
#56900=CARTESIAN_POINT('',(-3.717181,-1.755469,3.575));
#56910=DIRECTION('',(0.,0.,1.));
#56920=VECTOR('',#56910,1.);
#56930=LINE('',#56900,#56920);
#56940=CARTESIAN_POINT('',(-3.717181,-1.755469,3.65));
#56950=VERTEX_POINT('',#56940);
#56960=EDGE_CURVE('',#56950,#56350,#56930,.T.);
#56970=ORIENTED_EDGE('',*,*,#56960,.F.);
#56980=ORIENTED_EDGE('',*,*,#56380,.F.);
#56990=ORIENTED_EDGE('',*,*,#56670,.T.);
#57000=CARTESIAN_POINT('',(-3.717181,-0.372053431461694,3.65));
#57010=DIRECTION('',(0.,1.,0.));
#57020=VECTOR('',#57010,1.);
#57030=LINE('',#57000,#57020);
#57040=EDGE_CURVE('',#56660,#56950,#57030,.T.);
#57050=ORIENTED_EDGE('',*,*,#57040,.F.);
#57060=EDGE_LOOP('',(#57050,#56990,#56980,#56970));
#57070=FACE_OUTER_BOUND('',#57060,.T.);
#57080=ADVANCED_FACE('',(#57070),#56890,.T.);
#57090=CARTESIAN_POINT('',(-3.417181,-2.4404714,3.575));
#57100=DIRECTION('',(0.242535625036334,0.,0.970142500145332));
#57110=DIRECTION('',(-0.970142500145332,0.,0.242535625036334));
#57120=AXIS2_PLACEMENT_3D('',#57090,#57100,#57110);
#57130=PLANE('',#57120);
#57140=ORIENTED_EDGE('',*,*,#57040,.T.);
#57150=ORIENTED_EDGE('',*,*,#56800,.T.);
#57160=ORIENTED_EDGE('',*,*,#55520,.T.);
#57170=CARTESIAN_POINT('',(-0.0251477347320566,-0.832460683683013,
2.72699168368301));
#57180=DIRECTION('',(0.942809041582063,0.235702260395516,
-0.235702260395517));
#57190=VECTOR('',#57180,1.);
#57200=LINE('',#57170,#57190);
#57210=EDGE_CURVE('',#56950,#55430,#57200,.T.);
#57220=ORIENTED_EDGE('',*,*,#57210,.T.);
#57230=EDGE_LOOP('',(#57220,#57160,#57150,#57140));
#57240=FACE_OUTER_BOUND('',#57230,.T.);
#57250=ADVANCED_FACE('',(#57240),#57130,.F.);
#57260=CARTESIAN_POINT('',(-0.452181000000001,-1.430469,3.575));
#57270=DIRECTION('',(0.,0.,-1.));
#57280=DIRECTION('',(-1.,0.,0.));
#57290=AXIS2_PLACEMENT_3D('',#57260,#57270,#57280);
#57300=CYLINDRICAL_SURFACE('',#57290,0.25);
#57310=ORIENTED_EDGE('',*,*,#56190,.F.);
#57320=CARTESIAN_POINT('',(-0.452181000000001,-1.680469,3.575));
#57330=DIRECTION('',(0.,0.,-1.));
#57340=VECTOR('',#57330,1.);
#57350=LINE('',#57320,#57340);
#57360=EDGE_CURVE('',#56110,#55350,#57350,.T.);
#57370=ORIENTED_EDGE('',*,*,#57360,.F.);
#57380=ORIENTED_EDGE('',*,*,#55360,.T.);
#57390=ORIENTED_EDGE('',*,*,#55040,.T.);
#57400=EDGE_LOOP('',(#57390,#57380,#57370,#57310));
#57410=FACE_OUTER_BOUND('',#57400,.T.);
#57420=ADVANCED_FACE('',(#57410),#57300,.F.);
#57430=CARTESIAN_POINT('',(-3.417181,-1.680469,3.575));
#57440=DIRECTION('',(0.,1.,0.));
#57450=DIRECTION('',(1.,0.,0.));
#57460=AXIS2_PLACEMENT_3D('',#57430,#57440,#57450);
#57470=PLANE('',#57460);
#57480=ORIENTED_EDGE('',*,*,#57360,.T.);
#57490=ORIENTED_EDGE('',*,*,#56120,.T.);
#57500=CARTESIAN_POINT('',(-3.417181,-1.680469,3.575));
#57510=DIRECTION('',(0.,0.,1.));
#57520=VECTOR('',#57510,1.);
#57530=LINE('',#57500,#57520);
#57540=EDGE_CURVE('',#55430,#56030,#57530,.T.);
#57550=ORIENTED_EDGE('',*,*,#57540,.T.);
#57560=ORIENTED_EDGE('',*,*,#55440,.F.);
#57570=EDGE_LOOP('',(#57560,#57550,#57490,#57480));
#57580=FACE_OUTER_BOUND('',#57570,.T.);
#57590=ADVANCED_FACE('',(#57580),#57470,.T.);
#57600=CARTESIAN_POINT('',(-3.717181,-1.755469,3.575));
#57610=DIRECTION('',(-0.242535625036333,0.970142500145332,0.));
#57620=DIRECTION('',(0.970142500145332,0.242535625036333,0.));
#57630=AXIS2_PLACEMENT_3D('',#57600,#57610,#57620);
#57640=PLANE('',#57630);
#57650=ORIENTED_EDGE('',*,*,#56960,.T.);
#57660=ORIENTED_EDGE('',*,*,#57210,.F.);
#57670=ORIENTED_EDGE('',*,*,#57540,.F.);
#57680=ORIENTED_EDGE('',*,*,#56440,.F.);
#57690=EDGE_LOOP('',(#57680,#57670,#57660,#57650));
#57700=FACE_OUTER_BOUND('',#57690,.T.);
#57710=ADVANCED_FACE('',(#57700),#57640,.T.);
#57720=CARTESIAN_POINT('',(-0.302181,-1.580469,3.575));
#57730=DIRECTION('',(0.,0.,1.));
#57740=DIRECTION('',(1.,0.,0.));
#57750=AXIS2_PLACEMENT_3D('',#57720,#57730,#57740);
#57760=CYLINDRICAL_SURFACE('',#57750,0.45);
#57770=ORIENTED_EDGE('',*,*,#55880,.F.);
#57780=CARTESIAN_POINT('',(0.147819,-1.580469,3.575));
#57790=DIRECTION('',(0.,0.,1.));
#57800=VECTOR('',#57790,1.);
#57810=LINE('',#57780,#57800);
#57820=EDGE_CURVE('',#55680,#55780,#57810,.T.);
#57830=ORIENTED_EDGE('',*,*,#57820,.T.);
#57840=ORIENTED_EDGE('',*,*,#55690,.T.);
#57850=CARTESIAN_POINT('',(-0.302181,-2.030469,3.575));
#57860=DIRECTION('',(0.,0.,1.));
#57870=VECTOR('',#57860,1.);
#57880=LINE('',#57850,#57870);
#57890=EDGE_CURVE('',#55590,#55870,#57880,.T.);
#57900=ORIENTED_EDGE('',*,*,#57890,.F.);
#57910=EDGE_LOOP('',(#57900,#57840,#57830,#57770));
#57920=FACE_OUTER_BOUND('',#57910,.T.);
#57930=ADVANCED_FACE('',(#57920),#57760,.T.);
#57940=CARTESIAN_POINT('',(0.147819,-2.030469,3.575));
#57950=DIRECTION('',(0.,-1.,0.));
#57960=DIRECTION('',(-1.,0.,0.));
#57970=AXIS2_PLACEMENT_3D('',#57940,#57950,#57960);
#57980=PLANE('',#57970);
#57990=ORIENTED_EDGE('',*,*,#55600,.F.);
#58000=ORIENTED_EDGE('',*,*,#56740,.T.);
#58010=ORIENTED_EDGE('',*,*,#55960,.T.);
#58020=ORIENTED_EDGE('',*,*,#57890,.T.);
#58030=EDGE_LOOP('',(#58020,#58010,#58000,#57990));
#58040=FACE_OUTER_BOUND('',#58030,.T.);
#58050=ADVANCED_FACE('',(#58040),#57980,.T.);
#58060=ORIENTED_EDGE('',*,*,#55710,.T.);
#58070=ORIENTED_EDGE('',*,*,#57820,.F.);
#58080=ORIENTED_EDGE('',*,*,#55790,.F.);
#58090=ORIENTED_EDGE('',*,*,#55180,.T.);
#58100=EDGE_LOOP('',(#58090,#58080,#58070,#58060));
#58110=FACE_OUTER_BOUND('',#58100,.T.);
#58120=ADVANCED_FACE('',(#58110),#10760,.T.);
#58130=CARTESIAN_POINT('',(0.982819000000001,1.469531,5.2));
#58140=DIRECTION('',(6.12303176911189E-17,3.74915180455534E-33,1.));
#58150=DIRECTION('',(-1.,1.83690953073357E-16,6.12303176911189E-17));
#58160=AXIS2_PLACEMENT_3D('',#58130,#58140,#58150);
#58170=PLANE('',#58160);
#58180=ORIENTED_EDGE('',*,*,#20740,.F.);
#58190=CARTESIAN_POINT('',(-2.217181,-1.630469,5.2));
#58200=DIRECTION('',(1.,-1.83690953073357E-16,-6.12303176911189E-17));
#58210=VECTOR('',#58200,1.);
#58220=LINE('',#58190,#58210);
#58230=CARTESIAN_POINT('',(-1.017181,-1.630469,5.2));
#58240=VERTEX_POINT('',#58230);
#58250=EDGE_CURVE('',#20650,#58240,#58220,.T.);
#58260=ORIENTED_EDGE('',*,*,#58250,.F.);
#58270=CARTESIAN_POINT('',(-1.017181,0.,5.2));
#58280=DIRECTION('',(0.,-1.,3.74915180455534E-33));
#58290=VECTOR('',#58280,1.);
#58300=LINE('',#58270,#58290);
#58310=EDGE_CURVE('',#54610,#58240,#58300,.T.);
#58320=ORIENTED_EDGE('',*,*,#58310,.T.);
#58330=ORIENTED_EDGE('',*,*,#54620,.F.);
#58340=EDGE_LOOP('',(#58330,#58320,#58260,#58180));
#58350=FACE_OUTER_BOUND('',#58340,.T.);
#58360=ADVANCED_FACE('',(#58350),#58170,.F.);
#58370=CARTESIAN_POINT('',(-1.017181,-2.03046900000003,6.25));
#58380=DIRECTION('',(7.35079311524021E-31,-1.33226762955017E-14,1.));
#58390=VECTOR('',#58380,1.);
#58400=LINE('',#58370,#58390);
#58410=CARTESIAN_POINT('',(-1.017181,-2.030469,3.926));
#58420=VERTEX_POINT('',#58410);
#58430=CARTESIAN_POINT('',(-1.017181,-2.030469,5.2));
#58440=VERTEX_POINT('',#58430);
#58450=EDGE_CURVE('',#58420,#58440,#58400,.T.);
#58460=ORIENTED_EDGE('',*,*,#58450,.T.);
#58470=CARTESIAN_POINT('',(-1.017181,-4.44089209850063E-16,3.926));
#58480=DIRECTION('',(0.,1.,0.));
#58490=VECTOR('',#58480,1.);
#58500=LINE('',#58470,#58490);
#58510=EDGE_CURVE('',#58420,#54690,#58500,.T.);
#58520=ORIENTED_EDGE('',*,*,#58510,.F.);
#58530=ORIENTED_EDGE('',*,*,#54700,.F.);
#58540=ORIENTED_EDGE('',*,*,#58310,.F.);
#58550=CARTESIAN_POINT('',(-1.017181,-4.44089209850063E-16,5.2));
#58560=DIRECTION('',(0.,-1.,0.));
#58570=VECTOR('',#58560,1.);
#58580=LINE('',#58550,#58570);
#58590=EDGE_CURVE('',#58240,#58440,#58580,.T.);
#58600=ORIENTED_EDGE('',*,*,#58590,.F.);
#58610=EDGE_LOOP('',(#58600,#58540,#58530,#58520,#58460));
#58620=FACE_OUTER_BOUND('',#58610,.T.);
#58630=ADVANCED_FACE('',(#58620),#53430,.F.);
#58640=CARTESIAN_POINT('',(0.782818999999999,-2.030469,4.8));
#58650=DIRECTION('',(0.,-1.,0.));
#58660=DIRECTION('',(1.,0.,0.));
#58670=AXIS2_PLACEMENT_3D('',#58640,#58650,#58660);
#58680=CYLINDRICAL_SURFACE('',#58670,0.4);
#58690=CARTESIAN_POINT('',(0.382818999999999,-2.030469,4.8));
#58700=DIRECTION('',(0.,-1.,0.));
#58710=VECTOR('',#58700,1.);
#58720=LINE('',#58690,#58710);
#58730=CARTESIAN_POINT('',(0.382818999999999,-2.030469,4.8));
#58740=VERTEX_POINT('',#58730);
#58750=CARTESIAN_POINT('',(0.382818999999999,-2.530469,4.8));
#58760=VERTEX_POINT('',#58750);
#58770=EDGE_CURVE('',#58740,#58760,#58720,.T.);
#58780=ORIENTED_EDGE('',*,*,#58770,.T.);
#58790=CARTESIAN_POINT('',(0.782818999999999,-2.030469,4.8));
#58800=DIRECTION('',(0.,1.,0.));
#58810=DIRECTION('',(1.,0.,0.));
#58820=AXIS2_PLACEMENT_3D('',#58790,#58800,#58810);
#58830=CIRCLE('',#58820,0.4);
#58840=CARTESIAN_POINT('',(0.782818999999999,-2.030469,5.2));
#58850=VERTEX_POINT('',#58840);
#58860=EDGE_CURVE('',#58740,#58850,#58830,.T.);
#58870=ORIENTED_EDGE('',*,*,#58860,.F.);
#58880=EDGE_CURVE('',#58850,#7800,#58830,.T.);
#58890=ORIENTED_EDGE('',*,*,#58880,.F.);
#58900=CARTESIAN_POINT('',(1.182819,-2.030469,4.8));
#58910=DIRECTION('',(0.,-1.,0.));
#58920=VECTOR('',#58910,1.);
#58930=LINE('',#58900,#58920);
#58940=CARTESIAN_POINT('',(1.182819,-2.530469,4.8));
#58950=VERTEX_POINT('',#58940);
#58960=EDGE_CURVE('',#7800,#58950,#58930,.T.);
#58970=ORIENTED_EDGE('',*,*,#58960,.F.);
#58980=CARTESIAN_POINT('',(0.782819,-2.530469,4.8));
#58990=DIRECTION('',(-6.12303176911189E-17,-1.,0.));
#59000=DIRECTION('',(1.,-1.22460635382238E-16,0.));
#59010=AXIS2_PLACEMENT_3D('',#58980,#58990,#59000);
#59020=CIRCLE('',#59010,0.4);
#59030=EDGE_CURVE('',#58950,#58760,#59020,.T.);
#59040=ORIENTED_EDGE('',*,*,#59030,.F.);
#59050=EDGE_LOOP('',(#59040,#58970,#58890,#58870,#58780));
#59060=FACE_OUTER_BOUND('',#59050,.T.);
#59070=ADVANCED_FACE('',(#59060),#58680,.T.);
#59080=CARTESIAN_POINT('',(0.782819,-2.830469,4.8));
#59090=DIRECTION('',(0.,1.,0.));
#59100=DIRECTION('',(1.,-1.22460635382238E-16,0.));
#59110=AXIS2_PLACEMENT_3D('',#59080,#59090,#59100);
#59120=CONICAL_SURFACE('',#59110,0.2,0.588002603547568);
#59130=CARTESIAN_POINT('',(0.982819,-2.830469,4.8));
#59140=DIRECTION('',(0.55470019622523,0.832050294337843,0.));
#59150=VECTOR('',#59140,1.);
#59160=LINE('',#59130,#59150);
#59170=CARTESIAN_POINT('',(0.982819,-2.830469,4.8));
#59180=VERTEX_POINT('',#59170);
#59190=EDGE_CURVE('',#59180,#58950,#59160,.T.);
#59200=ORIENTED_EDGE('',*,*,#59190,.F.);
#59210=EDGE_CURVE('',#58760,#58950,#59020,.T.);
#59220=ORIENTED_EDGE('',*,*,#59210,.T.);
#59230=CARTESIAN_POINT('',(0.582819,-2.830469,4.8));
#59240=DIRECTION('',(-0.55470019622523,0.832050294337843,0.));
#59250=VECTOR('',#59240,1.);
#59260=LINE('',#59230,#59250);
#59270=CARTESIAN_POINT('',(0.582819,-2.830469,4.8));
#59280=VERTEX_POINT('',#59270);
#59290=EDGE_CURVE('',#59280,#58760,#59260,.T.);
#59300=ORIENTED_EDGE('',*,*,#59290,.T.);
#59310=CARTESIAN_POINT('',(0.782819,-2.830469,4.8));
#59320=DIRECTION('',(-1.22460635382238E-16,-1.,0.));
#59330=DIRECTION('',(1.,-1.22460635382238E-16,0.));
#59340=AXIS2_PLACEMENT_3D('',#59310,#59320,#59330);
#59350=CIRCLE('',#59340,0.2);
#59360=EDGE_CURVE('',#59280,#59180,#59350,.T.);
#59370=ORIENTED_EDGE('',*,*,#59360,.F.);
#59380=EDGE_LOOP('',(#59370,#59300,#59220,#59200));
#59390=FACE_OUTER_BOUND('',#59380,.T.);
#59400=ADVANCED_FACE('',(#59390),#59120,.T.);
#59410=CARTESIAN_POINT('',(0.269731024956451,-2.830469,4.59921522566323)
);
#59420=DIRECTION('',(0.,1.,0.));
#59430=DIRECTION('',(1.,0.,0.));
#59440=AXIS2_PLACEMENT_3D('',#59410,#59420,#59430);
#59450=PLANE('',#59440);
#59460=EDGE_CURVE('',#59180,#59280,#59350,.T.);
#59470=ORIENTED_EDGE('',*,*,#59460,.T.);
#59480=ORIENTED_EDGE('',*,*,#59360,.T.);
#59490=EDGE_LOOP('',(#59480,#59470));
#59500=FACE_OUTER_BOUND('',#59490,.T.);
#59510=ADVANCED_FACE('',(#59500),#59450,.F.);
#59520=CARTESIAN_POINT('',(1.182819,-2.030469,3.926));
#59530=DIRECTION('',(0.,1.,1.33226762955017E-14));
#59540=DIRECTION('',(0.,1.33226762955017E-14,-1.));
#59550=AXIS2_PLACEMENT_3D('',#59520,#59530,#59540);
#59560=PLANE('',#59550);
#59570=EDGE_CURVE('',#7800,#58740,#58830,.T.);
#59580=ORIENTED_EDGE('',*,*,#59570,.T.);
#59590=ORIENTED_EDGE('',*,*,#7810,.T.);
#59600=CARTESIAN_POINT('',(1.182819,-2.030469,3.926));
#59610=DIRECTION('',(-1.,0.,0.));
#59620=VECTOR('',#59610,1.);
#59630=LINE('',#59600,#59620);
#59640=EDGE_CURVE('',#7720,#58420,#59630,.T.);
#59650=ORIENTED_EDGE('',*,*,#59640,.F.);
#59660=ORIENTED_EDGE('',*,*,#58450,.F.);
#59670=CARTESIAN_POINT('',(-1.66533453693773E-16,-2.030469,5.2));
#59680=DIRECTION('',(-1.,0.,0.));
#59690=VECTOR('',#59680,1.);
#59700=LINE('',#59670,#59690);
#59710=EDGE_CURVE('',#58850,#58440,#59700,.T.);
#59720=ORIENTED_EDGE('',*,*,#59710,.T.);
#59730=ORIENTED_EDGE('',*,*,#58860,.T.);
#59740=EDGE_LOOP('',(#59730,#59720,#59660,#59650,#59590,#59580));
#59750=FACE_OUTER_BOUND('',#59740,.T.);
#59760=ADVANCED_FACE('',(#59750),#59560,.F.);
#59770=CARTESIAN_POINT('',(1.182819,-1.930469,3.926));
#59780=DIRECTION('',(0.,-1.77635683940027E-14,1.));
#59790=DIRECTION('',(0.,1.,1.77635683940027E-14));
#59800=AXIS2_PLACEMENT_3D('',#59770,#59780,#59790);
#59810=PLANE('',#59800);
#59820=ORIENTED_EDGE('',*,*,#7730,.T.);
#59830=ORIENTED_EDGE('',*,*,#54760,.T.);
#59840=ORIENTED_EDGE('',*,*,#58510,.T.);
#59850=ORIENTED_EDGE('',*,*,#59640,.T.);
#59860=EDGE_LOOP('',(#59850,#59840,#59830,#59820));
#59870=FACE_OUTER_BOUND('',#59860,.T.);
#59880=ADVANCED_FACE('',(#59870),#59810,.F.);
#59890=ORIENTED_EDGE('',*,*,#53580,.F.);
#59900=ORIENTED_EDGE('',*,*,#54830,.F.);
#59910=ORIENTED_EDGE('',*,*,#7570,.T.);
#59920=ORIENTED_EDGE('',*,*,#9960,.F.);
#59930=EDGE_LOOP('',(#59920,#59910,#59900,#59890));
#59940=FACE_OUTER_BOUND('',#59930,.T.);
#59950=ADVANCED_FACE('',(#59940),#51070,.T.);
#59960=CARTESIAN_POINT('',(0.8389128,0.,5.2));
#59970=DIRECTION('',(-0.196116135138184,-0.98058067569092,0.));
#59980=VECTOR('',#59970,1.);
#59990=LINE('',#59960,#59980);
#60000=CARTESIAN_POINT('',(0.682818999999993,-0.780469000000037,5.2));
#60010=VERTEX_POINT('',#60000);
#60020=CARTESIAN_POINT('',(0.664974354594474,-0.869692227027637,5.2));
#60030=VERTEX_POINT('',#60020);
#60040=EDGE_CURVE('',#60010,#60030,#59990,.T.);
#60050=ORIENTED_EDGE('',*,*,#60040,.T.);
#60060=CARTESIAN_POINT('',(0.682819,-2.5104714,5.2));
#60070=DIRECTION('',(0.,1.,0.));
#60080=VECTOR('',#60070,1.);
#60090=LINE('',#60060,#60080);
#60100=CARTESIAN_POINT('',(0.682819,-1.330469,5.2));
#60110=VERTEX_POINT('',#60100);
#60120=EDGE_CURVE('',#60110,#60010,#60090,.T.);
#60130=ORIENTED_EDGE('',*,*,#60120,.T.);
#60140=CARTESIAN_POINT('',(-1.66533453693773E-16,-1.330469,5.2));
#60150=DIRECTION('',(-1.,0.,0.));
#60160=VECTOR('',#60150,1.);
#60170=LINE('',#60140,#60160);
#60180=EDGE_CURVE('',#7920,#60110,#60170,.T.);
#60190=ORIENTED_EDGE('',*,*,#60180,.T.);
#60200=ORIENTED_EDGE('',*,*,#7930,.T.);
#60210=EDGE_CURVE('',#7840,#58850,#59700,.T.);
#60220=ORIENTED_EDGE('',*,*,#60210,.F.);
#60230=ORIENTED_EDGE('',*,*,#59710,.F.);
#60240=ORIENTED_EDGE('',*,*,#58590,.T.);
#60250=CARTESIAN_POINT('',(-2.217181,-1.630469,5.2));
#60260=DIRECTION('',(-1.,1.83690953073357E-16,3.06151588455594E-17));
#60270=VECTOR('',#60260,1.);
#60280=LINE('',#60250,#60270);
#60290=EDGE_CURVE('',#19250,#58240,#60280,.T.);
#60300=ORIENTED_EDGE('',*,*,#60290,.T.);
#60310=ORIENTED_EDGE('',*,*,#19260,.T.);
#60320=CARTESIAN_POINT('',(0.,-1.02997062820733,5.2));
#60330=DIRECTION('',(-1.,1.83690953073357E-16,0.));
#60340=VECTOR('',#60330,1.);
#60350=LINE('',#60320,#60340);
#60360=CARTESIAN_POINT('',(0.482968511537803,-1.02997062820733,5.2));
#60370=VERTEX_POINT('',#60360);
#60380=EDGE_CURVE('',#60370,#19170,#60350,.T.);
#60390=ORIENTED_EDGE('',*,*,#60380,.T.);
#60400=CARTESIAN_POINT('',(0.468858219456289,-0.830469000000001,5.2));
#60410=DIRECTION('',(-6.12303176911188E-17,0.,-1.));
#60420=DIRECTION('',(-1.,1.83690953073357E-16,6.12303176911189E-17));
#60430=AXIS2_PLACEMENT_3D('',#60400,#60410,#60420);
#60440=CIRCLE('',#60430,0.2);
#60450=EDGE_CURVE('',#60030,#60370,#60440,.T.);
#60460=ORIENTED_EDGE('',*,*,#60450,.T.);
#60470=EDGE_LOOP('',(#60460,#60390,#60310,#60300,#60240,#60230,#60220,
#60200,#60190,#60130,#60050));
#60480=FACE_OUTER_BOUND('',#60470,.T.);
#60490=ADVANCED_FACE('',(#60480),#21950,.F.);
#60500=CARTESIAN_POINT('',(0.732819,-0.530469000000001,5.2));
#60510=DIRECTION('',(0.98058067569092,-0.196116135138184,
-6.0041266294327E-17));
#60520=DIRECTION('',(0.196116135138184,0.98058067569092,
-1.20082532588654E-17));
#60530=AXIS2_PLACEMENT_3D('',#60500,#60510,#60520);
#60540=PLANE('',#60530);
#60550=ORIENTED_EDGE('',*,*,#60040,.F.);
#60560=CARTESIAN_POINT('',(0.664974354594474,-0.869692227027637,5.2));
#60570=DIRECTION('',(6.12303176911188E-17,0.,1.));
#60580=VECTOR('',#60570,1.);
#60590=LINE('',#60560,#60580);
#60600=EDGE_CURVE('',#60030,#16670,#60590,.T.);
#60610=ORIENTED_EDGE('',*,*,#60600,.F.);
#60620=ORIENTED_EDGE('',*,*,#16680,.T.);
#60630=CARTESIAN_POINT('',(0.682818999999993,-0.780469000000033,-8.125))
;
#60640=DIRECTION('',(1.39449032029057E-30,3.06151588455602E-16,-1.));
#60650=VECTOR('',#60640,1.);
#60660=LINE('',#60630,#60650);
#60670=EDGE_CURVE('',#16590,#60010,#60660,.T.);
#60680=ORIENTED_EDGE('',*,*,#60670,.F.);
#60690=EDGE_LOOP('',(#60680,#60620,#60610,#60550));
#60700=FACE_OUTER_BOUND('',#60690,.T.);
#60710=ADVANCED_FACE('',(#60700),#60540,.T.);
#60720=CARTESIAN_POINT('',(-0.268395264474578,-2.030469,4.24682396401214
));
#60730=DIRECTION('',(0.,1.,0.));
#60740=DIRECTION('',(1.,0.,0.));
#60750=AXIS2_PLACEMENT_3D('',#60720,#60730,#60740);
#60760=PLANE('',#60750);
#60770=ORIENTED_EDGE('',*,*,#58880,.T.);
#60780=ORIENTED_EDGE('',*,*,#60210,.T.);
#60790=ORIENTED_EDGE('',*,*,#7850,.T.);
#60800=EDGE_LOOP('',(#60790,#60780,#60770));
#60810=FACE_OUTER_BOUND('',#60800,.T.);
#60820=ADVANCED_FACE('',(#60810),#60760,.F.);
#60830=CARTESIAN_POINT('',(0.382819,-1.330469,5.2));
#60840=DIRECTION('',(0.,1.,0.));
#60850=DIRECTION('',(1.,0.,0.));
#60860=AXIS2_PLACEMENT_3D('',#60830,#60840,#60850);
#60870=PLANE('',#60860);
#60880=CARTESIAN_POINT('',(0.682819,-1.330469,4.375));
#60890=DIRECTION('',(0.,0.,-1.));
#60900=VECTOR('',#60890,1.);
#60910=LINE('',#60880,#60900);
#60920=CARTESIAN_POINT('',(0.682819,-1.330469,5.41));
#60930=VERTEX_POINT('',#60920);
#60940=EDGE_CURVE('',#60930,#60110,#60910,.T.);
#60950=ORIENTED_EDGE('',*,*,#60940,.T.);
#60960=CARTESIAN_POINT('',(-1.6293007909637E-16,-1.330469,5.41));
#60970=DIRECTION('',(-1.,0.,0.));
#60980=VECTOR('',#60970,1.);
#60990=LINE('',#60960,#60980);
#61000=CARTESIAN_POINT('',(0.382819000000001,-1.330469,5.41));
#61010=VERTEX_POINT('',#61000);
#61020=EDGE_CURVE('',#60930,#61010,#60990,.T.);
#61030=ORIENTED_EDGE('',*,*,#61020,.F.);
#61040=CARTESIAN_POINT('',(0.382819000000001,-1.330469,-1.875));
#61050=DIRECTION('',(0.,0.,-1.));
#61060=VECTOR('',#61050,1.);
#61070=LINE('',#61040,#61060);
#61080=CARTESIAN_POINT('',(0.382819000000001,-1.330469,5.95));
#61090=VERTEX_POINT('',#61080);
#61100=EDGE_CURVE('',#61090,#61010,#61070,.T.);
#61110=ORIENTED_EDGE('',*,*,#61100,.T.);
#61120=CARTESIAN_POINT('',(-1.017181,-1.330469,5.95));
#61130=DIRECTION('',(1.,0.,0.));
#61140=VECTOR('',#61130,1.);
#61150=LINE('',#61120,#61140);
#61160=EDGE_CURVE('',#61090,#8000,#61150,.T.);
#61170=ORIENTED_EDGE('',*,*,#61160,.F.);
#61180=ORIENTED_EDGE('',*,*,#8010,.T.);
#61190=ORIENTED_EDGE('',*,*,#60180,.F.);
#61200=EDGE_LOOP('',(#61190,#61180,#61170,#61110,#61030,#60950));
#61210=FACE_OUTER_BOUND('',#61200,.T.);
#61220=ADVANCED_FACE('',(#61210),#60870,.F.);
#61230=CARTESIAN_POINT('',(0.382819,-0.165995277202614,5.62643466751247)
);
#61240=DIRECTION('',(1.,4.3265087693034E-16,0.));
#61250=DIRECTION('',(4.3265087693034E-16,-1.,0.));
#61260=AXIS2_PLACEMENT_3D('',#61230,#61240,#61250);
#61270=PLANE('',#61260);
#61280=CARTESIAN_POINT('',(0.382819,-4.90969467826455E-16,5.95));
#61290=DIRECTION('',(4.3265087693034E-16,-1.,0.));
#61300=VECTOR('',#61290,1.);
#61310=LINE('',#61280,#61300);
#61320=CARTESIAN_POINT('',(0.382819,0.669531,5.95));
#61330=VERTEX_POINT('',#61320);
#61340=EDGE_CURVE('',#61330,#61090,#61310,.T.);
#61350=ORIENTED_EDGE('',*,*,#61340,.F.);
#61360=ORIENTED_EDGE('',*,*,#61100,.F.);
#61370=CARTESIAN_POINT('',(0.382819,-4.90969467826455E-16,5.41));
#61380=DIRECTION('',(-4.3265087693034E-16,1.,0.));
#61390=VECTOR('',#61380,1.);
#61400=LINE('',#61370,#61390);
#61410=CARTESIAN_POINT('',(0.382819,0.669531,5.41));
#61420=VERTEX_POINT('',#61410);
#61430=EDGE_CURVE('',#61010,#61420,#61400,.T.);
#61440=ORIENTED_EDGE('',*,*,#61430,.F.);
#61450=CARTESIAN_POINT('',(0.382819,0.669531,-1.875));
#61460=DIRECTION('',(0.,0.,1.));
#61470=VECTOR('',#61460,1.);
#61480=LINE('',#61450,#61470);
#61490=EDGE_CURVE('',#61420,#61330,#61480,.T.);
#61500=ORIENTED_EDGE('',*,*,#61490,.F.);
#61510=EDGE_LOOP('',(#61500,#61440,#61360,#61350));
#61520=FACE_OUTER_BOUND('',#61510,.T.);
#61530=ADVANCED_FACE('',(#61520),#61270,.F.);
#61540=CARTESIAN_POINT('',(-1.017181,0.669531,5.95));
#61550=DIRECTION('',(1.,0.,0.));
#61560=VECTOR('',#61550,1.);
#61570=LINE('',#61540,#61560);
#61580=EDGE_CURVE('',#61330,#8080,#61570,.T.);
#61590=ORIENTED_EDGE('',*,*,#61580,.T.);
#61600=ORIENTED_EDGE('',*,*,#61490,.T.);
#61610=CARTESIAN_POINT('',(8.1991191668105E-17,0.669531,5.41));
#61620=DIRECTION('',(1.,4.3265087693034E-16,0.));
#61630=VECTOR('',#61620,1.);
#61640=LINE('',#61610,#61630);
#61650=CARTESIAN_POINT('',(0.682819,0.669531,5.41));
#61660=VERTEX_POINT('',#61650);
#61670=EDGE_CURVE('',#61420,#61660,#61640,.T.);
#61680=ORIENTED_EDGE('',*,*,#61670,.F.);
#61690=CARTESIAN_POINT('',(0.682819,0.669531,5.2));
#61700=DIRECTION('',(0.,0.,1.));
#61710=VECTOR('',#61700,1.);
#61720=LINE('',#61690,#61710);
#61730=EDGE_CURVE('',#16070,#61660,#61720,.T.);
#61740=ORIENTED_EDGE('',*,*,#61730,.T.);
#61750=ORIENTED_EDGE('',*,*,#16080,.F.);
#61760=CARTESIAN_POINT('',(0.782819000000001,0.669531,5.6));
#61770=DIRECTION('',(1.83690953073357E-16,1.,-8.83363139618221E-33));
#61780=DIRECTION('',(1.,-1.83690953073357E-16,-1.22460635382238E-16));
#61790=AXIS2_PLACEMENT_3D('',#61760,#61770,#61780);
#61800=CIRCLE('',#61790,0.2);
#61810=CARTESIAN_POINT('',(0.982819000000001,0.669531,5.6));
#61820=VERTEX_POINT('',#61810);
#61830=EDGE_CURVE('',#61820,#15990,#61800,.T.);
#61840=ORIENTED_EDGE('',*,*,#61830,.T.);
#61850=CARTESIAN_POINT('',(0.982819,0.669531,-8.125));
#61860=DIRECTION('',(6.12303176911188E-17,2.46519032881566E-32,1.));
#61870=VECTOR('',#61860,1.);
#61880=LINE('',#61850,#61870);
#61890=CARTESIAN_POINT('',(0.982819000000001,0.669531,5.7));
#61900=VERTEX_POINT('',#61890);
#61910=EDGE_CURVE('',#61820,#61900,#61880,.T.);
#61920=ORIENTED_EDGE('',*,*,#61910,.F.);
#61930=CARTESIAN_POINT('',(0.,0.669531,5.7));
#61940=DIRECTION('',(1.,4.3265087693034E-16,-6.12303176911189E-17));
#61950=VECTOR('',#61940,1.);
#61960=LINE('',#61930,#61950);
#61970=EDGE_CURVE('',#61900,#8160,#61960,.T.);
#61980=ORIENTED_EDGE('',*,*,#61970,.F.);
#61990=ORIENTED_EDGE('',*,*,#8170,.F.);
#62000=EDGE_LOOP('',(#61990,#61980,#61920,#61840,#61750,#61740,#61680,
#61600,#61590));
#62010=FACE_OUTER_BOUND('',#62000,.T.);
#62020=ADVANCED_FACE('',(#62010),#21560,.F.);
#62030=CARTESIAN_POINT('',(0.382819,0.569531,5.41));
#62040=DIRECTION('',(0.,0.,1.));
#62050=DIRECTION('',(4.3265087693034E-16,-1.,0.));
#62060=AXIS2_PLACEMENT_3D('',#62030,#62040,#62050);
#62070=PLANE('',#62060);
#62080=ORIENTED_EDGE('',*,*,#61430,.T.);
#62090=ORIENTED_EDGE('',*,*,#61020,.T.);
#62100=CARTESIAN_POINT('',(0.682818999999997,-5.27707658441126E-16,5.41)
);
#62110=DIRECTION('',(-4.56335273388287E-15,-1.,0.));
#62120=VECTOR('',#62110,1.);
#62130=LINE('',#62100,#62120);
#62140=EDGE_CURVE('',#61660,#60930,#62130,.T.);
#62150=ORIENTED_EDGE('',*,*,#62140,.T.);
#62160=ORIENTED_EDGE('',*,*,#61670,.T.);
#62170=EDGE_LOOP('',(#62160,#62150,#62090,#62080));
#62180=FACE_OUTER_BOUND('',#62170,.T.);
#62190=ADVANCED_FACE('',(#62180),#62070,.F.);
#62200=CARTESIAN_POINT('',(0.682819,0.669531,5.2));
#62210=DIRECTION('',(1.,-4.56335273388287E-15,0.));
#62220=DIRECTION('',(-4.56335273388287E-15,-1.,0.));
#62230=AXIS2_PLACEMENT_3D('',#62200,#62210,#62220);
#62240=PLANE('',#62230);
#62250=ORIENTED_EDGE('',*,*,#60120,.F.);
#62260=ORIENTED_EDGE('',*,*,#60670,.T.);
#62270=ORIENTED_EDGE('',*,*,#16600,.F.);
#62280=CARTESIAN_POINT('',(0.682818999999994,-0.530469000000001,-8.125))
;
#62290=DIRECTION('',(5.13170824337702E-47,1.1247455413666E-32,1.));
#62300=VECTOR('',#62290,1.);
#62310=LINE('',#62280,#62300);
#62320=CARTESIAN_POINT('',(0.682818999999994,-0.530469000000001,5.2));
#62330=VERTEX_POINT('',#62320);
#62340=EDGE_CURVE('',#62330,#16550,#62310,.T.);
#62350=ORIENTED_EDGE('',*,*,#62340,.T.);
#62360=CARTESIAN_POINT('',(0.682818999999995,-0.363802333333353,5.2));
#62370=VERTEX_POINT('',#62360);
#62380=EDGE_CURVE('',#62330,#62370,#60090,.T.);
#62390=ORIENTED_EDGE('',*,*,#62380,.F.);
#62400=CARTESIAN_POINT('',(0.682818999999995,-0.36380233333335,-8.125));
#62410=DIRECTION('',(9.27616724159449E-31,2.04101058970399E-16,-1.));
#62420=VECTOR('',#62410,1.);
#62430=LINE('',#62400,#62420);
#62440=EDGE_CURVE('',#16390,#62370,#62430,.T.);
#62450=ORIENTED_EDGE('',*,*,#62440,.T.);
#62460=ORIENTED_EDGE('',*,*,#16400,.F.);
#62470=CARTESIAN_POINT('',(0.682818999999997,-0.0304690000000006,-8.125)
);
#62480=DIRECTION('',(5.13170824337702E-47,1.1247455413666E-32,1.));
#62490=VECTOR('',#62480,1.);
#62500=LINE('',#62470,#62490);
#62510=CARTESIAN_POINT('',(0.682818999999997,-0.0304690000000006,5.2));
#62520=VERTEX_POINT('',#62510);
#62530=EDGE_CURVE('',#62520,#16310,#62500,.T.);
#62540=ORIENTED_EDGE('',*,*,#62530,.T.);
#62550=CARTESIAN_POINT('',(0.682819,0.669531,5.2));
#62560=VERTEX_POINT('',#62550);
#62570=EDGE_CURVE('',#62520,#62560,#60090,.T.);
#62580=ORIENTED_EDGE('',*,*,#62570,.F.);
#62590=CARTESIAN_POINT('',(0.682819,0.669531,-8.125));
#62600=DIRECTION('',(-5.13170824337702E-47,-1.1247455413666E-32,-1.));
#62610=VECTOR('',#62600,1.);
#62620=LINE('',#62590,#62610);
#62630=EDGE_CURVE('',#16070,#62560,#62620,.T.);
#62640=ORIENTED_EDGE('',*,*,#62630,.T.);
#62650=ORIENTED_EDGE('',*,*,#61730,.F.);
#62660=ORIENTED_EDGE('',*,*,#62140,.F.);
#62670=ORIENTED_EDGE('',*,*,#60940,.F.);
#62680=EDGE_LOOP('',(#62670,#62660,#62650,#62640,#62580,#62540,#62460,
#62450,#62390,#62350,#62270,#62260,#62250));
#62690=FACE_OUTER_BOUND('',#62680,.T.);
#62700=ADVANCED_FACE('',(#62690),#62240,.F.);
#62710=CARTESIAN_POINT('',(0.632819000000001,-0.530469000000001,5.2));
#62720=DIRECTION('',(1.83690953073357E-16,1.,-1.1247455413666E-32));
#62730=DIRECTION('',(-1.,1.83690953073357E-16,6.12303176911189E-17));
#62740=AXIS2_PLACEMENT_3D('',#62710,#62720,#62730);
#62750=PLANE('',#62740);
#62760=ORIENTED_EDGE('',*,*,#62340,.F.);
#62770=ORIENTED_EDGE('',*,*,#16560,.T.);
#62780=CARTESIAN_POINT('',(0.632819000000001,-0.530469000000001,5.2));
#62790=DIRECTION('',(6.12303176911188E-17,0.,1.));
#62800=VECTOR('',#62790,1.);
#62810=LINE('',#62780,#62800);
#62820=CARTESIAN_POINT('',(0.632819000000001,-0.530469000000001,5.2));
#62830=VERTEX_POINT('',#62820);
#62840=EDGE_CURVE('',#62830,#16470,#62810,.T.);
#62850=ORIENTED_EDGE('',*,*,#62840,.T.);
#62860=CARTESIAN_POINT('',(0.,-0.530469000000001,5.2));
#62870=DIRECTION('',(1.,-1.83690953073357E-16,0.));
#62880=VECTOR('',#62870,1.);
#62890=LINE('',#62860,#62880);
#62900=EDGE_CURVE('',#62830,#62330,#62890,.T.);
#62910=ORIENTED_EDGE('',*,*,#62900,.F.);
#62920=EDGE_LOOP('',(#62910,#62850,#62770,#62760));
#62930=FACE_OUTER_BOUND('',#62920,.T.);
#62940=ADVANCED_FACE('',(#62930),#62750,.T.);
#62950=CARTESIAN_POINT('',(0.782819000000001,-0.0304690000000007,5.2));
#62960=DIRECTION('',(0.957826285221152,-0.287347885566345,
-5.86480077369953E-17));
#62970=DIRECTION('',(0.287347885566345,0.957826285221152,
-1.75944023210986E-17));
#62980=AXIS2_PLACEMENT_3D('',#62950,#62960,#62970);
#62990=PLANE('',#62980);
#63000=CARTESIAN_POINT('',(0.791959700000001,0.,5.2));
#63010=DIRECTION('',(-0.287347885566345,-0.957826285221151,0.));
#63020=VECTOR('',#63010,1.);
#63030=LINE('',#63000,#63020);
#63040=EDGE_CURVE('',#62370,#62830,#63030,.T.);
#63050=ORIENTED_EDGE('',*,*,#63040,.F.);
#63060=ORIENTED_EDGE('',*,*,#62840,.F.);
#63070=ORIENTED_EDGE('',*,*,#16480,.T.);
#63080=ORIENTED_EDGE('',*,*,#62440,.F.);
#63090=EDGE_LOOP('',(#63080,#63070,#63060,#63050));
#63100=FACE_OUTER_BOUND('',#63090,.T.);
#63110=ADVANCED_FACE('',(#63100),#62990,.T.);
#63120=CARTESIAN_POINT('',(0.632819000000001,-0.0304690000000006,5.2));
#63130=DIRECTION('',(1.83690953073357E-16,1.,-1.1247455413666E-32));
#63140=DIRECTION('',(-1.,1.83690953073357E-16,6.12303176911189E-17));
#63150=AXIS2_PLACEMENT_3D('',#63120,#63130,#63140);
#63160=PLANE('',#63150);
#63170=ORIENTED_EDGE('',*,*,#62530,.F.);
#63180=ORIENTED_EDGE('',*,*,#16320,.T.);
#63190=CARTESIAN_POINT('',(0.632819000000001,-0.0304690000000006,5.2));
#63200=DIRECTION('',(6.12303176911188E-17,0.,1.));
#63210=VECTOR('',#63200,1.);
#63220=LINE('',#63190,#63210);
#63230=CARTESIAN_POINT('',(0.632819000000001,-0.0304690000000006,5.2));
#63240=VERTEX_POINT('',#63230);
#63250=EDGE_CURVE('',#63240,#16230,#63220,.T.);
#63260=ORIENTED_EDGE('',*,*,#63250,.T.);
#63270=CARTESIAN_POINT('',(0.,-0.0304690000000005,5.2));
#63280=DIRECTION('',(1.,-1.83690953073357E-16,0.));
#63290=VECTOR('',#63280,1.);
#63300=LINE('',#63270,#63290);
#63310=EDGE_CURVE('',#63240,#62520,#63300,.T.);
#63320=ORIENTED_EDGE('',*,*,#63310,.F.);
#63330=EDGE_LOOP('',(#63320,#63260,#63180,#63170));
#63340=FACE_OUTER_BOUND('',#63330,.T.);
#63350=ADVANCED_FACE('',(#63340),#63160,.T.);
#63360=CARTESIAN_POINT('',(0.632819000000001,0.669531,5.2));
#63370=DIRECTION('',(1.,-1.83690953073357E-16,-6.12303176911188E-17));
#63380=DIRECTION('',(1.83690953073357E-16,1.,-1.49966072182214E-32));
#63390=AXIS2_PLACEMENT_3D('',#63360,#63370,#63380);
#63400=PLANE('',#63390);
#63410=ORIENTED_EDGE('',*,*,#63250,.F.);
#63420=ORIENTED_EDGE('',*,*,#16240,.T.);
#63430=CARTESIAN_POINT('',(0.632819,0.669531,-9.375));
#63440=DIRECTION('',(6.12303176911188E-17,6.16297582203916E-33,1.));
#63450=VECTOR('',#63440,1.);
#63460=LINE('',#63430,#63450);
#63470=CARTESIAN_POINT('',(0.632819000000001,0.669531,5.2));
#63480=VERTEX_POINT('',#63470);
#63490=EDGE_CURVE('',#63480,#16150,#63460,.T.);
#63500=ORIENTED_EDGE('',*,*,#63490,.T.);
#63510=CARTESIAN_POINT('',(0.632819000000001,0.,5.2));
#63520=DIRECTION('',(-1.83690953073357E-16,-1.,0.));
#63530=VECTOR('',#63520,1.);
#63540=LINE('',#63510,#63530);
#63550=EDGE_CURVE('',#63480,#63240,#63540,.T.);
#63560=ORIENTED_EDGE('',*,*,#63550,.F.);
#63570=EDGE_LOOP('',(#63560,#63500,#63420,#63410));
#63580=FACE_OUTER_BOUND('',#63570,.T.);
#63590=ADVANCED_FACE('',(#63580),#63400,.T.);
#63600=CARTESIAN_POINT('',(-1.74283400696028,0.669531,5.31548965498549))
;
#63610=DIRECTION('',(-1.83690953073357E-16,-1.,1.1247455413666E-32));
#63620=DIRECTION('',(-1.,1.83690953073357E-16,6.12303176911189E-17));
#63630=AXIS2_PLACEMENT_3D('',#63600,#63610,#63620);
#63640=PLANE('',#63630);
#63650=CARTESIAN_POINT('',(0.,0.669531,5.2));
#63660=DIRECTION('',(-1.,1.83690953073357E-16,0.));
#63670=VECTOR('',#63660,1.);
#63680=LINE('',#63650,#63670);
#63690=EDGE_CURVE('',#62560,#63480,#63680,.T.);
#63700=ORIENTED_EDGE('',*,*,#63690,.F.);
#63710=ORIENTED_EDGE('',*,*,#63490,.F.);
#63720=ORIENTED_EDGE('',*,*,#16160,.F.);
#63730=ORIENTED_EDGE('',*,*,#62630,.F.);
#63740=EDGE_LOOP('',(#63730,#63720,#63710,#63700));
#63750=FACE_OUTER_BOUND('',#63740,.T.);
#63760=ADVANCED_FACE('',(#63750),#63640,.T.);
#63770=CARTESIAN_POINT('',(-1.38626288683164,0.421925882026892,5.95));
#63780=DIRECTION('',(0.,0.,-1.));
#63790=DIRECTION('',(-1.,0.,0.));
#63800=AXIS2_PLACEMENT_3D('',#63770,#63780,#63790);
#63810=PLANE('',#63800);
#63820=ORIENTED_EDGE('',*,*,#61580,.F.);
#63830=ORIENTED_EDGE('',*,*,#8090,.T.);
#63840=ORIENTED_EDGE('',*,*,#61160,.T.);
#63850=ORIENTED_EDGE('',*,*,#61340,.T.);
#63860=EDGE_LOOP('',(#63850,#63840,#63830,#63820));
#63870=FACE_OUTER_BOUND('',#63860,.T.);
#63880=ADVANCED_FACE('',(#63870),#63810,.F.);
#63890=CARTESIAN_POINT('',(1.182819,1.469531,5.7));
#63900=DIRECTION('',(-6.12303176911189E-17,-3.74915180455534E-33,-1.));
#63910=DIRECTION('',(1.,-1.83690953073357E-16,-6.12303176911189E-17));
#63920=AXIS2_PLACEMENT_3D('',#63890,#63900,#63910);
#63930=PLANE('',#63920);
#63940=ORIENTED_EDGE('',*,*,#6660,.F.);
#63950=ORIENTED_EDGE('',*,*,#8230,.F.);
#63960=ORIENTED_EDGE('',*,*,#61970,.T.);
#63970=CARTESIAN_POINT('',(0.982819000000001,1.469531,5.7));
#63980=DIRECTION('',(-1.83690953073357E-16,-1.,1.49966072182214E-32));
#63990=VECTOR('',#63980,1.);
#64000=LINE('',#63970,#63990);
#64010=EDGE_CURVE('',#6650,#61900,#64000,.T.);
#64020=ORIENTED_EDGE('',*,*,#64010,.T.);
#64030=EDGE_LOOP('',(#64020,#63960,#63950,#63940));
#64040=FACE_OUTER_BOUND('',#64030,.T.);
#64050=ADVANCED_FACE('',(#64040),#63930,.F.);
#64060=CARTESIAN_POINT('',(0.982819000000001,1.469531,5.7));
#64070=DIRECTION('',(1.,-1.83690953073357E-16,-6.12303176911188E-17));
#64080=DIRECTION('',(6.12303176911188E-17,0.,1.));
#64090=AXIS2_PLACEMENT_3D('',#64060,#64070,#64080);
#64100=PLANE('',#64090);
#64110=ORIENTED_EDGE('',*,*,#6740,.F.);
#64120=ORIENTED_EDGE('',*,*,#64010,.F.);
#64130=ORIENTED_EDGE('',*,*,#61910,.T.);
#64140=CARTESIAN_POINT('',(0.982819000000001,-1.32602702743959E-16,5.6))
;
#64150=DIRECTION('',(1.83690953073357E-16,1.,-8.83363139618221E-33));
#64160=VECTOR('',#64150,1.);
#64170=LINE('',#64140,#64160);
#64180=EDGE_CURVE('',#61820,#6730,#64170,.T.);
#64190=ORIENTED_EDGE('',*,*,#64180,.F.);
#64200=EDGE_LOOP('',(#64190,#64130,#64120,#64110));
#64210=FACE_OUTER_BOUND('',#64200,.T.);
#64220=ADVANCED_FACE('',(#64210),#64100,.F.);
#64230=CARTESIAN_POINT('',(0.782819000000001,-9.58645121292881E-17,5.6))
;
#64240=DIRECTION('',(1.83690953073357E-16,1.,-8.83363139618221E-33));
#64250=DIRECTION('',(1.,-1.83690953073357E-16,-1.22460635382238E-16));
#64260=AXIS2_PLACEMENT_3D('',#64230,#64240,#64250);
#64270=CYLINDRICAL_SURFACE('',#64260,0.2);
#64280=ORIENTED_EDGE('',*,*,#61830,.F.);
#64290=ORIENTED_EDGE('',*,*,#16000,.F.);
#64300=ORIENTED_EDGE('',*,*,#6830,.T.);
#64310=ORIENTED_EDGE('',*,*,#64180,.T.);
#64320=EDGE_LOOP('',(#64310,#64300,#64290,#64280));
#64330=FACE_OUTER_BOUND('',#64320,.T.);
#64340=ADVANCED_FACE('',(#64330),#64270,.F.);
#64350=CARTESIAN_POINT('',(0.468858219456289,-0.830469000000001,5.2));
#64360=DIRECTION('',(6.12303176911188E-17,0.,1.));
#64370=DIRECTION('',(-1.,1.83690953073357E-16,6.12303176911189E-17));
#64380=AXIS2_PLACEMENT_3D('',#64350,#64360,#64370);
#64390=CYLINDRICAL_SURFACE('',#64380,0.2);
#64400=CARTESIAN_POINT('',(0.482968511537804,-1.02997062820733,5.2));
#64410=DIRECTION('',(6.12303176911188E-17,0.,1.));
#64420=VECTOR('',#64410,1.);
#64430=LINE('',#64400,#64420);
#64440=EDGE_CURVE('',#60370,#16760,#64430,.T.);
#64450=ORIENTED_EDGE('',*,*,#64440,.F.);
#64460=ORIENTED_EDGE('',*,*,#16770,.T.);
#64470=ORIENTED_EDGE('',*,*,#60600,.T.);
#64480=ORIENTED_EDGE('',*,*,#60450,.F.);
#64490=EDGE_LOOP('',(#64480,#64470,#64460,#64450));
#64500=FACE_OUTER_BOUND('',#64490,.T.);
#64510=ADVANCED_FACE('',(#64500),#64390,.T.);
#64520=CARTESIAN_POINT('',(0.382819000000001,-1.02997062820733,6.8500024
));
#64530=DIRECTION('',(-1.83690953073357E-16,-1.,1.1247455413666E-32));
#64540=DIRECTION('',(1.,-1.83690953073357E-16,-6.12303176911189E-17));
#64550=AXIS2_PLACEMENT_3D('',#64520,#64530,#64540);
#64560=PLANE('',#64550);
#64570=ORIENTED_EDGE('',*,*,#64440,.T.);
#64580=ORIENTED_EDGE('',*,*,#60380,.F.);
#64590=ORIENTED_EDGE('',*,*,#19180,.T.);
#64600=ORIENTED_EDGE('',*,*,#16850,.T.);
#64610=EDGE_LOOP('',(#64600,#64590,#64580,#64570));
#64620=FACE_OUTER_BOUND('',#64610,.T.);
#64630=ADVANCED_FACE('',(#64620),#64560,.T.);
#64640=ORIENTED_EDGE('',*,*,#63690,.T.);
#64650=ORIENTED_EDGE('',*,*,#62570,.T.);
#64660=ORIENTED_EDGE('',*,*,#63310,.T.);
#64670=ORIENTED_EDGE('',*,*,#63550,.T.);
#64680=EDGE_LOOP('',(#64670,#64660,#64650,#64640));
#64690=FACE_OUTER_BOUND('',#64680,.T.);
#64700=ADVANCED_FACE('',(#64690),#21950,.F.);
#64710=ORIENTED_EDGE('',*,*,#63040,.T.);
#64720=ORIENTED_EDGE('',*,*,#62380,.T.);
#64730=ORIENTED_EDGE('',*,*,#62900,.T.);
#64740=EDGE_LOOP('',(#64730,#64720,#64710));
#64750=FACE_OUTER_BOUND('',#64740,.T.);
#64760=ADVANCED_FACE('',(#64750),#21950,.F.);
#64770=CARTESIAN_POINT('',(-2.217181,-1.630469,5.6));
#64780=DIRECTION('',(-1.,1.83690953073357E-16,6.12303176911189E-17));
#64790=DIRECTION('',(-1.83690953073357E-16,-1.,1.49966072182214E-32));
#64800=AXIS2_PLACEMENT_3D('',#64770,#64780,#64790);
#64810=CYLINDRICAL_SURFACE('',#64800,0.2);
#64820=ORIENTED_EDGE('',*,*,#17010,.F.);
#64830=ORIENTED_EDGE('',*,*,#19090,.T.);
#64840=ORIENTED_EDGE('',*,*,#20170,.F.);
#64850=ORIENTED_EDGE('',*,*,#20960,.F.);
#64860=EDGE_LOOP('',(#64850,#64840,#64830,#64820));
#64870=FACE_OUTER_BOUND('',#64860,.T.);
#64880=ADVANCED_FACE('',(#64870),#64810,.F.);
#64890=CARTESIAN_POINT('',(-0.267180999999999,-2.030469,6.7));
#64900=DIRECTION('',(-1.,1.83690953073357E-16,6.12303176911189E-17));
#64910=DIRECTION('',(-1.83690953073357E-16,-1.,1.49966072182214E-32));
#64920=AXIS2_PLACEMENT_3D('',#64890,#64900,#64910);
#64930=PLANE('',#64920);
#64940=ORIENTED_EDGE('',*,*,#18420,.F.);
#64950=ORIENTED_EDGE('',*,*,#20250,.T.);
#64960=ORIENTED_EDGE('',*,*,#18850,.T.);
#64970=CARTESIAN_POINT('',(-0.267180999999999,-1.630469,6.3));
#64980=DIRECTION('',(-6.12303176911189E-17,2.73691106313441E-48,-1.));
#64990=VECTOR('',#64980,1.);
#65000=LINE('',#64970,#64990);
#65010=EDGE_CURVE('',#21380,#18770,#65000,.T.);
#65020=ORIENTED_EDGE('',*,*,#65010,.T.);
#65030=CARTESIAN_POINT('',(-0.267180999999999,-1.630469,6.3));
#65040=DIRECTION('',(1.,-1.83690953073357E-16,-6.12303176911189E-17));
#65050=DIRECTION('',(-1.83690953073357E-16,-1.,1.49966072182214E-32));
#65060=AXIS2_PLACEMENT_3D('',#65030,#65040,#65050);
#65070=CIRCLE('',#65060,0.4);
#65080=EDGE_CURVE('',#21380,#17810,#65070,.T.);
#65090=ORIENTED_EDGE('',*,*,#65080,.F.);
#65100=ORIENTED_EDGE('',*,*,#17820,.T.);
#65110=EDGE_LOOP('',(#65100,#65090,#65020,#64960,#64950,#64940));
#65120=FACE_OUTER_BOUND('',#65110,.T.);
#65130=ADVANCED_FACE('',(#65120),#64930,.T.);
#65140=ORIENTED_EDGE('',*,*,#21390,.F.);
#65150=ORIENTED_EDGE('',*,*,#19430,.F.);
#65160=ORIENTED_EDGE('',*,*,#17900,.F.);
#65170=ORIENTED_EDGE('',*,*,#65080,.T.);
#65180=EDGE_LOOP('',(#65170,#65160,#65150,#65140));
#65190=FACE_OUTER_BOUND('',#65180,.T.);
#65200=ADVANCED_FACE('',(#65190),#17160,.T.);
#65210=CARTESIAN_POINT('',(-2.217181,-1.630469,5.6));
#65220=DIRECTION('',(-1.,1.83690953073357E-16,6.12303176911189E-17));
#65230=DIRECTION('',(-1.83690953073357E-16,-1.,1.49966072182214E-32));
#65240=AXIS2_PLACEMENT_3D('',#65210,#65220,#65230);
#65250=CYLINDRICAL_SURFACE('',#65240,0.4);
#65260=ORIENTED_EDGE('',*,*,#18060,.T.);
#65270=ORIENTED_EDGE('',*,*,#19330,.F.);
#65280=ORIENTED_EDGE('',*,*,#60290,.F.);
#65290=ORIENTED_EDGE('',*,*,#58250,.T.);
#65300=ORIENTED_EDGE('',*,*,#20660,.T.);
#65310=EDGE_LOOP('',(#65300,#65290,#65280,#65270,#65260));
#65320=FACE_OUTER_BOUND('',#65310,.T.);
#65330=ADVANCED_FACE('',(#65320),#65250,.T.);
#65340=CARTESIAN_POINT('',(-1.69933635459447,-0.869692227027637,5.2));
#65350=DIRECTION('',(-0.98058067569092,-0.196116135138183,
6.0041266294327E-17));
#65360=DIRECTION('',(0.196116135138183,-0.98058067569092,
-1.20082532588653E-17));
#65370=AXIS2_PLACEMENT_3D('',#65340,#65350,#65360);
#65380=PLANE('',#65370);
#65390=ORIENTED_EDGE('',*,*,#49280,.F.);
#65400=ORIENTED_EDGE('',*,*,#15340,.T.);
#65410=ORIENTED_EDGE('',*,*,#53980,.T.);
#65420=ORIENTED_EDGE('',*,*,#54290,.F.);
#65430=EDGE_LOOP('',(#65420,#65410,#65400,#65390));
#65440=FACE_OUTER_BOUND('',#65430,.T.);
#65450=ADVANCED_FACE('',(#65440),#65380,.T.);
#65460=CARTESIAN_POINT('',(-2.217181,-0.930468999999999,6.5));
#65470=DIRECTION('',(-1.83690953073357E-16,-1.,1.1247455413666E-32));
#65480=DIRECTION('',(-6.12303176911188E-17,0.,-1.));
#65490=AXIS2_PLACEMENT_3D('',#65460,#65470,#65480);
#65500=PLANE('',#65490);
#65510=ORIENTED_EDGE('',*,*,#21340,.T.);
#65520=ORIENTED_EDGE('',*,*,#21130,.F.);
#65530=ORIENTED_EDGE('',*,*,#19810,.F.);
#65540=ORIENTED_EDGE('',*,*,#19590,.F.);
#65550=EDGE_LOOP('',(#65540,#65530,#65520,#65510));
#65560=FACE_OUTER_BOUND('',#65550,.T.);
#65570=ADVANCED_FACE('',(#65560),#65500,.F.);
#65580=ORIENTED_EDGE('',*,*,#20420,.T.);
#65590=CARTESIAN_POINT('',(-0.767181,-1.630469,6.3));
#65600=DIRECTION('',(1.,-1.83690953073357E-16,-6.12303176911189E-17));
#65610=DIRECTION('',(-1.83690953073357E-16,-1.,1.49966072182214E-32));
#65620=AXIS2_PLACEMENT_3D('',#65590,#65600,#65610);
#65630=CIRCLE('',#65620,0.2);
#65640=EDGE_CURVE('',#19920,#20330,#65630,.T.);
#65650=ORIENTED_EDGE('',*,*,#65640,.T.);
#65660=ORIENTED_EDGE('',*,*,#19930,.T.);
#65670=ORIENTED_EDGE('',*,*,#21040,.F.);
#65680=EDGE_LOOP('',(#65670,#65660,#65650,#65580));
#65690=FACE_OUTER_BOUND('',#65680,.T.);
#65700=ADVANCED_FACE('',(#65690),#18520,.F.);
#65710=CARTESIAN_POINT('',(-0.767181,-2.030469,5.9));
#65720=DIRECTION('',(1.,-1.83690953073357E-16,-6.12303176911189E-17));
#65730=DIRECTION('',(1.83690953073357E-16,1.,-1.49966072182214E-32));
#65740=AXIS2_PLACEMENT_3D('',#65710,#65720,#65730);
#65750=PLANE('',#65740);
#65760=ORIENTED_EDGE('',*,*,#20340,.T.);
#65770=ORIENTED_EDGE('',*,*,#18280,.T.);
#65780=ORIENTED_EDGE('',*,*,#17660,.T.);
#65790=ORIENTED_EDGE('',*,*,#17340,.T.);
#65800=CARTESIAN_POINT('',(-0.767181,-1.630469,5.6));
#65810=DIRECTION('',(6.12303176911189E-17,-2.73691106313441E-48,1.));
#65820=VECTOR('',#65810,1.);
#65830=LINE('',#65800,#65820);
#65840=EDGE_CURVE('',#19920,#17240,#65830,.T.);
#65850=ORIENTED_EDGE('',*,*,#65840,.T.);
#65860=ORIENTED_EDGE('',*,*,#65640,.F.);
#65870=EDGE_LOOP('',(#65860,#65850,#65790,#65780,#65770,#65760));
#65880=FACE_OUTER_BOUND('',#65870,.T.);
#65890=ADVANCED_FACE('',(#65880),#65750,.T.);
#65900=CARTESIAN_POINT('',(-0.748576102355523,-1.630469,6.05172605561637
));
#65910=DIRECTION('',(1.83690953073357E-16,1.,-1.1247455413666E-32));
#65920=DIRECTION('',(-6.12303176911189E-17,2.73691106313441E-48,-1.));
#65930=AXIS2_PLACEMENT_3D('',#65900,#65910,#65920);
#65940=PLANE('',#65930);
#65950=ORIENTED_EDGE('',*,*,#65010,.F.);
#65960=ORIENTED_EDGE('',*,*,#19990,.F.);
#65970=ORIENTED_EDGE('',*,*,#65840,.F.);
#65980=ORIENTED_EDGE('',*,*,#21450,.T.);
#65990=EDGE_LOOP('',(#65980,#65970,#65960,#65950));
#66000=FACE_OUTER_BOUND('',#65990,.T.);
#66010=ADVANCED_FACE('',(#66000),#65940,.F.);
#66020=CARTESIAN_POINT('',(-1.817181,2.2253313986453E-16,5.6));
#66030=DIRECTION('',(-1.83690953073357E-16,-1.,8.83363139618221E-33));
#66040=DIRECTION('',(-1.,1.83690953073357E-16,1.22460635382238E-16));
#66050=AXIS2_PLACEMENT_3D('',#66020,#66030,#66040);
#66060=CYLINDRICAL_SURFACE('',#66050,0.2);
#66070=ORIENTED_EDGE('',*,*,#7000,.F.);
#66080=ORIENTED_EDGE('',*,*,#15910,.F.);
#66090=ORIENTED_EDGE('',*,*,#14380,.T.);
#66100=ORIENTED_EDGE('',*,*,#14120,.T.);
#66110=EDGE_LOOP('',(#66100,#66090,#66080,#66070));
#66120=FACE_OUTER_BOUND('',#66110,.T.);
#66130=ADVANCED_FACE('',(#66120),#66060,.F.);
#66140=ORIENTED_EDGE('',*,*,#14250,.F.);
#66150=ORIENTED_EDGE('',*,*,#14990,.T.);
#66160=ORIENTED_EDGE('',*,*,#49630,.T.);
#66170=ORIENTED_EDGE('',*,*,#50710,.T.);
#66180=EDGE_LOOP('',(#66170,#66160,#66150,#66140));
#66190=FACE_OUTER_BOUND('',#66180,.T.);
#66200=ADVANCED_FACE('',(#66190),#63810,.F.);
#66210=CARTESIAN_POINT('',(-1.717181,-2.5104714,5.41));
#66220=DIRECTION('',(0.,0.,-1.));
#66230=DIRECTION('',(1.,0.,0.));
#66240=AXIS2_PLACEMENT_3D('',#66210,#66220,#66230);
#66250=PLANE('',#66240);
#66260=ORIENTED_EDGE('',*,*,#49460,.F.);
#66270=ORIENTED_EDGE('',*,*,#49700,.T.);
#66280=ORIENTED_EDGE('',*,*,#14850,.T.);
#66290=ORIENTED_EDGE('',*,*,#14620,.F.);
#66300=EDGE_LOOP('',(#66290,#66280,#66270,#66260));
#66310=FACE_OUTER_BOUND('',#66300,.T.);
#66320=ADVANCED_FACE('',(#66310),#66250,.T.);
#66330=CARTESIAN_POINT('',(-1.74283400696028,0.669531,5.31548965498549))
;
#66340=DIRECTION('',(-1.83690953073357E-16,-1.,1.1247455413666E-32));
#66350=DIRECTION('',(-1.,1.83690953073357E-16,6.12303176911189E-17));
#66360=AXIS2_PLACEMENT_3D('',#66330,#66340,#66350);
#66370=PLANE('',#66360);
#66380=ORIENTED_EDGE('',*,*,#15840,.F.);
#66390=CARTESIAN_POINT('',(-1.667181,0.669531,-9.375));
#66400=DIRECTION('',(-6.12303176911188E-17,-6.16297582203916E-33,-1.));
#66410=VECTOR('',#66400,1.);
#66420=LINE('',#66390,#66410);
#66430=CARTESIAN_POINT('',(-1.667181,0.669531,5.2));
#66440=VERTEX_POINT('',#66430);
#66450=EDGE_CURVE('',#15770,#66440,#66420,.T.);
#66460=ORIENTED_EDGE('',*,*,#66450,.F.);
#66470=CARTESIAN_POINT('',(0.,0.669531,5.2));
#66480=DIRECTION('',(-1.,1.83690953073357E-16,0.));
#66490=VECTOR('',#66480,1.);
#66500=LINE('',#66470,#66490);
#66510=EDGE_CURVE('',#66440,#49110,#66500,.T.);
#66520=ORIENTED_EDGE('',*,*,#66510,.F.);
#66530=ORIENTED_EDGE('',*,*,#49120,.F.);
#66540=EDGE_LOOP('',(#66530,#66520,#66460,#66380));
#66550=FACE_OUTER_BOUND('',#66540,.T.);
#66560=ADVANCED_FACE('',(#66550),#66370,.T.);
#66570=ORIENTED_EDGE('',*,*,#25990,.T.);
#66580=ORIENTED_EDGE('',*,*,#49140,.T.);
#66590=ORIENTED_EDGE('',*,*,#66510,.T.);
#66600=CARTESIAN_POINT('',(-1.667181,0.,5.2));
#66610=DIRECTION('',(1.83690953073357E-16,1.,0.));
#66620=VECTOR('',#66610,1.);
#66630=LINE('',#66600,#66620);
#66640=EDGE_CURVE('',#25980,#66440,#66630,.T.);
#66650=ORIENTED_EDGE('',*,*,#66640,.T.);
#66660=EDGE_LOOP('',(#66650,#66590,#66580,#66570));
#66670=FACE_OUTER_BOUND('',#66660,.T.);
#66680=ADVANCED_FACE('',(#66670),#21950,.F.);
#66690=CARTESIAN_POINT('',(-1.667181,-0.0304690000000002,5.2));
#66700=DIRECTION('',(-1.,1.83690953073357E-16,6.12303176911188E-17));
#66710=DIRECTION('',(-1.83690953073357E-16,-1.,1.49966072182214E-32));
#66720=AXIS2_PLACEMENT_3D('',#66690,#66700,#66710);
#66730=PLANE('',#66720);
#66740=ORIENTED_EDGE('',*,*,#66450,.T.);
#66750=ORIENTED_EDGE('',*,*,#15780,.T.);
#66760=ORIENTED_EDGE('',*,*,#26050,.T.);
#66770=ORIENTED_EDGE('',*,*,#66640,.F.);
#66780=EDGE_LOOP('',(#66770,#66760,#66750,#66740));
#66790=FACE_OUTER_BOUND('',#66780,.T.);
#66800=ADVANCED_FACE('',(#66790),#66730,.T.);
#66810=ORIENTED_EDGE('',*,*,#59570,.F.);
#66820=ORIENTED_EDGE('',*,*,#58770,.F.);
#66830=ORIENTED_EDGE('',*,*,#59210,.F.);
#66840=ORIENTED_EDGE('',*,*,#58960,.T.);
#66850=EDGE_LOOP('',(#66840,#66830,#66820,#66810));
#66860=FACE_OUTER_BOUND('',#66850,.T.);
#66870=ADVANCED_FACE('',(#66860),#58680,.T.);
#66880=ORIENTED_EDGE('',*,*,#59190,.T.);
#66890=ORIENTED_EDGE('',*,*,#59460,.F.);
#66900=ORIENTED_EDGE('',*,*,#59290,.F.);
#66910=ORIENTED_EDGE('',*,*,#59030,.T.);
#66920=EDGE_LOOP('',(#66910,#66900,#66890,#66880));
#66930=FACE_OUTER_BOUND('',#66920,.T.);
#66940=ADVANCED_FACE('',(#66930),#59120,.T.);
#66950=CLOSED_SHELL('',(#22220,#22640,#23200,#23830,#24400,#24800,#25200
,#25520,#25850,#26160,#26560,#26800,#27590,#28060,#28210,#28590,#28810,
#29120,#29430,#29740,#30140,#30310,#30620,#30790,#31030,#31780,#32180,
#32490,#32610,#32920,#33230,#33470,#33870,#34220,#34870,#35040,#35160,
#35330,#35520,#35830,#36050,#36550,#36790,#36910,#37080,#37390,#37790,
#38090,#38210,#38390,#38560,#38970,#39140,#39380,#39550,#40440,#41240,
#41460,#41770,#42090,#42310,#42460,#42710,#42960,#43270,#43380,#43580,
#43900,#43970,#44620,#44740,#44800,#45040,#45790,#45910,#46080,#46250,
#46370,#46680,#46850,#47020,#47270,#47390,#47600,#47770,#47890,#48060,
#48180,#48300,#48420,#48570,#48640,#48810,#48930,#49000,#49510,#49890,
#50200,#51020,#51260,#51380,#51730,#51900,#52320,#52630,#52950,#53140,
#53260,#53380,#53620,#53860,#54110,#54340,#55280,#55760,#56240,#56550,
#56840,#57080,#57250,#57420,#57590,#57710,#57930,#58050,#58120,#58360,
#58630,#59070,#59400,#59510,#59760,#59880,#59950,#60490,#60710,#60820,
#61220,#61530,#62020,#62190,#62700,#62940,#63110,#63350,#63590,#63760,
#63880,#64050,#64220,#64340,#64510,#64630,#64700,#64760,#64880,#65130,
#65200,#65330,#65450,#65570,#65700,#65890,#66010,#66130,#66200,#66320,
#66560,#66680,#66800,#66870,#66940,#810,#1370,#2090,#2510,#2620,#3020,
#3240,#3610,#3920,#4740,#4860,#5170,#5480,#5790,#6010,#6180,#6350,#7430,
#9380,#9500,#9690,#10000,#10710,#11020,#11400,#11710,#11880,#12120,
#12390,#12510,#12630,#12750,#13060,#13390,#13610,#13920,#14160,#14720,
#15030,#17110,#17530,#18160,#18470,#18890,#19690,#20050,#20520,#21240,
#21510,#21750,#21830,#21900));
#66960=MANIFOLD_SOLID_BREP('',#66950);
#66970=CARTESIAN_POINT('',(0.,0.,0.));
#66980=DIRECTION('',(0.,0.,1.));
#66990=DIRECTION('',(1.,0.,0.));
#67000=AXIS2_PLACEMENT_3D('',#66970,#66980,#66990);
#67010=APPLICATION_CONTEXT(' ');
#67020=APPLICATION_PROTOCOL_DEFINITION(' ','automotive_design',1998,
#67010);
#67030=MECHANICAL_CONTEXT('',#67010,'mechanical');
#67040=PRODUCT_DEFINITION_CONTEXT('part definition',#67010,'design');
#67050=PRODUCT('DF13-2P-1.25V','DF13-2P-1.25V','',(#67030));
#67060=PRODUCT_TYPE('part',' ',(#67050));
#67070=PRODUCT_DEFINITION_FORMATION_WITH_SPECIFIED_SOURCE('','',#67050,
.BOUGHT.);
#67080=PRODUCT_DEFINITION('',' ',#67070,#67040);
#67090=PRODUCT_DEFINITION_SHAPE('','',#67080);
#67100=DIMENSIONAL_EXPONENTS(1.,0.,0.,0.,0.,0.,0.);
#67110=DIMENSIONAL_EXPONENTS(0.,0.,0.,0.,0.,0.,0.);
#67120=DIMENSIONAL_EXPONENTS(0.,0.,0.,0.,0.,0.,0.);
#67130=(LENGTH_UNIT() NAMED_UNIT(*) SI_UNIT(.MILLI.,.METRE.));
#67140=(NAMED_UNIT(*) PLANE_ANGLE_UNIT() SI_UNIT($,.RADIAN.));
#67150=(NAMED_UNIT(*) SI_UNIT($,.STERADIAN.) SOLID_ANGLE_UNIT());
#67160=(GEOMETRIC_REPRESENTATION_CONTEXT(3) 
GLOBAL_UNCERTAINTY_ASSIGNED_CONTEXT((#67170)) 
GLOBAL_UNIT_ASSIGNED_CONTEXT((#67130,#67140,#67150)) 
REPRESENTATION_CONTEXT('',''));
#67170=UNCERTAINTY_MEASURE_WITH_UNIT(LENGTH_MEASURE(1.E-6),#67130,
'distance_accuracy_value','maximum gap value');
#67180=ADVANCED_BREP_SHAPE_REPRESENTATION('',(#67000,#66960),#67160);
#67190=SHAPE_DEFINITION_REPRESENTATION(#67090,#67180);
#67200=COLOUR_RGB('',1.,1.,0.533333361148834);
#67210=FILL_AREA_STYLE_COLOUR('',#67200);
#67220=FILL_AREA_STYLE('',(#67210));
#67230=SURFACE_STYLE_FILL_AREA(#67220);
#67240=SURFACE_SIDE_STYLE('',(#67230));
#67250=SURFACE_STYLE_USAGE(.BOTH.,#67240);
#67260=PRESENTATION_STYLE_ASSIGNMENT((#67250));
#67270=STYLED_ITEM('',(#67260),#66960);
#67280=MECHANICAL_DESIGN_GEOMETRIC_PRESENTATION_REPRESENTATION('',(
#67270),#67160);
#67290=CARTESIAN_POINT('',(0.,25.,0.));
#67300=DIRECTION('',(0.,0.,1.));
#67310=DIRECTION('',(1.,0.,0.));
#67320=AXIS2_PLACEMENT_3D('',#67290,#67300,#67310);
#67330=ITEM_DEFINED_TRANSFORMATION('DF13-2P-1.25V','',#67000,#67320);
#67340=APPLICATION_CONTEXT(' ');
#67350=APPLICATION_PROTOCOL_DEFINITION(' ','automotive_design',1998,
#67340);
#67360=MECHANICAL_CONTEXT('',#67340,'mechanical');
#67370=PRODUCT_DEFINITION_CONTEXT('part definition',#67340,'design');
#67380=PRODUCT('DF13-2P-1.25V','DF13-2P-1.25V','',(#67360));
#67390=PRODUCT_TYPE('part',' ',(#67380));
#67400=PRODUCT_DEFINITION_FORMATION_WITH_SPECIFIED_SOURCE('','',#67380,
.BOUGHT.);
#67410=PRODUCT_DEFINITION('',' ',#67400,#67370);
#67420=PRODUCT_DEFINITION_SHAPE('','',#67410);
#67430=DIMENSIONAL_EXPONENTS(1.,0.,0.,0.,0.,0.,0.);
#67440=DIMENSIONAL_EXPONENTS(0.,0.,0.,0.,0.,0.,0.);
#67450=DIMENSIONAL_EXPONENTS(0.,0.,0.,0.,0.,0.,0.);
#67460=(LENGTH_UNIT() NAMED_UNIT(*) SI_UNIT(.MILLI.,.METRE.));
#67470=(NAMED_UNIT(*) PLANE_ANGLE_UNIT() SI_UNIT($,.RADIAN.));
#67480=(NAMED_UNIT(*) SI_UNIT($,.STERADIAN.) SOLID_ANGLE_UNIT());
#67490=(GEOMETRIC_REPRESENTATION_CONTEXT(3) 
GLOBAL_UNCERTAINTY_ASSIGNED_CONTEXT((#67500)) 
GLOBAL_UNIT_ASSIGNED_CONTEXT((#67460,#67470,#67480)) 
REPRESENTATION_CONTEXT('',''));
#67500=UNCERTAINTY_MEASURE_WITH_UNIT(LENGTH_MEASURE(1.E-6),#67460,
'distance_accuracy_value','maximum gap value');
#67510=SHAPE_REPRESENTATION('',(#67000,#67320),#67490);
#67520=SHAPE_DEFINITION_REPRESENTATION(#67420,#67510);
#67530=(REPRESENTATION_RELATIONSHIP('','',#67180,#67510) 
REPRESENTATION_RELATIONSHIP_WITH_TRANSFORMATION(#67330) 
SHAPE_REPRESENTATION_RELATIONSHIP());
#67540=NEXT_ASSEMBLY_USAGE_OCCURRENCE('1','','DF13-2P-1.25V',#67410,
#67080,'');
#67550=PRODUCT_DEFINITION_SHAPE('','',#67540);
#67560=CONTEXT_DEPENDENT_SHAPE_REPRESENTATION(#67530,#67550);
ENDSEC;
END-ISO-10303-21;

