ISO-10303-21;
HEADER;
FILE_DESCRIPTION(('STEP AP242'),'1');
FILE_NAME('df13-8p-1_25dsa_25_.stp','2025-08-20T15:53:45',('TraceParts'),('TraceParts S.A.'),'Spatial InterOp 3D',' ',' ');
FILE_SCHEMA(('AP242_MANAGED_MODEL_BASED_3D_ENGINEERING_MIM_LF  {1 0 10303 442 1 1 4}'));
ENDSEC;
DATA;
#1=MECHANICAL_DESIGN_GEOMETRIC_PRESENTATION_REPRESENTATION(' ',(#10),#6);
#2=PRODUCT_DEFINITION_CONTEXT('',#11,'design');
#3=APPLICATION_PROTOCOL_DEFINITION('INTERNATIONAL STANDARD','ap242_managed_model_based_3d_engineering',2014,#11);
#4=PRODUCT_CATEGORY_RELATIONSHIP('NONE','NONE',#12,#13);
#5=SHAPE_DEFINITION_REPRESENTATION(#14,#15);
#6= (GEOMETRIC_REPRESENTATION_CONTEXT(3)GLOBAL_UNCERTAINTY_ASSIGNED_CONTEXT((#18))GLOBAL_UNIT_ASSIGNED_CONTEXT((#20,#21,#22))REPRESENTATION_CONTEXT('NONE','WORKSPACE'));
#10=STYLED_ITEM('',(#24),#25);
#11=APPLICATION_CONTEXT('managed model based 3d engineering');
#12=PRODUCT_CATEGORY('part','NONE');
#13=PRODUCT_RELATED_PRODUCT_CATEGORY('detail',' ',(#26));
#14=PRODUCT_DEFINITION_SHAPE('NONE','NONE',#27);
#15=ADVANCED_BREP_SHAPE_REPRESENTATION('DF13-8P-1.25DSA|1#DF13-8P-1.25DSA;DF13-8P-1.25DSA',(#25,#28),#6);
#18=UNCERTAINTY_MEASURE_WITH_UNIT(LENGTH_MEASURE(1.0E-06),#20,'','');
#20= (CONVERSION_BASED_UNIT('MILLIMETRE',#31)LENGTH_UNIT()NAMED_UNIT(#34));
#21= (NAMED_UNIT(#36)PLANE_ANGLE_UNIT()SI_UNIT($,.RADIAN.));
#22= (NAMED_UNIT(#36)SOLID_ANGLE_UNIT()SI_UNIT($,.STERADIAN.));
#24=PRESENTATION_STYLE_ASSIGNMENT((#42));
#25=MANIFOLD_SOLID_BREP('DF13-8P-1.25DSA|1#DF13-8P-1.25DSA;DF13-8P-1.25DSA',#43);
#26=PRODUCT('DF13-8P-1.25DSA|1#DF13-8P-1.25DSA;DF13-8P-1.25DSA','','PART--DESC',(#44));
#27=PRODUCT_DEFINITION('','NONE',#45,#2);
#28=AXIS2_PLACEMENT_3D('',#46,#47,#48);
#31=LENGTH_MEASURE_WITH_UNIT(LENGTH_MEASURE(1.0),#49);
#34=DIMENSIONAL_EXPONENTS(1.0,0.0,0.0,0.0,0.0,0.0,0.0);
#36=DIMENSIONAL_EXPONENTS(0.0,0.0,0.0,0.0,0.0,0.0,0.0);
#42=SURFACE_STYLE_USAGE(.BOTH.,#50);
#43=CLOSED_SHELL('',(#51,#52,#53,#54,#55,#56,#57,#58,#59,#60,#61,#62,#63,#64,#65,#66,#67,#68,#69,#70,#71,#72,#73,#74,#75,#76,#77,#78,#79,#80,#81,#82,#83,#84,#85,#86,#87,#88,#89,#90,#91,#92,#93,#94,#95,#96,#97,#98,#99,#100,#101,#102,#103,#104,#105,#106,#107,#108,#109,#110,#111,#112,#113,#114,#115,#116,#117,#118,#119,#120,#121,#122,#123,#124,#125,#126,#127,#128,#129,#130,#131,#132,#133,#134,#135,#136,#137,#138,#139,#140,#141,#142,#143,#144,#145,#146,#147,#148,#149,#150,#151,#152,#153,#154,#155,#156,#157,#158,#159,#160,#161,#162,#163,#164,#165,#166,#167,#168,#169,#170,#171,#172,#173,#174,#175,#176,#177,#178,#179,#180,#181,#182,#183,#184,#185,#186,#187,#188,#189,#190,#191,#192,#193,#194,#195,#196,#197,#198,#199,#200,#201,#202,#203,#204,#205,#206,#207,#208,#209,#210,#211,#212,#213,#214,#215,#216));
#44=PRODUCT_CONTEXT('',#11,'mechanical');
#45=PRODUCT_DEFINITION_FORMATION_WITH_SPECIFIED_SOURCE(' ','NONE',#26,.NOT_KNOWN.);
#46=CARTESIAN_POINT('',(0.0,0.0,0.0));
#47=DIRECTION('',(0.0,0.0,1.0));
#48=DIRECTION('',(1.0,0.0,0.0));
#49= (NAMED_UNIT(#34)LENGTH_UNIT()SI_UNIT(.MILLI.,.METRE.));
#50=SURFACE_SIDE_STYLE('',(#218));
#51=ADVANCED_FACE('',(#219),#220,.F.);
#52=ADVANCED_FACE('',(#221),#222,.F.);
#53=ADVANCED_FACE('',(#223),#224,.F.);
#54=ADVANCED_FACE('',(#225),#226,.T.);
#55=ADVANCED_FACE('',(#227),#228,.T.);
#56=ADVANCED_FACE('',(#229),#230,.F.);
#57=ADVANCED_FACE('',(#231),#232,.F.);
#58=ADVANCED_FACE('',(#233),#234,.T.);
#59=ADVANCED_FACE('',(#235),#236,.F.);
#60=ADVANCED_FACE('',(#237),#238,.F.);
#61=ADVANCED_FACE('',(#239),#240,.F.);
#62=ADVANCED_FACE('',(#241,#242,#243,#244,#245,#246,#247,#248,#249),#250,.F.);
#63=ADVANCED_FACE('',(#251),#252,.T.);
#64=ADVANCED_FACE('',(#253),#254,.F.);
#65=ADVANCED_FACE('',(#255),#256,.F.);
#66=ADVANCED_FACE('',(#257),#258,.F.);
#67=ADVANCED_FACE('',(#259),#260,.F.);
#68=ADVANCED_FACE('',(#261),#262,.T.);
#69=ADVANCED_FACE('',(#263),#264,.T.);
#70=ADVANCED_FACE('',(#265),#266,.F.);
#71=ADVANCED_FACE('',(#267),#268,.F.);
#72=ADVANCED_FACE('',(#269),#270,.F.);
#73=ADVANCED_FACE('',(#271),#272,.T.);
#74=ADVANCED_FACE('',(#273),#274,.T.);
#75=ADVANCED_FACE('',(#275),#276,.F.);
#76=ADVANCED_FACE('',(#277),#278,.F.);
#77=ADVANCED_FACE('',(#279),#280,.F.);
#78=ADVANCED_FACE('',(#281),#282,.T.);
#79=ADVANCED_FACE('',(#283),#284,.T.);
#80=ADVANCED_FACE('',(#285),#286,.F.);
#81=ADVANCED_FACE('',(#287),#288,.T.);
#82=ADVANCED_FACE('',(#289),#290,.F.);
#83=ADVANCED_FACE('',(#291),#292,.F.);
#84=ADVANCED_FACE('',(#293),#294,.F.);
#85=ADVANCED_FACE('',(#295),#296,.T.);
#86=ADVANCED_FACE('',(#297),#298,.F.);
#87=ADVANCED_FACE('',(#299),#300,.F.);
#88=ADVANCED_FACE('',(#301),#302,.T.);
#89=ADVANCED_FACE('',(#303),#304,.F.);
#90=ADVANCED_FACE('',(#305),#306,.T.);
#91=ADVANCED_FACE('',(#307),#308,.F.);
#92=ADVANCED_FACE('',(#309),#310,.F.);
#93=ADVANCED_FACE('',(#311),#312,.F.);
#94=ADVANCED_FACE('',(#313),#314,.T.);
#95=ADVANCED_FACE('',(#315),#316,.T.);
#96=ADVANCED_FACE('',(#317),#318,.T.);
#97=ADVANCED_FACE('',(#319),#320,.T.);
#98=ADVANCED_FACE('',(#321),#322,.T.);
#99=ADVANCED_FACE('',(#323),#324,.F.);
#100=ADVANCED_FACE('',(#325),#326,.T.);
#101=ADVANCED_FACE('',(#327),#328,.T.);
#102=ADVANCED_FACE('',(#329),#330,.F.);
#103=ADVANCED_FACE('',(#331),#332,.T.);
#104=ADVANCED_FACE('',(#333),#334,.F.);
#105=ADVANCED_FACE('',(#335,#336,#337,#338,#339,#340,#341,#342,#343),#344,.F.);
#106=ADVANCED_FACE('',(#345),#346,.T.);
#107=ADVANCED_FACE('',(#347),#348,.F.);
#108=ADVANCED_FACE('',(#349),#350,.T.);
#109=ADVANCED_FACE('',(#351),#352,.F.);
#110=ADVANCED_FACE('',(#353),#354,.T.);
#111=ADVANCED_FACE('',(#355),#356,.F.);
#112=ADVANCED_FACE('',(#357),#358,.F.);
#113=ADVANCED_FACE('',(#359),#360,.T.);
#114=ADVANCED_FACE('',(#361),#362,.T.);
#115=ADVANCED_FACE('',(#363),#364,.T.);
#116=ADVANCED_FACE('',(#365),#366,.T.);
#117=ADVANCED_FACE('',(#367),#368,.F.);
#118=ADVANCED_FACE('',(#369),#370,.F.);
#119=ADVANCED_FACE('',(#371),#372,.F.);
#120=ADVANCED_FACE('',(#373),#374,.F.);
#121=ADVANCED_FACE('',(#375),#376,.F.);
#122=ADVANCED_FACE('',(#377),#378,.T.);
#123=ADVANCED_FACE('',(#379),#380,.F.);
#124=ADVANCED_FACE('',(#381),#382,.T.);
#125=ADVANCED_FACE('',(#383),#384,.F.);
#126=ADVANCED_FACE('',(#385),#386,.F.);
#127=ADVANCED_FACE('',(#387),#388,.F.);
#128=ADVANCED_FACE('',(#389),#390,.F.);
#129=ADVANCED_FACE('',(#391),#392,.T.);
#130=ADVANCED_FACE('',(#393),#394,.F.);
#131=ADVANCED_FACE('',(#395),#396,.F.);
#132=ADVANCED_FACE('',(#397),#398,.T.);
#133=ADVANCED_FACE('',(#399),#400,.F.);
#134=ADVANCED_FACE('',(#401),#402,.F.);
#135=ADVANCED_FACE('',(#403),#404,.F.);
#136=ADVANCED_FACE('',(#405),#406,.F.);
#137=ADVANCED_FACE('',(#407),#408,.F.);
#138=ADVANCED_FACE('',(#409),#410,.T.);
#139=ADVANCED_FACE('',(#411),#412,.F.);
#140=ADVANCED_FACE('',(#413),#414,.F.);
#141=ADVANCED_FACE('',(#415),#416,.T.);
#142=ADVANCED_FACE('',(#417),#418,.T.);
#143=ADVANCED_FACE('',(#419),#420,.T.);
#144=ADVANCED_FACE('',(#421),#422,.F.);
#145=ADVANCED_FACE('',(#423),#424,.F.);
#146=ADVANCED_FACE('',(#425),#426,.F.);
#147=ADVANCED_FACE('',(#427),#428,.F.);
#148=ADVANCED_FACE('',(#429),#430,.F.);
#149=ADVANCED_FACE('',(#431),#432,.F.);
#150=ADVANCED_FACE('',(#433),#434,.T.);
#151=ADVANCED_FACE('',(#435),#436,.F.);
#152=ADVANCED_FACE('',(#437),#438,.F.);
#153=ADVANCED_FACE('',(#439),#440,.F.);
#154=ADVANCED_FACE('',(#441),#442,.T.);
#155=ADVANCED_FACE('',(#443),#444,.T.);
#156=ADVANCED_FACE('',(#445),#446,.F.);
#157=ADVANCED_FACE('',(#447),#448,.F.);
#158=ADVANCED_FACE('',(#449),#450,.F.);
#159=ADVANCED_FACE('',(#451),#452,.T.);
#160=ADVANCED_FACE('',(#453),#454,.T.);
#161=ADVANCED_FACE('',(#455),#456,.T.);
#162=ADVANCED_FACE('',(#457),#458,.F.);
#163=ADVANCED_FACE('',(#459),#460,.F.);
#164=ADVANCED_FACE('',(#461),#462,.F.);
#165=ADVANCED_FACE('',(#463),#464,.F.);
#166=ADVANCED_FACE('',(#465),#466,.F.);
#167=ADVANCED_FACE('',(#467),#468,.F.);
#168=ADVANCED_FACE('',(#469),#470,.T.);
#169=ADVANCED_FACE('',(#471),#472,.T.);
#170=ADVANCED_FACE('',(#473),#474,.T.);
#171=ADVANCED_FACE('',(#475),#476,.F.);
#172=ADVANCED_FACE('',(#477),#478,.F.);
#173=ADVANCED_FACE('',(#479),#480,.F.);
#174=ADVANCED_FACE('',(#481),#482,.F.);
#175=ADVANCED_FACE('',(#483),#484,.T.);
#176=ADVANCED_FACE('',(#485),#486,.F.);
#177=ADVANCED_FACE('',(#487),#488,.T.);
#178=ADVANCED_FACE('',(#489),#490,.F.);
#179=ADVANCED_FACE('',(#491),#492,.F.);
#180=ADVANCED_FACE('',(#493),#494,.T.);
#181=ADVANCED_FACE('',(#495),#496,.T.);
#182=ADVANCED_FACE('',(#497),#498,.T.);
#183=ADVANCED_FACE('',(#499),#500,.F.);
#184=ADVANCED_FACE('',(#501),#502,.F.);
#185=ADVANCED_FACE('',(#503),#504,.T.);
#186=ADVANCED_FACE('',(#505),#506,.F.);
#187=ADVANCED_FACE('',(#507),#508,.T.);
#188=ADVANCED_FACE('',(#509),#510,.F.);
#189=ADVANCED_FACE('',(#511),#512,.F.);
#190=ADVANCED_FACE('',(#513),#514,.T.);
#191=ADVANCED_FACE('',(#515),#516,.F.);
#192=ADVANCED_FACE('',(#517),#518,.F.);
#193=ADVANCED_FACE('',(#519),#520,.T.);
#194=ADVANCED_FACE('',(#521),#522,.T.);
#195=ADVANCED_FACE('',(#523),#524,.F.);
#196=ADVANCED_FACE('',(#525),#526,.T.);
#197=ADVANCED_FACE('',(#527),#528,.F.);
#198=ADVANCED_FACE('',(#529),#530,.F.);
#199=ADVANCED_FACE('',(#531),#532,.T.);
#200=ADVANCED_FACE('',(#533),#534,.F.);
#201=ADVANCED_FACE('',(#535),#536,.F.);
#202=ADVANCED_FACE('',(#537),#538,.T.);
#203=ADVANCED_FACE('',(#539),#540,.T.);
#204=ADVANCED_FACE('',(#541),#542,.F.);
#205=ADVANCED_FACE('',(#543),#544,.T.);
#206=ADVANCED_FACE('',(#545),#546,.F.);
#207=ADVANCED_FACE('',(#547),#548,.F.);
#208=ADVANCED_FACE('',(#549),#550,.T.);
#209=ADVANCED_FACE('',(#551),#552,.F.);
#210=ADVANCED_FACE('',(#553),#554,.F.);
#211=ADVANCED_FACE('',(#555),#556,.T.);
#212=ADVANCED_FACE('',(#557),#558,.T.);
#213=ADVANCED_FACE('',(#559),#560,.F.);
#214=ADVANCED_FACE('',(#561),#562,.T.);
#215=ADVANCED_FACE('',(#563),#564,.F.);
#216=ADVANCED_FACE('',(#565),#566,.F.);
#218=SURFACE_STYLE_FILL_AREA(#567);
#219=FACE_OUTER_BOUND('',#568,.T.);
#220=PLANE('',#569);
#221=FACE_OUTER_BOUND('',#570,.T.);
#222=PLANE('',#571);
#223=FACE_OUTER_BOUND('',#572,.T.);
#224=PLANE('',#573);
#225=FACE_OUTER_BOUND('',#574,.T.);
#226=PLANE('',#575);
#227=FACE_OUTER_BOUND('',#576,.T.);
#228=PLANE('',#577);
#229=FACE_OUTER_BOUND('',#578,.T.);
#230=PLANE('',#579);
#231=FACE_OUTER_BOUND('',#580,.T.);
#232=PLANE('',#581);
#233=FACE_OUTER_BOUND('',#582,.T.);
#234=PLANE('',#583);
#235=FACE_OUTER_BOUND('',#584,.T.);
#236=PLANE('',#585);
#237=FACE_OUTER_BOUND('',#586,.T.);
#238=PLANE('',#587);
#239=FACE_OUTER_BOUND('',#588,.T.);
#240=PLANE('',#589);
#241=FACE_OUTER_BOUND('',#590,.T.);
#242=FACE_BOUND('',#591,.T.);
#243=FACE_BOUND('',#592,.T.);
#244=FACE_BOUND('',#593,.T.);
#245=FACE_BOUND('',#594,.T.);
#246=FACE_BOUND('',#595,.T.);
#247=FACE_BOUND('',#596,.T.);
#248=FACE_BOUND('',#597,.T.);
#249=FACE_BOUND('',#598,.T.);
#250=PLANE('',#599);
#251=FACE_OUTER_BOUND('',#600,.T.);
#252=PLANE('',#601);
#253=FACE_OUTER_BOUND('',#602,.T.);
#254=PLANE('',#603);
#255=FACE_OUTER_BOUND('',#604,.T.);
#256=PLANE('',#605);
#257=FACE_OUTER_BOUND('',#606,.T.);
#258=PLANE('',#607);
#259=FACE_OUTER_BOUND('',#608,.T.);
#260=PLANE('',#609);
#261=FACE_OUTER_BOUND('',#610,.T.);
#262=PLANE('',#611);
#263=FACE_OUTER_BOUND('',#612,.T.);
#264=PLANE('',#613);
#265=FACE_OUTER_BOUND('',#614,.T.);
#266=PLANE('',#615);
#267=FACE_OUTER_BOUND('',#616,.T.);
#268=PLANE('',#617);
#269=FACE_OUTER_BOUND('',#618,.T.);
#270=PLANE('',#619);
#271=FACE_OUTER_BOUND('',#620,.T.);
#272=PLANE('',#621);
#273=FACE_OUTER_BOUND('',#622,.T.);
#274=PLANE('',#623);
#275=FACE_OUTER_BOUND('',#624,.T.);
#276=PLANE('',#625);
#277=FACE_OUTER_BOUND('',#626,.T.);
#278=PLANE('',#627);
#279=FACE_OUTER_BOUND('',#628,.T.);
#280=PLANE('',#629);
#281=FACE_OUTER_BOUND('',#630,.T.);
#282=PLANE('',#631);
#283=FACE_OUTER_BOUND('',#632,.T.);
#284=PLANE('',#633);
#285=FACE_OUTER_BOUND('',#634,.T.);
#286=PLANE('',#635);
#287=FACE_OUTER_BOUND('',#636,.T.);
#288=PLANE('',#637);
#289=FACE_OUTER_BOUND('',#638,.T.);
#290=PLANE('',#639);
#291=FACE_OUTER_BOUND('',#640,.T.);
#292=PLANE('',#641);
#293=FACE_OUTER_BOUND('',#642,.T.);
#294=PLANE('',#643);
#295=FACE_OUTER_BOUND('',#644,.T.);
#296=PLANE('',#645);
#297=FACE_OUTER_BOUND('',#646,.T.);
#298=PLANE('',#647);
#299=FACE_OUTER_BOUND('',#648,.T.);
#300=PLANE('',#649);
#301=FACE_OUTER_BOUND('',#650,.T.);
#302=PLANE('',#651);
#303=FACE_OUTER_BOUND('',#652,.T.);
#304=PLANE('',#653);
#305=FACE_OUTER_BOUND('',#654,.T.);
#306=PLANE('',#655);
#307=FACE_OUTER_BOUND('',#656,.T.);
#308=PLANE('',#657);
#309=FACE_OUTER_BOUND('',#658,.T.);
#310=PLANE('',#659);
#311=FACE_OUTER_BOUND('',#660,.T.);
#312=PLANE('',#661);
#313=FACE_OUTER_BOUND('',#662,.T.);
#314=PLANE('',#663);
#315=FACE_OUTER_BOUND('',#664,.T.);
#316=PLANE('',#665);
#317=FACE_OUTER_BOUND('',#666,.T.);
#318=PLANE('',#667);
#319=FACE_OUTER_BOUND('',#668,.T.);
#320=PLANE('',#669);
#321=FACE_OUTER_BOUND('',#670,.T.);
#322=PLANE('',#671);
#323=FACE_OUTER_BOUND('',#672,.T.);
#324=PLANE('',#673);
#325=FACE_OUTER_BOUND('',#674,.T.);
#326=PLANE('',#675);
#327=FACE_OUTER_BOUND('',#676,.T.);
#328=PLANE('',#677);
#329=FACE_OUTER_BOUND('',#678,.T.);
#330=PLANE('',#679);
#331=FACE_OUTER_BOUND('',#680,.T.);
#332=PLANE('',#681);
#333=FACE_OUTER_BOUND('',#682,.T.);
#334=PLANE('',#683);
#335=FACE_OUTER_BOUND('',#684,.T.);
#336=FACE_BOUND('',#685,.T.);
#337=FACE_BOUND('',#686,.T.);
#338=FACE_BOUND('',#687,.T.);
#339=FACE_BOUND('',#688,.T.);
#340=FACE_BOUND('',#689,.T.);
#341=FACE_BOUND('',#690,.T.);
#342=FACE_BOUND('',#691,.T.);
#343=FACE_BOUND('',#692,.T.);
#344=PLANE('',#693);
#345=FACE_OUTER_BOUND('',#694,.T.);
#346=PLANE('',#695);
#347=FACE_OUTER_BOUND('',#696,.T.);
#348=PLANE('',#697);
#349=FACE_OUTER_BOUND('',#698,.T.);
#350=PLANE('',#699);
#351=FACE_OUTER_BOUND('',#700,.T.);
#352=PLANE('',#701);
#353=FACE_OUTER_BOUND('',#702,.T.);
#354=PLANE('',#703);
#355=FACE_OUTER_BOUND('',#704,.T.);
#356=PLANE('',#705);
#357=FACE_OUTER_BOUND('',#706,.T.);
#358=PLANE('',#707);
#359=FACE_OUTER_BOUND('',#708,.T.);
#360=PLANE('',#709);
#361=FACE_OUTER_BOUND('',#710,.T.);
#362=PLANE('',#711);
#363=FACE_OUTER_BOUND('',#712,.T.);
#364=PLANE('',#713);
#365=FACE_OUTER_BOUND('',#714,.T.);
#366=PLANE('',#715);
#367=FACE_OUTER_BOUND('',#716,.T.);
#368=PLANE('',#717);
#369=FACE_OUTER_BOUND('',#718,.T.);
#370=PLANE('',#719);
#371=FACE_OUTER_BOUND('',#720,.T.);
#372=PLANE('',#721);
#373=FACE_OUTER_BOUND('',#722,.T.);
#374=PLANE('',#723);
#375=FACE_OUTER_BOUND('',#724,.T.);
#376=PLANE('',#725);
#377=FACE_OUTER_BOUND('',#726,.T.);
#378=PLANE('',#727);
#379=FACE_OUTER_BOUND('',#728,.T.);
#380=PLANE('',#729);
#381=FACE_OUTER_BOUND('',#730,.T.);
#382=PLANE('',#731);
#383=FACE_OUTER_BOUND('',#732,.T.);
#384=PLANE('',#733);
#385=FACE_OUTER_BOUND('',#734,.T.);
#386=PLANE('',#735);
#387=FACE_OUTER_BOUND('',#736,.T.);
#388=PLANE('',#737);
#389=FACE_OUTER_BOUND('',#738,.T.);
#390=PLANE('',#739);
#391=FACE_OUTER_BOUND('',#740,.T.);
#392=PLANE('',#741);
#393=FACE_OUTER_BOUND('',#742,.T.);
#394=PLANE('',#743);
#395=FACE_OUTER_BOUND('',#744,.T.);
#396=PLANE('',#745);
#397=FACE_OUTER_BOUND('',#746,.T.);
#398=PLANE('',#747);
#399=FACE_OUTER_BOUND('',#748,.T.);
#400=PLANE('',#749);
#401=FACE_OUTER_BOUND('',#750,.T.);
#402=PLANE('',#751);
#403=FACE_OUTER_BOUND('',#752,.T.);
#404=PLANE('',#753);
#405=FACE_OUTER_BOUND('',#754,.T.);
#406=PLANE('',#755);
#407=FACE_OUTER_BOUND('',#756,.T.);
#408=PLANE('',#757);
#409=FACE_OUTER_BOUND('',#758,.T.);
#410=PLANE('',#759);
#411=FACE_OUTER_BOUND('',#760,.T.);
#412=PLANE('',#761);
#413=FACE_OUTER_BOUND('',#762,.T.);
#414=PLANE('',#763);
#415=FACE_OUTER_BOUND('',#764,.T.);
#416=PLANE('',#765);
#417=FACE_OUTER_BOUND('',#766,.T.);
#418=PLANE('',#767);
#419=FACE_OUTER_BOUND('',#768,.T.);
#420=PLANE('',#769);
#421=FACE_OUTER_BOUND('',#770,.T.);
#422=PLANE('',#771);
#423=FACE_OUTER_BOUND('',#772,.T.);
#424=PLANE('',#773);
#425=FACE_OUTER_BOUND('',#774,.T.);
#426=PLANE('',#775);
#427=FACE_OUTER_BOUND('',#776,.T.);
#428=PLANE('',#777);
#429=FACE_OUTER_BOUND('',#778,.T.);
#430=PLANE('',#779);
#431=FACE_OUTER_BOUND('',#780,.T.);
#432=PLANE('',#781);
#433=FACE_OUTER_BOUND('',#782,.T.);
#434=PLANE('',#783);
#435=FACE_OUTER_BOUND('',#784,.T.);
#436=PLANE('',#785);
#437=FACE_OUTER_BOUND('',#786,.T.);
#438=PLANE('',#787);
#439=FACE_OUTER_BOUND('',#788,.T.);
#440=PLANE('',#789);
#441=FACE_OUTER_BOUND('',#790,.T.);
#442=PLANE('',#791);
#443=FACE_OUTER_BOUND('',#792,.T.);
#444=PLANE('',#793);
#445=FACE_OUTER_BOUND('',#794,.T.);
#446=PLANE('',#795);
#447=FACE_OUTER_BOUND('',#796,.T.);
#448=PLANE('',#797);
#449=FACE_OUTER_BOUND('',#798,.T.);
#450=PLANE('',#799);
#451=FACE_OUTER_BOUND('',#800,.T.);
#452=PLANE('',#801);
#453=FACE_OUTER_BOUND('',#802,.T.);
#454=PLANE('',#803);
#455=FACE_OUTER_BOUND('',#804,.T.);
#456=PLANE('',#805);
#457=FACE_OUTER_BOUND('',#806,.T.);
#458=PLANE('',#807);
#459=FACE_OUTER_BOUND('',#808,.T.);
#460=PLANE('',#809);
#461=FACE_OUTER_BOUND('',#810,.T.);
#462=PLANE('',#811);
#463=FACE_OUTER_BOUND('',#812,.T.);
#464=PLANE('',#813);
#465=FACE_OUTER_BOUND('',#814,.T.);
#466=PLANE('',#815);
#467=FACE_OUTER_BOUND('',#816,.T.);
#468=PLANE('',#817);
#469=FACE_OUTER_BOUND('',#818,.T.);
#470=PLANE('',#819);
#471=FACE_OUTER_BOUND('',#820,.T.);
#472=PLANE('',#821);
#473=FACE_OUTER_BOUND('',#822,.T.);
#474=PLANE('',#823);
#475=FACE_OUTER_BOUND('',#824,.T.);
#476=PLANE('',#825);
#477=FACE_OUTER_BOUND('',#826,.T.);
#478=PLANE('',#827);
#479=FACE_OUTER_BOUND('',#828,.T.);
#480=PLANE('',#829);
#481=FACE_OUTER_BOUND('',#830,.T.);
#482=PLANE('',#831);
#483=FACE_OUTER_BOUND('',#832,.T.);
#484=PLANE('',#833);
#485=FACE_OUTER_BOUND('',#834,.T.);
#486=PLANE('',#835);
#487=FACE_OUTER_BOUND('',#836,.T.);
#488=PLANE('',#837);
#489=FACE_OUTER_BOUND('',#838,.T.);
#490=PLANE('',#839);
#491=FACE_OUTER_BOUND('',#840,.T.);
#492=PLANE('',#841);
#493=FACE_OUTER_BOUND('',#842,.T.);
#494=PLANE('',#843);
#495=FACE_OUTER_BOUND('',#844,.T.);
#496=PLANE('',#845);
#497=FACE_OUTER_BOUND('',#846,.T.);
#498=PLANE('',#847);
#499=FACE_OUTER_BOUND('',#848,.T.);
#500=PLANE('',#849);
#501=FACE_OUTER_BOUND('',#850,.T.);
#502=PLANE('',#851);
#503=FACE_OUTER_BOUND('',#852,.T.);
#504=PLANE('',#853);
#505=FACE_OUTER_BOUND('',#854,.T.);
#506=PLANE('',#855);
#507=FACE_OUTER_BOUND('',#856,.T.);
#508=PLANE('',#857);
#509=FACE_OUTER_BOUND('',#858,.T.);
#510=PLANE('',#859);
#511=FACE_OUTER_BOUND('',#860,.T.);
#512=PLANE('',#861);
#513=FACE_OUTER_BOUND('',#862,.T.);
#514=PLANE('',#863);
#515=FACE_OUTER_BOUND('',#864,.T.);
#516=PLANE('',#865);
#517=FACE_OUTER_BOUND('',#866,.T.);
#518=PLANE('',#867);
#519=FACE_OUTER_BOUND('',#868,.T.);
#520=PLANE('',#869);
#521=FACE_OUTER_BOUND('',#870,.T.);
#522=PLANE('',#871);
#523=FACE_OUTER_BOUND('',#872,.T.);
#524=PLANE('',#873);
#525=FACE_OUTER_BOUND('',#874,.T.);
#526=PLANE('',#875);
#527=FACE_OUTER_BOUND('',#876,.T.);
#528=PLANE('',#877);
#529=FACE_OUTER_BOUND('',#878,.T.);
#530=PLANE('',#879);
#531=FACE_OUTER_BOUND('',#880,.T.);
#532=PLANE('',#881);
#533=FACE_OUTER_BOUND('',#882,.T.);
#534=PLANE('',#883);
#535=FACE_OUTER_BOUND('',#884,.T.);
#536=PLANE('',#885);
#537=FACE_OUTER_BOUND('',#886,.T.);
#538=PLANE('',#887);
#539=FACE_OUTER_BOUND('',#888,.T.);
#540=PLANE('',#889);
#541=FACE_OUTER_BOUND('',#890,.T.);
#542=PLANE('',#891);
#543=FACE_OUTER_BOUND('',#892,.T.);
#544=PLANE('',#893);
#545=FACE_OUTER_BOUND('',#894,.T.);
#546=PLANE('',#895);
#547=FACE_OUTER_BOUND('',#896,.T.);
#548=PLANE('',#897);
#549=FACE_OUTER_BOUND('',#898,.T.);
#550=PLANE('',#899);
#551=FACE_OUTER_BOUND('',#900,.T.);
#552=PLANE('',#901);
#553=FACE_OUTER_BOUND('',#902,.T.);
#554=PLANE('',#903);
#555=FACE_OUTER_BOUND('',#904,.T.);
#556=PLANE('',#905);
#557=FACE_OUTER_BOUND('',#906,.T.);
#558=PLANE('',#907);
#559=FACE_OUTER_BOUND('',#908,.T.);
#560=PLANE('',#909);
#561=FACE_OUTER_BOUND('',#910,.T.);
#562=PLANE('',#911);
#563=FACE_OUTER_BOUND('',#912,.T.);
#564=PLANE('',#913);
#565=FACE_OUTER_BOUND('',#914,.T.);
#566=PLANE('',#915);
#567=FILL_AREA_STYLE('',(#916));
#568=EDGE_LOOP('',(#917,#918,#919,#920));
#569=AXIS2_PLACEMENT_3D('',#921,#922,#923);
#570=EDGE_LOOP('',(#924,#925,#926,#927));
#571=AXIS2_PLACEMENT_3D('',#928,#929,#930);
#572=EDGE_LOOP('',(#931,#932,#933,#934));
#573=AXIS2_PLACEMENT_3D('',#935,#936,#937);
#574=EDGE_LOOP('',(#938,#939,#940,#941));
#575=AXIS2_PLACEMENT_3D('',#942,#943,#944);
#576=EDGE_LOOP('',(#945,#946,#947,#948));
#577=AXIS2_PLACEMENT_3D('',#949,#950,#951);
#578=EDGE_LOOP('',(#952,#953,#954,#955));
#579=AXIS2_PLACEMENT_3D('',#956,#957,#958);
#580=EDGE_LOOP('',(#959,#960,#961,#962));
#581=AXIS2_PLACEMENT_3D('',#963,#964,#965);
#582=EDGE_LOOP('',(#966,#967,#968,#969));
#583=AXIS2_PLACEMENT_3D('',#970,#971,#972);
#584=EDGE_LOOP('',(#973,#974,#975,#976));
#585=AXIS2_PLACEMENT_3D('',#977,#978,#979);
#586=EDGE_LOOP('',(#980,#981,#982,#983));
#587=AXIS2_PLACEMENT_3D('',#984,#985,#986);
#588=EDGE_LOOP('',(#987,#988,#989,#990));
#589=AXIS2_PLACEMENT_3D('',#991,#992,#993);
#590=EDGE_LOOP('',(#994,#995,#996,#997));
#591=EDGE_LOOP('',(#998,#999,#1000,#1001));
#592=EDGE_LOOP('',(#1002,#1003,#1004,#1005));
#593=EDGE_LOOP('',(#1006,#1007,#1008,#1009));
#594=EDGE_LOOP('',(#1010,#1011,#1012,#1013));
#595=EDGE_LOOP('',(#1014,#1015,#1016,#1017));
#596=EDGE_LOOP('',(#1018,#1019,#1020,#1021));
#597=EDGE_LOOP('',(#1022,#1023,#1024,#1025));
#598=EDGE_LOOP('',(#1026,#1027,#1028,#1029));
#599=AXIS2_PLACEMENT_3D('',#1030,#1031,#1032);
#600=EDGE_LOOP('',(#1033,#1034,#1035,#1036));
#601=AXIS2_PLACEMENT_3D('',#1037,#1038,#1039);
#602=EDGE_LOOP('',(#1040,#1041,#1042,#1043));
#603=AXIS2_PLACEMENT_3D('',#1044,#1045,#1046);
#604=EDGE_LOOP('',(#1047,#1048,#1049,#1050));
#605=AXIS2_PLACEMENT_3D('',#1051,#1052,#1053);
#606=EDGE_LOOP('',(#1054,#1055,#1056,#1057));
#607=AXIS2_PLACEMENT_3D('',#1058,#1059,#1060);
#608=EDGE_LOOP('',(#1061,#1062,#1063,#1064));
#609=AXIS2_PLACEMENT_3D('',#1065,#1066,#1067);
#610=EDGE_LOOP('',(#1068,#1069,#1070,#1071));
#611=AXIS2_PLACEMENT_3D('',#1072,#1073,#1074);
#612=EDGE_LOOP('',(#1075,#1076,#1077,#1078));
#613=AXIS2_PLACEMENT_3D('',#1079,#1080,#1081);
#614=EDGE_LOOP('',(#1082,#1083,#1084,#1085));
#615=AXIS2_PLACEMENT_3D('',#1086,#1087,#1088);
#616=EDGE_LOOP('',(#1089,#1090,#1091,#1092));
#617=AXIS2_PLACEMENT_3D('',#1093,#1094,#1095);
#618=EDGE_LOOP('',(#1096,#1097,#1098,#1099));
#619=AXIS2_PLACEMENT_3D('',#1100,#1101,#1102);
#620=EDGE_LOOP('',(#1103,#1104,#1105,#1106));
#621=AXIS2_PLACEMENT_3D('',#1107,#1108,#1109);
#622=EDGE_LOOP('',(#1110,#1111,#1112,#1113));
#623=AXIS2_PLACEMENT_3D('',#1114,#1115,#1116);
#624=EDGE_LOOP('',(#1117,#1118,#1119,#1120));
#625=AXIS2_PLACEMENT_3D('',#1121,#1122,#1123);
#626=EDGE_LOOP('',(#1124,#1125,#1126,#1127));
#627=AXIS2_PLACEMENT_3D('',#1128,#1129,#1130);
#628=EDGE_LOOP('',(#1131,#1132,#1133,#1134));
#629=AXIS2_PLACEMENT_3D('',#1135,#1136,#1137);
#630=EDGE_LOOP('',(#1138,#1139,#1140,#1141));
#631=AXIS2_PLACEMENT_3D('',#1142,#1143,#1144);
#632=EDGE_LOOP('',(#1145,#1146,#1147,#1148));
#633=AXIS2_PLACEMENT_3D('',#1149,#1150,#1151);
#634=EDGE_LOOP('',(#1152,#1153,#1154,#1155));
#635=AXIS2_PLACEMENT_3D('',#1156,#1157,#1158);
#636=EDGE_LOOP('',(#1159,#1160,#1161,#1162));
#637=AXIS2_PLACEMENT_3D('',#1163,#1164,#1165);
#638=EDGE_LOOP('',(#1166,#1167,#1168,#1169));
#639=AXIS2_PLACEMENT_3D('',#1170,#1171,#1172);
#640=EDGE_LOOP('',(#1173,#1174,#1175,#1176));
#641=AXIS2_PLACEMENT_3D('',#1177,#1178,#1179);
#642=EDGE_LOOP('',(#1180,#1181,#1182,#1183));
#643=AXIS2_PLACEMENT_3D('',#1184,#1185,#1186);
#644=EDGE_LOOP('',(#1187,#1188,#1189,#1190));
#645=AXIS2_PLACEMENT_3D('',#1191,#1192,#1193);
#646=EDGE_LOOP('',(#1194,#1195,#1196,#1197,#1198,#1199,#1200,#1201));
#647=AXIS2_PLACEMENT_3D('',#1202,#1203,#1204);
#648=EDGE_LOOP('',(#1205,#1206,#1207,#1208));
#649=AXIS2_PLACEMENT_3D('',#1209,#1210,#1211);
#650=EDGE_LOOP('',(#1212,#1213,#1214,#1215));
#651=AXIS2_PLACEMENT_3D('',#1216,#1217,#1218);
#652=EDGE_LOOP('',(#1219,#1220,#1221,#1222));
#653=AXIS2_PLACEMENT_3D('',#1223,#1224,#1225);
#654=EDGE_LOOP('',(#1226,#1227,#1228,#1229));
#655=AXIS2_PLACEMENT_3D('',#1230,#1231,#1232);
#656=EDGE_LOOP('',(#1233,#1234,#1235,#1236));
#657=AXIS2_PLACEMENT_3D('',#1237,#1238,#1239);
#658=EDGE_LOOP('',(#1240,#1241,#1242,#1243));
#659=AXIS2_PLACEMENT_3D('',#1244,#1245,#1246);
#660=EDGE_LOOP('',(#1247,#1248,#1249,#1250));
#661=AXIS2_PLACEMENT_3D('',#1251,#1252,#1253);
#662=EDGE_LOOP('',(#1254,#1255,#1256,#1257));
#663=AXIS2_PLACEMENT_3D('',#1258,#1259,#1260);
#664=EDGE_LOOP('',(#1261,#1262,#1263,#1264));
#665=AXIS2_PLACEMENT_3D('',#1265,#1266,#1267);
#666=EDGE_LOOP('',(#1268,#1269,#1270,#1271));
#667=AXIS2_PLACEMENT_3D('',#1272,#1273,#1274);
#668=EDGE_LOOP('',(#1275,#1276,#1277,#1278));
#669=AXIS2_PLACEMENT_3D('',#1279,#1280,#1281);
#670=EDGE_LOOP('',(#1282,#1283,#1284,#1285));
#671=AXIS2_PLACEMENT_3D('',#1286,#1287,#1288);
#672=EDGE_LOOP('',(#1289,#1290,#1291,#1292));
#673=AXIS2_PLACEMENT_3D('',#1293,#1294,#1295);
#674=EDGE_LOOP('',(#1296,#1297,#1298,#1299));
#675=AXIS2_PLACEMENT_3D('',#1300,#1301,#1302);
#676=EDGE_LOOP('',(#1303,#1304,#1305,#1306));
#677=AXIS2_PLACEMENT_3D('',#1307,#1308,#1309);
#678=EDGE_LOOP('',(#1310,#1311,#1312,#1313));
#679=AXIS2_PLACEMENT_3D('',#1314,#1315,#1316);
#680=EDGE_LOOP('',(#1317,#1318,#1319,#1320));
#681=AXIS2_PLACEMENT_3D('',#1321,#1322,#1323);
#682=EDGE_LOOP('',(#1324,#1325,#1326,#1327));
#683=AXIS2_PLACEMENT_3D('',#1328,#1329,#1330);
#684=EDGE_LOOP('',(#1331,#1332,#1333,#1334));
#685=EDGE_LOOP('',(#1335,#1336,#1337,#1338));
#686=EDGE_LOOP('',(#1339,#1340,#1341,#1342));
#687=EDGE_LOOP('',(#1343,#1344,#1345,#1346));
#688=EDGE_LOOP('',(#1347,#1348,#1349,#1350));
#689=EDGE_LOOP('',(#1351,#1352,#1353,#1354));
#690=EDGE_LOOP('',(#1355,#1356,#1357,#1358));
#691=EDGE_LOOP('',(#1359,#1360,#1361,#1362));
#692=EDGE_LOOP('',(#1363,#1364,#1365,#1366));
#693=AXIS2_PLACEMENT_3D('',#1367,#1368,#1369);
#694=EDGE_LOOP('',(#1370,#1371,#1372,#1373));
#695=AXIS2_PLACEMENT_3D('',#1374,#1375,#1376);
#696=EDGE_LOOP('',(#1377,#1378,#1379,#1380));
#697=AXIS2_PLACEMENT_3D('',#1381,#1382,#1383);
#698=EDGE_LOOP('',(#1384,#1385,#1386,#1387,#1388,#1389,#1390,#1391));
#699=AXIS2_PLACEMENT_3D('',#1392,#1393,#1394);
#700=EDGE_LOOP('',(#1395,#1396,#1397,#1398,#1399,#1400));
#701=AXIS2_PLACEMENT_3D('',#1401,#1402,#1403);
#702=EDGE_LOOP('',(#1404,#1405,#1406,#1407));
#703=AXIS2_PLACEMENT_3D('',#1408,#1409,#1410);
#704=EDGE_LOOP('',(#1411,#1412,#1413,#1414,#1415,#1416,#1417,#1418));
#705=AXIS2_PLACEMENT_3D('',#1419,#1420,#1421);
#706=EDGE_LOOP('',(#1422,#1423,#1424,#1425));
#707=AXIS2_PLACEMENT_3D('',#1426,#1427,#1428);
#708=EDGE_LOOP('',(#1429,#1430,#1431,#1432));
#709=AXIS2_PLACEMENT_3D('',#1433,#1434,#1435);
#710=EDGE_LOOP('',(#1436,#1437,#1438,#1439));
#711=AXIS2_PLACEMENT_3D('',#1440,#1441,#1442);
#712=EDGE_LOOP('',(#1443,#1444,#1445,#1446));
#713=AXIS2_PLACEMENT_3D('',#1447,#1448,#1449);
#714=EDGE_LOOP('',(#1450,#1451,#1452,#1453));
#715=AXIS2_PLACEMENT_3D('',#1454,#1455,#1456);
#716=EDGE_LOOP('',(#1457,#1458,#1459,#1460));
#717=AXIS2_PLACEMENT_3D('',#1461,#1462,#1463);
#718=EDGE_LOOP('',(#1464,#1465,#1466,#1467));
#719=AXIS2_PLACEMENT_3D('',#1468,#1469,#1470);
#720=EDGE_LOOP('',(#1471,#1472,#1473,#1474));
#721=AXIS2_PLACEMENT_3D('',#1475,#1476,#1477);
#722=EDGE_LOOP('',(#1478,#1479,#1480,#1481));
#723=AXIS2_PLACEMENT_3D('',#1482,#1483,#1484);
#724=EDGE_LOOP('',(#1485,#1486,#1487,#1488));
#725=AXIS2_PLACEMENT_3D('',#1489,#1490,#1491);
#726=EDGE_LOOP('',(#1492,#1493,#1494,#1495));
#727=AXIS2_PLACEMENT_3D('',#1496,#1497,#1498);
#728=EDGE_LOOP('',(#1499,#1500,#1501,#1502));
#729=AXIS2_PLACEMENT_3D('',#1503,#1504,#1505);
#730=EDGE_LOOP('',(#1506,#1507,#1508,#1509));
#731=AXIS2_PLACEMENT_3D('',#1510,#1511,#1512);
#732=EDGE_LOOP('',(#1513,#1514,#1515,#1516));
#733=AXIS2_PLACEMENT_3D('',#1517,#1518,#1519);
#734=EDGE_LOOP('',(#1520,#1521,#1522,#1523));
#735=AXIS2_PLACEMENT_3D('',#1524,#1525,#1526);
#736=EDGE_LOOP('',(#1527,#1528,#1529,#1530));
#737=AXIS2_PLACEMENT_3D('',#1531,#1532,#1533);
#738=EDGE_LOOP('',(#1534,#1535,#1536,#1537));
#739=AXIS2_PLACEMENT_3D('',#1538,#1539,#1540);
#740=EDGE_LOOP('',(#1541,#1542,#1543,#1544));
#741=AXIS2_PLACEMENT_3D('',#1545,#1546,#1547);
#742=EDGE_LOOP('',(#1548,#1549,#1550,#1551));
#743=AXIS2_PLACEMENT_3D('',#1552,#1553,#1554);
#744=EDGE_LOOP('',(#1555,#1556,#1557,#1558));
#745=AXIS2_PLACEMENT_3D('',#1559,#1560,#1561);
#746=EDGE_LOOP('',(#1562,#1563,#1564,#1565));
#747=AXIS2_PLACEMENT_3D('',#1566,#1567,#1568);
#748=EDGE_LOOP('',(#1569,#1570,#1571,#1572));
#749=AXIS2_PLACEMENT_3D('',#1573,#1574,#1575);
#750=EDGE_LOOP('',(#1576,#1577,#1578,#1579));
#751=AXIS2_PLACEMENT_3D('',#1580,#1581,#1582);
#752=EDGE_LOOP('',(#1583,#1584,#1585,#1586));
#753=AXIS2_PLACEMENT_3D('',#1587,#1588,#1589);
#754=EDGE_LOOP('',(#1590,#1591,#1592,#1593));
#755=AXIS2_PLACEMENT_3D('',#1594,#1595,#1596);
#756=EDGE_LOOP('',(#1597,#1598,#1599,#1600));
#757=AXIS2_PLACEMENT_3D('',#1601,#1602,#1603);
#758=EDGE_LOOP('',(#1604,#1605,#1606,#1607));
#759=AXIS2_PLACEMENT_3D('',#1608,#1609,#1610);
#760=EDGE_LOOP('',(#1611,#1612,#1613,#1614));
#761=AXIS2_PLACEMENT_3D('',#1615,#1616,#1617);
#762=EDGE_LOOP('',(#1618,#1619,#1620,#1621));
#763=AXIS2_PLACEMENT_3D('',#1622,#1623,#1624);
#764=EDGE_LOOP('',(#1625,#1626,#1627,#1628));
#765=AXIS2_PLACEMENT_3D('',#1629,#1630,#1631);
#766=EDGE_LOOP('',(#1632,#1633,#1634,#1635));
#767=AXIS2_PLACEMENT_3D('',#1636,#1637,#1638);
#768=EDGE_LOOP('',(#1639,#1640,#1641,#1642));
#769=AXIS2_PLACEMENT_3D('',#1643,#1644,#1645);
#770=EDGE_LOOP('',(#1646,#1647,#1648,#1649));
#771=AXIS2_PLACEMENT_3D('',#1650,#1651,#1652);
#772=EDGE_LOOP('',(#1653,#1654,#1655,#1656));
#773=AXIS2_PLACEMENT_3D('',#1657,#1658,#1659);
#774=EDGE_LOOP('',(#1660,#1661,#1662,#1663));
#775=AXIS2_PLACEMENT_3D('',#1664,#1665,#1666);
#776=EDGE_LOOP('',(#1667,#1668,#1669,#1670));
#777=AXIS2_PLACEMENT_3D('',#1671,#1672,#1673);
#778=EDGE_LOOP('',(#1674,#1675,#1676,#1677));
#779=AXIS2_PLACEMENT_3D('',#1678,#1679,#1680);
#780=EDGE_LOOP('',(#1681,#1682,#1683,#1684));
#781=AXIS2_PLACEMENT_3D('',#1685,#1686,#1687);
#782=EDGE_LOOP('',(#1688,#1689,#1690,#1691));
#783=AXIS2_PLACEMENT_3D('',#1692,#1693,#1694);
#784=EDGE_LOOP('',(#1695,#1696,#1697,#1698));
#785=AXIS2_PLACEMENT_3D('',#1699,#1700,#1701);
#786=EDGE_LOOP('',(#1702,#1703,#1704,#1705));
#787=AXIS2_PLACEMENT_3D('',#1706,#1707,#1708);
#788=EDGE_LOOP('',(#1709,#1710,#1711,#1712));
#789=AXIS2_PLACEMENT_3D('',#1713,#1714,#1715);
#790=EDGE_LOOP('',(#1716,#1717,#1718,#1719));
#791=AXIS2_PLACEMENT_3D('',#1720,#1721,#1722);
#792=EDGE_LOOP('',(#1723,#1724,#1725,#1726));
#793=AXIS2_PLACEMENT_3D('',#1727,#1728,#1729);
#794=EDGE_LOOP('',(#1730,#1731,#1732,#1733));
#795=AXIS2_PLACEMENT_3D('',#1734,#1735,#1736);
#796=EDGE_LOOP('',(#1737,#1738,#1739,#1740));
#797=AXIS2_PLACEMENT_3D('',#1741,#1742,#1743);
#798=EDGE_LOOP('',(#1744,#1745,#1746,#1747));
#799=AXIS2_PLACEMENT_3D('',#1748,#1749,#1750);
#800=EDGE_LOOP('',(#1751,#1752,#1753,#1754));
#801=AXIS2_PLACEMENT_3D('',#1755,#1756,#1757);
#802=EDGE_LOOP('',(#1758,#1759,#1760,#1761));
#803=AXIS2_PLACEMENT_3D('',#1762,#1763,#1764);
#804=EDGE_LOOP('',(#1765,#1766,#1767,#1768));
#805=AXIS2_PLACEMENT_3D('',#1769,#1770,#1771);
#806=EDGE_LOOP('',(#1772,#1773,#1774,#1775));
#807=AXIS2_PLACEMENT_3D('',#1776,#1777,#1778);
#808=EDGE_LOOP('',(#1779,#1780,#1781,#1782));
#809=AXIS2_PLACEMENT_3D('',#1783,#1784,#1785);
#810=EDGE_LOOP('',(#1786,#1787,#1788,#1789));
#811=AXIS2_PLACEMENT_3D('',#1790,#1791,#1792);
#812=EDGE_LOOP('',(#1793,#1794,#1795,#1796));
#813=AXIS2_PLACEMENT_3D('',#1797,#1798,#1799);
#814=EDGE_LOOP('',(#1800,#1801,#1802,#1803));
#815=AXIS2_PLACEMENT_3D('',#1804,#1805,#1806);
#816=EDGE_LOOP('',(#1807,#1808,#1809,#1810));
#817=AXIS2_PLACEMENT_3D('',#1811,#1812,#1813);
#818=EDGE_LOOP('',(#1814,#1815,#1816,#1817));
#819=AXIS2_PLACEMENT_3D('',#1818,#1819,#1820);
#820=EDGE_LOOP('',(#1821,#1822,#1823,#1824));
#821=AXIS2_PLACEMENT_3D('',#1825,#1826,#1827);
#822=EDGE_LOOP('',(#1828,#1829,#1830,#1831));
#823=AXIS2_PLACEMENT_3D('',#1832,#1833,#1834);
#824=EDGE_LOOP('',(#1835,#1836,#1837,#1838));
#825=AXIS2_PLACEMENT_3D('',#1839,#1840,#1841);
#826=EDGE_LOOP('',(#1842,#1843,#1844,#1845));
#827=AXIS2_PLACEMENT_3D('',#1846,#1847,#1848);
#828=EDGE_LOOP('',(#1849,#1850,#1851,#1852));
#829=AXIS2_PLACEMENT_3D('',#1853,#1854,#1855);
#830=EDGE_LOOP('',(#1856,#1857,#1858,#1859));
#831=AXIS2_PLACEMENT_3D('',#1860,#1861,#1862);
#832=EDGE_LOOP('',(#1863,#1864,#1865,#1866,#1867,#1868,#1869,#1870));
#833=AXIS2_PLACEMENT_3D('',#1871,#1872,#1873);
#834=EDGE_LOOP('',(#1874,#1875,#1876,#1877,#1878,#1879,#1880,#1881));
#835=AXIS2_PLACEMENT_3D('',#1882,#1883,#1884);
#836=EDGE_LOOP('',(#1885,#1886,#1887,#1888));
#837=AXIS2_PLACEMENT_3D('',#1889,#1890,#1891);
#838=EDGE_LOOP('',(#1892,#1893,#1894,#1895));
#839=AXIS2_PLACEMENT_3D('',#1896,#1897,#1898);
#840=EDGE_LOOP('',(#1899,#1900,#1901,#1902));
#841=AXIS2_PLACEMENT_3D('',#1903,#1904,#1905);
#842=EDGE_LOOP('',(#1906,#1907,#1908,#1909));
#843=AXIS2_PLACEMENT_3D('',#1910,#1911,#1912);
#844=EDGE_LOOP('',(#1913,#1914,#1915,#1916,#1917,#1918,#1919,#1920));
#845=AXIS2_PLACEMENT_3D('',#1921,#1922,#1923);
#846=EDGE_LOOP('',(#1924,#1925,#1926,#1927,#1928,#1929));
#847=AXIS2_PLACEMENT_3D('',#1930,#1931,#1932);
#848=EDGE_LOOP('',(#1933,#1934,#1935,#1936));
#849=AXIS2_PLACEMENT_3D('',#1937,#1938,#1939);
#850=EDGE_LOOP('',(#1940,#1941,#1942,#1943,#1944,#1945,#1946,#1947));
#851=AXIS2_PLACEMENT_3D('',#1948,#1949,#1950);
#852=EDGE_LOOP('',(#1951,#1952,#1953,#1954));
#853=AXIS2_PLACEMENT_3D('',#1955,#1956,#1957);
#854=EDGE_LOOP('',(#1958,#1959,#1960,#1961));
#855=AXIS2_PLACEMENT_3D('',#1962,#1963,#1964);
#856=EDGE_LOOP('',(#1965,#1966,#1967,#1968));
#857=AXIS2_PLACEMENT_3D('',#1969,#1970,#1971);
#858=EDGE_LOOP('',(#1972,#1973,#1974,#1975));
#859=AXIS2_PLACEMENT_3D('',#1976,#1977,#1978);
#860=EDGE_LOOP('',(#1979,#1980,#1981,#1982));
#861=AXIS2_PLACEMENT_3D('',#1983,#1984,#1985);
#862=EDGE_LOOP('',(#1986,#1987,#1988,#1989));
#863=AXIS2_PLACEMENT_3D('',#1990,#1991,#1992);
#864=EDGE_LOOP('',(#1993,#1994,#1995,#1996));
#865=AXIS2_PLACEMENT_3D('',#1997,#1998,#1999);
#866=EDGE_LOOP('',(#2000,#2001,#2002,#2003));
#867=AXIS2_PLACEMENT_3D('',#2004,#2005,#2006);
#868=EDGE_LOOP('',(#2007,#2008,#2009,#2010));
#869=AXIS2_PLACEMENT_3D('',#2011,#2012,#2013);
#870=EDGE_LOOP('',(#2014,#2015,#2016,#2017));
#871=AXIS2_PLACEMENT_3D('',#2018,#2019,#2020);
#872=EDGE_LOOP('',(#2021,#2022,#2023,#2024));
#873=AXIS2_PLACEMENT_3D('',#2025,#2026,#2027);
#874=EDGE_LOOP('',(#2028,#2029,#2030,#2031));
#875=AXIS2_PLACEMENT_3D('',#2032,#2033,#2034);
#876=EDGE_LOOP('',(#2035,#2036,#2037,#2038));
#877=AXIS2_PLACEMENT_3D('',#2039,#2040,#2041);
#878=EDGE_LOOP('',(#2042,#2043,#2044,#2045));
#879=AXIS2_PLACEMENT_3D('',#2046,#2047,#2048);
#880=EDGE_LOOP('',(#2049,#2050,#2051,#2052));
#881=AXIS2_PLACEMENT_3D('',#2053,#2054,#2055);
#882=EDGE_LOOP('',(#2056,#2057,#2058,#2059));
#883=AXIS2_PLACEMENT_3D('',#2060,#2061,#2062);
#884=EDGE_LOOP('',(#2063,#2064,#2065,#2066));
#885=AXIS2_PLACEMENT_3D('',#2067,#2068,#2069);
#886=EDGE_LOOP('',(#2070,#2071,#2072,#2073));
#887=AXIS2_PLACEMENT_3D('',#2074,#2075,#2076);
#888=EDGE_LOOP('',(#2077,#2078,#2079,#2080));
#889=AXIS2_PLACEMENT_3D('',#2081,#2082,#2083);
#890=EDGE_LOOP('',(#2084,#2085,#2086,#2087));
#891=AXIS2_PLACEMENT_3D('',#2088,#2089,#2090);
#892=EDGE_LOOP('',(#2091,#2092,#2093,#2094));
#893=AXIS2_PLACEMENT_3D('',#2095,#2096,#2097);
#894=EDGE_LOOP('',(#2098,#2099,#2100,#2101));
#895=AXIS2_PLACEMENT_3D('',#2102,#2103,#2104);
#896=EDGE_LOOP('',(#2105,#2106,#2107,#2108));
#897=AXIS2_PLACEMENT_3D('',#2109,#2110,#2111);
#898=EDGE_LOOP('',(#2112,#2113,#2114,#2115));
#899=AXIS2_PLACEMENT_3D('',#2116,#2117,#2118);
#900=EDGE_LOOP('',(#2119,#2120,#2121,#2122));
#901=AXIS2_PLACEMENT_3D('',#2123,#2124,#2125);
#902=EDGE_LOOP('',(#2126,#2127,#2128,#2129));
#903=AXIS2_PLACEMENT_3D('',#2130,#2131,#2132);
#904=EDGE_LOOP('',(#2133,#2134,#2135,#2136));
#905=AXIS2_PLACEMENT_3D('',#2137,#2138,#2139);
#906=EDGE_LOOP('',(#2140,#2141,#2142,#2143));
#907=AXIS2_PLACEMENT_3D('',#2144,#2145,#2146);
#908=EDGE_LOOP('',(#2147,#2148,#2149,#2150));
#909=AXIS2_PLACEMENT_3D('',#2151,#2152,#2153);
#910=EDGE_LOOP('',(#2154,#2155,#2156,#2157));
#911=AXIS2_PLACEMENT_3D('',#2158,#2159,#2160);
#912=EDGE_LOOP('',(#2161,#2162,#2163,#2164));
#913=AXIS2_PLACEMENT_3D('',#2165,#2166,#2167);
#914=EDGE_LOOP('',(#2168,#2169,#2170,#2171));
#915=AXIS2_PLACEMENT_3D('',#2172,#2173,#2174);
#916=FILL_AREA_STYLE_COLOUR('',#2175);
#917=ORIENTED_EDGE('',*,*,#2176,.T.);
#918=ORIENTED_EDGE('',*,*,#2177,.F.);
#919=ORIENTED_EDGE('',*,*,#2178,.F.);
#920=ORIENTED_EDGE('',*,*,#2179,.F.);
#921=CARTESIAN_POINT('',(-25.0064534779416,-1.26276840239229,-15.175));
#922=DIRECTION('',(0.0,0.0,1.0));
#923=DIRECTION('',(1.0,0.0,0.0));
#924=ORIENTED_EDGE('',*,*,#2180,.F.);
#925=ORIENTED_EDGE('',*,*,#2181,.T.);
#926=ORIENTED_EDGE('',*,*,#2179,.T.);
#927=ORIENTED_EDGE('',*,*,#2182,.T.);
#928=CARTESIAN_POINT('',(-25.202181,-6.130469,-15.175));
#929=DIRECTION('',(1.0,0.0,0.0));
#930=DIRECTION('',(0.0,1.0,0.0));
#931=ORIENTED_EDGE('',*,*,#2183,.F.);
#932=ORIENTED_EDGE('',*,*,#2184,.T.);
#933=ORIENTED_EDGE('',*,*,#2185,.F.);
#934=ORIENTED_EDGE('',*,*,#2186,.T.);
#935=CARTESIAN_POINT('',(-25.0064534779416,-1.26276840239229,-16.425));
#936=DIRECTION('',(0.0,0.0,1.0));
#937=DIRECTION('',(1.0,0.0,0.0));
#938=ORIENTED_EDGE('',*,*,#2187,.F.);
#939=ORIENTED_EDGE('',*,*,#2188,.T.);
#940=ORIENTED_EDGE('',*,*,#2189,.F.);
#941=ORIENTED_EDGE('',*,*,#2190,.T.);
#942=CARTESIAN_POINT('',(-24.852181,1.869531,-13.575));
#943=DIRECTION('',(0.970142500145332,0.242535625036333,0.0));
#944=DIRECTION('',(0.0,0.0,-1.0));
#945=ORIENTED_EDGE('',*,*,#2191,.F.);
#946=ORIENTED_EDGE('',*,*,#2192,.F.);
#947=ORIENTED_EDGE('',*,*,#2193,.T.);
#948=ORIENTED_EDGE('',*,*,#2194,.F.);
#949=CARTESIAN_POINT('',(-24.217181,2.769531,-21.7499976));
#950=DIRECTION('',(-1.0,-1.22460635382238E-16,0.0));
#951=DIRECTION('',(-1.22460635382238E-16,1.0,0.0));
#952=ORIENTED_EDGE('',*,*,#2195,.T.);
#953=ORIENTED_EDGE('',*,*,#2177,.T.);
#954=ORIENTED_EDGE('',*,*,#2196,.T.);
#955=ORIENTED_EDGE('',*,*,#2197,.F.);
#956=CARTESIAN_POINT('',(-24.852181,-0.761551108583667,-14.825));
#957=DIRECTION('',(-1.0,0.0,0.0));
#958=DIRECTION('',(0.0,0.0,1.0));
#959=ORIENTED_EDGE('',*,*,#2198,.T.);
#960=ORIENTED_EDGE('',*,*,#2199,.T.);
#961=ORIENTED_EDGE('',*,*,#2190,.F.);
#962=ORIENTED_EDGE('',*,*,#2200,.F.);
#963=CARTESIAN_POINT('',(-24.852181,-0.761551108583667,-13.575));
#964=DIRECTION('',(-1.0,0.0,0.0));
#965=DIRECTION('',(0.0,0.0,1.0));
#966=ORIENTED_EDGE('',*,*,#2201,.T.);
#967=ORIENTED_EDGE('',*,*,#2202,.F.);
#968=ORIENTED_EDGE('',*,*,#2203,.T.);
#969=ORIENTED_EDGE('',*,*,#2204,.F.);
#970=CARTESIAN_POINT('',(-27.6736834,-3.530469,-13.925));
#971=DIRECTION('',(-5.60976323348314E-18,-0.242535625036333,-0.970142500145332));
#972=DIRECTION('',(0.0,-0.970142500145332,0.242535625036333));
#973=ORIENTED_EDGE('',*,*,#2182,.F.);
#974=ORIENTED_EDGE('',*,*,#2205,.T.);
#975=ORIENTED_EDGE('',*,*,#2206,.F.);
#976=ORIENTED_EDGE('',*,*,#2207,.T.);
#977=CARTESIAN_POINT('',(-25.127181,-3.830469,-14.825));
#978=DIRECTION('',(0.970142500145332,0.242535625036333,0.0));
#979=DIRECTION('',(0.0,0.0,-1.0));
#980=ORIENTED_EDGE('',*,*,#2208,.T.);
#981=ORIENTED_EDGE('',*,*,#2209,.F.);
#982=ORIENTED_EDGE('',*,*,#2187,.T.);
#983=ORIENTED_EDGE('',*,*,#2210,.F.);
#984=CARTESIAN_POINT('',(-27.6736834,1.869531,-13.925));
#985=DIRECTION('',(5.60976323348314E-18,-0.242535625036333,0.970142500145332));
#986=DIRECTION('',(-1.0,-2.31296463463575E-17,0.0));
#987=ORIENTED_EDGE('',*,*,#2211,.F.);
#988=ORIENTED_EDGE('',*,*,#2212,.T.);
#989=ORIENTED_EDGE('',*,*,#2213,.T.);
#990=ORIENTED_EDGE('',*,*,#2214,.T.);
#991=CARTESIAN_POINT('',(-25.202181,-6.130469,-13.925));
#992=DIRECTION('',(1.0,0.0,0.0));
#993=DIRECTION('',(0.0,1.0,0.0));
#994=ORIENTED_EDGE('',*,*,#2215,.T.);
#995=ORIENTED_EDGE('',*,*,#2216,.T.);
#996=ORIENTED_EDGE('',*,*,#2217,.T.);
#997=ORIENTED_EDGE('',*,*,#2218,.F.);
#998=ORIENTED_EDGE('',*,*,#2181,.F.);
#999=ORIENTED_EDGE('',*,*,#2219,.T.);
#1000=ORIENTED_EDGE('',*,*,#2196,.F.);
#1001=ORIENTED_EDGE('',*,*,#2176,.F.);
#1002=ORIENTED_EDGE('',*,*,#2220,.F.);
#1003=ORIENTED_EDGE('',*,*,#2221,.T.);
#1004=ORIENTED_EDGE('',*,*,#2222,.F.);
#1005=ORIENTED_EDGE('',*,*,#2223,.F.);
#1006=ORIENTED_EDGE('',*,*,#2212,.F.);
#1007=ORIENTED_EDGE('',*,*,#2224,.T.);
#1008=ORIENTED_EDGE('',*,*,#2225,.F.);
#1009=ORIENTED_EDGE('',*,*,#2226,.F.);
#1010=ORIENTED_EDGE('',*,*,#2227,.F.);
#1011=ORIENTED_EDGE('',*,*,#2228,.T.);
#1012=ORIENTED_EDGE('',*,*,#2229,.F.);
#1013=ORIENTED_EDGE('',*,*,#2230,.F.);
#1014=ORIENTED_EDGE('',*,*,#2231,.F.);
#1015=ORIENTED_EDGE('',*,*,#2232,.T.);
#1016=ORIENTED_EDGE('',*,*,#2233,.F.);
#1017=ORIENTED_EDGE('',*,*,#2234,.F.);
#1018=ORIENTED_EDGE('',*,*,#2235,.F.);
#1019=ORIENTED_EDGE('',*,*,#2236,.F.);
#1020=ORIENTED_EDGE('',*,*,#2237,.F.);
#1021=ORIENTED_EDGE('',*,*,#2238,.T.);
#1022=ORIENTED_EDGE('',*,*,#2239,.F.);
#1023=ORIENTED_EDGE('',*,*,#2240,.T.);
#1024=ORIENTED_EDGE('',*,*,#2241,.F.);
#1025=ORIENTED_EDGE('',*,*,#2242,.F.);
#1026=ORIENTED_EDGE('',*,*,#2243,.F.);
#1027=ORIENTED_EDGE('',*,*,#2244,.T.);
#1028=ORIENTED_EDGE('',*,*,#2245,.F.);
#1029=ORIENTED_EDGE('',*,*,#2246,.F.);
#1030=CARTESIAN_POINT('',(-24.5000613700026,-1.530469,-8.4743375113588));
#1031=DIRECTION('',(-1.22460635382238E-16,1.0,0.0));
#1032=DIRECTION('',(1.0,1.22460635382238E-16,0.0));
#1033=ORIENTED_EDGE('',*,*,#2247,.F.);
#1034=ORIENTED_EDGE('',*,*,#2248,.T.);
#1035=ORIENTED_EDGE('',*,*,#2208,.F.);
#1036=ORIENTED_EDGE('',*,*,#2249,.T.);
#1037=CARTESIAN_POINT('',(-25.127181,2.169531,-13.575));
#1038=DIRECTION('',(-0.970142500145332,0.242535625036333,0.0));
#1039=DIRECTION('',(0.0,0.0,1.0));
#1040=ORIENTED_EDGE('',*,*,#2250,.T.);
#1041=ORIENTED_EDGE('',*,*,#2251,.T.);
#1042=ORIENTED_EDGE('',*,*,#2252,.F.);
#1043=ORIENTED_EDGE('',*,*,#2253,.F.);
#1044=CARTESIAN_POINT('',(-24.852181,-0.761551108583667,-12.325));
#1045=DIRECTION('',(-1.0,0.0,0.0));
#1046=DIRECTION('',(0.0,0.0,1.0));
#1047=ORIENTED_EDGE('',*,*,#2254,.T.);
#1048=ORIENTED_EDGE('',*,*,#2255,.F.);
#1049=ORIENTED_EDGE('',*,*,#2249,.F.);
#1050=ORIENTED_EDGE('',*,*,#2256,.T.);
#1051=CARTESIAN_POINT('',(-25.202181,-6.130469,-13.925));
#1052=DIRECTION('',(1.0,0.0,0.0));
#1053=DIRECTION('',(0.0,1.0,0.0));
#1054=ORIENTED_EDGE('',*,*,#2257,.T.);
#1055=ORIENTED_EDGE('',*,*,#2258,.F.);
#1056=ORIENTED_EDGE('',*,*,#2259,.T.);
#1057=ORIENTED_EDGE('',*,*,#2260,.F.);
#1058=CARTESIAN_POINT('',(-27.6736834,1.869531,-12.675));
#1059=DIRECTION('',(5.60976323348314E-18,-0.242535625036333,0.970142500145332));
#1060=DIRECTION('',(-1.0,-2.31296463463575E-17,0.0));
#1061=ORIENTED_EDGE('',*,*,#2247,.T.);
#1062=ORIENTED_EDGE('',*,*,#2261,.T.);
#1063=ORIENTED_EDGE('',*,*,#2189,.T.);
#1064=ORIENTED_EDGE('',*,*,#2262,.T.);
#1065=CARTESIAN_POINT('',(-27.6736834,2.169531,-13.65));
#1066=DIRECTION('',(5.60976323348314E-18,-0.242535625036333,-0.970142500145332));
#1067=DIRECTION('',(0.0,-0.970142500145332,0.242535625036333));
#1068=ORIENTED_EDGE('',*,*,#2263,.T.);
#1069=ORIENTED_EDGE('',*,*,#2264,.F.);
#1070=ORIENTED_EDGE('',*,*,#2265,.T.);
#1071=ORIENTED_EDGE('',*,*,#2266,.F.);
#1072=CARTESIAN_POINT('',(-27.6736834,-3.530469,-16.425));
#1073=DIRECTION('',(-5.60976323348314E-18,-0.242535625036333,-0.970142500145332));
#1074=DIRECTION('',(0.0,-0.970142500145332,0.242535625036333));
#1075=ORIENTED_EDGE('',*,*,#2200,.T.);
#1076=ORIENTED_EDGE('',*,*,#2261,.F.);
#1077=ORIENTED_EDGE('',*,*,#2255,.T.);
#1078=ORIENTED_EDGE('',*,*,#2267,.F.);
#1079=CARTESIAN_POINT('',(-25.202181,-0.899386891416333,-13.575));
#1080=DIRECTION('',(0.0,0.0,1.0));
#1081=DIRECTION('',(1.0,0.0,0.0));
#1082=ORIENTED_EDGE('',*,*,#2199,.F.);
#1083=ORIENTED_EDGE('',*,*,#2268,.T.);
#1084=ORIENTED_EDGE('',*,*,#2256,.F.);
#1085=ORIENTED_EDGE('',*,*,#2210,.T.);
#1086=CARTESIAN_POINT('',(-25.0064534779416,-1.26276840239229,-13.925));
#1087=DIRECTION('',(0.0,0.0,1.0));
#1088=DIRECTION('',(1.0,0.0,0.0));
#1089=ORIENTED_EDGE('',*,*,#2195,.F.);
#1090=ORIENTED_EDGE('',*,*,#2269,.T.);
#1091=ORIENTED_EDGE('',*,*,#2270,.F.);
#1092=ORIENTED_EDGE('',*,*,#2271,.T.);
#1093=CARTESIAN_POINT('',(-24.852181,-3.530469,-14.825));
#1094=DIRECTION('',(-0.970142500145332,0.242535625036333,0.0));
#1095=DIRECTION('',(0.0,0.0,1.0));
#1096=ORIENTED_EDGE('',*,*,#2272,.F.);
#1097=ORIENTED_EDGE('',*,*,#2273,.T.);
#1098=ORIENTED_EDGE('',*,*,#2274,.F.);
#1099=ORIENTED_EDGE('',*,*,#2275,.T.);
#1100=CARTESIAN_POINT('',(-25.0064534779416,-1.26276840239229,-15.175));
#1101=DIRECTION('',(0.0,0.0,1.0));
#1102=DIRECTION('',(1.0,0.0,0.0));
#1103=ORIENTED_EDGE('',*,*,#2259,.F.);
#1104=ORIENTED_EDGE('',*,*,#2276,.T.);
#1105=ORIENTED_EDGE('',*,*,#2277,.F.);
#1106=ORIENTED_EDGE('',*,*,#2252,.T.);
#1107=CARTESIAN_POINT('',(-24.852181,1.869531,-12.325));
#1108=DIRECTION('',(0.970142500145332,0.242535625036333,0.0));
#1109=DIRECTION('',(0.0,0.0,-1.0));
#1110=ORIENTED_EDGE('',*,*,#2278,.F.);
#1111=ORIENTED_EDGE('',*,*,#2276,.F.);
#1112=ORIENTED_EDGE('',*,*,#2258,.T.);
#1113=ORIENTED_EDGE('',*,*,#2279,.F.);
#1114=CARTESIAN_POINT('',(-24.927181,2.169531,-12.325));
#1115=DIRECTION('',(-0.0,1.0,0.0));
#1116=DIRECTION('',(1.0,0.0,0.0));
#1117=ORIENTED_EDGE('',*,*,#2280,.T.);
#1118=ORIENTED_EDGE('',*,*,#2281,.F.);
#1119=ORIENTED_EDGE('',*,*,#2282,.T.);
#1120=ORIENTED_EDGE('',*,*,#2283,.T.);
#1121=CARTESIAN_POINT('',(-24.927181,-3.830469,-12.325));
#1122=DIRECTION('',(-0.0,1.0,0.0));
#1123=DIRECTION('',(1.0,0.0,0.0));
#1124=ORIENTED_EDGE('',*,*,#2251,.F.);
#1125=ORIENTED_EDGE('',*,*,#2284,.T.);
#1126=ORIENTED_EDGE('',*,*,#2285,.F.);
#1127=ORIENTED_EDGE('',*,*,#2260,.T.);
#1128=CARTESIAN_POINT('',(-25.0064534779416,-1.26276840239229,-12.675));
#1129=DIRECTION('',(0.0,0.0,1.0));
#1130=DIRECTION('',(1.0,0.0,0.0));
#1131=ORIENTED_EDGE('',*,*,#2286,.T.);
#1132=ORIENTED_EDGE('',*,*,#2287,.F.);
#1133=ORIENTED_EDGE('',*,*,#2288,.F.);
#1134=ORIENTED_EDGE('',*,*,#2285,.T.);
#1135=CARTESIAN_POINT('',(-25.202181,-6.130469,-12.675));
#1136=DIRECTION('',(1.0,0.0,0.0));
#1137=DIRECTION('',(0.0,1.0,0.0));
#1138=ORIENTED_EDGE('',*,*,#2228,.F.);
#1139=ORIENTED_EDGE('',*,*,#2289,.T.);
#1140=ORIENTED_EDGE('',*,*,#2290,.T.);
#1141=ORIENTED_EDGE('',*,*,#2291,.T.);
#1142=CARTESIAN_POINT('',(-25.202181,-0.899386891416333,-16.075));
#1143=DIRECTION('',(0.0,0.0,1.0));
#1144=DIRECTION('',(1.0,0.0,0.0));
#1145=ORIENTED_EDGE('',*,*,#2253,.T.);
#1146=ORIENTED_EDGE('',*,*,#2292,.F.);
#1147=ORIENTED_EDGE('',*,*,#2287,.T.);
#1148=ORIENTED_EDGE('',*,*,#2293,.F.);
#1149=CARTESIAN_POINT('',(-25.202181,-0.899386891416333,-12.325));
#1150=DIRECTION('',(0.0,0.0,1.0));
#1151=DIRECTION('',(1.0,0.0,0.0));
#1152=ORIENTED_EDGE('',*,*,#2294,.T.);
#1153=ORIENTED_EDGE('',*,*,#2295,.F.);
#1154=ORIENTED_EDGE('',*,*,#2296,.F.);
#1155=ORIENTED_EDGE('',*,*,#2185,.T.);
#1156=CARTESIAN_POINT('',(-25.202181,-6.130469,-16.425));
#1157=DIRECTION('',(1.0,0.0,0.0));
#1158=DIRECTION('',(0.0,1.0,0.0));
#1159=ORIENTED_EDGE('',*,*,#2297,.F.);
#1160=ORIENTED_EDGE('',*,*,#2298,.T.);
#1161=ORIENTED_EDGE('',*,*,#2299,.F.);
#1162=ORIENTED_EDGE('',*,*,#2296,.T.);
#1163=CARTESIAN_POINT('',(-25.127181,2.169531,-16.075));
#1164=DIRECTION('',(-0.970142500145332,0.242535625036333,0.0));
#1165=DIRECTION('',(0.0,0.0,1.0));
#1166=ORIENTED_EDGE('',*,*,#2217,.F.);
#1167=ORIENTED_EDGE('',*,*,#2300,.T.);
#1168=ORIENTED_EDGE('',*,*,#2301,.T.);
#1169=ORIENTED_EDGE('',*,*,#2302,.F.);
#1170=CARTESIAN_POINT('',(-23.817181,2.38528626053621,-2.19520332004536));
#1171=DIRECTION('',(-1.0,0.0,0.0));
#1172=DIRECTION('',(0.0,0.0,1.0));
#1173=ORIENTED_EDGE('',*,*,#2303,.F.);
#1174=ORIENTED_EDGE('',*,*,#2220,.T.);
#1175=ORIENTED_EDGE('',*,*,#2304,.T.);
#1176=ORIENTED_EDGE('',*,*,#2305,.T.);
#1177=CARTESIAN_POINT('',(-25.202181,-6.130469,-12.675));
#1178=DIRECTION('',(1.0,0.0,0.0));
#1179=DIRECTION('',(0.0,1.0,0.0));
#1180=ORIENTED_EDGE('',*,*,#2306,.T.);
#1181=ORIENTED_EDGE('',*,*,#2272,.T.);
#1182=ORIENTED_EDGE('',*,*,#2307,.F.);
#1183=ORIENTED_EDGE('',*,*,#2308,.F.);
#1184=CARTESIAN_POINT('',(-24.852181,-0.761551108583667,-14.825));
#1185=DIRECTION('',(-1.0,0.0,0.0));
#1186=DIRECTION('',(0.0,0.0,1.0));
#1187=ORIENTED_EDGE('',*,*,#2309,.F.);
#1188=ORIENTED_EDGE('',*,*,#2310,.T.);
#1189=ORIENTED_EDGE('',*,*,#2311,.F.);
#1190=ORIENTED_EDGE('',*,*,#2312,.T.);
#1191=CARTESIAN_POINT('',(-24.852181,1.869531,-16.075));
#1192=DIRECTION('',(0.970142500145332,0.242535625036333,0.0));
#1193=DIRECTION('',(0.0,0.0,-1.0));
#1194=ORIENTED_EDGE('',*,*,#2313,.T.);
#1195=ORIENTED_EDGE('',*,*,#2314,.F.);
#1196=ORIENTED_EDGE('',*,*,#2315,.F.);
#1197=ORIENTED_EDGE('',*,*,#2191,.T.);
#1198=ORIENTED_EDGE('',*,*,#2316,.F.);
#1199=ORIENTED_EDGE('',*,*,#2317,.F.);
#1200=ORIENTED_EDGE('',*,*,#2318,.F.);
#1201=ORIENTED_EDGE('',*,*,#2319,.F.);
#1202=CARTESIAN_POINT('',(-25.2508593649965,-0.647956744658188,-17.2));
#1203=DIRECTION('',(0.0,0.0,-1.0));
#1204=DIRECTION('',(0.0,-1.0,0.0));
#1205=ORIENTED_EDGE('',*,*,#2320,.T.);
#1206=ORIENTED_EDGE('',*,*,#2265,.F.);
#1207=ORIENTED_EDGE('',*,*,#2321,.T.);
#1208=ORIENTED_EDGE('',*,*,#2322,.T.);
#1209=CARTESIAN_POINT('',(-24.927181,-3.830469,-16.075));
#1210=DIRECTION('',(-0.0,1.0,0.0));
#1211=DIRECTION('',(1.0,0.0,0.0));
#1212=ORIENTED_EDGE('',*,*,#2323,.F.);
#1213=ORIENTED_EDGE('',*,*,#2279,.T.);
#1214=ORIENTED_EDGE('',*,*,#2257,.F.);
#1215=ORIENTED_EDGE('',*,*,#2288,.T.);
#1216=CARTESIAN_POINT('',(-25.127181,2.169531,-12.325));
#1217=DIRECTION('',(-0.970142500145332,0.242535625036333,0.0));
#1218=DIRECTION('',(0.0,0.0,1.0));
#1219=ORIENTED_EDGE('',*,*,#2324,.F.);
#1220=ORIENTED_EDGE('',*,*,#2325,.T.);
#1221=ORIENTED_EDGE('',*,*,#2326,.F.);
#1222=ORIENTED_EDGE('',*,*,#2327,.T.);
#1223=CARTESIAN_POINT('',(-25.0064534779416,-1.26276840239229,-10.175));
#1224=DIRECTION('',(0.0,0.0,1.0));
#1225=DIRECTION('',(1.0,0.0,0.0));
#1226=ORIENTED_EDGE('',*,*,#2328,.F.);
#1227=ORIENTED_EDGE('',*,*,#2329,.T.);
#1228=ORIENTED_EDGE('',*,*,#2330,.F.);
#1229=ORIENTED_EDGE('',*,*,#2307,.T.);
#1230=CARTESIAN_POINT('',(-24.852181,1.869531,-14.825));
#1231=DIRECTION('',(0.970142500145332,0.242535625036333,0.0));
#1232=DIRECTION('',(0.0,0.0,-1.0));
#1233=ORIENTED_EDGE('',*,*,#2206,.T.);
#1234=ORIENTED_EDGE('',*,*,#2331,.F.);
#1235=ORIENTED_EDGE('',*,*,#2270,.T.);
#1236=ORIENTED_EDGE('',*,*,#2332,.T.);
#1237=CARTESIAN_POINT('',(-24.927181,-3.830469,-14.825));
#1238=DIRECTION('',(-0.0,1.0,0.0));
#1239=DIRECTION('',(1.0,0.0,0.0));
#1240=ORIENTED_EDGE('',*,*,#2289,.F.);
#1241=ORIENTED_EDGE('',*,*,#2227,.T.);
#1242=ORIENTED_EDGE('',*,*,#2333,.T.);
#1243=ORIENTED_EDGE('',*,*,#2334,.T.);
#1244=CARTESIAN_POINT('',(-25.202181,-6.130469,-16.425));
#1245=DIRECTION('',(1.0,0.0,0.0));
#1246=DIRECTION('',(0.0,1.0,0.0));
#1247=ORIENTED_EDGE('',*,*,#2335,.T.);
#1248=ORIENTED_EDGE('',*,*,#2336,.F.);
#1249=ORIENTED_EDGE('',*,*,#2337,.F.);
#1250=ORIENTED_EDGE('',*,*,#2274,.T.);
#1251=CARTESIAN_POINT('',(-25.202181,-6.130469,-15.175));
#1252=DIRECTION('',(1.0,0.0,0.0));
#1253=DIRECTION('',(0.0,1.0,0.0));
#1254=ORIENTED_EDGE('',*,*,#2322,.F.);
#1255=ORIENTED_EDGE('',*,*,#2338,.F.);
#1256=ORIENTED_EDGE('',*,*,#2290,.F.);
#1257=ORIENTED_EDGE('',*,*,#2339,.F.);
#1258=CARTESIAN_POINT('',(-27.6736834,-3.830469,-16.15));
#1259=DIRECTION('',(-5.60976323348314E-18,-0.242535625036333,0.970142500145332));
#1260=DIRECTION('',(-1.0,2.31296463463575E-17,0.0));
#1261=ORIENTED_EDGE('',*,*,#2178,.T.);
#1262=ORIENTED_EDGE('',*,*,#2271,.F.);
#1263=ORIENTED_EDGE('',*,*,#2331,.T.);
#1264=ORIENTED_EDGE('',*,*,#2205,.F.);
#1265=CARTESIAN_POINT('',(-27.6736834,-3.530469,-15.175));
#1266=DIRECTION('',(-5.60976323348314E-18,-0.242535625036333,-0.970142500145332));
#1267=DIRECTION('',(0.0,-0.970142500145332,0.242535625036333));
#1268=ORIENTED_EDGE('',*,*,#2340,.F.);
#1269=ORIENTED_EDGE('',*,*,#2341,.F.);
#1270=ORIENTED_EDGE('',*,*,#2342,.F.);
#1271=ORIENTED_EDGE('',*,*,#2343,.F.);
#1272=CARTESIAN_POINT('',(-27.217181,2.669531,-16.725));
#1273=DIRECTION('',(0.0,0.0,1.0));
#1274=DIRECTION('',(1.0,0.0,0.0));
#1275=ORIENTED_EDGE('',*,*,#2317,.T.);
#1276=ORIENTED_EDGE('',*,*,#2344,.T.);
#1277=ORIENTED_EDGE('',*,*,#2345,.F.);
#1278=ORIENTED_EDGE('',*,*,#2346,.T.);
#1279=CARTESIAN_POINT('',(-24.992181,2.769531,-17.2));
#1280=DIRECTION('',(-1.0,-1.11022302462516E-16,0.0));
#1281=DIRECTION('',(-1.11022302462516E-16,1.0,0.0));
#1282=ORIENTED_EDGE('',*,*,#2347,.T.);
#1283=ORIENTED_EDGE('',*,*,#2348,.F.);
#1284=ORIENTED_EDGE('',*,*,#2281,.T.);
#1285=ORIENTED_EDGE('',*,*,#2349,.F.);
#1286=CARTESIAN_POINT('',(-27.6736834,-3.530469,-12.675));
#1287=DIRECTION('',(-5.60976323348314E-18,-0.242535625036333,-0.970142500145332));
#1288=DIRECTION('',(0.0,-0.970142500145332,0.242535625036333));
#1289=ORIENTED_EDGE('',*,*,#2323,.T.);
#1290=ORIENTED_EDGE('',*,*,#2292,.T.);
#1291=ORIENTED_EDGE('',*,*,#2277,.T.);
#1292=ORIENTED_EDGE('',*,*,#2278,.T.);
#1293=CARTESIAN_POINT('',(-27.6736834,2.169531,-12.4));
#1294=DIRECTION('',(5.60976323348314E-18,-0.242535625036333,-0.970142500145332));
#1295=DIRECTION('',(0.0,-0.970142500145332,0.242535625036333));
#1296=ORIENTED_EDGE('',*,*,#2262,.F.);
#1297=ORIENTED_EDGE('',*,*,#2188,.F.);
#1298=ORIENTED_EDGE('',*,*,#2209,.T.);
#1299=ORIENTED_EDGE('',*,*,#2248,.F.);
#1300=CARTESIAN_POINT('',(-24.927181,2.169531,-13.575));
#1301=DIRECTION('',(-0.0,1.0,0.0));
#1302=DIRECTION('',(1.0,0.0,0.0));
#1303=ORIENTED_EDGE('',*,*,#2221,.F.);
#1304=ORIENTED_EDGE('',*,*,#2303,.T.);
#1305=ORIENTED_EDGE('',*,*,#2350,.T.);
#1306=ORIENTED_EDGE('',*,*,#2351,.T.);
#1307=CARTESIAN_POINT('',(-25.202181,-0.899386891416333,-12.325));
#1308=DIRECTION('',(0.0,0.0,1.0));
#1309=DIRECTION('',(1.0,0.0,0.0));
#1310=ORIENTED_EDGE('',*,*,#2352,.T.);
#1311=ORIENTED_EDGE('',*,*,#2353,.F.);
#1312=ORIENTED_EDGE('',*,*,#2354,.T.);
#1313=ORIENTED_EDGE('',*,*,#2341,.T.);
#1314=CARTESIAN_POINT('',(-27.217181,0.969530999999999,-22.0));
#1315=DIRECTION('',(1.22460635382238E-16,-1.0,0.0));
#1316=DIRECTION('',(0.0,0.0,-1.0));
#1317=ORIENTED_EDGE('',*,*,#2355,.F.);
#1318=ORIENTED_EDGE('',*,*,#2329,.F.);
#1319=ORIENTED_EDGE('',*,*,#2356,.T.);
#1320=ORIENTED_EDGE('',*,*,#2357,.F.);
#1321=CARTESIAN_POINT('',(-24.927181,2.169531,-14.825));
#1322=DIRECTION('',(-0.0,1.0,0.0));
#1323=DIRECTION('',(1.0,0.0,0.0));
#1324=ORIENTED_EDGE('',*,*,#2358,.T.);
#1325=ORIENTED_EDGE('',*,*,#2203,.F.);
#1326=ORIENTED_EDGE('',*,*,#2359,.T.);
#1327=ORIENTED_EDGE('',*,*,#2360,.T.);
#1328=CARTESIAN_POINT('',(-24.927181,-3.830469,-13.575));
#1329=DIRECTION('',(-0.0,1.0,0.0));
#1330=DIRECTION('',(1.0,0.0,0.0));
#1331=ORIENTED_EDGE('',*,*,#2361,.F.);
#1332=ORIENTED_EDGE('',*,*,#2362,.F.);
#1333=ORIENTED_EDGE('',*,*,#2192,.T.);
#1334=ORIENTED_EDGE('',*,*,#2315,.T.);
#1335=ORIENTED_EDGE('',*,*,#2198,.F.);
#1336=ORIENTED_EDGE('',*,*,#2267,.T.);
#1337=ORIENTED_EDGE('',*,*,#2254,.F.);
#1338=ORIENTED_EDGE('',*,*,#2268,.F.);
#1339=ORIENTED_EDGE('',*,*,#2250,.F.);
#1340=ORIENTED_EDGE('',*,*,#2293,.T.);
#1341=ORIENTED_EDGE('',*,*,#2286,.F.);
#1342=ORIENTED_EDGE('',*,*,#2284,.F.);
#1343=ORIENTED_EDGE('',*,*,#2306,.F.);
#1344=ORIENTED_EDGE('',*,*,#2363,.T.);
#1345=ORIENTED_EDGE('',*,*,#2335,.F.);
#1346=ORIENTED_EDGE('',*,*,#2273,.F.);
#1347=ORIENTED_EDGE('',*,*,#2364,.F.);
#1348=ORIENTED_EDGE('',*,*,#2365,.T.);
#1349=ORIENTED_EDGE('',*,*,#2294,.F.);
#1350=ORIENTED_EDGE('',*,*,#2184,.F.);
#1351=ORIENTED_EDGE('',*,*,#2366,.F.);
#1352=ORIENTED_EDGE('',*,*,#2367,.T.);
#1353=ORIENTED_EDGE('',*,*,#2368,.F.);
#1354=ORIENTED_EDGE('',*,*,#2369,.F.);
#1355=ORIENTED_EDGE('',*,*,#2370,.F.);
#1356=ORIENTED_EDGE('',*,*,#2371,.T.);
#1357=ORIENTED_EDGE('',*,*,#2372,.F.);
#1358=ORIENTED_EDGE('',*,*,#2373,.F.);
#1359=ORIENTED_EDGE('',*,*,#2374,.F.);
#1360=ORIENTED_EDGE('',*,*,#2375,.T.);
#1361=ORIENTED_EDGE('',*,*,#2376,.F.);
#1362=ORIENTED_EDGE('',*,*,#2377,.F.);
#1363=ORIENTED_EDGE('',*,*,#2378,.F.);
#1364=ORIENTED_EDGE('',*,*,#2379,.T.);
#1365=ORIENTED_EDGE('',*,*,#2380,.F.);
#1366=ORIENTED_EDGE('',*,*,#2325,.F.);
#1367=CARTESIAN_POINT('',(-26.8458828547312,-0.230469,3.05239538371848));
#1368=DIRECTION('',(2.44921270764475E-16,-1.0,0.0));
#1369=DIRECTION('',(0.0,0.0,-1.0));
#1370=ORIENTED_EDGE('',*,*,#2224,.F.);
#1371=ORIENTED_EDGE('',*,*,#2211,.T.);
#1372=ORIENTED_EDGE('',*,*,#2381,.T.);
#1373=ORIENTED_EDGE('',*,*,#2382,.T.);
#1374=CARTESIAN_POINT('',(-25.202181,-0.899386891416333,-13.575));
#1375=DIRECTION('',(0.0,0.0,1.0));
#1376=DIRECTION('',(1.0,0.0,0.0));
#1377=ORIENTED_EDGE('',*,*,#2383,.T.);
#1378=ORIENTED_EDGE('',*,*,#2384,.T.);
#1379=ORIENTED_EDGE('',*,*,#2353,.T.);
#1380=ORIENTED_EDGE('',*,*,#2385,.T.);
#1381=CARTESIAN_POINT('',(-27.217181,2.669531,-7.025));
#1382=DIRECTION('',(0.0,0.0,1.0));
#1383=DIRECTION('',(1.0,0.0,0.0));
#1384=ORIENTED_EDGE('',*,*,#2361,.T.);
#1385=ORIENTED_EDGE('',*,*,#2314,.T.);
#1386=ORIENTED_EDGE('',*,*,#2386,.T.);
#1387=ORIENTED_EDGE('',*,*,#2342,.T.);
#1388=ORIENTED_EDGE('',*,*,#2354,.F.);
#1389=ORIENTED_EDGE('',*,*,#2384,.F.);
#1390=ORIENTED_EDGE('',*,*,#2387,.F.);
#1391=ORIENTED_EDGE('',*,*,#2388,.F.);
#1392=CARTESIAN_POINT('',(-26.567181,2.669531,-11.55));
#1393=DIRECTION('',(1.0,-1.16899762439555E-14,0.0));
#1394=DIRECTION('',(-1.16899762439555E-14,-1.0,0.0));
#1395=ORIENTED_EDGE('',*,*,#2313,.F.);
#1396=ORIENTED_EDGE('',*,*,#2389,.F.);
#1397=ORIENTED_EDGE('',*,*,#2390,.F.);
#1398=ORIENTED_EDGE('',*,*,#2391,.T.);
#1399=ORIENTED_EDGE('',*,*,#2343,.T.);
#1400=ORIENTED_EDGE('',*,*,#2386,.F.);
#1401=CARTESIAN_POINT('',(-26.567181,2.769531,-17.2));
#1402=DIRECTION('',(1.22460635382238E-16,-1.0,0.0));
#1403=DIRECTION('',(0.0,0.0,-1.0));
#1404=ORIENTED_EDGE('',*,*,#2318,.T.);
#1405=ORIENTED_EDGE('',*,*,#2346,.F.);
#1406=ORIENTED_EDGE('',*,*,#2392,.F.);
#1407=ORIENTED_EDGE('',*,*,#2393,.F.);
#1408=CARTESIAN_POINT('',(-25.4024247553731,1.769531,-17.7966736407211));
#1409=DIRECTION('',(-0.0,1.0,0.0));
#1410=DIRECTION('',(1.0,0.0,0.0));
#1411=ORIENTED_EDGE('',*,*,#2394,.T.);
#1412=ORIENTED_EDGE('',*,*,#2390,.T.);
#1413=ORIENTED_EDGE('',*,*,#2395,.T.);
#1414=ORIENTED_EDGE('',*,*,#2392,.T.);
#1415=ORIENTED_EDGE('',*,*,#2345,.T.);
#1416=ORIENTED_EDGE('',*,*,#2396,.F.);
#1417=ORIENTED_EDGE('',*,*,#2300,.F.);
#1418=ORIENTED_EDGE('',*,*,#2216,.F.);
#1419=CARTESIAN_POINT('',(-25.318488408855,-2.27214112744177,-17.7));
#1420=DIRECTION('',(0.0,0.0,1.0));
#1421=DIRECTION('',(1.0,0.0,0.0));
#1422=ORIENTED_EDGE('',*,*,#2393,.T.);
#1423=ORIENTED_EDGE('',*,*,#2395,.F.);
#1424=ORIENTED_EDGE('',*,*,#2389,.T.);
#1425=ORIENTED_EDGE('',*,*,#2319,.T.);
#1426=CARTESIAN_POINT('',(-25.792181,2.669531,-17.7));
#1427=DIRECTION('',(-1.0,-1.22460635382238E-16,0.0));
#1428=DIRECTION('',(-1.22460635382238E-16,1.0,0.0));
#1429=ORIENTED_EDGE('',*,*,#2283,.F.);
#1430=ORIENTED_EDGE('',*,*,#2397,.F.);
#1431=ORIENTED_EDGE('',*,*,#2350,.F.);
#1432=ORIENTED_EDGE('',*,*,#2398,.F.);
#1433=CARTESIAN_POINT('',(-27.6736834,-3.830469,-12.4));
#1434=DIRECTION('',(-5.60976323348314E-18,-0.242535625036333,0.970142500145332));
#1435=DIRECTION('',(-1.0,2.31296463463575E-17,0.0));
#1436=ORIENTED_EDGE('',*,*,#2332,.F.);
#1437=ORIENTED_EDGE('',*,*,#2269,.F.);
#1438=ORIENTED_EDGE('',*,*,#2399,.F.);
#1439=ORIENTED_EDGE('',*,*,#2207,.F.);
#1440=CARTESIAN_POINT('',(-27.6736834,-3.830469,-14.9));
#1441=DIRECTION('',(-5.60976323348314E-18,-0.242535625036333,0.970142500145332));
#1442=DIRECTION('',(-1.0,2.31296463463575E-17,0.0));
#1443=ORIENTED_EDGE('',*,*,#2219,.F.);
#1444=ORIENTED_EDGE('',*,*,#2180,.T.);
#1445=ORIENTED_EDGE('',*,*,#2399,.T.);
#1446=ORIENTED_EDGE('',*,*,#2197,.T.);
#1447=CARTESIAN_POINT('',(-25.202181,-0.899386891416333,-14.825));
#1448=DIRECTION('',(0.0,0.0,1.0));
#1449=DIRECTION('',(1.0,0.0,0.0));
#1450=ORIENTED_EDGE('',*,*,#2360,.F.);
#1451=ORIENTED_EDGE('',*,*,#2400,.F.);
#1452=ORIENTED_EDGE('',*,*,#2381,.F.);
#1453=ORIENTED_EDGE('',*,*,#2401,.F.);
#1454=CARTESIAN_POINT('',(-27.6736834,-3.830469,-13.65));
#1455=DIRECTION('',(-5.60976323348314E-18,-0.242535625036333,0.970142500145332));
#1456=DIRECTION('',(-1.0,2.31296463463575E-17,0.0));
#1457=ORIENTED_EDGE('',*,*,#2226,.T.);
#1458=ORIENTED_EDGE('',*,*,#2402,.F.);
#1459=ORIENTED_EDGE('',*,*,#2201,.F.);
#1460=ORIENTED_EDGE('',*,*,#2213,.F.);
#1461=CARTESIAN_POINT('',(-25.0064534779416,-1.26276840239229,-13.925));
#1462=DIRECTION('',(0.0,0.0,1.0));
#1463=DIRECTION('',(1.0,0.0,0.0));
#1464=ORIENTED_EDGE('',*,*,#2214,.F.);
#1465=ORIENTED_EDGE('',*,*,#2204,.T.);
#1466=ORIENTED_EDGE('',*,*,#2358,.F.);
#1467=ORIENTED_EDGE('',*,*,#2401,.T.);
#1468=CARTESIAN_POINT('',(-25.127181,-3.830469,-13.575));
#1469=DIRECTION('',(0.970142500145332,0.242535625036333,0.0));
#1470=DIRECTION('',(0.0,0.0,-1.0));
#1471=ORIENTED_EDGE('',*,*,#2403,.F.);
#1472=ORIENTED_EDGE('',*,*,#2400,.T.);
#1473=ORIENTED_EDGE('',*,*,#2359,.F.);
#1474=ORIENTED_EDGE('',*,*,#2202,.T.);
#1475=CARTESIAN_POINT('',(-24.852181,-3.530469,-13.575));
#1476=DIRECTION('',(-0.970142500145332,0.242535625036333,0.0));
#1477=DIRECTION('',(0.0,0.0,1.0));
#1478=ORIENTED_EDGE('',*,*,#2403,.T.);
#1479=ORIENTED_EDGE('',*,*,#2402,.T.);
#1480=ORIENTED_EDGE('',*,*,#2225,.T.);
#1481=ORIENTED_EDGE('',*,*,#2382,.F.);
#1482=CARTESIAN_POINT('',(-24.852181,-0.761551108583667,-13.575));
#1483=DIRECTION('',(-1.0,0.0,0.0));
#1484=DIRECTION('',(0.0,0.0,1.0));
#1485=ORIENTED_EDGE('',*,*,#2404,.T.);
#1486=ORIENTED_EDGE('',*,*,#2356,.F.);
#1487=ORIENTED_EDGE('',*,*,#2328,.T.);
#1488=ORIENTED_EDGE('',*,*,#2275,.F.);
#1489=CARTESIAN_POINT('',(-27.6736834,1.869531,-15.175));
#1490=DIRECTION('',(5.60976323348314E-18,-0.242535625036333,0.970142500145332));
#1491=DIRECTION('',(-1.0,-2.31296463463575E-17,0.0));
#1492=ORIENTED_EDGE('',*,*,#2405,.F.);
#1493=ORIENTED_EDGE('',*,*,#2357,.T.);
#1494=ORIENTED_EDGE('',*,*,#2404,.F.);
#1495=ORIENTED_EDGE('',*,*,#2337,.T.);
#1496=CARTESIAN_POINT('',(-25.127181,2.169531,-14.825));
#1497=DIRECTION('',(-0.970142500145332,0.242535625036333,0.0));
#1498=DIRECTION('',(0.0,0.0,1.0));
#1499=ORIENTED_EDGE('',*,*,#2405,.T.);
#1500=ORIENTED_EDGE('',*,*,#2406,.T.);
#1501=ORIENTED_EDGE('',*,*,#2330,.T.);
#1502=ORIENTED_EDGE('',*,*,#2355,.T.);
#1503=CARTESIAN_POINT('',(-27.6736834,2.169531,-14.9));
#1504=DIRECTION('',(5.60976323348314E-18,-0.242535625036333,-0.970142500145332));
#1505=DIRECTION('',(0.0,-0.970142500145332,0.242535625036333));
#1506=ORIENTED_EDGE('',*,*,#2308,.T.);
#1507=ORIENTED_EDGE('',*,*,#2406,.F.);
#1508=ORIENTED_EDGE('',*,*,#2336,.T.);
#1509=ORIENTED_EDGE('',*,*,#2363,.F.);
#1510=CARTESIAN_POINT('',(-25.202181,-0.899386891416333,-14.825));
#1511=DIRECTION('',(0.0,0.0,1.0));
#1512=DIRECTION('',(1.0,0.0,0.0));
#1513=ORIENTED_EDGE('',*,*,#2223,.T.);
#1514=ORIENTED_EDGE('',*,*,#2407,.F.);
#1515=ORIENTED_EDGE('',*,*,#2347,.F.);
#1516=ORIENTED_EDGE('',*,*,#2304,.F.);
#1517=CARTESIAN_POINT('',(-25.0064534779416,-1.26276840239229,-12.675));
#1518=DIRECTION('',(0.0,0.0,1.0));
#1519=DIRECTION('',(1.0,0.0,0.0));
#1520=ORIENTED_EDGE('',*,*,#2305,.F.);
#1521=ORIENTED_EDGE('',*,*,#2349,.T.);
#1522=ORIENTED_EDGE('',*,*,#2280,.F.);
#1523=ORIENTED_EDGE('',*,*,#2398,.T.);
#1524=CARTESIAN_POINT('',(-25.127181,-3.830469,-12.325));
#1525=DIRECTION('',(0.970142500145332,0.242535625036333,0.0));
#1526=DIRECTION('',(0.0,0.0,-1.0));
#1527=ORIENTED_EDGE('',*,*,#2408,.T.);
#1528=ORIENTED_EDGE('',*,*,#2407,.T.);
#1529=ORIENTED_EDGE('',*,*,#2222,.T.);
#1530=ORIENTED_EDGE('',*,*,#2351,.F.);
#1531=CARTESIAN_POINT('',(-24.852181,-0.761551108583667,-12.325));
#1532=DIRECTION('',(-1.0,0.0,0.0));
#1533=DIRECTION('',(0.0,0.0,1.0));
#1534=ORIENTED_EDGE('',*,*,#2408,.F.);
#1535=ORIENTED_EDGE('',*,*,#2397,.T.);
#1536=ORIENTED_EDGE('',*,*,#2282,.F.);
#1537=ORIENTED_EDGE('',*,*,#2348,.T.);
#1538=CARTESIAN_POINT('',(-24.852181,-3.530469,-12.325));
#1539=DIRECTION('',(-0.970142500145332,0.242535625036333,0.0));
#1540=DIRECTION('',(0.0,0.0,1.0));
#1541=ORIENTED_EDGE('',*,*,#2409,.T.);
#1542=ORIENTED_EDGE('',*,*,#2410,.F.);
#1543=ORIENTED_EDGE('',*,*,#2295,.T.);
#1544=ORIENTED_EDGE('',*,*,#2365,.F.);
#1545=CARTESIAN_POINT('',(-25.202181,-0.899386891416333,-16.075));
#1546=DIRECTION('',(0.0,0.0,1.0));
#1547=DIRECTION('',(1.0,0.0,0.0));
#1548=ORIENTED_EDGE('',*,*,#2411,.F.);
#1549=ORIENTED_EDGE('',*,*,#2338,.T.);
#1550=ORIENTED_EDGE('',*,*,#2321,.F.);
#1551=ORIENTED_EDGE('',*,*,#2264,.T.);
#1552=CARTESIAN_POINT('',(-24.852181,-3.530469,-16.075));
#1553=DIRECTION('',(-0.970142500145332,0.242535625036333,0.0));
#1554=DIRECTION('',(0.0,0.0,1.0));
#1555=ORIENTED_EDGE('',*,*,#2334,.F.);
#1556=ORIENTED_EDGE('',*,*,#2266,.T.);
#1557=ORIENTED_EDGE('',*,*,#2320,.F.);
#1558=ORIENTED_EDGE('',*,*,#2339,.T.);
#1559=CARTESIAN_POINT('',(-25.127181,-3.830469,-16.075));
#1560=DIRECTION('',(0.970142500145332,0.242535625036333,0.0));
#1561=DIRECTION('',(0.0,0.0,-1.0));
#1562=ORIENTED_EDGE('',*,*,#2412,.F.);
#1563=ORIENTED_EDGE('',*,*,#2310,.F.);
#1564=ORIENTED_EDGE('',*,*,#2413,.T.);
#1565=ORIENTED_EDGE('',*,*,#2298,.F.);
#1566=CARTESIAN_POINT('',(-24.927181,2.169531,-16.075));
#1567=DIRECTION('',(-0.0,1.0,0.0));
#1568=DIRECTION('',(1.0,0.0,0.0));
#1569=ORIENTED_EDGE('',*,*,#2299,.T.);
#1570=ORIENTED_EDGE('',*,*,#2413,.F.);
#1571=ORIENTED_EDGE('',*,*,#2309,.T.);
#1572=ORIENTED_EDGE('',*,*,#2186,.F.);
#1573=CARTESIAN_POINT('',(-27.6736834,1.869531,-16.425));
#1574=DIRECTION('',(5.60976323348314E-18,-0.242535625036333,0.970142500145332));
#1575=DIRECTION('',(-1.0,-2.31296463463575E-17,0.0));
#1576=ORIENTED_EDGE('',*,*,#2364,.T.);
#1577=ORIENTED_EDGE('',*,*,#2183,.T.);
#1578=ORIENTED_EDGE('',*,*,#2312,.F.);
#1579=ORIENTED_EDGE('',*,*,#2409,.F.);
#1580=CARTESIAN_POINT('',(-24.852181,-0.761551108583667,-16.075));
#1581=DIRECTION('',(-1.0,0.0,0.0));
#1582=DIRECTION('',(0.0,0.0,1.0));
#1583=ORIENTED_EDGE('',*,*,#2230,.T.);
#1584=ORIENTED_EDGE('',*,*,#2414,.F.);
#1585=ORIENTED_EDGE('',*,*,#2263,.F.);
#1586=ORIENTED_EDGE('',*,*,#2333,.F.);
#1587=CARTESIAN_POINT('',(-25.0064534779416,-1.26276840239229,-16.425));
#1588=DIRECTION('',(0.0,0.0,1.0));
#1589=DIRECTION('',(1.0,0.0,0.0));
#1590=ORIENTED_EDGE('',*,*,#2411,.T.);
#1591=ORIENTED_EDGE('',*,*,#2414,.T.);
#1592=ORIENTED_EDGE('',*,*,#2229,.T.);
#1593=ORIENTED_EDGE('',*,*,#2291,.F.);
#1594=CARTESIAN_POINT('',(-24.852181,-0.761551108583667,-16.075));
#1595=DIRECTION('',(-1.0,0.0,0.0));
#1596=DIRECTION('',(0.0,0.0,1.0));
#1597=ORIENTED_EDGE('',*,*,#2297,.T.);
#1598=ORIENTED_EDGE('',*,*,#2410,.T.);
#1599=ORIENTED_EDGE('',*,*,#2311,.T.);
#1600=ORIENTED_EDGE('',*,*,#2412,.T.);
#1601=CARTESIAN_POINT('',(-27.6736834,2.169531,-16.15));
#1602=DIRECTION('',(5.60976323348314E-18,-0.242535625036333,-0.970142500145332));
#1603=DIRECTION('',(0.0,-0.970142500145332,0.242535625036333));
#1604=ORIENTED_EDGE('',*,*,#2415,.F.);
#1605=ORIENTED_EDGE('',*,*,#2416,.T.);
#1606=ORIENTED_EDGE('',*,*,#2417,.F.);
#1607=ORIENTED_EDGE('',*,*,#2418,.T.);
#1608=CARTESIAN_POINT('',(-25.127181,2.169531,-9.825));
#1609=DIRECTION('',(-0.970142500145332,0.242535625036333,0.0));
#1610=DIRECTION('',(0.0,0.0,1.0));
#1611=ORIENTED_EDGE('',*,*,#2419,.T.);
#1612=ORIENTED_EDGE('',*,*,#2420,.F.);
#1613=ORIENTED_EDGE('',*,*,#2421,.T.);
#1614=ORIENTED_EDGE('',*,*,#2422,.T.);
#1615=CARTESIAN_POINT('',(-24.927181,-3.830469,-8.575));
#1616=DIRECTION('',(-0.0,1.0,0.0));
#1617=DIRECTION('',(1.0,0.0,0.0));
#1618=ORIENTED_EDGE('',*,*,#2423,.F.);
#1619=ORIENTED_EDGE('',*,*,#2231,.T.);
#1620=ORIENTED_EDGE('',*,*,#2424,.T.);
#1621=ORIENTED_EDGE('',*,*,#2425,.T.);
#1622=CARTESIAN_POINT('',(-25.202181,-6.130469,-8.925));
#1623=DIRECTION('',(1.0,0.0,0.0));
#1624=DIRECTION('',(0.0,1.0,0.0));
#1625=ORIENTED_EDGE('',*,*,#2232,.F.);
#1626=ORIENTED_EDGE('',*,*,#2423,.T.);
#1627=ORIENTED_EDGE('',*,*,#2426,.T.);
#1628=ORIENTED_EDGE('',*,*,#2427,.T.);
#1629=CARTESIAN_POINT('',(-25.202181,-0.899386891416333,-8.575));
#1630=DIRECTION('',(0.0,0.0,1.0));
#1631=DIRECTION('',(1.0,0.0,0.0));
#1632=ORIENTED_EDGE('',*,*,#2422,.F.);
#1633=ORIENTED_EDGE('',*,*,#2428,.F.);
#1634=ORIENTED_EDGE('',*,*,#2426,.F.);
#1635=ORIENTED_EDGE('',*,*,#2429,.F.);
#1636=CARTESIAN_POINT('',(-27.6736834,-3.830469,-8.65));
#1637=DIRECTION('',(-5.60976323348314E-18,-0.242535625036333,0.970142500145332));
#1638=DIRECTION('',(-1.0,2.31296463463575E-17,0.0));
#1639=ORIENTED_EDGE('',*,*,#2430,.T.);
#1640=ORIENTED_EDGE('',*,*,#2431,.F.);
#1641=ORIENTED_EDGE('',*,*,#2420,.T.);
#1642=ORIENTED_EDGE('',*,*,#2432,.F.);
#1643=CARTESIAN_POINT('',(-27.6736834,-3.530469,-8.925));
#1644=DIRECTION('',(-5.60976323348314E-18,-0.242535625036333,-0.970142500145332));
#1645=DIRECTION('',(0.0,-0.970142500145332,0.242535625036333));
#1646=ORIENTED_EDGE('',*,*,#2433,.F.);
#1647=ORIENTED_EDGE('',*,*,#2428,.T.);
#1648=ORIENTED_EDGE('',*,*,#2421,.F.);
#1649=ORIENTED_EDGE('',*,*,#2431,.T.);
#1650=CARTESIAN_POINT('',(-24.852181,-3.530469,-8.575));
#1651=DIRECTION('',(-0.970142500145332,0.242535625036333,0.0));
#1652=DIRECTION('',(0.0,0.0,1.0));
#1653=ORIENTED_EDGE('',*,*,#2433,.T.);
#1654=ORIENTED_EDGE('',*,*,#2434,.T.);
#1655=ORIENTED_EDGE('',*,*,#2233,.T.);
#1656=ORIENTED_EDGE('',*,*,#2427,.F.);
#1657=CARTESIAN_POINT('',(-24.852181,-0.761551108583667,-8.575));
#1658=DIRECTION('',(-1.0,0.0,0.0));
#1659=DIRECTION('',(0.0,0.0,1.0));
#1660=ORIENTED_EDGE('',*,*,#2234,.T.);
#1661=ORIENTED_EDGE('',*,*,#2434,.F.);
#1662=ORIENTED_EDGE('',*,*,#2430,.F.);
#1663=ORIENTED_EDGE('',*,*,#2424,.F.);
#1664=CARTESIAN_POINT('',(-25.0064534779416,-1.26276840239229,-8.925));
#1665=DIRECTION('',(0.0,0.0,1.0));
#1666=DIRECTION('',(1.0,0.0,0.0));
#1667=ORIENTED_EDGE('',*,*,#2425,.F.);
#1668=ORIENTED_EDGE('',*,*,#2432,.T.);
#1669=ORIENTED_EDGE('',*,*,#2419,.F.);
#1670=ORIENTED_EDGE('',*,*,#2429,.T.);
#1671=CARTESIAN_POINT('',(-25.127181,-3.830469,-8.575));
#1672=DIRECTION('',(0.970142500145332,0.242535625036333,0.0));
#1673=DIRECTION('',(0.0,0.0,-1.0));
#1674=ORIENTED_EDGE('',*,*,#2236,.T.);
#1675=ORIENTED_EDGE('',*,*,#2435,.F.);
#1676=ORIENTED_EDGE('',*,*,#2436,.F.);
#1677=ORIENTED_EDGE('',*,*,#2437,.F.);
#1678=CARTESIAN_POINT('',(-25.0064534779416,-1.26276840239229,-7.675));
#1679=DIRECTION('',(0.0,0.0,1.0));
#1680=DIRECTION('',(1.0,0.0,0.0));
#1681=ORIENTED_EDGE('',*,*,#2438,.T.);
#1682=ORIENTED_EDGE('',*,*,#2435,.T.);
#1683=ORIENTED_EDGE('',*,*,#2235,.T.);
#1684=ORIENTED_EDGE('',*,*,#2439,.F.);
#1685=CARTESIAN_POINT('',(-24.852181,-0.761551108583667,-7.325));
#1686=DIRECTION('',(-1.0,0.0,0.0));
#1687=DIRECTION('',(0.0,0.0,1.0));
#1688=ORIENTED_EDGE('',*,*,#2436,.T.);
#1689=ORIENTED_EDGE('',*,*,#2440,.F.);
#1690=ORIENTED_EDGE('',*,*,#2441,.T.);
#1691=ORIENTED_EDGE('',*,*,#2442,.F.);
#1692=CARTESIAN_POINT('',(-27.6736834,-3.530469,-7.675));
#1693=DIRECTION('',(-5.60976323348314E-18,-0.242535625036333,-0.970142500145332));
#1694=DIRECTION('',(0.0,-0.970142500145332,0.242535625036333));
#1695=ORIENTED_EDGE('',*,*,#2438,.F.);
#1696=ORIENTED_EDGE('',*,*,#2443,.T.);
#1697=ORIENTED_EDGE('',*,*,#2444,.F.);
#1698=ORIENTED_EDGE('',*,*,#2440,.T.);
#1699=CARTESIAN_POINT('',(-24.852181,-3.530469,-7.325));
#1700=DIRECTION('',(-0.970142500145332,0.242535625036333,0.0));
#1701=DIRECTION('',(0.0,0.0,1.0));
#1702=ORIENTED_EDGE('',*,*,#2445,.T.);
#1703=ORIENTED_EDGE('',*,*,#2441,.F.);
#1704=ORIENTED_EDGE('',*,*,#2444,.T.);
#1705=ORIENTED_EDGE('',*,*,#2446,.T.);
#1706=CARTESIAN_POINT('',(-24.927181,-3.830469,-7.325));
#1707=DIRECTION('',(-0.0,1.0,0.0));
#1708=DIRECTION('',(1.0,0.0,0.0));
#1709=ORIENTED_EDGE('',*,*,#2447,.F.);
#1710=ORIENTED_EDGE('',*,*,#2442,.T.);
#1711=ORIENTED_EDGE('',*,*,#2445,.F.);
#1712=ORIENTED_EDGE('',*,*,#2448,.T.);
#1713=CARTESIAN_POINT('',(-25.127181,-3.830469,-7.325));
#1714=DIRECTION('',(0.970142500145332,0.242535625036333,0.0));
#1715=DIRECTION('',(0.0,0.0,-1.0));
#1716=ORIENTED_EDGE('',*,*,#2446,.F.);
#1717=ORIENTED_EDGE('',*,*,#2443,.F.);
#1718=ORIENTED_EDGE('',*,*,#2449,.F.);
#1719=ORIENTED_EDGE('',*,*,#2448,.F.);
#1720=CARTESIAN_POINT('',(-27.6736834,-3.830469,-7.4));
#1721=DIRECTION('',(-5.60976323348314E-18,-0.242535625036333,0.970142500145332));
#1722=DIRECTION('',(-1.0,2.31296463463575E-17,0.0));
#1723=ORIENTED_EDGE('',*,*,#2238,.F.);
#1724=ORIENTED_EDGE('',*,*,#2450,.T.);
#1725=ORIENTED_EDGE('',*,*,#2449,.T.);
#1726=ORIENTED_EDGE('',*,*,#2439,.T.);
#1727=CARTESIAN_POINT('',(-25.202181,-0.899386891416333,-7.325));
#1728=DIRECTION('',(0.0,0.0,1.0));
#1729=DIRECTION('',(1.0,0.0,0.0));
#1730=ORIENTED_EDGE('',*,*,#2450,.F.);
#1731=ORIENTED_EDGE('',*,*,#2237,.T.);
#1732=ORIENTED_EDGE('',*,*,#2437,.T.);
#1733=ORIENTED_EDGE('',*,*,#2447,.T.);
#1734=CARTESIAN_POINT('',(-25.202181,-6.130469,-7.675));
#1735=DIRECTION('',(1.0,0.0,0.0));
#1736=DIRECTION('',(0.0,1.0,0.0));
#1737=ORIENTED_EDGE('',*,*,#2451,.T.);
#1738=ORIENTED_EDGE('',*,*,#2452,.F.);
#1739=ORIENTED_EDGE('',*,*,#2453,.T.);
#1740=ORIENTED_EDGE('',*,*,#2454,.T.);
#1741=CARTESIAN_POINT('',(-24.927181,-3.830469,-9.825));
#1742=DIRECTION('',(-0.0,1.0,0.0));
#1743=DIRECTION('',(1.0,0.0,0.0));
#1744=ORIENTED_EDGE('',*,*,#2455,.F.);
#1745=ORIENTED_EDGE('',*,*,#2239,.T.);
#1746=ORIENTED_EDGE('',*,*,#2456,.T.);
#1747=ORIENTED_EDGE('',*,*,#2457,.T.);
#1748=CARTESIAN_POINT('',(-25.202181,-6.130469,-10.175));
#1749=DIRECTION('',(1.0,0.0,0.0));
#1750=DIRECTION('',(0.0,1.0,0.0));
#1751=ORIENTED_EDGE('',*,*,#2240,.F.);
#1752=ORIENTED_EDGE('',*,*,#2455,.T.);
#1753=ORIENTED_EDGE('',*,*,#2458,.T.);
#1754=ORIENTED_EDGE('',*,*,#2459,.T.);
#1755=CARTESIAN_POINT('',(-25.202181,-0.899386891416333,-9.825));
#1756=DIRECTION('',(0.0,0.0,1.0));
#1757=DIRECTION('',(1.0,0.0,0.0));
#1758=ORIENTED_EDGE('',*,*,#2454,.F.);
#1759=ORIENTED_EDGE('',*,*,#2460,.F.);
#1760=ORIENTED_EDGE('',*,*,#2458,.F.);
#1761=ORIENTED_EDGE('',*,*,#2461,.F.);
#1762=CARTESIAN_POINT('',(-27.6736834,-3.830469,-9.9));
#1763=DIRECTION('',(-5.60976323348314E-18,-0.242535625036333,0.970142500145332));
#1764=DIRECTION('',(-1.0,2.31296463463575E-17,0.0));
#1765=ORIENTED_EDGE('',*,*,#2462,.T.);
#1766=ORIENTED_EDGE('',*,*,#2463,.F.);
#1767=ORIENTED_EDGE('',*,*,#2452,.T.);
#1768=ORIENTED_EDGE('',*,*,#2464,.F.);
#1769=CARTESIAN_POINT('',(-27.6736834,-3.530469,-10.175));
#1770=DIRECTION('',(-5.60976323348314E-18,-0.242535625036333,-0.970142500145332));
#1771=DIRECTION('',(0.0,-0.970142500145332,0.242535625036333));
#1772=ORIENTED_EDGE('',*,*,#2465,.F.);
#1773=ORIENTED_EDGE('',*,*,#2460,.T.);
#1774=ORIENTED_EDGE('',*,*,#2453,.F.);
#1775=ORIENTED_EDGE('',*,*,#2463,.T.);
#1776=CARTESIAN_POINT('',(-24.852181,-3.530469,-9.825));
#1777=DIRECTION('',(-0.970142500145332,0.242535625036333,0.0));
#1778=DIRECTION('',(0.0,0.0,1.0));
#1779=ORIENTED_EDGE('',*,*,#2465,.T.);
#1780=ORIENTED_EDGE('',*,*,#2466,.T.);
#1781=ORIENTED_EDGE('',*,*,#2241,.T.);
#1782=ORIENTED_EDGE('',*,*,#2459,.F.);
#1783=CARTESIAN_POINT('',(-24.852181,-0.761551108583667,-9.825));
#1784=DIRECTION('',(-1.0,0.0,0.0));
#1785=DIRECTION('',(0.0,0.0,1.0));
#1786=ORIENTED_EDGE('',*,*,#2242,.T.);
#1787=ORIENTED_EDGE('',*,*,#2466,.F.);
#1788=ORIENTED_EDGE('',*,*,#2462,.F.);
#1789=ORIENTED_EDGE('',*,*,#2456,.F.);
#1790=CARTESIAN_POINT('',(-25.0064534779416,-1.26276840239229,-10.175));
#1791=DIRECTION('',(0.0,0.0,1.0));
#1792=DIRECTION('',(1.0,0.0,0.0));
#1793=ORIENTED_EDGE('',*,*,#2457,.F.);
#1794=ORIENTED_EDGE('',*,*,#2464,.T.);
#1795=ORIENTED_EDGE('',*,*,#2451,.F.);
#1796=ORIENTED_EDGE('',*,*,#2461,.T.);
#1797=CARTESIAN_POINT('',(-25.127181,-3.830469,-9.825));
#1798=DIRECTION('',(0.970142500145332,0.242535625036333,0.0));
#1799=DIRECTION('',(0.0,0.0,-1.0));
#1800=ORIENTED_EDGE('',*,*,#2467,.T.);
#1801=ORIENTED_EDGE('',*,*,#2468,.F.);
#1802=ORIENTED_EDGE('',*,*,#2469,.T.);
#1803=ORIENTED_EDGE('',*,*,#2470,.T.);
#1804=CARTESIAN_POINT('',(-24.927181,-3.830469,-11.075));
#1805=DIRECTION('',(-0.0,1.0,0.0));
#1806=DIRECTION('',(1.0,0.0,0.0));
#1807=ORIENTED_EDGE('',*,*,#2471,.F.);
#1808=ORIENTED_EDGE('',*,*,#2243,.T.);
#1809=ORIENTED_EDGE('',*,*,#2472,.T.);
#1810=ORIENTED_EDGE('',*,*,#2473,.T.);
#1811=CARTESIAN_POINT('',(-25.202181,-6.130469,-11.425));
#1812=DIRECTION('',(1.0,0.0,0.0));
#1813=DIRECTION('',(0.0,1.0,0.0));
#1814=ORIENTED_EDGE('',*,*,#2244,.F.);
#1815=ORIENTED_EDGE('',*,*,#2471,.T.);
#1816=ORIENTED_EDGE('',*,*,#2474,.T.);
#1817=ORIENTED_EDGE('',*,*,#2475,.T.);
#1818=CARTESIAN_POINT('',(-25.202181,-0.899386891416333,-11.075));
#1819=DIRECTION('',(0.0,0.0,1.0));
#1820=DIRECTION('',(1.0,0.0,0.0));
#1821=ORIENTED_EDGE('',*,*,#2470,.F.);
#1822=ORIENTED_EDGE('',*,*,#2476,.F.);
#1823=ORIENTED_EDGE('',*,*,#2474,.F.);
#1824=ORIENTED_EDGE('',*,*,#2477,.F.);
#1825=CARTESIAN_POINT('',(-27.6736834,-3.830469,-11.15));
#1826=DIRECTION('',(-5.60976323348314E-18,-0.242535625036333,0.970142500145332));
#1827=DIRECTION('',(-1.0,2.31296463463575E-17,0.0));
#1828=ORIENTED_EDGE('',*,*,#2478,.T.);
#1829=ORIENTED_EDGE('',*,*,#2479,.F.);
#1830=ORIENTED_EDGE('',*,*,#2468,.T.);
#1831=ORIENTED_EDGE('',*,*,#2480,.F.);
#1832=CARTESIAN_POINT('',(-27.6736834,-3.530469,-11.425));
#1833=DIRECTION('',(-5.60976323348314E-18,-0.242535625036333,-0.970142500145332));
#1834=DIRECTION('',(0.0,-0.970142500145332,0.242535625036333));
#1835=ORIENTED_EDGE('',*,*,#2481,.F.);
#1836=ORIENTED_EDGE('',*,*,#2476,.T.);
#1837=ORIENTED_EDGE('',*,*,#2469,.F.);
#1838=ORIENTED_EDGE('',*,*,#2479,.T.);
#1839=CARTESIAN_POINT('',(-24.852181,-3.530469,-11.075));
#1840=DIRECTION('',(-0.970142500145332,0.242535625036333,0.0));
#1841=DIRECTION('',(0.0,0.0,1.0));
#1842=ORIENTED_EDGE('',*,*,#2481,.T.);
#1843=ORIENTED_EDGE('',*,*,#2482,.T.);
#1844=ORIENTED_EDGE('',*,*,#2245,.T.);
#1845=ORIENTED_EDGE('',*,*,#2475,.F.);
#1846=CARTESIAN_POINT('',(-24.852181,-0.761551108583667,-11.075));
#1847=DIRECTION('',(-1.0,0.0,0.0));
#1848=DIRECTION('',(0.0,0.0,1.0));
#1849=ORIENTED_EDGE('',*,*,#2246,.T.);
#1850=ORIENTED_EDGE('',*,*,#2482,.F.);
#1851=ORIENTED_EDGE('',*,*,#2478,.F.);
#1852=ORIENTED_EDGE('',*,*,#2472,.F.);
#1853=CARTESIAN_POINT('',(-25.0064534779416,-1.26276840239229,-11.425));
#1854=DIRECTION('',(0.0,0.0,1.0));
#1855=DIRECTION('',(1.0,0.0,0.0));
#1856=ORIENTED_EDGE('',*,*,#2473,.F.);
#1857=ORIENTED_EDGE('',*,*,#2480,.T.);
#1858=ORIENTED_EDGE('',*,*,#2467,.F.);
#1859=ORIENTED_EDGE('',*,*,#2477,.T.);
#1860=CARTESIAN_POINT('',(-25.127181,-3.830469,-11.075));
#1861=DIRECTION('',(0.970142500145332,0.242535625036333,0.0));
#1862=DIRECTION('',(0.0,0.0,-1.0));
#1863=ORIENTED_EDGE('',*,*,#2218,.T.);
#1864=ORIENTED_EDGE('',*,*,#2302,.T.);
#1865=ORIENTED_EDGE('',*,*,#2483,.T.);
#1866=ORIENTED_EDGE('',*,*,#2484,.F.);
#1867=ORIENTED_EDGE('',*,*,#2485,.F.);
#1868=ORIENTED_EDGE('',*,*,#2486,.F.);
#1869=ORIENTED_EDGE('',*,*,#2487,.F.);
#1870=ORIENTED_EDGE('',*,*,#2488,.F.);
#1871=CARTESIAN_POINT('',(-25.318488408855,-2.27214112744177,-6.05));
#1872=DIRECTION('',(0.0,0.0,1.0));
#1873=DIRECTION('',(1.0,0.0,0.0));
#1874=ORIENTED_EDGE('',*,*,#2194,.T.);
#1875=ORIENTED_EDGE('',*,*,#2489,.F.);
#1876=ORIENTED_EDGE('',*,*,#2490,.T.);
#1877=ORIENTED_EDGE('',*,*,#2483,.F.);
#1878=ORIENTED_EDGE('',*,*,#2301,.F.);
#1879=ORIENTED_EDGE('',*,*,#2396,.T.);
#1880=ORIENTED_EDGE('',*,*,#2344,.F.);
#1881=ORIENTED_EDGE('',*,*,#2316,.T.);
#1882=CARTESIAN_POINT('',(-24.117181,2.769531,-12.2));
#1883=DIRECTION('',(9.00424483238364E-15,-1.0,0.0));
#1884=DIRECTION('',(0.0,0.0,-1.0));
#1885=ORIENTED_EDGE('',*,*,#2491,.F.);
#1886=ORIENTED_EDGE('',*,*,#2492,.T.);
#1887=ORIENTED_EDGE('',*,*,#2493,.F.);
#1888=ORIENTED_EDGE('',*,*,#2494,.T.);
#1889=CARTESIAN_POINT('',(-24.852181,1.869531,-9.825));
#1890=DIRECTION('',(0.970142500145332,0.242535625036333,0.0));
#1891=DIRECTION('',(0.0,0.0,-1.0));
#1892=ORIENTED_EDGE('',*,*,#2495,.F.);
#1893=ORIENTED_EDGE('',*,*,#2484,.T.);
#1894=ORIENTED_EDGE('',*,*,#2490,.F.);
#1895=ORIENTED_EDGE('',*,*,#2496,.F.);
#1896=CARTESIAN_POINT('',(-24.992181,2.769531,-6.55));
#1897=DIRECTION('',(1.0,-1.14383329197221E-17,0.0));
#1898=DIRECTION('',(-1.14383329197221E-17,-1.0,0.0));
#1899=ORIENTED_EDGE('',*,*,#2497,.T.);
#1900=ORIENTED_EDGE('',*,*,#2485,.T.);
#1901=ORIENTED_EDGE('',*,*,#2495,.T.);
#1902=ORIENTED_EDGE('',*,*,#2498,.F.);
#1903=CARTESIAN_POINT('',(-25.4024247553731,1.769531,-5.95332635927888));
#1904=DIRECTION('',(-1.22460635382238E-16,-1.0,0.0));
#1905=DIRECTION('',(-1.0,1.22460635382238E-16,0.0));
#1906=ORIENTED_EDGE('',*,*,#2499,.F.);
#1907=ORIENTED_EDGE('',*,*,#2500,.F.);
#1908=ORIENTED_EDGE('',*,*,#2486,.T.);
#1909=ORIENTED_EDGE('',*,*,#2497,.F.);
#1910=CARTESIAN_POINT('',(-25.792181,2.669531,-6.05));
#1911=DIRECTION('',(1.0,0.0,0.0));
#1912=DIRECTION('',(0.0,1.0,0.0));
#1913=ORIENTED_EDGE('',*,*,#2499,.T.);
#1914=ORIENTED_EDGE('',*,*,#2498,.T.);
#1915=ORIENTED_EDGE('',*,*,#2496,.T.);
#1916=ORIENTED_EDGE('',*,*,#2489,.T.);
#1917=ORIENTED_EDGE('',*,*,#2193,.F.);
#1918=ORIENTED_EDGE('',*,*,#2362,.T.);
#1919=ORIENTED_EDGE('',*,*,#2388,.T.);
#1920=ORIENTED_EDGE('',*,*,#2501,.F.);
#1921=CARTESIAN_POINT('',(-25.2508593649965,-0.647956744658188,-6.55));
#1922=DIRECTION('',(0.0,0.0,-1.0));
#1923=DIRECTION('',(0.0,-1.0,0.0));
#1924=ORIENTED_EDGE('',*,*,#2387,.T.);
#1925=ORIENTED_EDGE('',*,*,#2383,.F.);
#1926=ORIENTED_EDGE('',*,*,#2502,.F.);
#1927=ORIENTED_EDGE('',*,*,#2487,.T.);
#1928=ORIENTED_EDGE('',*,*,#2500,.T.);
#1929=ORIENTED_EDGE('',*,*,#2501,.T.);
#1930=CARTESIAN_POINT('',(-26.567181,2.769531,-6.55));
#1931=DIRECTION('',(-0.0,1.0,0.0));
#1932=DIRECTION('',(1.0,0.0,0.0));
#1933=ORIENTED_EDGE('',*,*,#2380,.T.);
#1934=ORIENTED_EDGE('',*,*,#2503,.F.);
#1935=ORIENTED_EDGE('',*,*,#2418,.F.);
#1936=ORIENTED_EDGE('',*,*,#2326,.T.);
#1937=CARTESIAN_POINT('',(-25.202181,-6.130469,-10.175));
#1938=DIRECTION('',(1.0,0.0,0.0));
#1939=DIRECTION('',(0.0,1.0,0.0));
#1940=ORIENTED_EDGE('',*,*,#2352,.F.);
#1941=ORIENTED_EDGE('',*,*,#2340,.T.);
#1942=ORIENTED_EDGE('',*,*,#2391,.F.);
#1943=ORIENTED_EDGE('',*,*,#2394,.F.);
#1944=ORIENTED_EDGE('',*,*,#2215,.F.);
#1945=ORIENTED_EDGE('',*,*,#2488,.T.);
#1946=ORIENTED_EDGE('',*,*,#2502,.T.);
#1947=ORIENTED_EDGE('',*,*,#2385,.F.);
#1948=CARTESIAN_POINT('',(-27.217181,-1.530469,-19.4674976));
#1949=DIRECTION('',(1.0,2.44921270764475E-16,0.0));
#1950=DIRECTION('',(-2.44921270764475E-16,1.0,0.0));
#1951=ORIENTED_EDGE('',*,*,#2504,.F.);
#1952=ORIENTED_EDGE('',*,*,#2505,.F.);
#1953=ORIENTED_EDGE('',*,*,#2506,.T.);
#1954=ORIENTED_EDGE('',*,*,#2507,.F.);
#1955=CARTESIAN_POINT('',(-24.927181,2.169531,-11.075));
#1956=DIRECTION('',(-0.0,1.0,0.0));
#1957=DIRECTION('',(1.0,0.0,0.0));
#1958=ORIENTED_EDGE('',*,*,#2366,.T.);
#1959=ORIENTED_EDGE('',*,*,#2508,.T.);
#1960=ORIENTED_EDGE('',*,*,#2509,.F.);
#1961=ORIENTED_EDGE('',*,*,#2510,.F.);
#1962=CARTESIAN_POINT('',(-24.852181,-0.761551108583667,-11.075));
#1963=DIRECTION('',(-1.0,0.0,0.0));
#1964=DIRECTION('',(0.0,0.0,1.0));
#1965=ORIENTED_EDGE('',*,*,#2510,.T.);
#1966=ORIENTED_EDGE('',*,*,#2511,.F.);
#1967=ORIENTED_EDGE('',*,*,#2512,.T.);
#1968=ORIENTED_EDGE('',*,*,#2367,.F.);
#1969=CARTESIAN_POINT('',(-25.202181,-0.899386891416333,-11.075));
#1970=DIRECTION('',(0.0,0.0,1.0));
#1971=DIRECTION('',(1.0,0.0,0.0));
#1972=ORIENTED_EDGE('',*,*,#2513,.T.);
#1973=ORIENTED_EDGE('',*,*,#2511,.T.);
#1974=ORIENTED_EDGE('',*,*,#2514,.T.);
#1975=ORIENTED_EDGE('',*,*,#2504,.T.);
#1976=CARTESIAN_POINT('',(-27.6736834,2.169531,-11.15));
#1977=DIRECTION('',(5.60976323348314E-18,-0.242535625036333,-0.970142500145332));
#1978=DIRECTION('',(0.0,-0.970142500145332,0.242535625036333));
#1979=ORIENTED_EDGE('',*,*,#2515,.T.);
#1980=ORIENTED_EDGE('',*,*,#2506,.F.);
#1981=ORIENTED_EDGE('',*,*,#2516,.T.);
#1982=ORIENTED_EDGE('',*,*,#2517,.F.);
#1983=CARTESIAN_POINT('',(-27.6736834,1.869531,-11.425));
#1984=DIRECTION('',(5.60976323348314E-18,-0.242535625036333,0.970142500145332));
#1985=DIRECTION('',(-1.0,-2.31296463463575E-17,0.0));
#1986=ORIENTED_EDGE('',*,*,#2513,.F.);
#1987=ORIENTED_EDGE('',*,*,#2507,.T.);
#1988=ORIENTED_EDGE('',*,*,#2515,.F.);
#1989=ORIENTED_EDGE('',*,*,#2518,.T.);
#1990=CARTESIAN_POINT('',(-25.127181,2.169531,-11.075));
#1991=DIRECTION('',(-0.970142500145332,0.242535625036333,0.0));
#1992=DIRECTION('',(0.0,0.0,1.0));
#1993=ORIENTED_EDGE('',*,*,#2368,.T.);
#1994=ORIENTED_EDGE('',*,*,#2512,.F.);
#1995=ORIENTED_EDGE('',*,*,#2518,.F.);
#1996=ORIENTED_EDGE('',*,*,#2519,.T.);
#1997=CARTESIAN_POINT('',(-25.202181,-6.130469,-11.425));
#1998=DIRECTION('',(1.0,0.0,0.0));
#1999=DIRECTION('',(0.0,1.0,0.0));
#2000=ORIENTED_EDGE('',*,*,#2508,.F.);
#2001=ORIENTED_EDGE('',*,*,#2369,.T.);
#2002=ORIENTED_EDGE('',*,*,#2519,.F.);
#2003=ORIENTED_EDGE('',*,*,#2517,.T.);
#2004=CARTESIAN_POINT('',(-25.0064534779416,-1.26276840239229,-11.425));
#2005=DIRECTION('',(0.0,0.0,1.0));
#2006=DIRECTION('',(1.0,0.0,0.0));
#2007=ORIENTED_EDGE('',*,*,#2516,.F.);
#2008=ORIENTED_EDGE('',*,*,#2505,.T.);
#2009=ORIENTED_EDGE('',*,*,#2514,.F.);
#2010=ORIENTED_EDGE('',*,*,#2509,.T.);
#2011=CARTESIAN_POINT('',(-24.852181,1.869531,-11.075));
#2012=DIRECTION('',(0.970142500145332,0.242535625036333,0.0));
#2013=DIRECTION('',(0.0,0.0,-1.0));
#2014=ORIENTED_EDGE('',*,*,#2520,.F.);
#2015=ORIENTED_EDGE('',*,*,#2521,.F.);
#2016=ORIENTED_EDGE('',*,*,#2522,.T.);
#2017=ORIENTED_EDGE('',*,*,#2523,.F.);
#2018=CARTESIAN_POINT('',(-24.927181,2.169531,-8.575));
#2019=DIRECTION('',(-0.0,1.0,0.0));
#2020=DIRECTION('',(1.0,0.0,0.0));
#2021=ORIENTED_EDGE('',*,*,#2370,.T.);
#2022=ORIENTED_EDGE('',*,*,#2524,.T.);
#2023=ORIENTED_EDGE('',*,*,#2525,.F.);
#2024=ORIENTED_EDGE('',*,*,#2526,.F.);
#2025=CARTESIAN_POINT('',(-24.852181,-0.761551108583667,-8.575));
#2026=DIRECTION('',(-1.0,0.0,0.0));
#2027=DIRECTION('',(0.0,0.0,1.0));
#2028=ORIENTED_EDGE('',*,*,#2526,.T.);
#2029=ORIENTED_EDGE('',*,*,#2527,.F.);
#2030=ORIENTED_EDGE('',*,*,#2528,.T.);
#2031=ORIENTED_EDGE('',*,*,#2371,.F.);
#2032=CARTESIAN_POINT('',(-25.202181,-0.899386891416333,-8.575));
#2033=DIRECTION('',(0.0,0.0,1.0));
#2034=DIRECTION('',(1.0,0.0,0.0));
#2035=ORIENTED_EDGE('',*,*,#2529,.T.);
#2036=ORIENTED_EDGE('',*,*,#2527,.T.);
#2037=ORIENTED_EDGE('',*,*,#2530,.T.);
#2038=ORIENTED_EDGE('',*,*,#2520,.T.);
#2039=CARTESIAN_POINT('',(-27.6736834,2.169531,-8.65));
#2040=DIRECTION('',(5.60976323348314E-18,-0.242535625036333,-0.970142500145332));
#2041=DIRECTION('',(0.0,-0.970142500145332,0.242535625036333));
#2042=ORIENTED_EDGE('',*,*,#2531,.T.);
#2043=ORIENTED_EDGE('',*,*,#2522,.F.);
#2044=ORIENTED_EDGE('',*,*,#2532,.T.);
#2045=ORIENTED_EDGE('',*,*,#2533,.F.);
#2046=CARTESIAN_POINT('',(-27.6736834,1.869531,-8.925));
#2047=DIRECTION('',(5.60976323348314E-18,-0.242535625036333,0.970142500145332));
#2048=DIRECTION('',(-1.0,-2.31296463463575E-17,0.0));
#2049=ORIENTED_EDGE('',*,*,#2529,.F.);
#2050=ORIENTED_EDGE('',*,*,#2523,.T.);
#2051=ORIENTED_EDGE('',*,*,#2531,.F.);
#2052=ORIENTED_EDGE('',*,*,#2534,.T.);
#2053=CARTESIAN_POINT('',(-25.127181,2.169531,-8.575));
#2054=DIRECTION('',(-0.970142500145332,0.242535625036333,0.0));
#2055=DIRECTION('',(0.0,0.0,1.0));
#2056=ORIENTED_EDGE('',*,*,#2372,.T.);
#2057=ORIENTED_EDGE('',*,*,#2528,.F.);
#2058=ORIENTED_EDGE('',*,*,#2534,.F.);
#2059=ORIENTED_EDGE('',*,*,#2535,.T.);
#2060=CARTESIAN_POINT('',(-25.202181,-6.130469,-8.925));
#2061=DIRECTION('',(1.0,0.0,0.0));
#2062=DIRECTION('',(0.0,1.0,0.0));
#2063=ORIENTED_EDGE('',*,*,#2524,.F.);
#2064=ORIENTED_EDGE('',*,*,#2373,.T.);
#2065=ORIENTED_EDGE('',*,*,#2535,.F.);
#2066=ORIENTED_EDGE('',*,*,#2533,.T.);
#2067=CARTESIAN_POINT('',(-25.0064534779416,-1.26276840239229,-8.925));
#2068=DIRECTION('',(0.0,0.0,1.0));
#2069=DIRECTION('',(1.0,0.0,0.0));
#2070=ORIENTED_EDGE('',*,*,#2532,.F.);
#2071=ORIENTED_EDGE('',*,*,#2521,.T.);
#2072=ORIENTED_EDGE('',*,*,#2530,.F.);
#2073=ORIENTED_EDGE('',*,*,#2525,.T.);
#2074=CARTESIAN_POINT('',(-24.852181,1.869531,-8.575));
#2075=DIRECTION('',(0.970142500145332,0.242535625036333,0.0));
#2076=DIRECTION('',(0.0,0.0,-1.0));
#2077=ORIENTED_EDGE('',*,*,#2536,.F.);
#2078=ORIENTED_EDGE('',*,*,#2537,.F.);
#2079=ORIENTED_EDGE('',*,*,#2538,.T.);
#2080=ORIENTED_EDGE('',*,*,#2539,.F.);
#2081=CARTESIAN_POINT('',(-24.927181,2.169531,-7.325));
#2082=DIRECTION('',(-0.0,1.0,0.0));
#2083=DIRECTION('',(1.0,0.0,0.0));
#2084=ORIENTED_EDGE('',*,*,#2374,.T.);
#2085=ORIENTED_EDGE('',*,*,#2540,.T.);
#2086=ORIENTED_EDGE('',*,*,#2541,.F.);
#2087=ORIENTED_EDGE('',*,*,#2542,.F.);
#2088=CARTESIAN_POINT('',(-24.852181,-0.761551108583667,-7.325));
#2089=DIRECTION('',(-1.0,0.0,0.0));
#2090=DIRECTION('',(0.0,0.0,1.0));
#2091=ORIENTED_EDGE('',*,*,#2542,.T.);
#2092=ORIENTED_EDGE('',*,*,#2543,.F.);
#2093=ORIENTED_EDGE('',*,*,#2544,.T.);
#2094=ORIENTED_EDGE('',*,*,#2375,.F.);
#2095=CARTESIAN_POINT('',(-25.202181,-0.899386891416333,-7.325));
#2096=DIRECTION('',(0.0,0.0,1.0));
#2097=DIRECTION('',(1.0,0.0,0.0));
#2098=ORIENTED_EDGE('',*,*,#2545,.T.);
#2099=ORIENTED_EDGE('',*,*,#2543,.T.);
#2100=ORIENTED_EDGE('',*,*,#2546,.T.);
#2101=ORIENTED_EDGE('',*,*,#2536,.T.);
#2102=CARTESIAN_POINT('',(-27.6736834,2.169531,-7.4));
#2103=DIRECTION('',(5.60976323348314E-18,-0.242535625036333,-0.970142500145332));
#2104=DIRECTION('',(0.0,-0.970142500145332,0.242535625036333));
#2105=ORIENTED_EDGE('',*,*,#2547,.T.);
#2106=ORIENTED_EDGE('',*,*,#2538,.F.);
#2107=ORIENTED_EDGE('',*,*,#2548,.T.);
#2108=ORIENTED_EDGE('',*,*,#2549,.F.);
#2109=CARTESIAN_POINT('',(-27.6736834,1.869531,-7.675));
#2110=DIRECTION('',(5.60976323348314E-18,-0.242535625036333,0.970142500145332));
#2111=DIRECTION('',(-1.0,-2.31296463463575E-17,0.0));
#2112=ORIENTED_EDGE('',*,*,#2545,.F.);
#2113=ORIENTED_EDGE('',*,*,#2539,.T.);
#2114=ORIENTED_EDGE('',*,*,#2547,.F.);
#2115=ORIENTED_EDGE('',*,*,#2550,.T.);
#2116=CARTESIAN_POINT('',(-25.127181,2.169531,-7.325));
#2117=DIRECTION('',(-0.970142500145332,0.242535625036333,0.0));
#2118=DIRECTION('',(0.0,0.0,1.0));
#2119=ORIENTED_EDGE('',*,*,#2376,.T.);
#2120=ORIENTED_EDGE('',*,*,#2544,.F.);
#2121=ORIENTED_EDGE('',*,*,#2550,.F.);
#2122=ORIENTED_EDGE('',*,*,#2551,.T.);
#2123=CARTESIAN_POINT('',(-25.202181,-6.130469,-7.675));
#2124=DIRECTION('',(1.0,0.0,0.0));
#2125=DIRECTION('',(0.0,1.0,0.0));
#2126=ORIENTED_EDGE('',*,*,#2540,.F.);
#2127=ORIENTED_EDGE('',*,*,#2377,.T.);
#2128=ORIENTED_EDGE('',*,*,#2551,.F.);
#2129=ORIENTED_EDGE('',*,*,#2549,.T.);
#2130=CARTESIAN_POINT('',(-25.0064534779416,-1.26276840239229,-7.675));
#2131=DIRECTION('',(0.0,0.0,1.0));
#2132=DIRECTION('',(1.0,0.0,0.0));
#2133=ORIENTED_EDGE('',*,*,#2548,.F.);
#2134=ORIENTED_EDGE('',*,*,#2537,.T.);
#2135=ORIENTED_EDGE('',*,*,#2546,.F.);
#2136=ORIENTED_EDGE('',*,*,#2541,.T.);
#2137=CARTESIAN_POINT('',(-24.852181,1.869531,-7.325));
#2138=DIRECTION('',(0.970142500145332,0.242535625036333,0.0));
#2139=DIRECTION('',(0.0,0.0,-1.0));
#2140=ORIENTED_EDGE('',*,*,#2552,.F.);
#2141=ORIENTED_EDGE('',*,*,#2492,.F.);
#2142=ORIENTED_EDGE('',*,*,#2553,.T.);
#2143=ORIENTED_EDGE('',*,*,#2416,.F.);
#2144=CARTESIAN_POINT('',(-24.927181,2.169531,-9.825));
#2145=DIRECTION('',(-0.0,1.0,0.0));
#2146=DIRECTION('',(1.0,0.0,0.0));
#2147=ORIENTED_EDGE('',*,*,#2378,.T.);
#2148=ORIENTED_EDGE('',*,*,#2324,.T.);
#2149=ORIENTED_EDGE('',*,*,#2494,.F.);
#2150=ORIENTED_EDGE('',*,*,#2554,.F.);
#2151=CARTESIAN_POINT('',(-24.852181,-0.761551108583667,-9.825));
#2152=DIRECTION('',(-1.0,0.0,0.0));
#2153=DIRECTION('',(0.0,0.0,1.0));
#2154=ORIENTED_EDGE('',*,*,#2554,.T.);
#2155=ORIENTED_EDGE('',*,*,#2555,.F.);
#2156=ORIENTED_EDGE('',*,*,#2503,.T.);
#2157=ORIENTED_EDGE('',*,*,#2379,.F.);
#2158=CARTESIAN_POINT('',(-25.202181,-0.899386891416333,-9.825));
#2159=DIRECTION('',(0.0,0.0,1.0));
#2160=DIRECTION('',(1.0,0.0,0.0));
#2161=ORIENTED_EDGE('',*,*,#2415,.T.);
#2162=ORIENTED_EDGE('',*,*,#2555,.T.);
#2163=ORIENTED_EDGE('',*,*,#2493,.T.);
#2164=ORIENTED_EDGE('',*,*,#2552,.T.);
#2165=CARTESIAN_POINT('',(-27.6736834,2.169531,-9.9));
#2166=DIRECTION('',(5.60976323348314E-18,-0.242535625036333,-0.970142500145332));
#2167=DIRECTION('',(0.0,-0.970142500145332,0.242535625036333));
#2168=ORIENTED_EDGE('',*,*,#2417,.T.);
#2169=ORIENTED_EDGE('',*,*,#2553,.F.);
#2170=ORIENTED_EDGE('',*,*,#2491,.T.);
#2171=ORIENTED_EDGE('',*,*,#2327,.F.);
#2172=CARTESIAN_POINT('',(-27.6736834,1.869531,-10.175));
#2173=DIRECTION('',(5.60976323348314E-18,-0.242535625036333,0.970142500145332));
#2174=DIRECTION('',(-1.0,-2.31296463463575E-17,0.0));
#2175=COLOUR_RGB('',0.760784387588501,0.772549092769623,0.560784339904785);
#2176=EDGE_CURVE('',#2556,#2557,#2558,.T.);
#2177=EDGE_CURVE('',#2559,#2557,#2560,.T.);
#2178=EDGE_CURVE('',#2561,#2559,#2562,.T.);
#2179=EDGE_CURVE('',#2556,#2561,#2563,.T.);
#2180=EDGE_CURVE('',#2564,#2565,#2566,.T.);
#2181=EDGE_CURVE('',#2564,#2556,#2567,.T.);
#2182=EDGE_CURVE('',#2561,#2565,#2568,.T.);
#2183=EDGE_CURVE('',#2569,#2570,#2571,.T.);
#2184=EDGE_CURVE('',#2569,#2572,#2573,.T.);
#2185=EDGE_CURVE('',#2574,#2572,#2575,.T.);
#2186=EDGE_CURVE('',#2574,#2570,#2576,.T.);
#2187=EDGE_CURVE('',#2577,#2578,#2579,.T.);
#2188=EDGE_CURVE('',#2577,#2580,#2581,.T.);
#2189=EDGE_CURVE('',#2582,#2580,#2583,.T.);
#2190=EDGE_CURVE('',#2582,#2578,#2584,.T.);
#2191=EDGE_CURVE('',#2585,#2586,#2587,.T.);
#2192=EDGE_CURVE('',#2588,#2585,#2589,.T.);
#2193=EDGE_CURVE('',#2588,#2590,#2591,.T.);
#2194=EDGE_CURVE('',#2586,#2590,#2592,.T.);
#2195=EDGE_CURVE('',#2593,#2559,#2594,.T.);
#2196=EDGE_CURVE('',#2557,#2595,#2596,.T.);
#2197=EDGE_CURVE('',#2593,#2595,#2597,.T.);
#2198=EDGE_CURVE('',#2598,#2599,#2600,.T.);
#2199=EDGE_CURVE('',#2599,#2578,#2601,.T.);
#2200=EDGE_CURVE('',#2598,#2582,#2602,.T.);
#2201=EDGE_CURVE('',#2603,#2604,#2605,.T.);
#2202=EDGE_CURVE('',#2606,#2604,#2607,.T.);
#2203=EDGE_CURVE('',#2606,#2608,#2609,.T.);
#2204=EDGE_CURVE('',#2603,#2608,#2610,.T.);
#2205=EDGE_CURVE('',#2561,#2611,#2612,.T.);
#2206=EDGE_CURVE('',#2613,#2611,#2614,.T.);
#2207=EDGE_CURVE('',#2613,#2565,#2615,.T.);
#2208=EDGE_CURVE('',#2616,#2617,#2618,.T.);
#2209=EDGE_CURVE('',#2577,#2617,#2619,.T.);
#2210=EDGE_CURVE('',#2616,#2578,#2620,.T.);
#2211=EDGE_CURVE('',#2621,#2622,#2623,.T.);
#2212=EDGE_CURVE('',#2621,#2624,#2625,.T.);
#2213=EDGE_CURVE('',#2624,#2603,#2626,.T.);
#2214=EDGE_CURVE('',#2603,#2622,#2627,.T.);
#2215=EDGE_CURVE('',#2628,#2629,#2630,.T.);
#2216=EDGE_CURVE('',#2629,#2631,#2632,.T.);
#2217=EDGE_CURVE('',#2631,#2633,#2634,.T.);
#2218=EDGE_CURVE('',#2628,#2633,#2635,.T.);
#2219=EDGE_CURVE('',#2564,#2595,#2636,.T.);
#2220=EDGE_CURVE('',#2637,#2638,#2639,.T.);
#2221=EDGE_CURVE('',#2637,#2640,#2641,.T.);
#2222=EDGE_CURVE('',#2642,#2640,#2643,.T.);
#2223=EDGE_CURVE('',#2638,#2642,#2644,.T.);
#2224=EDGE_CURVE('',#2621,#2645,#2646,.T.);
#2225=EDGE_CURVE('',#2647,#2645,#2648,.T.);
#2226=EDGE_CURVE('',#2624,#2647,#2649,.T.);
#2227=EDGE_CURVE('',#2650,#2651,#2652,.T.);
#2228=EDGE_CURVE('',#2650,#2653,#2654,.T.);
#2229=EDGE_CURVE('',#2655,#2653,#2656,.T.);
#2230=EDGE_CURVE('',#2651,#2655,#2657,.T.);
#2231=EDGE_CURVE('',#2658,#2659,#2660,.T.);
#2232=EDGE_CURVE('',#2658,#2661,#2662,.T.);
#2233=EDGE_CURVE('',#2663,#2661,#2664,.T.);
#2234=EDGE_CURVE('',#2659,#2663,#2665,.T.);
#2235=EDGE_CURVE('',#2666,#2667,#2668,.T.);
#2236=EDGE_CURVE('',#2669,#2666,#2670,.T.);
#2237=EDGE_CURVE('',#2671,#2669,#2672,.T.);
#2238=EDGE_CURVE('',#2671,#2667,#2673,.T.);
#2239=EDGE_CURVE('',#2674,#2675,#2676,.T.);
#2240=EDGE_CURVE('',#2674,#2677,#2678,.T.);
#2241=EDGE_CURVE('',#2679,#2677,#2680,.T.);
#2242=EDGE_CURVE('',#2675,#2679,#2681,.T.);
#2243=EDGE_CURVE('',#2682,#2683,#2684,.T.);
#2244=EDGE_CURVE('',#2682,#2685,#2686,.T.);
#2245=EDGE_CURVE('',#2687,#2685,#2688,.T.);
#2246=EDGE_CURVE('',#2683,#2687,#2689,.T.);
#2247=EDGE_CURVE('',#2690,#2691,#2692,.T.);
#2248=EDGE_CURVE('',#2690,#2617,#2693,.T.);
#2249=EDGE_CURVE('',#2616,#2691,#2694,.T.);
#2250=EDGE_CURVE('',#2695,#2696,#2697,.T.);
#2251=EDGE_CURVE('',#2696,#2698,#2699,.T.);
#2252=EDGE_CURVE('',#2700,#2698,#2701,.T.);
#2253=EDGE_CURVE('',#2695,#2700,#2702,.T.);
#2254=EDGE_CURVE('',#2703,#2704,#2705,.T.);
#2255=EDGE_CURVE('',#2691,#2704,#2706,.T.);
#2256=EDGE_CURVE('',#2616,#2703,#2707,.T.);
#2257=EDGE_CURVE('',#2708,#2709,#2710,.T.);
#2258=EDGE_CURVE('',#2711,#2709,#2712,.T.);
#2259=EDGE_CURVE('',#2711,#2698,#2713,.T.);
#2260=EDGE_CURVE('',#2708,#2698,#2714,.T.);
#2261=EDGE_CURVE('',#2691,#2582,#2715,.T.);
#2262=EDGE_CURVE('',#2580,#2690,#2716,.T.);
#2263=EDGE_CURVE('',#2717,#2718,#2719,.T.);
#2264=EDGE_CURVE('',#2720,#2718,#2721,.T.);
#2265=EDGE_CURVE('',#2720,#2722,#2723,.T.);
#2266=EDGE_CURVE('',#2717,#2722,#2724,.T.);
#2267=EDGE_CURVE('',#2598,#2704,#2725,.T.);
#2268=EDGE_CURVE('',#2599,#2703,#2726,.T.);
#2269=EDGE_CURVE('',#2593,#2727,#2728,.T.);
#2270=EDGE_CURVE('',#2729,#2727,#2730,.T.);
#2271=EDGE_CURVE('',#2729,#2559,#2731,.T.);
#2272=EDGE_CURVE('',#2732,#2733,#2734,.T.);
#2273=EDGE_CURVE('',#2732,#2735,#2736,.T.);
#2274=EDGE_CURVE('',#2737,#2735,#2738,.T.);
#2275=EDGE_CURVE('',#2737,#2733,#2739,.T.);
#2276=EDGE_CURVE('',#2711,#2740,#2741,.T.);
#2277=EDGE_CURVE('',#2700,#2740,#2742,.T.);
#2278=EDGE_CURVE('',#2740,#2743,#2744,.T.);
#2279=EDGE_CURVE('',#2743,#2709,#2745,.T.);
#2280=EDGE_CURVE('',#2746,#2747,#2748,.T.);
#2281=EDGE_CURVE('',#2749,#2747,#2750,.T.);
#2282=EDGE_CURVE('',#2749,#2751,#2752,.T.);
#2283=EDGE_CURVE('',#2751,#2746,#2753,.T.);
#2284=EDGE_CURVE('',#2696,#2754,#2755,.T.);
#2285=EDGE_CURVE('',#2708,#2754,#2756,.T.);
#2286=EDGE_CURVE('',#2754,#2757,#2758,.T.);
#2287=EDGE_CURVE('',#2759,#2757,#2760,.T.);
#2288=EDGE_CURVE('',#2708,#2759,#2761,.T.);
#2289=EDGE_CURVE('',#2650,#2762,#2763,.T.);
#2290=EDGE_CURVE('',#2762,#2764,#2765,.T.);
#2291=EDGE_CURVE('',#2764,#2653,#2766,.T.);
#2292=EDGE_CURVE('',#2759,#2700,#2767,.T.);
#2293=EDGE_CURVE('',#2695,#2757,#2768,.T.);
#2294=EDGE_CURVE('',#2572,#2769,#2770,.T.);
#2295=EDGE_CURVE('',#2771,#2769,#2772,.T.);
#2296=EDGE_CURVE('',#2574,#2771,#2773,.T.);
#2297=EDGE_CURVE('',#2774,#2771,#2775,.T.);
#2298=EDGE_CURVE('',#2774,#2776,#2777,.T.);
#2299=EDGE_CURVE('',#2574,#2776,#2778,.T.);
#2300=EDGE_CURVE('',#2631,#2779,#2780,.T.);
#2301=EDGE_CURVE('',#2779,#2781,#2782,.T.);
#2302=EDGE_CURVE('',#2633,#2781,#2783,.T.);
#2303=EDGE_CURVE('',#2637,#2784,#2785,.T.);
#2304=EDGE_CURVE('',#2638,#2786,#2787,.T.);
#2305=EDGE_CURVE('',#2786,#2784,#2788,.T.);
#2306=EDGE_CURVE('',#2789,#2732,#2790,.T.);
#2307=EDGE_CURVE('',#2791,#2733,#2792,.T.);
#2308=EDGE_CURVE('',#2789,#2791,#2793,.T.);
#2309=EDGE_CURVE('',#2794,#2570,#2795,.T.);
#2310=EDGE_CURVE('',#2794,#2796,#2797,.T.);
#2311=EDGE_CURVE('',#2798,#2796,#2799,.T.);
#2312=EDGE_CURVE('',#2798,#2570,#2800,.T.);
#2313=EDGE_CURVE('',#2801,#2802,#2803,.T.);
#2314=EDGE_CURVE('',#2804,#2802,#2805,.T.);
#2315=EDGE_CURVE('',#2585,#2804,#2806,.T.);
#2316=EDGE_CURVE('',#2807,#2586,#2808,.T.);
#2317=EDGE_CURVE('',#2809,#2807,#2810,.T.);
#2318=EDGE_CURVE('',#2811,#2809,#2812,.T.);
#2319=EDGE_CURVE('',#2801,#2811,#2813,.T.);
#2320=EDGE_CURVE('',#2814,#2722,#2815,.T.);
#2321=EDGE_CURVE('',#2720,#2816,#2817,.T.);
#2322=EDGE_CURVE('',#2816,#2814,#2818,.T.);
#2323=EDGE_CURVE('',#2743,#2759,#2819,.T.);
#2324=EDGE_CURVE('',#2820,#2821,#2822,.T.);
#2325=EDGE_CURVE('',#2820,#2823,#2824,.T.);
#2326=EDGE_CURVE('',#2825,#2823,#2826,.T.);
#2327=EDGE_CURVE('',#2825,#2821,#2827,.T.);
#2328=EDGE_CURVE('',#2828,#2733,#2829,.T.);
#2329=EDGE_CURVE('',#2828,#2830,#2831,.T.);
#2330=EDGE_CURVE('',#2791,#2830,#2832,.T.);
#2331=EDGE_CURVE('',#2729,#2611,#2833,.T.);
#2332=EDGE_CURVE('',#2727,#2613,#2834,.T.);
#2333=EDGE_CURVE('',#2651,#2717,#2835,.T.);
#2334=EDGE_CURVE('',#2717,#2762,#2836,.T.);
#2335=EDGE_CURVE('',#2735,#2837,#2838,.T.);
#2336=EDGE_CURVE('',#2839,#2837,#2840,.T.);
#2337=EDGE_CURVE('',#2737,#2839,#2841,.T.);
#2338=EDGE_CURVE('',#2764,#2816,#2842,.T.);
#2339=EDGE_CURVE('',#2814,#2762,#2843,.T.);
#2340=EDGE_CURVE('',#2844,#2845,#2846,.T.);
#2341=EDGE_CURVE('',#2847,#2844,#2848,.T.);
#2342=EDGE_CURVE('',#2849,#2847,#2850,.T.);
#2343=EDGE_CURVE('',#2845,#2849,#2851,.T.);
#2344=EDGE_CURVE('',#2807,#2852,#2853,.T.);
#2345=EDGE_CURVE('',#2854,#2852,#2855,.T.);
#2346=EDGE_CURVE('',#2854,#2809,#2856,.T.);
#2347=EDGE_CURVE('',#2786,#2857,#2858,.T.);
#2348=EDGE_CURVE('',#2749,#2857,#2859,.T.);
#2349=EDGE_CURVE('',#2786,#2747,#2860,.T.);
#2350=EDGE_CURVE('',#2784,#2861,#2862,.T.);
#2351=EDGE_CURVE('',#2861,#2640,#2863,.T.);
#2352=EDGE_CURVE('',#2844,#2864,#2865,.T.);
#2353=EDGE_CURVE('',#2866,#2864,#2867,.T.);
#2354=EDGE_CURVE('',#2866,#2847,#2868,.T.);
#2355=EDGE_CURVE('',#2830,#2869,#2870,.T.);
#2356=EDGE_CURVE('',#2828,#2871,#2872,.T.);
#2357=EDGE_CURVE('',#2869,#2871,#2873,.T.);
#2358=EDGE_CURVE('',#2874,#2608,#2875,.T.);
#2359=EDGE_CURVE('',#2606,#2876,#2877,.T.);
#2360=EDGE_CURVE('',#2876,#2874,#2878,.T.);
#2361=EDGE_CURVE('',#2879,#2804,#2880,.T.);
#2362=EDGE_CURVE('',#2588,#2879,#2881,.T.);
#2363=EDGE_CURVE('',#2789,#2837,#2882,.T.);
#2364=EDGE_CURVE('',#2883,#2569,#2884,.T.);
#2365=EDGE_CURVE('',#2883,#2769,#2885,.T.);
#2366=EDGE_CURVE('',#2886,#2887,#2888,.T.);
#2367=EDGE_CURVE('',#2886,#2889,#2890,.T.);
#2368=EDGE_CURVE('',#2891,#2889,#2892,.T.);
#2369=EDGE_CURVE('',#2887,#2891,#2893,.T.);
#2370=EDGE_CURVE('',#2894,#2895,#2896,.T.);
#2371=EDGE_CURVE('',#2894,#2897,#2898,.T.);
#2372=EDGE_CURVE('',#2899,#2897,#2900,.T.);
#2373=EDGE_CURVE('',#2895,#2899,#2901,.T.);
#2374=EDGE_CURVE('',#2902,#2903,#2904,.T.);
#2375=EDGE_CURVE('',#2902,#2905,#2906,.T.);
#2376=EDGE_CURVE('',#2907,#2905,#2908,.T.);
#2377=EDGE_CURVE('',#2903,#2907,#2909,.T.);
#2378=EDGE_CURVE('',#2910,#2820,#2911,.T.);
#2379=EDGE_CURVE('',#2910,#2912,#2913,.T.);
#2380=EDGE_CURVE('',#2823,#2912,#2914,.T.);
#2381=EDGE_CURVE('',#2622,#2915,#2916,.T.);
#2382=EDGE_CURVE('',#2915,#2645,#2917,.T.);
#2383=EDGE_CURVE('',#2918,#2919,#2920,.T.);
#2384=EDGE_CURVE('',#2919,#2866,#2921,.T.);
#2385=EDGE_CURVE('',#2864,#2918,#2922,.T.);
#2386=EDGE_CURVE('',#2802,#2849,#2923,.T.);
#2387=EDGE_CURVE('',#2924,#2919,#2925,.T.);
#2388=EDGE_CURVE('',#2879,#2924,#2926,.T.);
#2389=EDGE_CURVE('',#2927,#2801,#2928,.T.);
#2390=EDGE_CURVE('',#2929,#2927,#2930,.T.);
#2391=EDGE_CURVE('',#2929,#2845,#2931,.T.);
#2392=EDGE_CURVE('',#2932,#2854,#2933,.T.);
#2393=EDGE_CURVE('',#2811,#2932,#2934,.T.);
#2394=EDGE_CURVE('',#2629,#2929,#2935,.T.);
#2395=EDGE_CURVE('',#2927,#2932,#2936,.T.);
#2396=EDGE_CURVE('',#2779,#2852,#2937,.T.);
#2397=EDGE_CURVE('',#2861,#2751,#2938,.T.);
#2398=EDGE_CURVE('',#2746,#2784,#2939,.T.);
#2399=EDGE_CURVE('',#2565,#2593,#2940,.T.);
#2400=EDGE_CURVE('',#2915,#2876,#2941,.T.);
#2401=EDGE_CURVE('',#2874,#2622,#2942,.T.);
#2402=EDGE_CURVE('',#2604,#2647,#2943,.T.);
#2403=EDGE_CURVE('',#2915,#2604,#2944,.T.);
#2404=EDGE_CURVE('',#2737,#2871,#2945,.T.);
#2405=EDGE_CURVE('',#2869,#2839,#2946,.T.);
#2406=EDGE_CURVE('',#2839,#2791,#2947,.T.);
#2407=EDGE_CURVE('',#2857,#2642,#2948,.T.);
#2408=EDGE_CURVE('',#2861,#2857,#2949,.T.);
#2409=EDGE_CURVE('',#2883,#2798,#2950,.T.);
#2410=EDGE_CURVE('',#2771,#2798,#2951,.T.);
#2411=EDGE_CURVE('',#2764,#2718,#2952,.T.);
#2412=EDGE_CURVE('',#2796,#2774,#2953,.T.);
#2413=EDGE_CURVE('',#2794,#2776,#2954,.T.);
#2414=EDGE_CURVE('',#2718,#2655,#2955,.T.);
#2415=EDGE_CURVE('',#2956,#2957,#2958,.T.);
#2416=EDGE_CURVE('',#2956,#2959,#2960,.T.);
#2417=EDGE_CURVE('',#2825,#2959,#2961,.T.);
#2418=EDGE_CURVE('',#2825,#2957,#2962,.T.);
#2419=EDGE_CURVE('',#2963,#2964,#2965,.T.);
#2420=EDGE_CURVE('',#2966,#2964,#2967,.T.);
#2421=EDGE_CURVE('',#2966,#2968,#2969,.T.);
#2422=EDGE_CURVE('',#2968,#2963,#2970,.T.);
#2423=EDGE_CURVE('',#2658,#2971,#2972,.T.);
#2424=EDGE_CURVE('',#2659,#2973,#2974,.T.);
#2425=EDGE_CURVE('',#2973,#2971,#2975,.T.);
#2426=EDGE_CURVE('',#2971,#2976,#2977,.T.);
#2427=EDGE_CURVE('',#2976,#2661,#2978,.T.);
#2428=EDGE_CURVE('',#2976,#2968,#2979,.T.);
#2429=EDGE_CURVE('',#2963,#2971,#2980,.T.);
#2430=EDGE_CURVE('',#2973,#2981,#2982,.T.);
#2431=EDGE_CURVE('',#2966,#2981,#2983,.T.);
#2432=EDGE_CURVE('',#2973,#2964,#2984,.T.);
#2433=EDGE_CURVE('',#2976,#2981,#2985,.T.);
#2434=EDGE_CURVE('',#2981,#2663,#2986,.T.);
#2435=EDGE_CURVE('',#2987,#2666,#2988,.T.);
#2436=EDGE_CURVE('',#2989,#2987,#2990,.T.);
#2437=EDGE_CURVE('',#2669,#2989,#2991,.T.);
#2438=EDGE_CURVE('',#2992,#2987,#2993,.T.);
#2439=EDGE_CURVE('',#2992,#2667,#2994,.T.);
#2440=EDGE_CURVE('',#2995,#2987,#2996,.T.);
#2441=EDGE_CURVE('',#2995,#2997,#2998,.T.);
#2442=EDGE_CURVE('',#2989,#2997,#2999,.T.);
#2443=EDGE_CURVE('',#2992,#3000,#3001,.T.);
#2444=EDGE_CURVE('',#2995,#3000,#3002,.T.);
#2445=EDGE_CURVE('',#3003,#2997,#3004,.T.);
#2446=EDGE_CURVE('',#3000,#3003,#3005,.T.);
#2447=EDGE_CURVE('',#2989,#3006,#3007,.T.);
#2448=EDGE_CURVE('',#3003,#3006,#3008,.T.);
#2449=EDGE_CURVE('',#3006,#2992,#3009,.T.);
#2450=EDGE_CURVE('',#2671,#3006,#3010,.T.);
#2451=EDGE_CURVE('',#3011,#3012,#3013,.T.);
#2452=EDGE_CURVE('',#3014,#3012,#3015,.T.);
#2453=EDGE_CURVE('',#3014,#3016,#3017,.T.);
#2454=EDGE_CURVE('',#3016,#3011,#3018,.T.);
#2455=EDGE_CURVE('',#2674,#3019,#3020,.T.);
#2456=EDGE_CURVE('',#2675,#3021,#3022,.T.);
#2457=EDGE_CURVE('',#3021,#3019,#3023,.T.);
#2458=EDGE_CURVE('',#3019,#3024,#3025,.T.);
#2459=EDGE_CURVE('',#3024,#2677,#3026,.T.);
#2460=EDGE_CURVE('',#3024,#3016,#3027,.T.);
#2461=EDGE_CURVE('',#3011,#3019,#3028,.T.);
#2462=EDGE_CURVE('',#3021,#3029,#3030,.T.);
#2463=EDGE_CURVE('',#3014,#3029,#3031,.T.);
#2464=EDGE_CURVE('',#3021,#3012,#3032,.T.);
#2465=EDGE_CURVE('',#3024,#3029,#3033,.T.);
#2466=EDGE_CURVE('',#3029,#2679,#3034,.T.);
#2467=EDGE_CURVE('',#3035,#3036,#3037,.T.);
#2468=EDGE_CURVE('',#3038,#3036,#3039,.T.);
#2469=EDGE_CURVE('',#3038,#3040,#3041,.T.);
#2470=EDGE_CURVE('',#3040,#3035,#3042,.T.);
#2471=EDGE_CURVE('',#2682,#3043,#3044,.T.);
#2472=EDGE_CURVE('',#2683,#3045,#3046,.T.);
#2473=EDGE_CURVE('',#3045,#3043,#3047,.T.);
#2474=EDGE_CURVE('',#3043,#3048,#3049,.T.);
#2475=EDGE_CURVE('',#3048,#2685,#3050,.T.);
#2476=EDGE_CURVE('',#3048,#3040,#3051,.T.);
#2477=EDGE_CURVE('',#3035,#3043,#3052,.T.);
#2478=EDGE_CURVE('',#3045,#3053,#3054,.T.);
#2479=EDGE_CURVE('',#3038,#3053,#3055,.T.);
#2480=EDGE_CURVE('',#3045,#3036,#3056,.T.);
#2481=EDGE_CURVE('',#3048,#3053,#3057,.T.);
#2482=EDGE_CURVE('',#3053,#2687,#3058,.T.);
#2483=EDGE_CURVE('',#2781,#3059,#3060,.T.);
#2484=EDGE_CURVE('',#3061,#3059,#3062,.T.);
#2485=EDGE_CURVE('',#3063,#3061,#3064,.T.);
#2486=EDGE_CURVE('',#3065,#3063,#3066,.T.);
#2487=EDGE_CURVE('',#3067,#3065,#3068,.T.);
#2488=EDGE_CURVE('',#2628,#3067,#3069,.T.);
#2489=EDGE_CURVE('',#3070,#2590,#3071,.T.);
#2490=EDGE_CURVE('',#3070,#3059,#3072,.T.);
#2491=EDGE_CURVE('',#3073,#2821,#3074,.T.);
#2492=EDGE_CURVE('',#3073,#3075,#3076,.T.);
#2493=EDGE_CURVE('',#3077,#3075,#3078,.T.);
#2494=EDGE_CURVE('',#3077,#2821,#3079,.T.);
#2495=EDGE_CURVE('',#3061,#3080,#3081,.T.);
#2496=EDGE_CURVE('',#3080,#3070,#3082,.T.);
#2497=EDGE_CURVE('',#3083,#3063,#3084,.T.);
#2498=EDGE_CURVE('',#3083,#3080,#3085,.T.);
#2499=EDGE_CURVE('',#3086,#3083,#3087,.T.);
#2500=EDGE_CURVE('',#3065,#3086,#3088,.T.);
#2501=EDGE_CURVE('',#3086,#2924,#3089,.T.);
#2502=EDGE_CURVE('',#3067,#2918,#3090,.T.);
#2503=EDGE_CURVE('',#2957,#2912,#3091,.T.);
#2504=EDGE_CURVE('',#3092,#3093,#3094,.T.);
#2505=EDGE_CURVE('',#3095,#3092,#3096,.T.);
#2506=EDGE_CURVE('',#3095,#3097,#3098,.T.);
#2507=EDGE_CURVE('',#3093,#3097,#3099,.T.);
#2508=EDGE_CURVE('',#2887,#3100,#3101,.T.);
#2509=EDGE_CURVE('',#3102,#3100,#3103,.T.);
#2510=EDGE_CURVE('',#2886,#3102,#3104,.T.);
#2511=EDGE_CURVE('',#3105,#3102,#3106,.T.);
#2512=EDGE_CURVE('',#3105,#2889,#3107,.T.);
#2513=EDGE_CURVE('',#3093,#3105,#3108,.T.);
#2514=EDGE_CURVE('',#3102,#3092,#3109,.T.);
#2515=EDGE_CURVE('',#3110,#3097,#3111,.T.);
#2516=EDGE_CURVE('',#3095,#3100,#3112,.T.);
#2517=EDGE_CURVE('',#3110,#3100,#3113,.T.);
#2518=EDGE_CURVE('',#3110,#3105,#3114,.T.);
#2519=EDGE_CURVE('',#3110,#2891,#3115,.T.);
#2520=EDGE_CURVE('',#3116,#3117,#3118,.T.);
#2521=EDGE_CURVE('',#3119,#3116,#3120,.T.);
#2522=EDGE_CURVE('',#3119,#3121,#3122,.T.);
#2523=EDGE_CURVE('',#3117,#3121,#3123,.T.);
#2524=EDGE_CURVE('',#2895,#3124,#3125,.T.);
#2525=EDGE_CURVE('',#3126,#3124,#3127,.T.);
#2526=EDGE_CURVE('',#2894,#3126,#3128,.T.);
#2527=EDGE_CURVE('',#3129,#3126,#3130,.T.);
#2528=EDGE_CURVE('',#3129,#2897,#3131,.T.);
#2529=EDGE_CURVE('',#3117,#3129,#3132,.T.);
#2530=EDGE_CURVE('',#3126,#3116,#3133,.T.);
#2531=EDGE_CURVE('',#3134,#3121,#3135,.T.);
#2532=EDGE_CURVE('',#3119,#3124,#3136,.T.);
#2533=EDGE_CURVE('',#3134,#3124,#3137,.T.);
#2534=EDGE_CURVE('',#3134,#3129,#3138,.T.);
#2535=EDGE_CURVE('',#3134,#2899,#3139,.T.);
#2536=EDGE_CURVE('',#3140,#3141,#3142,.T.);
#2537=EDGE_CURVE('',#3143,#3140,#3144,.T.);
#2538=EDGE_CURVE('',#3143,#3145,#3146,.T.);
#2539=EDGE_CURVE('',#3141,#3145,#3147,.T.);
#2540=EDGE_CURVE('',#2903,#3148,#3149,.T.);
#2541=EDGE_CURVE('',#3150,#3148,#3151,.T.);
#2542=EDGE_CURVE('',#2902,#3150,#3152,.T.);
#2543=EDGE_CURVE('',#3153,#3150,#3154,.T.);
#2544=EDGE_CURVE('',#3153,#2905,#3155,.T.);
#2545=EDGE_CURVE('',#3141,#3153,#3156,.T.);
#2546=EDGE_CURVE('',#3150,#3140,#3157,.T.);
#2547=EDGE_CURVE('',#3158,#3145,#3159,.T.);
#2548=EDGE_CURVE('',#3143,#3148,#3160,.T.);
#2549=EDGE_CURVE('',#3158,#3148,#3161,.T.);
#2550=EDGE_CURVE('',#3158,#3153,#3162,.T.);
#2551=EDGE_CURVE('',#3158,#2907,#3163,.T.);
#2552=EDGE_CURVE('',#3075,#2956,#3164,.T.);
#2553=EDGE_CURVE('',#3073,#2959,#3165,.T.);
#2554=EDGE_CURVE('',#2910,#3077,#3166,.T.);
#2555=EDGE_CURVE('',#2957,#3077,#3167,.T.);
#2556=VERTEX_POINT('',#3168);
#2557=VERTEX_POINT('',#3169);
#2558=LINE('',#3170,#3171);
#2559=VERTEX_POINT('',#3172);
#2560=LINE('',#3173,#3174);
#2561=VERTEX_POINT('',#3175);
#2562=LINE('',#3176,#3177);
#2563=LINE('',#3178,#3179);
#2564=VERTEX_POINT('',#3180);
#2565=VERTEX_POINT('',#3181);
#2566=LINE('',#3182,#3183);
#2567=LINE('',#3184,#3185);
#2568=LINE('',#3186,#3187);
#2569=VERTEX_POINT('',#3188);
#2570=VERTEX_POINT('',#3189);
#2571=LINE('',#3190,#3191);
#2572=VERTEX_POINT('',#3192);
#2573=LINE('',#3193,#3194);
#2574=VERTEX_POINT('',#3195);
#2575=LINE('',#3196,#3197);
#2576=LINE('',#3198,#3199);
#2577=VERTEX_POINT('',#3200);
#2578=VERTEX_POINT('',#3201);
#2579=LINE('',#3202,#3203);
#2580=VERTEX_POINT('',#3204);
#2581=LINE('',#3205,#3206);
#2582=VERTEX_POINT('',#3207);
#2583=LINE('',#3208,#3209);
#2584=LINE('',#3210,#3211);
#2585=VERTEX_POINT('',#3212);
#2586=VERTEX_POINT('',#3213);
#2587=LINE('',#3214,#3215);
#2588=VERTEX_POINT('',#3216);
#2589=LINE('',#3217,#3218);
#2590=VERTEX_POINT('',#3219);
#2591=LINE('',#3220,#3221);
#2592=LINE('',#3222,#3223);
#2593=VERTEX_POINT('',#3224);
#2594=LINE('',#3225,#3226);
#2595=VERTEX_POINT('',#3227);
#2596=LINE('',#3228,#3229);
#2597=LINE('',#3230,#3231);
#2598=VERTEX_POINT('',#3232);
#2599=VERTEX_POINT('',#3233);
#2600=LINE('',#3234,#3235);
#2601=LINE('',#3236,#3237);
#2602=LINE('',#3238,#3239);
#2603=VERTEX_POINT('',#3240);
#2604=VERTEX_POINT('',#3241);
#2605=LINE('',#3242,#3243);
#2606=VERTEX_POINT('',#3244);
#2607=LINE('',#3245,#3246);
#2608=VERTEX_POINT('',#3247);
#2609=LINE('',#3248,#3249);
#2610=LINE('',#3250,#3251);
#2611=VERTEX_POINT('',#3252);
#2612=LINE('',#3253,#3254);
#2613=VERTEX_POINT('',#3255);
#2614=LINE('',#3256,#3257);
#2615=LINE('',#3258,#3259);
#2616=VERTEX_POINT('',#3260);
#2617=VERTEX_POINT('',#3261);
#2618=LINE('',#3262,#3263);
#2619=LINE('',#3264,#3265);
#2620=LINE('',#3266,#3267);
#2621=VERTEX_POINT('',#3268);
#2622=VERTEX_POINT('',#3269);
#2623=LINE('',#3270,#3271);
#2624=VERTEX_POINT('',#3272);
#2625=LINE('',#3273,#3274);
#2626=LINE('',#3275,#3276);
#2627=LINE('',#3277,#3278);
#2628=VERTEX_POINT('',#3279);
#2629=VERTEX_POINT('',#3280);
#2630=LINE('',#3281,#3282);
#2631=VERTEX_POINT('',#3283);
#2632=LINE('',#3284,#3285);
#2633=VERTEX_POINT('',#3286);
#2634=LINE('',#3287,#3288);
#2635=LINE('',#3289,#3290);
#2636=LINE('',#3291,#3292);
#2637=VERTEX_POINT('',#3293);
#2638=VERTEX_POINT('',#3294);
#2639=LINE('',#3295,#3296);
#2640=VERTEX_POINT('',#3297);
#2641=LINE('',#3298,#3299);
#2642=VERTEX_POINT('',#3300);
#2643=LINE('',#3301,#3302);
#2644=LINE('',#3303,#3304);
#2645=VERTEX_POINT('',#3305);
#2646=LINE('',#3306,#3307);
#2647=VERTEX_POINT('',#3308);
#2648=LINE('',#3309,#3310);
#2649=LINE('',#3311,#3312);
#2650=VERTEX_POINT('',#3313);
#2651=VERTEX_POINT('',#3314);
#2652=LINE('',#3315,#3316);
#2653=VERTEX_POINT('',#3317);
#2654=LINE('',#3318,#3319);
#2655=VERTEX_POINT('',#3320);
#2656=LINE('',#3321,#3322);
#2657=LINE('',#3323,#3324);
#2658=VERTEX_POINT('',#3325);
#2659=VERTEX_POINT('',#3326);
#2660=LINE('',#3327,#3328);
#2661=VERTEX_POINT('',#3329);
#2662=LINE('',#3330,#3331);
#2663=VERTEX_POINT('',#3332);
#2664=LINE('',#3333,#3334);
#2665=LINE('',#3335,#3336);
#2666=VERTEX_POINT('',#3337);
#2667=VERTEX_POINT('',#3338);
#2668=LINE('',#3339,#3340);
#2669=VERTEX_POINT('',#3341);
#2670=LINE('',#3342,#3343);
#2671=VERTEX_POINT('',#3344);
#2672=LINE('',#3345,#3346);
#2673=LINE('',#3347,#3348);
#2674=VERTEX_POINT('',#3349);
#2675=VERTEX_POINT('',#3350);
#2676=LINE('',#3351,#3352);
#2677=VERTEX_POINT('',#3353);
#2678=LINE('',#3354,#3355);
#2679=VERTEX_POINT('',#3356);
#2680=LINE('',#3357,#3358);
#2681=LINE('',#3359,#3360);
#2682=VERTEX_POINT('',#3361);
#2683=VERTEX_POINT('',#3362);
#2684=LINE('',#3363,#3364);
#2685=VERTEX_POINT('',#3365);
#2686=LINE('',#3366,#3367);
#2687=VERTEX_POINT('',#3368);
#2688=LINE('',#3369,#3370);
#2689=LINE('',#3371,#3372);
#2690=VERTEX_POINT('',#3373);
#2691=VERTEX_POINT('',#3374);
#2692=LINE('',#3375,#3376);
#2693=LINE('',#3377,#3378);
#2694=LINE('',#3379,#3380);
#2695=VERTEX_POINT('',#3381);
#2696=VERTEX_POINT('',#3382);
#2697=LINE('',#3383,#3384);
#2698=VERTEX_POINT('',#3385);
#2699=LINE('',#3386,#3387);
#2700=VERTEX_POINT('',#3388);
#2701=LINE('',#3389,#3390);
#2702=LINE('',#3391,#3392);
#2703=VERTEX_POINT('',#3393);
#2704=VERTEX_POINT('',#3394);
#2705=LINE('',#3395,#3396);
#2706=LINE('',#3397,#3398);
#2707=LINE('',#3399,#3400);
#2708=VERTEX_POINT('',#3401);
#2709=VERTEX_POINT('',#3402);
#2710=LINE('',#3403,#3404);
#2711=VERTEX_POINT('',#3405);
#2712=LINE('',#3406,#3407);
#2713=LINE('',#3408,#3409);
#2714=LINE('',#3410,#3411);
#2715=LINE('',#3412,#3413);
#2716=LINE('',#3414,#3415);
#2717=VERTEX_POINT('',#3416);
#2718=VERTEX_POINT('',#3417);
#2719=LINE('',#3418,#3419);
#2720=VERTEX_POINT('',#3420);
#2721=LINE('',#3421,#3422);
#2722=VERTEX_POINT('',#3423);
#2723=LINE('',#3424,#3425);
#2724=LINE('',#3426,#3427);
#2725=LINE('',#3428,#3429);
#2726=LINE('',#3430,#3431);
#2727=VERTEX_POINT('',#3432);
#2728=LINE('',#3433,#3434);
#2729=VERTEX_POINT('',#3435);
#2730=LINE('',#3436,#3437);
#2731=LINE('',#3438,#3439);
#2732=VERTEX_POINT('',#3440);
#2733=VERTEX_POINT('',#3441);
#2734=LINE('',#3442,#3443);
#2735=VERTEX_POINT('',#3444);
#2736=LINE('',#3445,#3446);
#2737=VERTEX_POINT('',#3447);
#2738=LINE('',#3448,#3449);
#2739=LINE('',#3450,#3451);
#2740=VERTEX_POINT('',#3452);
#2741=LINE('',#3453,#3454);
#2742=LINE('',#3455,#3456);
#2743=VERTEX_POINT('',#3457);
#2744=LINE('',#3458,#3459);
#2745=LINE('',#3460,#3461);
#2746=VERTEX_POINT('',#3462);
#2747=VERTEX_POINT('',#3463);
#2748=LINE('',#3464,#3465);
#2749=VERTEX_POINT('',#3466);
#2750=LINE('',#3467,#3468);
#2751=VERTEX_POINT('',#3469);
#2752=LINE('',#3470,#3471);
#2753=LINE('',#3472,#3473);
#2754=VERTEX_POINT('',#3474);
#2755=LINE('',#3475,#3476);
#2756=LINE('',#3477,#3478);
#2757=VERTEX_POINT('',#3479);
#2758=LINE('',#3480,#3481);
#2759=VERTEX_POINT('',#3482);
#2760=LINE('',#3483,#3484);
#2761=LINE('',#3485,#3486);
#2762=VERTEX_POINT('',#3487);
#2763=LINE('',#3488,#3489);
#2764=VERTEX_POINT('',#3490);
#2765=LINE('',#3491,#3492);
#2766=LINE('',#3493,#3494);
#2767=LINE('',#3495,#3496);
#2768=LINE('',#3497,#3498);
#2769=VERTEX_POINT('',#3499);
#2770=LINE('',#3500,#3501);
#2771=VERTEX_POINT('',#3502);
#2772=LINE('',#3503,#3504);
#2773=LINE('',#3505,#3506);
#2774=VERTEX_POINT('',#3507);
#2775=LINE('',#3508,#3509);
#2776=VERTEX_POINT('',#3510);
#2777=LINE('',#3511,#3512);
#2778=LINE('',#3513,#3514);
#2779=VERTEX_POINT('',#3515);
#2780=LINE('',#3516,#3517);
#2781=VERTEX_POINT('',#3518);
#2782=LINE('',#3519,#3520);
#2783=LINE('',#3521,#3522);
#2784=VERTEX_POINT('',#3523);
#2785=LINE('',#3524,#3525);
#2786=VERTEX_POINT('',#3526);
#2787=LINE('',#3527,#3528);
#2788=LINE('',#3529,#3530);
#2789=VERTEX_POINT('',#3531);
#2790=LINE('',#3532,#3533);
#2791=VERTEX_POINT('',#3534);
#2792=LINE('',#3535,#3536);
#2793=LINE('',#3537,#3538);
#2794=VERTEX_POINT('',#3539);
#2795=LINE('',#3540,#3541);
#2796=VERTEX_POINT('',#3542);
#2797=LINE('',#3543,#3544);
#2798=VERTEX_POINT('',#3545);
#2799=LINE('',#3546,#3547);
#2800=LINE('',#3548,#3549);
#2801=VERTEX_POINT('',#3550);
#2802=VERTEX_POINT('',#3551);
#2803=LINE('',#3552,#3553);
#2804=VERTEX_POINT('',#3554);
#2805=LINE('',#3555,#3556);
#2806=LINE('',#3557,#3558);
#2807=VERTEX_POINT('',#3559);
#2808=LINE('',#3560,#3561);
#2809=VERTEX_POINT('',#3562);
#2810=LINE('',#3563,#3564);
#2811=VERTEX_POINT('',#3565);
#2812=LINE('',#3566,#3567);
#2813=LINE('',#3568,#3569);
#2814=VERTEX_POINT('',#3570);
#2815=LINE('',#3571,#3572);
#2816=VERTEX_POINT('',#3573);
#2817=LINE('',#3574,#3575);
#2818=LINE('',#3576,#3577);
#2819=LINE('',#3578,#3579);
#2820=VERTEX_POINT('',#3580);
#2821=VERTEX_POINT('',#3581);
#2822=LINE('',#3582,#3583);
#2823=VERTEX_POINT('',#3584);
#2824=LINE('',#3585,#3586);
#2825=VERTEX_POINT('',#3587);
#2826=LINE('',#3588,#3589);
#2827=LINE('',#3590,#3591);
#2828=VERTEX_POINT('',#3592);
#2829=LINE('',#3593,#3594);
#2830=VERTEX_POINT('',#3595);
#2831=LINE('',#3596,#3597);
#2832=LINE('',#3598,#3599);
#2833=LINE('',#3600,#3601);
#2834=LINE('',#3602,#3603);
#2835=LINE('',#3604,#3605);
#2836=LINE('',#3606,#3607);
#2837=VERTEX_POINT('',#3608);
#2838=LINE('',#3609,#3610);
#2839=VERTEX_POINT('',#3611);
#2840=LINE('',#3612,#3613);
#2841=LINE('',#3614,#3615);
#2842=LINE('',#3616,#3617);
#2843=LINE('',#3618,#3619);
#2844=VERTEX_POINT('',#3620);
#2845=VERTEX_POINT('',#3621);
#2846=LINE('',#3622,#3623);
#2847=VERTEX_POINT('',#3624);
#2848=LINE('',#3625,#3626);
#2849=VERTEX_POINT('',#3627);
#2850=LINE('',#3628,#3629);
#2851=LINE('',#3630,#3631);
#2852=VERTEX_POINT('',#3632);
#2853=LINE('',#3633,#3634);
#2854=VERTEX_POINT('',#3635);
#2855=LINE('',#3636,#3637);
#2856=LINE('',#3638,#3639);
#2857=VERTEX_POINT('',#3640);
#2858=LINE('',#3641,#3642);
#2859=LINE('',#3643,#3644);
#2860=LINE('',#3645,#3646);
#2861=VERTEX_POINT('',#3647);
#2862=LINE('',#3648,#3649);
#2863=LINE('',#3650,#3651);
#2864=VERTEX_POINT('',#3652);
#2865=LINE('',#3653,#3654);
#2866=VERTEX_POINT('',#3655);
#2867=LINE('',#3656,#3657);
#2868=LINE('',#3658,#3659);
#2869=VERTEX_POINT('',#3660);
#2870=LINE('',#3661,#3662);
#2871=VERTEX_POINT('',#3663);
#2872=LINE('',#3664,#3665);
#2873=LINE('',#3666,#3667);
#2874=VERTEX_POINT('',#3668);
#2875=LINE('',#3669,#3670);
#2876=VERTEX_POINT('',#3671);
#2877=LINE('',#3672,#3673);
#2878=LINE('',#3674,#3675);
#2879=VERTEX_POINT('',#3676);
#2880=LINE('',#3677,#3678);
#2881=LINE('',#3679,#3680);
#2882=LINE('',#3681,#3682);
#2883=VERTEX_POINT('',#3683);
#2884=LINE('',#3684,#3685);
#2885=LINE('',#3686,#3687);
#2886=VERTEX_POINT('',#3688);
#2887=VERTEX_POINT('',#3689);
#2888=LINE('',#3690,#3691);
#2889=VERTEX_POINT('',#3692);
#2890=LINE('',#3693,#3694);
#2891=VERTEX_POINT('',#3695);
#2892=LINE('',#3696,#3697);
#2893=LINE('',#3698,#3699);
#2894=VERTEX_POINT('',#3700);
#2895=VERTEX_POINT('',#3701);
#2896=LINE('',#3702,#3703);
#2897=VERTEX_POINT('',#3704);
#2898=LINE('',#3705,#3706);
#2899=VERTEX_POINT('',#3707);
#2900=LINE('',#3708,#3709);
#2901=LINE('',#3710,#3711);
#2902=VERTEX_POINT('',#3712);
#2903=VERTEX_POINT('',#3713);
#2904=LINE('',#3714,#3715);
#2905=VERTEX_POINT('',#3716);
#2906=LINE('',#3717,#3718);
#2907=VERTEX_POINT('',#3719);
#2908=LINE('',#3720,#3721);
#2909=LINE('',#3722,#3723);
#2910=VERTEX_POINT('',#3724);
#2911=LINE('',#3725,#3726);
#2912=VERTEX_POINT('',#3727);
#2913=LINE('',#3728,#3729);
#2914=LINE('',#3730,#3731);
#2915=VERTEX_POINT('',#3732);
#2916=LINE('',#3733,#3734);
#2917=LINE('',#3735,#3736);
#2918=VERTEX_POINT('',#3737);
#2919=VERTEX_POINT('',#3738);
#2920=LINE('',#3739,#3740);
#2921=LINE('',#3741,#3742);
#2922=LINE('',#3743,#3744);
#2923=LINE('',#3745,#3746);
#2924=VERTEX_POINT('',#3747);
#2925=LINE('',#3748,#3749);
#2926=LINE('',#3750,#3751);
#2927=VERTEX_POINT('',#3752);
#2928=LINE('',#3753,#3754);
#2929=VERTEX_POINT('',#3755);
#2930=LINE('',#3756,#3757);
#2931=LINE('',#3758,#3759);
#2932=VERTEX_POINT('',#3760);
#2933=LINE('',#3761,#3762);
#2934=LINE('',#3763,#3764);
#2935=LINE('',#3765,#3766);
#2936=LINE('',#3767,#3768);
#2937=LINE('',#3769,#3770);
#2938=LINE('',#3771,#3772);
#2939=LINE('',#3773,#3774);
#2940=LINE('',#3775,#3776);
#2941=LINE('',#3777,#3778);
#2942=LINE('',#3779,#3780);
#2943=LINE('',#3781,#3782);
#2944=LINE('',#3783,#3784);
#2945=LINE('',#3785,#3786);
#2946=LINE('',#3787,#3788);
#2947=LINE('',#3789,#3790);
#2948=LINE('',#3791,#3792);
#2949=LINE('',#3793,#3794);
#2950=LINE('',#3795,#3796);
#2951=LINE('',#3797,#3798);
#2952=LINE('',#3799,#3800);
#2953=LINE('',#3801,#3802);
#2954=LINE('',#3803,#3804);
#2955=LINE('',#3805,#3806);
#2956=VERTEX_POINT('',#3807);
#2957=VERTEX_POINT('',#3808);
#2958=LINE('',#3809,#3810);
#2959=VERTEX_POINT('',#3811);
#2960=LINE('',#3812,#3813);
#2961=LINE('',#3814,#3815);
#2962=LINE('',#3816,#3817);
#2963=VERTEX_POINT('',#3818);
#2964=VERTEX_POINT('',#3819);
#2965=LINE('',#3820,#3821);
#2966=VERTEX_POINT('',#3822);
#2967=LINE('',#3823,#3824);
#2968=VERTEX_POINT('',#3825);
#2969=LINE('',#3826,#3827);
#2970=LINE('',#3828,#3829);
#2971=VERTEX_POINT('',#3830);
#2972=LINE('',#3831,#3832);
#2973=VERTEX_POINT('',#3833);
#2974=LINE('',#3834,#3835);
#2975=LINE('',#3836,#3837);
#2976=VERTEX_POINT('',#3838);
#2977=LINE('',#3839,#3840);
#2978=LINE('',#3841,#3842);
#2979=LINE('',#3843,#3844);
#2980=LINE('',#3845,#3846);
#2981=VERTEX_POINT('',#3847);
#2982=LINE('',#3848,#3849);
#2983=LINE('',#3850,#3851);
#2984=LINE('',#3852,#3853);
#2985=LINE('',#3854,#3855);
#2986=LINE('',#3856,#3857);
#2987=VERTEX_POINT('',#3858);
#2988=LINE('',#3859,#3860);
#2989=VERTEX_POINT('',#3861);
#2990=LINE('',#3862,#3863);
#2991=LINE('',#3864,#3865);
#2992=VERTEX_POINT('',#3866);
#2993=LINE('',#3867,#3868);
#2994=LINE('',#3869,#3870);
#2995=VERTEX_POINT('',#3871);
#2996=LINE('',#3872,#3873);
#2997=VERTEX_POINT('',#3874);
#2998=LINE('',#3875,#3876);
#2999=LINE('',#3877,#3878);
#3000=VERTEX_POINT('',#3879);
#3001=LINE('',#3880,#3881);
#3002=LINE('',#3882,#3883);
#3003=VERTEX_POINT('',#3884);
#3004=LINE('',#3885,#3886);
#3005=LINE('',#3887,#3888);
#3006=VERTEX_POINT('',#3889);
#3007=LINE('',#3890,#3891);
#3008=LINE('',#3892,#3893);
#3009=LINE('',#3894,#3895);
#3010=LINE('',#3896,#3897);
#3011=VERTEX_POINT('',#3898);
#3012=VERTEX_POINT('',#3899);
#3013=LINE('',#3900,#3901);
#3014=VERTEX_POINT('',#3902);
#3015=LINE('',#3903,#3904);
#3016=VERTEX_POINT('',#3905);
#3017=LINE('',#3906,#3907);
#3018=LINE('',#3908,#3909);
#3019=VERTEX_POINT('',#3910);
#3020=LINE('',#3911,#3912);
#3021=VERTEX_POINT('',#3913);
#3022=LINE('',#3914,#3915);
#3023=LINE('',#3916,#3917);
#3024=VERTEX_POINT('',#3918);
#3025=LINE('',#3919,#3920);
#3026=LINE('',#3921,#3922);
#3027=LINE('',#3923,#3924);
#3028=LINE('',#3925,#3926);
#3029=VERTEX_POINT('',#3927);
#3030=LINE('',#3928,#3929);
#3031=LINE('',#3930,#3931);
#3032=LINE('',#3932,#3933);
#3033=LINE('',#3934,#3935);
#3034=LINE('',#3936,#3937);
#3035=VERTEX_POINT('',#3938);
#3036=VERTEX_POINT('',#3939);
#3037=LINE('',#3940,#3941);
#3038=VERTEX_POINT('',#3942);
#3039=LINE('',#3943,#3944);
#3040=VERTEX_POINT('',#3945);
#3041=LINE('',#3946,#3947);
#3042=LINE('',#3948,#3949);
#3043=VERTEX_POINT('',#3950);
#3044=LINE('',#3951,#3952);
#3045=VERTEX_POINT('',#3953);
#3046=LINE('',#3954,#3955);
#3047=LINE('',#3956,#3957);
#3048=VERTEX_POINT('',#3958);
#3049=LINE('',#3959,#3960);
#3050=LINE('',#3961,#3962);
#3051=LINE('',#3963,#3964);
#3052=LINE('',#3965,#3966);
#3053=VERTEX_POINT('',#3967);
#3054=LINE('',#3968,#3969);
#3055=LINE('',#3970,#3971);
#3056=LINE('',#3972,#3973);
#3057=LINE('',#3974,#3975);
#3058=LINE('',#3976,#3977);
#3059=VERTEX_POINT('',#3978);
#3060=LINE('',#3979,#3980);
#3061=VERTEX_POINT('',#3981);
#3062=LINE('',#3982,#3983);
#3063=VERTEX_POINT('',#3984);
#3064=LINE('',#3985,#3986);
#3065=VERTEX_POINT('',#3987);
#3066=LINE('',#3988,#3989);
#3067=VERTEX_POINT('',#3990);
#3068=LINE('',#3991,#3992);
#3069=LINE('',#3993,#3994);
#3070=VERTEX_POINT('',#3995);
#3071=LINE('',#3996,#3997);
#3072=LINE('',#3998,#3999);
#3073=VERTEX_POINT('',#4000);
#3074=LINE('',#4001,#4002);
#3075=VERTEX_POINT('',#4003);
#3076=LINE('',#4004,#4005);
#3077=VERTEX_POINT('',#4006);
#3078=LINE('',#4007,#4008);
#3079=LINE('',#4009,#4010);
#3080=VERTEX_POINT('',#4011);
#3081=LINE('',#4012,#4013);
#3082=LINE('',#4014,#4015);
#3083=VERTEX_POINT('',#4016);
#3084=LINE('',#4017,#4018);
#3085=LINE('',#4019,#4020);
#3086=VERTEX_POINT('',#4021);
#3087=LINE('',#4022,#4023);
#3088=LINE('',#4024,#4025);
#3089=LINE('',#4026,#4027);
#3090=LINE('',#4028,#4029);
#3091=LINE('',#4030,#4031);
#3092=VERTEX_POINT('',#4032);
#3093=VERTEX_POINT('',#4033);
#3094=LINE('',#4034,#4035);
#3095=VERTEX_POINT('',#4036);
#3096=LINE('',#4037,#4038);
#3097=VERTEX_POINT('',#4039);
#3098=LINE('',#4040,#4041);
#3099=LINE('',#4042,#4043);
#3100=VERTEX_POINT('',#4044);
#3101=LINE('',#4045,#4046);
#3102=VERTEX_POINT('',#4047);
#3103=LINE('',#4048,#4049);
#3104=LINE('',#4050,#4051);
#3105=VERTEX_POINT('',#4052);
#3106=LINE('',#4053,#4054);
#3107=LINE('',#4055,#4056);
#3108=LINE('',#4057,#4058);
#3109=LINE('',#4059,#4060);
#3110=VERTEX_POINT('',#4061);
#3111=LINE('',#4062,#4063);
#3112=LINE('',#4064,#4065);
#3113=LINE('',#4066,#4067);
#3114=LINE('',#4068,#4069);
#3115=LINE('',#4070,#4071);
#3116=VERTEX_POINT('',#4072);
#3117=VERTEX_POINT('',#4073);
#3118=LINE('',#4074,#4075);
#3119=VERTEX_POINT('',#4076);
#3120=LINE('',#4077,#4078);
#3121=VERTEX_POINT('',#4079);
#3122=LINE('',#4080,#4081);
#3123=LINE('',#4082,#4083);
#3124=VERTEX_POINT('',#4084);
#3125=LINE('',#4085,#4086);
#3126=VERTEX_POINT('',#4087);
#3127=LINE('',#4088,#4089);
#3128=LINE('',#4090,#4091);
#3129=VERTEX_POINT('',#4092);
#3130=LINE('',#4093,#4094);
#3131=LINE('',#4095,#4096);
#3132=LINE('',#4097,#4098);
#3133=LINE('',#4099,#4100);
#3134=VERTEX_POINT('',#4101);
#3135=LINE('',#4102,#4103);
#3136=LINE('',#4104,#4105);
#3137=LINE('',#4106,#4107);
#3138=LINE('',#4108,#4109);
#3139=LINE('',#4110,#4111);
#3140=VERTEX_POINT('',#4112);
#3141=VERTEX_POINT('',#4113);
#3142=LINE('',#4114,#4115);
#3143=VERTEX_POINT('',#4116);
#3144=LINE('',#4117,#4118);
#3145=VERTEX_POINT('',#4119);
#3146=LINE('',#4120,#4121);
#3147=LINE('',#4122,#4123);
#3148=VERTEX_POINT('',#4124);
#3149=LINE('',#4125,#4126);
#3150=VERTEX_POINT('',#4127);
#3151=LINE('',#4128,#4129);
#3152=LINE('',#4130,#4131);
#3153=VERTEX_POINT('',#4132);
#3154=LINE('',#4133,#4134);
#3155=LINE('',#4135,#4136);
#3156=LINE('',#4137,#4138);
#3157=LINE('',#4139,#4140);
#3158=VERTEX_POINT('',#4141);
#3159=LINE('',#4142,#4143);
#3160=LINE('',#4144,#4145);
#3161=LINE('',#4146,#4147);
#3162=LINE('',#4148,#4149);
#3163=LINE('',#4150,#4151);
#3164=LINE('',#4152,#4153);
#3165=LINE('',#4154,#4155);
#3166=LINE('',#4156,#4157);
#3167=LINE('',#4158,#4159);
#3168=CARTESIAN_POINT('',(-25.202181,-1.530469,-15.175));
#3169=CARTESIAN_POINT('',(-24.852181,-1.530469,-15.175));
#3170=CARTESIAN_POINT('',(-25.0,-1.530469,-15.175));
#3171=VECTOR('',#4160,1.0);
#3172=CARTESIAN_POINT('',(-24.852181,-3.530469,-15.175));
#3173=CARTESIAN_POINT('',(-24.852181,-7.26276840239229,-15.175));
#3174=VECTOR('',#4161,1.0);
#3175=CARTESIAN_POINT('',(-25.202181,-3.530469,-15.175));
#3176=CARTESIAN_POINT('',(-25.0064534779416,-3.530469,-15.175));
#3177=VECTOR('',#4162,1.0);
#3178=CARTESIAN_POINT('',(-25.202181,4.469531,-15.175));
#3179=VECTOR('',#4163,1.0);
#3180=CARTESIAN_POINT('',(-25.202181,-1.530469,-14.825));
#3181=CARTESIAN_POINT('',(-25.202181,-3.530469,-14.825));
#3182=CARTESIAN_POINT('',(-25.202181,5.10061310858367,-14.825));
#3183=VECTOR('',#4164,1.0);
#3184=CARTESIAN_POINT('',(-25.202181,-1.530469,8.125));
#3185=VECTOR('',#4165,1.0);
#3186=CARTESIAN_POINT('',(-25.202181,-3.530469,-14.825));
#3187=VECTOR('',#4166,1.0);
#3188=CARTESIAN_POINT('',(-24.852181,-0.230469,-16.425));
#3189=CARTESIAN_POINT('',(-24.852181,1.869531,-16.425));
#3190=CARTESIAN_POINT('',(-24.852181,-7.26276840239229,-16.425));
#3191=VECTOR('',#4167,1.0);
#3192=CARTESIAN_POINT('',(-25.202181,-0.230469,-16.425));
#3193=CARTESIAN_POINT('',(-25.0,-0.230469,-16.425));
#3194=VECTOR('',#4168,1.0);
#3195=CARTESIAN_POINT('',(-25.202181,1.869531,-16.425));
#3196=CARTESIAN_POINT('',(-25.202181,4.469531,-16.425));
#3197=VECTOR('',#4169,1.0);
#3198=CARTESIAN_POINT('',(-25.0064534779416,1.869531,-16.425));
#3199=VECTOR('',#4170,1.0);
#3200=CARTESIAN_POINT('',(-24.927181,2.169531,-13.85));
#3201=CARTESIAN_POINT('',(-24.852181,1.869531,-13.925));
#3202=CARTESIAN_POINT('',(-24.2852558505981,-0.398169597607712,-14.4919251494019));
#3203=VECTOR('',#4171,1.0);
#3204=CARTESIAN_POINT('',(-24.927181,2.169531,-13.65));
#3205=CARTESIAN_POINT('',(-24.927181,2.169531,-13.575));
#3206=VECTOR('',#4172,1.0);
#3207=CARTESIAN_POINT('',(-24.852181,1.869531,-13.575));
#3208=CARTESIAN_POINT('',(-24.2852558505981,-0.398169597607712,-13.0080748505981));
#3209=VECTOR('',#4173,1.0);
#3210=CARTESIAN_POINT('',(-24.852181,1.869531,-13.575));
#3211=VECTOR('',#4174,1.0);
#3212=CARTESIAN_POINT('',(-24.217181,-0.230469000000001,-17.2));
#3213=CARTESIAN_POINT('',(-24.217181,2.769531,-17.2));
#3214=CARTESIAN_POINT('',(-24.217181,3.17909117054313E-16,-17.2));
#3215=VECTOR('',#4175,1.0);
#3216=CARTESIAN_POINT('',(-24.217181,-0.230469000000001,-6.55));
#3217=CARTESIAN_POINT('',(-24.217181,-0.230469000000001,-15.625));
#3218=VECTOR('',#4176,1.0);
#3219=CARTESIAN_POINT('',(-24.217181,2.769531,-6.55));
#3220=CARTESIAN_POINT('',(-24.217181,0.0,-6.55));
#3221=VECTOR('',#4177,1.0);
#3222=CARTESIAN_POINT('',(-24.217181,2.769531,-17.2));
#3223=VECTOR('',#4178,1.0);
#3224=CARTESIAN_POINT('',(-24.852181,-3.530469,-14.825));
#3225=CARTESIAN_POINT('',(-24.852181,-3.530469,-14.825));
#3226=VECTOR('',#4179,1.0);
#3227=CARTESIAN_POINT('',(-24.852181,-1.530469,-14.825));
#3228=CARTESIAN_POINT('',(-24.852181,-1.530469,8.125));
#3229=VECTOR('',#4180,1.0);
#3230=CARTESIAN_POINT('',(-24.852181,-0.761551108583667,-14.825));
#3231=VECTOR('',#4181,1.0);
#3232=CARTESIAN_POINT('',(-24.852181,-0.230469,-13.575));
#3233=CARTESIAN_POINT('',(-24.852181,-0.230469,-13.925));
#3234=CARTESIAN_POINT('',(-24.852181,-0.230469,8.125));
#3235=VECTOR('',#4182,1.0);
#3236=CARTESIAN_POINT('',(-24.852181,-7.26276840239229,-13.925));
#3237=VECTOR('',#4183,1.0);
#3238=CARTESIAN_POINT('',(-24.852181,-0.761551108583667,-13.575));
#3239=VECTOR('',#4184,1.0);
#3240=CARTESIAN_POINT('',(-25.202181,-3.530469,-13.925));
#3241=CARTESIAN_POINT('',(-24.852181,-3.530469,-13.925));
#3242=CARTESIAN_POINT('',(-25.0064534779416,-3.530469,-13.925));
#3243=VECTOR('',#4185,1.0);
#3244=CARTESIAN_POINT('',(-24.927181,-3.830469,-13.85));
#3245=CARTESIAN_POINT('',(-24.2852558505981,-1.26276840239229,-14.4919251494019));
#3246=VECTOR('',#4186,1.0);
#3247=CARTESIAN_POINT('',(-25.127181,-3.830469,-13.85));
#3248=CARTESIAN_POINT('',(-25.0064534779416,-3.830469,-13.85));
#3249=VECTOR('',#4187,1.0);
#3250=CARTESIAN_POINT('',(-25.7691061494019,-1.26276840239229,-14.4919251494019));
#3251=VECTOR('',#4188,1.0);
#3252=CARTESIAN_POINT('',(-25.127181,-3.830469,-15.1));
#3253=CARTESIAN_POINT('',(-25.7691061494019,-1.26276840239229,-15.7419251494019));
#3254=VECTOR('',#4189,1.0);
#3255=CARTESIAN_POINT('',(-25.127181,-3.830469,-14.9));
#3256=CARTESIAN_POINT('',(-25.127181,-3.830469,-14.825));
#3257=VECTOR('',#4190,1.0);
#3258=CARTESIAN_POINT('',(-25.7691061494019,-1.26276840239229,-14.2580748505981));
#3259=VECTOR('',#4191,1.0);
#3260=CARTESIAN_POINT('',(-25.202181,1.869531,-13.925));
#3261=CARTESIAN_POINT('',(-25.127181,2.169531,-13.85));
#3262=CARTESIAN_POINT('',(-25.7691061494019,-0.398169597607712,-14.4919251494019));
#3263=VECTOR('',#4192,1.0);
#3264=CARTESIAN_POINT('',(-25.0064534779416,2.169531,-13.85));
#3265=VECTOR('',#4193,1.0);
#3266=CARTESIAN_POINT('',(-25.0064534779416,1.869531,-13.925));
#3267=VECTOR('',#4194,1.0);
#3268=CARTESIAN_POINT('',(-25.202181,-1.530469,-13.575));
#3269=CARTESIAN_POINT('',(-25.202181,-3.530469,-13.575));
#3270=CARTESIAN_POINT('',(-25.202181,5.10061310858367,-13.575));
#3271=VECTOR('',#4195,1.0);
#3272=CARTESIAN_POINT('',(-25.202181,-1.530469,-13.925));
#3273=CARTESIAN_POINT('',(-25.202181,-1.530469,8.125));
#3274=VECTOR('',#4196,1.0);
#3275=CARTESIAN_POINT('',(-25.202181,4.469531,-13.925));
#3276=VECTOR('',#4197,1.0);
#3277=CARTESIAN_POINT('',(-25.202181,-3.530469,-13.575));
#3278=VECTOR('',#4198,1.0);
#3279=CARTESIAN_POINT('',(-27.217181,-1.530469,-6.05));
#3280=CARTESIAN_POINT('',(-27.217181,-1.530469,-17.7));
#3281=CARTESIAN_POINT('',(-27.217181,-1.530469,-24.375));
#3282=VECTOR('',#4199,1.0);
#3283=CARTESIAN_POINT('',(-23.817181,-1.530469,-17.7));
#3284=CARTESIAN_POINT('',(-25.0,-1.530469,-17.7));
#3285=VECTOR('',#4200,1.0);
#3286=CARTESIAN_POINT('',(-23.817181,-1.530469,-6.05));
#3287=CARTESIAN_POINT('',(-23.817181,-1.530469,-24.375));
#3288=VECTOR('',#4201,1.0);
#3289=CARTESIAN_POINT('',(-25.0,-1.530469,-6.05));
#3290=VECTOR('',#4202,1.0);
#3291=CARTESIAN_POINT('',(-25.0,-1.530469,-14.825));
#3292=VECTOR('',#4203,1.0);
#3293=CARTESIAN_POINT('',(-25.202181,-1.530469,-12.325));
#3294=CARTESIAN_POINT('',(-25.202181,-1.530469,-12.675));
#3295=CARTESIAN_POINT('',(-25.202181,-1.530469,8.125));
#3296=VECTOR('',#4204,1.0);
#3297=CARTESIAN_POINT('',(-24.852181,-1.530469,-12.325));
#3298=CARTESIAN_POINT('',(-25.0,-1.530469,-12.325));
#3299=VECTOR('',#4205,1.0);
#3300=CARTESIAN_POINT('',(-24.852181,-1.530469,-12.675));
#3301=CARTESIAN_POINT('',(-24.852181,-1.530469,8.125));
#3302=VECTOR('',#4206,1.0);
#3303=CARTESIAN_POINT('',(-25.0,-1.530469,-12.675));
#3304=VECTOR('',#4207,1.0);
#3305=CARTESIAN_POINT('',(-24.852181,-1.530469,-13.575));
#3306=CARTESIAN_POINT('',(-25.0,-1.530469,-13.575));
#3307=VECTOR('',#4208,1.0);
#3308=CARTESIAN_POINT('',(-24.852181,-1.530469,-13.925));
#3309=CARTESIAN_POINT('',(-24.852181,-1.530469,8.125));
#3310=VECTOR('',#4209,1.0);
#3311=CARTESIAN_POINT('',(-25.0,-1.530469,-13.925));
#3312=VECTOR('',#4210,1.0);
#3313=CARTESIAN_POINT('',(-25.202181,-1.530469,-16.075));
#3314=CARTESIAN_POINT('',(-25.202181,-1.530469,-16.425));
#3315=CARTESIAN_POINT('',(-25.202181,-1.530469,8.125));
#3316=VECTOR('',#4211,1.0);
#3317=CARTESIAN_POINT('',(-24.852181,-1.530469,-16.075));
#3318=CARTESIAN_POINT('',(-25.0,-1.530469,-16.075));
#3319=VECTOR('',#4212,1.0);
#3320=CARTESIAN_POINT('',(-24.852181,-1.530469,-16.425));
#3321=CARTESIAN_POINT('',(-24.852181,-1.530469,8.125));
#3322=VECTOR('',#4213,1.0);
#3323=CARTESIAN_POINT('',(-25.0,-1.530469,-16.425));
#3324=VECTOR('',#4214,1.0);
#3325=CARTESIAN_POINT('',(-25.202181,-1.530469,-8.575));
#3326=CARTESIAN_POINT('',(-25.202181,-1.530469,-8.925));
#3327=CARTESIAN_POINT('',(-25.202181,-1.530469,-0.625));
#3328=VECTOR('',#4215,1.0);
#3329=CARTESIAN_POINT('',(-24.852181,-1.530469,-8.575));
#3330=CARTESIAN_POINT('',(-25.0,-1.530469,-8.575));
#3331=VECTOR('',#4216,1.0);
#3332=CARTESIAN_POINT('',(-24.852181,-1.530469,-8.925));
#3333=CARTESIAN_POINT('',(-24.852181,-1.530469,-0.625));
#3334=VECTOR('',#4217,1.0);
#3335=CARTESIAN_POINT('',(-25.0,-1.530469,-8.925));
#3336=VECTOR('',#4218,1.0);
#3337=CARTESIAN_POINT('',(-24.852181,-1.530469,-7.675));
#3338=CARTESIAN_POINT('',(-24.852181,-1.530469,-7.325));
#3339=CARTESIAN_POINT('',(-24.852181,-1.530469,-0.625));
#3340=VECTOR('',#4219,1.0);
#3341=CARTESIAN_POINT('',(-25.202181,-1.530469,-7.675));
#3342=CARTESIAN_POINT('',(-25.0,-1.530469,-7.675));
#3343=VECTOR('',#4220,1.0);
#3344=CARTESIAN_POINT('',(-25.202181,-1.530469,-7.325));
#3345=CARTESIAN_POINT('',(-25.202181,-1.530469,-0.625));
#3346=VECTOR('',#4221,1.0);
#3347=CARTESIAN_POINT('',(-25.0,-1.530469,-7.325));
#3348=VECTOR('',#4222,1.0);
#3349=CARTESIAN_POINT('',(-25.202181,-1.530469,-9.825));
#3350=CARTESIAN_POINT('',(-25.202181,-1.530469,-10.175));
#3351=CARTESIAN_POINT('',(-25.202181,-1.530469,-0.625));
#3352=VECTOR('',#4223,1.0);
#3353=CARTESIAN_POINT('',(-24.852181,-1.530469,-9.825));
#3354=CARTESIAN_POINT('',(-25.0,-1.530469,-9.825));
#3355=VECTOR('',#4224,1.0);
#3356=CARTESIAN_POINT('',(-24.852181,-1.530469,-10.175));
#3357=CARTESIAN_POINT('',(-24.852181,-1.530469,-0.625));
#3358=VECTOR('',#4225,1.0);
#3359=CARTESIAN_POINT('',(-25.0,-1.530469,-10.175));
#3360=VECTOR('',#4226,1.0);
#3361=CARTESIAN_POINT('',(-25.202181,-1.530469,-11.075));
#3362=CARTESIAN_POINT('',(-25.202181,-1.530469,-11.425));
#3363=CARTESIAN_POINT('',(-25.202181,-1.530469,-0.625));
#3364=VECTOR('',#4227,1.0);
#3365=CARTESIAN_POINT('',(-24.852181,-1.530469,-11.075));
#3366=CARTESIAN_POINT('',(-25.0,-1.530469,-11.075));
#3367=VECTOR('',#4228,1.0);
#3368=CARTESIAN_POINT('',(-24.852181,-1.530469,-11.425));
#3369=CARTESIAN_POINT('',(-24.852181,-1.530469,-0.625));
#3370=VECTOR('',#4229,1.0);
#3371=CARTESIAN_POINT('',(-25.0,-1.530469,-11.425));
#3372=VECTOR('',#4230,1.0);
#3373=CARTESIAN_POINT('',(-25.127181,2.169531,-13.65));
#3374=CARTESIAN_POINT('',(-25.202181,1.869531,-13.575));
#3375=CARTESIAN_POINT('',(-25.7691061494019,-0.398169597607712,-13.0080748505981));
#3376=VECTOR('',#4231,1.0);
#3377=CARTESIAN_POINT('',(-25.127181,2.169531,-13.575));
#3378=VECTOR('',#4232,1.0);
#3379=CARTESIAN_POINT('',(-25.202181,1.869531,-13.575));
#3380=VECTOR('',#4233,1.0);
#3381=CARTESIAN_POINT('',(-24.852181,-0.230469,-12.325));
#3382=CARTESIAN_POINT('',(-24.852181,-0.230469,-12.675));
#3383=CARTESIAN_POINT('',(-24.852181,-0.230469,8.125));
#3384=VECTOR('',#4234,1.0);
#3385=CARTESIAN_POINT('',(-24.852181,1.869531,-12.675));
#3386=CARTESIAN_POINT('',(-24.852181,-7.26276840239229,-12.675));
#3387=VECTOR('',#4235,1.0);
#3388=CARTESIAN_POINT('',(-24.852181,1.869531,-12.325));
#3389=CARTESIAN_POINT('',(-24.852181,1.869531,-12.325));
#3390=VECTOR('',#4236,1.0);
#3391=CARTESIAN_POINT('',(-24.852181,-0.761551108583667,-12.325));
#3392=VECTOR('',#4237,1.0);
#3393=CARTESIAN_POINT('',(-25.202181,-0.230469,-13.925));
#3394=CARTESIAN_POINT('',(-25.202181,-0.230469,-13.575));
#3395=CARTESIAN_POINT('',(-25.202181,-0.230469,8.125));
#3396=VECTOR('',#4238,1.0);
#3397=CARTESIAN_POINT('',(-25.202181,5.10061310858367,-13.575));
#3398=VECTOR('',#4239,1.0);
#3399=CARTESIAN_POINT('',(-25.202181,4.469531,-13.925));
#3400=VECTOR('',#4240,1.0);
#3401=CARTESIAN_POINT('',(-25.202181,1.869531,-12.675));
#3402=CARTESIAN_POINT('',(-25.127181,2.169531,-12.6));
#3403=CARTESIAN_POINT('',(-25.7691061494019,-0.398169597607712,-13.2419251494019));
#3404=VECTOR('',#4241,1.0);
#3405=CARTESIAN_POINT('',(-24.927181,2.169531,-12.6));
#3406=CARTESIAN_POINT('',(-25.0064534779416,2.169531,-12.6));
#3407=VECTOR('',#4242,1.0);
#3408=CARTESIAN_POINT('',(-24.2852558505981,-0.398169597607712,-13.2419251494019));
#3409=VECTOR('',#4243,1.0);
#3410=CARTESIAN_POINT('',(-25.0064534779416,1.869531,-12.675));
#3411=VECTOR('',#4244,1.0);
#3412=CARTESIAN_POINT('',(-25.0064534779416,1.869531,-13.575));
#3413=VECTOR('',#4245,1.0);
#3414=CARTESIAN_POINT('',(-25.0064534779416,2.169531,-13.65));
#3415=VECTOR('',#4246,1.0);
#3416=CARTESIAN_POINT('',(-25.202181,-3.530469,-16.425));
#3417=CARTESIAN_POINT('',(-24.852181,-3.530469,-16.425));
#3418=CARTESIAN_POINT('',(-25.0064534779416,-3.530469,-16.425));
#3419=VECTOR('',#4247,1.0);
#3420=CARTESIAN_POINT('',(-24.927181,-3.830469,-16.35));
#3421=CARTESIAN_POINT('',(-24.2852558505981,-1.26276840239229,-16.9919251494019));
#3422=VECTOR('',#4248,1.0);
#3423=CARTESIAN_POINT('',(-25.127181,-3.830469,-16.35));
#3424=CARTESIAN_POINT('',(-25.0064534779416,-3.830469,-16.35));
#3425=VECTOR('',#4249,1.0);
#3426=CARTESIAN_POINT('',(-25.7691061494019,-1.26276840239229,-16.9919251494019));
#3427=VECTOR('',#4250,1.0);
#3428=CARTESIAN_POINT('',(-25.0,-0.230469,-13.575));
#3429=VECTOR('',#4251,1.0);
#3430=CARTESIAN_POINT('',(-25.0,-0.230469,-13.925));
#3431=VECTOR('',#4252,1.0);
#3432=CARTESIAN_POINT('',(-24.927181,-3.830469,-14.9));
#3433=CARTESIAN_POINT('',(-24.2852558505981,-1.26276840239229,-14.2580748505981));
#3434=VECTOR('',#4253,1.0);
#3435=CARTESIAN_POINT('',(-24.927181,-3.830469,-15.1));
#3436=CARTESIAN_POINT('',(-24.927181,-3.830469,-14.825));
#3437=VECTOR('',#4254,1.0);
#3438=CARTESIAN_POINT('',(-24.2852558505981,-1.26276840239229,-15.7419251494019));
#3439=VECTOR('',#4255,1.0);
#3440=CARTESIAN_POINT('',(-24.852181,-0.230469,-15.175));
#3441=CARTESIAN_POINT('',(-24.852181,1.869531,-15.175));
#3442=CARTESIAN_POINT('',(-24.852181,-7.26276840239229,-15.175));
#3443=VECTOR('',#4256,1.0);
#3444=CARTESIAN_POINT('',(-25.202181,-0.230469,-15.175));
#3445=CARTESIAN_POINT('',(-25.0,-0.230469,-15.175));
#3446=VECTOR('',#4257,1.0);
#3447=CARTESIAN_POINT('',(-25.202181,1.869531,-15.175));
#3448=CARTESIAN_POINT('',(-25.202181,4.469531,-15.175));
#3449=VECTOR('',#4258,1.0);
#3450=CARTESIAN_POINT('',(-25.0064534779416,1.869531,-15.175));
#3451=VECTOR('',#4259,1.0);
#3452=CARTESIAN_POINT('',(-24.927181,2.169531,-12.4));
#3453=CARTESIAN_POINT('',(-24.927181,2.169531,-12.325));
#3454=VECTOR('',#4260,1.0);
#3455=CARTESIAN_POINT('',(-24.2852558505981,-0.398169597607712,-11.7580748505981));
#3456=VECTOR('',#4261,1.0);
#3457=CARTESIAN_POINT('',(-25.127181,2.169531,-12.4));
#3458=CARTESIAN_POINT('',(-25.0064534779416,2.169531,-12.4));
#3459=VECTOR('',#4262,1.0);
#3460=CARTESIAN_POINT('',(-25.127181,2.169531,-12.325));
#3461=VECTOR('',#4263,1.0);
#3462=CARTESIAN_POINT('',(-25.127181,-3.830469,-12.4));
#3463=CARTESIAN_POINT('',(-25.127181,-3.830469,-12.6));
#3464=CARTESIAN_POINT('',(-25.127181,-3.830469,-12.325));
#3465=VECTOR('',#4264,1.0);
#3466=CARTESIAN_POINT('',(-24.927181,-3.830469,-12.6));
#3467=CARTESIAN_POINT('',(-25.0064534779416,-3.830469,-12.6));
#3468=VECTOR('',#4265,1.0);
#3469=CARTESIAN_POINT('',(-24.927181,-3.830469,-12.4));
#3470=CARTESIAN_POINT('',(-24.927181,-3.830469,-12.325));
#3471=VECTOR('',#4266,1.0);
#3472=CARTESIAN_POINT('',(-25.0064534779416,-3.830469,-12.4));
#3473=VECTOR('',#4267,1.0);
#3474=CARTESIAN_POINT('',(-25.202181,-0.230469,-12.675));
#3475=CARTESIAN_POINT('',(-25.0,-0.230469,-12.675));
#3476=VECTOR('',#4268,1.0);
#3477=CARTESIAN_POINT('',(-25.202181,4.469531,-12.675));
#3478=VECTOR('',#4269,1.0);
#3479=CARTESIAN_POINT('',(-25.202181,-0.230469,-12.325));
#3480=CARTESIAN_POINT('',(-25.202181,-0.230469,8.125));
#3481=VECTOR('',#4270,1.0);
#3482=CARTESIAN_POINT('',(-25.202181,1.869531,-12.325));
#3483=CARTESIAN_POINT('',(-25.202181,5.10061310858367,-12.325));
#3484=VECTOR('',#4271,1.0);
#3485=CARTESIAN_POINT('',(-25.202181,1.869531,-12.325));
#3486=VECTOR('',#4272,1.0);
#3487=CARTESIAN_POINT('',(-25.202181,-3.530469,-16.075));
#3488=CARTESIAN_POINT('',(-25.202181,5.10061310858367,-16.075));
#3489=VECTOR('',#4273,1.0);
#3490=CARTESIAN_POINT('',(-24.852181,-3.530469,-16.075));
#3491=CARTESIAN_POINT('',(-25.0064534779416,-3.530469,-16.075));
#3492=VECTOR('',#4274,1.0);
#3493=CARTESIAN_POINT('',(-24.852181,-0.761551108583667,-16.075));
#3494=VECTOR('',#4275,1.0);
#3495=CARTESIAN_POINT('',(-25.0064534779416,1.869531,-12.325));
#3496=VECTOR('',#4276,1.0);
#3497=CARTESIAN_POINT('',(-25.0,-0.230469,-12.325));
#3498=VECTOR('',#4277,1.0);
#3499=CARTESIAN_POINT('',(-25.202181,-0.230469,-16.075));
#3500=CARTESIAN_POINT('',(-25.202181,-0.230469,8.125));
#3501=VECTOR('',#4278,1.0);
#3502=CARTESIAN_POINT('',(-25.202181,1.869531,-16.075));
#3503=CARTESIAN_POINT('',(-25.202181,5.10061310858367,-16.075));
#3504=VECTOR('',#4279,1.0);
#3505=CARTESIAN_POINT('',(-25.202181,1.869531,-16.075));
#3506=VECTOR('',#4280,1.0);
#3507=CARTESIAN_POINT('',(-25.127181,2.169531,-16.15));
#3508=CARTESIAN_POINT('',(-25.7691061494019,-0.398169597607712,-15.5080748505981));
#3509=VECTOR('',#4281,1.0);
#3510=CARTESIAN_POINT('',(-25.127181,2.169531,-16.35));
#3511=CARTESIAN_POINT('',(-25.127181,2.169531,-16.075));
#3512=VECTOR('',#4282,1.0);
#3513=CARTESIAN_POINT('',(-25.7691061494019,-0.398169597607712,-16.9919251494019));
#3514=VECTOR('',#4283,1.0);
#3515=CARTESIAN_POINT('',(-23.817181,2.769531,-17.7));
#3516=CARTESIAN_POINT('',(-23.817181,-6.66133814775094E-16,-17.7));
#3517=VECTOR('',#4284,1.0);
#3518=CARTESIAN_POINT('',(-23.817181,2.769531,-6.05));
#3519=CARTESIAN_POINT('',(-23.817181,2.769531,-8.125));
#3520=VECTOR('',#4285,1.0);
#3521=CARTESIAN_POINT('',(-23.817181,-1.03302718598231E-15,-6.05));
#3522=VECTOR('',#4286,1.0);
#3523=CARTESIAN_POINT('',(-25.202181,-3.530469,-12.325));
#3524=CARTESIAN_POINT('',(-25.202181,5.10061310858367,-12.325));
#3525=VECTOR('',#4287,1.0);
#3526=CARTESIAN_POINT('',(-25.202181,-3.530469,-12.675));
#3527=CARTESIAN_POINT('',(-25.202181,4.469531,-12.675));
#3528=VECTOR('',#4288,1.0);
#3529=CARTESIAN_POINT('',(-25.202181,-3.530469,-12.325));
#3530=VECTOR('',#4289,1.0);
#3531=CARTESIAN_POINT('',(-24.852181,-0.230469,-14.825));
#3532=CARTESIAN_POINT('',(-24.852181,-0.230469,8.125));
#3533=VECTOR('',#4290,1.0);
#3534=CARTESIAN_POINT('',(-24.852181,1.869531,-14.825));
#3535=CARTESIAN_POINT('',(-24.852181,1.869531,-14.825));
#3536=VECTOR('',#4291,1.0);
#3537=CARTESIAN_POINT('',(-24.852181,-0.761551108583667,-14.825));
#3538=VECTOR('',#4292,1.0);
#3539=CARTESIAN_POINT('',(-24.927181,2.169531,-16.35));
#3540=CARTESIAN_POINT('',(-24.2852558505981,-0.398169597607712,-16.9919251494019));
#3541=VECTOR('',#4293,1.0);
#3542=CARTESIAN_POINT('',(-24.927181,2.169531,-16.15));
#3543=CARTESIAN_POINT('',(-24.927181,2.169531,-16.075));
#3544=VECTOR('',#4294,1.0);
#3545=CARTESIAN_POINT('',(-24.852181,1.869531,-16.075));
#3546=CARTESIAN_POINT('',(-24.2852558505981,-0.398169597607712,-15.5080748505981));
#3547=VECTOR('',#4295,1.0);
#3548=CARTESIAN_POINT('',(-24.852181,1.869531,-16.075));
#3549=VECTOR('',#4296,1.0);
#3550=CARTESIAN_POINT('',(-25.792181,2.769531,-17.2));
#3551=CARTESIAN_POINT('',(-26.567181,2.769531,-17.2));
#3552=CARTESIAN_POINT('',(-26.567181,2.769531,-17.2));
#3553=VECTOR('',#4297,1.0);
#3554=CARTESIAN_POINT('',(-26.567181,-0.230469000000001,-17.2));
#3555=CARTESIAN_POINT('',(-26.567181,-6.66133814775094E-16,-17.2));
#3556=VECTOR('',#4298,1.0);
#3557=CARTESIAN_POINT('',(-25.0,-0.230469000000001,-17.2));
#3558=VECTOR('',#4299,1.0);
#3559=CARTESIAN_POINT('',(-24.992181,2.769531,-17.2));
#3560=CARTESIAN_POINT('',(-25.0,2.769531,-17.2));
#3561=VECTOR('',#4300,1.0);
#3562=CARTESIAN_POINT('',(-24.992181,1.769531,-17.2));
#3563=CARTESIAN_POINT('',(-24.992181,2.23002124633085E-16,-17.2));
#3564=VECTOR('',#4301,1.0);
#3565=CARTESIAN_POINT('',(-25.792181,1.769531,-17.2));
#3566=CARTESIAN_POINT('',(-25.0,1.769531,-17.2));
#3567=VECTOR('',#4302,1.0);
#3568=CARTESIAN_POINT('',(-25.792181,1.25033616327295E-16,-17.2));
#3569=VECTOR('',#4303,1.0);
#3570=CARTESIAN_POINT('',(-25.127181,-3.830469,-16.15));
#3571=CARTESIAN_POINT('',(-25.127181,-3.830469,-16.075));
#3572=VECTOR('',#4304,1.0);
#3573=CARTESIAN_POINT('',(-24.927181,-3.830469,-16.15));
#3574=CARTESIAN_POINT('',(-24.927181,-3.830469,-16.075));
#3575=VECTOR('',#4305,1.0);
#3576=CARTESIAN_POINT('',(-25.0064534779416,-3.830469,-16.15));
#3577=VECTOR('',#4306,1.0);
#3578=CARTESIAN_POINT('',(-25.7691061494019,-0.398169597607712,-11.7580748505981));
#3579=VECTOR('',#4307,1.0);
#3580=CARTESIAN_POINT('',(-24.852181,-0.230469,-10.175));
#3581=CARTESIAN_POINT('',(-24.852181,1.869531,-10.175));
#3582=CARTESIAN_POINT('',(-24.852181,-7.26276840239229,-10.175));
#3583=VECTOR('',#4308,1.0);
#3584=CARTESIAN_POINT('',(-25.202181,-0.230469,-10.175));
#3585=CARTESIAN_POINT('',(-25.0,-0.230469,-10.175));
#3586=VECTOR('',#4309,1.0);
#3587=CARTESIAN_POINT('',(-25.202181,1.869531,-10.175));
#3588=CARTESIAN_POINT('',(-25.202181,4.469531,-10.175));
#3589=VECTOR('',#4310,1.0);
#3590=CARTESIAN_POINT('',(-25.0064534779416,1.869531,-10.175));
#3591=VECTOR('',#4311,1.0);
#3592=CARTESIAN_POINT('',(-24.927181,2.169531,-15.1));
#3593=CARTESIAN_POINT('',(-24.2852558505981,-0.398169597607712,-15.7419251494019));
#3594=VECTOR('',#4312,1.0);
#3595=CARTESIAN_POINT('',(-24.927181,2.169531,-14.9));
#3596=CARTESIAN_POINT('',(-24.927181,2.169531,-14.825));
#3597=VECTOR('',#4313,1.0);
#3598=CARTESIAN_POINT('',(-24.2852558505981,-0.398169597607712,-14.2580748505981));
#3599=VECTOR('',#4314,1.0);
#3600=CARTESIAN_POINT('',(-25.0064534779416,-3.830469,-15.1));
#3601=VECTOR('',#4315,1.0);
#3602=CARTESIAN_POINT('',(-25.0064534779416,-3.830469,-14.9));
#3603=VECTOR('',#4316,1.0);
#3604=CARTESIAN_POINT('',(-25.202181,4.469531,-16.425));
#3605=VECTOR('',#4317,1.0);
#3606=CARTESIAN_POINT('',(-25.202181,-3.530469,-16.075));
#3607=VECTOR('',#4318,1.0);
#3608=CARTESIAN_POINT('',(-25.202181,-0.230469,-14.825));
#3609=CARTESIAN_POINT('',(-25.202181,-0.230469,8.125));
#3610=VECTOR('',#4319,1.0);
#3611=CARTESIAN_POINT('',(-25.202181,1.869531,-14.825));
#3612=CARTESIAN_POINT('',(-25.202181,5.10061310858367,-14.825));
#3613=VECTOR('',#4320,1.0);
#3614=CARTESIAN_POINT('',(-25.202181,1.869531,-14.825));
#3615=VECTOR('',#4321,1.0);
#3616=CARTESIAN_POINT('',(-24.2852558505981,-1.26276840239229,-15.5080748505981));
#3617=VECTOR('',#4322,1.0);
#3618=CARTESIAN_POINT('',(-25.7691061494019,-1.26276840239229,-15.5080748505981));
#3619=VECTOR('',#4323,1.0);
#3620=CARTESIAN_POINT('',(-27.217181,0.969530999999999,-16.725));
#3621=CARTESIAN_POINT('',(-27.217181,2.769531,-16.725));
#3622=CARTESIAN_POINT('',(-27.217181,-4.94727890923938E-17,-16.725));
#3623=VECTOR('',#4324,1.0);
#3624=CARTESIAN_POINT('',(-26.567181,0.969530999999999,-16.725));
#3625=CARTESIAN_POINT('',(-25.0,0.969530999999999,-16.725));
#3626=VECTOR('',#4325,1.0);
#3627=CARTESIAN_POINT('',(-26.567181,2.769531,-16.725));
#3628=CARTESIAN_POINT('',(-26.567181,-6.66133814775094E-16,-16.725));
#3629=VECTOR('',#4326,1.0);
#3630=CARTESIAN_POINT('',(-25.0,2.769531,-16.725));
#3631=VECTOR('',#4327,1.0);
#3632=CARTESIAN_POINT('',(-24.992181,2.769531,-17.7));
#3633=CARTESIAN_POINT('',(-24.992181,2.76953099999987,-23.125));
#3634=VECTOR('',#4328,1.0);
#3635=CARTESIAN_POINT('',(-24.992181,1.769531,-17.7));
#3636=CARTESIAN_POINT('',(-24.992181,-6.66133814775094E-16,-17.7));
#3637=VECTOR('',#4329,1.0);
#3638=CARTESIAN_POINT('',(-24.992181,1.769531,-8.125));
#3639=VECTOR('',#4330,1.0);
#3640=CARTESIAN_POINT('',(-24.852181,-3.530469,-12.675));
#3641=CARTESIAN_POINT('',(-25.0064534779416,-3.530469,-12.675));
#3642=VECTOR('',#4331,1.0);
#3643=CARTESIAN_POINT('',(-24.2852558505981,-1.26276840239229,-13.2419251494019));
#3644=VECTOR('',#4332,1.0);
#3645=CARTESIAN_POINT('',(-25.7691061494019,-1.26276840239229,-13.2419251494019));
#3646=VECTOR('',#4333,1.0);
#3647=CARTESIAN_POINT('',(-24.852181,-3.530469,-12.325));
#3648=CARTESIAN_POINT('',(-25.0064534779416,-3.530469,-12.325));
#3649=VECTOR('',#4334,1.0);
#3650=CARTESIAN_POINT('',(-24.852181,-0.761551108583667,-12.325));
#3651=VECTOR('',#4335,1.0);
#3652=CARTESIAN_POINT('',(-27.217181,0.969530999999999,-7.025));
#3653=CARTESIAN_POINT('',(-27.217181,0.969530999999999,-8.125));
#3654=VECTOR('',#4336,1.0);
#3655=CARTESIAN_POINT('',(-26.567181,0.969530999999999,-7.025));
#3656=CARTESIAN_POINT('',(-25.0,0.969530999999999,-7.025));
#3657=VECTOR('',#4337,1.0);
#3658=CARTESIAN_POINT('',(-26.567181,0.969530999999999,-23.125));
#3659=VECTOR('',#4338,1.0);
#3660=CARTESIAN_POINT('',(-25.127181,2.169531,-14.9));
#3661=CARTESIAN_POINT('',(-25.0064534779416,2.169531,-14.9));
#3662=VECTOR('',#4339,1.0);
#3663=CARTESIAN_POINT('',(-25.127181,2.169531,-15.1));
#3664=CARTESIAN_POINT('',(-25.0064534779416,2.169531,-15.1));
#3665=VECTOR('',#4340,1.0);
#3666=CARTESIAN_POINT('',(-25.127181,2.169531,-14.825));
#3667=VECTOR('',#4341,1.0);
#3668=CARTESIAN_POINT('',(-25.127181,-3.830469,-13.65));
#3669=CARTESIAN_POINT('',(-25.127181,-3.830469,-13.575));
#3670=VECTOR('',#4342,1.0);
#3671=CARTESIAN_POINT('',(-24.927181,-3.830469,-13.65));
#3672=CARTESIAN_POINT('',(-24.927181,-3.830469,-13.575));
#3673=VECTOR('',#4343,1.0);
#3674=CARTESIAN_POINT('',(-25.0064534779416,-3.830469,-13.65));
#3675=VECTOR('',#4344,1.0);
#3676=CARTESIAN_POINT('',(-26.567181,-0.230469000000001,-6.55));
#3677=CARTESIAN_POINT('',(-26.567181,-0.230469,-21.875));
#3678=VECTOR('',#4345,1.0);
#3679=CARTESIAN_POINT('',(-25.0,-0.230469000000001,-6.55));
#3680=VECTOR('',#4346,1.0);
#3681=CARTESIAN_POINT('',(-25.0,-0.230469,-14.825));
#3682=VECTOR('',#4347,1.0);
#3683=CARTESIAN_POINT('',(-24.852181,-0.230469,-16.075));
#3684=CARTESIAN_POINT('',(-24.852181,-0.230469,8.125));
#3685=VECTOR('',#4348,1.0);
#3686=CARTESIAN_POINT('',(-25.0,-0.230469,-16.075));
#3687=VECTOR('',#4349,1.0);
#3688=CARTESIAN_POINT('',(-24.852181,-0.230469,-11.075));
#3689=CARTESIAN_POINT('',(-24.852181,-0.230469,-11.425));
#3690=CARTESIAN_POINT('',(-24.852181,-0.230469,-0.625));
#3691=VECTOR('',#4350,1.0);
#3692=CARTESIAN_POINT('',(-25.202181,-0.230469,-11.075));
#3693=CARTESIAN_POINT('',(-25.0,-0.230469,-11.075));
#3694=VECTOR('',#4351,1.0);
#3695=CARTESIAN_POINT('',(-25.202181,-0.230469,-11.425));
#3696=CARTESIAN_POINT('',(-25.202181,-0.230469,-0.625));
#3697=VECTOR('',#4352,1.0);
#3698=CARTESIAN_POINT('',(-25.0,-0.230469,-11.425));
#3699=VECTOR('',#4353,1.0);
#3700=CARTESIAN_POINT('',(-24.852181,-0.230469,-8.575));
#3701=CARTESIAN_POINT('',(-24.852181,-0.230469,-8.925));
#3702=CARTESIAN_POINT('',(-24.852181,-0.230469,-0.625));
#3703=VECTOR('',#4354,1.0);
#3704=CARTESIAN_POINT('',(-25.202181,-0.230469,-8.575));
#3705=CARTESIAN_POINT('',(-25.0,-0.230469,-8.575));
#3706=VECTOR('',#4355,1.0);
#3707=CARTESIAN_POINT('',(-25.202181,-0.230469,-8.925));
#3708=CARTESIAN_POINT('',(-25.202181,-0.230469,-0.625));
#3709=VECTOR('',#4356,1.0);
#3710=CARTESIAN_POINT('',(-25.0,-0.230469,-8.925));
#3711=VECTOR('',#4357,1.0);
#3712=CARTESIAN_POINT('',(-24.852181,-0.230469,-7.325));
#3713=CARTESIAN_POINT('',(-24.852181,-0.230469,-7.675));
#3714=CARTESIAN_POINT('',(-24.852181,-0.230469,-0.625));
#3715=VECTOR('',#4358,1.0);
#3716=CARTESIAN_POINT('',(-25.202181,-0.230469,-7.325));
#3717=CARTESIAN_POINT('',(-25.0,-0.230469,-7.325));
#3718=VECTOR('',#4359,1.0);
#3719=CARTESIAN_POINT('',(-25.202181,-0.230469,-7.675));
#3720=CARTESIAN_POINT('',(-25.202181,-0.230469,-0.625));
#3721=VECTOR('',#4360,1.0);
#3722=CARTESIAN_POINT('',(-25.0,-0.230469,-7.675));
#3723=VECTOR('',#4361,1.0);
#3724=CARTESIAN_POINT('',(-24.852181,-0.230469,-9.825));
#3725=CARTESIAN_POINT('',(-24.852181,-0.230469,-0.625));
#3726=VECTOR('',#4362,1.0);
#3727=CARTESIAN_POINT('',(-25.202181,-0.230469,-9.825));
#3728=CARTESIAN_POINT('',(-25.0,-0.230469,-9.825));
#3729=VECTOR('',#4363,1.0);
#3730=CARTESIAN_POINT('',(-25.202181,-0.230469,-0.625));
#3731=VECTOR('',#4364,1.0);
#3732=CARTESIAN_POINT('',(-24.852181,-3.530469,-13.575));
#3733=CARTESIAN_POINT('',(-25.0064534779416,-3.530469,-13.575));
#3734=VECTOR('',#4365,1.0);
#3735=CARTESIAN_POINT('',(-24.852181,-0.761551108583667,-13.575));
#3736=VECTOR('',#4366,1.0);
#3737=CARTESIAN_POINT('',(-27.217181,2.769531,-7.025));
#3738=CARTESIAN_POINT('',(-26.567181,2.769531,-7.025));
#3739=CARTESIAN_POINT('',(-25.0,2.769531,-7.025));
#3740=VECTOR('',#4367,1.0);
#3741=CARTESIAN_POINT('',(-26.567181,-6.96260438681155E-16,-7.025));
#3742=VECTOR('',#4368,1.0);
#3743=CARTESIAN_POINT('',(-27.217181,0.0,-7.025));
#3744=VECTOR('',#4369,1.0);
#3745=CARTESIAN_POINT('',(-26.567181,2.769531,-17.2));
#3746=VECTOR('',#4370,1.0);
#3747=CARTESIAN_POINT('',(-26.567181,2.769531,-6.55));
#3748=CARTESIAN_POINT('',(-26.567181,2.769531,-6.55));
#3749=VECTOR('',#4371,1.0);
#3750=CARTESIAN_POINT('',(-26.567181,-6.96260438681155E-16,-6.55));
#3751=VECTOR('',#4372,1.0);
#3752=CARTESIAN_POINT('',(-25.792181,2.769531,-17.7));
#3753=CARTESIAN_POINT('',(-25.792181,2.769531,-17.7));
#3754=VECTOR('',#4373,1.0);
#3755=CARTESIAN_POINT('',(-27.217181,2.769531,-17.7));
#3756=CARTESIAN_POINT('',(-25.0,2.769531,-17.7));
#3757=VECTOR('',#4374,1.0);
#3758=CARTESIAN_POINT('',(-27.217181,2.769531,-23.125));
#3759=VECTOR('',#4375,1.0);
#3760=CARTESIAN_POINT('',(-25.792181,1.769531,-17.7));
#3761=CARTESIAN_POINT('',(-25.0,1.769531,-17.7));
#3762=VECTOR('',#4376,1.0);
#3763=CARTESIAN_POINT('',(-25.792181,1.769531,-8.125));
#3764=VECTOR('',#4377,1.0);
#3765=CARTESIAN_POINT('',(-27.217181,-4.94727890923938E-17,-17.7));
#3766=VECTOR('',#4378,1.0);
#3767=CARTESIAN_POINT('',(-25.792181,2.769531,-17.7));
#3768=VECTOR('',#4379,1.0);
#3769=CARTESIAN_POINT('',(-24.892181,2.769531,-17.7));
#3770=VECTOR('',#4380,1.0);
#3771=CARTESIAN_POINT('',(-24.2852558505981,-1.26276840239229,-11.7580748505981));
#3772=VECTOR('',#4381,1.0);
#3773=CARTESIAN_POINT('',(-25.7691061494019,-1.26276840239229,-11.7580748505981));
#3774=VECTOR('',#4382,1.0);
#3775=CARTESIAN_POINT('',(-25.0064534779416,-3.530469,-14.825));
#3776=VECTOR('',#4383,1.0);
#3777=CARTESIAN_POINT('',(-24.2852558505981,-1.26276840239229,-13.0080748505981));
#3778=VECTOR('',#4384,1.0);
#3779=CARTESIAN_POINT('',(-25.7691061494019,-1.26276840239229,-13.0080748505981));
#3780=VECTOR('',#4385,1.0);
#3781=CARTESIAN_POINT('',(-24.852181,-7.26276840239229,-13.925));
#3782=VECTOR('',#4386,1.0);
#3783=CARTESIAN_POINT('',(-24.852181,-3.530469,-13.575));
#3784=VECTOR('',#4387,1.0);
#3785=CARTESIAN_POINT('',(-25.7691061494019,-0.398169597607712,-15.7419251494019));
#3786=VECTOR('',#4388,1.0);
#3787=CARTESIAN_POINT('',(-25.7691061494019,-0.398169597607712,-14.2580748505981));
#3788=VECTOR('',#4389,1.0);
#3789=CARTESIAN_POINT('',(-25.0064534779416,1.869531,-14.825));
#3790=VECTOR('',#4390,1.0);
#3791=CARTESIAN_POINT('',(-24.852181,-7.26276840239229,-12.675));
#3792=VECTOR('',#4391,1.0);
#3793=CARTESIAN_POINT('',(-24.852181,-3.530469,-12.325));
#3794=VECTOR('',#4392,1.0);
#3795=CARTESIAN_POINT('',(-24.852181,-0.761551108583667,-16.075));
#3796=VECTOR('',#4393,1.0);
#3797=CARTESIAN_POINT('',(-25.0064534779416,1.869531,-16.075));
#3798=VECTOR('',#4394,1.0);
#3799=CARTESIAN_POINT('',(-24.852181,-3.530469,-16.075));
#3800=VECTOR('',#4395,1.0);
#3801=CARTESIAN_POINT('',(-25.0064534779416,2.169531,-16.15));
#3802=VECTOR('',#4396,1.0);
#3803=CARTESIAN_POINT('',(-25.0064534779416,2.169531,-16.35));
#3804=VECTOR('',#4397,1.0);
#3805=CARTESIAN_POINT('',(-24.852181,-7.26276840239229,-16.425));
#3806=VECTOR('',#4398,1.0);
#3807=CARTESIAN_POINT('',(-25.127181,2.169531,-9.9));
#3808=CARTESIAN_POINT('',(-25.202181,1.869531,-9.825));
#3809=CARTESIAN_POINT('',(-25.7691061494019,-0.398169597607712,-9.25807485059807));
#3810=VECTOR('',#4399,1.0);
#3811=CARTESIAN_POINT('',(-25.127181,2.169531,-10.1));
#3812=CARTESIAN_POINT('',(-25.127181,2.169531,-9.825));
#3813=VECTOR('',#4400,1.0);
#3814=CARTESIAN_POINT('',(-25.7691061494019,-0.398169597607712,-10.7419251494019));
#3815=VECTOR('',#4401,1.0);
#3816=CARTESIAN_POINT('',(-25.202181,1.869531,-9.825));
#3817=VECTOR('',#4402,1.0);
#3818=CARTESIAN_POINT('',(-25.127181,-3.830469,-8.65));
#3819=CARTESIAN_POINT('',(-25.127181,-3.830469,-8.85));
#3820=CARTESIAN_POINT('',(-25.127181,-3.830469,-8.575));
#3821=VECTOR('',#4403,1.0);
#3822=CARTESIAN_POINT('',(-24.927181,-3.830469,-8.85));
#3823=CARTESIAN_POINT('',(-25.0064534779416,-3.830469,-8.85));
#3824=VECTOR('',#4404,1.0);
#3825=CARTESIAN_POINT('',(-24.927181,-3.830469,-8.65));
#3826=CARTESIAN_POINT('',(-24.927181,-3.830469,-8.575));
#3827=VECTOR('',#4405,1.0);
#3828=CARTESIAN_POINT('',(-25.0064534779416,-3.830469,-8.65));
#3829=VECTOR('',#4406,1.0);
#3830=CARTESIAN_POINT('',(-25.202181,-3.530469,-8.575));
#3831=CARTESIAN_POINT('',(-25.202181,5.10061310858367,-8.575));
#3832=VECTOR('',#4407,1.0);
#3833=CARTESIAN_POINT('',(-25.202181,-3.530469,-8.925));
#3834=CARTESIAN_POINT('',(-25.202181,4.469531,-8.925));
#3835=VECTOR('',#4408,1.0);
#3836=CARTESIAN_POINT('',(-25.202181,-3.530469,-8.575));
#3837=VECTOR('',#4409,1.0);
#3838=CARTESIAN_POINT('',(-24.852181,-3.530469,-8.575));
#3839=CARTESIAN_POINT('',(-25.0064534779416,-3.530469,-8.575));
#3840=VECTOR('',#4410,1.0);
#3841=CARTESIAN_POINT('',(-24.852181,-0.761551108583667,-8.575));
#3842=VECTOR('',#4411,1.0);
#3843=CARTESIAN_POINT('',(-24.2852558505981,-1.26276840239229,-8.00807485059807));
#3844=VECTOR('',#4412,1.0);
#3845=CARTESIAN_POINT('',(-25.7691061494019,-1.26276840239229,-8.00807485059807));
#3846=VECTOR('',#4413,1.0);
#3847=CARTESIAN_POINT('',(-24.852181,-3.530469,-8.925));
#3848=CARTESIAN_POINT('',(-25.0064534779416,-3.530469,-8.925));
#3849=VECTOR('',#4414,1.0);
#3850=CARTESIAN_POINT('',(-24.2852558505981,-1.26276840239229,-9.49192514940193));
#3851=VECTOR('',#4415,1.0);
#3852=CARTESIAN_POINT('',(-25.7691061494019,-1.26276840239229,-9.49192514940193));
#3853=VECTOR('',#4416,1.0);
#3854=CARTESIAN_POINT('',(-24.852181,-3.530469,-8.575));
#3855=VECTOR('',#4417,1.0);
#3856=CARTESIAN_POINT('',(-24.852181,-7.26276840239229,-8.925));
#3857=VECTOR('',#4418,1.0);
#3858=CARTESIAN_POINT('',(-24.852181,-3.530469,-7.675));
#3859=CARTESIAN_POINT('',(-24.852181,-7.26276840239229,-7.675));
#3860=VECTOR('',#4419,1.0);
#3861=CARTESIAN_POINT('',(-25.202181,-3.530469,-7.675));
#3862=CARTESIAN_POINT('',(-25.0064534779416,-3.530469,-7.675));
#3863=VECTOR('',#4420,1.0);
#3864=CARTESIAN_POINT('',(-25.202181,4.469531,-7.675));
#3865=VECTOR('',#4421,1.0);
#3866=CARTESIAN_POINT('',(-24.852181,-3.530469,-7.325));
#3867=CARTESIAN_POINT('',(-24.852181,-3.530469,-7.325));
#3868=VECTOR('',#4422,1.0);
#3869=CARTESIAN_POINT('',(-24.852181,-0.761551108583667,-7.325));
#3870=VECTOR('',#4423,1.0);
#3871=CARTESIAN_POINT('',(-24.927181,-3.830469,-7.6));
#3872=CARTESIAN_POINT('',(-24.2852558505981,-1.26276840239229,-8.24192514940193));
#3873=VECTOR('',#4424,1.0);
#3874=CARTESIAN_POINT('',(-25.127181,-3.830469,-7.6));
#3875=CARTESIAN_POINT('',(-25.0064534779416,-3.830469,-7.6));
#3876=VECTOR('',#4425,1.0);
#3877=CARTESIAN_POINT('',(-25.7691061494019,-1.26276840239229,-8.24192514940193));
#3878=VECTOR('',#4426,1.0);
#3879=CARTESIAN_POINT('',(-24.927181,-3.830469,-7.4));
#3880=CARTESIAN_POINT('',(-24.2852558505981,-1.26276840239229,-6.75807485059807));
#3881=VECTOR('',#4427,1.0);
#3882=CARTESIAN_POINT('',(-24.927181,-3.830469,-7.325));
#3883=VECTOR('',#4428,1.0);
#3884=CARTESIAN_POINT('',(-25.127181,-3.830469,-7.4));
#3885=CARTESIAN_POINT('',(-25.127181,-3.830469,-7.325));
#3886=VECTOR('',#4429,1.0);
#3887=CARTESIAN_POINT('',(-25.0064534779416,-3.830469,-7.4));
#3888=VECTOR('',#4430,1.0);
#3889=CARTESIAN_POINT('',(-25.202181,-3.530469,-7.325));
#3890=CARTESIAN_POINT('',(-25.202181,-3.530469,-7.325));
#3891=VECTOR('',#4431,1.0);
#3892=CARTESIAN_POINT('',(-25.7691061494019,-1.26276840239229,-6.75807485059807));
#3893=VECTOR('',#4432,1.0);
#3894=CARTESIAN_POINT('',(-25.0064534779416,-3.530469,-7.325));
#3895=VECTOR('',#4433,1.0);
#3896=CARTESIAN_POINT('',(-25.202181,5.10061310858367,-7.325));
#3897=VECTOR('',#4434,1.0);
#3898=CARTESIAN_POINT('',(-25.127181,-3.830469,-9.9));
#3899=CARTESIAN_POINT('',(-25.127181,-3.830469,-10.1));
#3900=CARTESIAN_POINT('',(-25.127181,-3.830469,-9.825));
#3901=VECTOR('',#4435,1.0);
#3902=CARTESIAN_POINT('',(-24.927181,-3.830469,-10.1));
#3903=CARTESIAN_POINT('',(-25.0064534779416,-3.830469,-10.1));
#3904=VECTOR('',#4436,1.0);
#3905=CARTESIAN_POINT('',(-24.927181,-3.830469,-9.9));
#3906=CARTESIAN_POINT('',(-24.927181,-3.830469,-9.825));
#3907=VECTOR('',#4437,1.0);
#3908=CARTESIAN_POINT('',(-25.0064534779416,-3.830469,-9.9));
#3909=VECTOR('',#4438,1.0);
#3910=CARTESIAN_POINT('',(-25.202181,-3.530469,-9.825));
#3911=CARTESIAN_POINT('',(-25.202181,5.10061310858367,-9.825));
#3912=VECTOR('',#4439,1.0);
#3913=CARTESIAN_POINT('',(-25.202181,-3.530469,-10.175));
#3914=CARTESIAN_POINT('',(-25.202181,4.469531,-10.175));
#3915=VECTOR('',#4440,1.0);
#3916=CARTESIAN_POINT('',(-25.202181,-3.530469,-9.825));
#3917=VECTOR('',#4441,1.0);
#3918=CARTESIAN_POINT('',(-24.852181,-3.530469,-9.825));
#3919=CARTESIAN_POINT('',(-25.0064534779416,-3.530469,-9.825));
#3920=VECTOR('',#4442,1.0);
#3921=CARTESIAN_POINT('',(-24.852181,-0.761551108583667,-9.825));
#3922=VECTOR('',#4443,1.0);
#3923=CARTESIAN_POINT('',(-24.2852558505981,-1.26276840239229,-9.25807485059807));
#3924=VECTOR('',#4444,1.0);
#3925=CARTESIAN_POINT('',(-25.7691061494019,-1.26276840239229,-9.25807485059807));
#3926=VECTOR('',#4445,1.0);
#3927=CARTESIAN_POINT('',(-24.852181,-3.530469,-10.175));
#3928=CARTESIAN_POINT('',(-25.0064534779416,-3.530469,-10.175));
#3929=VECTOR('',#4446,1.0);
#3930=CARTESIAN_POINT('',(-24.2852558505981,-1.26276840239229,-10.7419251494019));
#3931=VECTOR('',#4447,1.0);
#3932=CARTESIAN_POINT('',(-25.7691061494019,-1.26276840239229,-10.7419251494019));
#3933=VECTOR('',#4448,1.0);
#3934=CARTESIAN_POINT('',(-24.852181,-3.530469,-9.825));
#3935=VECTOR('',#4449,1.0);
#3936=CARTESIAN_POINT('',(-24.852181,-7.26276840239229,-10.175));
#3937=VECTOR('',#4450,1.0);
#3938=CARTESIAN_POINT('',(-25.127181,-3.830469,-11.15));
#3939=CARTESIAN_POINT('',(-25.127181,-3.830469,-11.35));
#3940=CARTESIAN_POINT('',(-25.127181,-3.830469,-11.075));
#3941=VECTOR('',#4451,1.0);
#3942=CARTESIAN_POINT('',(-24.927181,-3.830469,-11.35));
#3943=CARTESIAN_POINT('',(-25.0064534779416,-3.830469,-11.35));
#3944=VECTOR('',#4452,1.0);
#3945=CARTESIAN_POINT('',(-24.927181,-3.830469,-11.15));
#3946=CARTESIAN_POINT('',(-24.927181,-3.830469,-11.075));
#3947=VECTOR('',#4453,1.0);
#3948=CARTESIAN_POINT('',(-25.0064534779416,-3.830469,-11.15));
#3949=VECTOR('',#4454,1.0);
#3950=CARTESIAN_POINT('',(-25.202181,-3.530469,-11.075));
#3951=CARTESIAN_POINT('',(-25.202181,5.10061310858367,-11.075));
#3952=VECTOR('',#4455,1.0);
#3953=CARTESIAN_POINT('',(-25.202181,-3.530469,-11.425));
#3954=CARTESIAN_POINT('',(-25.202181,4.469531,-11.425));
#3955=VECTOR('',#4456,1.0);
#3956=CARTESIAN_POINT('',(-25.202181,-3.530469,-11.075));
#3957=VECTOR('',#4457,1.0);
#3958=CARTESIAN_POINT('',(-24.852181,-3.530469,-11.075));
#3959=CARTESIAN_POINT('',(-25.0064534779416,-3.530469,-11.075));
#3960=VECTOR('',#4458,1.0);
#3961=CARTESIAN_POINT('',(-24.852181,-0.761551108583667,-11.075));
#3962=VECTOR('',#4459,1.0);
#3963=CARTESIAN_POINT('',(-24.2852558505981,-1.26276840239229,-10.5080748505981));
#3964=VECTOR('',#4460,1.0);
#3965=CARTESIAN_POINT('',(-25.7691061494019,-1.26276840239229,-10.5080748505981));
#3966=VECTOR('',#4461,1.0);
#3967=CARTESIAN_POINT('',(-24.852181,-3.530469,-11.425));
#3968=CARTESIAN_POINT('',(-25.0064534779416,-3.530469,-11.425));
#3969=VECTOR('',#4462,1.0);
#3970=CARTESIAN_POINT('',(-24.2852558505981,-1.26276840239229,-11.9919251494019));
#3971=VECTOR('',#4463,1.0);
#3972=CARTESIAN_POINT('',(-25.7691061494019,-1.26276840239229,-11.9919251494019));
#3973=VECTOR('',#4464,1.0);
#3974=CARTESIAN_POINT('',(-24.852181,-3.530469,-11.075));
#3975=VECTOR('',#4465,1.0);
#3976=CARTESIAN_POINT('',(-24.852181,-7.26276840239229,-11.425));
#3977=VECTOR('',#4466,1.0);
#3978=CARTESIAN_POINT('',(-24.992181,2.769531,-6.05));
#3979=CARTESIAN_POINT('',(-24.892181,2.769531,-6.05));
#3980=VECTOR('',#4467,1.0);
#3981=CARTESIAN_POINT('',(-24.992181,1.769531,-6.05));
#3982=CARTESIAN_POINT('',(-24.992181,-8.89135939408179E-16,-6.05));
#3983=VECTOR('',#4468,1.0);
#3984=CARTESIAN_POINT('',(-25.792181,1.769531,-6.05));
#3985=CARTESIAN_POINT('',(-25.0,1.769531,-6.05));
#3986=VECTOR('',#4469,1.0);
#3987=CARTESIAN_POINT('',(-25.792181,2.769531,-6.05));
#3988=CARTESIAN_POINT('',(-25.792181,2.769531,-6.05));
#3989=VECTOR('',#4470,1.0);
#3990=CARTESIAN_POINT('',(-27.217181,2.769531,-6.05));
#3991=CARTESIAN_POINT('',(-25.0,2.769531,-6.05));
#3992=VECTOR('',#4471,1.0);
#3993=CARTESIAN_POINT('',(-27.217181,0.0,-6.05));
#3994=VECTOR('',#4472,1.0);
#3995=CARTESIAN_POINT('',(-24.992181,2.769531,-6.55));
#3996=CARTESIAN_POINT('',(-25.0,2.769531,-6.55));
#3997=VECTOR('',#4473,1.0);
#3998=CARTESIAN_POINT('',(-24.992181,2.76953099999987,-0.625));
#3999=VECTOR('',#4474,1.0);
#4000=CARTESIAN_POINT('',(-24.927181,2.169531,-10.1));
#4001=CARTESIAN_POINT('',(-24.2852558505981,-0.398169597607712,-10.7419251494019));
#4002=VECTOR('',#4475,1.0);
#4003=CARTESIAN_POINT('',(-24.927181,2.169531,-9.9));
#4004=CARTESIAN_POINT('',(-24.927181,2.169531,-9.825));
#4005=VECTOR('',#4476,1.0);
#4006=CARTESIAN_POINT('',(-24.852181,1.869531,-9.825));
#4007=CARTESIAN_POINT('',(-24.2852558505981,-0.398169597607712,-9.25807485059807));
#4008=VECTOR('',#4477,1.0);
#4009=CARTESIAN_POINT('',(-24.852181,1.869531,-9.825));
#4010=VECTOR('',#4478,1.0);
#4011=CARTESIAN_POINT('',(-24.992181,1.769531,-6.55));
#4012=CARTESIAN_POINT('',(-24.992181,1.769531,-15.625));
#4013=VECTOR('',#4479,1.0);
#4014=CARTESIAN_POINT('',(-24.992181,0.0,-6.55));
#4015=VECTOR('',#4480,1.0);
#4016=CARTESIAN_POINT('',(-25.792181,1.769531,-6.55));
#4017=CARTESIAN_POINT('',(-25.792181,1.769531,-15.625));
#4018=VECTOR('',#4481,1.0);
#4019=CARTESIAN_POINT('',(-25.0,1.769531,-6.55));
#4020=VECTOR('',#4482,1.0);
#4021=CARTESIAN_POINT('',(-25.792181,2.769531,-6.55));
#4022=CARTESIAN_POINT('',(-25.792181,0.0,-6.55));
#4023=VECTOR('',#4483,1.0);
#4024=CARTESIAN_POINT('',(-25.792181,2.769531,-6.05));
#4025=VECTOR('',#4484,1.0);
#4026=CARTESIAN_POINT('',(-26.567181,2.769531,-6.55));
#4027=VECTOR('',#4485,1.0);
#4028=CARTESIAN_POINT('',(-27.217181,2.769531,-0.625));
#4029=VECTOR('',#4486,1.0);
#4030=CARTESIAN_POINT('',(-25.202181,5.10061310858367,-9.825));
#4031=VECTOR('',#4487,1.0);
#4032=CARTESIAN_POINT('',(-24.927181,2.169531,-11.15));
#4033=CARTESIAN_POINT('',(-25.127181,2.169531,-11.15));
#4034=CARTESIAN_POINT('',(-25.0064534779416,2.169531,-11.15));
#4035=VECTOR('',#4488,1.0);
#4036=CARTESIAN_POINT('',(-24.927181,2.169531,-11.35));
#4037=CARTESIAN_POINT('',(-24.927181,2.169531,-11.075));
#4038=VECTOR('',#4489,1.0);
#4039=CARTESIAN_POINT('',(-25.127181,2.169531,-11.35));
#4040=CARTESIAN_POINT('',(-25.0064534779416,2.169531,-11.35));
#4041=VECTOR('',#4490,1.0);
#4042=CARTESIAN_POINT('',(-25.127181,2.169531,-11.075));
#4043=VECTOR('',#4491,1.0);
#4044=CARTESIAN_POINT('',(-24.852181,1.869531,-11.425));
#4045=CARTESIAN_POINT('',(-24.852181,-7.26276840239229,-11.425));
#4046=VECTOR('',#4492,1.0);
#4047=CARTESIAN_POINT('',(-24.852181,1.869531,-11.075));
#4048=CARTESIAN_POINT('',(-24.852181,1.869531,-11.075));
#4049=VECTOR('',#4493,1.0);
#4050=CARTESIAN_POINT('',(-24.852181,-0.761551108583667,-11.075));
#4051=VECTOR('',#4494,1.0);
#4052=CARTESIAN_POINT('',(-25.202181,1.869531,-11.075));
#4053=CARTESIAN_POINT('',(-25.0064534779416,1.869531,-11.075));
#4054=VECTOR('',#4495,1.0);
#4055=CARTESIAN_POINT('',(-25.202181,5.10061310858367,-11.075));
#4056=VECTOR('',#4496,1.0);
#4057=CARTESIAN_POINT('',(-25.7691061494019,-0.398169597607712,-10.5080748505981));
#4058=VECTOR('',#4497,1.0);
#4059=CARTESIAN_POINT('',(-24.2852558505981,-0.398169597607712,-10.5080748505981));
#4060=VECTOR('',#4498,1.0);
#4061=CARTESIAN_POINT('',(-25.202181,1.869531,-11.425));
#4062=CARTESIAN_POINT('',(-25.7691061494019,-0.398169597607712,-11.9919251494019));
#4063=VECTOR('',#4499,1.0);
#4064=CARTESIAN_POINT('',(-24.2852558505981,-0.398169597607712,-11.9919251494019));
#4065=VECTOR('',#4500,1.0);
#4066=CARTESIAN_POINT('',(-25.0064534779416,1.869531,-11.425));
#4067=VECTOR('',#4501,1.0);
#4068=CARTESIAN_POINT('',(-25.202181,1.869531,-11.075));
#4069=VECTOR('',#4502,1.0);
#4070=CARTESIAN_POINT('',(-25.202181,4.469531,-11.425));
#4071=VECTOR('',#4503,1.0);
#4072=CARTESIAN_POINT('',(-24.927181,2.169531,-8.65));
#4073=CARTESIAN_POINT('',(-25.127181,2.169531,-8.65));
#4074=CARTESIAN_POINT('',(-25.0064534779416,2.169531,-8.65));
#4075=VECTOR('',#4504,1.0);
#4076=CARTESIAN_POINT('',(-24.927181,2.169531,-8.85));
#4077=CARTESIAN_POINT('',(-24.927181,2.169531,-8.575));
#4078=VECTOR('',#4505,1.0);
#4079=CARTESIAN_POINT('',(-25.127181,2.169531,-8.85));
#4080=CARTESIAN_POINT('',(-25.0064534779416,2.169531,-8.85));
#4081=VECTOR('',#4506,1.0);
#4082=CARTESIAN_POINT('',(-25.127181,2.169531,-8.575));
#4083=VECTOR('',#4507,1.0);
#4084=CARTESIAN_POINT('',(-24.852181,1.869531,-8.925));
#4085=CARTESIAN_POINT('',(-24.852181,-7.26276840239229,-8.925));
#4086=VECTOR('',#4508,1.0);
#4087=CARTESIAN_POINT('',(-24.852181,1.869531,-8.575));
#4088=CARTESIAN_POINT('',(-24.852181,1.869531,-8.575));
#4089=VECTOR('',#4509,1.0);
#4090=CARTESIAN_POINT('',(-24.852181,-0.761551108583667,-8.575));
#4091=VECTOR('',#4510,1.0);
#4092=CARTESIAN_POINT('',(-25.202181,1.869531,-8.575));
#4093=CARTESIAN_POINT('',(-25.0064534779416,1.869531,-8.575));
#4094=VECTOR('',#4511,1.0);
#4095=CARTESIAN_POINT('',(-25.202181,5.10061310858367,-8.575));
#4096=VECTOR('',#4512,1.0);
#4097=CARTESIAN_POINT('',(-25.7691061494019,-0.398169597607712,-8.00807485059807));
#4098=VECTOR('',#4513,1.0);
#4099=CARTESIAN_POINT('',(-24.2852558505981,-0.398169597607712,-8.00807485059807));
#4100=VECTOR('',#4514,1.0);
#4101=CARTESIAN_POINT('',(-25.202181,1.869531,-8.925));
#4102=CARTESIAN_POINT('',(-25.7691061494019,-0.398169597607712,-9.49192514940193));
#4103=VECTOR('',#4515,1.0);
#4104=CARTESIAN_POINT('',(-24.2852558505981,-0.398169597607712,-9.49192514940193));
#4105=VECTOR('',#4516,1.0);
#4106=CARTESIAN_POINT('',(-25.0064534779416,1.869531,-8.925));
#4107=VECTOR('',#4517,1.0);
#4108=CARTESIAN_POINT('',(-25.202181,1.869531,-8.575));
#4109=VECTOR('',#4518,1.0);
#4110=CARTESIAN_POINT('',(-25.202181,4.469531,-8.925));
#4111=VECTOR('',#4519,1.0);
#4112=CARTESIAN_POINT('',(-24.927181,2.169531,-7.4));
#4113=CARTESIAN_POINT('',(-25.127181,2.169531,-7.4));
#4114=CARTESIAN_POINT('',(-25.0064534779416,2.169531,-7.4));
#4115=VECTOR('',#4520,1.0);
#4116=CARTESIAN_POINT('',(-24.927181,2.169531,-7.6));
#4117=CARTESIAN_POINT('',(-24.927181,2.169531,-7.325));
#4118=VECTOR('',#4521,1.0);
#4119=CARTESIAN_POINT('',(-25.127181,2.169531,-7.6));
#4120=CARTESIAN_POINT('',(-25.0064534779416,2.169531,-7.6));
#4121=VECTOR('',#4522,1.0);
#4122=CARTESIAN_POINT('',(-25.127181,2.169531,-7.325));
#4123=VECTOR('',#4523,1.0);
#4124=CARTESIAN_POINT('',(-24.852181,1.869531,-7.675));
#4125=CARTESIAN_POINT('',(-24.852181,-7.26276840239229,-7.675));
#4126=VECTOR('',#4524,1.0);
#4127=CARTESIAN_POINT('',(-24.852181,1.869531,-7.325));
#4128=CARTESIAN_POINT('',(-24.852181,1.869531,-7.325));
#4129=VECTOR('',#4525,1.0);
#4130=CARTESIAN_POINT('',(-24.852181,-0.761551108583667,-7.325));
#4131=VECTOR('',#4526,1.0);
#4132=CARTESIAN_POINT('',(-25.202181,1.869531,-7.325));
#4133=CARTESIAN_POINT('',(-25.0064534779416,1.869531,-7.325));
#4134=VECTOR('',#4527,1.0);
#4135=CARTESIAN_POINT('',(-25.202181,5.10061310858367,-7.325));
#4136=VECTOR('',#4528,1.0);
#4137=CARTESIAN_POINT('',(-25.7691061494019,-0.398169597607712,-6.75807485059807));
#4138=VECTOR('',#4529,1.0);
#4139=CARTESIAN_POINT('',(-24.2852558505981,-0.398169597607712,-6.75807485059807));
#4140=VECTOR('',#4530,1.0);
#4141=CARTESIAN_POINT('',(-25.202181,1.869531,-7.675));
#4142=CARTESIAN_POINT('',(-25.7691061494019,-0.398169597607712,-8.24192514940193));
#4143=VECTOR('',#4531,1.0);
#4144=CARTESIAN_POINT('',(-24.2852558505981,-0.398169597607712,-8.24192514940193));
#4145=VECTOR('',#4532,1.0);
#4146=CARTESIAN_POINT('',(-25.0064534779416,1.869531,-7.675));
#4147=VECTOR('',#4533,1.0);
#4148=CARTESIAN_POINT('',(-25.202181,1.869531,-7.325));
#4149=VECTOR('',#4534,1.0);
#4150=CARTESIAN_POINT('',(-25.202181,4.469531,-7.675));
#4151=VECTOR('',#4535,1.0);
#4152=CARTESIAN_POINT('',(-25.0064534779416,2.169531,-9.9));
#4153=VECTOR('',#4536,1.0);
#4154=CARTESIAN_POINT('',(-25.0064534779416,2.169531,-10.1));
#4155=VECTOR('',#4537,1.0);
#4156=CARTESIAN_POINT('',(-24.852181,-0.761551108583667,-9.825));
#4157=VECTOR('',#4538,1.0);
#4158=CARTESIAN_POINT('',(-25.0064534779416,1.869531,-9.825));
#4159=VECTOR('',#4539,1.0);
#4160=DIRECTION('',(1.0,1.22460635382238E-16,0.0));
#4161=DIRECTION('',(2.31296463463574E-17,1.0,0.0));
#4162=DIRECTION('',(1.0,-2.31296463463574E-17,0.0));
#4163=DIRECTION('',(0.0,-1.0,0.0));
#4164=DIRECTION('',(0.0,-1.0,0.0));
#4165=DIRECTION('',(0.0,0.0,-1.0));
#4166=DIRECTION('',(0.0,0.0,1.0));
#4167=DIRECTION('',(2.31296463463574E-17,1.0,0.0));
#4168=DIRECTION('',(-1.0,-2.44921270764475E-16,0.0));
#4169=DIRECTION('',(0.0,-1.0,0.0));
#4170=DIRECTION('',(1.0,2.31296463463574E-17,0.0));
#4171=DIRECTION('',(0.235702260395516,-0.942809041582063,-0.235702260395516));
#4172=DIRECTION('',(0.0,0.0,1.0));
#4173=DIRECTION('',(-0.235702260395516,0.942809041582063,-0.235702260395516));
#4174=DIRECTION('',(0.0,0.0,-1.0));
#4175=DIRECTION('',(1.76411077586202E-14,1.0,0.0));
#4176=DIRECTION('',(0.0,0.0,-1.0));
#4177=DIRECTION('',(1.77635683940024E-14,1.0,0.0));
#4178=DIRECTION('',(0.0,0.0,1.0));
#4179=DIRECTION('',(0.0,0.0,-1.0));
#4180=DIRECTION('',(0.0,0.0,1.0));
#4181=DIRECTION('',(0.0,1.0,0.0));
#4182=DIRECTION('',(0.0,0.0,-1.0));
#4183=DIRECTION('',(2.31296463463574E-17,1.0,0.0));
#4184=DIRECTION('',(0.0,1.0,0.0));
#4185=DIRECTION('',(1.0,-2.31296463463574E-17,0.0));
#4186=DIRECTION('',(0.235702260395516,0.942809041582063,-0.235702260395516));
#4187=DIRECTION('',(-1.0,0.0,5.78241158658936E-18));
#4188=DIRECTION('',(0.235702260395516,-0.942809041582063,0.235702260395516));
#4189=DIRECTION('',(0.235702260395516,-0.942809041582063,0.235702260395516));
#4190=DIRECTION('',(0.0,0.0,-1.0));
#4191=DIRECTION('',(-0.235702260395516,0.942809041582063,0.235702260395516));
#4192=DIRECTION('',(0.235702260395516,0.942809041582063,0.235702260395516));
#4193=DIRECTION('',(-1.0,0.0,5.78241158658936E-18));
#4194=DIRECTION('',(1.0,2.31296463463574E-17,0.0));
#4195=DIRECTION('',(0.0,-1.0,0.0));
#4196=DIRECTION('',(0.0,0.0,-1.0));
#4197=DIRECTION('',(0.0,-1.0,0.0));
#4198=DIRECTION('',(0.0,0.0,1.0));
#4199=DIRECTION('',(0.0,0.0,-1.0));
#4200=DIRECTION('',(1.0,0.0,0.0));
#4201=DIRECTION('',(0.0,0.0,1.0));
#4202=DIRECTION('',(1.0,-1.22460635382238E-16,0.0));
#4203=DIRECTION('',(1.0,1.22460635382238E-16,0.0));
#4204=DIRECTION('',(0.0,0.0,-1.0));
#4205=DIRECTION('',(1.0,1.22460635382238E-16,0.0));
#4206=DIRECTION('',(0.0,0.0,1.0));
#4207=DIRECTION('',(1.0,1.22460635382238E-16,0.0));
#4208=DIRECTION('',(1.0,1.22460635382238E-16,0.0));
#4209=DIRECTION('',(0.0,0.0,1.0));
#4210=DIRECTION('',(1.0,1.22460635382238E-16,0.0));
#4211=DIRECTION('',(0.0,0.0,-1.0));
#4212=DIRECTION('',(1.0,1.22460635382238E-16,0.0));
#4213=DIRECTION('',(0.0,0.0,1.0));
#4214=DIRECTION('',(1.0,1.22460635382238E-16,0.0));
#4215=DIRECTION('',(0.0,0.0,-1.0));
#4216=DIRECTION('',(1.0,1.22460635382238E-16,0.0));
#4217=DIRECTION('',(0.0,0.0,1.0));
#4218=DIRECTION('',(1.0,1.22460635382238E-16,0.0));
#4219=DIRECTION('',(0.0,0.0,1.0));
#4220=DIRECTION('',(1.0,1.22460635382238E-16,0.0));
#4221=DIRECTION('',(0.0,0.0,-1.0));
#4222=DIRECTION('',(1.0,1.22460635382238E-16,0.0));
#4223=DIRECTION('',(0.0,0.0,-1.0));
#4224=DIRECTION('',(1.0,1.22460635382238E-16,0.0));
#4225=DIRECTION('',(0.0,0.0,1.0));
#4226=DIRECTION('',(1.0,1.22460635382238E-16,0.0));
#4227=DIRECTION('',(0.0,0.0,-1.0));
#4228=DIRECTION('',(1.0,1.22460635382238E-16,0.0));
#4229=DIRECTION('',(0.0,0.0,1.0));
#4230=DIRECTION('',(1.0,1.22460635382238E-16,0.0));
#4231=DIRECTION('',(-0.235702260395516,-0.942809041582063,0.235702260395516));
#4232=DIRECTION('',(0.0,0.0,-1.0));
#4233=DIRECTION('',(0.0,0.0,1.0));
#4234=DIRECTION('',(0.0,0.0,-1.0));
#4235=DIRECTION('',(2.31296463463574E-17,1.0,0.0));
#4236=DIRECTION('',(0.0,0.0,-1.0));
#4237=DIRECTION('',(0.0,1.0,0.0));
#4238=DIRECTION('',(0.0,0.0,1.0));
#4239=DIRECTION('',(0.0,-1.0,0.0));
#4240=DIRECTION('',(0.0,-1.0,0.0));
#4241=DIRECTION('',(0.235702260395516,0.942809041582063,0.235702260395516));
#4242=DIRECTION('',(-1.0,0.0,5.78241158658936E-18));
#4243=DIRECTION('',(0.235702260395516,-0.942809041582063,-0.235702260395516));
#4244=DIRECTION('',(1.0,2.31296463463574E-17,0.0));
#4245=DIRECTION('',(1.0,2.31296463463574E-17,0.0));
#4246=DIRECTION('',(-1.0,0.0,-5.78241158658936E-18));
#4247=DIRECTION('',(1.0,-2.31296463463574E-17,0.0));
#4248=DIRECTION('',(0.235702260395516,0.942809041582063,-0.235702260395516));
#4249=DIRECTION('',(-1.0,0.0,5.78241158658936E-18));
#4250=DIRECTION('',(0.235702260395516,-0.942809041582063,0.235702260395516));
#4251=DIRECTION('',(-1.0,-2.44921270764475E-16,0.0));
#4252=DIRECTION('',(-1.0,-2.44921270764475E-16,0.0));
#4253=DIRECTION('',(-0.235702260395516,-0.942809041582063,-0.235702260395516));
#4254=DIRECTION('',(0.0,0.0,1.0));
#4255=DIRECTION('',(0.235702260395516,0.942809041582063,-0.235702260395516));
#4256=DIRECTION('',(2.31296463463574E-17,1.0,0.0));
#4257=DIRECTION('',(-1.0,-2.44921270764475E-16,0.0));
#4258=DIRECTION('',(0.0,-1.0,0.0));
#4259=DIRECTION('',(1.0,2.31296463463574E-17,0.0));
#4260=DIRECTION('',(0.0,0.0,1.0));
#4261=DIRECTION('',(-0.235702260395516,0.942809041582063,-0.235702260395516));
#4262=DIRECTION('',(-1.0,0.0,-5.78241158658936E-18));
#4263=DIRECTION('',(0.0,0.0,-1.0));
#4264=DIRECTION('',(0.0,0.0,-1.0));
#4265=DIRECTION('',(-1.0,0.0,5.78241158658936E-18));
#4266=DIRECTION('',(0.0,0.0,1.0));
#4267=DIRECTION('',(-1.0,0.0,-5.78241158658936E-18));
#4268=DIRECTION('',(-1.0,-2.44921270764475E-16,0.0));
#4269=DIRECTION('',(0.0,-1.0,0.0));
#4270=DIRECTION('',(0.0,0.0,1.0));
#4271=DIRECTION('',(0.0,-1.0,0.0));
#4272=DIRECTION('',(0.0,0.0,1.0));
#4273=DIRECTION('',(0.0,-1.0,0.0));
#4274=DIRECTION('',(1.0,-2.31296463463574E-17,0.0));
#4275=DIRECTION('',(0.0,1.0,0.0));
#4276=DIRECTION('',(1.0,2.31296463463574E-17,0.0));
#4277=DIRECTION('',(-1.0,-2.44921270764475E-16,0.0));
#4278=DIRECTION('',(0.0,0.0,1.0));
#4279=DIRECTION('',(0.0,-1.0,0.0));
#4280=DIRECTION('',(0.0,0.0,1.0));
#4281=DIRECTION('',(-0.235702260395516,-0.942809041582063,0.235702260395516));
#4282=DIRECTION('',(0.0,0.0,-1.0));
#4283=DIRECTION('',(0.235702260395516,0.942809041582063,0.235702260395516));
#4284=DIRECTION('',(0.0,1.0,0.0));
#4285=DIRECTION('',(0.0,0.0,1.0));
#4286=DIRECTION('',(1.22460635382238E-16,1.0,0.0));
#4287=DIRECTION('',(0.0,-1.0,0.0));
#4288=DIRECTION('',(0.0,-1.0,0.0));
#4289=DIRECTION('',(0.0,0.0,1.0));
#4290=DIRECTION('',(0.0,0.0,-1.0));
#4291=DIRECTION('',(0.0,0.0,-1.0));
#4292=DIRECTION('',(0.0,1.0,0.0));
#4293=DIRECTION('',(0.235702260395516,-0.942809041582063,-0.235702260395516));
#4294=DIRECTION('',(0.0,0.0,1.0));
#4295=DIRECTION('',(-0.235702260395516,0.942809041582063,-0.235702260395516));
#4296=DIRECTION('',(0.0,0.0,-1.0));
#4297=DIRECTION('',(-1.0,-1.22460635382238E-16,0.0));
#4298=DIRECTION('',(0.0,1.0,0.0));
#4299=DIRECTION('',(-1.0,0.0,0.0));
#4300=DIRECTION('',(1.0,1.22460635382238E-16,0.0));
#4301=DIRECTION('',(-1.22460635382238E-16,1.0,0.0));
#4302=DIRECTION('',(1.0,0.0,0.0));
#4303=DIRECTION('',(1.22460635382238E-16,-1.0,0.0));
#4304=DIRECTION('',(0.0,0.0,-1.0));
#4305=DIRECTION('',(0.0,0.0,1.0));
#4306=DIRECTION('',(-1.0,0.0,-5.78241158658936E-18));
#4307=DIRECTION('',(-0.235702260395516,-0.942809041582063,0.235702260395516));
#4308=DIRECTION('',(2.31296463463574E-17,1.0,0.0));
#4309=DIRECTION('',(-1.0,-2.44921270764475E-16,0.0));
#4310=DIRECTION('',(0.0,-1.0,0.0));
#4311=DIRECTION('',(1.0,2.31296463463574E-17,0.0));
#4312=DIRECTION('',(0.235702260395516,-0.942809041582063,-0.235702260395516));
#4313=DIRECTION('',(0.0,0.0,1.0));
#4314=DIRECTION('',(-0.235702260395516,0.942809041582063,-0.235702260395516));
#4315=DIRECTION('',(-1.0,0.0,5.78241158658936E-18));
#4316=DIRECTION('',(-1.0,0.0,-5.78241158658936E-18));
#4317=DIRECTION('',(0.0,-1.0,0.0));
#4318=DIRECTION('',(0.0,0.0,1.0));
#4319=DIRECTION('',(0.0,0.0,1.0));
#4320=DIRECTION('',(0.0,-1.0,0.0));
#4321=DIRECTION('',(0.0,0.0,1.0));
#4322=DIRECTION('',(-0.235702260395516,-0.942809041582063,-0.235702260395516));
#4323=DIRECTION('',(-0.235702260395516,0.942809041582063,0.235702260395516));
#4324=DIRECTION('',(-1.22460635382238E-16,1.0,0.0));
#4325=DIRECTION('',(-1.0,0.0,0.0));
#4326=DIRECTION('',(0.0,-1.0,0.0));
#4327=DIRECTION('',(1.0,0.0,0.0));
#4328=DIRECTION('',(2.71917234023169E-30,-2.22044604925028E-14,-1.0));
#4329=DIRECTION('',(-1.11022302462516E-16,1.0,0.0));
#4330=DIRECTION('',(0.0,0.0,1.0));
#4331=DIRECTION('',(1.0,-2.31296463463574E-17,0.0));
#4332=DIRECTION('',(0.235702260395516,0.942809041582063,-0.235702260395516));
#4333=DIRECTION('',(0.235702260395516,-0.942809041582063,0.235702260395516));
#4334=DIRECTION('',(1.0,-2.31296463463574E-17,0.0));
#4335=DIRECTION('',(0.0,1.0,0.0));
#4336=DIRECTION('',(0.0,0.0,1.0));
#4337=DIRECTION('',(-1.0,1.22460635382238E-16,0.0));
#4338=DIRECTION('',(0.0,0.0,-1.0));
#4339=DIRECTION('',(-1.0,0.0,-5.78241158658936E-18));
#4340=DIRECTION('',(-1.0,0.0,5.78241158658936E-18));
#4341=DIRECTION('',(0.0,0.0,-1.0));
#4342=DIRECTION('',(0.0,0.0,-1.0));
#4343=DIRECTION('',(0.0,0.0,1.0));
#4344=DIRECTION('',(-1.0,0.0,-5.78241158658936E-18));
#4345=DIRECTION('',(0.0,0.0,-1.0));
#4346=DIRECTION('',(-1.0,1.22460635382238E-16,0.0));
#4347=DIRECTION('',(-1.0,-2.44921270764475E-16,0.0));
#4348=DIRECTION('',(0.0,0.0,-1.0));
#4349=DIRECTION('',(-1.0,-2.44921270764475E-16,0.0));
#4350=DIRECTION('',(0.0,0.0,-1.0));
#4351=DIRECTION('',(-1.0,-2.44921270764475E-16,0.0));
#4352=DIRECTION('',(0.0,0.0,1.0));
#4353=DIRECTION('',(-1.0,-2.44921270764475E-16,0.0));
#4354=DIRECTION('',(0.0,0.0,-1.0));
#4355=DIRECTION('',(-1.0,-2.44921270764475E-16,0.0));
#4356=DIRECTION('',(0.0,0.0,1.0));
#4357=DIRECTION('',(-1.0,-2.44921270764475E-16,0.0));
#4358=DIRECTION('',(0.0,0.0,-1.0));
#4359=DIRECTION('',(-1.0,-2.44921270764475E-16,0.0));
#4360=DIRECTION('',(0.0,0.0,1.0));
#4361=DIRECTION('',(-1.0,-2.44921270764475E-16,0.0));
#4362=DIRECTION('',(0.0,0.0,-1.0));
#4363=DIRECTION('',(-1.0,-2.44921270764475E-16,0.0));
#4364=DIRECTION('',(0.0,0.0,1.0));
#4365=DIRECTION('',(1.0,-2.31296463463574E-17,0.0));
#4366=DIRECTION('',(0.0,1.0,0.0));
#4367=DIRECTION('',(1.0,-1.22460635382238E-16,0.0));
#4368=DIRECTION('',(-1.22460635382238E-16,-1.0,0.0));
#4369=DIRECTION('',(0.0,1.0,0.0));
#4370=DIRECTION('',(0.0,0.0,1.0));
#4371=DIRECTION('',(0.0,0.0,-1.0));
#4372=DIRECTION('',(1.22460635382238E-16,1.0,0.0));
#4373=DIRECTION('',(0.0,0.0,1.0));
#4374=DIRECTION('',(1.0,0.0,0.0));
#4375=DIRECTION('',(0.0,0.0,1.0));
#4376=DIRECTION('',(1.0,0.0,0.0));
#4377=DIRECTION('',(0.0,0.0,-1.0));
#4378=DIRECTION('',(-1.22460635382238E-16,1.0,0.0));
#4379=DIRECTION('',(1.22460635382238E-16,-1.0,0.0));
#4380=DIRECTION('',(-1.0,-1.22460635382238E-16,0.0));
#4381=DIRECTION('',(-0.235702260395516,-0.942809041582063,-0.235702260395516));
#4382=DIRECTION('',(-0.235702260395516,0.942809041582063,0.235702260395516));
#4383=DIRECTION('',(1.0,-2.31296463463574E-17,0.0));
#4384=DIRECTION('',(-0.235702260395516,-0.942809041582063,-0.235702260395516));
#4385=DIRECTION('',(-0.235702260395516,0.942809041582063,0.235702260395516));
#4386=DIRECTION('',(2.31296463463574E-17,1.0,0.0));
#4387=DIRECTION('',(0.0,0.0,-1.0));
#4388=DIRECTION('',(0.235702260395516,0.942809041582063,0.235702260395516));
#4389=DIRECTION('',(-0.235702260395516,-0.942809041582063,0.235702260395516));
#4390=DIRECTION('',(1.0,2.31296463463574E-17,0.0));
#4391=DIRECTION('',(2.31296463463574E-17,1.0,0.0));
#4392=DIRECTION('',(0.0,0.0,-1.0));
#4393=DIRECTION('',(0.0,1.0,0.0));
#4394=DIRECTION('',(1.0,2.31296463463574E-17,0.0));
#4395=DIRECTION('',(0.0,0.0,-1.0));
#4396=DIRECTION('',(-1.0,0.0,-5.78241158658936E-18));
#4397=DIRECTION('',(-1.0,0.0,5.78241158658936E-18));
#4398=DIRECTION('',(2.31296463463574E-17,1.0,0.0));
#4399=DIRECTION('',(-0.235702260395516,-0.942809041582063,0.235702260395516));
#4400=DIRECTION('',(0.0,0.0,-1.0));
#4401=DIRECTION('',(0.235702260395516,0.942809041582063,0.235702260395516));
#4402=DIRECTION('',(0.0,0.0,1.0));
#4403=DIRECTION('',(0.0,0.0,-1.0));
#4404=DIRECTION('',(-1.0,0.0,5.78241158658936E-18));
#4405=DIRECTION('',(0.0,0.0,1.0));
#4406=DIRECTION('',(-1.0,0.0,-5.78241158658936E-18));
#4407=DIRECTION('',(0.0,-1.0,0.0));
#4408=DIRECTION('',(0.0,-1.0,0.0));
#4409=DIRECTION('',(0.0,0.0,1.0));
#4410=DIRECTION('',(1.0,-2.31296463463574E-17,0.0));
#4411=DIRECTION('',(0.0,1.0,0.0));
#4412=DIRECTION('',(-0.235702260395516,-0.942809041582063,-0.235702260395516));
#4413=DIRECTION('',(-0.235702260395516,0.942809041582063,0.235702260395516));
#4414=DIRECTION('',(1.0,-2.31296463463574E-17,0.0));
#4415=DIRECTION('',(0.235702260395516,0.942809041582063,-0.235702260395516));
#4416=DIRECTION('',(0.235702260395516,-0.942809041582063,0.235702260395516));
#4417=DIRECTION('',(0.0,0.0,-1.0));
#4418=DIRECTION('',(2.31296463463574E-17,1.0,0.0));
#4419=DIRECTION('',(2.31296463463574E-17,1.0,0.0));
#4420=DIRECTION('',(1.0,-2.31296463463574E-17,0.0));
#4421=DIRECTION('',(0.0,-1.0,0.0));
#4422=DIRECTION('',(0.0,0.0,-1.0));
#4423=DIRECTION('',(0.0,1.0,0.0));
#4424=DIRECTION('',(0.235702260395516,0.942809041582063,-0.235702260395516));
#4425=DIRECTION('',(-1.0,0.0,5.78241158658936E-18));
#4426=DIRECTION('',(0.235702260395516,-0.942809041582063,0.235702260395516));
#4427=DIRECTION('',(-0.235702260395516,-0.942809041582063,-0.235702260395516));
#4428=DIRECTION('',(0.0,0.0,1.0));
#4429=DIRECTION('',(0.0,0.0,-1.0));
#4430=DIRECTION('',(-1.0,0.0,-5.78241158658936E-18));
#4431=DIRECTION('',(0.0,0.0,1.0));
#4432=DIRECTION('',(-0.235702260395516,0.942809041582063,0.235702260395516));
#4433=DIRECTION('',(1.0,-2.31296463463574E-17,0.0));
#4434=DIRECTION('',(0.0,-1.0,0.0));
#4435=DIRECTION('',(0.0,0.0,-1.0));
#4436=DIRECTION('',(-1.0,0.0,5.78241158658936E-18));
#4437=DIRECTION('',(0.0,0.0,1.0));
#4438=DIRECTION('',(-1.0,0.0,-5.78241158658936E-18));
#4439=DIRECTION('',(0.0,-1.0,0.0));
#4440=DIRECTION('',(0.0,-1.0,0.0));
#4441=DIRECTION('',(0.0,0.0,1.0));
#4442=DIRECTION('',(1.0,-2.31296463463574E-17,0.0));
#4443=DIRECTION('',(0.0,1.0,0.0));
#4444=DIRECTION('',(-0.235702260395516,-0.942809041582063,-0.235702260395516));
#4445=DIRECTION('',(-0.235702260395516,0.942809041582063,0.235702260395516));
#4446=DIRECTION('',(1.0,-2.31296463463574E-17,0.0));
#4447=DIRECTION('',(0.235702260395516,0.942809041582063,-0.235702260395516));
#4448=DIRECTION('',(0.235702260395516,-0.942809041582063,0.235702260395516));
#4449=DIRECTION('',(0.0,0.0,-1.0));
#4450=DIRECTION('',(2.31296463463574E-17,1.0,0.0));
#4451=DIRECTION('',(0.0,0.0,-1.0));
#4452=DIRECTION('',(-1.0,0.0,5.78241158658936E-18));
#4453=DIRECTION('',(0.0,0.0,1.0));
#4454=DIRECTION('',(-1.0,0.0,-5.78241158658936E-18));
#4455=DIRECTION('',(0.0,-1.0,0.0));
#4456=DIRECTION('',(0.0,-1.0,0.0));
#4457=DIRECTION('',(0.0,0.0,1.0));
#4458=DIRECTION('',(1.0,-2.31296463463574E-17,0.0));
#4459=DIRECTION('',(0.0,1.0,0.0));
#4460=DIRECTION('',(-0.235702260395516,-0.942809041582063,-0.235702260395516));
#4461=DIRECTION('',(-0.235702260395516,0.942809041582063,0.235702260395516));
#4462=DIRECTION('',(1.0,-2.31296463463574E-17,0.0));
#4463=DIRECTION('',(0.235702260395516,0.942809041582063,-0.235702260395516));
#4464=DIRECTION('',(0.235702260395516,-0.942809041582063,0.235702260395516));
#4465=DIRECTION('',(0.0,0.0,-1.0));
#4466=DIRECTION('',(2.31296463463574E-17,1.0,0.0));
#4467=DIRECTION('',(-1.0,0.0,0.0));
#4468=DIRECTION('',(1.14383329197221E-17,1.0,0.0));
#4469=DIRECTION('',(1.0,-1.22460635382238E-16,0.0));
#4470=DIRECTION('',(0.0,-1.0,0.0));
#4471=DIRECTION('',(1.0,-1.22460635382238E-16,0.0));
#4472=DIRECTION('',(0.0,1.0,0.0));
#4473=DIRECTION('',(1.0,0.0,0.0));
#4474=DIRECTION('',(0.0,-2.22044604925028E-14,1.0));
#4475=DIRECTION('',(0.235702260395516,-0.942809041582063,-0.235702260395516));
#4476=DIRECTION('',(0.0,0.0,1.0));
#4477=DIRECTION('',(-0.235702260395516,0.942809041582063,-0.235702260395516));
#4478=DIRECTION('',(0.0,0.0,-1.0));
#4479=DIRECTION('',(0.0,0.0,-1.0));
#4480=DIRECTION('',(0.0,1.0,0.0));
#4481=DIRECTION('',(0.0,0.0,1.0));
#4482=DIRECTION('',(1.0,-1.22460635382238E-16,0.0));
#4483=DIRECTION('',(0.0,-1.0,0.0));
#4484=DIRECTION('',(0.0,0.0,-1.0));
#4485=DIRECTION('',(-1.0,0.0,0.0));
#4486=DIRECTION('',(0.0,0.0,-1.0));
#4487=DIRECTION('',(0.0,-1.0,0.0));
#4488=DIRECTION('',(-1.0,0.0,-5.78241158658936E-18));
#4489=DIRECTION('',(0.0,0.0,1.0));
#4490=DIRECTION('',(-1.0,0.0,5.78241158658936E-18));
#4491=DIRECTION('',(0.0,0.0,-1.0));
#4492=DIRECTION('',(2.31296463463574E-17,1.0,0.0));
#4493=DIRECTION('',(0.0,0.0,-1.0));
#4494=DIRECTION('',(0.0,1.0,0.0));
#4495=DIRECTION('',(1.0,2.31296463463574E-17,0.0));
#4496=DIRECTION('',(0.0,-1.0,0.0));
#4497=DIRECTION('',(-0.235702260395516,-0.942809041582063,0.235702260395516));
#4498=DIRECTION('',(-0.235702260395516,0.942809041582063,-0.235702260395516));
#4499=DIRECTION('',(0.235702260395516,0.942809041582063,0.235702260395516));
#4500=DIRECTION('',(0.235702260395516,-0.942809041582063,-0.235702260395516));
#4501=DIRECTION('',(1.0,2.31296463463574E-17,0.0));
#4502=DIRECTION('',(0.0,0.0,1.0));
#4503=DIRECTION('',(0.0,-1.0,0.0));
#4504=DIRECTION('',(-1.0,0.0,-5.78241158658936E-18));
#4505=DIRECTION('',(0.0,0.0,1.0));
#4506=DIRECTION('',(-1.0,0.0,5.78241158658936E-18));
#4507=DIRECTION('',(0.0,0.0,-1.0));
#4508=DIRECTION('',(2.31296463463574E-17,1.0,0.0));
#4509=DIRECTION('',(0.0,0.0,-1.0));
#4510=DIRECTION('',(0.0,1.0,0.0));
#4511=DIRECTION('',(1.0,2.31296463463574E-17,0.0));
#4512=DIRECTION('',(0.0,-1.0,0.0));
#4513=DIRECTION('',(-0.235702260395516,-0.942809041582063,0.235702260395516));
#4514=DIRECTION('',(-0.235702260395516,0.942809041582063,-0.235702260395516));
#4515=DIRECTION('',(0.235702260395516,0.942809041582063,0.235702260395516));
#4516=DIRECTION('',(0.235702260395516,-0.942809041582063,-0.235702260395516));
#4517=DIRECTION('',(1.0,2.31296463463574E-17,0.0));
#4518=DIRECTION('',(0.0,0.0,1.0));
#4519=DIRECTION('',(0.0,-1.0,0.0));
#4520=DIRECTION('',(-1.0,0.0,-5.78241158658936E-18));
#4521=DIRECTION('',(0.0,0.0,1.0));
#4522=DIRECTION('',(-1.0,0.0,5.78241158658936E-18));
#4523=DIRECTION('',(0.0,0.0,-1.0));
#4524=DIRECTION('',(2.31296463463574E-17,1.0,0.0));
#4525=DIRECTION('',(0.0,0.0,-1.0));
#4526=DIRECTION('',(0.0,1.0,0.0));
#4527=DIRECTION('',(1.0,2.31296463463574E-17,0.0));
#4528=DIRECTION('',(0.0,-1.0,0.0));
#4529=DIRECTION('',(-0.235702260395516,-0.942809041582063,0.235702260395516));
#4530=DIRECTION('',(-0.235702260395516,0.942809041582063,-0.235702260395516));
#4531=DIRECTION('',(0.235702260395516,0.942809041582063,0.235702260395516));
#4532=DIRECTION('',(0.235702260395516,-0.942809041582063,-0.235702260395516));
#4533=DIRECTION('',(1.0,2.31296463463574E-17,0.0));
#4534=DIRECTION('',(0.0,0.0,1.0));
#4535=DIRECTION('',(0.0,-1.0,0.0));
#4536=DIRECTION('',(-1.0,0.0,-5.78241158658936E-18));
#4537=DIRECTION('',(-1.0,0.0,5.78241158658936E-18));
#4538=DIRECTION('',(0.0,1.0,0.0));
#4539=DIRECTION('',(1.0,2.31296463463574E-17,0.0));
#4540=PRESENTATION_LAYER_ASSIGNMENT('','',(#25,#51,#52,#53,#54,#55,#56,#57,#58,#59,#60,#61,#62,#63,#64,#65,#66,#67,#68,#69,#70,#71,#72,#73,#74,#75,#76,#77,#78,#79,#80,#81,#82,#83,#84,#85,#86,#87,#88,#89,#90,#91,#92,#93,#94,#95,#96,#97,#98,#99,#100,#101,#102,#103,#104,#105,#106,#107,#108,#109,#110,#111,#112,#113,#114,#115,#116,#117,#118,#119,#120,#121,#122,#123,#124,#125,#126,#127,#128,#129,#130,#131,#132,#133,#134,#135,#136,#137,#138,#139,#140,#141,#142,#143,#144,#145,#146,#147,#148,#149,#150,#151,#152,#153,#154,#155,#156,#157,#158,#159,#160,#161,#162,#163,#164,#165,#166,#167,#168,#169,#170,#171,#172,#173,#174,#175,#176,#177,#178,#179,#180,#181,#182,#183,#184,#185,#186,#187,#188,#189,#190,#191,#192,#193,#194,#195,#196,#197,#198,#199,#200,#201,#202,#203,#204,#205,#206,#207,#208,#209,#210,#211,#212,#213,#214,#215,#216,#2176,#2177,#2178,#2179,#2180,#2181,#2182,#2183,#2184,#2185,#2186,#2187,#2188,#2189,#2190,#2191,#2192,#2193,#2194,#2195,#2196,#2197,#2198,#2199,#2200,#2201,#2202,#2203,#2204,#2205,#2206,#2207,#2208,#2209,#2210,#2211,#2212,#2213,#2214,#2215,#2216,#2217,#2218,#2219,#2220,#2221,#2222,#2223,#2224,#2225,#2226,#2227,#2228,#2229,#2230,#2231,#2232,#2233,#2234,#2235,#2236,#2237,#2238,#2239,#2240,#2241,#2242,#2243,#2244,#2245,#2246,#2247,#2248,#2249,#2250,#2251,#2252,#2253,#2254,#2255,#2256,#2257,#2258,#2259,#2260,#2261,#2262,#2263,#2264,#2265,#2266,#2267,#2268,#2269,#2270,#2271,#2272,#2273,#2274,#2275,#2276,#2277,#2278,#2279,#2280,#2281,#2282,#2283,#2284,#2285,#2286,#2287,#2288,#2289,#2290,#2291,#2292,#2293,#2294,#2295,#2296,#2297,#2298,#2299,#2300,#2301,#2302,#2303,#2304,#2305,#2306,#2307,#2308,#2309,#2310,#2311,#2312,#2313,#2314,#2315,#2316,#2317,#2318,#2319,#2320,#2321,#2322,#2323,#2324,#2325,#2326,#2327,#2328,#2329,#2330,#2331,#2332,#2333,#2334,#2335,#2336,#2337,#2338,#2339,#2340,#2341,#2342,#2343,#2344,#2345,#2346,#2347,#2348,#2349,#2350,#2351,#2352,#2353,#2354,#2355,#2356,#2357,#2358,#2359,#2360,#2361,#2362,#2363,#2364,#2365,#2366,#2367,#2368,#2369,#2370,#2371,#2372,#2373,#2374,#2375,#2376,#2377,#2378,#2379,#2380,#2381,#2382,#2383,#2384,#2385,#2386,#2387,#2388,#2389,#2390,#2391,#2392,#2393,#2394,#2395,#2396,#2397,#2398,#2399,#2400,#2401,#2402,#2403,#2404,#2405,#2406,#2407,#2408,#2409,#2410,#2411,#2412,#2413,#2414,#2415,#2416,#2417,#2418,#2419,#2420,#2421,#2422,#2423,#2424,#2425,#2426,#2427,#2428,#2429,#2430,#2431,#2432,#2433,#2434,#2435,#2436,#2437,#2438,#2439,#2440,#2441,#2442,#2443,#2444,#2445,#2446,#2447,#2448,#2449,#2450,#2451,#2452,#2453,#2454,#2455,#2456,#2457,#2458,#2459,#2460,#2461,#2462,#2463,#2464,#2465,#2466,#2467,#2468,#2469,#2470,#2471,#2472,#2473,#2474,#2475,#2476,#2477,#2478,#2479,#2480,#2481,#2482,#2483,#2484,#2485,#2486,#2487,#2488,#2489,#2490,#2491,#2492,#2493,#2494,#2495,#2496,#2497,#2498,#2499,#2500,#2501,#2502,#2503,#2504,#2505,#2506,#2507,#2508,#2509,#2510,#2511,#2512,#2513,#2514,#2515,#2516,#2517,#2518,#2519,#2520,#2521,#2522,#2523,#2524,#2525,#2526,#2527,#2528,#2529,#2530,#2531,#2532,#2533,#2534,#2535,#2536,#2537,#2538,#2539,#2540,#2541,#2542,#2543,#2544,#2545,#2546,#2547,#2548,#2549,#2550,#2551,#2552,#2553,#2554,#2555,#2556,#2557,#2559,#2561,#2564,#2565,#2569,#2570,#2572,#2574,#2577,#2578,#2580,#2582,#2585,#2586,#2588,#2590,#2593,#2595,#2598,#2599,#2603,#2604,#2606,#2608,#2611,#2613,#2616,#2617,#2621,#2622,#2624,#2628,#2629,#2631,#2633,#2637,#2638,#2640,#2642,#2645,#2647,#2650,#2651,#2653,#2655,#2658,#2659,#2661,#2663,#2666,#2667,#2669,#2671,#2674,#2675,#2677,#2679,#2682,#2683,#2685,#2687,#2690,#2691,#2695,#2696,#2698,#2700,#2703,#2704,#2708,#2709,#2711,#2717,#2718,#2720,#2722,#2727,#2729,#2732,#2733,#2735,#2737,#2740,#2743,#2746,#2747,#2749,#2751,#2754,#2757,#2759,#2762,#2764,#2769,#2771,#2774,#2776,#2779,#2781,#2784,#2786,#2789,#2791,#2794,#2796,#2798,#2801,#2802,#2804,#2807,#2809,#2811,#2814,#2816,#2820,#2821,#2823,#2825,#2828,#2830,#2837,#2839,#2844,#2845,#2847,#2849,#2852,#2854,#2857,#2861,#2864,#2866,#2869,#2871,#2874,#2876,#2879,#2883,#2886,#2887,#2889,#2891,#2894,#2895,#2897,#2899,#2902,#2903,#2905,#2907,#2910,#2912,#2915,#2918,#2919,#2924,#2927,#2929,#2932,#2956,#2957,#2959,#2963,#2964,#2966,#2968,#2971,#2973,#2976,#2981,#2987,#2989,#2992,#2995,#2997,#3000,#3003,#3006,#3011,#3012,#3014,#3016,#3019,#3021,#3024,#3029,#3035,#3036,#3038,#3040,#3043,#3045,#3048,#3053,#3059,#3061,#3063,#3065,#3067,#3070,#3073,#3075,#3077,#3080,#3083,#3086,#3092,#3093,#3095,#3097,#3100,#3102,#3105,#3110,#3116,#3117,#3119,#3121,#3124,#3126,#3129,#3134,#3140,#3141,#3143,#3145,#3148,#3150,#3153,#3158));
ENDSEC;
END-ISO-10303-21;
