ISO-10303-21;
HEADER;
FILE_DESCRIPTION(('STEP AP242'),'1');
FILE_NAME('df13-6p-1_25dsa_25_.stp','2025-08-20T08:51:39',('TraceParts'),('TraceParts S.A.'),'Spatial InterOp 3D',' ',' ');
FILE_SCHEMA(('AP242_MANAGED_MODEL_BASED_3D_ENGINEERING_MIM_LF  {1 0 10303 442 1 1 4}'));
ENDSEC;
DATA;
#1=MECHANICAL_DESIGN_GEOMETRIC_PRESENTATION_REPRESENTATION(' ',(#10),#6);
#2=PRODUCT_DEFINITION_CONTEXT('',#11,'design');
#3=APPLICATION_PROTOCOL_DEFINITION('INTERNATIONAL STANDARD','ap242_managed_model_based_3d_engineering',2014,#11);
#4=PRODUCT_CATEGORY_RELATIONSHIP('NONE','NONE',#12,#13);
#5=SHAPE_DEFINITION_REPRESENTATION(#14,#15);
#6= (GEOMETRIC_REPRESENTATION_CONTEXT(3)GLOBAL_UNCERTAINTY_ASSIGNED_CONTEXT((#18))GLOBAL_UNIT_ASSIGNED_CONTEXT((#20,#21,#22))REPRESENTATION_CONTEXT('NONE','WORKSPACE'));
#10=STYLED_ITEM('',(#24),#25);
#11=APPLICATION_CONTEXT('managed model based 3d engineering');
#12=PRODUCT_CATEGORY('part','NONE');
#13=PRODUCT_RELATED_PRODUCT_CATEGORY('detail',' ',(#26));
#14=PRODUCT_DEFINITION_SHAPE('NONE','NONE',#27);
#15=ADVANCED_BREP_SHAPE_REPRESENTATION('DF13-6P-1.25DSA|1#DF13-6P-1.25DSA;DF13-6P-1.25DSA',(#25,#28),#6);
#18=UNCERTAINTY_MEASURE_WITH_UNIT(LENGTH_MEASURE(1.0E-06),#20,'','');
#20= (CONVERSION_BASED_UNIT('MILLIMETRE',#31)LENGTH_UNIT()NAMED_UNIT(#34));
#21= (NAMED_UNIT(#36)PLANE_ANGLE_UNIT()SI_UNIT($,.RADIAN.));
#22= (NAMED_UNIT(#36)SOLID_ANGLE_UNIT()SI_UNIT($,.STERADIAN.));
#24=PRESENTATION_STYLE_ASSIGNMENT((#42));
#25=MANIFOLD_SOLID_BREP('DF13-6P-1.25DSA|1#DF13-6P-1.25DSA;DF13-6P-1.25DSA',#43);
#26=PRODUCT('DF13-6P-1.25DSA|1#DF13-6P-1.25DSA;DF13-6P-1.25DSA','','PART--DESC',(#44));
#27=PRODUCT_DEFINITION('','NONE',#45,#2);
#28=AXIS2_PLACEMENT_3D('',#46,#47,#48);
#31=LENGTH_MEASURE_WITH_UNIT(LENGTH_MEASURE(1.0),#49);
#34=DIMENSIONAL_EXPONENTS(1.0,0.0,0.0,0.0,0.0,0.0,0.0);
#36=DIMENSIONAL_EXPONENTS(0.0,0.0,0.0,0.0,0.0,0.0,0.0);
#42=SURFACE_STYLE_USAGE(.BOTH.,#50);
#43=CLOSED_SHELL('',(#51,#52,#53,#54,#55,#56,#57,#58,#59,#60,#61,#62,#63,#64,#65,#66,#67,#68,#69,#70,#71,#72,#73,#74,#75,#76,#77,#78,#79,#80,#81,#82,#83,#84,#85,#86,#87,#88,#89,#90,#91,#92,#93,#94,#95,#96,#97,#98,#99,#100,#101,#102,#103,#104,#105,#106,#107,#108,#109,#110,#111,#112,#113,#114,#115,#116,#117,#118,#119,#120,#121,#122,#123,#124,#125,#126,#127,#128,#129,#130,#131,#132,#133,#134,#135,#136,#137,#138,#139,#140,#141,#142,#143,#144,#145,#146,#147,#148,#149,#150,#151,#152,#153,#154,#155,#156,#157,#158,#159,#160,#161,#162,#163,#164,#165,#166,#167,#168,#169,#170,#171,#172,#173,#174,#175,#176,#177,#178,#179,#180));
#44=PRODUCT_CONTEXT('',#11,'mechanical');
#45=PRODUCT_DEFINITION_FORMATION_WITH_SPECIFIED_SOURCE(' ','NONE',#26,.NOT_KNOWN.);
#46=CARTESIAN_POINT('',(0.0,0.0,0.0));
#47=DIRECTION('',(0.0,0.0,1.0));
#48=DIRECTION('',(1.0,0.0,0.0));
#49= (NAMED_UNIT(#34)LENGTH_UNIT()SI_UNIT(.MILLI.,.METRE.));
#50=SURFACE_SIDE_STYLE('',(#182));
#51=ADVANCED_FACE('',(#183),#184,.F.);
#52=ADVANCED_FACE('',(#185),#186,.F.);
#53=ADVANCED_FACE('',(#187),#188,.F.);
#54=ADVANCED_FACE('',(#189),#190,.F.);
#55=ADVANCED_FACE('',(#191),#192,.T.);
#56=ADVANCED_FACE('',(#193),#194,.F.);
#57=ADVANCED_FACE('',(#195),#196,.F.);
#58=ADVANCED_FACE('',(#197),#198,.F.);
#59=ADVANCED_FACE('',(#199),#200,.F.);
#60=ADVANCED_FACE('',(#201),#202,.T.);
#61=ADVANCED_FACE('',(#203),#204,.T.);
#62=ADVANCED_FACE('',(#205,#206,#207,#208,#209,#210,#211),#212,.F.);
#63=ADVANCED_FACE('',(#213),#214,.F.);
#64=ADVANCED_FACE('',(#215),#216,.F.);
#65=ADVANCED_FACE('',(#217),#218,.T.);
#66=ADVANCED_FACE('',(#219),#220,.F.);
#67=ADVANCED_FACE('',(#221),#222,.F.);
#68=ADVANCED_FACE('',(#223),#224,.T.);
#69=ADVANCED_FACE('',(#225),#226,.F.);
#70=ADVANCED_FACE('',(#227),#228,.T.);
#71=ADVANCED_FACE('',(#229),#230,.F.);
#72=ADVANCED_FACE('',(#231),#232,.F.);
#73=ADVANCED_FACE('',(#233),#234,.F.);
#74=ADVANCED_FACE('',(#235),#236,.T.);
#75=ADVANCED_FACE('',(#237),#238,.F.);
#76=ADVANCED_FACE('',(#239),#240,.T.);
#77=ADVANCED_FACE('',(#241),#242,.F.);
#78=ADVANCED_FACE('',(#243),#244,.F.);
#79=ADVANCED_FACE('',(#245),#246,.F.);
#80=ADVANCED_FACE('',(#247),#248,.T.);
#81=ADVANCED_FACE('',(#249),#250,.T.);
#82=ADVANCED_FACE('',(#251),#252,.T.);
#83=ADVANCED_FACE('',(#253),#254,.T.);
#84=ADVANCED_FACE('',(#255),#256,.T.);
#85=ADVANCED_FACE('',(#257),#258,.F.);
#86=ADVANCED_FACE('',(#259),#260,.F.);
#87=ADVANCED_FACE('',(#261),#262,.F.);
#88=ADVANCED_FACE('',(#263),#264,.T.);
#89=ADVANCED_FACE('',(#265),#266,.T.);
#90=ADVANCED_FACE('',(#267),#268,.T.);
#91=ADVANCED_FACE('',(#269),#270,.T.);
#92=ADVANCED_FACE('',(#271),#272,.F.);
#93=ADVANCED_FACE('',(#273),#274,.F.);
#94=ADVANCED_FACE('',(#275),#276,.F.);
#95=ADVANCED_FACE('',(#277),#278,.F.);
#96=ADVANCED_FACE('',(#279),#280,.T.);
#97=ADVANCED_FACE('',(#281),#282,.T.);
#98=ADVANCED_FACE('',(#283),#284,.F.);
#99=ADVANCED_FACE('',(#285),#286,.T.);
#100=ADVANCED_FACE('',(#287),#288,.T.);
#101=ADVANCED_FACE('',(#289),#290,.F.);
#102=ADVANCED_FACE('',(#291),#292,.F.);
#103=ADVANCED_FACE('',(#293),#294,.F.);
#104=ADVANCED_FACE('',(#295),#296,.T.);
#105=ADVANCED_FACE('',(#297),#298,.F.);
#106=ADVANCED_FACE('',(#299),#300,.T.);
#107=ADVANCED_FACE('',(#301),#302,.F.);
#108=ADVANCED_FACE('',(#303),#304,.T.);
#109=ADVANCED_FACE('',(#305),#306,.F.);
#110=ADVANCED_FACE('',(#307),#308,.T.);
#111=ADVANCED_FACE('',(#309),#310,.F.);
#112=ADVANCED_FACE('',(#311),#312,.F.);
#113=ADVANCED_FACE('',(#313),#314,.F.);
#114=ADVANCED_FACE('',(#315),#316,.F.);
#115=ADVANCED_FACE('',(#317),#318,.F.);
#116=ADVANCED_FACE('',(#319),#320,.T.);
#117=ADVANCED_FACE('',(#321),#322,.F.);
#118=ADVANCED_FACE('',(#323),#324,.F.);
#119=ADVANCED_FACE('',(#325),#326,.F.);
#120=ADVANCED_FACE('',(#327),#328,.T.);
#121=ADVANCED_FACE('',(#329),#330,.F.);
#122=ADVANCED_FACE('',(#331),#332,.T.);
#123=ADVANCED_FACE('',(#333),#334,.T.);
#124=ADVANCED_FACE('',(#335),#336,.F.);
#125=ADVANCED_FACE('',(#337),#338,.T.);
#126=ADVANCED_FACE('',(#339),#340,.F.);
#127=ADVANCED_FACE('',(#341),#342,.F.);
#128=ADVANCED_FACE('',(#343),#344,.T.);
#129=ADVANCED_FACE('',(#345),#346,.T.);
#130=ADVANCED_FACE('',(#347),#348,.T.);
#131=ADVANCED_FACE('',(#349),#350,.F.);
#132=ADVANCED_FACE('',(#351),#352,.F.);
#133=ADVANCED_FACE('',(#353),#354,.F.);
#134=ADVANCED_FACE('',(#355),#356,.F.);
#135=ADVANCED_FACE('',(#357),#358,.F.);
#136=ADVANCED_FACE('',(#359),#360,.F.);
#137=ADVANCED_FACE('',(#361),#362,.T.);
#138=ADVANCED_FACE('',(#363),#364,.F.);
#139=ADVANCED_FACE('',(#365),#366,.F.);
#140=ADVANCED_FACE('',(#367),#368,.F.);
#141=ADVANCED_FACE('',(#369),#370,.T.);
#142=ADVANCED_FACE('',(#371),#372,.T.);
#143=ADVANCED_FACE('',(#373),#374,.F.);
#144=ADVANCED_FACE('',(#375),#376,.F.);
#145=ADVANCED_FACE('',(#377),#378,.F.);
#146=ADVANCED_FACE('',(#379),#380,.T.);
#147=ADVANCED_FACE('',(#381),#382,.T.);
#148=ADVANCED_FACE('',(#383),#384,.T.);
#149=ADVANCED_FACE('',(#385),#386,.F.);
#150=ADVANCED_FACE('',(#387),#388,.F.);
#151=ADVANCED_FACE('',(#389),#390,.F.);
#152=ADVANCED_FACE('',(#391),#392,.F.);
#153=ADVANCED_FACE('',(#393),#394,.T.);
#154=ADVANCED_FACE('',(#395),#396,.T.);
#155=ADVANCED_FACE('',(#397),#398,.F.);
#156=ADVANCED_FACE('',(#399),#400,.F.);
#157=ADVANCED_FACE('',(#401,#402,#403,#404,#405,#406,#407),#408,.F.);
#158=ADVANCED_FACE('',(#409),#410,.T.);
#159=ADVANCED_FACE('',(#411),#412,.F.);
#160=ADVANCED_FACE('',(#413),#414,.T.);
#161=ADVANCED_FACE('',(#415),#416,.F.);
#162=ADVANCED_FACE('',(#417),#418,.F.);
#163=ADVANCED_FACE('',(#419),#420,.T.);
#164=ADVANCED_FACE('',(#421),#422,.F.);
#165=ADVANCED_FACE('',(#423),#424,.F.);
#166=ADVANCED_FACE('',(#425),#426,.T.);
#167=ADVANCED_FACE('',(#427),#428,.T.);
#168=ADVANCED_FACE('',(#429),#430,.F.);
#169=ADVANCED_FACE('',(#431),#432,.T.);
#170=ADVANCED_FACE('',(#433),#434,.F.);
#171=ADVANCED_FACE('',(#435),#436,.F.);
#172=ADVANCED_FACE('',(#437),#438,.T.);
#173=ADVANCED_FACE('',(#439),#440,.F.);
#174=ADVANCED_FACE('',(#441),#442,.F.);
#175=ADVANCED_FACE('',(#443),#444,.T.);
#176=ADVANCED_FACE('',(#445),#446,.T.);
#177=ADVANCED_FACE('',(#447),#448,.F.);
#178=ADVANCED_FACE('',(#449),#450,.T.);
#179=ADVANCED_FACE('',(#451),#452,.F.);
#180=ADVANCED_FACE('',(#453),#454,.F.);
#182=SURFACE_STYLE_FILL_AREA(#455);
#183=FACE_OUTER_BOUND('',#456,.T.);
#184=PLANE('',#457);
#185=FACE_OUTER_BOUND('',#458,.T.);
#186=PLANE('',#459);
#187=FACE_OUTER_BOUND('',#460,.T.);
#188=PLANE('',#461);
#189=FACE_OUTER_BOUND('',#462,.T.);
#190=PLANE('',#463);
#191=FACE_OUTER_BOUND('',#464,.T.);
#192=PLANE('',#465);
#193=FACE_OUTER_BOUND('',#466,.T.);
#194=PLANE('',#467);
#195=FACE_OUTER_BOUND('',#468,.T.);
#196=PLANE('',#469);
#197=FACE_OUTER_BOUND('',#470,.T.);
#198=PLANE('',#471);
#199=FACE_OUTER_BOUND('',#472,.T.);
#200=PLANE('',#473);
#201=FACE_OUTER_BOUND('',#474,.T.);
#202=PLANE('',#475);
#203=FACE_OUTER_BOUND('',#476,.T.);
#204=PLANE('',#477);
#205=FACE_OUTER_BOUND('',#478,.T.);
#206=FACE_BOUND('',#479,.T.);
#207=FACE_BOUND('',#480,.T.);
#208=FACE_BOUND('',#481,.T.);
#209=FACE_BOUND('',#482,.T.);
#210=FACE_BOUND('',#483,.T.);
#211=FACE_BOUND('',#484,.T.);
#212=PLANE('',#485);
#213=FACE_OUTER_BOUND('',#486,.T.);
#214=PLANE('',#487);
#215=FACE_OUTER_BOUND('',#488,.T.);
#216=PLANE('',#489);
#217=FACE_OUTER_BOUND('',#490,.T.);
#218=PLANE('',#491);
#219=FACE_OUTER_BOUND('',#492,.T.);
#220=PLANE('',#493);
#221=FACE_OUTER_BOUND('',#494,.T.);
#222=PLANE('',#495);
#223=FACE_OUTER_BOUND('',#496,.T.);
#224=PLANE('',#497);
#225=FACE_OUTER_BOUND('',#498,.T.);
#226=PLANE('',#499);
#227=FACE_OUTER_BOUND('',#500,.T.);
#228=PLANE('',#501);
#229=FACE_OUTER_BOUND('',#502,.T.);
#230=PLANE('',#503);
#231=FACE_OUTER_BOUND('',#504,.T.);
#232=PLANE('',#505);
#233=FACE_OUTER_BOUND('',#506,.T.);
#234=PLANE('',#507);
#235=FACE_OUTER_BOUND('',#508,.T.);
#236=PLANE('',#509);
#237=FACE_OUTER_BOUND('',#510,.T.);
#238=PLANE('',#511);
#239=FACE_OUTER_BOUND('',#512,.T.);
#240=PLANE('',#513);
#241=FACE_OUTER_BOUND('',#514,.T.);
#242=PLANE('',#515);
#243=FACE_OUTER_BOUND('',#516,.T.);
#244=PLANE('',#517);
#245=FACE_OUTER_BOUND('',#518,.T.);
#246=PLANE('',#519);
#247=FACE_OUTER_BOUND('',#520,.T.);
#248=PLANE('',#521);
#249=FACE_OUTER_BOUND('',#522,.T.);
#250=PLANE('',#523);
#251=FACE_OUTER_BOUND('',#524,.T.);
#252=PLANE('',#525);
#253=FACE_OUTER_BOUND('',#526,.T.);
#254=PLANE('',#527);
#255=FACE_OUTER_BOUND('',#528,.T.);
#256=PLANE('',#529);
#257=FACE_OUTER_BOUND('',#530,.T.);
#258=PLANE('',#531);
#259=FACE_OUTER_BOUND('',#532,.T.);
#260=PLANE('',#533);
#261=FACE_OUTER_BOUND('',#534,.T.);
#262=PLANE('',#535);
#263=FACE_OUTER_BOUND('',#536,.T.);
#264=PLANE('',#537);
#265=FACE_OUTER_BOUND('',#538,.T.);
#266=PLANE('',#539);
#267=FACE_OUTER_BOUND('',#540,.T.);
#268=PLANE('',#541);
#269=FACE_OUTER_BOUND('',#542,.T.);
#270=PLANE('',#543);
#271=FACE_OUTER_BOUND('',#544,.T.);
#272=PLANE('',#545);
#273=FACE_OUTER_BOUND('',#546,.T.);
#274=PLANE('',#547);
#275=FACE_OUTER_BOUND('',#548,.T.);
#276=PLANE('',#549);
#277=FACE_OUTER_BOUND('',#550,.T.);
#278=PLANE('',#551);
#279=FACE_OUTER_BOUND('',#552,.T.);
#280=PLANE('',#553);
#281=FACE_OUTER_BOUND('',#554,.T.);
#282=PLANE('',#555);
#283=FACE_OUTER_BOUND('',#556,.T.);
#284=PLANE('',#557);
#285=FACE_OUTER_BOUND('',#558,.T.);
#286=PLANE('',#559);
#287=FACE_OUTER_BOUND('',#560,.T.);
#288=PLANE('',#561);
#289=FACE_OUTER_BOUND('',#562,.T.);
#290=PLANE('',#563);
#291=FACE_OUTER_BOUND('',#564,.T.);
#292=PLANE('',#565);
#293=FACE_OUTER_BOUND('',#566,.T.);
#294=PLANE('',#567);
#295=FACE_OUTER_BOUND('',#568,.T.);
#296=PLANE('',#569);
#297=FACE_OUTER_BOUND('',#570,.T.);
#298=PLANE('',#571);
#299=FACE_OUTER_BOUND('',#572,.T.);
#300=PLANE('',#573);
#301=FACE_OUTER_BOUND('',#574,.T.);
#302=PLANE('',#575);
#303=FACE_OUTER_BOUND('',#576,.T.);
#304=PLANE('',#577);
#305=FACE_OUTER_BOUND('',#578,.T.);
#306=PLANE('',#579);
#307=FACE_OUTER_BOUND('',#580,.T.);
#308=PLANE('',#581);
#309=FACE_OUTER_BOUND('',#582,.T.);
#310=PLANE('',#583);
#311=FACE_OUTER_BOUND('',#584,.T.);
#312=PLANE('',#585);
#313=FACE_OUTER_BOUND('',#586,.T.);
#314=PLANE('',#587);
#315=FACE_OUTER_BOUND('',#588,.T.);
#316=PLANE('',#589);
#317=FACE_OUTER_BOUND('',#590,.T.);
#318=PLANE('',#591);
#319=FACE_OUTER_BOUND('',#592,.T.);
#320=PLANE('',#593);
#321=FACE_OUTER_BOUND('',#594,.T.);
#322=PLANE('',#595);
#323=FACE_OUTER_BOUND('',#596,.T.);
#324=PLANE('',#597);
#325=FACE_OUTER_BOUND('',#598,.T.);
#326=PLANE('',#599);
#327=FACE_OUTER_BOUND('',#600,.T.);
#328=PLANE('',#601);
#329=FACE_OUTER_BOUND('',#602,.T.);
#330=PLANE('',#603);
#331=FACE_OUTER_BOUND('',#604,.T.);
#332=PLANE('',#605);
#333=FACE_OUTER_BOUND('',#606,.T.);
#334=PLANE('',#607);
#335=FACE_OUTER_BOUND('',#608,.T.);
#336=PLANE('',#609);
#337=FACE_OUTER_BOUND('',#610,.T.);
#338=PLANE('',#611);
#339=FACE_OUTER_BOUND('',#612,.T.);
#340=PLANE('',#613);
#341=FACE_OUTER_BOUND('',#614,.T.);
#342=PLANE('',#615);
#343=FACE_OUTER_BOUND('',#616,.T.);
#344=PLANE('',#617);
#345=FACE_OUTER_BOUND('',#618,.T.);
#346=PLANE('',#619);
#347=FACE_OUTER_BOUND('',#620,.T.);
#348=PLANE('',#621);
#349=FACE_OUTER_BOUND('',#622,.T.);
#350=PLANE('',#623);
#351=FACE_OUTER_BOUND('',#624,.T.);
#352=PLANE('',#625);
#353=FACE_OUTER_BOUND('',#626,.T.);
#354=PLANE('',#627);
#355=FACE_OUTER_BOUND('',#628,.T.);
#356=PLANE('',#629);
#357=FACE_OUTER_BOUND('',#630,.T.);
#358=PLANE('',#631);
#359=FACE_OUTER_BOUND('',#632,.T.);
#360=PLANE('',#633);
#361=FACE_OUTER_BOUND('',#634,.T.);
#362=PLANE('',#635);
#363=FACE_OUTER_BOUND('',#636,.T.);
#364=PLANE('',#637);
#365=FACE_OUTER_BOUND('',#638,.T.);
#366=PLANE('',#639);
#367=FACE_OUTER_BOUND('',#640,.T.);
#368=PLANE('',#641);
#369=FACE_OUTER_BOUND('',#642,.T.);
#370=PLANE('',#643);
#371=FACE_OUTER_BOUND('',#644,.T.);
#372=PLANE('',#645);
#373=FACE_OUTER_BOUND('',#646,.T.);
#374=PLANE('',#647);
#375=FACE_OUTER_BOUND('',#648,.T.);
#376=PLANE('',#649);
#377=FACE_OUTER_BOUND('',#650,.T.);
#378=PLANE('',#651);
#379=FACE_OUTER_BOUND('',#652,.T.);
#380=PLANE('',#653);
#381=FACE_OUTER_BOUND('',#654,.T.);
#382=PLANE('',#655);
#383=FACE_OUTER_BOUND('',#656,.T.);
#384=PLANE('',#657);
#385=FACE_OUTER_BOUND('',#658,.T.);
#386=PLANE('',#659);
#387=FACE_OUTER_BOUND('',#660,.T.);
#388=PLANE('',#661);
#389=FACE_OUTER_BOUND('',#662,.T.);
#390=PLANE('',#663);
#391=FACE_OUTER_BOUND('',#664,.T.);
#392=PLANE('',#665);
#393=FACE_OUTER_BOUND('',#666,.T.);
#394=PLANE('',#667);
#395=FACE_OUTER_BOUND('',#668,.T.);
#396=PLANE('',#669);
#397=FACE_OUTER_BOUND('',#670,.T.);
#398=PLANE('',#671);
#399=FACE_OUTER_BOUND('',#672,.T.);
#400=PLANE('',#673);
#401=FACE_OUTER_BOUND('',#674,.T.);
#402=FACE_BOUND('',#675,.T.);
#403=FACE_BOUND('',#676,.T.);
#404=FACE_BOUND('',#677,.T.);
#405=FACE_BOUND('',#678,.T.);
#406=FACE_BOUND('',#679,.T.);
#407=FACE_BOUND('',#680,.T.);
#408=PLANE('',#681);
#409=FACE_OUTER_BOUND('',#682,.T.);
#410=PLANE('',#683);
#411=FACE_OUTER_BOUND('',#684,.T.);
#412=PLANE('',#685);
#413=FACE_OUTER_BOUND('',#686,.T.);
#414=PLANE('',#687);
#415=FACE_OUTER_BOUND('',#688,.T.);
#416=PLANE('',#689);
#417=FACE_OUTER_BOUND('',#690,.T.);
#418=PLANE('',#691);
#419=FACE_OUTER_BOUND('',#692,.T.);
#420=PLANE('',#693);
#421=FACE_OUTER_BOUND('',#694,.T.);
#422=PLANE('',#695);
#423=FACE_OUTER_BOUND('',#696,.T.);
#424=PLANE('',#697);
#425=FACE_OUTER_BOUND('',#698,.T.);
#426=PLANE('',#699);
#427=FACE_OUTER_BOUND('',#700,.T.);
#428=PLANE('',#701);
#429=FACE_OUTER_BOUND('',#702,.T.);
#430=PLANE('',#703);
#431=FACE_OUTER_BOUND('',#704,.T.);
#432=PLANE('',#705);
#433=FACE_OUTER_BOUND('',#706,.T.);
#434=PLANE('',#707);
#435=FACE_OUTER_BOUND('',#708,.T.);
#436=PLANE('',#709);
#437=FACE_OUTER_BOUND('',#710,.T.);
#438=PLANE('',#711);
#439=FACE_OUTER_BOUND('',#712,.T.);
#440=PLANE('',#713);
#441=FACE_OUTER_BOUND('',#714,.T.);
#442=PLANE('',#715);
#443=FACE_OUTER_BOUND('',#716,.T.);
#444=PLANE('',#717);
#445=FACE_OUTER_BOUND('',#718,.T.);
#446=PLANE('',#719);
#447=FACE_OUTER_BOUND('',#720,.T.);
#448=PLANE('',#721);
#449=FACE_OUTER_BOUND('',#722,.T.);
#450=PLANE('',#723);
#451=FACE_OUTER_BOUND('',#724,.T.);
#452=PLANE('',#725);
#453=FACE_OUTER_BOUND('',#726,.T.);
#454=PLANE('',#727);
#455=FILL_AREA_STYLE('',(#728));
#456=EDGE_LOOP('',(#729,#730,#731,#732));
#457=AXIS2_PLACEMENT_3D('',#733,#734,#735);
#458=EDGE_LOOP('',(#736,#737,#738,#739));
#459=AXIS2_PLACEMENT_3D('',#740,#741,#742);
#460=EDGE_LOOP('',(#743,#744,#745,#746,#747,#748,#749,#750));
#461=AXIS2_PLACEMENT_3D('',#751,#752,#753);
#462=EDGE_LOOP('',(#754,#755,#756,#757));
#463=AXIS2_PLACEMENT_3D('',#758,#759,#760);
#464=EDGE_LOOP('',(#761,#762,#763,#764));
#465=AXIS2_PLACEMENT_3D('',#765,#766,#767);
#466=EDGE_LOOP('',(#768,#769,#770,#771));
#467=AXIS2_PLACEMENT_3D('',#772,#773,#774);
#468=EDGE_LOOP('',(#775,#776,#777,#778));
#469=AXIS2_PLACEMENT_3D('',#779,#780,#781);
#470=EDGE_LOOP('',(#782,#783,#784,#785));
#471=AXIS2_PLACEMENT_3D('',#786,#787,#788);
#472=EDGE_LOOP('',(#789,#790,#791,#792));
#473=AXIS2_PLACEMENT_3D('',#793,#794,#795);
#474=EDGE_LOOP('',(#796,#797,#798,#799));
#475=AXIS2_PLACEMENT_3D('',#800,#801,#802);
#476=EDGE_LOOP('',(#803,#804,#805,#806));
#477=AXIS2_PLACEMENT_3D('',#807,#808,#809);
#478=EDGE_LOOP('',(#810,#811,#812,#813));
#479=EDGE_LOOP('',(#814,#815,#816,#817));
#480=EDGE_LOOP('',(#818,#819,#820,#821));
#481=EDGE_LOOP('',(#822,#823,#824,#825));
#482=EDGE_LOOP('',(#826,#827,#828,#829));
#483=EDGE_LOOP('',(#830,#831,#832,#833));
#484=EDGE_LOOP('',(#834,#835,#836,#837));
#485=AXIS2_PLACEMENT_3D('',#838,#839,#840);
#486=EDGE_LOOP('',(#841,#842,#843,#844));
#487=AXIS2_PLACEMENT_3D('',#845,#846,#847);
#488=EDGE_LOOP('',(#848,#849,#850,#851));
#489=AXIS2_PLACEMENT_3D('',#852,#853,#854);
#490=EDGE_LOOP('',(#855,#856,#857,#858));
#491=AXIS2_PLACEMENT_3D('',#859,#860,#861);
#492=EDGE_LOOP('',(#862,#863,#864,#865));
#493=AXIS2_PLACEMENT_3D('',#866,#867,#868);
#494=EDGE_LOOP('',(#869,#870,#871,#872));
#495=AXIS2_PLACEMENT_3D('',#873,#874,#875);
#496=EDGE_LOOP('',(#876,#877,#878,#879));
#497=AXIS2_PLACEMENT_3D('',#880,#881,#882);
#498=EDGE_LOOP('',(#883,#884,#885,#886));
#499=AXIS2_PLACEMENT_3D('',#887,#888,#889);
#500=EDGE_LOOP('',(#890,#891,#892,#893));
#501=AXIS2_PLACEMENT_3D('',#894,#895,#896);
#502=EDGE_LOOP('',(#897,#898,#899,#900));
#503=AXIS2_PLACEMENT_3D('',#901,#902,#903);
#504=EDGE_LOOP('',(#904,#905,#906,#907));
#505=AXIS2_PLACEMENT_3D('',#908,#909,#910);
#506=EDGE_LOOP('',(#911,#912,#913,#914));
#507=AXIS2_PLACEMENT_3D('',#915,#916,#917);
#508=EDGE_LOOP('',(#918,#919,#920,#921));
#509=AXIS2_PLACEMENT_3D('',#922,#923,#924);
#510=EDGE_LOOP('',(#925,#926,#927,#928));
#511=AXIS2_PLACEMENT_3D('',#929,#930,#931);
#512=EDGE_LOOP('',(#932,#933,#934,#935));
#513=AXIS2_PLACEMENT_3D('',#936,#937,#938);
#514=EDGE_LOOP('',(#939,#940,#941,#942));
#515=AXIS2_PLACEMENT_3D('',#943,#944,#945);
#516=EDGE_LOOP('',(#946,#947,#948,#949));
#517=AXIS2_PLACEMENT_3D('',#950,#951,#952);
#518=EDGE_LOOP('',(#953,#954,#955,#956,#957,#958,#959,#960));
#519=AXIS2_PLACEMENT_3D('',#961,#962,#963);
#520=EDGE_LOOP('',(#964,#965,#966,#967));
#521=AXIS2_PLACEMENT_3D('',#968,#969,#970);
#522=EDGE_LOOP('',(#971,#972,#973,#974));
#523=AXIS2_PLACEMENT_3D('',#975,#976,#977);
#524=EDGE_LOOP('',(#978,#979,#980,#981));
#525=AXIS2_PLACEMENT_3D('',#982,#983,#984);
#526=EDGE_LOOP('',(#985,#986,#987,#988));
#527=AXIS2_PLACEMENT_3D('',#989,#990,#991);
#528=EDGE_LOOP('',(#992,#993,#994,#995));
#529=AXIS2_PLACEMENT_3D('',#996,#997,#998);
#530=EDGE_LOOP('',(#999,#1000,#1001,#1002));
#531=AXIS2_PLACEMENT_3D('',#1003,#1004,#1005);
#532=EDGE_LOOP('',(#1006,#1007,#1008,#1009,#1010,#1011,#1012,#1013));
#533=AXIS2_PLACEMENT_3D('',#1014,#1015,#1016);
#534=EDGE_LOOP('',(#1017,#1018,#1019,#1020));
#535=AXIS2_PLACEMENT_3D('',#1021,#1022,#1023);
#536=EDGE_LOOP('',(#1024,#1025,#1026,#1027));
#537=AXIS2_PLACEMENT_3D('',#1028,#1029,#1030);
#538=EDGE_LOOP('',(#1031,#1032,#1033,#1034));
#539=AXIS2_PLACEMENT_3D('',#1035,#1036,#1037);
#540=EDGE_LOOP('',(#1038,#1039,#1040,#1041));
#541=AXIS2_PLACEMENT_3D('',#1042,#1043,#1044);
#542=EDGE_LOOP('',(#1045,#1046,#1047,#1048));
#543=AXIS2_PLACEMENT_3D('',#1049,#1050,#1051);
#544=EDGE_LOOP('',(#1052,#1053,#1054,#1055));
#545=AXIS2_PLACEMENT_3D('',#1056,#1057,#1058);
#546=EDGE_LOOP('',(#1059,#1060,#1061,#1062));
#547=AXIS2_PLACEMENT_3D('',#1063,#1064,#1065);
#548=EDGE_LOOP('',(#1066,#1067,#1068,#1069));
#549=AXIS2_PLACEMENT_3D('',#1070,#1071,#1072);
#550=EDGE_LOOP('',(#1073,#1074,#1075,#1076));
#551=AXIS2_PLACEMENT_3D('',#1077,#1078,#1079);
#552=EDGE_LOOP('',(#1080,#1081,#1082,#1083));
#553=AXIS2_PLACEMENT_3D('',#1084,#1085,#1086);
#554=EDGE_LOOP('',(#1087,#1088,#1089,#1090));
#555=AXIS2_PLACEMENT_3D('',#1091,#1092,#1093);
#556=EDGE_LOOP('',(#1094,#1095,#1096,#1097));
#557=AXIS2_PLACEMENT_3D('',#1098,#1099,#1100);
#558=EDGE_LOOP('',(#1101,#1102,#1103,#1104));
#559=AXIS2_PLACEMENT_3D('',#1105,#1106,#1107);
#560=EDGE_LOOP('',(#1108,#1109,#1110,#1111));
#561=AXIS2_PLACEMENT_3D('',#1112,#1113,#1114);
#562=EDGE_LOOP('',(#1115,#1116,#1117,#1118));
#563=AXIS2_PLACEMENT_3D('',#1119,#1120,#1121);
#564=EDGE_LOOP('',(#1122,#1123,#1124,#1125));
#565=AXIS2_PLACEMENT_3D('',#1126,#1127,#1128);
#566=EDGE_LOOP('',(#1129,#1130,#1131,#1132));
#567=AXIS2_PLACEMENT_3D('',#1133,#1134,#1135);
#568=EDGE_LOOP('',(#1136,#1137,#1138,#1139));
#569=AXIS2_PLACEMENT_3D('',#1140,#1141,#1142);
#570=EDGE_LOOP('',(#1143,#1144,#1145,#1146));
#571=AXIS2_PLACEMENT_3D('',#1147,#1148,#1149);
#572=EDGE_LOOP('',(#1150,#1151,#1152,#1153));
#573=AXIS2_PLACEMENT_3D('',#1154,#1155,#1156);
#574=EDGE_LOOP('',(#1157,#1158,#1159,#1160));
#575=AXIS2_PLACEMENT_3D('',#1161,#1162,#1163);
#576=EDGE_LOOP('',(#1164,#1165,#1166,#1167,#1168,#1169,#1170,#1171));
#577=AXIS2_PLACEMENT_3D('',#1172,#1173,#1174);
#578=EDGE_LOOP('',(#1175,#1176,#1177,#1178,#1179,#1180));
#579=AXIS2_PLACEMENT_3D('',#1181,#1182,#1183);
#580=EDGE_LOOP('',(#1184,#1185,#1186,#1187));
#581=AXIS2_PLACEMENT_3D('',#1188,#1189,#1190);
#582=EDGE_LOOP('',(#1191,#1192,#1193,#1194,#1195,#1196,#1197,#1198));
#583=AXIS2_PLACEMENT_3D('',#1199,#1200,#1201);
#584=EDGE_LOOP('',(#1202,#1203,#1204,#1205));
#585=AXIS2_PLACEMENT_3D('',#1206,#1207,#1208);
#586=EDGE_LOOP('',(#1209,#1210,#1211,#1212));
#587=AXIS2_PLACEMENT_3D('',#1213,#1214,#1215);
#588=EDGE_LOOP('',(#1216,#1217,#1218,#1219));
#589=AXIS2_PLACEMENT_3D('',#1220,#1221,#1222);
#590=EDGE_LOOP('',(#1223,#1224,#1225,#1226));
#591=AXIS2_PLACEMENT_3D('',#1227,#1228,#1229);
#592=EDGE_LOOP('',(#1230,#1231,#1232,#1233));
#593=AXIS2_PLACEMENT_3D('',#1234,#1235,#1236);
#594=EDGE_LOOP('',(#1237,#1238,#1239,#1240));
#595=AXIS2_PLACEMENT_3D('',#1241,#1242,#1243);
#596=EDGE_LOOP('',(#1244,#1245,#1246,#1247));
#597=AXIS2_PLACEMENT_3D('',#1248,#1249,#1250);
#598=EDGE_LOOP('',(#1251,#1252,#1253,#1254));
#599=AXIS2_PLACEMENT_3D('',#1255,#1256,#1257);
#600=EDGE_LOOP('',(#1258,#1259,#1260,#1261,#1262,#1263,#1264,#1265));
#601=AXIS2_PLACEMENT_3D('',#1266,#1267,#1268);
#602=EDGE_LOOP('',(#1269,#1270,#1271,#1272));
#603=AXIS2_PLACEMENT_3D('',#1273,#1274,#1275);
#604=EDGE_LOOP('',(#1276,#1277,#1278,#1279,#1280,#1281,#1282,#1283));
#605=AXIS2_PLACEMENT_3D('',#1284,#1285,#1286);
#606=EDGE_LOOP('',(#1287,#1288,#1289,#1290));
#607=AXIS2_PLACEMENT_3D('',#1291,#1292,#1293);
#608=EDGE_LOOP('',(#1294,#1295,#1296,#1297));
#609=AXIS2_PLACEMENT_3D('',#1298,#1299,#1300);
#610=EDGE_LOOP('',(#1301,#1302,#1303,#1304));
#611=AXIS2_PLACEMENT_3D('',#1305,#1306,#1307);
#612=EDGE_LOOP('',(#1308,#1309,#1310,#1311));
#613=AXIS2_PLACEMENT_3D('',#1312,#1313,#1314);
#614=EDGE_LOOP('',(#1315,#1316,#1317,#1318));
#615=AXIS2_PLACEMENT_3D('',#1319,#1320,#1321);
#616=EDGE_LOOP('',(#1322,#1323,#1324,#1325));
#617=AXIS2_PLACEMENT_3D('',#1326,#1327,#1328);
#618=EDGE_LOOP('',(#1329,#1330,#1331,#1332));
#619=AXIS2_PLACEMENT_3D('',#1333,#1334,#1335);
#620=EDGE_LOOP('',(#1336,#1337,#1338,#1339));
#621=AXIS2_PLACEMENT_3D('',#1340,#1341,#1342);
#622=EDGE_LOOP('',(#1343,#1344,#1345,#1346));
#623=AXIS2_PLACEMENT_3D('',#1347,#1348,#1349);
#624=EDGE_LOOP('',(#1350,#1351,#1352,#1353));
#625=AXIS2_PLACEMENT_3D('',#1354,#1355,#1356);
#626=EDGE_LOOP('',(#1357,#1358,#1359,#1360));
#627=AXIS2_PLACEMENT_3D('',#1361,#1362,#1363);
#628=EDGE_LOOP('',(#1364,#1365,#1366,#1367));
#629=AXIS2_PLACEMENT_3D('',#1368,#1369,#1370);
#630=EDGE_LOOP('',(#1371,#1372,#1373,#1374));
#631=AXIS2_PLACEMENT_3D('',#1375,#1376,#1377);
#632=EDGE_LOOP('',(#1378,#1379,#1380,#1381));
#633=AXIS2_PLACEMENT_3D('',#1382,#1383,#1384);
#634=EDGE_LOOP('',(#1385,#1386,#1387,#1388));
#635=AXIS2_PLACEMENT_3D('',#1389,#1390,#1391);
#636=EDGE_LOOP('',(#1392,#1393,#1394,#1395));
#637=AXIS2_PLACEMENT_3D('',#1396,#1397,#1398);
#638=EDGE_LOOP('',(#1399,#1400,#1401,#1402));
#639=AXIS2_PLACEMENT_3D('',#1403,#1404,#1405);
#640=EDGE_LOOP('',(#1406,#1407,#1408,#1409));
#641=AXIS2_PLACEMENT_3D('',#1410,#1411,#1412);
#642=EDGE_LOOP('',(#1413,#1414,#1415,#1416));
#643=AXIS2_PLACEMENT_3D('',#1417,#1418,#1419);
#644=EDGE_LOOP('',(#1420,#1421,#1422,#1423));
#645=AXIS2_PLACEMENT_3D('',#1424,#1425,#1426);
#646=EDGE_LOOP('',(#1427,#1428,#1429,#1430));
#647=AXIS2_PLACEMENT_3D('',#1431,#1432,#1433);
#648=EDGE_LOOP('',(#1434,#1435,#1436,#1437));
#649=AXIS2_PLACEMENT_3D('',#1438,#1439,#1440);
#650=EDGE_LOOP('',(#1441,#1442,#1443,#1444));
#651=AXIS2_PLACEMENT_3D('',#1445,#1446,#1447);
#652=EDGE_LOOP('',(#1448,#1449,#1450,#1451));
#653=AXIS2_PLACEMENT_3D('',#1452,#1453,#1454);
#654=EDGE_LOOP('',(#1455,#1456,#1457,#1458));
#655=AXIS2_PLACEMENT_3D('',#1459,#1460,#1461);
#656=EDGE_LOOP('',(#1462,#1463,#1464,#1465));
#657=AXIS2_PLACEMENT_3D('',#1466,#1467,#1468);
#658=EDGE_LOOP('',(#1469,#1470,#1471,#1472));
#659=AXIS2_PLACEMENT_3D('',#1473,#1474,#1475);
#660=EDGE_LOOP('',(#1476,#1477,#1478,#1479));
#661=AXIS2_PLACEMENT_3D('',#1480,#1481,#1482);
#662=EDGE_LOOP('',(#1483,#1484,#1485,#1486));
#663=AXIS2_PLACEMENT_3D('',#1487,#1488,#1489);
#664=EDGE_LOOP('',(#1490,#1491,#1492,#1493));
#665=AXIS2_PLACEMENT_3D('',#1494,#1495,#1496);
#666=EDGE_LOOP('',(#1497,#1498,#1499,#1500,#1501,#1502));
#667=AXIS2_PLACEMENT_3D('',#1503,#1504,#1505);
#668=EDGE_LOOP('',(#1506,#1507,#1508,#1509));
#669=AXIS2_PLACEMENT_3D('',#1510,#1511,#1512);
#670=EDGE_LOOP('',(#1513,#1514,#1515,#1516));
#671=AXIS2_PLACEMENT_3D('',#1517,#1518,#1519);
#672=EDGE_LOOP('',(#1520,#1521,#1522,#1523));
#673=AXIS2_PLACEMENT_3D('',#1524,#1525,#1526);
#674=EDGE_LOOP('',(#1527,#1528,#1529,#1530));
#675=EDGE_LOOP('',(#1531,#1532,#1533,#1534));
#676=EDGE_LOOP('',(#1535,#1536,#1537,#1538));
#677=EDGE_LOOP('',(#1539,#1540,#1541,#1542));
#678=EDGE_LOOP('',(#1543,#1544,#1545,#1546));
#679=EDGE_LOOP('',(#1547,#1548,#1549,#1550));
#680=EDGE_LOOP('',(#1551,#1552,#1553,#1554));
#681=AXIS2_PLACEMENT_3D('',#1555,#1556,#1557);
#682=EDGE_LOOP('',(#1558,#1559,#1560,#1561));
#683=AXIS2_PLACEMENT_3D('',#1562,#1563,#1564);
#684=EDGE_LOOP('',(#1565,#1566,#1567,#1568));
#685=AXIS2_PLACEMENT_3D('',#1569,#1570,#1571);
#686=EDGE_LOOP('',(#1572,#1573,#1574,#1575));
#687=AXIS2_PLACEMENT_3D('',#1576,#1577,#1578);
#688=EDGE_LOOP('',(#1579,#1580,#1581,#1582));
#689=AXIS2_PLACEMENT_3D('',#1583,#1584,#1585);
#690=EDGE_LOOP('',(#1586,#1587,#1588,#1589));
#691=AXIS2_PLACEMENT_3D('',#1590,#1591,#1592);
#692=EDGE_LOOP('',(#1593,#1594,#1595,#1596));
#693=AXIS2_PLACEMENT_3D('',#1597,#1598,#1599);
#694=EDGE_LOOP('',(#1600,#1601,#1602,#1603));
#695=AXIS2_PLACEMENT_3D('',#1604,#1605,#1606);
#696=EDGE_LOOP('',(#1607,#1608,#1609,#1610));
#697=AXIS2_PLACEMENT_3D('',#1611,#1612,#1613);
#698=EDGE_LOOP('',(#1614,#1615,#1616,#1617));
#699=AXIS2_PLACEMENT_3D('',#1618,#1619,#1620);
#700=EDGE_LOOP('',(#1621,#1622,#1623,#1624));
#701=AXIS2_PLACEMENT_3D('',#1625,#1626,#1627);
#702=EDGE_LOOP('',(#1628,#1629,#1630,#1631));
#703=AXIS2_PLACEMENT_3D('',#1632,#1633,#1634);
#704=EDGE_LOOP('',(#1635,#1636,#1637,#1638));
#705=AXIS2_PLACEMENT_3D('',#1639,#1640,#1641);
#706=EDGE_LOOP('',(#1642,#1643,#1644,#1645));
#707=AXIS2_PLACEMENT_3D('',#1646,#1647,#1648);
#708=EDGE_LOOP('',(#1649,#1650,#1651,#1652));
#709=AXIS2_PLACEMENT_3D('',#1653,#1654,#1655);
#710=EDGE_LOOP('',(#1656,#1657,#1658,#1659));
#711=AXIS2_PLACEMENT_3D('',#1660,#1661,#1662);
#712=EDGE_LOOP('',(#1663,#1664,#1665,#1666));
#713=AXIS2_PLACEMENT_3D('',#1667,#1668,#1669);
#714=EDGE_LOOP('',(#1670,#1671,#1672,#1673));
#715=AXIS2_PLACEMENT_3D('',#1674,#1675,#1676);
#716=EDGE_LOOP('',(#1677,#1678,#1679,#1680));
#717=AXIS2_PLACEMENT_3D('',#1681,#1682,#1683);
#718=EDGE_LOOP('',(#1684,#1685,#1686,#1687));
#719=AXIS2_PLACEMENT_3D('',#1688,#1689,#1690);
#720=EDGE_LOOP('',(#1691,#1692,#1693,#1694));
#721=AXIS2_PLACEMENT_3D('',#1695,#1696,#1697);
#722=EDGE_LOOP('',(#1698,#1699,#1700,#1701));
#723=AXIS2_PLACEMENT_3D('',#1702,#1703,#1704);
#724=EDGE_LOOP('',(#1705,#1706,#1707,#1708));
#725=AXIS2_PLACEMENT_3D('',#1709,#1710,#1711);
#726=EDGE_LOOP('',(#1712,#1713,#1714,#1715));
#727=AXIS2_PLACEMENT_3D('',#1716,#1717,#1718);
#728=FILL_AREA_STYLE_COLOUR('',#1719);
#729=ORIENTED_EDGE('',*,*,#1720,.T.);
#730=ORIENTED_EDGE('',*,*,#1721,.F.);
#731=ORIENTED_EDGE('',*,*,#1722,.F.);
#732=ORIENTED_EDGE('',*,*,#1723,.F.);
#733=CARTESIAN_POINT('',(-25.0064534779416,-1.26276840239229,-15.175));
#734=DIRECTION('',(0.0,0.0,1.0));
#735=DIRECTION('',(1.0,0.0,0.0));
#736=ORIENTED_EDGE('',*,*,#1724,.T.);
#737=ORIENTED_EDGE('',*,*,#1725,.T.);
#738=ORIENTED_EDGE('',*,*,#1726,.T.);
#739=ORIENTED_EDGE('',*,*,#1727,.F.);
#740=CARTESIAN_POINT('',(-24.852181,-0.761551108583667,-13.575));
#741=DIRECTION('',(-1.0,0.0,0.0));
#742=DIRECTION('',(0.0,0.0,1.0));
#743=ORIENTED_EDGE('',*,*,#1728,.F.);
#744=ORIENTED_EDGE('',*,*,#1729,.T.);
#745=ORIENTED_EDGE('',*,*,#1730,.F.);
#746=ORIENTED_EDGE('',*,*,#1731,.F.);
#747=ORIENTED_EDGE('',*,*,#1732,.F.);
#748=ORIENTED_EDGE('',*,*,#1733,.T.);
#749=ORIENTED_EDGE('',*,*,#1734,.T.);
#750=ORIENTED_EDGE('',*,*,#1735,.F.);
#751=CARTESIAN_POINT('',(-27.217181,-1.530469,-10.7174976));
#752=DIRECTION('',(1.0,2.44921270764475E-16,0.0));
#753=DIRECTION('',(-2.44921270764475E-16,1.0,0.0));
#754=ORIENTED_EDGE('',*,*,#1736,.T.);
#755=ORIENTED_EDGE('',*,*,#1737,.T.);
#756=ORIENTED_EDGE('',*,*,#1738,.F.);
#757=ORIENTED_EDGE('',*,*,#1739,.F.);
#758=CARTESIAN_POINT('',(-24.852181,-0.761551108583667,-14.825));
#759=DIRECTION('',(-1.0,0.0,0.0));
#760=DIRECTION('',(0.0,0.0,1.0));
#761=ORIENTED_EDGE('',*,*,#1740,.F.);
#762=ORIENTED_EDGE('',*,*,#1741,.F.);
#763=ORIENTED_EDGE('',*,*,#1742,.T.);
#764=ORIENTED_EDGE('',*,*,#1743,.F.);
#765=CARTESIAN_POINT('',(-25.792181,2.669531,-8.55));
#766=DIRECTION('',(1.0,0.0,0.0));
#767=DIRECTION('',(0.0,1.0,0.0));
#768=ORIENTED_EDGE('',*,*,#1744,.T.);
#769=ORIENTED_EDGE('',*,*,#1721,.T.);
#770=ORIENTED_EDGE('',*,*,#1745,.T.);
#771=ORIENTED_EDGE('',*,*,#1746,.F.);
#772=CARTESIAN_POINT('',(-24.852181,-0.761551108583667,-14.825));
#773=DIRECTION('',(-1.0,0.0,0.0));
#774=DIRECTION('',(0.0,0.0,1.0));
#775=ORIENTED_EDGE('',*,*,#1747,.T.);
#776=ORIENTED_EDGE('',*,*,#1748,.F.);
#777=ORIENTED_EDGE('',*,*,#1749,.T.);
#778=ORIENTED_EDGE('',*,*,#1750,.F.);
#779=CARTESIAN_POINT('',(-27.6736834,1.869531,-13.925));
#780=DIRECTION('',(5.60976323348314E-18,-0.242535625036333,0.970142500145332));
#781=DIRECTION('',(-1.0,-2.31296463463575E-17,0.0));
#782=ORIENTED_EDGE('',*,*,#1751,.F.);
#783=ORIENTED_EDGE('',*,*,#1752,.T.);
#784=ORIENTED_EDGE('',*,*,#1753,.T.);
#785=ORIENTED_EDGE('',*,*,#1754,.T.);
#786=CARTESIAN_POINT('',(-25.202181,-6.130469,-13.925));
#787=DIRECTION('',(1.0,0.0,0.0));
#788=DIRECTION('',(0.0,1.0,0.0));
#789=ORIENTED_EDGE('',*,*,#1755,.F.);
#790=ORIENTED_EDGE('',*,*,#1756,.T.);
#791=ORIENTED_EDGE('',*,*,#1757,.F.);
#792=ORIENTED_EDGE('',*,*,#1758,.T.);
#793=CARTESIAN_POINT('',(-25.127181,-3.830469,-14.825));
#794=DIRECTION('',(0.970142500145332,0.242535625036333,0.0));
#795=DIRECTION('',(0.0,0.0,-1.0));
#796=ORIENTED_EDGE('',*,*,#1759,.T.);
#797=ORIENTED_EDGE('',*,*,#1760,.F.);
#798=ORIENTED_EDGE('',*,*,#1761,.T.);
#799=ORIENTED_EDGE('',*,*,#1762,.F.);
#800=CARTESIAN_POINT('',(-25.202181,-0.899386891416333,-13.575));
#801=DIRECTION('',(0.0,0.0,1.0));
#802=DIRECTION('',(1.0,0.0,0.0));
#803=ORIENTED_EDGE('',*,*,#1763,.T.);
#804=ORIENTED_EDGE('',*,*,#1764,.F.);
#805=ORIENTED_EDGE('',*,*,#1765,.T.);
#806=ORIENTED_EDGE('',*,*,#1766,.F.);
#807=CARTESIAN_POINT('',(-27.6736834,-3.530469,-13.925));
#808=DIRECTION('',(-5.60976323348314E-18,-0.242535625036333,-0.970142500145332));
#809=DIRECTION('',(0.0,-0.970142500145332,0.242535625036333));
#810=ORIENTED_EDGE('',*,*,#1732,.T.);
#811=ORIENTED_EDGE('',*,*,#1767,.T.);
#812=ORIENTED_EDGE('',*,*,#1768,.T.);
#813=ORIENTED_EDGE('',*,*,#1769,.F.);
#814=ORIENTED_EDGE('',*,*,#1770,.F.);
#815=ORIENTED_EDGE('',*,*,#1771,.T.);
#816=ORIENTED_EDGE('',*,*,#1772,.F.);
#817=ORIENTED_EDGE('',*,*,#1773,.F.);
#818=ORIENTED_EDGE('',*,*,#1774,.F.);
#819=ORIENTED_EDGE('',*,*,#1775,.T.);
#820=ORIENTED_EDGE('',*,*,#1745,.F.);
#821=ORIENTED_EDGE('',*,*,#1720,.F.);
#822=ORIENTED_EDGE('',*,*,#1752,.F.);
#823=ORIENTED_EDGE('',*,*,#1776,.T.);
#824=ORIENTED_EDGE('',*,*,#1726,.F.);
#825=ORIENTED_EDGE('',*,*,#1777,.F.);
#826=ORIENTED_EDGE('',*,*,#1778,.F.);
#827=ORIENTED_EDGE('',*,*,#1779,.T.);
#828=ORIENTED_EDGE('',*,*,#1780,.F.);
#829=ORIENTED_EDGE('',*,*,#1781,.F.);
#830=ORIENTED_EDGE('',*,*,#1782,.F.);
#831=ORIENTED_EDGE('',*,*,#1783,.F.);
#832=ORIENTED_EDGE('',*,*,#1784,.F.);
#833=ORIENTED_EDGE('',*,*,#1785,.T.);
#834=ORIENTED_EDGE('',*,*,#1786,.F.);
#835=ORIENTED_EDGE('',*,*,#1787,.T.);
#836=ORIENTED_EDGE('',*,*,#1788,.F.);
#837=ORIENTED_EDGE('',*,*,#1789,.F.);
#838=CARTESIAN_POINT('',(-24.5000613700026,-1.530469,-8.4743375113588));
#839=DIRECTION('',(-1.22460635382238E-16,1.0,0.0));
#840=DIRECTION('',(1.0,1.22460635382238E-16,0.0));
#841=ORIENTED_EDGE('',*,*,#1790,.F.);
#842=ORIENTED_EDGE('',*,*,#1791,.T.);
#843=ORIENTED_EDGE('',*,*,#1792,.F.);
#844=ORIENTED_EDGE('',*,*,#1793,.T.);
#845=CARTESIAN_POINT('',(-24.852181,-3.530469,-16.075));
#846=DIRECTION('',(-0.970142500145332,0.242535625036333,0.0));
#847=DIRECTION('',(0.0,0.0,1.0));
#848=ORIENTED_EDGE('',*,*,#1794,.F.);
#849=ORIENTED_EDGE('',*,*,#1795,.T.);
#850=ORIENTED_EDGE('',*,*,#1796,.F.);
#851=ORIENTED_EDGE('',*,*,#1750,.T.);
#852=CARTESIAN_POINT('',(-25.0064534779416,-1.26276840239229,-13.925));
#853=DIRECTION('',(0.0,0.0,1.0));
#854=DIRECTION('',(1.0,0.0,0.0));
#855=ORIENTED_EDGE('',*,*,#1797,.F.);
#856=ORIENTED_EDGE('',*,*,#1798,.T.);
#857=ORIENTED_EDGE('',*,*,#1799,.F.);
#858=ORIENTED_EDGE('',*,*,#1800,.T.);
#859=CARTESIAN_POINT('',(-25.127181,2.169531,-16.075));
#860=DIRECTION('',(-0.970142500145332,0.242535625036333,0.0));
#861=DIRECTION('',(0.0,0.0,1.0));
#862=ORIENTED_EDGE('',*,*,#1801,.T.);
#863=ORIENTED_EDGE('',*,*,#1794,.T.);
#864=ORIENTED_EDGE('',*,*,#1802,.F.);
#865=ORIENTED_EDGE('',*,*,#1759,.F.);
#866=CARTESIAN_POINT('',(-24.852181,-0.761551108583667,-13.575));
#867=DIRECTION('',(-1.0,0.0,0.0));
#868=DIRECTION('',(0.0,0.0,1.0));
#869=ORIENTED_EDGE('',*,*,#1803,.T.);
#870=ORIENTED_EDGE('',*,*,#1761,.F.);
#871=ORIENTED_EDGE('',*,*,#1804,.F.);
#872=ORIENTED_EDGE('',*,*,#1796,.T.);
#873=CARTESIAN_POINT('',(-25.202181,-6.130469,-13.925));
#874=DIRECTION('',(1.0,0.0,0.0));
#875=DIRECTION('',(0.0,1.0,0.0));
#876=ORIENTED_EDGE('',*,*,#1776,.F.);
#877=ORIENTED_EDGE('',*,*,#1751,.T.);
#878=ORIENTED_EDGE('',*,*,#1805,.T.);
#879=ORIENTED_EDGE('',*,*,#1727,.T.);
#880=CARTESIAN_POINT('',(-25.202181,-0.899386891416333,-13.575));
#881=DIRECTION('',(0.0,0.0,1.0));
#882=DIRECTION('',(1.0,0.0,0.0));
#883=ORIENTED_EDGE('',*,*,#1806,.T.);
#884=ORIENTED_EDGE('',*,*,#1807,.F.);
#885=ORIENTED_EDGE('',*,*,#1768,.F.);
#886=ORIENTED_EDGE('',*,*,#1808,.T.);
#887=CARTESIAN_POINT('',(-23.817181,2.38528626053621,-13.4452033200454));
#888=DIRECTION('',(-1.0,0.0,0.0));
#889=DIRECTION('',(0.0,0.0,1.0));
#890=ORIENTED_EDGE('',*,*,#1739,.T.);
#891=ORIENTED_EDGE('',*,*,#1809,.F.);
#892=ORIENTED_EDGE('',*,*,#1810,.T.);
#893=ORIENTED_EDGE('',*,*,#1811,.F.);
#894=CARTESIAN_POINT('',(-25.202181,-0.899386891416333,-14.825));
#895=DIRECTION('',(0.0,0.0,1.0));
#896=DIRECTION('',(1.0,0.0,0.0));
#897=ORIENTED_EDGE('',*,*,#1744,.F.);
#898=ORIENTED_EDGE('',*,*,#1812,.T.);
#899=ORIENTED_EDGE('',*,*,#1813,.F.);
#900=ORIENTED_EDGE('',*,*,#1814,.T.);
#901=CARTESIAN_POINT('',(-24.852181,-3.530469,-14.825));
#902=DIRECTION('',(-0.970142500145332,0.242535625036333,0.0));
#903=DIRECTION('',(0.0,0.0,1.0));
#904=ORIENTED_EDGE('',*,*,#1815,.T.);
#905=ORIENTED_EDGE('',*,*,#1816,.F.);
#906=ORIENTED_EDGE('',*,*,#1817,.T.);
#907=ORIENTED_EDGE('',*,*,#1818,.F.);
#908=CARTESIAN_POINT('',(-27.6736834,1.869531,-15.175));
#909=DIRECTION('',(5.60976323348314E-18,-0.242535625036333,0.970142500145332));
#910=DIRECTION('',(-1.0,-2.31296463463575E-17,0.0));
#911=ORIENTED_EDGE('',*,*,#1819,.F.);
#912=ORIENTED_EDGE('',*,*,#1820,.T.);
#913=ORIENTED_EDGE('',*,*,#1821,.F.);
#914=ORIENTED_EDGE('',*,*,#1822,.T.);
#915=CARTESIAN_POINT('',(-25.127181,-3.830469,-16.075));
#916=DIRECTION('',(0.970142500145332,0.242535625036333,0.0));
#917=DIRECTION('',(0.0,0.0,-1.0));
#918=ORIENTED_EDGE('',*,*,#1749,.F.);
#919=ORIENTED_EDGE('',*,*,#1823,.T.);
#920=ORIENTED_EDGE('',*,*,#1824,.F.);
#921=ORIENTED_EDGE('',*,*,#1802,.T.);
#922=CARTESIAN_POINT('',(-24.852181,1.869531,-13.575));
#923=DIRECTION('',(0.970142500145332,0.242535625036333,0.0));
#924=DIRECTION('',(0.0,0.0,-1.0));
#925=ORIENTED_EDGE('',*,*,#1757,.T.);
#926=ORIENTED_EDGE('',*,*,#1825,.F.);
#927=ORIENTED_EDGE('',*,*,#1813,.T.);
#928=ORIENTED_EDGE('',*,*,#1826,.T.);
#929=CARTESIAN_POINT('',(-24.927181,-3.830469,-14.825));
#930=DIRECTION('',(-0.0,1.0,0.0));
#931=DIRECTION('',(1.0,0.0,0.0));
#932=ORIENTED_EDGE('',*,*,#1817,.F.);
#933=ORIENTED_EDGE('',*,*,#1827,.T.);
#934=ORIENTED_EDGE('',*,*,#1828,.F.);
#935=ORIENTED_EDGE('',*,*,#1738,.T.);
#936=CARTESIAN_POINT('',(-24.852181,1.869531,-14.825));
#937=DIRECTION('',(0.970142500145332,0.242535625036333,0.0));
#938=DIRECTION('',(0.0,0.0,-1.0));
#939=ORIENTED_EDGE('',*,*,#1790,.T.);
#940=ORIENTED_EDGE('',*,*,#1829,.T.);
#941=ORIENTED_EDGE('',*,*,#1772,.T.);
#942=ORIENTED_EDGE('',*,*,#1830,.F.);
#943=CARTESIAN_POINT('',(-24.852181,-0.761551108583667,-16.075));
#944=DIRECTION('',(-1.0,0.0,0.0));
#945=DIRECTION('',(0.0,0.0,1.0));
#946=ORIENTED_EDGE('',*,*,#1773,.T.);
#947=ORIENTED_EDGE('',*,*,#1829,.F.);
#948=ORIENTED_EDGE('',*,*,#1831,.F.);
#949=ORIENTED_EDGE('',*,*,#1832,.F.);
#950=CARTESIAN_POINT('',(-25.0064534779416,-1.26276840239229,-16.425));
#951=DIRECTION('',(0.0,0.0,1.0));
#952=DIRECTION('',(1.0,0.0,0.0));
#953=ORIENTED_EDGE('',*,*,#1806,.F.);
#954=ORIENTED_EDGE('',*,*,#1833,.T.);
#955=ORIENTED_EDGE('',*,*,#1834,.F.);
#956=ORIENTED_EDGE('',*,*,#1835,.T.);
#957=ORIENTED_EDGE('',*,*,#1836,.T.);
#958=ORIENTED_EDGE('',*,*,#1837,.F.);
#959=ORIENTED_EDGE('',*,*,#1838,.T.);
#960=ORIENTED_EDGE('',*,*,#1839,.F.);
#961=CARTESIAN_POINT('',(-24.117181,2.769531,-3.45));
#962=DIRECTION('',(9.00424483238364E-15,-1.0,0.0));
#963=DIRECTION('',(0.0,0.0,-1.0));
#964=ORIENTED_EDGE('',*,*,#1840,.F.);
#965=ORIENTED_EDGE('',*,*,#1841,.T.);
#966=ORIENTED_EDGE('',*,*,#1842,.F.);
#967=ORIENTED_EDGE('',*,*,#1843,.T.);
#968=CARTESIAN_POINT('',(-24.852181,1.869531,-16.075));
#969=DIRECTION('',(0.970142500145332,0.242535625036333,0.0));
#970=DIRECTION('',(0.0,0.0,-1.0));
#971=ORIENTED_EDGE('',*,*,#1844,.F.);
#972=ORIENTED_EDGE('',*,*,#1845,.T.);
#973=ORIENTED_EDGE('',*,*,#1747,.F.);
#974=ORIENTED_EDGE('',*,*,#1804,.T.);
#975=CARTESIAN_POINT('',(-25.127181,2.169531,-13.575));
#976=DIRECTION('',(-0.970142500145332,0.242535625036333,0.0));
#977=DIRECTION('',(0.0,0.0,1.0));
#978=ORIENTED_EDGE('',*,*,#1831,.T.);
#979=ORIENTED_EDGE('',*,*,#1793,.F.);
#980=ORIENTED_EDGE('',*,*,#1846,.T.);
#981=ORIENTED_EDGE('',*,*,#1820,.F.);
#982=CARTESIAN_POINT('',(-27.6736834,-3.530469,-16.425));
#983=DIRECTION('',(-5.60976323348314E-18,-0.242535625036333,-0.970142500145332));
#984=DIRECTION('',(0.0,-0.970142500145332,0.242535625036333));
#985=ORIENTED_EDGE('',*,*,#1847,.F.);
#986=ORIENTED_EDGE('',*,*,#1791,.F.);
#987=ORIENTED_EDGE('',*,*,#1848,.F.);
#988=ORIENTED_EDGE('',*,*,#1822,.F.);
#989=CARTESIAN_POINT('',(-27.6736834,-3.830469,-16.15));
#990=DIRECTION('',(-5.60976323348314E-18,-0.242535625036333,0.970142500145332));
#991=DIRECTION('',(-1.0,2.31296463463575E-17,0.0));
#992=ORIENTED_EDGE('',*,*,#1771,.F.);
#993=ORIENTED_EDGE('',*,*,#1849,.T.);
#994=ORIENTED_EDGE('',*,*,#1848,.T.);
#995=ORIENTED_EDGE('',*,*,#1830,.T.);
#996=CARTESIAN_POINT('',(-25.202181,-0.899386891416333,-16.075));
#997=DIRECTION('',(0.0,0.0,1.0));
#998=DIRECTION('',(1.0,0.0,0.0));
#999=ORIENTED_EDGE('',*,*,#1821,.T.);
#1000=ORIENTED_EDGE('',*,*,#1846,.F.);
#1001=ORIENTED_EDGE('',*,*,#1792,.T.);
#1002=ORIENTED_EDGE('',*,*,#1847,.T.);
#1003=CARTESIAN_POINT('',(-24.927181,-3.830469,-16.075));
#1004=DIRECTION('',(-0.0,1.0,0.0));
#1005=DIRECTION('',(1.0,0.0,0.0));
#1006=ORIENTED_EDGE('',*,*,#1850,.T.);
#1007=ORIENTED_EDGE('',*,*,#1851,.F.);
#1008=ORIENTED_EDGE('',*,*,#1852,.F.);
#1009=ORIENTED_EDGE('',*,*,#1853,.T.);
#1010=ORIENTED_EDGE('',*,*,#1835,.F.);
#1011=ORIENTED_EDGE('',*,*,#1854,.F.);
#1012=ORIENTED_EDGE('',*,*,#1855,.F.);
#1013=ORIENTED_EDGE('',*,*,#1856,.F.);
#1014=CARTESIAN_POINT('',(-25.2508593649965,-0.647956744658188,-17.2));
#1015=DIRECTION('',(0.0,0.0,-1.0));
#1016=DIRECTION('',(0.0,-1.0,0.0));
#1017=ORIENTED_EDGE('',*,*,#1844,.T.);
#1018=ORIENTED_EDGE('',*,*,#1760,.T.);
#1019=ORIENTED_EDGE('',*,*,#1824,.T.);
#1020=ORIENTED_EDGE('',*,*,#1857,.T.);
#1021=CARTESIAN_POINT('',(-27.6736834,2.169531,-13.65));
#1022=DIRECTION('',(5.60976323348314E-18,-0.242535625036333,-0.970142500145332));
#1023=DIRECTION('',(0.0,-0.970142500145332,0.242535625036333));
#1024=ORIENTED_EDGE('',*,*,#1775,.F.);
#1025=ORIENTED_EDGE('',*,*,#1858,.T.);
#1026=ORIENTED_EDGE('',*,*,#1859,.T.);
#1027=ORIENTED_EDGE('',*,*,#1746,.T.);
#1028=CARTESIAN_POINT('',(-25.202181,-0.899386891416333,-14.825));
#1029=DIRECTION('',(0.0,0.0,1.0));
#1030=DIRECTION('',(1.0,0.0,0.0));
#1031=ORIENTED_EDGE('',*,*,#1857,.F.);
#1032=ORIENTED_EDGE('',*,*,#1823,.F.);
#1033=ORIENTED_EDGE('',*,*,#1748,.T.);
#1034=ORIENTED_EDGE('',*,*,#1845,.F.);
#1035=CARTESIAN_POINT('',(-24.927181,2.169531,-13.575));
#1036=DIRECTION('',(-0.0,1.0,0.0));
#1037=DIRECTION('',(1.0,0.0,0.0));
#1038=ORIENTED_EDGE('',*,*,#1860,.F.);
#1039=ORIENTED_EDGE('',*,*,#1827,.F.);
#1040=ORIENTED_EDGE('',*,*,#1816,.T.);
#1041=ORIENTED_EDGE('',*,*,#1861,.F.);
#1042=CARTESIAN_POINT('',(-24.927181,2.169531,-14.825));
#1043=DIRECTION('',(-0.0,1.0,0.0));
#1044=DIRECTION('',(1.0,0.0,0.0));
#1045=ORIENTED_EDGE('',*,*,#1862,.F.);
#1046=ORIENTED_EDGE('',*,*,#1841,.F.);
#1047=ORIENTED_EDGE('',*,*,#1863,.T.);
#1048=ORIENTED_EDGE('',*,*,#1798,.F.);
#1049=CARTESIAN_POINT('',(-24.927181,2.169531,-16.075));
#1050=DIRECTION('',(-0.0,1.0,0.0));
#1051=DIRECTION('',(1.0,0.0,0.0));
#1052=ORIENTED_EDGE('',*,*,#1799,.T.);
#1053=ORIENTED_EDGE('',*,*,#1863,.F.);
#1054=ORIENTED_EDGE('',*,*,#1840,.T.);
#1055=ORIENTED_EDGE('',*,*,#1864,.F.);
#1056=CARTESIAN_POINT('',(-27.6736834,1.869531,-16.425));
#1057=DIRECTION('',(5.60976323348314E-18,-0.242535625036333,0.970142500145332));
#1058=DIRECTION('',(-1.0,-2.31296463463575E-17,0.0));
#1059=ORIENTED_EDGE('',*,*,#1865,.T.);
#1060=ORIENTED_EDGE('',*,*,#1866,.T.);
#1061=ORIENTED_EDGE('',*,*,#1843,.F.);
#1062=ORIENTED_EDGE('',*,*,#1867,.F.);
#1063=CARTESIAN_POINT('',(-24.852181,-0.761551108583667,-16.075));
#1064=DIRECTION('',(-1.0,0.0,0.0));
#1065=DIRECTION('',(0.0,0.0,1.0));
#1066=ORIENTED_EDGE('',*,*,#1868,.T.);
#1067=ORIENTED_EDGE('',*,*,#1809,.T.);
#1068=ORIENTED_EDGE('',*,*,#1828,.T.);
#1069=ORIENTED_EDGE('',*,*,#1860,.T.);
#1070=CARTESIAN_POINT('',(-27.6736834,2.169531,-14.9));
#1071=DIRECTION('',(5.60976323348314E-18,-0.242535625036333,-0.970142500145332));
#1072=DIRECTION('',(0.0,-0.970142500145332,0.242535625036333));
#1073=ORIENTED_EDGE('',*,*,#1797,.T.);
#1074=ORIENTED_EDGE('',*,*,#1869,.T.);
#1075=ORIENTED_EDGE('',*,*,#1842,.T.);
#1076=ORIENTED_EDGE('',*,*,#1862,.T.);
#1077=CARTESIAN_POINT('',(-27.6736834,2.169531,-16.15));
#1078=DIRECTION('',(5.60976323348314E-18,-0.242535625036333,-0.970142500145332));
#1079=DIRECTION('',(0.0,-0.970142500145332,0.242535625036333));
#1080=ORIENTED_EDGE('',*,*,#1729,.F.);
#1081=ORIENTED_EDGE('',*,*,#1870,.F.);
#1082=ORIENTED_EDGE('',*,*,#1871,.F.);
#1083=ORIENTED_EDGE('',*,*,#1872,.F.);
#1084=CARTESIAN_POINT('',(-27.217181,2.669531,-16.725));
#1085=DIRECTION('',(0.0,0.0,1.0));
#1086=DIRECTION('',(1.0,0.0,0.0));
#1087=ORIENTED_EDGE('',*,*,#1854,.T.);
#1088=ORIENTED_EDGE('',*,*,#1834,.T.);
#1089=ORIENTED_EDGE('',*,*,#1873,.F.);
#1090=ORIENTED_EDGE('',*,*,#1874,.T.);
#1091=CARTESIAN_POINT('',(-24.992181,2.769531,-17.2));
#1092=DIRECTION('',(-1.0,-1.11022302462516E-16,0.0));
#1093=DIRECTION('',(-1.11022302462516E-16,1.0,0.0));
#1094=ORIENTED_EDGE('',*,*,#1866,.F.);
#1095=ORIENTED_EDGE('',*,*,#1875,.T.);
#1096=ORIENTED_EDGE('',*,*,#1876,.F.);
#1097=ORIENTED_EDGE('',*,*,#1864,.T.);
#1098=CARTESIAN_POINT('',(-25.0064534779416,-1.26276840239229,-16.425));
#1099=DIRECTION('',(0.0,0.0,1.0));
#1100=DIRECTION('',(1.0,0.0,0.0));
#1101=ORIENTED_EDGE('',*,*,#1867,.T.);
#1102=ORIENTED_EDGE('',*,*,#1869,.F.);
#1103=ORIENTED_EDGE('',*,*,#1877,.T.);
#1104=ORIENTED_EDGE('',*,*,#1878,.F.);
#1105=CARTESIAN_POINT('',(-25.202181,-0.899386891416333,-16.075));
#1106=DIRECTION('',(0.0,0.0,1.0));
#1107=DIRECTION('',(1.0,0.0,0.0));
#1108=ORIENTED_EDGE('',*,*,#1722,.T.);
#1109=ORIENTED_EDGE('',*,*,#1814,.F.);
#1110=ORIENTED_EDGE('',*,*,#1825,.T.);
#1111=ORIENTED_EDGE('',*,*,#1756,.F.);
#1112=CARTESIAN_POINT('',(-27.6736834,-3.530469,-15.175));
#1113=DIRECTION('',(-5.60976323348314E-18,-0.242535625036333,-0.970142500145332));
#1114=DIRECTION('',(0.0,-0.970142500145332,0.242535625036333));
#1115=ORIENTED_EDGE('',*,*,#1879,.T.);
#1116=ORIENTED_EDGE('',*,*,#1810,.F.);
#1117=ORIENTED_EDGE('',*,*,#1880,.F.);
#1118=ORIENTED_EDGE('',*,*,#1881,.T.);
#1119=CARTESIAN_POINT('',(-25.202181,-6.130469,-15.175));
#1120=DIRECTION('',(1.0,0.0,0.0));
#1121=DIRECTION('',(0.0,1.0,0.0));
#1122=ORIENTED_EDGE('',*,*,#1737,.F.);
#1123=ORIENTED_EDGE('',*,*,#1882,.T.);
#1124=ORIENTED_EDGE('',*,*,#1881,.F.);
#1125=ORIENTED_EDGE('',*,*,#1818,.T.);
#1126=CARTESIAN_POINT('',(-25.0064534779416,-1.26276840239229,-15.175));
#1127=DIRECTION('',(0.0,0.0,1.0));
#1128=DIRECTION('',(1.0,0.0,0.0));
#1129=ORIENTED_EDGE('',*,*,#1858,.F.);
#1130=ORIENTED_EDGE('',*,*,#1774,.T.);
#1131=ORIENTED_EDGE('',*,*,#1723,.T.);
#1132=ORIENTED_EDGE('',*,*,#1755,.T.);
#1133=CARTESIAN_POINT('',(-25.202181,-6.130469,-15.175));
#1134=DIRECTION('',(1.0,0.0,0.0));
#1135=DIRECTION('',(0.0,1.0,0.0));
#1136=ORIENTED_EDGE('',*,*,#1826,.F.);
#1137=ORIENTED_EDGE('',*,*,#1812,.F.);
#1138=ORIENTED_EDGE('',*,*,#1859,.F.);
#1139=ORIENTED_EDGE('',*,*,#1758,.F.);
#1140=CARTESIAN_POINT('',(-27.6736834,-3.830469,-14.9));
#1141=DIRECTION('',(-5.60976323348314E-18,-0.242535625036333,0.970142500145332));
#1142=DIRECTION('',(-1.0,2.31296463463575E-17,0.0));
#1143=ORIENTED_EDGE('',*,*,#1883,.T.);
#1144=ORIENTED_EDGE('',*,*,#1884,.F.);
#1145=ORIENTED_EDGE('',*,*,#1885,.F.);
#1146=ORIENTED_EDGE('',*,*,#1886,.T.);
#1147=CARTESIAN_POINT('',(-25.202181,-6.130469,-12.675));
#1148=DIRECTION('',(1.0,0.0,0.0));
#1149=DIRECTION('',(0.0,1.0,0.0));
#1150=ORIENTED_EDGE('',*,*,#1887,.F.);
#1151=ORIENTED_EDGE('',*,*,#1888,.F.);
#1152=ORIENTED_EDGE('',*,*,#1805,.F.);
#1153=ORIENTED_EDGE('',*,*,#1889,.F.);
#1154=CARTESIAN_POINT('',(-27.6736834,-3.830469,-13.65));
#1155=DIRECTION('',(-5.60976323348314E-18,-0.242535625036333,0.970142500145332));
#1156=DIRECTION('',(-1.0,2.31296463463575E-17,0.0));
#1157=ORIENTED_EDGE('',*,*,#1743,.T.);
#1158=ORIENTED_EDGE('',*,*,#1890,.T.);
#1159=ORIENTED_EDGE('',*,*,#1891,.T.);
#1160=ORIENTED_EDGE('',*,*,#1892,.F.);
#1161=CARTESIAN_POINT('',(-25.4024247553731,1.769531,-8.45332635927888));
#1162=DIRECTION('',(-1.22460635382238E-16,-1.0,0.0));
#1163=DIRECTION('',(-1.0,1.22460635382238E-16,0.0));
#1164=ORIENTED_EDGE('',*,*,#1893,.T.);
#1165=ORIENTED_EDGE('',*,*,#1851,.T.);
#1166=ORIENTED_EDGE('',*,*,#1894,.T.);
#1167=ORIENTED_EDGE('',*,*,#1871,.T.);
#1168=ORIENTED_EDGE('',*,*,#1895,.F.);
#1169=ORIENTED_EDGE('',*,*,#1896,.F.);
#1170=ORIENTED_EDGE('',*,*,#1897,.F.);
#1171=ORIENTED_EDGE('',*,*,#1898,.F.);
#1172=CARTESIAN_POINT('',(-26.567181,2.669531,-11.55));
#1173=DIRECTION('',(1.0,-1.16899762439555E-14,0.0));
#1174=DIRECTION('',(-1.16899762439555E-14,-1.0,0.0));
#1175=ORIENTED_EDGE('',*,*,#1850,.F.);
#1176=ORIENTED_EDGE('',*,*,#1899,.F.);
#1177=ORIENTED_EDGE('',*,*,#1900,.F.);
#1178=ORIENTED_EDGE('',*,*,#1730,.T.);
#1179=ORIENTED_EDGE('',*,*,#1872,.T.);
#1180=ORIENTED_EDGE('',*,*,#1894,.F.);
#1181=CARTESIAN_POINT('',(-26.567181,2.769531,-17.2));
#1182=DIRECTION('',(1.22460635382238E-16,-1.0,0.0));
#1183=DIRECTION('',(0.0,0.0,-1.0));
#1184=ORIENTED_EDGE('',*,*,#1855,.T.);
#1185=ORIENTED_EDGE('',*,*,#1874,.F.);
#1186=ORIENTED_EDGE('',*,*,#1901,.F.);
#1187=ORIENTED_EDGE('',*,*,#1902,.F.);
#1188=CARTESIAN_POINT('',(-25.4024247553731,1.769531,-17.7966736407211));
#1189=DIRECTION('',(-0.0,1.0,0.0));
#1190=DIRECTION('',(1.0,0.0,0.0));
#1191=ORIENTED_EDGE('',*,*,#1731,.T.);
#1192=ORIENTED_EDGE('',*,*,#1900,.T.);
#1193=ORIENTED_EDGE('',*,*,#1903,.T.);
#1194=ORIENTED_EDGE('',*,*,#1901,.T.);
#1195=ORIENTED_EDGE('',*,*,#1873,.T.);
#1196=ORIENTED_EDGE('',*,*,#1833,.F.);
#1197=ORIENTED_EDGE('',*,*,#1808,.F.);
#1198=ORIENTED_EDGE('',*,*,#1767,.F.);
#1199=CARTESIAN_POINT('',(-25.318488408855,-2.27214112744177,-17.7));
#1200=DIRECTION('',(0.0,0.0,1.0));
#1201=DIRECTION('',(1.0,0.0,0.0));
#1202=ORIENTED_EDGE('',*,*,#1902,.T.);
#1203=ORIENTED_EDGE('',*,*,#1903,.F.);
#1204=ORIENTED_EDGE('',*,*,#1899,.T.);
#1205=ORIENTED_EDGE('',*,*,#1856,.T.);
#1206=CARTESIAN_POINT('',(-25.792181,2.669531,-17.7));
#1207=DIRECTION('',(-1.0,-1.22460635382238E-16,0.0));
#1208=DIRECTION('',(-1.22460635382238E-16,1.0,0.0));
#1209=ORIENTED_EDGE('',*,*,#1904,.T.);
#1210=ORIENTED_EDGE('',*,*,#1765,.F.);
#1211=ORIENTED_EDGE('',*,*,#1905,.T.);
#1212=ORIENTED_EDGE('',*,*,#1887,.T.);
#1213=CARTESIAN_POINT('',(-24.927181,-3.830469,-13.575));
#1214=DIRECTION('',(-0.0,1.0,0.0));
#1215=DIRECTION('',(1.0,0.0,0.0));
#1216=ORIENTED_EDGE('',*,*,#1906,.T.);
#1217=ORIENTED_EDGE('',*,*,#1877,.F.);
#1218=ORIENTED_EDGE('',*,*,#1800,.F.);
#1219=ORIENTED_EDGE('',*,*,#1876,.T.);
#1220=CARTESIAN_POINT('',(-25.202181,-6.130469,-16.425));
#1221=DIRECTION('',(1.0,0.0,0.0));
#1222=DIRECTION('',(0.0,1.0,0.0));
#1223=ORIENTED_EDGE('',*,*,#1849,.F.);
#1224=ORIENTED_EDGE('',*,*,#1770,.T.);
#1225=ORIENTED_EDGE('',*,*,#1832,.T.);
#1226=ORIENTED_EDGE('',*,*,#1819,.T.);
#1227=CARTESIAN_POINT('',(-25.202181,-6.130469,-16.425));
#1228=DIRECTION('',(1.0,0.0,0.0));
#1229=DIRECTION('',(0.0,1.0,0.0));
#1230=ORIENTED_EDGE('',*,*,#1868,.F.);
#1231=ORIENTED_EDGE('',*,*,#1861,.T.);
#1232=ORIENTED_EDGE('',*,*,#1815,.F.);
#1233=ORIENTED_EDGE('',*,*,#1880,.T.);
#1234=CARTESIAN_POINT('',(-25.127181,2.169531,-14.825));
#1235=DIRECTION('',(-0.970142500145332,0.242535625036333,0.0));
#1236=DIRECTION('',(0.0,0.0,1.0));
#1237=ORIENTED_EDGE('',*,*,#1777,.T.);
#1238=ORIENTED_EDGE('',*,*,#1725,.F.);
#1239=ORIENTED_EDGE('',*,*,#1763,.F.);
#1240=ORIENTED_EDGE('',*,*,#1753,.F.);
#1241=CARTESIAN_POINT('',(-25.0064534779416,-1.26276840239229,-13.925));
#1242=DIRECTION('',(0.0,0.0,1.0));
#1243=DIRECTION('',(1.0,0.0,0.0));
#1244=ORIENTED_EDGE('',*,*,#1754,.F.);
#1245=ORIENTED_EDGE('',*,*,#1766,.T.);
#1246=ORIENTED_EDGE('',*,*,#1904,.F.);
#1247=ORIENTED_EDGE('',*,*,#1889,.T.);
#1248=CARTESIAN_POINT('',(-25.127181,-3.830469,-13.575));
#1249=DIRECTION('',(0.970142500145332,0.242535625036333,0.0));
#1250=DIRECTION('',(0.0,0.0,-1.0));
#1251=ORIENTED_EDGE('',*,*,#1724,.F.);
#1252=ORIENTED_EDGE('',*,*,#1888,.T.);
#1253=ORIENTED_EDGE('',*,*,#1905,.F.);
#1254=ORIENTED_EDGE('',*,*,#1764,.T.);
#1255=CARTESIAN_POINT('',(-24.852181,-3.530469,-13.575));
#1256=DIRECTION('',(-0.970142500145332,0.242535625036333,0.0));
#1257=DIRECTION('',(0.0,0.0,1.0));
#1258=ORIENTED_EDGE('',*,*,#1769,.T.);
#1259=ORIENTED_EDGE('',*,*,#1807,.T.);
#1260=ORIENTED_EDGE('',*,*,#1839,.T.);
#1261=ORIENTED_EDGE('',*,*,#1907,.F.);
#1262=ORIENTED_EDGE('',*,*,#1890,.F.);
#1263=ORIENTED_EDGE('',*,*,#1742,.F.);
#1264=ORIENTED_EDGE('',*,*,#1908,.F.);
#1265=ORIENTED_EDGE('',*,*,#1733,.F.);
#1266=CARTESIAN_POINT('',(-25.318488408855,-2.27214112744177,-8.55));
#1267=DIRECTION('',(0.0,0.0,1.0));
#1268=DIRECTION('',(1.0,0.0,0.0));
#1269=ORIENTED_EDGE('',*,*,#1891,.F.);
#1270=ORIENTED_EDGE('',*,*,#1907,.T.);
#1271=ORIENTED_EDGE('',*,*,#1838,.F.);
#1272=ORIENTED_EDGE('',*,*,#1909,.F.);
#1273=CARTESIAN_POINT('',(-24.992181,2.769531,-9.05));
#1274=DIRECTION('',(1.0,-1.14383329197221E-17,0.0));
#1275=DIRECTION('',(-1.14383329197221E-17,-1.0,0.0));
#1276=ORIENTED_EDGE('',*,*,#1740,.T.);
#1277=ORIENTED_EDGE('',*,*,#1892,.T.);
#1278=ORIENTED_EDGE('',*,*,#1909,.T.);
#1279=ORIENTED_EDGE('',*,*,#1837,.T.);
#1280=ORIENTED_EDGE('',*,*,#1910,.F.);
#1281=ORIENTED_EDGE('',*,*,#1911,.T.);
#1282=ORIENTED_EDGE('',*,*,#1898,.T.);
#1283=ORIENTED_EDGE('',*,*,#1912,.F.);
#1284=CARTESIAN_POINT('',(-25.2508593649965,-0.647956744658188,-9.05));
#1285=DIRECTION('',(0.0,0.0,-1.0));
#1286=DIRECTION('',(0.0,-1.0,0.0));
#1287=ORIENTED_EDGE('',*,*,#1913,.F.);
#1288=ORIENTED_EDGE('',*,*,#1910,.T.);
#1289=ORIENTED_EDGE('',*,*,#1836,.F.);
#1290=ORIENTED_EDGE('',*,*,#1853,.F.);
#1291=CARTESIAN_POINT('',(-24.217181,2.769531,-32.9999976));
#1292=DIRECTION('',(-1.0,-1.22460635382238E-16,0.0));
#1293=DIRECTION('',(-1.22460635382238E-16,1.0,0.0));
#1294=ORIENTED_EDGE('',*,*,#1914,.F.);
#1295=ORIENTED_EDGE('',*,*,#1915,.T.);
#1296=ORIENTED_EDGE('',*,*,#1886,.F.);
#1297=ORIENTED_EDGE('',*,*,#1916,.T.);
#1298=CARTESIAN_POINT('',(-25.0064534779416,-1.26276840239229,-12.675));
#1299=DIRECTION('',(0.0,0.0,1.0));
#1300=DIRECTION('',(1.0,0.0,0.0));
#1301=ORIENTED_EDGE('',*,*,#1917,.F.);
#1302=ORIENTED_EDGE('',*,*,#1918,.T.);
#1303=ORIENTED_EDGE('',*,*,#1919,.F.);
#1304=ORIENTED_EDGE('',*,*,#1885,.T.);
#1305=CARTESIAN_POINT('',(-25.127181,2.169531,-12.325));
#1306=DIRECTION('',(-0.970142500145332,0.242535625036333,0.0));
#1307=DIRECTION('',(0.0,0.0,1.0));
#1308=ORIENTED_EDGE('',*,*,#1920,.T.);
#1309=ORIENTED_EDGE('',*,*,#1921,.F.);
#1310=ORIENTED_EDGE('',*,*,#1922,.T.);
#1311=ORIENTED_EDGE('',*,*,#1923,.T.);
#1312=CARTESIAN_POINT('',(-24.927181,-3.830469,-11.075));
#1313=DIRECTION('',(-0.0,1.0,0.0));
#1314=DIRECTION('',(1.0,0.0,0.0));
#1315=ORIENTED_EDGE('',*,*,#1924,.F.);
#1316=ORIENTED_EDGE('',*,*,#1778,.T.);
#1317=ORIENTED_EDGE('',*,*,#1925,.T.);
#1318=ORIENTED_EDGE('',*,*,#1926,.T.);
#1319=CARTESIAN_POINT('',(-25.202181,-6.130469,-11.425));
#1320=DIRECTION('',(1.0,0.0,0.0));
#1321=DIRECTION('',(0.0,1.0,0.0));
#1322=ORIENTED_EDGE('',*,*,#1779,.F.);
#1323=ORIENTED_EDGE('',*,*,#1924,.T.);
#1324=ORIENTED_EDGE('',*,*,#1927,.T.);
#1325=ORIENTED_EDGE('',*,*,#1928,.T.);
#1326=CARTESIAN_POINT('',(-25.202181,-0.899386891416333,-11.075));
#1327=DIRECTION('',(0.0,0.0,1.0));
#1328=DIRECTION('',(1.0,0.0,0.0));
#1329=ORIENTED_EDGE('',*,*,#1923,.F.);
#1330=ORIENTED_EDGE('',*,*,#1929,.F.);
#1331=ORIENTED_EDGE('',*,*,#1927,.F.);
#1332=ORIENTED_EDGE('',*,*,#1930,.F.);
#1333=CARTESIAN_POINT('',(-27.6736834,-3.830469,-11.15));
#1334=DIRECTION('',(-5.60976323348314E-18,-0.242535625036333,0.970142500145332));
#1335=DIRECTION('',(-1.0,2.31296463463575E-17,0.0));
#1336=ORIENTED_EDGE('',*,*,#1931,.T.);
#1337=ORIENTED_EDGE('',*,*,#1932,.F.);
#1338=ORIENTED_EDGE('',*,*,#1921,.T.);
#1339=ORIENTED_EDGE('',*,*,#1933,.F.);
#1340=CARTESIAN_POINT('',(-27.6736834,-3.530469,-11.425));
#1341=DIRECTION('',(-5.60976323348314E-18,-0.242535625036333,-0.970142500145332));
#1342=DIRECTION('',(0.0,-0.970142500145332,0.242535625036333));
#1343=ORIENTED_EDGE('',*,*,#1934,.F.);
#1344=ORIENTED_EDGE('',*,*,#1929,.T.);
#1345=ORIENTED_EDGE('',*,*,#1922,.F.);
#1346=ORIENTED_EDGE('',*,*,#1932,.T.);
#1347=CARTESIAN_POINT('',(-24.852181,-3.530469,-11.075));
#1348=DIRECTION('',(-0.970142500145332,0.242535625036333,0.0));
#1349=DIRECTION('',(0.0,0.0,1.0));
#1350=ORIENTED_EDGE('',*,*,#1934,.T.);
#1351=ORIENTED_EDGE('',*,*,#1935,.T.);
#1352=ORIENTED_EDGE('',*,*,#1780,.T.);
#1353=ORIENTED_EDGE('',*,*,#1928,.F.);
#1354=CARTESIAN_POINT('',(-24.852181,-0.761551108583667,-11.075));
#1355=DIRECTION('',(-1.0,0.0,0.0));
#1356=DIRECTION('',(0.0,0.0,1.0));
#1357=ORIENTED_EDGE('',*,*,#1781,.T.);
#1358=ORIENTED_EDGE('',*,*,#1935,.F.);
#1359=ORIENTED_EDGE('',*,*,#1931,.F.);
#1360=ORIENTED_EDGE('',*,*,#1925,.F.);
#1361=CARTESIAN_POINT('',(-25.0064534779416,-1.26276840239229,-11.425));
#1362=DIRECTION('',(0.0,0.0,1.0));
#1363=DIRECTION('',(1.0,0.0,0.0));
#1364=ORIENTED_EDGE('',*,*,#1926,.F.);
#1365=ORIENTED_EDGE('',*,*,#1933,.T.);
#1366=ORIENTED_EDGE('',*,*,#1920,.F.);
#1367=ORIENTED_EDGE('',*,*,#1930,.T.);
#1368=CARTESIAN_POINT('',(-25.127181,-3.830469,-11.075));
#1369=DIRECTION('',(0.970142500145332,0.242535625036333,0.0));
#1370=DIRECTION('',(0.0,0.0,-1.0));
#1371=ORIENTED_EDGE('',*,*,#1783,.T.);
#1372=ORIENTED_EDGE('',*,*,#1936,.F.);
#1373=ORIENTED_EDGE('',*,*,#1937,.F.);
#1374=ORIENTED_EDGE('',*,*,#1938,.F.);
#1375=CARTESIAN_POINT('',(-25.0064534779416,-1.26276840239229,-10.175));
#1376=DIRECTION('',(0.0,0.0,1.0));
#1377=DIRECTION('',(1.0,0.0,0.0));
#1378=ORIENTED_EDGE('',*,*,#1939,.T.);
#1379=ORIENTED_EDGE('',*,*,#1936,.T.);
#1380=ORIENTED_EDGE('',*,*,#1782,.T.);
#1381=ORIENTED_EDGE('',*,*,#1940,.F.);
#1382=CARTESIAN_POINT('',(-24.852181,-0.761551108583667,-9.825));
#1383=DIRECTION('',(-1.0,0.0,0.0));
#1384=DIRECTION('',(0.0,0.0,1.0));
#1385=ORIENTED_EDGE('',*,*,#1937,.T.);
#1386=ORIENTED_EDGE('',*,*,#1941,.F.);
#1387=ORIENTED_EDGE('',*,*,#1942,.T.);
#1388=ORIENTED_EDGE('',*,*,#1943,.F.);
#1389=CARTESIAN_POINT('',(-27.6736834,-3.530469,-10.175));
#1390=DIRECTION('',(-5.60976323348314E-18,-0.242535625036333,-0.970142500145332));
#1391=DIRECTION('',(0.0,-0.970142500145332,0.242535625036333));
#1392=ORIENTED_EDGE('',*,*,#1939,.F.);
#1393=ORIENTED_EDGE('',*,*,#1944,.T.);
#1394=ORIENTED_EDGE('',*,*,#1945,.F.);
#1395=ORIENTED_EDGE('',*,*,#1941,.T.);
#1396=CARTESIAN_POINT('',(-24.852181,-3.530469,-9.825));
#1397=DIRECTION('',(-0.970142500145332,0.242535625036333,0.0));
#1398=DIRECTION('',(0.0,0.0,1.0));
#1399=ORIENTED_EDGE('',*,*,#1946,.T.);
#1400=ORIENTED_EDGE('',*,*,#1942,.F.);
#1401=ORIENTED_EDGE('',*,*,#1945,.T.);
#1402=ORIENTED_EDGE('',*,*,#1947,.T.);
#1403=CARTESIAN_POINT('',(-24.927181,-3.830469,-9.825));
#1404=DIRECTION('',(-0.0,1.0,0.0));
#1405=DIRECTION('',(1.0,0.0,0.0));
#1406=ORIENTED_EDGE('',*,*,#1948,.F.);
#1407=ORIENTED_EDGE('',*,*,#1943,.T.);
#1408=ORIENTED_EDGE('',*,*,#1946,.F.);
#1409=ORIENTED_EDGE('',*,*,#1949,.T.);
#1410=CARTESIAN_POINT('',(-25.127181,-3.830469,-9.825));
#1411=DIRECTION('',(0.970142500145332,0.242535625036333,0.0));
#1412=DIRECTION('',(0.0,0.0,-1.0));
#1413=ORIENTED_EDGE('',*,*,#1947,.F.);
#1414=ORIENTED_EDGE('',*,*,#1944,.F.);
#1415=ORIENTED_EDGE('',*,*,#1950,.F.);
#1416=ORIENTED_EDGE('',*,*,#1949,.F.);
#1417=CARTESIAN_POINT('',(-27.6736834,-3.830469,-9.9));
#1418=DIRECTION('',(-5.60976323348314E-18,-0.242535625036333,0.970142500145332));
#1419=DIRECTION('',(-1.0,2.31296463463575E-17,0.0));
#1420=ORIENTED_EDGE('',*,*,#1785,.F.);
#1421=ORIENTED_EDGE('',*,*,#1951,.T.);
#1422=ORIENTED_EDGE('',*,*,#1950,.T.);
#1423=ORIENTED_EDGE('',*,*,#1940,.T.);
#1424=CARTESIAN_POINT('',(-25.202181,-0.899386891416333,-9.825));
#1425=DIRECTION('',(0.0,0.0,1.0));
#1426=DIRECTION('',(1.0,0.0,0.0));
#1427=ORIENTED_EDGE('',*,*,#1951,.F.);
#1428=ORIENTED_EDGE('',*,*,#1784,.T.);
#1429=ORIENTED_EDGE('',*,*,#1938,.T.);
#1430=ORIENTED_EDGE('',*,*,#1948,.T.);
#1431=CARTESIAN_POINT('',(-25.202181,-6.130469,-10.175));
#1432=DIRECTION('',(1.0,0.0,0.0));
#1433=DIRECTION('',(0.0,1.0,0.0));
#1434=ORIENTED_EDGE('',*,*,#1952,.T.);
#1435=ORIENTED_EDGE('',*,*,#1953,.F.);
#1436=ORIENTED_EDGE('',*,*,#1954,.T.);
#1437=ORIENTED_EDGE('',*,*,#1955,.T.);
#1438=CARTESIAN_POINT('',(-24.927181,-3.830469,-12.325));
#1439=DIRECTION('',(-0.0,1.0,0.0));
#1440=DIRECTION('',(1.0,0.0,0.0));
#1441=ORIENTED_EDGE('',*,*,#1956,.F.);
#1442=ORIENTED_EDGE('',*,*,#1786,.T.);
#1443=ORIENTED_EDGE('',*,*,#1957,.T.);
#1444=ORIENTED_EDGE('',*,*,#1958,.T.);
#1445=CARTESIAN_POINT('',(-25.202181,-6.130469,-12.675));
#1446=DIRECTION('',(1.0,0.0,0.0));
#1447=DIRECTION('',(0.0,1.0,0.0));
#1448=ORIENTED_EDGE('',*,*,#1787,.F.);
#1449=ORIENTED_EDGE('',*,*,#1956,.T.);
#1450=ORIENTED_EDGE('',*,*,#1959,.T.);
#1451=ORIENTED_EDGE('',*,*,#1960,.T.);
#1452=CARTESIAN_POINT('',(-25.202181,-0.899386891416333,-12.325));
#1453=DIRECTION('',(0.0,0.0,1.0));
#1454=DIRECTION('',(1.0,0.0,0.0));
#1455=ORIENTED_EDGE('',*,*,#1955,.F.);
#1456=ORIENTED_EDGE('',*,*,#1961,.F.);
#1457=ORIENTED_EDGE('',*,*,#1959,.F.);
#1458=ORIENTED_EDGE('',*,*,#1962,.F.);
#1459=CARTESIAN_POINT('',(-27.6736834,-3.830469,-12.4));
#1460=DIRECTION('',(-5.60976323348314E-18,-0.242535625036333,0.970142500145332));
#1461=DIRECTION('',(-1.0,2.31296463463575E-17,0.0));
#1462=ORIENTED_EDGE('',*,*,#1963,.T.);
#1463=ORIENTED_EDGE('',*,*,#1964,.F.);
#1464=ORIENTED_EDGE('',*,*,#1953,.T.);
#1465=ORIENTED_EDGE('',*,*,#1965,.F.);
#1466=CARTESIAN_POINT('',(-27.6736834,-3.530469,-12.675));
#1467=DIRECTION('',(-5.60976323348314E-18,-0.242535625036333,-0.970142500145332));
#1468=DIRECTION('',(0.0,-0.970142500145332,0.242535625036333));
#1469=ORIENTED_EDGE('',*,*,#1966,.F.);
#1470=ORIENTED_EDGE('',*,*,#1961,.T.);
#1471=ORIENTED_EDGE('',*,*,#1954,.F.);
#1472=ORIENTED_EDGE('',*,*,#1964,.T.);
#1473=CARTESIAN_POINT('',(-24.852181,-3.530469,-12.325));
#1474=DIRECTION('',(-0.970142500145332,0.242535625036333,0.0));
#1475=DIRECTION('',(0.0,0.0,1.0));
#1476=ORIENTED_EDGE('',*,*,#1966,.T.);
#1477=ORIENTED_EDGE('',*,*,#1967,.T.);
#1478=ORIENTED_EDGE('',*,*,#1788,.T.);
#1479=ORIENTED_EDGE('',*,*,#1960,.F.);
#1480=CARTESIAN_POINT('',(-24.852181,-0.761551108583667,-12.325));
#1481=DIRECTION('',(-1.0,0.0,0.0));
#1482=DIRECTION('',(0.0,0.0,1.0));
#1483=ORIENTED_EDGE('',*,*,#1789,.T.);
#1484=ORIENTED_EDGE('',*,*,#1967,.F.);
#1485=ORIENTED_EDGE('',*,*,#1963,.F.);
#1486=ORIENTED_EDGE('',*,*,#1957,.F.);
#1487=CARTESIAN_POINT('',(-25.0064534779416,-1.26276840239229,-12.675));
#1488=DIRECTION('',(0.0,0.0,1.0));
#1489=DIRECTION('',(1.0,0.0,0.0));
#1490=ORIENTED_EDGE('',*,*,#1958,.F.);
#1491=ORIENTED_EDGE('',*,*,#1965,.T.);
#1492=ORIENTED_EDGE('',*,*,#1952,.F.);
#1493=ORIENTED_EDGE('',*,*,#1962,.T.);
#1494=CARTESIAN_POINT('',(-25.127181,-3.830469,-12.325));
#1495=DIRECTION('',(0.970142500145332,0.242535625036333,0.0));
#1496=DIRECTION('',(0.0,0.0,-1.0));
#1497=ORIENTED_EDGE('',*,*,#1897,.T.);
#1498=ORIENTED_EDGE('',*,*,#1968,.F.);
#1499=ORIENTED_EDGE('',*,*,#1734,.F.);
#1500=ORIENTED_EDGE('',*,*,#1908,.T.);
#1501=ORIENTED_EDGE('',*,*,#1741,.T.);
#1502=ORIENTED_EDGE('',*,*,#1912,.T.);
#1503=CARTESIAN_POINT('',(-26.567181,2.769531,-9.05));
#1504=DIRECTION('',(-0.0,1.0,0.0));
#1505=DIRECTION('',(1.0,0.0,0.0));
#1506=ORIENTED_EDGE('',*,*,#1969,.F.);
#1507=ORIENTED_EDGE('',*,*,#1970,.T.);
#1508=ORIENTED_EDGE('',*,*,#1971,.F.);
#1509=ORIENTED_EDGE('',*,*,#1972,.T.);
#1510=CARTESIAN_POINT('',(-24.852181,1.869531,-12.325));
#1511=DIRECTION('',(0.970142500145332,0.242535625036333,0.0));
#1512=DIRECTION('',(0.0,0.0,-1.0));
#1513=ORIENTED_EDGE('',*,*,#1728,.T.);
#1514=ORIENTED_EDGE('',*,*,#1973,.F.);
#1515=ORIENTED_EDGE('',*,*,#1895,.T.);
#1516=ORIENTED_EDGE('',*,*,#1870,.T.);
#1517=CARTESIAN_POINT('',(-27.217181,0.969530999999999,-24.5));
#1518=DIRECTION('',(1.22460635382238E-16,-1.0,0.0));
#1519=DIRECTION('',(0.0,0.0,-1.0));
#1520=ORIENTED_EDGE('',*,*,#1968,.T.);
#1521=ORIENTED_EDGE('',*,*,#1896,.T.);
#1522=ORIENTED_EDGE('',*,*,#1973,.T.);
#1523=ORIENTED_EDGE('',*,*,#1735,.T.);
#1524=CARTESIAN_POINT('',(-27.217181,2.669531,-9.525));
#1525=DIRECTION('',(0.0,0.0,1.0));
#1526=DIRECTION('',(1.0,0.0,0.0));
#1527=ORIENTED_EDGE('',*,*,#1893,.F.);
#1528=ORIENTED_EDGE('',*,*,#1911,.F.);
#1529=ORIENTED_EDGE('',*,*,#1913,.T.);
#1530=ORIENTED_EDGE('',*,*,#1852,.T.);
#1531=ORIENTED_EDGE('',*,*,#1974,.F.);
#1532=ORIENTED_EDGE('',*,*,#1975,.T.);
#1533=ORIENTED_EDGE('',*,*,#1976,.F.);
#1534=ORIENTED_EDGE('',*,*,#1977,.F.);
#1535=ORIENTED_EDGE('',*,*,#1978,.F.);
#1536=ORIENTED_EDGE('',*,*,#1979,.T.);
#1537=ORIENTED_EDGE('',*,*,#1980,.F.);
#1538=ORIENTED_EDGE('',*,*,#1981,.F.);
#1539=ORIENTED_EDGE('',*,*,#1982,.F.);
#1540=ORIENTED_EDGE('',*,*,#1983,.T.);
#1541=ORIENTED_EDGE('',*,*,#1883,.F.);
#1542=ORIENTED_EDGE('',*,*,#1915,.F.);
#1543=ORIENTED_EDGE('',*,*,#1865,.F.);
#1544=ORIENTED_EDGE('',*,*,#1878,.T.);
#1545=ORIENTED_EDGE('',*,*,#1906,.F.);
#1546=ORIENTED_EDGE('',*,*,#1875,.F.);
#1547=ORIENTED_EDGE('',*,*,#1801,.F.);
#1548=ORIENTED_EDGE('',*,*,#1762,.T.);
#1549=ORIENTED_EDGE('',*,*,#1803,.F.);
#1550=ORIENTED_EDGE('',*,*,#1795,.F.);
#1551=ORIENTED_EDGE('',*,*,#1736,.F.);
#1552=ORIENTED_EDGE('',*,*,#1811,.T.);
#1553=ORIENTED_EDGE('',*,*,#1879,.F.);
#1554=ORIENTED_EDGE('',*,*,#1882,.F.);
#1555=CARTESIAN_POINT('',(-26.8458828547312,-0.230469,-8.19760461628152));
#1556=DIRECTION('',(2.44921270764475E-16,-1.0,0.0));
#1557=DIRECTION('',(0.0,0.0,-1.0));
#1558=ORIENTED_EDGE('',*,*,#1984,.F.);
#1559=ORIENTED_EDGE('',*,*,#1985,.F.);
#1560=ORIENTED_EDGE('',*,*,#1986,.T.);
#1561=ORIENTED_EDGE('',*,*,#1987,.F.);
#1562=CARTESIAN_POINT('',(-24.927181,2.169531,-11.075));
#1563=DIRECTION('',(-0.0,1.0,0.0));
#1564=DIRECTION('',(1.0,0.0,0.0));
#1565=ORIENTED_EDGE('',*,*,#1974,.T.);
#1566=ORIENTED_EDGE('',*,*,#1988,.T.);
#1567=ORIENTED_EDGE('',*,*,#1989,.F.);
#1568=ORIENTED_EDGE('',*,*,#1990,.F.);
#1569=CARTESIAN_POINT('',(-24.852181,-0.761551108583667,-11.075));
#1570=DIRECTION('',(-1.0,0.0,0.0));
#1571=DIRECTION('',(0.0,0.0,1.0));
#1572=ORIENTED_EDGE('',*,*,#1990,.T.);
#1573=ORIENTED_EDGE('',*,*,#1991,.F.);
#1574=ORIENTED_EDGE('',*,*,#1992,.T.);
#1575=ORIENTED_EDGE('',*,*,#1975,.F.);
#1576=CARTESIAN_POINT('',(-25.202181,-0.899386891416333,-11.075));
#1577=DIRECTION('',(0.0,0.0,1.0));
#1578=DIRECTION('',(1.0,0.0,0.0));
#1579=ORIENTED_EDGE('',*,*,#1993,.T.);
#1580=ORIENTED_EDGE('',*,*,#1991,.T.);
#1581=ORIENTED_EDGE('',*,*,#1994,.T.);
#1582=ORIENTED_EDGE('',*,*,#1984,.T.);
#1583=CARTESIAN_POINT('',(-27.6736834,2.169531,-11.15));
#1584=DIRECTION('',(5.60976323348314E-18,-0.242535625036333,-0.970142500145332));
#1585=DIRECTION('',(0.0,-0.970142500145332,0.242535625036333));
#1586=ORIENTED_EDGE('',*,*,#1995,.T.);
#1587=ORIENTED_EDGE('',*,*,#1986,.F.);
#1588=ORIENTED_EDGE('',*,*,#1996,.T.);
#1589=ORIENTED_EDGE('',*,*,#1997,.F.);
#1590=CARTESIAN_POINT('',(-27.6736834,1.869531,-11.425));
#1591=DIRECTION('',(5.60976323348314E-18,-0.242535625036333,0.970142500145332));
#1592=DIRECTION('',(-1.0,-2.31296463463575E-17,0.0));
#1593=ORIENTED_EDGE('',*,*,#1993,.F.);
#1594=ORIENTED_EDGE('',*,*,#1987,.T.);
#1595=ORIENTED_EDGE('',*,*,#1995,.F.);
#1596=ORIENTED_EDGE('',*,*,#1998,.T.);
#1597=CARTESIAN_POINT('',(-25.127181,2.169531,-11.075));
#1598=DIRECTION('',(-0.970142500145332,0.242535625036333,0.0));
#1599=DIRECTION('',(0.0,0.0,1.0));
#1600=ORIENTED_EDGE('',*,*,#1976,.T.);
#1601=ORIENTED_EDGE('',*,*,#1992,.F.);
#1602=ORIENTED_EDGE('',*,*,#1998,.F.);
#1603=ORIENTED_EDGE('',*,*,#1999,.T.);
#1604=CARTESIAN_POINT('',(-25.202181,-6.130469,-11.425));
#1605=DIRECTION('',(1.0,0.0,0.0));
#1606=DIRECTION('',(0.0,1.0,0.0));
#1607=ORIENTED_EDGE('',*,*,#1988,.F.);
#1608=ORIENTED_EDGE('',*,*,#1977,.T.);
#1609=ORIENTED_EDGE('',*,*,#1999,.F.);
#1610=ORIENTED_EDGE('',*,*,#1997,.T.);
#1611=CARTESIAN_POINT('',(-25.0064534779416,-1.26276840239229,-11.425));
#1612=DIRECTION('',(0.0,0.0,1.0));
#1613=DIRECTION('',(1.0,0.0,0.0));
#1614=ORIENTED_EDGE('',*,*,#1996,.F.);
#1615=ORIENTED_EDGE('',*,*,#1985,.T.);
#1616=ORIENTED_EDGE('',*,*,#1994,.F.);
#1617=ORIENTED_EDGE('',*,*,#1989,.T.);
#1618=CARTESIAN_POINT('',(-24.852181,1.869531,-11.075));
#1619=DIRECTION('',(0.970142500145332,0.242535625036333,0.0));
#1620=DIRECTION('',(0.0,0.0,-1.0));
#1621=ORIENTED_EDGE('',*,*,#2000,.F.);
#1622=ORIENTED_EDGE('',*,*,#2001,.F.);
#1623=ORIENTED_EDGE('',*,*,#2002,.T.);
#1624=ORIENTED_EDGE('',*,*,#2003,.F.);
#1625=CARTESIAN_POINT('',(-24.927181,2.169531,-9.825));
#1626=DIRECTION('',(-0.0,1.0,0.0));
#1627=DIRECTION('',(1.0,0.0,0.0));
#1628=ORIENTED_EDGE('',*,*,#1978,.T.);
#1629=ORIENTED_EDGE('',*,*,#2004,.T.);
#1630=ORIENTED_EDGE('',*,*,#2005,.F.);
#1631=ORIENTED_EDGE('',*,*,#2006,.F.);
#1632=CARTESIAN_POINT('',(-24.852181,-0.761551108583667,-9.825));
#1633=DIRECTION('',(-1.0,0.0,0.0));
#1634=DIRECTION('',(0.0,0.0,1.0));
#1635=ORIENTED_EDGE('',*,*,#2006,.T.);
#1636=ORIENTED_EDGE('',*,*,#2007,.F.);
#1637=ORIENTED_EDGE('',*,*,#2008,.T.);
#1638=ORIENTED_EDGE('',*,*,#1979,.F.);
#1639=CARTESIAN_POINT('',(-25.202181,-0.899386891416333,-9.825));
#1640=DIRECTION('',(0.0,0.0,1.0));
#1641=DIRECTION('',(1.0,0.0,0.0));
#1642=ORIENTED_EDGE('',*,*,#2009,.T.);
#1643=ORIENTED_EDGE('',*,*,#2007,.T.);
#1644=ORIENTED_EDGE('',*,*,#2010,.T.);
#1645=ORIENTED_EDGE('',*,*,#2000,.T.);
#1646=CARTESIAN_POINT('',(-27.6736834,2.169531,-9.9));
#1647=DIRECTION('',(5.60976323348314E-18,-0.242535625036333,-0.970142500145332));
#1648=DIRECTION('',(0.0,-0.970142500145332,0.242535625036333));
#1649=ORIENTED_EDGE('',*,*,#2011,.T.);
#1650=ORIENTED_EDGE('',*,*,#2002,.F.);
#1651=ORIENTED_EDGE('',*,*,#2012,.T.);
#1652=ORIENTED_EDGE('',*,*,#2013,.F.);
#1653=CARTESIAN_POINT('',(-27.6736834,1.869531,-10.175));
#1654=DIRECTION('',(5.60976323348314E-18,-0.242535625036333,0.970142500145332));
#1655=DIRECTION('',(-1.0,-2.31296463463575E-17,0.0));
#1656=ORIENTED_EDGE('',*,*,#2009,.F.);
#1657=ORIENTED_EDGE('',*,*,#2003,.T.);
#1658=ORIENTED_EDGE('',*,*,#2011,.F.);
#1659=ORIENTED_EDGE('',*,*,#2014,.T.);
#1660=CARTESIAN_POINT('',(-25.127181,2.169531,-9.825));
#1661=DIRECTION('',(-0.970142500145332,0.242535625036333,0.0));
#1662=DIRECTION('',(0.0,0.0,1.0));
#1663=ORIENTED_EDGE('',*,*,#1980,.T.);
#1664=ORIENTED_EDGE('',*,*,#2008,.F.);
#1665=ORIENTED_EDGE('',*,*,#2014,.F.);
#1666=ORIENTED_EDGE('',*,*,#2015,.T.);
#1667=CARTESIAN_POINT('',(-25.202181,-6.130469,-10.175));
#1668=DIRECTION('',(1.0,0.0,0.0));
#1669=DIRECTION('',(0.0,1.0,0.0));
#1670=ORIENTED_EDGE('',*,*,#2004,.F.);
#1671=ORIENTED_EDGE('',*,*,#1981,.T.);
#1672=ORIENTED_EDGE('',*,*,#2015,.F.);
#1673=ORIENTED_EDGE('',*,*,#2013,.T.);
#1674=CARTESIAN_POINT('',(-25.0064534779416,-1.26276840239229,-10.175));
#1675=DIRECTION('',(0.0,0.0,1.0));
#1676=DIRECTION('',(1.0,0.0,0.0));
#1677=ORIENTED_EDGE('',*,*,#2012,.F.);
#1678=ORIENTED_EDGE('',*,*,#2001,.T.);
#1679=ORIENTED_EDGE('',*,*,#2010,.F.);
#1680=ORIENTED_EDGE('',*,*,#2005,.T.);
#1681=CARTESIAN_POINT('',(-24.852181,1.869531,-9.825));
#1682=DIRECTION('',(0.970142500145332,0.242535625036333,0.0));
#1683=DIRECTION('',(0.0,0.0,-1.0));
#1684=ORIENTED_EDGE('',*,*,#2016,.F.);
#1685=ORIENTED_EDGE('',*,*,#1970,.F.);
#1686=ORIENTED_EDGE('',*,*,#2017,.T.);
#1687=ORIENTED_EDGE('',*,*,#1918,.F.);
#1688=CARTESIAN_POINT('',(-24.927181,2.169531,-12.325));
#1689=DIRECTION('',(-0.0,1.0,0.0));
#1690=DIRECTION('',(1.0,0.0,0.0));
#1691=ORIENTED_EDGE('',*,*,#1982,.T.);
#1692=ORIENTED_EDGE('',*,*,#1914,.T.);
#1693=ORIENTED_EDGE('',*,*,#1972,.F.);
#1694=ORIENTED_EDGE('',*,*,#2018,.F.);
#1695=CARTESIAN_POINT('',(-24.852181,-0.761551108583667,-12.325));
#1696=DIRECTION('',(-1.0,0.0,0.0));
#1697=DIRECTION('',(0.0,0.0,1.0));
#1698=ORIENTED_EDGE('',*,*,#2018,.T.);
#1699=ORIENTED_EDGE('',*,*,#2019,.F.);
#1700=ORIENTED_EDGE('',*,*,#1884,.T.);
#1701=ORIENTED_EDGE('',*,*,#1983,.F.);
#1702=CARTESIAN_POINT('',(-25.202181,-0.899386891416333,-12.325));
#1703=DIRECTION('',(0.0,0.0,1.0));
#1704=DIRECTION('',(1.0,0.0,0.0));
#1705=ORIENTED_EDGE('',*,*,#1917,.T.);
#1706=ORIENTED_EDGE('',*,*,#2019,.T.);
#1707=ORIENTED_EDGE('',*,*,#1971,.T.);
#1708=ORIENTED_EDGE('',*,*,#2016,.T.);
#1709=CARTESIAN_POINT('',(-27.6736834,2.169531,-12.4));
#1710=DIRECTION('',(5.60976323348314E-18,-0.242535625036333,-0.970142500145332));
#1711=DIRECTION('',(0.0,-0.970142500145332,0.242535625036333));
#1712=ORIENTED_EDGE('',*,*,#1919,.T.);
#1713=ORIENTED_EDGE('',*,*,#2017,.F.);
#1714=ORIENTED_EDGE('',*,*,#1969,.T.);
#1715=ORIENTED_EDGE('',*,*,#1916,.F.);
#1716=CARTESIAN_POINT('',(-27.6736834,1.869531,-12.675));
#1717=DIRECTION('',(5.60976323348314E-18,-0.242535625036333,0.970142500145332));
#1718=DIRECTION('',(-1.0,-2.31296463463575E-17,0.0));
#1719=COLOUR_RGB('',0.760784387588501,0.772549092769623,0.560784339904785);
#1720=EDGE_CURVE('',#2020,#2021,#2022,.T.);
#1721=EDGE_CURVE('',#2023,#2021,#2024,.T.);
#1722=EDGE_CURVE('',#2025,#2023,#2026,.T.);
#1723=EDGE_CURVE('',#2020,#2025,#2027,.T.);
#1724=EDGE_CURVE('',#2028,#2029,#2030,.T.);
#1725=EDGE_CURVE('',#2029,#2031,#2032,.T.);
#1726=EDGE_CURVE('',#2031,#2033,#2034,.T.);
#1727=EDGE_CURVE('',#2028,#2033,#2035,.T.);
#1728=EDGE_CURVE('',#2036,#2037,#2038,.T.);
#1729=EDGE_CURVE('',#2036,#2039,#2040,.T.);
#1730=EDGE_CURVE('',#2041,#2039,#2042,.T.);
#1731=EDGE_CURVE('',#2043,#2041,#2044,.T.);
#1732=EDGE_CURVE('',#2045,#2043,#2046,.T.);
#1733=EDGE_CURVE('',#2045,#2047,#2048,.T.);
#1734=EDGE_CURVE('',#2047,#2049,#2050,.T.);
#1735=EDGE_CURVE('',#2037,#2049,#2051,.T.);
#1736=EDGE_CURVE('',#2052,#2053,#2054,.T.);
#1737=EDGE_CURVE('',#2053,#2055,#2056,.T.);
#1738=EDGE_CURVE('',#2057,#2055,#2058,.T.);
#1739=EDGE_CURVE('',#2052,#2057,#2059,.T.);
#1740=EDGE_CURVE('',#2060,#2061,#2062,.T.);
#1741=EDGE_CURVE('',#2063,#2060,#2064,.T.);
#1742=EDGE_CURVE('',#2063,#2065,#2066,.T.);
#1743=EDGE_CURVE('',#2061,#2065,#2067,.T.);
#1744=EDGE_CURVE('',#2068,#2023,#2069,.T.);
#1745=EDGE_CURVE('',#2021,#2070,#2071,.T.);
#1746=EDGE_CURVE('',#2068,#2070,#2072,.T.);
#1747=EDGE_CURVE('',#2073,#2074,#2075,.T.);
#1748=EDGE_CURVE('',#2076,#2074,#2077,.T.);
#1749=EDGE_CURVE('',#2076,#2078,#2079,.T.);
#1750=EDGE_CURVE('',#2073,#2078,#2080,.T.);
#1751=EDGE_CURVE('',#2081,#2082,#2083,.T.);
#1752=EDGE_CURVE('',#2081,#2084,#2085,.T.);
#1753=EDGE_CURVE('',#2084,#2086,#2087,.T.);
#1754=EDGE_CURVE('',#2086,#2082,#2088,.T.);
#1755=EDGE_CURVE('',#2025,#2089,#2090,.T.);
#1756=EDGE_CURVE('',#2025,#2091,#2092,.T.);
#1757=EDGE_CURVE('',#2093,#2091,#2094,.T.);
#1758=EDGE_CURVE('',#2093,#2089,#2095,.T.);
#1759=EDGE_CURVE('',#2096,#2097,#2098,.T.);
#1760=EDGE_CURVE('',#2099,#2097,#2100,.T.);
#1761=EDGE_CURVE('',#2099,#2101,#2102,.T.);
#1762=EDGE_CURVE('',#2096,#2101,#2103,.T.);
#1763=EDGE_CURVE('',#2086,#2029,#2104,.T.);
#1764=EDGE_CURVE('',#2105,#2029,#2106,.T.);
#1765=EDGE_CURVE('',#2105,#2107,#2108,.T.);
#1766=EDGE_CURVE('',#2086,#2107,#2109,.T.);
#1767=EDGE_CURVE('',#2043,#2110,#2111,.T.);
#1768=EDGE_CURVE('',#2110,#2112,#2113,.T.);
#1769=EDGE_CURVE('',#2045,#2112,#2114,.T.);
#1770=EDGE_CURVE('',#2115,#2116,#2117,.T.);
#1771=EDGE_CURVE('',#2115,#2118,#2119,.T.);
#1772=EDGE_CURVE('',#2120,#2118,#2121,.T.);
#1773=EDGE_CURVE('',#2116,#2120,#2122,.T.);
#1774=EDGE_CURVE('',#2123,#2020,#2124,.T.);
#1775=EDGE_CURVE('',#2123,#2070,#2125,.T.);
#1776=EDGE_CURVE('',#2081,#2033,#2126,.T.);
#1777=EDGE_CURVE('',#2084,#2031,#2127,.T.);
#1778=EDGE_CURVE('',#2128,#2129,#2130,.T.);
#1779=EDGE_CURVE('',#2128,#2131,#2132,.T.);
#1780=EDGE_CURVE('',#2133,#2131,#2134,.T.);
#1781=EDGE_CURVE('',#2129,#2133,#2135,.T.);
#1782=EDGE_CURVE('',#2136,#2137,#2138,.T.);
#1783=EDGE_CURVE('',#2139,#2136,#2140,.T.);
#1784=EDGE_CURVE('',#2141,#2139,#2142,.T.);
#1785=EDGE_CURVE('',#2141,#2137,#2143,.T.);
#1786=EDGE_CURVE('',#2144,#2145,#2146,.T.);
#1787=EDGE_CURVE('',#2144,#2147,#2148,.T.);
#1788=EDGE_CURVE('',#2149,#2147,#2150,.T.);
#1789=EDGE_CURVE('',#2145,#2149,#2151,.T.);
#1790=EDGE_CURVE('',#2152,#2153,#2154,.T.);
#1791=EDGE_CURVE('',#2152,#2155,#2156,.T.);
#1792=EDGE_CURVE('',#2157,#2155,#2158,.T.);
#1793=EDGE_CURVE('',#2157,#2153,#2159,.T.);
#1794=EDGE_CURVE('',#2160,#2078,#2161,.T.);
#1795=EDGE_CURVE('',#2160,#2162,#2163,.T.);
#1796=EDGE_CURVE('',#2073,#2162,#2164,.T.);
#1797=EDGE_CURVE('',#2165,#2166,#2167,.T.);
#1798=EDGE_CURVE('',#2165,#2168,#2169,.T.);
#1799=EDGE_CURVE('',#2170,#2168,#2171,.T.);
#1800=EDGE_CURVE('',#2170,#2166,#2172,.T.);
#1801=EDGE_CURVE('',#2096,#2160,#2173,.T.);
#1802=EDGE_CURVE('',#2097,#2078,#2174,.T.);
#1803=EDGE_CURVE('',#2162,#2101,#2175,.T.);
#1804=EDGE_CURVE('',#2073,#2099,#2176,.T.);
#1805=EDGE_CURVE('',#2082,#2028,#2177,.T.);
#1806=EDGE_CURVE('',#2178,#2179,#2180,.T.);
#1807=EDGE_CURVE('',#2112,#2179,#2181,.T.);
#1808=EDGE_CURVE('',#2110,#2178,#2182,.T.);
#1809=EDGE_CURVE('',#2183,#2057,#2184,.T.);
#1810=EDGE_CURVE('',#2183,#2185,#2186,.T.);
#1811=EDGE_CURVE('',#2052,#2185,#2187,.T.);
#1812=EDGE_CURVE('',#2068,#2188,#2189,.T.);
#1813=EDGE_CURVE('',#2190,#2188,#2191,.T.);
#1814=EDGE_CURVE('',#2190,#2023,#2192,.T.);
#1815=EDGE_CURVE('',#2193,#2194,#2195,.T.);
#1816=EDGE_CURVE('',#2196,#2194,#2197,.T.);
#1817=EDGE_CURVE('',#2196,#2055,#2198,.T.);
#1818=EDGE_CURVE('',#2193,#2055,#2199,.T.);
#1819=EDGE_CURVE('',#2200,#2201,#2202,.T.);
#1820=EDGE_CURVE('',#2200,#2203,#2204,.T.);
#1821=EDGE_CURVE('',#2205,#2203,#2206,.T.);
#1822=EDGE_CURVE('',#2205,#2201,#2207,.T.);
#1823=EDGE_CURVE('',#2076,#2208,#2209,.T.);
#1824=EDGE_CURVE('',#2097,#2208,#2210,.T.);
#1825=EDGE_CURVE('',#2190,#2091,#2211,.T.);
#1826=EDGE_CURVE('',#2188,#2093,#2212,.T.);
#1827=EDGE_CURVE('',#2196,#2213,#2214,.T.);
#1828=EDGE_CURVE('',#2057,#2213,#2215,.T.);
#1829=EDGE_CURVE('',#2153,#2120,#2216,.T.);
#1830=EDGE_CURVE('',#2152,#2118,#2217,.T.);
#1831=EDGE_CURVE('',#2200,#2153,#2218,.T.);
#1832=EDGE_CURVE('',#2116,#2200,#2219,.T.);
#1833=EDGE_CURVE('',#2178,#2220,#2221,.T.);
#1834=EDGE_CURVE('',#2222,#2220,#2223,.T.);
#1835=EDGE_CURVE('',#2222,#2224,#2225,.T.);
#1836=EDGE_CURVE('',#2224,#2226,#2227,.T.);
#1837=EDGE_CURVE('',#2228,#2226,#2229,.T.);
#1838=EDGE_CURVE('',#2228,#2230,#2231,.T.);
#1839=EDGE_CURVE('',#2179,#2230,#2232,.T.);
#1840=EDGE_CURVE('',#2233,#2234,#2235,.T.);
#1841=EDGE_CURVE('',#2233,#2236,#2237,.T.);
#1842=EDGE_CURVE('',#2238,#2236,#2239,.T.);
#1843=EDGE_CURVE('',#2238,#2234,#2240,.T.);
#1844=EDGE_CURVE('',#2241,#2099,#2242,.T.);
#1845=EDGE_CURVE('',#2241,#2074,#2243,.T.);
#1846=EDGE_CURVE('',#2157,#2203,#2244,.T.);
#1847=EDGE_CURVE('',#2155,#2205,#2245,.T.);
#1848=EDGE_CURVE('',#2201,#2152,#2246,.T.);
#1849=EDGE_CURVE('',#2115,#2201,#2247,.T.);
#1850=EDGE_CURVE('',#2248,#2249,#2250,.T.);
#1851=EDGE_CURVE('',#2251,#2249,#2252,.T.);
#1852=EDGE_CURVE('',#2253,#2251,#2254,.T.);
#1853=EDGE_CURVE('',#2253,#2224,#2255,.T.);
#1854=EDGE_CURVE('',#2256,#2222,#2257,.T.);
#1855=EDGE_CURVE('',#2258,#2256,#2259,.T.);
#1856=EDGE_CURVE('',#2248,#2258,#2260,.T.);
#1857=EDGE_CURVE('',#2208,#2241,#2261,.T.);
#1858=EDGE_CURVE('',#2123,#2089,#2262,.T.);
#1859=EDGE_CURVE('',#2089,#2068,#2263,.T.);
#1860=EDGE_CURVE('',#2213,#2264,#2265,.T.);
#1861=EDGE_CURVE('',#2264,#2194,#2266,.T.);
#1862=EDGE_CURVE('',#2236,#2165,#2267,.T.);
#1863=EDGE_CURVE('',#2233,#2168,#2268,.T.);
#1864=EDGE_CURVE('',#2170,#2234,#2269,.T.);
#1865=EDGE_CURVE('',#2270,#2271,#2272,.T.);
#1866=EDGE_CURVE('',#2271,#2234,#2273,.T.);
#1867=EDGE_CURVE('',#2270,#2238,#2274,.T.);
#1868=EDGE_CURVE('',#2264,#2183,#2275,.T.);
#1869=EDGE_CURVE('',#2166,#2238,#2276,.T.);
#1870=EDGE_CURVE('',#2277,#2036,#2278,.T.);
#1871=EDGE_CURVE('',#2279,#2277,#2280,.T.);
#1872=EDGE_CURVE('',#2039,#2279,#2281,.T.);
#1873=EDGE_CURVE('',#2282,#2220,#2283,.T.);
#1874=EDGE_CURVE('',#2282,#2256,#2284,.T.);
#1875=EDGE_CURVE('',#2271,#2285,#2286,.T.);
#1876=EDGE_CURVE('',#2170,#2285,#2287,.T.);
#1877=EDGE_CURVE('',#2166,#2288,#2289,.T.);
#1878=EDGE_CURVE('',#2270,#2288,#2290,.T.);
#1879=EDGE_CURVE('',#2291,#2185,#2292,.T.);
#1880=EDGE_CURVE('',#2193,#2183,#2293,.T.);
#1881=EDGE_CURVE('',#2193,#2291,#2294,.T.);
#1882=EDGE_CURVE('',#2053,#2291,#2295,.T.);
#1883=EDGE_CURVE('',#2296,#2297,#2298,.T.);
#1884=EDGE_CURVE('',#2299,#2297,#2300,.T.);
#1885=EDGE_CURVE('',#2301,#2299,#2302,.T.);
#1886=EDGE_CURVE('',#2301,#2296,#2303,.T.);
#1887=EDGE_CURVE('',#2304,#2305,#2306,.T.);
#1888=EDGE_CURVE('',#2028,#2304,#2307,.T.);
#1889=EDGE_CURVE('',#2305,#2082,#2308,.T.);
#1890=EDGE_CURVE('',#2065,#2309,#2310,.T.);
#1891=EDGE_CURVE('',#2309,#2311,#2312,.T.);
#1892=EDGE_CURVE('',#2061,#2311,#2313,.T.);
#1893=EDGE_CURVE('',#2314,#2251,#2315,.T.);
#1894=EDGE_CURVE('',#2249,#2279,#2316,.T.);
#1895=EDGE_CURVE('',#2317,#2277,#2318,.T.);
#1896=EDGE_CURVE('',#2319,#2317,#2320,.T.);
#1897=EDGE_CURVE('',#2321,#2319,#2322,.T.);
#1898=EDGE_CURVE('',#2314,#2321,#2323,.T.);
#1899=EDGE_CURVE('',#2324,#2248,#2325,.T.);
#1900=EDGE_CURVE('',#2041,#2324,#2326,.T.);
#1901=EDGE_CURVE('',#2327,#2282,#2328,.T.);
#1902=EDGE_CURVE('',#2258,#2327,#2329,.T.);
#1903=EDGE_CURVE('',#2324,#2327,#2330,.T.);
#1904=EDGE_CURVE('',#2305,#2107,#2331,.T.);
#1905=EDGE_CURVE('',#2105,#2304,#2332,.T.);
#1906=EDGE_CURVE('',#2285,#2288,#2333,.T.);
#1907=EDGE_CURVE('',#2309,#2230,#2334,.T.);
#1908=EDGE_CURVE('',#2047,#2063,#2335,.T.);
#1909=EDGE_CURVE('',#2311,#2228,#2336,.T.);
#1910=EDGE_CURVE('',#2337,#2226,#2338,.T.);
#1911=EDGE_CURVE('',#2337,#2314,#2339,.T.);
#1912=EDGE_CURVE('',#2060,#2321,#2340,.T.);
#1913=EDGE_CURVE('',#2337,#2253,#2341,.T.);
#1914=EDGE_CURVE('',#2342,#2343,#2344,.T.);
#1915=EDGE_CURVE('',#2342,#2296,#2345,.T.);
#1916=EDGE_CURVE('',#2301,#2343,#2346,.T.);
#1917=EDGE_CURVE('',#2347,#2299,#2348,.T.);
#1918=EDGE_CURVE('',#2347,#2349,#2350,.T.);
#1919=EDGE_CURVE('',#2301,#2349,#2351,.T.);
#1920=EDGE_CURVE('',#2352,#2353,#2354,.T.);
#1921=EDGE_CURVE('',#2355,#2353,#2356,.T.);
#1922=EDGE_CURVE('',#2355,#2357,#2358,.T.);
#1923=EDGE_CURVE('',#2357,#2352,#2359,.T.);
#1924=EDGE_CURVE('',#2128,#2360,#2361,.T.);
#1925=EDGE_CURVE('',#2129,#2362,#2363,.T.);
#1926=EDGE_CURVE('',#2362,#2360,#2364,.T.);
#1927=EDGE_CURVE('',#2360,#2365,#2366,.T.);
#1928=EDGE_CURVE('',#2365,#2131,#2367,.T.);
#1929=EDGE_CURVE('',#2365,#2357,#2368,.T.);
#1930=EDGE_CURVE('',#2352,#2360,#2369,.T.);
#1931=EDGE_CURVE('',#2362,#2370,#2371,.T.);
#1932=EDGE_CURVE('',#2355,#2370,#2372,.T.);
#1933=EDGE_CURVE('',#2362,#2353,#2373,.T.);
#1934=EDGE_CURVE('',#2365,#2370,#2374,.T.);
#1935=EDGE_CURVE('',#2370,#2133,#2375,.T.);
#1936=EDGE_CURVE('',#2376,#2136,#2377,.T.);
#1937=EDGE_CURVE('',#2378,#2376,#2379,.T.);
#1938=EDGE_CURVE('',#2139,#2378,#2380,.T.);
#1939=EDGE_CURVE('',#2381,#2376,#2382,.T.);
#1940=EDGE_CURVE('',#2381,#2137,#2383,.T.);
#1941=EDGE_CURVE('',#2384,#2376,#2385,.T.);
#1942=EDGE_CURVE('',#2384,#2386,#2387,.T.);
#1943=EDGE_CURVE('',#2378,#2386,#2388,.T.);
#1944=EDGE_CURVE('',#2381,#2389,#2390,.T.);
#1945=EDGE_CURVE('',#2384,#2389,#2391,.T.);
#1946=EDGE_CURVE('',#2392,#2386,#2393,.T.);
#1947=EDGE_CURVE('',#2389,#2392,#2394,.T.);
#1948=EDGE_CURVE('',#2378,#2395,#2396,.T.);
#1949=EDGE_CURVE('',#2392,#2395,#2397,.T.);
#1950=EDGE_CURVE('',#2395,#2381,#2398,.T.);
#1951=EDGE_CURVE('',#2141,#2395,#2399,.T.);
#1952=EDGE_CURVE('',#2400,#2401,#2402,.T.);
#1953=EDGE_CURVE('',#2403,#2401,#2404,.T.);
#1954=EDGE_CURVE('',#2403,#2405,#2406,.T.);
#1955=EDGE_CURVE('',#2405,#2400,#2407,.T.);
#1956=EDGE_CURVE('',#2144,#2408,#2409,.T.);
#1957=EDGE_CURVE('',#2145,#2410,#2411,.T.);
#1958=EDGE_CURVE('',#2410,#2408,#2412,.T.);
#1959=EDGE_CURVE('',#2408,#2413,#2414,.T.);
#1960=EDGE_CURVE('',#2413,#2147,#2415,.T.);
#1961=EDGE_CURVE('',#2413,#2405,#2416,.T.);
#1962=EDGE_CURVE('',#2400,#2408,#2417,.T.);
#1963=EDGE_CURVE('',#2410,#2418,#2419,.T.);
#1964=EDGE_CURVE('',#2403,#2418,#2420,.T.);
#1965=EDGE_CURVE('',#2410,#2401,#2421,.T.);
#1966=EDGE_CURVE('',#2413,#2418,#2422,.T.);
#1967=EDGE_CURVE('',#2418,#2149,#2423,.T.);
#1968=EDGE_CURVE('',#2049,#2319,#2424,.T.);
#1969=EDGE_CURVE('',#2425,#2343,#2426,.T.);
#1970=EDGE_CURVE('',#2425,#2427,#2428,.T.);
#1971=EDGE_CURVE('',#2429,#2427,#2430,.T.);
#1972=EDGE_CURVE('',#2429,#2343,#2431,.T.);
#1973=EDGE_CURVE('',#2317,#2037,#2432,.T.);
#1974=EDGE_CURVE('',#2433,#2434,#2435,.T.);
#1975=EDGE_CURVE('',#2433,#2436,#2437,.T.);
#1976=EDGE_CURVE('',#2438,#2436,#2439,.T.);
#1977=EDGE_CURVE('',#2434,#2438,#2440,.T.);
#1978=EDGE_CURVE('',#2441,#2442,#2443,.T.);
#1979=EDGE_CURVE('',#2441,#2444,#2445,.T.);
#1980=EDGE_CURVE('',#2446,#2444,#2447,.T.);
#1981=EDGE_CURVE('',#2442,#2446,#2448,.T.);
#1982=EDGE_CURVE('',#2449,#2342,#2450,.T.);
#1983=EDGE_CURVE('',#2449,#2297,#2451,.T.);
#1984=EDGE_CURVE('',#2452,#2453,#2454,.T.);
#1985=EDGE_CURVE('',#2455,#2452,#2456,.T.);
#1986=EDGE_CURVE('',#2455,#2457,#2458,.T.);
#1987=EDGE_CURVE('',#2453,#2457,#2459,.T.);
#1988=EDGE_CURVE('',#2434,#2460,#2461,.T.);
#1989=EDGE_CURVE('',#2462,#2460,#2463,.T.);
#1990=EDGE_CURVE('',#2433,#2462,#2464,.T.);
#1991=EDGE_CURVE('',#2465,#2462,#2466,.T.);
#1992=EDGE_CURVE('',#2465,#2436,#2467,.T.);
#1993=EDGE_CURVE('',#2453,#2465,#2468,.T.);
#1994=EDGE_CURVE('',#2462,#2452,#2469,.T.);
#1995=EDGE_CURVE('',#2470,#2457,#2471,.T.);
#1996=EDGE_CURVE('',#2455,#2460,#2472,.T.);
#1997=EDGE_CURVE('',#2470,#2460,#2473,.T.);
#1998=EDGE_CURVE('',#2470,#2465,#2474,.T.);
#1999=EDGE_CURVE('',#2470,#2438,#2475,.T.);
#2000=EDGE_CURVE('',#2476,#2477,#2478,.T.);
#2001=EDGE_CURVE('',#2479,#2476,#2480,.T.);
#2002=EDGE_CURVE('',#2479,#2481,#2482,.T.);
#2003=EDGE_CURVE('',#2477,#2481,#2483,.T.);
#2004=EDGE_CURVE('',#2442,#2484,#2485,.T.);
#2005=EDGE_CURVE('',#2486,#2484,#2487,.T.);
#2006=EDGE_CURVE('',#2441,#2486,#2488,.T.);
#2007=EDGE_CURVE('',#2489,#2486,#2490,.T.);
#2008=EDGE_CURVE('',#2489,#2444,#2491,.T.);
#2009=EDGE_CURVE('',#2477,#2489,#2492,.T.);
#2010=EDGE_CURVE('',#2486,#2476,#2493,.T.);
#2011=EDGE_CURVE('',#2494,#2481,#2495,.T.);
#2012=EDGE_CURVE('',#2479,#2484,#2496,.T.);
#2013=EDGE_CURVE('',#2494,#2484,#2497,.T.);
#2014=EDGE_CURVE('',#2494,#2489,#2498,.T.);
#2015=EDGE_CURVE('',#2494,#2446,#2499,.T.);
#2016=EDGE_CURVE('',#2427,#2347,#2500,.T.);
#2017=EDGE_CURVE('',#2425,#2349,#2501,.T.);
#2018=EDGE_CURVE('',#2449,#2429,#2502,.T.);
#2019=EDGE_CURVE('',#2299,#2429,#2503,.T.);
#2020=VERTEX_POINT('',#2504);
#2021=VERTEX_POINT('',#2505);
#2022=LINE('',#2506,#2507);
#2023=VERTEX_POINT('',#2508);
#2024=LINE('',#2509,#2510);
#2025=VERTEX_POINT('',#2511);
#2026=LINE('',#2512,#2513);
#2027=LINE('',#2514,#2515);
#2028=VERTEX_POINT('',#2516);
#2029=VERTEX_POINT('',#2517);
#2030=LINE('',#2518,#2519);
#2031=VERTEX_POINT('',#2520);
#2032=LINE('',#2521,#2522);
#2033=VERTEX_POINT('',#2523);
#2034=LINE('',#2524,#2525);
#2035=LINE('',#2526,#2527);
#2036=VERTEX_POINT('',#2528);
#2037=VERTEX_POINT('',#2529);
#2038=LINE('',#2530,#2531);
#2039=VERTEX_POINT('',#2532);
#2040=LINE('',#2533,#2534);
#2041=VERTEX_POINT('',#2535);
#2042=LINE('',#2536,#2537);
#2043=VERTEX_POINT('',#2538);
#2044=LINE('',#2539,#2540);
#2045=VERTEX_POINT('',#2541);
#2046=LINE('',#2542,#2543);
#2047=VERTEX_POINT('',#2544);
#2048=LINE('',#2545,#2546);
#2049=VERTEX_POINT('',#2547);
#2050=LINE('',#2548,#2549);
#2051=LINE('',#2550,#2551);
#2052=VERTEX_POINT('',#2552);
#2053=VERTEX_POINT('',#2553);
#2054=LINE('',#2554,#2555);
#2055=VERTEX_POINT('',#2556);
#2056=LINE('',#2557,#2558);
#2057=VERTEX_POINT('',#2559);
#2058=LINE('',#2560,#2561);
#2059=LINE('',#2562,#2563);
#2060=VERTEX_POINT('',#2564);
#2061=VERTEX_POINT('',#2565);
#2062=LINE('',#2566,#2567);
#2063=VERTEX_POINT('',#2568);
#2064=LINE('',#2569,#2570);
#2065=VERTEX_POINT('',#2571);
#2066=LINE('',#2572,#2573);
#2067=LINE('',#2574,#2575);
#2068=VERTEX_POINT('',#2576);
#2069=LINE('',#2577,#2578);
#2070=VERTEX_POINT('',#2579);
#2071=LINE('',#2580,#2581);
#2072=LINE('',#2582,#2583);
#2073=VERTEX_POINT('',#2584);
#2074=VERTEX_POINT('',#2585);
#2075=LINE('',#2586,#2587);
#2076=VERTEX_POINT('',#2588);
#2077=LINE('',#2589,#2590);
#2078=VERTEX_POINT('',#2591);
#2079=LINE('',#2592,#2593);
#2080=LINE('',#2594,#2595);
#2081=VERTEX_POINT('',#2596);
#2082=VERTEX_POINT('',#2597);
#2083=LINE('',#2598,#2599);
#2084=VERTEX_POINT('',#2600);
#2085=LINE('',#2601,#2602);
#2086=VERTEX_POINT('',#2603);
#2087=LINE('',#2604,#2605);
#2088=LINE('',#2606,#2607);
#2089=VERTEX_POINT('',#2608);
#2090=LINE('',#2609,#2610);
#2091=VERTEX_POINT('',#2611);
#2092=LINE('',#2612,#2613);
#2093=VERTEX_POINT('',#2614);
#2094=LINE('',#2615,#2616);
#2095=LINE('',#2617,#2618);
#2096=VERTEX_POINT('',#2619);
#2097=VERTEX_POINT('',#2620);
#2098=LINE('',#2621,#2622);
#2099=VERTEX_POINT('',#2623);
#2100=LINE('',#2624,#2625);
#2101=VERTEX_POINT('',#2626);
#2102=LINE('',#2627,#2628);
#2103=LINE('',#2629,#2630);
#2104=LINE('',#2631,#2632);
#2105=VERTEX_POINT('',#2633);
#2106=LINE('',#2634,#2635);
#2107=VERTEX_POINT('',#2636);
#2108=LINE('',#2637,#2638);
#2109=LINE('',#2639,#2640);
#2110=VERTEX_POINT('',#2641);
#2111=LINE('',#2642,#2643);
#2112=VERTEX_POINT('',#2644);
#2113=LINE('',#2645,#2646);
#2114=LINE('',#2647,#2648);
#2115=VERTEX_POINT('',#2649);
#2116=VERTEX_POINT('',#2650);
#2117=LINE('',#2651,#2652);
#2118=VERTEX_POINT('',#2653);
#2119=LINE('',#2654,#2655);
#2120=VERTEX_POINT('',#2656);
#2121=LINE('',#2657,#2658);
#2122=LINE('',#2659,#2660);
#2123=VERTEX_POINT('',#2661);
#2124=LINE('',#2662,#2663);
#2125=LINE('',#2664,#2665);
#2126=LINE('',#2666,#2667);
#2127=LINE('',#2668,#2669);
#2128=VERTEX_POINT('',#2670);
#2129=VERTEX_POINT('',#2671);
#2130=LINE('',#2672,#2673);
#2131=VERTEX_POINT('',#2674);
#2132=LINE('',#2675,#2676);
#2133=VERTEX_POINT('',#2677);
#2134=LINE('',#2678,#2679);
#2135=LINE('',#2680,#2681);
#2136=VERTEX_POINT('',#2682);
#2137=VERTEX_POINT('',#2683);
#2138=LINE('',#2684,#2685);
#2139=VERTEX_POINT('',#2686);
#2140=LINE('',#2687,#2688);
#2141=VERTEX_POINT('',#2689);
#2142=LINE('',#2690,#2691);
#2143=LINE('',#2692,#2693);
#2144=VERTEX_POINT('',#2694);
#2145=VERTEX_POINT('',#2695);
#2146=LINE('',#2696,#2697);
#2147=VERTEX_POINT('',#2698);
#2148=LINE('',#2699,#2700);
#2149=VERTEX_POINT('',#2701);
#2150=LINE('',#2702,#2703);
#2151=LINE('',#2704,#2705);
#2152=VERTEX_POINT('',#2706);
#2153=VERTEX_POINT('',#2707);
#2154=LINE('',#2708,#2709);
#2155=VERTEX_POINT('',#2710);
#2156=LINE('',#2711,#2712);
#2157=VERTEX_POINT('',#2713);
#2158=LINE('',#2714,#2715);
#2159=LINE('',#2716,#2717);
#2160=VERTEX_POINT('',#2718);
#2161=LINE('',#2719,#2720);
#2162=VERTEX_POINT('',#2721);
#2163=LINE('',#2722,#2723);
#2164=LINE('',#2724,#2725);
#2165=VERTEX_POINT('',#2726);
#2166=VERTEX_POINT('',#2727);
#2167=LINE('',#2728,#2729);
#2168=VERTEX_POINT('',#2730);
#2169=LINE('',#2731,#2732);
#2170=VERTEX_POINT('',#2733);
#2171=LINE('',#2734,#2735);
#2172=LINE('',#2736,#2737);
#2173=LINE('',#2738,#2739);
#2174=LINE('',#2740,#2741);
#2175=LINE('',#2742,#2743);
#2176=LINE('',#2744,#2745);
#2177=LINE('',#2746,#2747);
#2178=VERTEX_POINT('',#2748);
#2179=VERTEX_POINT('',#2749);
#2180=LINE('',#2750,#2751);
#2181=LINE('',#2752,#2753);
#2182=LINE('',#2754,#2755);
#2183=VERTEX_POINT('',#2756);
#2184=LINE('',#2757,#2758);
#2185=VERTEX_POINT('',#2759);
#2186=LINE('',#2760,#2761);
#2187=LINE('',#2762,#2763);
#2188=VERTEX_POINT('',#2764);
#2189=LINE('',#2765,#2766);
#2190=VERTEX_POINT('',#2767);
#2191=LINE('',#2768,#2769);
#2192=LINE('',#2770,#2771);
#2193=VERTEX_POINT('',#2772);
#2194=VERTEX_POINT('',#2773);
#2195=LINE('',#2774,#2775);
#2196=VERTEX_POINT('',#2776);
#2197=LINE('',#2777,#2778);
#2198=LINE('',#2779,#2780);
#2199=LINE('',#2781,#2782);
#2200=VERTEX_POINT('',#2783);
#2201=VERTEX_POINT('',#2784);
#2202=LINE('',#2785,#2786);
#2203=VERTEX_POINT('',#2787);
#2204=LINE('',#2788,#2789);
#2205=VERTEX_POINT('',#2790);
#2206=LINE('',#2791,#2792);
#2207=LINE('',#2793,#2794);
#2208=VERTEX_POINT('',#2795);
#2209=LINE('',#2796,#2797);
#2210=LINE('',#2798,#2799);
#2211=LINE('',#2800,#2801);
#2212=LINE('',#2802,#2803);
#2213=VERTEX_POINT('',#2804);
#2214=LINE('',#2805,#2806);
#2215=LINE('',#2807,#2808);
#2216=LINE('',#2809,#2810);
#2217=LINE('',#2811,#2812);
#2218=LINE('',#2813,#2814);
#2219=LINE('',#2815,#2816);
#2220=VERTEX_POINT('',#2817);
#2221=LINE('',#2818,#2819);
#2222=VERTEX_POINT('',#2820);
#2223=LINE('',#2821,#2822);
#2224=VERTEX_POINT('',#2823);
#2225=LINE('',#2824,#2825);
#2226=VERTEX_POINT('',#2826);
#2227=LINE('',#2827,#2828);
#2228=VERTEX_POINT('',#2829);
#2229=LINE('',#2830,#2831);
#2230=VERTEX_POINT('',#2832);
#2231=LINE('',#2833,#2834);
#2232=LINE('',#2835,#2836);
#2233=VERTEX_POINT('',#2837);
#2234=VERTEX_POINT('',#2838);
#2235=LINE('',#2839,#2840);
#2236=VERTEX_POINT('',#2841);
#2237=LINE('',#2842,#2843);
#2238=VERTEX_POINT('',#2844);
#2239=LINE('',#2845,#2846);
#2240=LINE('',#2847,#2848);
#2241=VERTEX_POINT('',#2849);
#2242=LINE('',#2850,#2851);
#2243=LINE('',#2852,#2853);
#2244=LINE('',#2854,#2855);
#2245=LINE('',#2856,#2857);
#2246=LINE('',#2858,#2859);
#2247=LINE('',#2860,#2861);
#2248=VERTEX_POINT('',#2862);
#2249=VERTEX_POINT('',#2863);
#2250=LINE('',#2864,#2865);
#2251=VERTEX_POINT('',#2866);
#2252=LINE('',#2867,#2868);
#2253=VERTEX_POINT('',#2869);
#2254=LINE('',#2870,#2871);
#2255=LINE('',#2872,#2873);
#2256=VERTEX_POINT('',#2874);
#2257=LINE('',#2875,#2876);
#2258=VERTEX_POINT('',#2877);
#2259=LINE('',#2878,#2879);
#2260=LINE('',#2880,#2881);
#2261=LINE('',#2882,#2883);
#2262=LINE('',#2884,#2885);
#2263=LINE('',#2886,#2887);
#2264=VERTEX_POINT('',#2888);
#2265=LINE('',#2889,#2890);
#2266=LINE('',#2891,#2892);
#2267=LINE('',#2893,#2894);
#2268=LINE('',#2895,#2896);
#2269=LINE('',#2897,#2898);
#2270=VERTEX_POINT('',#2899);
#2271=VERTEX_POINT('',#2900);
#2272=LINE('',#2901,#2902);
#2273=LINE('',#2903,#2904);
#2274=LINE('',#2905,#2906);
#2275=LINE('',#2907,#2908);
#2276=LINE('',#2909,#2910);
#2277=VERTEX_POINT('',#2911);
#2278=LINE('',#2912,#2913);
#2279=VERTEX_POINT('',#2914);
#2280=LINE('',#2915,#2916);
#2281=LINE('',#2917,#2918);
#2282=VERTEX_POINT('',#2919);
#2283=LINE('',#2920,#2921);
#2284=LINE('',#2922,#2923);
#2285=VERTEX_POINT('',#2924);
#2286=LINE('',#2925,#2926);
#2287=LINE('',#2927,#2928);
#2288=VERTEX_POINT('',#2929);
#2289=LINE('',#2930,#2931);
#2290=LINE('',#2932,#2933);
#2291=VERTEX_POINT('',#2934);
#2292=LINE('',#2935,#2936);
#2293=LINE('',#2937,#2938);
#2294=LINE('',#2939,#2940);
#2295=LINE('',#2941,#2942);
#2296=VERTEX_POINT('',#2943);
#2297=VERTEX_POINT('',#2944);
#2298=LINE('',#2945,#2946);
#2299=VERTEX_POINT('',#2947);
#2300=LINE('',#2948,#2949);
#2301=VERTEX_POINT('',#2950);
#2302=LINE('',#2951,#2952);
#2303=LINE('',#2953,#2954);
#2304=VERTEX_POINT('',#2955);
#2305=VERTEX_POINT('',#2956);
#2306=LINE('',#2957,#2958);
#2307=LINE('',#2959,#2960);
#2308=LINE('',#2961,#2962);
#2309=VERTEX_POINT('',#2963);
#2310=LINE('',#2964,#2965);
#2311=VERTEX_POINT('',#2966);
#2312=LINE('',#2967,#2968);
#2313=LINE('',#2969,#2970);
#2314=VERTEX_POINT('',#2971);
#2315=LINE('',#2972,#2973);
#2316=LINE('',#2974,#2975);
#2317=VERTEX_POINT('',#2976);
#2318=LINE('',#2977,#2978);
#2319=VERTEX_POINT('',#2979);
#2320=LINE('',#2980,#2981);
#2321=VERTEX_POINT('',#2982);
#2322=LINE('',#2983,#2984);
#2323=LINE('',#2985,#2986);
#2324=VERTEX_POINT('',#2987);
#2325=LINE('',#2988,#2989);
#2326=LINE('',#2990,#2991);
#2327=VERTEX_POINT('',#2992);
#2328=LINE('',#2993,#2994);
#2329=LINE('',#2995,#2996);
#2330=LINE('',#2997,#2998);
#2331=LINE('',#2999,#3000);
#2332=LINE('',#3001,#3002);
#2333=LINE('',#3003,#3004);
#2334=LINE('',#3005,#3006);
#2335=LINE('',#3007,#3008);
#2336=LINE('',#3009,#3010);
#2337=VERTEX_POINT('',#3011);
#2338=LINE('',#3012,#3013);
#2339=LINE('',#3014,#3015);
#2340=LINE('',#3016,#3017);
#2341=LINE('',#3018,#3019);
#2342=VERTEX_POINT('',#3020);
#2343=VERTEX_POINT('',#3021);
#2344=LINE('',#3022,#3023);
#2345=LINE('',#3024,#3025);
#2346=LINE('',#3026,#3027);
#2347=VERTEX_POINT('',#3028);
#2348=LINE('',#3029,#3030);
#2349=VERTEX_POINT('',#3031);
#2350=LINE('',#3032,#3033);
#2351=LINE('',#3034,#3035);
#2352=VERTEX_POINT('',#3036);
#2353=VERTEX_POINT('',#3037);
#2354=LINE('',#3038,#3039);
#2355=VERTEX_POINT('',#3040);
#2356=LINE('',#3041,#3042);
#2357=VERTEX_POINT('',#3043);
#2358=LINE('',#3044,#3045);
#2359=LINE('',#3046,#3047);
#2360=VERTEX_POINT('',#3048);
#2361=LINE('',#3049,#3050);
#2362=VERTEX_POINT('',#3051);
#2363=LINE('',#3052,#3053);
#2364=LINE('',#3054,#3055);
#2365=VERTEX_POINT('',#3056);
#2366=LINE('',#3057,#3058);
#2367=LINE('',#3059,#3060);
#2368=LINE('',#3061,#3062);
#2369=LINE('',#3063,#3064);
#2370=VERTEX_POINT('',#3065);
#2371=LINE('',#3066,#3067);
#2372=LINE('',#3068,#3069);
#2373=LINE('',#3070,#3071);
#2374=LINE('',#3072,#3073);
#2375=LINE('',#3074,#3075);
#2376=VERTEX_POINT('',#3076);
#2377=LINE('',#3077,#3078);
#2378=VERTEX_POINT('',#3079);
#2379=LINE('',#3080,#3081);
#2380=LINE('',#3082,#3083);
#2381=VERTEX_POINT('',#3084);
#2382=LINE('',#3085,#3086);
#2383=LINE('',#3087,#3088);
#2384=VERTEX_POINT('',#3089);
#2385=LINE('',#3090,#3091);
#2386=VERTEX_POINT('',#3092);
#2387=LINE('',#3093,#3094);
#2388=LINE('',#3095,#3096);
#2389=VERTEX_POINT('',#3097);
#2390=LINE('',#3098,#3099);
#2391=LINE('',#3100,#3101);
#2392=VERTEX_POINT('',#3102);
#2393=LINE('',#3103,#3104);
#2394=LINE('',#3105,#3106);
#2395=VERTEX_POINT('',#3107);
#2396=LINE('',#3108,#3109);
#2397=LINE('',#3110,#3111);
#2398=LINE('',#3112,#3113);
#2399=LINE('',#3114,#3115);
#2400=VERTEX_POINT('',#3116);
#2401=VERTEX_POINT('',#3117);
#2402=LINE('',#3118,#3119);
#2403=VERTEX_POINT('',#3120);
#2404=LINE('',#3121,#3122);
#2405=VERTEX_POINT('',#3123);
#2406=LINE('',#3124,#3125);
#2407=LINE('',#3126,#3127);
#2408=VERTEX_POINT('',#3128);
#2409=LINE('',#3129,#3130);
#2410=VERTEX_POINT('',#3131);
#2411=LINE('',#3132,#3133);
#2412=LINE('',#3134,#3135);
#2413=VERTEX_POINT('',#3136);
#2414=LINE('',#3137,#3138);
#2415=LINE('',#3139,#3140);
#2416=LINE('',#3141,#3142);
#2417=LINE('',#3143,#3144);
#2418=VERTEX_POINT('',#3145);
#2419=LINE('',#3146,#3147);
#2420=LINE('',#3148,#3149);
#2421=LINE('',#3150,#3151);
#2422=LINE('',#3152,#3153);
#2423=LINE('',#3154,#3155);
#2424=LINE('',#3156,#3157);
#2425=VERTEX_POINT('',#3158);
#2426=LINE('',#3159,#3160);
#2427=VERTEX_POINT('',#3161);
#2428=LINE('',#3162,#3163);
#2429=VERTEX_POINT('',#3164);
#2430=LINE('',#3165,#3166);
#2431=LINE('',#3167,#3168);
#2432=LINE('',#3169,#3170);
#2433=VERTEX_POINT('',#3171);
#2434=VERTEX_POINT('',#3172);
#2435=LINE('',#3173,#3174);
#2436=VERTEX_POINT('',#3175);
#2437=LINE('',#3176,#3177);
#2438=VERTEX_POINT('',#3178);
#2439=LINE('',#3179,#3180);
#2440=LINE('',#3181,#3182);
#2441=VERTEX_POINT('',#3183);
#2442=VERTEX_POINT('',#3184);
#2443=LINE('',#3185,#3186);
#2444=VERTEX_POINT('',#3187);
#2445=LINE('',#3188,#3189);
#2446=VERTEX_POINT('',#3190);
#2447=LINE('',#3191,#3192);
#2448=LINE('',#3193,#3194);
#2449=VERTEX_POINT('',#3195);
#2450=LINE('',#3196,#3197);
#2451=LINE('',#3198,#3199);
#2452=VERTEX_POINT('',#3200);
#2453=VERTEX_POINT('',#3201);
#2454=LINE('',#3202,#3203);
#2455=VERTEX_POINT('',#3204);
#2456=LINE('',#3205,#3206);
#2457=VERTEX_POINT('',#3207);
#2458=LINE('',#3208,#3209);
#2459=LINE('',#3210,#3211);
#2460=VERTEX_POINT('',#3212);
#2461=LINE('',#3213,#3214);
#2462=VERTEX_POINT('',#3215);
#2463=LINE('',#3216,#3217);
#2464=LINE('',#3218,#3219);
#2465=VERTEX_POINT('',#3220);
#2466=LINE('',#3221,#3222);
#2467=LINE('',#3223,#3224);
#2468=LINE('',#3225,#3226);
#2469=LINE('',#3227,#3228);
#2470=VERTEX_POINT('',#3229);
#2471=LINE('',#3230,#3231);
#2472=LINE('',#3232,#3233);
#2473=LINE('',#3234,#3235);
#2474=LINE('',#3236,#3237);
#2475=LINE('',#3238,#3239);
#2476=VERTEX_POINT('',#3240);
#2477=VERTEX_POINT('',#3241);
#2478=LINE('',#3242,#3243);
#2479=VERTEX_POINT('',#3244);
#2480=LINE('',#3245,#3246);
#2481=VERTEX_POINT('',#3247);
#2482=LINE('',#3248,#3249);
#2483=LINE('',#3250,#3251);
#2484=VERTEX_POINT('',#3252);
#2485=LINE('',#3253,#3254);
#2486=VERTEX_POINT('',#3255);
#2487=LINE('',#3256,#3257);
#2488=LINE('',#3258,#3259);
#2489=VERTEX_POINT('',#3260);
#2490=LINE('',#3261,#3262);
#2491=LINE('',#3263,#3264);
#2492=LINE('',#3265,#3266);
#2493=LINE('',#3267,#3268);
#2494=VERTEX_POINT('',#3269);
#2495=LINE('',#3270,#3271);
#2496=LINE('',#3272,#3273);
#2497=LINE('',#3274,#3275);
#2498=LINE('',#3276,#3277);
#2499=LINE('',#3278,#3279);
#2500=LINE('',#3280,#3281);
#2501=LINE('',#3282,#3283);
#2502=LINE('',#3284,#3285);
#2503=LINE('',#3286,#3287);
#2504=CARTESIAN_POINT('',(-25.202181,-1.530469,-15.175));
#2505=CARTESIAN_POINT('',(-24.852181,-1.530469,-15.175));
#2506=CARTESIAN_POINT('',(-25.0,-1.530469,-15.175));
#2507=VECTOR('',#3288,1.0);
#2508=CARTESIAN_POINT('',(-24.852181,-3.530469,-15.175));
#2509=CARTESIAN_POINT('',(-24.852181,-7.26276840239229,-15.175));
#2510=VECTOR('',#3289,1.0);
#2511=CARTESIAN_POINT('',(-25.202181,-3.530469,-15.175));
#2512=CARTESIAN_POINT('',(-25.0064534779416,-3.530469,-15.175));
#2513=VECTOR('',#3290,1.0);
#2514=CARTESIAN_POINT('',(-25.202181,4.469531,-15.175));
#2515=VECTOR('',#3291,1.0);
#2516=CARTESIAN_POINT('',(-24.852181,-3.530469,-13.575));
#2517=CARTESIAN_POINT('',(-24.852181,-3.530469,-13.925));
#2518=CARTESIAN_POINT('',(-24.852181,-3.530469,-13.575));
#2519=VECTOR('',#3292,1.0);
#2520=CARTESIAN_POINT('',(-24.852181,-1.530469,-13.925));
#2521=CARTESIAN_POINT('',(-24.852181,-7.26276840239229,-13.925));
#2522=VECTOR('',#3293,1.0);
#2523=CARTESIAN_POINT('',(-24.852181,-1.530469,-13.575));
#2524=CARTESIAN_POINT('',(-24.852181,-1.530469,8.125));
#2525=VECTOR('',#3294,1.0);
#2526=CARTESIAN_POINT('',(-24.852181,-0.761551108583667,-13.575));
#2527=VECTOR('',#3295,1.0);
#2528=CARTESIAN_POINT('',(-27.217181,0.969530999999999,-16.725));
#2529=CARTESIAN_POINT('',(-27.217181,0.969530999999999,-9.525));
#2530=CARTESIAN_POINT('',(-27.217181,0.969530999999999,0.625));
#2531=VECTOR('',#3296,1.0);
#2532=CARTESIAN_POINT('',(-27.217181,2.769531,-16.725));
#2533=CARTESIAN_POINT('',(-27.217181,-4.94727890923938E-17,-16.725));
#2534=VECTOR('',#3297,1.0);
#2535=CARTESIAN_POINT('',(-27.217181,2.769531,-17.7));
#2536=CARTESIAN_POINT('',(-27.217181,2.769531,-23.125));
#2537=VECTOR('',#3298,1.0);
#2538=CARTESIAN_POINT('',(-27.217181,-1.530469,-17.7));
#2539=CARTESIAN_POINT('',(-27.217181,-4.94727890923938E-17,-17.7));
#2540=VECTOR('',#3299,1.0);
#2541=CARTESIAN_POINT('',(-27.217181,-1.530469,-8.55));
#2542=CARTESIAN_POINT('',(-27.217181,-1.530469,-15.625));
#2543=VECTOR('',#3300,1.0);
#2544=CARTESIAN_POINT('',(-27.217181,2.769531,-8.55));
#2545=CARTESIAN_POINT('',(-27.217181,0.0,-8.55));
#2546=VECTOR('',#3301,1.0);
#2547=CARTESIAN_POINT('',(-27.217181,2.769531,-9.525));
#2548=CARTESIAN_POINT('',(-27.217181,2.769531,-3.125));
#2549=VECTOR('',#3302,1.0);
#2550=CARTESIAN_POINT('',(-27.217181,0.0,-9.525));
#2551=VECTOR('',#3303,1.0);
#2552=CARTESIAN_POINT('',(-24.852181,-0.230469,-14.825));
#2553=CARTESIAN_POINT('',(-24.852181,-0.230469,-15.175));
#2554=CARTESIAN_POINT('',(-24.852181,-0.230469,8.125));
#2555=VECTOR('',#3304,1.0);
#2556=CARTESIAN_POINT('',(-24.852181,1.869531,-15.175));
#2557=CARTESIAN_POINT('',(-24.852181,-7.26276840239229,-15.175));
#2558=VECTOR('',#3305,1.0);
#2559=CARTESIAN_POINT('',(-24.852181,1.869531,-14.825));
#2560=CARTESIAN_POINT('',(-24.852181,1.869531,-14.825));
#2561=VECTOR('',#3306,1.0);
#2562=CARTESIAN_POINT('',(-24.852181,-0.761551108583667,-14.825));
#2563=VECTOR('',#3307,1.0);
#2564=CARTESIAN_POINT('',(-25.792181,2.769531,-9.05));
#2565=CARTESIAN_POINT('',(-25.792181,1.769531,-9.05));
#2566=CARTESIAN_POINT('',(-25.792181,0.0,-9.05));
#2567=VECTOR('',#3308,1.0);
#2568=CARTESIAN_POINT('',(-25.792181,2.769531,-8.55));
#2569=CARTESIAN_POINT('',(-25.792181,2.769531,-8.55));
#2570=VECTOR('',#3309,1.0);
#2571=CARTESIAN_POINT('',(-25.792181,1.769531,-8.55));
#2572=CARTESIAN_POINT('',(-25.792181,2.769531,-8.55));
#2573=VECTOR('',#3310,1.0);
#2574=CARTESIAN_POINT('',(-25.792181,1.769531,-18.125));
#2575=VECTOR('',#3311,1.0);
#2576=CARTESIAN_POINT('',(-24.852181,-3.530469,-14.825));
#2577=CARTESIAN_POINT('',(-24.852181,-3.530469,-14.825));
#2578=VECTOR('',#3312,1.0);
#2579=CARTESIAN_POINT('',(-24.852181,-1.530469,-14.825));
#2580=CARTESIAN_POINT('',(-24.852181,-1.530469,8.125));
#2581=VECTOR('',#3313,1.0);
#2582=CARTESIAN_POINT('',(-24.852181,-0.761551108583667,-14.825));
#2583=VECTOR('',#3314,1.0);
#2584=CARTESIAN_POINT('',(-25.202181,1.869531,-13.925));
#2585=CARTESIAN_POINT('',(-25.127181,2.169531,-13.85));
#2586=CARTESIAN_POINT('',(-25.7691061494019,-0.398169597607712,-14.4919251494019));
#2587=VECTOR('',#3315,1.0);
#2588=CARTESIAN_POINT('',(-24.927181,2.169531,-13.85));
#2589=CARTESIAN_POINT('',(-25.0064534779416,2.169531,-13.85));
#2590=VECTOR('',#3316,1.0);
#2591=CARTESIAN_POINT('',(-24.852181,1.869531,-13.925));
#2592=CARTESIAN_POINT('',(-24.2852558505981,-0.398169597607712,-14.4919251494019));
#2593=VECTOR('',#3317,1.0);
#2594=CARTESIAN_POINT('',(-25.0064534779416,1.869531,-13.925));
#2595=VECTOR('',#3318,1.0);
#2596=CARTESIAN_POINT('',(-25.202181,-1.530469,-13.575));
#2597=CARTESIAN_POINT('',(-25.202181,-3.530469,-13.575));
#2598=CARTESIAN_POINT('',(-25.202181,5.10061310858367,-13.575));
#2599=VECTOR('',#3319,1.0);
#2600=CARTESIAN_POINT('',(-25.202181,-1.530469,-13.925));
#2601=CARTESIAN_POINT('',(-25.202181,-1.530469,8.125));
#2602=VECTOR('',#3320,1.0);
#2603=CARTESIAN_POINT('',(-25.202181,-3.530469,-13.925));
#2604=CARTESIAN_POINT('',(-25.202181,4.469531,-13.925));
#2605=VECTOR('',#3321,1.0);
#2606=CARTESIAN_POINT('',(-25.202181,-3.530469,-13.575));
#2607=VECTOR('',#3322,1.0);
#2608=CARTESIAN_POINT('',(-25.202181,-3.530469,-14.825));
#2609=CARTESIAN_POINT('',(-25.202181,-3.530469,-14.825));
#2610=VECTOR('',#3323,1.0);
#2611=CARTESIAN_POINT('',(-25.127181,-3.830469,-15.1));
#2612=CARTESIAN_POINT('',(-25.7691061494019,-1.26276840239229,-15.7419251494019));
#2613=VECTOR('',#3324,1.0);
#2614=CARTESIAN_POINT('',(-25.127181,-3.830469,-14.9));
#2615=CARTESIAN_POINT('',(-25.127181,-3.830469,-14.825));
#2616=VECTOR('',#3325,1.0);
#2617=CARTESIAN_POINT('',(-25.7691061494019,-1.26276840239229,-14.2580748505981));
#2618=VECTOR('',#3326,1.0);
#2619=CARTESIAN_POINT('',(-24.852181,-0.230469,-13.575));
#2620=CARTESIAN_POINT('',(-24.852181,1.869531,-13.575));
#2621=CARTESIAN_POINT('',(-24.852181,-0.761551108583667,-13.575));
#2622=VECTOR('',#3327,1.0);
#2623=CARTESIAN_POINT('',(-25.202181,1.869531,-13.575));
#2624=CARTESIAN_POINT('',(-25.0064534779416,1.869531,-13.575));
#2625=VECTOR('',#3328,1.0);
#2626=CARTESIAN_POINT('',(-25.202181,-0.230469,-13.575));
#2627=CARTESIAN_POINT('',(-25.202181,5.10061310858367,-13.575));
#2628=VECTOR('',#3329,1.0);
#2629=CARTESIAN_POINT('',(-25.0,-0.230469,-13.575));
#2630=VECTOR('',#3330,1.0);
#2631=CARTESIAN_POINT('',(-25.0064534779416,-3.530469,-13.925));
#2632=VECTOR('',#3331,1.0);
#2633=CARTESIAN_POINT('',(-24.927181,-3.830469,-13.85));
#2634=CARTESIAN_POINT('',(-24.2852558505981,-1.26276840239229,-14.4919251494019));
#2635=VECTOR('',#3332,1.0);
#2636=CARTESIAN_POINT('',(-25.127181,-3.830469,-13.85));
#2637=CARTESIAN_POINT('',(-25.0064534779416,-3.830469,-13.85));
#2638=VECTOR('',#3333,1.0);
#2639=CARTESIAN_POINT('',(-25.7691061494019,-1.26276840239229,-14.4919251494019));
#2640=VECTOR('',#3334,1.0);
#2641=CARTESIAN_POINT('',(-23.817181,-1.530469,-17.7));
#2642=CARTESIAN_POINT('',(-25.0,-1.530469,-17.7));
#2643=VECTOR('',#3335,1.0);
#2644=CARTESIAN_POINT('',(-23.817181,-1.530469,-8.55));
#2645=CARTESIAN_POINT('',(-23.817181,-1.530469,-26.875));
#2646=VECTOR('',#3336,1.0);
#2647=CARTESIAN_POINT('',(-25.0,-1.530469,-8.55));
#2648=VECTOR('',#3337,1.0);
#2649=CARTESIAN_POINT('',(-25.202181,-1.530469,-16.075));
#2650=CARTESIAN_POINT('',(-25.202181,-1.530469,-16.425));
#2651=CARTESIAN_POINT('',(-25.202181,-1.530469,8.125));
#2652=VECTOR('',#3338,1.0);
#2653=CARTESIAN_POINT('',(-24.852181,-1.530469,-16.075));
#2654=CARTESIAN_POINT('',(-25.0,-1.530469,-16.075));
#2655=VECTOR('',#3339,1.0);
#2656=CARTESIAN_POINT('',(-24.852181,-1.530469,-16.425));
#2657=CARTESIAN_POINT('',(-24.852181,-1.530469,8.125));
#2658=VECTOR('',#3340,1.0);
#2659=CARTESIAN_POINT('',(-25.0,-1.530469,-16.425));
#2660=VECTOR('',#3341,1.0);
#2661=CARTESIAN_POINT('',(-25.202181,-1.530469,-14.825));
#2662=CARTESIAN_POINT('',(-25.202181,-1.530469,8.125));
#2663=VECTOR('',#3342,1.0);
#2664=CARTESIAN_POINT('',(-25.0,-1.530469,-14.825));
#2665=VECTOR('',#3343,1.0);
#2666=CARTESIAN_POINT('',(-25.0,-1.530469,-13.575));
#2667=VECTOR('',#3344,1.0);
#2668=CARTESIAN_POINT('',(-25.0,-1.530469,-13.925));
#2669=VECTOR('',#3345,1.0);
#2670=CARTESIAN_POINT('',(-25.202181,-1.530469,-11.075));
#2671=CARTESIAN_POINT('',(-25.202181,-1.530469,-11.425));
#2672=CARTESIAN_POINT('',(-25.202181,-1.530469,-3.125));
#2673=VECTOR('',#3346,1.0);
#2674=CARTESIAN_POINT('',(-24.852181,-1.530469,-11.075));
#2675=CARTESIAN_POINT('',(-25.0,-1.530469,-11.075));
#2676=VECTOR('',#3347,1.0);
#2677=CARTESIAN_POINT('',(-24.852181,-1.530469,-11.425));
#2678=CARTESIAN_POINT('',(-24.852181,-1.530469,-3.125));
#2679=VECTOR('',#3348,1.0);
#2680=CARTESIAN_POINT('',(-25.0,-1.530469,-11.425));
#2681=VECTOR('',#3349,1.0);
#2682=CARTESIAN_POINT('',(-24.852181,-1.530469,-10.175));
#2683=CARTESIAN_POINT('',(-24.852181,-1.530469,-9.825));
#2684=CARTESIAN_POINT('',(-24.852181,-1.530469,-3.125));
#2685=VECTOR('',#3350,1.0);
#2686=CARTESIAN_POINT('',(-25.202181,-1.530469,-10.175));
#2687=CARTESIAN_POINT('',(-25.0,-1.530469,-10.175));
#2688=VECTOR('',#3351,1.0);
#2689=CARTESIAN_POINT('',(-25.202181,-1.530469,-9.825));
#2690=CARTESIAN_POINT('',(-25.202181,-1.530469,-3.125));
#2691=VECTOR('',#3352,1.0);
#2692=CARTESIAN_POINT('',(-25.0,-1.530469,-9.825));
#2693=VECTOR('',#3353,1.0);
#2694=CARTESIAN_POINT('',(-25.202181,-1.530469,-12.325));
#2695=CARTESIAN_POINT('',(-25.202181,-1.530469,-12.675));
#2696=CARTESIAN_POINT('',(-25.202181,-1.530469,-3.125));
#2697=VECTOR('',#3354,1.0);
#2698=CARTESIAN_POINT('',(-24.852181,-1.530469,-12.325));
#2699=CARTESIAN_POINT('',(-25.0,-1.530469,-12.325));
#2700=VECTOR('',#3355,1.0);
#2701=CARTESIAN_POINT('',(-24.852181,-1.530469,-12.675));
#2702=CARTESIAN_POINT('',(-24.852181,-1.530469,-3.125));
#2703=VECTOR('',#3356,1.0);
#2704=CARTESIAN_POINT('',(-25.0,-1.530469,-12.675));
#2705=VECTOR('',#3357,1.0);
#2706=CARTESIAN_POINT('',(-24.852181,-3.530469,-16.075));
#2707=CARTESIAN_POINT('',(-24.852181,-3.530469,-16.425));
#2708=CARTESIAN_POINT('',(-24.852181,-3.530469,-16.075));
#2709=VECTOR('',#3358,1.0);
#2710=CARTESIAN_POINT('',(-24.927181,-3.830469,-16.15));
#2711=CARTESIAN_POINT('',(-24.2852558505981,-1.26276840239229,-15.5080748505981));
#2712=VECTOR('',#3359,1.0);
#2713=CARTESIAN_POINT('',(-24.927181,-3.830469,-16.35));
#2714=CARTESIAN_POINT('',(-24.927181,-3.830469,-16.075));
#2715=VECTOR('',#3360,1.0);
#2716=CARTESIAN_POINT('',(-24.2852558505981,-1.26276840239229,-16.9919251494019));
#2717=VECTOR('',#3361,1.0);
#2718=CARTESIAN_POINT('',(-24.852181,-0.230469,-13.925));
#2719=CARTESIAN_POINT('',(-24.852181,-7.26276840239229,-13.925));
#2720=VECTOR('',#3362,1.0);
#2721=CARTESIAN_POINT('',(-25.202181,-0.230469,-13.925));
#2722=CARTESIAN_POINT('',(-25.0,-0.230469,-13.925));
#2723=VECTOR('',#3363,1.0);
#2724=CARTESIAN_POINT('',(-25.202181,4.469531,-13.925));
#2725=VECTOR('',#3364,1.0);
#2726=CARTESIAN_POINT('',(-25.127181,2.169531,-16.15));
#2727=CARTESIAN_POINT('',(-25.202181,1.869531,-16.075));
#2728=CARTESIAN_POINT('',(-25.7691061494019,-0.398169597607712,-15.5080748505981));
#2729=VECTOR('',#3365,1.0);
#2730=CARTESIAN_POINT('',(-25.127181,2.169531,-16.35));
#2731=CARTESIAN_POINT('',(-25.127181,2.169531,-16.075));
#2732=VECTOR('',#3366,1.0);
#2733=CARTESIAN_POINT('',(-25.202181,1.869531,-16.425));
#2734=CARTESIAN_POINT('',(-25.7691061494019,-0.398169597607712,-16.9919251494019));
#2735=VECTOR('',#3367,1.0);
#2736=CARTESIAN_POINT('',(-25.202181,1.869531,-16.075));
#2737=VECTOR('',#3368,1.0);
#2738=CARTESIAN_POINT('',(-24.852181,-0.230469,8.125));
#2739=VECTOR('',#3369,1.0);
#2740=CARTESIAN_POINT('',(-24.852181,1.869531,-13.575));
#2741=VECTOR('',#3370,1.0);
#2742=CARTESIAN_POINT('',(-25.202181,-0.230469,8.125));
#2743=VECTOR('',#3371,1.0);
#2744=CARTESIAN_POINT('',(-25.202181,1.869531,-13.575));
#2745=VECTOR('',#3372,1.0);
#2746=CARTESIAN_POINT('',(-25.0064534779416,-3.530469,-13.575));
#2747=VECTOR('',#3373,1.0);
#2748=CARTESIAN_POINT('',(-23.817181,2.769531,-17.7));
#2749=CARTESIAN_POINT('',(-23.817181,2.769531,-8.55));
#2750=CARTESIAN_POINT('',(-23.817181,2.769531,0.625));
#2751=VECTOR('',#3374,1.0);
#2752=CARTESIAN_POINT('',(-23.817181,-1.03302718598231E-15,-8.55));
#2753=VECTOR('',#3375,1.0);
#2754=CARTESIAN_POINT('',(-23.817181,-6.66133814775094E-16,-17.7));
#2755=VECTOR('',#3376,1.0);
#2756=CARTESIAN_POINT('',(-25.202181,1.869531,-14.825));
#2757=CARTESIAN_POINT('',(-25.0064534779416,1.869531,-14.825));
#2758=VECTOR('',#3377,1.0);
#2759=CARTESIAN_POINT('',(-25.202181,-0.230469,-14.825));
#2760=CARTESIAN_POINT('',(-25.202181,5.10061310858367,-14.825));
#2761=VECTOR('',#3378,1.0);
#2762=CARTESIAN_POINT('',(-25.0,-0.230469,-14.825));
#2763=VECTOR('',#3379,1.0);
#2764=CARTESIAN_POINT('',(-24.927181,-3.830469,-14.9));
#2765=CARTESIAN_POINT('',(-24.2852558505981,-1.26276840239229,-14.2580748505981));
#2766=VECTOR('',#3380,1.0);
#2767=CARTESIAN_POINT('',(-24.927181,-3.830469,-15.1));
#2768=CARTESIAN_POINT('',(-24.927181,-3.830469,-14.825));
#2769=VECTOR('',#3381,1.0);
#2770=CARTESIAN_POINT('',(-24.2852558505981,-1.26276840239229,-15.7419251494019));
#2771=VECTOR('',#3382,1.0);
#2772=CARTESIAN_POINT('',(-25.202181,1.869531,-15.175));
#2773=CARTESIAN_POINT('',(-25.127181,2.169531,-15.1));
#2774=CARTESIAN_POINT('',(-25.7691061494019,-0.398169597607712,-15.7419251494019));
#2775=VECTOR('',#3383,1.0);
#2776=CARTESIAN_POINT('',(-24.927181,2.169531,-15.1));
#2777=CARTESIAN_POINT('',(-25.0064534779416,2.169531,-15.1));
#2778=VECTOR('',#3384,1.0);
#2779=CARTESIAN_POINT('',(-24.2852558505981,-0.398169597607712,-15.7419251494019));
#2780=VECTOR('',#3385,1.0);
#2781=CARTESIAN_POINT('',(-25.0064534779416,1.869531,-15.175));
#2782=VECTOR('',#3386,1.0);
#2783=CARTESIAN_POINT('',(-25.202181,-3.530469,-16.425));
#2784=CARTESIAN_POINT('',(-25.202181,-3.530469,-16.075));
#2785=CARTESIAN_POINT('',(-25.202181,-3.530469,-16.075));
#2786=VECTOR('',#3387,1.0);
#2787=CARTESIAN_POINT('',(-25.127181,-3.830469,-16.35));
#2788=CARTESIAN_POINT('',(-25.7691061494019,-1.26276840239229,-16.9919251494019));
#2789=VECTOR('',#3388,1.0);
#2790=CARTESIAN_POINT('',(-25.127181,-3.830469,-16.15));
#2791=CARTESIAN_POINT('',(-25.127181,-3.830469,-16.075));
#2792=VECTOR('',#3389,1.0);
#2793=CARTESIAN_POINT('',(-25.7691061494019,-1.26276840239229,-15.5080748505981));
#2794=VECTOR('',#3390,1.0);
#2795=CARTESIAN_POINT('',(-24.927181,2.169531,-13.65));
#2796=CARTESIAN_POINT('',(-24.927181,2.169531,-13.575));
#2797=VECTOR('',#3391,1.0);
#2798=CARTESIAN_POINT('',(-24.2852558505981,-0.398169597607712,-13.0080748505981));
#2799=VECTOR('',#3392,1.0);
#2800=CARTESIAN_POINT('',(-25.0064534779416,-3.830469,-15.1));
#2801=VECTOR('',#3393,1.0);
#2802=CARTESIAN_POINT('',(-25.0064534779416,-3.830469,-14.9));
#2803=VECTOR('',#3394,1.0);
#2804=CARTESIAN_POINT('',(-24.927181,2.169531,-14.9));
#2805=CARTESIAN_POINT('',(-24.927181,2.169531,-14.825));
#2806=VECTOR('',#3395,1.0);
#2807=CARTESIAN_POINT('',(-24.2852558505981,-0.398169597607712,-14.2580748505981));
#2808=VECTOR('',#3396,1.0);
#2809=CARTESIAN_POINT('',(-24.852181,-7.26276840239229,-16.425));
#2810=VECTOR('',#3397,1.0);
#2811=CARTESIAN_POINT('',(-24.852181,-0.761551108583667,-16.075));
#2812=VECTOR('',#3398,1.0);
#2813=CARTESIAN_POINT('',(-25.0064534779416,-3.530469,-16.425));
#2814=VECTOR('',#3399,1.0);
#2815=CARTESIAN_POINT('',(-25.202181,4.469531,-16.425));
#2816=VECTOR('',#3400,1.0);
#2817=CARTESIAN_POINT('',(-24.992181,2.769531,-17.7));
#2818=CARTESIAN_POINT('',(-24.892181,2.769531,-17.7));
#2819=VECTOR('',#3401,1.0);
#2820=CARTESIAN_POINT('',(-24.992181,2.769531,-17.2));
#2821=CARTESIAN_POINT('',(-24.992181,2.76953099999987,-23.125));
#2822=VECTOR('',#3402,1.0);
#2823=CARTESIAN_POINT('',(-24.217181,2.769531,-17.2));
#2824=CARTESIAN_POINT('',(-25.0,2.769531,-17.2));
#2825=VECTOR('',#3403,1.0);
#2826=CARTESIAN_POINT('',(-24.217181,2.769531,-9.05));
#2827=CARTESIAN_POINT('',(-24.217181,2.769531,-8.45));
#2828=VECTOR('',#3404,1.0);
#2829=CARTESIAN_POINT('',(-24.992181,2.769531,-9.05));
#2830=CARTESIAN_POINT('',(-25.0,2.769531,-9.05));
#2831=VECTOR('',#3405,1.0);
#2832=CARTESIAN_POINT('',(-24.992181,2.769531,-8.55));
#2833=CARTESIAN_POINT('',(-24.992181,2.76953099999987,-3.125));
#2834=VECTOR('',#3406,1.0);
#2835=CARTESIAN_POINT('',(-24.892181,2.769531,-8.55));
#2836=VECTOR('',#3407,1.0);
#2837=CARTESIAN_POINT('',(-24.927181,2.169531,-16.35));
#2838=CARTESIAN_POINT('',(-24.852181,1.869531,-16.425));
#2839=CARTESIAN_POINT('',(-24.2852558505981,-0.398169597607712,-16.9919251494019));
#2840=VECTOR('',#3408,1.0);
#2841=CARTESIAN_POINT('',(-24.927181,2.169531,-16.15));
#2842=CARTESIAN_POINT('',(-24.927181,2.169531,-16.075));
#2843=VECTOR('',#3409,1.0);
#2844=CARTESIAN_POINT('',(-24.852181,1.869531,-16.075));
#2845=CARTESIAN_POINT('',(-24.2852558505981,-0.398169597607712,-15.5080748505981));
#2846=VECTOR('',#3410,1.0);
#2847=CARTESIAN_POINT('',(-24.852181,1.869531,-16.075));
#2848=VECTOR('',#3411,1.0);
#2849=CARTESIAN_POINT('',(-25.127181,2.169531,-13.65));
#2850=CARTESIAN_POINT('',(-25.7691061494019,-0.398169597607712,-13.0080748505981));
#2851=VECTOR('',#3412,1.0);
#2852=CARTESIAN_POINT('',(-25.127181,2.169531,-13.575));
#2853=VECTOR('',#3413,1.0);
#2854=CARTESIAN_POINT('',(-25.0064534779416,-3.830469,-16.35));
#2855=VECTOR('',#3414,1.0);
#2856=CARTESIAN_POINT('',(-25.0064534779416,-3.830469,-16.15));
#2857=VECTOR('',#3415,1.0);
#2858=CARTESIAN_POINT('',(-25.0064534779416,-3.530469,-16.075));
#2859=VECTOR('',#3416,1.0);
#2860=CARTESIAN_POINT('',(-25.202181,5.10061310858367,-16.075));
#2861=VECTOR('',#3417,1.0);
#2862=CARTESIAN_POINT('',(-25.792181,2.769531,-17.2));
#2863=CARTESIAN_POINT('',(-26.567181,2.769531,-17.2));
#2864=CARTESIAN_POINT('',(-26.567181,2.769531,-17.2));
#2865=VECTOR('',#3418,1.0);
#2866=CARTESIAN_POINT('',(-26.567181,-0.230469000000001,-17.2));
#2867=CARTESIAN_POINT('',(-26.567181,-6.66133814775094E-16,-17.2));
#2868=VECTOR('',#3419,1.0);
#2869=CARTESIAN_POINT('',(-24.217181,-0.230469000000001,-17.2));
#2870=CARTESIAN_POINT('',(-25.0,-0.230469000000001,-17.2));
#2871=VECTOR('',#3420,1.0);
#2872=CARTESIAN_POINT('',(-24.217181,3.17909117054313E-16,-17.2));
#2873=VECTOR('',#3421,1.0);
#2874=CARTESIAN_POINT('',(-24.992181,1.769531,-17.2));
#2875=CARTESIAN_POINT('',(-24.992181,2.23002124633085E-16,-17.2));
#2876=VECTOR('',#3422,1.0);
#2877=CARTESIAN_POINT('',(-25.792181,1.769531,-17.2));
#2878=CARTESIAN_POINT('',(-25.0,1.769531,-17.2));
#2879=VECTOR('',#3423,1.0);
#2880=CARTESIAN_POINT('',(-25.792181,1.25033616327295E-16,-17.2));
#2881=VECTOR('',#3424,1.0);
#2882=CARTESIAN_POINT('',(-25.0064534779416,2.169531,-13.65));
#2883=VECTOR('',#3425,1.0);
#2884=CARTESIAN_POINT('',(-25.202181,5.10061310858367,-14.825));
#2885=VECTOR('',#3426,1.0);
#2886=CARTESIAN_POINT('',(-25.0064534779416,-3.530469,-14.825));
#2887=VECTOR('',#3427,1.0);
#2888=CARTESIAN_POINT('',(-25.127181,2.169531,-14.9));
#2889=CARTESIAN_POINT('',(-25.0064534779416,2.169531,-14.9));
#2890=VECTOR('',#3428,1.0);
#2891=CARTESIAN_POINT('',(-25.127181,2.169531,-14.825));
#2892=VECTOR('',#3429,1.0);
#2893=CARTESIAN_POINT('',(-25.0064534779416,2.169531,-16.15));
#2894=VECTOR('',#3430,1.0);
#2895=CARTESIAN_POINT('',(-25.0064534779416,2.169531,-16.35));
#2896=VECTOR('',#3431,1.0);
#2897=CARTESIAN_POINT('',(-25.0064534779416,1.869531,-16.425));
#2898=VECTOR('',#3432,1.0);
#2899=CARTESIAN_POINT('',(-24.852181,-0.230469,-16.075));
#2900=CARTESIAN_POINT('',(-24.852181,-0.230469,-16.425));
#2901=CARTESIAN_POINT('',(-24.852181,-0.230469,8.125));
#2902=VECTOR('',#3433,1.0);
#2903=CARTESIAN_POINT('',(-24.852181,-7.26276840239229,-16.425));
#2904=VECTOR('',#3434,1.0);
#2905=CARTESIAN_POINT('',(-24.852181,-0.761551108583667,-16.075));
#2906=VECTOR('',#3435,1.0);
#2907=CARTESIAN_POINT('',(-25.7691061494019,-0.398169597607712,-14.2580748505981));
#2908=VECTOR('',#3436,1.0);
#2909=CARTESIAN_POINT('',(-25.0064534779416,1.869531,-16.075));
#2910=VECTOR('',#3437,1.0);
#2911=CARTESIAN_POINT('',(-26.567181,0.969530999999999,-16.725));
#2912=CARTESIAN_POINT('',(-25.0,0.969530999999999,-16.725));
#2913=VECTOR('',#3438,1.0);
#2914=CARTESIAN_POINT('',(-26.567181,2.769531,-16.725));
#2915=CARTESIAN_POINT('',(-26.567181,-6.66133814775094E-16,-16.725));
#2916=VECTOR('',#3439,1.0);
#2917=CARTESIAN_POINT('',(-25.0,2.769531,-16.725));
#2918=VECTOR('',#3440,1.0);
#2919=CARTESIAN_POINT('',(-24.992181,1.769531,-17.7));
#2920=CARTESIAN_POINT('',(-24.992181,-6.66133814775094E-16,-17.7));
#2921=VECTOR('',#3441,1.0);
#2922=CARTESIAN_POINT('',(-24.992181,1.769531,-8.125));
#2923=VECTOR('',#3442,1.0);
#2924=CARTESIAN_POINT('',(-25.202181,-0.230469,-16.425));
#2925=CARTESIAN_POINT('',(-25.0,-0.230469,-16.425));
#2926=VECTOR('',#3443,1.0);
#2927=CARTESIAN_POINT('',(-25.202181,4.469531,-16.425));
#2928=VECTOR('',#3444,1.0);
#2929=CARTESIAN_POINT('',(-25.202181,-0.230469,-16.075));
#2930=CARTESIAN_POINT('',(-25.202181,5.10061310858367,-16.075));
#2931=VECTOR('',#3445,1.0);
#2932=CARTESIAN_POINT('',(-25.0,-0.230469,-16.075));
#2933=VECTOR('',#3446,1.0);
#2934=CARTESIAN_POINT('',(-25.202181,-0.230469,-15.175));
#2935=CARTESIAN_POINT('',(-25.202181,-0.230469,8.125));
#2936=VECTOR('',#3447,1.0);
#2937=CARTESIAN_POINT('',(-25.202181,1.869531,-14.825));
#2938=VECTOR('',#3448,1.0);
#2939=CARTESIAN_POINT('',(-25.202181,4.469531,-15.175));
#2940=VECTOR('',#3449,1.0);
#2941=CARTESIAN_POINT('',(-25.0,-0.230469,-15.175));
#2942=VECTOR('',#3450,1.0);
#2943=CARTESIAN_POINT('',(-25.202181,-0.230469,-12.675));
#2944=CARTESIAN_POINT('',(-25.202181,-0.230469,-12.325));
#2945=CARTESIAN_POINT('',(-25.202181,-0.230469,-3.125));
#2946=VECTOR('',#3451,1.0);
#2947=CARTESIAN_POINT('',(-25.202181,1.869531,-12.325));
#2948=CARTESIAN_POINT('',(-25.202181,5.10061310858367,-12.325));
#2949=VECTOR('',#3452,1.0);
#2950=CARTESIAN_POINT('',(-25.202181,1.869531,-12.675));
#2951=CARTESIAN_POINT('',(-25.202181,1.869531,-12.325));
#2952=VECTOR('',#3453,1.0);
#2953=CARTESIAN_POINT('',(-25.202181,4.469531,-12.675));
#2954=VECTOR('',#3454,1.0);
#2955=CARTESIAN_POINT('',(-24.927181,-3.830469,-13.65));
#2956=CARTESIAN_POINT('',(-25.127181,-3.830469,-13.65));
#2957=CARTESIAN_POINT('',(-25.0064534779416,-3.830469,-13.65));
#2958=VECTOR('',#3455,1.0);
#2959=CARTESIAN_POINT('',(-24.2852558505981,-1.26276840239229,-13.0080748505981));
#2960=VECTOR('',#3456,1.0);
#2961=CARTESIAN_POINT('',(-25.7691061494019,-1.26276840239229,-13.0080748505981));
#2962=VECTOR('',#3457,1.0);
#2963=CARTESIAN_POINT('',(-24.992181,1.769531,-8.55));
#2964=CARTESIAN_POINT('',(-25.0,1.769531,-8.55));
#2965=VECTOR('',#3458,1.0);
#2966=CARTESIAN_POINT('',(-24.992181,1.769531,-9.05));
#2967=CARTESIAN_POINT('',(-24.992181,1.769531,-18.125));
#2968=VECTOR('',#3459,1.0);
#2969=CARTESIAN_POINT('',(-25.0,1.769531,-9.05));
#2970=VECTOR('',#3460,1.0);
#2971=CARTESIAN_POINT('',(-26.567181,-0.230469000000001,-9.05));
#2972=CARTESIAN_POINT('',(-26.567181,-0.230469,-13.125));
#2973=VECTOR('',#3461,1.0);
#2974=CARTESIAN_POINT('',(-26.567181,2.769531,-17.2));
#2975=VECTOR('',#3462,1.0);
#2976=CARTESIAN_POINT('',(-26.567181,0.969530999999999,-9.525));
#2977=CARTESIAN_POINT('',(-26.567181,0.969530999999999,-14.375));
#2978=VECTOR('',#3463,1.0);
#2979=CARTESIAN_POINT('',(-26.567181,2.769531,-9.525));
#2980=CARTESIAN_POINT('',(-26.567181,-6.96260438681155E-16,-9.525));
#2981=VECTOR('',#3464,1.0);
#2982=CARTESIAN_POINT('',(-26.567181,2.769531,-9.05));
#2983=CARTESIAN_POINT('',(-26.567181,2.769531,-9.05));
#2984=VECTOR('',#3465,1.0);
#2985=CARTESIAN_POINT('',(-26.567181,-6.96260438681155E-16,-9.05));
#2986=VECTOR('',#3466,1.0);
#2987=CARTESIAN_POINT('',(-25.792181,2.769531,-17.7));
#2988=CARTESIAN_POINT('',(-25.792181,2.769531,-17.7));
#2989=VECTOR('',#3467,1.0);
#2990=CARTESIAN_POINT('',(-25.0,2.769531,-17.7));
#2991=VECTOR('',#3468,1.0);
#2992=CARTESIAN_POINT('',(-25.792181,1.769531,-17.7));
#2993=CARTESIAN_POINT('',(-25.0,1.769531,-17.7));
#2994=VECTOR('',#3469,1.0);
#2995=CARTESIAN_POINT('',(-25.792181,1.769531,-8.125));
#2996=VECTOR('',#3470,1.0);
#2997=CARTESIAN_POINT('',(-25.792181,2.769531,-17.7));
#2998=VECTOR('',#3471,1.0);
#2999=CARTESIAN_POINT('',(-25.127181,-3.830469,-13.575));
#3000=VECTOR('',#3472,1.0);
#3001=CARTESIAN_POINT('',(-24.927181,-3.830469,-13.575));
#3002=VECTOR('',#3473,1.0);
#3003=CARTESIAN_POINT('',(-25.202181,-0.230469,8.125));
#3004=VECTOR('',#3474,1.0);
#3005=CARTESIAN_POINT('',(-24.992181,-8.89135939408179E-16,-8.55));
#3006=VECTOR('',#3475,1.0);
#3007=CARTESIAN_POINT('',(-25.0,2.769531,-8.55));
#3008=VECTOR('',#3476,1.0);
#3009=CARTESIAN_POINT('',(-24.992181,0.0,-9.05));
#3010=VECTOR('',#3477,1.0);
#3011=CARTESIAN_POINT('',(-24.217181,-0.230469000000001,-9.05));
#3012=CARTESIAN_POINT('',(-24.217181,0.0,-9.05));
#3013=VECTOR('',#3478,1.0);
#3014=CARTESIAN_POINT('',(-25.0,-0.230469000000001,-9.05));
#3015=VECTOR('',#3479,1.0);
#3016=CARTESIAN_POINT('',(-26.567181,2.769531,-9.05));
#3017=VECTOR('',#3480,1.0);
#3018=CARTESIAN_POINT('',(-24.217181,-0.230469000000001,-26.875));
#3019=VECTOR('',#3481,1.0);
#3020=CARTESIAN_POINT('',(-24.852181,-0.230469,-12.675));
#3021=CARTESIAN_POINT('',(-24.852181,1.869531,-12.675));
#3022=CARTESIAN_POINT('',(-24.852181,-7.26276840239229,-12.675));
#3023=VECTOR('',#3482,1.0);
#3024=CARTESIAN_POINT('',(-25.0,-0.230469,-12.675));
#3025=VECTOR('',#3483,1.0);
#3026=CARTESIAN_POINT('',(-25.0064534779416,1.869531,-12.675));
#3027=VECTOR('',#3484,1.0);
#3028=CARTESIAN_POINT('',(-25.127181,2.169531,-12.4));
#3029=CARTESIAN_POINT('',(-25.7691061494019,-0.398169597607712,-11.7580748505981));
#3030=VECTOR('',#3485,1.0);
#3031=CARTESIAN_POINT('',(-25.127181,2.169531,-12.6));
#3032=CARTESIAN_POINT('',(-25.127181,2.169531,-12.325));
#3033=VECTOR('',#3486,1.0);
#3034=CARTESIAN_POINT('',(-25.7691061494019,-0.398169597607712,-13.2419251494019));
#3035=VECTOR('',#3487,1.0);
#3036=CARTESIAN_POINT('',(-25.127181,-3.830469,-11.15));
#3037=CARTESIAN_POINT('',(-25.127181,-3.830469,-11.35));
#3038=CARTESIAN_POINT('',(-25.127181,-3.830469,-11.075));
#3039=VECTOR('',#3488,1.0);
#3040=CARTESIAN_POINT('',(-24.927181,-3.830469,-11.35));
#3041=CARTESIAN_POINT('',(-25.0064534779416,-3.830469,-11.35));
#3042=VECTOR('',#3489,1.0);
#3043=CARTESIAN_POINT('',(-24.927181,-3.830469,-11.15));
#3044=CARTESIAN_POINT('',(-24.927181,-3.830469,-11.075));
#3045=VECTOR('',#3490,1.0);
#3046=CARTESIAN_POINT('',(-25.0064534779416,-3.830469,-11.15));
#3047=VECTOR('',#3491,1.0);
#3048=CARTESIAN_POINT('',(-25.202181,-3.530469,-11.075));
#3049=CARTESIAN_POINT('',(-25.202181,5.10061310858367,-11.075));
#3050=VECTOR('',#3492,1.0);
#3051=CARTESIAN_POINT('',(-25.202181,-3.530469,-11.425));
#3052=CARTESIAN_POINT('',(-25.202181,4.469531,-11.425));
#3053=VECTOR('',#3493,1.0);
#3054=CARTESIAN_POINT('',(-25.202181,-3.530469,-11.075));
#3055=VECTOR('',#3494,1.0);
#3056=CARTESIAN_POINT('',(-24.852181,-3.530469,-11.075));
#3057=CARTESIAN_POINT('',(-25.0064534779416,-3.530469,-11.075));
#3058=VECTOR('',#3495,1.0);
#3059=CARTESIAN_POINT('',(-24.852181,-0.761551108583667,-11.075));
#3060=VECTOR('',#3496,1.0);
#3061=CARTESIAN_POINT('',(-24.2852558505981,-1.26276840239229,-10.5080748505981));
#3062=VECTOR('',#3497,1.0);
#3063=CARTESIAN_POINT('',(-25.7691061494019,-1.26276840239229,-10.5080748505981));
#3064=VECTOR('',#3498,1.0);
#3065=CARTESIAN_POINT('',(-24.852181,-3.530469,-11.425));
#3066=CARTESIAN_POINT('',(-25.0064534779416,-3.530469,-11.425));
#3067=VECTOR('',#3499,1.0);
#3068=CARTESIAN_POINT('',(-24.2852558505981,-1.26276840239229,-11.9919251494019));
#3069=VECTOR('',#3500,1.0);
#3070=CARTESIAN_POINT('',(-25.7691061494019,-1.26276840239229,-11.9919251494019));
#3071=VECTOR('',#3501,1.0);
#3072=CARTESIAN_POINT('',(-24.852181,-3.530469,-11.075));
#3073=VECTOR('',#3502,1.0);
#3074=CARTESIAN_POINT('',(-24.852181,-7.26276840239229,-11.425));
#3075=VECTOR('',#3503,1.0);
#3076=CARTESIAN_POINT('',(-24.852181,-3.530469,-10.175));
#3077=CARTESIAN_POINT('',(-24.852181,-7.26276840239229,-10.175));
#3078=VECTOR('',#3504,1.0);
#3079=CARTESIAN_POINT('',(-25.202181,-3.530469,-10.175));
#3080=CARTESIAN_POINT('',(-25.0064534779416,-3.530469,-10.175));
#3081=VECTOR('',#3505,1.0);
#3082=CARTESIAN_POINT('',(-25.202181,4.469531,-10.175));
#3083=VECTOR('',#3506,1.0);
#3084=CARTESIAN_POINT('',(-24.852181,-3.530469,-9.825));
#3085=CARTESIAN_POINT('',(-24.852181,-3.530469,-9.825));
#3086=VECTOR('',#3507,1.0);
#3087=CARTESIAN_POINT('',(-24.852181,-0.761551108583667,-9.825));
#3088=VECTOR('',#3508,1.0);
#3089=CARTESIAN_POINT('',(-24.927181,-3.830469,-10.1));
#3090=CARTESIAN_POINT('',(-24.2852558505981,-1.26276840239229,-10.7419251494019));
#3091=VECTOR('',#3509,1.0);
#3092=CARTESIAN_POINT('',(-25.127181,-3.830469,-10.1));
#3093=CARTESIAN_POINT('',(-25.0064534779416,-3.830469,-10.1));
#3094=VECTOR('',#3510,1.0);
#3095=CARTESIAN_POINT('',(-25.7691061494019,-1.26276840239229,-10.7419251494019));
#3096=VECTOR('',#3511,1.0);
#3097=CARTESIAN_POINT('',(-24.927181,-3.830469,-9.9));
#3098=CARTESIAN_POINT('',(-24.2852558505981,-1.26276840239229,-9.25807485059807));
#3099=VECTOR('',#3512,1.0);
#3100=CARTESIAN_POINT('',(-24.927181,-3.830469,-9.825));
#3101=VECTOR('',#3513,1.0);
#3102=CARTESIAN_POINT('',(-25.127181,-3.830469,-9.9));
#3103=CARTESIAN_POINT('',(-25.127181,-3.830469,-9.825));
#3104=VECTOR('',#3514,1.0);
#3105=CARTESIAN_POINT('',(-25.0064534779416,-3.830469,-9.9));
#3106=VECTOR('',#3515,1.0);
#3107=CARTESIAN_POINT('',(-25.202181,-3.530469,-9.825));
#3108=CARTESIAN_POINT('',(-25.202181,-3.530469,-9.825));
#3109=VECTOR('',#3516,1.0);
#3110=CARTESIAN_POINT('',(-25.7691061494019,-1.26276840239229,-9.25807485059807));
#3111=VECTOR('',#3517,1.0);
#3112=CARTESIAN_POINT('',(-25.0064534779416,-3.530469,-9.825));
#3113=VECTOR('',#3518,1.0);
#3114=CARTESIAN_POINT('',(-25.202181,5.10061310858367,-9.825));
#3115=VECTOR('',#3519,1.0);
#3116=CARTESIAN_POINT('',(-25.127181,-3.830469,-12.4));
#3117=CARTESIAN_POINT('',(-25.127181,-3.830469,-12.6));
#3118=CARTESIAN_POINT('',(-25.127181,-3.830469,-12.325));
#3119=VECTOR('',#3520,1.0);
#3120=CARTESIAN_POINT('',(-24.927181,-3.830469,-12.6));
#3121=CARTESIAN_POINT('',(-25.0064534779416,-3.830469,-12.6));
#3122=VECTOR('',#3521,1.0);
#3123=CARTESIAN_POINT('',(-24.927181,-3.830469,-12.4));
#3124=CARTESIAN_POINT('',(-24.927181,-3.830469,-12.325));
#3125=VECTOR('',#3522,1.0);
#3126=CARTESIAN_POINT('',(-25.0064534779416,-3.830469,-12.4));
#3127=VECTOR('',#3523,1.0);
#3128=CARTESIAN_POINT('',(-25.202181,-3.530469,-12.325));
#3129=CARTESIAN_POINT('',(-25.202181,5.10061310858367,-12.325));
#3130=VECTOR('',#3524,1.0);
#3131=CARTESIAN_POINT('',(-25.202181,-3.530469,-12.675));
#3132=CARTESIAN_POINT('',(-25.202181,4.469531,-12.675));
#3133=VECTOR('',#3525,1.0);
#3134=CARTESIAN_POINT('',(-25.202181,-3.530469,-12.325));
#3135=VECTOR('',#3526,1.0);
#3136=CARTESIAN_POINT('',(-24.852181,-3.530469,-12.325));
#3137=CARTESIAN_POINT('',(-25.0064534779416,-3.530469,-12.325));
#3138=VECTOR('',#3527,1.0);
#3139=CARTESIAN_POINT('',(-24.852181,-0.761551108583667,-12.325));
#3140=VECTOR('',#3528,1.0);
#3141=CARTESIAN_POINT('',(-24.2852558505981,-1.26276840239229,-11.7580748505981));
#3142=VECTOR('',#3529,1.0);
#3143=CARTESIAN_POINT('',(-25.7691061494019,-1.26276840239229,-11.7580748505981));
#3144=VECTOR('',#3530,1.0);
#3145=CARTESIAN_POINT('',(-24.852181,-3.530469,-12.675));
#3146=CARTESIAN_POINT('',(-25.0064534779416,-3.530469,-12.675));
#3147=VECTOR('',#3531,1.0);
#3148=CARTESIAN_POINT('',(-24.2852558505981,-1.26276840239229,-13.2419251494019));
#3149=VECTOR('',#3532,1.0);
#3150=CARTESIAN_POINT('',(-25.7691061494019,-1.26276840239229,-13.2419251494019));
#3151=VECTOR('',#3533,1.0);
#3152=CARTESIAN_POINT('',(-24.852181,-3.530469,-12.325));
#3153=VECTOR('',#3534,1.0);
#3154=CARTESIAN_POINT('',(-24.852181,-7.26276840239229,-12.675));
#3155=VECTOR('',#3535,1.0);
#3156=CARTESIAN_POINT('',(-25.0,2.769531,-9.525));
#3157=VECTOR('',#3536,1.0);
#3158=CARTESIAN_POINT('',(-24.927181,2.169531,-12.6));
#3159=CARTESIAN_POINT('',(-24.2852558505981,-0.398169597607712,-13.2419251494019));
#3160=VECTOR('',#3537,1.0);
#3161=CARTESIAN_POINT('',(-24.927181,2.169531,-12.4));
#3162=CARTESIAN_POINT('',(-24.927181,2.169531,-12.325));
#3163=VECTOR('',#3538,1.0);
#3164=CARTESIAN_POINT('',(-24.852181,1.869531,-12.325));
#3165=CARTESIAN_POINT('',(-24.2852558505981,-0.398169597607712,-11.7580748505981));
#3166=VECTOR('',#3539,1.0);
#3167=CARTESIAN_POINT('',(-24.852181,1.869531,-12.325));
#3168=VECTOR('',#3540,1.0);
#3169=CARTESIAN_POINT('',(-25.0,0.969530999999999,-9.525));
#3170=VECTOR('',#3541,1.0);
#3171=CARTESIAN_POINT('',(-24.852181,-0.230469,-11.075));
#3172=CARTESIAN_POINT('',(-24.852181,-0.230469,-11.425));
#3173=CARTESIAN_POINT('',(-24.852181,-0.230469,-3.125));
#3174=VECTOR('',#3542,1.0);
#3175=CARTESIAN_POINT('',(-25.202181,-0.230469,-11.075));
#3176=CARTESIAN_POINT('',(-25.0,-0.230469,-11.075));
#3177=VECTOR('',#3543,1.0);
#3178=CARTESIAN_POINT('',(-25.202181,-0.230469,-11.425));
#3179=CARTESIAN_POINT('',(-25.202181,-0.230469,-3.125));
#3180=VECTOR('',#3544,1.0);
#3181=CARTESIAN_POINT('',(-25.0,-0.230469,-11.425));
#3182=VECTOR('',#3545,1.0);
#3183=CARTESIAN_POINT('',(-24.852181,-0.230469,-9.825));
#3184=CARTESIAN_POINT('',(-24.852181,-0.230469,-10.175));
#3185=CARTESIAN_POINT('',(-24.852181,-0.230469,-3.125));
#3186=VECTOR('',#3546,1.0);
#3187=CARTESIAN_POINT('',(-25.202181,-0.230469,-9.825));
#3188=CARTESIAN_POINT('',(-25.0,-0.230469,-9.825));
#3189=VECTOR('',#3547,1.0);
#3190=CARTESIAN_POINT('',(-25.202181,-0.230469,-10.175));
#3191=CARTESIAN_POINT('',(-25.202181,-0.230469,-3.125));
#3192=VECTOR('',#3548,1.0);
#3193=CARTESIAN_POINT('',(-25.0,-0.230469,-10.175));
#3194=VECTOR('',#3549,1.0);
#3195=CARTESIAN_POINT('',(-24.852181,-0.230469,-12.325));
#3196=CARTESIAN_POINT('',(-24.852181,-0.230469,-3.125));
#3197=VECTOR('',#3550,1.0);
#3198=CARTESIAN_POINT('',(-25.0,-0.230469,-12.325));
#3199=VECTOR('',#3551,1.0);
#3200=CARTESIAN_POINT('',(-24.927181,2.169531,-11.15));
#3201=CARTESIAN_POINT('',(-25.127181,2.169531,-11.15));
#3202=CARTESIAN_POINT('',(-25.0064534779416,2.169531,-11.15));
#3203=VECTOR('',#3552,1.0);
#3204=CARTESIAN_POINT('',(-24.927181,2.169531,-11.35));
#3205=CARTESIAN_POINT('',(-24.927181,2.169531,-11.075));
#3206=VECTOR('',#3553,1.0);
#3207=CARTESIAN_POINT('',(-25.127181,2.169531,-11.35));
#3208=CARTESIAN_POINT('',(-25.0064534779416,2.169531,-11.35));
#3209=VECTOR('',#3554,1.0);
#3210=CARTESIAN_POINT('',(-25.127181,2.169531,-11.075));
#3211=VECTOR('',#3555,1.0);
#3212=CARTESIAN_POINT('',(-24.852181,1.869531,-11.425));
#3213=CARTESIAN_POINT('',(-24.852181,-7.26276840239229,-11.425));
#3214=VECTOR('',#3556,1.0);
#3215=CARTESIAN_POINT('',(-24.852181,1.869531,-11.075));
#3216=CARTESIAN_POINT('',(-24.852181,1.869531,-11.075));
#3217=VECTOR('',#3557,1.0);
#3218=CARTESIAN_POINT('',(-24.852181,-0.761551108583667,-11.075));
#3219=VECTOR('',#3558,1.0);
#3220=CARTESIAN_POINT('',(-25.202181,1.869531,-11.075));
#3221=CARTESIAN_POINT('',(-25.0064534779416,1.869531,-11.075));
#3222=VECTOR('',#3559,1.0);
#3223=CARTESIAN_POINT('',(-25.202181,5.10061310858367,-11.075));
#3224=VECTOR('',#3560,1.0);
#3225=CARTESIAN_POINT('',(-25.7691061494019,-0.398169597607712,-10.5080748505981));
#3226=VECTOR('',#3561,1.0);
#3227=CARTESIAN_POINT('',(-24.2852558505981,-0.398169597607712,-10.5080748505981));
#3228=VECTOR('',#3562,1.0);
#3229=CARTESIAN_POINT('',(-25.202181,1.869531,-11.425));
#3230=CARTESIAN_POINT('',(-25.7691061494019,-0.398169597607712,-11.9919251494019));
#3231=VECTOR('',#3563,1.0);
#3232=CARTESIAN_POINT('',(-24.2852558505981,-0.398169597607712,-11.9919251494019));
#3233=VECTOR('',#3564,1.0);
#3234=CARTESIAN_POINT('',(-25.0064534779416,1.869531,-11.425));
#3235=VECTOR('',#3565,1.0);
#3236=CARTESIAN_POINT('',(-25.202181,1.869531,-11.075));
#3237=VECTOR('',#3566,1.0);
#3238=CARTESIAN_POINT('',(-25.202181,4.469531,-11.425));
#3239=VECTOR('',#3567,1.0);
#3240=CARTESIAN_POINT('',(-24.927181,2.169531,-9.9));
#3241=CARTESIAN_POINT('',(-25.127181,2.169531,-9.9));
#3242=CARTESIAN_POINT('',(-25.0064534779416,2.169531,-9.9));
#3243=VECTOR('',#3568,1.0);
#3244=CARTESIAN_POINT('',(-24.927181,2.169531,-10.1));
#3245=CARTESIAN_POINT('',(-24.927181,2.169531,-9.825));
#3246=VECTOR('',#3569,1.0);
#3247=CARTESIAN_POINT('',(-25.127181,2.169531,-10.1));
#3248=CARTESIAN_POINT('',(-25.0064534779416,2.169531,-10.1));
#3249=VECTOR('',#3570,1.0);
#3250=CARTESIAN_POINT('',(-25.127181,2.169531,-9.825));
#3251=VECTOR('',#3571,1.0);
#3252=CARTESIAN_POINT('',(-24.852181,1.869531,-10.175));
#3253=CARTESIAN_POINT('',(-24.852181,-7.26276840239229,-10.175));
#3254=VECTOR('',#3572,1.0);
#3255=CARTESIAN_POINT('',(-24.852181,1.869531,-9.825));
#3256=CARTESIAN_POINT('',(-24.852181,1.869531,-9.825));
#3257=VECTOR('',#3573,1.0);
#3258=CARTESIAN_POINT('',(-24.852181,-0.761551108583667,-9.825));
#3259=VECTOR('',#3574,1.0);
#3260=CARTESIAN_POINT('',(-25.202181,1.869531,-9.825));
#3261=CARTESIAN_POINT('',(-25.0064534779416,1.869531,-9.825));
#3262=VECTOR('',#3575,1.0);
#3263=CARTESIAN_POINT('',(-25.202181,5.10061310858367,-9.825));
#3264=VECTOR('',#3576,1.0);
#3265=CARTESIAN_POINT('',(-25.7691061494019,-0.398169597607712,-9.25807485059807));
#3266=VECTOR('',#3577,1.0);
#3267=CARTESIAN_POINT('',(-24.2852558505981,-0.398169597607712,-9.25807485059807));
#3268=VECTOR('',#3578,1.0);
#3269=CARTESIAN_POINT('',(-25.202181,1.869531,-10.175));
#3270=CARTESIAN_POINT('',(-25.7691061494019,-0.398169597607712,-10.7419251494019));
#3271=VECTOR('',#3579,1.0);
#3272=CARTESIAN_POINT('',(-24.2852558505981,-0.398169597607712,-10.7419251494019));
#3273=VECTOR('',#3580,1.0);
#3274=CARTESIAN_POINT('',(-25.0064534779416,1.869531,-10.175));
#3275=VECTOR('',#3581,1.0);
#3276=CARTESIAN_POINT('',(-25.202181,1.869531,-9.825));
#3277=VECTOR('',#3582,1.0);
#3278=CARTESIAN_POINT('',(-25.202181,4.469531,-10.175));
#3279=VECTOR('',#3583,1.0);
#3280=CARTESIAN_POINT('',(-25.0064534779416,2.169531,-12.4));
#3281=VECTOR('',#3584,1.0);
#3282=CARTESIAN_POINT('',(-25.0064534779416,2.169531,-12.6));
#3283=VECTOR('',#3585,1.0);
#3284=CARTESIAN_POINT('',(-24.852181,-0.761551108583667,-12.325));
#3285=VECTOR('',#3586,1.0);
#3286=CARTESIAN_POINT('',(-25.0064534779416,1.869531,-12.325));
#3287=VECTOR('',#3587,1.0);
#3288=DIRECTION('',(1.0,1.22460635382238E-16,0.0));
#3289=DIRECTION('',(2.31296463463574E-17,1.0,0.0));
#3290=DIRECTION('',(1.0,-2.31296463463574E-17,0.0));
#3291=DIRECTION('',(0.0,-1.0,0.0));
#3292=DIRECTION('',(0.0,0.0,-1.0));
#3293=DIRECTION('',(2.31296463463574E-17,1.0,0.0));
#3294=DIRECTION('',(0.0,0.0,1.0));
#3295=DIRECTION('',(0.0,1.0,0.0));
#3296=DIRECTION('',(0.0,0.0,1.0));
#3297=DIRECTION('',(-1.22460635382238E-16,1.0,0.0));
#3298=DIRECTION('',(0.0,0.0,1.0));
#3299=DIRECTION('',(-1.22460635382238E-16,1.0,0.0));
#3300=DIRECTION('',(0.0,0.0,-1.0));
#3301=DIRECTION('',(0.0,1.0,0.0));
#3302=DIRECTION('',(0.0,0.0,-1.0));
#3303=DIRECTION('',(0.0,1.0,0.0));
#3304=DIRECTION('',(0.0,0.0,-1.0));
#3305=DIRECTION('',(2.31296463463574E-17,1.0,0.0));
#3306=DIRECTION('',(0.0,0.0,-1.0));
#3307=DIRECTION('',(0.0,1.0,0.0));
#3308=DIRECTION('',(0.0,-1.0,0.0));
#3309=DIRECTION('',(0.0,0.0,-1.0));
#3310=DIRECTION('',(0.0,-1.0,0.0));
#3311=DIRECTION('',(0.0,0.0,1.0));
#3312=DIRECTION('',(0.0,0.0,-1.0));
#3313=DIRECTION('',(0.0,0.0,1.0));
#3314=DIRECTION('',(0.0,1.0,0.0));
#3315=DIRECTION('',(0.235702260395516,0.942809041582063,0.235702260395516));
#3316=DIRECTION('',(-1.0,0.0,5.78241158658936E-18));
#3317=DIRECTION('',(0.235702260395516,-0.942809041582063,-0.235702260395516));
#3318=DIRECTION('',(1.0,2.31296463463574E-17,0.0));
#3319=DIRECTION('',(0.0,-1.0,0.0));
#3320=DIRECTION('',(0.0,0.0,-1.0));
#3321=DIRECTION('',(0.0,-1.0,0.0));
#3322=DIRECTION('',(0.0,0.0,1.0));
#3323=DIRECTION('',(0.0,0.0,1.0));
#3324=DIRECTION('',(0.235702260395516,-0.942809041582063,0.235702260395516));
#3325=DIRECTION('',(0.0,0.0,-1.0));
#3326=DIRECTION('',(-0.235702260395516,0.942809041582063,0.235702260395516));
#3327=DIRECTION('',(0.0,1.0,0.0));
#3328=DIRECTION('',(1.0,2.31296463463574E-17,0.0));
#3329=DIRECTION('',(0.0,-1.0,0.0));
#3330=DIRECTION('',(-1.0,-2.44921270764475E-16,0.0));
#3331=DIRECTION('',(1.0,-2.31296463463574E-17,0.0));
#3332=DIRECTION('',(0.235702260395516,0.942809041582063,-0.235702260395516));
#3333=DIRECTION('',(-1.0,0.0,5.78241158658936E-18));
#3334=DIRECTION('',(0.235702260395516,-0.942809041582063,0.235702260395516));
#3335=DIRECTION('',(1.0,0.0,0.0));
#3336=DIRECTION('',(0.0,0.0,1.0));
#3337=DIRECTION('',(1.0,-1.22460635382238E-16,0.0));
#3338=DIRECTION('',(0.0,0.0,-1.0));
#3339=DIRECTION('',(1.0,1.22460635382238E-16,0.0));
#3340=DIRECTION('',(0.0,0.0,1.0));
#3341=DIRECTION('',(1.0,1.22460635382238E-16,0.0));
#3342=DIRECTION('',(0.0,0.0,-1.0));
#3343=DIRECTION('',(1.0,1.22460635382238E-16,0.0));
#3344=DIRECTION('',(1.0,1.22460635382238E-16,0.0));
#3345=DIRECTION('',(1.0,1.22460635382238E-16,0.0));
#3346=DIRECTION('',(0.0,0.0,-1.0));
#3347=DIRECTION('',(1.0,1.22460635382238E-16,0.0));
#3348=DIRECTION('',(0.0,0.0,1.0));
#3349=DIRECTION('',(1.0,1.22460635382238E-16,0.0));
#3350=DIRECTION('',(0.0,0.0,1.0));
#3351=DIRECTION('',(1.0,1.22460635382238E-16,0.0));
#3352=DIRECTION('',(0.0,0.0,-1.0));
#3353=DIRECTION('',(1.0,1.22460635382238E-16,0.0));
#3354=DIRECTION('',(0.0,0.0,-1.0));
#3355=DIRECTION('',(1.0,1.22460635382238E-16,0.0));
#3356=DIRECTION('',(0.0,0.0,1.0));
#3357=DIRECTION('',(1.0,1.22460635382238E-16,0.0));
#3358=DIRECTION('',(0.0,0.0,-1.0));
#3359=DIRECTION('',(-0.235702260395516,-0.942809041582063,-0.235702260395516));
#3360=DIRECTION('',(0.0,0.0,1.0));
#3361=DIRECTION('',(0.235702260395516,0.942809041582063,-0.235702260395516));
#3362=DIRECTION('',(2.31296463463574E-17,1.0,0.0));
#3363=DIRECTION('',(-1.0,-2.44921270764475E-16,0.0));
#3364=DIRECTION('',(0.0,-1.0,0.0));
#3365=DIRECTION('',(-0.235702260395516,-0.942809041582063,0.235702260395516));
#3366=DIRECTION('',(0.0,0.0,-1.0));
#3367=DIRECTION('',(0.235702260395516,0.942809041582063,0.235702260395516));
#3368=DIRECTION('',(0.0,0.0,1.0));
#3369=DIRECTION('',(0.0,0.0,-1.0));
#3370=DIRECTION('',(0.0,0.0,-1.0));
#3371=DIRECTION('',(0.0,0.0,1.0));
#3372=DIRECTION('',(0.0,0.0,1.0));
#3373=DIRECTION('',(1.0,-2.31296463463574E-17,0.0));
#3374=DIRECTION('',(0.0,0.0,1.0));
#3375=DIRECTION('',(1.22460635382238E-16,1.0,0.0));
#3376=DIRECTION('',(0.0,1.0,0.0));
#3377=DIRECTION('',(1.0,2.31296463463574E-17,0.0));
#3378=DIRECTION('',(0.0,-1.0,0.0));
#3379=DIRECTION('',(-1.0,-2.44921270764475E-16,0.0));
#3380=DIRECTION('',(-0.235702260395516,-0.942809041582063,-0.235702260395516));
#3381=DIRECTION('',(0.0,0.0,1.0));
#3382=DIRECTION('',(0.235702260395516,0.942809041582063,-0.235702260395516));
#3383=DIRECTION('',(0.235702260395516,0.942809041582063,0.235702260395516));
#3384=DIRECTION('',(-1.0,0.0,5.78241158658936E-18));
#3385=DIRECTION('',(0.235702260395516,-0.942809041582063,-0.235702260395516));
#3386=DIRECTION('',(1.0,2.31296463463574E-17,0.0));
#3387=DIRECTION('',(0.0,0.0,1.0));
#3388=DIRECTION('',(0.235702260395516,-0.942809041582063,0.235702260395516));
#3389=DIRECTION('',(0.0,0.0,-1.0));
#3390=DIRECTION('',(-0.235702260395516,0.942809041582063,0.235702260395516));
#3391=DIRECTION('',(0.0,0.0,1.0));
#3392=DIRECTION('',(-0.235702260395516,0.942809041582063,-0.235702260395516));
#3393=DIRECTION('',(-1.0,0.0,5.78241158658936E-18));
#3394=DIRECTION('',(-1.0,0.0,-5.78241158658936E-18));
#3395=DIRECTION('',(0.0,0.0,1.0));
#3396=DIRECTION('',(-0.235702260395516,0.942809041582063,-0.235702260395516));
#3397=DIRECTION('',(2.31296463463574E-17,1.0,0.0));
#3398=DIRECTION('',(0.0,1.0,0.0));
#3399=DIRECTION('',(1.0,-2.31296463463574E-17,0.0));
#3400=DIRECTION('',(0.0,-1.0,0.0));
#3401=DIRECTION('',(-1.0,-1.22460635382238E-16,0.0));
#3402=DIRECTION('',(2.71917234023169E-30,-2.22044604925028E-14,-1.0));
#3403=DIRECTION('',(1.0,1.22460635382238E-16,0.0));
#3404=DIRECTION('',(0.0,0.0,1.0));
#3405=DIRECTION('',(1.0,0.0,0.0));
#3406=DIRECTION('',(0.0,-2.22044604925028E-14,1.0));
#3407=DIRECTION('',(-1.0,0.0,0.0));
#3408=DIRECTION('',(0.235702260395516,-0.942809041582063,-0.235702260395516));
#3409=DIRECTION('',(0.0,0.0,1.0));
#3410=DIRECTION('',(-0.235702260395516,0.942809041582063,-0.235702260395516));
#3411=DIRECTION('',(0.0,0.0,-1.0));
#3412=DIRECTION('',(-0.235702260395516,-0.942809041582063,0.235702260395516));
#3413=DIRECTION('',(0.0,0.0,-1.0));
#3414=DIRECTION('',(-1.0,0.0,5.78241158658936E-18));
#3415=DIRECTION('',(-1.0,0.0,-5.78241158658936E-18));
#3416=DIRECTION('',(1.0,-2.31296463463574E-17,0.0));
#3417=DIRECTION('',(0.0,-1.0,0.0));
#3418=DIRECTION('',(-1.0,-1.22460635382238E-16,0.0));
#3419=DIRECTION('',(0.0,1.0,0.0));
#3420=DIRECTION('',(-1.0,0.0,0.0));
#3421=DIRECTION('',(1.76411077586202E-14,1.0,0.0));
#3422=DIRECTION('',(-1.22460635382238E-16,1.0,0.0));
#3423=DIRECTION('',(1.0,0.0,0.0));
#3424=DIRECTION('',(1.22460635382238E-16,-1.0,0.0));
#3425=DIRECTION('',(-1.0,0.0,-5.78241158658936E-18));
#3426=DIRECTION('',(0.0,-1.0,0.0));
#3427=DIRECTION('',(1.0,-2.31296463463574E-17,0.0));
#3428=DIRECTION('',(-1.0,0.0,-5.78241158658936E-18));
#3429=DIRECTION('',(0.0,0.0,-1.0));
#3430=DIRECTION('',(-1.0,0.0,-5.78241158658936E-18));
#3431=DIRECTION('',(-1.0,0.0,5.78241158658936E-18));
#3432=DIRECTION('',(1.0,2.31296463463574E-17,0.0));
#3433=DIRECTION('',(0.0,0.0,-1.0));
#3434=DIRECTION('',(2.31296463463574E-17,1.0,0.0));
#3435=DIRECTION('',(0.0,1.0,0.0));
#3436=DIRECTION('',(-0.235702260395516,-0.942809041582063,0.235702260395516));
#3437=DIRECTION('',(1.0,2.31296463463574E-17,0.0));
#3438=DIRECTION('',(-1.0,0.0,0.0));
#3439=DIRECTION('',(0.0,-1.0,0.0));
#3440=DIRECTION('',(1.0,0.0,0.0));
#3441=DIRECTION('',(-1.11022302462516E-16,1.0,0.0));
#3442=DIRECTION('',(0.0,0.0,1.0));
#3443=DIRECTION('',(-1.0,-2.44921270764475E-16,0.0));
#3444=DIRECTION('',(0.0,-1.0,0.0));
#3445=DIRECTION('',(0.0,-1.0,0.0));
#3446=DIRECTION('',(-1.0,-2.44921270764475E-16,0.0));
#3447=DIRECTION('',(0.0,0.0,1.0));
#3448=DIRECTION('',(0.0,0.0,1.0));
#3449=DIRECTION('',(0.0,-1.0,0.0));
#3450=DIRECTION('',(-1.0,-2.44921270764475E-16,0.0));
#3451=DIRECTION('',(0.0,0.0,1.0));
#3452=DIRECTION('',(0.0,-1.0,0.0));
#3453=DIRECTION('',(0.0,0.0,1.0));
#3454=DIRECTION('',(0.0,-1.0,0.0));
#3455=DIRECTION('',(-1.0,0.0,-5.78241158658936E-18));
#3456=DIRECTION('',(-0.235702260395516,-0.942809041582063,-0.235702260395516));
#3457=DIRECTION('',(-0.235702260395516,0.942809041582063,0.235702260395516));
#3458=DIRECTION('',(1.0,-1.22460635382238E-16,0.0));
#3459=DIRECTION('',(0.0,0.0,-1.0));
#3460=DIRECTION('',(1.0,-1.22460635382238E-16,0.0));
#3461=DIRECTION('',(0.0,0.0,-1.0));
#3462=DIRECTION('',(0.0,0.0,1.0));
#3463=DIRECTION('',(0.0,0.0,-1.0));
#3464=DIRECTION('',(-1.22460635382238E-16,-1.0,0.0));
#3465=DIRECTION('',(0.0,0.0,-1.0));
#3466=DIRECTION('',(1.22460635382238E-16,1.0,0.0));
#3467=DIRECTION('',(0.0,0.0,1.0));
#3468=DIRECTION('',(1.0,0.0,0.0));
#3469=DIRECTION('',(1.0,0.0,0.0));
#3470=DIRECTION('',(0.0,0.0,-1.0));
#3471=DIRECTION('',(1.22460635382238E-16,-1.0,0.0));
#3472=DIRECTION('',(0.0,0.0,-1.0));
#3473=DIRECTION('',(0.0,0.0,1.0));
#3474=DIRECTION('',(0.0,0.0,1.0));
#3475=DIRECTION('',(1.14383329197221E-17,1.0,0.0));
#3476=DIRECTION('',(1.0,-1.22460635382238E-16,0.0));
#3477=DIRECTION('',(0.0,1.0,0.0));
#3478=DIRECTION('',(1.77635683940024E-14,1.0,0.0));
#3479=DIRECTION('',(-1.0,1.22460635382238E-16,0.0));
#3480=DIRECTION('',(-1.0,0.0,0.0));
#3481=DIRECTION('',(0.0,0.0,-1.0));
#3482=DIRECTION('',(2.31296463463574E-17,1.0,0.0));
#3483=DIRECTION('',(-1.0,-2.44921270764475E-16,0.0));
#3484=DIRECTION('',(1.0,2.31296463463574E-17,0.0));
#3485=DIRECTION('',(-0.235702260395516,-0.942809041582063,0.235702260395516));
#3486=DIRECTION('',(0.0,0.0,-1.0));
#3487=DIRECTION('',(0.235702260395516,0.942809041582063,0.235702260395516));
#3488=DIRECTION('',(0.0,0.0,-1.0));
#3489=DIRECTION('',(-1.0,0.0,5.78241158658936E-18));
#3490=DIRECTION('',(0.0,0.0,1.0));
#3491=DIRECTION('',(-1.0,0.0,-5.78241158658936E-18));
#3492=DIRECTION('',(0.0,-1.0,0.0));
#3493=DIRECTION('',(0.0,-1.0,0.0));
#3494=DIRECTION('',(0.0,0.0,1.0));
#3495=DIRECTION('',(1.0,-2.31296463463574E-17,0.0));
#3496=DIRECTION('',(0.0,1.0,0.0));
#3497=DIRECTION('',(-0.235702260395516,-0.942809041582063,-0.235702260395516));
#3498=DIRECTION('',(-0.235702260395516,0.942809041582063,0.235702260395516));
#3499=DIRECTION('',(1.0,-2.31296463463574E-17,0.0));
#3500=DIRECTION('',(0.235702260395516,0.942809041582063,-0.235702260395516));
#3501=DIRECTION('',(0.235702260395516,-0.942809041582063,0.235702260395516));
#3502=DIRECTION('',(0.0,0.0,-1.0));
#3503=DIRECTION('',(2.31296463463574E-17,1.0,0.0));
#3504=DIRECTION('',(2.31296463463574E-17,1.0,0.0));
#3505=DIRECTION('',(1.0,-2.31296463463574E-17,0.0));
#3506=DIRECTION('',(0.0,-1.0,0.0));
#3507=DIRECTION('',(0.0,0.0,-1.0));
#3508=DIRECTION('',(0.0,1.0,0.0));
#3509=DIRECTION('',(0.235702260395516,0.942809041582063,-0.235702260395516));
#3510=DIRECTION('',(-1.0,0.0,5.78241158658936E-18));
#3511=DIRECTION('',(0.235702260395516,-0.942809041582063,0.235702260395516));
#3512=DIRECTION('',(-0.235702260395516,-0.942809041582063,-0.235702260395516));
#3513=DIRECTION('',(0.0,0.0,1.0));
#3514=DIRECTION('',(0.0,0.0,-1.0));
#3515=DIRECTION('',(-1.0,0.0,-5.78241158658936E-18));
#3516=DIRECTION('',(0.0,0.0,1.0));
#3517=DIRECTION('',(-0.235702260395516,0.942809041582063,0.235702260395516));
#3518=DIRECTION('',(1.0,-2.31296463463574E-17,0.0));
#3519=DIRECTION('',(0.0,-1.0,0.0));
#3520=DIRECTION('',(0.0,0.0,-1.0));
#3521=DIRECTION('',(-1.0,0.0,5.78241158658936E-18));
#3522=DIRECTION('',(0.0,0.0,1.0));
#3523=DIRECTION('',(-1.0,0.0,-5.78241158658936E-18));
#3524=DIRECTION('',(0.0,-1.0,0.0));
#3525=DIRECTION('',(0.0,-1.0,0.0));
#3526=DIRECTION('',(0.0,0.0,1.0));
#3527=DIRECTION('',(1.0,-2.31296463463574E-17,0.0));
#3528=DIRECTION('',(0.0,1.0,0.0));
#3529=DIRECTION('',(-0.235702260395516,-0.942809041582063,-0.235702260395516));
#3530=DIRECTION('',(-0.235702260395516,0.942809041582063,0.235702260395516));
#3531=DIRECTION('',(1.0,-2.31296463463574E-17,0.0));
#3532=DIRECTION('',(0.235702260395516,0.942809041582063,-0.235702260395516));
#3533=DIRECTION('',(0.235702260395516,-0.942809041582063,0.235702260395516));
#3534=DIRECTION('',(0.0,0.0,-1.0));
#3535=DIRECTION('',(2.31296463463574E-17,1.0,0.0));
#3536=DIRECTION('',(1.0,-1.22460635382238E-16,0.0));
#3537=DIRECTION('',(0.235702260395516,-0.942809041582063,-0.235702260395516));
#3538=DIRECTION('',(0.0,0.0,1.0));
#3539=DIRECTION('',(-0.235702260395516,0.942809041582063,-0.235702260395516));
#3540=DIRECTION('',(0.0,0.0,-1.0));
#3541=DIRECTION('',(-1.0,1.22460635382238E-16,0.0));
#3542=DIRECTION('',(0.0,0.0,-1.0));
#3543=DIRECTION('',(-1.0,-2.44921270764475E-16,0.0));
#3544=DIRECTION('',(0.0,0.0,1.0));
#3545=DIRECTION('',(-1.0,-2.44921270764475E-16,0.0));
#3546=DIRECTION('',(0.0,0.0,-1.0));
#3547=DIRECTION('',(-1.0,-2.44921270764475E-16,0.0));
#3548=DIRECTION('',(0.0,0.0,1.0));
#3549=DIRECTION('',(-1.0,-2.44921270764475E-16,0.0));
#3550=DIRECTION('',(0.0,0.0,-1.0));
#3551=DIRECTION('',(-1.0,-2.44921270764475E-16,0.0));
#3552=DIRECTION('',(-1.0,0.0,-5.78241158658936E-18));
#3553=DIRECTION('',(0.0,0.0,1.0));
#3554=DIRECTION('',(-1.0,0.0,5.78241158658936E-18));
#3555=DIRECTION('',(0.0,0.0,-1.0));
#3556=DIRECTION('',(2.31296463463574E-17,1.0,0.0));
#3557=DIRECTION('',(0.0,0.0,-1.0));
#3558=DIRECTION('',(0.0,1.0,0.0));
#3559=DIRECTION('',(1.0,2.31296463463574E-17,0.0));
#3560=DIRECTION('',(0.0,-1.0,0.0));
#3561=DIRECTION('',(-0.235702260395516,-0.942809041582063,0.235702260395516));
#3562=DIRECTION('',(-0.235702260395516,0.942809041582063,-0.235702260395516));
#3563=DIRECTION('',(0.235702260395516,0.942809041582063,0.235702260395516));
#3564=DIRECTION('',(0.235702260395516,-0.942809041582063,-0.235702260395516));
#3565=DIRECTION('',(1.0,2.31296463463574E-17,0.0));
#3566=DIRECTION('',(0.0,0.0,1.0));
#3567=DIRECTION('',(0.0,-1.0,0.0));
#3568=DIRECTION('',(-1.0,0.0,-5.78241158658936E-18));
#3569=DIRECTION('',(0.0,0.0,1.0));
#3570=DIRECTION('',(-1.0,0.0,5.78241158658936E-18));
#3571=DIRECTION('',(0.0,0.0,-1.0));
#3572=DIRECTION('',(2.31296463463574E-17,1.0,0.0));
#3573=DIRECTION('',(0.0,0.0,-1.0));
#3574=DIRECTION('',(0.0,1.0,0.0));
#3575=DIRECTION('',(1.0,2.31296463463574E-17,0.0));
#3576=DIRECTION('',(0.0,-1.0,0.0));
#3577=DIRECTION('',(-0.235702260395516,-0.942809041582063,0.235702260395516));
#3578=DIRECTION('',(-0.235702260395516,0.942809041582063,-0.235702260395516));
#3579=DIRECTION('',(0.235702260395516,0.942809041582063,0.235702260395516));
#3580=DIRECTION('',(0.235702260395516,-0.942809041582063,-0.235702260395516));
#3581=DIRECTION('',(1.0,2.31296463463574E-17,0.0));
#3582=DIRECTION('',(0.0,0.0,1.0));
#3583=DIRECTION('',(0.0,-1.0,0.0));
#3584=DIRECTION('',(-1.0,0.0,-5.78241158658936E-18));
#3585=DIRECTION('',(-1.0,0.0,5.78241158658936E-18));
#3586=DIRECTION('',(0.0,1.0,0.0));
#3587=DIRECTION('',(1.0,2.31296463463574E-17,0.0));
#3588=PRESENTATION_LAYER_ASSIGNMENT('','',(#25,#51,#52,#53,#54,#55,#56,#57,#58,#59,#60,#61,#62,#63,#64,#65,#66,#67,#68,#69,#70,#71,#72,#73,#74,#75,#76,#77,#78,#79,#80,#81,#82,#83,#84,#85,#86,#87,#88,#89,#90,#91,#92,#93,#94,#95,#96,#97,#98,#99,#100,#101,#102,#103,#104,#105,#106,#107,#108,#109,#110,#111,#112,#113,#114,#115,#116,#117,#118,#119,#120,#121,#122,#123,#124,#125,#126,#127,#128,#129,#130,#131,#132,#133,#134,#135,#136,#137,#138,#139,#140,#141,#142,#143,#144,#145,#146,#147,#148,#149,#150,#151,#152,#153,#154,#155,#156,#157,#158,#159,#160,#161,#162,#163,#164,#165,#166,#167,#168,#169,#170,#171,#172,#173,#174,#175,#176,#177,#178,#179,#180,#1720,#1721,#1722,#1723,#1724,#1725,#1726,#1727,#1728,#1729,#1730,#1731,#1732,#1733,#1734,#1735,#1736,#1737,#1738,#1739,#1740,#1741,#1742,#1743,#1744,#1745,#1746,#1747,#1748,#1749,#1750,#1751,#1752,#1753,#1754,#1755,#1756,#1757,#1758,#1759,#1760,#1761,#1762,#1763,#1764,#1765,#1766,#1767,#1768,#1769,#1770,#1771,#1772,#1773,#1774,#1775,#1776,#1777,#1778,#1779,#1780,#1781,#1782,#1783,#1784,#1785,#1786,#1787,#1788,#1789,#1790,#1791,#1792,#1793,#1794,#1795,#1796,#1797,#1798,#1799,#1800,#1801,#1802,#1803,#1804,#1805,#1806,#1807,#1808,#1809,#1810,#1811,#1812,#1813,#1814,#1815,#1816,#1817,#1818,#1819,#1820,#1821,#1822,#1823,#1824,#1825,#1826,#1827,#1828,#1829,#1830,#1831,#1832,#1833,#1834,#1835,#1836,#1837,#1838,#1839,#1840,#1841,#1842,#1843,#1844,#1845,#1846,#1847,#1848,#1849,#1850,#1851,#1852,#1853,#1854,#1855,#1856,#1857,#1858,#1859,#1860,#1861,#1862,#1863,#1864,#1865,#1866,#1867,#1868,#1869,#1870,#1871,#1872,#1873,#1874,#1875,#1876,#1877,#1878,#1879,#1880,#1881,#1882,#1883,#1884,#1885,#1886,#1887,#1888,#1889,#1890,#1891,#1892,#1893,#1894,#1895,#1896,#1897,#1898,#1899,#1900,#1901,#1902,#1903,#1904,#1905,#1906,#1907,#1908,#1909,#1910,#1911,#1912,#1913,#1914,#1915,#1916,#1917,#1918,#1919,#1920,#1921,#1922,#1923,#1924,#1925,#1926,#1927,#1928,#1929,#1930,#1931,#1932,#1933,#1934,#1935,#1936,#1937,#1938,#1939,#1940,#1941,#1942,#1943,#1944,#1945,#1946,#1947,#1948,#1949,#1950,#1951,#1952,#1953,#1954,#1955,#1956,#1957,#1958,#1959,#1960,#1961,#1962,#1963,#1964,#1965,#1966,#1967,#1968,#1969,#1970,#1971,#1972,#1973,#1974,#1975,#1976,#1977,#1978,#1979,#1980,#1981,#1982,#1983,#1984,#1985,#1986,#1987,#1988,#1989,#1990,#1991,#1992,#1993,#1994,#1995,#1996,#1997,#1998,#1999,#2000,#2001,#2002,#2003,#2004,#2005,#2006,#2007,#2008,#2009,#2010,#2011,#2012,#2013,#2014,#2015,#2016,#2017,#2018,#2019,#2020,#2021,#2023,#2025,#2028,#2029,#2031,#2033,#2036,#2037,#2039,#2041,#2043,#2045,#2047,#2049,#2052,#2053,#2055,#2057,#2060,#2061,#2063,#2065,#2068,#2070,#2073,#2074,#2076,#2078,#2081,#2082,#2084,#2086,#2089,#2091,#2093,#2096,#2097,#2099,#2101,#2105,#2107,#2110,#2112,#2115,#2116,#2118,#2120,#2123,#2128,#2129,#2131,#2133,#2136,#2137,#2139,#2141,#2144,#2145,#2147,#2149,#2152,#2153,#2155,#2157,#2160,#2162,#2165,#2166,#2168,#2170,#2178,#2179,#2183,#2185,#2188,#2190,#2193,#2194,#2196,#2200,#2201,#2203,#2205,#2208,#2213,#2220,#2222,#2224,#2226,#2228,#2230,#2233,#2234,#2236,#2238,#2241,#2248,#2249,#2251,#2253,#2256,#2258,#2264,#2270,#2271,#2277,#2279,#2282,#2285,#2288,#2291,#2296,#2297,#2299,#2301,#2304,#2305,#2309,#2311,#2314,#2317,#2319,#2321,#2324,#2327,#2337,#2342,#2343,#2347,#2349,#2352,#2353,#2355,#2357,#2360,#2362,#2365,#2370,#2376,#2378,#2381,#2384,#2386,#2389,#2392,#2395,#2400,#2401,#2403,#2405,#2408,#2410,#2413,#2418,#2425,#2427,#2429,#2433,#2434,#2436,#2438,#2441,#2442,#2444,#2446,#2449,#2452,#2453,#2455,#2457,#2460,#2462,#2465,#2470,#2476,#2477,#2479,#2481,#2484,#2486,#2489,#2494));
ENDSEC;
END-ISO-10303-21;
