ISO-10303-21;
HEADER;
FILE_DESCRIPTION(('OneSpaceDesigner STEP Export'),'2;1');
FILE_NAME('DF13C-6P-1.25V.stp','2007-03-23T10:19:21',(''),(''),
'OneSpace Designer STEP processor (Jan. 2003) for AP214(CD)(Solid Model)
','OneSpace Designer 12.00  10-Sep-2003 (C) CoCreate Software GmbH','');
FILE_SCHEMA(('AUTOMOTIVE_DESIGN_CC2 {1 2 10303 214 -1 1 5 1}'));
ENDSEC;
DATA;
#10=CARTESIAN_POINT('',(0.382819,0.669531,0.840000000000002));
#20=DIRECTION('',(-5.55111512312578E-16,1.,0.));
#30=DIRECTION('',(0.,0.,1.));
#40=AXIS2_PLACEMENT_3D('',#10,#20,#30);
#50=PLANE('',#40);
#60=CARTESIAN_POINT('',(1.182819,0.669531,1.05));
#70=DIRECTION('',(0.,0.,-1.));
#80=VECTOR('',#70,1.);
#90=LINE('',#60,#80);
#100=CARTESIAN_POINT('',(1.182819,0.669531,0.549999999999997));
#110=VERTEX_POINT('',#100);
#120=CARTESIAN_POINT('',(1.182819,0.669531,0.300000000000002));
#130=VERTEX_POINT('',#120);
#140=EDGE_CURVE('',#110,#130,#90,.T.);
#150=ORIENTED_EDGE('',*,*,#140,.T.);
#160=CARTESIAN_POINT('',(0.,0.669531,0.549999999999997));
#170=DIRECTION('',(-1.,-5.55111512312578E-16,6.12303176911189E-17));
#180=VECTOR('',#170,1.);
#190=LINE('',#160,#180);
#200=CARTESIAN_POINT('',(0.982818999999997,0.669531000000001,
0.549999999999997));
#210=VERTEX_POINT('',#200);
#220=EDGE_CURVE('',#110,#210,#190,.T.);
#230=ORIENTED_EDGE('',*,*,#220,.F.);
#240=CARTESIAN_POINT('',(0.982818999999997,0.669531000000001,8.125));
#250=DIRECTION('',(6.12303176911189E-17,3.08148791101958E-32,1.));
#260=VECTOR('',#250,1.);
#270=LINE('',#240,#260);
#280=CARTESIAN_POINT('',(0.982818999999997,0.669531000000001,
0.649999999999999));
#290=VERTEX_POINT('',#280);
#300=EDGE_CURVE('',#210,#290,#270,.T.);
#310=ORIENTED_EDGE('',*,*,#300,.F.);
#320=CARTESIAN_POINT('',(0.782818999999997,0.669531000000001,
0.649999999999999));
#330=DIRECTION('',(-6.12303176911189E-17,-1.,6.16297582203916E-33));
#340=DIRECTION('',(1.,-6.12303176911189E-17,0.));
#350=AXIS2_PLACEMENT_3D('',#320,#330,#340);
#360=CIRCLE('',#350,0.2);
#370=CARTESIAN_POINT('',(0.782818999999997,0.669531000000001,
0.850000000000001));
#380=VERTEX_POINT('',#370);
#390=EDGE_CURVE('',#290,#380,#360,.T.);
#400=ORIENTED_EDGE('',*,*,#390,.F.);
#410=CARTESIAN_POINT('',(0.,0.669531,0.850000000000001));
#420=DIRECTION('',(-1.,-5.55111512312578E-16,6.12303176911189E-17));
#430=VECTOR('',#420,1.);
#440=LINE('',#410,#430);
#450=CARTESIAN_POINT('',(0.682819,0.669531,0.850000000000001));
#460=VERTEX_POINT('',#450);
#470=EDGE_CURVE('',#380,#460,#440,.T.);
#480=ORIENTED_EDGE('',*,*,#470,.F.);
#490=CARTESIAN_POINT('',(0.682819,0.669531,1.05));
#500=DIRECTION('',(0.,0.,-1.));
#510=VECTOR('',#500,1.);
#520=LINE('',#490,#510);
#530=CARTESIAN_POINT('',(0.682819,0.669531000000001,0.840000000000002));
#540=VERTEX_POINT('',#530);
#550=EDGE_CURVE('',#460,#540,#520,.T.);
#560=ORIENTED_EDGE('',*,*,#550,.F.);
#570=CARTESIAN_POINT('',(0.,0.669531,0.840000000000002));
#580=DIRECTION('',(1.,5.55111512312578E-16,0.));
#590=VECTOR('',#580,1.);
#600=LINE('',#570,#590);
#610=CARTESIAN_POINT('',(0.382819,0.669531,0.840000000000002));
#620=VERTEX_POINT('',#610);
#630=EDGE_CURVE('',#620,#540,#600,.T.);
#640=ORIENTED_EDGE('',*,*,#630,.T.);
#650=CARTESIAN_POINT('',(0.382819,0.669531,8.125));
#660=DIRECTION('',(0.,0.,-1.));
#670=VECTOR('',#660,1.);
#680=LINE('',#650,#670);
#690=CARTESIAN_POINT('',(0.382819,0.669531,0.300000000000002));
#700=VERTEX_POINT('',#690);
#710=EDGE_CURVE('',#620,#700,#680,.T.);
#720=ORIENTED_EDGE('',*,*,#710,.F.);
#730=CARTESIAN_POINT('',(-1.017181,0.669531,0.300000000000002));
#740=DIRECTION('',(1.,1.22460635382238E-16,0.));
#750=VECTOR('',#740,1.);
#760=LINE('',#730,#750);
#770=EDGE_CURVE('',#700,#130,#760,.T.);
#780=ORIENTED_EDGE('',*,*,#770,.F.);
#790=EDGE_LOOP('',(#780,#720,#640,#560,#480,#400,#310,#230,#150));
#800=FACE_OUTER_BOUND('',#790,.T.);
#810=ADVANCED_FACE('',(#800),#50,.T.);
#820=CARTESIAN_POINT('',(0.382819,-1.330469,1.05));
#830=DIRECTION('',(1.22460635382238E-16,-1.,0.));
#840=DIRECTION('',(1.,1.22460635382238E-16,0.));
#850=AXIS2_PLACEMENT_3D('',#820,#830,#840);
#860=PLANE('',#850);
#870=CARTESIAN_POINT('',(-3.60337459740302E-18,-1.330469,1.05));
#880=DIRECTION('',(-1.,-1.22460635382238E-16,0.));
#890=VECTOR('',#880,1.);
#900=LINE('',#870,#890);
#910=CARTESIAN_POINT('',(1.182819,-1.330469,1.05));
#920=VERTEX_POINT('',#910);
#930=CARTESIAN_POINT('',(0.682819,-1.330469,1.05));
#940=VERTEX_POINT('',#930);
#950=EDGE_CURVE('',#920,#940,#900,.T.);
#960=ORIENTED_EDGE('',*,*,#950,.T.);
#970=CARTESIAN_POINT('',(1.182819,-1.330469,1.05));
#980=DIRECTION('',(0.,0.,-1.));
#990=VECTOR('',#980,1.);
#1000=LINE('',#970,#990);
#1010=CARTESIAN_POINT('',(1.182819,-1.330469,0.300000000000002));
#1020=VERTEX_POINT('',#1010);
#1030=EDGE_CURVE('',#920,#1020,#1000,.T.);
#1040=ORIENTED_EDGE('',*,*,#1030,.F.);
#1050=CARTESIAN_POINT('',(-1.017181,-1.330469,0.300000000000002));
#1060=DIRECTION('',(1.,1.22460635382238E-16,0.));
#1070=VECTOR('',#1060,1.);
#1080=LINE('',#1050,#1070);
#1090=CARTESIAN_POINT('',(0.382819000000001,-1.330469,0.300000000000002)
);
#1100=VERTEX_POINT('',#1090);
#1110=EDGE_CURVE('',#1100,#1020,#1080,.T.);
#1120=ORIENTED_EDGE('',*,*,#1110,.T.);
#1130=CARTESIAN_POINT('',(0.382819000000001,-1.330469,8.125));
#1140=DIRECTION('',(0.,0.,1.));
#1150=VECTOR('',#1140,1.);
#1160=LINE('',#1130,#1150);
#1170=CARTESIAN_POINT('',(0.382819000000001,-1.330469,0.840000000000002)
);
#1180=VERTEX_POINT('',#1170);
#1190=EDGE_CURVE('',#1100,#1180,#1160,.T.);
#1200=ORIENTED_EDGE('',*,*,#1190,.F.);
#1210=CARTESIAN_POINT('',(0.,-1.330469,0.840000000000002));
#1220=DIRECTION('',(-1.,-1.22460635382238E-16,0.));
#1230=VECTOR('',#1220,1.);
#1240=LINE('',#1210,#1230);
#1250=CARTESIAN_POINT('',(0.682819,-1.330469,0.840000000000002));
#1260=VERTEX_POINT('',#1250);
#1270=EDGE_CURVE('',#1260,#1180,#1240,.T.);
#1280=ORIENTED_EDGE('',*,*,#1270,.T.);
#1290=CARTESIAN_POINT('',(0.682819,-1.330469,1.875));
#1300=DIRECTION('',(0.,0.,1.));
#1310=VECTOR('',#1300,1.);
#1320=LINE('',#1290,#1310);
#1330=EDGE_CURVE('',#1260,#940,#1320,.T.);
#1340=ORIENTED_EDGE('',*,*,#1330,.F.);
#1350=EDGE_LOOP('',(#1340,#1280,#1200,#1120,#1040,#960));
#1360=FACE_OUTER_BOUND('',#1350,.T.);
#1370=ADVANCED_FACE('',(#1360),#860,.T.);
#1380=CARTESIAN_POINT('',(-2.5571834,-1.530469,3.574));
#1390=DIRECTION('',(0.,0.,-1.));
#1400=DIRECTION('',(1.22460635382238E-16,-1.,0.));
#1410=AXIS2_PLACEMENT_3D('',#1380,#1390,#1400);
#1420=PLANE('',#1410);
#1430=CARTESIAN_POINT('',(1.182819,-2.030469,3.574));
#1440=DIRECTION('',(-1.,-1.22460635382238E-16,0.));
#1450=VECTOR('',#1440,1.);
#1460=LINE('',#1430,#1450);
#1470=CARTESIAN_POINT('',(1.182819,-2.030469,3.574));
#1480=VERTEX_POINT('',#1470);
#1490=CARTESIAN_POINT('',(-1.017181,-2.030469,3.574));
#1500=VERTEX_POINT('',#1490);
#1510=EDGE_CURVE('',#1480,#1500,#1460,.T.);
#1520=ORIENTED_EDGE('',*,*,#1510,.F.);
#1530=CARTESIAN_POINT('',(-1.017181,-1.2456463155874E-16,3.574));
#1540=DIRECTION('',(1.22460635382238E-16,-1.,0.));
#1550=VECTOR('',#1540,1.);
#1560=LINE('',#1530,#1550);
#1570=CARTESIAN_POINT('',(-1.017181,-1.530469,3.574));
#1580=VERTEX_POINT('',#1570);
#1590=EDGE_CURVE('',#1580,#1500,#1560,.T.);
#1600=ORIENTED_EDGE('',*,*,#1590,.T.);
#1610=CARTESIAN_POINT('',(0.,-1.530469,3.574));
#1620=DIRECTION('',(-1.,-1.22460635382238E-16,0.));
#1630=VECTOR('',#1620,1.);
#1640=LINE('',#1610,#1630);
#1650=CARTESIAN_POINT('',(1.182819,-1.530469,3.574));
#1660=VERTEX_POINT('',#1650);
#1670=EDGE_CURVE('',#1660,#1580,#1640,.T.);
#1680=ORIENTED_EDGE('',*,*,#1670,.T.);
#1690=CARTESIAN_POINT('',(1.182819,-1.930469,3.574));
#1700=DIRECTION('',(1.22460635382238E-16,-1.,-1.77635683940025E-14));
#1710=VECTOR('',#1700,1.);
#1720=LINE('',#1690,#1710);
#1730=EDGE_CURVE('',#1660,#1480,#1720,.T.);
#1740=ORIENTED_EDGE('',*,*,#1730,.F.);
#1750=EDGE_LOOP('',(#1740,#1680,#1600,#1520));
#1760=FACE_OUTER_BOUND('',#1750,.T.);
#1770=ADVANCED_FACE('',(#1760),#1420,.F.);
#1780=CARTESIAN_POINT('',(-0.0251477347320566,-0.372053431461694,2.325))
;
#1790=DIRECTION('',(0.,0.,1.));
#1800=DIRECTION('',(1.,0.,0.));
#1810=AXIS2_PLACEMENT_3D('',#1780,#1790,#1800);
#1820=PLANE('',#1810);
#1830=CARTESIAN_POINT('',(-0.202181,-0.372053431461694,2.325));
#1840=DIRECTION('',(3.70074341541719E-16,1.,0.));
#1850=VECTOR('',#1840,1.);
#1860=LINE('',#1830,#1850);
#1870=CARTESIAN_POINT('',(-0.202181,-0.230469000000001,2.325));
#1880=VERTEX_POINT('',#1870);
#1890=CARTESIAN_POINT('',(-0.202181,1.869531,2.325));
#1900=VERTEX_POINT('',#1890);
#1910=EDGE_CURVE('',#1880,#1900,#1860,.T.);
#1920=ORIENTED_EDGE('',*,*,#1910,.T.);
#1930=CARTESIAN_POINT('',(0.,-0.230469000000001,2.325));
#1940=DIRECTION('',(-1.,0.,0.));
#1950=VECTOR('',#1940,1.);
#1960=LINE('',#1930,#1950);
#1970=CARTESIAN_POINT('',(0.147819,-0.230469000000001,2.325));
#1980=VERTEX_POINT('',#1970);
#1990=EDGE_CURVE('',#1980,#1880,#1960,.T.);
#2000=ORIENTED_EDGE('',*,*,#1990,.T.);
#2010=CARTESIAN_POINT('',(0.147819,-0.372053431461694,2.325));
#2020=DIRECTION('',(-2.31296463463574E-17,1.,0.));
#2030=VECTOR('',#2020,1.);
#2040=LINE('',#2010,#2030);
#2050=CARTESIAN_POINT('',(0.147819,1.869531,2.325));
#2060=VERTEX_POINT('',#2050);
#2070=EDGE_CURVE('',#1980,#2060,#2040,.T.);
#2080=ORIENTED_EDGE('',*,*,#2070,.F.);
#2090=CARTESIAN_POINT('',(-0.0251477347320566,1.869531,2.325));
#2100=DIRECTION('',(1.,2.31296463463574E-17,0.));
#2110=VECTOR('',#2100,1.);
#2120=LINE('',#2090,#2110);
#2130=EDGE_CURVE('',#1900,#2060,#2120,.T.);
#2140=ORIENTED_EDGE('',*,*,#2130,.T.);
#2150=EDGE_LOOP('',(#2140,#2080,#2000,#1920));
#2160=FACE_OUTER_BOUND('',#2150,.T.);
#2170=ADVANCED_FACE('',(#2160),#1820,.F.);
#2180=CARTESIAN_POINT('',(-0.0251477347320566,-0.372053431461694,2.675))
;
#2190=DIRECTION('',(0.,0.,1.));
#2200=DIRECTION('',(1.,0.,0.));
#2210=AXIS2_PLACEMENT_3D('',#2180,#2190,#2200);
#2220=PLANE('',#2210);
#2230=CARTESIAN_POINT('',(0.147819,-0.372053431461694,2.675));
#2240=DIRECTION('',(-2.31296463463574E-17,1.,0.));
#2250=VECTOR('',#2240,1.);
#2260=LINE('',#2230,#2250);
#2270=CARTESIAN_POINT('',(0.147819,-0.230469000000001,2.675));
#2280=VERTEX_POINT('',#2270);
#2290=CARTESIAN_POINT('',(0.147819,1.869531,2.675));
#2300=VERTEX_POINT('',#2290);
#2310=EDGE_CURVE('',#2280,#2300,#2260,.T.);
#2320=ORIENTED_EDGE('',*,*,#2310,.T.);
#2330=CARTESIAN_POINT('',(0.,-0.230469000000001,2.675));
#2340=DIRECTION('',(-1.,0.,0.));
#2350=VECTOR('',#2340,1.);
#2360=LINE('',#2330,#2350);
#2370=CARTESIAN_POINT('',(-0.202181,-0.230469000000001,2.675));
#2380=VERTEX_POINT('',#2370);
#2390=EDGE_CURVE('',#2280,#2380,#2360,.T.);
#2400=ORIENTED_EDGE('',*,*,#2390,.F.);
#2410=CARTESIAN_POINT('',(-0.202181,-0.372053431461694,2.675));
#2420=DIRECTION('',(3.70074341541719E-16,1.,0.));
#2430=VECTOR('',#2420,1.);
#2440=LINE('',#2410,#2430);
#2450=CARTESIAN_POINT('',(-0.202181,1.869531,2.675));
#2460=VERTEX_POINT('',#2450);
#2470=EDGE_CURVE('',#2380,#2460,#2440,.T.);
#2480=ORIENTED_EDGE('',*,*,#2470,.F.);
#2490=CARTESIAN_POINT('',(-0.0251477347320566,1.869531,2.675));
#2500=DIRECTION('',(-1.,-2.31296463463574E-17,0.));
#2510=VECTOR('',#2500,1.);
#2520=LINE('',#2490,#2510);
#2530=EDGE_CURVE('',#2300,#2460,#2520,.T.);
#2540=ORIENTED_EDGE('',*,*,#2530,.T.);
#2550=EDGE_LOOP('',(#2540,#2480,#2400,#2320));
#2560=FACE_OUTER_BOUND('',#2550,.T.);
#2570=ADVANCED_FACE('',(#2560),#2220,.T.);
#2580=CARTESIAN_POINT('',(0.0728189999999997,2.169531,3.575));
#2590=DIRECTION('',(0.970142500145332,0.242535625036333,0.));
#2600=DIRECTION('',(0.242535625036333,-0.970142500145332,0.));
#2610=AXIS2_PLACEMENT_3D('',#2580,#2590,#2600);
#2620=PLANE('',#2610);
#2630=CARTESIAN_POINT('',(0.147819,1.869531,3.575));
#2640=DIRECTION('',(0.,0.,-1.));
#2650=VECTOR('',#2640,1.);
#2660=LINE('',#2630,#2650);
#2670=CARTESIAN_POINT('',(0.147819,1.869531,3.925));
#2680=VERTEX_POINT('',#2670);
#2690=CARTESIAN_POINT('',(0.147819,1.869531,3.575));
#2700=VERTEX_POINT('',#2690);
#2710=EDGE_CURVE('',#2680,#2700,#2660,.T.);
#2720=ORIENTED_EDGE('',*,*,#2710,.T.);
#2730=CARTESIAN_POINT('',(0.708215107865424,-0.372053431461694,
4.48539610786542));
#2740=DIRECTION('',(0.235702260395516,-0.942809041582063,
0.235702260395516));
#2750=VECTOR('',#2740,1.);
#2760=LINE('',#2730,#2750);
#2770=CARTESIAN_POINT('',(0.0728189999999998,2.169531,3.85));
#2780=VERTEX_POINT('',#2770);
#2790=EDGE_CURVE('',#2780,#2680,#2760,.T.);
#2800=ORIENTED_EDGE('',*,*,#2790,.T.);
#2810=CARTESIAN_POINT('',(0.0728189999999998,2.169531,3.575));
#2820=DIRECTION('',(0.,0.,1.));
#2830=VECTOR('',#2820,1.);
#2840=LINE('',#2810,#2830);
#2850=CARTESIAN_POINT('',(0.0728189999999996,2.169531,3.65));
#2860=VERTEX_POINT('',#2850);
#2870=EDGE_CURVE('',#2860,#2780,#2840,.T.);
#2880=ORIENTED_EDGE('',*,*,#2870,.T.);
#2890=CARTESIAN_POINT('',(0.708215107865424,-0.372053431461694,
3.01460389213458));
#2900=DIRECTION('',(0.235702260395516,-0.942809041582063,
-0.235702260395516));
#2910=VECTOR('',#2900,1.);
#2920=LINE('',#2890,#2910);
#2930=EDGE_CURVE('',#2860,#2700,#2920,.T.);
#2940=ORIENTED_EDGE('',*,*,#2930,.F.);
#2950=EDGE_LOOP('',(#2940,#2880,#2800,#2720));
#2960=FACE_OUTER_BOUND('',#2950,.T.);
#2970=ADVANCED_FACE('',(#2960),#2620,.T.);
#2980=CARTESIAN_POINT('',(0.382819,-0.165995277202614,0.623565332487536)
);
#2990=DIRECTION('',(-1.,-5.55111512312578E-16,0.));
#3000=DIRECTION('',(5.55111512312578E-16,-1.,0.));
#3010=AXIS2_PLACEMENT_3D('',#2980,#2990,#3000);
#3020=PLANE('',#3010);
#3030=ORIENTED_EDGE('',*,*,#710,.T.);
#3040=CARTESIAN_POINT('',(0.382819,0.,0.840000000000003));
#3050=DIRECTION('',(-5.55111512312578E-16,1.,0.));
#3060=VECTOR('',#3050,1.);
#3070=LINE('',#3040,#3060);
#3080=EDGE_CURVE('',#1180,#620,#3070,.T.);
#3090=ORIENTED_EDGE('',*,*,#3080,.T.);
#3100=ORIENTED_EDGE('',*,*,#1190,.T.);
#3110=CARTESIAN_POINT('',(0.382819,0.,0.300000000000002));
#3120=DIRECTION('',(5.55111512312578E-16,-1.,0.));
#3130=VECTOR('',#3120,1.);
#3140=LINE('',#3110,#3130);
#3150=EDGE_CURVE('',#700,#1100,#3140,.T.);
#3160=ORIENTED_EDGE('',*,*,#3150,.T.);
#3170=EDGE_LOOP('',(#3160,#3100,#3090,#3030));
#3180=FACE_OUTER_BOUND('',#3170,.T.);
#3190=ADVANCED_FACE('',(#3180),#3020,.T.);
#3200=CARTESIAN_POINT('',(-0.202181,1.869531,2.325));
#3210=DIRECTION('',(-0.970142500145332,0.242535625036333,0.));
#3220=DIRECTION('',(0.242535625036333,0.970142500145332,0.));
#3230=AXIS2_PLACEMENT_3D('',#3200,#3210,#3220);
#3240=PLANE('',#3230);
#3250=CARTESIAN_POINT('',(-0.202180999999999,1.869531,2.325));
#3260=DIRECTION('',(0.,0.,-1.));
#3270=VECTOR('',#3260,1.);
#3280=LINE('',#3250,#3270);
#3290=EDGE_CURVE('',#2460,#1900,#3280,.T.);
#3300=ORIENTED_EDGE('',*,*,#3290,.F.);
#3310=CARTESIAN_POINT('',(-0.762577107865425,-0.372053431461694,
1.76460389213458));
#3320=DIRECTION('',(0.235702260395516,0.942809041582063,
0.235702260395516));
#3330=VECTOR('',#3320,1.);
#3340=LINE('',#3310,#3330);
#3350=CARTESIAN_POINT('',(-0.127180999999999,2.169531,2.4));
#3360=VERTEX_POINT('',#3350);
#3370=EDGE_CURVE('',#1900,#3360,#3340,.T.);
#3380=ORIENTED_EDGE('',*,*,#3370,.F.);
#3390=CARTESIAN_POINT('',(-0.127180999999999,2.169531,2.325));
#3400=DIRECTION('',(0.,0.,-1.));
#3410=VECTOR('',#3400,1.);
#3420=LINE('',#3390,#3410);
#3430=CARTESIAN_POINT('',(-0.127180999999999,2.169531,2.6));
#3440=VERTEX_POINT('',#3430);
#3450=EDGE_CURVE('',#3440,#3360,#3420,.T.);
#3460=ORIENTED_EDGE('',*,*,#3450,.T.);
#3470=CARTESIAN_POINT('',(-0.762577107865425,-0.372053431461694,
3.23539610786542));
#3480=DIRECTION('',(0.235702260395516,0.942809041582063,
-0.235702260395516));
#3490=VECTOR('',#3480,1.);
#3500=LINE('',#3470,#3490);
#3510=EDGE_CURVE('',#2460,#3440,#3500,.T.);
#3520=ORIENTED_EDGE('',*,*,#3510,.T.);
#3530=EDGE_LOOP('',(#3520,#3460,#3380,#3300));
#3540=FACE_OUTER_BOUND('',#3530,.T.);
#3550=ADVANCED_FACE('',(#3540),#3240,.T.);
#3560=CARTESIAN_POINT('',(-2.5571834,-1.530469,5.176));
#3570=DIRECTION('',(0.,0.,-1.));
#3580=DIRECTION('',(0.,-1.,0.));
#3590=AXIS2_PLACEMENT_3D('',#3560,#3570,#3580);
#3600=PLANE('',#3590);
#3610=CARTESIAN_POINT('',(1.182819,-1.930469,5.176));
#3620=DIRECTION('',(0.,-1.,1.77635683940025E-14));
#3630=VECTOR('',#3620,1.);
#3640=LINE('',#3610,#3630);
#3650=CARTESIAN_POINT('',(1.182819,-1.530469,5.176));
#3660=VERTEX_POINT('',#3650);
#3670=CARTESIAN_POINT('',(1.182819,-2.030469,5.176));
#3680=VERTEX_POINT('',#3670);
#3690=EDGE_CURVE('',#3660,#3680,#3640,.T.);
#3700=ORIENTED_EDGE('',*,*,#3690,.T.);
#3710=CARTESIAN_POINT('',(-1.87422206172818E-16,-1.530469,5.176));
#3720=DIRECTION('',(-1.,0.,0.));
#3730=VECTOR('',#3720,1.);
#3740=LINE('',#3710,#3730);
#3750=CARTESIAN_POINT('',(-1.017181,-1.530469,5.176));
#3760=VERTEX_POINT('',#3750);
#3770=EDGE_CURVE('',#3660,#3760,#3740,.T.);
#3780=ORIENTED_EDGE('',*,*,#3770,.F.);
#3790=CARTESIAN_POINT('',(-1.017181,-2.22044604925031E-16,5.176));
#3800=DIRECTION('',(0.,-1.,0.));
#3810=VECTOR('',#3800,1.);
#3820=LINE('',#3790,#3810);
#3830=CARTESIAN_POINT('',(-1.017181,-2.030469,5.176));
#3840=VERTEX_POINT('',#3830);
#3850=EDGE_CURVE('',#3760,#3840,#3820,.T.);
#3860=ORIENTED_EDGE('',*,*,#3850,.F.);
#3870=CARTESIAN_POINT('',(1.182819,-2.030469,5.176));
#3880=DIRECTION('',(-1.,0.,0.));
#3890=VECTOR('',#3880,1.);
#3900=LINE('',#3870,#3890);
#3910=EDGE_CURVE('',#3680,#3840,#3900,.T.);
#3920=ORIENTED_EDGE('',*,*,#3910,.T.);
#3930=EDGE_LOOP('',(#3920,#3860,#3780,#3700));
#3940=FACE_OUTER_BOUND('',#3930,.T.);
#3950=ADVANCED_FACE('',(#3940),#3600,.T.);
#3960=CARTESIAN_POINT('',(0.682819,0.669531,1.05));
#3970=DIRECTION('',(-1.,4.44089209850063E-15,0.));
#3980=DIRECTION('',(-4.44089209850063E-15,-1.,0.));
#3990=AXIS2_PLACEMENT_3D('',#3960,#3970,#3980);
#4000=PLANE('',#3990);
#4010=CARTESIAN_POINT('',(0.682818999999997,-0.0304690000000006,8.125));
#4020=DIRECTION('',(1.64214663788065E-47,3.74915180455534E-33,1.));
#4030=VECTOR('',#4020,1.);
#4040=LINE('',#4010,#4030);
#4050=CARTESIAN_POINT('',(0.682818999999997,-0.0304690000000006,
0.850000000000001));
#4060=VERTEX_POINT('',#4050);
#4070=CARTESIAN_POINT('',(0.682818999999997,-0.0304690000000006,1.05));
#4080=VERTEX_POINT('',#4070);
#4090=EDGE_CURVE('',#4060,#4080,#4040,.T.);
#4100=ORIENTED_EDGE('',*,*,#4090,.T.);
#4110=CARTESIAN_POINT('',(0.682818999999997,0.,0.850000000000001));
#4120=DIRECTION('',(-4.44089209850063E-15,-1.,3.94430452610506E-31));
#4130=VECTOR('',#4120,1.);
#4140=LINE('',#4110,#4130);
#4150=CARTESIAN_POINT('',(0.682818999999995,-0.36380233333334,
0.850000000000001));
#4160=VERTEX_POINT('',#4150);
#4170=EDGE_CURVE('',#4060,#4160,#4140,.T.);
#4180=ORIENTED_EDGE('',*,*,#4170,.F.);
#4190=CARTESIAN_POINT('',(0.682818999999995,-0.363802333333342,8.125));
#4200=DIRECTION('',(9.06168938629751E-31,2.04101058970399E-16,-1.));
#4210=VECTOR('',#4200,1.);
#4220=LINE('',#4190,#4210);
#4230=CARTESIAN_POINT('',(0.682818999999995,-0.363802333333341,1.05));
#4240=VERTEX_POINT('',#4230);
#4250=EDGE_CURVE('',#4240,#4160,#4220,.T.);
#4260=ORIENTED_EDGE('',*,*,#4250,.T.);
#4270=CARTESIAN_POINT('',(0.682819,-2.5104714,1.05));
#4280=DIRECTION('',(-1.22460635382238E-16,1.,0.));
#4290=VECTOR('',#4280,1.);
#4300=LINE('',#4270,#4290);
#4310=CARTESIAN_POINT('',(0.682818999999995,-0.530469000000001,1.05));
#4320=VERTEX_POINT('',#4310);
#4330=EDGE_CURVE('',#4320,#4240,#4300,.T.);
#4340=ORIENTED_EDGE('',*,*,#4330,.T.);
#4350=CARTESIAN_POINT('',(0.682818999999995,-0.530469000000001,8.125));
#4360=DIRECTION('',(1.64214663788065E-47,3.74915180455534E-33,1.));
#4370=VECTOR('',#4360,1.);
#4380=LINE('',#4350,#4370);
#4390=CARTESIAN_POINT('',(0.682818999999995,-0.530469000000001,
0.850000000000001));
#4400=VERTEX_POINT('',#4390);
#4410=EDGE_CURVE('',#4400,#4320,#4380,.T.);
#4420=ORIENTED_EDGE('',*,*,#4410,.T.);
#4430=CARTESIAN_POINT('',(0.682818999999993,-0.780469000000018,
0.850000000000001));
#4440=VERTEX_POINT('',#4430);
#4450=EDGE_CURVE('',#4400,#4440,#4140,.T.);
#4460=ORIENTED_EDGE('',*,*,#4450,.F.);
#4470=CARTESIAN_POINT('',(0.682818999999993,-0.78046900000002,8.125));
#4480=DIRECTION('',(1.35913704456489E-30,3.06151588455602E-16,-1.));
#4490=VECTOR('',#4480,1.);
#4500=LINE('',#4470,#4490);
#4510=CARTESIAN_POINT('',(0.682818999999993,-0.780469000000018,1.05));
#4520=VERTEX_POINT('',#4510);
#4530=EDGE_CURVE('',#4520,#4440,#4500,.T.);
#4540=ORIENTED_EDGE('',*,*,#4530,.T.);
#4550=EDGE_CURVE('',#940,#4520,#4300,.T.);
#4560=ORIENTED_EDGE('',*,*,#4550,.T.);
#4570=ORIENTED_EDGE('',*,*,#1330,.T.);
#4580=CARTESIAN_POINT('',(0.682818999999997,0.,0.840000000000003));
#4590=DIRECTION('',(-4.44089209850063E-15,-1.,0.));
#4600=VECTOR('',#4590,1.);
#4610=LINE('',#4580,#4600);
#4620=EDGE_CURVE('',#540,#1260,#4610,.T.);
#4630=ORIENTED_EDGE('',*,*,#4620,.T.);
#4640=ORIENTED_EDGE('',*,*,#550,.T.);
#4650=CARTESIAN_POINT('',(0.682819,0.669531,8.125));
#4660=DIRECTION('',(-1.64214663788065E-47,-3.74915180455534E-33,-1.));
#4670=VECTOR('',#4660,1.);
#4680=LINE('',#4650,#4670);
#4690=CARTESIAN_POINT('',(0.682819,0.669531,1.05));
#4700=VERTEX_POINT('',#4690);
#4710=EDGE_CURVE('',#4700,#460,#4680,.T.);
#4720=ORIENTED_EDGE('',*,*,#4710,.T.);
#4730=EDGE_CURVE('',#4080,#4700,#4300,.T.);
#4740=ORIENTED_EDGE('',*,*,#4730,.T.);
#4750=EDGE_LOOP('',(#4740,#4720,#4640,#4630,#4570,#4560,#4540,#4460,
#4420,#4340,#4260,#4180,#4100));
#4760=FACE_OUTER_BOUND('',#4750,.T.);
#4770=ADVANCED_FACE('',(#4760),#4000,.T.);
#4780=CARTESIAN_POINT('',(0.382819,0.569531000000001,0.840000000000003))
;
#4790=DIRECTION('',(0.,0.,1.));
#4800=DIRECTION('',(5.55111512312578E-16,-1.,0.));
#4810=AXIS2_PLACEMENT_3D('',#4780,#4790,#4800);
#4820=PLANE('',#4810);
#4830=ORIENTED_EDGE('',*,*,#630,.F.);
#4840=ORIENTED_EDGE('',*,*,#4620,.F.);
#4850=ORIENTED_EDGE('',*,*,#1270,.F.);
#4860=ORIENTED_EDGE('',*,*,#3080,.F.);
#4870=EDGE_LOOP('',(#4860,#4850,#4840,#4830));
#4880=FACE_OUTER_BOUND('',#4870,.T.);
#4890=ADVANCED_FACE('',(#4880),#4820,.T.);
#4900=CARTESIAN_POINT('',(-0.127180999999999,2.169531,3.575));
#4910=DIRECTION('',(0.,1.,0.));
#4920=DIRECTION('',(1.,0.,0.));
#4930=AXIS2_PLACEMENT_3D('',#4900,#4910,#4920);
#4940=PLANE('',#4930);
#4950=CARTESIAN_POINT('',(-0.127180999999999,2.169531,3.575));
#4960=DIRECTION('',(0.,0.,-1.));
#4970=VECTOR('',#4960,1.);
#4980=LINE('',#4950,#4970);
#4990=CARTESIAN_POINT('',(-0.127180999999999,2.169531,3.85));
#5000=VERTEX_POINT('',#4990);
#5010=CARTESIAN_POINT('',(-0.127180999999999,2.169531,3.65));
#5020=VERTEX_POINT('',#5010);
#5030=EDGE_CURVE('',#5000,#5020,#4980,.T.);
#5040=ORIENTED_EDGE('',*,*,#5030,.F.);
#5050=CARTESIAN_POINT('',(-0.0251477347320566,2.169531,3.65));
#5060=DIRECTION('',(1.,0.,-5.78241158658935E-18));
#5070=VECTOR('',#5060,1.);
#5080=LINE('',#5050,#5070);
#5090=EDGE_CURVE('',#5020,#2860,#5080,.T.);
#5100=ORIENTED_EDGE('',*,*,#5090,.F.);
#5110=ORIENTED_EDGE('',*,*,#2870,.F.);
#5120=CARTESIAN_POINT('',(-0.0251477347320566,2.169531,3.85));
#5130=DIRECTION('',(1.,0.,5.78241158658935E-18));
#5140=VECTOR('',#5130,1.);
#5150=LINE('',#5120,#5140);
#5160=EDGE_CURVE('',#5000,#2780,#5150,.T.);
#5170=ORIENTED_EDGE('',*,*,#5160,.T.);
#5180=EDGE_LOOP('',(#5170,#5110,#5100,#5040));
#5190=FACE_OUTER_BOUND('',#5180,.T.);
#5200=ADVANCED_FACE('',(#5190),#4940,.T.);
#5210=CARTESIAN_POINT('',(-4.1036834,2.169531,3.85));
#5220=DIRECTION('',(5.60976323348313E-18,-0.242535625036333,
-0.970142500145332));
#5230=DIRECTION('',(2.24390529339325E-17,-0.970142500145332,
0.242535625036333));
#5240=AXIS2_PLACEMENT_3D('',#5210,#5220,#5230);
#5250=PLANE('',#5240);
#5260=ORIENTED_EDGE('',*,*,#5160,.F.);
#5270=ORIENTED_EDGE('',*,*,#2790,.F.);
#5280=CARTESIAN_POINT('',(-0.0251477347320566,1.869531,3.925));
#5290=DIRECTION('',(-1.,-2.31296463463574E-17,0.));
#5300=VECTOR('',#5290,1.);
#5310=LINE('',#5280,#5300);
#5320=CARTESIAN_POINT('',(-0.202181,1.869531,3.925));
#5330=VERTEX_POINT('',#5320);
#5340=EDGE_CURVE('',#2680,#5330,#5310,.T.);
#5350=ORIENTED_EDGE('',*,*,#5340,.F.);
#5360=CARTESIAN_POINT('',(-0.762577107865425,-0.372053431461694,
4.48539610786542));
#5370=DIRECTION('',(0.235702260395516,0.942809041582063,
-0.235702260395516));
#5380=VECTOR('',#5370,1.);
#5390=LINE('',#5360,#5380);
#5400=EDGE_CURVE('',#5330,#5000,#5390,.T.);
#5410=ORIENTED_EDGE('',*,*,#5400,.F.);
#5420=EDGE_LOOP('',(#5410,#5350,#5270,#5260));
#5430=FACE_OUTER_BOUND('',#5420,.T.);
#5440=ADVANCED_FACE('',(#5430),#5250,.F.);
#5450=CARTESIAN_POINT('',(-0.202181000000001,-1.680469,3.575));
#5460=DIRECTION('',(-1.,3.70074341541719E-16,0.));
#5470=DIRECTION('',(3.70074341541719E-16,1.,0.));
#5480=AXIS2_PLACEMENT_3D('',#5450,#5460,#5470);
#5490=PLANE('',#5480);
#5500=CARTESIAN_POINT('',(-0.202181,-0.372053431461694,3.575));
#5510=DIRECTION('',(3.70074341541719E-16,1.,0.));
#5520=VECTOR('',#5510,1.);
#5530=LINE('',#5500,#5520);
#5540=CARTESIAN_POINT('',(-0.202181,-0.230469000000001,3.575));
#5550=VERTEX_POINT('',#5540);
#5560=CARTESIAN_POINT('',(-0.202181,1.869531,3.575));
#5570=VERTEX_POINT('',#5560);
#5580=EDGE_CURVE('',#5550,#5570,#5530,.T.);
#5590=ORIENTED_EDGE('',*,*,#5580,.F.);
#5600=CARTESIAN_POINT('',(-0.202180999999999,1.869531,3.575));
#5610=DIRECTION('',(0.,0.,-1.));
#5620=VECTOR('',#5610,1.);
#5630=LINE('',#5600,#5620);
#5640=EDGE_CURVE('',#5330,#5570,#5630,.T.);
#5650=ORIENTED_EDGE('',*,*,#5640,.T.);
#5660=CARTESIAN_POINT('',(-0.202181,-0.372053431461694,3.925));
#5670=DIRECTION('',(3.70074341541719E-16,1.,0.));
#5680=VECTOR('',#5670,1.);
#5690=LINE('',#5660,#5680);
#5700=CARTESIAN_POINT('',(-0.202181,-0.230469000000001,3.925));
#5710=VERTEX_POINT('',#5700);
#5720=EDGE_CURVE('',#5710,#5330,#5690,.T.);
#5730=ORIENTED_EDGE('',*,*,#5720,.T.);
#5740=CARTESIAN_POINT('',(-0.202181,-0.230469000000001,8.125));
#5750=DIRECTION('',(0.,0.,-1.));
#5760=VECTOR('',#5750,1.);
#5770=LINE('',#5740,#5760);
#5780=EDGE_CURVE('',#5710,#5550,#5770,.T.);
#5790=ORIENTED_EDGE('',*,*,#5780,.F.);
#5800=EDGE_LOOP('',(#5790,#5730,#5650,#5590));
#5810=FACE_OUTER_BOUND('',#5800,.T.);
#5820=ADVANCED_FACE('',(#5810),#5490,.T.);
#5830=CARTESIAN_POINT('',(1.182819,-2.030469,5.176));
#5840=DIRECTION('',(0.,1.,0.));
#5850=DIRECTION('',(0.,0.,-1.));
#5860=AXIS2_PLACEMENT_3D('',#5830,#5840,#5850);
#5870=PLANE('',#5860);
#5880=CARTESIAN_POINT('',(1.182819,-2.030469,6.07400000000001));
#5890=DIRECTION('',(-1.,1.22460635382238E-16,0.));
#5900=VECTOR('',#5890,1.);
#5910=LINE('',#5880,#5900);
#5920=CARTESIAN_POINT('',(1.182819,-2.030469,6.07400000000001));
#5930=VERTEX_POINT('',#5920);
#5940=CARTESIAN_POINT('',(-1.017181,-2.030469,6.07400000000001));
#5950=VERTEX_POINT('',#5940);
#5960=EDGE_CURVE('',#5930,#5950,#5910,.T.);
#5970=ORIENTED_EDGE('',*,*,#5960,.T.);
#5980=CARTESIAN_POINT('',(1.182819,-2.030469,5.974));
#5990=DIRECTION('',(0.,4.44089209850064E-15,1.));
#6000=VECTOR('',#5990,1.);
#6010=LINE('',#5980,#6000);
#6020=EDGE_CURVE('',#3680,#5930,#6010,.T.);
#6030=ORIENTED_EDGE('',*,*,#6020,.T.);
#6040=ORIENTED_EDGE('',*,*,#3910,.F.);
#6050=CARTESIAN_POINT('',(-1.017181,-2.030469,2.5));
#6060=DIRECTION('',(0.,0.,-1.));
#6070=VECTOR('',#6060,1.);
#6080=LINE('',#6050,#6070);
#6090=EDGE_CURVE('',#5950,#3840,#6080,.T.);
#6100=ORIENTED_EDGE('',*,*,#6090,.T.);
#6110=EDGE_LOOP('',(#6100,#6040,#6030,#5970));
#6120=FACE_OUTER_BOUND('',#6110,.T.);
#6130=ADVANCED_FACE('',(#6120),#5870,.F.);
#6140=CARTESIAN_POINT('',(-0.0251477347320566,-0.372053431461694,3.575))
;
#6150=DIRECTION('',(0.,0.,1.));
#6160=DIRECTION('',(1.,0.,0.));
#6170=AXIS2_PLACEMENT_3D('',#6140,#6150,#6160);
#6180=PLANE('',#6170);
#6190=ORIENTED_EDGE('',*,*,#5580,.T.);
#6200=CARTESIAN_POINT('',(0.,-0.230469000000001,3.575));
#6210=DIRECTION('',(-1.,0.,0.));
#6220=VECTOR('',#6210,1.);
#6230=LINE('',#6200,#6220);
#6240=CARTESIAN_POINT('',(0.147819,-0.230469000000001,3.575));
#6250=VERTEX_POINT('',#6240);
#6260=EDGE_CURVE('',#6250,#5550,#6230,.T.);
#6270=ORIENTED_EDGE('',*,*,#6260,.T.);
#6280=CARTESIAN_POINT('',(0.147819,-0.372053431461694,3.575));
#6290=DIRECTION('',(-2.31296463463574E-17,1.,0.));
#6300=VECTOR('',#6290,1.);
#6310=LINE('',#6280,#6300);
#6320=EDGE_CURVE('',#6250,#2700,#6310,.T.);
#6330=ORIENTED_EDGE('',*,*,#6320,.F.);
#6340=CARTESIAN_POINT('',(-0.0251477347320566,1.869531,3.575));
#6350=DIRECTION('',(1.,2.31296463463574E-17,0.));
#6360=VECTOR('',#6350,1.);
#6370=LINE('',#6340,#6360);
#6380=EDGE_CURVE('',#5570,#2700,#6370,.T.);
#6390=ORIENTED_EDGE('',*,*,#6380,.T.);
#6400=EDGE_LOOP('',(#6390,#6330,#6270,#6190));
#6410=FACE_OUTER_BOUND('',#6400,.T.);
#6420=ADVANCED_FACE('',(#6410),#6180,.F.);
#6430=CARTESIAN_POINT('',(0.782818999999997,5.77369377901522E-32,
0.649999999999999));
#6440=DIRECTION('',(-6.12303176911189E-17,-1.,6.16297582203916E-33));
#6450=DIRECTION('',(-1.,6.12303176911189E-17,0.));
#6460=AXIS2_PLACEMENT_3D('',#6430,#6440,#6450);
#6470=CYLINDRICAL_SURFACE('',#6460,0.4);
#6480=CARTESIAN_POINT('',(0.782818999999997,5.62634441603266E-32,1.05));
#6490=DIRECTION('',(-6.12303176911189E-17,-1.,3.08148791101958E-33));
#6500=VECTOR('',#6490,1.);
#6510=LINE('',#6480,#6500);
#6520=CARTESIAN_POINT('',(0.782818999999997,1.469531,1.05));
#6530=VERTEX_POINT('',#6520);
#6540=CARTESIAN_POINT('',(0.782818999999997,0.669531000000001,1.05));
#6550=VERTEX_POINT('',#6540);
#6560=EDGE_CURVE('',#6530,#6550,#6510,.T.);
#6570=ORIENTED_EDGE('',*,*,#6560,.T.);
#6580=CARTESIAN_POINT('',(0.782818999999997,1.469531,0.649999999999999))
;
#6590=DIRECTION('',(6.12303176911189E-17,1.,-6.16297582203916E-33));
#6600=DIRECTION('',(-1.,6.12303176911189E-17,0.));
#6610=AXIS2_PLACEMENT_3D('',#6580,#6590,#6600);
#6620=CIRCLE('',#6610,0.4);
#6630=CARTESIAN_POINT('',(1.182819,1.469531,0.649999999999999));
#6640=VERTEX_POINT('',#6630);
#6650=EDGE_CURVE('',#6530,#6640,#6620,.T.);
#6660=ORIENTED_EDGE('',*,*,#6650,.F.);
#6670=CARTESIAN_POINT('',(1.182819,-2.44921270764475E-17,
0.649999999999999));
#6680=DIRECTION('',(-6.12303176911189E-17,-1.,6.16297582203916E-33));
#6690=VECTOR('',#6680,1.);
#6700=LINE('',#6670,#6690);
#6710=CARTESIAN_POINT('',(1.182819,0.669531000000001,0.649999999999999))
;
#6720=VERTEX_POINT('',#6710);
#6730=EDGE_CURVE('',#6640,#6720,#6700,.T.);
#6740=ORIENTED_EDGE('',*,*,#6730,.F.);
#6750=CARTESIAN_POINT('',(0.782818999999997,0.669531000000001,
0.649999999999999));
#6760=DIRECTION('',(6.12303176911189E-17,1.,-6.16297582203916E-33));
#6770=DIRECTION('',(-1.,6.12303176911189E-17,0.));
#6780=AXIS2_PLACEMENT_3D('',#6750,#6760,#6770);
#6790=CIRCLE('',#6780,0.4);
#6800=EDGE_CURVE('',#6550,#6720,#6790,.T.);
#6810=ORIENTED_EDGE('',*,*,#6800,.T.);
#6820=EDGE_LOOP('',(#6810,#6740,#6660,#6570));
#6830=FACE_OUTER_BOUND('',#6820,.T.);
#6840=ADVANCED_FACE('',(#6830),#6470,.T.);
#6850=CARTESIAN_POINT('',(-0.0251477347320566,-0.372053431461694,3.925))
;
#6860=DIRECTION('',(0.,0.,1.));
#6870=DIRECTION('',(1.,0.,0.));
#6880=AXIS2_PLACEMENT_3D('',#6850,#6860,#6870);
#6890=PLANE('',#6880);
#6900=CARTESIAN_POINT('',(0.147819,-0.372053431461694,3.925));
#6910=DIRECTION('',(-2.31296463463574E-17,1.,0.));
#6920=VECTOR('',#6910,1.);
#6930=LINE('',#6900,#6920);
#6940=CARTESIAN_POINT('',(0.147819,-0.230469000000001,3.925));
#6950=VERTEX_POINT('',#6940);
#6960=EDGE_CURVE('',#6950,#2680,#6930,.T.);
#6970=ORIENTED_EDGE('',*,*,#6960,.T.);
#6980=CARTESIAN_POINT('',(0.,-0.230469000000001,3.925));
#6990=DIRECTION('',(-1.,0.,0.));
#7000=VECTOR('',#6990,1.);
#7010=LINE('',#6980,#7000);
#7020=EDGE_CURVE('',#6950,#5710,#7010,.T.);
#7030=ORIENTED_EDGE('',*,*,#7020,.F.);
#7040=ORIENTED_EDGE('',*,*,#5720,.F.);
#7050=ORIENTED_EDGE('',*,*,#5340,.T.);
#7060=EDGE_LOOP('',(#7050,#7040,#7030,#6970));
#7070=FACE_OUTER_BOUND('',#7060,.T.);
#7080=ADVANCED_FACE('',(#7070),#6890,.T.);
#7090=CARTESIAN_POINT('',(1.182819,0.669531,1.05));
#7100=VERTEX_POINT('',#7090);
#7110=EDGE_CURVE('',#7100,#6720,#90,.T.);
#7120=ORIENTED_EDGE('',*,*,#7110,.T.);
#7130=CARTESIAN_POINT('',(-2.48524645361879E-16,0.669531,1.05));
#7140=DIRECTION('',(1.,1.22460635382238E-16,0.));
#7150=VECTOR('',#7140,1.);
#7160=LINE('',#7130,#7150);
#7170=EDGE_CURVE('',#6550,#7100,#7160,.T.);
#7180=ORIENTED_EDGE('',*,*,#7170,.T.);
#7190=ORIENTED_EDGE('',*,*,#6800,.F.);
#7200=EDGE_LOOP('',(#7190,#7180,#7120));
#7210=FACE_OUTER_BOUND('',#7200,.T.);
#7220=ADVANCED_FACE('',(#7210),#50,.T.);
#7230=CARTESIAN_POINT('',(-0.202181,1.869531,3.575));
#7240=DIRECTION('',(-0.970142500145332,0.242535625036333,0.));
#7250=DIRECTION('',(0.242535625036333,0.970142500145332,0.));
#7260=AXIS2_PLACEMENT_3D('',#7230,#7240,#7250);
#7270=PLANE('',#7260);
#7280=ORIENTED_EDGE('',*,*,#5640,.F.);
#7290=CARTESIAN_POINT('',(-0.762577107865425,-0.372053431461694,
3.01460389213458));
#7300=DIRECTION('',(0.235702260395516,0.942809041582063,
0.235702260395516));
#7310=VECTOR('',#7300,1.);
#7320=LINE('',#7290,#7310);
#7330=EDGE_CURVE('',#5570,#5020,#7320,.T.);
#7340=ORIENTED_EDGE('',*,*,#7330,.F.);
#7350=ORIENTED_EDGE('',*,*,#5030,.T.);
#7360=ORIENTED_EDGE('',*,*,#5400,.T.);
#7370=EDGE_LOOP('',(#7360,#7350,#7340,#7280));
#7380=FACE_OUTER_BOUND('',#7370,.T.);
#7390=ADVANCED_FACE('',(#7380),#7270,.T.);
#7400=CARTESIAN_POINT('',(0.147819,1.769531,2.325));
#7410=DIRECTION('',(1.,2.31296463463574E-17,0.));
#7420=DIRECTION('',(2.31296463463574E-17,-1.,0.));
#7430=AXIS2_PLACEMENT_3D('',#7400,#7410,#7420);
#7440=PLANE('',#7430);
#7450=CARTESIAN_POINT('',(0.147819,-0.230469000000001,8.125));
#7460=DIRECTION('',(0.,0.,1.));
#7470=VECTOR('',#7460,1.);
#7480=LINE('',#7450,#7470);
#7490=EDGE_CURVE('',#1980,#2280,#7480,.T.);
#7500=ORIENTED_EDGE('',*,*,#7490,.F.);
#7510=ORIENTED_EDGE('',*,*,#2310,.F.);
#7520=CARTESIAN_POINT('',(0.147819,1.869531,2.325));
#7530=DIRECTION('',(0.,0.,-1.));
#7540=VECTOR('',#7530,1.);
#7550=LINE('',#7520,#7540);
#7560=EDGE_CURVE('',#2300,#2060,#7550,.T.);
#7570=ORIENTED_EDGE('',*,*,#7560,.F.);
#7580=ORIENTED_EDGE('',*,*,#2070,.T.);
#7590=EDGE_LOOP('',(#7580,#7570,#7510,#7500));
#7600=FACE_OUTER_BOUND('',#7590,.T.);
#7610=ADVANCED_FACE('',(#7600),#7440,.T.);
#7620=CARTESIAN_POINT('',(-0.127180999999999,2.169531,2.325));
#7630=DIRECTION('',(0.,1.,0.));
#7640=DIRECTION('',(1.,0.,0.));
#7650=AXIS2_PLACEMENT_3D('',#7620,#7630,#7640);
#7660=PLANE('',#7650);
#7670=ORIENTED_EDGE('',*,*,#3450,.F.);
#7680=CARTESIAN_POINT('',(-0.0251477347320566,2.169531,2.4));
#7690=DIRECTION('',(1.,0.,-5.78241158658935E-18));
#7700=VECTOR('',#7690,1.);
#7710=LINE('',#7680,#7700);
#7720=CARTESIAN_POINT('',(0.0728189999999996,2.169531,2.4));
#7730=VERTEX_POINT('',#7720);
#7740=EDGE_CURVE('',#3360,#7730,#7710,.T.);
#7750=ORIENTED_EDGE('',*,*,#7740,.F.);
#7760=CARTESIAN_POINT('',(0.0728189999999998,2.169531,2.325));
#7770=DIRECTION('',(0.,0.,1.));
#7780=VECTOR('',#7770,1.);
#7790=LINE('',#7760,#7780);
#7800=CARTESIAN_POINT('',(0.0728189999999998,2.169531,2.6));
#7810=VERTEX_POINT('',#7800);
#7820=EDGE_CURVE('',#7730,#7810,#7790,.T.);
#7830=ORIENTED_EDGE('',*,*,#7820,.F.);
#7840=CARTESIAN_POINT('',(-0.0251477347320566,2.169531,2.6));
#7850=DIRECTION('',(1.,0.,5.78241158658935E-18));
#7860=VECTOR('',#7850,1.);
#7870=LINE('',#7840,#7860);
#7880=EDGE_CURVE('',#3440,#7810,#7870,.T.);
#7890=ORIENTED_EDGE('',*,*,#7880,.T.);
#7900=EDGE_LOOP('',(#7890,#7830,#7750,#7670));
#7910=FACE_OUTER_BOUND('',#7900,.T.);
#7920=ADVANCED_FACE('',(#7910),#7660,.T.);
#7930=CARTESIAN_POINT('',(-1.74283400696029,1.469531,0.934510345014509))
;
#7940=DIRECTION('',(6.12303176911189E-17,1.,-3.74915180455534E-33));
#7950=DIRECTION('',(-1.,6.12303176911189E-17,6.12303176911188E-17));
#7960=AXIS2_PLACEMENT_3D('',#7930,#7940,#7950);
#7970=PLANE('',#7960);
#7980=CARTESIAN_POINT('',(0.,1.469531,1.05));
#7990=DIRECTION('',(1.,-6.12303176911189E-17,0.));
#8000=VECTOR('',#7990,1.);
#8010=LINE('',#7980,#8000);
#8020=CARTESIAN_POINT('',(-1.817181,1.469531,1.05));
#8030=VERTEX_POINT('',#8020);
#8040=EDGE_CURVE('',#8030,#6530,#8010,.T.);
#8050=ORIENTED_EDGE('',*,*,#8040,.T.);
#8060=CARTESIAN_POINT('',(-1.817181,1.469531,0.649999999999999));
#8070=DIRECTION('',(-6.12303176911189E-17,-1.,6.16297582203916E-33));
#8080=DIRECTION('',(1.,-6.12303176911189E-17,0.));
#8090=AXIS2_PLACEMENT_3D('',#8060,#8070,#8080);
#8100=CIRCLE('',#8090,0.4);
#8110=CARTESIAN_POINT('',(-2.217181,1.469531,0.649999999999999));
#8120=VERTEX_POINT('',#8110);
#8130=EDGE_CURVE('',#8030,#8120,#8100,.T.);
#8140=ORIENTED_EDGE('',*,*,#8130,.F.);
#8150=CARTESIAN_POINT('',(-2.217181,1.469531,15.625));
#8160=DIRECTION('',(-6.12303176911189E-17,6.16297582203916E-33,-1.));
#8170=VECTOR('',#8160,1.);
#8180=LINE('',#8150,#8170);
#8190=CARTESIAN_POINT('',(-2.217181,1.469531,0.549999999999997));
#8200=VERTEX_POINT('',#8190);
#8210=EDGE_CURVE('',#8120,#8200,#8180,.T.);
#8220=ORIENTED_EDGE('',*,*,#8210,.F.);
#8230=CARTESIAN_POINT('',(-3.10788179046229E-15,1.469531,
0.549999999999997));
#8240=DIRECTION('',(1.,-6.12303176911189E-17,-6.12303176911188E-17));
#8250=VECTOR('',#8240,1.);
#8260=LINE('',#8230,#8250);
#8270=CARTESIAN_POINT('',(-2.017181,1.469531,0.549999999999997));
#8280=VERTEX_POINT('',#8270);
#8290=EDGE_CURVE('',#8200,#8280,#8260,.T.);
#8300=ORIENTED_EDGE('',*,*,#8290,.F.);
#8310=CARTESIAN_POINT('',(-2.017181,1.469531,15.625));
#8320=DIRECTION('',(6.12303176911189E-17,-6.16297582203916E-33,1.));
#8330=VECTOR('',#8320,1.);
#8340=LINE('',#8310,#8330);
#8350=CARTESIAN_POINT('',(-2.017181,1.469531,0.649999999999999));
#8360=VERTEX_POINT('',#8350);
#8370=EDGE_CURVE('',#8280,#8360,#8340,.T.);
#8380=ORIENTED_EDGE('',*,*,#8370,.F.);
#8390=CARTESIAN_POINT('',(-1.817181,1.469531,0.649999999999999));
#8400=DIRECTION('',(6.12303176911189E-17,1.,-6.16297582203916E-33));
#8410=DIRECTION('',(-1.,6.12303176911189E-17,0.));
#8420=AXIS2_PLACEMENT_3D('',#8390,#8400,#8410);
#8430=CIRCLE('',#8420,0.2);
#8440=CARTESIAN_POINT('',(-1.817181,1.469531,0.850000000000001));
#8450=VERTEX_POINT('',#8440);
#8460=EDGE_CURVE('',#8360,#8450,#8430,.T.);
#8470=ORIENTED_EDGE('',*,*,#8460,.F.);
#8480=CARTESIAN_POINT('',(-3.10788179046229E-15,1.469531,
0.850000000000001));
#8490=DIRECTION('',(1.,-6.12303176911189E-17,-6.12303176911188E-17));
#8500=VECTOR('',#8490,1.);
#8510=LINE('',#8480,#8500);
#8520=CARTESIAN_POINT('',(0.782818999999997,1.469531,0.850000000000001))
;
#8530=VERTEX_POINT('',#8520);
#8540=EDGE_CURVE('',#8450,#8530,#8510,.T.);
#8550=ORIENTED_EDGE('',*,*,#8540,.F.);
#8560=CARTESIAN_POINT('',(0.782818999999997,1.469531,0.649999999999999))
;
#8570=DIRECTION('',(-6.12303176911189E-17,-1.,6.16297582203916E-33));
#8580=DIRECTION('',(1.,-6.12303176911189E-17,0.));
#8590=AXIS2_PLACEMENT_3D('',#8560,#8570,#8580);
#8600=CIRCLE('',#8590,0.2);
#8610=CARTESIAN_POINT('',(0.982818999999997,1.469531,0.649999999999999))
;
#8620=VERTEX_POINT('',#8610);
#8630=EDGE_CURVE('',#8620,#8530,#8600,.T.);
#8640=ORIENTED_EDGE('',*,*,#8630,.T.);
#8650=CARTESIAN_POINT('',(0.982818999999998,1.469531,15.625));
#8660=DIRECTION('',(-6.12303176911189E-17,6.16297582203916E-33,-1.));
#8670=VECTOR('',#8660,1.);
#8680=LINE('',#8650,#8670);
#8690=CARTESIAN_POINT('',(0.982818999999997,1.469531,0.549999999999997))
;
#8700=VERTEX_POINT('',#8690);
#8710=EDGE_CURVE('',#8620,#8700,#8680,.T.);
#8720=ORIENTED_EDGE('',*,*,#8710,.F.);
#8730=CARTESIAN_POINT('',(-3.10788179046229E-15,1.469531,
0.549999999999997));
#8740=DIRECTION('',(1.,-6.12303176911189E-17,-6.12303176911188E-17));
#8750=VECTOR('',#8740,1.);
#8760=LINE('',#8730,#8750);
#8770=CARTESIAN_POINT('',(1.182819,1.469531,0.549999999999997));
#8780=VERTEX_POINT('',#8770);
#8790=EDGE_CURVE('',#8700,#8780,#8760,.T.);
#8800=ORIENTED_EDGE('',*,*,#8790,.F.);
#8810=CARTESIAN_POINT('',(1.182819,1.469531,15.625));
#8820=DIRECTION('',(6.12303176911189E-17,-6.16297582203916E-33,1.));
#8830=VECTOR('',#8820,1.);
#8840=LINE('',#8810,#8830);
#8850=EDGE_CURVE('',#8780,#6640,#8840,.T.);
#8860=ORIENTED_EDGE('',*,*,#8850,.F.);
#8870=ORIENTED_EDGE('',*,*,#6650,.T.);
#8880=EDGE_LOOP('',(#8870,#8860,#8800,#8720,#8640,#8550,#8470,#8380,
#8300,#8220,#8140,#8050));
#8890=FACE_OUTER_BOUND('',#8880,.T.);
#8900=ADVANCED_FACE('',(#8890),#7970,.T.);
#8910=CARTESIAN_POINT('',(-0.202181000000001,-1.680469,2.325));
#8920=DIRECTION('',(-1.,3.70074341541719E-16,0.));
#8930=DIRECTION('',(3.70074341541719E-16,1.,0.));
#8940=AXIS2_PLACEMENT_3D('',#8910,#8920,#8930);
#8950=PLANE('',#8940);
#8960=ORIENTED_EDGE('',*,*,#1910,.F.);
#8970=ORIENTED_EDGE('',*,*,#3290,.T.);
#8980=ORIENTED_EDGE('',*,*,#2470,.T.);
#8990=CARTESIAN_POINT('',(-0.202181,-0.230469000000001,8.125));
#9000=DIRECTION('',(0.,0.,-1.));
#9010=VECTOR('',#9000,1.);
#9020=LINE('',#8990,#9010);
#9030=EDGE_CURVE('',#2380,#1880,#9020,.T.);
#9040=ORIENTED_EDGE('',*,*,#9030,.F.);
#9050=EDGE_LOOP('',(#9040,#8980,#8970,#8960));
#9060=FACE_OUTER_BOUND('',#9050,.T.);
#9070=ADVANCED_FACE('',(#9060),#8950,.T.);
#9080=CARTESIAN_POINT('',(1.182819,-0.657229038269148,18.9891723024965))
;
#9090=DIRECTION('',(-1.,0.,0.));
#9100=DIRECTION('',(0.,1.,0.));
#9110=AXIS2_PLACEMENT_3D('',#9080,#9090,#9100);
#9120=PLANE('',#9110);
#9130=CARTESIAN_POINT('',(1.182819,-1.930469,6.07400000000001));
#9140=DIRECTION('',(-1.22460635382238E-16,-1.,-1.77635683940025E-14));
#9150=VECTOR('',#9140,1.);
#9160=LINE('',#9130,#9150);
#9170=CARTESIAN_POINT('',(1.182819,-1.530469,6.07400000000001));
#9180=VERTEX_POINT('',#9170);
#9190=EDGE_CURVE('',#9180,#5930,#9160,.T.);
#9200=ORIENTED_EDGE('',*,*,#9190,.T.);
#9210=CARTESIAN_POINT('',(1.182819,-1.530469,5.62500000000001));
#9220=DIRECTION('',(0.,0.,1.));
#9230=VECTOR('',#9220,1.);
#9240=LINE('',#9210,#9230);
#9250=CARTESIAN_POINT('',(1.182819,-1.530469,6.42600000000001));
#9260=VERTEX_POINT('',#9250);
#9270=EDGE_CURVE('',#9180,#9260,#9240,.T.);
#9280=ORIENTED_EDGE('',*,*,#9270,.F.);
#9290=CARTESIAN_POINT('',(1.182819,-2.030469,6.42600000000001));
#9300=DIRECTION('',(1.22460635382238E-16,1.,0.));
#9310=VECTOR('',#9300,1.);
#9320=LINE('',#9290,#9310);
#9330=CARTESIAN_POINT('',(1.182819,-2.030469,6.42600000000001));
#9340=VERTEX_POINT('',#9330);
#9350=EDGE_CURVE('',#9340,#9260,#9320,.T.);
#9360=ORIENTED_EDGE('',*,*,#9350,.T.);
#9370=CARTESIAN_POINT('',(1.182819,-2.030469,6.52600000000001));
#9380=DIRECTION('',(5.43834468046348E-31,4.44089209850064E-15,-1.));
#9390=VECTOR('',#9380,1.);
#9400=LINE('',#9370,#9390);
#9410=CARTESIAN_POINT('',(1.182819,-2.030469,7.32400000000001));
#9420=VERTEX_POINT('',#9410);
#9430=EDGE_CURVE('',#9420,#9340,#9400,.T.);
#9440=ORIENTED_EDGE('',*,*,#9430,.T.);
#9450=CARTESIAN_POINT('',(1.182819,-2.030469,7.32400000000001));
#9460=DIRECTION('',(0.,1.,0.));
#9470=VECTOR('',#9460,1.);
#9480=LINE('',#9450,#9470);
#9490=CARTESIAN_POINT('',(1.182819,-1.530469,7.32400000000001));
#9500=VERTEX_POINT('',#9490);
#9510=EDGE_CURVE('',#9420,#9500,#9480,.T.);
#9520=ORIENTED_EDGE('',*,*,#9510,.F.);
#9530=CARTESIAN_POINT('',(1.182819,-1.530469,8.12500000000001));
#9540=DIRECTION('',(0.,0.,-1.));
#9550=VECTOR('',#9540,1.);
#9560=LINE('',#9530,#9550);
#9570=CARTESIAN_POINT('',(1.182819,-1.530469,7.67600000000001));
#9580=VERTEX_POINT('',#9570);
#9590=EDGE_CURVE('',#9580,#9500,#9560,.T.);
#9600=ORIENTED_EDGE('',*,*,#9590,.T.);
#9610=CARTESIAN_POINT('',(1.182819,-1.930469,7.676));
#9620=DIRECTION('',(0.,-1.,1.77635683940025E-14));
#9630=VECTOR('',#9620,1.);
#9640=LINE('',#9610,#9630);
#9650=CARTESIAN_POINT('',(1.182819,-2.030469,7.67600000000001));
#9660=VERTEX_POINT('',#9650);
#9670=EDGE_CURVE('',#9580,#9660,#9640,.T.);
#9680=ORIENTED_EDGE('',*,*,#9670,.F.);
#9690=CARTESIAN_POINT('',(1.182819,-2.030469,7.67600000000001));
#9700=DIRECTION('',(0.,0.,1.));
#9710=VECTOR('',#9700,1.);
#9720=LINE('',#9690,#9710);
#9730=CARTESIAN_POINT('',(1.182819,-2.030469,8.57400000000001));
#9740=VERTEX_POINT('',#9730);
#9750=EDGE_CURVE('',#9660,#9740,#9720,.T.);
#9760=ORIENTED_EDGE('',*,*,#9750,.F.);
#9770=CARTESIAN_POINT('',(1.182819,-4.44089209850063E-16,
8.57400000000001));
#9780=DIRECTION('',(0.,1.,0.));
#9790=VECTOR('',#9780,1.);
#9800=LINE('',#9770,#9790);
#9810=CARTESIAN_POINT('',(1.182819,-1.530469,8.57400000000001));
#9820=VERTEX_POINT('',#9810);
#9830=EDGE_CURVE('',#9740,#9820,#9800,.T.);
#9840=ORIENTED_EDGE('',*,*,#9830,.F.);
#9850=CARTESIAN_POINT('',(1.182819,-1.530469,9.37500000000001));
#9860=DIRECTION('',(0.,0.,-1.));
#9870=VECTOR('',#9860,1.);
#9880=LINE('',#9850,#9870);
#9890=CARTESIAN_POINT('',(1.182819,-1.530469,8.92600000000001));
#9900=VERTEX_POINT('',#9890);
#9910=EDGE_CURVE('',#9900,#9820,#9880,.T.);
#9920=ORIENTED_EDGE('',*,*,#9910,.T.);
#9930=CARTESIAN_POINT('',(1.182819,-4.44089209850063E-16,
8.92600000000001));
#9940=DIRECTION('',(0.,-1.,0.));
#9950=VECTOR('',#9940,1.);
#9960=LINE('',#9930,#9950);
#9970=CARTESIAN_POINT('',(1.182819,-2.030469,8.92600000000001));
#9980=VERTEX_POINT('',#9970);
#9990=EDGE_CURVE('',#9900,#9980,#9960,.T.);
#10000=ORIENTED_EDGE('',*,*,#9990,.F.);
#10010=CARTESIAN_POINT('',(1.182819,-2.030469,9.7));
#10020=DIRECTION('',(0.,0.,1.));
#10030=VECTOR('',#10020,1.);
#10040=LINE('',#10010,#10030);
#10050=CARTESIAN_POINT('',(1.182819,-2.030469,10.2));
#10060=VERTEX_POINT('',#10050);
#10070=EDGE_CURVE('',#9980,#10060,#10040,.T.);
#10080=ORIENTED_EDGE('',*,*,#10070,.F.);
#10090=CARTESIAN_POINT('',(1.182819,-4.44089209850063E-16,10.2));
#10100=DIRECTION('',(0.,1.,0.));
#10110=VECTOR('',#10100,1.);
#10120=LINE('',#10090,#10110);
#10130=CARTESIAN_POINT('',(1.182819,-1.330469,10.2));
#10140=VERTEX_POINT('',#10130);
#10150=EDGE_CURVE('',#10060,#10140,#10120,.T.);
#10160=ORIENTED_EDGE('',*,*,#10150,.F.);
#10170=CARTESIAN_POINT('',(1.182819,-1.330469,10.2));
#10180=DIRECTION('',(0.,0.,1.));
#10190=VECTOR('',#10180,1.);
#10200=LINE('',#10170,#10190);
#10210=CARTESIAN_POINT('',(1.182819,-1.330469,10.95));
#10220=VERTEX_POINT('',#10210);
#10230=EDGE_CURVE('',#10140,#10220,#10200,.T.);
#10240=ORIENTED_EDGE('',*,*,#10230,.F.);
#10250=CARTESIAN_POINT('',(1.182819,-4.44089209850063E-16,10.95));
#10260=DIRECTION('',(0.,1.,0.));
#10270=VECTOR('',#10260,1.);
#10280=LINE('',#10250,#10270);
#10290=CARTESIAN_POINT('',(1.182819,0.669531,10.95));
#10300=VERTEX_POINT('',#10290);
#10310=EDGE_CURVE('',#10220,#10300,#10280,.T.);
#10320=ORIENTED_EDGE('',*,*,#10310,.F.);
#10330=CARTESIAN_POINT('',(1.182819,0.669531,10.2));
#10340=DIRECTION('',(0.,0.,1.));
#10350=VECTOR('',#10340,1.);
#10360=LINE('',#10330,#10350);
#10370=CARTESIAN_POINT('',(1.182819,0.669531,10.7));
#10380=VERTEX_POINT('',#10370);
#10390=EDGE_CURVE('',#10380,#10300,#10360,.T.);
#10400=ORIENTED_EDGE('',*,*,#10390,.T.);
#10410=CARTESIAN_POINT('',(1.182819,1.469531,10.7));
#10420=DIRECTION('',(-1.83690953073357E-16,-1.,1.49966072182214E-32));
#10430=VECTOR('',#10420,1.);
#10440=LINE('',#10410,#10430);
#10450=CARTESIAN_POINT('',(1.182819,1.469531,10.7));
#10460=VERTEX_POINT('',#10450);
#10470=EDGE_CURVE('',#10460,#10380,#10440,.T.);
#10480=ORIENTED_EDGE('',*,*,#10470,.T.);
#10490=CARTESIAN_POINT('',(1.182819,1.469531,-4.37499999999999));
#10500=DIRECTION('',(-6.12303176911188E-17,-6.16297582203916E-33,-1.));
#10510=VECTOR('',#10500,1.);
#10520=LINE('',#10490,#10510);
#10530=CARTESIAN_POINT('',(1.182819,1.469531,10.6));
#10540=VERTEX_POINT('',#10530);
#10550=EDGE_CURVE('',#10460,#10540,#10520,.T.);
#10560=ORIENTED_EDGE('',*,*,#10550,.F.);
#10570=CARTESIAN_POINT('',(1.182819,-1.69340893358631E-16,10.6));
#10580=DIRECTION('',(-1.83690953073357E-16,-1.,8.83363139618221E-33));
#10590=VECTOR('',#10580,1.);
#10600=LINE('',#10570,#10590);
#10610=CARTESIAN_POINT('',(1.182819,0.669531,10.6));
#10620=VERTEX_POINT('',#10610);
#10630=EDGE_CURVE('',#10540,#10620,#10600,.T.);
#10640=ORIENTED_EDGE('',*,*,#10630,.F.);
#10650=CARTESIAN_POINT('',(1.182819,0.669531,10.2));
#10660=VERTEX_POINT('',#10650);
#10670=EDGE_CURVE('',#10660,#10620,#10360,.T.);
#10680=ORIENTED_EDGE('',*,*,#10670,.T.);
#10690=CARTESIAN_POINT('',(1.182819,2.769531,10.2));
#10700=VERTEX_POINT('',#10690);
#10710=EDGE_CURVE('',#10660,#10700,#10120,.T.);
#10720=ORIENTED_EDGE('',*,*,#10710,.F.);
#10730=CARTESIAN_POINT('',(1.182819,2.769531,8.125));
#10740=DIRECTION('',(0.,0.,-1.));
#10750=VECTOR('',#10740,1.);
#10760=LINE('',#10730,#10750);
#10770=CARTESIAN_POINT('',(1.182819,2.769531,1.05));
#10780=VERTEX_POINT('',#10770);
#10790=EDGE_CURVE('',#10700,#10780,#10760,.T.);
#10800=ORIENTED_EDGE('',*,*,#10790,.F.);
#10810=CARTESIAN_POINT('',(1.182819,1.44848766282183E-16,1.05));
#10820=DIRECTION('',(-1.22460635382238E-16,1.,0.));
#10830=VECTOR('',#10820,1.);
#10840=LINE('',#10810,#10830);
#10850=EDGE_CURVE('',#7100,#10780,#10840,.T.);
#10860=ORIENTED_EDGE('',*,*,#10850,.T.);
#10870=ORIENTED_EDGE('',*,*,#7110,.F.);
#10880=ORIENTED_EDGE('',*,*,#6730,.T.);
#10890=ORIENTED_EDGE('',*,*,#8850,.T.);
#10900=CARTESIAN_POINT('',(1.182819,1.469531,0.549999999999997));
#10910=DIRECTION('',(-6.12303176911188E-17,-1.,0.));
#10920=VECTOR('',#10910,1.);
#10930=LINE('',#10900,#10920);
#10940=EDGE_CURVE('',#8780,#110,#10930,.T.);
#10950=ORIENTED_EDGE('',*,*,#10940,.F.);
#10960=ORIENTED_EDGE('',*,*,#140,.F.);
#10970=CARTESIAN_POINT('',(1.182819,1.44848766282183E-16,
0.300000000000002));
#10980=DIRECTION('',(-1.22460635382238E-16,1.,0.));
#10990=VECTOR('',#10980,1.);
#11000=LINE('',#10970,#10990);
#11010=EDGE_CURVE('',#1020,#130,#11000,.T.);
#11020=ORIENTED_EDGE('',*,*,#11010,.T.);
#11030=ORIENTED_EDGE('',*,*,#1030,.T.);
#11040=CARTESIAN_POINT('',(1.182819,-2.030469,1.05));
#11050=VERTEX_POINT('',#11040);
#11060=EDGE_CURVE('',#11050,#920,#10840,.T.);
#11070=ORIENTED_EDGE('',*,*,#11060,.T.);
#11080=CARTESIAN_POINT('',(1.182819,-2.030469,1.55));
#11090=DIRECTION('',(0.,0.,-1.));
#11100=VECTOR('',#11090,1.);
#11110=LINE('',#11080,#11100);
#11120=CARTESIAN_POINT('',(1.182819,-2.030469,2.324));
#11130=VERTEX_POINT('',#11120);
#11140=EDGE_CURVE('',#11130,#11050,#11110,.T.);
#11150=ORIENTED_EDGE('',*,*,#11140,.T.);
#11160=CARTESIAN_POINT('',(1.182819,1.44848766282183E-16,2.324));
#11170=DIRECTION('',(1.22460635382238E-16,-1.,0.));
#11180=VECTOR('',#11170,1.);
#11190=LINE('',#11160,#11180);
#11200=CARTESIAN_POINT('',(1.182819,-1.530469,2.324));
#11210=VERTEX_POINT('',#11200);
#11220=EDGE_CURVE('',#11210,#11130,#11190,.T.);
#11230=ORIENTED_EDGE('',*,*,#11220,.T.);
#11240=CARTESIAN_POINT('',(1.182819,-1.530469,1.875));
#11250=DIRECTION('',(0.,0.,1.));
#11260=VECTOR('',#11250,1.);
#11270=LINE('',#11240,#11260);
#11280=CARTESIAN_POINT('',(1.182819,-1.530469,2.676));
#11290=VERTEX_POINT('',#11280);
#11300=EDGE_CURVE('',#11210,#11290,#11270,.T.);
#11310=ORIENTED_EDGE('',*,*,#11300,.F.);
#11320=CARTESIAN_POINT('',(1.182819,1.44848766282183E-16,2.676));
#11330=DIRECTION('',(-1.22460635382238E-16,1.,0.));
#11340=VECTOR('',#11330,1.);
#11350=LINE('',#11320,#11340);
#11360=CARTESIAN_POINT('',(1.182819,-2.030469,2.676));
#11370=VERTEX_POINT('',#11360);
#11380=EDGE_CURVE('',#11370,#11290,#11350,.T.);
#11390=ORIENTED_EDGE('',*,*,#11380,.T.);
#11400=CARTESIAN_POINT('',(1.182819,-2.030469,3.574));
#11410=DIRECTION('',(0.,0.,-1.));
#11420=VECTOR('',#11410,1.);
#11430=LINE('',#11400,#11420);
#11440=EDGE_CURVE('',#1480,#11370,#11430,.T.);
#11450=ORIENTED_EDGE('',*,*,#11440,.T.);
#11460=ORIENTED_EDGE('',*,*,#1730,.T.);
#11470=CARTESIAN_POINT('',(1.182819,-1.530469,3.125));
#11480=DIRECTION('',(0.,0.,1.));
#11490=VECTOR('',#11480,1.);
#11500=LINE('',#11470,#11490);
#11510=CARTESIAN_POINT('',(1.182819,-1.530469,3.926));
#11520=VERTEX_POINT('',#11510);
#11530=EDGE_CURVE('',#1660,#11520,#11500,.T.);
#11540=ORIENTED_EDGE('',*,*,#11530,.F.);
#11550=CARTESIAN_POINT('',(1.182819,-2.030469,3.926));
#11560=DIRECTION('',(-1.22460635382238E-16,1.,0.));
#11570=VECTOR('',#11560,1.);
#11580=LINE('',#11550,#11570);
#11590=CARTESIAN_POINT('',(1.182819,-2.030469,3.926));
#11600=VERTEX_POINT('',#11590);
#11610=EDGE_CURVE('',#11600,#11520,#11580,.T.);
#11620=ORIENTED_EDGE('',*,*,#11610,.T.);
#11630=CARTESIAN_POINT('',(1.182819,-2.030469,4.724));
#11640=DIRECTION('',(0.,4.44089209850064E-15,1.));
#11650=VECTOR('',#11640,1.);
#11660=LINE('',#11630,#11650);
#11670=CARTESIAN_POINT('',(1.182819,-2.030469,4.824));
#11680=VERTEX_POINT('',#11670);
#11690=EDGE_CURVE('',#11600,#11680,#11660,.T.);
#11700=ORIENTED_EDGE('',*,*,#11690,.F.);
#11710=CARTESIAN_POINT('',(1.182819,-2.030469,4.824));
#11720=DIRECTION('',(0.,1.,0.));
#11730=VECTOR('',#11720,1.);
#11740=LINE('',#11710,#11730);
#11750=CARTESIAN_POINT('',(1.182819,-1.530469,4.824));
#11760=VERTEX_POINT('',#11750);
#11770=EDGE_CURVE('',#11680,#11760,#11740,.T.);
#11780=ORIENTED_EDGE('',*,*,#11770,.F.);
#11790=CARTESIAN_POINT('',(1.182819,-1.530469,5.625));
#11800=DIRECTION('',(0.,0.,-1.));
#11810=VECTOR('',#11800,1.);
#11820=LINE('',#11790,#11810);
#11830=EDGE_CURVE('',#3660,#11760,#11820,.T.);
#11840=ORIENTED_EDGE('',*,*,#11830,.T.);
#11850=ORIENTED_EDGE('',*,*,#3690,.F.);
#11860=ORIENTED_EDGE('',*,*,#6020,.F.);
#11870=EDGE_LOOP('',(#11860,#11850,#11840,#11780,#11700,#11620,#11540,
#11460,#11450,#11390,#11310,#11230,#11150,#11070,#11030,#11020,#10960,
#10950,#10890,#10880,#10870,#10860,#10800,#10720,#10680,#10640,#10560,
#10480,#10400,#10320,#10240,#10160,#10080,#10000,#9920,#9840,#9760,#9680
,#9600,#9520,#9440,#9360,#9280,#9200));
#11880=FACE_OUTER_BOUND('',#11870,.T.);
#11890=ADVANCED_FACE('',(#11880),#9120,.F.);
#11900=CARTESIAN_POINT('',(0.147819,1.769531,3.575));
#11910=DIRECTION('',(1.,2.31296463463574E-17,0.));
#11920=DIRECTION('',(2.31296463463574E-17,-1.,0.));
#11930=AXIS2_PLACEMENT_3D('',#11900,#11910,#11920);
#11940=PLANE('',#11930);
#11950=CARTESIAN_POINT('',(0.147819,-0.230469000000001,8.125));
#11960=DIRECTION('',(0.,0.,1.));
#11970=VECTOR('',#11960,1.);
#11980=LINE('',#11950,#11970);
#11990=EDGE_CURVE('',#6250,#6950,#11980,.T.);
#12000=ORIENTED_EDGE('',*,*,#11990,.F.);
#12010=ORIENTED_EDGE('',*,*,#6960,.F.);
#12020=ORIENTED_EDGE('',*,*,#2710,.F.);
#12030=ORIENTED_EDGE('',*,*,#6320,.T.);
#12040=EDGE_LOOP('',(#12030,#12020,#12010,#12000));
#12050=FACE_OUTER_BOUND('',#12040,.T.);
#12060=ADVANCED_FACE('',(#12050),#11940,.T.);
#12070=CARTESIAN_POINT('',(-4.1036834,2.169531,2.6));
#12080=DIRECTION('',(5.60976323348313E-18,-0.242535625036333,
-0.970142500145332));
#12090=DIRECTION('',(2.24390529339325E-17,-0.970142500145332,
0.242535625036333));
#12100=AXIS2_PLACEMENT_3D('',#12070,#12080,#12090);
#12110=PLANE('',#12100);
#12120=ORIENTED_EDGE('',*,*,#7880,.F.);
#12130=CARTESIAN_POINT('',(0.708215107865424,-0.372053431461694,
3.23539610786542));
#12140=DIRECTION('',(0.235702260395516,-0.942809041582063,
0.235702260395516));
#12150=VECTOR('',#12140,1.);
#12160=LINE('',#12130,#12150);
#12170=EDGE_CURVE('',#7810,#2300,#12160,.T.);
#12180=ORIENTED_EDGE('',*,*,#12170,.F.);
#12190=ORIENTED_EDGE('',*,*,#2530,.F.);
#12200=ORIENTED_EDGE('',*,*,#3510,.F.);
#12210=EDGE_LOOP('',(#12200,#12190,#12180,#12120));
#12220=FACE_OUTER_BOUND('',#12210,.T.);
#12230=ADVANCED_FACE('',(#12220),#12110,.F.);
#12240=CARTESIAN_POINT('',(-4.1036834,1.869531,2.325));
#12250=DIRECTION('',(5.60976323348313E-18,-0.242535625036333,
0.970142500145332));
#12260=DIRECTION('',(-2.24390529339325E-17,0.970142500145332,
0.242535625036333));
#12270=AXIS2_PLACEMENT_3D('',#12240,#12250,#12260);
#12280=PLANE('',#12270);
#12290=ORIENTED_EDGE('',*,*,#7740,.T.);
#12300=ORIENTED_EDGE('',*,*,#3370,.T.);
#12310=ORIENTED_EDGE('',*,*,#2130,.F.);
#12320=CARTESIAN_POINT('',(0.708215107865424,-0.372053431461694,
1.76460389213458));
#12330=DIRECTION('',(0.235702260395516,-0.942809041582063,
-0.235702260395516));
#12340=VECTOR('',#12330,1.);
#12350=LINE('',#12320,#12340);
#12360=EDGE_CURVE('',#7730,#2060,#12350,.T.);
#12370=ORIENTED_EDGE('',*,*,#12360,.T.);
#12380=EDGE_LOOP('',(#12370,#12310,#12300,#12290));
#12390=FACE_OUTER_BOUND('',#12380,.T.);
#12400=ADVANCED_FACE('',(#12390),#12280,.F.);
#12410=CARTESIAN_POINT('',(-1.017181,-2.030469,6.875));
#12420=DIRECTION('',(1.,0.,0.));
#12430=DIRECTION('',(0.,1.,0.));
#12440=AXIS2_PLACEMENT_3D('',#12410,#12420,#12430);
#12450=PLANE('',#12440);
#12460=CARTESIAN_POINT('',(-1.017181,-5.41569183216354E-16,
6.07400000000001));
#12470=DIRECTION('',(-1.22460635382238E-16,-1.,0.));
#12480=VECTOR('',#12470,1.);
#12490=LINE('',#12460,#12480);
#12500=CARTESIAN_POINT('',(-1.017181,-1.530469,6.07400000000001));
#12510=VERTEX_POINT('',#12500);
#12520=EDGE_CURVE('',#12510,#5950,#12490,.T.);
#12530=ORIENTED_EDGE('',*,*,#12520,.F.);
#12540=ORIENTED_EDGE('',*,*,#6090,.F.);
#12550=ORIENTED_EDGE('',*,*,#3850,.T.);
#12560=CARTESIAN_POINT('',(-1.017181,-1.530469,0.625000000000004));
#12570=DIRECTION('',(0.,0.,-1.));
#12580=VECTOR('',#12570,1.);
#12590=LINE('',#12560,#12580);
#12600=EDGE_CURVE('',#12510,#3760,#12590,.T.);
#12610=ORIENTED_EDGE('',*,*,#12600,.T.);
#12620=EDGE_LOOP('',(#12610,#12550,#12540,#12530));
#12630=FACE_OUTER_BOUND('',#12620,.T.);
#12640=ADVANCED_FACE('',(#12630),#12450,.F.);
#12650=CARTESIAN_POINT('',(-4.1036834,1.869531,3.575));
#12660=DIRECTION('',(5.60976323348313E-18,-0.242535625036333,
0.970142500145332));
#12670=DIRECTION('',(-2.24390529339325E-17,0.970142500145332,
0.242535625036333));
#12680=AXIS2_PLACEMENT_3D('',#12650,#12660,#12670);
#12690=PLANE('',#12680);
#12700=ORIENTED_EDGE('',*,*,#5090,.T.);
#12710=ORIENTED_EDGE('',*,*,#7330,.T.);
#12720=ORIENTED_EDGE('',*,*,#6380,.F.);
#12730=ORIENTED_EDGE('',*,*,#2930,.T.);
#12740=EDGE_LOOP('',(#12730,#12720,#12710,#12700));
#12750=FACE_OUTER_BOUND('',#12740,.T.);
#12760=ADVANCED_FACE('',(#12750),#12690,.F.);
#12770=CARTESIAN_POINT('',(1.182819,1.469531,0.549999999999997));
#12780=DIRECTION('',(-6.12303176911188E-17,3.74915180455534E-33,-1.));
#12790=DIRECTION('',(1.,-6.12303176911189E-17,-6.12303176911188E-17));
#12800=AXIS2_PLACEMENT_3D('',#12770,#12780,#12790);
#12810=PLANE('',#12800);
#12820=CARTESIAN_POINT('',(0.982818999999997,1.469531,0.549999999999997)
);
#12830=DIRECTION('',(-6.12303176911188E-17,-1.,0.));
#12840=VECTOR('',#12830,1.);
#12850=LINE('',#12820,#12840);
#12860=EDGE_CURVE('',#8700,#210,#12850,.T.);
#12870=ORIENTED_EDGE('',*,*,#12860,.F.);
#12880=ORIENTED_EDGE('',*,*,#220,.T.);
#12890=ORIENTED_EDGE('',*,*,#10940,.T.);
#12900=ORIENTED_EDGE('',*,*,#8790,.T.);
#12910=EDGE_LOOP('',(#12900,#12890,#12880,#12870));
#12920=FACE_OUTER_BOUND('',#12910,.T.);
#12930=ADVANCED_FACE('',(#12920),#12810,.T.);
#12940=CARTESIAN_POINT('',(0.0728189999999997,2.169531,2.325));
#12950=DIRECTION('',(0.970142500145332,0.242535625036333,0.));
#12960=DIRECTION('',(0.242535625036333,-0.970142500145332,0.));
#12970=AXIS2_PLACEMENT_3D('',#12940,#12950,#12960);
#12980=PLANE('',#12970);
#12990=ORIENTED_EDGE('',*,*,#7560,.T.);
#13000=ORIENTED_EDGE('',*,*,#12170,.T.);
#13010=ORIENTED_EDGE('',*,*,#7820,.T.);
#13020=ORIENTED_EDGE('',*,*,#12360,.F.);
#13030=EDGE_LOOP('',(#13020,#13010,#13000,#12990));
#13040=FACE_OUTER_BOUND('',#13030,.T.);
#13050=ADVANCED_FACE('',(#13040),#12980,.T.);
#13060=CARTESIAN_POINT('',(-2.217181,-2.030469,3.574));
#13070=DIRECTION('',(1.,0.,0.));
#13080=VECTOR('',#13070,1.);
#13090=LINE('',#13060,#13080);
#13100=CARTESIAN_POINT('',(-2.217181,-2.030469,3.574));
#13110=VERTEX_POINT('',#13100);
#13120=CARTESIAN_POINT('',(-1.517181,-2.030469,3.574));
#13130=VERTEX_POINT('',#13120);
#13140=EDGE_CURVE('',#13110,#13130,#13090,.T.);
#13150=ORIENTED_EDGE('',*,*,#13140,.T.);
#13160=CARTESIAN_POINT('',(-2.217181,-2.71517394017425E-16,3.574));
#13170=DIRECTION('',(1.22460635382238E-16,-1.,0.));
#13180=VECTOR('',#13170,1.);
#13190=LINE('',#13160,#13180);
#13200=CARTESIAN_POINT('',(-2.217181,-1.530469,3.574));
#13210=VERTEX_POINT('',#13200);
#13220=EDGE_CURVE('',#13210,#13110,#13190,.T.);
#13230=ORIENTED_EDGE('',*,*,#13220,.T.);
#13240=CARTESIAN_POINT('',(0.,-1.530469,3.574));
#13250=DIRECTION('',(-1.,-1.22460635382238E-16,0.));
#13260=VECTOR('',#13250,1.);
#13270=LINE('',#13240,#13260);
#13280=CARTESIAN_POINT('',(-1.517181,-1.530469,3.574));
#13290=VERTEX_POINT('',#13280);
#13300=EDGE_CURVE('',#13290,#13210,#13270,.T.);
#13310=ORIENTED_EDGE('',*,*,#13300,.T.);
#13320=CARTESIAN_POINT('',(-1.517181,0.,3.574));
#13330=DIRECTION('',(-1.22460635382238E-16,1.,0.));
#13340=VECTOR('',#13330,1.);
#13350=LINE('',#13320,#13340);
#13360=EDGE_CURVE('',#13130,#13290,#13350,.T.);
#13370=ORIENTED_EDGE('',*,*,#13360,.T.);
#13380=EDGE_LOOP('',(#13370,#13310,#13230,#13150));
#13390=FACE_OUTER_BOUND('',#13380,.T.);
#13400=ADVANCED_FACE('',(#13390),#1420,.F.);
#13410=CARTESIAN_POINT('',(1.182819,-2.030469,4.026));
#13420=DIRECTION('',(1.22460635382238E-16,-1.,-4.44089209850064E-15));
#13430=DIRECTION('',(5.43834468046348E-31,-4.44089209850064E-15,1.));
#13440=AXIS2_PLACEMENT_3D('',#13410,#13420,#13430);
#13450=PLANE('',#13440);
#13460=CARTESIAN_POINT('',(1.182819,-2.030469,3.926));
#13470=DIRECTION('',(-1.,-1.22460635382238E-16,0.));
#13480=VECTOR('',#13470,1.);
#13490=LINE('',#13460,#13480);
#13500=CARTESIAN_POINT('',(-1.017181,-2.030469,3.926));
#13510=VERTEX_POINT('',#13500);
#13520=EDGE_CURVE('',#11600,#13510,#13490,.T.);
#13530=ORIENTED_EDGE('',*,*,#13520,.F.);
#13540=CARTESIAN_POINT('',(-1.017181,-2.03046899999998,8.75));
#13550=DIRECTION('',(-2.45026437174664E-31,4.44089209850064E-15,1.));
#13560=VECTOR('',#13550,1.);
#13570=LINE('',#13540,#13560);
#13580=CARTESIAN_POINT('',(-1.017181,-2.030469,4.824));
#13590=VERTEX_POINT('',#13580);
#13600=EDGE_CURVE('',#13510,#13590,#13570,.T.);
#13610=ORIENTED_EDGE('',*,*,#13600,.F.);
#13620=CARTESIAN_POINT('',(1.182819,-2.030469,4.824));
#13630=DIRECTION('',(-1.,0.,0.));
#13640=VECTOR('',#13630,1.);
#13650=LINE('',#13620,#13640);
#13660=EDGE_CURVE('',#11680,#13590,#13650,.T.);
#13670=ORIENTED_EDGE('',*,*,#13660,.T.);
#13680=ORIENTED_EDGE('',*,*,#11690,.T.);
#13690=EDGE_LOOP('',(#13680,#13670,#13610,#13530));
#13700=FACE_OUTER_BOUND('',#13690,.T.);
#13710=ADVANCED_FACE('',(#13700),#13450,.T.);
#13720=CARTESIAN_POINT('',(-2.217181,-1.330469,1.05));
#13730=DIRECTION('',(1.22460635382238E-16,-1.,0.));
#13740=DIRECTION('',(1.,1.22460635382238E-16,0.));
#13750=AXIS2_PLACEMENT_3D('',#13720,#13730,#13740);
#13760=PLANE('',#13750);
#13770=CARTESIAN_POINT('',(-2.217181,-1.330469,6.875));
#13780=DIRECTION('',(0.,0.,1.));
#13790=VECTOR('',#13780,1.);
#13800=LINE('',#13770,#13790);
#13810=CARTESIAN_POINT('',(-2.217181,-1.330469,0.300000000000002));
#13820=VERTEX_POINT('',#13810);
#13830=CARTESIAN_POINT('',(-2.217181,-1.330469,1.05));
#13840=VERTEX_POINT('',#13830);
#13850=EDGE_CURVE('',#13820,#13840,#13800,.T.);
#13860=ORIENTED_EDGE('',*,*,#13850,.F.);
#13870=CARTESIAN_POINT('',(-3.60337459740302E-18,-1.330469,1.05));
#13880=DIRECTION('',(-1.,-1.22460635382238E-16,0.));
#13890=VECTOR('',#13880,1.);
#13900=LINE('',#13870,#13890);
#13910=CARTESIAN_POINT('',(-1.717181,-1.330469,1.05));
#13920=VERTEX_POINT('',#13910);
#13930=EDGE_CURVE('',#13920,#13840,#13900,.T.);
#13940=ORIENTED_EDGE('',*,*,#13930,.T.);
#13950=CARTESIAN_POINT('',(-1.717181,-1.330469,1.875));
#13960=DIRECTION('',(0.,0.,-1.));
#13970=VECTOR('',#13960,1.);
#13980=LINE('',#13950,#13970);
#13990=CARTESIAN_POINT('',(-1.717181,-1.330469,0.840000000000002));
#14000=VERTEX_POINT('',#13990);
#14010=EDGE_CURVE('',#13920,#14000,#13980,.T.);
#14020=ORIENTED_EDGE('',*,*,#14010,.F.);
#14030=CARTESIAN_POINT('',(0.,-1.330469,0.840000000000002));
#14040=DIRECTION('',(-1.,0.,0.));
#14050=VECTOR('',#14040,1.);
#14060=LINE('',#14030,#14050);
#14070=CARTESIAN_POINT('',(-1.417181,-1.330469,0.840000000000002));
#14080=VERTEX_POINT('',#14070);
#14090=EDGE_CURVE('',#14080,#14000,#14060,.T.);
#14100=ORIENTED_EDGE('',*,*,#14090,.T.);
#14110=CARTESIAN_POINT('',(-1.417181,-1.330469,8.125));
#14120=DIRECTION('',(0.,0.,-1.));
#14130=VECTOR('',#14120,1.);
#14140=LINE('',#14110,#14130);
#14150=CARTESIAN_POINT('',(-1.417181,-1.330469,0.300000000000002));
#14160=VERTEX_POINT('',#14150);
#14170=EDGE_CURVE('',#14080,#14160,#14140,.T.);
#14180=ORIENTED_EDGE('',*,*,#14170,.F.);
#14190=CARTESIAN_POINT('',(-1.017181,-1.330469,0.300000000000002));
#14200=DIRECTION('',(1.,1.22460635382238E-16,0.));
#14210=VECTOR('',#14200,1.);
#14220=LINE('',#14190,#14210);
#14230=EDGE_CURVE('',#13820,#14160,#14220,.T.);
#14240=ORIENTED_EDGE('',*,*,#14230,.T.);
#14250=EDGE_LOOP('',(#14240,#14180,#14100,#14020,#13940,#13860));
#14260=FACE_OUTER_BOUND('',#14250,.T.);
#14270=ADVANCED_FACE('',(#14260),#13760,.T.);
#14280=CARTESIAN_POINT('',(-1.517181,-1.530469,3.125));
#14290=DIRECTION('',(1.,1.22460635382238E-16,0.));
#14300=DIRECTION('',(1.22460635382238E-16,-1.,0.));
#14310=AXIS2_PLACEMENT_3D('',#14280,#14290,#14300);
#14320=PLANE('',#14310);
#14330=CARTESIAN_POINT('',(-1.517181,-3.62496556751725E-17,4.824));
#14340=DIRECTION('',(0.,-1.,0.));
#14350=VECTOR('',#14340,1.);
#14360=LINE('',#14330,#14350);
#14370=CARTESIAN_POINT('',(-1.517181,-1.530469,4.824));
#14380=VERTEX_POINT('',#14370);
#14390=CARTESIAN_POINT('',(-1.517181,-2.030469,4.824));
#14400=VERTEX_POINT('',#14390);
#14410=EDGE_CURVE('',#14380,#14400,#14360,.T.);
#14420=ORIENTED_EDGE('',*,*,#14410,.T.);
#14430=CARTESIAN_POINT('',(-1.517181,-1.530469,5.625));
#14440=DIRECTION('',(0.,0.,-1.));
#14450=VECTOR('',#14440,1.);
#14460=LINE('',#14430,#14450);
#14470=CARTESIAN_POINT('',(-1.517181,-1.530469,3.926));
#14480=VERTEX_POINT('',#14470);
#14490=EDGE_CURVE('',#14380,#14480,#14460,.T.);
#14500=ORIENTED_EDGE('',*,*,#14490,.F.);
#14510=CARTESIAN_POINT('',(-1.517181,0.,3.926));
#14520=DIRECTION('',(1.22460635382238E-16,-1.,0.));
#14530=VECTOR('',#14520,1.);
#14540=LINE('',#14510,#14530);
#14550=CARTESIAN_POINT('',(-1.517181,-2.030469,3.926));
#14560=VERTEX_POINT('',#14550);
#14570=EDGE_CURVE('',#14480,#14560,#14540,.T.);
#14580=ORIENTED_EDGE('',*,*,#14570,.F.);
#14590=CARTESIAN_POINT('',(-1.517181,-2.030469,5.625));
#14600=DIRECTION('',(0.,0.,-1.));
#14610=VECTOR('',#14600,1.);
#14620=LINE('',#14590,#14610);
#14630=EDGE_CURVE('',#14400,#14560,#14620,.T.);
#14640=ORIENTED_EDGE('',*,*,#14630,.T.);
#14650=EDGE_LOOP('',(#14640,#14580,#14500,#14420));
#14660=FACE_OUTER_BOUND('',#14650,.T.);
#14670=ADVANCED_FACE('',(#14660),#14320,.T.);
#14680=CARTESIAN_POINT('',(-0.0251477347320566,-0.372053431461694,4.825)
);
#14690=DIRECTION('',(0.,0.,1.));
#14700=DIRECTION('',(1.,0.,0.));
#14710=AXIS2_PLACEMENT_3D('',#14680,#14690,#14700);
#14720=PLANE('',#14710);
#14730=CARTESIAN_POINT('',(-0.202181,-0.372053431461694,4.825));
#14740=DIRECTION('',(3.70074341541719E-16,1.,0.));
#14750=VECTOR('',#14740,1.);
#14760=LINE('',#14730,#14750);
#14770=CARTESIAN_POINT('',(-0.202181,-0.230469000000001,4.825));
#14780=VERTEX_POINT('',#14770);
#14790=CARTESIAN_POINT('',(-0.202181,1.869531,4.825));
#14800=VERTEX_POINT('',#14790);
#14810=EDGE_CURVE('',#14780,#14800,#14760,.T.);
#14820=ORIENTED_EDGE('',*,*,#14810,.T.);
#14830=CARTESIAN_POINT('',(0.,-0.230469000000001,4.825));
#14840=DIRECTION('',(-1.,0.,0.));
#14850=VECTOR('',#14840,1.);
#14860=LINE('',#14830,#14850);
#14870=CARTESIAN_POINT('',(0.147819,-0.230469000000001,4.825));
#14880=VERTEX_POINT('',#14870);
#14890=EDGE_CURVE('',#14880,#14780,#14860,.T.);
#14900=ORIENTED_EDGE('',*,*,#14890,.T.);
#14910=CARTESIAN_POINT('',(0.147819,-0.372053431461694,4.825));
#14920=DIRECTION('',(-2.31296463463574E-17,1.,0.));
#14930=VECTOR('',#14920,1.);
#14940=LINE('',#14910,#14930);
#14950=CARTESIAN_POINT('',(0.147819,1.869531,4.825));
#14960=VERTEX_POINT('',#14950);
#14970=EDGE_CURVE('',#14880,#14960,#14940,.T.);
#14980=ORIENTED_EDGE('',*,*,#14970,.F.);
#14990=CARTESIAN_POINT('',(-0.0251477347320566,1.869531,4.825));
#15000=DIRECTION('',(1.,2.31296463463574E-17,0.));
#15010=VECTOR('',#15000,1.);
#15020=LINE('',#14990,#15010);
#15030=EDGE_CURVE('',#14800,#14960,#15020,.T.);
#15040=ORIENTED_EDGE('',*,*,#15030,.T.);
#15050=EDGE_LOOP('',(#15040,#14980,#14900,#14820));
#15060=FACE_OUTER_BOUND('',#15050,.T.);
#15070=ADVANCED_FACE('',(#15060),#14720,.F.);
#15080=CARTESIAN_POINT('',(-2.5571834,-1.530469,2.324));
#15090=DIRECTION('',(0.,0.,-1.));
#15100=DIRECTION('',(1.22460635382238E-16,-1.,0.));
#15110=AXIS2_PLACEMENT_3D('',#15080,#15090,#15100);
#15120=PLANE('',#15110);
#15130=CARTESIAN_POINT('',(-2.217181,-2.030469,2.324));
#15140=DIRECTION('',(1.,0.,0.));
#15150=VECTOR('',#15140,1.);
#15160=LINE('',#15130,#15150);
#15170=CARTESIAN_POINT('',(-2.217181,-2.030469,2.324));
#15180=VERTEX_POINT('',#15170);
#15190=CARTESIAN_POINT('',(-1.517181,-2.030469,2.324));
#15200=VERTEX_POINT('',#15190);
#15210=EDGE_CURVE('',#15180,#15200,#15160,.T.);
#15220=ORIENTED_EDGE('',*,*,#15210,.T.);
#15230=CARTESIAN_POINT('',(-2.217181,-2.030469,2.324));
#15240=DIRECTION('',(0.,1.,0.));
#15250=VECTOR('',#15240,1.);
#15260=LINE('',#15230,#15250);
#15270=CARTESIAN_POINT('',(-2.217181,-1.530469,2.324));
#15280=VERTEX_POINT('',#15270);
#15290=EDGE_CURVE('',#15180,#15280,#15260,.T.);
#15300=ORIENTED_EDGE('',*,*,#15290,.F.);
#15310=CARTESIAN_POINT('',(0.,-1.530469,2.324));
#15320=DIRECTION('',(-1.,-1.22460635382238E-16,0.));
#15330=VECTOR('',#15320,1.);
#15340=LINE('',#15310,#15330);
#15350=CARTESIAN_POINT('',(-1.517181,-1.530469,2.324));
#15360=VERTEX_POINT('',#15350);
#15370=EDGE_CURVE('',#15360,#15280,#15340,.T.);
#15380=ORIENTED_EDGE('',*,*,#15370,.T.);
#15390=CARTESIAN_POINT('',(-1.517181,0.,2.324));
#15400=DIRECTION('',(-1.22460635382238E-16,1.,0.));
#15410=VECTOR('',#15400,1.);
#15420=LINE('',#15390,#15410);
#15430=EDGE_CURVE('',#15200,#15360,#15420,.T.);
#15440=ORIENTED_EDGE('',*,*,#15430,.T.);
#15450=EDGE_LOOP('',(#15440,#15380,#15300,#15220));
#15460=FACE_OUTER_BOUND('',#15450,.T.);
#15470=ADVANCED_FACE('',(#15460),#15120,.F.);
#15480=CARTESIAN_POINT('',(0.372818999999999,2.669531,1.05));
#15490=DIRECTION('',(-1.,-5.55111512312579E-16,0.));
#15500=DIRECTION('',(5.55111512312579E-16,-1.,0.));
#15510=AXIS2_PLACEMENT_3D('',#15480,#15490,#15500);
#15520=PLANE('',#15510);
#15530=CARTESIAN_POINT('',(0.372818999999999,1.769531,1.55));
#15540=DIRECTION('',(0.,0.,-1.));
#15550=VECTOR('',#15540,1.);
#15560=LINE('',#15530,#15550);
#15570=CARTESIAN_POINT('',(0.372818999999999,1.769531,1.55));
#15580=VERTEX_POINT('',#15570);
#15590=CARTESIAN_POINT('',(0.372818999999999,1.769531,1.05));
#15600=VERTEX_POINT('',#15590);
#15610=EDGE_CURVE('',#15580,#15600,#15560,.T.);
#15620=ORIENTED_EDGE('',*,*,#15610,.F.);
#15630=CARTESIAN_POINT('',(0.372819,-0.230469,1.05));
#15640=DIRECTION('',(-2.33482937844753E-16,1.,0.));
#15650=VECTOR('',#15640,1.);
#15660=LINE('',#15630,#15650);
#15670=CARTESIAN_POINT('',(0.372818999999999,2.769531,1.05));
#15680=VERTEX_POINT('',#15670);
#15690=EDGE_CURVE('',#15600,#15680,#15660,.T.);
#15700=ORIENTED_EDGE('',*,*,#15690,.F.);
#15710=CARTESIAN_POINT('',(0.372818999999999,2.769531,1.05));
#15720=DIRECTION('',(0.,0.,1.));
#15730=VECTOR('',#15720,1.);
#15740=LINE('',#15710,#15730);
#15750=CARTESIAN_POINT('',(0.372818999999999,2.769531,1.55));
#15760=VERTEX_POINT('',#15750);
#15770=EDGE_CURVE('',#15680,#15760,#15740,.T.);
#15780=ORIENTED_EDGE('',*,*,#15770,.F.);
#15790=CARTESIAN_POINT('',(0.372819,-0.230469,1.55));
#15800=DIRECTION('',(-2.33482937844753E-16,1.,0.));
#15810=VECTOR('',#15800,1.);
#15820=LINE('',#15790,#15810);
#15830=EDGE_CURVE('',#15580,#15760,#15820,.T.);
#15840=ORIENTED_EDGE('',*,*,#15830,.T.);
#15850=EDGE_LOOP('',(#15840,#15780,#15700,#15620));
#15860=FACE_OUTER_BOUND('',#15850,.T.);
#15870=ADVANCED_FACE('',(#15860),#15520,.T.);
#15880=CARTESIAN_POINT('',(-0.202181,1.869531,4.825));
#15890=DIRECTION('',(-0.970142500145332,0.242535625036333,0.));
#15900=DIRECTION('',(0.242535625036333,0.970142500145332,0.));
#15910=AXIS2_PLACEMENT_3D('',#15880,#15890,#15900);
#15920=PLANE('',#15910);
#15930=CARTESIAN_POINT('',(-0.202180999999999,1.869531,4.825));
#15940=DIRECTION('',(0.,0.,-1.));
#15950=VECTOR('',#15940,1.);
#15960=LINE('',#15930,#15950);
#15970=CARTESIAN_POINT('',(-0.202181,1.869531,5.175));
#15980=VERTEX_POINT('',#15970);
#15990=EDGE_CURVE('',#15980,#14800,#15960,.T.);
#16000=ORIENTED_EDGE('',*,*,#15990,.F.);
#16010=CARTESIAN_POINT('',(-0.762577107865425,-0.372053431461694,
4.26460389213458));
#16020=DIRECTION('',(0.235702260395516,0.942809041582063,
0.235702260395516));
#16030=VECTOR('',#16020,1.);
#16040=LINE('',#16010,#16030);
#16050=CARTESIAN_POINT('',(-0.127180999999999,2.169531,4.9));
#16060=VERTEX_POINT('',#16050);
#16070=EDGE_CURVE('',#14800,#16060,#16040,.T.);
#16080=ORIENTED_EDGE('',*,*,#16070,.F.);
#16090=CARTESIAN_POINT('',(-0.127180999999999,2.169531,4.825));
#16100=DIRECTION('',(0.,0.,-1.));
#16110=VECTOR('',#16100,1.);
#16120=LINE('',#16090,#16110);
#16130=CARTESIAN_POINT('',(-0.127180999999999,2.169531,5.1));
#16140=VERTEX_POINT('',#16130);
#16150=EDGE_CURVE('',#16140,#16060,#16120,.T.);
#16160=ORIENTED_EDGE('',*,*,#16150,.T.);
#16170=CARTESIAN_POINT('',(-0.762577107865425,-0.372053431461694,
5.73539610786542));
#16180=DIRECTION('',(0.235702260395516,0.942809041582063,
-0.235702260395516));
#16190=VECTOR('',#16180,1.);
#16200=LINE('',#16170,#16190);
#16210=EDGE_CURVE('',#15980,#16140,#16200,.T.);
#16220=ORIENTED_EDGE('',*,*,#16210,.T.);
#16230=EDGE_LOOP('',(#16220,#16160,#16080,#16000));
#16240=FACE_OUTER_BOUND('',#16230,.T.);
#16250=ADVANCED_FACE('',(#16240),#15920,.T.);
#16260=CARTESIAN_POINT('',(1.182819,-2.030469,2.324));
#16270=DIRECTION('',(1.22460635382238E-16,-1.,1.33226762955017E-14));
#16280=DIRECTION('',(-1.63150340413901E-30,1.33226762955017E-14,1.));
#16290=AXIS2_PLACEMENT_3D('',#16260,#16270,#16280);
#16300=PLANE('',#16290);
#16310=CARTESIAN_POINT('',(8.21190701701634E-17,-2.030469,1.05));
#16320=DIRECTION('',(-1.,-1.22460635382238E-16,0.));
#16330=VECTOR('',#16320,1.);
#16340=LINE('',#16310,#16330);
#16350=CARTESIAN_POINT('',(-1.017181,-2.030469,1.05));
#16360=VERTEX_POINT('',#16350);
#16370=EDGE_CURVE('',#11050,#16360,#16340,.T.);
#16380=ORIENTED_EDGE('',*,*,#16370,.F.);
#16390=CARTESIAN_POINT('',(-1.017181,-2.03046900000003,0.));
#16400=DIRECTION('',(2.36658271566304E-30,-1.33226762955017E-14,-1.));
#16410=VECTOR('',#16400,1.);
#16420=LINE('',#16390,#16410);
#16430=CARTESIAN_POINT('',(-1.017181,-2.030469,2.324));
#16440=VERTEX_POINT('',#16430);
#16450=EDGE_CURVE('',#16440,#16360,#16420,.T.);
#16460=ORIENTED_EDGE('',*,*,#16450,.T.);
#16470=CARTESIAN_POINT('',(1.182819,-2.030469,2.324));
#16480=DIRECTION('',(-1.,-1.22460635382238E-16,0.));
#16490=VECTOR('',#16480,1.);
#16500=LINE('',#16470,#16490);
#16510=EDGE_CURVE('',#11130,#16440,#16500,.T.);
#16520=ORIENTED_EDGE('',*,*,#16510,.T.);
#16530=ORIENTED_EDGE('',*,*,#11140,.F.);
#16540=EDGE_LOOP('',(#16530,#16520,#16460,#16380));
#16550=FACE_OUTER_BOUND('',#16540,.T.);
#16560=ADVANCED_FACE('',(#16550),#16300,.T.);
#16570=ORIENTED_EDGE('',*,*,#13360,.F.);
#16580=CARTESIAN_POINT('',(-1.517181,-1.530469,8.125));
#16590=DIRECTION('',(0.,0.,-1.));
#16600=VECTOR('',#16590,1.);
#16610=LINE('',#16580,#16600);
#16620=CARTESIAN_POINT('',(-1.517181,-1.530469,2.676));
#16630=VERTEX_POINT('',#16620);
#16640=EDGE_CURVE('',#13290,#16630,#16610,.T.);
#16650=ORIENTED_EDGE('',*,*,#16640,.F.);
#16660=CARTESIAN_POINT('',(-1.517181,-1.85794949249859E-16,2.676));
#16670=DIRECTION('',(1.22460635382238E-16,-1.,0.));
#16680=VECTOR('',#16670,1.);
#16690=LINE('',#16660,#16680);
#16700=CARTESIAN_POINT('',(-1.517181,-2.030469,2.676));
#16710=VERTEX_POINT('',#16700);
#16720=EDGE_CURVE('',#16630,#16710,#16690,.T.);
#16730=ORIENTED_EDGE('',*,*,#16720,.F.);
#16740=CARTESIAN_POINT('',(-1.517181,-2.030469,0.));
#16750=DIRECTION('',(0.,0.,1.));
#16760=VECTOR('',#16750,1.);
#16770=LINE('',#16740,#16760);
#16780=EDGE_CURVE('',#16710,#13130,#16770,.T.);
#16790=ORIENTED_EDGE('',*,*,#16780,.F.);
#16800=EDGE_LOOP('',(#16790,#16730,#16650,#16570));
#16810=FACE_OUTER_BOUND('',#16800,.T.);
#16820=ADVANCED_FACE('',(#16810),#14320,.T.);
#16830=CARTESIAN_POINT('',(-2.217181,-2.030469,3.474));
#16840=DIRECTION('',(0.,-1.,4.44089209850064E-15));
#16850=DIRECTION('',(0.,-4.44089209850064E-15,-1.));
#16860=AXIS2_PLACEMENT_3D('',#16830,#16840,#16850);
#16870=PLANE('',#16860);
#16880=ORIENTED_EDGE('',*,*,#13140,.F.);
#16890=ORIENTED_EDGE('',*,*,#16780,.T.);
#16900=CARTESIAN_POINT('',(-2.217181,-2.030469,2.676));
#16910=DIRECTION('',(1.,0.,0.));
#16920=VECTOR('',#16910,1.);
#16930=LINE('',#16900,#16920);
#16940=CARTESIAN_POINT('',(-2.217181,-2.030469,2.676));
#16950=VERTEX_POINT('',#16940);
#16960=EDGE_CURVE('',#16950,#16710,#16930,.T.);
#16970=ORIENTED_EDGE('',*,*,#16960,.T.);
#16980=CARTESIAN_POINT('',(-2.217181,-2.030469,3.474));
#16990=DIRECTION('',(0.,4.44089209850064E-15,1.));
#17000=VECTOR('',#16990,1.);
#17010=LINE('',#16980,#17000);
#17020=EDGE_CURVE('',#16950,#13110,#17010,.T.);
#17030=ORIENTED_EDGE('',*,*,#17020,.F.);
#17040=EDGE_LOOP('',(#17030,#16970,#16890,#16880));
#17050=FACE_OUTER_BOUND('',#17040,.T.);
#17060=ADVANCED_FACE('',(#17050),#16870,.T.);
#17070=CARTESIAN_POINT('',(-0.202181000000001,-1.680469,4.825));
#17080=DIRECTION('',(-1.,3.70074341541719E-16,0.));
#17090=DIRECTION('',(3.70074341541719E-16,1.,0.));
#17100=AXIS2_PLACEMENT_3D('',#17070,#17080,#17090);
#17110=PLANE('',#17100);
#17120=ORIENTED_EDGE('',*,*,#14810,.F.);
#17130=ORIENTED_EDGE('',*,*,#15990,.T.);
#17140=CARTESIAN_POINT('',(-0.202181,-0.372053431461694,5.175));
#17150=DIRECTION('',(3.70074341541719E-16,1.,0.));
#17160=VECTOR('',#17150,1.);
#17170=LINE('',#17140,#17160);
#17180=CARTESIAN_POINT('',(-0.202181,-0.230469000000001,5.175));
#17190=VERTEX_POINT('',#17180);
#17200=EDGE_CURVE('',#17190,#15980,#17170,.T.);
#17210=ORIENTED_EDGE('',*,*,#17200,.T.);
#17220=CARTESIAN_POINT('',(-0.202181,-0.230469000000001,8.125));
#17230=DIRECTION('',(0.,0.,-1.));
#17240=VECTOR('',#17230,1.);
#17250=LINE('',#17220,#17240);
#17260=EDGE_CURVE('',#17190,#14780,#17250,.T.);
#17270=ORIENTED_EDGE('',*,*,#17260,.F.);
#17280=EDGE_LOOP('',(#17270,#17210,#17130,#17120));
#17290=FACE_OUTER_BOUND('',#17280,.T.);
#17300=ADVANCED_FACE('',(#17290),#17110,.T.);
#17310=CARTESIAN_POINT('',(0.584885317322113,2.49949213364258,1.05));
#17320=DIRECTION('',(0.,0.,-1.));
#17330=DIRECTION('',(-1.,0.,0.));
#17340=AXIS2_PLACEMENT_3D('',#17310,#17320,#17330);
#17350=PLANE('',#17340);
#17360=CARTESIAN_POINT('',(-1.567181,1.769531,1.05));
#17370=DIRECTION('',(1.,1.22460635382238E-16,0.));
#17380=VECTOR('',#17370,1.);
#17390=LINE('',#17360,#17380);
#17400=CARTESIAN_POINT('',(-0.427181000000001,1.769531,1.05));
#17410=VERTEX_POINT('',#17400);
#17420=EDGE_CURVE('',#17410,#15600,#17390,.T.);
#17430=ORIENTED_EDGE('',*,*,#17420,.T.);
#17440=CARTESIAN_POINT('',(-0.427181000000001,2.669531,1.05));
#17450=DIRECTION('',(2.22044604925032E-15,1.,0.));
#17460=VECTOR('',#17450,1.);
#17470=LINE('',#17440,#17460);
#17480=CARTESIAN_POINT('',(-0.427181000000001,2.769531,1.05));
#17490=VERTEX_POINT('',#17480);
#17500=EDGE_CURVE('',#17410,#17490,#17470,.T.);
#17510=ORIENTED_EDGE('',*,*,#17500,.F.);
#17520=CARTESIAN_POINT('',(-0.427181000000001,2.769531,1.05));
#17530=DIRECTION('',(-1.,0.,0.));
#17540=VECTOR('',#17530,1.);
#17550=LINE('',#17520,#17540);
#17560=CARTESIAN_POINT('',(-2.217181,2.769531,1.05));
#17570=VERTEX_POINT('',#17560);
#17580=EDGE_CURVE('',#17490,#17570,#17550,.T.);
#17590=ORIENTED_EDGE('',*,*,#17580,.F.);
#17600=CARTESIAN_POINT('',(-2.217181,-2.71517394017425E-16,1.05));
#17610=DIRECTION('',(1.22460635382238E-16,-1.,0.));
#17620=VECTOR('',#17610,1.);
#17630=LINE('',#17600,#17620);
#17640=CARTESIAN_POINT('',(-2.217181,0.669531,1.05));
#17650=VERTEX_POINT('',#17640);
#17660=EDGE_CURVE('',#17570,#17650,#17630,.T.);
#17670=ORIENTED_EDGE('',*,*,#17660,.F.);
#17680=CARTESIAN_POINT('',(0.,0.669531,1.05));
#17690=DIRECTION('',(1.,0.,0.));
#17700=VECTOR('',#17690,1.);
#17710=LINE('',#17680,#17700);
#17720=CARTESIAN_POINT('',(-1.817181,0.669531,1.05));
#17730=VERTEX_POINT('',#17720);
#17740=EDGE_CURVE('',#17650,#17730,#17710,.T.);
#17750=ORIENTED_EDGE('',*,*,#17740,.F.);
#17760=CARTESIAN_POINT('',(-1.817181,6.41408120776092E-32,1.05));
#17770=DIRECTION('',(6.12303176911189E-17,1.,-3.08148791101958E-33));
#17780=VECTOR('',#17770,1.);
#17790=LINE('',#17760,#17780);
#17800=EDGE_CURVE('',#17730,#8030,#17790,.T.);
#17810=ORIENTED_EDGE('',*,*,#17800,.F.);
#17820=ORIENTED_EDGE('',*,*,#8040,.F.);
#17830=ORIENTED_EDGE('',*,*,#6560,.F.);
#17840=ORIENTED_EDGE('',*,*,#7170,.F.);
#17850=ORIENTED_EDGE('',*,*,#10850,.F.);
#17860=CARTESIAN_POINT('',(-5.05691979664578E-16,2.769531,1.05));
#17870=DIRECTION('',(1.,1.22460635382238E-16,0.));
#17880=VECTOR('',#17870,1.);
#17890=LINE('',#17860,#17880);
#17900=EDGE_CURVE('',#15680,#10780,#17890,.T.);
#17910=ORIENTED_EDGE('',*,*,#17900,.T.);
#17920=ORIENTED_EDGE('',*,*,#15690,.T.);
#17930=EDGE_LOOP('',(#17920,#17910,#17850,#17840,#17830,#17820,#17810,
#17750,#17670,#17590,#17510,#17430));
#17940=FACE_OUTER_BOUND('',#17930,.T.);
#17950=ADVANCED_FACE('',(#17940),#17350,.T.);
#17960=CARTESIAN_POINT('',(-1.567181,2.669531,1.55));
#17970=DIRECTION('',(0.,0.,1.));
#17980=DIRECTION('',(-1.22460635382238E-16,1.,0.));
#17990=AXIS2_PLACEMENT_3D('',#17960,#17970,#17980);
#18000=PLANE('',#17990);
#18010=CARTESIAN_POINT('',(-1.567181,1.769531,1.55));
#18020=DIRECTION('',(1.,1.22460635382238E-16,0.));
#18030=VECTOR('',#18020,1.);
#18040=LINE('',#18010,#18030);
#18050=CARTESIAN_POINT('',(-0.427181000000001,1.769531,1.55));
#18060=VERTEX_POINT('',#18050);
#18070=EDGE_CURVE('',#18060,#15580,#18040,.T.);
#18080=ORIENTED_EDGE('',*,*,#18070,.F.);
#18090=ORIENTED_EDGE('',*,*,#15830,.F.);
#18100=CARTESIAN_POINT('',(0.372818999999999,2.769531,1.55));
#18110=DIRECTION('',(1.,2.33482937844753E-16,0.));
#18120=VECTOR('',#18110,1.);
#18130=LINE('',#18100,#18120);
#18140=CARTESIAN_POINT('',(0.782818999999999,2.769531,1.55));
#18150=VERTEX_POINT('',#18140);
#18160=EDGE_CURVE('',#15760,#18150,#18130,.T.);
#18170=ORIENTED_EDGE('',*,*,#18160,.F.);
#18180=CARTESIAN_POINT('',(0.782819,0.,1.55));
#18190=DIRECTION('',(1.22460635382238E-16,-1.,0.));
#18200=VECTOR('',#18190,1.);
#18210=LINE('',#18180,#18200);
#18220=CARTESIAN_POINT('',(0.782818999999999,-0.230469,1.55));
#18230=VERTEX_POINT('',#18220);
#18240=EDGE_CURVE('',#18150,#18230,#18210,.T.);
#18250=ORIENTED_EDGE('',*,*,#18240,.F.);
#18260=CARTESIAN_POINT('',(-1.38310073517865E-16,-0.230469,1.55));
#18270=DIRECTION('',(1.,1.22460635382238E-16,0.));
#18280=VECTOR('',#18270,1.);
#18290=LINE('',#18260,#18280);
#18300=CARTESIAN_POINT('',(-1.567181,-0.230469,1.55));
#18310=VERTEX_POINT('',#18300);
#18320=EDGE_CURVE('',#18310,#18230,#18290,.T.);
#18330=ORIENTED_EDGE('',*,*,#18320,.T.);
#18340=CARTESIAN_POINT('',(-1.567181,-1.91917981018971E-16,1.55));
#18350=DIRECTION('',(-1.22460635382238E-16,1.,0.));
#18360=VECTOR('',#18350,1.);
#18370=LINE('',#18340,#18360);
#18380=CARTESIAN_POINT('',(-1.567181,2.769531,1.55));
#18390=VERTEX_POINT('',#18380);
#18400=EDGE_CURVE('',#18310,#18390,#18370,.T.);
#18410=ORIENTED_EDGE('',*,*,#18400,.F.);
#18420=CARTESIAN_POINT('',(-1.567181,2.769531,1.55));
#18430=DIRECTION('',(1.,1.22460635382238E-16,0.));
#18440=VECTOR('',#18430,1.);
#18450=LINE('',#18420,#18440);
#18460=CARTESIAN_POINT('',(-0.427181000000001,2.769531,1.55));
#18470=VERTEX_POINT('',#18460);
#18480=EDGE_CURVE('',#18390,#18470,#18450,.T.);
#18490=ORIENTED_EDGE('',*,*,#18480,.F.);
#18500=CARTESIAN_POINT('',(-0.427181,-0.230469,1.55));
#18510=DIRECTION('',(-2.05727362229124E-16,1.,0.));
#18520=VECTOR('',#18510,1.);
#18530=LINE('',#18500,#18520);
#18540=EDGE_CURVE('',#18060,#18470,#18530,.T.);
#18550=ORIENTED_EDGE('',*,*,#18540,.T.);
#18560=EDGE_LOOP('',(#18550,#18490,#18410,#18330,#18250,#18170,#18090,
#18080));
#18570=FACE_OUTER_BOUND('',#18560,.T.);
#18580=ADVANCED_FACE('',(#18570),#18000,.T.);
#18590=CARTESIAN_POINT('',(-0.0251477347320566,-0.372053431461694,5.175)
);
#18600=DIRECTION('',(0.,0.,1.));
#18610=DIRECTION('',(1.,0.,0.));
#18620=AXIS2_PLACEMENT_3D('',#18590,#18600,#18610);
#18630=PLANE('',#18620);
#18640=CARTESIAN_POINT('',(0.147819,-0.372053431461694,5.175));
#18650=DIRECTION('',(-2.31296463463574E-17,1.,0.));
#18660=VECTOR('',#18650,1.);
#18670=LINE('',#18640,#18660);
#18680=CARTESIAN_POINT('',(0.147819,-0.230469000000001,5.175));
#18690=VERTEX_POINT('',#18680);
#18700=CARTESIAN_POINT('',(0.147819,1.869531,5.175));
#18710=VERTEX_POINT('',#18700);
#18720=EDGE_CURVE('',#18690,#18710,#18670,.T.);
#18730=ORIENTED_EDGE('',*,*,#18720,.T.);
#18740=CARTESIAN_POINT('',(0.,-0.230469000000001,5.175));
#18750=DIRECTION('',(-1.,0.,0.));
#18760=VECTOR('',#18750,1.);
#18770=LINE('',#18740,#18760);
#18780=EDGE_CURVE('',#18690,#17190,#18770,.T.);
#18790=ORIENTED_EDGE('',*,*,#18780,.F.);
#18800=ORIENTED_EDGE('',*,*,#17200,.F.);
#18810=CARTESIAN_POINT('',(-0.0251477347320566,1.869531,5.175));
#18820=DIRECTION('',(-1.,-2.31296463463574E-17,0.));
#18830=VECTOR('',#18820,1.);
#18840=LINE('',#18810,#18830);
#18850=EDGE_CURVE('',#18710,#15980,#18840,.T.);
#18860=ORIENTED_EDGE('',*,*,#18850,.T.);
#18870=EDGE_LOOP('',(#18860,#18800,#18790,#18730));
#18880=FACE_OUTER_BOUND('',#18870,.T.);
#18890=ADVANCED_FACE('',(#18880),#18630,.T.);
#18900=CARTESIAN_POINT('',(-2.5571834,-2.030469,3.926));
#18910=DIRECTION('',(0.,0.,1.));
#18920=DIRECTION('',(-1.22460635382238E-16,1.,0.));
#18930=AXIS2_PLACEMENT_3D('',#18900,#18910,#18920);
#18940=PLANE('',#18930);
#18950=CARTESIAN_POINT('',(-2.217181,-2.030469,3.926));
#18960=DIRECTION('',(1.,0.,0.));
#18970=VECTOR('',#18960,1.);
#18980=LINE('',#18950,#18970);
#18990=CARTESIAN_POINT('',(-2.217181,-2.030469,3.926));
#19000=VERTEX_POINT('',#18990);
#19010=EDGE_CURVE('',#19000,#14560,#18980,.T.);
#19020=ORIENTED_EDGE('',*,*,#19010,.F.);
#19030=ORIENTED_EDGE('',*,*,#14570,.T.);
#19040=CARTESIAN_POINT('',(-2.5571834,-1.530469,3.926));
#19050=DIRECTION('',(1.,1.22460635382238E-16,0.));
#19060=VECTOR('',#19050,1.);
#19070=LINE('',#19040,#19060);
#19080=CARTESIAN_POINT('',(-2.217181,-1.530469,3.926));
#19090=VERTEX_POINT('',#19080);
#19100=EDGE_CURVE('',#19090,#14480,#19070,.T.);
#19110=ORIENTED_EDGE('',*,*,#19100,.T.);
#19120=CARTESIAN_POINT('',(-2.217181,-1.930469,3.926));
#19130=DIRECTION('',(0.,-1.,0.));
#19140=VECTOR('',#19130,1.);
#19150=LINE('',#19120,#19140);
#19160=EDGE_CURVE('',#19090,#19000,#19150,.T.);
#19170=ORIENTED_EDGE('',*,*,#19160,.F.);
#19180=EDGE_LOOP('',(#19170,#19110,#19030,#19020));
#19190=FACE_OUTER_BOUND('',#19180,.T.);
#19200=ADVANCED_FACE('',(#19190),#18940,.F.);
#19210=CARTESIAN_POINT('',(-1.017181,-2.030469,1.875));
#19220=DIRECTION('',(-1.,-1.22460635382238E-16,0.));
#19230=DIRECTION('',(-1.22460635382238E-16,1.,0.));
#19240=AXIS2_PLACEMENT_3D('',#19210,#19220,#19230);
#19250=PLANE('',#19240);
#19260=CARTESIAN_POINT('',(-1.017181,-1.2456463155874E-16,2.676));
#19270=DIRECTION('',(-1.22460635382238E-16,1.,0.));
#19280=VECTOR('',#19270,1.);
#19290=LINE('',#19260,#19280);
#19300=CARTESIAN_POINT('',(-1.017181,-2.030469,2.676));
#19310=VERTEX_POINT('',#19300);
#19320=CARTESIAN_POINT('',(-1.017181,-1.530469,2.676));
#19330=VERTEX_POINT('',#19320);
#19340=EDGE_CURVE('',#19310,#19330,#19290,.T.);
#19350=ORIENTED_EDGE('',*,*,#19340,.F.);
#19360=CARTESIAN_POINT('',(-1.017181,-1.530469,8.125));
#19370=DIRECTION('',(0.,0.,1.));
#19380=VECTOR('',#19370,1.);
#19390=LINE('',#19360,#19380);
#19400=EDGE_CURVE('',#19330,#1580,#19390,.T.);
#19410=ORIENTED_EDGE('',*,*,#19400,.F.);
#19420=ORIENTED_EDGE('',*,*,#1590,.F.);
#19430=CARTESIAN_POINT('',(-1.017181,-2.030469,0.));
#19440=DIRECTION('',(0.,0.,-1.));
#19450=VECTOR('',#19440,1.);
#19460=LINE('',#19430,#19450);
#19470=EDGE_CURVE('',#1500,#19310,#19460,.T.);
#19480=ORIENTED_EDGE('',*,*,#19470,.F.);
#19490=EDGE_LOOP('',(#19480,#19420,#19410,#19350));
#19500=FACE_OUTER_BOUND('',#19490,.T.);
#19510=ADVANCED_FACE('',(#19500),#19250,.T.);
#19520=CARTESIAN_POINT('',(-2.217181,-2.030469,2.224));
#19530=DIRECTION('',(0.,-1.,8.88178419700128E-15));
#19540=DIRECTION('',(0.,-8.88178419700128E-15,-1.));
#19550=AXIS2_PLACEMENT_3D('',#19520,#19530,#19540);
#19560=PLANE('',#19550);
#19570=ORIENTED_EDGE('',*,*,#15210,.F.);
#19580=CARTESIAN_POINT('',(-1.517181,-2.030469,1.875));
#19590=DIRECTION('',(0.,0.,1.));
#19600=VECTOR('',#19590,1.);
#19610=LINE('',#19580,#19600);
#19620=CARTESIAN_POINT('',(-1.517181,-2.030469,1.05));
#19630=VERTEX_POINT('',#19620);
#19640=EDGE_CURVE('',#19630,#15200,#19610,.T.);
#19650=ORIENTED_EDGE('',*,*,#19640,.T.);
#19660=CARTESIAN_POINT('',(8.21190701701634E-17,-2.030469,1.05));
#19670=DIRECTION('',(-1.,-1.22460635382238E-16,0.));
#19680=VECTOR('',#19670,1.);
#19690=LINE('',#19660,#19680);
#19700=CARTESIAN_POINT('',(-2.217181,-2.030469,1.05));
#19710=VERTEX_POINT('',#19700);
#19720=EDGE_CURVE('',#19630,#19710,#19690,.T.);
#19730=ORIENTED_EDGE('',*,*,#19720,.F.);
#19740=CARTESIAN_POINT('',(-2.217181,-2.030469,6.875));
#19750=DIRECTION('',(0.,0.,1.));
#19760=VECTOR('',#19750,1.);
#19770=LINE('',#19740,#19760);
#19780=EDGE_CURVE('',#19710,#15180,#19770,.T.);
#19790=ORIENTED_EDGE('',*,*,#19780,.F.);
#19800=EDGE_LOOP('',(#19790,#19730,#19650,#19570));
#19810=FACE_OUTER_BOUND('',#19800,.T.);
#19820=ADVANCED_FACE('',(#19810),#19560,.T.);
#19830=CARTESIAN_POINT('',(-1.717181,-2.5104714,0.840000000000002));
#19840=DIRECTION('',(0.,0.,-1.));
#19850=DIRECTION('',(1.,1.22460635382238E-16,0.));
#19860=AXIS2_PLACEMENT_3D('',#19830,#19840,#19850);
#19870=PLANE('',#19860);
#19880=CARTESIAN_POINT('',(-1.417181,0.669531,0.840000000000002));
#19890=DIRECTION('',(-1.,0.,0.));
#19900=VECTOR('',#19890,1.);
#19910=LINE('',#19880,#19900);
#19920=CARTESIAN_POINT('',(-1.417181,0.669531,0.840000000000002));
#19930=VERTEX_POINT('',#19920);
#19940=CARTESIAN_POINT('',(-1.717181,0.669531,0.840000000000002));
#19950=VERTEX_POINT('',#19940);
#19960=EDGE_CURVE('',#19930,#19950,#19910,.T.);
#19970=ORIENTED_EDGE('',*,*,#19960,.T.);
#19980=CARTESIAN_POINT('',(-1.417181,0.,0.840000000000002));
#19990=DIRECTION('',(0.,-1.,0.));
#20000=VECTOR('',#19990,1.);
#20010=LINE('',#19980,#20000);
#20020=EDGE_CURVE('',#19930,#14080,#20010,.T.);
#20030=ORIENTED_EDGE('',*,*,#20020,.F.);
#20040=ORIENTED_EDGE('',*,*,#14090,.F.);
#20050=CARTESIAN_POINT('',(-1.717181,0.,0.840000000000002));
#20060=DIRECTION('',(1.38777878078144E-15,-1.,0.));
#20070=VECTOR('',#20060,1.);
#20080=LINE('',#20050,#20070);
#20090=EDGE_CURVE('',#19950,#14000,#20080,.T.);
#20100=ORIENTED_EDGE('',*,*,#20090,.T.);
#20110=EDGE_LOOP('',(#20100,#20040,#20030,#19970));
#20120=FACE_OUTER_BOUND('',#20110,.T.);
#20130=ADVANCED_FACE('',(#20120),#19870,.F.);
#20140=CARTESIAN_POINT('',(-2.5571834,-2.030469,4.824));
#20150=DIRECTION('',(0.,0.,1.));
#20160=DIRECTION('',(0.,1.,0.));
#20170=AXIS2_PLACEMENT_3D('',#20140,#20150,#20160);
#20180=PLANE('',#20170);
#20190=CARTESIAN_POINT('',(-2.217181,-1.930469,4.824));
#20200=DIRECTION('',(-1.22460635382238E-16,-1.,0.));
#20210=VECTOR('',#20200,1.);
#20220=LINE('',#20190,#20210);
#20230=CARTESIAN_POINT('',(-2.217181,-1.530469,4.824));
#20240=VERTEX_POINT('',#20230);
#20250=CARTESIAN_POINT('',(-2.217181,-2.030469,4.824));
#20260=VERTEX_POINT('',#20250);
#20270=EDGE_CURVE('',#20240,#20260,#20220,.T.);
#20280=ORIENTED_EDGE('',*,*,#20270,.T.);
#20290=CARTESIAN_POINT('',(-2.5571834,-1.530469,4.824));
#20300=DIRECTION('',(1.,0.,0.));
#20310=VECTOR('',#20300,1.);
#20320=LINE('',#20290,#20310);
#20330=EDGE_CURVE('',#20240,#14380,#20320,.T.);
#20340=ORIENTED_EDGE('',*,*,#20330,.F.);
#20350=ORIENTED_EDGE('',*,*,#14410,.F.);
#20360=CARTESIAN_POINT('',(-2.217181,-2.030469,4.824));
#20370=DIRECTION('',(1.,-1.22460635382238E-16,0.));
#20380=VECTOR('',#20370,1.);
#20390=LINE('',#20360,#20380);
#20400=EDGE_CURVE('',#20260,#14400,#20390,.T.);
#20410=ORIENTED_EDGE('',*,*,#20400,.T.);
#20420=EDGE_LOOP('',(#20410,#20350,#20340,#20280));
#20430=FACE_OUTER_BOUND('',#20420,.T.);
#20440=ADVANCED_FACE('',(#20430),#20180,.T.);
#20450=CARTESIAN_POINT('',(-2.217181,0.557187408463796,2.16099070007674)
);
#20460=DIRECTION('',(-1.,0.,0.));
#20470=DIRECTION('',(0.,-1.,0.));
#20480=AXIS2_PLACEMENT_3D('',#20450,#20460,#20470);
#20490=PLANE('',#20480);
#20500=CARTESIAN_POINT('',(-2.217181,0.969530999999999,8.125));
#20510=DIRECTION('',(0.,0.,1.));
#20520=VECTOR('',#20510,1.);
#20530=LINE('',#20500,#20520);
#20540=CARTESIAN_POINT('',(-2.217181,0.969530999999999,2.025));
#20550=VERTEX_POINT('',#20540);
#20560=CARTESIAN_POINT('',(-2.217181,0.969530999999999,2.825));
#20570=VERTEX_POINT('',#20560);
#20580=EDGE_CURVE('',#20550,#20570,#20530,.T.);
#20590=ORIENTED_EDGE('',*,*,#20580,.F.);
#20600=CARTESIAN_POINT('',(-2.217181,-2.71517394017425E-16,2.825));
#20610=DIRECTION('',(1.22460635382238E-16,-1.,0.));
#20620=VECTOR('',#20610,1.);
#20630=LINE('',#20600,#20620);
#20640=CARTESIAN_POINT('',(-2.217181,-0.230469000000001,2.825));
#20650=VERTEX_POINT('',#20640);
#20660=EDGE_CURVE('',#20570,#20650,#20630,.T.);
#20670=ORIENTED_EDGE('',*,*,#20660,.F.);
#20680=CARTESIAN_POINT('',(-2.217181,-0.230469000000001,
-4.37499999999999));
#20690=DIRECTION('',(0.,0.,1.));
#20700=VECTOR('',#20690,1.);
#20710=LINE('',#20680,#20700);
#20720=CARTESIAN_POINT('',(-2.217181,-0.230469000000001,8.42500000000001
));
#20730=VERTEX_POINT('',#20720);
#20740=EDGE_CURVE('',#20650,#20730,#20710,.T.);
#20750=ORIENTED_EDGE('',*,*,#20740,.F.);
#20760=CARTESIAN_POINT('',(-2.217181,-4.44089209850063E-16,
8.42500000000001));
#20770=DIRECTION('',(0.,-1.,0.));
#20780=VECTOR('',#20770,1.);
#20790=LINE('',#20760,#20780);
#20800=CARTESIAN_POINT('',(-2.217181,0.969530999999999,8.42500000000001)
);
#20810=VERTEX_POINT('',#20800);
#20820=EDGE_CURVE('',#20810,#20730,#20790,.T.);
#20830=ORIENTED_EDGE('',*,*,#20820,.T.);
#20840=CARTESIAN_POINT('',(-2.217181,0.969530999999999,3.12500000000001)
);
#20850=DIRECTION('',(0.,0.,-1.));
#20860=VECTOR('',#20850,1.);
#20870=LINE('',#20840,#20860);
#20880=CARTESIAN_POINT('',(-2.217181,0.969530999999999,9.22500000000001)
);
#20890=VERTEX_POINT('',#20880);
#20900=EDGE_CURVE('',#20890,#20810,#20870,.T.);
#20910=ORIENTED_EDGE('',*,*,#20900,.T.);
#20920=CARTESIAN_POINT('',(-2.217181,-1.72571815832637E-16,
9.22500000000001));
#20930=DIRECTION('',(-1.22460635382238E-16,-1.,0.));
#20940=VECTOR('',#20930,1.);
#20950=LINE('',#20920,#20940);
#20960=CARTESIAN_POINT('',(-2.217181,2.769531,9.22500000000001));
#20970=VERTEX_POINT('',#20960);
#20980=EDGE_CURVE('',#20970,#20890,#20950,.T.);
#20990=ORIENTED_EDGE('',*,*,#20980,.T.);
#21000=CARTESIAN_POINT('',(-2.217181,2.769531,9.22500000000001));
#21010=DIRECTION('',(0.,0.,1.));
#21020=VECTOR('',#21010,1.);
#21030=LINE('',#21000,#21020);
#21040=CARTESIAN_POINT('',(-2.217181,2.769531,10.2));
#21050=VERTEX_POINT('',#21040);
#21060=EDGE_CURVE('',#20970,#21050,#21030,.T.);
#21070=ORIENTED_EDGE('',*,*,#21060,.F.);
#21080=CARTESIAN_POINT('',(-2.217181,-4.44089209850063E-16,10.2));
#21090=DIRECTION('',(0.,-1.,0.));
#21100=VECTOR('',#21090,1.);
#21110=LINE('',#21080,#21100);
#21120=CARTESIAN_POINT('',(-2.217181,0.669531,10.2));
#21130=VERTEX_POINT('',#21120);
#21140=EDGE_CURVE('',#21050,#21130,#21110,.T.);
#21150=ORIENTED_EDGE('',*,*,#21140,.F.);
#21160=CARTESIAN_POINT('',(-2.217181,0.669531,4.37500000000001));
#21170=DIRECTION('',(0.,0.,1.));
#21180=VECTOR('',#21170,1.);
#21190=LINE('',#21160,#21180);
#21200=CARTESIAN_POINT('',(-2.217181,0.669531,10.6));
#21210=VERTEX_POINT('',#21200);
#21220=EDGE_CURVE('',#21130,#21210,#21190,.T.);
#21230=ORIENTED_EDGE('',*,*,#21220,.F.);
#21240=CARTESIAN_POINT('',(-2.217181,2.96009521093873E-16,10.6));
#21250=DIRECTION('',(1.83690953073357E-16,1.,-8.83363139618221E-33));
#21260=VECTOR('',#21250,1.);
#21270=LINE('',#21240,#21260);
#21280=CARTESIAN_POINT('',(-2.217181,1.469531,10.6));
#21290=VERTEX_POINT('',#21280);
#21300=EDGE_CURVE('',#21210,#21290,#21270,.T.);
#21310=ORIENTED_EDGE('',*,*,#21300,.F.);
#21320=CARTESIAN_POINT('',(-2.217181,1.469531,-4.37499999999999));
#21330=DIRECTION('',(6.12303176911188E-17,6.16297582203916E-33,1.));
#21340=VECTOR('',#21330,1.);
#21350=LINE('',#21320,#21340);
#21360=CARTESIAN_POINT('',(-2.217181,1.469531,10.7));
#21370=VERTEX_POINT('',#21360);
#21380=EDGE_CURVE('',#21290,#21370,#21350,.T.);
#21390=ORIENTED_EDGE('',*,*,#21380,.F.);
#21400=CARTESIAN_POINT('',(-2.217181,1.469531,10.7));
#21410=DIRECTION('',(-1.83690953073357E-16,-1.,1.49966072182214E-32));
#21420=VECTOR('',#21410,1.);
#21430=LINE('',#21400,#21420);
#21440=CARTESIAN_POINT('',(-2.217181,0.669531,10.7));
#21450=VERTEX_POINT('',#21440);
#21460=EDGE_CURVE('',#21370,#21450,#21430,.T.);
#21470=ORIENTED_EDGE('',*,*,#21460,.F.);
#21480=CARTESIAN_POINT('',(-2.217181,0.669531,10.95));
#21490=VERTEX_POINT('',#21480);
#21500=EDGE_CURVE('',#21450,#21490,#21190,.T.);
#21510=ORIENTED_EDGE('',*,*,#21500,.F.);
#21520=CARTESIAN_POINT('',(-2.217181,-4.44089209850063E-16,10.95));
#21530=DIRECTION('',(0.,-1.,0.));
#21540=VECTOR('',#21530,1.);
#21550=LINE('',#21520,#21540);
#21560=CARTESIAN_POINT('',(-2.217181,-1.330469,10.95));
#21570=VERTEX_POINT('',#21560);
#21580=EDGE_CURVE('',#21490,#21570,#21550,.T.);
#21590=ORIENTED_EDGE('',*,*,#21580,.F.);
#21600=CARTESIAN_POINT('',(-2.217181,-1.330469,4.37500000000001));
#21610=DIRECTION('',(0.,0.,-1.));
#21620=VECTOR('',#21610,1.);
#21630=LINE('',#21600,#21620);
#21640=CARTESIAN_POINT('',(-2.217181,-1.330469,10.2));
#21650=VERTEX_POINT('',#21640);
#21660=EDGE_CURVE('',#21570,#21650,#21630,.T.);
#21670=ORIENTED_EDGE('',*,*,#21660,.F.);
#21680=CARTESIAN_POINT('',(-2.217181,-2.030469,10.2));
#21690=VERTEX_POINT('',#21680);
#21700=EDGE_CURVE('',#21650,#21690,#21110,.T.);
#21710=ORIENTED_EDGE('',*,*,#21700,.F.);
#21720=CARTESIAN_POINT('',(-2.217181,-2.030469,4.37500000000001));
#21730=DIRECTION('',(0.,0.,-1.));
#21740=VECTOR('',#21730,1.);
#21750=LINE('',#21720,#21740);
#21760=CARTESIAN_POINT('',(-2.217181,-2.030469,8.92600000000001));
#21770=VERTEX_POINT('',#21760);
#21780=EDGE_CURVE('',#21690,#21770,#21750,.T.);
#21790=ORIENTED_EDGE('',*,*,#21780,.F.);
#21800=CARTESIAN_POINT('',(-2.217181,-2.030469,8.92600000000001));
#21810=DIRECTION('',(1.22460635382238E-16,1.,0.));
#21820=VECTOR('',#21810,1.);
#21830=LINE('',#21800,#21820);
#21840=CARTESIAN_POINT('',(-2.217181,-1.530469,8.92600000000001));
#21850=VERTEX_POINT('',#21840);
#21860=EDGE_CURVE('',#21770,#21850,#21830,.T.);
#21870=ORIENTED_EDGE('',*,*,#21860,.F.);
#21880=CARTESIAN_POINT('',(-2.217181,-1.530469,3.12500000000001));
#21890=DIRECTION('',(0.,0.,1.));
#21900=VECTOR('',#21890,1.);
#21910=LINE('',#21880,#21900);
#21920=CARTESIAN_POINT('',(-2.217181,-1.530469,8.57400000000001));
#21930=VERTEX_POINT('',#21920);
#21940=EDGE_CURVE('',#21930,#21850,#21910,.T.);
#21950=ORIENTED_EDGE('',*,*,#21940,.T.);
#21960=CARTESIAN_POINT('',(-2.217181,-2.030469,8.57400000000001));
#21970=DIRECTION('',(1.22460635382238E-16,1.,0.));
#21980=VECTOR('',#21970,1.);
#21990=LINE('',#21960,#21980);
#22000=CARTESIAN_POINT('',(-2.217181,-2.030469,8.57400000000001));
#22010=VERTEX_POINT('',#22000);
#22020=EDGE_CURVE('',#22010,#21930,#21990,.T.);
#22030=ORIENTED_EDGE('',*,*,#22020,.T.);
#22040=CARTESIAN_POINT('',(-2.217181,-2.030469,7.77600000000001));
#22050=DIRECTION('',(5.43834468046348E-31,4.44089209850064E-15,-1.));
#22060=VECTOR('',#22050,1.);
#22070=LINE('',#22040,#22060);
#22080=CARTESIAN_POINT('',(-2.217181,-2.030469,7.67600000000001));
#22090=VERTEX_POINT('',#22080);
#22100=EDGE_CURVE('',#22010,#22090,#22070,.T.);
#22110=ORIENTED_EDGE('',*,*,#22100,.F.);
#22120=CARTESIAN_POINT('',(-2.217181,-4.44089209850063E-16,
7.67600000000001));
#22130=DIRECTION('',(0.,-1.,0.));
#22140=VECTOR('',#22130,1.);
#22150=LINE('',#22120,#22140);
#22160=CARTESIAN_POINT('',(-2.217181,-1.530469,7.67600000000001));
#22170=VERTEX_POINT('',#22160);
#22180=EDGE_CURVE('',#22170,#22090,#22150,.T.);
#22190=ORIENTED_EDGE('',*,*,#22180,.T.);
#22200=CARTESIAN_POINT('',(-2.217181,-1.530469,7.32400000000001));
#22210=VERTEX_POINT('',#22200);
#22220=EDGE_CURVE('',#22210,#22170,#21910,.T.);
#22230=ORIENTED_EDGE('',*,*,#22220,.T.);
#22240=CARTESIAN_POINT('',(-2.217181,-1.930469,7.32400000000001));
#22250=DIRECTION('',(-1.22460635382238E-16,-1.,0.));
#22260=VECTOR('',#22250,1.);
#22270=LINE('',#22240,#22260);
#22280=CARTESIAN_POINT('',(-2.217181,-2.030469,7.32400000000001));
#22290=VERTEX_POINT('',#22280);
#22300=EDGE_CURVE('',#22210,#22290,#22270,.T.);
#22310=ORIENTED_EDGE('',*,*,#22300,.F.);
#22320=CARTESIAN_POINT('',(-2.217181,-2.030469,7.32400000000001));
#22330=DIRECTION('',(-5.43834468046348E-31,-4.44089209850064E-15,-1.));
#22340=VECTOR('',#22330,1.);
#22350=LINE('',#22320,#22340);
#22360=CARTESIAN_POINT('',(-2.217181,-2.030469,6.42600000000001));
#22370=VERTEX_POINT('',#22360);
#22380=EDGE_CURVE('',#22290,#22370,#22350,.T.);
#22390=ORIENTED_EDGE('',*,*,#22380,.F.);
#22400=CARTESIAN_POINT('',(-2.217181,-1.930469,6.42600000000001));
#22410=DIRECTION('',(-2.44921270764475E-16,-1.,0.));
#22420=VECTOR('',#22410,1.);
#22430=LINE('',#22400,#22420);
#22440=CARTESIAN_POINT('',(-2.217181,-1.530469,6.42600000000001));
#22450=VERTEX_POINT('',#22440);
#22460=EDGE_CURVE('',#22450,#22370,#22430,.T.);
#22470=ORIENTED_EDGE('',*,*,#22460,.T.);
#22480=CARTESIAN_POINT('',(-2.217181,-1.530469,10.625));
#22490=DIRECTION('',(0.,0.,-1.));
#22500=VECTOR('',#22490,1.);
#22510=LINE('',#22480,#22500);
#22520=CARTESIAN_POINT('',(-2.217181,-1.530469,6.07400000000001));
#22530=VERTEX_POINT('',#22520);
#22540=EDGE_CURVE('',#22450,#22530,#22510,.T.);
#22550=ORIENTED_EDGE('',*,*,#22540,.F.);
#22560=CARTESIAN_POINT('',(-2.217181,-3.94616420757669E-16,
6.07400000000001));
#22570=DIRECTION('',(-1.22460635382238E-16,-1.,0.));
#22580=VECTOR('',#22570,1.);
#22590=LINE('',#22560,#22580);
#22600=CARTESIAN_POINT('',(-2.217181,-2.030469,6.07400000000001));
#22610=VERTEX_POINT('',#22600);
#22620=EDGE_CURVE('',#22530,#22610,#22590,.T.);
#22630=ORIENTED_EDGE('',*,*,#22620,.F.);
#22640=CARTESIAN_POINT('',(-2.217181,-2.030469,5.97400000000001));
#22650=DIRECTION('',(1.0876689360927E-30,4.44089209850064E-15,1.));
#22660=VECTOR('',#22650,1.);
#22670=LINE('',#22640,#22660);
#22680=CARTESIAN_POINT('',(-2.217181,-2.030469,5.176));
#22690=VERTEX_POINT('',#22680);
#22700=EDGE_CURVE('',#22690,#22610,#22670,.T.);
#22710=ORIENTED_EDGE('',*,*,#22700,.T.);
#22720=CARTESIAN_POINT('',(-2.217181,-2.22044604925031E-16,5.176));
#22730=DIRECTION('',(0.,-1.,0.));
#22740=VECTOR('',#22730,1.);
#22750=LINE('',#22720,#22740);
#22760=CARTESIAN_POINT('',(-2.217181,-1.530469,5.176));
#22770=VERTEX_POINT('',#22760);
#22780=EDGE_CURVE('',#22770,#22690,#22750,.T.);
#22790=ORIENTED_EDGE('',*,*,#22780,.T.);
#22800=CARTESIAN_POINT('',(-2.217181,-1.530469,0.625000000000004));
#22810=DIRECTION('',(0.,0.,1.));
#22820=VECTOR('',#22810,1.);
#22830=LINE('',#22800,#22820);
#22840=EDGE_CURVE('',#20240,#22770,#22830,.T.);
#22850=ORIENTED_EDGE('',*,*,#22840,.T.);
#22860=ORIENTED_EDGE('',*,*,#20270,.F.);
#22870=CARTESIAN_POINT('',(-2.217181,-2.030469,3.926));
#22880=DIRECTION('',(0.,-4.44089209850064E-15,1.));
#22890=VECTOR('',#22880,1.);
#22900=LINE('',#22870,#22890);
#22910=EDGE_CURVE('',#19000,#20260,#22900,.T.);
#22920=ORIENTED_EDGE('',*,*,#22910,.T.);
#22930=ORIENTED_EDGE('',*,*,#19160,.T.);
#22940=CARTESIAN_POINT('',(-2.217181,-1.530469,8.125));
#22950=DIRECTION('',(0.,0.,-1.));
#22960=VECTOR('',#22950,1.);
#22970=LINE('',#22940,#22960);
#22980=EDGE_CURVE('',#19090,#13210,#22970,.T.);
#22990=ORIENTED_EDGE('',*,*,#22980,.F.);
#23000=ORIENTED_EDGE('',*,*,#13220,.F.);
#23010=ORIENTED_EDGE('',*,*,#17020,.T.);
#23020=CARTESIAN_POINT('',(-2.217181,-2.030469,2.676));
#23030=DIRECTION('',(0.,1.,0.));
#23040=VECTOR('',#23030,1.);
#23050=LINE('',#23020,#23040);
#23060=CARTESIAN_POINT('',(-2.217181,-1.530469,2.676));
#23070=VERTEX_POINT('',#23060);
#23080=EDGE_CURVE('',#16950,#23070,#23050,.T.);
#23090=ORIENTED_EDGE('',*,*,#23080,.F.);
#23100=EDGE_CURVE('',#23070,#15280,#22970,.T.);
#23110=ORIENTED_EDGE('',*,*,#23100,.F.);
#23120=ORIENTED_EDGE('',*,*,#15290,.T.);
#23130=ORIENTED_EDGE('',*,*,#19780,.T.);
#23140=EDGE_CURVE('',#13840,#19710,#17630,.T.);
#23150=ORIENTED_EDGE('',*,*,#23140,.T.);
#23160=ORIENTED_EDGE('',*,*,#13850,.T.);
#23170=CARTESIAN_POINT('',(-2.217181,-2.71517394017425E-16,
0.300000000000002));
#23180=DIRECTION('',(1.22460635382238E-16,-1.,0.));
#23190=VECTOR('',#23180,1.);
#23200=LINE('',#23170,#23190);
#23210=CARTESIAN_POINT('',(-2.217181,0.669531,0.300000000000002));
#23220=VERTEX_POINT('',#23210);
#23230=EDGE_CURVE('',#23220,#13820,#23200,.T.);
#23240=ORIENTED_EDGE('',*,*,#23230,.T.);
#23250=CARTESIAN_POINT('',(-2.217181,0.669531,6.875));
#23260=DIRECTION('',(0.,0.,-1.));
#23270=VECTOR('',#23260,1.);
#23280=LINE('',#23250,#23270);
#23290=CARTESIAN_POINT('',(-2.217181,0.669531,0.549999999999997));
#23300=VERTEX_POINT('',#23290);
#23310=EDGE_CURVE('',#23300,#23220,#23280,.T.);
#23320=ORIENTED_EDGE('',*,*,#23310,.T.);
#23330=CARTESIAN_POINT('',(-2.217181,1.469531,0.549999999999997));
#23340=DIRECTION('',(-6.12303176911188E-17,-1.,0.));
#23350=VECTOR('',#23340,1.);
#23360=LINE('',#23330,#23350);
#23370=EDGE_CURVE('',#8200,#23300,#23360,.T.);
#23380=ORIENTED_EDGE('',*,*,#23370,.T.);
#23390=ORIENTED_EDGE('',*,*,#8210,.T.);
#23400=CARTESIAN_POINT('',(-2.217181,2.44921270764476E-17,
0.649999999999999));
#23410=DIRECTION('',(6.12303176911189E-17,1.,-6.16297582203916E-33));
#23420=VECTOR('',#23410,1.);
#23430=LINE('',#23400,#23420);
#23440=CARTESIAN_POINT('',(-2.217181,0.669531,0.649999999999999));
#23450=VERTEX_POINT('',#23440);
#23460=EDGE_CURVE('',#23450,#8120,#23430,.T.);
#23470=ORIENTED_EDGE('',*,*,#23460,.T.);
#23480=EDGE_CURVE('',#17650,#23450,#23280,.T.);
#23490=ORIENTED_EDGE('',*,*,#23480,.T.);
#23500=ORIENTED_EDGE('',*,*,#17660,.T.);
#23510=CARTESIAN_POINT('',(-2.217181,2.769531,2.025));
#23520=DIRECTION('',(0.,0.,-1.));
#23530=VECTOR('',#23520,1.);
#23540=LINE('',#23510,#23530);
#23550=CARTESIAN_POINT('',(-2.217181,2.769531,2.025));
#23560=VERTEX_POINT('',#23550);
#23570=EDGE_CURVE('',#23560,#17570,#23540,.T.);
#23580=ORIENTED_EDGE('',*,*,#23570,.T.);
#23590=CARTESIAN_POINT('',(-2.217181,0.,2.025));
#23600=DIRECTION('',(0.,-1.,0.));
#23610=VECTOR('',#23600,1.);
#23620=LINE('',#23590,#23610);
#23630=EDGE_CURVE('',#23560,#20550,#23620,.T.);
#23640=ORIENTED_EDGE('',*,*,#23630,.F.);
#23650=EDGE_LOOP('',(#23640,#23580,#23500,#23490,#23470,#23390,#23380,
#23320,#23240,#23160,#23150,#23130,#23120,#23110,#23090,#23010,#23000,
#22990,#22930,#22920,#22860,#22850,#22790,#22710,#22630,#22550,#22470,
#22390,#22310,#22230,#22190,#22110,#22030,#21950,#21870,#21790,#21710,
#21670,#21590,#21510,#21470,#21390,#21310,#21230,#21150,#21070,#20990,
#20910,#20830,#20750,#20670,#20590));
#23660=FACE_OUTER_BOUND('',#23650,.T.);
#23670=ADVANCED_FACE('',(#23660),#20490,.T.);
#23680=CARTESIAN_POINT('',(-1.517181,-1.530469,8.12500000000001));
#23690=DIRECTION('',(-1.,0.,0.));
#23700=DIRECTION('',(0.,-1.,0.));
#23710=AXIS2_PLACEMENT_3D('',#23680,#23690,#23700);
#23720=PLANE('',#23710);
#23730=CARTESIAN_POINT('',(-1.517181,-2.58294260600204E-16,
8.92600000000001));
#23740=DIRECTION('',(0.,1.,0.));
#23750=VECTOR('',#23740,1.);
#23760=LINE('',#23730,#23750);
#23770=CARTESIAN_POINT('',(-1.517181,-2.030469,8.92600000000001));
#23780=VERTEX_POINT('',#23770);
#23790=CARTESIAN_POINT('',(-1.517181,-1.530469,8.92600000000001));
#23800=VERTEX_POINT('',#23790);
#23810=EDGE_CURVE('',#23780,#23800,#23760,.T.);
#23820=ORIENTED_EDGE('',*,*,#23810,.T.);
#23830=CARTESIAN_POINT('',(-1.517181,-2.030469,9.37500000000001));
#23840=DIRECTION('',(0.,0.,-1.));
#23850=VECTOR('',#23840,1.);
#23860=LINE('',#23830,#23850);
#23870=CARTESIAN_POINT('',(-1.517181,-2.030469,10.2));
#23880=VERTEX_POINT('',#23870);
#23890=EDGE_CURVE('',#23880,#23780,#23860,.T.);
#23900=ORIENTED_EDGE('',*,*,#23890,.T.);
#23910=CARTESIAN_POINT('',(-1.517181,-4.44089209850063E-16,10.2));
#23920=DIRECTION('',(0.,-1.,0.));
#23930=VECTOR('',#23920,1.);
#23940=LINE('',#23910,#23930);
#23950=CARTESIAN_POINT('',(-1.517181,-1.530469,10.2));
#23960=VERTEX_POINT('',#23950);
#23970=EDGE_CURVE('',#23960,#23880,#23940,.T.);
#23980=ORIENTED_EDGE('',*,*,#23970,.T.);
#23990=CARTESIAN_POINT('',(-1.517181,-1.530469,9.7));
#24000=DIRECTION('',(0.,0.,1.));
#24010=VECTOR('',#24000,1.);
#24020=LINE('',#23990,#24010);
#24030=EDGE_CURVE('',#23800,#23960,#24020,.T.);
#24040=ORIENTED_EDGE('',*,*,#24030,.T.);
#24050=EDGE_LOOP('',(#24040,#23980,#23900,#23820));
#24060=FACE_OUTER_BOUND('',#24050,.T.);
#24070=ADVANCED_FACE('',(#24060),#23720,.F.);
#24080=CARTESIAN_POINT('',(-1.567181,2.769531,1.55));
#24090=DIRECTION('',(-1.22460635382238E-16,1.,4.44089209850056E-15));
#24100=DIRECTION('',(-5.43834468046338E-31,4.44089209850056E-15,-1.));
#24110=AXIS2_PLACEMENT_3D('',#24080,#24090,#24100);
#24120=PLANE('',#24110);
#24130=CARTESIAN_POINT('',(-2.217181,2.769531,2.025));
#24140=DIRECTION('',(1.,0.,0.));
#24150=VECTOR('',#24140,1.);
#24160=LINE('',#24130,#24150);
#24170=CARTESIAN_POINT('',(-1.567181,2.769531,2.025));
#24180=VERTEX_POINT('',#24170);
#24190=EDGE_CURVE('',#23560,#24180,#24160,.T.);
#24200=ORIENTED_EDGE('',*,*,#24190,.T.);
#24210=ORIENTED_EDGE('',*,*,#23570,.F.);
#24220=ORIENTED_EDGE('',*,*,#17580,.T.);
#24230=CARTESIAN_POINT('',(-0.427181000000001,2.769531,1.05));
#24240=DIRECTION('',(0.,0.,1.));
#24250=VECTOR('',#24240,1.);
#24260=LINE('',#24230,#24250);
#24270=EDGE_CURVE('',#17490,#18470,#24260,.T.);
#24280=ORIENTED_EDGE('',*,*,#24270,.F.);
#24290=ORIENTED_EDGE('',*,*,#18480,.T.);
#24300=CARTESIAN_POINT('',(-1.567181,2.769531,1.55));
#24310=DIRECTION('',(0.,0.,1.));
#24320=VECTOR('',#24310,1.);
#24330=LINE('',#24300,#24320);
#24340=EDGE_CURVE('',#18390,#24180,#24330,.T.);
#24350=ORIENTED_EDGE('',*,*,#24340,.F.);
#24360=EDGE_LOOP('',(#24350,#24290,#24280,#24220,#24210,#24200));
#24370=FACE_OUTER_BOUND('',#24360,.T.);
#24380=ADVANCED_FACE('',(#24370),#24120,.T.);
#24390=CARTESIAN_POINT('',(0.372818999999999,1.769531,1.55));
#24400=DIRECTION('',(-1.22460635382238E-16,1.,0.));
#24410=DIRECTION('',(-1.,-1.22460635382238E-16,0.));
#24420=AXIS2_PLACEMENT_3D('',#24390,#24400,#24410);
#24430=PLANE('',#24420);
#24440=CARTESIAN_POINT('',(-0.427181000000001,1.769531,1.55));
#24450=DIRECTION('',(0.,0.,-1.));
#24460=VECTOR('',#24450,1.);
#24470=LINE('',#24440,#24460);
#24480=EDGE_CURVE('',#18060,#17410,#24470,.T.);
#24490=ORIENTED_EDGE('',*,*,#24480,.F.);
#24500=ORIENTED_EDGE('',*,*,#17420,.F.);
#24510=ORIENTED_EDGE('',*,*,#15610,.T.);
#24520=ORIENTED_EDGE('',*,*,#18070,.T.);
#24530=EDGE_LOOP('',(#24520,#24510,#24500,#24490));
#24540=FACE_OUTER_BOUND('',#24530,.T.);
#24550=ADVANCED_FACE('',(#24540),#24430,.T.);
#24560=CARTESIAN_POINT('',(-2.217181,1.169531,2.025));
#24570=DIRECTION('',(0.,0.,-1.));
#24580=DIRECTION('',(0.,1.,0.));
#24590=AXIS2_PLACEMENT_3D('',#24560,#24570,#24580);
#24600=PLANE('',#24590);
#24610=CARTESIAN_POINT('',(-2.217181,0.969530999999999,2.025));
#24620=DIRECTION('',(1.,0.,0.));
#24630=VECTOR('',#24620,1.);
#24640=LINE('',#24610,#24630);
#24650=CARTESIAN_POINT('',(-1.567181,0.969530999999999,2.025));
#24660=VERTEX_POINT('',#24650);
#24670=EDGE_CURVE('',#20550,#24660,#24640,.T.);
#24680=ORIENTED_EDGE('',*,*,#24670,.T.);
#24690=ORIENTED_EDGE('',*,*,#23630,.T.);
#24700=ORIENTED_EDGE('',*,*,#24190,.F.);
#24710=CARTESIAN_POINT('',(-1.567181,-1.91917981018971E-16,2.025));
#24720=DIRECTION('',(1.22460635382238E-16,-1.,0.));
#24730=VECTOR('',#24720,1.);
#24740=LINE('',#24710,#24730);
#24750=EDGE_CURVE('',#24180,#24660,#24740,.T.);
#24760=ORIENTED_EDGE('',*,*,#24750,.F.);
#24770=EDGE_LOOP('',(#24760,#24700,#24690,#24680));
#24780=FACE_OUTER_BOUND('',#24770,.T.);
#24790=ADVANCED_FACE('',(#24780),#24600,.F.);
#24800=CARTESIAN_POINT('',(-1.717181,0.569531,1.05));
#24810=DIRECTION('',(1.,1.38777878078144E-15,0.));
#24820=DIRECTION('',(-1.38777878078144E-15,1.,0.));
#24830=AXIS2_PLACEMENT_3D('',#24800,#24810,#24820);
#24840=PLANE('',#24830);
#24850=CARTESIAN_POINT('',(-1.717181,-0.780469000000024,8.125));
#24860=DIRECTION('',(-4.2423930870811E-31,3.06151588455597E-16,1.));
#24870=VECTOR('',#24860,1.);
#24880=LINE('',#24850,#24870);
#24890=CARTESIAN_POINT('',(-1.717181,-0.780469000000025,
0.850000000000001));
#24900=VERTEX_POINT('',#24890);
#24910=CARTESIAN_POINT('',(-1.717181,-0.780469000000025,1.05));
#24920=VERTEX_POINT('',#24910);
#24930=EDGE_CURVE('',#24900,#24920,#24880,.T.);
#24940=ORIENTED_EDGE('',*,*,#24930,.T.);
#24950=CARTESIAN_POINT('',(-1.717181,0.,0.850000000000001));
#24960=DIRECTION('',(-1.38777878078144E-15,1.,9.86076131526265E-32));
#24970=VECTOR('',#24960,1.);
#24980=LINE('',#24950,#24970);
#24990=CARTESIAN_POINT('',(-1.717181,-0.530469,0.850000000000001));
#25000=VERTEX_POINT('',#24990);
#25010=EDGE_CURVE('',#24900,#25000,#24980,.T.);
#25020=ORIENTED_EDGE('',*,*,#25010,.F.);
#25030=CARTESIAN_POINT('',(-1.717181,-0.530469000000001,8.125));
#25040=DIRECTION('',(4.78959436048522E-48,-3.74915180455534E-33,-1.));
#25050=VECTOR('',#25040,1.);
#25060=LINE('',#25030,#25050);
#25070=CARTESIAN_POINT('',(-1.717181,-0.530469,1.05));
#25080=VERTEX_POINT('',#25070);
#25090=EDGE_CURVE('',#25080,#25000,#25060,.T.);
#25100=ORIENTED_EDGE('',*,*,#25090,.T.);
#25110=CARTESIAN_POINT('',(-1.717181,0.,1.05));
#25120=DIRECTION('',(1.38777878078144E-15,-1.,0.));
#25130=VECTOR('',#25120,1.);
#25140=LINE('',#25110,#25130);
#25150=CARTESIAN_POINT('',(-1.717181,-0.363802333333348,1.05));
#25160=VERTEX_POINT('',#25150);
#25170=EDGE_CURVE('',#25160,#25080,#25140,.T.);
#25180=ORIENTED_EDGE('',*,*,#25170,.T.);
#25190=CARTESIAN_POINT('',(-1.717181,-0.363802333333345,8.125));
#25200=DIRECTION('',(-2.84183158268499E-31,2.04101058970397E-16,1.));
#25210=VECTOR('',#25200,1.);
#25220=LINE('',#25190,#25210);
#25230=CARTESIAN_POINT('',(-1.717181,-0.363802333333348,
0.850000000000001));
#25240=VERTEX_POINT('',#25230);
#25250=EDGE_CURVE('',#25240,#25160,#25220,.T.);
#25260=ORIENTED_EDGE('',*,*,#25250,.T.);
#25270=CARTESIAN_POINT('',(-1.717181,-0.0304690000000004,
0.850000000000001));
#25280=VERTEX_POINT('',#25270);
#25290=EDGE_CURVE('',#25240,#25280,#24980,.T.);
#25300=ORIENTED_EDGE('',*,*,#25290,.F.);
#25310=CARTESIAN_POINT('',(-1.717181,-0.0304690000000004,8.125));
#25320=DIRECTION('',(4.78959436048522E-48,-3.74915180455534E-33,-1.));
#25330=VECTOR('',#25320,1.);
#25340=LINE('',#25310,#25330);
#25350=CARTESIAN_POINT('',(-1.717181,-0.0304690000000004,1.05));
#25360=VERTEX_POINT('',#25350);
#25370=EDGE_CURVE('',#25360,#25280,#25340,.T.);
#25380=ORIENTED_EDGE('',*,*,#25370,.T.);
#25390=CARTESIAN_POINT('',(-1.717181,0.669531,1.05));
#25400=VERTEX_POINT('',#25390);
#25410=EDGE_CURVE('',#25400,#25360,#25140,.T.);
#25420=ORIENTED_EDGE('',*,*,#25410,.T.);
#25430=CARTESIAN_POINT('',(-1.717181,0.669531,8.125));
#25440=DIRECTION('',(-4.78959436048522E-48,3.74915180455534E-33,1.));
#25450=VECTOR('',#25440,1.);
#25460=LINE('',#25430,#25450);
#25470=CARTESIAN_POINT('',(-1.717181,0.669531,0.850000000000001));
#25480=VERTEX_POINT('',#25470);
#25490=EDGE_CURVE('',#25480,#25400,#25460,.T.);
#25500=ORIENTED_EDGE('',*,*,#25490,.T.);
#25510=CARTESIAN_POINT('',(-1.717181,0.669531,1.05));
#25520=DIRECTION('',(0.,0.,-1.));
#25530=VECTOR('',#25520,1.);
#25540=LINE('',#25510,#25530);
#25550=EDGE_CURVE('',#25480,#19950,#25540,.T.);
#25560=ORIENTED_EDGE('',*,*,#25550,.F.);
#25570=ORIENTED_EDGE('',*,*,#20090,.F.);
#25580=ORIENTED_EDGE('',*,*,#14010,.T.);
#25590=EDGE_CURVE('',#24920,#13920,#25140,.T.);
#25600=ORIENTED_EDGE('',*,*,#25590,.T.);
#25610=EDGE_LOOP('',(#25600,#25580,#25570,#25560,#25500,#25420,#25380,
#25300,#25260,#25180,#25100,#25020,#24940));
#25620=FACE_OUTER_BOUND('',#25610,.T.);
#25630=ADVANCED_FACE('',(#25620),#24840,.T.);
#25640=CARTESIAN_POINT('',(-1.567181,0.969530999999999,1.7499976));
#25650=DIRECTION('',(1.22460635382238E-16,-1.,0.));
#25660=DIRECTION('',(-1.,-1.22460635382238E-16,0.));
#25670=AXIS2_PLACEMENT_3D('',#25640,#25650,#25660);
#25680=PLANE('',#25670);
#25690=ORIENTED_EDGE('',*,*,#24670,.F.);
#25700=CARTESIAN_POINT('',(-1.567181,0.969530999999999,8.125));
#25710=DIRECTION('',(0.,0.,-1.));
#25720=VECTOR('',#25710,1.);
#25730=LINE('',#25700,#25720);
#25740=CARTESIAN_POINT('',(-1.567181,0.969530999999999,2.825));
#25750=VERTEX_POINT('',#25740);
#25760=EDGE_CURVE('',#25750,#24660,#25730,.T.);
#25770=ORIENTED_EDGE('',*,*,#25760,.T.);
#25780=CARTESIAN_POINT('',(-2.8526283597655E-16,0.969531,2.825));
#25790=DIRECTION('',(-1.,-1.22460635382238E-16,0.));
#25800=VECTOR('',#25790,1.);
#25810=LINE('',#25780,#25800);
#25820=EDGE_CURVE('',#25750,#20570,#25810,.T.);
#25830=ORIENTED_EDGE('',*,*,#25820,.F.);
#25840=ORIENTED_EDGE('',*,*,#20580,.T.);
#25850=EDGE_LOOP('',(#25840,#25830,#25770,#25690));
#25860=FACE_OUTER_BOUND('',#25850,.T.);
#25870=ADVANCED_FACE('',(#25860),#25680,.F.);
#25880=CARTESIAN_POINT('',(0.147819,-1.580469,3.575));
#25890=VERTEX_POINT('',#25880);
#25900=CARTESIAN_POINT('',(0.147819,-1.530469,3.575));
#25910=VERTEX_POINT('',#25900);
#25920=EDGE_CURVE('',#25890,#25910,#6310,.T.);
#25930=ORIENTED_EDGE('',*,*,#25920,.T.);
#25940=CARTESIAN_POINT('',(0.147819,-1.580469,3.575));
#25950=DIRECTION('',(0.,0.,1.));
#25960=VECTOR('',#25950,1.);
#25970=LINE('',#25940,#25960);
#25980=CARTESIAN_POINT('',(0.147819,-1.580469,3.925));
#25990=VERTEX_POINT('',#25980);
#26000=EDGE_CURVE('',#25890,#25990,#25970,.T.);
#26010=ORIENTED_EDGE('',*,*,#26000,.F.);
#26020=CARTESIAN_POINT('',(0.147819,-1.530469,3.925));
#26030=VERTEX_POINT('',#26020);
#26040=EDGE_CURVE('',#25990,#26030,#6930,.T.);
#26050=ORIENTED_EDGE('',*,*,#26040,.F.);
#26060=CARTESIAN_POINT('',(0.147819,-1.530469,8.125));
#26070=DIRECTION('',(0.,0.,1.));
#26080=VECTOR('',#26070,1.);
#26090=LINE('',#26060,#26080);
#26100=EDGE_CURVE('',#25910,#26030,#26090,.T.);
#26110=ORIENTED_EDGE('',*,*,#26100,.T.);
#26120=EDGE_LOOP('',(#26110,#26050,#26010,#25930));
#26130=FACE_OUTER_BOUND('',#26120,.T.);
#26140=ADVANCED_FACE('',(#26130),#11940,.T.);
#26150=CARTESIAN_POINT('',(-1.417181,0.669531,0.300000000000002));
#26160=DIRECTION('',(0.,1.,0.));
#26170=DIRECTION('',(0.,0.,-1.));
#26180=AXIS2_PLACEMENT_3D('',#26150,#26160,#26170);
#26190=PLANE('',#26180);
#26200=ORIENTED_EDGE('',*,*,#17740,.T.);
#26210=ORIENTED_EDGE('',*,*,#23480,.F.);
#26220=CARTESIAN_POINT('',(-1.817181,0.669531,0.649999999999999));
#26230=DIRECTION('',(-6.12303176911189E-17,-1.,6.16297582203916E-33));
#26240=DIRECTION('',(1.,-6.12303176911189E-17,0.));
#26250=AXIS2_PLACEMENT_3D('',#26220,#26230,#26240);
#26260=CIRCLE('',#26250,0.4);
#26270=EDGE_CURVE('',#17730,#23450,#26260,.T.);
#26280=ORIENTED_EDGE('',*,*,#26270,.T.);
#26290=EDGE_LOOP('',(#26280,#26210,#26200));
#26300=FACE_OUTER_BOUND('',#26290,.T.);
#26310=ADVANCED_FACE('',(#26300),#26190,.T.);
#26320=CARTESIAN_POINT('',(0.147819,-2.030469,3.575));
#26330=DIRECTION('',(0.,-1.,0.));
#26340=DIRECTION('',(-1.,0.,0.));
#26350=AXIS2_PLACEMENT_3D('',#26320,#26330,#26340);
#26360=PLANE('',#26350);
#26370=CARTESIAN_POINT('',(-0.0251477347320566,-2.030469,3.575));
#26380=DIRECTION('',(-1.,0.,0.));
#26390=VECTOR('',#26380,1.);
#26400=LINE('',#26370,#26390);
#26410=CARTESIAN_POINT('',(-0.302181,-2.030469,3.575));
#26420=VERTEX_POINT('',#26410);
#26430=CARTESIAN_POINT('',(-3.417181,-2.030469,3.575));
#26440=VERTEX_POINT('',#26430);
#26450=EDGE_CURVE('',#26420,#26440,#26400,.T.);
#26460=ORIENTED_EDGE('',*,*,#26450,.F.);
#26470=CARTESIAN_POINT('',(-3.417181,-2.030469,3.575));
#26480=DIRECTION('',(0.,0.,-1.));
#26490=VECTOR('',#26480,1.);
#26500=LINE('',#26470,#26490);
#26510=CARTESIAN_POINT('',(-3.417181,-2.030469,3.925));
#26520=VERTEX_POINT('',#26510);
#26530=EDGE_CURVE('',#26520,#26440,#26500,.T.);
#26540=ORIENTED_EDGE('',*,*,#26530,.T.);
#26550=CARTESIAN_POINT('',(-0.0251477347320566,-2.030469,3.925));
#26560=DIRECTION('',(-1.,0.,0.));
#26570=VECTOR('',#26560,1.);
#26580=LINE('',#26550,#26570);
#26590=CARTESIAN_POINT('',(-0.302181,-2.030469,3.925));
#26600=VERTEX_POINT('',#26590);
#26610=EDGE_CURVE('',#26600,#26520,#26580,.T.);
#26620=ORIENTED_EDGE('',*,*,#26610,.T.);
#26630=CARTESIAN_POINT('',(-0.302181,-2.030469,3.575));
#26640=DIRECTION('',(0.,0.,1.));
#26650=VECTOR('',#26640,1.);
#26660=LINE('',#26630,#26650);
#26670=EDGE_CURVE('',#26420,#26600,#26660,.T.);
#26680=ORIENTED_EDGE('',*,*,#26670,.T.);
#26690=EDGE_LOOP('',(#26680,#26620,#26540,#26460));
#26700=FACE_OUTER_BOUND('',#26690,.T.);
#26710=ADVANCED_FACE('',(#26700),#26360,.T.);
#26720=CARTESIAN_POINT('',(-0.302181,-1.580469,3.575));
#26730=DIRECTION('',(0.,0.,1.));
#26740=DIRECTION('',(1.,0.,0.));
#26750=AXIS2_PLACEMENT_3D('',#26720,#26730,#26740);
#26760=CYLINDRICAL_SURFACE('',#26750,0.45);
#26770=CARTESIAN_POINT('',(-0.302181,-1.580469,3.925));
#26780=DIRECTION('',(0.,0.,1.));
#26790=DIRECTION('',(1.,0.,0.));
#26800=AXIS2_PLACEMENT_3D('',#26770,#26780,#26790);
#26810=CIRCLE('',#26800,0.45);
#26820=EDGE_CURVE('',#26600,#25990,#26810,.T.);
#26830=ORIENTED_EDGE('',*,*,#26820,.F.);
#26840=ORIENTED_EDGE('',*,*,#26000,.T.);
#26850=CARTESIAN_POINT('',(-0.302181,-1.580469,3.575));
#26860=DIRECTION('',(0.,0.,1.));
#26870=DIRECTION('',(1.,0.,0.));
#26880=AXIS2_PLACEMENT_3D('',#26850,#26860,#26870);
#26890=CIRCLE('',#26880,0.45);
#26900=EDGE_CURVE('',#26420,#25890,#26890,.T.);
#26910=ORIENTED_EDGE('',*,*,#26900,.T.);
#26920=ORIENTED_EDGE('',*,*,#26670,.F.);
#26930=EDGE_LOOP('',(#26920,#26910,#26840,#26830));
#26940=FACE_OUTER_BOUND('',#26930,.T.);
#26950=ADVANCED_FACE('',(#26940),#26760,.T.);
#26960=CARTESIAN_POINT('',(1.182819,-1.930469,2.324));
#26970=DIRECTION('',(-2.17533787218541E-30,1.77635683940027E-14,1.));
#26980=DIRECTION('',(-1.22460635382238E-16,1.,-1.77635683940027E-14));
#26990=AXIS2_PLACEMENT_3D('',#26960,#26970,#26980);
#27000=PLANE('',#26990);
#27010=ORIENTED_EDGE('',*,*,#16510,.F.);
#27020=CARTESIAN_POINT('',(-1.017181,-1.2456463155874E-16,2.324));
#27030=DIRECTION('',(-1.22460635382238E-16,1.,0.));
#27040=VECTOR('',#27030,1.);
#27050=LINE('',#27020,#27040);
#27060=CARTESIAN_POINT('',(-1.017181,-1.530469,2.32399999999999));
#27070=VERTEX_POINT('',#27060);
#27080=EDGE_CURVE('',#16440,#27070,#27050,.T.);
#27090=ORIENTED_EDGE('',*,*,#27080,.F.);
#27100=CARTESIAN_POINT('',(0.,-1.530469,2.32399999999999));
#27110=DIRECTION('',(1.,1.22460635382238E-16,0.));
#27120=VECTOR('',#27110,1.);
#27130=LINE('',#27100,#27120);
#27140=EDGE_CURVE('',#27070,#11210,#27130,.T.);
#27150=ORIENTED_EDGE('',*,*,#27140,.F.);
#27160=ORIENTED_EDGE('',*,*,#11220,.F.);
#27170=EDGE_LOOP('',(#27160,#27150,#27090,#27010));
#27180=FACE_OUTER_BOUND('',#27170,.T.);
#27190=ADVANCED_FACE('',(#27180),#27000,.T.);
#27200=CARTESIAN_POINT('',(-2.5571834,-2.030469,2.676));
#27210=DIRECTION('',(0.,0.,1.));
#27220=DIRECTION('',(-1.22460635382238E-16,1.,0.));
#27230=AXIS2_PLACEMENT_3D('',#27200,#27210,#27220);
#27240=PLANE('',#27230);
#27250=ORIENTED_EDGE('',*,*,#16960,.F.);
#27260=ORIENTED_EDGE('',*,*,#16720,.T.);
#27270=CARTESIAN_POINT('',(0.,-1.530469,2.676));
#27280=DIRECTION('',(1.,1.22460635382238E-16,0.));
#27290=VECTOR('',#27280,1.);
#27300=LINE('',#27270,#27290);
#27310=EDGE_CURVE('',#23070,#16630,#27300,.T.);
#27320=ORIENTED_EDGE('',*,*,#27310,.T.);
#27330=ORIENTED_EDGE('',*,*,#23080,.T.);
#27340=EDGE_LOOP('',(#27330,#27320,#27260,#27250));
#27350=FACE_OUTER_BOUND('',#27340,.T.);
#27360=ADVANCED_FACE('',(#27350),#27240,.F.);
#27370=CARTESIAN_POINT('',(-1.517181,-3.62496556751725E-17,5.176));
#27380=DIRECTION('',(0.,1.,0.));
#27390=VECTOR('',#27380,1.);
#27400=LINE('',#27370,#27390);
#27410=CARTESIAN_POINT('',(-1.517181,-2.030469,5.176));
#27420=VERTEX_POINT('',#27410);
#27430=CARTESIAN_POINT('',(-1.517181,-1.530469,5.176));
#27440=VERTEX_POINT('',#27430);
#27450=EDGE_CURVE('',#27420,#27440,#27400,.T.);
#27460=ORIENTED_EDGE('',*,*,#27450,.F.);
#27470=CARTESIAN_POINT('',(-1.87422206172818E-16,-1.530469,5.176));
#27480=DIRECTION('',(-1.,0.,0.));
#27490=VECTOR('',#27480,1.);
#27500=LINE('',#27470,#27490);
#27510=EDGE_CURVE('',#27440,#22770,#27500,.T.);
#27520=ORIENTED_EDGE('',*,*,#27510,.F.);
#27530=ORIENTED_EDGE('',*,*,#22780,.F.);
#27540=CARTESIAN_POINT('',(-2.217181,-2.030469,5.176));
#27550=DIRECTION('',(1.,-1.22460635382238E-16,0.));
#27560=VECTOR('',#27550,1.);
#27570=LINE('',#27540,#27560);
#27580=EDGE_CURVE('',#22690,#27420,#27570,.T.);
#27590=ORIENTED_EDGE('',*,*,#27580,.F.);
#27600=EDGE_LOOP('',(#27590,#27530,#27520,#27460));
#27610=FACE_OUTER_BOUND('',#27600,.T.);
#27620=ADVANCED_FACE('',(#27610),#3600,.T.);
#27630=CARTESIAN_POINT('',(-1.417181,0.669531,8.125));
#27640=DIRECTION('',(0.,0.,1.));
#27650=VECTOR('',#27640,1.);
#27660=LINE('',#27630,#27650);
#27670=CARTESIAN_POINT('',(-1.417181,0.669531,0.300000000000002));
#27680=VERTEX_POINT('',#27670);
#27690=EDGE_CURVE('',#27680,#19930,#27660,.T.);
#27700=ORIENTED_EDGE('',*,*,#27690,.F.);
#27710=ORIENTED_EDGE('',*,*,#19960,.F.);
#27720=ORIENTED_EDGE('',*,*,#25550,.T.);
#27730=CARTESIAN_POINT('',(0.,0.669531,0.850000000000001));
#27740=DIRECTION('',(-1.,0.,6.12303176911188E-17));
#27750=VECTOR('',#27740,1.);
#27760=LINE('',#27730,#27750);
#27770=CARTESIAN_POINT('',(-1.817181,0.669531,0.850000000000001));
#27780=VERTEX_POINT('',#27770);
#27790=EDGE_CURVE('',#25480,#27780,#27760,.T.);
#27800=ORIENTED_EDGE('',*,*,#27790,.F.);
#27810=CARTESIAN_POINT('',(-1.817181,0.669531,0.649999999999999));
#27820=DIRECTION('',(6.12303176911189E-17,1.,-6.16297582203916E-33));
#27830=DIRECTION('',(-1.,6.12303176911189E-17,0.));
#27840=AXIS2_PLACEMENT_3D('',#27810,#27820,#27830);
#27850=CIRCLE('',#27840,0.2);
#27860=CARTESIAN_POINT('',(-2.017181,0.669531,0.649999999999999));
#27870=VERTEX_POINT('',#27860);
#27880=EDGE_CURVE('',#27870,#27780,#27850,.T.);
#27890=ORIENTED_EDGE('',*,*,#27880,.T.);
#27900=CARTESIAN_POINT('',(-2.017181,0.669531,8.125));
#27910=DIRECTION('',(-6.12303176911188E-17,0.,-1.));
#27920=VECTOR('',#27910,1.);
#27930=LINE('',#27900,#27920);
#27940=CARTESIAN_POINT('',(-2.017181,0.669531,0.549999999999997));
#27950=VERTEX_POINT('',#27940);
#27960=EDGE_CURVE('',#27870,#27950,#27930,.T.);
#27970=ORIENTED_EDGE('',*,*,#27960,.F.);
#27980=CARTESIAN_POINT('',(0.,0.669531,0.549999999999997));
#27990=DIRECTION('',(-1.,0.,6.12303176911188E-17));
#28000=VECTOR('',#27990,1.);
#28010=LINE('',#27980,#28000);
#28020=EDGE_CURVE('',#27950,#23300,#28010,.T.);
#28030=ORIENTED_EDGE('',*,*,#28020,.F.);
#28040=ORIENTED_EDGE('',*,*,#23310,.F.);
#28050=CARTESIAN_POINT('',(-1.017181,0.669531,0.300000000000002));
#28060=DIRECTION('',(1.,1.22460635382238E-16,0.));
#28070=VECTOR('',#28060,1.);
#28080=LINE('',#28050,#28070);
#28090=EDGE_CURVE('',#23220,#27680,#28080,.T.);
#28100=ORIENTED_EDGE('',*,*,#28090,.F.);
#28110=EDGE_LOOP('',(#28100,#28040,#28030,#27970,#27890,#27800,#27720,
#27710,#27700));
#28120=FACE_OUTER_BOUND('',#28110,.T.);
#28130=ADVANCED_FACE('',(#28120),#26190,.T.);
#28140=CARTESIAN_POINT('',(1.182819,-2.030469,3.574));
#28150=DIRECTION('',(1.22460635382238E-16,-1.,0.));
#28160=DIRECTION('',(0.,0.,1.));
#28170=AXIS2_PLACEMENT_3D('',#28140,#28150,#28160);
#28180=PLANE('',#28170);
#28190=CARTESIAN_POINT('',(1.182819,-2.030469,2.676));
#28200=DIRECTION('',(-1.,-1.22460635382238E-16,0.));
#28210=VECTOR('',#28200,1.);
#28220=LINE('',#28190,#28210);
#28230=EDGE_CURVE('',#11370,#19310,#28220,.T.);
#28240=ORIENTED_EDGE('',*,*,#28230,.F.);
#28250=ORIENTED_EDGE('',*,*,#19470,.T.);
#28260=ORIENTED_EDGE('',*,*,#1510,.T.);
#28270=ORIENTED_EDGE('',*,*,#11440,.F.);
#28280=EDGE_LOOP('',(#28270,#28260,#28250,#28240));
#28290=FACE_OUTER_BOUND('',#28280,.T.);
#28300=ADVANCED_FACE('',(#28290),#28180,.T.);
#28310=CARTESIAN_POINT('',(-0.427181000000001,2.769531,1.05));
#28320=DIRECTION('',(1.,-2.22044604925032E-15,0.));
#28330=DIRECTION('',(2.22044604925032E-15,1.,0.));
#28340=AXIS2_PLACEMENT_3D('',#28310,#28320,#28330);
#28350=PLANE('',#28340);
#28360=ORIENTED_EDGE('',*,*,#24270,.T.);
#28370=ORIENTED_EDGE('',*,*,#17500,.T.);
#28380=ORIENTED_EDGE('',*,*,#24480,.T.);
#28390=ORIENTED_EDGE('',*,*,#18540,.F.);
#28400=EDGE_LOOP('',(#28390,#28380,#28370,#28360));
#28410=FACE_OUTER_BOUND('',#28400,.T.);
#28420=ADVANCED_FACE('',(#28410),#28350,.T.);
#28430=CARTESIAN_POINT('',(-1.417181,0.669531,0.300000000000002));
#28440=DIRECTION('',(1.,0.,0.));
#28450=DIRECTION('',(0.,1.,0.));
#28460=AXIS2_PLACEMENT_3D('',#28430,#28440,#28450);
#28470=PLANE('',#28460);
#28480=CARTESIAN_POINT('',(-1.417181,0.,0.300000000000002));
#28490=DIRECTION('',(0.,1.,0.));
#28500=VECTOR('',#28490,1.);
#28510=LINE('',#28480,#28500);
#28520=EDGE_CURVE('',#14160,#27680,#28510,.T.);
#28530=ORIENTED_EDGE('',*,*,#28520,.T.);
#28540=ORIENTED_EDGE('',*,*,#14170,.T.);
#28550=ORIENTED_EDGE('',*,*,#20020,.T.);
#28560=ORIENTED_EDGE('',*,*,#27690,.T.);
#28570=EDGE_LOOP('',(#28560,#28550,#28540,#28530));
#28580=FACE_OUTER_BOUND('',#28570,.T.);
#28590=ADVANCED_FACE('',(#28580),#28470,.T.);
#28600=ORIENTED_EDGE('',*,*,#28230,.T.);
#28610=ORIENTED_EDGE('',*,*,#11380,.F.);
#28620=CARTESIAN_POINT('',(0.,-1.530469,2.676));
#28630=DIRECTION('',(1.,1.22460635382238E-16,0.));
#28640=VECTOR('',#28630,1.);
#28650=LINE('',#28620,#28640);
#28660=EDGE_CURVE('',#19330,#11290,#28650,.T.);
#28670=ORIENTED_EDGE('',*,*,#28660,.T.);
#28680=ORIENTED_EDGE('',*,*,#19340,.T.);
#28690=EDGE_LOOP('',(#28680,#28670,#28610,#28600));
#28700=FACE_OUTER_BOUND('',#28690,.T.);
#28710=ADVANCED_FACE('',(#28700),#27240,.F.);
#28720=CARTESIAN_POINT('',(-1.567181,0.969530999999999,2.825));
#28730=DIRECTION('',(0.,0.,-1.));
#28740=DIRECTION('',(1.,1.22460635382238E-16,0.));
#28750=AXIS2_PLACEMENT_3D('',#28720,#28730,#28740);
#28760=PLANE('',#28750);
#28770=CARTESIAN_POINT('',(-1.567181,-1.91917981018971E-16,2.825));
#28780=DIRECTION('',(1.22460635382238E-16,-1.,0.));
#28790=VECTOR('',#28780,1.);
#28800=LINE('',#28770,#28790);
#28810=CARTESIAN_POINT('',(-1.567181,-0.230469,2.825));
#28820=VERTEX_POINT('',#28810);
#28830=EDGE_CURVE('',#25750,#28820,#28800,.T.);
#28840=ORIENTED_EDGE('',*,*,#28830,.F.);
#28850=CARTESIAN_POINT('',(-1.38310073517865E-16,-0.230469,2.825));
#28860=DIRECTION('',(1.,1.22460635382238E-16,0.));
#28870=VECTOR('',#28860,1.);
#28880=LINE('',#28850,#28870);
#28890=EDGE_CURVE('',#20650,#28820,#28880,.T.);
#28900=ORIENTED_EDGE('',*,*,#28890,.T.);
#28910=ORIENTED_EDGE('',*,*,#20660,.T.);
#28920=ORIENTED_EDGE('',*,*,#25820,.T.);
#28930=EDGE_LOOP('',(#28920,#28910,#28900,#28840));
#28940=FACE_OUTER_BOUND('',#28930,.T.);
#28950=ADVANCED_FACE('',(#28940),#28760,.F.);
#28960=CARTESIAN_POINT('',(-3.717181,-1.755469,3.575));
#28970=DIRECTION('',(-0.242535625036333,0.970142500145332,0.));
#28980=DIRECTION('',(0.970142500145332,0.242535625036333,0.));
#28990=AXIS2_PLACEMENT_3D('',#28960,#28970,#28980);
#29000=PLANE('',#28990);
#29010=CARTESIAN_POINT('',(-3.717181,-1.755469,3.575));
#29020=DIRECTION('',(0.,0.,1.));
#29030=VECTOR('',#29020,1.);
#29040=LINE('',#29010,#29030);
#29050=CARTESIAN_POINT('',(-3.717181,-1.755469,3.65));
#29060=VERTEX_POINT('',#29050);
#29070=CARTESIAN_POINT('',(-3.717181,-1.755469,3.85));
#29080=VERTEX_POINT('',#29070);
#29090=EDGE_CURVE('',#29060,#29080,#29040,.T.);
#29100=ORIENTED_EDGE('',*,*,#29090,.T.);
#29110=CARTESIAN_POINT('',(-0.0251477347320566,-0.832460683683013,
2.72699168368301));
#29120=DIRECTION('',(0.942809041582063,0.235702260395516,
-0.235702260395517));
#29130=VECTOR('',#29120,1.);
#29140=LINE('',#29110,#29130);
#29150=CARTESIAN_POINT('',(-3.417181,-1.680469,3.575));
#29160=VERTEX_POINT('',#29150);
#29170=EDGE_CURVE('',#29060,#29160,#29140,.T.);
#29180=ORIENTED_EDGE('',*,*,#29170,.F.);
#29190=CARTESIAN_POINT('',(-3.417181,-1.680469,3.575));
#29200=DIRECTION('',(0.,0.,1.));
#29210=VECTOR('',#29200,1.);
#29220=LINE('',#29190,#29210);
#29230=CARTESIAN_POINT('',(-3.417181,-1.680469,3.925));
#29240=VERTEX_POINT('',#29230);
#29250=EDGE_CURVE('',#29160,#29240,#29220,.T.);
#29260=ORIENTED_EDGE('',*,*,#29250,.F.);
#29270=CARTESIAN_POINT('',(-0.0251477347320566,-0.832460683683013,
4.77300831631699));
#29280=DIRECTION('',(-0.942809041582063,-0.235702260395516,
-0.235702260395517));
#29290=VECTOR('',#29280,1.);
#29300=LINE('',#29270,#29290);
#29310=EDGE_CURVE('',#29240,#29080,#29300,.T.);
#29320=ORIENTED_EDGE('',*,*,#29310,.F.);
#29330=EDGE_LOOP('',(#29320,#29260,#29180,#29100));
#29340=FACE_OUTER_BOUND('',#29330,.T.);
#29350=ADVANCED_FACE('',(#29340),#29000,.T.);
#29360=CARTESIAN_POINT('',(0.147819,-1.580469,5.175));
#29370=VERTEX_POINT('',#29360);
#29380=CARTESIAN_POINT('',(0.147819,-1.530469,5.175));
#29390=VERTEX_POINT('',#29380);
#29400=EDGE_CURVE('',#29370,#29390,#18670,.T.);
#29410=ORIENTED_EDGE('',*,*,#29400,.T.);
#29420=CARTESIAN_POINT('',(-0.302181,-1.580469,5.175));
#29430=DIRECTION('',(0.,0.,1.));
#29440=DIRECTION('',(1.,0.,0.));
#29450=AXIS2_PLACEMENT_3D('',#29420,#29430,#29440);
#29460=CIRCLE('',#29450,0.45);
#29470=CARTESIAN_POINT('',(-0.302181,-2.030469,5.175));
#29480=VERTEX_POINT('',#29470);
#29490=EDGE_CURVE('',#29480,#29370,#29460,.T.);
#29500=ORIENTED_EDGE('',*,*,#29490,.T.);
#29510=CARTESIAN_POINT('',(-0.0251477347320566,-2.030469,5.175));
#29520=DIRECTION('',(-1.,0.,0.));
#29530=VECTOR('',#29520,1.);
#29540=LINE('',#29510,#29530);
#29550=CARTESIAN_POINT('',(-3.417181,-2.030469,5.175));
#29560=VERTEX_POINT('',#29550);
#29570=EDGE_CURVE('',#29480,#29560,#29540,.T.);
#29580=ORIENTED_EDGE('',*,*,#29570,.F.);
#29590=CARTESIAN_POINT('',(-3.417181,-0.372053431461694,5.175));
#29600=DIRECTION('',(0.,-1.,0.));
#29610=VECTOR('',#29600,1.);
#29620=LINE('',#29590,#29610);
#29630=CARTESIAN_POINT('',(-3.417181,-1.680469,5.175));
#29640=VERTEX_POINT('',#29630);
#29650=EDGE_CURVE('',#29640,#29560,#29620,.T.);
#29660=ORIENTED_EDGE('',*,*,#29650,.T.);
#29670=CARTESIAN_POINT('',(-0.0251477347320566,-1.680469,5.175));
#29680=DIRECTION('',(1.,0.,0.));
#29690=VECTOR('',#29680,1.);
#29700=LINE('',#29670,#29690);
#29710=CARTESIAN_POINT('',(-0.452181000000001,-1.680469,5.175));
#29720=VERTEX_POINT('',#29710);
#29730=EDGE_CURVE('',#29640,#29720,#29700,.T.);
#29740=ORIENTED_EDGE('',*,*,#29730,.F.);
#29750=CARTESIAN_POINT('',(-0.452181000000001,-1.430469,5.175));
#29760=DIRECTION('',(0.,0.,-1.));
#29770=DIRECTION('',(-1.,0.,0.));
#29780=AXIS2_PLACEMENT_3D('',#29750,#29760,#29770);
#29790=CIRCLE('',#29780,0.25);
#29800=CARTESIAN_POINT('',(-0.223052215252209,-1.530469,5.175));
#29810=VERTEX_POINT('',#29800);
#29820=EDGE_CURVE('',#29810,#29720,#29790,.T.);
#29830=ORIENTED_EDGE('',*,*,#29820,.T.);
#29840=CARTESIAN_POINT('',(0.,-1.530469,5.175));
#29850=DIRECTION('',(-1.,-1.22460635382238E-16,0.));
#29860=VECTOR('',#29850,1.);
#29870=LINE('',#29840,#29860);
#29880=EDGE_CURVE('',#29390,#29810,#29870,.T.);
#29890=ORIENTED_EDGE('',*,*,#29880,.T.);
#29900=EDGE_LOOP('',(#29890,#29830,#29740,#29660,#29580,#29500,#29410));
#29910=FACE_OUTER_BOUND('',#29900,.T.);
#29920=ADVANCED_FACE('',(#29910),#18630,.T.);
#29930=CARTESIAN_POINT('',(-1.517181,-1.530469,1.55));
#29940=DIRECTION('',(0.,0.,-1.));
#29950=VECTOR('',#29940,1.);
#29960=LINE('',#29930,#29950);
#29970=CARTESIAN_POINT('',(-1.517181,-1.530469,1.05));
#29980=VERTEX_POINT('',#29970);
#29990=EDGE_CURVE('',#15360,#29980,#29960,.T.);
#30000=ORIENTED_EDGE('',*,*,#29990,.F.);
#30010=CARTESIAN_POINT('',(-1.517181,-1.85794949249859E-16,1.05));
#30020=DIRECTION('',(1.22460635382238E-16,-1.,0.));
#30030=VECTOR('',#30020,1.);
#30040=LINE('',#30010,#30030);
#30050=EDGE_CURVE('',#29980,#19630,#30040,.T.);
#30060=ORIENTED_EDGE('',*,*,#30050,.F.);
#30070=ORIENTED_EDGE('',*,*,#19640,.F.);
#30080=ORIENTED_EDGE('',*,*,#15430,.F.);
#30090=EDGE_LOOP('',(#30080,#30070,#30060,#30000));
#30100=FACE_OUTER_BOUND('',#30090,.T.);
#30110=ADVANCED_FACE('',(#30100),#14320,.T.);
#30120=CARTESIAN_POINT('',(-1.38626288683164,0.421925882026892,
0.300000000000002));
#30130=DIRECTION('',(0.,0.,-1.));
#30140=DIRECTION('',(-1.,-1.22460635382238E-16,0.));
#30150=AXIS2_PLACEMENT_3D('',#30120,#30130,#30140);
#30160=PLANE('',#30150);
#30170=ORIENTED_EDGE('',*,*,#3150,.F.);
#30180=ORIENTED_EDGE('',*,*,#1110,.F.);
#30190=ORIENTED_EDGE('',*,*,#11010,.F.);
#30200=ORIENTED_EDGE('',*,*,#770,.T.);
#30210=EDGE_LOOP('',(#30200,#30190,#30180,#30170));
#30220=FACE_OUTER_BOUND('',#30210,.T.);
#30230=ADVANCED_FACE('',(#30220),#30160,.T.);
#30240=CARTESIAN_POINT('',(-1.567181,2.769531,1.55));
#30250=DIRECTION('',(1.,1.22460635382238E-16,0.));
#30260=DIRECTION('',(-1.22460635382238E-16,1.,0.));
#30270=AXIS2_PLACEMENT_3D('',#30240,#30250,#30260);
#30280=PLANE('',#30270);
#30290=ORIENTED_EDGE('',*,*,#24340,.T.);
#30300=ORIENTED_EDGE('',*,*,#18400,.T.);
#30310=CARTESIAN_POINT('',(-1.567181,-0.230469,1.875));
#30320=DIRECTION('',(0.,0.,1.));
#30330=VECTOR('',#30320,1.);
#30340=LINE('',#30310,#30330);
#30350=EDGE_CURVE('',#18310,#28820,#30340,.T.);
#30360=ORIENTED_EDGE('',*,*,#30350,.F.);
#30370=ORIENTED_EDGE('',*,*,#28830,.T.);
#30380=ORIENTED_EDGE('',*,*,#25760,.F.);
#30390=ORIENTED_EDGE('',*,*,#24750,.T.);
#30400=EDGE_LOOP('',(#30390,#30380,#30370,#30360,#30300,#30290));
#30410=FACE_OUTER_BOUND('',#30400,.T.);
#30420=ADVANCED_FACE('',(#30410),#30280,.T.);
#30430=ORIENTED_EDGE('',*,*,#13520,.T.);
#30440=ORIENTED_EDGE('',*,*,#11610,.F.);
#30450=CARTESIAN_POINT('',(-1.017181,-1.530469,3.926));
#30460=VERTEX_POINT('',#30450);
#30470=EDGE_CURVE('',#30460,#11520,#19070,.T.);
#30480=ORIENTED_EDGE('',*,*,#30470,.T.);
#30490=CARTESIAN_POINT('',(-1.017181,-1.2456463155874E-16,3.926));
#30500=DIRECTION('',(-1.22460635382238E-16,1.,0.));
#30510=VECTOR('',#30500,1.);
#30520=LINE('',#30490,#30510);
#30530=EDGE_CURVE('',#13510,#30460,#30520,.T.);
#30540=ORIENTED_EDGE('',*,*,#30530,.T.);
#30550=EDGE_LOOP('',(#30540,#30480,#30440,#30430));
#30560=FACE_OUTER_BOUND('',#30550,.T.);
#30570=ADVANCED_FACE('',(#30560),#18940,.F.);
#30580=CARTESIAN_POINT('',(-1.50322021945629,-0.830469,1.05));
#30590=DIRECTION('',(6.12303176911188E-17,0.,1.));
#30600=DIRECTION('',(1.,-6.12303176911189E-17,-6.12303176911188E-17));
#30610=AXIS2_PLACEMENT_3D('',#30580,#30590,#30600);
#30620=CYLINDRICAL_SURFACE('',#30610,0.2);
#30630=CARTESIAN_POINT('',(-1.50322021945629,-0.830469,1.05));
#30640=DIRECTION('',(6.12303176911188E-17,0.,1.));
#30650=DIRECTION('',(1.,-6.12303176911189E-17,-6.12303176911188E-17));
#30660=AXIS2_PLACEMENT_3D('',#30630,#30640,#30650);
#30670=CIRCLE('',#30660,0.2);
#30680=CARTESIAN_POINT('',(-1.69933635459448,-0.869692227027637,1.05));
#30690=VERTEX_POINT('',#30680);
#30700=CARTESIAN_POINT('',(-1.51733051153781,-1.02997062820733,1.05));
#30710=VERTEX_POINT('',#30700);
#30720=EDGE_CURVE('',#30690,#30710,#30670,.T.);
#30730=ORIENTED_EDGE('',*,*,#30720,.F.);
#30740=CARTESIAN_POINT('',(-1.51733051153781,-1.02997062820733,1.05));
#30750=DIRECTION('',(6.12303176911188E-17,0.,1.));
#30760=VECTOR('',#30750,1.);
#30770=LINE('',#30740,#30760);
#30780=CARTESIAN_POINT('',(-1.51733051153781,-1.02997062820733,
0.850000000000001));
#30790=VERTEX_POINT('',#30780);
#30800=EDGE_CURVE('',#30790,#30710,#30770,.T.);
#30810=ORIENTED_EDGE('',*,*,#30800,.T.);
#30820=CARTESIAN_POINT('',(-1.50322021945629,-0.830469,0.850000000000001
));
#30830=DIRECTION('',(6.12303176911188E-17,0.,1.));
#30840=DIRECTION('',(1.,-6.12303176911189E-17,-6.12303176911188E-17));
#30850=AXIS2_PLACEMENT_3D('',#30820,#30830,#30840);
#30860=CIRCLE('',#30850,0.2);
#30870=CARTESIAN_POINT('',(-1.69933635459448,-0.869692227027637,
0.850000000000001));
#30880=VERTEX_POINT('',#30870);
#30890=EDGE_CURVE('',#30880,#30790,#30860,.T.);
#30900=ORIENTED_EDGE('',*,*,#30890,.T.);
#30910=CARTESIAN_POINT('',(-1.69933635459448,-0.869692227027637,1.05));
#30920=DIRECTION('',(-6.12303176911188E-17,0.,-1.));
#30930=VECTOR('',#30920,1.);
#30940=LINE('',#30910,#30930);
#30950=EDGE_CURVE('',#30690,#30880,#30940,.T.);
#30960=ORIENTED_EDGE('',*,*,#30950,.T.);
#30970=EDGE_LOOP('',(#30960,#30900,#30810,#30730));
#30980=FACE_OUTER_BOUND('',#30970,.T.);
#30990=ADVANCED_FACE('',(#30980),#30620,.T.);
#31000=CARTESIAN_POINT('',(-1.017181,-1.2456463155874E-16,1.05));
#31010=DIRECTION('',(1.22460635382238E-16,-1.,0.));
#31020=VECTOR('',#31010,1.);
#31030=LINE('',#31000,#31020);
#31040=CARTESIAN_POINT('',(-1.017181,-1.630469,1.05));
#31050=VERTEX_POINT('',#31040);
#31060=EDGE_CURVE('',#31050,#16360,#31030,.T.);
#31070=ORIENTED_EDGE('',*,*,#31060,.T.);
#31080=CARTESIAN_POINT('',(-1.017181,0.,1.05));
#31090=DIRECTION('',(-1.22460635382238E-16,1.,1.23259516440783E-32));
#31100=VECTOR('',#31090,1.);
#31110=LINE('',#31080,#31100);
#31120=CARTESIAN_POINT('',(-1.017181,-1.530469,1.05));
#31130=VERTEX_POINT('',#31120);
#31140=EDGE_CURVE('',#31050,#31130,#31110,.T.);
#31150=ORIENTED_EDGE('',*,*,#31140,.F.);
#31160=CARTESIAN_POINT('',(-1.017181,-1.530469,1.55));
#31170=DIRECTION('',(0.,0.,-1.));
#31180=VECTOR('',#31170,1.);
#31190=LINE('',#31160,#31180);
#31200=EDGE_CURVE('',#27070,#31130,#31190,.T.);
#31210=ORIENTED_EDGE('',*,*,#31200,.T.);
#31220=ORIENTED_EDGE('',*,*,#27080,.T.);
#31230=ORIENTED_EDGE('',*,*,#16450,.F.);
#31240=EDGE_LOOP('',(#31230,#31220,#31210,#31150,#31070));
#31250=FACE_OUTER_BOUND('',#31240,.T.);
#31260=ADVANCED_FACE('',(#31250),#19250,.T.);
#31270=ORIENTED_EDGE('',*,*,#23230,.F.);
#31280=ORIENTED_EDGE('',*,*,#14230,.F.);
#31290=ORIENTED_EDGE('',*,*,#28520,.F.);
#31300=ORIENTED_EDGE('',*,*,#28090,.T.);
#31310=EDGE_LOOP('',(#31300,#31290,#31280,#31270));
#31320=FACE_OUTER_BOUND('',#31310,.T.);
#31330=ADVANCED_FACE('',(#31320),#30160,.T.);
#31340=CARTESIAN_POINT('',(-1.517181,-1.530469,5.625));
#31350=DIRECTION('',(-1.,0.,0.));
#31360=DIRECTION('',(0.,-1.,0.));
#31370=AXIS2_PLACEMENT_3D('',#31340,#31350,#31360);
#31380=PLANE('',#31370);
#31390=CARTESIAN_POINT('',(-1.517181,-2.030469,4.37500000000001));
#31400=DIRECTION('',(0.,0.,1.));
#31410=VECTOR('',#31400,1.);
#31420=LINE('',#31390,#31410);
#31430=CARTESIAN_POINT('',(-1.517181,-2.030469,6.07400000000001));
#31440=VERTEX_POINT('',#31430);
#31450=EDGE_CURVE('',#27420,#31440,#31420,.T.);
#31460=ORIENTED_EDGE('',*,*,#31450,.F.);
#31470=CARTESIAN_POINT('',(-1.517181,-2.94543916275376E-16,
6.07400000000001));
#31480=DIRECTION('',(1.22460635382238E-16,1.,0.));
#31490=VECTOR('',#31480,1.);
#31500=LINE('',#31470,#31490);
#31510=CARTESIAN_POINT('',(-1.517181,-1.530469,6.07400000000001));
#31520=VERTEX_POINT('',#31510);
#31530=EDGE_CURVE('',#31440,#31520,#31500,.T.);
#31540=ORIENTED_EDGE('',*,*,#31530,.F.);
#31550=CARTESIAN_POINT('',(-1.517181,-1.530469,0.625000000000004));
#31560=DIRECTION('',(0.,0.,1.));
#31570=VECTOR('',#31560,1.);
#31580=LINE('',#31550,#31570);
#31590=EDGE_CURVE('',#27440,#31520,#31580,.T.);
#31600=ORIENTED_EDGE('',*,*,#31590,.T.);
#31610=ORIENTED_EDGE('',*,*,#27450,.T.);
#31620=EDGE_LOOP('',(#31610,#31600,#31540,#31460));
#31630=FACE_OUTER_BOUND('',#31620,.T.);
#31640=ADVANCED_FACE('',(#31630),#31380,.F.);
#31650=CARTESIAN_POINT('',(-2.217181,-2.030469,4.824));
#31660=DIRECTION('',(1.22460635382238E-16,1.,-4.44089209850064E-15));
#31670=DIRECTION('',(5.43834468046348E-31,4.44089209850064E-15,1.));
#31680=AXIS2_PLACEMENT_3D('',#31650,#31660,#31670);
#31690=PLANE('',#31680);
#31700=ORIENTED_EDGE('',*,*,#19010,.T.);
#31710=ORIENTED_EDGE('',*,*,#22910,.F.);
#31720=ORIENTED_EDGE('',*,*,#20400,.F.);
#31730=ORIENTED_EDGE('',*,*,#14630,.F.);
#31740=EDGE_LOOP('',(#31730,#31720,#31710,#31700));
#31750=FACE_OUTER_BOUND('',#31740,.T.);
#31760=ADVANCED_FACE('',(#31750),#31690,.F.);
#31770=CARTESIAN_POINT('',(-1.817181,5.77369377901522E-32,
0.649999999999999));
#31780=DIRECTION('',(-6.12303176911189E-17,-1.,6.16297582203916E-33));
#31790=DIRECTION('',(-1.,6.12303176911189E-17,0.));
#31800=AXIS2_PLACEMENT_3D('',#31770,#31780,#31790);
#31810=CYLINDRICAL_SURFACE('',#31800,0.2);
#31820=CARTESIAN_POINT('',(-2.017181,1.22460635382238E-17,
0.649999999999999));
#31830=DIRECTION('',(-6.12303176911189E-17,-1.,6.16297582203916E-33));
#31840=VECTOR('',#31830,1.);
#31850=LINE('',#31820,#31840);
#31860=EDGE_CURVE('',#8360,#27870,#31850,.T.);
#31870=ORIENTED_EDGE('',*,*,#31860,.F.);
#31880=ORIENTED_EDGE('',*,*,#27880,.F.);
#31890=CARTESIAN_POINT('',(-1.817181,5.69871074292411E-32,
0.849999999999998));
#31900=DIRECTION('',(-6.12303176911189E-17,-1.,6.16297582203916E-33));
#31910=VECTOR('',#31900,1.);
#31920=LINE('',#31890,#31910);
#31930=EDGE_CURVE('',#8450,#27780,#31920,.T.);
#31940=ORIENTED_EDGE('',*,*,#31930,.T.);
#31950=ORIENTED_EDGE('',*,*,#8460,.T.);
#31960=EDGE_LOOP('',(#31950,#31940,#31880,#31870));
#31970=FACE_OUTER_BOUND('',#31960,.T.);
#31980=ADVANCED_FACE('',(#31970),#31810,.F.);
#31990=CARTESIAN_POINT('',(0.382819,0.669531,10.41));
#32000=DIRECTION('',(4.3265087693034E-16,-1.,0.));
#32010=DIRECTION('',(0.,0.,-1.));
#32020=AXIS2_PLACEMENT_3D('',#31990,#32000,#32010);
#32030=PLANE('',#32020);
#32040=CARTESIAN_POINT('',(-1.66533453693773E-16,0.669531,10.2));
#32050=DIRECTION('',(1.,0.,0.));
#32060=VECTOR('',#32050,1.);
#32070=LINE('',#32040,#32060);
#32080=CARTESIAN_POINT('',(0.782819000000001,0.669531,10.2));
#32090=VERTEX_POINT('',#32080);
#32100=EDGE_CURVE('',#32090,#10660,#32070,.T.);
#32110=ORIENTED_EDGE('',*,*,#32100,.F.);
#32120=ORIENTED_EDGE('',*,*,#10670,.F.);
#32130=CARTESIAN_POINT('',(0.782819000000001,0.669531,10.6));
#32140=DIRECTION('',(-1.83690953073357E-16,-1.,8.83363139618221E-33));
#32150=DIRECTION('',(-1.,1.83690953073357E-16,1.22460635382238E-16));
#32160=AXIS2_PLACEMENT_3D('',#32130,#32140,#32150);
#32170=CIRCLE('',#32160,0.4);
#32180=EDGE_CURVE('',#32090,#10620,#32170,.T.);
#32190=ORIENTED_EDGE('',*,*,#32180,.T.);
#32200=EDGE_LOOP('',(#32190,#32120,#32110));
#32210=FACE_OUTER_BOUND('',#32200,.T.);
#32220=ADVANCED_FACE('',(#32210),#32030,.F.);
#32230=CARTESIAN_POINT('',(-1.017181,-2.22044604925031E-16,4.824));
#32240=DIRECTION('',(0.,1.,0.));
#32250=VECTOR('',#32240,1.);
#32260=LINE('',#32230,#32250);
#32270=CARTESIAN_POINT('',(-1.017181,-1.530469,4.824));
#32280=VERTEX_POINT('',#32270);
#32290=EDGE_CURVE('',#13590,#32280,#32260,.T.);
#32300=ORIENTED_EDGE('',*,*,#32290,.T.);
#32310=ORIENTED_EDGE('',*,*,#13600,.T.);
#32320=ORIENTED_EDGE('',*,*,#30530,.F.);
#32330=CARTESIAN_POINT('',(-1.017181,-1.530469,5.625));
#32340=DIRECTION('',(0.,0.,-1.));
#32350=VECTOR('',#32340,1.);
#32360=LINE('',#32330,#32350);
#32370=EDGE_CURVE('',#32280,#30460,#32360,.T.);
#32380=ORIENTED_EDGE('',*,*,#32370,.T.);
#32390=EDGE_LOOP('',(#32380,#32320,#32310,#32300));
#32400=FACE_OUTER_BOUND('',#32390,.T.);
#32410=ADVANCED_FACE('',(#32400),#12450,.F.);
#32420=CARTESIAN_POINT('',(-2.217181,-2.030469,5.276));
#32430=DIRECTION('',(1.22460635382238E-16,1.,4.44089209850064E-15));
#32440=DIRECTION('',(-5.43834468046348E-31,-4.44089209850064E-15,1.));
#32450=AXIS2_PLACEMENT_3D('',#32420,#32430,#32440);
#32460=PLANE('',#32450);
#32470=ORIENTED_EDGE('',*,*,#22700,.F.);
#32480=CARTESIAN_POINT('',(-2.217181,-2.030469,6.07400000000001));
#32490=DIRECTION('',(1.,-2.44921270764475E-16,0.));
#32500=VECTOR('',#32490,1.);
#32510=LINE('',#32480,#32500);
#32520=EDGE_CURVE('',#22610,#31440,#32510,.T.);
#32530=ORIENTED_EDGE('',*,*,#32520,.F.);
#32540=ORIENTED_EDGE('',*,*,#31450,.T.);
#32550=ORIENTED_EDGE('',*,*,#27580,.T.);
#32560=EDGE_LOOP('',(#32550,#32540,#32530,#32470));
#32570=FACE_OUTER_BOUND('',#32560,.T.);
#32580=ADVANCED_FACE('',(#32570),#32460,.F.);
#32590=ORIENTED_EDGE('',*,*,#32290,.F.);
#32600=EDGE_CURVE('',#32280,#11760,#20320,.T.);
#32610=ORIENTED_EDGE('',*,*,#32600,.F.);
#32620=ORIENTED_EDGE('',*,*,#11770,.T.);
#32630=ORIENTED_EDGE('',*,*,#13660,.F.);
#32640=EDGE_LOOP('',(#32630,#32620,#32610,#32590));
#32650=FACE_OUTER_BOUND('',#32640,.T.);
#32660=ADVANCED_FACE('',(#32650),#20180,.T.);
#32670=CARTESIAN_POINT('',(-0.767181000000003,-2.030469,
0.350000000000001));
#32680=DIRECTION('',(-1.,6.12303176911188E-17,6.12303176911188E-17));
#32690=DIRECTION('',(6.12303176911188E-17,1.,-1.40561392536006E-65));
#32700=AXIS2_PLACEMENT_3D('',#32670,#32680,#32690);
#32710=PLANE('',#32700);
#32720=CARTESIAN_POINT('',(-0.767181000000003,-1.630469,
-0.0500000000000007));
#32730=DIRECTION('',(-1.,6.12303176911189E-17,6.12303176911188E-17));
#32740=DIRECTION('',(-6.12303176911188E-17,-1.,0.));
#32750=AXIS2_PLACEMENT_3D('',#32720,#32730,#32740);
#32760=CIRCLE('',#32750,0.2);
#32770=CARTESIAN_POINT('',(-0.767181000000003,-1.630469,-0.25));
#32780=VERTEX_POINT('',#32770);
#32790=CARTESIAN_POINT('',(-0.767181000000003,-1.830469,
-0.0500000000000008));
#32800=VERTEX_POINT('',#32790);
#32810=EDGE_CURVE('',#32780,#32800,#32760,.T.);
#32820=ORIENTED_EDGE('',*,*,#32810,.T.);
#32830=CARTESIAN_POINT('',(-0.767181000000003,-1.630469,
0.649999999999999));
#32840=DIRECTION('',(-6.12303176911188E-17,-7.54721935012284E-49,-1.));
#32850=VECTOR('',#32840,1.);
#32860=LINE('',#32830,#32850);
#32870=CARTESIAN_POINT('',(-0.767181000000003,-1.630469,
-0.450000000000003));
#32880=VERTEX_POINT('',#32870);
#32890=EDGE_CURVE('',#32780,#32880,#32860,.T.);
#32900=ORIENTED_EDGE('',*,*,#32890,.F.);
#32910=CARTESIAN_POINT('',(-0.767181000000003,-1.630469,
-0.0500000000000007));
#32920=DIRECTION('',(-1.,6.12303176911189E-17,6.12303176911188E-17));
#32930=DIRECTION('',(-6.12303176911188E-17,-1.,0.));
#32940=AXIS2_PLACEMENT_3D('',#32910,#32920,#32930);
#32950=CIRCLE('',#32940,0.4);
#32960=CARTESIAN_POINT('',(-0.767181000000003,-2.030469,
-0.0500000000000008));
#32970=VERTEX_POINT('',#32960);
#32980=EDGE_CURVE('',#32880,#32970,#32950,.T.);
#32990=ORIENTED_EDGE('',*,*,#32980,.F.);
#33000=CARTESIAN_POINT('',(-0.767181000000003,-2.030469,
-5.38662410615686));
#33010=DIRECTION('',(6.12303176911188E-17,7.54721935012284E-49,1.));
#33020=VECTOR('',#33010,1.);
#33030=LINE('',#33000,#33020);
#33040=CARTESIAN_POINT('',(-0.767181000000003,-2.030469,
0.350000000000001));
#33050=VERTEX_POINT('',#33040);
#33060=EDGE_CURVE('',#32970,#33050,#33030,.T.);
#33070=ORIENTED_EDGE('',*,*,#33060,.F.);
#33080=CARTESIAN_POINT('',(-0.767181000000003,-2.030469,
0.350000000000001));
#33090=DIRECTION('',(6.12303176911188E-17,1.,-1.40561392536006E-65));
#33100=VECTOR('',#33090,1.);
#33110=LINE('',#33080,#33100);
#33120=CARTESIAN_POINT('',(-0.767181000000003,-1.830469,
0.350000000000001));
#33130=VERTEX_POINT('',#33120);
#33140=EDGE_CURVE('',#33050,#33130,#33110,.T.);
#33150=ORIENTED_EDGE('',*,*,#33140,.F.);
#33160=CARTESIAN_POINT('',(-0.767181000000003,-1.830469,
-5.38662410615686));
#33170=DIRECTION('',(-6.12303176911188E-17,-7.54721935012284E-49,-1.));
#33180=VECTOR('',#33170,1.);
#33190=LINE('',#33160,#33180);
#33200=EDGE_CURVE('',#33130,#32800,#33190,.T.);
#33210=ORIENTED_EDGE('',*,*,#33200,.F.);
#33220=EDGE_LOOP('',(#33210,#33150,#33070,#32990,#32900,#32820));
#33230=FACE_OUTER_BOUND('',#33220,.T.);
#33240=ADVANCED_FACE('',(#33230),#32710,.F.);
#33250=CARTESIAN_POINT('',(-3.717181,-1.955469,3.575));
#33260=DIRECTION('',(-1.,0.,0.));
#33270=DIRECTION('',(0.,1.,0.));
#33280=AXIS2_PLACEMENT_3D('',#33250,#33260,#33270);
#33290=PLANE('',#33280);
#33300=ORIENTED_EDGE('',*,*,#29090,.F.);
#33310=CARTESIAN_POINT('',(-3.717181,-0.372053431461694,3.85));
#33320=DIRECTION('',(0.,-1.,0.));
#33330=VECTOR('',#33320,1.);
#33340=LINE('',#33310,#33330);
#33350=CARTESIAN_POINT('',(-3.717181,-1.955469,3.85));
#33360=VERTEX_POINT('',#33350);
#33370=EDGE_CURVE('',#29080,#33360,#33340,.T.);
#33380=ORIENTED_EDGE('',*,*,#33370,.F.);
#33390=CARTESIAN_POINT('',(-3.717181,-1.955469,3.575));
#33400=DIRECTION('',(0.,0.,1.));
#33410=VECTOR('',#33400,1.);
#33420=LINE('',#33390,#33410);
#33430=CARTESIAN_POINT('',(-3.717181,-1.955469,3.65));
#33440=VERTEX_POINT('',#33430);
#33450=EDGE_CURVE('',#33440,#33360,#33420,.T.);
#33460=ORIENTED_EDGE('',*,*,#33450,.T.);
#33470=CARTESIAN_POINT('',(-3.717181,-0.372053431461694,3.65));
#33480=DIRECTION('',(0.,1.,0.));
#33490=VECTOR('',#33480,1.);
#33500=LINE('',#33470,#33490);
#33510=EDGE_CURVE('',#33440,#29060,#33500,.T.);
#33520=ORIENTED_EDGE('',*,*,#33510,.F.);
#33530=EDGE_LOOP('',(#33520,#33460,#33380,#33300));
#33540=FACE_OUTER_BOUND('',#33530,.T.);
#33550=ADVANCED_FACE('',(#33540),#33290,.T.);
#33560=CARTESIAN_POINT('',(0.,-1.02997062820733,1.05));
#33570=DIRECTION('',(1.,-6.12303176911189E-17,0.));
#33580=VECTOR('',#33570,1.);
#33590=LINE('',#33560,#33580);
#33600=CARTESIAN_POINT('',(0.382818999999997,-1.02997062820733,1.05));
#33610=VERTEX_POINT('',#33600);
#33620=CARTESIAN_POINT('',(0.482968511537799,-1.02997062820733,1.05));
#33630=VERTEX_POINT('',#33620);
#33640=EDGE_CURVE('',#33610,#33630,#33590,.T.);
#33650=ORIENTED_EDGE('',*,*,#33640,.T.);
#33660=CARTESIAN_POINT('',(0.382818999999997,0.,1.05));
#33670=DIRECTION('',(6.12303176911188E-17,1.,0.));
#33680=VECTOR('',#33670,1.);
#33690=LINE('',#33660,#33680);
#33700=CARTESIAN_POINT('',(0.382818999999997,-1.630469,1.05));
#33710=VERTEX_POINT('',#33700);
#33720=EDGE_CURVE('',#33710,#33610,#33690,.T.);
#33730=ORIENTED_EDGE('',*,*,#33720,.T.);
#33740=CARTESIAN_POINT('',(-2.217181,-1.630469,1.05));
#33750=DIRECTION('',(-1.,6.12303176911189E-17,3.06151588455594E-17));
#33760=VECTOR('',#33750,1.);
#33770=LINE('',#33740,#33760);
#33780=EDGE_CURVE('',#33710,#31050,#33770,.T.);
#33790=ORIENTED_EDGE('',*,*,#33780,.F.);
#33800=ORIENTED_EDGE('',*,*,#31060,.F.);
#33810=ORIENTED_EDGE('',*,*,#16370,.T.);
#33820=ORIENTED_EDGE('',*,*,#11060,.F.);
#33830=ORIENTED_EDGE('',*,*,#950,.F.);
#33840=ORIENTED_EDGE('',*,*,#4550,.F.);
#33850=CARTESIAN_POINT('',(0.838912799999996,0.,1.05));
#33860=DIRECTION('',(0.196116135138183,0.98058067569092,0.));
#33870=VECTOR('',#33860,1.);
#33880=LINE('',#33850,#33870);
#33890=CARTESIAN_POINT('',(0.66497435459447,-0.869692227027637,1.05));
#33900=VERTEX_POINT('',#33890);
#33910=EDGE_CURVE('',#33900,#4520,#33880,.T.);
#33920=ORIENTED_EDGE('',*,*,#33910,.T.);
#33930=CARTESIAN_POINT('',(0.468858219456286,-0.830469000000001,1.05));
#33940=DIRECTION('',(-6.12303176911188E-17,0.,-1.));
#33950=DIRECTION('',(-1.,6.12303176911189E-17,6.12303176911188E-17));
#33960=AXIS2_PLACEMENT_3D('',#33930,#33940,#33950);
#33970=CIRCLE('',#33960,0.2);
#33980=EDGE_CURVE('',#33900,#33630,#33970,.T.);
#33990=ORIENTED_EDGE('',*,*,#33980,.F.);
#34000=EDGE_LOOP('',(#33990,#33920,#33840,#33830,#33820,#33810,#33800,
#33790,#33730,#33650));
#34010=FACE_OUTER_BOUND('',#34000,.T.);
#34020=ADVANCED_FACE('',(#34010),#17350,.T.);
#34030=CARTESIAN_POINT('',(-1.74283400696029,0.669531,0.934510345014509)
);
#34040=DIRECTION('',(6.12303176911189E-17,1.,-3.74915180455534E-33));
#34050=DIRECTION('',(-1.,6.12303176911189E-17,6.12303176911188E-17));
#34060=AXIS2_PLACEMENT_3D('',#34030,#34040,#34050);
#34070=PLANE('',#34060);
#34080=CARTESIAN_POINT('',(0.,0.669531,1.05));
#34090=DIRECTION('',(1.,-6.12303176911189E-17,0.));
#34100=VECTOR('',#34090,1.);
#34110=LINE('',#34080,#34100);
#34120=CARTESIAN_POINT('',(-1.667181,0.669531,1.05));
#34130=VERTEX_POINT('',#34120);
#34140=EDGE_CURVE('',#25400,#34130,#34110,.T.);
#34150=ORIENTED_EDGE('',*,*,#34140,.F.);
#34160=CARTESIAN_POINT('',(-1.667181,0.669531,15.625));
#34170=DIRECTION('',(6.12303176911189E-17,-6.16297582203916E-33,1.));
#34180=VECTOR('',#34170,1.);
#34190=LINE('',#34160,#34180);
#34200=CARTESIAN_POINT('',(-1.667181,0.669531,0.850000000000001));
#34210=VERTEX_POINT('',#34200);
#34220=EDGE_CURVE('',#34210,#34130,#34190,.T.);
#34230=ORIENTED_EDGE('',*,*,#34220,.T.);
#34240=CARTESIAN_POINT('',(-3.10788179046229E-15,0.669531,
0.850000000000001));
#34250=DIRECTION('',(1.,-6.12303176911189E-17,-6.12303176911188E-17));
#34260=VECTOR('',#34250,1.);
#34270=LINE('',#34240,#34260);
#34280=EDGE_CURVE('',#25480,#34210,#34270,.T.);
#34290=ORIENTED_EDGE('',*,*,#34280,.T.);
#34300=ORIENTED_EDGE('',*,*,#25490,.F.);
#34310=EDGE_LOOP('',(#34300,#34290,#34230,#34150));
#34320=FACE_OUTER_BOUND('',#34310,.T.);
#34330=ADVANCED_FACE('',(#34320),#34070,.F.);
#34340=CARTESIAN_POINT('',(-3.417181,-2.030469,2.325));
#34350=DIRECTION('',(-0.242535625036333,-0.970142500145332,0.));
#34360=DIRECTION('',(-0.970142500145332,0.242535625036333,0.));
#34370=AXIS2_PLACEMENT_3D('',#34340,#34350,#34360);
#34380=PLANE('',#34370);
#34390=CARTESIAN_POINT('',(-3.717181,-1.955469,2.325));
#34400=DIRECTION('',(0.,0.,1.));
#34410=VECTOR('',#34400,1.);
#34420=LINE('',#34390,#34410);
#34430=CARTESIAN_POINT('',(-3.717181,-1.955469,2.4));
#34440=VERTEX_POINT('',#34430);
#34450=CARTESIAN_POINT('',(-3.717181,-1.955469,2.6));
#34460=VERTEX_POINT('',#34450);
#34470=EDGE_CURVE('',#34440,#34460,#34420,.T.);
#34480=ORIENTED_EDGE('',*,*,#34470,.F.);
#34490=CARTESIAN_POINT('',(-0.0251477347320566,-2.87847731631698,
3.52300831631699));
#34500=DIRECTION('',(0.942809041582063,-0.235702260395516,
0.235702260395517));
#34510=VECTOR('',#34500,1.);
#34520=LINE('',#34490,#34510);
#34530=CARTESIAN_POINT('',(-3.417181,-2.030469,2.675));
#34540=VERTEX_POINT('',#34530);
#34550=EDGE_CURVE('',#34460,#34540,#34520,.T.);
#34560=ORIENTED_EDGE('',*,*,#34550,.F.);
#34570=CARTESIAN_POINT('',(-3.417181,-2.030469,2.325));
#34580=DIRECTION('',(0.,0.,-1.));
#34590=VECTOR('',#34580,1.);
#34600=LINE('',#34570,#34590);
#34610=CARTESIAN_POINT('',(-3.417181,-2.030469,2.325));
#34620=VERTEX_POINT('',#34610);
#34630=EDGE_CURVE('',#34540,#34620,#34600,.T.);
#34640=ORIENTED_EDGE('',*,*,#34630,.F.);
#34650=CARTESIAN_POINT('',(-0.0251477347320566,-2.87847731631698,
1.47699168368301));
#34660=DIRECTION('',(-0.942809041582063,0.235702260395516,
0.235702260395517));
#34670=VECTOR('',#34660,1.);
#34680=LINE('',#34650,#34670);
#34690=EDGE_CURVE('',#34620,#34440,#34680,.T.);
#34700=ORIENTED_EDGE('',*,*,#34690,.F.);
#34710=EDGE_LOOP('',(#34700,#34640,#34560,#34480));
#34720=FACE_OUTER_BOUND('',#34710,.T.);
#34730=ADVANCED_FACE('',(#34720),#34380,.T.);
#34740=CARTESIAN_POINT('',(-0.452181000000001,-1.430469,3.575));
#34750=DIRECTION('',(0.,0.,-1.));
#34760=DIRECTION('',(-1.,0.,0.));
#34770=AXIS2_PLACEMENT_3D('',#34740,#34750,#34760);
#34780=CYLINDRICAL_SURFACE('',#34770,0.25);
#34790=CARTESIAN_POINT('',(-0.452181000000001,-1.430469,3.925));
#34800=DIRECTION('',(0.,0.,-1.));
#34810=DIRECTION('',(-1.,0.,0.));
#34820=AXIS2_PLACEMENT_3D('',#34790,#34800,#34810);
#34830=CIRCLE('',#34820,0.25);
#34840=CARTESIAN_POINT('',(-0.223052215252209,-1.530469,3.925));
#34850=VERTEX_POINT('',#34840);
#34860=CARTESIAN_POINT('',(-0.452181000000001,-1.680469,3.925));
#34870=VERTEX_POINT('',#34860);
#34880=EDGE_CURVE('',#34850,#34870,#34830,.T.);
#34890=ORIENTED_EDGE('',*,*,#34880,.F.);
#34900=CARTESIAN_POINT('',(-0.452181000000001,-1.680469,3.575));
#34910=DIRECTION('',(0.,0.,-1.));
#34920=VECTOR('',#34910,1.);
#34930=LINE('',#34900,#34920);
#34940=CARTESIAN_POINT('',(-0.452181000000001,-1.680469,3.575));
#34950=VERTEX_POINT('',#34940);
#34960=EDGE_CURVE('',#34870,#34950,#34930,.T.);
#34970=ORIENTED_EDGE('',*,*,#34960,.F.);
#34980=CARTESIAN_POINT('',(-0.452181000000001,-1.430469,3.575));
#34990=DIRECTION('',(0.,0.,-1.));
#35000=DIRECTION('',(-1.,0.,0.));
#35010=AXIS2_PLACEMENT_3D('',#34980,#34990,#35000);
#35020=CIRCLE('',#35010,0.25);
#35030=CARTESIAN_POINT('',(-0.223052215252209,-1.530469,3.575));
#35040=VERTEX_POINT('',#35030);
#35050=EDGE_CURVE('',#35040,#34950,#35020,.T.);
#35060=ORIENTED_EDGE('',*,*,#35050,.T.);
#35070=CARTESIAN_POINT('',(-0.223052215252209,-1.530469,3.575));
#35080=DIRECTION('',(0.,0.,-1.));
#35090=VECTOR('',#35080,1.);
#35100=LINE('',#35070,#35090);
#35110=EDGE_CURVE('',#34850,#35040,#35100,.T.);
#35120=ORIENTED_EDGE('',*,*,#35110,.T.);
#35130=EDGE_LOOP('',(#35120,#35060,#34970,#34890));
#35140=FACE_OUTER_BOUND('',#35130,.T.);
#35150=ADVANCED_FACE('',(#35140),#34780,.F.);
#35160=CARTESIAN_POINT('',(0.147819,-1.580469,2.675));
#35170=VERTEX_POINT('',#35160);
#35180=CARTESIAN_POINT('',(0.147819,-1.530469,2.675));
#35190=VERTEX_POINT('',#35180);
#35200=EDGE_CURVE('',#35170,#35190,#2260,.T.);
#35210=ORIENTED_EDGE('',*,*,#35200,.T.);
#35220=CARTESIAN_POINT('',(-0.302181,-1.580469,2.675));
#35230=DIRECTION('',(0.,0.,1.));
#35240=DIRECTION('',(1.,0.,0.));
#35250=AXIS2_PLACEMENT_3D('',#35220,#35230,#35240);
#35260=CIRCLE('',#35250,0.45);
#35270=CARTESIAN_POINT('',(-0.302181,-2.030469,2.675));
#35280=VERTEX_POINT('',#35270);
#35290=EDGE_CURVE('',#35280,#35170,#35260,.T.);
#35300=ORIENTED_EDGE('',*,*,#35290,.T.);
#35310=CARTESIAN_POINT('',(-0.0251477347320566,-2.030469,2.675));
#35320=DIRECTION('',(-1.,0.,0.));
#35330=VECTOR('',#35320,1.);
#35340=LINE('',#35310,#35330);
#35350=EDGE_CURVE('',#35280,#34540,#35340,.T.);
#35360=ORIENTED_EDGE('',*,*,#35350,.F.);
#35370=CARTESIAN_POINT('',(-3.417181,-0.372053431461694,2.675));
#35380=DIRECTION('',(0.,-1.,0.));
#35390=VECTOR('',#35380,1.);
#35400=LINE('',#35370,#35390);
#35410=CARTESIAN_POINT('',(-3.417181,-1.680469,2.675));
#35420=VERTEX_POINT('',#35410);
#35430=EDGE_CURVE('',#35420,#34540,#35400,.T.);
#35440=ORIENTED_EDGE('',*,*,#35430,.T.);
#35450=CARTESIAN_POINT('',(-0.0251477347320566,-1.680469,2.675));
#35460=DIRECTION('',(1.,0.,0.));
#35470=VECTOR('',#35460,1.);
#35480=LINE('',#35450,#35470);
#35490=CARTESIAN_POINT('',(-0.452181000000001,-1.680469,2.675));
#35500=VERTEX_POINT('',#35490);
#35510=EDGE_CURVE('',#35420,#35500,#35480,.T.);
#35520=ORIENTED_EDGE('',*,*,#35510,.F.);
#35530=CARTESIAN_POINT('',(-0.452181000000001,-1.430469,2.675));
#35540=DIRECTION('',(0.,0.,-1.));
#35550=DIRECTION('',(-1.,0.,0.));
#35560=AXIS2_PLACEMENT_3D('',#35530,#35540,#35550);
#35570=CIRCLE('',#35560,0.25);
#35580=CARTESIAN_POINT('',(-0.223052215252209,-1.530469,2.675));
#35590=VERTEX_POINT('',#35580);
#35600=EDGE_CURVE('',#35590,#35500,#35570,.T.);
#35610=ORIENTED_EDGE('',*,*,#35600,.T.);
#35620=CARTESIAN_POINT('',(0.,-1.530469,2.675));
#35630=DIRECTION('',(-1.,-1.22460635382238E-16,0.));
#35640=VECTOR('',#35630,1.);
#35650=LINE('',#35620,#35640);
#35660=EDGE_CURVE('',#35190,#35590,#35650,.T.);
#35670=ORIENTED_EDGE('',*,*,#35660,.T.);
#35680=EDGE_LOOP('',(#35670,#35610,#35520,#35440,#35360,#35300,#35210));
#35690=FACE_OUTER_BOUND('',#35680,.T.);
#35700=ADVANCED_FACE('',(#35690),#2220,.T.);
#35710=CARTESIAN_POINT('',(-0.452181000000001,-1.430469,4.825));
#35720=DIRECTION('',(0.,0.,-1.));
#35730=DIRECTION('',(-1.,0.,0.));
#35740=AXIS2_PLACEMENT_3D('',#35710,#35720,#35730);
#35750=CYLINDRICAL_SURFACE('',#35740,0.25);
#35760=ORIENTED_EDGE('',*,*,#29820,.F.);
#35770=CARTESIAN_POINT('',(-0.452181000000001,-1.680469,4.825));
#35780=DIRECTION('',(0.,0.,-1.));
#35790=VECTOR('',#35780,1.);
#35800=LINE('',#35770,#35790);
#35810=CARTESIAN_POINT('',(-0.452181000000001,-1.680469,4.825));
#35820=VERTEX_POINT('',#35810);
#35830=EDGE_CURVE('',#29720,#35820,#35800,.T.);
#35840=ORIENTED_EDGE('',*,*,#35830,.F.);
#35850=CARTESIAN_POINT('',(-0.452181000000001,-1.430469,4.825));
#35860=DIRECTION('',(0.,0.,-1.));
#35870=DIRECTION('',(-1.,0.,0.));
#35880=AXIS2_PLACEMENT_3D('',#35850,#35860,#35870);
#35890=CIRCLE('',#35880,0.25);
#35900=CARTESIAN_POINT('',(-0.223052215252209,-1.530469,4.825));
#35910=VERTEX_POINT('',#35900);
#35920=EDGE_CURVE('',#35910,#35820,#35890,.T.);
#35930=ORIENTED_EDGE('',*,*,#35920,.T.);
#35940=CARTESIAN_POINT('',(-0.223052215252209,-1.530469,4.825));
#35950=DIRECTION('',(0.,0.,-1.));
#35960=VECTOR('',#35950,1.);
#35970=LINE('',#35940,#35960);
#35980=EDGE_CURVE('',#29810,#35910,#35970,.T.);
#35990=ORIENTED_EDGE('',*,*,#35980,.T.);
#36000=EDGE_LOOP('',(#35990,#35930,#35840,#35760));
#36010=FACE_OUTER_BOUND('',#36000,.T.);
#36020=ADVANCED_FACE('',(#36010),#35750,.F.);
#36030=CARTESIAN_POINT('',(0.382818999999997,-1.02997062820733,
-0.600002400000001));
#36040=DIRECTION('',(6.12303176911189E-17,1.,-3.74915180455534E-33));
#36050=DIRECTION('',(1.,-6.12303176911189E-17,-6.12303176911188E-17));
#36060=AXIS2_PLACEMENT_3D('',#36030,#36040,#36050);
#36070=PLANE('',#36060);
#36080=CARTESIAN_POINT('',(-3.03887692444053E-15,-1.02997062820733,
0.850000000000001));
#36090=DIRECTION('',(-1.,6.12303176911189E-17,6.12303176911188E-17));
#36100=VECTOR('',#36090,1.);
#36110=LINE('',#36080,#36100);
#36120=CARTESIAN_POINT('',(0.482968511537799,-1.02997062820733,
0.850000000000001));
#36130=VERTEX_POINT('',#36120);
#36140=CARTESIAN_POINT('',(0.382818999999997,-1.02997062820733,
0.850000000000001));
#36150=VERTEX_POINT('',#36140);
#36160=EDGE_CURVE('',#36130,#36150,#36110,.T.);
#36170=ORIENTED_EDGE('',*,*,#36160,.F.);
#36180=CARTESIAN_POINT('',(0.382818999999997,-1.02997062820733,
-0.600002400000001));
#36190=DIRECTION('',(6.12303176911188E-17,0.,1.));
#36200=VECTOR('',#36190,1.);
#36210=LINE('',#36180,#36200);
#36220=EDGE_CURVE('',#36150,#33610,#36210,.T.);
#36230=ORIENTED_EDGE('',*,*,#36220,.F.);
#36240=ORIENTED_EDGE('',*,*,#33640,.F.);
#36250=CARTESIAN_POINT('',(0.482968511537801,-1.02997062820733,1.05));
#36260=DIRECTION('',(-6.12303176911188E-17,0.,-1.));
#36270=VECTOR('',#36260,1.);
#36280=LINE('',#36250,#36270);
#36290=EDGE_CURVE('',#33630,#36130,#36280,.T.);
#36300=ORIENTED_EDGE('',*,*,#36290,.F.);
#36310=EDGE_LOOP('',(#36300,#36240,#36230,#36170));
#36320=FACE_OUTER_BOUND('',#36310,.T.);
#36330=ADVANCED_FACE('',(#36320),#36070,.F.);
#36340=CARTESIAN_POINT('',(-0.452181000000001,-1.430469,2.325));
#36350=DIRECTION('',(0.,0.,-1.));
#36360=DIRECTION('',(-1.,0.,0.));
#36370=AXIS2_PLACEMENT_3D('',#36340,#36350,#36360);
#36380=CIRCLE('',#36370,0.25);
#36390=CARTESIAN_POINT('',(-0.223052215252209,-1.530469,2.325));
#36400=VERTEX_POINT('',#36390);
#36410=CARTESIAN_POINT('',(-0.452181000000001,-1.680469,2.325));
#36420=VERTEX_POINT('',#36410);
#36430=EDGE_CURVE('',#36400,#36420,#36380,.T.);
#36440=ORIENTED_EDGE('',*,*,#36430,.F.);
#36450=CARTESIAN_POINT('',(-0.0251477347320566,-1.680469,2.325));
#36460=DIRECTION('',(1.,0.,0.));
#36470=VECTOR('',#36460,1.);
#36480=LINE('',#36450,#36470);
#36490=CARTESIAN_POINT('',(-3.417181,-1.680469,2.325));
#36500=VERTEX_POINT('',#36490);
#36510=EDGE_CURVE('',#36500,#36420,#36480,.T.);
#36520=ORIENTED_EDGE('',*,*,#36510,.T.);
#36530=CARTESIAN_POINT('',(-3.417181,-0.372053431461694,2.325));
#36540=DIRECTION('',(0.,-1.,0.));
#36550=VECTOR('',#36540,1.);
#36560=LINE('',#36530,#36550);
#36570=EDGE_CURVE('',#36500,#34620,#36560,.T.);
#36580=ORIENTED_EDGE('',*,*,#36570,.F.);
#36590=CARTESIAN_POINT('',(-0.0251477347320566,-2.030469,2.325));
#36600=DIRECTION('',(-1.,0.,0.));
#36610=VECTOR('',#36600,1.);
#36620=LINE('',#36590,#36610);
#36630=CARTESIAN_POINT('',(-0.302181,-2.030469,2.325));
#36640=VERTEX_POINT('',#36630);
#36650=EDGE_CURVE('',#36640,#34620,#36620,.T.);
#36660=ORIENTED_EDGE('',*,*,#36650,.T.);
#36670=CARTESIAN_POINT('',(-0.302181,-1.580469,2.325));
#36680=DIRECTION('',(0.,0.,1.));
#36690=DIRECTION('',(1.,0.,0.));
#36700=AXIS2_PLACEMENT_3D('',#36670,#36680,#36690);
#36710=CIRCLE('',#36700,0.45);
#36720=CARTESIAN_POINT('',(0.147819,-1.580469,2.325));
#36730=VERTEX_POINT('',#36720);
#36740=EDGE_CURVE('',#36640,#36730,#36710,.T.);
#36750=ORIENTED_EDGE('',*,*,#36740,.F.);
#36760=CARTESIAN_POINT('',(0.147819,-1.530469,2.325));
#36770=VERTEX_POINT('',#36760);
#36780=EDGE_CURVE('',#36730,#36770,#2040,.T.);
#36790=ORIENTED_EDGE('',*,*,#36780,.F.);
#36800=CARTESIAN_POINT('',(0.,-1.530469,2.325));
#36810=DIRECTION('',(-1.,-1.22460635382238E-16,0.));
#36820=VECTOR('',#36810,1.);
#36830=LINE('',#36800,#36820);
#36840=EDGE_CURVE('',#36770,#36400,#36830,.T.);
#36850=ORIENTED_EDGE('',*,*,#36840,.F.);
#36860=EDGE_LOOP('',(#36850,#36790,#36750,#36660,#36580,#36520,#36440));
#36870=FACE_OUTER_BOUND('',#36860,.T.);
#36880=ADVANCED_FACE('',(#36870),#1820,.F.);
#36890=CARTESIAN_POINT('',(-3.417181,-2.4404714,3.575));
#36900=DIRECTION('',(0.242535625036334,0.,0.970142500145332));
#36910=DIRECTION('',(-0.970142500145332,0.,0.242535625036334));
#36920=AXIS2_PLACEMENT_3D('',#36890,#36900,#36910);
#36930=PLANE('',#36920);
#36940=ORIENTED_EDGE('',*,*,#33510,.T.);
#36950=CARTESIAN_POINT('',(-0.0251477347320566,-2.87847731631698,
2.72699168368301));
#36960=DIRECTION('',(-0.942809041582063,0.235702260395516,
0.235702260395517));
#36970=VECTOR('',#36960,1.);
#36980=LINE('',#36950,#36970);
#36990=EDGE_CURVE('',#26440,#33440,#36980,.T.);
#37000=ORIENTED_EDGE('',*,*,#36990,.T.);
#37010=CARTESIAN_POINT('',(-3.417181,-0.372053431461694,3.575));
#37020=DIRECTION('',(0.,-1.,0.));
#37030=VECTOR('',#37020,1.);
#37040=LINE('',#37010,#37030);
#37050=EDGE_CURVE('',#29160,#26440,#37040,.T.);
#37060=ORIENTED_EDGE('',*,*,#37050,.T.);
#37070=ORIENTED_EDGE('',*,*,#29170,.T.);
#37080=EDGE_LOOP('',(#37070,#37060,#37000,#36940));
#37090=FACE_OUTER_BOUND('',#37080,.T.);
#37100=ADVANCED_FACE('',(#37090),#36930,.F.);
#37110=CARTESIAN_POINT('',(0.982818999999997,1.469531,0.549999999999997)
);
#37120=DIRECTION('',(-1.,6.12303176911188E-17,6.12303176911188E-17));
#37130=DIRECTION('',(-6.12303176911188E-17,0.,-1.));
#37140=AXIS2_PLACEMENT_3D('',#37110,#37120,#37130);
#37150=PLANE('',#37140);
#37160=CARTESIAN_POINT('',(0.982818999999997,-1.22460635382237E-17,
0.649999999999999));
#37170=DIRECTION('',(6.12303176911189E-17,1.,-6.16297582203916E-33));
#37180=VECTOR('',#37170,1.);
#37190=LINE('',#37160,#37180);
#37200=EDGE_CURVE('',#290,#8620,#37190,.T.);
#37210=ORIENTED_EDGE('',*,*,#37200,.T.);
#37220=ORIENTED_EDGE('',*,*,#300,.T.);
#37230=ORIENTED_EDGE('',*,*,#12860,.T.);
#37240=ORIENTED_EDGE('',*,*,#8710,.T.);
#37250=EDGE_LOOP('',(#37240,#37230,#37220,#37210));
#37260=FACE_OUTER_BOUND('',#37250,.T.);
#37270=ADVANCED_FACE('',(#37260),#37150,.T.);
#37280=CARTESIAN_POINT('',(-3.417181,-1.680469,3.575));
#37290=DIRECTION('',(0.,1.,0.));
#37300=DIRECTION('',(1.,0.,0.));
#37310=AXIS2_PLACEMENT_3D('',#37280,#37290,#37300);
#37320=PLANE('',#37310);
#37330=ORIENTED_EDGE('',*,*,#34960,.T.);
#37340=CARTESIAN_POINT('',(-0.0251477347320566,-1.680469,3.925));
#37350=DIRECTION('',(1.,0.,0.));
#37360=VECTOR('',#37350,1.);
#37370=LINE('',#37340,#37360);
#37380=EDGE_CURVE('',#29240,#34870,#37370,.T.);
#37390=ORIENTED_EDGE('',*,*,#37380,.T.);
#37400=ORIENTED_EDGE('',*,*,#29250,.T.);
#37410=CARTESIAN_POINT('',(-0.0251477347320566,-1.680469,3.575));
#37420=DIRECTION('',(1.,0.,0.));
#37430=VECTOR('',#37420,1.);
#37440=LINE('',#37410,#37430);
#37450=EDGE_CURVE('',#29160,#34950,#37440,.T.);
#37460=ORIENTED_EDGE('',*,*,#37450,.F.);
#37470=EDGE_LOOP('',(#37460,#37400,#37390,#37330));
#37480=FACE_OUTER_BOUND('',#37470,.T.);
#37490=ADVANCED_FACE('',(#37480),#37320,.T.);
#37500=CARTESIAN_POINT('',(-2.217181,-1.630469,-0.0500000000000007));
#37510=DIRECTION('',(-1.,6.12303176911189E-17,6.12303176911188E-17));
#37520=DIRECTION('',(-6.12303176911188E-17,-1.,0.));
#37530=AXIS2_PLACEMENT_3D('',#37500,#37510,#37520);
#37540=CYLINDRICAL_SURFACE('',#37530,0.4);
#37550=CARTESIAN_POINT('',(-0.267181000000003,-1.630469,
-0.0500000000000007));
#37560=DIRECTION('',(-1.,6.12303176911189E-17,6.12303176911188E-17));
#37570=DIRECTION('',(-6.12303176911188E-17,-1.,0.));
#37580=AXIS2_PLACEMENT_3D('',#37550,#37560,#37570);
#37590=CIRCLE('',#37580,0.4);
#37600=CARTESIAN_POINT('',(-0.267181000000003,-1.630469,
-0.450000000000003));
#37610=VERTEX_POINT('',#37600);
#37620=CARTESIAN_POINT('',(-0.267181000000003,-2.030469,
-0.0500000000000008));
#37630=VERTEX_POINT('',#37620);
#37640=EDGE_CURVE('',#37610,#37630,#37590,.T.);
#37650=ORIENTED_EDGE('',*,*,#37640,.F.);
#37660=CARTESIAN_POINT('',(-2.217181,-2.030469,-0.0500000000000007));
#37670=DIRECTION('',(-1.,6.12303176911189E-17,6.12303176911188E-17));
#37680=VECTOR('',#37670,1.);
#37690=LINE('',#37660,#37680);
#37700=CARTESIAN_POINT('',(0.382818999999997,-2.030469,
-0.0500000000000009));
#37710=VERTEX_POINT('',#37700);
#37720=EDGE_CURVE('',#37710,#37630,#37690,.T.);
#37730=ORIENTED_EDGE('',*,*,#37720,.T.);
#37740=CARTESIAN_POINT('',(0.382818999999997,-1.630469,
-0.0500000000000007));
#37750=DIRECTION('',(-1.,6.12303176911189E-17,6.12303176911188E-17));
#37760=DIRECTION('',(-6.12303176911188E-17,-1.,0.));
#37770=AXIS2_PLACEMENT_3D('',#37740,#37750,#37760);
#37780=CIRCLE('',#37770,0.4);
#37790=CARTESIAN_POINT('',(0.382818999999997,-1.630469,
-0.450000000000003));
#37800=VERTEX_POINT('',#37790);
#37810=EDGE_CURVE('',#37800,#37710,#37780,.T.);
#37820=ORIENTED_EDGE('',*,*,#37810,.T.);
#37830=CARTESIAN_POINT('',(-2.217181,-1.630469,-0.450000000000003));
#37840=DIRECTION('',(1.,-6.12303176911189E-17,-6.12303176911188E-17));
#37850=VECTOR('',#37840,1.);
#37860=LINE('',#37830,#37850);
#37870=EDGE_CURVE('',#37610,#37800,#37860,.T.);
#37880=ORIENTED_EDGE('',*,*,#37870,.T.);
#37890=EDGE_LOOP('',(#37880,#37820,#37730,#37650));
#37900=FACE_OUTER_BOUND('',#37890,.T.);
#37910=ADVANCED_FACE('',(#37900),#37540,.T.);
#37920=CARTESIAN_POINT('',(0.782818999999997,5.77369377901522E-32,
0.649999999999999));
#37930=DIRECTION('',(6.12303176911189E-17,1.,-6.16297582203916E-33));
#37940=DIRECTION('',(1.,-6.12303176911189E-17,0.));
#37950=AXIS2_PLACEMENT_3D('',#37920,#37930,#37940);
#37960=CYLINDRICAL_SURFACE('',#37950,0.2);
#37970=ORIENTED_EDGE('',*,*,#37200,.F.);
#37980=ORIENTED_EDGE('',*,*,#8630,.F.);
#37990=CARTESIAN_POINT('',(0.782818999999997,5.69871074292411E-32,
0.849999999999998));
#38000=DIRECTION('',(6.12303176911189E-17,1.,-6.16297582203916E-33));
#38010=VECTOR('',#38000,1.);
#38020=LINE('',#37990,#38010);
#38030=EDGE_CURVE('',#380,#8530,#38020,.T.);
#38040=ORIENTED_EDGE('',*,*,#38030,.T.);
#38050=ORIENTED_EDGE('',*,*,#390,.T.);
#38060=EDGE_LOOP('',(#38050,#38040,#37980,#37970));
#38070=FACE_OUTER_BOUND('',#38060,.T.);
#38080=ADVANCED_FACE('',(#38070),#37960,.F.);
#38090=CARTESIAN_POINT('',(-1.017181,-1.530469,3.125));
#38100=DIRECTION('',(1.22460635382238E-16,-1.,0.));
#38110=DIRECTION('',(-1.,-1.22460635382238E-16,0.));
#38120=AXIS2_PLACEMENT_3D('',#38090,#38100,#38110);
#38130=PLANE('',#38120);
#38140=CARTESIAN_POINT('',(-3.74844412345636E-16,-1.530469,
6.07400000000001));
#38150=DIRECTION('',(-1.,1.22460635382238E-16,0.));
#38160=VECTOR('',#38150,1.);
#38170=LINE('',#38140,#38160);
#38180=EDGE_CURVE('',#31520,#22530,#38170,.T.);
#38190=ORIENTED_EDGE('',*,*,#38180,.F.);
#38200=ORIENTED_EDGE('',*,*,#22540,.T.);
#38210=CARTESIAN_POINT('',(-2.5571834,-1.530469,6.42600000000001));
#38220=DIRECTION('',(1.,-1.22460635382238E-16,0.));
#38230=VECTOR('',#38220,1.);
#38240=LINE('',#38210,#38230);
#38250=CARTESIAN_POINT('',(-1.517181,-1.530469,6.42600000000001));
#38260=VERTEX_POINT('',#38250);
#38270=EDGE_CURVE('',#22450,#38260,#38240,.T.);
#38280=ORIENTED_EDGE('',*,*,#38270,.F.);
#38290=CARTESIAN_POINT('',(-1.517181,-1.530469,5.62500000000001));
#38300=DIRECTION('',(0.,0.,1.));
#38310=VECTOR('',#38300,1.);
#38320=LINE('',#38290,#38310);
#38330=CARTESIAN_POINT('',(-1.517181,-1.530469,7.32400000000001));
#38340=VERTEX_POINT('',#38330);
#38350=EDGE_CURVE('',#38260,#38340,#38320,.T.);
#38360=ORIENTED_EDGE('',*,*,#38350,.F.);
#38370=CARTESIAN_POINT('',(-2.5571834,-1.530469,7.32400000000001));
#38380=DIRECTION('',(1.,0.,0.));
#38390=VECTOR('',#38380,1.);
#38400=LINE('',#38370,#38390);
#38410=EDGE_CURVE('',#22210,#38340,#38400,.T.);
#38420=ORIENTED_EDGE('',*,*,#38410,.T.);
#38430=ORIENTED_EDGE('',*,*,#22220,.F.);
#38440=CARTESIAN_POINT('',(-1.87422206172818E-16,-1.530469,
7.67600000000001));
#38450=DIRECTION('',(-1.,0.,0.));
#38460=VECTOR('',#38450,1.);
#38470=LINE('',#38440,#38460);
#38480=CARTESIAN_POINT('',(-1.517181,-1.530469,7.67600000000001));
#38490=VERTEX_POINT('',#38480);
#38500=EDGE_CURVE('',#38490,#22170,#38470,.T.);
#38510=ORIENTED_EDGE('',*,*,#38500,.T.);
#38520=CARTESIAN_POINT('',(-1.517181,-1.530469,3.12500000000001));
#38530=DIRECTION('',(0.,0.,1.));
#38540=VECTOR('',#38530,1.);
#38550=LINE('',#38520,#38540);
#38560=CARTESIAN_POINT('',(-1.517181,-1.530469,8.57400000000001));
#38570=VERTEX_POINT('',#38560);
#38580=EDGE_CURVE('',#38490,#38570,#38550,.T.);
#38590=ORIENTED_EDGE('',*,*,#38580,.F.);
#38600=CARTESIAN_POINT('',(-1.87422206172818E-16,-1.530469,
8.57400000000001));
#38610=DIRECTION('',(1.,0.,0.));
#38620=VECTOR('',#38610,1.);
#38630=LINE('',#38600,#38620);
#38640=EDGE_CURVE('',#21930,#38570,#38630,.T.);
#38650=ORIENTED_EDGE('',*,*,#38640,.T.);
#38660=ORIENTED_EDGE('',*,*,#21940,.F.);
#38670=CARTESIAN_POINT('',(-1.87422206172818E-16,-1.530469,
8.92600000000001));
#38680=DIRECTION('',(-1.,0.,0.));
#38690=VECTOR('',#38680,1.);
#38700=LINE('',#38670,#38690);
#38710=EDGE_CURVE('',#23800,#21850,#38700,.T.);
#38720=ORIENTED_EDGE('',*,*,#38710,.T.);
#38730=ORIENTED_EDGE('',*,*,#24030,.F.);
#38740=CARTESIAN_POINT('',(-1.66533453693773E-16,-1.530469,10.2));
#38750=DIRECTION('',(1.,0.,0.));
#38760=VECTOR('',#38750,1.);
#38770=LINE('',#38740,#38760);
#38780=CARTESIAN_POINT('',(-1.417181,-1.530469,10.2));
#38790=VERTEX_POINT('',#38780);
#38800=EDGE_CURVE('',#23960,#38790,#38770,.T.);
#38810=ORIENTED_EDGE('',*,*,#38800,.F.);
#38820=CARTESIAN_POINT('',(0.,-1.530469,10.2));
#38830=DIRECTION('',(-1.,-1.22460635382238E-16,6.12303176911189E-17));
#38840=VECTOR('',#38830,1.);
#38850=LINE('',#38820,#38840);
#38860=CARTESIAN_POINT('',(-1.017181,-1.530469,10.2));
#38870=VERTEX_POINT('',#38860);
#38880=EDGE_CURVE('',#38870,#38790,#38850,.T.);
#38890=ORIENTED_EDGE('',*,*,#38880,.T.);
#38900=CARTESIAN_POINT('',(-1.017181,-1.530469,9.7));
#38910=DIRECTION('',(0.,0.,1.));
#38920=VECTOR('',#38910,1.);
#38930=LINE('',#38900,#38920);
#38940=CARTESIAN_POINT('',(-1.017181,-1.530469,8.92600000000001));
#38950=VERTEX_POINT('',#38940);
#38960=EDGE_CURVE('',#38950,#38870,#38930,.T.);
#38970=ORIENTED_EDGE('',*,*,#38960,.T.);
#38980=CARTESIAN_POINT('',(-1.87422206172818E-16,-1.530469,
8.92600000000001));
#38990=DIRECTION('',(1.,0.,0.));
#39000=VECTOR('',#38990,1.);
#39010=LINE('',#38980,#39000);
#39020=EDGE_CURVE('',#38950,#9900,#39010,.T.);
#39030=ORIENTED_EDGE('',*,*,#39020,.F.);
#39040=ORIENTED_EDGE('',*,*,#9910,.F.);
#39050=CARTESIAN_POINT('',(-1.87422206172818E-16,-1.530469,
8.57400000000001));
#39060=DIRECTION('',(1.,0.,0.));
#39070=VECTOR('',#39060,1.);
#39080=LINE('',#39050,#39070);
#39090=CARTESIAN_POINT('',(-1.017181,-1.530469,8.57400000000001));
#39100=VERTEX_POINT('',#39090);
#39110=EDGE_CURVE('',#39100,#9820,#39080,.T.);
#39120=ORIENTED_EDGE('',*,*,#39110,.T.);
#39130=CARTESIAN_POINT('',(-1.017181,-1.530469,3.12500000000001));
#39140=DIRECTION('',(0.,0.,-1.));
#39150=VECTOR('',#39140,1.);
#39160=LINE('',#39130,#39150);
#39170=CARTESIAN_POINT('',(-1.017181,-1.530469,7.67600000000001));
#39180=VERTEX_POINT('',#39170);
#39190=EDGE_CURVE('',#39100,#39180,#39160,.T.);
#39200=ORIENTED_EDGE('',*,*,#39190,.F.);
#39210=CARTESIAN_POINT('',(-1.87422206172818E-16,-1.530469,
7.67600000000001));
#39220=DIRECTION('',(-1.,0.,0.));
#39230=VECTOR('',#39220,1.);
#39240=LINE('',#39210,#39230);
#39250=EDGE_CURVE('',#9580,#39180,#39240,.T.);
#39260=ORIENTED_EDGE('',*,*,#39250,.T.);
#39270=ORIENTED_EDGE('',*,*,#9590,.F.);
#39280=CARTESIAN_POINT('',(-1.017181,-1.530469,7.32400000000001));
#39290=VERTEX_POINT('',#39280);
#39300=EDGE_CURVE('',#39290,#9500,#38400,.T.);
#39310=ORIENTED_EDGE('',*,*,#39300,.T.);
#39320=CARTESIAN_POINT('',(-1.017181,-1.530469,5.62500000000001));
#39330=DIRECTION('',(0.,0.,1.));
#39340=VECTOR('',#39330,1.);
#39350=LINE('',#39320,#39340);
#39360=CARTESIAN_POINT('',(-1.017181,-1.530469,6.42600000000001));
#39370=VERTEX_POINT('',#39360);
#39380=EDGE_CURVE('',#39370,#39290,#39350,.T.);
#39390=ORIENTED_EDGE('',*,*,#39380,.T.);
#39400=EDGE_CURVE('',#39370,#9260,#38240,.T.);
#39410=ORIENTED_EDGE('',*,*,#39400,.F.);
#39420=ORIENTED_EDGE('',*,*,#9270,.T.);
#39430=CARTESIAN_POINT('',(-3.74844412345636E-16,-1.530469,
6.07400000000001));
#39440=DIRECTION('',(-1.,1.22460635382238E-16,0.));
#39450=VECTOR('',#39440,1.);
#39460=LINE('',#39430,#39450);
#39470=EDGE_CURVE('',#9180,#12510,#39460,.T.);
#39480=ORIENTED_EDGE('',*,*,#39470,.F.);
#39490=ORIENTED_EDGE('',*,*,#12600,.F.);
#39500=ORIENTED_EDGE('',*,*,#3770,.T.);
#39510=ORIENTED_EDGE('',*,*,#11830,.F.);
#39520=ORIENTED_EDGE('',*,*,#32600,.T.);
#39530=ORIENTED_EDGE('',*,*,#32370,.F.);
#39540=ORIENTED_EDGE('',*,*,#30470,.F.);
#39550=ORIENTED_EDGE('',*,*,#11530,.T.);
#39560=ORIENTED_EDGE('',*,*,#1670,.F.);
#39570=ORIENTED_EDGE('',*,*,#19400,.T.);
#39580=ORIENTED_EDGE('',*,*,#28660,.F.);
#39590=ORIENTED_EDGE('',*,*,#11300,.T.);
#39600=ORIENTED_EDGE('',*,*,#27140,.T.);
#39610=ORIENTED_EDGE('',*,*,#31200,.F.);
#39620=CARTESIAN_POINT('',(0.,-1.530469,1.05));
#39630=DIRECTION('',(-1.,-1.22460635382238E-16,6.12303176911188E-17));
#39640=VECTOR('',#39630,1.);
#39650=LINE('',#39620,#39640);
#39660=CARTESIAN_POINT('',(-1.417181,-1.530469,1.05));
#39670=VERTEX_POINT('',#39660);
#39680=EDGE_CURVE('',#31130,#39670,#39650,.T.);
#39690=ORIENTED_EDGE('',*,*,#39680,.F.);
#39700=CARTESIAN_POINT('',(2.08887524790445E-17,-1.530469,1.05));
#39710=DIRECTION('',(1.,1.22460635382238E-16,0.));
#39720=VECTOR('',#39710,1.);
#39730=LINE('',#39700,#39720);
#39740=EDGE_CURVE('',#29980,#39670,#39730,.T.);
#39750=ORIENTED_EDGE('',*,*,#39740,.T.);
#39760=ORIENTED_EDGE('',*,*,#29990,.T.);
#39770=ORIENTED_EDGE('',*,*,#15370,.F.);
#39780=ORIENTED_EDGE('',*,*,#23100,.T.);
#39790=ORIENTED_EDGE('',*,*,#27310,.F.);
#39800=ORIENTED_EDGE('',*,*,#16640,.T.);
#39810=ORIENTED_EDGE('',*,*,#13300,.F.);
#39820=ORIENTED_EDGE('',*,*,#22980,.T.);
#39830=ORIENTED_EDGE('',*,*,#19100,.F.);
#39840=ORIENTED_EDGE('',*,*,#14490,.T.);
#39850=ORIENTED_EDGE('',*,*,#20330,.T.);
#39860=ORIENTED_EDGE('',*,*,#22840,.F.);
#39870=ORIENTED_EDGE('',*,*,#27510,.T.);
#39880=ORIENTED_EDGE('',*,*,#31590,.F.);
#39890=EDGE_LOOP('',(#39880,#39870,#39860,#39850,#39840,#39830,#39820,
#39810,#39800,#39790,#39780,#39770,#39760,#39750,#39690,#39610,#39600,
#39590,#39580,#39570,#39560,#39550,#39540,#39530,#39520,#39510,#39500,
#39490,#39480,#39420,#39410,#39390,#39310,#39270,#39260,#39200,#39120,
#39040,#39030,#38970,#38890,#38810,#38730,#38720,#38660,#38650,#38590,
#38510,#38430,#38420,#38360,#38280,#38200,#38190));
#39900=FACE_OUTER_BOUND('',#39890,.T.);
#39910=CARTESIAN_POINT('',(0.,-1.530469,3.925));
#39920=DIRECTION('',(-1.,-1.22460635382238E-16,0.));
#39930=VECTOR('',#39920,1.);
#39940=LINE('',#39910,#39930);
#39950=EDGE_CURVE('',#26030,#34850,#39940,.T.);
#39960=ORIENTED_EDGE('',*,*,#39950,.F.);
#39970=ORIENTED_EDGE('',*,*,#35110,.F.);
#39980=CARTESIAN_POINT('',(0.,-1.530469,3.575));
#39990=DIRECTION('',(-1.,-1.22460635382238E-16,0.));
#40000=VECTOR('',#39990,1.);
#40010=LINE('',#39980,#40000);
#40020=EDGE_CURVE('',#25910,#35040,#40010,.T.);
#40030=ORIENTED_EDGE('',*,*,#40020,.T.);
#40040=ORIENTED_EDGE('',*,*,#26100,.F.);
#40050=EDGE_LOOP('',(#40040,#40030,#39970,#39960));
#40060=FACE_BOUND('',#40050,.T.);
#40070=ORIENTED_EDGE('',*,*,#35660,.F.);
#40080=CARTESIAN_POINT('',(-0.223052215252209,-1.530469,2.325));
#40090=DIRECTION('',(0.,0.,-1.));
#40100=VECTOR('',#40090,1.);
#40110=LINE('',#40080,#40100);
#40120=EDGE_CURVE('',#35590,#36400,#40110,.T.);
#40130=ORIENTED_EDGE('',*,*,#40120,.F.);
#40140=ORIENTED_EDGE('',*,*,#36840,.T.);
#40150=CARTESIAN_POINT('',(0.147819,-1.530469,8.125));
#40160=DIRECTION('',(0.,0.,1.));
#40170=VECTOR('',#40160,1.);
#40180=LINE('',#40150,#40170);
#40190=EDGE_CURVE('',#36770,#35190,#40180,.T.);
#40200=ORIENTED_EDGE('',*,*,#40190,.F.);
#40210=EDGE_LOOP('',(#40200,#40140,#40130,#40070));
#40220=FACE_BOUND('',#40210,.T.);
#40230=CARTESIAN_POINT('',(0.,-1.530469,4.825));
#40240=DIRECTION('',(-1.,-1.22460635382238E-16,0.));
#40250=VECTOR('',#40240,1.);
#40260=LINE('',#40230,#40250);
#40270=CARTESIAN_POINT('',(0.147819,-1.530469,4.825));
#40280=VERTEX_POINT('',#40270);
#40290=EDGE_CURVE('',#40280,#35910,#40260,.T.);
#40300=ORIENTED_EDGE('',*,*,#40290,.T.);
#40310=CARTESIAN_POINT('',(0.147819,-1.530469,8.125));
#40320=DIRECTION('',(0.,0.,1.));
#40330=VECTOR('',#40320,1.);
#40340=LINE('',#40310,#40330);
#40350=EDGE_CURVE('',#40280,#29390,#40340,.T.);
#40360=ORIENTED_EDGE('',*,*,#40350,.F.);
#40370=ORIENTED_EDGE('',*,*,#29880,.F.);
#40380=ORIENTED_EDGE('',*,*,#35980,.F.);
#40390=EDGE_LOOP('',(#40380,#40370,#40360,#40300));
#40400=FACE_BOUND('',#40390,.T.);
#40410=CARTESIAN_POINT('',(0.,-1.530469,7.675));
#40420=DIRECTION('',(-1.,-1.22460635382238E-16,0.));
#40430=VECTOR('',#40420,1.);
#40440=LINE('',#40410,#40430);
#40450=CARTESIAN_POINT('',(0.147819,-1.530469,7.675));
#40460=VERTEX_POINT('',#40450);
#40470=CARTESIAN_POINT('',(-0.223052215252209,-1.530469,7.675));
#40480=VERTEX_POINT('',#40470);
#40490=EDGE_CURVE('',#40460,#40480,#40440,.T.);
#40500=ORIENTED_EDGE('',*,*,#40490,.F.);
#40510=CARTESIAN_POINT('',(-0.223052215252209,-1.530469,7.325));
#40520=DIRECTION('',(0.,0.,-1.));
#40530=VECTOR('',#40520,1.);
#40540=LINE('',#40510,#40530);
#40550=CARTESIAN_POINT('',(-0.223052215252209,-1.530469,7.325));
#40560=VERTEX_POINT('',#40550);
#40570=EDGE_CURVE('',#40480,#40560,#40540,.T.);
#40580=ORIENTED_EDGE('',*,*,#40570,.F.);
#40590=CARTESIAN_POINT('',(0.,-1.530469,7.325));
#40600=DIRECTION('',(-1.,-1.22460635382238E-16,0.));
#40610=VECTOR('',#40600,1.);
#40620=LINE('',#40590,#40610);
#40630=CARTESIAN_POINT('',(0.147819,-1.530469,7.325));
#40640=VERTEX_POINT('',#40630);
#40650=EDGE_CURVE('',#40640,#40560,#40620,.T.);
#40660=ORIENTED_EDGE('',*,*,#40650,.T.);
#40670=CARTESIAN_POINT('',(0.147819,-1.530469,-3.125));
#40680=DIRECTION('',(0.,0.,1.));
#40690=VECTOR('',#40680,1.);
#40700=LINE('',#40670,#40690);
#40710=EDGE_CURVE('',#40640,#40460,#40700,.T.);
#40720=ORIENTED_EDGE('',*,*,#40710,.F.);
#40730=EDGE_LOOP('',(#40720,#40660,#40580,#40500));
#40740=FACE_BOUND('',#40730,.T.);
#40750=CARTESIAN_POINT('',(0.,-1.530469,8.575));
#40760=DIRECTION('',(-1.,-1.22460635382238E-16,0.));
#40770=VECTOR('',#40760,1.);
#40780=LINE('',#40750,#40770);
#40790=CARTESIAN_POINT('',(0.147819,-1.530469,8.575));
#40800=VERTEX_POINT('',#40790);
#40810=CARTESIAN_POINT('',(-0.223052215252209,-1.530469,8.575));
#40820=VERTEX_POINT('',#40810);
#40830=EDGE_CURVE('',#40800,#40820,#40780,.T.);
#40840=ORIENTED_EDGE('',*,*,#40830,.T.);
#40850=CARTESIAN_POINT('',(0.147819,-1.530469,-3.125));
#40860=DIRECTION('',(0.,0.,1.));
#40870=VECTOR('',#40860,1.);
#40880=LINE('',#40850,#40870);
#40890=CARTESIAN_POINT('',(0.147819,-1.530469,8.925));
#40900=VERTEX_POINT('',#40890);
#40910=EDGE_CURVE('',#40800,#40900,#40880,.T.);
#40920=ORIENTED_EDGE('',*,*,#40910,.F.);
#40930=CARTESIAN_POINT('',(0.,-1.530469,8.925));
#40940=DIRECTION('',(-1.,-1.22460635382238E-16,0.));
#40950=VECTOR('',#40940,1.);
#40960=LINE('',#40930,#40950);
#40970=CARTESIAN_POINT('',(-0.223052215252209,-1.530469,8.925));
#40980=VERTEX_POINT('',#40970);
#40990=EDGE_CURVE('',#40900,#40980,#40960,.T.);
#41000=ORIENTED_EDGE('',*,*,#40990,.F.);
#41010=CARTESIAN_POINT('',(-0.223052215252209,-1.530469,8.575));
#41020=DIRECTION('',(0.,0.,-1.));
#41030=VECTOR('',#41020,1.);
#41040=LINE('',#41010,#41030);
#41050=EDGE_CURVE('',#40980,#40820,#41040,.T.);
#41060=ORIENTED_EDGE('',*,*,#41050,.F.);
#41070=EDGE_LOOP('',(#41060,#41000,#40920,#40840));
#41080=FACE_BOUND('',#41070,.T.);
#41090=CARTESIAN_POINT('',(0.,-1.530469,6.075));
#41100=DIRECTION('',(-1.,-1.22460635382238E-16,0.));
#41110=VECTOR('',#41100,1.);
#41120=LINE('',#41090,#41110);
#41130=CARTESIAN_POINT('',(0.147819,-1.530469,6.075));
#41140=VERTEX_POINT('',#41130);
#41150=CARTESIAN_POINT('',(-0.223052215252209,-1.530469,6.075));
#41160=VERTEX_POINT('',#41150);
#41170=EDGE_CURVE('',#41140,#41160,#41120,.T.);
#41180=ORIENTED_EDGE('',*,*,#41170,.T.);
#41190=CARTESIAN_POINT('',(0.147819,-1.530469,-3.125));
#41200=DIRECTION('',(0.,0.,1.));
#41210=VECTOR('',#41200,1.);
#41220=LINE('',#41190,#41210);
#41230=CARTESIAN_POINT('',(0.147819,-1.530469,6.425));
#41240=VERTEX_POINT('',#41230);
#41250=EDGE_CURVE('',#41140,#41240,#41220,.T.);
#41260=ORIENTED_EDGE('',*,*,#41250,.F.);
#41270=CARTESIAN_POINT('',(0.,-1.530469,6.425));
#41280=DIRECTION('',(-1.,-1.22460635382238E-16,0.));
#41290=VECTOR('',#41280,1.);
#41300=LINE('',#41270,#41290);
#41310=CARTESIAN_POINT('',(-0.223052215252209,-1.530469,6.425));
#41320=VERTEX_POINT('',#41310);
#41330=EDGE_CURVE('',#41240,#41320,#41300,.T.);
#41340=ORIENTED_EDGE('',*,*,#41330,.F.);
#41350=CARTESIAN_POINT('',(-0.223052215252209,-1.530469,6.075));
#41360=DIRECTION('',(0.,0.,-1.));
#41370=VECTOR('',#41360,1.);
#41380=LINE('',#41350,#41370);
#41390=EDGE_CURVE('',#41320,#41160,#41380,.T.);
#41400=ORIENTED_EDGE('',*,*,#41390,.F.);
#41410=EDGE_LOOP('',(#41400,#41340,#41260,#41180));
#41420=FACE_BOUND('',#41410,.T.);
#41430=ADVANCED_FACE('',(#39900,#40060,#40220,#40400,#40740,#41080,
#41420),#38130,.T.);
#41440=CARTESIAN_POINT('',(-2.217181,-1.630469,0.649999999999999));
#41450=DIRECTION('',(-1.,6.12303176911189E-17,6.12303176911188E-17));
#41460=DIRECTION('',(-6.12303176911188E-17,-1.,0.));
#41470=AXIS2_PLACEMENT_3D('',#41440,#41450,#41460);
#41480=CYLINDRICAL_SURFACE('',#41470,0.2);
#41490=CARTESIAN_POINT('',(-1.417181,-1.630469,0.649999999999999));
#41500=DIRECTION('',(-1.,6.12303176911189E-17,6.12303176911188E-17));
#41510=DIRECTION('',(-6.12303176911188E-17,-1.,0.));
#41520=AXIS2_PLACEMENT_3D('',#41490,#41500,#41510);
#41530=CIRCLE('',#41520,0.2);
#41540=CARTESIAN_POINT('',(-1.417181,-1.830469,0.649999999999999));
#41550=VERTEX_POINT('',#41540);
#41560=CARTESIAN_POINT('',(-1.417181,-1.630469,0.850000000000001));
#41570=VERTEX_POINT('',#41560);
#41580=EDGE_CURVE('',#41550,#41570,#41530,.T.);
#41590=ORIENTED_EDGE('',*,*,#41580,.T.);
#41600=CARTESIAN_POINT('',(-2.217181,-1.830469,0.649999999999999));
#41610=DIRECTION('',(-1.,6.12303176911189E-17,6.12303176911188E-17));
#41620=VECTOR('',#41610,1.);
#41630=LINE('',#41600,#41620);
#41640=CARTESIAN_POINT('',(0.382818999999997,-1.830469,0.649999999999998
));
#41650=VERTEX_POINT('',#41640);
#41660=EDGE_CURVE('',#41650,#41550,#41630,.T.);
#41670=ORIENTED_EDGE('',*,*,#41660,.T.);
#41680=CARTESIAN_POINT('',(0.382818999999997,-1.630469,0.649999999999999
));
#41690=DIRECTION('',(-1.,6.12303176911189E-17,6.12303176911188E-17));
#41700=DIRECTION('',(-6.12303176911188E-17,-1.,0.));
#41710=AXIS2_PLACEMENT_3D('',#41680,#41690,#41700);
#41720=CIRCLE('',#41710,0.2);
#41730=CARTESIAN_POINT('',(0.382818999999997,-1.630469,0.850000000000001
));
#41740=VERTEX_POINT('',#41730);
#41750=EDGE_CURVE('',#41650,#41740,#41720,.T.);
#41760=ORIENTED_EDGE('',*,*,#41750,.F.);
#41770=CARTESIAN_POINT('',(-2.217181,-1.630469,0.850000000000001));
#41780=DIRECTION('',(1.,-6.12303176911189E-17,-6.12303176911188E-17));
#41790=VECTOR('',#41780,1.);
#41800=LINE('',#41770,#41790);
#41810=EDGE_CURVE('',#41570,#41740,#41800,.T.);
#41820=ORIENTED_EDGE('',*,*,#41810,.T.);
#41830=EDGE_LOOP('',(#41820,#41760,#41670,#41590));
#41840=FACE_OUTER_BOUND('',#41830,.T.);
#41850=ADVANCED_FACE('',(#41840),#41480,.F.);
#41860=CARTESIAN_POINT('',(-2.017181,1.469531,1.05));
#41870=DIRECTION('',(1.,-6.12303176911188E-17,-6.12303176911188E-17));
#41880=DIRECTION('',(6.12303176911188E-17,0.,1.));
#41890=AXIS2_PLACEMENT_3D('',#41860,#41870,#41880);
#41900=PLANE('',#41890);
#41910=ORIENTED_EDGE('',*,*,#31860,.T.);
#41920=ORIENTED_EDGE('',*,*,#8370,.T.);
#41930=CARTESIAN_POINT('',(-2.017181,1.469531,0.549999999999997));
#41940=DIRECTION('',(-6.12303176911188E-17,-1.,0.));
#41950=VECTOR('',#41940,1.);
#41960=LINE('',#41930,#41950);
#41970=EDGE_CURVE('',#8280,#27950,#41960,.T.);
#41980=ORIENTED_EDGE('',*,*,#41970,.F.);
#41990=ORIENTED_EDGE('',*,*,#27960,.T.);
#42000=EDGE_LOOP('',(#41990,#41980,#41920,#41910));
#42010=FACE_OUTER_BOUND('',#42000,.T.);
#42020=ADVANCED_FACE('',(#42010),#41900,.T.);
#42030=CARTESIAN_POINT('',(-1.767181,-0.530469,1.05));
#42040=DIRECTION('',(-6.12303176911189E-17,-1.,3.74915180455534E-33));
#42050=DIRECTION('',(-1.,6.12303176911189E-17,6.12303176911188E-17));
#42060=AXIS2_PLACEMENT_3D('',#42030,#42040,#42050);
#42070=PLANE('',#42060);
#42080=CARTESIAN_POINT('',(0.,-0.530469000000001,1.05));
#42090=DIRECTION('',(-1.,6.12303176911189E-17,0.));
#42100=VECTOR('',#42090,1.);
#42110=LINE('',#42080,#42100);
#42120=CARTESIAN_POINT('',(-1.667181,-0.530469,1.05));
#42130=VERTEX_POINT('',#42120);
#42140=EDGE_CURVE('',#42130,#25080,#42110,.T.);
#42150=ORIENTED_EDGE('',*,*,#42140,.F.);
#42160=ORIENTED_EDGE('',*,*,#25090,.F.);
#42170=CARTESIAN_POINT('',(-3.00829228105816E-15,-0.530469000000001,
0.850000000000001));
#42180=DIRECTION('',(1.,-6.12303176911189E-17,-6.12303176911188E-17));
#42190=VECTOR('',#42180,1.);
#42200=LINE('',#42170,#42190);
#42210=CARTESIAN_POINT('',(-1.667181,-0.530469000000001,
0.850000000000001));
#42220=VERTEX_POINT('',#42210);
#42230=EDGE_CURVE('',#25000,#42220,#42200,.T.);
#42240=ORIENTED_EDGE('',*,*,#42230,.F.);
#42250=CARTESIAN_POINT('',(-1.667181,-0.530469,1.05));
#42260=DIRECTION('',(-6.12303176911188E-17,0.,-1.));
#42270=VECTOR('',#42260,1.);
#42280=LINE('',#42250,#42270);
#42290=EDGE_CURVE('',#42130,#42220,#42280,.T.);
#42300=ORIENTED_EDGE('',*,*,#42290,.T.);
#42310=EDGE_LOOP('',(#42300,#42240,#42160,#42150));
#42320=FACE_OUTER_BOUND('',#42310,.T.);
#42330=ADVANCED_FACE('',(#42320),#42070,.F.);
#42340=CARTESIAN_POINT('',(-1.74283400696029,0.669531,0.934510345014509)
);
#42350=DIRECTION('',(6.12303176911189E-17,1.,-3.74915180455534E-33));
#42360=DIRECTION('',(-1.,6.12303176911189E-17,6.12303176911188E-17));
#42370=AXIS2_PLACEMENT_3D('',#42340,#42350,#42360);
#42380=PLANE('',#42370);
#42390=CARTESIAN_POINT('',(-3.10788179046229E-15,0.669531,
0.850000000000001));
#42400=DIRECTION('',(1.,-6.12303176911189E-17,-6.12303176911188E-17));
#42410=VECTOR('',#42400,1.);
#42420=LINE('',#42390,#42410);
#42430=CARTESIAN_POINT('',(0.632818999999997,0.669531,0.850000000000001)
);
#42440=VERTEX_POINT('',#42430);
#42450=EDGE_CURVE('',#42440,#460,#42420,.T.);
#42460=ORIENTED_EDGE('',*,*,#42450,.T.);
#42470=CARTESIAN_POINT('',(0.632818999999998,0.669531,15.625));
#42480=DIRECTION('',(-6.12303176911189E-17,6.16297582203916E-33,-1.));
#42490=VECTOR('',#42480,1.);
#42500=LINE('',#42470,#42490);
#42510=CARTESIAN_POINT('',(0.632818999999997,0.669531,1.05));
#42520=VERTEX_POINT('',#42510);
#42530=EDGE_CURVE('',#42520,#42440,#42500,.T.);
#42540=ORIENTED_EDGE('',*,*,#42530,.T.);
#42550=CARTESIAN_POINT('',(0.,0.669531,1.05));
#42560=DIRECTION('',(1.,-6.12303176911189E-17,0.));
#42570=VECTOR('',#42560,1.);
#42580=LINE('',#42550,#42570);
#42590=EDGE_CURVE('',#42520,#4700,#42580,.T.);
#42600=ORIENTED_EDGE('',*,*,#42590,.F.);
#42610=ORIENTED_EDGE('',*,*,#4710,.F.);
#42620=EDGE_LOOP('',(#42610,#42600,#42540,#42460));
#42630=FACE_OUTER_BOUND('',#42620,.T.);
#42640=ADVANCED_FACE('',(#42630),#42380,.F.);
#42650=CARTESIAN_POINT('',(-2.217181,1.469531,0.850000000000001));
#42660=DIRECTION('',(-6.12303176911188E-17,3.74915180455534E-33,-1.));
#42670=DIRECTION('',(6.12303176911188E-17,1.,0.));
#42680=AXIS2_PLACEMENT_3D('',#42650,#42660,#42670);
#42690=PLANE('',#42680);
#42700=CARTESIAN_POINT('',(-1.417181,8.67744428558176E-17,
0.850000000000001));
#42710=DIRECTION('',(6.12303176911188E-17,1.,0.));
#42720=VECTOR('',#42710,1.);
#42730=LINE('',#42700,#42720);
#42740=CARTESIAN_POINT('',(-1.417181,-1.02997062820733,0.850000000000001
));
#42750=VERTEX_POINT('',#42740);
#42760=EDGE_CURVE('',#41570,#42750,#42730,.T.);
#42770=ORIENTED_EDGE('',*,*,#42760,.T.);
#42780=ORIENTED_EDGE('',*,*,#41810,.F.);
#42790=CARTESIAN_POINT('',(0.382818999999997,-2.34401289881964E-17,
0.850000000000001));
#42800=DIRECTION('',(-6.12303176911188E-17,-1.,0.));
#42810=VECTOR('',#42800,1.);
#42820=LINE('',#42790,#42810);
#42830=EDGE_CURVE('',#36150,#41740,#42820,.T.);
#42840=ORIENTED_EDGE('',*,*,#42830,.T.);
#42850=ORIENTED_EDGE('',*,*,#36160,.T.);
#42860=CARTESIAN_POINT('',(0.468858219456286,-0.830469000000001,
0.850000000000001));
#42870=DIRECTION('',(-6.12303176911188E-17,0.,-1.));
#42880=DIRECTION('',(-1.,6.12303176911189E-17,6.12303176911188E-17));
#42890=AXIS2_PLACEMENT_3D('',#42860,#42870,#42880);
#42900=CIRCLE('',#42890,0.2);
#42910=CARTESIAN_POINT('',(0.66497435459447,-0.869692227027637,
0.850000000000001));
#42920=VERTEX_POINT('',#42910);
#42930=EDGE_CURVE('',#42920,#36130,#42900,.T.);
#42940=ORIENTED_EDGE('',*,*,#42930,.T.);
#42950=CARTESIAN_POINT('',(0.838912799999997,-5.1366897259146E-17,
0.850000000000001));
#42960=DIRECTION('',(-0.196116135138183,-0.98058067569092,
1.20082532588654E-17));
#42970=VECTOR('',#42960,1.);
#42980=LINE('',#42950,#42970);
#42990=EDGE_CURVE('',#4440,#42920,#42980,.T.);
#43000=ORIENTED_EDGE('',*,*,#42990,.T.);
#43010=ORIENTED_EDGE('',*,*,#4450,.T.);
#43020=CARTESIAN_POINT('',(-3.00829228105816E-15,-0.530469000000001,
0.850000000000001));
#43030=DIRECTION('',(1.,-6.12303176911189E-17,-6.12303176911188E-17));
#43040=VECTOR('',#43030,1.);
#43050=LINE('',#43020,#43040);
#43060=CARTESIAN_POINT('',(0.632818999999997,-0.530469000000001,
0.850000000000001));
#43070=VERTEX_POINT('',#43060);
#43080=EDGE_CURVE('',#43070,#4400,#43050,.T.);
#43090=ORIENTED_EDGE('',*,*,#43080,.T.);
#43100=CARTESIAN_POINT('',(0.791959699999997,-4.84919440295631E-17,
0.850000000000001));
#43110=DIRECTION('',(-0.287347885566345,-0.957826285221152,
1.75944023210986E-17));
#43120=VECTOR('',#43110,1.);
#43130=LINE('',#43100,#43120);
#43140=EDGE_CURVE('',#4160,#43070,#43130,.T.);
#43150=ORIENTED_EDGE('',*,*,#43140,.T.);
#43160=ORIENTED_EDGE('',*,*,#4170,.T.);
#43170=CARTESIAN_POINT('',(-2.9776771222126E-15,-0.0304690000000005,
0.850000000000001));
#43180=DIRECTION('',(1.,-6.12303176911189E-17,-6.12303176911188E-17));
#43190=VECTOR('',#43180,1.);
#43200=LINE('',#43170,#43190);
#43210=CARTESIAN_POINT('',(0.632818999999997,-0.0304690000000006,
0.850000000000001));
#43220=VERTEX_POINT('',#43210);
#43230=EDGE_CURVE('',#43220,#4060,#43200,.T.);
#43240=ORIENTED_EDGE('',*,*,#43230,.T.);
#43250=CARTESIAN_POINT('',(0.632818999999997,-3.87477084109761E-17,
0.850000000000001));
#43260=DIRECTION('',(-6.12303176911188E-17,-1.,0.));
#43270=VECTOR('',#43260,1.);
#43280=LINE('',#43250,#43270);
#43290=EDGE_CURVE('',#42440,#43220,#43280,.T.);
#43300=ORIENTED_EDGE('',*,*,#43290,.T.);
#43310=ORIENTED_EDGE('',*,*,#42450,.F.);
#43320=ORIENTED_EDGE('',*,*,#470,.T.);
#43330=ORIENTED_EDGE('',*,*,#38030,.F.);
#43340=ORIENTED_EDGE('',*,*,#8540,.T.);
#43350=ORIENTED_EDGE('',*,*,#31930,.F.);
#43360=ORIENTED_EDGE('',*,*,#27790,.T.);
#43370=ORIENTED_EDGE('',*,*,#34280,.F.);
#43380=CARTESIAN_POINT('',(-1.667181,1.02082022278597E-16,
0.850000000000001));
#43390=DIRECTION('',(6.12303176911188E-17,1.,0.));
#43400=VECTOR('',#43390,1.);
#43410=LINE('',#43380,#43400);
#43420=CARTESIAN_POINT('',(-1.667181,-0.0304690000000004,
0.850000000000001));
#43430=VERTEX_POINT('',#43420);
#43440=EDGE_CURVE('',#43430,#34210,#43410,.T.);
#43450=ORIENTED_EDGE('',*,*,#43440,.T.);
#43460=CARTESIAN_POINT('',(-2.9776771222126E-15,-0.0304690000000005,
0.850000000000001));
#43470=DIRECTION('',(1.,-6.12303176911189E-17,-6.12303176911188E-17));
#43480=VECTOR('',#43470,1.);
#43490=LINE('',#43460,#43480);
#43500=EDGE_CURVE('',#25280,#43430,#43490,.T.);
#43510=ORIENTED_EDGE('',*,*,#43500,.T.);
#43520=ORIENTED_EDGE('',*,*,#25290,.T.);
#43530=CARTESIAN_POINT('',(-1.8263217,1.11826257897184E-16,
0.850000000000001));
#43540=DIRECTION('',(-0.287347885566345,0.957826285221152,
1.75944023210986E-17));
#43550=VECTOR('',#43540,1.);
#43560=LINE('',#43530,#43550);
#43570=EDGE_CURVE('',#42220,#25240,#43560,.T.);
#43580=ORIENTED_EDGE('',*,*,#43570,.T.);
#43590=ORIENTED_EDGE('',*,*,#42230,.T.);
#43600=ORIENTED_EDGE('',*,*,#25010,.T.);
#43610=CARTESIAN_POINT('',(-1.8732748,1.14701211126767E-16,
0.850000000000001));
#43620=DIRECTION('',(-0.196116135138183,0.98058067569092,
1.20082532588654E-17));
#43630=VECTOR('',#43620,1.);
#43640=LINE('',#43610,#43630);
#43650=EDGE_CURVE('',#30880,#24900,#43640,.T.);
#43660=ORIENTED_EDGE('',*,*,#43650,.T.);
#43670=ORIENTED_EDGE('',*,*,#30890,.F.);
#43680=CARTESIAN_POINT('',(-3.03887692444053E-15,-1.02997062820733,
0.850000000000001));
#43690=DIRECTION('',(-1.,6.12303176911189E-17,6.12303176911188E-17));
#43700=VECTOR('',#43690,1.);
#43710=LINE('',#43680,#43700);
#43720=EDGE_CURVE('',#42750,#30790,#43710,.T.);
#43730=ORIENTED_EDGE('',*,*,#43720,.T.);
#43740=EDGE_LOOP('',(#43730,#43670,#43660,#43600,#43590,#43580,#43520,
#43510,#43450,#43370,#43360,#43350,#43340,#43330,#43320,#43310,#43300,
#43240,#43160,#43150,#43090,#43010,#43000,#42940,#42850,#42840,#42780,
#42770));
#43750=FACE_OUTER_BOUND('',#43740,.T.);
#43760=ADVANCED_FACE('',(#43750),#42690,.T.);
#43770=CARTESIAN_POINT('',(-3.717181,-1.755469,4.825));
#43780=DIRECTION('',(-0.242535625036333,0.970142500145332,0.));
#43790=DIRECTION('',(0.970142500145332,0.242535625036333,0.));
#43800=AXIS2_PLACEMENT_3D('',#43770,#43780,#43790);
#43810=PLANE('',#43800);
#43820=CARTESIAN_POINT('',(-3.717181,-1.755469,4.825));
#43830=DIRECTION('',(0.,0.,1.));
#43840=VECTOR('',#43830,1.);
#43850=LINE('',#43820,#43840);
#43860=CARTESIAN_POINT('',(-3.717181,-1.755469,4.9));
#43870=VERTEX_POINT('',#43860);
#43880=CARTESIAN_POINT('',(-3.717181,-1.755469,5.1));
#43890=VERTEX_POINT('',#43880);
#43900=EDGE_CURVE('',#43870,#43890,#43850,.T.);
#43910=ORIENTED_EDGE('',*,*,#43900,.T.);
#43920=CARTESIAN_POINT('',(-0.0251477347320566,-0.832460683683013,
3.97699168368301));
#43930=DIRECTION('',(0.942809041582063,0.235702260395516,
-0.235702260395517));
#43940=VECTOR('',#43930,1.);
#43950=LINE('',#43920,#43940);
#43960=CARTESIAN_POINT('',(-3.417181,-1.680469,4.825));
#43970=VERTEX_POINT('',#43960);
#43980=EDGE_CURVE('',#43870,#43970,#43950,.T.);
#43990=ORIENTED_EDGE('',*,*,#43980,.F.);
#44000=CARTESIAN_POINT('',(-3.417181,-1.680469,4.825));
#44010=DIRECTION('',(0.,0.,1.));
#44020=VECTOR('',#44010,1.);
#44030=LINE('',#44000,#44020);
#44040=EDGE_CURVE('',#43970,#29640,#44030,.T.);
#44050=ORIENTED_EDGE('',*,*,#44040,.F.);
#44060=CARTESIAN_POINT('',(-0.0251477347320566,-0.832460683683013,
6.02300831631699));
#44070=DIRECTION('',(-0.942809041582063,-0.235702260395516,
-0.235702260395517));
#44080=VECTOR('',#44070,1.);
#44090=LINE('',#44060,#44080);
#44100=EDGE_CURVE('',#29640,#43890,#44090,.T.);
#44110=ORIENTED_EDGE('',*,*,#44100,.F.);
#44120=EDGE_LOOP('',(#44110,#44050,#43990,#43910));
#44130=FACE_OUTER_BOUND('',#44120,.T.);
#44140=ADVANCED_FACE('',(#44130),#43810,.T.);
#44150=CARTESIAN_POINT('',(-0.302181,-1.580469,4.825));
#44160=DIRECTION('',(0.,0.,1.));
#44170=DIRECTION('',(1.,0.,0.));
#44180=AXIS2_PLACEMENT_3D('',#44150,#44160,#44170);
#44190=CYLINDRICAL_SURFACE('',#44180,0.45);
#44200=ORIENTED_EDGE('',*,*,#29490,.F.);
#44210=CARTESIAN_POINT('',(0.147819,-1.580469,4.825));
#44220=DIRECTION('',(0.,0.,1.));
#44230=VECTOR('',#44220,1.);
#44240=LINE('',#44210,#44230);
#44250=CARTESIAN_POINT('',(0.147819,-1.580469,4.825));
#44260=VERTEX_POINT('',#44250);
#44270=EDGE_CURVE('',#44260,#29370,#44240,.T.);
#44280=ORIENTED_EDGE('',*,*,#44270,.T.);
#44290=CARTESIAN_POINT('',(-0.302181,-1.580469,4.825));
#44300=DIRECTION('',(0.,0.,1.));
#44310=DIRECTION('',(1.,0.,0.));
#44320=AXIS2_PLACEMENT_3D('',#44290,#44300,#44310);
#44330=CIRCLE('',#44320,0.45);
#44340=CARTESIAN_POINT('',(-0.302181,-2.030469,4.825));
#44350=VERTEX_POINT('',#44340);
#44360=EDGE_CURVE('',#44350,#44260,#44330,.T.);
#44370=ORIENTED_EDGE('',*,*,#44360,.T.);
#44380=CARTESIAN_POINT('',(-0.302181,-2.030469,4.825));
#44390=DIRECTION('',(0.,0.,1.));
#44400=VECTOR('',#44390,1.);
#44410=LINE('',#44380,#44400);
#44420=EDGE_CURVE('',#44350,#29480,#44410,.T.);
#44430=ORIENTED_EDGE('',*,*,#44420,.F.);
#44440=EDGE_LOOP('',(#44430,#44370,#44280,#44200));
#44450=FACE_OUTER_BOUND('',#44440,.T.);
#44460=ADVANCED_FACE('',(#44450),#44190,.T.);
#44470=CARTESIAN_POINT('',(0.147819,-2.030469,4.825));
#44480=DIRECTION('',(0.,-1.,0.));
#44490=DIRECTION('',(-1.,0.,0.));
#44500=AXIS2_PLACEMENT_3D('',#44470,#44480,#44490);
#44510=PLANE('',#44500);
#44520=CARTESIAN_POINT('',(-0.0251477347320566,-2.030469,4.825));
#44530=DIRECTION('',(-1.,0.,0.));
#44540=VECTOR('',#44530,1.);
#44550=LINE('',#44520,#44540);
#44560=CARTESIAN_POINT('',(-3.417181,-2.030469,4.825));
#44570=VERTEX_POINT('',#44560);
#44580=EDGE_CURVE('',#44350,#44570,#44550,.T.);
#44590=ORIENTED_EDGE('',*,*,#44580,.F.);
#44600=CARTESIAN_POINT('',(-3.417181,-2.030469,4.825));
#44610=DIRECTION('',(0.,0.,-1.));
#44620=VECTOR('',#44610,1.);
#44630=LINE('',#44600,#44620);
#44640=EDGE_CURVE('',#29560,#44570,#44630,.T.);
#44650=ORIENTED_EDGE('',*,*,#44640,.T.);
#44660=ORIENTED_EDGE('',*,*,#29570,.T.);
#44670=ORIENTED_EDGE('',*,*,#44420,.T.);
#44680=EDGE_LOOP('',(#44670,#44660,#44650,#44590));
#44690=FACE_OUTER_BOUND('',#44680,.T.);
#44700=ADVANCED_FACE('',(#44690),#44510,.T.);
#44710=CARTESIAN_POINT('',(0.147819,1.769531,4.825));
#44720=DIRECTION('',(1.,2.31296463463574E-17,0.));
#44730=DIRECTION('',(2.31296463463574E-17,-1.,0.));
#44740=AXIS2_PLACEMENT_3D('',#44710,#44720,#44730);
#44750=PLANE('',#44740);
#44760=EDGE_CURVE('',#44260,#40280,#14940,.T.);
#44770=ORIENTED_EDGE('',*,*,#44760,.T.);
#44780=ORIENTED_EDGE('',*,*,#44270,.F.);
#44790=ORIENTED_EDGE('',*,*,#29400,.F.);
#44800=ORIENTED_EDGE('',*,*,#40350,.T.);
#44810=EDGE_LOOP('',(#44800,#44790,#44780,#44770));
#44820=FACE_OUTER_BOUND('',#44810,.T.);
#44830=ADVANCED_FACE('',(#44820),#44750,.T.);
#44840=CARTESIAN_POINT('',(-4.1036834,1.869531,4.825));
#44850=DIRECTION('',(5.60976323348313E-18,-0.242535625036333,
0.970142500145332));
#44860=DIRECTION('',(-2.24390529339325E-17,0.970142500145332,
0.242535625036333));
#44870=AXIS2_PLACEMENT_3D('',#44840,#44850,#44860);
#44880=PLANE('',#44870);
#44890=CARTESIAN_POINT('',(-0.0251477347320566,2.169531,4.9));
#44900=DIRECTION('',(1.,0.,-5.78241158658935E-18));
#44910=VECTOR('',#44900,1.);
#44920=LINE('',#44890,#44910);
#44930=CARTESIAN_POINT('',(0.0728189999999996,2.169531,4.9));
#44940=VERTEX_POINT('',#44930);
#44950=EDGE_CURVE('',#16060,#44940,#44920,.T.);
#44960=ORIENTED_EDGE('',*,*,#44950,.T.);
#44970=ORIENTED_EDGE('',*,*,#16070,.T.);
#44980=ORIENTED_EDGE('',*,*,#15030,.F.);
#44990=CARTESIAN_POINT('',(0.708215107865424,-0.372053431461694,
4.26460389213458));
#45000=DIRECTION('',(0.235702260395516,-0.942809041582063,
-0.235702260395516));
#45010=VECTOR('',#45000,1.);
#45020=LINE('',#44990,#45010);
#45030=EDGE_CURVE('',#44940,#14960,#45020,.T.);
#45040=ORIENTED_EDGE('',*,*,#45030,.T.);
#45050=EDGE_LOOP('',(#45040,#44980,#44970,#44960));
#45060=FACE_OUTER_BOUND('',#45050,.T.);
#45070=ADVANCED_FACE('',(#45060),#44880,.F.);
#45080=CARTESIAN_POINT('',(0.147819,-0.230469000000001,8.125));
#45090=DIRECTION('',(0.,0.,1.));
#45100=VECTOR('',#45090,1.);
#45110=LINE('',#45080,#45100);
#45120=EDGE_CURVE('',#14880,#18690,#45110,.T.);
#45130=ORIENTED_EDGE('',*,*,#45120,.F.);
#45140=ORIENTED_EDGE('',*,*,#18720,.F.);
#45150=CARTESIAN_POINT('',(0.147819,1.869531,4.825));
#45160=DIRECTION('',(0.,0.,-1.));
#45170=VECTOR('',#45160,1.);
#45180=LINE('',#45150,#45170);
#45190=EDGE_CURVE('',#18710,#14960,#45180,.T.);
#45200=ORIENTED_EDGE('',*,*,#45190,.F.);
#45210=ORIENTED_EDGE('',*,*,#14970,.T.);
#45220=EDGE_LOOP('',(#45210,#45200,#45140,#45130));
#45230=FACE_OUTER_BOUND('',#45220,.T.);
#45240=ADVANCED_FACE('',(#45230),#44750,.T.);
#45250=CARTESIAN_POINT('',(-2.217181,-2.030469,-0.0500000000000007));
#45260=DIRECTION('',(-6.12303176911189E-17,-1.,3.74915180455534E-33));
#45270=DIRECTION('',(-6.12303176911188E-17,0.,-1.));
#45280=AXIS2_PLACEMENT_3D('',#45250,#45260,#45270);
#45290=PLANE('',#45280);
#45300=CARTESIAN_POINT('',(-1.417181,-2.030469,-5.38662410615686));
#45310=DIRECTION('',(-6.12303176911188E-17,0.,-1.));
#45320=VECTOR('',#45310,1.);
#45330=LINE('',#45300,#45320);
#45340=CARTESIAN_POINT('',(-1.417181,-2.030469,0.649999999999999));
#45350=VERTEX_POINT('',#45340);
#45360=CARTESIAN_POINT('',(-1.417181,-2.030469,-0.0500000000000008));
#45370=VERTEX_POINT('',#45360);
#45380=EDGE_CURVE('',#45350,#45370,#45330,.T.);
#45390=ORIENTED_EDGE('',*,*,#45380,.T.);
#45400=CARTESIAN_POINT('',(-2.217181,-2.030469,0.649999999999999));
#45410=DIRECTION('',(-1.,6.12303176911189E-17,6.12303176911188E-17));
#45420=VECTOR('',#45410,1.);
#45430=LINE('',#45400,#45420);
#45440=CARTESIAN_POINT('',(0.382818999999997,-2.030469,0.649999999999998
));
#45450=VERTEX_POINT('',#45440);
#45460=EDGE_CURVE('',#45450,#45350,#45430,.T.);
#45470=ORIENTED_EDGE('',*,*,#45460,.T.);
#45480=CARTESIAN_POINT('',(0.382818999999997,-2.030469,-5.38662410615686
));
#45490=DIRECTION('',(6.12303176911188E-17,0.,1.));
#45500=VECTOR('',#45490,1.);
#45510=LINE('',#45480,#45500);
#45520=EDGE_CURVE('',#37710,#45450,#45510,.T.);
#45530=ORIENTED_EDGE('',*,*,#45520,.T.);
#45540=ORIENTED_EDGE('',*,*,#37720,.F.);
#45550=CARTESIAN_POINT('',(-0.267181000000003,-2.030469,
-5.38662410615686));
#45560=DIRECTION('',(-6.12303176911188E-17,-7.54721935012284E-49,-1.));
#45570=VECTOR('',#45560,1.);
#45580=LINE('',#45550,#45570);
#45590=CARTESIAN_POINT('',(-0.267181000000003,-2.030469,
0.350000000000001));
#45600=VERTEX_POINT('',#45590);
#45610=EDGE_CURVE('',#45600,#37630,#45580,.T.);
#45620=ORIENTED_EDGE('',*,*,#45610,.T.);
#45630=CARTESIAN_POINT('',(-3.1307529164404E-15,-2.030469,
0.350000000000001));
#45640=DIRECTION('',(1.,-6.12303176911189E-17,-6.12303176911188E-17));
#45650=VECTOR('',#45640,1.);
#45660=LINE('',#45630,#45650);
#45670=EDGE_CURVE('',#33050,#45600,#45660,.T.);
#45680=ORIENTED_EDGE('',*,*,#45670,.T.);
#45690=ORIENTED_EDGE('',*,*,#33060,.T.);
#45700=CARTESIAN_POINT('',(-2.217181,-2.030469,-0.0500000000000007));
#45710=DIRECTION('',(-1.,6.12303176911189E-17,6.12303176911188E-17));
#45720=VECTOR('',#45710,1.);
#45730=LINE('',#45700,#45720);
#45740=EDGE_CURVE('',#32970,#45370,#45730,.T.);
#45750=ORIENTED_EDGE('',*,*,#45740,.F.);
#45760=EDGE_LOOP('',(#45750,#45690,#45680,#45620,#45540,#45530,#45470,
#45390));
#45770=FACE_OUTER_BOUND('',#45760,.T.);
#45780=ADVANCED_FACE('',(#45770),#45290,.T.);
#45790=CARTESIAN_POINT('',(-3.417181,-2.030469,3.575));
#45800=DIRECTION('',(-0.242535625036333,-0.970142500145332,0.));
#45810=DIRECTION('',(-0.970142500145332,0.242535625036333,0.));
#45820=AXIS2_PLACEMENT_3D('',#45790,#45800,#45810);
#45830=PLANE('',#45820);
#45840=ORIENTED_EDGE('',*,*,#33450,.F.);
#45850=CARTESIAN_POINT('',(-0.0251477347320566,-2.87847731631698,
4.77300831631699));
#45860=DIRECTION('',(0.942809041582063,-0.235702260395516,
0.235702260395517));
#45870=VECTOR('',#45860,1.);
#45880=LINE('',#45850,#45870);
#45890=EDGE_CURVE('',#33360,#26520,#45880,.T.);
#45900=ORIENTED_EDGE('',*,*,#45890,.F.);
#45910=ORIENTED_EDGE('',*,*,#26530,.F.);
#45920=ORIENTED_EDGE('',*,*,#36990,.F.);
#45930=EDGE_LOOP('',(#45920,#45910,#45900,#45840));
#45940=FACE_OUTER_BOUND('',#45930,.T.);
#45950=ADVANCED_FACE('',(#45940),#45830,.T.);
#45960=CARTESIAN_POINT('',(-3.417181,-2.4404714,2.325));
#45970=DIRECTION('',(0.242535625036334,0.,0.970142500145332));
#45980=DIRECTION('',(-0.970142500145332,0.,0.242535625036334));
#45990=AXIS2_PLACEMENT_3D('',#45960,#45970,#45980);
#46000=PLANE('',#45990);
#46010=CARTESIAN_POINT('',(-3.717181,-0.372053431461694,2.4));
#46020=DIRECTION('',(0.,1.,0.));
#46030=VECTOR('',#46020,1.);
#46040=LINE('',#46010,#46030);
#46050=CARTESIAN_POINT('',(-3.717181,-1.755469,2.4));
#46060=VERTEX_POINT('',#46050);
#46070=EDGE_CURVE('',#34440,#46060,#46040,.T.);
#46080=ORIENTED_EDGE('',*,*,#46070,.T.);
#46090=ORIENTED_EDGE('',*,*,#34690,.T.);
#46100=ORIENTED_EDGE('',*,*,#36570,.T.);
#46110=CARTESIAN_POINT('',(-0.0251477347320566,-0.832460683683013,
1.47699168368301));
#46120=DIRECTION('',(0.942809041582063,0.235702260395516,
-0.235702260395517));
#46130=VECTOR('',#46120,1.);
#46140=LINE('',#46110,#46130);
#46150=EDGE_CURVE('',#46060,#36500,#46140,.T.);
#46160=ORIENTED_EDGE('',*,*,#46150,.T.);
#46170=EDGE_LOOP('',(#46160,#46100,#46090,#46080));
#46180=FACE_OUTER_BOUND('',#46170,.T.);
#46190=ADVANCED_FACE('',(#46180),#46000,.F.);
#46200=CARTESIAN_POINT('',(-1.69933635459448,-0.869692227027637,1.05));
#46210=DIRECTION('',(0.98058067569092,0.196116135138183,
-6.0041266294327E-17));
#46220=DIRECTION('',(0.196116135138183,-0.98058067569092,
-1.20082532588654E-17));
#46230=AXIS2_PLACEMENT_3D('',#46200,#46210,#46220);
#46240=PLANE('',#46230);
#46250=CARTESIAN_POINT('',(-1.8732748,0.,1.05));
#46260=DIRECTION('',(0.196116135138183,-0.98058067569092,0.));
#46270=VECTOR('',#46260,1.);
#46280=LINE('',#46250,#46270);
#46290=EDGE_CURVE('',#24920,#30690,#46280,.T.);
#46300=ORIENTED_EDGE('',*,*,#46290,.F.);
#46310=ORIENTED_EDGE('',*,*,#30950,.F.);
#46320=ORIENTED_EDGE('',*,*,#43650,.F.);
#46330=ORIENTED_EDGE('',*,*,#24930,.F.);
#46340=EDGE_LOOP('',(#46330,#46320,#46310,#46300));
#46350=FACE_OUTER_BOUND('',#46340,.T.);
#46360=ADVANCED_FACE('',(#46350),#46240,.F.);
#46370=CARTESIAN_POINT('',(0.632818999999997,-0.0304690000000006,1.05));
#46380=DIRECTION('',(-6.12303176911189E-17,-1.,3.74915180455534E-33));
#46390=DIRECTION('',(-1.,6.12303176911189E-17,6.12303176911188E-17));
#46400=AXIS2_PLACEMENT_3D('',#46370,#46380,#46390);
#46410=PLANE('',#46400);
#46420=CARTESIAN_POINT('',(0.,-0.0304690000000005,1.05));
#46430=DIRECTION('',(-1.,6.12303176911189E-17,0.));
#46440=VECTOR('',#46430,1.);
#46450=LINE('',#46420,#46440);
#46460=CARTESIAN_POINT('',(0.632818999999997,-0.0304690000000006,1.05));
#46470=VERTEX_POINT('',#46460);
#46480=EDGE_CURVE('',#4080,#46470,#46450,.T.);
#46490=ORIENTED_EDGE('',*,*,#46480,.F.);
#46500=CARTESIAN_POINT('',(0.632818999999997,-0.0304690000000006,1.05));
#46510=DIRECTION('',(-6.12303176911188E-17,0.,-1.));
#46520=VECTOR('',#46510,1.);
#46530=LINE('',#46500,#46520);
#46540=EDGE_CURVE('',#46470,#43220,#46530,.T.);
#46550=ORIENTED_EDGE('',*,*,#46540,.F.);
#46560=ORIENTED_EDGE('',*,*,#43230,.F.);
#46570=ORIENTED_EDGE('',*,*,#4090,.F.);
#46580=EDGE_LOOP('',(#46570,#46560,#46550,#46490));
#46590=FACE_OUTER_BOUND('',#46580,.T.);
#46600=ADVANCED_FACE('',(#46590),#46410,.F.);
#46610=CARTESIAN_POINT('',(0.632818999999997,-0.530469000000001,1.05));
#46620=DIRECTION('',(-6.12303176911189E-17,-1.,3.74915180455534E-33));
#46630=DIRECTION('',(-1.,6.12303176911189E-17,6.12303176911188E-17));
#46640=AXIS2_PLACEMENT_3D('',#46610,#46620,#46630);
#46650=PLANE('',#46640);
#46660=CARTESIAN_POINT('',(0.,-0.530469000000001,1.05));
#46670=DIRECTION('',(-1.,6.12303176911189E-17,0.));
#46680=VECTOR('',#46670,1.);
#46690=LINE('',#46660,#46680);
#46700=CARTESIAN_POINT('',(0.632818999999997,-0.530469000000001,1.05));
#46710=VERTEX_POINT('',#46700);
#46720=EDGE_CURVE('',#4320,#46710,#46690,.T.);
#46730=ORIENTED_EDGE('',*,*,#46720,.F.);
#46740=CARTESIAN_POINT('',(0.632818999999997,-0.530469000000001,1.05));
#46750=DIRECTION('',(-6.12303176911188E-17,0.,-1.));
#46760=VECTOR('',#46750,1.);
#46770=LINE('',#46740,#46760);
#46780=EDGE_CURVE('',#46710,#43070,#46770,.T.);
#46790=ORIENTED_EDGE('',*,*,#46780,.F.);
#46800=ORIENTED_EDGE('',*,*,#43080,.F.);
#46810=ORIENTED_EDGE('',*,*,#4410,.F.);
#46820=EDGE_LOOP('',(#46810,#46800,#46790,#46730));
#46830=FACE_OUTER_BOUND('',#46820,.T.);
#46840=ADVANCED_FACE('',(#46830),#46650,.F.);
#46850=CARTESIAN_POINT('',(0.782818999999997,-0.0304690000000006,1.05));
#46860=DIRECTION('',(-0.957826285221152,0.287347885566345,
5.86480077369953E-17));
#46870=DIRECTION('',(0.287347885566345,0.957826285221152,
-1.75944023210986E-17));
#46880=AXIS2_PLACEMENT_3D('',#46850,#46860,#46870);
#46890=PLANE('',#46880);
#46900=CARTESIAN_POINT('',(0.791959699999997,0.,1.05));
#46910=DIRECTION('',(0.287347885566345,0.957826285221151,0.));
#46920=VECTOR('',#46910,1.);
#46930=LINE('',#46900,#46920);
#46940=EDGE_CURVE('',#46710,#4240,#46930,.T.);
#46950=ORIENTED_EDGE('',*,*,#46940,.F.);
#46960=ORIENTED_EDGE('',*,*,#4250,.F.);
#46970=ORIENTED_EDGE('',*,*,#43140,.F.);
#46980=ORIENTED_EDGE('',*,*,#46780,.T.);
#46990=EDGE_LOOP('',(#46980,#46970,#46960,#46950));
#47000=FACE_OUTER_BOUND('',#46990,.T.);
#47010=ADVANCED_FACE('',(#47000),#46890,.F.);
#47020=CARTESIAN_POINT('',(0.732818999999997,-0.530469000000001,1.05));
#47030=DIRECTION('',(-0.98058067569092,0.196116135138183,
6.0041266294327E-17));
#47040=DIRECTION('',(0.196116135138183,0.98058067569092,
-1.20082532588654E-17));
#47050=AXIS2_PLACEMENT_3D('',#47020,#47030,#47040);
#47060=PLANE('',#47050);
#47070=ORIENTED_EDGE('',*,*,#33910,.F.);
#47080=ORIENTED_EDGE('',*,*,#4530,.F.);
#47090=ORIENTED_EDGE('',*,*,#42990,.F.);
#47100=CARTESIAN_POINT('',(0.66497435459447,-0.869692227027637,1.05));
#47110=DIRECTION('',(-6.12303176911188E-17,0.,-1.));
#47120=VECTOR('',#47110,1.);
#47130=LINE('',#47100,#47120);
#47140=EDGE_CURVE('',#33900,#42920,#47130,.T.);
#47150=ORIENTED_EDGE('',*,*,#47140,.T.);
#47160=EDGE_LOOP('',(#47150,#47090,#47080,#47070));
#47170=FACE_OUTER_BOUND('',#47160,.T.);
#47180=ADVANCED_FACE('',(#47170),#47060,.F.);
#47190=CARTESIAN_POINT('',(-3.717181,-1.955469,2.325));
#47200=DIRECTION('',(-1.,0.,0.));
#47210=DIRECTION('',(0.,1.,0.));
#47220=AXIS2_PLACEMENT_3D('',#47190,#47200,#47210);
#47230=PLANE('',#47220);
#47240=CARTESIAN_POINT('',(-3.717181,-1.755469,2.325));
#47250=DIRECTION('',(0.,0.,1.));
#47260=VECTOR('',#47250,1.);
#47270=LINE('',#47240,#47260);
#47280=CARTESIAN_POINT('',(-3.717181,-1.755469,2.6));
#47290=VERTEX_POINT('',#47280);
#47300=EDGE_CURVE('',#46060,#47290,#47270,.T.);
#47310=ORIENTED_EDGE('',*,*,#47300,.F.);
#47320=CARTESIAN_POINT('',(-3.717181,-0.372053431461694,2.6));
#47330=DIRECTION('',(0.,-1.,0.));
#47340=VECTOR('',#47330,1.);
#47350=LINE('',#47320,#47340);
#47360=EDGE_CURVE('',#47290,#34460,#47350,.T.);
#47370=ORIENTED_EDGE('',*,*,#47360,.F.);
#47380=ORIENTED_EDGE('',*,*,#34470,.T.);
#47390=ORIENTED_EDGE('',*,*,#46070,.F.);
#47400=EDGE_LOOP('',(#47390,#47380,#47370,#47310));
#47410=FACE_OUTER_BOUND('',#47400,.T.);
#47420=ADVANCED_FACE('',(#47410),#47230,.T.);
#47430=CARTESIAN_POINT('',(-3.717181,-2.4404714,2.6));
#47440=DIRECTION('',(0.242535625036334,0.,-0.970142500145332));
#47450=DIRECTION('',(0.970142500145332,0.,0.242535625036334));
#47460=AXIS2_PLACEMENT_3D('',#47430,#47440,#47450);
#47470=PLANE('',#47460);
#47480=ORIENTED_EDGE('',*,*,#47360,.T.);
#47490=CARTESIAN_POINT('',(-0.0251477347320566,-0.832460683683013,
3.52300831631699));
#47500=DIRECTION('',(-0.942809041582063,-0.235702260395516,
-0.235702260395517));
#47510=VECTOR('',#47500,1.);
#47520=LINE('',#47490,#47510);
#47530=EDGE_CURVE('',#35420,#47290,#47520,.T.);
#47540=ORIENTED_EDGE('',*,*,#47530,.T.);
#47550=ORIENTED_EDGE('',*,*,#35430,.F.);
#47560=ORIENTED_EDGE('',*,*,#34550,.T.);
#47570=EDGE_LOOP('',(#47560,#47550,#47540,#47480));
#47580=FACE_OUTER_BOUND('',#47570,.T.);
#47590=ADVANCED_FACE('',(#47580),#47470,.F.);
#47600=CARTESIAN_POINT('',(-1.667181,-0.0304690000000004,1.05));
#47610=DIRECTION('',(1.,-6.12303176911188E-17,-6.12303176911188E-17));
#47620=DIRECTION('',(-6.12303176911188E-17,-1.,0.));
#47630=AXIS2_PLACEMENT_3D('',#47600,#47610,#47620);
#47640=PLANE('',#47630);
#47650=CARTESIAN_POINT('',(-1.667181,0.,1.05));
#47660=DIRECTION('',(-6.12303176911188E-17,-1.,0.));
#47670=VECTOR('',#47660,1.);
#47680=LINE('',#47650,#47670);
#47690=CARTESIAN_POINT('',(-1.667181,-0.0304690000000004,1.05));
#47700=VERTEX_POINT('',#47690);
#47710=EDGE_CURVE('',#34130,#47700,#47680,.T.);
#47720=ORIENTED_EDGE('',*,*,#47710,.F.);
#47730=CARTESIAN_POINT('',(-1.667181,-0.0304690000000004,1.05));
#47740=DIRECTION('',(-6.12303176911188E-17,0.,-1.));
#47750=VECTOR('',#47740,1.);
#47760=LINE('',#47730,#47750);
#47770=EDGE_CURVE('',#47700,#43430,#47760,.T.);
#47780=ORIENTED_EDGE('',*,*,#47770,.F.);
#47790=ORIENTED_EDGE('',*,*,#43440,.F.);
#47800=ORIENTED_EDGE('',*,*,#34220,.F.);
#47810=EDGE_LOOP('',(#47800,#47790,#47780,#47720));
#47820=FACE_OUTER_BOUND('',#47810,.T.);
#47830=ADVANCED_FACE('',(#47820),#47640,.F.);
#47840=CARTESIAN_POINT('',(-3.717181,-2.4404714,3.85));
#47850=DIRECTION('',(0.242535625036334,0.,-0.970142500145332));
#47860=DIRECTION('',(0.970142500145332,0.,0.242535625036334));
#47870=AXIS2_PLACEMENT_3D('',#47840,#47850,#47860);
#47880=PLANE('',#47870);
#47890=ORIENTED_EDGE('',*,*,#33370,.T.);
#47900=ORIENTED_EDGE('',*,*,#29310,.T.);
#47910=CARTESIAN_POINT('',(-3.417181,-0.372053431461694,3.925));
#47920=DIRECTION('',(0.,-1.,0.));
#47930=VECTOR('',#47920,1.);
#47940=LINE('',#47910,#47930);
#47950=EDGE_CURVE('',#29240,#26520,#47940,.T.);
#47960=ORIENTED_EDGE('',*,*,#47950,.F.);
#47970=ORIENTED_EDGE('',*,*,#45890,.T.);
#47980=EDGE_LOOP('',(#47970,#47960,#47900,#47890));
#47990=FACE_OUTER_BOUND('',#47980,.T.);
#48000=ADVANCED_FACE('',(#47990),#47880,.F.);
#48010=CARTESIAN_POINT('',(-0.452181000000001,-1.430469,2.325));
#48020=DIRECTION('',(0.,0.,-1.));
#48030=DIRECTION('',(-1.,0.,0.));
#48040=AXIS2_PLACEMENT_3D('',#48010,#48020,#48030);
#48050=CYLINDRICAL_SURFACE('',#48040,0.25);
#48060=ORIENTED_EDGE('',*,*,#35600,.F.);
#48070=CARTESIAN_POINT('',(-0.452181000000001,-1.680469,2.325));
#48080=DIRECTION('',(0.,0.,-1.));
#48090=VECTOR('',#48080,1.);
#48100=LINE('',#48070,#48090);
#48110=EDGE_CURVE('',#35500,#36420,#48100,.T.);
#48120=ORIENTED_EDGE('',*,*,#48110,.F.);
#48130=ORIENTED_EDGE('',*,*,#36430,.T.);
#48140=ORIENTED_EDGE('',*,*,#40120,.T.);
#48150=EDGE_LOOP('',(#48140,#48130,#48120,#48060));
#48160=FACE_OUTER_BOUND('',#48150,.T.);
#48170=ADVANCED_FACE('',(#48160),#48050,.F.);
#48180=CARTESIAN_POINT('',(-0.127180999999999,2.169531,4.825));
#48190=DIRECTION('',(0.,1.,0.));
#48200=DIRECTION('',(1.,0.,0.));
#48210=AXIS2_PLACEMENT_3D('',#48180,#48190,#48200);
#48220=PLANE('',#48210);
#48230=ORIENTED_EDGE('',*,*,#16150,.F.);
#48240=ORIENTED_EDGE('',*,*,#44950,.F.);
#48250=CARTESIAN_POINT('',(0.0728189999999998,2.169531,4.825));
#48260=DIRECTION('',(0.,0.,1.));
#48270=VECTOR('',#48260,1.);
#48280=LINE('',#48250,#48270);
#48290=CARTESIAN_POINT('',(0.0728189999999998,2.169531,5.1));
#48300=VERTEX_POINT('',#48290);
#48310=EDGE_CURVE('',#44940,#48300,#48280,.T.);
#48320=ORIENTED_EDGE('',*,*,#48310,.F.);
#48330=CARTESIAN_POINT('',(-0.0251477347320566,2.169531,5.1));
#48340=DIRECTION('',(1.,0.,5.78241158658935E-18));
#48350=VECTOR('',#48340,1.);
#48360=LINE('',#48330,#48350);
#48370=EDGE_CURVE('',#16140,#48300,#48360,.T.);
#48380=ORIENTED_EDGE('',*,*,#48370,.T.);
#48390=EDGE_LOOP('',(#48380,#48320,#48240,#48230));
#48400=FACE_OUTER_BOUND('',#48390,.T.);
#48410=ADVANCED_FACE('',(#48400),#48220,.T.);
#48420=CARTESIAN_POINT('',(-4.1036834,2.169531,5.1));
#48430=DIRECTION('',(5.60976323348313E-18,-0.242535625036333,
-0.970142500145332));
#48440=DIRECTION('',(2.24390529339325E-17,-0.970142500145332,
0.242535625036333));
#48450=AXIS2_PLACEMENT_3D('',#48420,#48430,#48440);
#48460=PLANE('',#48450);
#48470=ORIENTED_EDGE('',*,*,#48370,.F.);
#48480=CARTESIAN_POINT('',(0.708215107865424,-0.372053431461694,
5.73539610786542));
#48490=DIRECTION('',(0.235702260395516,-0.942809041582063,
0.235702260395516));
#48500=VECTOR('',#48490,1.);
#48510=LINE('',#48480,#48500);
#48520=EDGE_CURVE('',#48300,#18710,#48510,.T.);
#48530=ORIENTED_EDGE('',*,*,#48520,.F.);
#48540=ORIENTED_EDGE('',*,*,#18850,.F.);
#48550=ORIENTED_EDGE('',*,*,#16210,.F.);
#48560=EDGE_LOOP('',(#48550,#48540,#48530,#48470));
#48570=FACE_OUTER_BOUND('',#48560,.T.);
#48580=ADVANCED_FACE('',(#48570),#48460,.F.);
#48590=ORIENTED_EDGE('',*,*,#35920,.F.);
#48600=CARTESIAN_POINT('',(-0.0251477347320566,-1.680469,4.825));
#48610=DIRECTION('',(1.,0.,0.));
#48620=VECTOR('',#48610,1.);
#48630=LINE('',#48600,#48620);
#48640=EDGE_CURVE('',#43970,#35820,#48630,.T.);
#48650=ORIENTED_EDGE('',*,*,#48640,.T.);
#48660=CARTESIAN_POINT('',(-3.417181,-0.372053431461694,4.825));
#48670=DIRECTION('',(0.,-1.,0.));
#48680=VECTOR('',#48670,1.);
#48690=LINE('',#48660,#48680);
#48700=EDGE_CURVE('',#43970,#44570,#48690,.T.);
#48710=ORIENTED_EDGE('',*,*,#48700,.F.);
#48720=ORIENTED_EDGE('',*,*,#44580,.T.);
#48730=ORIENTED_EDGE('',*,*,#44360,.F.);
#48740=ORIENTED_EDGE('',*,*,#44760,.F.);
#48750=ORIENTED_EDGE('',*,*,#40290,.F.);
#48760=EDGE_LOOP('',(#48750,#48740,#48730,#48720,#48710,#48650,#48590));
#48770=FACE_OUTER_BOUND('',#48760,.T.);
#48780=ADVANCED_FACE('',(#48770),#14720,.F.);
#48790=CARTESIAN_POINT('',(-3.417181,-1.680469,4.825));
#48800=DIRECTION('',(0.,1.,0.));
#48810=DIRECTION('',(1.,0.,0.));
#48820=AXIS2_PLACEMENT_3D('',#48790,#48800,#48810);
#48830=PLANE('',#48820);
#48840=ORIENTED_EDGE('',*,*,#35830,.T.);
#48850=ORIENTED_EDGE('',*,*,#29730,.T.);
#48860=ORIENTED_EDGE('',*,*,#44040,.T.);
#48870=ORIENTED_EDGE('',*,*,#48640,.F.);
#48880=EDGE_LOOP('',(#48870,#48860,#48850,#48840));
#48890=FACE_OUTER_BOUND('',#48880,.T.);
#48900=ADVANCED_FACE('',(#48890),#48830,.T.);
#48910=CARTESIAN_POINT('',(-3.717181,-2.4404714,5.1));
#48920=DIRECTION('',(0.242535625036334,0.,-0.970142500145332));
#48930=DIRECTION('',(0.970142500145332,0.,0.242535625036334));
#48940=AXIS2_PLACEMENT_3D('',#48910,#48920,#48930);
#48950=PLANE('',#48940);
#48960=CARTESIAN_POINT('',(-3.717181,-0.372053431461694,5.1));
#48970=DIRECTION('',(0.,-1.,0.));
#48980=VECTOR('',#48970,1.);
#48990=LINE('',#48960,#48980);
#49000=CARTESIAN_POINT('',(-3.717181,-1.955469,5.1));
#49010=VERTEX_POINT('',#49000);
#49020=EDGE_CURVE('',#43890,#49010,#48990,.T.);
#49030=ORIENTED_EDGE('',*,*,#49020,.T.);
#49040=ORIENTED_EDGE('',*,*,#44100,.T.);
#49050=ORIENTED_EDGE('',*,*,#29650,.F.);
#49060=CARTESIAN_POINT('',(-0.0251477347320566,-2.87847731631698,
6.02300831631699));
#49070=DIRECTION('',(0.942809041582063,-0.235702260395516,
0.235702260395517));
#49080=VECTOR('',#49070,1.);
#49090=LINE('',#49060,#49080);
#49100=EDGE_CURVE('',#49010,#29560,#49090,.T.);
#49110=ORIENTED_EDGE('',*,*,#49100,.T.);
#49120=EDGE_LOOP('',(#49110,#49050,#49040,#49030));
#49130=FACE_OUTER_BOUND('',#49120,.T.);
#49140=ADVANCED_FACE('',(#49130),#48950,.F.);
#49150=CARTESIAN_POINT('',(-3.417181,-2.4404714,4.825));
#49160=DIRECTION('',(0.242535625036334,0.,0.970142500145332));
#49170=DIRECTION('',(-0.970142500145332,0.,0.242535625036334));
#49180=AXIS2_PLACEMENT_3D('',#49150,#49160,#49170);
#49190=PLANE('',#49180);
#49200=CARTESIAN_POINT('',(-3.717181,-0.372053431461694,4.9));
#49210=DIRECTION('',(0.,1.,0.));
#49220=VECTOR('',#49210,1.);
#49230=LINE('',#49200,#49220);
#49240=CARTESIAN_POINT('',(-3.717181,-1.955469,4.9));
#49250=VERTEX_POINT('',#49240);
#49260=EDGE_CURVE('',#49250,#43870,#49230,.T.);
#49270=ORIENTED_EDGE('',*,*,#49260,.T.);
#49280=CARTESIAN_POINT('',(-0.0251477347320566,-2.87847731631698,
3.97699168368301));
#49290=DIRECTION('',(-0.942809041582063,0.235702260395516,
0.235702260395517));
#49300=VECTOR('',#49290,1.);
#49310=LINE('',#49280,#49300);
#49320=EDGE_CURVE('',#44570,#49250,#49310,.T.);
#49330=ORIENTED_EDGE('',*,*,#49320,.T.);
#49340=ORIENTED_EDGE('',*,*,#48700,.T.);
#49350=ORIENTED_EDGE('',*,*,#43980,.T.);
#49360=EDGE_LOOP('',(#49350,#49340,#49330,#49270));
#49370=FACE_OUTER_BOUND('',#49360,.T.);
#49380=ADVANCED_FACE('',(#49370),#49190,.F.);
#49390=CARTESIAN_POINT('',(-3.417181,-2.030469,4.825));
#49400=DIRECTION('',(-0.242535625036333,-0.970142500145332,0.));
#49410=DIRECTION('',(-0.970142500145332,0.242535625036333,0.));
#49420=AXIS2_PLACEMENT_3D('',#49390,#49400,#49410);
#49430=PLANE('',#49420);
#49440=CARTESIAN_POINT('',(-3.717181,-1.955469,4.825));
#49450=DIRECTION('',(0.,0.,1.));
#49460=VECTOR('',#49450,1.);
#49470=LINE('',#49440,#49460);
#49480=EDGE_CURVE('',#49250,#49010,#49470,.T.);
#49490=ORIENTED_EDGE('',*,*,#49480,.F.);
#49500=ORIENTED_EDGE('',*,*,#49100,.F.);
#49510=ORIENTED_EDGE('',*,*,#44640,.F.);
#49520=ORIENTED_EDGE('',*,*,#49320,.F.);
#49530=EDGE_LOOP('',(#49520,#49510,#49500,#49490));
#49540=FACE_OUTER_BOUND('',#49530,.T.);
#49550=ADVANCED_FACE('',(#49540),#49430,.T.);
#49560=CARTESIAN_POINT('',(-3.717181,-1.955469,4.825));
#49570=DIRECTION('',(-1.,0.,0.));
#49580=DIRECTION('',(0.,1.,0.));
#49590=AXIS2_PLACEMENT_3D('',#49560,#49570,#49580);
#49600=PLANE('',#49590);
#49610=ORIENTED_EDGE('',*,*,#43900,.F.);
#49620=ORIENTED_EDGE('',*,*,#49020,.F.);
#49630=ORIENTED_EDGE('',*,*,#49480,.T.);
#49640=ORIENTED_EDGE('',*,*,#49260,.F.);
#49650=EDGE_LOOP('',(#49640,#49630,#49620,#49610));
#49660=FACE_OUTER_BOUND('',#49650,.T.);
#49670=ADVANCED_FACE('',(#49660),#49600,.T.);
#49680=ORIENTED_EDGE('',*,*,#35050,.F.);
#49690=ORIENTED_EDGE('',*,*,#37450,.T.);
#49700=ORIENTED_EDGE('',*,*,#37050,.F.);
#49710=ORIENTED_EDGE('',*,*,#26450,.T.);
#49720=ORIENTED_EDGE('',*,*,#26900,.F.);
#49730=ORIENTED_EDGE('',*,*,#25920,.F.);
#49740=ORIENTED_EDGE('',*,*,#40020,.F.);
#49750=EDGE_LOOP('',(#49740,#49730,#49720,#49710,#49700,#49690,#49680));
#49760=FACE_OUTER_BOUND('',#49750,.T.);
#49770=ADVANCED_FACE('',(#49760),#6180,.F.);
#49780=CARTESIAN_POINT('',(0.0728189999999997,2.169531,4.825));
#49790=DIRECTION('',(0.970142500145332,0.242535625036333,0.));
#49800=DIRECTION('',(0.242535625036333,-0.970142500145332,0.));
#49810=AXIS2_PLACEMENT_3D('',#49780,#49790,#49800);
#49820=PLANE('',#49810);
#49830=ORIENTED_EDGE('',*,*,#45190,.T.);
#49840=ORIENTED_EDGE('',*,*,#48520,.T.);
#49850=ORIENTED_EDGE('',*,*,#48310,.T.);
#49860=ORIENTED_EDGE('',*,*,#45030,.F.);
#49870=EDGE_LOOP('',(#49860,#49850,#49840,#49830));
#49880=FACE_OUTER_BOUND('',#49870,.T.);
#49890=ADVANCED_FACE('',(#49880),#49820,.T.);
#49900=CARTESIAN_POINT('',(0.632818999999997,0.669531,1.05));
#49910=DIRECTION('',(-1.,6.12303176911188E-17,6.12303176911188E-17));
#49920=DIRECTION('',(6.12303176911188E-17,1.,0.));
#49930=AXIS2_PLACEMENT_3D('',#49900,#49910,#49920);
#49940=PLANE('',#49930);
#49950=CARTESIAN_POINT('',(0.632818999999997,0.,1.05));
#49960=DIRECTION('',(6.12303176911188E-17,1.,0.));
#49970=VECTOR('',#49960,1.);
#49980=LINE('',#49950,#49970);
#49990=EDGE_CURVE('',#46470,#42520,#49980,.T.);
#50000=ORIENTED_EDGE('',*,*,#49990,.F.);
#50010=ORIENTED_EDGE('',*,*,#42530,.F.);
#50020=ORIENTED_EDGE('',*,*,#43290,.F.);
#50030=ORIENTED_EDGE('',*,*,#46540,.T.);
#50040=EDGE_LOOP('',(#50030,#50020,#50010,#50000));
#50050=FACE_OUTER_BOUND('',#50040,.T.);
#50060=ADVANCED_FACE('',(#50050),#49940,.F.);
#50070=CARTESIAN_POINT('',(0.382818999999997,-1.330469,
-0.600002400000001));
#50080=DIRECTION('',(-1.,6.12303176911188E-17,6.12303176911188E-17));
#50090=DIRECTION('',(6.12303176911188E-17,1.,0.));
#50100=AXIS2_PLACEMENT_3D('',#50070,#50080,#50090);
#50110=PLANE('',#50100);
#50120=CARTESIAN_POINT('',(0.382818999999997,-2.34401289881964E-17,-0.25
));
#50130=DIRECTION('',(6.12303176911188E-17,1.,0.));
#50140=VECTOR('',#50130,1.);
#50150=LINE('',#50120,#50140);
#50160=CARTESIAN_POINT('',(0.382818999999997,-1.630469,-0.25));
#50170=VERTEX_POINT('',#50160);
#50180=CARTESIAN_POINT('',(0.382818999999997,-0.930469,-0.25));
#50190=VERTEX_POINT('',#50180);
#50200=EDGE_CURVE('',#50170,#50190,#50150,.T.);
#50210=ORIENTED_EDGE('',*,*,#50200,.F.);
#50220=CARTESIAN_POINT('',(0.382818999999997,-0.930469,-5.38662410615686
));
#50230=DIRECTION('',(-6.12303176911188E-17,0.,-1.));
#50240=VECTOR('',#50230,1.);
#50250=LINE('',#50220,#50240);
#50260=CARTESIAN_POINT('',(0.382818999999997,-0.930469,
-0.450000000000003));
#50270=VERTEX_POINT('',#50260);
#50280=EDGE_CURVE('',#50190,#50270,#50250,.T.);
#50290=ORIENTED_EDGE('',*,*,#50280,.F.);
#50300=CARTESIAN_POINT('',(0.382818999999997,-2.34401289881964E-17,
-0.450000000000003));
#50310=DIRECTION('',(-6.12303176911188E-17,-1.,0.));
#50320=VECTOR('',#50310,1.);
#50330=LINE('',#50300,#50320);
#50340=EDGE_CURVE('',#50270,#37800,#50330,.T.);
#50350=ORIENTED_EDGE('',*,*,#50340,.F.);
#50360=ORIENTED_EDGE('',*,*,#37810,.F.);
#50370=ORIENTED_EDGE('',*,*,#45520,.F.);
#50380=CARTESIAN_POINT('',(0.382818999999997,-1.630469,0.649999999999999
));
#50390=DIRECTION('',(-1.,6.12303176911189E-17,6.12303176911188E-17));
#50400=DIRECTION('',(-6.12303176911188E-17,-1.,0.));
#50410=AXIS2_PLACEMENT_3D('',#50380,#50390,#50400);
#50420=CIRCLE('',#50410,0.4);
#50430=EDGE_CURVE('',#45450,#33710,#50420,.T.);
#50440=ORIENTED_EDGE('',*,*,#50430,.F.);
#50450=ORIENTED_EDGE('',*,*,#33720,.F.);
#50460=ORIENTED_EDGE('',*,*,#36220,.T.);
#50470=ORIENTED_EDGE('',*,*,#42830,.F.);
#50480=ORIENTED_EDGE('',*,*,#41750,.T.);
#50490=CARTESIAN_POINT('',(0.382818999999997,-1.830469,-5.38662410615686
));
#50500=DIRECTION('',(-6.12303176911188E-17,0.,-1.));
#50510=VECTOR('',#50500,1.);
#50520=LINE('',#50490,#50510);
#50530=CARTESIAN_POINT('',(0.382818999999997,-1.830469,
-0.0500000000000009));
#50540=VERTEX_POINT('',#50530);
#50550=EDGE_CURVE('',#41650,#50540,#50520,.T.);
#50560=ORIENTED_EDGE('',*,*,#50550,.F.);
#50570=CARTESIAN_POINT('',(0.382818999999997,-1.630469,
-0.0500000000000007));
#50580=DIRECTION('',(-1.,6.12303176911189E-17,6.12303176911188E-17));
#50590=DIRECTION('',(-6.12303176911188E-17,-1.,0.));
#50600=AXIS2_PLACEMENT_3D('',#50570,#50580,#50590);
#50610=CIRCLE('',#50600,0.2);
#50620=EDGE_CURVE('',#50170,#50540,#50610,.T.);
#50630=ORIENTED_EDGE('',*,*,#50620,.T.);
#50640=EDGE_LOOP('',(#50630,#50560,#50480,#50470,#50460,#50450,#50440,
#50370,#50360,#50350,#50290,#50210));
#50650=FACE_OUTER_BOUND('',#50640,.T.);
#50660=ADVANCED_FACE('',(#50650),#50110,.F.);
#50670=CARTESIAN_POINT('',(-3.717181,-1.755469,2.325));
#50680=DIRECTION('',(-0.242535625036333,0.970142500145332,0.));
#50690=DIRECTION('',(0.970142500145332,0.242535625036333,0.));
#50700=AXIS2_PLACEMENT_3D('',#50670,#50680,#50690);
#50710=PLANE('',#50700);
#50720=ORIENTED_EDGE('',*,*,#47300,.T.);
#50730=ORIENTED_EDGE('',*,*,#46150,.F.);
#50740=CARTESIAN_POINT('',(-3.417181,-1.680469,2.325));
#50750=DIRECTION('',(0.,0.,1.));
#50760=VECTOR('',#50750,1.);
#50770=LINE('',#50740,#50760);
#50780=EDGE_CURVE('',#36500,#35420,#50770,.T.);
#50790=ORIENTED_EDGE('',*,*,#50780,.F.);
#50800=ORIENTED_EDGE('',*,*,#47530,.F.);
#50810=EDGE_LOOP('',(#50800,#50790,#50730,#50720));
#50820=FACE_OUTER_BOUND('',#50810,.T.);
#50830=ADVANCED_FACE('',(#50820),#50710,.T.);
#50840=CARTESIAN_POINT('',(-0.302181,-1.580469,2.325));
#50850=DIRECTION('',(0.,0.,1.));
#50860=DIRECTION('',(1.,0.,0.));
#50870=AXIS2_PLACEMENT_3D('',#50840,#50850,#50860);
#50880=CYLINDRICAL_SURFACE('',#50870,0.45);
#50890=ORIENTED_EDGE('',*,*,#35290,.F.);
#50900=CARTESIAN_POINT('',(0.147819,-1.580469,2.325));
#50910=DIRECTION('',(0.,0.,1.));
#50920=VECTOR('',#50910,1.);
#50930=LINE('',#50900,#50920);
#50940=EDGE_CURVE('',#36730,#35170,#50930,.T.);
#50950=ORIENTED_EDGE('',*,*,#50940,.T.);
#50960=ORIENTED_EDGE('',*,*,#36740,.T.);
#50970=CARTESIAN_POINT('',(-0.302181,-2.030469,2.325));
#50980=DIRECTION('',(0.,0.,1.));
#50990=VECTOR('',#50980,1.);
#51000=LINE('',#50970,#50990);
#51010=EDGE_CURVE('',#36640,#35280,#51000,.T.);
#51020=ORIENTED_EDGE('',*,*,#51010,.F.);
#51030=EDGE_LOOP('',(#51020,#50960,#50950,#50890));
#51040=FACE_OUTER_BOUND('',#51030,.T.);
#51050=ADVANCED_FACE('',(#51040),#50880,.T.);
#51060=CARTESIAN_POINT('',(0.147819,-2.030469,2.325));
#51070=DIRECTION('',(0.,-1.,0.));
#51080=DIRECTION('',(-1.,0.,0.));
#51090=AXIS2_PLACEMENT_3D('',#51060,#51070,#51080);
#51100=PLANE('',#51090);
#51110=ORIENTED_EDGE('',*,*,#36650,.F.);
#51120=ORIENTED_EDGE('',*,*,#34630,.T.);
#51130=ORIENTED_EDGE('',*,*,#35350,.T.);
#51140=ORIENTED_EDGE('',*,*,#51010,.T.);
#51150=EDGE_LOOP('',(#51140,#51130,#51120,#51110));
#51160=FACE_OUTER_BOUND('',#51150,.T.);
#51170=ADVANCED_FACE('',(#51160),#51100,.T.);
#51180=ORIENTED_EDGE('',*,*,#36780,.T.);
#51190=ORIENTED_EDGE('',*,*,#50940,.F.);
#51200=ORIENTED_EDGE('',*,*,#35200,.F.);
#51210=ORIENTED_EDGE('',*,*,#40190,.T.);
#51220=EDGE_LOOP('',(#51210,#51200,#51190,#51180));
#51230=FACE_OUTER_BOUND('',#51220,.T.);
#51240=ADVANCED_FACE('',(#51230),#7440,.T.);
#51250=CARTESIAN_POINT('',(-0.267181000000003,-2.030469,
0.350000000000001));
#51260=DIRECTION('',(6.12303176911188E-17,-3.74915180455534E-33,1.));
#51270=DIRECTION('',(1.,-6.12303176911189E-17,-6.12303176911188E-17));
#51280=AXIS2_PLACEMENT_3D('',#51250,#51260,#51270);
#51290=PLANE('',#51280);
#51300=ORIENTED_EDGE('',*,*,#45670,.F.);
#51310=CARTESIAN_POINT('',(-0.267181000000003,-2.030469,
0.350000000000001));
#51320=DIRECTION('',(6.12303176911188E-17,1.,-1.40561392536006E-65));
#51330=VECTOR('',#51320,1.);
#51340=LINE('',#51310,#51330);
#51350=CARTESIAN_POINT('',(-0.267181000000003,-1.830469,
0.350000000000001));
#51360=VERTEX_POINT('',#51350);
#51370=EDGE_CURVE('',#45600,#51360,#51340,.T.);
#51380=ORIENTED_EDGE('',*,*,#51370,.F.);
#51390=CARTESIAN_POINT('',(-3.11850685290218E-15,-1.830469,
0.350000000000001));
#51400=DIRECTION('',(-1.,6.12303176911189E-17,6.12303176911188E-17));
#51410=VECTOR('',#51400,1.);
#51420=LINE('',#51390,#51410);
#51430=EDGE_CURVE('',#51360,#33130,#51420,.T.);
#51440=ORIENTED_EDGE('',*,*,#51430,.F.);
#51450=ORIENTED_EDGE('',*,*,#33140,.T.);
#51460=EDGE_LOOP('',(#51450,#51440,#51380,#51300));
#51470=FACE_OUTER_BOUND('',#51460,.T.);
#51480=ADVANCED_FACE('',(#51470),#51290,.F.);
#51490=CARTESIAN_POINT('',(-1.817181,5.77369377901522E-32,
0.649999999999999));
#51500=DIRECTION('',(6.12303176911189E-17,1.,-6.16297582203916E-33));
#51510=DIRECTION('',(1.,-6.12303176911189E-17,0.));
#51520=AXIS2_PLACEMENT_3D('',#51490,#51500,#51510);
#51530=CYLINDRICAL_SURFACE('',#51520,0.4);
#51540=ORIENTED_EDGE('',*,*,#17800,.T.);
#51550=ORIENTED_EDGE('',*,*,#26270,.F.);
#51560=ORIENTED_EDGE('',*,*,#23460,.F.);
#51570=ORIENTED_EDGE('',*,*,#8130,.T.);
#51580=EDGE_LOOP('',(#51570,#51560,#51550,#51540));
#51590=FACE_OUTER_BOUND('',#51580,.T.);
#51600=ADVANCED_FACE('',(#51590),#51530,.T.);
#51610=ORIENTED_EDGE('',*,*,#25410,.F.);
#51620=CARTESIAN_POINT('',(0.,-0.0304690000000005,1.05));
#51630=DIRECTION('',(-1.,6.12303176911189E-17,0.));
#51640=VECTOR('',#51630,1.);
#51650=LINE('',#51620,#51640);
#51660=EDGE_CURVE('',#47700,#25360,#51650,.T.);
#51670=ORIENTED_EDGE('',*,*,#51660,.T.);
#51680=ORIENTED_EDGE('',*,*,#47710,.T.);
#51690=ORIENTED_EDGE('',*,*,#34140,.T.);
#51700=EDGE_LOOP('',(#51690,#51680,#51670,#51610));
#51710=FACE_OUTER_BOUND('',#51700,.T.);
#51720=ADVANCED_FACE('',(#51710),#17350,.T.);
#51730=ORIENTED_EDGE('',*,*,#25170,.F.);
#51740=ORIENTED_EDGE('',*,*,#42140,.T.);
#51750=CARTESIAN_POINT('',(-1.8263217,0.,1.05));
#51760=DIRECTION('',(0.287347885566345,-0.957826285221152,0.));
#51770=VECTOR('',#51760,1.);
#51780=LINE('',#51750,#51770);
#51790=EDGE_CURVE('',#25160,#42130,#51780,.T.);
#51800=ORIENTED_EDGE('',*,*,#51790,.T.);
#51810=EDGE_LOOP('',(#51800,#51740,#51730));
#51820=FACE_OUTER_BOUND('',#51810,.T.);
#51830=ADVANCED_FACE('',(#51820),#17350,.T.);
#51840=CARTESIAN_POINT('',(-0.267181000000003,-2.030469,
-0.450000000000003));
#51850=DIRECTION('',(1.,-6.12303176911188E-17,-6.12303176911188E-17));
#51860=DIRECTION('',(-6.12303176911188E-17,-1.,1.40561392536006E-65));
#51870=AXIS2_PLACEMENT_3D('',#51840,#51850,#51860);
#51880=PLANE('',#51870);
#51890=ORIENTED_EDGE('',*,*,#45610,.F.);
#51900=ORIENTED_EDGE('',*,*,#37640,.T.);
#51910=CARTESIAN_POINT('',(-0.267181000000003,-1.630469,
-0.0500000000000007));
#51920=DIRECTION('',(6.12303176911188E-17,7.54721935012284E-49,1.));
#51930=VECTOR('',#51920,1.);
#51940=LINE('',#51910,#51930);
#51950=CARTESIAN_POINT('',(-0.267181000000003,-1.630469,-0.25));
#51960=VERTEX_POINT('',#51950);
#51970=EDGE_CURVE('',#37610,#51960,#51940,.T.);
#51980=ORIENTED_EDGE('',*,*,#51970,.F.);
#51990=CARTESIAN_POINT('',(-0.267181000000003,-1.630469,
-0.0500000000000007));
#52000=DIRECTION('',(-1.,6.12303176911189E-17,6.12303176911188E-17));
#52010=DIRECTION('',(-6.12303176911188E-17,-1.,0.));
#52020=AXIS2_PLACEMENT_3D('',#51990,#52000,#52010);
#52030=CIRCLE('',#52020,0.2);
#52040=CARTESIAN_POINT('',(-0.267181000000003,-1.830469,
-0.0500000000000008));
#52050=VERTEX_POINT('',#52040);
#52060=EDGE_CURVE('',#51960,#52050,#52030,.T.);
#52070=ORIENTED_EDGE('',*,*,#52060,.F.);
#52080=CARTESIAN_POINT('',(-0.267181000000003,-1.830469,
-5.38662410615686));
#52090=DIRECTION('',(6.12303176911188E-17,7.54721935012284E-49,1.));
#52100=VECTOR('',#52090,1.);
#52110=LINE('',#52080,#52100);
#52120=EDGE_CURVE('',#52050,#51360,#52110,.T.);
#52130=ORIENTED_EDGE('',*,*,#52120,.F.);
#52140=ORIENTED_EDGE('',*,*,#51370,.T.);
#52150=EDGE_LOOP('',(#52140,#52130,#52070,#51980,#51900,#51890));
#52160=FACE_OUTER_BOUND('',#52150,.T.);
#52170=ADVANCED_FACE('',(#52160),#51880,.F.);
#52180=CARTESIAN_POINT('',(-1.417181,-1.330469,-0.600002400000001));
#52190=DIRECTION('',(1.,-6.12303176911188E-17,-6.12303176911188E-17));
#52200=DIRECTION('',(-6.12303176911188E-17,-1.,0.));
#52210=AXIS2_PLACEMENT_3D('',#52180,#52190,#52200);
#52220=PLANE('',#52210);
#52230=CARTESIAN_POINT('',(-1.417181,-1.630469,-0.0500000000000007));
#52240=DIRECTION('',(-1.,6.12303176911189E-17,6.12303176911188E-17));
#52250=DIRECTION('',(-6.12303176911188E-17,-1.,0.));
#52260=AXIS2_PLACEMENT_3D('',#52230,#52240,#52250);
#52270=CIRCLE('',#52260,0.4);
#52280=CARTESIAN_POINT('',(-1.417181,-1.630469,-0.450000000000003));
#52290=VERTEX_POINT('',#52280);
#52300=EDGE_CURVE('',#52290,#45370,#52270,.T.);
#52310=ORIENTED_EDGE('',*,*,#52300,.T.);
#52320=CARTESIAN_POINT('',(-1.417181,8.67744428558176E-17,
-0.450000000000003));
#52330=DIRECTION('',(6.12303176911188E-17,1.,0.));
#52340=VECTOR('',#52330,1.);
#52350=LINE('',#52320,#52340);
#52360=CARTESIAN_POINT('',(-1.417181,-0.930468999999999,
-0.450000000000003));
#52370=VERTEX_POINT('',#52360);
#52380=EDGE_CURVE('',#52290,#52370,#52350,.T.);
#52390=ORIENTED_EDGE('',*,*,#52380,.F.);
#52400=CARTESIAN_POINT('',(-1.417181,-0.930468999999999,
-5.38662410615686));
#52410=DIRECTION('',(6.12303176911188E-17,0.,1.));
#52420=VECTOR('',#52410,1.);
#52430=LINE('',#52400,#52420);
#52440=CARTESIAN_POINT('',(-1.417181,-0.930468999999999,-0.25));
#52450=VERTEX_POINT('',#52440);
#52460=EDGE_CURVE('',#52370,#52450,#52430,.T.);
#52470=ORIENTED_EDGE('',*,*,#52460,.F.);
#52480=CARTESIAN_POINT('',(-1.417181,8.67744428558176E-17,-0.25));
#52490=DIRECTION('',(-6.12303176911188E-17,-1.,0.));
#52500=VECTOR('',#52490,1.);
#52510=LINE('',#52480,#52500);
#52520=CARTESIAN_POINT('',(-1.417181,-1.630469,-0.25));
#52530=VERTEX_POINT('',#52520);
#52540=EDGE_CURVE('',#52450,#52530,#52510,.T.);
#52550=ORIENTED_EDGE('',*,*,#52540,.F.);
#52560=CARTESIAN_POINT('',(-1.417181,-1.630469,-0.0500000000000007));
#52570=DIRECTION('',(-1.,6.12303176911189E-17,6.12303176911188E-17));
#52580=DIRECTION('',(-6.12303176911188E-17,-1.,0.));
#52590=AXIS2_PLACEMENT_3D('',#52560,#52570,#52580);
#52600=CIRCLE('',#52590,0.2);
#52610=CARTESIAN_POINT('',(-1.417181,-1.830469,-0.0500000000000008));
#52620=VERTEX_POINT('',#52610);
#52630=EDGE_CURVE('',#52530,#52620,#52600,.T.);
#52640=ORIENTED_EDGE('',*,*,#52630,.F.);
#52650=CARTESIAN_POINT('',(-1.417181,-1.830469,-5.38662410615686));
#52660=DIRECTION('',(6.12303176911188E-17,0.,1.));
#52670=VECTOR('',#52660,1.);
#52680=LINE('',#52650,#52670);
#52690=EDGE_CURVE('',#52620,#41550,#52680,.T.);
#52700=ORIENTED_EDGE('',*,*,#52690,.F.);
#52710=ORIENTED_EDGE('',*,*,#41580,.F.);
#52720=ORIENTED_EDGE('',*,*,#42760,.F.);
#52730=CARTESIAN_POINT('',(-1.417181,-1.02997062820733,
-0.600002400000001));
#52740=DIRECTION('',(6.12303176911188E-17,0.,1.));
#52750=VECTOR('',#52740,1.);
#52760=LINE('',#52730,#52750);
#52770=CARTESIAN_POINT('',(-1.417181,-1.02997062820733,1.05));
#52780=VERTEX_POINT('',#52770);
#52790=EDGE_CURVE('',#42750,#52780,#52760,.T.);
#52800=ORIENTED_EDGE('',*,*,#52790,.F.);
#52810=CARTESIAN_POINT('',(-1.417181,0.,1.05));
#52820=DIRECTION('',(-6.12303176911188E-17,-1.,0.));
#52830=VECTOR('',#52820,1.);
#52840=LINE('',#52810,#52830);
#52850=EDGE_CURVE('',#52780,#39670,#52840,.T.);
#52860=ORIENTED_EDGE('',*,*,#52850,.F.);
#52870=CARTESIAN_POINT('',(-1.417181,8.67744428558176E-17,1.05));
#52880=DIRECTION('',(-6.12303176911188E-17,-1.,0.));
#52890=VECTOR('',#52880,1.);
#52900=LINE('',#52870,#52890);
#52910=CARTESIAN_POINT('',(-1.417181,-1.630469,1.05));
#52920=VERTEX_POINT('',#52910);
#52930=EDGE_CURVE('',#39670,#52920,#52900,.T.);
#52940=ORIENTED_EDGE('',*,*,#52930,.F.);
#52950=CARTESIAN_POINT('',(-1.417181,-1.630469,0.649999999999999));
#52960=DIRECTION('',(-1.,6.12303176911189E-17,6.12303176911188E-17));
#52970=DIRECTION('',(-6.12303176911188E-17,-1.,0.));
#52980=AXIS2_PLACEMENT_3D('',#52950,#52960,#52970);
#52990=CIRCLE('',#52980,0.4);
#53000=EDGE_CURVE('',#45350,#52920,#52990,.T.);
#53010=ORIENTED_EDGE('',*,*,#53000,.T.);
#53020=ORIENTED_EDGE('',*,*,#45380,.F.);
#53030=EDGE_LOOP('',(#53020,#53010,#52940,#52860,#52800,#52720,#52710,
#52700,#52640,#52550,#52470,#52390,#52310));
#53040=FACE_OUTER_BOUND('',#53030,.T.);
#53050=ADVANCED_FACE('',(#53040),#52220,.F.);
#53060=CARTESIAN_POINT('',(-0.748576102355526,-1.630469,
0.198273944383629));
#53070=DIRECTION('',(-6.12303176911189E-17,-1.,3.74915180455534E-33));
#53080=DIRECTION('',(6.12303176911188E-17,7.54721935012284E-49,1.));
#53090=AXIS2_PLACEMENT_3D('',#53060,#53070,#53080);
#53100=PLANE('',#53090);
#53110=CARTESIAN_POINT('',(-2.217181,-1.630469,-0.450000000000003));
#53120=DIRECTION('',(-1.,6.12303176911189E-17,6.12303176911188E-17));
#53130=VECTOR('',#53120,1.);
#53140=LINE('',#53110,#53130);
#53150=EDGE_CURVE('',#37610,#32880,#53140,.T.);
#53160=ORIENTED_EDGE('',*,*,#53150,.F.);
#53170=ORIENTED_EDGE('',*,*,#32890,.T.);
#53180=CARTESIAN_POINT('',(-2.217181,-1.630469,-0.25));
#53190=DIRECTION('',(-1.,6.12303176911189E-17,6.12303176911188E-17));
#53200=VECTOR('',#53190,1.);
#53210=LINE('',#53180,#53200);
#53220=EDGE_CURVE('',#51960,#32780,#53210,.T.);
#53230=ORIENTED_EDGE('',*,*,#53220,.T.);
#53240=ORIENTED_EDGE('',*,*,#51970,.T.);
#53250=EDGE_LOOP('',(#53240,#53230,#53170,#53160));
#53260=FACE_OUTER_BOUND('',#53250,.T.);
#53270=ADVANCED_FACE('',(#53260),#53100,.T.);
#53280=CARTESIAN_POINT('',(-2.217181,-1.630469,-0.25));
#53290=DIRECTION('',(6.12303176911188E-17,-3.74915180455534E-33,1.));
#53300=DIRECTION('',(-6.12303176911188E-17,-1.,0.));
#53310=AXIS2_PLACEMENT_3D('',#53280,#53290,#53300);
#53320=PLANE('',#53310);
#53330=ORIENTED_EDGE('',*,*,#50200,.T.);
#53340=CARTESIAN_POINT('',(-2.217181,-1.630469,-0.25));
#53350=DIRECTION('',(1.,-6.12303176911189E-17,-6.12303176911188E-17));
#53360=VECTOR('',#53350,1.);
#53370=LINE('',#53340,#53360);
#53380=EDGE_CURVE('',#51960,#50170,#53370,.T.);
#53390=ORIENTED_EDGE('',*,*,#53380,.T.);
#53400=ORIENTED_EDGE('',*,*,#53220,.F.);
#53410=EDGE_CURVE('',#52530,#32780,#53370,.T.);
#53420=ORIENTED_EDGE('',*,*,#53410,.T.);
#53430=ORIENTED_EDGE('',*,*,#52540,.T.);
#53440=CARTESIAN_POINT('',(-2.217181,-0.930468999999999,-0.25));
#53450=DIRECTION('',(1.,-6.12303176911189E-17,-6.12303176911188E-17));
#53460=VECTOR('',#53450,1.);
#53470=LINE('',#53440,#53460);
#53480=EDGE_CURVE('',#52450,#50190,#53470,.T.);
#53490=ORIENTED_EDGE('',*,*,#53480,.F.);
#53500=EDGE_LOOP('',(#53490,#53430,#53420,#53400,#53390,#53330));
#53510=FACE_OUTER_BOUND('',#53500,.T.);
#53520=ADVANCED_FACE('',(#53510),#53320,.T.);
#53530=ORIENTED_EDGE('',*,*,#46480,.T.);
#53540=ORIENTED_EDGE('',*,*,#4730,.F.);
#53550=ORIENTED_EDGE('',*,*,#42590,.T.);
#53560=ORIENTED_EDGE('',*,*,#49990,.T.);
#53570=EDGE_LOOP('',(#53560,#53550,#53540,#53530));
#53580=FACE_OUTER_BOUND('',#53570,.T.);
#53590=ADVANCED_FACE('',(#53580),#17350,.T.);
#53600=CARTESIAN_POINT('',(-1.51733051153781,-1.02997062820733,
-0.600002400000001));
#53610=DIRECTION('',(6.12303176911189E-17,1.,-3.74915180455534E-33));
#53620=DIRECTION('',(1.,-6.12303176911189E-17,-6.12303176911188E-17));
#53630=AXIS2_PLACEMENT_3D('',#53600,#53610,#53620);
#53640=PLANE('',#53630);
#53650=CARTESIAN_POINT('',(0.,-1.02997062820733,1.05));
#53660=DIRECTION('',(1.,-6.12303176911189E-17,0.));
#53670=VECTOR('',#53660,1.);
#53680=LINE('',#53650,#53670);
#53690=EDGE_CURVE('',#30710,#52780,#53680,.T.);
#53700=ORIENTED_EDGE('',*,*,#53690,.F.);
#53710=ORIENTED_EDGE('',*,*,#52790,.T.);
#53720=ORIENTED_EDGE('',*,*,#43720,.F.);
#53730=ORIENTED_EDGE('',*,*,#30800,.F.);
#53740=EDGE_LOOP('',(#53730,#53720,#53710,#53700));
#53750=FACE_OUTER_BOUND('',#53740,.T.);
#53760=ADVANCED_FACE('',(#53750),#53640,.F.);
#53770=ORIENTED_EDGE('',*,*,#30720,.T.);
#53780=ORIENTED_EDGE('',*,*,#46290,.T.);
#53790=ORIENTED_EDGE('',*,*,#25590,.F.);
#53800=ORIENTED_EDGE('',*,*,#13930,.F.);
#53810=ORIENTED_EDGE('',*,*,#23140,.F.);
#53820=ORIENTED_EDGE('',*,*,#19720,.T.);
#53830=ORIENTED_EDGE('',*,*,#30050,.T.);
#53840=ORIENTED_EDGE('',*,*,#39740,.F.);
#53850=ORIENTED_EDGE('',*,*,#52850,.T.);
#53860=ORIENTED_EDGE('',*,*,#53690,.T.);
#53870=EDGE_LOOP('',(#53860,#53850,#53840,#53830,#53820,#53810,#53800,
#53790,#53780,#53770));
#53880=FACE_OUTER_BOUND('',#53870,.T.);
#53890=ADVANCED_FACE('',(#53880),#17350,.T.);
#53900=ORIENTED_EDGE('',*,*,#4330,.F.);
#53910=ORIENTED_EDGE('',*,*,#46940,.T.);
#53920=ORIENTED_EDGE('',*,*,#46720,.T.);
#53930=EDGE_LOOP('',(#53920,#53910,#53900));
#53940=FACE_OUTER_BOUND('',#53930,.T.);
#53950=ADVANCED_FACE('',(#53940),#17350,.T.);
#53960=CARTESIAN_POINT('',(-2.217181,-0.930468999999999,
-0.450000000000003));
#53970=DIRECTION('',(-6.12303176911188E-17,3.74915180455534E-33,-1.));
#53980=DIRECTION('',(6.12303176911188E-17,1.,0.));
#53990=AXIS2_PLACEMENT_3D('',#53960,#53970,#53980);
#54000=PLANE('',#53990);
#54010=ORIENTED_EDGE('',*,*,#52380,.T.);
#54020=EDGE_CURVE('',#52290,#32880,#37860,.T.);
#54030=ORIENTED_EDGE('',*,*,#54020,.F.);
#54040=ORIENTED_EDGE('',*,*,#53150,.T.);
#54050=ORIENTED_EDGE('',*,*,#37870,.F.);
#54060=ORIENTED_EDGE('',*,*,#50340,.T.);
#54070=CARTESIAN_POINT('',(-2.217181,-0.930468999999999,
-0.450000000000003));
#54080=DIRECTION('',(1.,-6.12303176911189E-17,-6.12303176911188E-17));
#54090=VECTOR('',#54080,1.);
#54100=LINE('',#54070,#54090);
#54110=EDGE_CURVE('',#52370,#50270,#54100,.T.);
#54120=ORIENTED_EDGE('',*,*,#54110,.T.);
#54130=EDGE_LOOP('',(#54120,#54060,#54050,#54040,#54030,#54010));
#54140=FACE_OUTER_BOUND('',#54130,.T.);
#54150=ADVANCED_FACE('',(#54140),#54000,.T.);
#54160=CARTESIAN_POINT('',(-2.217181,-1.830469,0.649999999999999));
#54170=DIRECTION('',(6.12303176911189E-17,1.,-3.74915180455534E-33));
#54180=DIRECTION('',(6.12303176911188E-17,0.,1.));
#54190=AXIS2_PLACEMENT_3D('',#54160,#54170,#54180);
#54200=PLANE('',#54190);
#54210=ORIENTED_EDGE('',*,*,#52690,.T.);
#54220=CARTESIAN_POINT('',(-2.217181,-1.830469,-0.0500000000000007));
#54230=DIRECTION('',(-1.,6.12303176911189E-17,6.12303176911188E-17));
#54240=VECTOR('',#54230,1.);
#54250=LINE('',#54220,#54240);
#54260=EDGE_CURVE('',#32800,#52620,#54250,.T.);
#54270=ORIENTED_EDGE('',*,*,#54260,.T.);
#54280=ORIENTED_EDGE('',*,*,#33200,.T.);
#54290=ORIENTED_EDGE('',*,*,#51430,.T.);
#54300=ORIENTED_EDGE('',*,*,#52120,.T.);
#54310=CARTESIAN_POINT('',(-2.217181,-1.830469,-0.0500000000000007));
#54320=DIRECTION('',(-1.,6.12303176911189E-17,6.12303176911188E-17));
#54330=VECTOR('',#54320,1.);
#54340=LINE('',#54310,#54330);
#54350=EDGE_CURVE('',#50540,#52050,#54340,.T.);
#54360=ORIENTED_EDGE('',*,*,#54350,.T.);
#54370=ORIENTED_EDGE('',*,*,#50550,.T.);
#54380=ORIENTED_EDGE('',*,*,#41660,.F.);
#54390=EDGE_LOOP('',(#54380,#54370,#54360,#54300,#54290,#54280,#54270,
#54210));
#54400=FACE_OUTER_BOUND('',#54390,.T.);
#54410=ADVANCED_FACE('',(#54400),#54200,.T.);
#54420=CARTESIAN_POINT('',(-2.217181,-1.630469,-0.0500000000000007));
#54430=DIRECTION('',(-1.,6.12303176911189E-17,6.12303176911188E-17));
#54440=DIRECTION('',(-6.12303176911188E-17,-1.,0.));
#54450=AXIS2_PLACEMENT_3D('',#54420,#54430,#54440);
#54460=CYLINDRICAL_SURFACE('',#54450,0.2);
#54470=ORIENTED_EDGE('',*,*,#52630,.T.);
#54480=ORIENTED_EDGE('',*,*,#53410,.F.);
#54490=ORIENTED_EDGE('',*,*,#32810,.F.);
#54500=ORIENTED_EDGE('',*,*,#54260,.F.);
#54510=EDGE_LOOP('',(#54500,#54490,#54480,#54470));
#54520=FACE_OUTER_BOUND('',#54510,.T.);
#54530=ADVANCED_FACE('',(#54520),#54460,.F.);
#54540=CARTESIAN_POINT('',(-2.217181,-0.930468999999999,-0.25));
#54550=DIRECTION('',(6.12303176911189E-17,1.,-3.74915180455534E-33));
#54560=DIRECTION('',(6.12303176911188E-17,0.,1.));
#54570=AXIS2_PLACEMENT_3D('',#54540,#54550,#54560);
#54580=PLANE('',#54570);
#54590=ORIENTED_EDGE('',*,*,#50280,.T.);
#54600=ORIENTED_EDGE('',*,*,#53480,.T.);
#54610=ORIENTED_EDGE('',*,*,#52460,.T.);
#54620=ORIENTED_EDGE('',*,*,#54110,.F.);
#54630=EDGE_LOOP('',(#54620,#54610,#54600,#54590));
#54640=FACE_OUTER_BOUND('',#54630,.T.);
#54650=ADVANCED_FACE('',(#54640),#54580,.T.);
#54660=ORIENTED_EDGE('',*,*,#52300,.F.);
#54670=ORIENTED_EDGE('',*,*,#45740,.T.);
#54680=ORIENTED_EDGE('',*,*,#32980,.T.);
#54690=ORIENTED_EDGE('',*,*,#54020,.T.);
#54700=EDGE_LOOP('',(#54690,#54680,#54670,#54660));
#54710=FACE_OUTER_BOUND('',#54700,.T.);
#54720=ADVANCED_FACE('',(#54710),#37540,.T.);
#54730=CARTESIAN_POINT('',(-2.217181,-1.630469,0.649999999999999));
#54740=DIRECTION('',(-1.,6.12303176911189E-17,6.12303176911188E-17));
#54750=DIRECTION('',(-6.12303176911188E-17,-1.,0.));
#54760=AXIS2_PLACEMENT_3D('',#54730,#54740,#54750);
#54770=CYLINDRICAL_SURFACE('',#54760,0.4);
#54780=ORIENTED_EDGE('',*,*,#53000,.F.);
#54790=CARTESIAN_POINT('',(-2.217181,-1.630469,1.05));
#54800=DIRECTION('',(1.,-6.12303176911189E-17,-6.12303176911188E-17));
#54810=VECTOR('',#54800,1.);
#54820=LINE('',#54790,#54810);
#54830=EDGE_CURVE('',#52920,#31050,#54820,.T.);
#54840=ORIENTED_EDGE('',*,*,#54830,.F.);
#54850=ORIENTED_EDGE('',*,*,#33780,.T.);
#54860=ORIENTED_EDGE('',*,*,#50430,.T.);
#54870=ORIENTED_EDGE('',*,*,#45460,.F.);
#54880=EDGE_LOOP('',(#54870,#54860,#54850,#54840,#54780));
#54890=FACE_OUTER_BOUND('',#54880,.T.);
#54900=ADVANCED_FACE('',(#54890),#54770,.T.);
#54910=CARTESIAN_POINT('',(0.468858219456286,-0.830469000000001,1.05));
#54920=DIRECTION('',(-6.12303176911188E-17,0.,-1.));
#54930=DIRECTION('',(-1.,6.12303176911189E-17,6.12303176911188E-17));
#54940=AXIS2_PLACEMENT_3D('',#54910,#54920,#54930);
#54950=CYLINDRICAL_SURFACE('',#54940,0.2);
#54960=ORIENTED_EDGE('',*,*,#33980,.T.);
#54970=ORIENTED_EDGE('',*,*,#47140,.F.);
#54980=ORIENTED_EDGE('',*,*,#42930,.F.);
#54990=ORIENTED_EDGE('',*,*,#36290,.T.);
#55000=EDGE_LOOP('',(#54990,#54980,#54970,#54960));
#55010=FACE_OUTER_BOUND('',#55000,.T.);
#55020=ADVANCED_FACE('',(#55010),#54950,.T.);
#55030=CARTESIAN_POINT('',(-3.417181,-1.680469,2.325));
#55040=DIRECTION('',(0.,1.,0.));
#55050=DIRECTION('',(1.,0.,0.));
#55060=AXIS2_PLACEMENT_3D('',#55030,#55040,#55050);
#55070=PLANE('',#55060);
#55080=ORIENTED_EDGE('',*,*,#48110,.T.);
#55090=ORIENTED_EDGE('',*,*,#35510,.T.);
#55100=ORIENTED_EDGE('',*,*,#50780,.T.);
#55110=ORIENTED_EDGE('',*,*,#36510,.F.);
#55120=EDGE_LOOP('',(#55110,#55100,#55090,#55080));
#55130=FACE_OUTER_BOUND('',#55120,.T.);
#55140=ADVANCED_FACE('',(#55130),#55070,.T.);
#55150=CARTESIAN_POINT('',(-1.667181,-0.530469,1.05));
#55160=DIRECTION('',(0.957826285221152,0.287347885566345,
-5.86480077369953E-17));
#55170=DIRECTION('',(0.287347885566345,-0.957826285221152,
-1.75944023210986E-17));
#55180=AXIS2_PLACEMENT_3D('',#55150,#55160,#55170);
#55190=PLANE('',#55180);
#55200=ORIENTED_EDGE('',*,*,#51790,.F.);
#55210=ORIENTED_EDGE('',*,*,#42290,.F.);
#55220=ORIENTED_EDGE('',*,*,#43570,.F.);
#55230=ORIENTED_EDGE('',*,*,#25250,.F.);
#55240=EDGE_LOOP('',(#55230,#55220,#55210,#55200));
#55250=FACE_OUTER_BOUND('',#55240,.T.);
#55260=ADVANCED_FACE('',(#55250),#55190,.F.);
#55270=ORIENTED_EDGE('',*,*,#52060,.T.);
#55280=ORIENTED_EDGE('',*,*,#53380,.F.);
#55290=ORIENTED_EDGE('',*,*,#50620,.F.);
#55300=ORIENTED_EDGE('',*,*,#54350,.F.);
#55310=EDGE_LOOP('',(#55300,#55290,#55280,#55270));
#55320=FACE_OUTER_BOUND('',#55310,.T.);
#55330=ADVANCED_FACE('',(#55320),#54460,.F.);
#55340=CARTESIAN_POINT('',(0.982818999999997,1.469531,1.05));
#55350=DIRECTION('',(6.12303176911188E-17,-3.74915180455534E-33,1.));
#55360=DIRECTION('',(-1.,6.12303176911189E-17,6.12303176911188E-17));
#55370=AXIS2_PLACEMENT_3D('',#55340,#55350,#55360);
#55380=PLANE('',#55370);
#55390=ORIENTED_EDGE('',*,*,#54830,.T.);
#55400=ORIENTED_EDGE('',*,*,#52930,.T.);
#55410=ORIENTED_EDGE('',*,*,#39680,.T.);
#55420=ORIENTED_EDGE('',*,*,#31140,.T.);
#55430=EDGE_LOOP('',(#55420,#55410,#55400,#55390));
#55440=FACE_OUTER_BOUND('',#55430,.T.);
#55450=ADVANCED_FACE('',(#55440),#55380,.T.);
#55460=CARTESIAN_POINT('',(-2.017181,1.469531,0.549999999999997));
#55470=DIRECTION('',(-6.12303176911188E-17,3.74915180455534E-33,-1.));
#55480=DIRECTION('',(1.,-6.12303176911189E-17,-6.12303176911188E-17));
#55490=AXIS2_PLACEMENT_3D('',#55460,#55470,#55480);
#55500=PLANE('',#55490);
#55510=ORIENTED_EDGE('',*,*,#23370,.F.);
#55520=ORIENTED_EDGE('',*,*,#28020,.T.);
#55530=ORIENTED_EDGE('',*,*,#41970,.T.);
#55540=ORIENTED_EDGE('',*,*,#8290,.T.);
#55550=EDGE_LOOP('',(#55540,#55530,#55520,#55510));
#55560=FACE_OUTER_BOUND('',#55550,.T.);
#55570=ADVANCED_FACE('',(#55560),#55500,.T.);
#55580=ORIENTED_EDGE('',*,*,#26040,.T.);
#55590=ORIENTED_EDGE('',*,*,#26820,.T.);
#55600=ORIENTED_EDGE('',*,*,#26610,.F.);
#55610=ORIENTED_EDGE('',*,*,#47950,.T.);
#55620=ORIENTED_EDGE('',*,*,#37380,.F.);
#55630=ORIENTED_EDGE('',*,*,#34880,.T.);
#55640=ORIENTED_EDGE('',*,*,#39950,.T.);
#55650=EDGE_LOOP('',(#55640,#55630,#55620,#55610,#55600,#55590,#55580));
#55660=FACE_OUTER_BOUND('',#55650,.T.);
#55670=ADVANCED_FACE('',(#55660),#6890,.T.);
#55680=CARTESIAN_POINT('',(-1.817181,-0.0304690000000004,1.05));
#55690=DIRECTION('',(-6.12303176911189E-17,-1.,3.74915180455534E-33));
#55700=DIRECTION('',(-1.,6.12303176911189E-17,6.12303176911188E-17));
#55710=AXIS2_PLACEMENT_3D('',#55680,#55690,#55700);
#55720=PLANE('',#55710);
#55730=ORIENTED_EDGE('',*,*,#51660,.F.);
#55740=ORIENTED_EDGE('',*,*,#25370,.F.);
#55750=ORIENTED_EDGE('',*,*,#43500,.F.);
#55760=ORIENTED_EDGE('',*,*,#47770,.T.);
#55770=EDGE_LOOP('',(#55760,#55750,#55740,#55730));
#55780=FACE_OUTER_BOUND('',#55770,.T.);
#55790=ADVANCED_FACE('',(#55780),#55720,.F.);
#55800=CARTESIAN_POINT('',(-2.217181,-2.030469,9.02600000000001));
#55810=DIRECTION('',(1.22460635382238E-16,1.,8.88178419700128E-15));
#55820=DIRECTION('',(-1.0876689360927E-30,-8.88178419700128E-15,1.));
#55830=AXIS2_PLACEMENT_3D('',#55800,#55810,#55820);
#55840=PLANE('',#55830);
#55850=ORIENTED_EDGE('',*,*,#21780,.T.);
#55860=CARTESIAN_POINT('',(-1.66533453693773E-16,-2.030469,10.2));
#55870=DIRECTION('',(-1.,0.,0.));
#55880=VECTOR('',#55870,1.);
#55890=LINE('',#55860,#55880);
#55900=EDGE_CURVE('',#23880,#21690,#55890,.T.);
#55910=ORIENTED_EDGE('',*,*,#55900,.T.);
#55920=ORIENTED_EDGE('',*,*,#23890,.F.);
#55930=CARTESIAN_POINT('',(-2.217181,-2.030469,8.92600000000001));
#55940=DIRECTION('',(1.,-1.22460635382238E-16,0.));
#55950=VECTOR('',#55940,1.);
#55960=LINE('',#55930,#55950);
#55970=EDGE_CURVE('',#21770,#23780,#55960,.T.);
#55980=ORIENTED_EDGE('',*,*,#55970,.T.);
#55990=EDGE_LOOP('',(#55980,#55920,#55910,#55850));
#56000=FACE_OUTER_BOUND('',#55990,.T.);
#56010=ADVANCED_FACE('',(#56000),#55840,.F.);
#56020=CARTESIAN_POINT('',(-1.74283400696028,1.469531,10.3154896549855))
;
#56030=DIRECTION('',(-1.83690953073357E-16,-1.,1.1247455413666E-32));
#56040=DIRECTION('',(-1.,1.83690953073357E-16,6.12303176911189E-17));
#56050=AXIS2_PLACEMENT_3D('',#56020,#56030,#56040);
#56060=PLANE('',#56050);
#56070=CARTESIAN_POINT('',(0.782819000000001,1.469531,10.6));
#56080=DIRECTION('',(-1.83690953073357E-16,-1.,8.83363139618221E-33));
#56090=DIRECTION('',(-1.,1.83690953073357E-16,1.22460635382238E-16));
#56100=AXIS2_PLACEMENT_3D('',#56070,#56080,#56090);
#56110=CIRCLE('',#56100,0.4);
#56120=CARTESIAN_POINT('',(0.782819000000001,1.469531,10.2));
#56130=VERTEX_POINT('',#56120);
#56140=EDGE_CURVE('',#56130,#10540,#56110,.T.);
#56150=ORIENTED_EDGE('',*,*,#56140,.F.);
#56160=ORIENTED_EDGE('',*,*,#10550,.T.);
#56170=CARTESIAN_POINT('',(9.70599226479076E-16,1.469531,10.7));
#56180=DIRECTION('',(1.,-1.83690953073357E-16,-6.12303176911189E-17));
#56190=VECTOR('',#56180,1.);
#56200=LINE('',#56170,#56190);
#56210=CARTESIAN_POINT('',(0.982819000000001,1.469531,10.7));
#56220=VERTEX_POINT('',#56210);
#56230=EDGE_CURVE('',#56220,#10460,#56200,.T.);
#56240=ORIENTED_EDGE('',*,*,#56230,.T.);
#56250=CARTESIAN_POINT('',(0.982819,1.469531,-4.37499999999999));
#56260=DIRECTION('',(6.12303176911188E-17,6.16297582203916E-33,1.));
#56270=VECTOR('',#56260,1.);
#56280=LINE('',#56250,#56270);
#56290=CARTESIAN_POINT('',(0.982819000000001,1.469531,10.6));
#56300=VERTEX_POINT('',#56290);
#56310=EDGE_CURVE('',#56300,#56220,#56280,.T.);
#56320=ORIENTED_EDGE('',*,*,#56310,.T.);
#56330=CARTESIAN_POINT('',(0.782819000000001,1.469531,10.6));
#56340=DIRECTION('',(1.83690953073357E-16,1.,-8.83363139618221E-33));
#56350=DIRECTION('',(1.,-1.83690953073357E-16,-1.22460635382238E-16));
#56360=AXIS2_PLACEMENT_3D('',#56330,#56340,#56350);
#56370=CIRCLE('',#56360,0.2);
#56380=CARTESIAN_POINT('',(0.782819000000001,1.469531,10.4));
#56390=VERTEX_POINT('',#56380);
#56400=EDGE_CURVE('',#56300,#56390,#56370,.T.);
#56410=ORIENTED_EDGE('',*,*,#56400,.F.);
#56420=CARTESIAN_POINT('',(9.33861035864405E-16,1.469531,10.4));
#56430=DIRECTION('',(1.,-1.83690953073357E-16,-6.12303176911189E-17));
#56440=VECTOR('',#56430,1.);
#56450=LINE('',#56420,#56440);
#56460=CARTESIAN_POINT('',(-1.817181,1.469531,10.4));
#56470=VERTEX_POINT('',#56460);
#56480=EDGE_CURVE('',#56470,#56390,#56450,.T.);
#56490=ORIENTED_EDGE('',*,*,#56480,.T.);
#56500=CARTESIAN_POINT('',(-1.817181,1.469531,10.6));
#56510=DIRECTION('',(-1.83690953073357E-16,-1.,8.83363139618221E-33));
#56520=DIRECTION('',(-1.,1.83690953073357E-16,1.22460635382238E-16));
#56530=AXIS2_PLACEMENT_3D('',#56500,#56510,#56520);
#56540=CIRCLE('',#56530,0.2);
#56550=CARTESIAN_POINT('',(-2.017181,1.469531,10.6));
#56560=VERTEX_POINT('',#56550);
#56570=EDGE_CURVE('',#56560,#56470,#56540,.T.);
#56580=ORIENTED_EDGE('',*,*,#56570,.T.);
#56590=CARTESIAN_POINT('',(-2.017181,1.469531,-4.37499999999999));
#56600=DIRECTION('',(-6.12303176911188E-17,-6.16297582203916E-33,-1.));
#56610=VECTOR('',#56600,1.);
#56620=LINE('',#56590,#56610);
#56630=CARTESIAN_POINT('',(-2.017181,1.469531,10.7));
#56640=VERTEX_POINT('',#56630);
#56650=EDGE_CURVE('',#56640,#56560,#56620,.T.);
#56660=ORIENTED_EDGE('',*,*,#56650,.T.);
#56670=CARTESIAN_POINT('',(9.70599226479076E-16,1.469531,10.7));
#56680=DIRECTION('',(1.,-1.83690953073357E-16,-6.12303176911189E-17));
#56690=VECTOR('',#56680,1.);
#56700=LINE('',#56670,#56690);
#56710=EDGE_CURVE('',#21370,#56640,#56700,.T.);
#56720=ORIENTED_EDGE('',*,*,#56710,.T.);
#56730=ORIENTED_EDGE('',*,*,#21380,.T.);
#56740=CARTESIAN_POINT('',(-1.817181,1.469531,10.6));
#56750=DIRECTION('',(1.83690953073357E-16,1.,-8.83363139618221E-33));
#56760=DIRECTION('',(1.,-1.83690953073357E-16,-1.22460635382238E-16));
#56770=AXIS2_PLACEMENT_3D('',#56740,#56750,#56760);
#56780=CIRCLE('',#56770,0.4);
#56790=CARTESIAN_POINT('',(-1.817181,1.469531,10.2));
#56800=VERTEX_POINT('',#56790);
#56810=EDGE_CURVE('',#56800,#21290,#56780,.T.);
#56820=ORIENTED_EDGE('',*,*,#56810,.T.);
#56830=CARTESIAN_POINT('',(0.,1.469531,10.2));
#56840=DIRECTION('',(-1.,1.83690953073357E-16,0.));
#56850=VECTOR('',#56840,1.);
#56860=LINE('',#56830,#56850);
#56870=EDGE_CURVE('',#56130,#56800,#56860,.T.);
#56880=ORIENTED_EDGE('',*,*,#56870,.T.);
#56890=EDGE_LOOP('',(#56880,#56820,#56730,#56720,#56660,#56580,#56490,
#56410,#56320,#56240,#56160,#56150));
#56900=FACE_OUTER_BOUND('',#56890,.T.);
#56910=ADVANCED_FACE('',(#56900),#56060,.F.);
#56920=CARTESIAN_POINT('',(-0.0251477347320566,-0.372053431461694,7.325)
);
#56930=DIRECTION('',(0.,0.,1.));
#56940=DIRECTION('',(1.,0.,0.));
#56950=AXIS2_PLACEMENT_3D('',#56920,#56930,#56940);
#56960=PLANE('',#56950);
#56970=CARTESIAN_POINT('',(-0.452181000000001,-1.430469,7.325));
#56980=DIRECTION('',(0.,0.,-1.));
#56990=DIRECTION('',(-1.,0.,0.));
#57000=AXIS2_PLACEMENT_3D('',#56970,#56980,#56990);
#57010=CIRCLE('',#57000,0.25);
#57020=CARTESIAN_POINT('',(-0.452181000000001,-1.680469,7.325));
#57030=VERTEX_POINT('',#57020);
#57040=EDGE_CURVE('',#40560,#57030,#57010,.T.);
#57050=ORIENTED_EDGE('',*,*,#57040,.F.);
#57060=CARTESIAN_POINT('',(-0.0251477347320566,-1.680469,7.325));
#57070=DIRECTION('',(1.,0.,0.));
#57080=VECTOR('',#57070,1.);
#57090=LINE('',#57060,#57080);
#57100=CARTESIAN_POINT('',(-3.417181,-1.680469,7.325));
#57110=VERTEX_POINT('',#57100);
#57120=EDGE_CURVE('',#57110,#57030,#57090,.T.);
#57130=ORIENTED_EDGE('',*,*,#57120,.T.);
#57140=CARTESIAN_POINT('',(-3.417181,-0.372053431461694,7.325));
#57150=DIRECTION('',(0.,-1.,0.));
#57160=VECTOR('',#57150,1.);
#57170=LINE('',#57140,#57160);
#57180=CARTESIAN_POINT('',(-3.417181,-2.030469,7.325));
#57190=VERTEX_POINT('',#57180);
#57200=EDGE_CURVE('',#57110,#57190,#57170,.T.);
#57210=ORIENTED_EDGE('',*,*,#57200,.F.);
#57220=CARTESIAN_POINT('',(-0.0251477347320566,-2.030469,7.325));
#57230=DIRECTION('',(-1.,0.,0.));
#57240=VECTOR('',#57230,1.);
#57250=LINE('',#57220,#57240);
#57260=CARTESIAN_POINT('',(-0.302181,-2.030469,7.325));
#57270=VERTEX_POINT('',#57260);
#57280=EDGE_CURVE('',#57270,#57190,#57250,.T.);
#57290=ORIENTED_EDGE('',*,*,#57280,.T.);
#57300=CARTESIAN_POINT('',(-0.302181,-1.580469,7.325));
#57310=DIRECTION('',(0.,0.,1.));
#57320=DIRECTION('',(1.,0.,0.));
#57330=AXIS2_PLACEMENT_3D('',#57300,#57310,#57320);
#57340=CIRCLE('',#57330,0.45);
#57350=CARTESIAN_POINT('',(0.147819,-1.580469,7.325));
#57360=VERTEX_POINT('',#57350);
#57370=EDGE_CURVE('',#57270,#57360,#57340,.T.);
#57380=ORIENTED_EDGE('',*,*,#57370,.F.);
#57390=CARTESIAN_POINT('',(0.147819,-0.372053431461694,7.325));
#57400=DIRECTION('',(-2.31296463463574E-17,1.,0.));
#57410=VECTOR('',#57400,1.);
#57420=LINE('',#57390,#57410);
#57430=EDGE_CURVE('',#57360,#40640,#57420,.T.);
#57440=ORIENTED_EDGE('',*,*,#57430,.F.);
#57450=ORIENTED_EDGE('',*,*,#40650,.F.);
#57460=EDGE_LOOP('',(#57450,#57440,#57380,#57290,#57210,#57130,#57050));
#57470=FACE_OUTER_BOUND('',#57460,.T.);
#57480=ADVANCED_FACE('',(#57470),#56960,.F.);
#57490=CARTESIAN_POINT('',(-0.0251477347320566,-0.372053431461694,7.675)
);
#57500=DIRECTION('',(0.,0.,1.));
#57510=DIRECTION('',(1.,0.,0.));
#57520=AXIS2_PLACEMENT_3D('',#57490,#57500,#57510);
#57530=PLANE('',#57520);
#57540=CARTESIAN_POINT('',(0.147819,-0.372053431461694,7.675));
#57550=DIRECTION('',(-2.31296463463574E-17,1.,0.));
#57560=VECTOR('',#57550,1.);
#57570=LINE('',#57540,#57560);
#57580=CARTESIAN_POINT('',(0.147819,-1.580469,7.675));
#57590=VERTEX_POINT('',#57580);
#57600=EDGE_CURVE('',#57590,#40460,#57570,.T.);
#57610=ORIENTED_EDGE('',*,*,#57600,.T.);
#57620=CARTESIAN_POINT('',(-0.302181,-1.580469,7.675));
#57630=DIRECTION('',(0.,0.,1.));
#57640=DIRECTION('',(1.,0.,0.));
#57650=AXIS2_PLACEMENT_3D('',#57620,#57630,#57640);
#57660=CIRCLE('',#57650,0.45);
#57670=CARTESIAN_POINT('',(-0.302181,-2.030469,7.675));
#57680=VERTEX_POINT('',#57670);
#57690=EDGE_CURVE('',#57680,#57590,#57660,.T.);
#57700=ORIENTED_EDGE('',*,*,#57690,.T.);
#57710=CARTESIAN_POINT('',(-0.0251477347320566,-2.030469,7.675));
#57720=DIRECTION('',(-1.,0.,0.));
#57730=VECTOR('',#57720,1.);
#57740=LINE('',#57710,#57730);
#57750=CARTESIAN_POINT('',(-3.417181,-2.030469,7.675));
#57760=VERTEX_POINT('',#57750);
#57770=EDGE_CURVE('',#57680,#57760,#57740,.T.);
#57780=ORIENTED_EDGE('',*,*,#57770,.F.);
#57790=CARTESIAN_POINT('',(-3.417181,-0.372053431461694,7.675));
#57800=DIRECTION('',(0.,-1.,0.));
#57810=VECTOR('',#57800,1.);
#57820=LINE('',#57790,#57810);
#57830=CARTESIAN_POINT('',(-3.417181,-1.680469,7.675));
#57840=VERTEX_POINT('',#57830);
#57850=EDGE_CURVE('',#57840,#57760,#57820,.T.);
#57860=ORIENTED_EDGE('',*,*,#57850,.T.);
#57870=CARTESIAN_POINT('',(-0.0251477347320566,-1.680469,7.675));
#57880=DIRECTION('',(1.,0.,0.));
#57890=VECTOR('',#57880,1.);
#57900=LINE('',#57870,#57890);
#57910=CARTESIAN_POINT('',(-0.452181000000001,-1.680469,7.675));
#57920=VERTEX_POINT('',#57910);
#57930=EDGE_CURVE('',#57840,#57920,#57900,.T.);
#57940=ORIENTED_EDGE('',*,*,#57930,.F.);
#57950=CARTESIAN_POINT('',(-0.452181000000001,-1.430469,7.675));
#57960=DIRECTION('',(0.,0.,-1.));
#57970=DIRECTION('',(-1.,0.,0.));
#57980=AXIS2_PLACEMENT_3D('',#57950,#57960,#57970);
#57990=CIRCLE('',#57980,0.25);
#58000=EDGE_CURVE('',#40480,#57920,#57990,.T.);
#58010=ORIENTED_EDGE('',*,*,#58000,.T.);
#58020=ORIENTED_EDGE('',*,*,#40490,.T.);
#58030=EDGE_LOOP('',(#58020,#58010,#57940,#57860,#57780,#57700,#57610));
#58040=FACE_OUTER_BOUND('',#58030,.T.);
#58050=ADVANCED_FACE('',(#58040),#57530,.T.);
#58060=CARTESIAN_POINT('',(-3.717181,-2.4404714,7.6));
#58070=DIRECTION('',(0.242535625036334,0.,-0.970142500145332));
#58080=DIRECTION('',(0.970142500145332,0.,0.242535625036334));
#58090=AXIS2_PLACEMENT_3D('',#58060,#58070,#58080);
#58100=PLANE('',#58090);
#58110=CARTESIAN_POINT('',(-3.717181,-0.372053431461694,7.6));
#58120=DIRECTION('',(0.,-1.,0.));
#58130=VECTOR('',#58120,1.);
#58140=LINE('',#58110,#58130);
#58150=CARTESIAN_POINT('',(-3.717181,-1.755469,7.6));
#58160=VERTEX_POINT('',#58150);
#58170=CARTESIAN_POINT('',(-3.717181,-1.955469,7.6));
#58180=VERTEX_POINT('',#58170);
#58190=EDGE_CURVE('',#58160,#58180,#58140,.T.);
#58200=ORIENTED_EDGE('',*,*,#58190,.T.);
#58210=CARTESIAN_POINT('',(-0.0251477347320566,-0.832460683683013,
8.52300831631699));
#58220=DIRECTION('',(-0.942809041582063,-0.235702260395516,
-0.235702260395517));
#58230=VECTOR('',#58220,1.);
#58240=LINE('',#58210,#58230);
#58250=EDGE_CURVE('',#57840,#58160,#58240,.T.);
#58260=ORIENTED_EDGE('',*,*,#58250,.T.);
#58270=ORIENTED_EDGE('',*,*,#57850,.F.);
#58280=CARTESIAN_POINT('',(-0.0251477347320566,-2.87847731631698,
8.52300831631699));
#58290=DIRECTION('',(0.942809041582063,-0.235702260395516,
0.235702260395517));
#58300=VECTOR('',#58290,1.);
#58310=LINE('',#58280,#58300);
#58320=EDGE_CURVE('',#58180,#57760,#58310,.T.);
#58330=ORIENTED_EDGE('',*,*,#58320,.T.);
#58340=EDGE_LOOP('',(#58330,#58270,#58260,#58200));
#58350=FACE_OUTER_BOUND('',#58340,.T.);
#58360=ADVANCED_FACE('',(#58350),#58100,.F.);
#58370=CARTESIAN_POINT('',(-3.417181,-2.030469,7.325));
#58380=DIRECTION('',(-0.242535625036333,-0.970142500145332,0.));
#58390=DIRECTION('',(-0.970142500145332,0.242535625036333,0.));
#58400=AXIS2_PLACEMENT_3D('',#58370,#58380,#58390);
#58410=PLANE('',#58400);
#58420=CARTESIAN_POINT('',(-3.717181,-1.955469,7.325));
#58430=DIRECTION('',(0.,0.,1.));
#58440=VECTOR('',#58430,1.);
#58450=LINE('',#58420,#58440);
#58460=CARTESIAN_POINT('',(-3.717181,-1.955469,7.4));
#58470=VERTEX_POINT('',#58460);
#58480=EDGE_CURVE('',#58470,#58180,#58450,.T.);
#58490=ORIENTED_EDGE('',*,*,#58480,.F.);
#58500=ORIENTED_EDGE('',*,*,#58320,.F.);
#58510=CARTESIAN_POINT('',(-3.417181,-2.030469,7.325));
#58520=DIRECTION('',(0.,0.,-1.));
#58530=VECTOR('',#58520,1.);
#58540=LINE('',#58510,#58530);
#58550=EDGE_CURVE('',#57760,#57190,#58540,.T.);
#58560=ORIENTED_EDGE('',*,*,#58550,.F.);
#58570=CARTESIAN_POINT('',(-0.0251477347320566,-2.87847731631698,
6.47699168368301));
#58580=DIRECTION('',(-0.942809041582063,0.235702260395516,
0.235702260395517));
#58590=VECTOR('',#58580,1.);
#58600=LINE('',#58570,#58590);
#58610=EDGE_CURVE('',#57190,#58470,#58600,.T.);
#58620=ORIENTED_EDGE('',*,*,#58610,.F.);
#58630=EDGE_LOOP('',(#58620,#58560,#58500,#58490));
#58640=FACE_OUTER_BOUND('',#58630,.T.);
#58650=ADVANCED_FACE('',(#58640),#58410,.T.);
#58660=CARTESIAN_POINT('',(-3.717181,-1.955469,7.325));
#58670=DIRECTION('',(-1.,0.,0.));
#58680=DIRECTION('',(0.,1.,0.));
#58690=AXIS2_PLACEMENT_3D('',#58660,#58670,#58680);
#58700=PLANE('',#58690);
#58710=CARTESIAN_POINT('',(-3.717181,-1.755469,7.325));
#58720=DIRECTION('',(0.,0.,1.));
#58730=VECTOR('',#58720,1.);
#58740=LINE('',#58710,#58730);
#58750=CARTESIAN_POINT('',(-3.717181,-1.755469,7.4));
#58760=VERTEX_POINT('',#58750);
#58770=EDGE_CURVE('',#58760,#58160,#58740,.T.);
#58780=ORIENTED_EDGE('',*,*,#58770,.F.);
#58790=ORIENTED_EDGE('',*,*,#58190,.F.);
#58800=ORIENTED_EDGE('',*,*,#58480,.T.);
#58810=CARTESIAN_POINT('',(-3.717181,-0.372053431461694,7.4));
#58820=DIRECTION('',(0.,1.,0.));
#58830=VECTOR('',#58820,1.);
#58840=LINE('',#58810,#58830);
#58850=EDGE_CURVE('',#58470,#58760,#58840,.T.);
#58860=ORIENTED_EDGE('',*,*,#58850,.F.);
#58870=EDGE_LOOP('',(#58860,#58800,#58790,#58780));
#58880=FACE_OUTER_BOUND('',#58870,.T.);
#58890=ADVANCED_FACE('',(#58880),#58700,.T.);
#58900=CARTESIAN_POINT('',(-3.417181,-2.4404714,7.325));
#58910=DIRECTION('',(0.242535625036334,0.,0.970142500145332));
#58920=DIRECTION('',(-0.970142500145332,0.,0.242535625036334));
#58930=AXIS2_PLACEMENT_3D('',#58900,#58910,#58920);
#58940=PLANE('',#58930);
#58950=ORIENTED_EDGE('',*,*,#58850,.T.);
#58960=ORIENTED_EDGE('',*,*,#58610,.T.);
#58970=ORIENTED_EDGE('',*,*,#57200,.T.);
#58980=CARTESIAN_POINT('',(-0.0251477347320566,-0.832460683683013,
6.47699168368301));
#58990=DIRECTION('',(0.942809041582063,0.235702260395516,
-0.235702260395517));
#59000=VECTOR('',#58990,1.);
#59010=LINE('',#58980,#59000);
#59020=EDGE_CURVE('',#58760,#57110,#59010,.T.);
#59030=ORIENTED_EDGE('',*,*,#59020,.T.);
#59040=EDGE_LOOP('',(#59030,#58970,#58960,#58950));
#59050=FACE_OUTER_BOUND('',#59040,.T.);
#59060=ADVANCED_FACE('',(#59050),#58940,.F.);
#59070=CARTESIAN_POINT('',(-0.452181000000001,-1.430469,7.325));
#59080=DIRECTION('',(0.,0.,-1.));
#59090=DIRECTION('',(-1.,0.,0.));
#59100=AXIS2_PLACEMENT_3D('',#59070,#59080,#59090);
#59110=CYLINDRICAL_SURFACE('',#59100,0.25);
#59120=ORIENTED_EDGE('',*,*,#58000,.F.);
#59130=CARTESIAN_POINT('',(-0.452181000000001,-1.680469,7.325));
#59140=DIRECTION('',(0.,0.,-1.));
#59150=VECTOR('',#59140,1.);
#59160=LINE('',#59130,#59150);
#59170=EDGE_CURVE('',#57920,#57030,#59160,.T.);
#59180=ORIENTED_EDGE('',*,*,#59170,.F.);
#59190=ORIENTED_EDGE('',*,*,#57040,.T.);
#59200=ORIENTED_EDGE('',*,*,#40570,.T.);
#59210=EDGE_LOOP('',(#59200,#59190,#59180,#59120));
#59220=FACE_OUTER_BOUND('',#59210,.T.);
#59230=ADVANCED_FACE('',(#59220),#59110,.F.);
#59240=CARTESIAN_POINT('',(-3.417181,-1.680469,7.325));
#59250=DIRECTION('',(0.,1.,0.));
#59260=DIRECTION('',(1.,0.,0.));
#59270=AXIS2_PLACEMENT_3D('',#59240,#59250,#59260);
#59280=PLANE('',#59270);
#59290=ORIENTED_EDGE('',*,*,#59170,.T.);
#59300=ORIENTED_EDGE('',*,*,#57930,.T.);
#59310=CARTESIAN_POINT('',(-3.417181,-1.680469,7.325));
#59320=DIRECTION('',(0.,0.,1.));
#59330=VECTOR('',#59320,1.);
#59340=LINE('',#59310,#59330);
#59350=EDGE_CURVE('',#57110,#57840,#59340,.T.);
#59360=ORIENTED_EDGE('',*,*,#59350,.T.);
#59370=ORIENTED_EDGE('',*,*,#57120,.F.);
#59380=EDGE_LOOP('',(#59370,#59360,#59300,#59290));
#59390=FACE_OUTER_BOUND('',#59380,.T.);
#59400=ADVANCED_FACE('',(#59390),#59280,.T.);
#59410=CARTESIAN_POINT('',(-3.717181,-1.755469,7.325));
#59420=DIRECTION('',(-0.242535625036333,0.970142500145332,0.));
#59430=DIRECTION('',(0.970142500145332,0.242535625036333,0.));
#59440=AXIS2_PLACEMENT_3D('',#59410,#59420,#59430);
#59450=PLANE('',#59440);
#59460=ORIENTED_EDGE('',*,*,#58770,.T.);
#59470=ORIENTED_EDGE('',*,*,#59020,.F.);
#59480=ORIENTED_EDGE('',*,*,#59350,.F.);
#59490=ORIENTED_EDGE('',*,*,#58250,.F.);
#59500=EDGE_LOOP('',(#59490,#59480,#59470,#59460));
#59510=FACE_OUTER_BOUND('',#59500,.T.);
#59520=ADVANCED_FACE('',(#59510),#59450,.T.);
#59530=CARTESIAN_POINT('',(-0.302181,-1.580469,7.325));
#59540=DIRECTION('',(0.,0.,1.));
#59550=DIRECTION('',(1.,0.,0.));
#59560=AXIS2_PLACEMENT_3D('',#59530,#59540,#59550);
#59570=CYLINDRICAL_SURFACE('',#59560,0.45);
#59580=ORIENTED_EDGE('',*,*,#57690,.F.);
#59590=CARTESIAN_POINT('',(0.147819,-1.580469,7.325));
#59600=DIRECTION('',(0.,0.,1.));
#59610=VECTOR('',#59600,1.);
#59620=LINE('',#59590,#59610);
#59630=EDGE_CURVE('',#57360,#57590,#59620,.T.);
#59640=ORIENTED_EDGE('',*,*,#59630,.T.);
#59650=ORIENTED_EDGE('',*,*,#57370,.T.);
#59660=CARTESIAN_POINT('',(-0.302181,-2.030469,7.325));
#59670=DIRECTION('',(0.,0.,1.));
#59680=VECTOR('',#59670,1.);
#59690=LINE('',#59660,#59680);
#59700=EDGE_CURVE('',#57270,#57680,#59690,.T.);
#59710=ORIENTED_EDGE('',*,*,#59700,.F.);
#59720=EDGE_LOOP('',(#59710,#59650,#59640,#59580));
#59730=FACE_OUTER_BOUND('',#59720,.T.);
#59740=ADVANCED_FACE('',(#59730),#59570,.T.);
#59750=CARTESIAN_POINT('',(0.147819,-2.030469,7.325));
#59760=DIRECTION('',(0.,-1.,0.));
#59770=DIRECTION('',(-1.,0.,0.));
#59780=AXIS2_PLACEMENT_3D('',#59750,#59760,#59770);
#59790=PLANE('',#59780);
#59800=ORIENTED_EDGE('',*,*,#57280,.F.);
#59810=ORIENTED_EDGE('',*,*,#58550,.T.);
#59820=ORIENTED_EDGE('',*,*,#57770,.T.);
#59830=ORIENTED_EDGE('',*,*,#59700,.T.);
#59840=EDGE_LOOP('',(#59830,#59820,#59810,#59800));
#59850=FACE_OUTER_BOUND('',#59840,.T.);
#59860=ADVANCED_FACE('',(#59850),#59790,.T.);
#59870=CARTESIAN_POINT('',(0.147819,1.769531,7.325));
#59880=DIRECTION('',(1.,2.31296463463574E-17,0.));
#59890=DIRECTION('',(2.31296463463574E-17,-1.,0.));
#59900=AXIS2_PLACEMENT_3D('',#59870,#59880,#59890);
#59910=PLANE('',#59900);
#59920=ORIENTED_EDGE('',*,*,#57430,.T.);
#59930=ORIENTED_EDGE('',*,*,#59630,.F.);
#59940=ORIENTED_EDGE('',*,*,#57600,.F.);
#59950=ORIENTED_EDGE('',*,*,#40710,.T.);
#59960=EDGE_LOOP('',(#59950,#59940,#59930,#59920));
#59970=FACE_OUTER_BOUND('',#59960,.T.);
#59980=ADVANCED_FACE('',(#59970),#59910,.T.);
#59990=CARTESIAN_POINT('',(-0.452181000000001,-1.430469,8.575));
#60000=DIRECTION('',(0.,0.,-1.));
#60010=DIRECTION('',(-1.,0.,0.));
#60020=AXIS2_PLACEMENT_3D('',#59990,#60000,#60010);
#60030=CYLINDRICAL_SURFACE('',#60020,0.25);
#60040=CARTESIAN_POINT('',(-0.452181000000001,-1.430469,8.925));
#60050=DIRECTION('',(0.,0.,-1.));
#60060=DIRECTION('',(-1.,0.,0.));
#60070=AXIS2_PLACEMENT_3D('',#60040,#60050,#60060);
#60080=CIRCLE('',#60070,0.25);
#60090=CARTESIAN_POINT('',(-0.452181000000001,-1.680469,8.925));
#60100=VERTEX_POINT('',#60090);
#60110=EDGE_CURVE('',#40980,#60100,#60080,.T.);
#60120=ORIENTED_EDGE('',*,*,#60110,.F.);
#60130=CARTESIAN_POINT('',(-0.452181000000001,-1.680469,8.575));
#60140=DIRECTION('',(0.,0.,-1.));
#60150=VECTOR('',#60140,1.);
#60160=LINE('',#60130,#60150);
#60170=CARTESIAN_POINT('',(-0.452181000000001,-1.680469,8.575));
#60180=VERTEX_POINT('',#60170);
#60190=EDGE_CURVE('',#60100,#60180,#60160,.T.);
#60200=ORIENTED_EDGE('',*,*,#60190,.F.);
#60210=CARTESIAN_POINT('',(-0.452181000000001,-1.430469,8.575));
#60220=DIRECTION('',(0.,0.,-1.));
#60230=DIRECTION('',(-1.,0.,0.));
#60240=AXIS2_PLACEMENT_3D('',#60210,#60220,#60230);
#60250=CIRCLE('',#60240,0.25);
#60260=EDGE_CURVE('',#40820,#60180,#60250,.T.);
#60270=ORIENTED_EDGE('',*,*,#60260,.T.);
#60280=ORIENTED_EDGE('',*,*,#41050,.T.);
#60290=EDGE_LOOP('',(#60280,#60270,#60200,#60120));
#60300=FACE_OUTER_BOUND('',#60290,.T.);
#60310=ADVANCED_FACE('',(#60300),#60030,.F.);
#60320=CARTESIAN_POINT('',(-0.0251477347320566,-0.372053431461694,8.925)
);
#60330=DIRECTION('',(0.,0.,1.));
#60340=DIRECTION('',(1.,0.,0.));
#60350=AXIS2_PLACEMENT_3D('',#60320,#60330,#60340);
#60360=PLANE('',#60350);
#60370=CARTESIAN_POINT('',(0.147819,-0.372053431461694,8.925));
#60380=DIRECTION('',(-2.31296463463574E-17,1.,0.));
#60390=VECTOR('',#60380,1.);
#60400=LINE('',#60370,#60390);
#60410=CARTESIAN_POINT('',(0.147819,-1.580469,8.925));
#60420=VERTEX_POINT('',#60410);
#60430=EDGE_CURVE('',#60420,#40900,#60400,.T.);
#60440=ORIENTED_EDGE('',*,*,#60430,.T.);
#60450=CARTESIAN_POINT('',(-0.302181,-1.580469,8.925));
#60460=DIRECTION('',(0.,0.,1.));
#60470=DIRECTION('',(1.,0.,0.));
#60480=AXIS2_PLACEMENT_3D('',#60450,#60460,#60470);
#60490=CIRCLE('',#60480,0.45);
#60500=CARTESIAN_POINT('',(-0.302181,-2.030469,8.925));
#60510=VERTEX_POINT('',#60500);
#60520=EDGE_CURVE('',#60510,#60420,#60490,.T.);
#60530=ORIENTED_EDGE('',*,*,#60520,.T.);
#60540=CARTESIAN_POINT('',(-0.0251477347320566,-2.030469,8.925));
#60550=DIRECTION('',(-1.,0.,0.));
#60560=VECTOR('',#60550,1.);
#60570=LINE('',#60540,#60560);
#60580=CARTESIAN_POINT('',(-3.417181,-2.030469,8.925));
#60590=VERTEX_POINT('',#60580);
#60600=EDGE_CURVE('',#60510,#60590,#60570,.T.);
#60610=ORIENTED_EDGE('',*,*,#60600,.F.);
#60620=CARTESIAN_POINT('',(-3.417181,-0.372053431461694,8.925));
#60630=DIRECTION('',(0.,-1.,0.));
#60640=VECTOR('',#60630,1.);
#60650=LINE('',#60620,#60640);
#60660=CARTESIAN_POINT('',(-3.417181,-1.680469,8.925));
#60670=VERTEX_POINT('',#60660);
#60680=EDGE_CURVE('',#60670,#60590,#60650,.T.);
#60690=ORIENTED_EDGE('',*,*,#60680,.T.);
#60700=CARTESIAN_POINT('',(-0.0251477347320566,-1.680469,8.925));
#60710=DIRECTION('',(1.,0.,0.));
#60720=VECTOR('',#60710,1.);
#60730=LINE('',#60700,#60720);
#60740=EDGE_CURVE('',#60670,#60100,#60730,.T.);
#60750=ORIENTED_EDGE('',*,*,#60740,.F.);
#60760=ORIENTED_EDGE('',*,*,#60110,.T.);
#60770=ORIENTED_EDGE('',*,*,#40990,.T.);
#60780=EDGE_LOOP('',(#60770,#60760,#60750,#60690,#60610,#60530,#60440));
#60790=FACE_OUTER_BOUND('',#60780,.T.);
#60800=ADVANCED_FACE('',(#60790),#60360,.T.);
#60810=CARTESIAN_POINT('',(-3.717181,-2.4404714,8.85));
#60820=DIRECTION('',(0.242535625036334,0.,-0.970142500145332));
#60830=DIRECTION('',(0.970142500145332,0.,0.242535625036334));
#60840=AXIS2_PLACEMENT_3D('',#60810,#60820,#60830);
#60850=PLANE('',#60840);
#60860=CARTESIAN_POINT('',(-3.717181,-0.372053431461694,8.85));
#60870=DIRECTION('',(0.,-1.,0.));
#60880=VECTOR('',#60870,1.);
#60890=LINE('',#60860,#60880);
#60900=CARTESIAN_POINT('',(-3.717181,-1.755469,8.85));
#60910=VERTEX_POINT('',#60900);
#60920=CARTESIAN_POINT('',(-3.717181,-1.955469,8.85));
#60930=VERTEX_POINT('',#60920);
#60940=EDGE_CURVE('',#60910,#60930,#60890,.T.);
#60950=ORIENTED_EDGE('',*,*,#60940,.T.);
#60960=CARTESIAN_POINT('',(-0.0251477347320566,-0.832460683683013,
9.77300831631699));
#60970=DIRECTION('',(-0.942809041582063,-0.235702260395516,
-0.235702260395517));
#60980=VECTOR('',#60970,1.);
#60990=LINE('',#60960,#60980);
#61000=EDGE_CURVE('',#60670,#60910,#60990,.T.);
#61010=ORIENTED_EDGE('',*,*,#61000,.T.);
#61020=ORIENTED_EDGE('',*,*,#60680,.F.);
#61030=CARTESIAN_POINT('',(-0.0251477347320566,-2.87847731631698,
9.77300831631699));
#61040=DIRECTION('',(0.942809041582063,-0.235702260395516,
0.235702260395517));
#61050=VECTOR('',#61040,1.);
#61060=LINE('',#61030,#61050);
#61070=EDGE_CURVE('',#60930,#60590,#61060,.T.);
#61080=ORIENTED_EDGE('',*,*,#61070,.T.);
#61090=EDGE_LOOP('',(#61080,#61020,#61010,#60950));
#61100=FACE_OUTER_BOUND('',#61090,.T.);
#61110=ADVANCED_FACE('',(#61100),#60850,.F.);
#61120=CARTESIAN_POINT('',(-3.417181,-2.030469,8.575));
#61130=DIRECTION('',(-0.242535625036333,-0.970142500145332,0.));
#61140=DIRECTION('',(-0.970142500145332,0.242535625036333,0.));
#61150=AXIS2_PLACEMENT_3D('',#61120,#61130,#61140);
#61160=PLANE('',#61150);
#61170=CARTESIAN_POINT('',(-3.717181,-1.955469,8.575));
#61180=DIRECTION('',(0.,0.,1.));
#61190=VECTOR('',#61180,1.);
#61200=LINE('',#61170,#61190);
#61210=CARTESIAN_POINT('',(-3.717181,-1.955469,8.65));
#61220=VERTEX_POINT('',#61210);
#61230=EDGE_CURVE('',#61220,#60930,#61200,.T.);
#61240=ORIENTED_EDGE('',*,*,#61230,.F.);
#61250=ORIENTED_EDGE('',*,*,#61070,.F.);
#61260=CARTESIAN_POINT('',(-3.417181,-2.030469,8.575));
#61270=DIRECTION('',(0.,0.,-1.));
#61280=VECTOR('',#61270,1.);
#61290=LINE('',#61260,#61280);
#61300=CARTESIAN_POINT('',(-3.417181,-2.030469,8.575));
#61310=VERTEX_POINT('',#61300);
#61320=EDGE_CURVE('',#60590,#61310,#61290,.T.);
#61330=ORIENTED_EDGE('',*,*,#61320,.F.);
#61340=CARTESIAN_POINT('',(-0.0251477347320566,-2.87847731631698,
7.72699168368301));
#61350=DIRECTION('',(-0.942809041582063,0.235702260395516,
0.235702260395517));
#61360=VECTOR('',#61350,1.);
#61370=LINE('',#61340,#61360);
#61380=EDGE_CURVE('',#61310,#61220,#61370,.T.);
#61390=ORIENTED_EDGE('',*,*,#61380,.F.);
#61400=EDGE_LOOP('',(#61390,#61330,#61250,#61240));
#61410=FACE_OUTER_BOUND('',#61400,.T.);
#61420=ADVANCED_FACE('',(#61410),#61160,.T.);
#61430=CARTESIAN_POINT('',(-3.717181,-1.955469,8.575));
#61440=DIRECTION('',(-1.,0.,0.));
#61450=DIRECTION('',(0.,1.,0.));
#61460=AXIS2_PLACEMENT_3D('',#61430,#61440,#61450);
#61470=PLANE('',#61460);
#61480=CARTESIAN_POINT('',(-3.717181,-1.755469,8.575));
#61490=DIRECTION('',(0.,0.,1.));
#61500=VECTOR('',#61490,1.);
#61510=LINE('',#61480,#61500);
#61520=CARTESIAN_POINT('',(-3.717181,-1.755469,8.65));
#61530=VERTEX_POINT('',#61520);
#61540=EDGE_CURVE('',#61530,#60910,#61510,.T.);
#61550=ORIENTED_EDGE('',*,*,#61540,.F.);
#61560=ORIENTED_EDGE('',*,*,#60940,.F.);
#61570=ORIENTED_EDGE('',*,*,#61230,.T.);
#61580=CARTESIAN_POINT('',(-3.717181,-0.372053431461694,8.65));
#61590=DIRECTION('',(0.,1.,0.));
#61600=VECTOR('',#61590,1.);
#61610=LINE('',#61580,#61600);
#61620=EDGE_CURVE('',#61220,#61530,#61610,.T.);
#61630=ORIENTED_EDGE('',*,*,#61620,.F.);
#61640=EDGE_LOOP('',(#61630,#61570,#61560,#61550));
#61650=FACE_OUTER_BOUND('',#61640,.T.);
#61660=ADVANCED_FACE('',(#61650),#61470,.T.);
#61670=CARTESIAN_POINT('',(-3.417181,-2.4404714,8.575));
#61680=DIRECTION('',(0.242535625036334,0.,0.970142500145332));
#61690=DIRECTION('',(-0.970142500145332,0.,0.242535625036334));
#61700=AXIS2_PLACEMENT_3D('',#61670,#61680,#61690);
#61710=PLANE('',#61700);
#61720=ORIENTED_EDGE('',*,*,#61620,.T.);
#61730=ORIENTED_EDGE('',*,*,#61380,.T.);
#61740=CARTESIAN_POINT('',(-3.417181,-0.372053431461694,8.575));
#61750=DIRECTION('',(0.,-1.,0.));
#61760=VECTOR('',#61750,1.);
#61770=LINE('',#61740,#61760);
#61780=CARTESIAN_POINT('',(-3.417181,-1.680469,8.575));
#61790=VERTEX_POINT('',#61780);
#61800=EDGE_CURVE('',#61790,#61310,#61770,.T.);
#61810=ORIENTED_EDGE('',*,*,#61800,.T.);
#61820=CARTESIAN_POINT('',(-0.0251477347320566,-0.832460683683013,
7.72699168368301));
#61830=DIRECTION('',(0.942809041582063,0.235702260395516,
-0.235702260395517));
#61840=VECTOR('',#61830,1.);
#61850=LINE('',#61820,#61840);
#61860=EDGE_CURVE('',#61530,#61790,#61850,.T.);
#61870=ORIENTED_EDGE('',*,*,#61860,.T.);
#61880=EDGE_LOOP('',(#61870,#61810,#61730,#61720));
#61890=FACE_OUTER_BOUND('',#61880,.T.);
#61900=ADVANCED_FACE('',(#61890),#61710,.F.);
#61910=CARTESIAN_POINT('',(-3.417181,-1.680469,8.575));
#61920=DIRECTION('',(0.,1.,0.));
#61930=DIRECTION('',(1.,0.,0.));
#61940=AXIS2_PLACEMENT_3D('',#61910,#61920,#61930);
#61950=PLANE('',#61940);
#61960=ORIENTED_EDGE('',*,*,#60190,.T.);
#61970=ORIENTED_EDGE('',*,*,#60740,.T.);
#61980=CARTESIAN_POINT('',(-3.417181,-1.680469,8.575));
#61990=DIRECTION('',(0.,0.,1.));
#62000=VECTOR('',#61990,1.);
#62010=LINE('',#61980,#62000);
#62020=EDGE_CURVE('',#61790,#60670,#62010,.T.);
#62030=ORIENTED_EDGE('',*,*,#62020,.T.);
#62040=CARTESIAN_POINT('',(-0.0251477347320566,-1.680469,8.575));
#62050=DIRECTION('',(1.,0.,0.));
#62060=VECTOR('',#62050,1.);
#62070=LINE('',#62040,#62060);
#62080=EDGE_CURVE('',#61790,#60180,#62070,.T.);
#62090=ORIENTED_EDGE('',*,*,#62080,.F.);
#62100=EDGE_LOOP('',(#62090,#62030,#61970,#61960));
#62110=FACE_OUTER_BOUND('',#62100,.T.);
#62120=ADVANCED_FACE('',(#62110),#61950,.T.);
#62130=CARTESIAN_POINT('',(-3.717181,-1.755469,8.575));
#62140=DIRECTION('',(-0.242535625036333,0.970142500145332,0.));
#62150=DIRECTION('',(0.970142500145332,0.242535625036333,0.));
#62160=AXIS2_PLACEMENT_3D('',#62130,#62140,#62150);
#62170=PLANE('',#62160);
#62180=ORIENTED_EDGE('',*,*,#61540,.T.);
#62190=ORIENTED_EDGE('',*,*,#61860,.F.);
#62200=ORIENTED_EDGE('',*,*,#62020,.F.);
#62210=ORIENTED_EDGE('',*,*,#61000,.F.);
#62220=EDGE_LOOP('',(#62210,#62200,#62190,#62180));
#62230=FACE_OUTER_BOUND('',#62220,.T.);
#62240=ADVANCED_FACE('',(#62230),#62170,.T.);
#62250=CARTESIAN_POINT('',(0.147819,-2.030469,8.575));
#62260=DIRECTION('',(0.,-1.,0.));
#62270=DIRECTION('',(-1.,0.,0.));
#62280=AXIS2_PLACEMENT_3D('',#62250,#62260,#62270);
#62290=PLANE('',#62280);
#62300=CARTESIAN_POINT('',(-0.0251477347320566,-2.030469,8.575));
#62310=DIRECTION('',(-1.,0.,0.));
#62320=VECTOR('',#62310,1.);
#62330=LINE('',#62300,#62320);
#62340=CARTESIAN_POINT('',(-0.302181,-2.030469,8.575));
#62350=VERTEX_POINT('',#62340);
#62360=EDGE_CURVE('',#62350,#61310,#62330,.T.);
#62370=ORIENTED_EDGE('',*,*,#62360,.F.);
#62380=ORIENTED_EDGE('',*,*,#61320,.T.);
#62390=ORIENTED_EDGE('',*,*,#60600,.T.);
#62400=CARTESIAN_POINT('',(-0.302181,-2.030469,8.575));
#62410=DIRECTION('',(0.,0.,1.));
#62420=VECTOR('',#62410,1.);
#62430=LINE('',#62400,#62420);
#62440=EDGE_CURVE('',#62350,#60510,#62430,.T.);
#62450=ORIENTED_EDGE('',*,*,#62440,.T.);
#62460=EDGE_LOOP('',(#62450,#62390,#62380,#62370));
#62470=FACE_OUTER_BOUND('',#62460,.T.);
#62480=ADVANCED_FACE('',(#62470),#62290,.T.);
#62490=CARTESIAN_POINT('',(-0.302181,-1.580469,8.575));
#62500=DIRECTION('',(0.,0.,1.));
#62510=DIRECTION('',(1.,0.,0.));
#62520=AXIS2_PLACEMENT_3D('',#62490,#62500,#62510);
#62530=CYLINDRICAL_SURFACE('',#62520,0.45);
#62540=ORIENTED_EDGE('',*,*,#60520,.F.);
#62550=CARTESIAN_POINT('',(0.147819,-1.580469,8.575));
#62560=DIRECTION('',(0.,0.,1.));
#62570=VECTOR('',#62560,1.);
#62580=LINE('',#62550,#62570);
#62590=CARTESIAN_POINT('',(0.147819,-1.580469,8.575));
#62600=VERTEX_POINT('',#62590);
#62610=EDGE_CURVE('',#62600,#60420,#62580,.T.);
#62620=ORIENTED_EDGE('',*,*,#62610,.T.);
#62630=CARTESIAN_POINT('',(-0.302181,-1.580469,8.575));
#62640=DIRECTION('',(0.,0.,1.));
#62650=DIRECTION('',(1.,0.,0.));
#62660=AXIS2_PLACEMENT_3D('',#62630,#62640,#62650);
#62670=CIRCLE('',#62660,0.45);
#62680=EDGE_CURVE('',#62350,#62600,#62670,.T.);
#62690=ORIENTED_EDGE('',*,*,#62680,.T.);
#62700=ORIENTED_EDGE('',*,*,#62440,.F.);
#62710=EDGE_LOOP('',(#62700,#62690,#62620,#62540));
#62720=FACE_OUTER_BOUND('',#62710,.T.);
#62730=ADVANCED_FACE('',(#62720),#62530,.T.);
#62740=CARTESIAN_POINT('',(-0.0251477347320566,-0.372053431461694,8.575)
);
#62750=DIRECTION('',(0.,0.,1.));
#62760=DIRECTION('',(1.,0.,0.));
#62770=AXIS2_PLACEMENT_3D('',#62740,#62750,#62760);
#62780=PLANE('',#62770);
#62790=ORIENTED_EDGE('',*,*,#60260,.F.);
#62800=ORIENTED_EDGE('',*,*,#62080,.T.);
#62810=ORIENTED_EDGE('',*,*,#61800,.F.);
#62820=ORIENTED_EDGE('',*,*,#62360,.T.);
#62830=ORIENTED_EDGE('',*,*,#62680,.F.);
#62840=CARTESIAN_POINT('',(0.147819,-0.372053431461694,8.575));
#62850=DIRECTION('',(-2.31296463463574E-17,1.,0.));
#62860=VECTOR('',#62850,1.);
#62870=LINE('',#62840,#62860);
#62880=EDGE_CURVE('',#62600,#40800,#62870,.T.);
#62890=ORIENTED_EDGE('',*,*,#62880,.F.);
#62900=ORIENTED_EDGE('',*,*,#40830,.F.);
#62910=EDGE_LOOP('',(#62900,#62890,#62830,#62820,#62810,#62800,#62790));
#62920=FACE_OUTER_BOUND('',#62910,.T.);
#62930=ADVANCED_FACE('',(#62920),#62780,.F.);
#62940=CARTESIAN_POINT('',(0.147819,1.769531,8.575));
#62950=DIRECTION('',(1.,2.31296463463574E-17,0.));
#62960=DIRECTION('',(2.31296463463574E-17,-1.,0.));
#62970=AXIS2_PLACEMENT_3D('',#62940,#62950,#62960);
#62980=PLANE('',#62970);
#62990=ORIENTED_EDGE('',*,*,#62880,.T.);
#63000=ORIENTED_EDGE('',*,*,#62610,.F.);
#63010=ORIENTED_EDGE('',*,*,#60430,.F.);
#63020=ORIENTED_EDGE('',*,*,#40910,.T.);
#63030=EDGE_LOOP('',(#63020,#63010,#63000,#62990));
#63040=FACE_OUTER_BOUND('',#63030,.T.);
#63050=ADVANCED_FACE('',(#63040),#62980,.T.);
#63060=CARTESIAN_POINT('',(-0.452181000000001,-1.430469,6.075));
#63070=DIRECTION('',(0.,0.,-1.));
#63080=DIRECTION('',(-1.,0.,0.));
#63090=AXIS2_PLACEMENT_3D('',#63060,#63070,#63080);
#63100=CYLINDRICAL_SURFACE('',#63090,0.25);
#63110=CARTESIAN_POINT('',(-0.452181000000001,-1.430469,6.425));
#63120=DIRECTION('',(0.,0.,-1.));
#63130=DIRECTION('',(-1.,0.,0.));
#63140=AXIS2_PLACEMENT_3D('',#63110,#63120,#63130);
#63150=CIRCLE('',#63140,0.25);
#63160=CARTESIAN_POINT('',(-0.452181000000001,-1.680469,6.425));
#63170=VERTEX_POINT('',#63160);
#63180=EDGE_CURVE('',#41320,#63170,#63150,.T.);
#63190=ORIENTED_EDGE('',*,*,#63180,.F.);
#63200=CARTESIAN_POINT('',(-0.452181000000001,-1.680469,6.075));
#63210=DIRECTION('',(0.,0.,-1.));
#63220=VECTOR('',#63210,1.);
#63230=LINE('',#63200,#63220);
#63240=CARTESIAN_POINT('',(-0.452181000000001,-1.680469,6.075));
#63250=VERTEX_POINT('',#63240);
#63260=EDGE_CURVE('',#63170,#63250,#63230,.T.);
#63270=ORIENTED_EDGE('',*,*,#63260,.F.);
#63280=CARTESIAN_POINT('',(-0.452181000000001,-1.430469,6.075));
#63290=DIRECTION('',(0.,0.,-1.));
#63300=DIRECTION('',(-1.,0.,0.));
#63310=AXIS2_PLACEMENT_3D('',#63280,#63290,#63300);
#63320=CIRCLE('',#63310,0.25);
#63330=EDGE_CURVE('',#41160,#63250,#63320,.T.);
#63340=ORIENTED_EDGE('',*,*,#63330,.T.);
#63350=ORIENTED_EDGE('',*,*,#41390,.T.);
#63360=EDGE_LOOP('',(#63350,#63340,#63270,#63190));
#63370=FACE_OUTER_BOUND('',#63360,.T.);
#63380=ADVANCED_FACE('',(#63370),#63100,.F.);
#63390=CARTESIAN_POINT('',(-0.0251477347320566,-0.372053431461694,6.425)
);
#63400=DIRECTION('',(0.,0.,1.));
#63410=DIRECTION('',(1.,0.,0.));
#63420=AXIS2_PLACEMENT_3D('',#63390,#63400,#63410);
#63430=PLANE('',#63420);
#63440=CARTESIAN_POINT('',(0.147819,-0.372053431461694,6.425));
#63450=DIRECTION('',(-2.31296463463574E-17,1.,0.));
#63460=VECTOR('',#63450,1.);
#63470=LINE('',#63440,#63460);
#63480=CARTESIAN_POINT('',(0.147819,-1.580469,6.425));
#63490=VERTEX_POINT('',#63480);
#63500=EDGE_CURVE('',#63490,#41240,#63470,.T.);
#63510=ORIENTED_EDGE('',*,*,#63500,.T.);
#63520=CARTESIAN_POINT('',(-0.302181,-1.580469,6.425));
#63530=DIRECTION('',(0.,0.,1.));
#63540=DIRECTION('',(1.,0.,0.));
#63550=AXIS2_PLACEMENT_3D('',#63520,#63530,#63540);
#63560=CIRCLE('',#63550,0.45);
#63570=CARTESIAN_POINT('',(-0.302181,-2.030469,6.425));
#63580=VERTEX_POINT('',#63570);
#63590=EDGE_CURVE('',#63580,#63490,#63560,.T.);
#63600=ORIENTED_EDGE('',*,*,#63590,.T.);
#63610=CARTESIAN_POINT('',(-0.0251477347320566,-2.030469,6.425));
#63620=DIRECTION('',(-1.,0.,0.));
#63630=VECTOR('',#63620,1.);
#63640=LINE('',#63610,#63630);
#63650=CARTESIAN_POINT('',(-3.417181,-2.030469,6.425));
#63660=VERTEX_POINT('',#63650);
#63670=EDGE_CURVE('',#63580,#63660,#63640,.T.);
#63680=ORIENTED_EDGE('',*,*,#63670,.F.);
#63690=CARTESIAN_POINT('',(-3.417181,-0.372053431461694,6.425));
#63700=DIRECTION('',(0.,-1.,0.));
#63710=VECTOR('',#63700,1.);
#63720=LINE('',#63690,#63710);
#63730=CARTESIAN_POINT('',(-3.417181,-1.680469,6.425));
#63740=VERTEX_POINT('',#63730);
#63750=EDGE_CURVE('',#63740,#63660,#63720,.T.);
#63760=ORIENTED_EDGE('',*,*,#63750,.T.);
#63770=CARTESIAN_POINT('',(-0.0251477347320566,-1.680469,6.425));
#63780=DIRECTION('',(1.,0.,0.));
#63790=VECTOR('',#63780,1.);
#63800=LINE('',#63770,#63790);
#63810=EDGE_CURVE('',#63740,#63170,#63800,.T.);
#63820=ORIENTED_EDGE('',*,*,#63810,.F.);
#63830=ORIENTED_EDGE('',*,*,#63180,.T.);
#63840=ORIENTED_EDGE('',*,*,#41330,.T.);
#63850=EDGE_LOOP('',(#63840,#63830,#63820,#63760,#63680,#63600,#63510));
#63860=FACE_OUTER_BOUND('',#63850,.T.);
#63870=ADVANCED_FACE('',(#63860),#63430,.T.);
#63880=CARTESIAN_POINT('',(-3.717181,-2.4404714,6.35));
#63890=DIRECTION('',(0.242535625036334,0.,-0.970142500145332));
#63900=DIRECTION('',(0.970142500145332,0.,0.242535625036334));
#63910=AXIS2_PLACEMENT_3D('',#63880,#63890,#63900);
#63920=PLANE('',#63910);
#63930=CARTESIAN_POINT('',(-3.717181,-0.372053431461694,6.35));
#63940=DIRECTION('',(0.,-1.,0.));
#63950=VECTOR('',#63940,1.);
#63960=LINE('',#63930,#63950);
#63970=CARTESIAN_POINT('',(-3.717181,-1.755469,6.35));
#63980=VERTEX_POINT('',#63970);
#63990=CARTESIAN_POINT('',(-3.717181,-1.955469,6.35));
#64000=VERTEX_POINT('',#63990);
#64010=EDGE_CURVE('',#63980,#64000,#63960,.T.);
#64020=ORIENTED_EDGE('',*,*,#64010,.T.);
#64030=CARTESIAN_POINT('',(-0.0251477347320566,-0.832460683683013,
7.27300831631699));
#64040=DIRECTION('',(-0.942809041582063,-0.235702260395516,
-0.235702260395517));
#64050=VECTOR('',#64040,1.);
#64060=LINE('',#64030,#64050);
#64070=EDGE_CURVE('',#63740,#63980,#64060,.T.);
#64080=ORIENTED_EDGE('',*,*,#64070,.T.);
#64090=ORIENTED_EDGE('',*,*,#63750,.F.);
#64100=CARTESIAN_POINT('',(-0.0251477347320566,-2.87847731631698,
7.27300831631699));
#64110=DIRECTION('',(0.942809041582063,-0.235702260395516,
0.235702260395517));
#64120=VECTOR('',#64110,1.);
#64130=LINE('',#64100,#64120);
#64140=EDGE_CURVE('',#64000,#63660,#64130,.T.);
#64150=ORIENTED_EDGE('',*,*,#64140,.T.);
#64160=EDGE_LOOP('',(#64150,#64090,#64080,#64020));
#64170=FACE_OUTER_BOUND('',#64160,.T.);
#64180=ADVANCED_FACE('',(#64170),#63920,.F.);
#64190=CARTESIAN_POINT('',(-3.417181,-2.030469,6.075));
#64200=DIRECTION('',(-0.242535625036333,-0.970142500145332,0.));
#64210=DIRECTION('',(-0.970142500145332,0.242535625036333,0.));
#64220=AXIS2_PLACEMENT_3D('',#64190,#64200,#64210);
#64230=PLANE('',#64220);
#64240=CARTESIAN_POINT('',(-3.717181,-1.955469,6.075));
#64250=DIRECTION('',(0.,0.,1.));
#64260=VECTOR('',#64250,1.);
#64270=LINE('',#64240,#64260);
#64280=CARTESIAN_POINT('',(-3.717181,-1.955469,6.15));
#64290=VERTEX_POINT('',#64280);
#64300=EDGE_CURVE('',#64290,#64000,#64270,.T.);
#64310=ORIENTED_EDGE('',*,*,#64300,.F.);
#64320=ORIENTED_EDGE('',*,*,#64140,.F.);
#64330=CARTESIAN_POINT('',(-3.417181,-2.030469,6.075));
#64340=DIRECTION('',(0.,0.,-1.));
#64350=VECTOR('',#64340,1.);
#64360=LINE('',#64330,#64350);
#64370=CARTESIAN_POINT('',(-3.417181,-2.030469,6.075));
#64380=VERTEX_POINT('',#64370);
#64390=EDGE_CURVE('',#63660,#64380,#64360,.T.);
#64400=ORIENTED_EDGE('',*,*,#64390,.F.);
#64410=CARTESIAN_POINT('',(-0.0251477347320566,-2.87847731631698,
5.22699168368301));
#64420=DIRECTION('',(-0.942809041582063,0.235702260395516,
0.235702260395517));
#64430=VECTOR('',#64420,1.);
#64440=LINE('',#64410,#64430);
#64450=EDGE_CURVE('',#64380,#64290,#64440,.T.);
#64460=ORIENTED_EDGE('',*,*,#64450,.F.);
#64470=EDGE_LOOP('',(#64460,#64400,#64320,#64310));
#64480=FACE_OUTER_BOUND('',#64470,.T.);
#64490=ADVANCED_FACE('',(#64480),#64230,.T.);
#64500=CARTESIAN_POINT('',(-3.717181,-1.955469,6.075));
#64510=DIRECTION('',(-1.,0.,0.));
#64520=DIRECTION('',(0.,1.,0.));
#64530=AXIS2_PLACEMENT_3D('',#64500,#64510,#64520);
#64540=PLANE('',#64530);
#64550=CARTESIAN_POINT('',(-3.717181,-1.755469,6.075));
#64560=DIRECTION('',(0.,0.,1.));
#64570=VECTOR('',#64560,1.);
#64580=LINE('',#64550,#64570);
#64590=CARTESIAN_POINT('',(-3.717181,-1.755469,6.15));
#64600=VERTEX_POINT('',#64590);
#64610=EDGE_CURVE('',#64600,#63980,#64580,.T.);
#64620=ORIENTED_EDGE('',*,*,#64610,.F.);
#64630=ORIENTED_EDGE('',*,*,#64010,.F.);
#64640=ORIENTED_EDGE('',*,*,#64300,.T.);
#64650=CARTESIAN_POINT('',(-3.717181,-0.372053431461694,6.15));
#64660=DIRECTION('',(0.,1.,0.));
#64670=VECTOR('',#64660,1.);
#64680=LINE('',#64650,#64670);
#64690=EDGE_CURVE('',#64290,#64600,#64680,.T.);
#64700=ORIENTED_EDGE('',*,*,#64690,.F.);
#64710=EDGE_LOOP('',(#64700,#64640,#64630,#64620));
#64720=FACE_OUTER_BOUND('',#64710,.T.);
#64730=ADVANCED_FACE('',(#64720),#64540,.T.);
#64740=CARTESIAN_POINT('',(-3.417181,-2.4404714,6.075));
#64750=DIRECTION('',(0.242535625036334,0.,0.970142500145332));
#64760=DIRECTION('',(-0.970142500145332,0.,0.242535625036334));
#64770=AXIS2_PLACEMENT_3D('',#64740,#64750,#64760);
#64780=PLANE('',#64770);
#64790=ORIENTED_EDGE('',*,*,#64690,.T.);
#64800=ORIENTED_EDGE('',*,*,#64450,.T.);
#64810=CARTESIAN_POINT('',(-3.417181,-0.372053431461694,6.075));
#64820=DIRECTION('',(0.,-1.,0.));
#64830=VECTOR('',#64820,1.);
#64840=LINE('',#64810,#64830);
#64850=CARTESIAN_POINT('',(-3.417181,-1.680469,6.075));
#64860=VERTEX_POINT('',#64850);
#64870=EDGE_CURVE('',#64860,#64380,#64840,.T.);
#64880=ORIENTED_EDGE('',*,*,#64870,.T.);
#64890=CARTESIAN_POINT('',(-0.0251477347320566,-0.832460683683013,
5.22699168368301));
#64900=DIRECTION('',(0.942809041582063,0.235702260395516,
-0.235702260395517));
#64910=VECTOR('',#64900,1.);
#64920=LINE('',#64890,#64910);
#64930=EDGE_CURVE('',#64600,#64860,#64920,.T.);
#64940=ORIENTED_EDGE('',*,*,#64930,.T.);
#64950=EDGE_LOOP('',(#64940,#64880,#64800,#64790));
#64960=FACE_OUTER_BOUND('',#64950,.T.);
#64970=ADVANCED_FACE('',(#64960),#64780,.F.);
#64980=CARTESIAN_POINT('',(-3.417181,-1.680469,6.075));
#64990=DIRECTION('',(0.,1.,0.));
#65000=DIRECTION('',(1.,0.,0.));
#65010=AXIS2_PLACEMENT_3D('',#64980,#64990,#65000);
#65020=PLANE('',#65010);
#65030=ORIENTED_EDGE('',*,*,#63260,.T.);
#65040=ORIENTED_EDGE('',*,*,#63810,.T.);
#65050=CARTESIAN_POINT('',(-3.417181,-1.680469,6.075));
#65060=DIRECTION('',(0.,0.,1.));
#65070=VECTOR('',#65060,1.);
#65080=LINE('',#65050,#65070);
#65090=EDGE_CURVE('',#64860,#63740,#65080,.T.);
#65100=ORIENTED_EDGE('',*,*,#65090,.T.);
#65110=CARTESIAN_POINT('',(-0.0251477347320566,-1.680469,6.075));
#65120=DIRECTION('',(1.,0.,0.));
#65130=VECTOR('',#65120,1.);
#65140=LINE('',#65110,#65130);
#65150=EDGE_CURVE('',#64860,#63250,#65140,.T.);
#65160=ORIENTED_EDGE('',*,*,#65150,.F.);
#65170=EDGE_LOOP('',(#65160,#65100,#65040,#65030));
#65180=FACE_OUTER_BOUND('',#65170,.T.);
#65190=ADVANCED_FACE('',(#65180),#65020,.T.);
#65200=CARTESIAN_POINT('',(-3.717181,-1.755469,6.075));
#65210=DIRECTION('',(-0.242535625036333,0.970142500145332,0.));
#65220=DIRECTION('',(0.970142500145332,0.242535625036333,0.));
#65230=AXIS2_PLACEMENT_3D('',#65200,#65210,#65220);
#65240=PLANE('',#65230);
#65250=ORIENTED_EDGE('',*,*,#64610,.T.);
#65260=ORIENTED_EDGE('',*,*,#64930,.F.);
#65270=ORIENTED_EDGE('',*,*,#65090,.F.);
#65280=ORIENTED_EDGE('',*,*,#64070,.F.);
#65290=EDGE_LOOP('',(#65280,#65270,#65260,#65250));
#65300=FACE_OUTER_BOUND('',#65290,.T.);
#65310=ADVANCED_FACE('',(#65300),#65240,.T.);
#65320=CARTESIAN_POINT('',(0.147819,-2.030469,6.075));
#65330=DIRECTION('',(0.,-1.,0.));
#65340=DIRECTION('',(-1.,0.,0.));
#65350=AXIS2_PLACEMENT_3D('',#65320,#65330,#65340);
#65360=PLANE('',#65350);
#65370=CARTESIAN_POINT('',(-0.0251477347320566,-2.030469,6.075));
#65380=DIRECTION('',(-1.,0.,0.));
#65390=VECTOR('',#65380,1.);
#65400=LINE('',#65370,#65390);
#65410=CARTESIAN_POINT('',(-0.302181,-2.030469,6.075));
#65420=VERTEX_POINT('',#65410);
#65430=EDGE_CURVE('',#65420,#64380,#65400,.T.);
#65440=ORIENTED_EDGE('',*,*,#65430,.F.);
#65450=ORIENTED_EDGE('',*,*,#64390,.T.);
#65460=ORIENTED_EDGE('',*,*,#63670,.T.);
#65470=CARTESIAN_POINT('',(-0.302181,-2.030469,6.075));
#65480=DIRECTION('',(0.,0.,1.));
#65490=VECTOR('',#65480,1.);
#65500=LINE('',#65470,#65490);
#65510=EDGE_CURVE('',#65420,#63580,#65500,.T.);
#65520=ORIENTED_EDGE('',*,*,#65510,.T.);
#65530=EDGE_LOOP('',(#65520,#65460,#65450,#65440));
#65540=FACE_OUTER_BOUND('',#65530,.T.);
#65550=ADVANCED_FACE('',(#65540),#65360,.T.);
#65560=CARTESIAN_POINT('',(-0.302181,-1.580469,6.075));
#65570=DIRECTION('',(0.,0.,1.));
#65580=DIRECTION('',(1.,0.,0.));
#65590=AXIS2_PLACEMENT_3D('',#65560,#65570,#65580);
#65600=CYLINDRICAL_SURFACE('',#65590,0.45);
#65610=ORIENTED_EDGE('',*,*,#63590,.F.);
#65620=CARTESIAN_POINT('',(0.147819,-1.580469,6.075));
#65630=DIRECTION('',(0.,0.,1.));
#65640=VECTOR('',#65630,1.);
#65650=LINE('',#65620,#65640);
#65660=CARTESIAN_POINT('',(0.147819,-1.580469,6.075));
#65670=VERTEX_POINT('',#65660);
#65680=EDGE_CURVE('',#65670,#63490,#65650,.T.);
#65690=ORIENTED_EDGE('',*,*,#65680,.T.);
#65700=CARTESIAN_POINT('',(-0.302181,-1.580469,6.075));
#65710=DIRECTION('',(0.,0.,1.));
#65720=DIRECTION('',(1.,0.,0.));
#65730=AXIS2_PLACEMENT_3D('',#65700,#65710,#65720);
#65740=CIRCLE('',#65730,0.45);
#65750=EDGE_CURVE('',#65420,#65670,#65740,.T.);
#65760=ORIENTED_EDGE('',*,*,#65750,.T.);
#65770=ORIENTED_EDGE('',*,*,#65510,.F.);
#65780=EDGE_LOOP('',(#65770,#65760,#65690,#65610));
#65790=FACE_OUTER_BOUND('',#65780,.T.);
#65800=ADVANCED_FACE('',(#65790),#65600,.T.);
#65810=CARTESIAN_POINT('',(-0.0251477347320566,-0.372053431461694,6.075)
);
#65820=DIRECTION('',(0.,0.,1.));
#65830=DIRECTION('',(1.,0.,0.));
#65840=AXIS2_PLACEMENT_3D('',#65810,#65820,#65830);
#65850=PLANE('',#65840);
#65860=ORIENTED_EDGE('',*,*,#63330,.F.);
#65870=ORIENTED_EDGE('',*,*,#65150,.T.);
#65880=ORIENTED_EDGE('',*,*,#64870,.F.);
#65890=ORIENTED_EDGE('',*,*,#65430,.T.);
#65900=ORIENTED_EDGE('',*,*,#65750,.F.);
#65910=CARTESIAN_POINT('',(0.147819,-0.372053431461694,6.075));
#65920=DIRECTION('',(-2.31296463463574E-17,1.,0.));
#65930=VECTOR('',#65920,1.);
#65940=LINE('',#65910,#65930);
#65950=EDGE_CURVE('',#65670,#41140,#65940,.T.);
#65960=ORIENTED_EDGE('',*,*,#65950,.F.);
#65970=ORIENTED_EDGE('',*,*,#41170,.F.);
#65980=EDGE_LOOP('',(#65970,#65960,#65900,#65890,#65880,#65870,#65860));
#65990=FACE_OUTER_BOUND('',#65980,.T.);
#66000=ADVANCED_FACE('',(#65990),#65850,.F.);
#66010=CARTESIAN_POINT('',(0.147819,1.769531,6.075));
#66020=DIRECTION('',(1.,2.31296463463574E-17,0.));
#66030=DIRECTION('',(2.31296463463574E-17,-1.,0.));
#66040=AXIS2_PLACEMENT_3D('',#66010,#66020,#66030);
#66050=PLANE('',#66040);
#66060=ORIENTED_EDGE('',*,*,#65950,.T.);
#66070=ORIENTED_EDGE('',*,*,#65680,.F.);
#66080=ORIENTED_EDGE('',*,*,#63500,.F.);
#66090=ORIENTED_EDGE('',*,*,#41250,.T.);
#66100=EDGE_LOOP('',(#66090,#66080,#66070,#66060));
#66110=FACE_OUTER_BOUND('',#66100,.T.);
#66120=ADVANCED_FACE('',(#66110),#66050,.T.);
#66130=CARTESIAN_POINT('',(0.372819,2.769531,2.7));
#66140=DIRECTION('',(-2.34290668463255E-15,-1.,0.));
#66150=DIRECTION('',(-1.,2.34290668463255E-15,0.));
#66160=AXIS2_PLACEMENT_3D('',#66130,#66140,#66150);
#66170=PLANE('',#66160);
#66180=ORIENTED_EDGE('',*,*,#18160,.T.);
#66190=ORIENTED_EDGE('',*,*,#15770,.T.);
#66200=ORIENTED_EDGE('',*,*,#17900,.F.);
#66210=ORIENTED_EDGE('',*,*,#10790,.T.);
#66220=CARTESIAN_POINT('',(-1.66533453693773E-16,2.769531,10.2));
#66230=DIRECTION('',(1.,0.,0.));
#66240=VECTOR('',#66230,1.);
#66250=LINE('',#66220,#66240);
#66260=CARTESIAN_POINT('',(0.372819,2.769531,10.2));
#66270=VERTEX_POINT('',#66260);
#66280=EDGE_CURVE('',#66270,#10700,#66250,.T.);
#66290=ORIENTED_EDGE('',*,*,#66280,.T.);
#66300=CARTESIAN_POINT('',(0.372819,2.769531,10.2));
#66310=DIRECTION('',(0.,0.,-1.));
#66320=VECTOR('',#66310,1.);
#66330=LINE('',#66300,#66320);
#66340=CARTESIAN_POINT('',(0.372819,2.769531,9.7));
#66350=VERTEX_POINT('',#66340);
#66360=EDGE_CURVE('',#66270,#66350,#66330,.T.);
#66370=ORIENTED_EDGE('',*,*,#66360,.F.);
#66380=CARTESIAN_POINT('',(0.372818999999999,2.769531,9.7));
#66390=DIRECTION('',(1.,1.11022302462516E-16,0.));
#66400=VECTOR('',#66390,1.);
#66410=LINE('',#66380,#66400);
#66420=CARTESIAN_POINT('',(0.782819,2.769531,9.7));
#66430=VERTEX_POINT('',#66420);
#66440=EDGE_CURVE('',#66350,#66430,#66410,.T.);
#66450=ORIENTED_EDGE('',*,*,#66440,.F.);
#66460=CARTESIAN_POINT('',(0.782818999999999,2.769531,-6.87499999999999)
);
#66470=DIRECTION('',(0.,0.,-1.));
#66480=VECTOR('',#66470,1.);
#66490=LINE('',#66460,#66480);
#66500=EDGE_CURVE('',#66430,#18150,#66490,.T.);
#66510=ORIENTED_EDGE('',*,*,#66500,.F.);
#66520=EDGE_LOOP('',(#66510,#66450,#66370,#66290,#66210,#66200,#66190,
#66180));
#66530=FACE_OUTER_BOUND('',#66520,.T.);
#66540=ADVANCED_FACE('',(#66530),#66170,.F.);
#66550=CARTESIAN_POINT('',(0.584885317322113,2.49949213364257,10.2));
#66560=DIRECTION('',(0.,0.,-1.));
#66570=DIRECTION('',(-1.,1.22460635382238E-16,0.));
#66580=AXIS2_PLACEMENT_3D('',#66550,#66560,#66570);
#66590=PLANE('',#66580);
#66600=CARTESIAN_POINT('',(0.,-0.530469000000001,10.2));
#66610=DIRECTION('',(1.,-1.83690953073357E-16,0.));
#66620=VECTOR('',#66610,1.);
#66630=LINE('',#66600,#66620);
#66640=CARTESIAN_POINT('',(-1.717181,-0.530469,10.2));
#66650=VERTEX_POINT('',#66640);
#66660=CARTESIAN_POINT('',(-1.667181,-0.530469,10.2));
#66670=VERTEX_POINT('',#66660);
#66680=EDGE_CURVE('',#66650,#66670,#66630,.T.);
#66690=ORIENTED_EDGE('',*,*,#66680,.T.);
#66700=CARTESIAN_POINT('',(-1.717181,-2.33802133523756E-16,10.2));
#66710=DIRECTION('',(1.26531814539921E-15,-1.,0.));
#66720=VECTOR('',#66710,1.);
#66730=LINE('',#66700,#66720);
#66740=CARTESIAN_POINT('',(-1.717181,-0.363802333333335,10.2));
#66750=VERTEX_POINT('',#66740);
#66760=EDGE_CURVE('',#66750,#66650,#66730,.T.);
#66770=ORIENTED_EDGE('',*,*,#66760,.T.);
#66780=CARTESIAN_POINT('',(-1.8263217,0.,10.2));
#66790=DIRECTION('',(-0.287347885566345,0.957826285221152,0.));
#66800=VECTOR('',#66790,1.);
#66810=LINE('',#66780,#66800);
#66820=EDGE_CURVE('',#66670,#66750,#66810,.T.);
#66830=ORIENTED_EDGE('',*,*,#66820,.T.);
#66840=EDGE_LOOP('',(#66830,#66770,#66690));
#66850=FACE_OUTER_BOUND('',#66840,.T.);
#66860=ADVANCED_FACE('',(#66850),#66590,.F.);
#66870=CARTESIAN_POINT('',(-2.5571834,-2.030469,6.42600000000001));
#66880=DIRECTION('',(0.,0.,1.));
#66890=DIRECTION('',(1.22460635382238E-16,1.,0.));
#66900=AXIS2_PLACEMENT_3D('',#66870,#66880,#66890);
#66910=PLANE('',#66900);
#66920=CARTESIAN_POINT('',(1.182819,-2.030469,6.42600000000001));
#66930=DIRECTION('',(-1.,1.22460635382238E-16,0.));
#66940=VECTOR('',#66930,1.);
#66950=LINE('',#66920,#66940);
#66960=CARTESIAN_POINT('',(-1.017181,-2.030469,6.42600000000001));
#66970=VERTEX_POINT('',#66960);
#66980=EDGE_CURVE('',#9340,#66970,#66950,.T.);
#66990=ORIENTED_EDGE('',*,*,#66980,.T.);
#67000=ORIENTED_EDGE('',*,*,#9350,.F.);
#67010=ORIENTED_EDGE('',*,*,#39400,.T.);
#67020=CARTESIAN_POINT('',(-1.017181,-5.41569183216354E-16,
6.42600000000001));
#67030=DIRECTION('',(1.22460635382238E-16,1.,0.));
#67040=VECTOR('',#67030,1.);
#67050=LINE('',#67020,#67040);
#67060=EDGE_CURVE('',#66970,#39370,#67050,.T.);
#67070=ORIENTED_EDGE('',*,*,#67060,.T.);
#67080=EDGE_LOOP('',(#67070,#67010,#67000,#66990));
#67090=FACE_OUTER_BOUND('',#67080,.T.);
#67100=ADVANCED_FACE('',(#67090),#66910,.F.);
#67110=CARTESIAN_POINT('',(-1.017181,-2.030469,4.37500000000001));
#67120=DIRECTION('',(-1.,1.22460635382238E-16,0.));
#67130=DIRECTION('',(1.22460635382238E-16,1.,0.));
#67140=AXIS2_PLACEMENT_3D('',#67110,#67120,#67130);
#67150=PLANE('',#67140);
#67160=ORIENTED_EDGE('',*,*,#39380,.F.);
#67170=CARTESIAN_POINT('',(-1.017181,-4.44089209850063E-16,
7.32400000000001));
#67180=DIRECTION('',(0.,1.,0.));
#67190=VECTOR('',#67180,1.);
#67200=LINE('',#67170,#67190);
#67210=CARTESIAN_POINT('',(-1.017181,-2.030469,7.32400000000001));
#67220=VERTEX_POINT('',#67210);
#67230=EDGE_CURVE('',#67220,#39290,#67200,.T.);
#67240=ORIENTED_EDGE('',*,*,#67230,.T.);
#67250=CARTESIAN_POINT('',(-1.017181,-2.03046899999998,2.5));
#67260=DIRECTION('',(2.98808030871684E-31,4.44089209850064E-15,-1.));
#67270=VECTOR('',#67260,1.);
#67280=LINE('',#67250,#67270);
#67290=EDGE_CURVE('',#67220,#66970,#67280,.T.);
#67300=ORIENTED_EDGE('',*,*,#67290,.F.);
#67310=ORIENTED_EDGE('',*,*,#67060,.F.);
#67320=EDGE_LOOP('',(#67310,#67300,#67240,#67160));
#67330=FACE_OUTER_BOUND('',#67320,.T.);
#67340=ADVANCED_FACE('',(#67330),#67150,.T.);
#67350=CARTESIAN_POINT('',(1.182819,-2.030469,7.22400000000001));
#67360=DIRECTION('',(0.,1.,-4.44089209850064E-15));
#67370=DIRECTION('',(0.,-4.44089209850064E-15,-1.));
#67380=AXIS2_PLACEMENT_3D('',#67350,#67360,#67370);
#67390=PLANE('',#67380);
#67400=ORIENTED_EDGE('',*,*,#9430,.F.);
#67410=ORIENTED_EDGE('',*,*,#66980,.F.);
#67420=ORIENTED_EDGE('',*,*,#67290,.T.);
#67430=CARTESIAN_POINT('',(1.182819,-2.030469,7.32400000000001));
#67440=DIRECTION('',(-1.,0.,0.));
#67450=VECTOR('',#67440,1.);
#67460=LINE('',#67430,#67450);
#67470=EDGE_CURVE('',#9420,#67220,#67460,.T.);
#67480=ORIENTED_EDGE('',*,*,#67470,.T.);
#67490=EDGE_LOOP('',(#67480,#67420,#67410,#67400));
#67500=FACE_OUTER_BOUND('',#67490,.T.);
#67510=ADVANCED_FACE('',(#67500),#67390,.F.);
#67520=CARTESIAN_POINT('',(-2.5571834,-2.030469,7.32400000000001));
#67530=DIRECTION('',(0.,0.,1.));
#67540=DIRECTION('',(0.,1.,0.));
#67550=AXIS2_PLACEMENT_3D('',#67520,#67530,#67540);
#67560=PLANE('',#67550);
#67570=ORIENTED_EDGE('',*,*,#67230,.F.);
#67580=ORIENTED_EDGE('',*,*,#39300,.F.);
#67590=ORIENTED_EDGE('',*,*,#9510,.T.);
#67600=ORIENTED_EDGE('',*,*,#67470,.F.);
#67610=EDGE_LOOP('',(#67600,#67590,#67580,#67570));
#67620=FACE_OUTER_BOUND('',#67610,.T.);
#67630=ADVANCED_FACE('',(#67620),#67560,.T.);
#67640=CARTESIAN_POINT('',(0.782819000000001,-9.58645121292881E-17,10.6)
);
#67650=DIRECTION('',(-1.83690953073357E-16,-1.,8.83363139618221E-33));
#67660=DIRECTION('',(-1.,1.83690953073357E-16,1.22460635382238E-16));
#67670=AXIS2_PLACEMENT_3D('',#67640,#67650,#67660);
#67680=CYLINDRICAL_SURFACE('',#67670,0.4);
#67690=ORIENTED_EDGE('',*,*,#32180,.F.);
#67700=ORIENTED_EDGE('',*,*,#10630,.T.);
#67710=ORIENTED_EDGE('',*,*,#56140,.T.);
#67720=CARTESIAN_POINT('',(0.782819000000001,-9.58645121292881E-17,10.2)
);
#67730=DIRECTION('',(-1.83690953073357E-16,-1.,4.41681569809111E-33));
#67740=VECTOR('',#67730,1.);
#67750=LINE('',#67720,#67740);
#67760=EDGE_CURVE('',#56130,#32090,#67750,.T.);
#67770=ORIENTED_EDGE('',*,*,#67760,.F.);
#67780=EDGE_LOOP('',(#67770,#67710,#67700,#67690));
#67790=FACE_OUTER_BOUND('',#67780,.T.);
#67800=ADVANCED_FACE('',(#67790),#67680,.T.);
#67810=CARTESIAN_POINT('',(-2.5571834,-1.530469,6.07400000000001));
#67820=DIRECTION('',(0.,0.,-1.));
#67830=DIRECTION('',(-1.22460635382238E-16,-1.,0.));
#67840=AXIS2_PLACEMENT_3D('',#67810,#67820,#67830);
#67850=PLANE('',#67840);
#67860=ORIENTED_EDGE('',*,*,#5960,.F.);
#67870=ORIENTED_EDGE('',*,*,#12520,.T.);
#67880=ORIENTED_EDGE('',*,*,#39470,.T.);
#67890=ORIENTED_EDGE('',*,*,#9190,.F.);
#67900=EDGE_LOOP('',(#67890,#67880,#67870,#67860));
#67910=FACE_OUTER_BOUND('',#67900,.T.);
#67920=ADVANCED_FACE('',(#67910),#67850,.F.);
#67930=CARTESIAN_POINT('',(0.372819,2.669531,10.2));
#67940=DIRECTION('',(1.,4.32650876930341E-16,0.));
#67950=DIRECTION('',(4.32650876930341E-16,-1.,0.));
#67960=AXIS2_PLACEMENT_3D('',#67930,#67940,#67950);
#67970=PLANE('',#67960);
#67980=CARTESIAN_POINT('',(0.372819,-0.230469000000001,9.7));
#67990=DIRECTION('',(-1.11022302462516E-16,1.,0.));
#68000=VECTOR('',#67990,1.);
#68010=LINE('',#67980,#68000);
#68020=CARTESIAN_POINT('',(0.372819,1.769531,9.7));
#68030=VERTEX_POINT('',#68020);
#68040=EDGE_CURVE('',#68030,#66350,#68010,.T.);
#68050=ORIENTED_EDGE('',*,*,#68040,.F.);
#68060=ORIENTED_EDGE('',*,*,#66360,.T.);
#68070=CARTESIAN_POINT('',(0.372819,-0.230469000000001,10.2));
#68080=DIRECTION('',(-1.11022302462516E-16,1.,0.));
#68090=VECTOR('',#68080,1.);
#68100=LINE('',#68070,#68090);
#68110=CARTESIAN_POINT('',(0.372819,1.769531,10.2));
#68120=VERTEX_POINT('',#68110);
#68130=EDGE_CURVE('',#68120,#66270,#68100,.T.);
#68140=ORIENTED_EDGE('',*,*,#68130,.T.);
#68150=CARTESIAN_POINT('',(0.372819,1.769531,9.7));
#68160=DIRECTION('',(0.,0.,1.));
#68170=VECTOR('',#68160,1.);
#68180=LINE('',#68150,#68170);
#68190=EDGE_CURVE('',#68030,#68120,#68180,.T.);
#68200=ORIENTED_EDGE('',*,*,#68190,.T.);
#68210=EDGE_LOOP('',(#68200,#68140,#68060,#68050));
#68220=FACE_OUTER_BOUND('',#68210,.T.);
#68230=ADVANCED_FACE('',(#68220),#67970,.F.);
#68240=CARTESIAN_POINT('',(0.782819,2.769531,2.00000240000001));
#68250=DIRECTION('',(-1.,1.22460635382238E-16,0.));
#68260=DIRECTION('',(-1.22460635382238E-16,-1.,0.));
#68270=AXIS2_PLACEMENT_3D('',#68240,#68250,#68260);
#68280=PLANE('',#68270);
#68290=ORIENTED_EDGE('',*,*,#18240,.T.);
#68300=ORIENTED_EDGE('',*,*,#66500,.T.);
#68310=CARTESIAN_POINT('',(0.782819,-5.39953721979351E-16,9.7));
#68320=DIRECTION('',(0.,-1.,0.));
#68330=VECTOR('',#68320,1.);
#68340=LINE('',#68310,#68330);
#68350=CARTESIAN_POINT('',(0.782818999999999,-0.230469000000001,9.7));
#68360=VERTEX_POINT('',#68350);
#68370=EDGE_CURVE('',#66430,#68360,#68340,.T.);
#68380=ORIENTED_EDGE('',*,*,#68370,.F.);
#68390=CARTESIAN_POINT('',(0.782819,-0.230469,9.2499976));
#68400=DIRECTION('',(0.,0.,1.));
#68410=VECTOR('',#68400,1.);
#68420=LINE('',#68390,#68410);
#68430=EDGE_CURVE('',#18230,#68360,#68420,.T.);
#68440=ORIENTED_EDGE('',*,*,#68430,.T.);
#68450=EDGE_LOOP('',(#68440,#68380,#68300,#68290));
#68460=FACE_OUTER_BOUND('',#68450,.T.);
#68470=ADVANCED_FACE('',(#68460),#68280,.T.);
#68480=ORIENTED_EDGE('',*,*,#32520,.T.);
#68490=ORIENTED_EDGE('',*,*,#22620,.T.);
#68500=ORIENTED_EDGE('',*,*,#38180,.T.);
#68510=ORIENTED_EDGE('',*,*,#31530,.T.);
#68520=EDGE_LOOP('',(#68510,#68500,#68490,#68480));
#68530=FACE_OUTER_BOUND('',#68520,.T.);
#68540=ADVANCED_FACE('',(#68530),#67850,.F.);
#68550=CARTESIAN_POINT('',(-2.5571834,-1.530469,7.67600000000001));
#68560=DIRECTION('',(0.,0.,-1.));
#68570=DIRECTION('',(0.,-1.,0.));
#68580=AXIS2_PLACEMENT_3D('',#68550,#68560,#68570);
#68590=PLANE('',#68580);
#68600=CARTESIAN_POINT('',(-1.517181,-2.58294260600204E-16,
7.67600000000001));
#68610=DIRECTION('',(0.,1.,0.));
#68620=VECTOR('',#68610,1.);
#68630=LINE('',#68600,#68620);
#68640=CARTESIAN_POINT('',(-1.517181,-2.030469,7.67600000000001));
#68650=VERTEX_POINT('',#68640);
#68660=EDGE_CURVE('',#68650,#38490,#68630,.T.);
#68670=ORIENTED_EDGE('',*,*,#68660,.F.);
#68680=ORIENTED_EDGE('',*,*,#38500,.F.);
#68690=ORIENTED_EDGE('',*,*,#22180,.F.);
#68700=CARTESIAN_POINT('',(-2.217181,-2.030469,7.67600000000001));
#68710=DIRECTION('',(1.,-1.22460635382238E-16,0.));
#68720=VECTOR('',#68710,1.);
#68730=LINE('',#68700,#68720);
#68740=EDGE_CURVE('',#22090,#68650,#68730,.T.);
#68750=ORIENTED_EDGE('',*,*,#68740,.F.);
#68760=EDGE_LOOP('',(#68750,#68690,#68680,#68670));
#68770=FACE_OUTER_BOUND('',#68760,.T.);
#68780=ADVANCED_FACE('',(#68770),#68590,.T.);
#68790=CARTESIAN_POINT('',(-2.217181,-2.030469,7.77600000000001));
#68800=DIRECTION('',(1.22460635382238E-16,1.,4.44089209850064E-15));
#68810=DIRECTION('',(-5.43834468046348E-31,-4.44089209850064E-15,1.));
#68820=AXIS2_PLACEMENT_3D('',#68790,#68800,#68810);
#68830=PLANE('',#68820);
#68840=ORIENTED_EDGE('',*,*,#22100,.T.);
#68850=CARTESIAN_POINT('',(-2.217181,-2.030469,8.57400000000001));
#68860=DIRECTION('',(1.,-1.22460635382238E-16,0.));
#68870=VECTOR('',#68860,1.);
#68880=LINE('',#68850,#68870);
#68890=CARTESIAN_POINT('',(-1.517181,-2.030469,8.57400000000001));
#68900=VERTEX_POINT('',#68890);
#68910=EDGE_CURVE('',#22010,#68900,#68880,.T.);
#68920=ORIENTED_EDGE('',*,*,#68910,.F.);
#68930=CARTESIAN_POINT('',(-1.517181,-2.030469,11.25));
#68940=DIRECTION('',(0.,0.,-1.));
#68950=VECTOR('',#68940,1.);
#68960=LINE('',#68930,#68950);
#68970=EDGE_CURVE('',#68900,#68650,#68960,.T.);
#68980=ORIENTED_EDGE('',*,*,#68970,.F.);
#68990=ORIENTED_EDGE('',*,*,#68740,.T.);
#69000=EDGE_LOOP('',(#68990,#68980,#68920,#68840));
#69010=FACE_OUTER_BOUND('',#69000,.T.);
#69020=ADVANCED_FACE('',(#69010),#68830,.F.);
#69030=CARTESIAN_POINT('',(-2.5571834,-2.030469,8.57400000000001));
#69040=DIRECTION('',(0.,0.,1.));
#69050=DIRECTION('',(0.,1.,0.));
#69060=AXIS2_PLACEMENT_3D('',#69030,#69040,#69050);
#69070=PLANE('',#69060);
#69080=ORIENTED_EDGE('',*,*,#22020,.F.);
#69090=ORIENTED_EDGE('',*,*,#38640,.F.);
#69100=CARTESIAN_POINT('',(-1.517181,-4.44089209850063E-16,
8.57400000000001));
#69110=DIRECTION('',(0.,-1.,0.));
#69120=VECTOR('',#69110,1.);
#69130=LINE('',#69100,#69120);
#69140=EDGE_CURVE('',#38570,#68900,#69130,.T.);
#69150=ORIENTED_EDGE('',*,*,#69140,.F.);
#69160=ORIENTED_EDGE('',*,*,#68910,.T.);
#69170=EDGE_LOOP('',(#69160,#69150,#69090,#69080));
#69180=FACE_OUTER_BOUND('',#69170,.T.);
#69190=ADVANCED_FACE('',(#69180),#69070,.T.);
#69200=ORIENTED_EDGE('',*,*,#68970,.T.);
#69210=ORIENTED_EDGE('',*,*,#69140,.T.);
#69220=ORIENTED_EDGE('',*,*,#38580,.T.);
#69230=ORIENTED_EDGE('',*,*,#68660,.T.);
#69240=EDGE_LOOP('',(#69230,#69220,#69210,#69200));
#69250=FACE_OUTER_BOUND('',#69240,.T.);
#69260=ADVANCED_FACE('',(#69250),#23720,.F.);
#69270=ORIENTED_EDGE('',*,*,#22300,.T.);
#69280=ORIENTED_EDGE('',*,*,#38410,.F.);
#69290=CARTESIAN_POINT('',(-1.517181,-2.58294260600204E-16,
7.32400000000001));
#69300=DIRECTION('',(0.,-1.,0.));
#69310=VECTOR('',#69300,1.);
#69320=LINE('',#69290,#69310);
#69330=CARTESIAN_POINT('',(-1.517181,-2.030469,7.32400000000001));
#69340=VERTEX_POINT('',#69330);
#69350=EDGE_CURVE('',#38340,#69340,#69320,.T.);
#69360=ORIENTED_EDGE('',*,*,#69350,.F.);
#69370=CARTESIAN_POINT('',(-2.217181,-2.030469,7.32400000000001));
#69380=DIRECTION('',(1.,-1.22460635382238E-16,0.));
#69390=VECTOR('',#69380,1.);
#69400=LINE('',#69370,#69390);
#69410=EDGE_CURVE('',#22290,#69340,#69400,.T.);
#69420=ORIENTED_EDGE('',*,*,#69410,.T.);
#69430=EDGE_LOOP('',(#69420,#69360,#69280,#69270));
#69440=FACE_OUTER_BOUND('',#69430,.T.);
#69450=ADVANCED_FACE('',(#69440),#67560,.T.);
#69460=CARTESIAN_POINT('',(-2.217181,-2.030469,6.42600000000001));
#69470=DIRECTION('',(-2.44921270764475E-16,-1.,-4.44089209850064E-15));
#69480=DIRECTION('',(1.0876689360927E-30,4.44089209850064E-15,-1.));
#69490=AXIS2_PLACEMENT_3D('',#69460,#69470,#69480);
#69500=PLANE('',#69490);
#69510=CARTESIAN_POINT('',(-1.517181,-2.030469,5.62500000000001));
#69520=DIRECTION('',(0.,0.,1.));
#69530=VECTOR('',#69520,1.);
#69540=LINE('',#69510,#69530);
#69550=CARTESIAN_POINT('',(-1.517181,-2.030469,6.42600000000001));
#69560=VERTEX_POINT('',#69550);
#69570=EDGE_CURVE('',#69560,#69340,#69540,.T.);
#69580=ORIENTED_EDGE('',*,*,#69570,.T.);
#69590=CARTESIAN_POINT('',(-2.217181,-2.030469,6.42600000000001));
#69600=DIRECTION('',(1.,-2.44921270764475E-16,0.));
#69610=VECTOR('',#69600,1.);
#69620=LINE('',#69590,#69610);
#69630=EDGE_CURVE('',#22370,#69560,#69620,.T.);
#69640=ORIENTED_EDGE('',*,*,#69630,.T.);
#69650=ORIENTED_EDGE('',*,*,#22380,.T.);
#69660=ORIENTED_EDGE('',*,*,#69410,.F.);
#69670=EDGE_LOOP('',(#69660,#69650,#69640,#69580));
#69680=FACE_OUTER_BOUND('',#69670,.T.);
#69690=ADVANCED_FACE('',(#69680),#69500,.T.);
#69700=ORIENTED_EDGE('',*,*,#69570,.F.);
#69710=ORIENTED_EDGE('',*,*,#69350,.T.);
#69720=ORIENTED_EDGE('',*,*,#38350,.T.);
#69730=CARTESIAN_POINT('',(-1.517181,-2.94543916275376E-16,
6.42600000000001));
#69740=DIRECTION('',(-1.22460635382238E-16,-1.,0.));
#69750=VECTOR('',#69740,1.);
#69760=LINE('',#69730,#69750);
#69770=EDGE_CURVE('',#38260,#69560,#69760,.T.);
#69780=ORIENTED_EDGE('',*,*,#69770,.F.);
#69790=EDGE_LOOP('',(#69780,#69720,#69710,#69700));
#69800=FACE_OUTER_BOUND('',#69790,.T.);
#69810=ADVANCED_FACE('',(#69800),#23720,.F.);
#69820=ORIENTED_EDGE('',*,*,#69630,.F.);
#69830=ORIENTED_EDGE('',*,*,#69770,.T.);
#69840=ORIENTED_EDGE('',*,*,#38270,.T.);
#69850=ORIENTED_EDGE('',*,*,#22460,.F.);
#69860=EDGE_LOOP('',(#69850,#69840,#69830,#69820));
#69870=FACE_OUTER_BOUND('',#69860,.T.);
#69880=ADVANCED_FACE('',(#69870),#66910,.F.);
#69890=CARTESIAN_POINT('',(-2.5571834,-1.530469,8.92600000000001));
#69900=DIRECTION('',(0.,0.,-1.));
#69910=DIRECTION('',(0.,-1.,0.));
#69920=AXIS2_PLACEMENT_3D('',#69890,#69900,#69910);
#69930=PLANE('',#69920);
#69940=ORIENTED_EDGE('',*,*,#23810,.F.);
#69950=ORIENTED_EDGE('',*,*,#38710,.F.);
#69960=ORIENTED_EDGE('',*,*,#21860,.T.);
#69970=ORIENTED_EDGE('',*,*,#55970,.F.);
#69980=EDGE_LOOP('',(#69970,#69960,#69950,#69940));
#69990=FACE_OUTER_BOUND('',#69980,.T.);
#70000=ADVANCED_FACE('',(#69990),#69930,.T.);
#70010=ORIENTED_EDGE('',*,*,#9670,.T.);
#70020=ORIENTED_EDGE('',*,*,#39250,.F.);
#70030=CARTESIAN_POINT('',(-1.017181,-4.44089209850063E-16,
7.67600000000001));
#70040=DIRECTION('',(0.,-1.,0.));
#70050=VECTOR('',#70040,1.);
#70060=LINE('',#70030,#70050);
#70070=CARTESIAN_POINT('',(-1.017181,-2.030469,7.67600000000001));
#70080=VERTEX_POINT('',#70070);
#70090=EDGE_CURVE('',#39180,#70080,#70060,.T.);
#70100=ORIENTED_EDGE('',*,*,#70090,.F.);
#70110=CARTESIAN_POINT('',(1.182819,-2.030469,7.67600000000001));
#70120=DIRECTION('',(-1.,0.,0.));
#70130=VECTOR('',#70120,1.);
#70140=LINE('',#70110,#70130);
#70150=EDGE_CURVE('',#9660,#70080,#70140,.T.);
#70160=ORIENTED_EDGE('',*,*,#70150,.T.);
#70170=EDGE_LOOP('',(#70160,#70100,#70020,#70010));
#70180=FACE_OUTER_BOUND('',#70170,.T.);
#70190=ADVANCED_FACE('',(#70180),#68590,.T.);
#70200=CARTESIAN_POINT('',(-1.017181,-2.030469,9.37500000000001));
#70210=DIRECTION('',(1.,0.,0.));
#70220=DIRECTION('',(0.,1.,0.));
#70230=AXIS2_PLACEMENT_3D('',#70200,#70210,#70220);
#70240=PLANE('',#70230);
#70250=CARTESIAN_POINT('',(-1.017181,-2.030469,11.25));
#70260=DIRECTION('',(0.,0.,1.));
#70270=VECTOR('',#70260,1.);
#70280=LINE('',#70250,#70270);
#70290=CARTESIAN_POINT('',(-1.017181,-2.030469,8.57400000000001));
#70300=VERTEX_POINT('',#70290);
#70310=EDGE_CURVE('',#70080,#70300,#70280,.T.);
#70320=ORIENTED_EDGE('',*,*,#70310,.T.);
#70330=ORIENTED_EDGE('',*,*,#70090,.T.);
#70340=ORIENTED_EDGE('',*,*,#39190,.T.);
#70350=CARTESIAN_POINT('',(-1.017181,-4.44089209850063E-16,
8.57400000000001));
#70360=DIRECTION('',(0.,1.,0.));
#70370=VECTOR('',#70360,1.);
#70380=LINE('',#70350,#70370);
#70390=EDGE_CURVE('',#70300,#39100,#70380,.T.);
#70400=ORIENTED_EDGE('',*,*,#70390,.T.);
#70410=EDGE_LOOP('',(#70400,#70340,#70330,#70320));
#70420=FACE_OUTER_BOUND('',#70410,.T.);
#70430=ADVANCED_FACE('',(#70420),#70240,.F.);
#70440=CARTESIAN_POINT('',(-2.217181,-1.630469,11.3));
#70450=DIRECTION('',(-1.,1.83690953073357E-16,6.12303176911189E-17));
#70460=DIRECTION('',(-1.83690953073357E-16,-1.,1.49966072182214E-32));
#70470=AXIS2_PLACEMENT_3D('',#70440,#70450,#70460);
#70480=CYLINDRICAL_SURFACE('',#70470,0.4);
#70490=CARTESIAN_POINT('',(-2.217181,-1.630469,11.7));
#70500=DIRECTION('',(1.,-1.83690953073357E-16,-6.12303176911189E-17));
#70510=VECTOR('',#70500,1.);
#70520=LINE('',#70490,#70510);
#70530=CARTESIAN_POINT('',(-1.417181,-1.630469,11.7));
#70540=VERTEX_POINT('',#70530);
#70550=CARTESIAN_POINT('',(-0.767180999999999,-1.630469,11.7));
#70560=VERTEX_POINT('',#70550);
#70570=EDGE_CURVE('',#70540,#70560,#70520,.T.);
#70580=ORIENTED_EDGE('',*,*,#70570,.F.);
#70590=CARTESIAN_POINT('',(-0.767181,-1.630469,11.3));
#70600=DIRECTION('',(1.,-1.83690953073357E-16,-6.12303176911189E-17));
#70610=DIRECTION('',(-1.83690953073357E-16,-1.,1.49966072182214E-32));
#70620=AXIS2_PLACEMENT_3D('',#70590,#70600,#70610);
#70630=CIRCLE('',#70620,0.4);
#70640=CARTESIAN_POINT('',(-0.767180999999999,-2.030469,11.3));
#70650=VERTEX_POINT('',#70640);
#70660=EDGE_CURVE('',#70560,#70650,#70630,.T.);
#70670=ORIENTED_EDGE('',*,*,#70660,.F.);
#70680=CARTESIAN_POINT('',(-2.217181,-2.030469,11.3));
#70690=DIRECTION('',(-1.,1.83690953073357E-16,6.12303176911189E-17));
#70700=VECTOR('',#70690,1.);
#70710=LINE('',#70680,#70700);
#70720=CARTESIAN_POINT('',(-1.417181,-2.030469,11.3));
#70730=VERTEX_POINT('',#70720);
#70740=EDGE_CURVE('',#70650,#70730,#70710,.T.);
#70750=ORIENTED_EDGE('',*,*,#70740,.F.);
#70760=CARTESIAN_POINT('',(-1.417181,-1.630469,11.3));
#70770=DIRECTION('',(1.,-1.83690953073357E-16,-6.12303176911189E-17));
#70780=DIRECTION('',(-1.83690953073357E-16,-1.,1.49966072182214E-32));
#70790=AXIS2_PLACEMENT_3D('',#70760,#70770,#70780);
#70800=CIRCLE('',#70790,0.4);
#70810=EDGE_CURVE('',#70540,#70730,#70800,.T.);
#70820=ORIENTED_EDGE('',*,*,#70810,.T.);
#70830=EDGE_LOOP('',(#70820,#70750,#70670,#70580));
#70840=FACE_OUTER_BOUND('',#70830,.T.);
#70850=ADVANCED_FACE('',(#70840),#70480,.T.);
#70860=CARTESIAN_POINT('',(-2.217181,-2.030469,11.3));
#70870=DIRECTION('',(1.83690953073357E-16,1.,-1.1247455413666E-32));
#70880=DIRECTION('',(6.12303176911188E-17,0.,1.));
#70890=AXIS2_PLACEMENT_3D('',#70860,#70870,#70880);
#70900=PLANE('',#70890);
#70910=ORIENTED_EDGE('',*,*,#70740,.T.);
#70920=CARTESIAN_POINT('',(-0.767180999999999,-2.030469,16.6366241061569
));
#70930=DIRECTION('',(-6.12303176911189E-17,2.73691106313441E-48,-1.));
#70940=VECTOR('',#70930,1.);
#70950=LINE('',#70920,#70940);
#70960=CARTESIAN_POINT('',(-0.767181,-2.030469,10.9));
#70970=VERTEX_POINT('',#70960);
#70980=EDGE_CURVE('',#70650,#70970,#70950,.T.);
#70990=ORIENTED_EDGE('',*,*,#70980,.F.);
#71000=CARTESIAN_POINT('',(5.43608003739578E-16,-2.030469,10.9));
#71010=DIRECTION('',(1.,-1.83690953073357E-16,-6.12303176911189E-17));
#71020=VECTOR('',#71010,1.);
#71030=LINE('',#71000,#71020);
#71040=CARTESIAN_POINT('',(-0.267180999999999,-2.030469,10.9));
#71050=VERTEX_POINT('',#71040);
#71060=EDGE_CURVE('',#70970,#71050,#71030,.T.);
#71070=ORIENTED_EDGE('',*,*,#71060,.F.);
#71080=CARTESIAN_POINT('',(-0.267180999999999,-2.030469,16.6366241061569
));
#71090=DIRECTION('',(6.12303176911189E-17,-2.73691106313441E-48,1.));
#71100=VECTOR('',#71090,1.);
#71110=LINE('',#71080,#71100);
#71120=CARTESIAN_POINT('',(-0.267180999999999,-2.030469,11.3));
#71130=VERTEX_POINT('',#71120);
#71140=EDGE_CURVE('',#71050,#71130,#71110,.T.);
#71150=ORIENTED_EDGE('',*,*,#71140,.F.);
#71160=CARTESIAN_POINT('',(-2.217181,-2.030469,11.3));
#71170=DIRECTION('',(-1.,1.83690953073357E-16,6.12303176911189E-17));
#71180=VECTOR('',#71170,1.);
#71190=LINE('',#71160,#71180);
#71200=CARTESIAN_POINT('',(0.382819,-2.030469,11.3));
#71210=VERTEX_POINT('',#71200);
#71220=EDGE_CURVE('',#71210,#71130,#71190,.T.);
#71230=ORIENTED_EDGE('',*,*,#71220,.T.);
#71240=CARTESIAN_POINT('',(0.382819000000001,-2.030469,16.6366241061569)
);
#71250=DIRECTION('',(-6.12303176911188E-17,0.,-1.));
#71260=VECTOR('',#71250,1.);
#71270=LINE('',#71240,#71260);
#71280=CARTESIAN_POINT('',(0.382819,-2.030469,10.6));
#71290=VERTEX_POINT('',#71280);
#71300=EDGE_CURVE('',#71210,#71290,#71270,.T.);
#71310=ORIENTED_EDGE('',*,*,#71300,.F.);
#71320=CARTESIAN_POINT('',(-2.217181,-2.030469,10.6));
#71330=DIRECTION('',(-1.,1.83690953073357E-16,6.12303176911189E-17));
#71340=VECTOR('',#71330,1.);
#71350=LINE('',#71320,#71340);
#71360=CARTESIAN_POINT('',(-1.417181,-2.030469,10.6));
#71370=VERTEX_POINT('',#71360);
#71380=EDGE_CURVE('',#71290,#71370,#71350,.T.);
#71390=ORIENTED_EDGE('',*,*,#71380,.F.);
#71400=CARTESIAN_POINT('',(-1.417181,-2.030469,16.6366241061569));
#71410=DIRECTION('',(6.12303176911188E-17,0.,1.));
#71420=VECTOR('',#71410,1.);
#71430=LINE('',#71400,#71420);
#71440=EDGE_CURVE('',#71370,#70730,#71430,.T.);
#71450=ORIENTED_EDGE('',*,*,#71440,.F.);
#71460=EDGE_LOOP('',(#71450,#71390,#71310,#71230,#71150,#71070,#70990,
#70910));
#71470=FACE_OUTER_BOUND('',#71460,.T.);
#71480=ADVANCED_FACE('',(#71470),#70900,.F.);
#71490=CARTESIAN_POINT('',(-0.267180999999999,-2.030469,10.9));
#71500=DIRECTION('',(6.12303176911189E-17,3.74915180455534E-33,1.));
#71510=DIRECTION('',(1.,-1.83690953073357E-16,-6.12303176911189E-17));
#71520=AXIS2_PLACEMENT_3D('',#71490,#71500,#71510);
#71530=PLANE('',#71520);
#71540=CARTESIAN_POINT('',(-0.767181,-2.030469,10.9));
#71550=DIRECTION('',(1.83690953073357E-16,1.,-1.49966072182214E-32));
#71560=VECTOR('',#71550,1.);
#71570=LINE('',#71540,#71560);
#71580=CARTESIAN_POINT('',(-0.767181,-1.830469,10.9));
#71590=VERTEX_POINT('',#71580);
#71600=EDGE_CURVE('',#70970,#71590,#71570,.T.);
#71610=ORIENTED_EDGE('',*,*,#71600,.F.);
#71620=CARTESIAN_POINT('',(5.8034619435425E-16,-1.830469,10.9));
#71630=DIRECTION('',(-1.,1.83690953073357E-16,6.12303176911189E-17));
#71640=VECTOR('',#71630,1.);
#71650=LINE('',#71620,#71640);
#71660=CARTESIAN_POINT('',(-0.267180999999999,-1.830469,10.9));
#71670=VERTEX_POINT('',#71660);
#71680=EDGE_CURVE('',#71670,#71590,#71650,.T.);
#71690=ORIENTED_EDGE('',*,*,#71680,.T.);
#71700=CARTESIAN_POINT('',(-0.267180999999999,-2.030469,10.9));
#71710=DIRECTION('',(1.83690953073357E-16,1.,-1.49966072182214E-32));
#71720=VECTOR('',#71710,1.);
#71730=LINE('',#71700,#71720);
#71740=EDGE_CURVE('',#71050,#71670,#71730,.T.);
#71750=ORIENTED_EDGE('',*,*,#71740,.T.);
#71760=ORIENTED_EDGE('',*,*,#71060,.T.);
#71770=EDGE_LOOP('',(#71760,#71750,#71690,#71610));
#71780=FACE_OUTER_BOUND('',#71770,.T.);
#71790=ADVANCED_FACE('',(#71780),#71530,.T.);
#71800=CARTESIAN_POINT('',(-2.217181,-1.630469,11.3));
#71810=DIRECTION('',(-1.,1.83690953073357E-16,6.12303176911189E-17));
#71820=DIRECTION('',(-1.83690953073357E-16,-1.,1.49966072182214E-32));
#71830=AXIS2_PLACEMENT_3D('',#71800,#71810,#71820);
#71840=CYLINDRICAL_SURFACE('',#71830,0.2);
#71850=CARTESIAN_POINT('',(-2.217181,-1.830469,11.3));
#71860=DIRECTION('',(-1.,1.83690953073357E-16,6.12303176911189E-17));
#71870=VECTOR('',#71860,1.);
#71880=LINE('',#71850,#71870);
#71890=CARTESIAN_POINT('',(0.382819,-1.830469,11.3));
#71900=VERTEX_POINT('',#71890);
#71910=CARTESIAN_POINT('',(-0.267180999999999,-1.830469,11.3));
#71920=VERTEX_POINT('',#71910);
#71930=EDGE_CURVE('',#71900,#71920,#71880,.T.);
#71940=ORIENTED_EDGE('',*,*,#71930,.T.);
#71950=CARTESIAN_POINT('',(0.382819000000001,-1.630469,11.3));
#71960=DIRECTION('',(1.,-1.83690953073357E-16,-6.12303176911189E-17));
#71970=DIRECTION('',(-1.83690953073357E-16,-1.,1.49966072182214E-32));
#71980=AXIS2_PLACEMENT_3D('',#71950,#71960,#71970);
#71990=CIRCLE('',#71980,0.2);
#72000=CARTESIAN_POINT('',(0.382819000000001,-1.630469,11.5));
#72010=VERTEX_POINT('',#72000);
#72020=EDGE_CURVE('',#72010,#71900,#71990,.T.);
#72030=ORIENTED_EDGE('',*,*,#72020,.T.);
#72040=CARTESIAN_POINT('',(-2.217181,-1.630469,11.5));
#72050=DIRECTION('',(1.,-1.83690953073357E-16,-6.12303176911189E-17));
#72060=VECTOR('',#72050,1.);
#72070=LINE('',#72040,#72060);
#72080=CARTESIAN_POINT('',(-0.267180999999999,-1.630469,11.5));
#72090=VERTEX_POINT('',#72080);
#72100=EDGE_CURVE('',#72090,#72010,#72070,.T.);
#72110=ORIENTED_EDGE('',*,*,#72100,.T.);
#72120=CARTESIAN_POINT('',(-0.267180999999999,-1.630469,11.3));
#72130=DIRECTION('',(1.,-1.83690953073357E-16,-6.12303176911189E-17));
#72140=DIRECTION('',(-1.83690953073357E-16,-1.,1.49966072182214E-32));
#72150=AXIS2_PLACEMENT_3D('',#72120,#72130,#72140);
#72160=CIRCLE('',#72150,0.2);
#72170=EDGE_CURVE('',#72090,#71920,#72160,.T.);
#72180=ORIENTED_EDGE('',*,*,#72170,.F.);
#72190=EDGE_LOOP('',(#72180,#72110,#72030,#71940));
#72200=FACE_OUTER_BOUND('',#72190,.T.);
#72210=ADVANCED_FACE('',(#72200),#71840,.F.);
#72220=CARTESIAN_POINT('',(0.382819000000001,-1.330469,11.8500024));
#72230=DIRECTION('',(1.,-1.83690953073357E-16,-6.12303176911188E-17));
#72240=DIRECTION('',(1.83690953073357E-16,1.,-1.49966072182214E-32));
#72250=AXIS2_PLACEMENT_3D('',#72220,#72230,#72240);
#72260=PLANE('',#72250);
#72270=ORIENTED_EDGE('',*,*,#72020,.F.);
#72280=CARTESIAN_POINT('',(0.382819000000001,-1.830469,16.6366241061569)
);
#72290=DIRECTION('',(6.12303176911188E-17,0.,1.));
#72300=VECTOR('',#72290,1.);
#72310=LINE('',#72280,#72300);
#72320=CARTESIAN_POINT('',(0.382819,-1.830469,10.6));
#72330=VERTEX_POINT('',#72320);
#72340=EDGE_CURVE('',#72330,#71900,#72310,.T.);
#72350=ORIENTED_EDGE('',*,*,#72340,.T.);
#72360=CARTESIAN_POINT('',(0.382819000000001,-1.630469,10.6));
#72370=DIRECTION('',(1.,-1.83690953073357E-16,-6.12303176911189E-17));
#72380=DIRECTION('',(-1.83690953073357E-16,-1.,1.49966072182214E-32));
#72390=AXIS2_PLACEMENT_3D('',#72360,#72370,#72380);
#72400=CIRCLE('',#72390,0.2);
#72410=CARTESIAN_POINT('',(0.382819000000001,-1.630469,10.4));
#72420=VERTEX_POINT('',#72410);
#72430=EDGE_CURVE('',#72330,#72420,#72400,.T.);
#72440=ORIENTED_EDGE('',*,*,#72430,.F.);
#72450=CARTESIAN_POINT('',(0.382819000000001,-7.03203869645894E-17,10.4)
);
#72460=DIRECTION('',(-1.83690953073357E-16,-1.,1.49966072182214E-32));
#72470=VECTOR('',#72460,1.);
#72480=LINE('',#72450,#72470);
#72490=CARTESIAN_POINT('',(0.382819000000001,-1.02997062820733,10.4));
#72500=VERTEX_POINT('',#72490);
#72510=EDGE_CURVE('',#72500,#72420,#72480,.T.);
#72520=ORIENTED_EDGE('',*,*,#72510,.T.);
#72530=CARTESIAN_POINT('',(0.382819000000001,-1.02997062820733,
11.8500024));
#72540=DIRECTION('',(-6.12303176911188E-17,0.,-1.));
#72550=VECTOR('',#72540,1.);
#72560=LINE('',#72530,#72550);
#72570=CARTESIAN_POINT('',(0.382819000000001,-1.02997062820733,10.2));
#72580=VERTEX_POINT('',#72570);
#72590=EDGE_CURVE('',#72500,#72580,#72560,.T.);
#72600=ORIENTED_EDGE('',*,*,#72590,.F.);
#72610=CARTESIAN_POINT('',(0.382819000000001,0.,10.2));
#72620=DIRECTION('',(-1.83690953073357E-16,-1.,0.));
#72630=VECTOR('',#72620,1.);
#72640=LINE('',#72610,#72630);
#72650=CARTESIAN_POINT('',(0.382819,-1.630469,10.2));
#72660=VERTEX_POINT('',#72650);
#72670=EDGE_CURVE('',#72580,#72660,#72640,.T.);
#72680=ORIENTED_EDGE('',*,*,#72670,.F.);
#72690=CARTESIAN_POINT('',(0.382819000000001,-1.630469,10.6));
#72700=DIRECTION('',(1.,-1.83690953073357E-16,-6.12303176911189E-17));
#72710=DIRECTION('',(-1.83690953073357E-16,-1.,1.49966072182214E-32));
#72720=AXIS2_PLACEMENT_3D('',#72690,#72700,#72710);
#72730=CIRCLE('',#72720,0.4);
#72740=EDGE_CURVE('',#71290,#72660,#72730,.T.);
#72750=ORIENTED_EDGE('',*,*,#72740,.T.);
#72760=ORIENTED_EDGE('',*,*,#71300,.T.);
#72770=CARTESIAN_POINT('',(0.382819000000001,-1.630469,11.3));
#72780=DIRECTION('',(1.,-1.83690953073357E-16,-6.12303176911189E-17));
#72790=DIRECTION('',(-1.83690953073357E-16,-1.,1.49966072182214E-32));
#72800=AXIS2_PLACEMENT_3D('',#72770,#72780,#72790);
#72810=CIRCLE('',#72800,0.4);
#72820=CARTESIAN_POINT('',(0.382819000000001,-1.630469,11.7));
#72830=VERTEX_POINT('',#72820);
#72840=EDGE_CURVE('',#72830,#71210,#72810,.T.);
#72850=ORIENTED_EDGE('',*,*,#72840,.T.);
#72860=CARTESIAN_POINT('',(0.382819000000001,-7.03203869645894E-17,11.7)
);
#72870=DIRECTION('',(-1.83690953073357E-16,-1.,1.49966072182214E-32));
#72880=VECTOR('',#72870,1.);
#72890=LINE('',#72860,#72880);
#72900=CARTESIAN_POINT('',(0.382819000000001,-0.930469,11.7));
#72910=VERTEX_POINT('',#72900);
#72920=EDGE_CURVE('',#72910,#72830,#72890,.T.);
#72930=ORIENTED_EDGE('',*,*,#72920,.T.);
#72940=CARTESIAN_POINT('',(0.382819000000001,-0.930469,16.6366241061569)
);
#72950=DIRECTION('',(6.12303176911188E-17,0.,1.));
#72960=VECTOR('',#72950,1.);
#72970=LINE('',#72940,#72960);
#72980=CARTESIAN_POINT('',(0.382819000000001,-0.930469,11.5));
#72990=VERTEX_POINT('',#72980);
#73000=EDGE_CURVE('',#72990,#72910,#72970,.T.);
#73010=ORIENTED_EDGE('',*,*,#73000,.T.);
#73020=CARTESIAN_POINT('',(0.382819000000001,-7.03203869645894E-17,11.5)
);
#73030=DIRECTION('',(1.83690953073357E-16,1.,-1.49966072182214E-32));
#73040=VECTOR('',#73030,1.);
#73050=LINE('',#73020,#73040);
#73060=EDGE_CURVE('',#72010,#72990,#73050,.T.);
#73070=ORIENTED_EDGE('',*,*,#73060,.T.);
#73080=EDGE_LOOP('',(#73070,#73010,#72930,#72850,#72760,#72750,#72680,
#72600,#72520,#72440,#72350,#72270));
#73090=FACE_OUTER_BOUND('',#73080,.T.);
#73100=ADVANCED_FACE('',(#73090),#72260,.T.);
#73110=CARTESIAN_POINT('',(-2.217181,-1.630469,11.5));
#73120=DIRECTION('',(6.12303176911189E-17,3.74915180455534E-33,1.));
#73130=DIRECTION('',(-1.83690953073357E-16,-1.,1.49966072182214E-32));
#73140=AXIS2_PLACEMENT_3D('',#73110,#73120,#73130);
#73150=PLANE('',#73140);
#73160=CARTESIAN_POINT('',(-2.217181,-0.930468999999999,11.5));
#73170=DIRECTION('',(1.,-1.83690953073357E-16,-6.12303176911189E-17));
#73180=VECTOR('',#73170,1.);
#73190=LINE('',#73160,#73180);
#73200=CARTESIAN_POINT('',(-1.417181,-0.930468999999999,11.5));
#73210=VERTEX_POINT('',#73200);
#73220=EDGE_CURVE('',#73210,#72990,#73190,.T.);
#73230=ORIENTED_EDGE('',*,*,#73220,.T.);
#73240=CARTESIAN_POINT('',(-1.417181,2.60323328567452E-16,11.5));
#73250=DIRECTION('',(-1.83690953073357E-16,-1.,1.49966072182214E-32));
#73260=VECTOR('',#73250,1.);
#73270=LINE('',#73240,#73260);
#73280=CARTESIAN_POINT('',(-1.417181,-1.630469,11.5));
#73290=VERTEX_POINT('',#73280);
#73300=EDGE_CURVE('',#73210,#73290,#73270,.T.);
#73310=ORIENTED_EDGE('',*,*,#73300,.F.);
#73320=CARTESIAN_POINT('',(-0.767180999999999,-1.630469,11.5));
#73330=VERTEX_POINT('',#73320);
#73340=EDGE_CURVE('',#73290,#73330,#72070,.T.);
#73350=ORIENTED_EDGE('',*,*,#73340,.F.);
#73360=CARTESIAN_POINT('',(-2.217181,-1.630469,11.5));
#73370=DIRECTION('',(-1.,1.83690953073357E-16,6.12303176911189E-17));
#73380=VECTOR('',#73370,1.);
#73390=LINE('',#73360,#73380);
#73400=EDGE_CURVE('',#72090,#73330,#73390,.T.);
#73410=ORIENTED_EDGE('',*,*,#73400,.T.);
#73420=ORIENTED_EDGE('',*,*,#72100,.F.);
#73430=ORIENTED_EDGE('',*,*,#73060,.F.);
#73440=EDGE_LOOP('',(#73430,#73420,#73410,#73350,#73310,#73230));
#73450=FACE_OUTER_BOUND('',#73440,.T.);
#73460=ADVANCED_FACE('',(#73450),#73150,.F.);
#73470=CARTESIAN_POINT('',(-2.217181,-1.830469,10.6));
#73480=DIRECTION('',(-1.83690953073357E-16,-1.,1.1247455413666E-32));
#73490=DIRECTION('',(-6.12303176911188E-17,0.,-1.));
#73500=AXIS2_PLACEMENT_3D('',#73470,#73480,#73490);
#73510=PLANE('',#73500);
#73520=CARTESIAN_POINT('',(-2.217181,-1.830469,10.6));
#73530=DIRECTION('',(-1.,1.83690953073357E-16,6.12303176911189E-17));
#73540=VECTOR('',#73530,1.);
#73550=LINE('',#73520,#73540);
#73560=CARTESIAN_POINT('',(-1.417181,-1.830469,10.6));
#73570=VERTEX_POINT('',#73560);
#73580=EDGE_CURVE('',#72330,#73570,#73550,.T.);
#73590=ORIENTED_EDGE('',*,*,#73580,.T.);
#73600=ORIENTED_EDGE('',*,*,#72340,.F.);
#73610=ORIENTED_EDGE('',*,*,#71930,.F.);
#73620=CARTESIAN_POINT('',(-0.267180999999999,-1.830469,16.6366241061569
));
#73630=DIRECTION('',(-6.12303176911189E-17,2.73691106313441E-48,-1.));
#73640=VECTOR('',#73630,1.);
#73650=LINE('',#73620,#73640);
#73660=EDGE_CURVE('',#71920,#71670,#73650,.T.);
#73670=ORIENTED_EDGE('',*,*,#73660,.F.);
#73680=ORIENTED_EDGE('',*,*,#71680,.F.);
#73690=CARTESIAN_POINT('',(-0.767180999999999,-1.830469,16.6366241061569
));
#73700=DIRECTION('',(6.12303176911189E-17,-2.73691106313441E-48,1.));
#73710=VECTOR('',#73700,1.);
#73720=LINE('',#73690,#73710);
#73730=CARTESIAN_POINT('',(-0.767180999999999,-1.830469,11.3));
#73740=VERTEX_POINT('',#73730);
#73750=EDGE_CURVE('',#71590,#73740,#73720,.T.);
#73760=ORIENTED_EDGE('',*,*,#73750,.F.);
#73770=CARTESIAN_POINT('',(-2.217181,-1.830469,11.3));
#73780=DIRECTION('',(-1.,1.83690953073357E-16,6.12303176911189E-17));
#73790=VECTOR('',#73780,1.);
#73800=LINE('',#73770,#73790);
#73810=CARTESIAN_POINT('',(-1.417181,-1.830469,11.3));
#73820=VERTEX_POINT('',#73810);
#73830=EDGE_CURVE('',#73740,#73820,#73800,.T.);
#73840=ORIENTED_EDGE('',*,*,#73830,.F.);
#73850=CARTESIAN_POINT('',(-1.417181,-1.830469,16.6366241061569));
#73860=DIRECTION('',(-6.12303176911188E-17,0.,-1.));
#73870=VECTOR('',#73860,1.);
#73880=LINE('',#73850,#73870);
#73890=EDGE_CURVE('',#73820,#73570,#73880,.T.);
#73900=ORIENTED_EDGE('',*,*,#73890,.F.);
#73910=EDGE_LOOP('',(#73900,#73840,#73760,#73680,#73670,#73610,#73600,
#73590));
#73920=FACE_OUTER_BOUND('',#73910,.T.);
#73930=ADVANCED_FACE('',(#73920),#73510,.F.);
#73940=CARTESIAN_POINT('',(-1.417181,-1.330469,11.8500024));
#73950=DIRECTION('',(-1.,1.83690953073357E-16,6.12303176911188E-17));
#73960=DIRECTION('',(-1.83690953073357E-16,-1.,1.49966072182214E-32));
#73970=AXIS2_PLACEMENT_3D('',#73940,#73950,#73960);
#73980=PLANE('',#73970);
#73990=ORIENTED_EDGE('',*,*,#71440,.T.);
#74000=CARTESIAN_POINT('',(-1.417181,-1.630469,10.6));
#74010=DIRECTION('',(1.,-1.83690953073357E-16,-6.12303176911189E-17));
#74020=DIRECTION('',(-1.83690953073357E-16,-1.,1.49966072182214E-32));
#74030=AXIS2_PLACEMENT_3D('',#74000,#74010,#74020);
#74040=CIRCLE('',#74030,0.4);
#74050=CARTESIAN_POINT('',(-1.417181,-1.630469,10.2));
#74060=VERTEX_POINT('',#74050);
#74070=EDGE_CURVE('',#71370,#74060,#74040,.T.);
#74080=ORIENTED_EDGE('',*,*,#74070,.F.);
#74090=CARTESIAN_POINT('',(-1.417181,2.60323328567452E-16,10.2));
#74100=DIRECTION('',(-1.83690953073357E-16,-1.,1.49966072182214E-32));
#74110=VECTOR('',#74100,1.);
#74120=LINE('',#74090,#74110);
#74130=EDGE_CURVE('',#38790,#74060,#74120,.T.);
#74140=ORIENTED_EDGE('',*,*,#74130,.T.);
#74150=CARTESIAN_POINT('',(-1.417181,0.,10.2));
#74160=DIRECTION('',(1.83690953073357E-16,1.,0.));
#74170=VECTOR('',#74160,1.);
#74180=LINE('',#74150,#74170);
#74190=CARTESIAN_POINT('',(-1.417181,-1.02997062820733,10.2));
#74200=VERTEX_POINT('',#74190);
#74210=EDGE_CURVE('',#38790,#74200,#74180,.T.);
#74220=ORIENTED_EDGE('',*,*,#74210,.F.);
#74230=CARTESIAN_POINT('',(-1.417181,-1.02997062820733,11.8500024));
#74240=DIRECTION('',(-6.12303176911188E-17,0.,-1.));
#74250=VECTOR('',#74240,1.);
#74260=LINE('',#74230,#74250);
#74270=CARTESIAN_POINT('',(-1.417181,-1.02997062820733,10.4));
#74280=VERTEX_POINT('',#74270);
#74290=EDGE_CURVE('',#74280,#74200,#74260,.T.);
#74300=ORIENTED_EDGE('',*,*,#74290,.T.);
#74310=CARTESIAN_POINT('',(-1.417181,2.60323328567452E-16,10.4));
#74320=DIRECTION('',(1.83690953073357E-16,1.,-1.49966072182214E-32));
#74330=VECTOR('',#74320,1.);
#74340=LINE('',#74310,#74330);
#74350=CARTESIAN_POINT('',(-1.417181,-1.630469,10.4));
#74360=VERTEX_POINT('',#74350);
#74370=EDGE_CURVE('',#74360,#74280,#74340,.T.);
#74380=ORIENTED_EDGE('',*,*,#74370,.T.);
#74390=CARTESIAN_POINT('',(-1.417181,-1.630469,10.6));
#74400=DIRECTION('',(1.,-1.83690953073357E-16,-6.12303176911189E-17));
#74410=DIRECTION('',(-1.83690953073357E-16,-1.,1.49966072182214E-32));
#74420=AXIS2_PLACEMENT_3D('',#74390,#74400,#74410);
#74430=CIRCLE('',#74420,0.2);
#74440=EDGE_CURVE('',#73570,#74360,#74430,.T.);
#74450=ORIENTED_EDGE('',*,*,#74440,.T.);
#74460=ORIENTED_EDGE('',*,*,#73890,.T.);
#74470=CARTESIAN_POINT('',(-1.417181,-1.630469,11.3));
#74480=DIRECTION('',(1.,-1.83690953073357E-16,-6.12303176911189E-17));
#74490=DIRECTION('',(-1.83690953073357E-16,-1.,1.49966072182214E-32));
#74500=AXIS2_PLACEMENT_3D('',#74470,#74480,#74490);
#74510=CIRCLE('',#74500,0.2);
#74520=EDGE_CURVE('',#73290,#73820,#74510,.T.);
#74530=ORIENTED_EDGE('',*,*,#74520,.T.);
#74540=ORIENTED_EDGE('',*,*,#73300,.T.);
#74550=CARTESIAN_POINT('',(-1.417181,-0.930468999999999,16.6366241061569
));
#74560=DIRECTION('',(-6.12303176911188E-17,0.,-1.));
#74570=VECTOR('',#74560,1.);
#74580=LINE('',#74550,#74570);
#74590=CARTESIAN_POINT('',(-1.417181,-0.930468999999999,11.7));
#74600=VERTEX_POINT('',#74590);
#74610=EDGE_CURVE('',#74600,#73210,#74580,.T.);
#74620=ORIENTED_EDGE('',*,*,#74610,.T.);
#74630=CARTESIAN_POINT('',(-1.417181,2.60323328567452E-16,11.7));
#74640=DIRECTION('',(1.83690953073357E-16,1.,-1.49966072182214E-32));
#74650=VECTOR('',#74640,1.);
#74660=LINE('',#74630,#74650);
#74670=EDGE_CURVE('',#70540,#74600,#74660,.T.);
#74680=ORIENTED_EDGE('',*,*,#74670,.T.);
#74690=ORIENTED_EDGE('',*,*,#70810,.F.);
#74700=EDGE_LOOP('',(#74690,#74680,#74620,#74540,#74530,#74460,#74450,
#74380,#74300,#74220,#74140,#74080,#73990));
#74710=FACE_OUTER_BOUND('',#74700,.T.);
#74720=ADVANCED_FACE('',(#74710),#73980,.T.);
#74730=CARTESIAN_POINT('',(-2.217181,-0.930468999999999,11.7));
#74740=DIRECTION('',(-6.12303176911189E-17,-3.74915180455534E-33,-1.));
#74750=DIRECTION('',(1.83690953073357E-16,1.,-1.49966072182214E-32));
#74760=AXIS2_PLACEMENT_3D('',#74730,#74740,#74750);
#74770=PLANE('',#74760);
#74780=CARTESIAN_POINT('',(-2.217181,-0.930468999999999,11.7));
#74790=DIRECTION('',(1.,-1.83690953073357E-16,-6.12303176911189E-17));
#74800=VECTOR('',#74790,1.);
#74810=LINE('',#74780,#74800);
#74820=EDGE_CURVE('',#74600,#72910,#74810,.T.);
#74830=ORIENTED_EDGE('',*,*,#74820,.F.);
#74840=ORIENTED_EDGE('',*,*,#72920,.F.);
#74850=CARTESIAN_POINT('',(-0.267180999999999,-1.630469,11.7));
#74860=VERTEX_POINT('',#74850);
#74870=EDGE_CURVE('',#74860,#72830,#70520,.T.);
#74880=ORIENTED_EDGE('',*,*,#74870,.T.);
#74890=CARTESIAN_POINT('',(-2.217181,-1.630469,11.7));
#74900=DIRECTION('',(-1.,1.83690953073357E-16,6.12303176911189E-17));
#74910=VECTOR('',#74900,1.);
#74920=LINE('',#74890,#74910);
#74930=EDGE_CURVE('',#74860,#70560,#74920,.T.);
#74940=ORIENTED_EDGE('',*,*,#74930,.F.);
#74950=ORIENTED_EDGE('',*,*,#70570,.T.);
#74960=ORIENTED_EDGE('',*,*,#74670,.F.);
#74970=EDGE_LOOP('',(#74960,#74950,#74940,#74880,#74840,#74830));
#74980=FACE_OUTER_BOUND('',#74970,.T.);
#74990=ADVANCED_FACE('',(#74980),#74770,.F.);
#75000=CARTESIAN_POINT('',(-1.5173305115378,-1.02997062820733,11.8500024
));
#75010=DIRECTION('',(-1.83690953073357E-16,-1.,1.1247455413666E-32));
#75020=DIRECTION('',(1.,-1.83690953073357E-16,-6.12303176911189E-17));
#75030=AXIS2_PLACEMENT_3D('',#75000,#75010,#75020);
#75040=PLANE('',#75030);
#75050=CARTESIAN_POINT('',(-1.5173305115378,-1.02997062820733,10.2));
#75060=DIRECTION('',(-6.12303176911188E-17,0.,-1.));
#75070=VECTOR('',#75060,1.);
#75080=LINE('',#75050,#75070);
#75090=CARTESIAN_POINT('',(-1.5173305115378,-1.02997062820733,10.4));
#75100=VERTEX_POINT('',#75090);
#75110=CARTESIAN_POINT('',(-1.5173305115378,-1.02997062820733,10.2));
#75120=VERTEX_POINT('',#75110);
#75130=EDGE_CURVE('',#75100,#75120,#75080,.T.);
#75140=ORIENTED_EDGE('',*,*,#75130,.T.);
#75150=CARTESIAN_POINT('',(6.96775344356957E-16,-1.02997062820733,10.4))
;
#75160=DIRECTION('',(-1.,1.83690953073357E-16,6.12303176911189E-17));
#75170=VECTOR('',#75160,1.);
#75180=LINE('',#75150,#75170);
#75190=EDGE_CURVE('',#74280,#75100,#75180,.T.);
#75200=ORIENTED_EDGE('',*,*,#75190,.T.);
#75210=ORIENTED_EDGE('',*,*,#74290,.F.);
#75220=CARTESIAN_POINT('',(0.,-1.02997062820733,10.2));
#75230=DIRECTION('',(-1.,1.83690953073357E-16,0.));
#75240=VECTOR('',#75230,1.);
#75250=LINE('',#75220,#75240);
#75260=EDGE_CURVE('',#74200,#75120,#75250,.T.);
#75270=ORIENTED_EDGE('',*,*,#75260,.F.);
#75280=EDGE_LOOP('',(#75270,#75210,#75200,#75140));
#75290=FACE_OUTER_BOUND('',#75280,.T.);
#75300=ADVANCED_FACE('',(#75290),#75040,.T.);
#75310=CARTESIAN_POINT('',(-2.217181,-1.630469,10.6));
#75320=DIRECTION('',(-1.,1.83690953073357E-16,6.12303176911189E-17));
#75330=DIRECTION('',(-1.83690953073357E-16,-1.,1.49966072182214E-32));
#75340=AXIS2_PLACEMENT_3D('',#75310,#75320,#75330);
#75350=CYLINDRICAL_SURFACE('',#75340,0.2);
#75360=CARTESIAN_POINT('',(-2.217181,-1.630469,10.4));
#75370=DIRECTION('',(1.,-1.83690953073357E-16,-6.12303176911189E-17));
#75380=VECTOR('',#75370,1.);
#75390=LINE('',#75360,#75380);
#75400=EDGE_CURVE('',#74360,#72420,#75390,.T.);
#75410=ORIENTED_EDGE('',*,*,#75400,.F.);
#75420=ORIENTED_EDGE('',*,*,#72430,.T.);
#75430=ORIENTED_EDGE('',*,*,#73580,.F.);
#75440=ORIENTED_EDGE('',*,*,#74440,.F.);
#75450=EDGE_LOOP('',(#75440,#75430,#75420,#75410));
#75460=FACE_OUTER_BOUND('',#75450,.T.);
#75470=ADVANCED_FACE('',(#75460),#75350,.F.);
#75480=CARTESIAN_POINT('',(0.982819000000001,1.469531,10.7));
#75490=DIRECTION('',(1.,-1.83690953073357E-16,-6.12303176911188E-17));
#75500=DIRECTION('',(6.12303176911188E-17,0.,1.));
#75510=AXIS2_PLACEMENT_3D('',#75480,#75490,#75500);
#75520=PLANE('',#75510);
#75530=ORIENTED_EDGE('',*,*,#56310,.F.);
#75540=CARTESIAN_POINT('',(0.982819000000001,1.469531,10.7));
#75550=DIRECTION('',(-1.83690953073357E-16,-1.,1.49966072182214E-32));
#75560=VECTOR('',#75550,1.);
#75570=LINE('',#75540,#75560);
#75580=CARTESIAN_POINT('',(0.982819000000001,0.669531,10.7));
#75590=VERTEX_POINT('',#75580);
#75600=EDGE_CURVE('',#56220,#75590,#75570,.T.);
#75610=ORIENTED_EDGE('',*,*,#75600,.F.);
#75620=CARTESIAN_POINT('',(0.982819,0.669531,-3.125));
#75630=DIRECTION('',(6.12303176911188E-17,2.46519032881566E-32,1.));
#75640=VECTOR('',#75630,1.);
#75650=LINE('',#75620,#75640);
#75660=CARTESIAN_POINT('',(0.982819000000001,0.669531,10.6));
#75670=VERTEX_POINT('',#75660);
#75680=EDGE_CURVE('',#75670,#75590,#75650,.T.);
#75690=ORIENTED_EDGE('',*,*,#75680,.T.);
#75700=CARTESIAN_POINT('',(0.982819000000001,-1.32602702743959E-16,10.6)
);
#75710=DIRECTION('',(1.83690953073357E-16,1.,-8.83363139618221E-33));
#75720=VECTOR('',#75710,1.);
#75730=LINE('',#75700,#75720);
#75740=EDGE_CURVE('',#75670,#56300,#75730,.T.);
#75750=ORIENTED_EDGE('',*,*,#75740,.F.);
#75760=EDGE_LOOP('',(#75750,#75690,#75610,#75530));
#75770=FACE_OUTER_BOUND('',#75760,.T.);
#75780=ADVANCED_FACE('',(#75770),#75520,.F.);
#75790=CARTESIAN_POINT('',(1.182819,1.469531,10.7));
#75800=DIRECTION('',(-6.12303176911189E-17,-3.74915180455534E-33,-1.));
#75810=DIRECTION('',(1.,-1.83690953073357E-16,-6.12303176911189E-17));
#75820=AXIS2_PLACEMENT_3D('',#75790,#75800,#75810);
#75830=PLANE('',#75820);
#75840=ORIENTED_EDGE('',*,*,#56230,.F.);
#75850=ORIENTED_EDGE('',*,*,#10470,.F.);
#75860=CARTESIAN_POINT('',(0.,0.669531,10.7));
#75870=DIRECTION('',(1.,4.3265087693034E-16,-6.12303176911189E-17));
#75880=VECTOR('',#75870,1.);
#75890=LINE('',#75860,#75880);
#75900=EDGE_CURVE('',#75590,#10380,#75890,.T.);
#75910=ORIENTED_EDGE('',*,*,#75900,.T.);
#75920=ORIENTED_EDGE('',*,*,#75600,.T.);
#75930=EDGE_LOOP('',(#75920,#75910,#75850,#75840));
#75940=FACE_OUTER_BOUND('',#75930,.T.);
#75950=ADVANCED_FACE('',(#75940),#75830,.F.);
#75960=CARTESIAN_POINT('',(-1.017181,0.669531,10.95));
#75970=DIRECTION('',(1.,0.,0.));
#75980=VECTOR('',#75970,1.);
#75990=LINE('',#75960,#75980);
#76000=CARTESIAN_POINT('',(0.382819,0.669531,10.95));
#76010=VERTEX_POINT('',#76000);
#76020=EDGE_CURVE('',#76010,#10300,#75990,.T.);
#76030=ORIENTED_EDGE('',*,*,#76020,.T.);
#76040=CARTESIAN_POINT('',(0.382819,0.669531,3.12500000000001));
#76050=DIRECTION('',(0.,0.,1.));
#76060=VECTOR('',#76050,1.);
#76070=LINE('',#76040,#76060);
#76080=CARTESIAN_POINT('',(0.382819,0.669531,10.41));
#76090=VERTEX_POINT('',#76080);
#76100=EDGE_CURVE('',#76090,#76010,#76070,.T.);
#76110=ORIENTED_EDGE('',*,*,#76100,.T.);
#76120=CARTESIAN_POINT('',(8.1991191668105E-17,0.669531,10.41));
#76130=DIRECTION('',(1.,4.3265087693034E-16,0.));
#76140=VECTOR('',#76130,1.);
#76150=LINE('',#76120,#76140);
#76160=CARTESIAN_POINT('',(0.682819,0.669531,10.41));
#76170=VERTEX_POINT('',#76160);
#76180=EDGE_CURVE('',#76090,#76170,#76150,.T.);
#76190=ORIENTED_EDGE('',*,*,#76180,.F.);
#76200=CARTESIAN_POINT('',(0.682819,0.669531,10.2));
#76210=DIRECTION('',(0.,0.,1.));
#76220=VECTOR('',#76210,1.);
#76230=LINE('',#76200,#76220);
#76240=CARTESIAN_POINT('',(0.682819,0.669531,10.4));
#76250=VERTEX_POINT('',#76240);
#76260=EDGE_CURVE('',#76250,#76170,#76230,.T.);
#76270=ORIENTED_EDGE('',*,*,#76260,.T.);
#76280=CARTESIAN_POINT('',(0.,0.669531,10.4));
#76290=DIRECTION('',(1.,4.3265087693034E-16,-6.12303176911189E-17));
#76300=VECTOR('',#76290,1.);
#76310=LINE('',#76280,#76300);
#76320=CARTESIAN_POINT('',(0.782819000000001,0.669531,10.4));
#76330=VERTEX_POINT('',#76320);
#76340=EDGE_CURVE('',#76250,#76330,#76310,.T.);
#76350=ORIENTED_EDGE('',*,*,#76340,.F.);
#76360=CARTESIAN_POINT('',(0.782819000000001,0.669531,10.6));
#76370=DIRECTION('',(1.83690953073357E-16,1.,-8.83363139618221E-33));
#76380=DIRECTION('',(1.,-1.83690953073357E-16,-1.22460635382238E-16));
#76390=AXIS2_PLACEMENT_3D('',#76360,#76370,#76380);
#76400=CIRCLE('',#76390,0.2);
#76410=EDGE_CURVE('',#75670,#76330,#76400,.T.);
#76420=ORIENTED_EDGE('',*,*,#76410,.T.);
#76430=ORIENTED_EDGE('',*,*,#75680,.F.);
#76440=ORIENTED_EDGE('',*,*,#75900,.F.);
#76450=ORIENTED_EDGE('',*,*,#10390,.F.);
#76460=EDGE_LOOP('',(#76450,#76440,#76430,#76420,#76350,#76270,#76190,
#76110,#76030));
#76470=FACE_OUTER_BOUND('',#76460,.T.);
#76480=ADVANCED_FACE('',(#76470),#32030,.F.);
#76490=CARTESIAN_POINT('',(0.382819,-1.330469,10.2));
#76500=DIRECTION('',(0.,1.,0.));
#76510=DIRECTION('',(1.,0.,0.));
#76520=AXIS2_PLACEMENT_3D('',#76490,#76500,#76510);
#76530=PLANE('',#76520);
#76540=CARTESIAN_POINT('',(0.682819,-1.330469,9.37500000000001));
#76550=DIRECTION('',(0.,0.,-1.));
#76560=VECTOR('',#76550,1.);
#76570=LINE('',#76540,#76560);
#76580=CARTESIAN_POINT('',(0.682819,-1.330469,10.41));
#76590=VERTEX_POINT('',#76580);
#76600=CARTESIAN_POINT('',(0.682819,-1.330469,10.2));
#76610=VERTEX_POINT('',#76600);
#76620=EDGE_CURVE('',#76590,#76610,#76570,.T.);
#76630=ORIENTED_EDGE('',*,*,#76620,.T.);
#76640=CARTESIAN_POINT('',(-1.6293007909637E-16,-1.330469,10.41));
#76650=DIRECTION('',(-1.,0.,0.));
#76660=VECTOR('',#76650,1.);
#76670=LINE('',#76640,#76660);
#76680=CARTESIAN_POINT('',(0.382819000000001,-1.330469,10.41));
#76690=VERTEX_POINT('',#76680);
#76700=EDGE_CURVE('',#76590,#76690,#76670,.T.);
#76710=ORIENTED_EDGE('',*,*,#76700,.F.);
#76720=CARTESIAN_POINT('',(0.382819000000001,-1.330469,3.12500000000001)
);
#76730=DIRECTION('',(0.,0.,-1.));
#76740=VECTOR('',#76730,1.);
#76750=LINE('',#76720,#76740);
#76760=CARTESIAN_POINT('',(0.382819000000001,-1.330469,10.95));
#76770=VERTEX_POINT('',#76760);
#76780=EDGE_CURVE('',#76770,#76690,#76750,.T.);
#76790=ORIENTED_EDGE('',*,*,#76780,.T.);
#76800=CARTESIAN_POINT('',(-1.017181,-1.330469,10.95));
#76810=DIRECTION('',(1.,0.,0.));
#76820=VECTOR('',#76810,1.);
#76830=LINE('',#76800,#76820);
#76840=EDGE_CURVE('',#76770,#10220,#76830,.T.);
#76850=ORIENTED_EDGE('',*,*,#76840,.F.);
#76860=ORIENTED_EDGE('',*,*,#10230,.T.);
#76870=CARTESIAN_POINT('',(-1.66533453693773E-16,-1.330469,10.2));
#76880=DIRECTION('',(-1.,0.,0.));
#76890=VECTOR('',#76880,1.);
#76900=LINE('',#76870,#76890);
#76910=EDGE_CURVE('',#10140,#76610,#76900,.T.);
#76920=ORIENTED_EDGE('',*,*,#76910,.F.);
#76930=EDGE_LOOP('',(#76920,#76860,#76850,#76790,#76710,#76630));
#76940=FACE_OUTER_BOUND('',#76930,.T.);
#76950=ADVANCED_FACE('',(#76940),#76530,.F.);
#76960=CARTESIAN_POINT('',(0.382819,-0.165995277202614,10.6264346675125)
);
#76970=DIRECTION('',(1.,4.3265087693034E-16,0.));
#76980=DIRECTION('',(4.3265087693034E-16,-1.,0.));
#76990=AXIS2_PLACEMENT_3D('',#76960,#76970,#76980);
#77000=PLANE('',#76990);
#77010=CARTESIAN_POINT('',(0.382819,-4.90969467826455E-16,10.95));
#77020=DIRECTION('',(4.3265087693034E-16,-1.,0.));
#77030=VECTOR('',#77020,1.);
#77040=LINE('',#77010,#77030);
#77050=EDGE_CURVE('',#76010,#76770,#77040,.T.);
#77060=ORIENTED_EDGE('',*,*,#77050,.F.);
#77070=ORIENTED_EDGE('',*,*,#76780,.F.);
#77080=CARTESIAN_POINT('',(0.382819,-4.90969467826455E-16,10.41));
#77090=DIRECTION('',(-4.3265087693034E-16,1.,0.));
#77100=VECTOR('',#77090,1.);
#77110=LINE('',#77080,#77100);
#77120=EDGE_CURVE('',#76690,#76090,#77110,.T.);
#77130=ORIENTED_EDGE('',*,*,#77120,.F.);
#77140=ORIENTED_EDGE('',*,*,#76100,.F.);
#77150=EDGE_LOOP('',(#77140,#77130,#77070,#77060));
#77160=FACE_OUTER_BOUND('',#77150,.T.);
#77170=ADVANCED_FACE('',(#77160),#77000,.F.);
#77180=CARTESIAN_POINT('',(0.382819,0.569531,10.41));
#77190=DIRECTION('',(0.,0.,1.));
#77200=DIRECTION('',(4.3265087693034E-16,-1.,0.));
#77210=AXIS2_PLACEMENT_3D('',#77180,#77190,#77200);
#77220=PLANE('',#77210);
#77230=ORIENTED_EDGE('',*,*,#77120,.T.);
#77240=ORIENTED_EDGE('',*,*,#76700,.T.);
#77250=CARTESIAN_POINT('',(0.682818999999997,-5.27707658441126E-16,10.41
));
#77260=DIRECTION('',(-4.56335273388287E-15,-1.,0.));
#77270=VECTOR('',#77260,1.);
#77280=LINE('',#77250,#77270);
#77290=EDGE_CURVE('',#76170,#76590,#77280,.T.);
#77300=ORIENTED_EDGE('',*,*,#77290,.T.);
#77310=ORIENTED_EDGE('',*,*,#76180,.T.);
#77320=EDGE_LOOP('',(#77310,#77300,#77240,#77230));
#77330=FACE_OUTER_BOUND('',#77320,.T.);
#77340=ADVANCED_FACE('',(#77330),#77220,.F.);
#77350=CARTESIAN_POINT('',(-1.38626288683164,0.421925882026892,10.95));
#77360=DIRECTION('',(0.,0.,-1.));
#77370=DIRECTION('',(-1.,0.,0.));
#77380=AXIS2_PLACEMENT_3D('',#77350,#77360,#77370);
#77390=PLANE('',#77380);
#77400=ORIENTED_EDGE('',*,*,#76020,.F.);
#77410=ORIENTED_EDGE('',*,*,#10310,.T.);
#77420=ORIENTED_EDGE('',*,*,#76840,.T.);
#77430=ORIENTED_EDGE('',*,*,#77050,.T.);
#77440=EDGE_LOOP('',(#77430,#77420,#77410,#77400));
#77450=FACE_OUTER_BOUND('',#77440,.T.);
#77460=ADVANCED_FACE('',(#77450),#77390,.F.);
#77470=CARTESIAN_POINT('',(0.682819,0.669531,10.2));
#77480=DIRECTION('',(1.,-4.56335273388287E-15,0.));
#77490=DIRECTION('',(-4.56335273388287E-15,-1.,0.));
#77500=AXIS2_PLACEMENT_3D('',#77470,#77480,#77490);
#77510=PLANE('',#77500);
#77520=CARTESIAN_POINT('',(0.682819,-2.5104714,10.2));
#77530=DIRECTION('',(0.,1.,0.));
#77540=VECTOR('',#77530,1.);
#77550=LINE('',#77520,#77540);
#77560=CARTESIAN_POINT('',(0.682818999999993,-0.780469000000037,10.2));
#77570=VERTEX_POINT('',#77560);
#77580=EDGE_CURVE('',#76610,#77570,#77550,.T.);
#77590=ORIENTED_EDGE('',*,*,#77580,.F.);
#77600=CARTESIAN_POINT('',(0.682818999999993,-0.780469000000033,-3.125))
;
#77610=DIRECTION('',(1.39449032029057E-30,3.06151588455602E-16,-1.));
#77620=VECTOR('',#77610,1.);
#77630=LINE('',#77600,#77620);
#77640=CARTESIAN_POINT('',(0.682818999999993,-0.780469000000037,10.4));
#77650=VERTEX_POINT('',#77640);
#77660=EDGE_CURVE('',#77650,#77570,#77630,.T.);
#77670=ORIENTED_EDGE('',*,*,#77660,.T.);
#77680=CARTESIAN_POINT('',(0.682818999999997,0.,10.4));
#77690=DIRECTION('',(4.56335273388287E-15,1.,-3.94430452610506E-31));
#77700=VECTOR('',#77690,1.);
#77710=LINE('',#77680,#77700);
#77720=CARTESIAN_POINT('',(0.682818999999994,-0.530469000000001,10.4));
#77730=VERTEX_POINT('',#77720);
#77740=EDGE_CURVE('',#77650,#77730,#77710,.T.);
#77750=ORIENTED_EDGE('',*,*,#77740,.F.);
#77760=CARTESIAN_POINT('',(0.682818999999994,-0.530469000000001,-3.125))
;
#77770=DIRECTION('',(5.13170824337702E-47,1.1247455413666E-32,1.));
#77780=VECTOR('',#77770,1.);
#77790=LINE('',#77760,#77780);
#77800=CARTESIAN_POINT('',(0.682818999999994,-0.530469000000001,10.2));
#77810=VERTEX_POINT('',#77800);
#77820=EDGE_CURVE('',#77810,#77730,#77790,.T.);
#77830=ORIENTED_EDGE('',*,*,#77820,.T.);
#77840=CARTESIAN_POINT('',(0.682818999999995,-0.363802333333353,10.2));
#77850=VERTEX_POINT('',#77840);
#77860=EDGE_CURVE('',#77810,#77850,#77550,.T.);
#77870=ORIENTED_EDGE('',*,*,#77860,.F.);
#77880=CARTESIAN_POINT('',(0.682818999999995,-0.36380233333335,-3.125));
#77890=DIRECTION('',(9.27616724159449E-31,2.04101058970399E-16,-1.));
#77900=VECTOR('',#77890,1.);
#77910=LINE('',#77880,#77900);
#77920=CARTESIAN_POINT('',(0.682818999999995,-0.363802333333353,10.4));
#77930=VERTEX_POINT('',#77920);
#77940=EDGE_CURVE('',#77930,#77850,#77910,.T.);
#77950=ORIENTED_EDGE('',*,*,#77940,.T.);
#77960=CARTESIAN_POINT('',(0.682818999999997,-0.0304690000000006,10.4));
#77970=VERTEX_POINT('',#77960);
#77980=EDGE_CURVE('',#77930,#77970,#77710,.T.);
#77990=ORIENTED_EDGE('',*,*,#77980,.F.);
#78000=CARTESIAN_POINT('',(0.682818999999997,-0.0304690000000006,-3.125)
);
#78010=DIRECTION('',(5.13170824337702E-47,1.1247455413666E-32,1.));
#78020=VECTOR('',#78010,1.);
#78030=LINE('',#78000,#78020);
#78040=CARTESIAN_POINT('',(0.682818999999997,-0.0304690000000006,10.2));
#78050=VERTEX_POINT('',#78040);
#78060=EDGE_CURVE('',#78050,#77970,#78030,.T.);
#78070=ORIENTED_EDGE('',*,*,#78060,.T.);
#78080=CARTESIAN_POINT('',(0.682819,0.669531,10.2));
#78090=VERTEX_POINT('',#78080);
#78100=EDGE_CURVE('',#78050,#78090,#77550,.T.);
#78110=ORIENTED_EDGE('',*,*,#78100,.F.);
#78120=CARTESIAN_POINT('',(0.682819,0.669531,-3.125));
#78130=DIRECTION('',(-5.13170824337702E-47,-1.1247455413666E-32,-1.));
#78140=VECTOR('',#78130,1.);
#78150=LINE('',#78120,#78140);
#78160=EDGE_CURVE('',#76250,#78090,#78150,.T.);
#78170=ORIENTED_EDGE('',*,*,#78160,.T.);
#78180=ORIENTED_EDGE('',*,*,#76260,.F.);
#78190=ORIENTED_EDGE('',*,*,#77290,.F.);
#78200=ORIENTED_EDGE('',*,*,#76620,.F.);
#78210=EDGE_LOOP('',(#78200,#78190,#78180,#78170,#78110,#78070,#77990,
#77950,#77870,#77830,#77750,#77670,#77590));
#78220=FACE_OUTER_BOUND('',#78210,.T.);
#78230=ADVANCED_FACE('',(#78220),#77510,.F.);
#78240=CARTESIAN_POINT('',(0.468858219456289,-0.830469000000001,10.2));
#78250=DIRECTION('',(6.12303176911188E-17,0.,1.));
#78260=DIRECTION('',(-1.,1.83690953073357E-16,6.12303176911189E-17));
#78270=AXIS2_PLACEMENT_3D('',#78240,#78250,#78260);
#78280=CYLINDRICAL_SURFACE('',#78270,0.2);
#78290=CARTESIAN_POINT('',(0.482968511537804,-1.02997062820733,10.2));
#78300=DIRECTION('',(6.12303176911188E-17,0.,1.));
#78310=VECTOR('',#78300,1.);
#78320=LINE('',#78290,#78310);
#78330=CARTESIAN_POINT('',(0.482968511537803,-1.02997062820733,10.2));
#78340=VERTEX_POINT('',#78330);
#78350=CARTESIAN_POINT('',(0.482968511537803,-1.02997062820733,10.4));
#78360=VERTEX_POINT('',#78350);
#78370=EDGE_CURVE('',#78340,#78360,#78320,.T.);
#78380=ORIENTED_EDGE('',*,*,#78370,.F.);
#78390=CARTESIAN_POINT('',(0.468858219456289,-0.830469000000001,10.4));
#78400=DIRECTION('',(-6.12303176911188E-17,0.,-1.));
#78410=DIRECTION('',(-1.,1.83690953073357E-16,6.12303176911189E-17));
#78420=AXIS2_PLACEMENT_3D('',#78390,#78400,#78410);
#78430=CIRCLE('',#78420,0.2);
#78440=CARTESIAN_POINT('',(0.664974354594473,-0.869692227027637,10.4));
#78450=VERTEX_POINT('',#78440);
#78460=EDGE_CURVE('',#78450,#78360,#78430,.T.);
#78470=ORIENTED_EDGE('',*,*,#78460,.T.);
#78480=CARTESIAN_POINT('',(0.664974354594474,-0.869692227027637,10.2));
#78490=DIRECTION('',(6.12303176911188E-17,0.,1.));
#78500=VECTOR('',#78490,1.);
#78510=LINE('',#78480,#78500);
#78520=CARTESIAN_POINT('',(0.664974354594474,-0.869692227027637,10.2));
#78530=VERTEX_POINT('',#78520);
#78540=EDGE_CURVE('',#78530,#78450,#78510,.T.);
#78550=ORIENTED_EDGE('',*,*,#78540,.T.);
#78560=CARTESIAN_POINT('',(0.468858219456289,-0.830469000000001,10.2));
#78570=DIRECTION('',(-6.12303176911188E-17,0.,-1.));
#78580=DIRECTION('',(-1.,1.83690953073357E-16,6.12303176911189E-17));
#78590=AXIS2_PLACEMENT_3D('',#78560,#78570,#78580);
#78600=CIRCLE('',#78590,0.2);
#78610=EDGE_CURVE('',#78530,#78340,#78600,.T.);
#78620=ORIENTED_EDGE('',*,*,#78610,.F.);
#78630=EDGE_LOOP('',(#78620,#78550,#78470,#78380));
#78640=FACE_OUTER_BOUND('',#78630,.T.);
#78650=ADVANCED_FACE('',(#78640),#78280,.T.);
#78660=CARTESIAN_POINT('',(0.382819000000001,-1.02997062820733,
11.8500024));
#78670=DIRECTION('',(-1.83690953073357E-16,-1.,1.1247455413666E-32));
#78680=DIRECTION('',(1.,-1.83690953073357E-16,-6.12303176911189E-17));
#78690=AXIS2_PLACEMENT_3D('',#78660,#78670,#78680);
#78700=PLANE('',#78690);
#78710=ORIENTED_EDGE('',*,*,#78370,.T.);
#78720=CARTESIAN_POINT('',(0.,-1.02997062820733,10.2));
#78730=DIRECTION('',(-1.,1.83690953073357E-16,0.));
#78740=VECTOR('',#78730,1.);
#78750=LINE('',#78720,#78740);
#78760=EDGE_CURVE('',#78340,#72580,#78750,.T.);
#78770=ORIENTED_EDGE('',*,*,#78760,.F.);
#78780=ORIENTED_EDGE('',*,*,#72590,.T.);
#78790=CARTESIAN_POINT('',(6.96775344356957E-16,-1.02997062820733,10.4))
;
#78800=DIRECTION('',(-1.,1.83690953073357E-16,6.12303176911189E-17));
#78810=VECTOR('',#78800,1.);
#78820=LINE('',#78790,#78810);
#78830=EDGE_CURVE('',#78360,#72500,#78820,.T.);
#78840=ORIENTED_EDGE('',*,*,#78830,.T.);
#78850=EDGE_LOOP('',(#78840,#78780,#78770,#78710));
#78860=FACE_OUTER_BOUND('',#78850,.T.);
#78870=ADVANCED_FACE('',(#78860),#78700,.T.);
#78880=CARTESIAN_POINT('',(0.732819,-0.530469000000001,10.2));
#78890=DIRECTION('',(0.98058067569092,-0.196116135138184,
-6.0041266294327E-17));
#78900=DIRECTION('',(0.196116135138184,0.98058067569092,
-1.20082532588654E-17));
#78910=AXIS2_PLACEMENT_3D('',#78880,#78890,#78900);
#78920=PLANE('',#78910);
#78930=CARTESIAN_POINT('',(0.8389128,0.,10.2));
#78940=DIRECTION('',(-0.196116135138184,-0.98058067569092,0.));
#78950=VECTOR('',#78940,1.);
#78960=LINE('',#78930,#78950);
#78970=EDGE_CURVE('',#77570,#78530,#78960,.T.);
#78980=ORIENTED_EDGE('',*,*,#78970,.F.);
#78990=ORIENTED_EDGE('',*,*,#78540,.F.);
#79000=CARTESIAN_POINT('',(0.8389128,-1.54100691777438E-16,10.4));
#79010=DIRECTION('',(-0.196116135138184,-0.98058067569092,
1.20082532588654E-17));
#79020=VECTOR('',#79010,1.);
#79030=LINE('',#79000,#79020);
#79040=EDGE_CURVE('',#77650,#78450,#79030,.T.);
#79050=ORIENTED_EDGE('',*,*,#79040,.T.);
#79060=ORIENTED_EDGE('',*,*,#77660,.F.);
#79070=EDGE_LOOP('',(#79060,#79050,#78990,#78980));
#79080=FACE_OUTER_BOUND('',#79070,.T.);
#79090=ADVANCED_FACE('',(#79080),#78920,.T.);
#79100=CARTESIAN_POINT('',(0.632819000000001,-0.530469000000001,10.2));
#79110=DIRECTION('',(1.83690953073357E-16,1.,-1.1247455413666E-32));
#79120=DIRECTION('',(-1.,1.83690953073357E-16,6.12303176911189E-17));
#79130=AXIS2_PLACEMENT_3D('',#79100,#79110,#79120);
#79140=PLANE('',#79130);
#79150=ORIENTED_EDGE('',*,*,#77820,.F.);
#79160=CARTESIAN_POINT('',(7.88529274504054E-16,-0.530469000000001,10.4)
);
#79170=DIRECTION('',(1.,-1.83690953073357E-16,-6.12303176911189E-17));
#79180=VECTOR('',#79170,1.);
#79190=LINE('',#79160,#79180);
#79200=CARTESIAN_POINT('',(0.632819000000001,-0.530469000000001,10.4));
#79210=VERTEX_POINT('',#79200);
#79220=EDGE_CURVE('',#79210,#77730,#79190,.T.);
#79230=ORIENTED_EDGE('',*,*,#79220,.T.);
#79240=CARTESIAN_POINT('',(0.632819000000001,-0.530469000000001,10.2));
#79250=DIRECTION('',(6.12303176911188E-17,0.,1.));
#79260=VECTOR('',#79250,1.);
#79270=LINE('',#79240,#79260);
#79280=CARTESIAN_POINT('',(0.632819000000001,-0.530469000000001,10.2));
#79290=VERTEX_POINT('',#79280);
#79300=EDGE_CURVE('',#79290,#79210,#79270,.T.);
#79310=ORIENTED_EDGE('',*,*,#79300,.T.);
#79320=CARTESIAN_POINT('',(0.,-0.530469000000001,10.2));
#79330=DIRECTION('',(1.,-1.83690953073357E-16,0.));
#79340=VECTOR('',#79330,1.);
#79350=LINE('',#79320,#79340);
#79360=EDGE_CURVE('',#79290,#77810,#79350,.T.);
#79370=ORIENTED_EDGE('',*,*,#79360,.F.);
#79380=EDGE_LOOP('',(#79370,#79310,#79230,#79150));
#79390=FACE_OUTER_BOUND('',#79380,.T.);
#79400=ADVANCED_FACE('',(#79390),#79140,.T.);
#79410=CARTESIAN_POINT('',(0.782819000000001,-0.0304690000000007,10.2));
#79420=DIRECTION('',(0.957826285221152,-0.287347885566345,
-5.86480077369953E-17));
#79430=DIRECTION('',(0.287347885566345,0.957826285221152,
-1.75944023210986E-17));
#79440=AXIS2_PLACEMENT_3D('',#79410,#79420,#79430);
#79450=PLANE('',#79440);
#79460=CARTESIAN_POINT('',(0.791959700000001,0.,10.2));
#79470=DIRECTION('',(-0.287347885566345,-0.957826285221151,0.));
#79480=VECTOR('',#79470,1.);
#79490=LINE('',#79460,#79480);
#79500=EDGE_CURVE('',#77850,#79290,#79490,.T.);
#79510=ORIENTED_EDGE('',*,*,#79500,.F.);
#79520=ORIENTED_EDGE('',*,*,#79300,.F.);
#79530=CARTESIAN_POINT('',(0.791959700000001,-1.4547583208869E-16,10.4))
;
#79540=DIRECTION('',(-0.287347885566345,-0.957826285221152,
1.75944023210986E-17));
#79550=VECTOR('',#79540,1.);
#79560=LINE('',#79530,#79550);
#79570=EDGE_CURVE('',#77930,#79210,#79560,.T.);
#79580=ORIENTED_EDGE('',*,*,#79570,.T.);
#79590=ORIENTED_EDGE('',*,*,#77940,.F.);
#79600=EDGE_LOOP('',(#79590,#79580,#79520,#79510));
#79610=FACE_OUTER_BOUND('',#79600,.T.);
#79620=ADVANCED_FACE('',(#79610),#79450,.T.);
#79630=CARTESIAN_POINT('',(0.632819000000001,-0.0304690000000006,10.2));
#79640=DIRECTION('',(1.83690953073357E-16,1.,-1.1247455413666E-32));
#79650=DIRECTION('',(-1.,1.83690953073357E-16,6.12303176911189E-17));
#79660=AXIS2_PLACEMENT_3D('',#79630,#79640,#79650);
#79670=PLANE('',#79660);
#79680=ORIENTED_EDGE('',*,*,#78060,.F.);
#79690=CARTESIAN_POINT('',(8.80374751040732E-16,-0.0304690000000005,10.4
));
#79700=DIRECTION('',(1.,-1.83690953073357E-16,-6.12303176911189E-17));
#79710=VECTOR('',#79700,1.);
#79720=LINE('',#79690,#79710);
#79730=CARTESIAN_POINT('',(0.632819000000001,-0.0304690000000006,10.4));
#79740=VERTEX_POINT('',#79730);
#79750=EDGE_CURVE('',#79740,#77970,#79720,.T.);
#79760=ORIENTED_EDGE('',*,*,#79750,.T.);
#79770=CARTESIAN_POINT('',(0.632819000000001,-0.0304690000000006,10.2));
#79780=DIRECTION('',(6.12303176911188E-17,0.,1.));
#79790=VECTOR('',#79780,1.);
#79800=LINE('',#79770,#79790);
#79810=CARTESIAN_POINT('',(0.632819000000001,-0.0304690000000006,10.2));
#79820=VERTEX_POINT('',#79810);
#79830=EDGE_CURVE('',#79820,#79740,#79800,.T.);
#79840=ORIENTED_EDGE('',*,*,#79830,.T.);
#79850=CARTESIAN_POINT('',(0.,-0.0304690000000005,10.2));
#79860=DIRECTION('',(1.,-1.83690953073357E-16,0.));
#79870=VECTOR('',#79860,1.);
#79880=LINE('',#79850,#79870);
#79890=EDGE_CURVE('',#79820,#78050,#79880,.T.);
#79900=ORIENTED_EDGE('',*,*,#79890,.F.);
#79910=EDGE_LOOP('',(#79900,#79840,#79760,#79680));
#79920=FACE_OUTER_BOUND('',#79910,.T.);
#79930=ADVANCED_FACE('',(#79920),#79670,.T.);
#79940=CARTESIAN_POINT('',(0.632819000000001,0.669531,10.2));
#79950=DIRECTION('',(1.,-1.83690953073357E-16,-6.12303176911188E-17));
#79960=DIRECTION('',(1.83690953073357E-16,1.,-1.49966072182214E-32));
#79970=AXIS2_PLACEMENT_3D('',#79940,#79950,#79960);
#79980=PLANE('',#79970);
#79990=ORIENTED_EDGE('',*,*,#79830,.F.);
#80000=CARTESIAN_POINT('',(0.632819000000001,-1.16243125232929E-16,10.4)
);
#80010=DIRECTION('',(-1.83690953073357E-16,-1.,1.49966072182214E-32));
#80020=VECTOR('',#80010,1.);
#80030=LINE('',#80000,#80020);
#80040=CARTESIAN_POINT('',(0.632819000000001,0.669531,10.4));
#80050=VERTEX_POINT('',#80040);
#80060=EDGE_CURVE('',#80050,#79740,#80030,.T.);
#80070=ORIENTED_EDGE('',*,*,#80060,.T.);
#80080=CARTESIAN_POINT('',(0.632819,0.669531,-4.37499999999999));
#80090=DIRECTION('',(6.12303176911188E-17,6.16297582203916E-33,1.));
#80100=VECTOR('',#80090,1.);
#80110=LINE('',#80080,#80100);
#80120=CARTESIAN_POINT('',(0.632819000000001,0.669531,10.2));
#80130=VERTEX_POINT('',#80120);
#80140=EDGE_CURVE('',#80130,#80050,#80110,.T.);
#80150=ORIENTED_EDGE('',*,*,#80140,.T.);
#80160=CARTESIAN_POINT('',(0.632819000000001,0.,10.2));
#80170=DIRECTION('',(-1.83690953073357E-16,-1.,0.));
#80180=VECTOR('',#80170,1.);
#80190=LINE('',#80160,#80180);
#80200=EDGE_CURVE('',#80130,#79820,#80190,.T.);
#80210=ORIENTED_EDGE('',*,*,#80200,.F.);
#80220=EDGE_LOOP('',(#80210,#80150,#80070,#79990));
#80230=FACE_OUTER_BOUND('',#80220,.T.);
#80240=ADVANCED_FACE('',(#80230),#79980,.T.);
#80250=CARTESIAN_POINT('',(-1.74283400696028,0.669531,10.3154896549855))
;
#80260=DIRECTION('',(-1.83690953073357E-16,-1.,1.1247455413666E-32));
#80270=DIRECTION('',(-1.,1.83690953073357E-16,6.12303176911189E-17));
#80280=AXIS2_PLACEMENT_3D('',#80250,#80260,#80270);
#80290=PLANE('',#80280);
#80300=CARTESIAN_POINT('',(0.,0.669531,10.2));
#80310=DIRECTION('',(-1.,1.83690953073357E-16,0.));
#80320=VECTOR('',#80310,1.);
#80330=LINE('',#80300,#80320);
#80340=EDGE_CURVE('',#78090,#80130,#80330,.T.);
#80350=ORIENTED_EDGE('',*,*,#80340,.F.);
#80360=ORIENTED_EDGE('',*,*,#80140,.F.);
#80370=CARTESIAN_POINT('',(8.35892527558615E-16,0.669531,10.4));
#80380=DIRECTION('',(1.,-1.83690953073357E-16,-6.12303176911189E-17));
#80390=VECTOR('',#80380,1.);
#80400=LINE('',#80370,#80390);
#80410=EDGE_CURVE('',#80050,#76250,#80400,.T.);
#80420=ORIENTED_EDGE('',*,*,#80410,.F.);
#80430=ORIENTED_EDGE('',*,*,#78160,.F.);
#80440=EDGE_LOOP('',(#80430,#80420,#80360,#80350));
#80450=FACE_OUTER_BOUND('',#80440,.T.);
#80460=ADVANCED_FACE('',(#80450),#80290,.T.);
#80470=CARTESIAN_POINT('',(0.782819000000001,-9.58645121292881E-17,10.6)
);
#80480=DIRECTION('',(1.83690953073357E-16,1.,-8.83363139618221E-33));
#80490=DIRECTION('',(1.,-1.83690953073357E-16,-1.22460635382238E-16));
#80500=AXIS2_PLACEMENT_3D('',#80470,#80480,#80490);
#80510=CYLINDRICAL_SURFACE('',#80500,0.2);
#80520=ORIENTED_EDGE('',*,*,#76410,.F.);
#80530=CARTESIAN_POINT('',(0.782819000000001,-9.58645121292881E-17,10.4)
);
#80540=DIRECTION('',(1.83690953073357E-16,1.,-8.83363139618221E-33));
#80550=VECTOR('',#80540,1.);
#80560=LINE('',#80530,#80550);
#80570=EDGE_CURVE('',#76330,#56390,#80560,.T.);
#80580=ORIENTED_EDGE('',*,*,#80570,.F.);
#80590=ORIENTED_EDGE('',*,*,#56400,.T.);
#80600=ORIENTED_EDGE('',*,*,#75740,.T.);
#80610=EDGE_LOOP('',(#80600,#80590,#80580,#80520));
#80620=FACE_OUTER_BOUND('',#80610,.T.);
#80630=ADVANCED_FACE('',(#80620),#80510,.F.);
#80640=CARTESIAN_POINT('',(-2.217181,-1.330469,10.2));
#80650=DIRECTION('',(0.,1.,0.));
#80660=DIRECTION('',(1.,0.,0.));
#80670=AXIS2_PLACEMENT_3D('',#80640,#80650,#80660);
#80680=PLANE('',#80670);
#80690=CARTESIAN_POINT('',(-1.017181,-1.330469,10.95));
#80700=DIRECTION('',(1.,0.,0.));
#80710=VECTOR('',#80700,1.);
#80720=LINE('',#80690,#80710);
#80730=CARTESIAN_POINT('',(-1.417181,-1.330469,10.95));
#80740=VERTEX_POINT('',#80730);
#80750=EDGE_CURVE('',#21570,#80740,#80720,.T.);
#80760=ORIENTED_EDGE('',*,*,#80750,.F.);
#80770=CARTESIAN_POINT('',(-1.417181,-1.330469,3.12500000000001));
#80780=DIRECTION('',(0.,0.,1.));
#80790=VECTOR('',#80780,1.);
#80800=LINE('',#80770,#80790);
#80810=CARTESIAN_POINT('',(-1.417181,-1.330469,10.41));
#80820=VERTEX_POINT('',#80810);
#80830=EDGE_CURVE('',#80820,#80740,#80800,.T.);
#80840=ORIENTED_EDGE('',*,*,#80830,.T.);
#80850=CARTESIAN_POINT('',(-1.6293007909637E-16,-1.330469,10.41));
#80860=DIRECTION('',(-1.,1.22460635382238E-16,0.));
#80870=VECTOR('',#80860,1.);
#80880=LINE('',#80850,#80870);
#80890=CARTESIAN_POINT('',(-1.717181,-1.330469,10.41));
#80900=VERTEX_POINT('',#80890);
#80910=EDGE_CURVE('',#80820,#80900,#80880,.T.);
#80920=ORIENTED_EDGE('',*,*,#80910,.F.);
#80930=CARTESIAN_POINT('',(-1.717181,-1.330469,9.37500000000001));
#80940=DIRECTION('',(0.,0.,1.));
#80950=VECTOR('',#80940,1.);
#80960=LINE('',#80930,#80950);
#80970=CARTESIAN_POINT('',(-1.717181,-1.330469,10.2));
#80980=VERTEX_POINT('',#80970);
#80990=EDGE_CURVE('',#80980,#80900,#80960,.T.);
#81000=ORIENTED_EDGE('',*,*,#80990,.T.);
#81010=CARTESIAN_POINT('',(-1.66533453693773E-16,-1.330469,10.2));
#81020=DIRECTION('',(-1.,0.,0.));
#81030=VECTOR('',#81020,1.);
#81040=LINE('',#81010,#81030);
#81050=EDGE_CURVE('',#80980,#21650,#81040,.T.);
#81060=ORIENTED_EDGE('',*,*,#81050,.F.);
#81070=ORIENTED_EDGE('',*,*,#21660,.T.);
#81080=EDGE_LOOP('',(#81070,#81060,#81000,#80920,#80840,#80760));
#81090=FACE_OUTER_BOUND('',#81080,.T.);
#81100=ADVANCED_FACE('',(#81090),#80680,.F.);
#81110=CARTESIAN_POINT('',(-1.017181,0.669531,10.95));
#81120=DIRECTION('',(1.,0.,0.));
#81130=VECTOR('',#81120,1.);
#81140=LINE('',#81110,#81130);
#81150=CARTESIAN_POINT('',(-1.417181,0.669531,10.95));
#81160=VERTEX_POINT('',#81150);
#81170=EDGE_CURVE('',#21490,#81160,#81140,.T.);
#81180=ORIENTED_EDGE('',*,*,#81170,.F.);
#81190=CARTESIAN_POINT('',(-1.417181,-2.70540324138428E-16,10.95));
#81200=DIRECTION('',(1.22460635382238E-16,1.,0.));
#81210=VECTOR('',#81200,1.);
#81220=LINE('',#81190,#81210);
#81230=EDGE_CURVE('',#80740,#81160,#81220,.T.);
#81240=ORIENTED_EDGE('',*,*,#81230,.T.);
#81250=ORIENTED_EDGE('',*,*,#80750,.T.);
#81260=ORIENTED_EDGE('',*,*,#21580,.T.);
#81270=EDGE_LOOP('',(#81260,#81250,#81240,#81180));
#81280=FACE_OUTER_BOUND('',#81270,.T.);
#81290=ADVANCED_FACE('',(#81280),#77390,.F.);
#81300=CARTESIAN_POINT('',(-1.84588285473123,-0.230469000000001,
8.05239538371849));
#81310=DIRECTION('',(0.,-1.,0.));
#81320=DIRECTION('',(-1.,0.,0.));
#81330=AXIS2_PLACEMENT_3D('',#81300,#81310,#81320);
#81340=PLANE('',#81330);
#81350=CARTESIAN_POINT('',(-1.66533453693773E-16,-0.230469000000001,9.7)
);
#81360=DIRECTION('',(1.,0.,0.));
#81370=VECTOR('',#81360,1.);
#81380=LINE('',#81350,#81370);
#81390=CARTESIAN_POINT('',(-1.567181,-0.230469000000001,9.7));
#81400=VERTEX_POINT('',#81390);
#81410=EDGE_CURVE('',#81400,#68360,#81380,.T.);
#81420=ORIENTED_EDGE('',*,*,#81410,.T.);
#81430=CARTESIAN_POINT('',(-1.567181,-0.230469000000001,9.37500000000001
));
#81440=DIRECTION('',(0.,0.,-1.));
#81450=VECTOR('',#81440,1.);
#81460=LINE('',#81430,#81450);
#81470=CARTESIAN_POINT('',(-1.567181,-0.230469000000001,8.42500000000001
));
#81480=VERTEX_POINT('',#81470);
#81490=EDGE_CURVE('',#81400,#81480,#81460,.T.);
#81500=ORIENTED_EDGE('',*,*,#81490,.F.);
#81510=CARTESIAN_POINT('',(-1.66533453693773E-16,-0.230469000000001,
8.42500000000001));
#81520=DIRECTION('',(1.,0.,0.));
#81530=VECTOR('',#81520,1.);
#81540=LINE('',#81510,#81530);
#81550=EDGE_CURVE('',#20730,#81480,#81540,.T.);
#81560=ORIENTED_EDGE('',*,*,#81550,.T.);
#81570=ORIENTED_EDGE('',*,*,#20740,.T.);
#81580=ORIENTED_EDGE('',*,*,#28890,.F.);
#81590=ORIENTED_EDGE('',*,*,#30350,.T.);
#81600=ORIENTED_EDGE('',*,*,#18320,.F.);
#81610=ORIENTED_EDGE('',*,*,#68430,.F.);
#81620=EDGE_LOOP('',(#81610,#81600,#81590,#81580,#81570,#81560,#81500,
#81420));
#81630=FACE_OUTER_BOUND('',#81620,.T.);
#81640=CARTESIAN_POINT('',(0.,-0.230469000000001,7.325));
#81650=DIRECTION('',(-1.,0.,0.));
#81660=VECTOR('',#81650,1.);
#81670=LINE('',#81640,#81660);
#81680=CARTESIAN_POINT('',(0.147819,-0.230469000000001,7.325));
#81690=VERTEX_POINT('',#81680);
#81700=CARTESIAN_POINT('',(-0.202181,-0.230469000000001,7.325));
#81710=VERTEX_POINT('',#81700);
#81720=EDGE_CURVE('',#81690,#81710,#81670,.T.);
#81730=ORIENTED_EDGE('',*,*,#81720,.F.);
#81740=CARTESIAN_POINT('',(-0.202181,-0.230469000000001,-3.125));
#81750=DIRECTION('',(0.,0.,-1.));
#81760=VECTOR('',#81750,1.);
#81770=LINE('',#81740,#81760);
#81780=CARTESIAN_POINT('',(-0.202181,-0.230469000000001,7.675));
#81790=VERTEX_POINT('',#81780);
#81800=EDGE_CURVE('',#81790,#81710,#81770,.T.);
#81810=ORIENTED_EDGE('',*,*,#81800,.T.);
#81820=CARTESIAN_POINT('',(0.,-0.230469000000001,7.675));
#81830=DIRECTION('',(-1.,0.,0.));
#81840=VECTOR('',#81830,1.);
#81850=LINE('',#81820,#81840);
#81860=CARTESIAN_POINT('',(0.147819,-0.230469000000001,7.675));
#81870=VERTEX_POINT('',#81860);
#81880=EDGE_CURVE('',#81870,#81790,#81850,.T.);
#81890=ORIENTED_EDGE('',*,*,#81880,.T.);
#81900=CARTESIAN_POINT('',(0.147819,-0.230469000000001,-3.125));
#81910=DIRECTION('',(0.,0.,1.));
#81920=VECTOR('',#81910,1.);
#81930=LINE('',#81900,#81920);
#81940=EDGE_CURVE('',#81690,#81870,#81930,.T.);
#81950=ORIENTED_EDGE('',*,*,#81940,.T.);
#81960=EDGE_LOOP('',(#81950,#81890,#81810,#81730));
#81970=FACE_BOUND('',#81960,.T.);
#81980=CARTESIAN_POINT('',(0.,-0.230469000000001,8.575));
#81990=DIRECTION('',(-1.,0.,0.));
#82000=VECTOR('',#81990,1.);
#82010=LINE('',#81980,#82000);
#82020=CARTESIAN_POINT('',(0.147819,-0.230469000000001,8.575));
#82030=VERTEX_POINT('',#82020);
#82040=CARTESIAN_POINT('',(-0.202181,-0.230469000000001,8.575));
#82050=VERTEX_POINT('',#82040);
#82060=EDGE_CURVE('',#82030,#82050,#82010,.T.);
#82070=ORIENTED_EDGE('',*,*,#82060,.F.);
#82080=CARTESIAN_POINT('',(-0.202181,-0.230469000000001,-3.125));
#82090=DIRECTION('',(0.,0.,-1.));
#82100=VECTOR('',#82090,1.);
#82110=LINE('',#82080,#82100);
#82120=CARTESIAN_POINT('',(-0.202181,-0.230469000000001,8.925));
#82130=VERTEX_POINT('',#82120);
#82140=EDGE_CURVE('',#82130,#82050,#82110,.T.);
#82150=ORIENTED_EDGE('',*,*,#82140,.T.);
#82160=CARTESIAN_POINT('',(0.,-0.230469000000001,8.925));
#82170=DIRECTION('',(-1.,0.,0.));
#82180=VECTOR('',#82170,1.);
#82190=LINE('',#82160,#82180);
#82200=CARTESIAN_POINT('',(0.147819,-0.230469000000001,8.925));
#82210=VERTEX_POINT('',#82200);
#82220=EDGE_CURVE('',#82210,#82130,#82190,.T.);
#82230=ORIENTED_EDGE('',*,*,#82220,.T.);
#82240=CARTESIAN_POINT('',(0.147819,-0.230469000000001,-3.125));
#82250=DIRECTION('',(0.,0.,1.));
#82260=VECTOR('',#82250,1.);
#82270=LINE('',#82240,#82260);
#82280=EDGE_CURVE('',#82030,#82210,#82270,.T.);
#82290=ORIENTED_EDGE('',*,*,#82280,.T.);
#82300=EDGE_LOOP('',(#82290,#82230,#82150,#82070));
#82310=FACE_BOUND('',#82300,.T.);
#82320=CARTESIAN_POINT('',(0.,-0.230469000000001,6.075));
#82330=DIRECTION('',(-1.,0.,0.));
#82340=VECTOR('',#82330,1.);
#82350=LINE('',#82320,#82340);
#82360=CARTESIAN_POINT('',(0.147819,-0.230469000000001,6.075));
#82370=VERTEX_POINT('',#82360);
#82380=CARTESIAN_POINT('',(-0.202181,-0.230469000000001,6.075));
#82390=VERTEX_POINT('',#82380);
#82400=EDGE_CURVE('',#82370,#82390,#82350,.T.);
#82410=ORIENTED_EDGE('',*,*,#82400,.F.);
#82420=CARTESIAN_POINT('',(-0.202181,-0.230469000000001,-3.125));
#82430=DIRECTION('',(0.,0.,-1.));
#82440=VECTOR('',#82430,1.);
#82450=LINE('',#82420,#82440);
#82460=CARTESIAN_POINT('',(-0.202181,-0.230469000000001,6.425));
#82470=VERTEX_POINT('',#82460);
#82480=EDGE_CURVE('',#82470,#82390,#82450,.T.);
#82490=ORIENTED_EDGE('',*,*,#82480,.T.);
#82500=CARTESIAN_POINT('',(0.,-0.230469000000001,6.425));
#82510=DIRECTION('',(-1.,0.,0.));
#82520=VECTOR('',#82510,1.);
#82530=LINE('',#82500,#82520);
#82540=CARTESIAN_POINT('',(0.147819,-0.230469000000001,6.425));
#82550=VERTEX_POINT('',#82540);
#82560=EDGE_CURVE('',#82550,#82470,#82530,.T.);
#82570=ORIENTED_EDGE('',*,*,#82560,.T.);
#82580=CARTESIAN_POINT('',(0.147819,-0.230469000000001,-3.125));
#82590=DIRECTION('',(0.,0.,1.));
#82600=VECTOR('',#82590,1.);
#82610=LINE('',#82580,#82600);
#82620=EDGE_CURVE('',#82370,#82550,#82610,.T.);
#82630=ORIENTED_EDGE('',*,*,#82620,.T.);
#82640=EDGE_LOOP('',(#82630,#82570,#82490,#82410));
#82650=FACE_BOUND('',#82640,.T.);
#82660=ORIENTED_EDGE('',*,*,#6260,.F.);
#82670=ORIENTED_EDGE('',*,*,#5780,.T.);
#82680=ORIENTED_EDGE('',*,*,#7020,.T.);
#82690=ORIENTED_EDGE('',*,*,#11990,.T.);
#82700=EDGE_LOOP('',(#82690,#82680,#82670,#82660));
#82710=FACE_BOUND('',#82700,.T.);
#82720=ORIENTED_EDGE('',*,*,#1990,.F.);
#82730=ORIENTED_EDGE('',*,*,#9030,.T.);
#82740=ORIENTED_EDGE('',*,*,#2390,.T.);
#82750=ORIENTED_EDGE('',*,*,#7490,.T.);
#82760=EDGE_LOOP('',(#82750,#82740,#82730,#82720));
#82770=FACE_BOUND('',#82760,.T.);
#82780=ORIENTED_EDGE('',*,*,#14890,.F.);
#82790=ORIENTED_EDGE('',*,*,#17260,.T.);
#82800=ORIENTED_EDGE('',*,*,#18780,.T.);
#82810=ORIENTED_EDGE('',*,*,#45120,.T.);
#82820=EDGE_LOOP('',(#82810,#82800,#82790,#82780));
#82830=FACE_BOUND('',#82820,.T.);
#82840=ADVANCED_FACE('',(#81630,#81970,#82310,#82650,#82710,#82770,
#82830),#81340,.F.);
#82850=ORIENTED_EDGE('',*,*,#81940,.F.);
#82860=CARTESIAN_POINT('',(0.147819,1.869531,7.675));
#82870=VERTEX_POINT('',#82860);
#82880=EDGE_CURVE('',#81870,#82870,#57570,.T.);
#82890=ORIENTED_EDGE('',*,*,#82880,.F.);
#82900=CARTESIAN_POINT('',(0.147819,1.869531,7.325));
#82910=DIRECTION('',(0.,0.,-1.));
#82920=VECTOR('',#82910,1.);
#82930=LINE('',#82900,#82920);
#82940=CARTESIAN_POINT('',(0.147819,1.869531,7.325));
#82950=VERTEX_POINT('',#82940);
#82960=EDGE_CURVE('',#82870,#82950,#82930,.T.);
#82970=ORIENTED_EDGE('',*,*,#82960,.F.);
#82980=EDGE_CURVE('',#81690,#82950,#57420,.T.);
#82990=ORIENTED_EDGE('',*,*,#82980,.T.);
#83000=EDGE_LOOP('',(#82990,#82970,#82890,#82850));
#83010=FACE_OUTER_BOUND('',#83000,.T.);
#83020=ADVANCED_FACE('',(#83010),#59910,.T.);
#83030=CARTESIAN_POINT('',(-4.1036834,1.869531,7.325));
#83040=DIRECTION('',(5.60976323348313E-18,-0.242535625036333,
0.970142500145332));
#83050=DIRECTION('',(-2.24390529339325E-17,0.970142500145332,
0.242535625036333));
#83060=AXIS2_PLACEMENT_3D('',#83030,#83040,#83050);
#83070=PLANE('',#83060);
#83080=CARTESIAN_POINT('',(-0.0251477347320566,2.169531,7.4));
#83090=DIRECTION('',(1.,0.,-5.78241158658935E-18));
#83100=VECTOR('',#83090,1.);
#83110=LINE('',#83080,#83100);
#83120=CARTESIAN_POINT('',(-0.127180999999999,2.169531,7.4));
#83130=VERTEX_POINT('',#83120);
#83140=CARTESIAN_POINT('',(0.0728189999999996,2.169531,7.4));
#83150=VERTEX_POINT('',#83140);
#83160=EDGE_CURVE('',#83130,#83150,#83110,.T.);
#83170=ORIENTED_EDGE('',*,*,#83160,.T.);
#83180=CARTESIAN_POINT('',(-0.762577107865425,-0.372053431461694,
6.76460389213458));
#83190=DIRECTION('',(0.235702260395516,0.942809041582063,
0.235702260395516));
#83200=VECTOR('',#83190,1.);
#83210=LINE('',#83180,#83200);
#83220=CARTESIAN_POINT('',(-0.202181,1.869531,7.325));
#83230=VERTEX_POINT('',#83220);
#83240=EDGE_CURVE('',#83230,#83130,#83210,.T.);
#83250=ORIENTED_EDGE('',*,*,#83240,.T.);
#83260=CARTESIAN_POINT('',(-0.0251477347320566,1.869531,7.325));
#83270=DIRECTION('',(1.,2.31296463463574E-17,0.));
#83280=VECTOR('',#83270,1.);
#83290=LINE('',#83260,#83280);
#83300=EDGE_CURVE('',#83230,#82950,#83290,.T.);
#83310=ORIENTED_EDGE('',*,*,#83300,.F.);
#83320=CARTESIAN_POINT('',(0.708215107865424,-0.372053431461694,
6.76460389213458));
#83330=DIRECTION('',(0.235702260395516,-0.942809041582063,
-0.235702260395516));
#83340=VECTOR('',#83330,1.);
#83350=LINE('',#83320,#83340);
#83360=EDGE_CURVE('',#83150,#82950,#83350,.T.);
#83370=ORIENTED_EDGE('',*,*,#83360,.T.);
#83380=EDGE_LOOP('',(#83370,#83310,#83250,#83170));
#83390=FACE_OUTER_BOUND('',#83380,.T.);
#83400=ADVANCED_FACE('',(#83390),#83070,.F.);
#83410=CARTESIAN_POINT('',(-0.127180999999999,2.169531,7.325));
#83420=DIRECTION('',(0.,1.,0.));
#83430=DIRECTION('',(1.,0.,0.));
#83440=AXIS2_PLACEMENT_3D('',#83410,#83420,#83430);
#83450=PLANE('',#83440);
#83460=CARTESIAN_POINT('',(-0.127180999999999,2.169531,7.325));
#83470=DIRECTION('',(0.,0.,-1.));
#83480=VECTOR('',#83470,1.);
#83490=LINE('',#83460,#83480);
#83500=CARTESIAN_POINT('',(-0.127180999999999,2.169531,7.6));
#83510=VERTEX_POINT('',#83500);
#83520=EDGE_CURVE('',#83510,#83130,#83490,.T.);
#83530=ORIENTED_EDGE('',*,*,#83520,.F.);
#83540=ORIENTED_EDGE('',*,*,#83160,.F.);
#83550=CARTESIAN_POINT('',(0.0728189999999998,2.169531,7.325));
#83560=DIRECTION('',(0.,0.,1.));
#83570=VECTOR('',#83560,1.);
#83580=LINE('',#83550,#83570);
#83590=CARTESIAN_POINT('',(0.0728189999999998,2.169531,7.6));
#83600=VERTEX_POINT('',#83590);
#83610=EDGE_CURVE('',#83150,#83600,#83580,.T.);
#83620=ORIENTED_EDGE('',*,*,#83610,.F.);
#83630=CARTESIAN_POINT('',(-0.0251477347320566,2.169531,7.6));
#83640=DIRECTION('',(1.,0.,5.78241158658935E-18));
#83650=VECTOR('',#83640,1.);
#83660=LINE('',#83630,#83650);
#83670=EDGE_CURVE('',#83510,#83600,#83660,.T.);
#83680=ORIENTED_EDGE('',*,*,#83670,.T.);
#83690=EDGE_LOOP('',(#83680,#83620,#83540,#83530));
#83700=FACE_OUTER_BOUND('',#83690,.T.);
#83710=ADVANCED_FACE('',(#83700),#83450,.T.);
#83720=CARTESIAN_POINT('',(0.0728189999999997,2.169531,7.325));
#83730=DIRECTION('',(0.970142500145332,0.242535625036333,0.));
#83740=DIRECTION('',(0.242535625036333,-0.970142500145332,0.));
#83750=AXIS2_PLACEMENT_3D('',#83720,#83730,#83740);
#83760=PLANE('',#83750);
#83770=ORIENTED_EDGE('',*,*,#82960,.T.);
#83780=CARTESIAN_POINT('',(0.708215107865424,-0.372053431461694,
8.23539610786543));
#83790=DIRECTION('',(0.235702260395516,-0.942809041582063,
0.235702260395516));
#83800=VECTOR('',#83790,1.);
#83810=LINE('',#83780,#83800);
#83820=EDGE_CURVE('',#83600,#82870,#83810,.T.);
#83830=ORIENTED_EDGE('',*,*,#83820,.T.);
#83840=ORIENTED_EDGE('',*,*,#83610,.T.);
#83850=ORIENTED_EDGE('',*,*,#83360,.F.);
#83860=EDGE_LOOP('',(#83850,#83840,#83830,#83770));
#83870=FACE_OUTER_BOUND('',#83860,.T.);
#83880=ADVANCED_FACE('',(#83870),#83760,.T.);
#83890=CARTESIAN_POINT('',(-4.1036834,2.169531,7.6));
#83900=DIRECTION('',(5.60976323348313E-18,-0.242535625036333,
-0.970142500145332));
#83910=DIRECTION('',(2.24390529339325E-17,-0.970142500145332,
0.242535625036333));
#83920=AXIS2_PLACEMENT_3D('',#83890,#83900,#83910);
#83930=PLANE('',#83920);
#83940=ORIENTED_EDGE('',*,*,#83670,.F.);
#83950=ORIENTED_EDGE('',*,*,#83820,.F.);
#83960=CARTESIAN_POINT('',(-0.0251477347320566,1.869531,7.675));
#83970=DIRECTION('',(-1.,-2.31296463463574E-17,0.));
#83980=VECTOR('',#83970,1.);
#83990=LINE('',#83960,#83980);
#84000=CARTESIAN_POINT('',(-0.202181,1.869531,7.675));
#84010=VERTEX_POINT('',#84000);
#84020=EDGE_CURVE('',#82870,#84010,#83990,.T.);
#84030=ORIENTED_EDGE('',*,*,#84020,.F.);
#84040=CARTESIAN_POINT('',(-0.762577107865425,-0.372053431461694,
8.23539610786543));
#84050=DIRECTION('',(0.235702260395516,0.942809041582063,
-0.235702260395516));
#84060=VECTOR('',#84050,1.);
#84070=LINE('',#84040,#84060);
#84080=EDGE_CURVE('',#84010,#83510,#84070,.T.);
#84090=ORIENTED_EDGE('',*,*,#84080,.F.);
#84100=EDGE_LOOP('',(#84090,#84030,#83950,#83940));
#84110=FACE_OUTER_BOUND('',#84100,.T.);
#84120=ADVANCED_FACE('',(#84110),#83930,.F.);
#84130=CARTESIAN_POINT('',(-0.202181000000001,-1.680469,7.325));
#84140=DIRECTION('',(-1.,3.70074341541719E-16,0.));
#84150=DIRECTION('',(3.70074341541719E-16,1.,0.));
#84160=AXIS2_PLACEMENT_3D('',#84130,#84140,#84150);
#84170=PLANE('',#84160);
#84180=CARTESIAN_POINT('',(-0.202181,-0.372053431461694,7.325));
#84190=DIRECTION('',(3.70074341541719E-16,1.,0.));
#84200=VECTOR('',#84190,1.);
#84210=LINE('',#84180,#84200);
#84220=EDGE_CURVE('',#81710,#83230,#84210,.T.);
#84230=ORIENTED_EDGE('',*,*,#84220,.F.);
#84240=CARTESIAN_POINT('',(-0.202180999999999,1.869531,7.325));
#84250=DIRECTION('',(0.,0.,-1.));
#84260=VECTOR('',#84250,1.);
#84270=LINE('',#84240,#84260);
#84280=EDGE_CURVE('',#84010,#83230,#84270,.T.);
#84290=ORIENTED_EDGE('',*,*,#84280,.T.);
#84300=CARTESIAN_POINT('',(-0.202181,-0.372053431461694,7.675));
#84310=DIRECTION('',(3.70074341541719E-16,1.,0.));
#84320=VECTOR('',#84310,1.);
#84330=LINE('',#84300,#84320);
#84340=EDGE_CURVE('',#81790,#84010,#84330,.T.);
#84350=ORIENTED_EDGE('',*,*,#84340,.T.);
#84360=ORIENTED_EDGE('',*,*,#81800,.F.);
#84370=EDGE_LOOP('',(#84360,#84350,#84290,#84230));
#84380=FACE_OUTER_BOUND('',#84370,.T.);
#84390=ADVANCED_FACE('',(#84380),#84170,.T.);
#84400=CARTESIAN_POINT('',(-0.202181,1.869531,7.325));
#84410=DIRECTION('',(-0.970142500145332,0.242535625036333,0.));
#84420=DIRECTION('',(0.242535625036333,0.970142500145332,0.));
#84430=AXIS2_PLACEMENT_3D('',#84400,#84410,#84420);
#84440=PLANE('',#84430);
#84450=ORIENTED_EDGE('',*,*,#84280,.F.);
#84460=ORIENTED_EDGE('',*,*,#83240,.F.);
#84470=ORIENTED_EDGE('',*,*,#83520,.T.);
#84480=ORIENTED_EDGE('',*,*,#84080,.T.);
#84490=EDGE_LOOP('',(#84480,#84470,#84460,#84450));
#84500=FACE_OUTER_BOUND('',#84490,.T.);
#84510=ADVANCED_FACE('',(#84500),#84440,.T.);
#84520=ORIENTED_EDGE('',*,*,#84220,.T.);
#84530=ORIENTED_EDGE('',*,*,#81720,.T.);
#84540=ORIENTED_EDGE('',*,*,#82980,.F.);
#84550=ORIENTED_EDGE('',*,*,#83300,.T.);
#84560=EDGE_LOOP('',(#84550,#84540,#84530,#84520));
#84570=FACE_OUTER_BOUND('',#84560,.T.);
#84580=ADVANCED_FACE('',(#84570),#56960,.F.);
#84590=ORIENTED_EDGE('',*,*,#82880,.T.);
#84600=ORIENTED_EDGE('',*,*,#81880,.F.);
#84610=ORIENTED_EDGE('',*,*,#84340,.F.);
#84620=ORIENTED_EDGE('',*,*,#84020,.T.);
#84630=EDGE_LOOP('',(#84620,#84610,#84600,#84590));
#84640=FACE_OUTER_BOUND('',#84630,.T.);
#84650=ADVANCED_FACE('',(#84640),#57530,.T.);
#84660=ORIENTED_EDGE('',*,*,#82280,.F.);
#84670=CARTESIAN_POINT('',(0.147819,1.869531,8.925));
#84680=VERTEX_POINT('',#84670);
#84690=EDGE_CURVE('',#82210,#84680,#60400,.T.);
#84700=ORIENTED_EDGE('',*,*,#84690,.F.);
#84710=CARTESIAN_POINT('',(0.147819,1.869531,8.575));
#84720=DIRECTION('',(0.,0.,-1.));
#84730=VECTOR('',#84720,1.);
#84740=LINE('',#84710,#84730);
#84750=CARTESIAN_POINT('',(0.147819,1.869531,8.575));
#84760=VERTEX_POINT('',#84750);
#84770=EDGE_CURVE('',#84680,#84760,#84740,.T.);
#84780=ORIENTED_EDGE('',*,*,#84770,.F.);
#84790=EDGE_CURVE('',#82030,#84760,#62870,.T.);
#84800=ORIENTED_EDGE('',*,*,#84790,.T.);
#84810=EDGE_LOOP('',(#84800,#84780,#84700,#84660));
#84820=FACE_OUTER_BOUND('',#84810,.T.);
#84830=ADVANCED_FACE('',(#84820),#62980,.T.);
#84840=CARTESIAN_POINT('',(-4.1036834,1.869531,8.575));
#84850=DIRECTION('',(5.60976323348313E-18,-0.242535625036333,
0.970142500145332));
#84860=DIRECTION('',(-2.24390529339325E-17,0.970142500145332,
0.242535625036333));
#84870=AXIS2_PLACEMENT_3D('',#84840,#84850,#84860);
#84880=PLANE('',#84870);
#84890=CARTESIAN_POINT('',(-0.0251477347320566,2.169531,8.65));
#84900=DIRECTION('',(1.,0.,-5.78241158658935E-18));
#84910=VECTOR('',#84900,1.);
#84920=LINE('',#84890,#84910);
#84930=CARTESIAN_POINT('',(-0.127180999999999,2.169531,8.65));
#84940=VERTEX_POINT('',#84930);
#84950=CARTESIAN_POINT('',(0.0728189999999996,2.169531,8.65));
#84960=VERTEX_POINT('',#84950);
#84970=EDGE_CURVE('',#84940,#84960,#84920,.T.);
#84980=ORIENTED_EDGE('',*,*,#84970,.T.);
#84990=CARTESIAN_POINT('',(-0.762577107865425,-0.372053431461694,
8.01460389213458));
#85000=DIRECTION('',(0.235702260395516,0.942809041582063,
0.235702260395516));
#85010=VECTOR('',#85000,1.);
#85020=LINE('',#84990,#85010);
#85030=CARTESIAN_POINT('',(-0.202181,1.869531,8.575));
#85040=VERTEX_POINT('',#85030);
#85050=EDGE_CURVE('',#85040,#84940,#85020,.T.);
#85060=ORIENTED_EDGE('',*,*,#85050,.T.);
#85070=CARTESIAN_POINT('',(-0.0251477347320566,1.869531,8.575));
#85080=DIRECTION('',(1.,2.31296463463574E-17,0.));
#85090=VECTOR('',#85080,1.);
#85100=LINE('',#85070,#85090);
#85110=EDGE_CURVE('',#85040,#84760,#85100,.T.);
#85120=ORIENTED_EDGE('',*,*,#85110,.F.);
#85130=CARTESIAN_POINT('',(0.708215107865424,-0.372053431461694,
8.01460389213458));
#85140=DIRECTION('',(0.235702260395516,-0.942809041582063,
-0.235702260395516));
#85150=VECTOR('',#85140,1.);
#85160=LINE('',#85130,#85150);
#85170=EDGE_CURVE('',#84960,#84760,#85160,.T.);
#85180=ORIENTED_EDGE('',*,*,#85170,.T.);
#85190=EDGE_LOOP('',(#85180,#85120,#85060,#84980));
#85200=FACE_OUTER_BOUND('',#85190,.T.);
#85210=ADVANCED_FACE('',(#85200),#84880,.F.);
#85220=CARTESIAN_POINT('',(-0.127180999999999,2.169531,8.575));
#85230=DIRECTION('',(0.,1.,0.));
#85240=DIRECTION('',(1.,0.,0.));
#85250=AXIS2_PLACEMENT_3D('',#85220,#85230,#85240);
#85260=PLANE('',#85250);
#85270=CARTESIAN_POINT('',(-0.127180999999999,2.169531,8.575));
#85280=DIRECTION('',(0.,0.,-1.));
#85290=VECTOR('',#85280,1.);
#85300=LINE('',#85270,#85290);
#85310=CARTESIAN_POINT('',(-0.127180999999999,2.169531,8.85));
#85320=VERTEX_POINT('',#85310);
#85330=EDGE_CURVE('',#85320,#84940,#85300,.T.);
#85340=ORIENTED_EDGE('',*,*,#85330,.F.);
#85350=ORIENTED_EDGE('',*,*,#84970,.F.);
#85360=CARTESIAN_POINT('',(0.0728189999999998,2.169531,8.575));
#85370=DIRECTION('',(0.,0.,1.));
#85380=VECTOR('',#85370,1.);
#85390=LINE('',#85360,#85380);
#85400=CARTESIAN_POINT('',(0.0728189999999998,2.169531,8.85));
#85410=VERTEX_POINT('',#85400);
#85420=EDGE_CURVE('',#84960,#85410,#85390,.T.);
#85430=ORIENTED_EDGE('',*,*,#85420,.F.);
#85440=CARTESIAN_POINT('',(-0.0251477347320566,2.169531,8.85));
#85450=DIRECTION('',(1.,0.,5.78241158658935E-18));
#85460=VECTOR('',#85450,1.);
#85470=LINE('',#85440,#85460);
#85480=EDGE_CURVE('',#85320,#85410,#85470,.T.);
#85490=ORIENTED_EDGE('',*,*,#85480,.T.);
#85500=EDGE_LOOP('',(#85490,#85430,#85350,#85340));
#85510=FACE_OUTER_BOUND('',#85500,.T.);
#85520=ADVANCED_FACE('',(#85510),#85260,.T.);
#85530=CARTESIAN_POINT('',(0.0728189999999997,2.169531,8.575));
#85540=DIRECTION('',(0.970142500145332,0.242535625036333,0.));
#85550=DIRECTION('',(0.242535625036333,-0.970142500145332,0.));
#85560=AXIS2_PLACEMENT_3D('',#85530,#85540,#85550);
#85570=PLANE('',#85560);
#85580=ORIENTED_EDGE('',*,*,#84770,.T.);
#85590=CARTESIAN_POINT('',(0.708215107865424,-0.372053431461694,
9.48539610786543));
#85600=DIRECTION('',(0.235702260395516,-0.942809041582063,
0.235702260395516));
#85610=VECTOR('',#85600,1.);
#85620=LINE('',#85590,#85610);
#85630=EDGE_CURVE('',#85410,#84680,#85620,.T.);
#85640=ORIENTED_EDGE('',*,*,#85630,.T.);
#85650=ORIENTED_EDGE('',*,*,#85420,.T.);
#85660=ORIENTED_EDGE('',*,*,#85170,.F.);
#85670=EDGE_LOOP('',(#85660,#85650,#85640,#85580));
#85680=FACE_OUTER_BOUND('',#85670,.T.);
#85690=ADVANCED_FACE('',(#85680),#85570,.T.);
#85700=CARTESIAN_POINT('',(-4.1036834,2.169531,8.85));
#85710=DIRECTION('',(5.60976323348313E-18,-0.242535625036333,
-0.970142500145332));
#85720=DIRECTION('',(2.24390529339325E-17,-0.970142500145332,
0.242535625036333));
#85730=AXIS2_PLACEMENT_3D('',#85700,#85710,#85720);
#85740=PLANE('',#85730);
#85750=ORIENTED_EDGE('',*,*,#85480,.F.);
#85760=ORIENTED_EDGE('',*,*,#85630,.F.);
#85770=CARTESIAN_POINT('',(-0.0251477347320566,1.869531,8.925));
#85780=DIRECTION('',(-1.,-2.31296463463574E-17,0.));
#85790=VECTOR('',#85780,1.);
#85800=LINE('',#85770,#85790);
#85810=CARTESIAN_POINT('',(-0.202181,1.869531,8.925));
#85820=VERTEX_POINT('',#85810);
#85830=EDGE_CURVE('',#84680,#85820,#85800,.T.);
#85840=ORIENTED_EDGE('',*,*,#85830,.F.);
#85850=CARTESIAN_POINT('',(-0.762577107865425,-0.372053431461694,
9.48539610786543));
#85860=DIRECTION('',(0.235702260395516,0.942809041582063,
-0.235702260395516));
#85870=VECTOR('',#85860,1.);
#85880=LINE('',#85850,#85870);
#85890=EDGE_CURVE('',#85820,#85320,#85880,.T.);
#85900=ORIENTED_EDGE('',*,*,#85890,.F.);
#85910=EDGE_LOOP('',(#85900,#85840,#85760,#85750));
#85920=FACE_OUTER_BOUND('',#85910,.T.);
#85930=ADVANCED_FACE('',(#85920),#85740,.F.);
#85940=CARTESIAN_POINT('',(-0.202181000000001,-1.680469,8.575));
#85950=DIRECTION('',(-1.,3.70074341541719E-16,0.));
#85960=DIRECTION('',(3.70074341541719E-16,1.,0.));
#85970=AXIS2_PLACEMENT_3D('',#85940,#85950,#85960);
#85980=PLANE('',#85970);
#85990=CARTESIAN_POINT('',(-0.202181,-0.372053431461694,8.575));
#86000=DIRECTION('',(3.70074341541719E-16,1.,0.));
#86010=VECTOR('',#86000,1.);
#86020=LINE('',#85990,#86010);
#86030=EDGE_CURVE('',#82050,#85040,#86020,.T.);
#86040=ORIENTED_EDGE('',*,*,#86030,.F.);
#86050=CARTESIAN_POINT('',(-0.202180999999999,1.869531,8.575));
#86060=DIRECTION('',(0.,0.,-1.));
#86070=VECTOR('',#86060,1.);
#86080=LINE('',#86050,#86070);
#86090=EDGE_CURVE('',#85820,#85040,#86080,.T.);
#86100=ORIENTED_EDGE('',*,*,#86090,.T.);
#86110=CARTESIAN_POINT('',(-0.202181,-0.372053431461694,8.925));
#86120=DIRECTION('',(3.70074341541719E-16,1.,0.));
#86130=VECTOR('',#86120,1.);
#86140=LINE('',#86110,#86130);
#86150=EDGE_CURVE('',#82130,#85820,#86140,.T.);
#86160=ORIENTED_EDGE('',*,*,#86150,.T.);
#86170=ORIENTED_EDGE('',*,*,#82140,.F.);
#86180=EDGE_LOOP('',(#86170,#86160,#86100,#86040));
#86190=FACE_OUTER_BOUND('',#86180,.T.);
#86200=ADVANCED_FACE('',(#86190),#85980,.T.);
#86210=CARTESIAN_POINT('',(-0.202181,1.869531,8.575));
#86220=DIRECTION('',(-0.970142500145332,0.242535625036333,0.));
#86230=DIRECTION('',(0.242535625036333,0.970142500145332,0.));
#86240=AXIS2_PLACEMENT_3D('',#86210,#86220,#86230);
#86250=PLANE('',#86240);
#86260=ORIENTED_EDGE('',*,*,#86090,.F.);
#86270=ORIENTED_EDGE('',*,*,#85050,.F.);
#86280=ORIENTED_EDGE('',*,*,#85330,.T.);
#86290=ORIENTED_EDGE('',*,*,#85890,.T.);
#86300=EDGE_LOOP('',(#86290,#86280,#86270,#86260));
#86310=FACE_OUTER_BOUND('',#86300,.T.);
#86320=ADVANCED_FACE('',(#86310),#86250,.T.);
#86330=ORIENTED_EDGE('',*,*,#86030,.T.);
#86340=ORIENTED_EDGE('',*,*,#82060,.T.);
#86350=ORIENTED_EDGE('',*,*,#84790,.F.);
#86360=ORIENTED_EDGE('',*,*,#85110,.T.);
#86370=EDGE_LOOP('',(#86360,#86350,#86340,#86330));
#86380=FACE_OUTER_BOUND('',#86370,.T.);
#86390=ADVANCED_FACE('',(#86380),#62780,.F.);
#86400=ORIENTED_EDGE('',*,*,#84690,.T.);
#86410=ORIENTED_EDGE('',*,*,#82220,.F.);
#86420=ORIENTED_EDGE('',*,*,#86150,.F.);
#86430=ORIENTED_EDGE('',*,*,#85830,.T.);
#86440=EDGE_LOOP('',(#86430,#86420,#86410,#86400));
#86450=FACE_OUTER_BOUND('',#86440,.T.);
#86460=ADVANCED_FACE('',(#86450),#60360,.T.);
#86470=ORIENTED_EDGE('',*,*,#82620,.F.);
#86480=CARTESIAN_POINT('',(0.147819,1.869531,6.425));
#86490=VERTEX_POINT('',#86480);
#86500=EDGE_CURVE('',#82550,#86490,#63470,.T.);
#86510=ORIENTED_EDGE('',*,*,#86500,.F.);
#86520=CARTESIAN_POINT('',(0.147819,1.869531,6.075));
#86530=DIRECTION('',(0.,0.,-1.));
#86540=VECTOR('',#86530,1.);
#86550=LINE('',#86520,#86540);
#86560=CARTESIAN_POINT('',(0.147819,1.869531,6.075));
#86570=VERTEX_POINT('',#86560);
#86580=EDGE_CURVE('',#86490,#86570,#86550,.T.);
#86590=ORIENTED_EDGE('',*,*,#86580,.F.);
#86600=EDGE_CURVE('',#82370,#86570,#65940,.T.);
#86610=ORIENTED_EDGE('',*,*,#86600,.T.);
#86620=EDGE_LOOP('',(#86610,#86590,#86510,#86470));
#86630=FACE_OUTER_BOUND('',#86620,.T.);
#86640=ADVANCED_FACE('',(#86630),#66050,.T.);
#86650=CARTESIAN_POINT('',(-4.1036834,1.869531,6.075));
#86660=DIRECTION('',(5.60976323348313E-18,-0.242535625036333,
0.970142500145332));
#86670=DIRECTION('',(-2.24390529339325E-17,0.970142500145332,
0.242535625036333));
#86680=AXIS2_PLACEMENT_3D('',#86650,#86660,#86670);
#86690=PLANE('',#86680);
#86700=CARTESIAN_POINT('',(-0.0251477347320566,2.169531,6.15));
#86710=DIRECTION('',(1.,0.,-5.78241158658935E-18));
#86720=VECTOR('',#86710,1.);
#86730=LINE('',#86700,#86720);
#86740=CARTESIAN_POINT('',(-0.127180999999999,2.169531,6.15));
#86750=VERTEX_POINT('',#86740);
#86760=CARTESIAN_POINT('',(0.0728189999999996,2.169531,6.15));
#86770=VERTEX_POINT('',#86760);
#86780=EDGE_CURVE('',#86750,#86770,#86730,.T.);
#86790=ORIENTED_EDGE('',*,*,#86780,.T.);
#86800=CARTESIAN_POINT('',(-0.762577107865425,-0.372053431461694,
5.51460389213458));
#86810=DIRECTION('',(0.235702260395516,0.942809041582063,
0.235702260395516));
#86820=VECTOR('',#86810,1.);
#86830=LINE('',#86800,#86820);
#86840=CARTESIAN_POINT('',(-0.202181,1.869531,6.075));
#86850=VERTEX_POINT('',#86840);
#86860=EDGE_CURVE('',#86850,#86750,#86830,.T.);
#86870=ORIENTED_EDGE('',*,*,#86860,.T.);
#86880=CARTESIAN_POINT('',(-0.0251477347320566,1.869531,6.075));
#86890=DIRECTION('',(1.,2.31296463463574E-17,0.));
#86900=VECTOR('',#86890,1.);
#86910=LINE('',#86880,#86900);
#86920=EDGE_CURVE('',#86850,#86570,#86910,.T.);
#86930=ORIENTED_EDGE('',*,*,#86920,.F.);
#86940=CARTESIAN_POINT('',(0.708215107865424,-0.372053431461694,
5.51460389213458));
#86950=DIRECTION('',(0.235702260395516,-0.942809041582063,
-0.235702260395516));
#86960=VECTOR('',#86950,1.);
#86970=LINE('',#86940,#86960);
#86980=EDGE_CURVE('',#86770,#86570,#86970,.T.);
#86990=ORIENTED_EDGE('',*,*,#86980,.T.);
#87000=EDGE_LOOP('',(#86990,#86930,#86870,#86790));
#87010=FACE_OUTER_BOUND('',#87000,.T.);
#87020=ADVANCED_FACE('',(#87010),#86690,.F.);
#87030=CARTESIAN_POINT('',(-0.127180999999999,2.169531,6.075));
#87040=DIRECTION('',(0.,1.,0.));
#87050=DIRECTION('',(1.,0.,0.));
#87060=AXIS2_PLACEMENT_3D('',#87030,#87040,#87050);
#87070=PLANE('',#87060);
#87080=CARTESIAN_POINT('',(-0.127180999999999,2.169531,6.075));
#87090=DIRECTION('',(0.,0.,-1.));
#87100=VECTOR('',#87090,1.);
#87110=LINE('',#87080,#87100);
#87120=CARTESIAN_POINT('',(-0.127180999999999,2.169531,6.35));
#87130=VERTEX_POINT('',#87120);
#87140=EDGE_CURVE('',#87130,#86750,#87110,.T.);
#87150=ORIENTED_EDGE('',*,*,#87140,.F.);
#87160=ORIENTED_EDGE('',*,*,#86780,.F.);
#87170=CARTESIAN_POINT('',(0.0728189999999998,2.169531,6.075));
#87180=DIRECTION('',(0.,0.,1.));
#87190=VECTOR('',#87180,1.);
#87200=LINE('',#87170,#87190);
#87210=CARTESIAN_POINT('',(0.0728189999999998,2.169531,6.35));
#87220=VERTEX_POINT('',#87210);
#87230=EDGE_CURVE('',#86770,#87220,#87200,.T.);
#87240=ORIENTED_EDGE('',*,*,#87230,.F.);
#87250=CARTESIAN_POINT('',(-0.0251477347320566,2.169531,6.35));
#87260=DIRECTION('',(1.,0.,5.78241158658935E-18));
#87270=VECTOR('',#87260,1.);
#87280=LINE('',#87250,#87270);
#87290=EDGE_CURVE('',#87130,#87220,#87280,.T.);
#87300=ORIENTED_EDGE('',*,*,#87290,.T.);
#87310=EDGE_LOOP('',(#87300,#87240,#87160,#87150));
#87320=FACE_OUTER_BOUND('',#87310,.T.);
#87330=ADVANCED_FACE('',(#87320),#87070,.T.);
#87340=CARTESIAN_POINT('',(0.0728189999999997,2.169531,6.075));
#87350=DIRECTION('',(0.970142500145332,0.242535625036333,0.));
#87360=DIRECTION('',(0.242535625036333,-0.970142500145332,0.));
#87370=AXIS2_PLACEMENT_3D('',#87340,#87350,#87360);
#87380=PLANE('',#87370);
#87390=ORIENTED_EDGE('',*,*,#86580,.T.);
#87400=CARTESIAN_POINT('',(0.708215107865424,-0.372053431461694,
6.98539610786543));
#87410=DIRECTION('',(0.235702260395516,-0.942809041582063,
0.235702260395516));
#87420=VECTOR('',#87410,1.);
#87430=LINE('',#87400,#87420);
#87440=EDGE_CURVE('',#87220,#86490,#87430,.T.);
#87450=ORIENTED_EDGE('',*,*,#87440,.T.);
#87460=ORIENTED_EDGE('',*,*,#87230,.T.);
#87470=ORIENTED_EDGE('',*,*,#86980,.F.);
#87480=EDGE_LOOP('',(#87470,#87460,#87450,#87390));
#87490=FACE_OUTER_BOUND('',#87480,.T.);
#87500=ADVANCED_FACE('',(#87490),#87380,.T.);
#87510=CARTESIAN_POINT('',(-4.1036834,2.169531,6.35));
#87520=DIRECTION('',(5.60976323348313E-18,-0.242535625036333,
-0.970142500145332));
#87530=DIRECTION('',(2.24390529339325E-17,-0.970142500145332,
0.242535625036333));
#87540=AXIS2_PLACEMENT_3D('',#87510,#87520,#87530);
#87550=PLANE('',#87540);
#87560=ORIENTED_EDGE('',*,*,#87290,.F.);
#87570=ORIENTED_EDGE('',*,*,#87440,.F.);
#87580=CARTESIAN_POINT('',(-0.0251477347320566,1.869531,6.425));
#87590=DIRECTION('',(-1.,-2.31296463463574E-17,0.));
#87600=VECTOR('',#87590,1.);
#87610=LINE('',#87580,#87600);
#87620=CARTESIAN_POINT('',(-0.202181,1.869531,6.425));
#87630=VERTEX_POINT('',#87620);
#87640=EDGE_CURVE('',#86490,#87630,#87610,.T.);
#87650=ORIENTED_EDGE('',*,*,#87640,.F.);
#87660=CARTESIAN_POINT('',(-0.762577107865425,-0.372053431461694,
6.98539610786543));
#87670=DIRECTION('',(0.235702260395516,0.942809041582063,
-0.235702260395516));
#87680=VECTOR('',#87670,1.);
#87690=LINE('',#87660,#87680);
#87700=EDGE_CURVE('',#87630,#87130,#87690,.T.);
#87710=ORIENTED_EDGE('',*,*,#87700,.F.);
#87720=EDGE_LOOP('',(#87710,#87650,#87570,#87560));
#87730=FACE_OUTER_BOUND('',#87720,.T.);
#87740=ADVANCED_FACE('',(#87730),#87550,.F.);
#87750=CARTESIAN_POINT('',(-0.202181000000001,-1.680469,6.075));
#87760=DIRECTION('',(-1.,3.70074341541719E-16,0.));
#87770=DIRECTION('',(3.70074341541719E-16,1.,0.));
#87780=AXIS2_PLACEMENT_3D('',#87750,#87760,#87770);
#87790=PLANE('',#87780);
#87800=CARTESIAN_POINT('',(-0.202181,-0.372053431461694,6.075));
#87810=DIRECTION('',(3.70074341541719E-16,1.,0.));
#87820=VECTOR('',#87810,1.);
#87830=LINE('',#87800,#87820);
#87840=EDGE_CURVE('',#82390,#86850,#87830,.T.);
#87850=ORIENTED_EDGE('',*,*,#87840,.F.);
#87860=CARTESIAN_POINT('',(-0.202180999999999,1.869531,6.075));
#87870=DIRECTION('',(0.,0.,-1.));
#87880=VECTOR('',#87870,1.);
#87890=LINE('',#87860,#87880);
#87900=EDGE_CURVE('',#87630,#86850,#87890,.T.);
#87910=ORIENTED_EDGE('',*,*,#87900,.T.);
#87920=CARTESIAN_POINT('',(-0.202181,-0.372053431461694,6.425));
#87930=DIRECTION('',(3.70074341541719E-16,1.,0.));
#87940=VECTOR('',#87930,1.);
#87950=LINE('',#87920,#87940);
#87960=EDGE_CURVE('',#82470,#87630,#87950,.T.);
#87970=ORIENTED_EDGE('',*,*,#87960,.T.);
#87980=ORIENTED_EDGE('',*,*,#82480,.F.);
#87990=EDGE_LOOP('',(#87980,#87970,#87910,#87850));
#88000=FACE_OUTER_BOUND('',#87990,.T.);
#88010=ADVANCED_FACE('',(#88000),#87790,.T.);
#88020=CARTESIAN_POINT('',(-0.202181,1.869531,6.075));
#88030=DIRECTION('',(-0.970142500145332,0.242535625036333,0.));
#88040=DIRECTION('',(0.242535625036333,0.970142500145332,0.));
#88050=AXIS2_PLACEMENT_3D('',#88020,#88030,#88040);
#88060=PLANE('',#88050);
#88070=ORIENTED_EDGE('',*,*,#87900,.F.);
#88080=ORIENTED_EDGE('',*,*,#86860,.F.);
#88090=ORIENTED_EDGE('',*,*,#87140,.T.);
#88100=ORIENTED_EDGE('',*,*,#87700,.T.);
#88110=EDGE_LOOP('',(#88100,#88090,#88080,#88070));
#88120=FACE_OUTER_BOUND('',#88110,.T.);
#88130=ADVANCED_FACE('',(#88120),#88060,.T.);
#88140=ORIENTED_EDGE('',*,*,#87840,.T.);
#88150=ORIENTED_EDGE('',*,*,#82400,.T.);
#88160=ORIENTED_EDGE('',*,*,#86600,.F.);
#88170=ORIENTED_EDGE('',*,*,#86920,.T.);
#88180=EDGE_LOOP('',(#88170,#88160,#88150,#88140));
#88190=FACE_OUTER_BOUND('',#88180,.T.);
#88200=ADVANCED_FACE('',(#88190),#65850,.F.);
#88210=ORIENTED_EDGE('',*,*,#86500,.T.);
#88220=ORIENTED_EDGE('',*,*,#82560,.F.);
#88230=ORIENTED_EDGE('',*,*,#87960,.F.);
#88240=ORIENTED_EDGE('',*,*,#87640,.T.);
#88250=EDGE_LOOP('',(#88240,#88230,#88220,#88210));
#88260=FACE_OUTER_BOUND('',#88250,.T.);
#88270=ADVANCED_FACE('',(#88260),#63430,.T.);
#88280=CARTESIAN_POINT('',(-1.567181,0.969530999999999,8.42500000000001)
);
#88290=DIRECTION('',(0.,0.,-1.));
#88300=DIRECTION('',(1.,0.,0.));
#88310=AXIS2_PLACEMENT_3D('',#88280,#88290,#88300);
#88320=PLANE('',#88310);
#88330=CARTESIAN_POINT('',(-1.66533453693773E-16,0.969530999999999,
8.42500000000001));
#88340=DIRECTION('',(-1.,0.,0.));
#88350=VECTOR('',#88340,1.);
#88360=LINE('',#88330,#88350);
#88370=CARTESIAN_POINT('',(-1.567181,0.969530999999999,8.42500000000001)
);
#88380=VERTEX_POINT('',#88370);
#88390=EDGE_CURVE('',#88380,#20810,#88360,.T.);
#88400=ORIENTED_EDGE('',*,*,#88390,.F.);
#88410=ORIENTED_EDGE('',*,*,#20820,.F.);
#88420=ORIENTED_EDGE('',*,*,#81550,.F.);
#88430=CARTESIAN_POINT('',(-1.567181,-4.44089209850063E-16,
8.42500000000001));
#88440=DIRECTION('',(0.,-1.,0.));
#88450=VECTOR('',#88440,1.);
#88460=LINE('',#88430,#88450);
#88470=EDGE_CURVE('',#88380,#81480,#88460,.T.);
#88480=ORIENTED_EDGE('',*,*,#88470,.T.);
#88490=EDGE_LOOP('',(#88480,#88420,#88410,#88400));
#88500=FACE_OUTER_BOUND('',#88490,.T.);
#88510=ADVANCED_FACE('',(#88500),#88320,.T.);
#88520=CARTESIAN_POINT('',(-1.567181,2.769531,9.7));
#88530=DIRECTION('',(0.,-1.,4.44089209850056E-15));
#88540=DIRECTION('',(0.,4.44089209850056E-15,1.));
#88550=AXIS2_PLACEMENT_3D('',#88520,#88530,#88540);
#88560=PLANE('',#88550);
#88570=CARTESIAN_POINT('',(-1.567181,2.769531,9.7));
#88580=DIRECTION('',(0.,0.,-1.));
#88590=VECTOR('',#88580,1.);
#88600=LINE('',#88570,#88590);
#88610=CARTESIAN_POINT('',(-1.567181,2.769531,9.7));
#88620=VERTEX_POINT('',#88610);
#88630=CARTESIAN_POINT('',(-1.567181,2.769531,9.22500000000001));
#88640=VERTEX_POINT('',#88630);
#88650=EDGE_CURVE('',#88620,#88640,#88600,.T.);
#88660=ORIENTED_EDGE('',*,*,#88650,.T.);
#88670=CARTESIAN_POINT('',(-1.567181,2.769531,9.7));
#88680=DIRECTION('',(1.,0.,0.));
#88690=VECTOR('',#88680,1.);
#88700=LINE('',#88670,#88690);
#88710=CARTESIAN_POINT('',(-0.427181,2.769531,9.7));
#88720=VERTEX_POINT('',#88710);
#88730=EDGE_CURVE('',#88620,#88720,#88700,.T.);
#88740=ORIENTED_EDGE('',*,*,#88730,.F.);
#88750=CARTESIAN_POINT('',(-0.427181,2.769531,10.2));
#88760=DIRECTION('',(0.,0.,-1.));
#88770=VECTOR('',#88760,1.);
#88780=LINE('',#88750,#88770);
#88790=CARTESIAN_POINT('',(-0.427181,2.769531,10.2));
#88800=VERTEX_POINT('',#88790);
#88810=EDGE_CURVE('',#88800,#88720,#88780,.T.);
#88820=ORIENTED_EDGE('',*,*,#88810,.T.);
#88830=CARTESIAN_POINT('',(-0.427181,2.769531,10.2));
#88840=DIRECTION('',(-1.,1.22460635382238E-16,0.));
#88850=VECTOR('',#88840,1.);
#88860=LINE('',#88830,#88850);
#88870=EDGE_CURVE('',#88800,#21050,#88860,.T.);
#88880=ORIENTED_EDGE('',*,*,#88870,.F.);
#88890=ORIENTED_EDGE('',*,*,#21060,.T.);
#88900=CARTESIAN_POINT('',(-2.217181,2.769531,9.22500000000001));
#88910=DIRECTION('',(1.,-1.22460635382238E-16,0.));
#88920=VECTOR('',#88910,1.);
#88930=LINE('',#88900,#88920);
#88940=EDGE_CURVE('',#20970,#88640,#88930,.T.);
#88950=ORIENTED_EDGE('',*,*,#88940,.F.);
#88960=EDGE_LOOP('',(#88950,#88890,#88880,#88820,#88740,#88660));
#88970=FACE_OUTER_BOUND('',#88960,.T.);
#88980=ADVANCED_FACE('',(#88970),#88560,.F.);
#88990=CARTESIAN_POINT('',(-1.567181,2.769531,9.7));
#89000=DIRECTION('',(-1.,0.,0.));
#89010=DIRECTION('',(0.,1.,0.));
#89020=AXIS2_PLACEMENT_3D('',#88990,#89000,#89010);
#89030=PLANE('',#89020);
#89040=CARTESIAN_POINT('',(-1.567181,-4.44089209850063E-16,
9.22500000000001));
#89050=DIRECTION('',(0.,-1.,0.));
#89060=VECTOR('',#89050,1.);
#89070=LINE('',#89040,#89060);
#89080=CARTESIAN_POINT('',(-1.567181,0.969530999999999,9.22500000000001)
);
#89090=VERTEX_POINT('',#89080);
#89100=EDGE_CURVE('',#88640,#89090,#89070,.T.);
#89110=ORIENTED_EDGE('',*,*,#89100,.F.);
#89120=CARTESIAN_POINT('',(-1.567181,0.969530999999999,3.12500000000001)
);
#89130=DIRECTION('',(0.,0.,1.));
#89140=VECTOR('',#89130,1.);
#89150=LINE('',#89120,#89140);
#89160=EDGE_CURVE('',#88380,#89090,#89150,.T.);
#89170=ORIENTED_EDGE('',*,*,#89160,.T.);
#89180=ORIENTED_EDGE('',*,*,#88470,.F.);
#89190=ORIENTED_EDGE('',*,*,#81490,.T.);
#89200=CARTESIAN_POINT('',(-1.567181,-4.44089209850063E-16,9.7));
#89210=DIRECTION('',(0.,1.,0.));
#89220=VECTOR('',#89210,1.);
#89230=LINE('',#89200,#89220);
#89240=EDGE_CURVE('',#81400,#88620,#89230,.T.);
#89250=ORIENTED_EDGE('',*,*,#89240,.F.);
#89260=ORIENTED_EDGE('',*,*,#88650,.F.);
#89270=EDGE_LOOP('',(#89260,#89250,#89190,#89180,#89170,#89110));
#89280=FACE_OUTER_BOUND('',#89270,.T.);
#89290=ADVANCED_FACE('',(#89280),#89030,.F.);
#89300=CARTESIAN_POINT('',(-2.217181,1.169531,9.22500000000001));
#89310=DIRECTION('',(0.,0.,-1.));
#89320=DIRECTION('',(1.22460635382238E-16,1.,0.));
#89330=AXIS2_PLACEMENT_3D('',#89300,#89310,#89320);
#89340=PLANE('',#89330);
#89350=ORIENTED_EDGE('',*,*,#89100,.T.);
#89360=ORIENTED_EDGE('',*,*,#88940,.T.);
#89370=ORIENTED_EDGE('',*,*,#20980,.F.);
#89380=CARTESIAN_POINT('',(-2.217181,0.969530999999999,9.22500000000001)
);
#89390=DIRECTION('',(1.,-1.22460635382238E-16,0.));
#89400=VECTOR('',#89390,1.);
#89410=LINE('',#89380,#89400);
#89420=EDGE_CURVE('',#20890,#89090,#89410,.T.);
#89430=ORIENTED_EDGE('',*,*,#89420,.F.);
#89440=EDGE_LOOP('',(#89430,#89370,#89360,#89350));
#89450=FACE_OUTER_BOUND('',#89440,.T.);
#89460=ADVANCED_FACE('',(#89450),#89340,.T.);
#89470=CARTESIAN_POINT('',(-1.567181,0.969530999999999,9.50000240000001)
);
#89480=DIRECTION('',(0.,1.,0.));
#89490=DIRECTION('',(-1.,0.,0.));
#89500=AXIS2_PLACEMENT_3D('',#89470,#89480,#89490);
#89510=PLANE('',#89500);
#89520=ORIENTED_EDGE('',*,*,#20900,.F.);
#89530=ORIENTED_EDGE('',*,*,#88390,.T.);
#89540=ORIENTED_EDGE('',*,*,#89160,.F.);
#89550=ORIENTED_EDGE('',*,*,#89420,.T.);
#89560=EDGE_LOOP('',(#89550,#89540,#89530,#89520));
#89570=FACE_OUTER_BOUND('',#89560,.T.);
#89580=ADVANCED_FACE('',(#89570),#89510,.T.);
#89590=ORIENTED_EDGE('',*,*,#68130,.F.);
#89600=ORIENTED_EDGE('',*,*,#66280,.F.);
#89610=ORIENTED_EDGE('',*,*,#10710,.T.);
#89620=ORIENTED_EDGE('',*,*,#32100,.T.);
#89630=ORIENTED_EDGE('',*,*,#67760,.T.);
#89640=ORIENTED_EDGE('',*,*,#56870,.F.);
#89650=CARTESIAN_POINT('',(-1.817181,2.2253313986453E-16,10.2));
#89660=DIRECTION('',(1.83690953073357E-16,1.,-4.41681569809111E-33));
#89670=VECTOR('',#89660,1.);
#89680=LINE('',#89650,#89670);
#89690=CARTESIAN_POINT('',(-1.817181,0.669531,10.2));
#89700=VERTEX_POINT('',#89690);
#89710=EDGE_CURVE('',#89700,#56800,#89680,.T.);
#89720=ORIENTED_EDGE('',*,*,#89710,.T.);
#89730=CARTESIAN_POINT('',(8.1991191668105E-17,0.669531,10.2));
#89740=DIRECTION('',(1.,-1.22460635382238E-16,0.));
#89750=VECTOR('',#89740,1.);
#89760=LINE('',#89730,#89750);
#89770=EDGE_CURVE('',#21130,#89700,#89760,.T.);
#89780=ORIENTED_EDGE('',*,*,#89770,.T.);
#89790=ORIENTED_EDGE('',*,*,#21140,.T.);
#89800=ORIENTED_EDGE('',*,*,#88870,.T.);
#89810=CARTESIAN_POINT('',(-0.427181000000001,2.669531,10.2));
#89820=DIRECTION('',(2.34290668463256E-15,1.,0.));
#89830=VECTOR('',#89820,1.);
#89840=LINE('',#89810,#89830);
#89850=CARTESIAN_POINT('',(-0.427181,1.769531,10.2));
#89860=VERTEX_POINT('',#89850);
#89870=EDGE_CURVE('',#89860,#88800,#89840,.T.);
#89880=ORIENTED_EDGE('',*,*,#89870,.T.);
#89890=CARTESIAN_POINT('',(-1.567181,1.769531,10.2));
#89900=DIRECTION('',(1.,0.,0.));
#89910=VECTOR('',#89900,1.);
#89920=LINE('',#89890,#89910);
#89930=EDGE_CURVE('',#89860,#68120,#89920,.T.);
#89940=ORIENTED_EDGE('',*,*,#89930,.F.);
#89950=EDGE_LOOP('',(#89940,#89880,#89800,#89790,#89780,#89720,#89640,
#89630,#89620,#89610,#89600,#89590));
#89960=FACE_OUTER_BOUND('',#89950,.T.);
#89970=ADVANCED_FACE('',(#89960),#66590,.F.);
#89980=CARTESIAN_POINT('',(0.372819,1.769531,9.7));
#89990=DIRECTION('',(0.,-1.,0.));
#90000=DIRECTION('',(-1.,0.,0.));
#90010=AXIS2_PLACEMENT_3D('',#89980,#89990,#90000);
#90020=PLANE('',#90010);
#90030=CARTESIAN_POINT('',(-1.567181,1.769531,9.7));
#90040=DIRECTION('',(1.,0.,0.));
#90050=VECTOR('',#90040,1.);
#90060=LINE('',#90030,#90050);
#90070=CARTESIAN_POINT('',(-0.427181,1.769531,9.7));
#90080=VERTEX_POINT('',#90070);
#90090=EDGE_CURVE('',#90080,#68030,#90060,.T.);
#90100=ORIENTED_EDGE('',*,*,#90090,.F.);
#90110=ORIENTED_EDGE('',*,*,#68190,.F.);
#90120=ORIENTED_EDGE('',*,*,#89930,.T.);
#90130=CARTESIAN_POINT('',(-0.427181,1.769531,9.7));
#90140=DIRECTION('',(0.,0.,1.));
#90150=VECTOR('',#90140,1.);
#90160=LINE('',#90130,#90150);
#90170=EDGE_CURVE('',#90080,#89860,#90160,.T.);
#90180=ORIENTED_EDGE('',*,*,#90170,.T.);
#90190=EDGE_LOOP('',(#90180,#90120,#90110,#90100));
#90200=FACE_OUTER_BOUND('',#90190,.T.);
#90210=ADVANCED_FACE('',(#90200),#90020,.F.);
#90220=CARTESIAN_POINT('',(-1.567181,2.669531,9.7));
#90230=DIRECTION('',(0.,0.,1.));
#90240=DIRECTION('',(0.,1.,0.));
#90250=AXIS2_PLACEMENT_3D('',#90220,#90230,#90240);
#90260=PLANE('',#90250);
#90270=CARTESIAN_POINT('',(-0.427181,-0.230469000000001,9.7));
#90280=DIRECTION('',(-8.32667268468867E-17,1.,0.));
#90290=VECTOR('',#90280,1.);
#90300=LINE('',#90270,#90290);
#90310=EDGE_CURVE('',#90080,#88720,#90300,.T.);
#90320=ORIENTED_EDGE('',*,*,#90310,.F.);
#90330=ORIENTED_EDGE('',*,*,#88730,.T.);
#90340=ORIENTED_EDGE('',*,*,#89240,.T.);
#90350=ORIENTED_EDGE('',*,*,#81410,.F.);
#90360=ORIENTED_EDGE('',*,*,#68370,.T.);
#90370=ORIENTED_EDGE('',*,*,#66440,.T.);
#90380=ORIENTED_EDGE('',*,*,#68040,.T.);
#90390=ORIENTED_EDGE('',*,*,#90090,.T.);
#90400=EDGE_LOOP('',(#90390,#90380,#90370,#90360,#90350,#90340,#90330,
#90320));
#90410=FACE_OUTER_BOUND('',#90400,.T.);
#90420=ADVANCED_FACE('',(#90410),#90260,.F.);
#90430=CARTESIAN_POINT('',(-0.427181,2.769531,10.2));
#90440=DIRECTION('',(-1.,2.34290668463256E-15,0.));
#90450=DIRECTION('',(2.34290668463256E-15,1.,0.));
#90460=AXIS2_PLACEMENT_3D('',#90430,#90440,#90450);
#90470=PLANE('',#90460);
#90480=ORIENTED_EDGE('',*,*,#90310,.T.);
#90490=ORIENTED_EDGE('',*,*,#90170,.F.);
#90500=ORIENTED_EDGE('',*,*,#89870,.F.);
#90510=ORIENTED_EDGE('',*,*,#88810,.F.);
#90520=EDGE_LOOP('',(#90510,#90500,#90490,#90480));
#90530=FACE_OUTER_BOUND('',#90520,.T.);
#90540=ADVANCED_FACE('',(#90530),#90470,.F.);
#90550=CARTESIAN_POINT('',(-1.817181,2.2253313986453E-16,10.6));
#90560=DIRECTION('',(1.83690953073357E-16,1.,-8.83363139618221E-33));
#90570=DIRECTION('',(1.,-1.83690953073357E-16,-1.22460635382238E-16));
#90580=AXIS2_PLACEMENT_3D('',#90550,#90560,#90570);
#90590=CYLINDRICAL_SURFACE('',#90580,0.4);
#90600=ORIENTED_EDGE('',*,*,#56810,.F.);
#90610=ORIENTED_EDGE('',*,*,#21300,.T.);
#90620=CARTESIAN_POINT('',(-1.817181,0.669531,10.6));
#90630=DIRECTION('',(1.83690953073357E-16,1.,-8.83363139618221E-33));
#90640=DIRECTION('',(1.,-1.83690953073357E-16,-1.22460635382238E-16));
#90650=AXIS2_PLACEMENT_3D('',#90620,#90630,#90640);
#90660=CIRCLE('',#90650,0.4);
#90670=EDGE_CURVE('',#89700,#21210,#90660,.T.);
#90680=ORIENTED_EDGE('',*,*,#90670,.T.);
#90690=ORIENTED_EDGE('',*,*,#89710,.F.);
#90700=EDGE_LOOP('',(#90690,#90680,#90610,#90600));
#90710=FACE_OUTER_BOUND('',#90700,.T.);
#90720=ADVANCED_FACE('',(#90710),#90590,.T.);
#90730=CARTESIAN_POINT('',(-1.417181,0.669531,10.95));
#90740=DIRECTION('',(-1.22460635382238E-16,-1.,0.));
#90750=DIRECTION('',(0.,0.,1.));
#90760=AXIS2_PLACEMENT_3D('',#90730,#90740,#90750);
#90770=PLANE('',#90760);
#90780=ORIENTED_EDGE('',*,*,#21220,.T.);
#90790=ORIENTED_EDGE('',*,*,#89770,.F.);
#90800=ORIENTED_EDGE('',*,*,#90670,.F.);
#90810=EDGE_LOOP('',(#90800,#90790,#90780));
#90820=FACE_OUTER_BOUND('',#90810,.T.);
#90830=ADVANCED_FACE('',(#90820),#90770,.F.);
#90840=CARTESIAN_POINT('',(-2.017181,1.469531,10.7));
#90850=DIRECTION('',(-6.12303176911189E-17,-3.74915180455534E-33,-1.));
#90860=DIRECTION('',(1.,-1.83690953073357E-16,-6.12303176911189E-17));
#90870=AXIS2_PLACEMENT_3D('',#90840,#90850,#90860);
#90880=PLANE('',#90870);
#90890=ORIENTED_EDGE('',*,*,#56710,.F.);
#90900=CARTESIAN_POINT('',(-2.017181,1.469531,10.7));
#90910=DIRECTION('',(-1.83690953073357E-16,-1.,1.49966072182214E-32));
#90920=VECTOR('',#90910,1.);
#90930=LINE('',#90900,#90920);
#90940=CARTESIAN_POINT('',(-2.017181,0.669531,10.7));
#90950=VERTEX_POINT('',#90940);
#90960=EDGE_CURVE('',#56640,#90950,#90930,.T.);
#90970=ORIENTED_EDGE('',*,*,#90960,.F.);
#90980=CARTESIAN_POINT('',(0.,0.669531,10.7));
#90990=DIRECTION('',(1.,-1.22460635382238E-16,-6.12303176911189E-17));
#91000=VECTOR('',#90990,1.);
#91010=LINE('',#90980,#91000);
#91020=EDGE_CURVE('',#21450,#90950,#91010,.T.);
#91030=ORIENTED_EDGE('',*,*,#91020,.T.);
#91040=ORIENTED_EDGE('',*,*,#21460,.T.);
#91050=EDGE_LOOP('',(#91040,#91030,#90970,#90890));
#91060=FACE_OUTER_BOUND('',#91050,.T.);
#91070=ADVANCED_FACE('',(#91060),#90880,.F.);
#91080=CARTESIAN_POINT('',(-2.017181,1.469531,10.2));
#91090=DIRECTION('',(-1.,1.83690953073357E-16,6.12303176911188E-17));
#91100=DIRECTION('',(-6.12303176911188E-17,0.,-1.));
#91110=AXIS2_PLACEMENT_3D('',#91080,#91090,#91100);
#91120=PLANE('',#91110);
#91130=CARTESIAN_POINT('',(-2.017181,0.669531,-3.125));
#91140=DIRECTION('',(-6.12303176911188E-17,1.23259516440783E-32,-1.));
#91150=VECTOR('',#91140,1.);
#91160=LINE('',#91130,#91150);
#91170=CARTESIAN_POINT('',(-2.017181,0.669531,10.6));
#91180=VERTEX_POINT('',#91170);
#91190=EDGE_CURVE('',#90950,#91180,#91160,.T.);
#91200=ORIENTED_EDGE('',*,*,#91190,.T.);
#91210=ORIENTED_EDGE('',*,*,#90960,.T.);
#91220=ORIENTED_EDGE('',*,*,#56650,.F.);
#91230=CARTESIAN_POINT('',(-2.017181,2.59271330479201E-16,10.6));
#91240=DIRECTION('',(-1.83690953073357E-16,-1.,8.83363139618221E-33));
#91250=VECTOR('',#91240,1.);
#91260=LINE('',#91230,#91250);
#91270=EDGE_CURVE('',#56560,#91180,#91260,.T.);
#91280=ORIENTED_EDGE('',*,*,#91270,.F.);
#91290=EDGE_LOOP('',(#91280,#91220,#91210,#91200));
#91300=FACE_OUTER_BOUND('',#91290,.T.);
#91310=ADVANCED_FACE('',(#91300),#91120,.F.);
#91320=CARTESIAN_POINT('',(-1.817181,2.2253313986453E-16,10.6));
#91330=DIRECTION('',(-1.83690953073357E-16,-1.,8.83363139618221E-33));
#91340=DIRECTION('',(-1.,1.83690953073357E-16,1.22460635382238E-16));
#91350=AXIS2_PLACEMENT_3D('',#91320,#91330,#91340);
#91360=CYLINDRICAL_SURFACE('',#91350,0.2);
#91370=ORIENTED_EDGE('',*,*,#56570,.F.);
#91380=CARTESIAN_POINT('',(-1.817181,2.2253313986453E-16,10.4));
#91390=DIRECTION('',(-1.83690953073357E-16,-1.,8.83363139618221E-33));
#91400=VECTOR('',#91390,1.);
#91410=LINE('',#91380,#91400);
#91420=CARTESIAN_POINT('',(-1.817181,0.669531,10.4));
#91430=VERTEX_POINT('',#91420);
#91440=EDGE_CURVE('',#56470,#91430,#91410,.T.);
#91450=ORIENTED_EDGE('',*,*,#91440,.F.);
#91460=CARTESIAN_POINT('',(-1.817181,0.669531,10.6));
#91470=DIRECTION('',(-1.83690953073357E-16,-1.,8.83363139618221E-33));
#91480=DIRECTION('',(-1.,1.83690953073357E-16,1.22460635382238E-16));
#91490=AXIS2_PLACEMENT_3D('',#91460,#91470,#91480);
#91500=CIRCLE('',#91490,0.2);
#91510=EDGE_CURVE('',#91180,#91430,#91500,.T.);
#91520=ORIENTED_EDGE('',*,*,#91510,.T.);
#91530=ORIENTED_EDGE('',*,*,#91270,.T.);
#91540=EDGE_LOOP('',(#91530,#91520,#91450,#91370));
#91550=FACE_OUTER_BOUND('',#91540,.T.);
#91560=ADVANCED_FACE('',(#91550),#91360,.F.);
#91570=ORIENTED_EDGE('',*,*,#81170,.T.);
#91580=ORIENTED_EDGE('',*,*,#21500,.T.);
#91590=ORIENTED_EDGE('',*,*,#91020,.F.);
#91600=ORIENTED_EDGE('',*,*,#91190,.F.);
#91610=ORIENTED_EDGE('',*,*,#91510,.F.);
#91620=CARTESIAN_POINT('',(0.,0.669531,10.4));
#91630=DIRECTION('',(1.,-1.22460635382238E-16,-6.12303176911189E-17));
#91640=VECTOR('',#91630,1.);
#91650=LINE('',#91620,#91640);
#91660=CARTESIAN_POINT('',(-1.717181,0.669531,10.4));
#91670=VERTEX_POINT('',#91660);
#91680=EDGE_CURVE('',#91430,#91670,#91650,.T.);
#91690=ORIENTED_EDGE('',*,*,#91680,.F.);
#91700=CARTESIAN_POINT('',(-1.717181,0.669531,10.2));
#91710=DIRECTION('',(0.,0.,1.));
#91720=VECTOR('',#91710,1.);
#91730=LINE('',#91700,#91720);
#91740=CARTESIAN_POINT('',(-1.717181,0.669531,10.41));
#91750=VERTEX_POINT('',#91740);
#91760=EDGE_CURVE('',#91670,#91750,#91730,.T.);
#91770=ORIENTED_EDGE('',*,*,#91760,.F.);
#91780=CARTESIAN_POINT('',(-1.417181,0.669531,10.41));
#91790=DIRECTION('',(-1.,1.22460635382238E-16,0.));
#91800=VECTOR('',#91790,1.);
#91810=LINE('',#91780,#91800);
#91820=CARTESIAN_POINT('',(-1.417181,0.669531,10.41));
#91830=VERTEX_POINT('',#91820);
#91840=EDGE_CURVE('',#91830,#91750,#91810,.T.);
#91850=ORIENTED_EDGE('',*,*,#91840,.T.);
#91860=CARTESIAN_POINT('',(-1.417181,0.669531,3.12500000000001));
#91870=DIRECTION('',(0.,0.,-1.));
#91880=VECTOR('',#91870,1.);
#91890=LINE('',#91860,#91880);
#91900=EDGE_CURVE('',#81160,#91830,#91890,.T.);
#91910=ORIENTED_EDGE('',*,*,#91900,.T.);
#91920=EDGE_LOOP('',(#91910,#91850,#91770,#91690,#91610,#91600,#91590,
#91580,#91570));
#91930=FACE_OUTER_BOUND('',#91920,.T.);
#91940=ADVANCED_FACE('',(#91930),#90770,.F.);
#91950=CARTESIAN_POINT('',(-1.417181,0.669531,10.95));
#91960=DIRECTION('',(-1.,1.22460635382238E-16,0.));
#91970=DIRECTION('',(1.22460635382238E-16,1.,0.));
#91980=AXIS2_PLACEMENT_3D('',#91950,#91960,#91970);
#91990=PLANE('',#91980);
#92000=ORIENTED_EDGE('',*,*,#91900,.F.);
#92010=CARTESIAN_POINT('',(-1.417181,-2.70540324138428E-16,10.41));
#92020=DIRECTION('',(-1.22460635382238E-16,-1.,0.));
#92030=VECTOR('',#92020,1.);
#92040=LINE('',#92010,#92030);
#92050=EDGE_CURVE('',#91830,#80820,#92040,.T.);
#92060=ORIENTED_EDGE('',*,*,#92050,.F.);
#92070=ORIENTED_EDGE('',*,*,#80830,.F.);
#92080=ORIENTED_EDGE('',*,*,#81230,.F.);
#92090=EDGE_LOOP('',(#92080,#92070,#92060,#92000));
#92100=FACE_OUTER_BOUND('',#92090,.T.);
#92110=ADVANCED_FACE('',(#92100),#91990,.F.);
#92120=CARTESIAN_POINT('',(-1.717181,-2.5104714,10.41));
#92130=DIRECTION('',(0.,0.,-1.));
#92140=DIRECTION('',(1.,0.,0.));
#92150=AXIS2_PLACEMENT_3D('',#92120,#92130,#92140);
#92160=PLANE('',#92150);
#92170=CARTESIAN_POINT('',(-1.717181,-2.33802133523756E-16,10.41));
#92180=DIRECTION('',(1.26531814539921E-15,-1.,0.));
#92190=VECTOR('',#92180,1.);
#92200=LINE('',#92170,#92190);
#92210=EDGE_CURVE('',#91750,#80900,#92200,.T.);
#92220=ORIENTED_EDGE('',*,*,#92210,.F.);
#92230=ORIENTED_EDGE('',*,*,#80910,.T.);
#92240=ORIENTED_EDGE('',*,*,#92050,.T.);
#92250=ORIENTED_EDGE('',*,*,#91840,.F.);
#92260=EDGE_LOOP('',(#92250,#92240,#92230,#92220));
#92270=FACE_OUTER_BOUND('',#92260,.T.);
#92280=ADVANCED_FACE('',(#92270),#92160,.T.);
#92290=CARTESIAN_POINT('',(-1.717181,0.569531,10.2));
#92300=DIRECTION('',(-1.,-1.26531814539921E-15,0.));
#92310=DIRECTION('',(-1.26531814539921E-15,1.,0.));
#92320=AXIS2_PLACEMENT_3D('',#92290,#92300,#92310);
#92330=PLANE('',#92320);
#92340=CARTESIAN_POINT('',(-1.717181,0.669531,-3.125));
#92350=DIRECTION('',(-1.43687830814556E-47,1.1247455413666E-32,1.));
#92360=VECTOR('',#92350,1.);
#92370=LINE('',#92340,#92360);
#92380=CARTESIAN_POINT('',(-1.717181,0.669531,10.2));
#92390=VERTEX_POINT('',#92380);
#92400=EDGE_CURVE('',#92390,#91670,#92370,.T.);
#92410=ORIENTED_EDGE('',*,*,#92400,.T.);
#92420=CARTESIAN_POINT('',(-1.717181,-0.0304690000000002,10.2));
#92430=VERTEX_POINT('',#92420);
#92440=EDGE_CURVE('',#92390,#92430,#66730,.T.);
#92450=ORIENTED_EDGE('',*,*,#92440,.F.);
#92460=CARTESIAN_POINT('',(-1.717181,-0.0304690000000002,-3.125));
#92470=DIRECTION('',(1.43687830814556E-47,-1.1247455413666E-32,-1.));
#92480=VECTOR('',#92470,1.);
#92490=LINE('',#92460,#92480);
#92500=CARTESIAN_POINT('',(-1.717181,-0.0304690000000002,10.4));
#92510=VERTEX_POINT('',#92500);
#92520=EDGE_CURVE('',#92510,#92430,#92490,.T.);
#92530=ORIENTED_EDGE('',*,*,#92520,.T.);
#92540=CARTESIAN_POINT('',(-1.717181,0.,10.4));
#92550=DIRECTION('',(1.26531814539921E-15,-1.,-9.86076131526265E-32));
#92560=VECTOR('',#92550,1.);
#92570=LINE('',#92540,#92560);
#92580=CARTESIAN_POINT('',(-1.717181,-0.363802333333335,10.4));
#92590=VERTEX_POINT('',#92580);
#92600=EDGE_CURVE('',#92510,#92590,#92570,.T.);
#92610=ORIENTED_EDGE('',*,*,#92600,.F.);
#92620=CARTESIAN_POINT('',(-1.717181,-0.363802333333336,-3.125));
#92630=DIRECTION('',(-2.57373426356376E-31,2.04101058970397E-16,1.));
#92640=VECTOR('',#92630,1.);
#92650=LINE('',#92620,#92640);
#92660=EDGE_CURVE('',#66750,#92590,#92650,.T.);
#92670=ORIENTED_EDGE('',*,*,#92660,.T.);
#92680=ORIENTED_EDGE('',*,*,#66760,.F.);
#92690=CARTESIAN_POINT('',(-1.717181,-0.530469,-3.125));
#92700=DIRECTION('',(1.43687830814556E-47,-1.1247455413666E-32,-1.));
#92710=VECTOR('',#92700,1.);
#92720=LINE('',#92690,#92710);
#92730=CARTESIAN_POINT('',(-1.717181,-0.530469,10.4));
#92740=VERTEX_POINT('',#92730);
#92750=EDGE_CURVE('',#92740,#66650,#92720,.T.);
#92760=ORIENTED_EDGE('',*,*,#92750,.T.);
#92770=CARTESIAN_POINT('',(-1.717181,-0.780469000000005,10.4));
#92780=VERTEX_POINT('',#92770);
#92790=EDGE_CURVE('',#92740,#92780,#92570,.T.);
#92800=ORIENTED_EDGE('',*,*,#92790,.F.);
#92810=CARTESIAN_POINT('',(-1.717181,-0.780469000000009,-3.125));
#92820=DIRECTION('',(-3.88886032982434E-31,3.06151588455597E-16,1.));
#92830=VECTOR('',#92820,1.);
#92840=LINE('',#92810,#92830);
#92850=CARTESIAN_POINT('',(-1.717181,-0.780469000000005,10.2));
#92860=VERTEX_POINT('',#92850);
#92870=EDGE_CURVE('',#92860,#92780,#92840,.T.);
#92880=ORIENTED_EDGE('',*,*,#92870,.T.);
#92890=EDGE_CURVE('',#92860,#80980,#66730,.T.);
#92900=ORIENTED_EDGE('',*,*,#92890,.F.);
#92910=ORIENTED_EDGE('',*,*,#80990,.F.);
#92920=ORIENTED_EDGE('',*,*,#92210,.T.);
#92930=ORIENTED_EDGE('',*,*,#91760,.T.);
#92940=EDGE_LOOP('',(#92930,#92920,#92910,#92900,#92880,#92800,#92760,
#92680,#92670,#92610,#92530,#92450,#92410));
#92950=FACE_OUTER_BOUND('',#92940,.T.);
#92960=ADVANCED_FACE('',(#92950),#92330,.F.);
#92970=CARTESIAN_POINT('',(-1.74283400696028,0.669531,10.3154896549855))
;
#92980=DIRECTION('',(-1.83690953073357E-16,-1.,1.1247455413666E-32));
#92990=DIRECTION('',(-1.,1.83690953073357E-16,6.12303176911189E-17));
#93000=AXIS2_PLACEMENT_3D('',#92970,#92980,#92990);
#93010=PLANE('',#93000);
#93020=CARTESIAN_POINT('',(8.35892527558615E-16,0.669531,10.4));
#93030=DIRECTION('',(1.,-1.83690953073357E-16,-6.12303176911189E-17));
#93040=VECTOR('',#93030,1.);
#93050=LINE('',#93020,#93040);
#93060=CARTESIAN_POINT('',(-1.667181,0.669531,10.4));
#93070=VERTEX_POINT('',#93060);
#93080=EDGE_CURVE('',#91670,#93070,#93050,.T.);
#93090=ORIENTED_EDGE('',*,*,#93080,.F.);
#93100=CARTESIAN_POINT('',(-1.667181,0.669531,-4.37499999999999));
#93110=DIRECTION('',(-6.12303176911188E-17,-6.16297582203916E-33,-1.));
#93120=VECTOR('',#93110,1.);
#93130=LINE('',#93100,#93120);
#93140=CARTESIAN_POINT('',(-1.667181,0.669531,10.2));
#93150=VERTEX_POINT('',#93140);
#93160=EDGE_CURVE('',#93070,#93150,#93130,.T.);
#93170=ORIENTED_EDGE('',*,*,#93160,.F.);
#93180=CARTESIAN_POINT('',(0.,0.669531,10.2));
#93190=DIRECTION('',(-1.,1.83690953073357E-16,0.));
#93200=VECTOR('',#93190,1.);
#93210=LINE('',#93180,#93200);
#93220=EDGE_CURVE('',#93150,#92390,#93210,.T.);
#93230=ORIENTED_EDGE('',*,*,#93220,.F.);
#93240=ORIENTED_EDGE('',*,*,#92400,.F.);
#93250=EDGE_LOOP('',(#93240,#93230,#93170,#93090));
#93260=FACE_OUTER_BOUND('',#93250,.T.);
#93270=ADVANCED_FACE('',(#93260),#93010,.T.);
#93280=ORIENTED_EDGE('',*,*,#92440,.T.);
#93290=ORIENTED_EDGE('',*,*,#93220,.T.);
#93300=CARTESIAN_POINT('',(-1.667181,0.,10.2));
#93310=DIRECTION('',(1.83690953073357E-16,1.,0.));
#93320=VECTOR('',#93310,1.);
#93330=LINE('',#93300,#93320);
#93340=CARTESIAN_POINT('',(-1.667181,-0.0304690000000002,10.2));
#93350=VERTEX_POINT('',#93340);
#93360=EDGE_CURVE('',#93350,#93150,#93330,.T.);
#93370=ORIENTED_EDGE('',*,*,#93360,.T.);
#93380=CARTESIAN_POINT('',(0.,-0.0304690000000005,10.2));
#93390=DIRECTION('',(1.,-1.83690953073357E-16,0.));
#93400=VECTOR('',#93390,1.);
#93410=LINE('',#93380,#93400);
#93420=EDGE_CURVE('',#92430,#93350,#93410,.T.);
#93430=ORIENTED_EDGE('',*,*,#93420,.T.);
#93440=EDGE_LOOP('',(#93430,#93370,#93290,#93280));
#93450=FACE_OUTER_BOUND('',#93440,.T.);
#93460=ADVANCED_FACE('',(#93450),#66590,.F.);
#93470=CARTESIAN_POINT('',(-1.667181,-0.0304690000000002,10.2));
#93480=DIRECTION('',(-1.,1.83690953073357E-16,6.12303176911188E-17));
#93490=DIRECTION('',(-1.83690953073357E-16,-1.,1.49966072182214E-32));
#93500=AXIS2_PLACEMENT_3D('',#93470,#93480,#93490);
#93510=PLANE('',#93500);
#93520=ORIENTED_EDGE('',*,*,#93160,.T.);
#93530=CARTESIAN_POINT('',(-1.667181,3.06246066835792E-16,10.4));
#93540=DIRECTION('',(1.83690953073357E-16,1.,-1.49966072182214E-32));
#93550=VECTOR('',#93540,1.);
#93560=LINE('',#93530,#93550);
#93570=CARTESIAN_POINT('',(-1.667181,-0.0304690000000002,10.4));
#93580=VERTEX_POINT('',#93570);
#93590=EDGE_CURVE('',#93580,#93070,#93560,.T.);
#93600=ORIENTED_EDGE('',*,*,#93590,.T.);
#93610=CARTESIAN_POINT('',(-1.667181,-0.0304690000000002,10.2));
#93620=DIRECTION('',(6.12303176911188E-17,0.,1.));
#93630=VECTOR('',#93620,1.);
#93640=LINE('',#93610,#93630);
#93650=EDGE_CURVE('',#93350,#93580,#93640,.T.);
#93660=ORIENTED_EDGE('',*,*,#93650,.T.);
#93670=ORIENTED_EDGE('',*,*,#93360,.F.);
#93680=EDGE_LOOP('',(#93670,#93660,#93600,#93520));
#93690=FACE_OUTER_BOUND('',#93680,.T.);
#93700=ADVANCED_FACE('',(#93690),#93510,.T.);
#93710=CARTESIAN_POINT('',(-1.69933635459447,-0.869692227027637,10.2));
#93720=DIRECTION('',(-0.98058067569092,-0.196116135138183,
6.0041266294327E-17));
#93730=DIRECTION('',(0.196116135138183,-0.98058067569092,
-1.20082532588653E-17));
#93740=AXIS2_PLACEMENT_3D('',#93710,#93720,#93730);
#93750=PLANE('',#93740);
#93760=ORIENTED_EDGE('',*,*,#92870,.F.);
#93770=CARTESIAN_POINT('',(-1.8732748,3.44103633380301E-16,10.4));
#93780=DIRECTION('',(-0.196116135138183,0.98058067569092,
1.20082532588653E-17));
#93790=VECTOR('',#93780,1.);
#93800=LINE('',#93770,#93790);
#93810=CARTESIAN_POINT('',(-1.69933635459447,-0.869692227027637,10.4));
#93820=VERTEX_POINT('',#93810);
#93830=EDGE_CURVE('',#93820,#92780,#93800,.T.);
#93840=ORIENTED_EDGE('',*,*,#93830,.T.);
#93850=CARTESIAN_POINT('',(-1.69933635459447,-0.869692227027637,10.2));
#93860=DIRECTION('',(6.12303176911188E-17,0.,1.));
#93870=VECTOR('',#93860,1.);
#93880=LINE('',#93850,#93870);
#93890=CARTESIAN_POINT('',(-1.69933635459447,-0.869692227027637,10.2));
#93900=VERTEX_POINT('',#93890);
#93910=EDGE_CURVE('',#93900,#93820,#93880,.T.);
#93920=ORIENTED_EDGE('',*,*,#93910,.T.);
#93930=CARTESIAN_POINT('',(-1.8732748,0.,10.2));
#93940=DIRECTION('',(-0.196116135138183,0.98058067569092,0.));
#93950=VECTOR('',#93940,1.);
#93960=LINE('',#93930,#93950);
#93970=EDGE_CURVE('',#93900,#92860,#93960,.T.);
#93980=ORIENTED_EDGE('',*,*,#93970,.F.);
#93990=EDGE_LOOP('',(#93980,#93920,#93840,#93760));
#94000=FACE_OUTER_BOUND('',#93990,.T.);
#94010=ADVANCED_FACE('',(#94000),#93750,.T.);
#94020=CARTESIAN_POINT('',(-1.50322021945629,-0.830469,10.2));
#94030=DIRECTION('',(-6.12303176911188E-17,0.,-1.));
#94040=DIRECTION('',(1.,-1.83690953073357E-16,-6.12303176911189E-17));
#94050=AXIS2_PLACEMENT_3D('',#94020,#94030,#94040);
#94060=CYLINDRICAL_SURFACE('',#94050,0.2);
#94070=ORIENTED_EDGE('',*,*,#93910,.F.);
#94080=CARTESIAN_POINT('',(-1.50322021945629,-0.830469,10.4));
#94090=DIRECTION('',(6.12303176911188E-17,0.,1.));
#94100=DIRECTION('',(1.,-1.83690953073357E-16,-6.12303176911189E-17));
#94110=AXIS2_PLACEMENT_3D('',#94080,#94090,#94100);
#94120=CIRCLE('',#94110,0.2);
#94130=EDGE_CURVE('',#93820,#75100,#94120,.T.);
#94140=ORIENTED_EDGE('',*,*,#94130,.F.);
#94150=ORIENTED_EDGE('',*,*,#75130,.F.);
#94160=CARTESIAN_POINT('',(-1.50322021945629,-0.830469,10.2));
#94170=DIRECTION('',(6.12303176911188E-17,0.,1.));
#94180=DIRECTION('',(1.,-1.83690953073357E-16,-6.12303176911189E-17));
#94190=AXIS2_PLACEMENT_3D('',#94160,#94170,#94180);
#94200=CIRCLE('',#94190,0.2);
#94210=EDGE_CURVE('',#93900,#75120,#94200,.T.);
#94220=ORIENTED_EDGE('',*,*,#94210,.T.);
#94230=EDGE_LOOP('',(#94220,#94150,#94140,#94070));
#94240=FACE_OUTER_BOUND('',#94230,.T.);
#94250=ADVANCED_FACE('',(#94240),#94060,.T.);
#94260=CARTESIAN_POINT('',(-2.217181,1.469531,10.4));
#94270=DIRECTION('',(-6.12303176911189E-17,-3.74915180455534E-33,-1.));
#94280=DIRECTION('',(1.83690953073357E-16,1.,-1.49966072182214E-32));
#94290=AXIS2_PLACEMENT_3D('',#94260,#94270,#94280);
#94300=PLANE('',#94290);
#94310=ORIENTED_EDGE('',*,*,#75190,.F.);
#94320=ORIENTED_EDGE('',*,*,#94130,.T.);
#94330=ORIENTED_EDGE('',*,*,#93830,.F.);
#94340=ORIENTED_EDGE('',*,*,#92790,.T.);
#94350=CARTESIAN_POINT('',(7.88529274504054E-16,-0.530469000000001,10.4)
);
#94360=DIRECTION('',(1.,-1.83690953073357E-16,-6.12303176911189E-17));
#94370=VECTOR('',#94360,1.);
#94380=LINE('',#94350,#94370);
#94390=CARTESIAN_POINT('',(-1.667181,-0.530469,10.4));
#94400=VERTEX_POINT('',#94390);
#94410=EDGE_CURVE('',#92740,#94400,#94380,.T.);
#94420=ORIENTED_EDGE('',*,*,#94410,.F.);
#94430=CARTESIAN_POINT('',(-1.8263217,3.35478773691553E-16,10.4));
#94440=DIRECTION('',(-0.287347885566345,0.957826285221152,
1.75944023210986E-17));
#94450=VECTOR('',#94440,1.);
#94460=LINE('',#94430,#94450);
#94470=EDGE_CURVE('',#94400,#92590,#94460,.T.);
#94480=ORIENTED_EDGE('',*,*,#94470,.F.);
#94490=ORIENTED_EDGE('',*,*,#92600,.T.);
#94500=CARTESIAN_POINT('',(8.80374751040732E-16,-0.0304690000000005,10.4
));
#94510=DIRECTION('',(1.,-1.83690953073357E-16,-6.12303176911189E-17));
#94520=VECTOR('',#94510,1.);
#94530=LINE('',#94500,#94520);
#94540=EDGE_CURVE('',#92510,#93580,#94530,.T.);
#94550=ORIENTED_EDGE('',*,*,#94540,.F.);
#94560=ORIENTED_EDGE('',*,*,#93590,.F.);
#94570=ORIENTED_EDGE('',*,*,#93080,.T.);
#94580=ORIENTED_EDGE('',*,*,#91680,.T.);
#94590=ORIENTED_EDGE('',*,*,#91440,.T.);
#94600=ORIENTED_EDGE('',*,*,#56480,.F.);
#94610=ORIENTED_EDGE('',*,*,#80570,.T.);
#94620=ORIENTED_EDGE('',*,*,#76340,.T.);
#94630=ORIENTED_EDGE('',*,*,#80410,.T.);
#94640=ORIENTED_EDGE('',*,*,#80060,.F.);
#94650=ORIENTED_EDGE('',*,*,#79750,.F.);
#94660=ORIENTED_EDGE('',*,*,#77980,.T.);
#94670=ORIENTED_EDGE('',*,*,#79570,.F.);
#94680=ORIENTED_EDGE('',*,*,#79220,.F.);
#94690=ORIENTED_EDGE('',*,*,#77740,.T.);
#94700=ORIENTED_EDGE('',*,*,#79040,.F.);
#94710=ORIENTED_EDGE('',*,*,#78460,.F.);
#94720=ORIENTED_EDGE('',*,*,#78830,.F.);
#94730=ORIENTED_EDGE('',*,*,#72510,.F.);
#94740=ORIENTED_EDGE('',*,*,#75400,.T.);
#94750=ORIENTED_EDGE('',*,*,#74370,.F.);
#94760=EDGE_LOOP('',(#94750,#94740,#94730,#94720,#94710,#94700,#94690,
#94680,#94670,#94660,#94650,#94640,#94630,#94620,#94610,#94600,#94590,
#94580,#94570,#94560,#94550,#94490,#94480,#94420,#94340,#94330,#94320,
#94310));
#94770=FACE_OUTER_BOUND('',#94760,.T.);
#94780=ADVANCED_FACE('',(#94770),#94300,.F.);
#94790=CARTESIAN_POINT('',(-1.667181,-0.530469,10.2));
#94800=DIRECTION('',(-0.957826285221152,-0.287347885566345,
5.86480077369953E-17));
#94810=DIRECTION('',(0.287347885566345,-0.957826285221152,
-1.75944023210986E-17));
#94820=AXIS2_PLACEMENT_3D('',#94790,#94800,#94810);
#94830=PLANE('',#94820);
#94840=ORIENTED_EDGE('',*,*,#92660,.F.);
#94850=ORIENTED_EDGE('',*,*,#94470,.T.);
#94860=CARTESIAN_POINT('',(-1.667181,-0.530469,10.2));
#94870=DIRECTION('',(6.12303176911188E-17,0.,1.));
#94880=VECTOR('',#94870,1.);
#94890=LINE('',#94860,#94880);
#94900=EDGE_CURVE('',#66670,#94400,#94890,.T.);
#94910=ORIENTED_EDGE('',*,*,#94900,.T.);
#94920=ORIENTED_EDGE('',*,*,#66820,.F.);
#94930=EDGE_LOOP('',(#94920,#94910,#94850,#94840));
#94940=FACE_OUTER_BOUND('',#94930,.T.);
#94950=ADVANCED_FACE('',(#94940),#94830,.T.);
#94960=CARTESIAN_POINT('',(-1.767181,-0.530469,10.2));
#94970=DIRECTION('',(1.83690953073357E-16,1.,-1.1247455413666E-32));
#94980=DIRECTION('',(-1.,1.83690953073357E-16,6.12303176911189E-17));
#94990=AXIS2_PLACEMENT_3D('',#94960,#94970,#94980);
#95000=PLANE('',#94990);
#95010=ORIENTED_EDGE('',*,*,#66680,.F.);
#95020=ORIENTED_EDGE('',*,*,#94900,.F.);
#95030=ORIENTED_EDGE('',*,*,#94410,.T.);
#95040=ORIENTED_EDGE('',*,*,#92750,.F.);
#95050=EDGE_LOOP('',(#95040,#95030,#95020,#95010));
#95060=FACE_OUTER_BOUND('',#95050,.T.);
#95070=ADVANCED_FACE('',(#95060),#95000,.T.);
#95080=CARTESIAN_POINT('',(-1.817181,-0.0304690000000002,10.2));
#95090=DIRECTION('',(1.83690953073357E-16,1.,-1.1247455413666E-32));
#95100=DIRECTION('',(-1.,1.83690953073357E-16,6.12303176911189E-17));
#95110=AXIS2_PLACEMENT_3D('',#95080,#95090,#95100);
#95120=PLANE('',#95110);
#95130=ORIENTED_EDGE('',*,*,#93420,.F.);
#95140=ORIENTED_EDGE('',*,*,#93650,.F.);
#95150=ORIENTED_EDGE('',*,*,#94540,.T.);
#95160=ORIENTED_EDGE('',*,*,#92520,.F.);
#95170=EDGE_LOOP('',(#95160,#95150,#95140,#95130));
#95180=FACE_OUTER_BOUND('',#95170,.T.);
#95190=ADVANCED_FACE('',(#95180),#95120,.T.);
#95200=CARTESIAN_POINT('',(-0.267180999999999,-2.030469,11.7));
#95210=DIRECTION('',(-1.,1.83690953073357E-16,6.12303176911189E-17));
#95220=DIRECTION('',(-1.83690953073357E-16,-1.,1.49966072182214E-32));
#95230=AXIS2_PLACEMENT_3D('',#95200,#95210,#95220);
#95240=PLANE('',#95230);
#95250=ORIENTED_EDGE('',*,*,#71740,.F.);
#95260=ORIENTED_EDGE('',*,*,#73660,.T.);
#95270=ORIENTED_EDGE('',*,*,#72170,.T.);
#95280=CARTESIAN_POINT('',(-0.267180999999999,-1.630469,11.3));
#95290=DIRECTION('',(-6.12303176911189E-17,2.73691106313441E-48,-1.));
#95300=VECTOR('',#95290,1.);
#95310=LINE('',#95280,#95300);
#95320=EDGE_CURVE('',#74860,#72090,#95310,.T.);
#95330=ORIENTED_EDGE('',*,*,#95320,.T.);
#95340=CARTESIAN_POINT('',(-0.267180999999999,-1.630469,11.3));
#95350=DIRECTION('',(1.,-1.83690953073357E-16,-6.12303176911189E-17));
#95360=DIRECTION('',(-1.83690953073357E-16,-1.,1.49966072182214E-32));
#95370=AXIS2_PLACEMENT_3D('',#95340,#95350,#95360);
#95380=CIRCLE('',#95370,0.4);
#95390=EDGE_CURVE('',#74860,#71130,#95380,.T.);
#95400=ORIENTED_EDGE('',*,*,#95390,.F.);
#95410=ORIENTED_EDGE('',*,*,#71140,.T.);
#95420=EDGE_LOOP('',(#95410,#95400,#95330,#95270,#95260,#95250));
#95430=FACE_OUTER_BOUND('',#95420,.T.);
#95440=ADVANCED_FACE('',(#95430),#95240,.T.);
#95450=ORIENTED_EDGE('',*,*,#74870,.F.);
#95460=ORIENTED_EDGE('',*,*,#72840,.F.);
#95470=ORIENTED_EDGE('',*,*,#71220,.F.);
#95480=ORIENTED_EDGE('',*,*,#95390,.T.);
#95490=EDGE_LOOP('',(#95480,#95470,#95460,#95450));
#95500=FACE_OUTER_BOUND('',#95490,.T.);
#95510=ADVANCED_FACE('',(#95500),#70480,.T.);
#95520=CARTESIAN_POINT('',(-2.217181,-1.630469,10.6));
#95530=DIRECTION('',(-1.,1.83690953073357E-16,6.12303176911189E-17));
#95540=DIRECTION('',(-1.83690953073357E-16,-1.,1.49966072182214E-32));
#95550=AXIS2_PLACEMENT_3D('',#95520,#95530,#95540);
#95560=CYLINDRICAL_SURFACE('',#95550,0.4);
#95570=ORIENTED_EDGE('',*,*,#71380,.T.);
#95580=ORIENTED_EDGE('',*,*,#72740,.F.);
#95590=CARTESIAN_POINT('',(-2.217181,-1.630469,10.2));
#95600=DIRECTION('',(-1.,1.83690953073357E-16,3.06151588455594E-17));
#95610=VECTOR('',#95600,1.);
#95620=LINE('',#95590,#95610);
#95630=CARTESIAN_POINT('',(-1.017181,-1.630469,10.2));
#95640=VERTEX_POINT('',#95630);
#95650=EDGE_CURVE('',#72660,#95640,#95620,.T.);
#95660=ORIENTED_EDGE('',*,*,#95650,.F.);
#95670=CARTESIAN_POINT('',(-2.217181,-1.630469,10.2));
#95680=DIRECTION('',(1.,-1.83690953073357E-16,-6.12303176911189E-17));
#95690=VECTOR('',#95680,1.);
#95700=LINE('',#95670,#95690);
#95710=EDGE_CURVE('',#74060,#95640,#95700,.T.);
#95720=ORIENTED_EDGE('',*,*,#95710,.T.);
#95730=ORIENTED_EDGE('',*,*,#74070,.T.);
#95740=EDGE_LOOP('',(#95730,#95720,#95660,#95580,#95570));
#95750=FACE_OUTER_BOUND('',#95740,.T.);
#95760=ADVANCED_FACE('',(#95750),#95560,.T.);
#95770=CARTESIAN_POINT('',(0.982819000000001,1.469531,10.2));
#95780=DIRECTION('',(6.12303176911189E-17,3.74915180455534E-33,1.));
#95790=DIRECTION('',(-1.,1.83690953073357E-16,6.12303176911189E-17));
#95800=AXIS2_PLACEMENT_3D('',#95770,#95780,#95790);
#95810=PLANE('',#95800);
#95820=ORIENTED_EDGE('',*,*,#74130,.F.);
#95830=ORIENTED_EDGE('',*,*,#95710,.F.);
#95840=CARTESIAN_POINT('',(-1.017181,0.,10.2));
#95850=DIRECTION('',(0.,-1.,3.74915180455534E-33));
#95860=VECTOR('',#95850,1.);
#95870=LINE('',#95840,#95860);
#95880=EDGE_CURVE('',#38870,#95640,#95870,.T.);
#95890=ORIENTED_EDGE('',*,*,#95880,.T.);
#95900=ORIENTED_EDGE('',*,*,#38880,.F.);
#95910=EDGE_LOOP('',(#95900,#95890,#95830,#95820));
#95920=FACE_OUTER_BOUND('',#95910,.T.);
#95930=ADVANCED_FACE('',(#95920),#95810,.F.);
#95940=CARTESIAN_POINT('',(-1.017181,-2.03046900000003,11.25));
#95950=DIRECTION('',(7.35079311524021E-31,-1.33226762955017E-14,1.));
#95960=VECTOR('',#95950,1.);
#95970=LINE('',#95940,#95960);
#95980=CARTESIAN_POINT('',(-1.017181,-2.030469,8.92600000000001));
#95990=VERTEX_POINT('',#95980);
#96000=CARTESIAN_POINT('',(-1.017181,-2.030469,10.2));
#96010=VERTEX_POINT('',#96000);
#96020=EDGE_CURVE('',#95990,#96010,#95970,.T.);
#96030=ORIENTED_EDGE('',*,*,#96020,.T.);
#96040=CARTESIAN_POINT('',(-1.017181,-4.44089209850063E-16,
8.92600000000001));
#96050=DIRECTION('',(0.,1.,0.));
#96060=VECTOR('',#96050,1.);
#96070=LINE('',#96040,#96060);
#96080=EDGE_CURVE('',#95990,#38950,#96070,.T.);
#96090=ORIENTED_EDGE('',*,*,#96080,.F.);
#96100=ORIENTED_EDGE('',*,*,#38960,.F.);
#96110=ORIENTED_EDGE('',*,*,#95880,.F.);
#96120=CARTESIAN_POINT('',(-1.017181,-4.44089209850063E-16,10.2));
#96130=DIRECTION('',(0.,-1.,0.));
#96140=VECTOR('',#96130,1.);
#96150=LINE('',#96120,#96140);
#96160=EDGE_CURVE('',#95640,#96010,#96150,.T.);
#96170=ORIENTED_EDGE('',*,*,#96160,.F.);
#96180=EDGE_LOOP('',(#96170,#96110,#96100,#96090,#96030));
#96190=FACE_OUTER_BOUND('',#96180,.T.);
#96200=ADVANCED_FACE('',(#96190),#70240,.F.);
#96210=CARTESIAN_POINT('',(-0.0732914197092942,-2.03046900000001,
9.35615356565183));
#96220=DIRECTION('',(0.,-1.,-1.33226762955017E-14));
#96230=DIRECTION('',(1.,0.,0.));
#96240=AXIS2_PLACEMENT_3D('',#96210,#96220,#96230);
#96250=PLANE('',#96240);
#96260=ORIENTED_EDGE('',*,*,#10070,.T.);
#96270=CARTESIAN_POINT('',(1.182819,-2.030469,8.92600000000001));
#96280=DIRECTION('',(-1.,0.,0.));
#96290=VECTOR('',#96280,1.);
#96300=LINE('',#96270,#96290);
#96310=EDGE_CURVE('',#9980,#95990,#96300,.T.);
#96320=ORIENTED_EDGE('',*,*,#96310,.F.);
#96330=ORIENTED_EDGE('',*,*,#96020,.F.);
#96340=CARTESIAN_POINT('',(-1.66533453693773E-16,-2.030469,10.2));
#96350=DIRECTION('',(-1.,0.,0.));
#96360=VECTOR('',#96350,1.);
#96370=LINE('',#96340,#96360);
#96380=EDGE_CURVE('',#10060,#96010,#96370,.T.);
#96390=ORIENTED_EDGE('',*,*,#96380,.T.);
#96400=EDGE_LOOP('',(#96390,#96330,#96320,#96260));
#96410=FACE_OUTER_BOUND('',#96400,.T.);
#96420=ADVANCED_FACE('',(#96410),#96250,.T.);
#96430=CARTESIAN_POINT('',(1.182819,-1.930469,8.92600000000001));
#96440=DIRECTION('',(0.,-1.77635683940027E-14,1.));
#96450=DIRECTION('',(0.,1.,1.77635683940027E-14));
#96460=AXIS2_PLACEMENT_3D('',#96430,#96440,#96450);
#96470=PLANE('',#96460);
#96480=ORIENTED_EDGE('',*,*,#9990,.T.);
#96490=ORIENTED_EDGE('',*,*,#39020,.T.);
#96500=ORIENTED_EDGE('',*,*,#96080,.T.);
#96510=ORIENTED_EDGE('',*,*,#96310,.T.);
#96520=EDGE_LOOP('',(#96510,#96500,#96490,#96480));
#96530=FACE_OUTER_BOUND('',#96520,.T.);
#96540=ADVANCED_FACE('',(#96530),#96470,.F.);
#96550=ORIENTED_EDGE('',*,*,#70390,.F.);
#96560=ORIENTED_EDGE('',*,*,#39110,.F.);
#96570=ORIENTED_EDGE('',*,*,#9830,.T.);
#96580=CARTESIAN_POINT('',(1.182819,-2.030469,8.57400000000001));
#96590=DIRECTION('',(-1.,0.,0.));
#96600=VECTOR('',#96590,1.);
#96610=LINE('',#96580,#96600);
#96620=EDGE_CURVE('',#9740,#70300,#96610,.T.);
#96630=ORIENTED_EDGE('',*,*,#96620,.F.);
#96640=EDGE_LOOP('',(#96630,#96570,#96560,#96550));
#96650=FACE_OUTER_BOUND('',#96640,.T.);
#96660=ADVANCED_FACE('',(#96650),#69070,.T.);
#96670=CARTESIAN_POINT('',(1.182819,-2.030469,7.67600000000001));
#96680=DIRECTION('',(0.,1.,0.));
#96690=DIRECTION('',(0.,0.,-1.));
#96700=AXIS2_PLACEMENT_3D('',#96670,#96680,#96690);
#96710=PLANE('',#96700);
#96720=ORIENTED_EDGE('',*,*,#9750,.T.);
#96730=ORIENTED_EDGE('',*,*,#70150,.F.);
#96740=ORIENTED_EDGE('',*,*,#70310,.F.);
#96750=ORIENTED_EDGE('',*,*,#96620,.T.);
#96760=EDGE_LOOP('',(#96750,#96740,#96730,#96720));
#96770=FACE_OUTER_BOUND('',#96760,.T.);
#96780=ADVANCED_FACE('',(#96770),#96710,.F.);
#96790=ORIENTED_EDGE('',*,*,#78100,.T.);
#96800=ORIENTED_EDGE('',*,*,#79890,.T.);
#96810=ORIENTED_EDGE('',*,*,#80200,.T.);
#96820=ORIENTED_EDGE('',*,*,#80340,.T.);
#96830=EDGE_LOOP('',(#96820,#96810,#96800,#96790));
#96840=FACE_OUTER_BOUND('',#96830,.T.);
#96850=ADVANCED_FACE('',(#96840),#66590,.F.);
#96860=ORIENTED_EDGE('',*,*,#79500,.T.);
#96870=ORIENTED_EDGE('',*,*,#77860,.T.);
#96880=ORIENTED_EDGE('',*,*,#79360,.T.);
#96890=EDGE_LOOP('',(#96880,#96870,#96860));
#96900=FACE_OUTER_BOUND('',#96890,.T.);
#96910=ADVANCED_FACE('',(#96900),#66590,.F.);
#96920=ORIENTED_EDGE('',*,*,#78970,.T.);
#96930=ORIENTED_EDGE('',*,*,#77580,.T.);
#96940=ORIENTED_EDGE('',*,*,#76910,.T.);
#96950=ORIENTED_EDGE('',*,*,#10150,.T.);
#96960=ORIENTED_EDGE('',*,*,#96380,.F.);
#96970=ORIENTED_EDGE('',*,*,#96160,.T.);
#96980=ORIENTED_EDGE('',*,*,#95650,.T.);
#96990=ORIENTED_EDGE('',*,*,#72670,.T.);
#97000=ORIENTED_EDGE('',*,*,#78760,.T.);
#97010=ORIENTED_EDGE('',*,*,#78610,.T.);
#97020=EDGE_LOOP('',(#97010,#97000,#96990,#96980,#96970,#96960,#96950,
#96940,#96930,#96920));
#97030=FACE_OUTER_BOUND('',#97020,.T.);
#97040=ADVANCED_FACE('',(#97030),#66590,.F.);
#97050=CARTESIAN_POINT('',(-2.217181,-0.930468999999999,11.5));
#97060=DIRECTION('',(-1.83690953073357E-16,-1.,1.1247455413666E-32));
#97070=DIRECTION('',(-6.12303176911188E-17,0.,-1.));
#97080=AXIS2_PLACEMENT_3D('',#97050,#97060,#97070);
#97090=PLANE('',#97080);
#97100=ORIENTED_EDGE('',*,*,#74820,.T.);
#97110=ORIENTED_EDGE('',*,*,#74610,.F.);
#97120=ORIENTED_EDGE('',*,*,#73220,.F.);
#97130=ORIENTED_EDGE('',*,*,#73000,.F.);
#97140=EDGE_LOOP('',(#97130,#97120,#97110,#97100));
#97150=FACE_OUTER_BOUND('',#97140,.T.);
#97160=ADVANCED_FACE('',(#97150),#97090,.F.);
#97170=ORIENTED_EDGE('',*,*,#73830,.T.);
#97180=CARTESIAN_POINT('',(-0.767181,-1.630469,11.3));
#97190=DIRECTION('',(1.,-1.83690953073357E-16,-6.12303176911189E-17));
#97200=DIRECTION('',(-1.83690953073357E-16,-1.,1.49966072182214E-32));
#97210=AXIS2_PLACEMENT_3D('',#97180,#97190,#97200);
#97220=CIRCLE('',#97210,0.2);
#97230=EDGE_CURVE('',#73330,#73740,#97220,.T.);
#97240=ORIENTED_EDGE('',*,*,#97230,.T.);
#97250=ORIENTED_EDGE('',*,*,#73340,.T.);
#97260=ORIENTED_EDGE('',*,*,#74520,.F.);
#97270=EDGE_LOOP('',(#97260,#97250,#97240,#97170));
#97280=FACE_OUTER_BOUND('',#97270,.T.);
#97290=ADVANCED_FACE('',(#97280),#71840,.F.);
#97300=CARTESIAN_POINT('',(-0.767181,-2.030469,10.9));
#97310=DIRECTION('',(1.,-1.83690953073357E-16,-6.12303176911189E-17));
#97320=DIRECTION('',(1.83690953073357E-16,1.,-1.49966072182214E-32));
#97330=AXIS2_PLACEMENT_3D('',#97300,#97310,#97320);
#97340=PLANE('',#97330);
#97350=ORIENTED_EDGE('',*,*,#73750,.T.);
#97360=ORIENTED_EDGE('',*,*,#71600,.T.);
#97370=ORIENTED_EDGE('',*,*,#70980,.T.);
#97380=ORIENTED_EDGE('',*,*,#70660,.T.);
#97390=CARTESIAN_POINT('',(-0.767181,-1.630469,10.6));
#97400=DIRECTION('',(6.12303176911189E-17,-2.73691106313441E-48,1.));
#97410=VECTOR('',#97400,1.);
#97420=LINE('',#97390,#97410);
#97430=EDGE_CURVE('',#73330,#70560,#97420,.T.);
#97440=ORIENTED_EDGE('',*,*,#97430,.T.);
#97450=ORIENTED_EDGE('',*,*,#97230,.F.);
#97460=EDGE_LOOP('',(#97450,#97440,#97380,#97370,#97360,#97350));
#97470=FACE_OUTER_BOUND('',#97460,.T.);
#97480=ADVANCED_FACE('',(#97470),#97340,.T.);
#97490=CARTESIAN_POINT('',(-0.748576102355523,-1.630469,11.0517260556164
));
#97500=DIRECTION('',(1.83690953073357E-16,1.,-1.1247455413666E-32));
#97510=DIRECTION('',(-6.12303176911189E-17,2.73691106313441E-48,-1.));
#97520=AXIS2_PLACEMENT_3D('',#97490,#97500,#97510);
#97530=PLANE('',#97520);
#97540=ORIENTED_EDGE('',*,*,#95320,.F.);
#97550=ORIENTED_EDGE('',*,*,#73400,.F.);
#97560=ORIENTED_EDGE('',*,*,#97430,.F.);
#97570=ORIENTED_EDGE('',*,*,#74930,.T.);
#97580=EDGE_LOOP('',(#97570,#97560,#97550,#97540));
#97590=FACE_OUTER_BOUND('',#97580,.T.);
#97600=ADVANCED_FACE('',(#97590),#97530,.F.);
#97610=ORIENTED_EDGE('',*,*,#75260,.T.);
#97620=ORIENTED_EDGE('',*,*,#74210,.T.);
#97630=ORIENTED_EDGE('',*,*,#38800,.T.);
#97640=ORIENTED_EDGE('',*,*,#23970,.F.);
#97650=ORIENTED_EDGE('',*,*,#55900,.F.);
#97660=ORIENTED_EDGE('',*,*,#21700,.T.);
#97670=ORIENTED_EDGE('',*,*,#81050,.T.);
#97680=ORIENTED_EDGE('',*,*,#92890,.T.);
#97690=ORIENTED_EDGE('',*,*,#93970,.T.);
#97700=ORIENTED_EDGE('',*,*,#94210,.F.);
#97710=EDGE_LOOP('',(#97700,#97690,#97680,#97670,#97660,#97650,#97640,
#97630,#97620,#97610));
#97720=FACE_OUTER_BOUND('',#97710,.T.);
#97730=ADVANCED_FACE('',(#97720),#66590,.F.);
#97740=CLOSED_SHELL('',(#13400,#13710,#14270,#14670,#15070,#15470,#15870
,#16250,#16560,#16820,#17060,#17300,#17950,#18580,#18890,#19200,#19510,
#19820,#20130,#20440,#23670,#24070,#24380,#24550,#24790,#25630,#25870,
#26140,#26310,#26710,#26950,#27190,#27360,#27620,#28130,#28300,#28420,
#28590,#28710,#28950,#29350,#29920,#30110,#30230,#30420,#30570,#30990,
#31260,#31330,#31640,#31760,#31980,#32220,#32410,#32580,#32660,#33240,
#33550,#34020,#34330,#34730,#35150,#35700,#36020,#36330,#36880,#37100,
#37270,#37490,#37910,#38080,#41430,#41850,#42020,#42330,#42640,#43760,
#44140,#44460,#44700,#44830,#45070,#45240,#45780,#45950,#46190,#46360,
#46600,#46840,#47010,#47180,#47420,#47590,#47830,#48000,#48170,#48410,
#48580,#48780,#48900,#49140,#49380,#49550,#49670,#49770,#49890,#50060,
#50660,#50830,#51050,#51170,#51240,#51480,#51600,#51720,#51830,#52170,
#53050,#53270,#53520,#53590,#53760,#53890,#53950,#54150,#54410,#54530,
#54650,#54720,#54900,#55020,#55140,#55260,#55330,#55450,#55570,#55670,
#55790,#56010,#56910,#57480,#58050,#58360,#58650,#58890,#59060,#59230,
#59400,#59520,#59740,#59860,#59980,#60310,#60800,#61110,#61420,#61660,
#61900,#62120,#62240,#62480,#62730,#62930,#63050,#63380,#63870,#64180,
#64490,#64730,#64970,#65190,#65310,#65550,#65800,#66000,#66120,#66540,
#66860,#67100,#67340,#67510,#67630,#67800,#67920,#68230,#68470,#68540,
#68780,#69020,#69190,#69260,#69450,#69690,#69810,#69880,#70000,#70190,
#70430,#70850,#71480,#71790,#72210,#73100,#73460,#73930,#74720,#74990,
#75300,#75470,#75780,#75950,#76480,#76950,#77170,#77340,#77460,#78230,
#78650,#78870,#79090,#79400,#79620,#79930,#80240,#80460,#80630,#81100,
#81290,#82840,#83020,#83400,#83710,#83880,#84120,#84390,#84510,#84580,
#84650,#84830,#85210,#85520,#85690,#85930,#86200,#86320,#86390,#86460,
#86640,#87020,#87330,#87500,#87740,#88010,#88130,#88200,#88270,#88510,
#88980,#89290,#89460,#89580,#89970,#90210,#90420,#90540,#90720,#90830,
#91070,#91310,#91560,#91940,#92110,#92280,#92960,#93270,#93460,#93700,
#94010,#94250,#94780,#94950,#95070,#95190,#95440,#95510,#95760,#95930,
#96200,#96420,#96540,#96660,#96780,#96850,#96910,#97040,#97160,#97290,
#97480,#97600,#97730,#810,#1370,#1770,#2170,#2570,#2970,#3190,#3550,
#3950,#4770,#4890,#5200,#5440,#5820,#6130,#6420,#6840,#7080,#7220,#7390,
#7610,#7920,#8900,#9070,#11890,#12060,#12230,#12400,#12640,#12760,#12930
,#13050));
#97750=MANIFOLD_SOLID_BREP('',#97740);
#97760=CARTESIAN_POINT('',(0.,0.,0.));
#97770=DIRECTION('',(0.,0.,1.));
#97780=DIRECTION('',(1.,0.,0.));
#97790=AXIS2_PLACEMENT_3D('',#97760,#97770,#97780);
#97800=APPLICATION_CONTEXT(' ');
#97810=APPLICATION_PROTOCOL_DEFINITION(' ','automotive_design',1998,
#97800);
#97820=MECHANICAL_CONTEXT('',#97800,'mechanical');
#97830=PRODUCT_DEFINITION_CONTEXT('part definition',#97800,'design');
#97840=PRODUCT('DF13C-6P-1.25V\X\8A\S\H\X\97\S\*',
'DF13C-6P-1.25V\X\8A\S\H\X\97\S\*','',(#97820));
#97850=PRODUCT_TYPE('part',' ',(#97840));
#97860=PRODUCT_DEFINITION_FORMATION_WITH_SPECIFIED_SOURCE('','',#97840,
.BOUGHT.);
#97870=PRODUCT_DEFINITION('',' ',#97860,#97830);
#97880=PRODUCT_DEFINITION_SHAPE('','',#97870);
#97890=DIMENSIONAL_EXPONENTS(1.,0.,0.,0.,0.,0.,0.);
#97900=DIMENSIONAL_EXPONENTS(0.,0.,0.,0.,0.,0.,0.);
#97910=DIMENSIONAL_EXPONENTS(0.,0.,0.,0.,0.,0.,0.);
#97920=(LENGTH_UNIT() NAMED_UNIT(*) SI_UNIT(.MILLI.,.METRE.));
#97930=(NAMED_UNIT(*) PLANE_ANGLE_UNIT() SI_UNIT($,.RADIAN.));
#97940=(NAMED_UNIT(*) SI_UNIT($,.STERADIAN.) SOLID_ANGLE_UNIT());
#97950=(GEOMETRIC_REPRESENTATION_CONTEXT(3) 
GLOBAL_UNCERTAINTY_ASSIGNED_CONTEXT((#97960)) 
GLOBAL_UNIT_ASSIGNED_CONTEXT((#97920,#97930,#97940)) 
REPRESENTATION_CONTEXT('',''));
#97960=UNCERTAINTY_MEASURE_WITH_UNIT(LENGTH_MEASURE(1.E-6),#97920,
'distance_accuracy_value','maximum gap value');
#97970=ADVANCED_BREP_SHAPE_REPRESENTATION('',(#97790,#97750),#97950);
#97980=SHAPE_DEFINITION_REPRESENTATION(#97880,#97970);
#97990=COLOUR_RGB('',1.,1.,0.533333361148834);
#98000=FILL_AREA_STYLE_COLOUR('',#97990);
#98010=FILL_AREA_STYLE('',(#98000));
#98020=SURFACE_STYLE_FILL_AREA(#98010);
#98030=SURFACE_SIDE_STYLE('',(#98020));
#98040=SURFACE_STYLE_USAGE(.BOTH.,#98030);
#98050=PRESENTATION_STYLE_ASSIGNMENT((#98040));
#98060=STYLED_ITEM('',(#98050),#97750);
#98070=MECHANICAL_DESIGN_GEOMETRIC_PRESENTATION_REPRESENTATION('',(
#98060),#97950);
#98080=CARTESIAN_POINT('',(0.,25.,0.));
#98090=DIRECTION('',(0.,0.,1.));
#98100=DIRECTION('',(1.,0.,0.));
#98110=AXIS2_PLACEMENT_3D('',#98080,#98090,#98100);
#98120=ITEM_DEFINED_TRANSFORMATION('DF13C-6P-1.25V\X\8A\S\H\X\97\S\*',''
,#97790,#98110);
#98130=APPLICATION_CONTEXT(' ');
#98140=APPLICATION_PROTOCOL_DEFINITION(' ','automotive_design',1998,
#98130);
#98150=MECHANICAL_CONTEXT('',#98130,'mechanical');
#98160=PRODUCT_DEFINITION_CONTEXT('part definition',#98130,'design');
#98170=PRODUCT('DF13C-6P-1.25V\X\8A\S\H\X\97\S\*',
'DF13C-6P-1.25V\X\8A\S\H\X\97\S\*','',(#98150));
#98180=PRODUCT_TYPE('part',' ',(#98170));
#98190=PRODUCT_DEFINITION_FORMATION_WITH_SPECIFIED_SOURCE('','',#98170,
.BOUGHT.);
#98200=PRODUCT_DEFINITION('',' ',#98190,#98160);
#98210=PRODUCT_DEFINITION_SHAPE('','',#98200);
#98220=DIMENSIONAL_EXPONENTS(1.,0.,0.,0.,0.,0.,0.);
#98230=DIMENSIONAL_EXPONENTS(0.,0.,0.,0.,0.,0.,0.);
#98240=DIMENSIONAL_EXPONENTS(0.,0.,0.,0.,0.,0.,0.);
#98250=(LENGTH_UNIT() NAMED_UNIT(*) SI_UNIT(.MILLI.,.METRE.));
#98260=(NAMED_UNIT(*) PLANE_ANGLE_UNIT() SI_UNIT($,.RADIAN.));
#98270=(NAMED_UNIT(*) SI_UNIT($,.STERADIAN.) SOLID_ANGLE_UNIT());
#98280=(GEOMETRIC_REPRESENTATION_CONTEXT(3) 
GLOBAL_UNCERTAINTY_ASSIGNED_CONTEXT((#98290)) 
GLOBAL_UNIT_ASSIGNED_CONTEXT((#98250,#98260,#98270)) 
REPRESENTATION_CONTEXT('',''));
#98290=UNCERTAINTY_MEASURE_WITH_UNIT(LENGTH_MEASURE(1.E-6),#98250,
'distance_accuracy_value','maximum gap value');
#98300=SHAPE_REPRESENTATION('',(#97790,#98110),#98280);
#98310=SHAPE_DEFINITION_REPRESENTATION(#98210,#98300);
#98320=(REPRESENTATION_RELATIONSHIP('','',#97970,#98300) 
REPRESENTATION_RELATIONSHIP_WITH_TRANSFORMATION(#98120) 
SHAPE_REPRESENTATION_RELATIONSHIP());
#98330=NEXT_ASSEMBLY_USAGE_OCCURRENCE('1','',
'DF13C-6P-1.25V\X\8A\S\H\X\97\S\*',#98200,#97870,'');
#98340=PRODUCT_DEFINITION_SHAPE('','',#98330);
#98350=CONTEXT_DEPENDENT_SHAPE_REPRESENTATION(#98320,#98340);
ENDSEC;
END-ISO-10303-21;

