ISO-10303-21;
HEADER;
/* Generated by software containing ST-Developer
 * from STEP Tools, Inc. (www.steptools.com) 
 */

FILE_DESCRIPTION(
/* description */ (''),
/* implementation_level */ '2;1');

FILE_NAME(
/* name */ 
'\\\\sinsdv020.ap.infineon.com\\DES_S_PS_ACD\\Working Folder\\PG-TO252
-3-311\\PG-TO252-3-311_Z8B00132703_V05_3D.stp',
/* time_stamp */ '2020-01-31T14:04:30+06:00',
/* author */ ('janartha'),
/* organization */ (''),
/* preprocessor_version */ 'ST-DEVELOPER v16.13',
/* originating_system */ 'AutoCAD Mechanical',
/* authorisation */ '');

FILE_SCHEMA (('AUTOMOTIVE_DESIGN { 1 0 10303 214 3 1 1 }'));
ENDSEC;

DATA;
#10=MECHANICAL_DESIGN_GEOMETRIC_PRESENTATION_REPRESENTATION('',(#23,#25,
#22,#26,#27,#24,#21,#20,#19,#28,#29,#30,#31,#32,#34,#35,#33),#9319);
#11=PRESENTATION_LAYER_ASSIGNMENT('4','3D_Logo',(#36,#37,#38,#39,#40,#41,
#42,#43,#44,#45,#46,#47));
#12=PRESENTATION_LAYER_ASSIGNMENT('2','3D_Mold',(#48));
#13=PRESENTATION_LAYER_ASSIGNMENT('3','3D_Pins',(#49,#50,#51));
#14=PRESENTATION_LAYER_ASSIGNMENT('5','3D_Leadframe',(#52));
#15=SHAPE_REPRESENTATION_RELATIONSHIP('SRR','None',#9325,#16);
#16=ADVANCED_BREP_SHAPE_REPRESENTATION('',(#36,#37,#38,#39,#40,#41,#42,
#43,#44,#45,#46,#47,#48,#49,#50,#51,#52),#9318);
#17=TOROIDAL_SURFACE('',#5926,0.625,0.025);
#18=TOROIDAL_SURFACE('',#5932,0.575,0.025);
#19=STYLED_ITEM('',(#9334),#36);
#20=STYLED_ITEM('',(#9334),#37);
#21=STYLED_ITEM('',(#9334),#38);
#22=STYLED_ITEM('',(#9334),#39);
#23=STYLED_ITEM('',(#9334),#40);
#24=STYLED_ITEM('',(#9334),#41);
#25=STYLED_ITEM('',(#9334),#42);
#26=STYLED_ITEM('',(#9334),#43);
#27=STYLED_ITEM('',(#9334),#44);
#28=STYLED_ITEM('',(#9334),#45);
#29=STYLED_ITEM('',(#9334),#46);
#30=STYLED_ITEM('',(#9334),#47);
#31=STYLED_ITEM('',(#9335),#48);
#32=STYLED_ITEM('',(#9336),#49);
#33=STYLED_ITEM('',(#9336),#50);
#34=STYLED_ITEM('',(#9336),#51);
#35=STYLED_ITEM('',(#9336),#52);
#36=MANIFOLD_SOLID_BREP('55E',#5473);
#37=MANIFOLD_SOLID_BREP('55E',#5474);
#38=MANIFOLD_SOLID_BREP('55E',#5475);
#39=MANIFOLD_SOLID_BREP('55E',#5476);
#40=MANIFOLD_SOLID_BREP('55E',#5477);
#41=MANIFOLD_SOLID_BREP('55E',#5478);
#42=MANIFOLD_SOLID_BREP('55E',#5479);
#43=MANIFOLD_SOLID_BREP('55E',#5480);
#44=MANIFOLD_SOLID_BREP('55E',#5481);
#45=MANIFOLD_SOLID_BREP('572',#5482);
#46=MANIFOLD_SOLID_BREP('572',#5483);
#47=MANIFOLD_SOLID_BREP('572',#5484);
#48=MANIFOLD_SOLID_BREP('621',#5485);
#49=MANIFOLD_SOLID_BREP('625',#5486);
#50=MANIFOLD_SOLID_BREP('6BC',#5487);
#51=MANIFOLD_SOLID_BREP('6F2',#5488);
#52=MANIFOLD_SOLID_BREP('7D3',#5489);
#53=CYLINDRICAL_SURFACE('',#5530,0.222226579327799);
#54=CYLINDRICAL_SURFACE('',#5532,0.222226579290927);
#55=CYLINDRICAL_SURFACE('',#5534,0.138946337406884);
#56=CYLINDRICAL_SURFACE('',#5536,0.190708007803567);
#57=CYLINDRICAL_SURFACE('',#5538,0.364629716528606);
#58=CYLINDRICAL_SURFACE('',#5540,0.791988745483814);
#59=CYLINDRICAL_SURFACE('',#5542,0.610970396526286);
#60=CYLINDRICAL_SURFACE('',#5544,0.573312582906243);
#61=CYLINDRICAL_SURFACE('',#5546,0.489896870293483);
#62=CYLINDRICAL_SURFACE('',#5548,0.224765400838851);
#63=CYLINDRICAL_SURFACE('',#5551,0.0884964264862448);
#64=CYLINDRICAL_SURFACE('',#5553,0.107973117057768);
#65=CYLINDRICAL_SURFACE('',#5555,0.330245360085517);
#66=CYLINDRICAL_SURFACE('',#5557,0.624912581399636);
#67=CYLINDRICAL_SURFACE('',#5559,0.684763356730023);
#68=CYLINDRICAL_SURFACE('',#5561,0.492129713331191);
#69=CYLINDRICAL_SURFACE('',#5563,0.161568071851183);
#70=CYLINDRICAL_SURFACE('',#5566,0.055690824444027);
#71=CYLINDRICAL_SURFACE('',#5568,0.0529066745228958);
#72=CYLINDRICAL_SURFACE('',#5590,0.198322700117111);
#73=CYLINDRICAL_SURFACE('',#5591,0.138946337371886);
#74=CYLINDRICAL_SURFACE('',#5592,0.190708007815844);
#75=CYLINDRICAL_SURFACE('',#5593,0.36462971654135);
#76=CYLINDRICAL_SURFACE('',#5594,0.791988745483814);
#77=CYLINDRICAL_SURFACE('',#5595,0.610970396526286);
#78=CYLINDRICAL_SURFACE('',#5596,0.57331258291294);
#79=CYLINDRICAL_SURFACE('',#5597,0.489896870280916);
#80=CYLINDRICAL_SURFACE('',#5598,0.224765400816838);
#81=CYLINDRICAL_SURFACE('',#5600,0.198322700140404);
#82=CYLINDRICAL_SURFACE('',#5601,0.0529066745656857);
#83=CYLINDRICAL_SURFACE('',#5602,0.088496426501077);
#84=CYLINDRICAL_SURFACE('',#5603,0.107973117057853);
#85=CYLINDRICAL_SURFACE('',#5604,0.330245360084705);
#86=CYLINDRICAL_SURFACE('',#5605,0.624912581400827);
#87=CYLINDRICAL_SURFACE('',#5606,0.684763356732924);
#88=CYLINDRICAL_SURFACE('',#5607,0.492129713328555);
#89=CYLINDRICAL_SURFACE('',#5608,0.161568071817729);
#90=CYLINDRICAL_SURFACE('',#5610,0.0556908244439072);
#91=CYLINDRICAL_SURFACE('',#5627,0.0710011565541147);
#92=CYLINDRICAL_SURFACE('',#5628,0.151208219591167);
#93=CYLINDRICAL_SURFACE('',#5631,0.152386443329336);
#94=CYLINDRICAL_SURFACE('',#5634,0.104091992350161);
#95=CYLINDRICAL_SURFACE('',#5637,0.106174301475781);
#96=CYLINDRICAL_SURFACE('',#5652,0.068862674120877);
#97=CYLINDRICAL_SURFACE('',#5654,0.0807352104702032);
#98=CYLINDRICAL_SURFACE('',#5656,0.127798797336025);
#99=CYLINDRICAL_SURFACE('',#5667,0.127798797336025);
#100=CYLINDRICAL_SURFACE('',#5669,0.0807352104762647);
#101=CYLINDRICAL_SURFACE('',#5671,0.0688626741146425);
#102=CYLINDRICAL_SURFACE('',#5686,0.106174301475956);
#103=CYLINDRICAL_SURFACE('',#5687,0.104091992340357);
#104=CYLINDRICAL_SURFACE('',#5688,0.152386443355521);
#105=CYLINDRICAL_SURFACE('',#5689,0.151208219583501);
#106=CYLINDRICAL_SURFACE('',#5691,0.141713661765058);
#107=CYLINDRICAL_SURFACE('',#5694,0.132557346781282);
#108=CYLINDRICAL_SURFACE('',#5697,0.13856224322649);
#109=CYLINDRICAL_SURFACE('',#5700,0.197111969265079);
#110=CYLINDRICAL_SURFACE('',#5704,0.096089768106539);
#111=CYLINDRICAL_SURFACE('',#5707,0.0459451124967321);
#112=CYLINDRICAL_SURFACE('',#5710,0.0603751119672464);
#113=CYLINDRICAL_SURFACE('',#5753,0.172342981169171);
#114=CYLINDRICAL_SURFACE('',#5755,0.064032939453446);
#115=CYLINDRICAL_SURFACE('',#5757,0.0843257263744563);
#116=CYLINDRICAL_SURFACE('',#5759,0.383502357163046);
#117=CYLINDRICAL_SURFACE('',#5761,0.167197333256604);
#118=CYLINDRICAL_SURFACE('',#5763,0.204199258477821);
#119=CYLINDRICAL_SURFACE('',#5765,0.167373490092931);
#120=CYLINDRICAL_SURFACE('',#5767,0.210136948054321);
#121=CYLINDRICAL_SURFACE('',#5769,0.694204541458997);
#122=CYLINDRICAL_SURFACE('',#5773,1.49705201386278);
#123=CYLINDRICAL_SURFACE('',#5775,0.196885534322328);
#124=CYLINDRICAL_SURFACE('',#5777,0.0766641522905911);
#125=CYLINDRICAL_SURFACE('',#5779,0.0698556309842527);
#126=CYLINDRICAL_SURFACE('',#5781,0.0471889363743436);
#127=CYLINDRICAL_SURFACE('',#5796,0.0637374160690512);
#128=CYLINDRICAL_SURFACE('',#5798,0.262061425333684);
#129=CYLINDRICAL_SURFACE('',#5799,0.095078237006237);
#130=CYLINDRICAL_SURFACE('',#5800,0.168479807843559);
#131=CYLINDRICAL_SURFACE('',#5801,0.780509611652214);
#132=CYLINDRICAL_SURFACE('',#5802,0.548225366839146);
#133=CYLINDRICAL_SURFACE('',#5803,0.458025787634314);
#134=CYLINDRICAL_SURFACE('',#5804,0.163454599541673);
#135=CYLINDRICAL_SURFACE('',#5805,0.208218175150389);
#136=CYLINDRICAL_SURFACE('',#5806,0.188935267817914);
#137=CYLINDRICAL_SURFACE('',#5807,0.173726067765927);
#138=CYLINDRICAL_SURFACE('',#5809,0.219338112252216);
#139=CYLINDRICAL_SURFACE('',#5813,0.151208219593606);
#140=CYLINDRICAL_SURFACE('',#5816,0.152386443341935);
#141=CYLINDRICAL_SURFACE('',#5819,0.104091992343726);
#142=CYLINDRICAL_SURFACE('',#5822,0.106174301487264);
#143=CYLINDRICAL_SURFACE('',#5837,0.0688626741174738);
#144=CYLINDRICAL_SURFACE('',#5839,0.0807352104650019);
#145=CYLINDRICAL_SURFACE('',#5841,0.127798797341991);
#146=CYLINDRICAL_SURFACE('',#5867,0.771081560761186);
#147=CYLINDRICAL_SURFACE('',#5870,0.661744040525407);
#148=CYLINDRICAL_SURFACE('',#5872,0.903947635429525);
#149=CYLINDRICAL_SURFACE('',#5874,0.798316912742638);
#150=CYLINDRICAL_SURFACE('',#5876,0.765819764932441);
#151=CYLINDRICAL_SURFACE('',#5878,0.526233940780868);
#152=CYLINDRICAL_SURFACE('',#5880,0.333461785429598);
#153=CYLINDRICAL_SURFACE('',#5882,0.311969642586261);
#154=CYLINDRICAL_SURFACE('',#5884,0.410146667209394);
#155=CYLINDRICAL_SURFACE('',#5886,0.556406857385855);
#156=CYLINDRICAL_SURFACE('',#5888,0.210467620415504);
#157=CYLINDRICAL_SURFACE('',#5902,0.461093122095721);
#158=CYLINDRICAL_SURFACE('',#5903,0.210467620407691);
#159=CYLINDRICAL_SURFACE('',#5904,1.41000533744874);
#160=CYLINDRICAL_SURFACE('',#5907,0.521009385495725);
#161=CYLINDRICAL_SURFACE('',#5908,0.64957246065667);
#162=CYLINDRICAL_SURFACE('',#5909,0.793371071080378);
#163=CYLINDRICAL_SURFACE('',#5910,0.639134450713507);
#164=CYLINDRICAL_SURFACE('',#5911,0.49979358242205);
#165=CYLINDRICAL_SURFACE('',#5912,0.387355291506729);
#166=CYLINDRICAL_SURFACE('',#5913,0.290612699018216);
#167=CYLINDRICAL_SURFACE('',#5914,0.309255556820255);
#168=CYLINDRICAL_SURFACE('',#5921,0.146487396181814);
#169=CYLINDRICAL_SURFACE('',#5929,0.6);
#170=CYLINDRICAL_SURFACE('',#5962,0.250000000000008);
#171=CYLINDRICAL_SURFACE('',#5967,0.749999999999988);
#172=CYLINDRICAL_SURFACE('',#5970,0.250000000000025);
#173=CYLINDRICAL_SURFACE('',#5973,0.750000000000001);
#174=CYLINDRICAL_SURFACE('',#5992,0.250000000000008);
#175=CYLINDRICAL_SURFACE('',#5997,0.749999999999988);
#176=CYLINDRICAL_SURFACE('',#6000,0.250000000000025);
#177=CYLINDRICAL_SURFACE('',#6003,0.750000000000001);
#178=CYLINDRICAL_SURFACE('',#6027,0.200000000000003);
#179=CYLINDRICAL_SURFACE('',#6034,0.0999999999999943);
#180=CYLINDRICAL_SURFACE('',#6038,0.100000000000009);
#181=CYLINDRICAL_SURFACE('',#6045,0.199999999999989);
#182=FACE_BOUND('',#495,.T.);
#183=FACE_BOUND('',#518,.T.);
#184=FACE_BOUND('',#555,.T.);
#185=FACE_BOUND('',#612,.T.);
#186=FACE_BOUND('',#631,.T.);
#187=FACE_BOUND('',#700,.T.);
#188=FACE_BOUND('',#704,.T.);
#189=FACE_BOUND('',#706,.T.);
#190=FACE_BOUND('',#708,.T.);
#191=FACE_BOUND('',#710,.T.);
#192=FACE_BOUND('',#804,.T.);
#193=FACE_OUTER_BOUND('',#494,.T.);
#194=FACE_OUTER_BOUND('',#496,.T.);
#195=FACE_OUTER_BOUND('',#497,.T.);
#196=FACE_OUTER_BOUND('',#498,.T.);
#197=FACE_OUTER_BOUND('',#499,.T.);
#198=FACE_OUTER_BOUND('',#500,.T.);
#199=FACE_OUTER_BOUND('',#501,.T.);
#200=FACE_OUTER_BOUND('',#502,.T.);
#201=FACE_OUTER_BOUND('',#503,.T.);
#202=FACE_OUTER_BOUND('',#504,.T.);
#203=FACE_OUTER_BOUND('',#505,.T.);
#204=FACE_OUTER_BOUND('',#506,.T.);
#205=FACE_OUTER_BOUND('',#507,.T.);
#206=FACE_OUTER_BOUND('',#508,.T.);
#207=FACE_OUTER_BOUND('',#509,.T.);
#208=FACE_OUTER_BOUND('',#510,.T.);
#209=FACE_OUTER_BOUND('',#511,.T.);
#210=FACE_OUTER_BOUND('',#512,.T.);
#211=FACE_OUTER_BOUND('',#513,.T.);
#212=FACE_OUTER_BOUND('',#514,.T.);
#213=FACE_OUTER_BOUND('',#515,.T.);
#214=FACE_OUTER_BOUND('',#516,.T.);
#215=FACE_OUTER_BOUND('',#517,.T.);
#216=FACE_OUTER_BOUND('',#519,.T.);
#217=FACE_OUTER_BOUND('',#520,.T.);
#218=FACE_OUTER_BOUND('',#521,.T.);
#219=FACE_OUTER_BOUND('',#522,.T.);
#220=FACE_OUTER_BOUND('',#523,.T.);
#221=FACE_OUTER_BOUND('',#524,.T.);
#222=FACE_OUTER_BOUND('',#525,.T.);
#223=FACE_OUTER_BOUND('',#526,.T.);
#224=FACE_OUTER_BOUND('',#527,.T.);
#225=FACE_OUTER_BOUND('',#528,.T.);
#226=FACE_OUTER_BOUND('',#529,.T.);
#227=FACE_OUTER_BOUND('',#530,.T.);
#228=FACE_OUTER_BOUND('',#531,.T.);
#229=FACE_OUTER_BOUND('',#532,.T.);
#230=FACE_OUTER_BOUND('',#533,.T.);
#231=FACE_OUTER_BOUND('',#534,.T.);
#232=FACE_OUTER_BOUND('',#535,.T.);
#233=FACE_OUTER_BOUND('',#536,.T.);
#234=FACE_OUTER_BOUND('',#537,.T.);
#235=FACE_OUTER_BOUND('',#538,.T.);
#236=FACE_OUTER_BOUND('',#539,.T.);
#237=FACE_OUTER_BOUND('',#540,.T.);
#238=FACE_OUTER_BOUND('',#541,.T.);
#239=FACE_OUTER_BOUND('',#542,.T.);
#240=FACE_OUTER_BOUND('',#543,.T.);
#241=FACE_OUTER_BOUND('',#544,.T.);
#242=FACE_OUTER_BOUND('',#545,.T.);
#243=FACE_OUTER_BOUND('',#546,.T.);
#244=FACE_OUTER_BOUND('',#547,.T.);
#245=FACE_OUTER_BOUND('',#548,.T.);
#246=FACE_OUTER_BOUND('',#549,.T.);
#247=FACE_OUTER_BOUND('',#550,.T.);
#248=FACE_OUTER_BOUND('',#551,.T.);
#249=FACE_OUTER_BOUND('',#552,.T.);
#250=FACE_OUTER_BOUND('',#553,.T.);
#251=FACE_OUTER_BOUND('',#554,.T.);
#252=FACE_OUTER_BOUND('',#556,.T.);
#253=FACE_OUTER_BOUND('',#557,.T.);
#254=FACE_OUTER_BOUND('',#558,.T.);
#255=FACE_OUTER_BOUND('',#559,.T.);
#256=FACE_OUTER_BOUND('',#560,.T.);
#257=FACE_OUTER_BOUND('',#561,.T.);
#258=FACE_OUTER_BOUND('',#562,.T.);
#259=FACE_OUTER_BOUND('',#563,.T.);
#260=FACE_OUTER_BOUND('',#564,.T.);
#261=FACE_OUTER_BOUND('',#565,.T.);
#262=FACE_OUTER_BOUND('',#566,.T.);
#263=FACE_OUTER_BOUND('',#567,.T.);
#264=FACE_OUTER_BOUND('',#568,.T.);
#265=FACE_OUTER_BOUND('',#569,.T.);
#266=FACE_OUTER_BOUND('',#570,.T.);
#267=FACE_OUTER_BOUND('',#571,.T.);
#268=FACE_OUTER_BOUND('',#572,.T.);
#269=FACE_OUTER_BOUND('',#573,.T.);
#270=FACE_OUTER_BOUND('',#574,.T.);
#271=FACE_OUTER_BOUND('',#575,.T.);
#272=FACE_OUTER_BOUND('',#576,.T.);
#273=FACE_OUTER_BOUND('',#577,.T.);
#274=FACE_OUTER_BOUND('',#578,.T.);
#275=FACE_OUTER_BOUND('',#579,.T.);
#276=FACE_OUTER_BOUND('',#580,.T.);
#277=FACE_OUTER_BOUND('',#581,.T.);
#278=FACE_OUTER_BOUND('',#582,.T.);
#279=FACE_OUTER_BOUND('',#583,.T.);
#280=FACE_OUTER_BOUND('',#584,.T.);
#281=FACE_OUTER_BOUND('',#585,.T.);
#282=FACE_OUTER_BOUND('',#586,.T.);
#283=FACE_OUTER_BOUND('',#587,.T.);
#284=FACE_OUTER_BOUND('',#588,.T.);
#285=FACE_OUTER_BOUND('',#589,.T.);
#286=FACE_OUTER_BOUND('',#590,.T.);
#287=FACE_OUTER_BOUND('',#591,.T.);
#288=FACE_OUTER_BOUND('',#592,.T.);
#289=FACE_OUTER_BOUND('',#593,.T.);
#290=FACE_OUTER_BOUND('',#594,.T.);
#291=FACE_OUTER_BOUND('',#595,.T.);
#292=FACE_OUTER_BOUND('',#596,.T.);
#293=FACE_OUTER_BOUND('',#597,.T.);
#294=FACE_OUTER_BOUND('',#598,.T.);
#295=FACE_OUTER_BOUND('',#599,.T.);
#296=FACE_OUTER_BOUND('',#600,.T.);
#297=FACE_OUTER_BOUND('',#601,.T.);
#298=FACE_OUTER_BOUND('',#602,.T.);
#299=FACE_OUTER_BOUND('',#603,.T.);
#300=FACE_OUTER_BOUND('',#604,.T.);
#301=FACE_OUTER_BOUND('',#605,.T.);
#302=FACE_OUTER_BOUND('',#606,.T.);
#303=FACE_OUTER_BOUND('',#607,.T.);
#304=FACE_OUTER_BOUND('',#608,.T.);
#305=FACE_OUTER_BOUND('',#609,.T.);
#306=FACE_OUTER_BOUND('',#610,.T.);
#307=FACE_OUTER_BOUND('',#611,.T.);
#308=FACE_OUTER_BOUND('',#613,.T.);
#309=FACE_OUTER_BOUND('',#614,.T.);
#310=FACE_OUTER_BOUND('',#615,.T.);
#311=FACE_OUTER_BOUND('',#616,.T.);
#312=FACE_OUTER_BOUND('',#617,.T.);
#313=FACE_OUTER_BOUND('',#618,.T.);
#314=FACE_OUTER_BOUND('',#619,.T.);
#315=FACE_OUTER_BOUND('',#620,.T.);
#316=FACE_OUTER_BOUND('',#621,.T.);
#317=FACE_OUTER_BOUND('',#622,.T.);
#318=FACE_OUTER_BOUND('',#623,.T.);
#319=FACE_OUTER_BOUND('',#624,.T.);
#320=FACE_OUTER_BOUND('',#625,.T.);
#321=FACE_OUTER_BOUND('',#626,.T.);
#322=FACE_OUTER_BOUND('',#627,.T.);
#323=FACE_OUTER_BOUND('',#628,.T.);
#324=FACE_OUTER_BOUND('',#629,.T.);
#325=FACE_OUTER_BOUND('',#630,.T.);
#326=FACE_OUTER_BOUND('',#632,.T.);
#327=FACE_OUTER_BOUND('',#633,.T.);
#328=FACE_OUTER_BOUND('',#634,.T.);
#329=FACE_OUTER_BOUND('',#635,.T.);
#330=FACE_OUTER_BOUND('',#636,.T.);
#331=FACE_OUTER_BOUND('',#637,.T.);
#332=FACE_OUTER_BOUND('',#638,.T.);
#333=FACE_OUTER_BOUND('',#639,.T.);
#334=FACE_OUTER_BOUND('',#640,.T.);
#335=FACE_OUTER_BOUND('',#641,.T.);
#336=FACE_OUTER_BOUND('',#642,.T.);
#337=FACE_OUTER_BOUND('',#643,.T.);
#338=FACE_OUTER_BOUND('',#644,.T.);
#339=FACE_OUTER_BOUND('',#645,.T.);
#340=FACE_OUTER_BOUND('',#646,.T.);
#341=FACE_OUTER_BOUND('',#647,.T.);
#342=FACE_OUTER_BOUND('',#648,.T.);
#343=FACE_OUTER_BOUND('',#649,.T.);
#344=FACE_OUTER_BOUND('',#650,.T.);
#345=FACE_OUTER_BOUND('',#651,.T.);
#346=FACE_OUTER_BOUND('',#652,.T.);
#347=FACE_OUTER_BOUND('',#653,.T.);
#348=FACE_OUTER_BOUND('',#654,.T.);
#349=FACE_OUTER_BOUND('',#655,.T.);
#350=FACE_OUTER_BOUND('',#656,.T.);
#351=FACE_OUTER_BOUND('',#657,.T.);
#352=FACE_OUTER_BOUND('',#658,.T.);
#353=FACE_OUTER_BOUND('',#659,.T.);
#354=FACE_OUTER_BOUND('',#660,.T.);
#355=FACE_OUTER_BOUND('',#661,.T.);
#356=FACE_OUTER_BOUND('',#662,.T.);
#357=FACE_OUTER_BOUND('',#663,.T.);
#358=FACE_OUTER_BOUND('',#664,.T.);
#359=FACE_OUTER_BOUND('',#665,.T.);
#360=FACE_OUTER_BOUND('',#666,.T.);
#361=FACE_OUTER_BOUND('',#667,.T.);
#362=FACE_OUTER_BOUND('',#668,.T.);
#363=FACE_OUTER_BOUND('',#669,.T.);
#364=FACE_OUTER_BOUND('',#670,.T.);
#365=FACE_OUTER_BOUND('',#671,.T.);
#366=FACE_OUTER_BOUND('',#672,.T.);
#367=FACE_OUTER_BOUND('',#673,.T.);
#368=FACE_OUTER_BOUND('',#674,.T.);
#369=FACE_OUTER_BOUND('',#675,.T.);
#370=FACE_OUTER_BOUND('',#676,.T.);
#371=FACE_OUTER_BOUND('',#677,.T.);
#372=FACE_OUTER_BOUND('',#678,.T.);
#373=FACE_OUTER_BOUND('',#679,.T.);
#374=FACE_OUTER_BOUND('',#680,.T.);
#375=FACE_OUTER_BOUND('',#681,.T.);
#376=FACE_OUTER_BOUND('',#682,.T.);
#377=FACE_OUTER_BOUND('',#683,.T.);
#378=FACE_OUTER_BOUND('',#684,.T.);
#379=FACE_OUTER_BOUND('',#685,.T.);
#380=FACE_OUTER_BOUND('',#686,.T.);
#381=FACE_OUTER_BOUND('',#687,.T.);
#382=FACE_OUTER_BOUND('',#688,.T.);
#383=FACE_OUTER_BOUND('',#689,.T.);
#384=FACE_OUTER_BOUND('',#690,.T.);
#385=FACE_OUTER_BOUND('',#691,.T.);
#386=FACE_OUTER_BOUND('',#692,.T.);
#387=FACE_OUTER_BOUND('',#693,.T.);
#388=FACE_OUTER_BOUND('',#694,.T.);
#389=FACE_OUTER_BOUND('',#695,.T.);
#390=FACE_OUTER_BOUND('',#696,.T.);
#391=FACE_OUTER_BOUND('',#697,.T.);
#392=FACE_OUTER_BOUND('',#698,.T.);
#393=FACE_OUTER_BOUND('',#699,.T.);
#394=FACE_OUTER_BOUND('',#701,.T.);
#395=FACE_OUTER_BOUND('',#702,.T.);
#396=FACE_OUTER_BOUND('',#703,.T.);
#397=FACE_OUTER_BOUND('',#705,.T.);
#398=FACE_OUTER_BOUND('',#707,.T.);
#399=FACE_OUTER_BOUND('',#709,.T.);
#400=FACE_OUTER_BOUND('',#711,.T.);
#401=FACE_OUTER_BOUND('',#712,.T.);
#402=FACE_OUTER_BOUND('',#713,.T.);
#403=FACE_OUTER_BOUND('',#714,.T.);
#404=FACE_OUTER_BOUND('',#715,.T.);
#405=FACE_OUTER_BOUND('',#716,.T.);
#406=FACE_OUTER_BOUND('',#717,.T.);
#407=FACE_OUTER_BOUND('',#718,.T.);
#408=FACE_OUTER_BOUND('',#719,.T.);
#409=FACE_OUTER_BOUND('',#720,.T.);
#410=FACE_OUTER_BOUND('',#721,.T.);
#411=FACE_OUTER_BOUND('',#722,.T.);
#412=FACE_OUTER_BOUND('',#723,.T.);
#413=FACE_OUTER_BOUND('',#724,.T.);
#414=FACE_OUTER_BOUND('',#725,.T.);
#415=FACE_OUTER_BOUND('',#726,.T.);
#416=FACE_OUTER_BOUND('',#727,.T.);
#417=FACE_OUTER_BOUND('',#728,.T.);
#418=FACE_OUTER_BOUND('',#729,.T.);
#419=FACE_OUTER_BOUND('',#730,.T.);
#420=FACE_OUTER_BOUND('',#731,.T.);
#421=FACE_OUTER_BOUND('',#732,.T.);
#422=FACE_OUTER_BOUND('',#733,.T.);
#423=FACE_OUTER_BOUND('',#734,.T.);
#424=FACE_OUTER_BOUND('',#735,.T.);
#425=FACE_OUTER_BOUND('',#736,.T.);
#426=FACE_OUTER_BOUND('',#737,.T.);
#427=FACE_OUTER_BOUND('',#738,.T.);
#428=FACE_OUTER_BOUND('',#739,.T.);
#429=FACE_OUTER_BOUND('',#740,.T.);
#430=FACE_OUTER_BOUND('',#741,.T.);
#431=FACE_OUTER_BOUND('',#742,.T.);
#432=FACE_OUTER_BOUND('',#743,.T.);
#433=FACE_OUTER_BOUND('',#744,.T.);
#434=FACE_OUTER_BOUND('',#745,.T.);
#435=FACE_OUTER_BOUND('',#746,.T.);
#436=FACE_OUTER_BOUND('',#747,.T.);
#437=FACE_OUTER_BOUND('',#748,.T.);
#438=FACE_OUTER_BOUND('',#749,.T.);
#439=FACE_OUTER_BOUND('',#750,.T.);
#440=FACE_OUTER_BOUND('',#751,.T.);
#441=FACE_OUTER_BOUND('',#752,.T.);
#442=FACE_OUTER_BOUND('',#753,.T.);
#443=FACE_OUTER_BOUND('',#754,.T.);
#444=FACE_OUTER_BOUND('',#755,.T.);
#445=FACE_OUTER_BOUND('',#756,.T.);
#446=FACE_OUTER_BOUND('',#757,.T.);
#447=FACE_OUTER_BOUND('',#758,.T.);
#448=FACE_OUTER_BOUND('',#759,.T.);
#449=FACE_OUTER_BOUND('',#760,.T.);
#450=FACE_OUTER_BOUND('',#761,.T.);
#451=FACE_OUTER_BOUND('',#762,.T.);
#452=FACE_OUTER_BOUND('',#763,.T.);
#453=FACE_OUTER_BOUND('',#764,.T.);
#454=FACE_OUTER_BOUND('',#765,.T.);
#455=FACE_OUTER_BOUND('',#766,.T.);
#456=FACE_OUTER_BOUND('',#767,.T.);
#457=FACE_OUTER_BOUND('',#768,.T.);
#458=FACE_OUTER_BOUND('',#769,.T.);
#459=FACE_OUTER_BOUND('',#770,.T.);
#460=FACE_OUTER_BOUND('',#771,.T.);
#461=FACE_OUTER_BOUND('',#772,.T.);
#462=FACE_OUTER_BOUND('',#773,.T.);
#463=FACE_OUTER_BOUND('',#774,.T.);
#464=FACE_OUTER_BOUND('',#775,.T.);
#465=FACE_OUTER_BOUND('',#776,.T.);
#466=FACE_OUTER_BOUND('',#777,.T.);
#467=FACE_OUTER_BOUND('',#778,.T.);
#468=FACE_OUTER_BOUND('',#779,.T.);
#469=FACE_OUTER_BOUND('',#780,.T.);
#470=FACE_OUTER_BOUND('',#781,.T.);
#471=FACE_OUTER_BOUND('',#782,.T.);
#472=FACE_OUTER_BOUND('',#783,.T.);
#473=FACE_OUTER_BOUND('',#784,.T.);
#474=FACE_OUTER_BOUND('',#785,.T.);
#475=FACE_OUTER_BOUND('',#786,.T.);
#476=FACE_OUTER_BOUND('',#787,.T.);
#477=FACE_OUTER_BOUND('',#788,.T.);
#478=FACE_OUTER_BOUND('',#789,.T.);
#479=FACE_OUTER_BOUND('',#790,.T.);
#480=FACE_OUTER_BOUND('',#791,.T.);
#481=FACE_OUTER_BOUND('',#792,.T.);
#482=FACE_OUTER_BOUND('',#793,.T.);
#483=FACE_OUTER_BOUND('',#794,.T.);
#484=FACE_OUTER_BOUND('',#795,.T.);
#485=FACE_OUTER_BOUND('',#796,.T.);
#486=FACE_OUTER_BOUND('',#797,.T.);
#487=FACE_OUTER_BOUND('',#798,.T.);
#488=FACE_OUTER_BOUND('',#799,.T.);
#489=FACE_OUTER_BOUND('',#800,.T.);
#490=FACE_OUTER_BOUND('',#801,.T.);
#491=FACE_OUTER_BOUND('',#802,.T.);
#492=FACE_OUTER_BOUND('',#803,.T.);
#493=FACE_OUTER_BOUND('',#805,.T.);
#494=EDGE_LOOP('',(#3430,#3431,#3432,#3433,#3434,#3435,#3436,#3437,#3438,
#3439,#3440,#3441,#3442,#3443,#3444,#3445,#3446,#3447,#3448,#3449,#3450,
#3451));
#495=EDGE_LOOP('',(#3452,#3453,#3454,#3455,#3456,#3457,#3458,#3459,#3460,
#3461,#3462,#3463,#3464,#3465,#3466,#3467,#3468,#3469,#3470,#3471));
#496=EDGE_LOOP('',(#3472,#3473,#3474,#3475));
#497=EDGE_LOOP('',(#3476,#3477,#3478,#3479));
#498=EDGE_LOOP('',(#3480,#3481,#3482,#3483));
#499=EDGE_LOOP('',(#3484,#3485,#3486,#3487));
#500=EDGE_LOOP('',(#3488,#3489,#3490,#3491));
#501=EDGE_LOOP('',(#3492,#3493,#3494,#3495));
#502=EDGE_LOOP('',(#3496,#3497,#3498,#3499));
#503=EDGE_LOOP('',(#3500,#3501,#3502,#3503));
#504=EDGE_LOOP('',(#3504,#3505,#3506,#3507));
#505=EDGE_LOOP('',(#3508,#3509,#3510,#3511));
#506=EDGE_LOOP('',(#3512,#3513,#3514,#3515));
#507=EDGE_LOOP('',(#3516,#3517,#3518,#3519));
#508=EDGE_LOOP('',(#3520,#3521,#3522,#3523));
#509=EDGE_LOOP('',(#3524,#3525,#3526,#3527));
#510=EDGE_LOOP('',(#3528,#3529,#3530,#3531));
#511=EDGE_LOOP('',(#3532,#3533,#3534,#3535));
#512=EDGE_LOOP('',(#3536,#3537,#3538,#3539));
#513=EDGE_LOOP('',(#3540,#3541,#3542,#3543));
#514=EDGE_LOOP('',(#3544,#3545,#3546,#3547));
#515=EDGE_LOOP('',(#3548,#3549,#3550,#3551));
#516=EDGE_LOOP('',(#3552,#3553,#3554,#3555));
#517=EDGE_LOOP('',(#3556,#3557,#3558,#3559,#3560,#3561,#3562,#3563,#3564,
#3565,#3566,#3567,#3568,#3569,#3570,#3571,#3572,#3573,#3574,#3575,#3576,
#3577));
#518=EDGE_LOOP('',(#3578,#3579,#3580,#3581,#3582,#3583,#3584,#3585,#3586,
#3587,#3588,#3589,#3590,#3591,#3592,#3593,#3594,#3595,#3596,#3597));
#519=EDGE_LOOP('',(#3598,#3599,#3600,#3601));
#520=EDGE_LOOP('',(#3602,#3603,#3604,#3605));
#521=EDGE_LOOP('',(#3606,#3607,#3608,#3609));
#522=EDGE_LOOP('',(#3610,#3611,#3612,#3613));
#523=EDGE_LOOP('',(#3614,#3615,#3616,#3617));
#524=EDGE_LOOP('',(#3618,#3619,#3620,#3621));
#525=EDGE_LOOP('',(#3622,#3623,#3624,#3625));
#526=EDGE_LOOP('',(#3626,#3627,#3628,#3629));
#527=EDGE_LOOP('',(#3630,#3631,#3632,#3633));
#528=EDGE_LOOP('',(#3634,#3635,#3636,#3637));
#529=EDGE_LOOP('',(#3638,#3639,#3640,#3641));
#530=EDGE_LOOP('',(#3642,#3643,#3644,#3645));
#531=EDGE_LOOP('',(#3646,#3647,#3648,#3649));
#532=EDGE_LOOP('',(#3650,#3651,#3652,#3653));
#533=EDGE_LOOP('',(#3654,#3655,#3656,#3657));
#534=EDGE_LOOP('',(#3658,#3659,#3660,#3661));
#535=EDGE_LOOP('',(#3662,#3663,#3664,#3665));
#536=EDGE_LOOP('',(#3666,#3667,#3668,#3669));
#537=EDGE_LOOP('',(#3670,#3671,#3672,#3673));
#538=EDGE_LOOP('',(#3674,#3675,#3676,#3677));
#539=EDGE_LOOP('',(#3678,#3679,#3680,#3681));
#540=EDGE_LOOP('',(#3682,#3683,#3684,#3685));
#541=EDGE_LOOP('',(#3686,#3687,#3688,#3689));
#542=EDGE_LOOP('',(#3690,#3691,#3692,#3693));
#543=EDGE_LOOP('',(#3694,#3695,#3696,#3697));
#544=EDGE_LOOP('',(#3698,#3699,#3700,#3701));
#545=EDGE_LOOP('',(#3702,#3703,#3704,#3705));
#546=EDGE_LOOP('',(#3706,#3707,#3708,#3709));
#547=EDGE_LOOP('',(#3710,#3711,#3712,#3713));
#548=EDGE_LOOP('',(#3714,#3715,#3716,#3717));
#549=EDGE_LOOP('',(#3718,#3719,#3720,#3721));
#550=EDGE_LOOP('',(#3722,#3723,#3724,#3725));
#551=EDGE_LOOP('',(#3726,#3727,#3728,#3729));
#552=EDGE_LOOP('',(#3730));
#553=EDGE_LOOP('',(#3731));
#554=EDGE_LOOP('',(#3732));
#555=EDGE_LOOP('',(#3733));
#556=EDGE_LOOP('',(#3734,#3735,#3736,#3737));
#557=EDGE_LOOP('',(#3738,#3739,#3740,#3741));
#558=EDGE_LOOP('',(#3742,#3743,#3744,#3745));
#559=EDGE_LOOP('',(#3746,#3747,#3748,#3749));
#560=EDGE_LOOP('',(#3750,#3751,#3752,#3753));
#561=EDGE_LOOP('',(#3754,#3755,#3756,#3757));
#562=EDGE_LOOP('',(#3758,#3759,#3760,#3761));
#563=EDGE_LOOP('',(#3762,#3763,#3764,#3765));
#564=EDGE_LOOP('',(#3766,#3767,#3768,#3769,#3770,#3771,#3772,#3773,#3774,
#3775,#3776,#3777,#3778,#3779,#3780));
#565=EDGE_LOOP('',(#3781,#3782,#3783,#3784));
#566=EDGE_LOOP('',(#3785,#3786,#3787,#3788));
#567=EDGE_LOOP('',(#3789,#3790,#3791,#3792));
#568=EDGE_LOOP('',(#3793,#3794,#3795,#3796));
#569=EDGE_LOOP('',(#3797,#3798,#3799,#3800));
#570=EDGE_LOOP('',(#3801,#3802,#3803,#3804));
#571=EDGE_LOOP('',(#3805,#3806,#3807,#3808));
#572=EDGE_LOOP('',(#3809,#3810,#3811,#3812,#3813,#3814,#3815,#3816,#3817,
#3818,#3819,#3820,#3821,#3822,#3823));
#573=EDGE_LOOP('',(#3824,#3825,#3826,#3827,#3828,#3829,#3830,#3831,#3832,
#3833,#3834,#3835,#3836,#3837,#3838));
#574=EDGE_LOOP('',(#3839,#3840,#3841,#3842));
#575=EDGE_LOOP('',(#3843,#3844,#3845,#3846));
#576=EDGE_LOOP('',(#3847,#3848,#3849,#3850));
#577=EDGE_LOOP('',(#3851,#3852,#3853,#3854));
#578=EDGE_LOOP('',(#3855,#3856,#3857,#3858));
#579=EDGE_LOOP('',(#3859,#3860,#3861,#3862));
#580=EDGE_LOOP('',(#3863,#3864,#3865,#3866));
#581=EDGE_LOOP('',(#3867,#3868,#3869,#3870,#3871,#3872,#3873,#3874,#3875,
#3876,#3877,#3878,#3879,#3880,#3881));
#582=EDGE_LOOP('',(#3882,#3883,#3884,#3885));
#583=EDGE_LOOP('',(#3886,#3887,#3888,#3889));
#584=EDGE_LOOP('',(#3890,#3891,#3892,#3893));
#585=EDGE_LOOP('',(#3894,#3895,#3896,#3897));
#586=EDGE_LOOP('',(#3898,#3899,#3900,#3901));
#587=EDGE_LOOP('',(#3902,#3903,#3904,#3905));
#588=EDGE_LOOP('',(#3906,#3907,#3908,#3909));
#589=EDGE_LOOP('',(#3910,#3911,#3912,#3913));
#590=EDGE_LOOP('',(#3914,#3915,#3916,#3917));
#591=EDGE_LOOP('',(#3918,#3919,#3920,#3921));
#592=EDGE_LOOP('',(#3922,#3923,#3924,#3925));
#593=EDGE_LOOP('',(#3926,#3927,#3928,#3929));
#594=EDGE_LOOP('',(#3930,#3931,#3932,#3933));
#595=EDGE_LOOP('',(#3934,#3935,#3936,#3937));
#596=EDGE_LOOP('',(#3938,#3939,#3940,#3941));
#597=EDGE_LOOP('',(#3942,#3943,#3944,#3945));
#598=EDGE_LOOP('',(#3946,#3947,#3948,#3949));
#599=EDGE_LOOP('',(#3950,#3951,#3952,#3953));
#600=EDGE_LOOP('',(#3954,#3955,#3956,#3957,#3958,#3959,#3960,#3961,#3962,
#3963,#3964,#3965,#3966,#3967,#3968,#3969,#3970,#3971,#3972));
#601=EDGE_LOOP('',(#3973,#3974,#3975,#3976));
#602=EDGE_LOOP('',(#3977,#3978,#3979,#3980));
#603=EDGE_LOOP('',(#3981,#3982,#3983,#3984));
#604=EDGE_LOOP('',(#3985,#3986,#3987,#3988));
#605=EDGE_LOOP('',(#3989,#3990,#3991,#3992));
#606=EDGE_LOOP('',(#3993,#3994,#3995,#3996));
#607=EDGE_LOOP('',(#3997,#3998,#3999,#4000));
#608=EDGE_LOOP('',(#4001,#4002,#4003,#4004));
#609=EDGE_LOOP('',(#4005,#4006,#4007,#4008));
#610=EDGE_LOOP('',(#4009,#4010,#4011,#4012,#4013,#4014,#4015,#4016,#4017,
#4018,#4019,#4020,#4021,#4022,#4023,#4024,#4025,#4026,#4027));
#611=EDGE_LOOP('',(#4028,#4029,#4030,#4031,#4032,#4033,#4034,#4035,#4036,
#4037,#4038,#4039,#4040,#4041,#4042,#4043,#4044,#4045,#4046,#4047,#4048,
#4049,#4050,#4051,#4052,#4053));
#612=EDGE_LOOP('',(#4054,#4055,#4056,#4057,#4058,#4059,#4060,#4061));
#613=EDGE_LOOP('',(#4062,#4063,#4064,#4065));
#614=EDGE_LOOP('',(#4066,#4067,#4068,#4069));
#615=EDGE_LOOP('',(#4070,#4071,#4072,#4073));
#616=EDGE_LOOP('',(#4074,#4075,#4076,#4077));
#617=EDGE_LOOP('',(#4078,#4079,#4080,#4081));
#618=EDGE_LOOP('',(#4082,#4083,#4084,#4085));
#619=EDGE_LOOP('',(#4086,#4087,#4088,#4089));
#620=EDGE_LOOP('',(#4090,#4091,#4092,#4093));
#621=EDGE_LOOP('',(#4094,#4095,#4096,#4097));
#622=EDGE_LOOP('',(#4098,#4099,#4100,#4101));
#623=EDGE_LOOP('',(#4102,#4103,#4104,#4105));
#624=EDGE_LOOP('',(#4106,#4107,#4108,#4109));
#625=EDGE_LOOP('',(#4110,#4111,#4112,#4113));
#626=EDGE_LOOP('',(#4114,#4115,#4116,#4117));
#627=EDGE_LOOP('',(#4118,#4119,#4120,#4121));
#628=EDGE_LOOP('',(#4122,#4123,#4124,#4125));
#629=EDGE_LOOP('',(#4126,#4127,#4128,#4129));
#630=EDGE_LOOP('',(#4130,#4131,#4132,#4133,#4134,#4135,#4136,#4137,#4138,
#4139,#4140,#4141,#4142,#4143,#4144,#4145,#4146,#4147,#4148,#4149,#4150,
#4151,#4152,#4153,#4154,#4155));
#631=EDGE_LOOP('',(#4156,#4157,#4158,#4159,#4160,#4161,#4162,#4163));
#632=EDGE_LOOP('',(#4164,#4165,#4166,#4167));
#633=EDGE_LOOP('',(#4168,#4169,#4170,#4171));
#634=EDGE_LOOP('',(#4172,#4173,#4174,#4175));
#635=EDGE_LOOP('',(#4176,#4177,#4178,#4179));
#636=EDGE_LOOP('',(#4180,#4181,#4182,#4183));
#637=EDGE_LOOP('',(#4184,#4185,#4186,#4187));
#638=EDGE_LOOP('',(#4188,#4189,#4190,#4191));
#639=EDGE_LOOP('',(#4192,#4193,#4194,#4195));
#640=EDGE_LOOP('',(#4196,#4197,#4198,#4199));
#641=EDGE_LOOP('',(#4200,#4201,#4202,#4203));
#642=EDGE_LOOP('',(#4204,#4205,#4206,#4207));
#643=EDGE_LOOP('',(#4208,#4209,#4210,#4211));
#644=EDGE_LOOP('',(#4212,#4213,#4214,#4215));
#645=EDGE_LOOP('',(#4216,#4217,#4218,#4219));
#646=EDGE_LOOP('',(#4220,#4221,#4222,#4223));
#647=EDGE_LOOP('',(#4224,#4225,#4226,#4227));
#648=EDGE_LOOP('',(#4228,#4229,#4230,#4231));
#649=EDGE_LOOP('',(#4232,#4233,#4234,#4235));
#650=EDGE_LOOP('',(#4236,#4237,#4238,#4239));
#651=EDGE_LOOP('',(#4240,#4241,#4242,#4243));
#652=EDGE_LOOP('',(#4244,#4245,#4246,#4247));
#653=EDGE_LOOP('',(#4248,#4249,#4250,#4251));
#654=EDGE_LOOP('',(#4252,#4253,#4254,#4255));
#655=EDGE_LOOP('',(#4256,#4257,#4258,#4259));
#656=EDGE_LOOP('',(#4260,#4261,#4262,#4263));
#657=EDGE_LOOP('',(#4264,#4265,#4266,#4267,#4268,#4269,#4270,#4271,#4272,
#4273,#4274,#4275,#4276,#4277,#4278));
#658=EDGE_LOOP('',(#4279,#4280,#4281,#4282));
#659=EDGE_LOOP('',(#4283,#4284,#4285,#4286));
#660=EDGE_LOOP('',(#4287,#4288,#4289,#4290));
#661=EDGE_LOOP('',(#4291,#4292,#4293,#4294));
#662=EDGE_LOOP('',(#4295,#4296,#4297,#4298));
#663=EDGE_LOOP('',(#4299,#4300,#4301,#4302));
#664=EDGE_LOOP('',(#4303,#4304,#4305,#4306));
#665=EDGE_LOOP('',(#4307,#4308,#4309,#4310,#4311,#4312,#4313,#4314,#4315,
#4316,#4317,#4318,#4319,#4320,#4321));
#666=EDGE_LOOP('',(#4322,#4323,#4324,#4325,#4326,#4327,#4328,#4329,#4330,
#4331,#4332,#4333,#4334,#4335,#4336,#4337,#4338,#4339,#4340,#4341,#4342,
#4343,#4344,#4345,#4346));
#667=EDGE_LOOP('',(#4347,#4348,#4349,#4350));
#668=EDGE_LOOP('',(#4351,#4352,#4353,#4354));
#669=EDGE_LOOP('',(#4355,#4356,#4357,#4358));
#670=EDGE_LOOP('',(#4359,#4360,#4361,#4362));
#671=EDGE_LOOP('',(#4363,#4364,#4365,#4366));
#672=EDGE_LOOP('',(#4367,#4368,#4369,#4370));
#673=EDGE_LOOP('',(#4371,#4372,#4373,#4374));
#674=EDGE_LOOP('',(#4375,#4376,#4377,#4378));
#675=EDGE_LOOP('',(#4379,#4380,#4381,#4382));
#676=EDGE_LOOP('',(#4383,#4384,#4385,#4386));
#677=EDGE_LOOP('',(#4387,#4388,#4389,#4390));
#678=EDGE_LOOP('',(#4391,#4392,#4393,#4394));
#679=EDGE_LOOP('',(#4395,#4396,#4397,#4398,#4399,#4400,#4401,#4402,#4403,
#4404,#4405,#4406,#4407,#4408,#4409,#4410,#4411,#4412,#4413,#4414,#4415,
#4416,#4417,#4418,#4419));
#680=EDGE_LOOP('',(#4420,#4421,#4422,#4423));
#681=EDGE_LOOP('',(#4424,#4425,#4426,#4427));
#682=EDGE_LOOP('',(#4428,#4429,#4430,#4431));
#683=EDGE_LOOP('',(#4432,#4433,#4434,#4435));
#684=EDGE_LOOP('',(#4436,#4437,#4438,#4439));
#685=EDGE_LOOP('',(#4440,#4441,#4442,#4443));
#686=EDGE_LOOP('',(#4444,#4445,#4446,#4447));
#687=EDGE_LOOP('',(#4448,#4449,#4450,#4451));
#688=EDGE_LOOP('',(#4452,#4453,#4454,#4455));
#689=EDGE_LOOP('',(#4456,#4457,#4458,#4459));
#690=EDGE_LOOP('',(#4460,#4461,#4462,#4463));
#691=EDGE_LOOP('',(#4464,#4465,#4466,#4467));
#692=EDGE_LOOP('',(#4468,#4469,#4470,#4471));
#693=EDGE_LOOP('',(#4472,#4473,#4474,#4475));
#694=EDGE_LOOP('',(#4476,#4477,#4478,#4479));
#695=EDGE_LOOP('',(#4480,#4481,#4482,#4483));
#696=EDGE_LOOP('',(#4484,#4485,#4486,#4487));
#697=EDGE_LOOP('',(#4488,#4489,#4490,#4491));
#698=EDGE_LOOP('',(#4492,#4493,#4494,#4495));
#699=EDGE_LOOP('',(#4496));
#700=EDGE_LOOP('',(#4497));
#701=EDGE_LOOP('',(#4498));
#702=EDGE_LOOP('',(#4499));
#703=EDGE_LOOP('',(#4500));
#704=EDGE_LOOP('',(#4501));
#705=EDGE_LOOP('',(#4502));
#706=EDGE_LOOP('',(#4503));
#707=EDGE_LOOP('',(#4504,#4505,#4506,#4507));
#708=EDGE_LOOP('',(#4508));
#709=EDGE_LOOP('',(#4509));
#710=EDGE_LOOP('',(#4510));
#711=EDGE_LOOP('',(#4511));
#712=EDGE_LOOP('',(#4512,#4513,#4514,#4515));
#713=EDGE_LOOP('',(#4516,#4517,#4518,#4519));
#714=EDGE_LOOP('',(#4520,#4521,#4522,#4523));
#715=EDGE_LOOP('',(#4524,#4525,#4526,#4527,#4528,#4529));
#716=EDGE_LOOP('',(#4530,#4531,#4532,#4533,#4534,#4535));
#717=EDGE_LOOP('',(#4536,#4537,#4538,#4539));
#718=EDGE_LOOP('',(#4540,#4541,#4542,#4543));
#719=EDGE_LOOP('',(#4544,#4545,#4546,#4547));
#720=EDGE_LOOP('',(#4548,#4549,#4550,#4551,#4552,#4553));
#721=EDGE_LOOP('',(#4554,#4555,#4556,#4557));
#722=EDGE_LOOP('',(#4558,#4559,#4560,#4561));
#723=EDGE_LOOP('',(#4562,#4563,#4564,#4565));
#724=EDGE_LOOP('',(#4566,#4567,#4568,#4569));
#725=EDGE_LOOP('',(#4570,#4571,#4572,#4573));
#726=EDGE_LOOP('',(#4574,#4575,#4576,#4577));
#727=EDGE_LOOP('',(#4578,#4579,#4580,#4581));
#728=EDGE_LOOP('',(#4582,#4583,#4584,#4585));
#729=EDGE_LOOP('',(#4586,#4587,#4588,#4589));
#730=EDGE_LOOP('',(#4590,#4591,#4592,#4593,#4594,#4595,#4596,#4597));
#731=EDGE_LOOP('',(#4598,#4599,#4600,#4601,#4602,#4603,#4604,#4605));
#732=EDGE_LOOP('',(#4606,#4607,#4608,#4609));
#733=EDGE_LOOP('',(#4610,#4611,#4612,#4613,#4614,#4615,#4616,#4617,#4618,
#4619,#4620,#4621));
#734=EDGE_LOOP('',(#4622,#4623,#4624,#4625));
#735=EDGE_LOOP('',(#4626,#4627,#4628,#4629));
#736=EDGE_LOOP('',(#4630,#4631,#4632,#4633));
#737=EDGE_LOOP('',(#4634,#4635,#4636,#4637));
#738=EDGE_LOOP('',(#4638,#4639,#4640,#4641));
#739=EDGE_LOOP('',(#4642,#4643,#4644,#4645));
#740=EDGE_LOOP('',(#4646,#4647,#4648,#4649));
#741=EDGE_LOOP('',(#4650,#4651,#4652,#4653));
#742=EDGE_LOOP('',(#4654,#4655,#4656,#4657));
#743=EDGE_LOOP('',(#4658,#4659,#4660,#4661));
#744=EDGE_LOOP('',(#4662,#4663,#4664,#4665));
#745=EDGE_LOOP('',(#4666,#4667,#4668,#4669,#4670,#4671,#4672,#4673,#4674,
#4675,#4676,#4677));
#746=EDGE_LOOP('',(#4678,#4679,#4680,#4681));
#747=EDGE_LOOP('',(#4682,#4683,#4684,#4685,#4686,#4687,#4688,#4689,#4690,
#4691,#4692,#4693));
#748=EDGE_LOOP('',(#4694,#4695,#4696,#4697,#4698,#4699,#4700,#4701,#4702,
#4703,#4704,#4705));
#749=EDGE_LOOP('',(#4706,#4707,#4708,#4709));
#750=EDGE_LOOP('',(#4710,#4711,#4712,#4713));
#751=EDGE_LOOP('',(#4714,#4715,#4716,#4717));
#752=EDGE_LOOP('',(#4718,#4719,#4720,#4721));
#753=EDGE_LOOP('',(#4722,#4723,#4724,#4725));
#754=EDGE_LOOP('',(#4726,#4727,#4728,#4729));
#755=EDGE_LOOP('',(#4730,#4731,#4732,#4733,#4734,#4735,#4736,#4737,#4738,
#4739,#4740,#4741));
#756=EDGE_LOOP('',(#4742,#4743,#4744,#4745));
#757=EDGE_LOOP('',(#4746,#4747,#4748,#4749));
#758=EDGE_LOOP('',(#4750,#4751,#4752,#4753));
#759=EDGE_LOOP('',(#4754,#4755,#4756,#4757));
#760=EDGE_LOOP('',(#4758,#4759,#4760,#4761));
#761=EDGE_LOOP('',(#4762,#4763,#4764,#4765));
#762=EDGE_LOOP('',(#4766,#4767,#4768,#4769));
#763=EDGE_LOOP('',(#4770,#4771,#4772,#4773));
#764=EDGE_LOOP('',(#4774,#4775,#4776,#4777));
#765=EDGE_LOOP('',(#4778,#4779,#4780,#4781));
#766=EDGE_LOOP('',(#4782,#4783,#4784,#4785));
#767=EDGE_LOOP('',(#4786,#4787,#4788,#4789,#4790,#4791,#4792,#4793,#4794,
#4795,#4796,#4797));
#768=EDGE_LOOP('',(#4798,#4799,#4800,#4801));
#769=EDGE_LOOP('',(#4802,#4803,#4804,#4805,#4806,#4807,#4808,#4809,#4810,
#4811,#4812,#4813));
#770=EDGE_LOOP('',(#4814,#4815,#4816,#4817,#4818,#4819,#4820,#4821,#4822,
#4823,#4824,#4825));
#771=EDGE_LOOP('',(#4826,#4827,#4828,#4829));
#772=EDGE_LOOP('',(#4830,#4831,#4832,#4833));
#773=EDGE_LOOP('',(#4834,#4835,#4836,#4837));
#774=EDGE_LOOP('',(#4838,#4839,#4840,#4841));
#775=EDGE_LOOP('',(#4842,#4843,#4844,#4845));
#776=EDGE_LOOP('',(#4846,#4847,#4848,#4849));
#777=EDGE_LOOP('',(#4850,#4851,#4852,#4853));
#778=EDGE_LOOP('',(#4854,#4855,#4856,#4857));
#779=EDGE_LOOP('',(#4858,#4859,#4860,#4861));
#780=EDGE_LOOP('',(#4862,#4863,#4864,#4865));
#781=EDGE_LOOP('',(#4866,#4867,#4868,#4869));
#782=EDGE_LOOP('',(#4870,#4871,#4872,#4873));
#783=EDGE_LOOP('',(#4874,#4875,#4876,#4877));
#784=EDGE_LOOP('',(#4878,#4879,#4880,#4881));
#785=EDGE_LOOP('',(#4882,#4883,#4884,#4885,#4886,#4887,#4888,#4889));
#786=EDGE_LOOP('',(#4890,#4891,#4892,#4893));
#787=EDGE_LOOP('',(#4894,#4895,#4896,#4897));
#788=EDGE_LOOP('',(#4898,#4899,#4900,#4901));
#789=EDGE_LOOP('',(#4902,#4903,#4904,#4905));
#790=EDGE_LOOP('',(#4906,#4907,#4908,#4909));
#791=EDGE_LOOP('',(#4910,#4911,#4912,#4913));
#792=EDGE_LOOP('',(#4914,#4915,#4916,#4917));
#793=EDGE_LOOP('',(#4918,#4919,#4920,#4921));
#794=EDGE_LOOP('',(#4922,#4923,#4924,#4925));
#795=EDGE_LOOP('',(#4926,#4927,#4928,#4929));
#796=EDGE_LOOP('',(#4930,#4931,#4932,#4933));
#797=EDGE_LOOP('',(#4934,#4935,#4936,#4937));
#798=EDGE_LOOP('',(#4938,#4939,#4940,#4941));
#799=EDGE_LOOP('',(#4942,#4943,#4944,#4945));
#800=EDGE_LOOP('',(#4946,#4947,#4948,#4949));
#801=EDGE_LOOP('',(#4950,#4951,#4952,#4953));
#802=EDGE_LOOP('',(#4954,#4955,#4956,#4957));
#803=EDGE_LOOP('',(#4958,#4959,#4960,#4961,#4962,#4963,#4964,#4965,#4966,
#4967,#4968,#4969,#4970,#4971,#4972,#4973,#4974,#4975,#4976,#4977,#4978,
#4979));
#804=EDGE_LOOP('',(#4980,#4981,#4982,#4983));
#805=EDGE_LOOP('',(#4984,#4985,#4986,#4987,#4988,#4989,#4990,#4991,#4992,
#4993,#4994,#4995,#4996,#4997,#4998,#4999,#5000,#5001));
#806=LINE('',#7708,#1332);
#807=LINE('',#7746,#1333);
#808=LINE('',#7756,#1334);
#809=LINE('',#7786,#1335);
#810=LINE('',#7790,#1336);
#811=LINE('',#7793,#1337);
#812=LINE('',#7796,#1338);
#813=LINE('',#7800,#1339);
#814=LINE('',#7804,#1340);
#815=LINE('',#7808,#1341);
#816=LINE('',#7812,#1342);
#817=LINE('',#7816,#1343);
#818=LINE('',#7820,#1344);
#819=LINE('',#7824,#1345);
#820=LINE('',#7828,#1346);
#821=LINE('',#7832,#1347);
#822=LINE('',#7833,#1348);
#823=LINE('',#7836,#1349);
#824=LINE('',#7839,#1350);
#825=LINE('',#7842,#1351);
#826=LINE('',#7846,#1352);
#827=LINE('',#7850,#1353);
#828=LINE('',#7854,#1354);
#829=LINE('',#7858,#1355);
#830=LINE('',#7862,#1356);
#831=LINE('',#7866,#1357);
#832=LINE('',#7867,#1358);
#833=LINE('',#7870,#1359);
#834=LINE('',#7874,#1360);
#835=LINE('',#7882,#1361);
#836=LINE('',#7903,#1362);
#837=LINE('',#7918,#1363);
#838=LINE('',#7920,#1364);
#839=LINE('',#7922,#1365);
#840=LINE('',#7924,#1366);
#841=LINE('',#7926,#1367);
#842=LINE('',#7928,#1368);
#843=LINE('',#7930,#1369);
#844=LINE('',#7932,#1370);
#845=LINE('',#7934,#1371);
#846=LINE('',#7936,#1372);
#847=LINE('',#7939,#1373);
#848=LINE('',#7941,#1374);
#849=LINE('',#7943,#1375);
#850=LINE('',#7945,#1376);
#851=LINE('',#7947,#1377);
#852=LINE('',#7949,#1378);
#853=LINE('',#7951,#1379);
#854=LINE('',#7953,#1380);
#855=LINE('',#7955,#1381);
#856=LINE('',#7960,#1382);
#857=LINE('',#7962,#1383);
#858=LINE('',#7964,#1384);
#859=LINE('',#7965,#1385);
#860=LINE('',#7968,#1386);
#861=LINE('',#7970,#1387);
#862=LINE('',#7971,#1388);
#863=LINE('',#7974,#1389);
#864=LINE('',#7975,#1390);
#865=LINE('',#7978,#1391);
#866=LINE('',#7979,#1392);
#867=LINE('',#7981,#1393);
#868=LINE('',#7986,#1394);
#869=LINE('',#7988,#1395);
#870=LINE('',#7990,#1396);
#871=LINE('',#7991,#1397);
#872=LINE('',#7994,#1398);
#873=LINE('',#7996,#1399);
#874=LINE('',#7997,#1400);
#875=LINE('',#8000,#1401);
#876=LINE('',#8001,#1402);
#877=LINE('',#8004,#1403);
#878=LINE('',#8005,#1404);
#879=LINE('',#8007,#1405);
#880=LINE('',#8021,#1406);
#881=LINE('',#8024,#1407);
#882=LINE('',#8029,#1408);
#883=LINE('',#8035,#1409);
#884=LINE('',#8041,#1410);
#885=LINE('',#8045,#1411);
#886=LINE('',#8047,#1412);
#887=LINE('',#8048,#1413);
#888=LINE('',#8051,#1414);
#889=LINE('',#8053,#1415);
#890=LINE('',#8054,#1416);
#891=LINE('',#8057,#1417);
#892=LINE('',#8059,#1418);
#893=LINE('',#8060,#1419);
#894=LINE('',#8063,#1420);
#895=LINE('',#8065,#1421);
#896=LINE('',#8066,#1422);
#897=LINE('',#8075,#1423);
#898=LINE('',#8077,#1424);
#899=LINE('',#8079,#1425);
#900=LINE('',#8080,#1426);
#901=LINE('',#8083,#1427);
#902=LINE('',#8084,#1428);
#903=LINE('',#8087,#1429);
#904=LINE('',#8088,#1430);
#905=LINE('',#8091,#1431);
#906=LINE('',#8092,#1432);
#907=LINE('',#8095,#1433);
#908=LINE('',#8096,#1434);
#909=LINE('',#8100,#1435);
#910=LINE('',#8104,#1436);
#911=LINE('',#8111,#1437);
#912=LINE('',#8113,#1438);
#913=LINE('',#8115,#1439);
#914=LINE('',#8117,#1440);
#915=LINE('',#8119,#1441);
#916=LINE('',#8127,#1442);
#917=LINE('',#8129,#1443);
#918=LINE('',#8131,#1444);
#919=LINE('',#8141,#1445);
#920=LINE('',#8144,#1446);
#921=LINE('',#8147,#1447);
#922=LINE('',#8151,#1448);
#923=LINE('',#8155,#1449);
#924=LINE('',#8156,#1450);
#925=LINE('',#8159,#1451);
#926=LINE('',#8160,#1452);
#927=LINE('',#8163,#1453);
#928=LINE('',#8164,#1454);
#929=LINE('',#8167,#1455);
#930=LINE('',#8168,#1456);
#931=LINE('',#8171,#1457);
#932=LINE('',#8181,#1458);
#933=LINE('',#8183,#1459);
#934=LINE('',#8184,#1460);
#935=LINE('',#8186,#1461);
#936=LINE('',#8188,#1462);
#937=LINE('',#8190,#1463);
#938=LINE('',#8192,#1464);
#939=LINE('',#8194,#1465);
#940=LINE('',#8196,#1466);
#941=LINE('',#8198,#1467);
#942=LINE('',#8203,#1468);
#943=LINE('',#8205,#1469);
#944=LINE('',#8207,#1470);
#945=LINE('',#8208,#1471);
#946=LINE('',#8213,#1472);
#947=LINE('',#8219,#1473);
#948=LINE('',#8225,#1474);
#949=LINE('',#8231,#1475);
#950=LINE('',#8235,#1476);
#951=LINE('',#8237,#1477);
#952=LINE('',#8238,#1478);
#953=LINE('',#8243,#1479);
#954=LINE('',#8249,#1480);
#955=LINE('',#8255,#1481);
#956=LINE('',#8259,#1482);
#957=LINE('',#8261,#1483);
#958=LINE('',#8262,#1484);
#959=LINE('',#8265,#1485);
#960=LINE('',#8267,#1486);
#961=LINE('',#8269,#1487);
#962=LINE('',#8271,#1488);
#963=LINE('',#8273,#1489);
#964=LINE('',#8275,#1490);
#965=LINE('',#8277,#1491);
#966=LINE('',#8279,#1492);
#967=LINE('',#8280,#1493);
#968=LINE('',#8283,#1494);
#969=LINE('',#8284,#1495);
#970=LINE('',#8287,#1496);
#971=LINE('',#8288,#1497);
#972=LINE('',#8291,#1498);
#973=LINE('',#8292,#1499);
#974=LINE('',#8295,#1500);
#975=LINE('',#8296,#1501);
#976=LINE('',#8299,#1502);
#977=LINE('',#8300,#1503);
#978=LINE('',#8303,#1504);
#979=LINE('',#8304,#1505);
#980=LINE('',#8307,#1506);
#981=LINE('',#8308,#1507);
#982=LINE('',#8311,#1508);
#983=LINE('',#8312,#1509);
#984=LINE('',#8314,#1510);
#985=LINE('',#8331,#1511);
#986=LINE('',#8333,#1512);
#987=LINE('',#8361,#1513);
#988=LINE('',#8365,#1514);
#989=LINE('',#8367,#1515);
#990=LINE('',#8368,#1516);
#991=LINE('',#8379,#1517);
#992=LINE('',#8381,#1518);
#993=LINE('',#8387,#1519);
#994=LINE('',#8389,#1520);
#995=LINE('',#8390,#1521);
#996=LINE('',#8393,#1522);
#997=LINE('',#8397,#1523);
#998=LINE('',#8401,#1524);
#999=LINE('',#8405,#1525);
#1000=LINE('',#8408,#1526);
#1001=LINE('',#8411,#1527);
#1002=LINE('',#8415,#1528);
#1003=LINE('',#8419,#1529);
#1004=LINE('',#8423,#1530);
#1005=LINE('',#8427,#1531);
#1006=LINE('',#8431,#1532);
#1007=LINE('',#8432,#1533);
#1008=LINE('',#8435,#1534);
#1009=LINE('',#8436,#1535);
#1010=LINE('',#8439,#1536);
#1011=LINE('',#8443,#1537);
#1012=LINE('',#8447,#1538);
#1013=LINE('',#8451,#1539);
#1014=LINE('',#8455,#1540);
#1015=LINE('',#8461,#1541);
#1016=LINE('',#8463,#1542);
#1017=LINE('',#8465,#1543);
#1018=LINE('',#8469,#1544);
#1019=LINE('',#8489,#1545);
#1020=LINE('',#8491,#1546);
#1021=LINE('',#8493,#1547);
#1022=LINE('',#8495,#1548);
#1023=LINE('',#8498,#1549);
#1024=LINE('',#8500,#1550);
#1025=LINE('',#8502,#1551);
#1026=LINE('',#8504,#1552);
#1027=LINE('',#8506,#1553);
#1028=LINE('',#8508,#1554);
#1029=LINE('',#8510,#1555);
#1030=LINE('',#8512,#1556);
#1031=LINE('',#8514,#1557);
#1032=LINE('',#8516,#1558);
#1033=LINE('',#8518,#1559);
#1034=LINE('',#8520,#1560);
#1035=LINE('',#8527,#1561);
#1036=LINE('',#8530,#1562);
#1037=LINE('',#8535,#1563);
#1038=LINE('',#8541,#1564);
#1039=LINE('',#8547,#1565);
#1040=LINE('',#8551,#1566);
#1041=LINE('',#8553,#1567);
#1042=LINE('',#8554,#1568);
#1043=LINE('',#8557,#1569);
#1044=LINE('',#8559,#1570);
#1045=LINE('',#8560,#1571);
#1046=LINE('',#8563,#1572);
#1047=LINE('',#8565,#1573);
#1048=LINE('',#8566,#1574);
#1049=LINE('',#8569,#1575);
#1050=LINE('',#8571,#1576);
#1051=LINE('',#8572,#1577);
#1052=LINE('',#8581,#1578);
#1053=LINE('',#8583,#1579);
#1054=LINE('',#8585,#1580);
#1055=LINE('',#8586,#1581);
#1056=LINE('',#8589,#1582);
#1057=LINE('',#8590,#1583);
#1058=LINE('',#8593,#1584);
#1059=LINE('',#8594,#1585);
#1060=LINE('',#8597,#1586);
#1061=LINE('',#8598,#1587);
#1062=LINE('',#8601,#1588);
#1063=LINE('',#8602,#1589);
#1064=LINE('',#8606,#1590);
#1065=LINE('',#8610,#1591);
#1066=LINE('',#8639,#1592);
#1067=LINE('',#8647,#1593);
#1068=LINE('',#8649,#1594);
#1069=LINE('',#8667,#1595);
#1070=LINE('',#8670,#1596);
#1071=LINE('',#8673,#1597);
#1072=LINE('',#8674,#1598);
#1073=LINE('',#8677,#1599);
#1074=LINE('',#8681,#1600);
#1075=LINE('',#8685,#1601);
#1076=LINE('',#8689,#1602);
#1077=LINE('',#8693,#1603);
#1078=LINE('',#8697,#1604);
#1079=LINE('',#8701,#1605);
#1080=LINE('',#8705,#1606);
#1081=LINE('',#8709,#1607);
#1082=LINE('',#8713,#1608);
#1083=LINE('',#8735,#1609);
#1084=LINE('',#8737,#1610);
#1085=LINE('',#8742,#1611);
#1086=LINE('',#8744,#1612);
#1087=LINE('',#8746,#1613);
#1088=LINE('',#8748,#1614);
#1089=LINE('',#8750,#1615);
#1090=LINE('',#8752,#1616);
#1091=LINE('',#8754,#1617);
#1092=LINE('',#8756,#1618);
#1093=LINE('',#8758,#1619);
#1094=LINE('',#8760,#1620);
#1095=LINE('',#8762,#1621);
#1096=LINE('',#8764,#1622);
#1097=LINE('',#8769,#1623);
#1098=LINE('',#8771,#1624);
#1099=LINE('',#8773,#1625);
#1100=LINE('',#8774,#1626);
#1101=LINE('',#8777,#1627);
#1102=LINE('',#8779,#1628);
#1103=LINE('',#8780,#1629);
#1104=LINE('',#8783,#1630);
#1105=LINE('',#8784,#1631);
#1106=LINE('',#8787,#1632);
#1107=LINE('',#8788,#1633);
#1108=LINE('',#8790,#1634);
#1109=LINE('',#8810,#1635);
#1110=LINE('',#8812,#1636);
#1111=LINE('',#8814,#1637);
#1112=LINE('',#8815,#1638);
#1113=LINE('',#8823,#1639);
#1114=LINE('',#8825,#1640);
#1115=LINE('',#8827,#1641);
#1116=LINE('',#8828,#1642);
#1117=LINE('',#8831,#1643);
#1118=LINE('',#8833,#1644);
#1119=LINE('',#8834,#1645);
#1120=LINE('',#8837,#1646);
#1121=LINE('',#8838,#1647);
#1122=LINE('',#8841,#1648);
#1123=LINE('',#8843,#1649);
#1124=LINE('',#8844,#1650);
#1125=LINE('',#8845,#1651);
#1126=LINE('',#8849,#1652);
#1127=LINE('',#8850,#1653);
#1128=LINE('',#8851,#1654);
#1129=LINE('',#8853,#1655);
#1130=LINE('',#8854,#1656);
#1131=LINE('',#8857,#1657);
#1132=LINE('',#8859,#1658);
#1133=LINE('',#8861,#1659);
#1134=LINE('',#8866,#1660);
#1135=LINE('',#8868,#1661);
#1136=LINE('',#8870,#1662);
#1137=LINE('',#8871,#1663);
#1138=LINE('',#8874,#1664);
#1139=LINE('',#8876,#1665);
#1140=LINE('',#8877,#1666);
#1141=LINE('',#8880,#1667);
#1142=LINE('',#8882,#1668);
#1143=LINE('',#8883,#1669);
#1144=LINE('',#8886,#1670);
#1145=LINE('',#8888,#1671);
#1146=LINE('',#8889,#1672);
#1147=LINE('',#8892,#1673);
#1148=LINE('',#8894,#1674);
#1149=LINE('',#8895,#1675);
#1150=LINE('',#8898,#1676);
#1151=LINE('',#8900,#1677);
#1152=LINE('',#8901,#1678);
#1153=LINE('',#8904,#1679);
#1154=LINE('',#8906,#1680);
#1155=LINE('',#8907,#1681);
#1156=LINE('',#8909,#1682);
#1157=LINE('',#8910,#1683);
#1158=LINE('',#8916,#1684);
#1159=LINE('',#8918,#1685);
#1160=LINE('',#8920,#1686);
#1161=LINE('',#8921,#1687);
#1162=LINE('',#8925,#1688);
#1163=LINE('',#8927,#1689);
#1164=LINE('',#8931,#1690);
#1165=LINE('',#8935,#1691);
#1166=LINE('',#8937,#1692);
#1167=LINE('',#8939,#1693);
#1168=LINE('',#8943,#1694);
#1169=LINE('',#8946,#1695);
#1170=LINE('',#8950,#1696);
#1171=LINE('',#8952,#1697);
#1172=LINE('',#8954,#1698);
#1173=LINE('',#8955,#1699);
#1174=LINE('',#8960,#1700);
#1175=LINE('',#8961,#1701);
#1176=LINE('',#8964,#1702);
#1177=LINE('',#8965,#1703);
#1178=LINE('',#8968,#1704);
#1179=LINE('',#8969,#1705);
#1180=LINE('',#8972,#1706);
#1181=LINE('',#8973,#1707);
#1182=LINE('',#8977,#1708);
#1183=LINE('',#8980,#1709);
#1184=LINE('',#8981,#1710);
#1185=LINE('',#8985,#1711);
#1186=LINE('',#8987,#1712);
#1187=LINE('',#8988,#1713);
#1188=LINE('',#8993,#1714);
#1189=LINE('',#8994,#1715);
#1190=LINE('',#8996,#1716);
#1191=LINE('',#9000,#1717);
#1192=LINE('',#9001,#1718);
#1193=LINE('',#9002,#1719);
#1194=LINE('',#9005,#1720);
#1195=LINE('',#9007,#1721);
#1196=LINE('',#9008,#1722);
#1197=LINE('',#9011,#1723);
#1198=LINE('',#9013,#1724);
#1199=LINE('',#9014,#1725);
#1200=LINE('',#9016,#1726);
#1201=LINE('',#9017,#1727);
#1202=LINE('',#9020,#1728);
#1203=LINE('',#9021,#1729);
#1204=LINE('',#9023,#1730);
#1205=LINE('',#9025,#1731);
#1206=LINE('',#9026,#1732);
#1207=LINE('',#9028,#1733);
#1208=LINE('',#9030,#1734);
#1209=LINE('',#9032,#1735);
#1210=LINE('',#9038,#1736);
#1211=LINE('',#9040,#1737);
#1212=LINE('',#9042,#1738);
#1213=LINE('',#9043,#1739);
#1214=LINE('',#9047,#1740);
#1215=LINE('',#9049,#1741);
#1216=LINE('',#9053,#1742);
#1217=LINE('',#9057,#1743);
#1218=LINE('',#9059,#1744);
#1219=LINE('',#9061,#1745);
#1220=LINE('',#9065,#1746);
#1221=LINE('',#9068,#1747);
#1222=LINE('',#9072,#1748);
#1223=LINE('',#9074,#1749);
#1224=LINE('',#9076,#1750);
#1225=LINE('',#9077,#1751);
#1226=LINE('',#9082,#1752);
#1227=LINE('',#9083,#1753);
#1228=LINE('',#9086,#1754);
#1229=LINE('',#9087,#1755);
#1230=LINE('',#9090,#1756);
#1231=LINE('',#9091,#1757);
#1232=LINE('',#9094,#1758);
#1233=LINE('',#9095,#1759);
#1234=LINE('',#9099,#1760);
#1235=LINE('',#9102,#1761);
#1236=LINE('',#9103,#1762);
#1237=LINE('',#9107,#1763);
#1238=LINE('',#9109,#1764);
#1239=LINE('',#9110,#1765);
#1240=LINE('',#9115,#1766);
#1241=LINE('',#9116,#1767);
#1242=LINE('',#9118,#1768);
#1243=LINE('',#9122,#1769);
#1244=LINE('',#9123,#1770);
#1245=LINE('',#9124,#1771);
#1246=LINE('',#9127,#1772);
#1247=LINE('',#9129,#1773);
#1248=LINE('',#9130,#1774);
#1249=LINE('',#9133,#1775);
#1250=LINE('',#9135,#1776);
#1251=LINE('',#9136,#1777);
#1252=LINE('',#9138,#1778);
#1253=LINE('',#9139,#1779);
#1254=LINE('',#9142,#1780);
#1255=LINE('',#9143,#1781);
#1256=LINE('',#9145,#1782);
#1257=LINE('',#9147,#1783);
#1258=LINE('',#9148,#1784);
#1259=LINE('',#9150,#1785);
#1260=LINE('',#9152,#1786);
#1261=LINE('',#9154,#1787);
#1262=LINE('',#9160,#1788);
#1263=LINE('',#9162,#1789);
#1264=LINE('',#9164,#1790);
#1265=LINE('',#9165,#1791);
#1266=LINE('',#9168,#1792);
#1267=LINE('',#9170,#1793);
#1268=LINE('',#9171,#1794);
#1269=LINE('',#9174,#1795);
#1270=LINE('',#9176,#1796);
#1271=LINE('',#9177,#1797);
#1272=LINE('',#9179,#1798);
#1273=LINE('',#9180,#1799);
#1274=LINE('',#9185,#1800);
#1275=LINE('',#9187,#1801);
#1276=LINE('',#9189,#1802);
#1277=LINE('',#9190,#1803);
#1278=LINE('',#9194,#1804);
#1279=LINE('',#9196,#1805);
#1280=LINE('',#9198,#1806);
#1281=LINE('',#9199,#1807);
#1282=LINE('',#9201,#1808);
#1283=LINE('',#9202,#1809);
#1284=LINE('',#9204,#1810);
#1285=LINE('',#9207,#1811);
#1286=LINE('',#9209,#1812);
#1287=LINE('',#9211,#1813);
#1288=LINE('',#9213,#1814);
#1289=LINE('',#9214,#1815);
#1290=LINE('',#9217,#1816);
#1291=LINE('',#9219,#1817);
#1292=LINE('',#9220,#1818);
#1293=LINE('',#9223,#1819);
#1294=LINE('',#9225,#1820);
#1295=LINE('',#9226,#1821);
#1296=LINE('',#9231,#1822);
#1297=LINE('',#9235,#1823);
#1298=LINE('',#9237,#1824);
#1299=LINE('',#9238,#1825);
#1300=LINE('',#9241,#1826);
#1301=LINE('',#9243,#1827);
#1302=LINE('',#9244,#1828);
#1303=LINE('',#9247,#1829);
#1304=LINE('',#9249,#1830);
#1305=LINE('',#9250,#1831);
#1306=LINE('',#9253,#1832);
#1307=LINE('',#9255,#1833);
#1308=LINE('',#9256,#1834);
#1309=LINE('',#9261,#1835);
#1310=LINE('',#9265,#1836);
#1311=LINE('',#9267,#1837);
#1312=LINE('',#9268,#1838);
#1313=LINE('',#9273,#1839);
#1314=LINE('',#9277,#1840);
#1315=LINE('',#9279,#1841);
#1316=LINE('',#9280,#1842);
#1317=LINE('',#9283,#1843);
#1318=LINE('',#9285,#1844);
#1319=LINE('',#9286,#1845);
#1320=LINE('',#9289,#1846);
#1321=LINE('',#9291,#1847);
#1322=LINE('',#9292,#1848);
#1323=LINE('',#9295,#1849);
#1324=LINE('',#9297,#1850);
#1325=LINE('',#9298,#1851);
#1326=LINE('',#9303,#1852);
#1327=LINE('',#9307,#1853);
#1328=LINE('',#9309,#1854);
#1329=LINE('',#9310,#1855);
#1330=LINE('',#9312,#1856);
#1331=LINE('',#9313,#1857);
#1332=VECTOR('',#6058,1.);
#1333=VECTOR('',#6095,1.);
#1334=VECTOR('',#6104,1.);
#1335=VECTOR('',#6133,1.);
#1336=VECTOR('',#6138,3.3832619184347);
#1337=VECTOR('',#6141,3.3832619184347);
#1338=VECTOR('',#6144,3.3832619184347);
#1339=VECTOR('',#6149,3.3832619184347);
#1340=VECTOR('',#6154,3.3832619184347);
#1341=VECTOR('',#6159,3.3832619184347);
#1342=VECTOR('',#6164,3.3832619184347);
#1343=VECTOR('',#6169,3.3832619184347);
#1344=VECTOR('',#6174,3.3832619184347);
#1345=VECTOR('',#6179,3.3832619184347);
#1346=VECTOR('',#6184,3.3832619184347);
#1347=VECTOR('',#6189,3.3832619184347);
#1348=VECTOR('',#6190,0.464658765285448);
#1349=VECTOR('',#6193,3.3832619184347);
#1350=VECTOR('',#6196,3.3832619184347);
#1351=VECTOR('',#6199,3.3832619184347);
#1352=VECTOR('',#6204,3.3832619184347);
#1353=VECTOR('',#6209,3.3832619184347);
#1354=VECTOR('',#6214,3.3832619184347);
#1355=VECTOR('',#6219,3.3832619184347);
#1356=VECTOR('',#6224,3.3832619184347);
#1357=VECTOR('',#6229,3.3832619184347);
#1358=VECTOR('',#6230,0.464658765285448);
#1359=VECTOR('',#6233,3.3832619184347);
#1360=VECTOR('',#6238,3.3832619184347);
#1361=VECTOR('',#6247,0.464658765285448);
#1362=VECTOR('',#6268,0.464658765285448);
#1363=VECTOR('',#6285,3.3832619184347);
#1364=VECTOR('',#6288,3.3832619184347);
#1365=VECTOR('',#6291,3.3832619184347);
#1366=VECTOR('',#6294,3.3832619184347);
#1367=VECTOR('',#6297,3.3832619184347);
#1368=VECTOR('',#6300,3.3832619184347);
#1369=VECTOR('',#6303,3.3832619184347);
#1370=VECTOR('',#6306,3.3832619184347);
#1371=VECTOR('',#6309,3.3832619184347);
#1372=VECTOR('',#6312,3.3832619184347);
#1373=VECTOR('',#6317,3.3832619184347);
#1374=VECTOR('',#6320,3.3832619184347);
#1375=VECTOR('',#6323,3.3832619184347);
#1376=VECTOR('',#6326,3.3832619184347);
#1377=VECTOR('',#6329,3.3832619184347);
#1378=VECTOR('',#6332,3.3832619184347);
#1379=VECTOR('',#6335,3.3832619184347);
#1380=VECTOR('',#6338,3.3832619184347);
#1381=VECTOR('',#6341,3.3832619184347);
#1382=VECTOR('',#6346,1.);
#1383=VECTOR('',#6347,1.);
#1384=VECTOR('',#6348,1.);
#1385=VECTOR('',#6349,1.);
#1386=VECTOR('',#6352,3.3832619184347);
#1387=VECTOR('',#6353,0.464658765285448);
#1388=VECTOR('',#6354,3.3832619184347);
#1389=VECTOR('',#6357,3.3832619184347);
#1390=VECTOR('',#6358,0.464658765285448);
#1391=VECTOR('',#6361,0.464658765285448);
#1392=VECTOR('',#6362,0.464658765285448);
#1393=VECTOR('',#6365,3.3832619184347);
#1394=VECTOR('',#6370,1.);
#1395=VECTOR('',#6371,3.3832619184347);
#1396=VECTOR('',#6372,0.464658765285448);
#1397=VECTOR('',#6373,3.3832619184347);
#1398=VECTOR('',#6376,1.);
#1399=VECTOR('',#6377,0.464658765285448);
#1400=VECTOR('',#6378,3.3832619184347);
#1401=VECTOR('',#6381,0.464658765285448);
#1402=VECTOR('',#6382,0.464658765285448);
#1403=VECTOR('',#6385,1.);
#1404=VECTOR('',#6386,3.3832619184347);
#1405=VECTOR('',#6389,1.);
#1406=VECTOR('',#6406,3.3832619184347);
#1407=VECTOR('',#6409,3.3832619184347);
#1408=VECTOR('',#6414,3.3832619184347);
#1409=VECTOR('',#6421,3.3832619184347);
#1410=VECTOR('',#6428,3.3832619184347);
#1411=VECTOR('',#6433,1.);
#1412=VECTOR('',#6434,3.3832619184347);
#1413=VECTOR('',#6435,0.464658765285448);
#1414=VECTOR('',#6438,1.);
#1415=VECTOR('',#6439,3.3832619184347);
#1416=VECTOR('',#6440,0.464658765285448);
#1417=VECTOR('',#6443,1.);
#1418=VECTOR('',#6444,3.3832619184347);
#1419=VECTOR('',#6445,0.464658765285448);
#1420=VECTOR('',#6448,1.);
#1421=VECTOR('',#6449,0.464658765285448);
#1422=VECTOR('',#6450,3.3832619184347);
#1423=VECTOR('',#6459,0.464658765285448);
#1424=VECTOR('',#6460,0.464658765285448);
#1425=VECTOR('',#6461,0.464658765285448);
#1426=VECTOR('',#6462,0.464658765285448);
#1427=VECTOR('',#6465,1.);
#1428=VECTOR('',#6466,3.3832619184347);
#1429=VECTOR('',#6469,1.);
#1430=VECTOR('',#6470,3.3832619184347);
#1431=VECTOR('',#6473,1.);
#1432=VECTOR('',#6474,3.3832619184347);
#1433=VECTOR('',#6477,1.);
#1434=VECTOR('',#6478,3.3832619184347);
#1435=VECTOR('',#6483,3.3832619184347);
#1436=VECTOR('',#6488,3.3832619184347);
#1437=VECTOR('',#6497,1.);
#1438=VECTOR('',#6498,1.);
#1439=VECTOR('',#6499,1.);
#1440=VECTOR('',#6500,1.);
#1441=VECTOR('',#6501,1.);
#1442=VECTOR('',#6508,1.);
#1443=VECTOR('',#6509,1.);
#1444=VECTOR('',#6510,1.);
#1445=VECTOR('',#6521,3.3832619184347);
#1446=VECTOR('',#6524,3.3832619184347);
#1447=VECTOR('',#6527,3.3832619184347);
#1448=VECTOR('',#6532,3.3832619184347);
#1449=VECTOR('',#6537,3.3832619184347);
#1450=VECTOR('',#6538,0.464658765285448);
#1451=VECTOR('',#6541,3.3832619184347);
#1452=VECTOR('',#6542,0.464658765285448);
#1453=VECTOR('',#6545,3.3832619184347);
#1454=VECTOR('',#6546,0.464658765285448);
#1455=VECTOR('',#6549,3.3832619184347);
#1456=VECTOR('',#6550,0.464658765285448);
#1457=VECTOR('',#6553,0.464658765285448);
#1458=VECTOR('',#6562,0.464658765285448);
#1459=VECTOR('',#6563,0.464658765285448);
#1460=VECTOR('',#6564,0.464658765285448);
#1461=VECTOR('',#6567,3.3832619184347);
#1462=VECTOR('',#6570,3.3832619184347);
#1463=VECTOR('',#6573,3.3832619184347);
#1464=VECTOR('',#6576,3.3832619184347);
#1465=VECTOR('',#6579,3.3832619184347);
#1466=VECTOR('',#6582,3.3832619184347);
#1467=VECTOR('',#6585,3.3832619184347);
#1468=VECTOR('',#6590,1.);
#1469=VECTOR('',#6591,3.3832619184347);
#1470=VECTOR('',#6592,0.464658765285448);
#1471=VECTOR('',#6593,3.3832619184347);
#1472=VECTOR('',#6598,3.3832619184347);
#1473=VECTOR('',#6605,3.3832619184347);
#1474=VECTOR('',#6612,3.3832619184347);
#1475=VECTOR('',#6619,3.3832619184347);
#1476=VECTOR('',#6624,1.);
#1477=VECTOR('',#6625,3.3832619184347);
#1478=VECTOR('',#6626,0.464658765285448);
#1479=VECTOR('',#6631,3.3832619184347);
#1480=VECTOR('',#6638,3.3832619184347);
#1481=VECTOR('',#6645,3.3832619184347);
#1482=VECTOR('',#6650,1.);
#1483=VECTOR('',#6651,0.464658765285448);
#1484=VECTOR('',#6652,3.3832619184347);
#1485=VECTOR('',#6655,0.464658765285448);
#1486=VECTOR('',#6656,0.464658765285448);
#1487=VECTOR('',#6657,0.464658765285448);
#1488=VECTOR('',#6658,0.464658765285448);
#1489=VECTOR('',#6659,0.464658765285448);
#1490=VECTOR('',#6660,0.464658765285448);
#1491=VECTOR('',#6661,0.464658765285448);
#1492=VECTOR('',#6662,0.464658765285448);
#1493=VECTOR('',#6663,0.464658765285448);
#1494=VECTOR('',#6666,1.);
#1495=VECTOR('',#6667,3.3832619184347);
#1496=VECTOR('',#6670,1.);
#1497=VECTOR('',#6671,3.3832619184347);
#1498=VECTOR('',#6674,1.);
#1499=VECTOR('',#6675,3.3832619184347);
#1500=VECTOR('',#6678,1.);
#1501=VECTOR('',#6679,3.3832619184347);
#1502=VECTOR('',#6682,1.);
#1503=VECTOR('',#6683,3.3832619184347);
#1504=VECTOR('',#6686,1.);
#1505=VECTOR('',#6687,3.3832619184347);
#1506=VECTOR('',#6690,1.);
#1507=VECTOR('',#6691,3.3832619184347);
#1508=VECTOR('',#6694,1.);
#1509=VECTOR('',#6695,3.3832619184347);
#1510=VECTOR('',#6698,1.);
#1511=VECTOR('',#6715,1.);
#1512=VECTOR('',#6716,1.);
#1513=VECTOR('',#6743,1.);
#1514=VECTOR('',#6746,1.);
#1515=VECTOR('',#6747,1.);
#1516=VECTOR('',#6748,1.);
#1517=VECTOR('',#6757,1.);
#1518=VECTOR('',#6758,1.);
#1519=VECTOR('',#6765,3.3832619184347);
#1520=VECTOR('',#6766,0.464658765285448);
#1521=VECTOR('',#6767,3.3832619184347);
#1522=VECTOR('',#6770,3.3832619184347);
#1523=VECTOR('',#6775,3.3832619184347);
#1524=VECTOR('',#6780,3.3832619184347);
#1525=VECTOR('',#6785,3.3832619184347);
#1526=VECTOR('',#6788,3.3832619184347);
#1527=VECTOR('',#6791,3.3832619184347);
#1528=VECTOR('',#6796,3.3832619184347);
#1529=VECTOR('',#6801,3.3832619184347);
#1530=VECTOR('',#6806,3.3832619184347);
#1531=VECTOR('',#6811,3.3832619184347);
#1532=VECTOR('',#6816,3.3832619184347);
#1533=VECTOR('',#6817,0.464658765285448);
#1534=VECTOR('',#6820,3.3832619184347);
#1535=VECTOR('',#6821,0.464658765285448);
#1536=VECTOR('',#6824,3.3832619184347);
#1537=VECTOR('',#6829,3.3832619184347);
#1538=VECTOR('',#6834,3.3832619184347);
#1539=VECTOR('',#6839,3.3832619184347);
#1540=VECTOR('',#6844,3.3832619184347);
#1541=VECTOR('',#6851,0.464658765285448);
#1542=VECTOR('',#6852,0.464658765285448);
#1543=VECTOR('',#6853,0.464658765285448);
#1544=VECTOR('',#6856,0.464658765285448);
#1545=VECTOR('',#6877,0.464658765285448);
#1546=VECTOR('',#6880,3.3832619184347);
#1547=VECTOR('',#6883,3.3832619184347);
#1548=VECTOR('',#6886,3.3832619184347);
#1549=VECTOR('',#6891,3.3832619184347);
#1550=VECTOR('',#6894,3.3832619184347);
#1551=VECTOR('',#6897,3.3832619184347);
#1552=VECTOR('',#6900,3.3832619184347);
#1553=VECTOR('',#6903,3.3832619184347);
#1554=VECTOR('',#6906,3.3832619184347);
#1555=VECTOR('',#6909,3.3832619184347);
#1556=VECTOR('',#6912,3.3832619184347);
#1557=VECTOR('',#6915,3.3832619184347);
#1558=VECTOR('',#6918,3.3832619184347);
#1559=VECTOR('',#6921,3.3832619184347);
#1560=VECTOR('',#6924,3.3832619184347);
#1561=VECTOR('',#6931,3.3832619184347);
#1562=VECTOR('',#6934,3.3832619184347);
#1563=VECTOR('',#6939,3.3832619184347);
#1564=VECTOR('',#6946,3.3832619184347);
#1565=VECTOR('',#6953,3.3832619184347);
#1566=VECTOR('',#6958,1.);
#1567=VECTOR('',#6959,3.3832619184347);
#1568=VECTOR('',#6960,0.464658765285448);
#1569=VECTOR('',#6963,1.);
#1570=VECTOR('',#6964,3.3832619184347);
#1571=VECTOR('',#6965,0.464658765285448);
#1572=VECTOR('',#6968,1.);
#1573=VECTOR('',#6969,3.3832619184347);
#1574=VECTOR('',#6970,0.464658765285448);
#1575=VECTOR('',#6973,1.);
#1576=VECTOR('',#6974,0.464658765285448);
#1577=VECTOR('',#6975,3.3832619184347);
#1578=VECTOR('',#6984,0.464658765285448);
#1579=VECTOR('',#6985,0.464658765285448);
#1580=VECTOR('',#6986,0.464658765285448);
#1581=VECTOR('',#6987,0.464658765285448);
#1582=VECTOR('',#6990,1.);
#1583=VECTOR('',#6991,3.3832619184347);
#1584=VECTOR('',#6994,1.);
#1585=VECTOR('',#6995,3.3832619184347);
#1586=VECTOR('',#6998,1.);
#1587=VECTOR('',#6999,3.3832619184347);
#1588=VECTOR('',#7002,1.);
#1589=VECTOR('',#7003,3.3832619184347);
#1590=VECTOR('',#7008,3.3832619184347);
#1591=VECTOR('',#7013,3.3832619184347);
#1592=VECTOR('',#7044,1.);
#1593=VECTOR('',#7051,1.);
#1594=VECTOR('',#7052,1.);
#1595=VECTOR('',#7071,3.3832619184347);
#1596=VECTOR('',#7074,3.3832619184347);
#1597=VECTOR('',#7077,3.3832619184347);
#1598=VECTOR('',#7078,0.464658765285448);
#1599=VECTOR('',#7081,3.3832619184347);
#1600=VECTOR('',#7086,3.3832619184347);
#1601=VECTOR('',#7091,3.3832619184347);
#1602=VECTOR('',#7096,3.3832619184347);
#1603=VECTOR('',#7101,3.3832619184347);
#1604=VECTOR('',#7106,3.3832619184347);
#1605=VECTOR('',#7111,3.3832619184347);
#1606=VECTOR('',#7116,3.3832619184347);
#1607=VECTOR('',#7121,3.3832619184347);
#1608=VECTOR('',#7126,3.3832619184347);
#1609=VECTOR('',#7149,0.464658765285448);
#1610=VECTOR('',#7150,0.464658765285448);
#1611=VECTOR('',#7157,3.3832619184347);
#1612=VECTOR('',#7160,3.3832619184347);
#1613=VECTOR('',#7163,3.3832619184347);
#1614=VECTOR('',#7166,3.3832619184347);
#1615=VECTOR('',#7169,3.3832619184347);
#1616=VECTOR('',#7172,3.3832619184347);
#1617=VECTOR('',#7175,3.3832619184347);
#1618=VECTOR('',#7178,3.3832619184347);
#1619=VECTOR('',#7181,3.3832619184347);
#1620=VECTOR('',#7184,3.3832619184347);
#1621=VECTOR('',#7187,3.3832619184347);
#1622=VECTOR('',#7190,3.3832619184347);
#1623=VECTOR('',#7195,1.);
#1624=VECTOR('',#7196,1.);
#1625=VECTOR('',#7197,1.);
#1626=VECTOR('',#7198,1.);
#1627=VECTOR('',#7201,3.3832619184347);
#1628=VECTOR('',#7202,0.464658765285448);
#1629=VECTOR('',#7203,3.3832619184347);
#1630=VECTOR('',#7206,3.3832619184347);
#1631=VECTOR('',#7207,0.464658765285448);
#1632=VECTOR('',#7210,0.464658765285448);
#1633=VECTOR('',#7211,0.464658765285448);
#1634=VECTOR('',#7214,3.3832619184347);
#1635=VECTOR('',#7239,1.);
#1636=VECTOR('',#7240,1.);
#1637=VECTOR('',#7241,1.);
#1638=VECTOR('',#7242,1.);
#1639=VECTOR('',#7251,1.);
#1640=VECTOR('',#7252,1.);
#1641=VECTOR('',#7253,1.);
#1642=VECTOR('',#7254,1.);
#1643=VECTOR('',#7257,1.);
#1644=VECTOR('',#7258,1.);
#1645=VECTOR('',#7259,1.);
#1646=VECTOR('',#7262,1.);
#1647=VECTOR('',#7263,1.);
#1648=VECTOR('',#7266,1.);
#1649=VECTOR('',#7267,1.);
#1650=VECTOR('',#7268,1.);
#1651=VECTOR('',#7269,1.);
#1652=VECTOR('',#7272,1.);
#1653=VECTOR('',#7273,1.);
#1654=VECTOR('',#7274,1.);
#1655=VECTOR('',#7275,1.);
#1656=VECTOR('',#7276,1.);
#1657=VECTOR('',#7281,1.);
#1658=VECTOR('',#7284,1.);
#1659=VECTOR('',#7287,1.);
#1660=VECTOR('',#7292,1.);
#1661=VECTOR('',#7293,1.);
#1662=VECTOR('',#7294,1.);
#1663=VECTOR('',#7295,1.);
#1664=VECTOR('',#7298,1.);
#1665=VECTOR('',#7299,1.);
#1666=VECTOR('',#7300,1.);
#1667=VECTOR('',#7303,1.);
#1668=VECTOR('',#7304,1.);
#1669=VECTOR('',#7305,1.);
#1670=VECTOR('',#7308,1.);
#1671=VECTOR('',#7309,1.);
#1672=VECTOR('',#7310,1.);
#1673=VECTOR('',#7313,1.);
#1674=VECTOR('',#7314,1.);
#1675=VECTOR('',#7315,1.);
#1676=VECTOR('',#7318,1.);
#1677=VECTOR('',#7319,1.);
#1678=VECTOR('',#7320,1.);
#1679=VECTOR('',#7323,1.);
#1680=VECTOR('',#7324,1.);
#1681=VECTOR('',#7325,1.);
#1682=VECTOR('',#7328,1.);
#1683=VECTOR('',#7329,1.);
#1684=VECTOR('',#7336,1.);
#1685=VECTOR('',#7337,1.);
#1686=VECTOR('',#7338,1.);
#1687=VECTOR('',#7339,1.);
#1688=VECTOR('',#7342,1.);
#1689=VECTOR('',#7343,1.);
#1690=VECTOR('',#7346,1.);
#1691=VECTOR('',#7349,1.);
#1692=VECTOR('',#7350,1.);
#1693=VECTOR('',#7351,1.);
#1694=VECTOR('',#7354,1.);
#1695=VECTOR('',#7357,1.);
#1696=VECTOR('',#7360,1.);
#1697=VECTOR('',#7361,1.);
#1698=VECTOR('',#7362,1.);
#1699=VECTOR('',#7363,1.);
#1700=VECTOR('',#7368,1.);
#1701=VECTOR('',#7369,1.);
#1702=VECTOR('',#7372,1.);
#1703=VECTOR('',#7373,1.);
#1704=VECTOR('',#7376,1.);
#1705=VECTOR('',#7377,1.);
#1706=VECTOR('',#7380,1.);
#1707=VECTOR('',#7381,1.);
#1708=VECTOR('',#7386,1.);
#1709=VECTOR('',#7389,1.);
#1710=VECTOR('',#7390,1.);
#1711=VECTOR('',#7395,1.);
#1712=VECTOR('',#7398,1.);
#1713=VECTOR('',#7399,1.);
#1714=VECTOR('',#7404,1.);
#1715=VECTOR('',#7405,1.);
#1716=VECTOR('',#7408,1.);
#1717=VECTOR('',#7411,1.);
#1718=VECTOR('',#7412,1.);
#1719=VECTOR('',#7413,1.);
#1720=VECTOR('',#7416,1.);
#1721=VECTOR('',#7417,1.);
#1722=VECTOR('',#7418,1.);
#1723=VECTOR('',#7421,1.);
#1724=VECTOR('',#7422,1.);
#1725=VECTOR('',#7423,1.);
#1726=VECTOR('',#7424,1.);
#1727=VECTOR('',#7425,1.);
#1728=VECTOR('',#7428,1.);
#1729=VECTOR('',#7429,1.);
#1730=VECTOR('',#7430,1.);
#1731=VECTOR('',#7431,1.);
#1732=VECTOR('',#7432,1.);
#1733=VECTOR('',#7435,1.);
#1734=VECTOR('',#7438,1.);
#1735=VECTOR('',#7441,1.);
#1736=VECTOR('',#7448,1.);
#1737=VECTOR('',#7449,1.);
#1738=VECTOR('',#7450,1.);
#1739=VECTOR('',#7451,1.);
#1740=VECTOR('',#7454,1.);
#1741=VECTOR('',#7455,1.);
#1742=VECTOR('',#7458,1.);
#1743=VECTOR('',#7461,1.);
#1744=VECTOR('',#7462,1.);
#1745=VECTOR('',#7463,1.);
#1746=VECTOR('',#7466,1.);
#1747=VECTOR('',#7469,1.);
#1748=VECTOR('',#7472,1.);
#1749=VECTOR('',#7473,1.);
#1750=VECTOR('',#7474,1.);
#1751=VECTOR('',#7475,1.);
#1752=VECTOR('',#7480,1.);
#1753=VECTOR('',#7481,1.);
#1754=VECTOR('',#7484,1.);
#1755=VECTOR('',#7485,1.);
#1756=VECTOR('',#7488,1.);
#1757=VECTOR('',#7489,1.);
#1758=VECTOR('',#7492,1.);
#1759=VECTOR('',#7493,1.);
#1760=VECTOR('',#7498,1.);
#1761=VECTOR('',#7501,1.);
#1762=VECTOR('',#7502,1.);
#1763=VECTOR('',#7507,1.);
#1764=VECTOR('',#7510,1.);
#1765=VECTOR('',#7511,1.);
#1766=VECTOR('',#7516,1.);
#1767=VECTOR('',#7517,1.);
#1768=VECTOR('',#7520,1.);
#1769=VECTOR('',#7523,1.);
#1770=VECTOR('',#7524,1.);
#1771=VECTOR('',#7525,1.);
#1772=VECTOR('',#7528,1.);
#1773=VECTOR('',#7529,1.);
#1774=VECTOR('',#7530,1.);
#1775=VECTOR('',#7533,1.);
#1776=VECTOR('',#7534,1.);
#1777=VECTOR('',#7535,1.);
#1778=VECTOR('',#7536,1.);
#1779=VECTOR('',#7537,1.);
#1780=VECTOR('',#7540,1.);
#1781=VECTOR('',#7541,1.);
#1782=VECTOR('',#7542,1.);
#1783=VECTOR('',#7543,1.);
#1784=VECTOR('',#7544,1.);
#1785=VECTOR('',#7547,1.);
#1786=VECTOR('',#7550,1.);
#1787=VECTOR('',#7553,1.);
#1788=VECTOR('',#7560,1.);
#1789=VECTOR('',#7561,1.);
#1790=VECTOR('',#7562,1.);
#1791=VECTOR('',#7563,1.);
#1792=VECTOR('',#7566,1.);
#1793=VECTOR('',#7567,1.);
#1794=VECTOR('',#7568,1.);
#1795=VECTOR('',#7571,1.);
#1796=VECTOR('',#7572,1.);
#1797=VECTOR('',#7573,1.);
#1798=VECTOR('',#7576,1.);
#1799=VECTOR('',#7577,1.);
#1800=VECTOR('',#7582,1.);
#1801=VECTOR('',#7583,1.);
#1802=VECTOR('',#7584,1.);
#1803=VECTOR('',#7585,1.);
#1804=VECTOR('',#7588,1.);
#1805=VECTOR('',#7589,1.);
#1806=VECTOR('',#7590,1.);
#1807=VECTOR('',#7591,1.);
#1808=VECTOR('',#7594,1.);
#1809=VECTOR('',#7595,1.);
#1810=VECTOR('',#7598,1.);
#1811=VECTOR('',#7601,1.);
#1812=VECTOR('',#7602,1.);
#1813=VECTOR('',#7603,1.);
#1814=VECTOR('',#7604,1.);
#1815=VECTOR('',#7605,1.);
#1816=VECTOR('',#7608,1.);
#1817=VECTOR('',#7609,1.);
#1818=VECTOR('',#7610,1.);
#1819=VECTOR('',#7613,1.);
#1820=VECTOR('',#7614,1.);
#1821=VECTOR('',#7615,1.);
#1822=VECTOR('',#7620,1.);
#1823=VECTOR('',#7625,1.);
#1824=VECTOR('',#7626,1.);
#1825=VECTOR('',#7627,1.);
#1826=VECTOR('',#7630,1.);
#1827=VECTOR('',#7631,1.);
#1828=VECTOR('',#7632,1.);
#1829=VECTOR('',#7635,1.);
#1830=VECTOR('',#7636,1.);
#1831=VECTOR('',#7637,1.);
#1832=VECTOR('',#7640,1.);
#1833=VECTOR('',#7641,1.);
#1834=VECTOR('',#7642,1.);
#1835=VECTOR('',#7647,1.);
#1836=VECTOR('',#7652,1.);
#1837=VECTOR('',#7653,1.);
#1838=VECTOR('',#7654,1.);
#1839=VECTOR('',#7659,1.);
#1840=VECTOR('',#7664,1.);
#1841=VECTOR('',#7665,1.);
#1842=VECTOR('',#7666,1.);
#1843=VECTOR('',#7669,1.);
#1844=VECTOR('',#7670,1.);
#1845=VECTOR('',#7671,1.);
#1846=VECTOR('',#7674,1.);
#1847=VECTOR('',#7675,1.);
#1848=VECTOR('',#7676,1.);
#1849=VECTOR('',#7679,1.);
#1850=VECTOR('',#7680,1.);
#1851=VECTOR('',#7681,1.);
#1852=VECTOR('',#7686,1.);
#1853=VECTOR('',#7691,1.);
#1854=VECTOR('',#7692,1.);
#1855=VECTOR('',#7693,1.);
#1856=VECTOR('',#7696,1.);
#1857=VECTOR('',#7697,1.);
#1858=CIRCLE('',#5492,0.198322700117111);
#1859=CIRCLE('',#5493,0.224765400838851);
#1860=CIRCLE('',#5494,0.489896870293483);
#1861=CIRCLE('',#5495,0.573312582906243);
#1862=CIRCLE('',#5496,0.610970396526286);
#1863=CIRCLE('',#5497,0.791988745483814);
#1864=CIRCLE('',#5498,0.364629716528606);
#1865=CIRCLE('',#5499,0.190708007803567);
#1866=CIRCLE('',#5500,0.138946337406884);
#1867=CIRCLE('',#5501,0.222226579290927);
#1868=CIRCLE('',#5502,0.222226579327799);
#1869=CIRCLE('',#5503,0.138946337371886);
#1870=CIRCLE('',#5504,0.190708007815844);
#1871=CIRCLE('',#5505,0.36462971654135);
#1872=CIRCLE('',#5506,0.791988745483814);
#1873=CIRCLE('',#5507,0.610970396526286);
#1874=CIRCLE('',#5508,0.57331258291294);
#1875=CIRCLE('',#5509,0.489896870280916);
#1876=CIRCLE('',#5510,0.224765400816838);
#1877=CIRCLE('',#5511,0.198322700140404);
#1878=CIRCLE('',#5512,0.0529066745656857);
#1879=CIRCLE('',#5513,0.0529066745228958);
#1880=CIRCLE('',#5514,0.055690824444027);
#1881=CIRCLE('',#5515,0.161568071851183);
#1882=CIRCLE('',#5516,0.492129713331191);
#1883=CIRCLE('',#5517,0.684763356730023);
#1884=CIRCLE('',#5518,0.624912581399636);
#1885=CIRCLE('',#5519,0.330245360085517);
#1886=CIRCLE('',#5520,0.107973117057768);
#1887=CIRCLE('',#5521,0.0884964264862448);
#1888=CIRCLE('',#5522,0.088496426501077);
#1889=CIRCLE('',#5523,0.107973117057853);
#1890=CIRCLE('',#5524,0.330245360084705);
#1891=CIRCLE('',#5525,0.624912581400827);
#1892=CIRCLE('',#5526,0.684763356732924);
#1893=CIRCLE('',#5527,0.492129713328555);
#1894=CIRCLE('',#5528,0.161568071817729);
#1895=CIRCLE('',#5529,0.0556908244439072);
#1896=CIRCLE('',#5531,0.222226579327799);
#1897=CIRCLE('',#5533,0.222226579290927);
#1898=CIRCLE('',#5535,0.138946337406884);
#1899=CIRCLE('',#5537,0.190708007803567);
#1900=CIRCLE('',#5539,0.364629716528606);
#1901=CIRCLE('',#5541,0.791988745483814);
#1902=CIRCLE('',#5543,0.610970396526286);
#1903=CIRCLE('',#5545,0.573312582906243);
#1904=CIRCLE('',#5547,0.489896870293483);
#1905=CIRCLE('',#5549,0.224765400838851);
#1906=CIRCLE('',#5552,0.0884964264862448);
#1907=CIRCLE('',#5554,0.107973117057768);
#1908=CIRCLE('',#5556,0.330245360085517);
#1909=CIRCLE('',#5558,0.624912581399636);
#1910=CIRCLE('',#5560,0.684763356730023);
#1911=CIRCLE('',#5562,0.492129713331191);
#1912=CIRCLE('',#5564,0.161568071851183);
#1913=CIRCLE('',#5567,0.055690824444027);
#1914=CIRCLE('',#5569,0.0529066745228958);
#1915=CIRCLE('',#5571,0.198322700117111);
#1916=CIRCLE('',#5572,0.198322700140404);
#1917=CIRCLE('',#5573,0.224765400816838);
#1918=CIRCLE('',#5574,0.489896870280916);
#1919=CIRCLE('',#5575,0.57331258291294);
#1920=CIRCLE('',#5576,0.610970396526286);
#1921=CIRCLE('',#5577,0.791988745483814);
#1922=CIRCLE('',#5578,0.36462971654135);
#1923=CIRCLE('',#5579,0.190708007815844);
#1924=CIRCLE('',#5580,0.138946337371886);
#1925=CIRCLE('',#5581,0.0529066745656857);
#1926=CIRCLE('',#5582,0.0556908244439072);
#1927=CIRCLE('',#5583,0.161568071817729);
#1928=CIRCLE('',#5584,0.492129713328555);
#1929=CIRCLE('',#5585,0.684763356732924);
#1930=CIRCLE('',#5586,0.624912581400827);
#1931=CIRCLE('',#5587,0.330245360084705);
#1932=CIRCLE('',#5588,0.107973117057853);
#1933=CIRCLE('',#5589,0.088496426501077);
#1934=CIRCLE('',#5624,0.0710011565541147);
#1935=CIRCLE('',#5626,0.0710011565541147);
#1936=CIRCLE('',#5629,0.151208219591167);
#1937=CIRCLE('',#5630,0.151208219591167);
#1938=CIRCLE('',#5632,0.152386443329336);
#1939=CIRCLE('',#5633,0.152386443329336);
#1940=CIRCLE('',#5635,0.104091992350161);
#1941=CIRCLE('',#5636,0.104091992350161);
#1942=CIRCLE('',#5638,0.106174301475781);
#1943=CIRCLE('',#5639,0.106174301475781);
#1944=CIRCLE('',#5645,0.127798797336025);
#1945=CIRCLE('',#5646,0.0807352104702032);
#1946=CIRCLE('',#5647,0.068862674120877);
#1947=CIRCLE('',#5653,0.068862674120877);
#1948=CIRCLE('',#5655,0.0807352104702032);
#1949=CIRCLE('',#5657,0.127798797336025);
#1950=CIRCLE('',#5660,0.0688626741146425);
#1951=CIRCLE('',#5661,0.0807352104762647);
#1952=CIRCLE('',#5662,0.127798797336025);
#1953=CIRCLE('',#5663,0.106174301475956);
#1954=CIRCLE('',#5664,0.104091992340357);
#1955=CIRCLE('',#5665,0.152386443355521);
#1956=CIRCLE('',#5666,0.151208219583501);
#1957=CIRCLE('',#5668,0.127798797336025);
#1958=CIRCLE('',#5670,0.0807352104762647);
#1959=CIRCLE('',#5672,0.0688626741146425);
#1960=CIRCLE('',#5678,0.151208219583501);
#1961=CIRCLE('',#5679,0.152386443355521);
#1962=CIRCLE('',#5680,0.104091992340357);
#1963=CIRCLE('',#5681,0.106174301475956);
#1964=CIRCLE('',#5692,0.141713661765058);
#1965=CIRCLE('',#5693,0.141713661765058);
#1966=CIRCLE('',#5695,0.132557346781282);
#1967=CIRCLE('',#5696,0.132557346781282);
#1968=CIRCLE('',#5698,0.13856224322649);
#1969=CIRCLE('',#5699,0.13856224322649);
#1970=CIRCLE('',#5701,0.197111969265079);
#1971=CIRCLE('',#5702,0.197111969265079);
#1972=CIRCLE('',#5705,0.096089768106539);
#1973=CIRCLE('',#5706,0.096089768106539);
#1974=CIRCLE('',#5708,0.0459451124967321);
#1975=CIRCLE('',#5709,0.0459451124967321);
#1976=CIRCLE('',#5711,0.0603751119672464);
#1977=CIRCLE('',#5712,0.0603751119672464);
#1978=CIRCLE('',#5726,0.168479807843559);
#1979=CIRCLE('',#5727,0.0471889363743436);
#1980=CIRCLE('',#5728,0.0698556309842527);
#1981=CIRCLE('',#5729,0.0766641522905911);
#1982=CIRCLE('',#5730,0.196885534322328);
#1983=CIRCLE('',#5731,1.49705201386278);
#1984=CIRCLE('',#5732,0.694204541458997);
#1985=CIRCLE('',#5733,0.210136948054321);
#1986=CIRCLE('',#5734,0.167373490092931);
#1987=CIRCLE('',#5735,0.204199258477821);
#1988=CIRCLE('',#5736,0.167197333256604);
#1989=CIRCLE('',#5737,0.383502357163046);
#1990=CIRCLE('',#5738,0.780509611652214);
#1991=CIRCLE('',#5739,0.548225366839146);
#1992=CIRCLE('',#5740,0.458025787634314);
#1993=CIRCLE('',#5741,0.163454599541673);
#1994=CIRCLE('',#5742,0.208218175150389);
#1995=CIRCLE('',#5743,0.188935267817914);
#1996=CIRCLE('',#5744,0.173726067765927);
#1997=CIRCLE('',#5745,0.219338112252216);
#1998=CIRCLE('',#5746,0.0637374160690512);
#1999=CIRCLE('',#5747,0.0843257263744563);
#2000=CIRCLE('',#5748,0.064032939453446);
#2001=CIRCLE('',#5749,0.172342981169171);
#2002=CIRCLE('',#5750,0.262061425333684);
#2003=CIRCLE('',#5751,0.095078237006237);
#2004=CIRCLE('',#5754,0.172342981169171);
#2005=CIRCLE('',#5756,0.064032939453446);
#2006=CIRCLE('',#5758,0.0843257263744563);
#2007=CIRCLE('',#5760,0.383502357163046);
#2008=CIRCLE('',#5762,0.167197333256604);
#2009=CIRCLE('',#5764,0.204199258477821);
#2010=CIRCLE('',#5766,0.167373490092931);
#2011=CIRCLE('',#5768,0.210136948054321);
#2012=CIRCLE('',#5770,0.694204541458997);
#2013=CIRCLE('',#5774,1.49705201386278);
#2014=CIRCLE('',#5776,0.196885534322328);
#2015=CIRCLE('',#5778,0.0766641522905911);
#2016=CIRCLE('',#5780,0.0698556309842527);
#2017=CIRCLE('',#5782,0.0471889363743436);
#2018=CIRCLE('',#5784,0.168479807843559);
#2019=CIRCLE('',#5785,0.219338112252216);
#2020=CIRCLE('',#5786,0.173726067765927);
#2021=CIRCLE('',#5787,0.188935267817914);
#2022=CIRCLE('',#5788,0.208218175150389);
#2023=CIRCLE('',#5789,0.163454599541673);
#2024=CIRCLE('',#5790,0.458025787634314);
#2025=CIRCLE('',#5791,0.548225366839146);
#2026=CIRCLE('',#5792,0.780509611652214);
#2027=CIRCLE('',#5793,0.0637374160690512);
#2028=CIRCLE('',#5794,0.095078237006237);
#2029=CIRCLE('',#5795,0.262061425333684);
#2030=CIRCLE('',#5814,0.151208219593606);
#2031=CIRCLE('',#5815,0.151208219593606);
#2032=CIRCLE('',#5817,0.152386443341935);
#2033=CIRCLE('',#5818,0.152386443341935);
#2034=CIRCLE('',#5820,0.104091992343726);
#2035=CIRCLE('',#5821,0.104091992343726);
#2036=CIRCLE('',#5823,0.106174301487264);
#2037=CIRCLE('',#5824,0.106174301487264);
#2038=CIRCLE('',#5830,0.127798797341991);
#2039=CIRCLE('',#5831,0.0807352104650019);
#2040=CIRCLE('',#5832,0.0688626741174738);
#2041=CIRCLE('',#5838,0.0688626741174738);
#2042=CIRCLE('',#5840,0.0807352104650019);
#2043=CIRCLE('',#5842,0.127798797341991);
#2044=CIRCLE('',#5845,0.461093122095721);
#2045=CIRCLE('',#5846,0.210467620415504);
#2046=CIRCLE('',#5847,0.556406857385855);
#2047=CIRCLE('',#5848,0.410146667209394);
#2048=CIRCLE('',#5849,0.311969642586261);
#2049=CIRCLE('',#5850,0.333461785429598);
#2050=CIRCLE('',#5851,0.526233940780868);
#2051=CIRCLE('',#5852,0.765819764932441);
#2052=CIRCLE('',#5853,0.798316912742638);
#2053=CIRCLE('',#5854,0.903947635429525);
#2054=CIRCLE('',#5855,0.661744040525407);
#2055=CIRCLE('',#5856,0.771081560761186);
#2056=CIRCLE('',#5857,0.210467620407691);
#2057=CIRCLE('',#5858,1.41000533744874);
#2058=CIRCLE('',#5859,0.521009385495725);
#2059=CIRCLE('',#5860,0.64957246065667);
#2060=CIRCLE('',#5861,0.793371071080378);
#2061=CIRCLE('',#5862,0.639134450713507);
#2062=CIRCLE('',#5863,0.49979358242205);
#2063=CIRCLE('',#5864,0.387355291506729);
#2064=CIRCLE('',#5865,0.290612699018216);
#2065=CIRCLE('',#5866,0.309255556820255);
#2066=CIRCLE('',#5868,0.771081560761186);
#2067=CIRCLE('',#5871,0.661744040525407);
#2068=CIRCLE('',#5873,0.903947635429525);
#2069=CIRCLE('',#5875,0.798316912742638);
#2070=CIRCLE('',#5877,0.765819764932441);
#2071=CIRCLE('',#5879,0.526233940780868);
#2072=CIRCLE('',#5881,0.333461785429598);
#2073=CIRCLE('',#5883,0.311969642586261);
#2074=CIRCLE('',#5885,0.410146667209394);
#2075=CIRCLE('',#5887,0.556406857385855);
#2076=CIRCLE('',#5889,0.210467620415504);
#2077=CIRCLE('',#5891,0.461093122095721);
#2078=CIRCLE('',#5892,0.309255556820255);
#2079=CIRCLE('',#5893,0.290612699018216);
#2080=CIRCLE('',#5894,0.387355291506729);
#2081=CIRCLE('',#5895,0.49979358242205);
#2082=CIRCLE('',#5896,0.639134450713507);
#2083=CIRCLE('',#5897,0.793371071080378);
#2084=CIRCLE('',#5898,0.64957246065667);
#2085=CIRCLE('',#5899,0.521009385495725);
#2086=CIRCLE('',#5900,1.41000533744874);
#2087=CIRCLE('',#5901,0.210467620407691);
#2088=CIRCLE('',#5922,0.146487396181814);
#2089=CIRCLE('',#5923,0.146487396181814);
#2090=CIRCLE('',#5927,0.6);
#2091=CIRCLE('',#5928,0.625);
#2092=CIRCLE('',#5930,0.6);
#2093=CIRCLE('',#5933,0.575);
#2094=CIRCLE('',#5957,0.750000000000001);
#2095=CIRCLE('',#5958,0.250000000000008);
#2096=CIRCLE('',#5959,0.749999999999988);
#2097=CIRCLE('',#5960,0.250000000000025);
#2098=CIRCLE('',#5963,0.250000000000008);
#2099=CIRCLE('',#5968,0.749999999999988);
#2100=CIRCLE('',#5971,0.250000000000025);
#2101=CIRCLE('',#5974,0.750000000000001);
#2102=CIRCLE('',#5987,0.750000000000001);
#2103=CIRCLE('',#5988,0.250000000000008);
#2104=CIRCLE('',#5989,0.749999999999988);
#2105=CIRCLE('',#5990,0.250000000000025);
#2106=CIRCLE('',#5993,0.250000000000008);
#2107=CIRCLE('',#5998,0.749999999999988);
#2108=CIRCLE('',#6001,0.250000000000025);
#2109=CIRCLE('',#6004,0.750000000000001);
#2110=CIRCLE('',#6028,0.200000000000003);
#2111=CIRCLE('',#6029,0.200000000000003);
#2112=CIRCLE('',#6035,0.0999999999999943);
#2113=CIRCLE('',#6036,0.0999999999999943);
#2114=CIRCLE('',#6039,0.100000000000009);
#2115=CIRCLE('',#6040,0.100000000000009);
#2116=CIRCLE('',#6046,0.199999999999989);
#2117=CIRCLE('',#6047,0.199999999999989);
#2118=VERTEX_POINT('',#7704);
#2119=VERTEX_POINT('',#7705);
#2120=VERTEX_POINT('',#7707);
#2121=VERTEX_POINT('',#7709);
#2122=VERTEX_POINT('',#7711);
#2123=VERTEX_POINT('',#7713);
#2124=VERTEX_POINT('',#7715);
#2125=VERTEX_POINT('',#7717);
#2126=VERTEX_POINT('',#7719);
#2127=VERTEX_POINT('',#7721);
#2128=VERTEX_POINT('',#7723);
#2129=VERTEX_POINT('',#7725);
#2130=VERTEX_POINT('',#7727);
#2131=VERTEX_POINT('',#7729);
#2132=VERTEX_POINT('',#7731);
#2133=VERTEX_POINT('',#7733);
#2134=VERTEX_POINT('',#7735);
#2135=VERTEX_POINT('',#7737);
#2136=VERTEX_POINT('',#7739);
#2137=VERTEX_POINT('',#7741);
#2138=VERTEX_POINT('',#7743);
#2139=VERTEX_POINT('',#7745);
#2140=VERTEX_POINT('',#7748);
#2141=VERTEX_POINT('',#7749);
#2142=VERTEX_POINT('',#7751);
#2143=VERTEX_POINT('',#7753);
#2144=VERTEX_POINT('',#7755);
#2145=VERTEX_POINT('',#7757);
#2146=VERTEX_POINT('',#7759);
#2147=VERTEX_POINT('',#7761);
#2148=VERTEX_POINT('',#7763);
#2149=VERTEX_POINT('',#7765);
#2150=VERTEX_POINT('',#7767);
#2151=VERTEX_POINT('',#7769);
#2152=VERTEX_POINT('',#7771);
#2153=VERTEX_POINT('',#7773);
#2154=VERTEX_POINT('',#7775);
#2155=VERTEX_POINT('',#7777);
#2156=VERTEX_POINT('',#7779);
#2157=VERTEX_POINT('',#7781);
#2158=VERTEX_POINT('',#7783);
#2159=VERTEX_POINT('',#7785);
#2160=VERTEX_POINT('',#7789);
#2161=VERTEX_POINT('',#7791);
#2162=VERTEX_POINT('',#7795);
#2163=VERTEX_POINT('',#7799);
#2164=VERTEX_POINT('',#7803);
#2165=VERTEX_POINT('',#7807);
#2166=VERTEX_POINT('',#7811);
#2167=VERTEX_POINT('',#7815);
#2168=VERTEX_POINT('',#7819);
#2169=VERTEX_POINT('',#7823);
#2170=VERTEX_POINT('',#7827);
#2171=VERTEX_POINT('',#7831);
#2172=VERTEX_POINT('',#7835);
#2173=VERTEX_POINT('',#7837);
#2174=VERTEX_POINT('',#7841);
#2175=VERTEX_POINT('',#7845);
#2176=VERTEX_POINT('',#7849);
#2177=VERTEX_POINT('',#7853);
#2178=VERTEX_POINT('',#7857);
#2179=VERTEX_POINT('',#7861);
#2180=VERTEX_POINT('',#7865);
#2181=VERTEX_POINT('',#7869);
#2182=VERTEX_POINT('',#7873);
#2183=VERTEX_POINT('',#7877);
#2184=VERTEX_POINT('',#7879);
#2185=VERTEX_POINT('',#7881);
#2186=VERTEX_POINT('',#7883);
#2187=VERTEX_POINT('',#7885);
#2188=VERTEX_POINT('',#7887);
#2189=VERTEX_POINT('',#7889);
#2190=VERTEX_POINT('',#7891);
#2191=VERTEX_POINT('',#7893);
#2192=VERTEX_POINT('',#7895);
#2193=VERTEX_POINT('',#7898);
#2194=VERTEX_POINT('',#7900);
#2195=VERTEX_POINT('',#7902);
#2196=VERTEX_POINT('',#7904);
#2197=VERTEX_POINT('',#7906);
#2198=VERTEX_POINT('',#7908);
#2199=VERTEX_POINT('',#7910);
#2200=VERTEX_POINT('',#7912);
#2201=VERTEX_POINT('',#7914);
#2202=VERTEX_POINT('',#7958);
#2203=VERTEX_POINT('',#7959);
#2204=VERTEX_POINT('',#7961);
#2205=VERTEX_POINT('',#7963);
#2206=VERTEX_POINT('',#7967);
#2207=VERTEX_POINT('',#7969);
#2208=VERTEX_POINT('',#7973);
#2209=VERTEX_POINT('',#7977);
#2210=VERTEX_POINT('',#7984);
#2211=VERTEX_POINT('',#7985);
#2212=VERTEX_POINT('',#7987);
#2213=VERTEX_POINT('',#7989);
#2214=VERTEX_POINT('',#7993);
#2215=VERTEX_POINT('',#7995);
#2216=VERTEX_POINT('',#7999);
#2217=VERTEX_POINT('',#8003);
#2218=VERTEX_POINT('',#8010);
#2219=VERTEX_POINT('',#8013);
#2220=VERTEX_POINT('',#8017);
#2221=VERTEX_POINT('',#8018);
#2222=VERTEX_POINT('',#8020);
#2223=VERTEX_POINT('',#8022);
#2224=VERTEX_POINT('',#8026);
#2225=VERTEX_POINT('',#8028);
#2226=VERTEX_POINT('',#8032);
#2227=VERTEX_POINT('',#8034);
#2228=VERTEX_POINT('',#8038);
#2229=VERTEX_POINT('',#8040);
#2230=VERTEX_POINT('',#8044);
#2231=VERTEX_POINT('',#8046);
#2232=VERTEX_POINT('',#8050);
#2233=VERTEX_POINT('',#8052);
#2234=VERTEX_POINT('',#8056);
#2235=VERTEX_POINT('',#8058);
#2236=VERTEX_POINT('',#8062);
#2237=VERTEX_POINT('',#8064);
#2238=VERTEX_POINT('',#8068);
#2239=VERTEX_POINT('',#8070);
#2240=VERTEX_POINT('',#8072);
#2241=VERTEX_POINT('',#8074);
#2242=VERTEX_POINT('',#8076);
#2243=VERTEX_POINT('',#8078);
#2244=VERTEX_POINT('',#8082);
#2245=VERTEX_POINT('',#8086);
#2246=VERTEX_POINT('',#8090);
#2247=VERTEX_POINT('',#8094);
#2248=VERTEX_POINT('',#8098);
#2249=VERTEX_POINT('',#8102);
#2250=VERTEX_POINT('',#8109);
#2251=VERTEX_POINT('',#8110);
#2252=VERTEX_POINT('',#8112);
#2253=VERTEX_POINT('',#8114);
#2254=VERTEX_POINT('',#8116);
#2255=VERTEX_POINT('',#8118);
#2256=VERTEX_POINT('',#8120);
#2257=VERTEX_POINT('',#8122);
#2258=VERTEX_POINT('',#8124);
#2259=VERTEX_POINT('',#8126);
#2260=VERTEX_POINT('',#8128);
#2261=VERTEX_POINT('',#8130);
#2262=VERTEX_POINT('',#8132);
#2263=VERTEX_POINT('',#8134);
#2264=VERTEX_POINT('',#8136);
#2265=VERTEX_POINT('',#8140);
#2266=VERTEX_POINT('',#8142);
#2267=VERTEX_POINT('',#8146);
#2268=VERTEX_POINT('',#8150);
#2269=VERTEX_POINT('',#8154);
#2270=VERTEX_POINT('',#8158);
#2271=VERTEX_POINT('',#8162);
#2272=VERTEX_POINT('',#8166);
#2273=VERTEX_POINT('',#8170);
#2274=VERTEX_POINT('',#8172);
#2275=VERTEX_POINT('',#8174);
#2276=VERTEX_POINT('',#8176);
#2277=VERTEX_POINT('',#8178);
#2278=VERTEX_POINT('',#8180);
#2279=VERTEX_POINT('',#8182);
#2280=VERTEX_POINT('',#8201);
#2281=VERTEX_POINT('',#8202);
#2282=VERTEX_POINT('',#8204);
#2283=VERTEX_POINT('',#8206);
#2284=VERTEX_POINT('',#8210);
#2285=VERTEX_POINT('',#8212);
#2286=VERTEX_POINT('',#8216);
#2287=VERTEX_POINT('',#8218);
#2288=VERTEX_POINT('',#8222);
#2289=VERTEX_POINT('',#8224);
#2290=VERTEX_POINT('',#8228);
#2291=VERTEX_POINT('',#8230);
#2292=VERTEX_POINT('',#8234);
#2293=VERTEX_POINT('',#8236);
#2294=VERTEX_POINT('',#8240);
#2295=VERTEX_POINT('',#8242);
#2296=VERTEX_POINT('',#8246);
#2297=VERTEX_POINT('',#8248);
#2298=VERTEX_POINT('',#8252);
#2299=VERTEX_POINT('',#8254);
#2300=VERTEX_POINT('',#8258);
#2301=VERTEX_POINT('',#8260);
#2302=VERTEX_POINT('',#8264);
#2303=VERTEX_POINT('',#8266);
#2304=VERTEX_POINT('',#8268);
#2305=VERTEX_POINT('',#8270);
#2306=VERTEX_POINT('',#8272);
#2307=VERTEX_POINT('',#8274);
#2308=VERTEX_POINT('',#8276);
#2309=VERTEX_POINT('',#8278);
#2310=VERTEX_POINT('',#8282);
#2311=VERTEX_POINT('',#8286);
#2312=VERTEX_POINT('',#8290);
#2313=VERTEX_POINT('',#8294);
#2314=VERTEX_POINT('',#8298);
#2315=VERTEX_POINT('',#8302);
#2316=VERTEX_POINT('',#8306);
#2317=VERTEX_POINT('',#8310);
#2318=VERTEX_POINT('',#8317);
#2319=VERTEX_POINT('',#8318);
#2320=VERTEX_POINT('',#8320);
#2321=VERTEX_POINT('',#8322);
#2322=VERTEX_POINT('',#8324);
#2323=VERTEX_POINT('',#8326);
#2324=VERTEX_POINT('',#8328);
#2325=VERTEX_POINT('',#8330);
#2326=VERTEX_POINT('',#8332);
#2327=VERTEX_POINT('',#8334);
#2328=VERTEX_POINT('',#8336);
#2329=VERTEX_POINT('',#8338);
#2330=VERTEX_POINT('',#8340);
#2331=VERTEX_POINT('',#8342);
#2332=VERTEX_POINT('',#8344);
#2333=VERTEX_POINT('',#8346);
#2334=VERTEX_POINT('',#8348);
#2335=VERTEX_POINT('',#8350);
#2336=VERTEX_POINT('',#8352);
#2337=VERTEX_POINT('',#8354);
#2338=VERTEX_POINT('',#8356);
#2339=VERTEX_POINT('',#8358);
#2340=VERTEX_POINT('',#8360);
#2341=VERTEX_POINT('',#8362);
#2342=VERTEX_POINT('',#8364);
#2343=VERTEX_POINT('',#8366);
#2344=VERTEX_POINT('',#8369);
#2345=VERTEX_POINT('',#8370);
#2346=VERTEX_POINT('',#8372);
#2347=VERTEX_POINT('',#8374);
#2348=VERTEX_POINT('',#8376);
#2349=VERTEX_POINT('',#8378);
#2350=VERTEX_POINT('',#8380);
#2351=VERTEX_POINT('',#8382);
#2352=VERTEX_POINT('',#8386);
#2353=VERTEX_POINT('',#8388);
#2354=VERTEX_POINT('',#8392);
#2355=VERTEX_POINT('',#8396);
#2356=VERTEX_POINT('',#8400);
#2357=VERTEX_POINT('',#8404);
#2358=VERTEX_POINT('',#8406);
#2359=VERTEX_POINT('',#8410);
#2360=VERTEX_POINT('',#8414);
#2361=VERTEX_POINT('',#8418);
#2362=VERTEX_POINT('',#8422);
#2363=VERTEX_POINT('',#8426);
#2364=VERTEX_POINT('',#8430);
#2365=VERTEX_POINT('',#8434);
#2366=VERTEX_POINT('',#8438);
#2367=VERTEX_POINT('',#8442);
#2368=VERTEX_POINT('',#8446);
#2369=VERTEX_POINT('',#8450);
#2370=VERTEX_POINT('',#8454);
#2371=VERTEX_POINT('',#8458);
#2372=VERTEX_POINT('',#8460);
#2373=VERTEX_POINT('',#8462);
#2374=VERTEX_POINT('',#8464);
#2375=VERTEX_POINT('',#8466);
#2376=VERTEX_POINT('',#8468);
#2377=VERTEX_POINT('',#8470);
#2378=VERTEX_POINT('',#8472);
#2379=VERTEX_POINT('',#8474);
#2380=VERTEX_POINT('',#8476);
#2381=VERTEX_POINT('',#8478);
#2382=VERTEX_POINT('',#8480);
#2383=VERTEX_POINT('',#8483);
#2384=VERTEX_POINT('',#8485);
#2385=VERTEX_POINT('',#8487);
#2386=VERTEX_POINT('',#8523);
#2387=VERTEX_POINT('',#8524);
#2388=VERTEX_POINT('',#8526);
#2389=VERTEX_POINT('',#8528);
#2390=VERTEX_POINT('',#8532);
#2391=VERTEX_POINT('',#8534);
#2392=VERTEX_POINT('',#8538);
#2393=VERTEX_POINT('',#8540);
#2394=VERTEX_POINT('',#8544);
#2395=VERTEX_POINT('',#8546);
#2396=VERTEX_POINT('',#8550);
#2397=VERTEX_POINT('',#8552);
#2398=VERTEX_POINT('',#8556);
#2399=VERTEX_POINT('',#8558);
#2400=VERTEX_POINT('',#8562);
#2401=VERTEX_POINT('',#8564);
#2402=VERTEX_POINT('',#8568);
#2403=VERTEX_POINT('',#8570);
#2404=VERTEX_POINT('',#8574);
#2405=VERTEX_POINT('',#8576);
#2406=VERTEX_POINT('',#8578);
#2407=VERTEX_POINT('',#8580);
#2408=VERTEX_POINT('',#8582);
#2409=VERTEX_POINT('',#8584);
#2410=VERTEX_POINT('',#8588);
#2411=VERTEX_POINT('',#8592);
#2412=VERTEX_POINT('',#8596);
#2413=VERTEX_POINT('',#8600);
#2414=VERTEX_POINT('',#8604);
#2415=VERTEX_POINT('',#8608);
#2416=VERTEX_POINT('',#8615);
#2417=VERTEX_POINT('',#8616);
#2418=VERTEX_POINT('',#8618);
#2419=VERTEX_POINT('',#8620);
#2420=VERTEX_POINT('',#8622);
#2421=VERTEX_POINT('',#8624);
#2422=VERTEX_POINT('',#8626);
#2423=VERTEX_POINT('',#8628);
#2424=VERTEX_POINT('',#8630);
#2425=VERTEX_POINT('',#8632);
#2426=VERTEX_POINT('',#8634);
#2427=VERTEX_POINT('',#8636);
#2428=VERTEX_POINT('',#8638);
#2429=VERTEX_POINT('',#8640);
#2430=VERTEX_POINT('',#8642);
#2431=VERTEX_POINT('',#8644);
#2432=VERTEX_POINT('',#8646);
#2433=VERTEX_POINT('',#8648);
#2434=VERTEX_POINT('',#8650);
#2435=VERTEX_POINT('',#8652);
#2436=VERTEX_POINT('',#8654);
#2437=VERTEX_POINT('',#8656);
#2438=VERTEX_POINT('',#8658);
#2439=VERTEX_POINT('',#8660);
#2440=VERTEX_POINT('',#8662);
#2441=VERTEX_POINT('',#8666);
#2442=VERTEX_POINT('',#8668);
#2443=VERTEX_POINT('',#8672);
#2444=VERTEX_POINT('',#8676);
#2445=VERTEX_POINT('',#8680);
#2446=VERTEX_POINT('',#8684);
#2447=VERTEX_POINT('',#8688);
#2448=VERTEX_POINT('',#8692);
#2449=VERTEX_POINT('',#8696);
#2450=VERTEX_POINT('',#8700);
#2451=VERTEX_POINT('',#8704);
#2452=VERTEX_POINT('',#8708);
#2453=VERTEX_POINT('',#8712);
#2454=VERTEX_POINT('',#8716);
#2455=VERTEX_POINT('',#8718);
#2456=VERTEX_POINT('',#8720);
#2457=VERTEX_POINT('',#8722);
#2458=VERTEX_POINT('',#8724);
#2459=VERTEX_POINT('',#8726);
#2460=VERTEX_POINT('',#8728);
#2461=VERTEX_POINT('',#8730);
#2462=VERTEX_POINT('',#8732);
#2463=VERTEX_POINT('',#8734);
#2464=VERTEX_POINT('',#8736);
#2465=VERTEX_POINT('',#8738);
#2466=VERTEX_POINT('',#8767);
#2467=VERTEX_POINT('',#8768);
#2468=VERTEX_POINT('',#8770);
#2469=VERTEX_POINT('',#8772);
#2470=VERTEX_POINT('',#8776);
#2471=VERTEX_POINT('',#8778);
#2472=VERTEX_POINT('',#8782);
#2473=VERTEX_POINT('',#8786);
#2474=VERTEX_POINT('',#8793);
#2475=VERTEX_POINT('',#8795);
#2476=VERTEX_POINT('',#8800);
#2477=VERTEX_POINT('',#8802);
#2478=VERTEX_POINT('',#8805);
#2479=VERTEX_POINT('',#8808);
#2480=VERTEX_POINT('',#8809);
#2481=VERTEX_POINT('',#8811);
#2482=VERTEX_POINT('',#8813);
#2483=VERTEX_POINT('',#8817);
#2484=VERTEX_POINT('',#8821);
#2485=VERTEX_POINT('',#8822);
#2486=VERTEX_POINT('',#8824);
#2487=VERTEX_POINT('',#8826);
#2488=VERTEX_POINT('',#8830);
#2489=VERTEX_POINT('',#8832);
#2490=VERTEX_POINT('',#8836);
#2491=VERTEX_POINT('',#8840);
#2492=VERTEX_POINT('',#8842);
#2493=VERTEX_POINT('',#8847);
#2494=VERTEX_POINT('',#8848);
#2495=VERTEX_POINT('',#8852);
#2496=VERTEX_POINT('',#8864);
#2497=VERTEX_POINT('',#8865);
#2498=VERTEX_POINT('',#8867);
#2499=VERTEX_POINT('',#8869);
#2500=VERTEX_POINT('',#8873);
#2501=VERTEX_POINT('',#8875);
#2502=VERTEX_POINT('',#8879);
#2503=VERTEX_POINT('',#8881);
#2504=VERTEX_POINT('',#8885);
#2505=VERTEX_POINT('',#8887);
#2506=VERTEX_POINT('',#8891);
#2507=VERTEX_POINT('',#8893);
#2508=VERTEX_POINT('',#8897);
#2509=VERTEX_POINT('',#8899);
#2510=VERTEX_POINT('',#8903);
#2511=VERTEX_POINT('',#8905);
#2512=VERTEX_POINT('',#8914);
#2513=VERTEX_POINT('',#8915);
#2514=VERTEX_POINT('',#8917);
#2515=VERTEX_POINT('',#8919);
#2516=VERTEX_POINT('',#8923);
#2517=VERTEX_POINT('',#8924);
#2518=VERTEX_POINT('',#8926);
#2519=VERTEX_POINT('',#8928);
#2520=VERTEX_POINT('',#8930);
#2521=VERTEX_POINT('',#8932);
#2522=VERTEX_POINT('',#8934);
#2523=VERTEX_POINT('',#8936);
#2524=VERTEX_POINT('',#8938);
#2525=VERTEX_POINT('',#8940);
#2526=VERTEX_POINT('',#8942);
#2527=VERTEX_POINT('',#8944);
#2528=VERTEX_POINT('',#8948);
#2529=VERTEX_POINT('',#8949);
#2530=VERTEX_POINT('',#8951);
#2531=VERTEX_POINT('',#8953);
#2532=VERTEX_POINT('',#8957);
#2533=VERTEX_POINT('',#8958);
#2534=VERTEX_POINT('',#8963);
#2535=VERTEX_POINT('',#8967);
#2536=VERTEX_POINT('',#8971);
#2537=VERTEX_POINT('',#8975);
#2538=VERTEX_POINT('',#8979);
#2539=VERTEX_POINT('',#8983);
#2540=VERTEX_POINT('',#8990);
#2541=VERTEX_POINT('',#8991);
#2542=VERTEX_POINT('',#8998);
#2543=VERTEX_POINT('',#8999);
#2544=VERTEX_POINT('',#9004);
#2545=VERTEX_POINT('',#9006);
#2546=VERTEX_POINT('',#9010);
#2547=VERTEX_POINT('',#9012);
#2548=VERTEX_POINT('',#9015);
#2549=VERTEX_POINT('',#9019);
#2550=VERTEX_POINT('',#9022);
#2551=VERTEX_POINT('',#9024);
#2552=VERTEX_POINT('',#9036);
#2553=VERTEX_POINT('',#9037);
#2554=VERTEX_POINT('',#9039);
#2555=VERTEX_POINT('',#9041);
#2556=VERTEX_POINT('',#9045);
#2557=VERTEX_POINT('',#9046);
#2558=VERTEX_POINT('',#9048);
#2559=VERTEX_POINT('',#9050);
#2560=VERTEX_POINT('',#9052);
#2561=VERTEX_POINT('',#9054);
#2562=VERTEX_POINT('',#9056);
#2563=VERTEX_POINT('',#9058);
#2564=VERTEX_POINT('',#9060);
#2565=VERTEX_POINT('',#9062);
#2566=VERTEX_POINT('',#9064);
#2567=VERTEX_POINT('',#9066);
#2568=VERTEX_POINT('',#9070);
#2569=VERTEX_POINT('',#9071);
#2570=VERTEX_POINT('',#9073);
#2571=VERTEX_POINT('',#9075);
#2572=VERTEX_POINT('',#9079);
#2573=VERTEX_POINT('',#9080);
#2574=VERTEX_POINT('',#9085);
#2575=VERTEX_POINT('',#9089);
#2576=VERTEX_POINT('',#9093);
#2577=VERTEX_POINT('',#9097);
#2578=VERTEX_POINT('',#9101);
#2579=VERTEX_POINT('',#9105);
#2580=VERTEX_POINT('',#9112);
#2581=VERTEX_POINT('',#9113);
#2582=VERTEX_POINT('',#9120);
#2583=VERTEX_POINT('',#9121);
#2584=VERTEX_POINT('',#9126);
#2585=VERTEX_POINT('',#9128);
#2586=VERTEX_POINT('',#9132);
#2587=VERTEX_POINT('',#9134);
#2588=VERTEX_POINT('',#9137);
#2589=VERTEX_POINT('',#9141);
#2590=VERTEX_POINT('',#9144);
#2591=VERTEX_POINT('',#9146);
#2592=VERTEX_POINT('',#9158);
#2593=VERTEX_POINT('',#9159);
#2594=VERTEX_POINT('',#9161);
#2595=VERTEX_POINT('',#9163);
#2596=VERTEX_POINT('',#9167);
#2597=VERTEX_POINT('',#9169);
#2598=VERTEX_POINT('',#9173);
#2599=VERTEX_POINT('',#9175);
#2600=VERTEX_POINT('',#9183);
#2601=VERTEX_POINT('',#9184);
#2602=VERTEX_POINT('',#9186);
#2603=VERTEX_POINT('',#9188);
#2604=VERTEX_POINT('',#9192);
#2605=VERTEX_POINT('',#9193);
#2606=VERTEX_POINT('',#9195);
#2607=VERTEX_POINT('',#9197);
#2608=VERTEX_POINT('',#9206);
#2609=VERTEX_POINT('',#9208);
#2610=VERTEX_POINT('',#9210);
#2611=VERTEX_POINT('',#9212);
#2612=VERTEX_POINT('',#9216);
#2613=VERTEX_POINT('',#9218);
#2614=VERTEX_POINT('',#9222);
#2615=VERTEX_POINT('',#9224);
#2616=VERTEX_POINT('',#9228);
#2617=VERTEX_POINT('',#9230);
#2618=VERTEX_POINT('',#9234);
#2619=VERTEX_POINT('',#9236);
#2620=VERTEX_POINT('',#9240);
#2621=VERTEX_POINT('',#9242);
#2622=VERTEX_POINT('',#9246);
#2623=VERTEX_POINT('',#9248);
#2624=VERTEX_POINT('',#9252);
#2625=VERTEX_POINT('',#9254);
#2626=VERTEX_POINT('',#9258);
#2627=VERTEX_POINT('',#9260);
#2628=VERTEX_POINT('',#9264);
#2629=VERTEX_POINT('',#9266);
#2630=VERTEX_POINT('',#9270);
#2631=VERTEX_POINT('',#9272);
#2632=VERTEX_POINT('',#9276);
#2633=VERTEX_POINT('',#9278);
#2634=VERTEX_POINT('',#9282);
#2635=VERTEX_POINT('',#9284);
#2636=VERTEX_POINT('',#9288);
#2637=VERTEX_POINT('',#9290);
#2638=VERTEX_POINT('',#9294);
#2639=VERTEX_POINT('',#9296);
#2640=VERTEX_POINT('',#9300);
#2641=VERTEX_POINT('',#9302);
#2642=VERTEX_POINT('',#9306);
#2643=VERTEX_POINT('',#9308);
#2644=EDGE_CURVE('',#2118,#2119,#1858,.T.);
#2645=EDGE_CURVE('',#2120,#2118,#806,.T.);
#2646=EDGE_CURVE('',#2121,#2120,#1859,.T.);
#2647=EDGE_CURVE('',#2122,#2121,#1860,.T.);
#2648=EDGE_CURVE('',#2123,#2122,#1861,.T.);
#2649=EDGE_CURVE('',#2124,#2123,#1862,.T.);
#2650=EDGE_CURVE('',#2125,#2124,#1863,.T.);
#2651=EDGE_CURVE('',#2126,#2125,#1864,.T.);
#2652=EDGE_CURVE('',#2127,#2126,#1865,.T.);
#2653=EDGE_CURVE('',#2128,#2127,#1866,.T.);
#2654=EDGE_CURVE('',#2129,#2128,#1867,.T.);
#2655=EDGE_CURVE('',#2130,#2129,#1868,.T.);
#2656=EDGE_CURVE('',#2131,#2130,#1869,.T.);
#2657=EDGE_CURVE('',#2132,#2131,#1870,.T.);
#2658=EDGE_CURVE('',#2133,#2132,#1871,.T.);
#2659=EDGE_CURVE('',#2134,#2133,#1872,.T.);
#2660=EDGE_CURVE('',#2135,#2134,#1873,.T.);
#2661=EDGE_CURVE('',#2136,#2135,#1874,.T.);
#2662=EDGE_CURVE('',#2137,#2136,#1875,.T.);
#2663=EDGE_CURVE('',#2138,#2137,#1876,.T.);
#2664=EDGE_CURVE('',#2139,#2138,#807,.T.);
#2665=EDGE_CURVE('',#2119,#2139,#1877,.T.);
#2666=EDGE_CURVE('',#2140,#2141,#1878,.T.);
#2667=EDGE_CURVE('',#2142,#2140,#1879,.T.);
#2668=EDGE_CURVE('',#2143,#2142,#1880,.T.);
#2669=EDGE_CURVE('',#2144,#2143,#808,.T.);
#2670=EDGE_CURVE('',#2145,#2144,#1881,.T.);
#2671=EDGE_CURVE('',#2146,#2145,#1882,.T.);
#2672=EDGE_CURVE('',#2147,#2146,#1883,.T.);
#2673=EDGE_CURVE('',#2148,#2147,#1884,.T.);
#2674=EDGE_CURVE('',#2149,#2148,#1885,.T.);
#2675=EDGE_CURVE('',#2150,#2149,#1886,.T.);
#2676=EDGE_CURVE('',#2151,#2150,#1887,.T.);
#2677=EDGE_CURVE('',#2152,#2151,#1888,.T.);
#2678=EDGE_CURVE('',#2153,#2152,#1889,.T.);
#2679=EDGE_CURVE('',#2154,#2153,#1890,.T.);
#2680=EDGE_CURVE('',#2155,#2154,#1891,.T.);
#2681=EDGE_CURVE('',#2156,#2155,#1892,.T.);
#2682=EDGE_CURVE('',#2157,#2156,#1893,.T.);
#2683=EDGE_CURVE('',#2158,#2157,#1894,.T.);
#2684=EDGE_CURVE('',#2159,#2158,#809,.T.);
#2685=EDGE_CURVE('',#2141,#2159,#1895,.T.);
#2686=EDGE_CURVE('',#2129,#2160,#810,.T.);
#2687=EDGE_CURVE('',#2160,#2161,#1896,.T.);
#2688=EDGE_CURVE('',#2130,#2161,#811,.T.);
#2689=EDGE_CURVE('',#2128,#2162,#812,.T.);
#2690=EDGE_CURVE('',#2162,#2160,#1897,.T.);
#2691=EDGE_CURVE('',#2127,#2163,#813,.T.);
#2692=EDGE_CURVE('',#2163,#2162,#1898,.T.);
#2693=EDGE_CURVE('',#2126,#2164,#814,.T.);
#2694=EDGE_CURVE('',#2164,#2163,#1899,.T.);
#2695=EDGE_CURVE('',#2125,#2165,#815,.T.);
#2696=EDGE_CURVE('',#2165,#2164,#1900,.T.);
#2697=EDGE_CURVE('',#2124,#2166,#816,.T.);
#2698=EDGE_CURVE('',#2166,#2165,#1901,.T.);
#2699=EDGE_CURVE('',#2123,#2167,#817,.T.);
#2700=EDGE_CURVE('',#2167,#2166,#1902,.T.);
#2701=EDGE_CURVE('',#2122,#2168,#818,.T.);
#2702=EDGE_CURVE('',#2168,#2167,#1903,.T.);
#2703=EDGE_CURVE('',#2121,#2169,#819,.T.);
#2704=EDGE_CURVE('',#2169,#2168,#1904,.T.);
#2705=EDGE_CURVE('',#2120,#2170,#820,.T.);
#2706=EDGE_CURVE('',#2170,#2169,#1905,.T.);
#2707=EDGE_CURVE('',#2118,#2171,#821,.T.);
#2708=EDGE_CURVE('',#2171,#2170,#822,.T.);
#2709=EDGE_CURVE('',#2150,#2172,#823,.T.);
#2710=EDGE_CURVE('',#2172,#2173,#1906,.T.);
#2711=EDGE_CURVE('',#2151,#2173,#824,.T.);
#2712=EDGE_CURVE('',#2149,#2174,#825,.T.);
#2713=EDGE_CURVE('',#2174,#2172,#1907,.T.);
#2714=EDGE_CURVE('',#2148,#2175,#826,.T.);
#2715=EDGE_CURVE('',#2175,#2174,#1908,.T.);
#2716=EDGE_CURVE('',#2147,#2176,#827,.T.);
#2717=EDGE_CURVE('',#2176,#2175,#1909,.T.);
#2718=EDGE_CURVE('',#2146,#2177,#828,.T.);
#2719=EDGE_CURVE('',#2177,#2176,#1910,.T.);
#2720=EDGE_CURVE('',#2145,#2178,#829,.T.);
#2721=EDGE_CURVE('',#2178,#2177,#1911,.T.);
#2722=EDGE_CURVE('',#2144,#2179,#830,.T.);
#2723=EDGE_CURVE('',#2179,#2178,#1912,.T.);
#2724=EDGE_CURVE('',#2143,#2180,#831,.T.);
#2725=EDGE_CURVE('',#2180,#2179,#832,.T.);
#2726=EDGE_CURVE('',#2142,#2181,#833,.T.);
#2727=EDGE_CURVE('',#2181,#2180,#1913,.T.);
#2728=EDGE_CURVE('',#2140,#2182,#834,.T.);
#2729=EDGE_CURVE('',#2182,#2181,#1914,.T.);
#2730=EDGE_CURVE('',#2183,#2171,#1915,.T.);
#2731=EDGE_CURVE('',#2184,#2183,#1916,.T.);
#2732=EDGE_CURVE('',#2185,#2184,#835,.T.);
#2733=EDGE_CURVE('',#2186,#2185,#1917,.T.);
#2734=EDGE_CURVE('',#2187,#2186,#1918,.T.);
#2735=EDGE_CURVE('',#2188,#2187,#1919,.T.);
#2736=EDGE_CURVE('',#2189,#2188,#1920,.T.);
#2737=EDGE_CURVE('',#2190,#2189,#1921,.T.);
#2738=EDGE_CURVE('',#2191,#2190,#1922,.T.);
#2739=EDGE_CURVE('',#2192,#2191,#1923,.T.);
#2740=EDGE_CURVE('',#2161,#2192,#1924,.T.);
#2741=EDGE_CURVE('',#2193,#2182,#1925,.T.);
#2742=EDGE_CURVE('',#2194,#2193,#1926,.T.);
#2743=EDGE_CURVE('',#2195,#2194,#836,.T.);
#2744=EDGE_CURVE('',#2196,#2195,#1927,.T.);
#2745=EDGE_CURVE('',#2197,#2196,#1928,.T.);
#2746=EDGE_CURVE('',#2198,#2197,#1929,.T.);
#2747=EDGE_CURVE('',#2199,#2198,#1930,.T.);
#2748=EDGE_CURVE('',#2200,#2199,#1931,.T.);
#2749=EDGE_CURVE('',#2201,#2200,#1932,.T.);
#2750=EDGE_CURVE('',#2173,#2201,#1933,.T.);
#2751=EDGE_CURVE('',#2119,#2183,#837,.T.);
#2752=EDGE_CURVE('',#2131,#2192,#838,.T.);
#2753=EDGE_CURVE('',#2132,#2191,#839,.T.);
#2754=EDGE_CURVE('',#2133,#2190,#840,.T.);
#2755=EDGE_CURVE('',#2134,#2189,#841,.T.);
#2756=EDGE_CURVE('',#2135,#2188,#842,.T.);
#2757=EDGE_CURVE('',#2136,#2187,#843,.T.);
#2758=EDGE_CURVE('',#2137,#2186,#844,.T.);
#2759=EDGE_CURVE('',#2138,#2185,#845,.T.);
#2760=EDGE_CURVE('',#2139,#2184,#846,.T.);
#2761=EDGE_CURVE('',#2141,#2193,#847,.T.);
#2762=EDGE_CURVE('',#2152,#2201,#848,.T.);
#2763=EDGE_CURVE('',#2153,#2200,#849,.T.);
#2764=EDGE_CURVE('',#2154,#2199,#850,.T.);
#2765=EDGE_CURVE('',#2155,#2198,#851,.T.);
#2766=EDGE_CURVE('',#2156,#2197,#852,.T.);
#2767=EDGE_CURVE('',#2157,#2196,#853,.T.);
#2768=EDGE_CURVE('',#2158,#2195,#854,.T.);
#2769=EDGE_CURVE('',#2159,#2194,#855,.T.);
#2770=EDGE_CURVE('',#2202,#2203,#856,.T.);
#2771=EDGE_CURVE('',#2204,#2202,#857,.T.);
#2772=EDGE_CURVE('',#2205,#2204,#858,.T.);
#2773=EDGE_CURVE('',#2203,#2205,#859,.T.);
#2774=EDGE_CURVE('',#2204,#2206,#860,.T.);
#2775=EDGE_CURVE('',#2206,#2207,#861,.T.);
#2776=EDGE_CURVE('',#2205,#2207,#862,.T.);
#2777=EDGE_CURVE('',#2202,#2208,#863,.T.);
#2778=EDGE_CURVE('',#2208,#2206,#864,.T.);
#2779=EDGE_CURVE('',#2209,#2208,#865,.T.);
#2780=EDGE_CURVE('',#2207,#2209,#866,.T.);
#2781=EDGE_CURVE('',#2203,#2209,#867,.T.);
#2782=EDGE_CURVE('',#2210,#2211,#868,.T.);
#2783=EDGE_CURVE('',#2211,#2212,#869,.T.);
#2784=EDGE_CURVE('',#2212,#2213,#870,.T.);
#2785=EDGE_CURVE('',#2210,#2213,#871,.T.);
#2786=EDGE_CURVE('',#2214,#2210,#872,.T.);
#2787=EDGE_CURVE('',#2213,#2215,#873,.T.);
#2788=EDGE_CURVE('',#2214,#2215,#874,.T.);
#2789=EDGE_CURVE('',#2216,#2212,#875,.T.);
#2790=EDGE_CURVE('',#2215,#2216,#876,.T.);
#2791=EDGE_CURVE('',#2217,#2214,#877,.T.);
#2792=EDGE_CURVE('',#2217,#2216,#878,.T.);
#2793=EDGE_CURVE('',#2211,#2217,#879,.T.);
#2794=EDGE_CURVE('',#2218,#2218,#1934,.T.);
#2795=EDGE_CURVE('',#2219,#2219,#1935,.T.);
#2796=EDGE_CURVE('',#2220,#2221,#1936,.T.);
#2797=EDGE_CURVE('',#2221,#2222,#880,.T.);
#2798=EDGE_CURVE('',#2222,#2223,#1937,.T.);
#2799=EDGE_CURVE('',#2220,#2223,#881,.T.);
#2800=EDGE_CURVE('',#2221,#2224,#1938,.T.);
#2801=EDGE_CURVE('',#2224,#2225,#882,.T.);
#2802=EDGE_CURVE('',#2225,#2222,#1939,.T.);
#2803=EDGE_CURVE('',#2224,#2226,#1940,.T.);
#2804=EDGE_CURVE('',#2226,#2227,#883,.T.);
#2805=EDGE_CURVE('',#2227,#2225,#1941,.T.);
#2806=EDGE_CURVE('',#2226,#2228,#1942,.T.);
#2807=EDGE_CURVE('',#2228,#2229,#884,.T.);
#2808=EDGE_CURVE('',#2229,#2227,#1943,.T.);
#2809=EDGE_CURVE('',#2228,#2230,#885,.T.);
#2810=EDGE_CURVE('',#2230,#2231,#886,.T.);
#2811=EDGE_CURVE('',#2231,#2229,#887,.T.);
#2812=EDGE_CURVE('',#2230,#2232,#888,.T.);
#2813=EDGE_CURVE('',#2232,#2233,#889,.T.);
#2814=EDGE_CURVE('',#2233,#2231,#890,.T.);
#2815=EDGE_CURVE('',#2232,#2234,#891,.T.);
#2816=EDGE_CURVE('',#2234,#2235,#892,.T.);
#2817=EDGE_CURVE('',#2235,#2233,#893,.T.);
#2818=EDGE_CURVE('',#2236,#2220,#894,.T.);
#2819=EDGE_CURVE('',#2223,#2237,#895,.T.);
#2820=EDGE_CURVE('',#2236,#2237,#896,.T.);
#2821=EDGE_CURVE('',#2238,#2235,#1944,.T.);
#2822=EDGE_CURVE('',#2239,#2238,#1945,.T.);
#2823=EDGE_CURVE('',#2240,#2239,#1946,.T.);
#2824=EDGE_CURVE('',#2241,#2240,#897,.T.);
#2825=EDGE_CURVE('',#2242,#2241,#898,.T.);
#2826=EDGE_CURVE('',#2243,#2242,#899,.T.);
#2827=EDGE_CURVE('',#2237,#2243,#900,.T.);
#2828=EDGE_CURVE('',#2244,#2236,#901,.T.);
#2829=EDGE_CURVE('',#2244,#2243,#902,.T.);
#2830=EDGE_CURVE('',#2245,#2244,#903,.T.);
#2831=EDGE_CURVE('',#2245,#2242,#904,.T.);
#2832=EDGE_CURVE('',#2246,#2245,#905,.T.);
#2833=EDGE_CURVE('',#2246,#2241,#906,.T.);
#2834=EDGE_CURVE('',#2247,#2246,#907,.T.);
#2835=EDGE_CURVE('',#2247,#2240,#908,.T.);
#2836=EDGE_CURVE('',#2248,#2247,#1947,.T.);
#2837=EDGE_CURVE('',#2248,#2239,#909,.T.);
#2838=EDGE_CURVE('',#2249,#2248,#1948,.T.);
#2839=EDGE_CURVE('',#2249,#2238,#910,.T.);
#2840=EDGE_CURVE('',#2234,#2249,#1949,.T.);
#2841=EDGE_CURVE('',#2250,#2251,#911,.T.);
#2842=EDGE_CURVE('',#2252,#2250,#912,.T.);
#2843=EDGE_CURVE('',#2253,#2252,#913,.T.);
#2844=EDGE_CURVE('',#2254,#2253,#914,.T.);
#2845=EDGE_CURVE('',#2255,#2254,#915,.T.);
#2846=EDGE_CURVE('',#2256,#2255,#1950,.T.);
#2847=EDGE_CURVE('',#2257,#2256,#1951,.T.);
#2848=EDGE_CURVE('',#2258,#2257,#1952,.T.);
#2849=EDGE_CURVE('',#2259,#2258,#916,.T.);
#2850=EDGE_CURVE('',#2260,#2259,#917,.T.);
#2851=EDGE_CURVE('',#2261,#2260,#918,.T.);
#2852=EDGE_CURVE('',#2262,#2261,#1953,.T.);
#2853=EDGE_CURVE('',#2263,#2262,#1954,.T.);
#2854=EDGE_CURVE('',#2264,#2263,#1955,.T.);
#2855=EDGE_CURVE('',#2251,#2264,#1956,.T.);
#2856=EDGE_CURVE('',#2257,#2265,#919,.T.);
#2857=EDGE_CURVE('',#2265,#2266,#1957,.T.);
#2858=EDGE_CURVE('',#2258,#2266,#920,.T.);
#2859=EDGE_CURVE('',#2256,#2267,#921,.T.);
#2860=EDGE_CURVE('',#2267,#2265,#1958,.T.);
#2861=EDGE_CURVE('',#2255,#2268,#922,.T.);
#2862=EDGE_CURVE('',#2268,#2267,#1959,.T.);
#2863=EDGE_CURVE('',#2254,#2269,#923,.T.);
#2864=EDGE_CURVE('',#2269,#2268,#924,.T.);
#2865=EDGE_CURVE('',#2253,#2270,#925,.T.);
#2866=EDGE_CURVE('',#2270,#2269,#926,.T.);
#2867=EDGE_CURVE('',#2252,#2271,#927,.T.);
#2868=EDGE_CURVE('',#2271,#2270,#928,.T.);
#2869=EDGE_CURVE('',#2250,#2272,#929,.T.);
#2870=EDGE_CURVE('',#2272,#2271,#930,.T.);
#2871=EDGE_CURVE('',#2273,#2272,#931,.T.);
#2872=EDGE_CURVE('',#2274,#2273,#1960,.T.);
#2873=EDGE_CURVE('',#2275,#2274,#1961,.T.);
#2874=EDGE_CURVE('',#2276,#2275,#1962,.T.);
#2875=EDGE_CURVE('',#2277,#2276,#1963,.T.);
#2876=EDGE_CURVE('',#2278,#2277,#932,.T.);
#2877=EDGE_CURVE('',#2279,#2278,#933,.T.);
#2878=EDGE_CURVE('',#2266,#2279,#934,.T.);
#2879=EDGE_CURVE('',#2251,#2273,#935,.T.);
#2880=EDGE_CURVE('',#2259,#2279,#936,.T.);
#2881=EDGE_CURVE('',#2260,#2278,#937,.T.);
#2882=EDGE_CURVE('',#2261,#2277,#938,.T.);
#2883=EDGE_CURVE('',#2262,#2276,#939,.T.);
#2884=EDGE_CURVE('',#2263,#2275,#940,.T.);
#2885=EDGE_CURVE('',#2264,#2274,#941,.T.);
#2886=EDGE_CURVE('',#2280,#2281,#942,.T.);
#2887=EDGE_CURVE('',#2281,#2282,#943,.T.);
#2888=EDGE_CURVE('',#2282,#2283,#944,.T.);
#2889=EDGE_CURVE('',#2280,#2283,#945,.T.);
#2890=EDGE_CURVE('',#2281,#2284,#1964,.T.);
#2891=EDGE_CURVE('',#2284,#2285,#946,.T.);
#2892=EDGE_CURVE('',#2285,#2282,#1965,.T.);
#2893=EDGE_CURVE('',#2284,#2286,#1966,.T.);
#2894=EDGE_CURVE('',#2286,#2287,#947,.T.);
#2895=EDGE_CURVE('',#2287,#2285,#1967,.T.);
#2896=EDGE_CURVE('',#2286,#2288,#1968,.T.);
#2897=EDGE_CURVE('',#2288,#2289,#948,.T.);
#2898=EDGE_CURVE('',#2289,#2287,#1969,.T.);
#2899=EDGE_CURVE('',#2288,#2290,#1970,.T.);
#2900=EDGE_CURVE('',#2290,#2291,#949,.T.);
#2901=EDGE_CURVE('',#2291,#2289,#1971,.T.);
#2902=EDGE_CURVE('',#2290,#2292,#950,.T.);
#2903=EDGE_CURVE('',#2292,#2293,#951,.T.);
#2904=EDGE_CURVE('',#2293,#2291,#952,.T.);
#2905=EDGE_CURVE('',#2292,#2294,#1972,.T.);
#2906=EDGE_CURVE('',#2294,#2295,#953,.T.);
#2907=EDGE_CURVE('',#2295,#2293,#1973,.T.);
#2908=EDGE_CURVE('',#2294,#2296,#1974,.T.);
#2909=EDGE_CURVE('',#2296,#2297,#954,.T.);
#2910=EDGE_CURVE('',#2297,#2295,#1975,.T.);
#2911=EDGE_CURVE('',#2296,#2298,#1976,.T.);
#2912=EDGE_CURVE('',#2298,#2299,#955,.T.);
#2913=EDGE_CURVE('',#2299,#2297,#1977,.T.);
#2914=EDGE_CURVE('',#2300,#2280,#956,.T.);
#2915=EDGE_CURVE('',#2283,#2301,#957,.T.);
#2916=EDGE_CURVE('',#2300,#2301,#958,.T.);
#2917=EDGE_CURVE('',#2302,#2299,#959,.T.);
#2918=EDGE_CURVE('',#2303,#2302,#960,.T.);
#2919=EDGE_CURVE('',#2304,#2303,#961,.T.);
#2920=EDGE_CURVE('',#2305,#2304,#962,.T.);
#2921=EDGE_CURVE('',#2306,#2305,#963,.T.);
#2922=EDGE_CURVE('',#2307,#2306,#964,.T.);
#2923=EDGE_CURVE('',#2308,#2307,#965,.T.);
#2924=EDGE_CURVE('',#2309,#2308,#966,.T.);
#2925=EDGE_CURVE('',#2301,#2309,#967,.T.);
#2926=EDGE_CURVE('',#2310,#2300,#968,.T.);
#2927=EDGE_CURVE('',#2310,#2309,#969,.T.);
#2928=EDGE_CURVE('',#2311,#2310,#970,.T.);
#2929=EDGE_CURVE('',#2311,#2308,#971,.T.);
#2930=EDGE_CURVE('',#2312,#2311,#972,.T.);
#2931=EDGE_CURVE('',#2312,#2307,#973,.T.);
#2932=EDGE_CURVE('',#2313,#2312,#974,.T.);
#2933=EDGE_CURVE('',#2313,#2306,#975,.T.);
#2934=EDGE_CURVE('',#2314,#2313,#976,.T.);
#2935=EDGE_CURVE('',#2314,#2305,#977,.T.);
#2936=EDGE_CURVE('',#2315,#2314,#978,.T.);
#2937=EDGE_CURVE('',#2315,#2304,#979,.T.);
#2938=EDGE_CURVE('',#2316,#2315,#980,.T.);
#2939=EDGE_CURVE('',#2316,#2303,#981,.T.);
#2940=EDGE_CURVE('',#2317,#2316,#982,.T.);
#2941=EDGE_CURVE('',#2317,#2302,#983,.T.);
#2942=EDGE_CURVE('',#2298,#2317,#984,.T.);
#2943=EDGE_CURVE('',#2318,#2319,#1978,.T.);
#2944=EDGE_CURVE('',#2320,#2318,#1979,.T.);
#2945=EDGE_CURVE('',#2321,#2320,#1980,.T.);
#2946=EDGE_CURVE('',#2322,#2321,#1981,.T.);
#2947=EDGE_CURVE('',#2323,#2322,#1982,.T.);
#2948=EDGE_CURVE('',#2324,#2323,#1983,.T.);
#2949=EDGE_CURVE('',#2325,#2324,#985,.T.);
#2950=EDGE_CURVE('',#2326,#2325,#986,.T.);
#2951=EDGE_CURVE('',#2327,#2326,#1984,.T.);
#2952=EDGE_CURVE('',#2328,#2327,#1985,.T.);
#2953=EDGE_CURVE('',#2329,#2328,#1986,.T.);
#2954=EDGE_CURVE('',#2330,#2329,#1987,.T.);
#2955=EDGE_CURVE('',#2331,#2330,#1988,.T.);
#2956=EDGE_CURVE('',#2332,#2331,#1989,.T.);
#2957=EDGE_CURVE('',#2333,#2332,#1990,.T.);
#2958=EDGE_CURVE('',#2334,#2333,#1991,.T.);
#2959=EDGE_CURVE('',#2335,#2334,#1992,.T.);
#2960=EDGE_CURVE('',#2336,#2335,#1993,.T.);
#2961=EDGE_CURVE('',#2337,#2336,#1994,.T.);
#2962=EDGE_CURVE('',#2338,#2337,#1995,.T.);
#2963=EDGE_CURVE('',#2339,#2338,#1996,.T.);
#2964=EDGE_CURVE('',#2340,#2339,#987,.T.);
#2965=EDGE_CURVE('',#2341,#2340,#1997,.T.);
#2966=EDGE_CURVE('',#2342,#2341,#988,.T.);
#2967=EDGE_CURVE('',#2343,#2342,#989,.T.);
#2968=EDGE_CURVE('',#2319,#2343,#990,.T.);
#2969=EDGE_CURVE('',#2344,#2345,#1998,.T.);
#2970=EDGE_CURVE('',#2346,#2344,#1999,.T.);
#2971=EDGE_CURVE('',#2347,#2346,#2000,.T.);
#2972=EDGE_CURVE('',#2348,#2347,#2001,.T.);
#2973=EDGE_CURVE('',#2349,#2348,#991,.T.);
#2974=EDGE_CURVE('',#2350,#2349,#992,.T.);
#2975=EDGE_CURVE('',#2351,#2350,#2002,.T.);
#2976=EDGE_CURVE('',#2345,#2351,#2003,.T.);
#2977=EDGE_CURVE('',#2348,#2352,#993,.T.);
#2978=EDGE_CURVE('',#2352,#2353,#994,.T.);
#2979=EDGE_CURVE('',#2349,#2353,#995,.T.);
#2980=EDGE_CURVE('',#2347,#2354,#996,.T.);
#2981=EDGE_CURVE('',#2354,#2352,#2004,.T.);
#2982=EDGE_CURVE('',#2346,#2355,#997,.T.);
#2983=EDGE_CURVE('',#2355,#2354,#2005,.T.);
#2984=EDGE_CURVE('',#2344,#2356,#998,.T.);
#2985=EDGE_CURVE('',#2356,#2355,#2006,.T.);
#2986=EDGE_CURVE('',#2331,#2357,#999,.T.);
#2987=EDGE_CURVE('',#2357,#2358,#2007,.T.);
#2988=EDGE_CURVE('',#2332,#2358,#1000,.T.);
#2989=EDGE_CURVE('',#2330,#2359,#1001,.T.);
#2990=EDGE_CURVE('',#2359,#2357,#2008,.T.);
#2991=EDGE_CURVE('',#2329,#2360,#1002,.T.);
#2992=EDGE_CURVE('',#2360,#2359,#2009,.T.);
#2993=EDGE_CURVE('',#2328,#2361,#1003,.T.);
#2994=EDGE_CURVE('',#2361,#2360,#2010,.T.);
#2995=EDGE_CURVE('',#2327,#2362,#1004,.T.);
#2996=EDGE_CURVE('',#2362,#2361,#2011,.T.);
#2997=EDGE_CURVE('',#2326,#2363,#1005,.T.);
#2998=EDGE_CURVE('',#2363,#2362,#2012,.T.);
#2999=EDGE_CURVE('',#2325,#2364,#1006,.T.);
#3000=EDGE_CURVE('',#2364,#2363,#1007,.T.);
#3001=EDGE_CURVE('',#2324,#2365,#1008,.T.);
#3002=EDGE_CURVE('',#2365,#2364,#1009,.T.);
#3003=EDGE_CURVE('',#2323,#2366,#1010,.T.);
#3004=EDGE_CURVE('',#2366,#2365,#2013,.T.);
#3005=EDGE_CURVE('',#2322,#2367,#1011,.T.);
#3006=EDGE_CURVE('',#2367,#2366,#2014,.T.);
#3007=EDGE_CURVE('',#2321,#2368,#1012,.T.);
#3008=EDGE_CURVE('',#2368,#2367,#2015,.T.);
#3009=EDGE_CURVE('',#2320,#2369,#1013,.T.);
#3010=EDGE_CURVE('',#2369,#2368,#2016,.T.);
#3011=EDGE_CURVE('',#2318,#2370,#1014,.T.);
#3012=EDGE_CURVE('',#2370,#2369,#2017,.T.);
#3013=EDGE_CURVE('',#2371,#2370,#2018,.T.);
#3014=EDGE_CURVE('',#2372,#2371,#1015,.T.);
#3015=EDGE_CURVE('',#2373,#2372,#1016,.T.);
#3016=EDGE_CURVE('',#2374,#2373,#1017,.T.);
#3017=EDGE_CURVE('',#2375,#2374,#2019,.T.);
#3018=EDGE_CURVE('',#2376,#2375,#1018,.T.);
#3019=EDGE_CURVE('',#2377,#2376,#2020,.T.);
#3020=EDGE_CURVE('',#2378,#2377,#2021,.T.);
#3021=EDGE_CURVE('',#2379,#2378,#2022,.T.);
#3022=EDGE_CURVE('',#2380,#2379,#2023,.T.);
#3023=EDGE_CURVE('',#2381,#2380,#2024,.T.);
#3024=EDGE_CURVE('',#2382,#2381,#2025,.T.);
#3025=EDGE_CURVE('',#2358,#2382,#2026,.T.);
#3026=EDGE_CURVE('',#2383,#2356,#2027,.T.);
#3027=EDGE_CURVE('',#2384,#2383,#2028,.T.);
#3028=EDGE_CURVE('',#2385,#2384,#2029,.T.);
#3029=EDGE_CURVE('',#2353,#2385,#1019,.T.);
#3030=EDGE_CURVE('',#2345,#2383,#1020,.T.);
#3031=EDGE_CURVE('',#2350,#2385,#1021,.T.);
#3032=EDGE_CURVE('',#2351,#2384,#1022,.T.);
#3033=EDGE_CURVE('',#2319,#2371,#1023,.T.);
#3034=EDGE_CURVE('',#2333,#2382,#1024,.T.);
#3035=EDGE_CURVE('',#2334,#2381,#1025,.T.);
#3036=EDGE_CURVE('',#2335,#2380,#1026,.T.);
#3037=EDGE_CURVE('',#2336,#2379,#1027,.T.);
#3038=EDGE_CURVE('',#2337,#2378,#1028,.T.);
#3039=EDGE_CURVE('',#2338,#2377,#1029,.T.);
#3040=EDGE_CURVE('',#2339,#2376,#1030,.T.);
#3041=EDGE_CURVE('',#2340,#2375,#1031,.T.);
#3042=EDGE_CURVE('',#2341,#2374,#1032,.T.);
#3043=EDGE_CURVE('',#2342,#2373,#1033,.T.);
#3044=EDGE_CURVE('',#2343,#2372,#1034,.T.);
#3045=EDGE_CURVE('',#2386,#2387,#2030,.T.);
#3046=EDGE_CURVE('',#2387,#2388,#1035,.T.);
#3047=EDGE_CURVE('',#2388,#2389,#2031,.T.);
#3048=EDGE_CURVE('',#2386,#2389,#1036,.T.);
#3049=EDGE_CURVE('',#2387,#2390,#2032,.T.);
#3050=EDGE_CURVE('',#2390,#2391,#1037,.T.);
#3051=EDGE_CURVE('',#2391,#2388,#2033,.T.);
#3052=EDGE_CURVE('',#2390,#2392,#2034,.T.);
#3053=EDGE_CURVE('',#2392,#2393,#1038,.T.);
#3054=EDGE_CURVE('',#2393,#2391,#2035,.T.);
#3055=EDGE_CURVE('',#2392,#2394,#2036,.T.);
#3056=EDGE_CURVE('',#2394,#2395,#1039,.T.);
#3057=EDGE_CURVE('',#2395,#2393,#2037,.T.);
#3058=EDGE_CURVE('',#2394,#2396,#1040,.T.);
#3059=EDGE_CURVE('',#2396,#2397,#1041,.T.);
#3060=EDGE_CURVE('',#2397,#2395,#1042,.T.);
#3061=EDGE_CURVE('',#2396,#2398,#1043,.T.);
#3062=EDGE_CURVE('',#2398,#2399,#1044,.T.);
#3063=EDGE_CURVE('',#2399,#2397,#1045,.T.);
#3064=EDGE_CURVE('',#2398,#2400,#1046,.T.);
#3065=EDGE_CURVE('',#2400,#2401,#1047,.T.);
#3066=EDGE_CURVE('',#2401,#2399,#1048,.T.);
#3067=EDGE_CURVE('',#2402,#2386,#1049,.T.);
#3068=EDGE_CURVE('',#2389,#2403,#1050,.T.);
#3069=EDGE_CURVE('',#2402,#2403,#1051,.T.);
#3070=EDGE_CURVE('',#2404,#2401,#2038,.T.);
#3071=EDGE_CURVE('',#2405,#2404,#2039,.T.);
#3072=EDGE_CURVE('',#2406,#2405,#2040,.T.);
#3073=EDGE_CURVE('',#2407,#2406,#1052,.T.);
#3074=EDGE_CURVE('',#2408,#2407,#1053,.T.);
#3075=EDGE_CURVE('',#2409,#2408,#1054,.T.);
#3076=EDGE_CURVE('',#2403,#2409,#1055,.T.);
#3077=EDGE_CURVE('',#2410,#2402,#1056,.T.);
#3078=EDGE_CURVE('',#2410,#2409,#1057,.T.);
#3079=EDGE_CURVE('',#2411,#2410,#1058,.T.);
#3080=EDGE_CURVE('',#2411,#2408,#1059,.T.);
#3081=EDGE_CURVE('',#2412,#2411,#1060,.T.);
#3082=EDGE_CURVE('',#2412,#2407,#1061,.T.);
#3083=EDGE_CURVE('',#2413,#2412,#1062,.T.);
#3084=EDGE_CURVE('',#2413,#2406,#1063,.T.);
#3085=EDGE_CURVE('',#2414,#2413,#2041,.T.);
#3086=EDGE_CURVE('',#2414,#2405,#1064,.T.);
#3087=EDGE_CURVE('',#2415,#2414,#2042,.T.);
#3088=EDGE_CURVE('',#2415,#2404,#1065,.T.);
#3089=EDGE_CURVE('',#2400,#2415,#2043,.T.);
#3090=EDGE_CURVE('',#2416,#2417,#2044,.T.);
#3091=EDGE_CURVE('',#2418,#2416,#2045,.T.);
#3092=EDGE_CURVE('',#2419,#2418,#2046,.T.);
#3093=EDGE_CURVE('',#2420,#2419,#2047,.T.);
#3094=EDGE_CURVE('',#2421,#2420,#2048,.T.);
#3095=EDGE_CURVE('',#2422,#2421,#2049,.T.);
#3096=EDGE_CURVE('',#2423,#2422,#2050,.T.);
#3097=EDGE_CURVE('',#2424,#2423,#2051,.T.);
#3098=EDGE_CURVE('',#2425,#2424,#2052,.T.);
#3099=EDGE_CURVE('',#2426,#2425,#2053,.T.);
#3100=EDGE_CURVE('',#2427,#2426,#2054,.T.);
#3101=EDGE_CURVE('',#2428,#2427,#1066,.T.);
#3102=EDGE_CURVE('',#2429,#2428,#2055,.T.);
#3103=EDGE_CURVE('',#2430,#2429,#2056,.T.);
#3104=EDGE_CURVE('',#2431,#2430,#2057,.T.);
#3105=EDGE_CURVE('',#2432,#2431,#1067,.T.);
#3106=EDGE_CURVE('',#2433,#2432,#1068,.T.);
#3107=EDGE_CURVE('',#2434,#2433,#2058,.T.);
#3108=EDGE_CURVE('',#2435,#2434,#2059,.T.);
#3109=EDGE_CURVE('',#2436,#2435,#2060,.T.);
#3110=EDGE_CURVE('',#2437,#2436,#2061,.T.);
#3111=EDGE_CURVE('',#2438,#2437,#2062,.T.);
#3112=EDGE_CURVE('',#2439,#2438,#2063,.T.);
#3113=EDGE_CURVE('',#2440,#2439,#2064,.T.);
#3114=EDGE_CURVE('',#2417,#2440,#2065,.T.);
#3115=EDGE_CURVE('',#2428,#2441,#1069,.T.);
#3116=EDGE_CURVE('',#2441,#2442,#2066,.T.);
#3117=EDGE_CURVE('',#2429,#2442,#1070,.T.);
#3118=EDGE_CURVE('',#2427,#2443,#1071,.T.);
#3119=EDGE_CURVE('',#2443,#2441,#1072,.T.);
#3120=EDGE_CURVE('',#2426,#2444,#1073,.T.);
#3121=EDGE_CURVE('',#2444,#2443,#2067,.T.);
#3122=EDGE_CURVE('',#2425,#2445,#1074,.T.);
#3123=EDGE_CURVE('',#2445,#2444,#2068,.T.);
#3124=EDGE_CURVE('',#2424,#2446,#1075,.T.);
#3125=EDGE_CURVE('',#2446,#2445,#2069,.T.);
#3126=EDGE_CURVE('',#2423,#2447,#1076,.T.);
#3127=EDGE_CURVE('',#2447,#2446,#2070,.T.);
#3128=EDGE_CURVE('',#2422,#2448,#1077,.T.);
#3129=EDGE_CURVE('',#2448,#2447,#2071,.T.);
#3130=EDGE_CURVE('',#2421,#2449,#1078,.T.);
#3131=EDGE_CURVE('',#2449,#2448,#2072,.T.);
#3132=EDGE_CURVE('',#2420,#2450,#1079,.T.);
#3133=EDGE_CURVE('',#2450,#2449,#2073,.T.);
#3134=EDGE_CURVE('',#2419,#2451,#1080,.T.);
#3135=EDGE_CURVE('',#2451,#2450,#2074,.T.);
#3136=EDGE_CURVE('',#2418,#2452,#1081,.T.);
#3137=EDGE_CURVE('',#2452,#2451,#2075,.T.);
#3138=EDGE_CURVE('',#2416,#2453,#1082,.T.);
#3139=EDGE_CURVE('',#2453,#2452,#2076,.T.);
#3140=EDGE_CURVE('',#2454,#2453,#2077,.T.);
#3141=EDGE_CURVE('',#2455,#2454,#2078,.T.);
#3142=EDGE_CURVE('',#2456,#2455,#2079,.T.);
#3143=EDGE_CURVE('',#2457,#2456,#2080,.T.);
#3144=EDGE_CURVE('',#2458,#2457,#2081,.T.);
#3145=EDGE_CURVE('',#2459,#2458,#2082,.T.);
#3146=EDGE_CURVE('',#2460,#2459,#2083,.T.);
#3147=EDGE_CURVE('',#2461,#2460,#2084,.T.);
#3148=EDGE_CURVE('',#2462,#2461,#2085,.T.);
#3149=EDGE_CURVE('',#2463,#2462,#1083,.T.);
#3150=EDGE_CURVE('',#2464,#2463,#1084,.T.);
#3151=EDGE_CURVE('',#2465,#2464,#2086,.T.);
#3152=EDGE_CURVE('',#2442,#2465,#2087,.T.);
#3153=EDGE_CURVE('',#2417,#2454,#1085,.T.);
#3154=EDGE_CURVE('',#2430,#2465,#1086,.T.);
#3155=EDGE_CURVE('',#2431,#2464,#1087,.T.);
#3156=EDGE_CURVE('',#2432,#2463,#1088,.T.);
#3157=EDGE_CURVE('',#2433,#2462,#1089,.T.);
#3158=EDGE_CURVE('',#2434,#2461,#1090,.T.);
#3159=EDGE_CURVE('',#2435,#2460,#1091,.T.);
#3160=EDGE_CURVE('',#2436,#2459,#1092,.T.);
#3161=EDGE_CURVE('',#2437,#2458,#1093,.T.);
#3162=EDGE_CURVE('',#2438,#2457,#1094,.T.);
#3163=EDGE_CURVE('',#2439,#2456,#1095,.T.);
#3164=EDGE_CURVE('',#2440,#2455,#1096,.T.);
#3165=EDGE_CURVE('',#2466,#2467,#1097,.T.);
#3166=EDGE_CURVE('',#2468,#2466,#1098,.T.);
#3167=EDGE_CURVE('',#2469,#2468,#1099,.T.);
#3168=EDGE_CURVE('',#2467,#2469,#1100,.T.);
#3169=EDGE_CURVE('',#2468,#2470,#1101,.T.);
#3170=EDGE_CURVE('',#2470,#2471,#1102,.T.);
#3171=EDGE_CURVE('',#2469,#2471,#1103,.T.);
#3172=EDGE_CURVE('',#2466,#2472,#1104,.T.);
#3173=EDGE_CURVE('',#2472,#2470,#1105,.T.);
#3174=EDGE_CURVE('',#2473,#2472,#1106,.T.);
#3175=EDGE_CURVE('',#2471,#2473,#1107,.T.);
#3176=EDGE_CURVE('',#2467,#2473,#1108,.T.);
#3177=EDGE_CURVE('',#2474,#2474,#2088,.T.);
#3178=EDGE_CURVE('',#2475,#2475,#2089,.T.);
#3179=EDGE_CURVE('',#2476,#2476,#2090,.T.);
#3180=EDGE_CURVE('',#2477,#2477,#2091,.T.);
#3181=EDGE_CURVE('',#2478,#2478,#2092,.T.);
#3182=EDGE_CURVE('',#2479,#2480,#1109,.T.);
#3183=EDGE_CURVE('',#2481,#2480,#1110,.T.);
#3184=EDGE_CURVE('',#2481,#2482,#1111,.T.);
#3185=EDGE_CURVE('',#2482,#2479,#1112,.T.);
#3186=EDGE_CURVE('',#2483,#2483,#2093,.T.);
#3187=EDGE_CURVE('',#2484,#2485,#1113,.T.);
#3188=EDGE_CURVE('',#2486,#2484,#1114,.T.);
#3189=EDGE_CURVE('',#2487,#2486,#1115,.T.);
#3190=EDGE_CURVE('',#2485,#2487,#1116,.T.);
#3191=EDGE_CURVE('',#2486,#2488,#1117,.T.);
#3192=EDGE_CURVE('',#2489,#2488,#1118,.T.);
#3193=EDGE_CURVE('',#2489,#2487,#1119,.T.);
#3194=EDGE_CURVE('',#2490,#2484,#1120,.T.);
#3195=EDGE_CURVE('',#2490,#2488,#1121,.T.);
#3196=EDGE_CURVE('',#2491,#2490,#1122,.T.);
#3197=EDGE_CURVE('',#2492,#2491,#1123,.T.);
#3198=EDGE_CURVE('',#2480,#2492,#1124,.T.);
#3199=EDGE_CURVE('',#2488,#2479,#1125,.T.);
#3200=EDGE_CURVE('',#2493,#2494,#1126,.T.);
#3201=EDGE_CURVE('',#2489,#2493,#1127,.T.);
#3202=EDGE_CURVE('',#2482,#2489,#1128,.T.);
#3203=EDGE_CURVE('',#2495,#2481,#1129,.T.);
#3204=EDGE_CURVE('',#2494,#2495,#1130,.T.);
#3205=EDGE_CURVE('',#2495,#2492,#1131,.T.);
#3206=EDGE_CURVE('',#2494,#2491,#1132,.T.);
#3207=EDGE_CURVE('',#2485,#2493,#1133,.T.);
#3208=EDGE_CURVE('',#2496,#2497,#1134,.T.);
#3209=EDGE_CURVE('',#2497,#2498,#1135,.T.);
#3210=EDGE_CURVE('',#2499,#2498,#1136,.T.);
#3211=EDGE_CURVE('',#2496,#2499,#1137,.T.);
#3212=EDGE_CURVE('',#2500,#2496,#1138,.T.);
#3213=EDGE_CURVE('',#2501,#2499,#1139,.T.);
#3214=EDGE_CURVE('',#2500,#2501,#1140,.T.);
#3215=EDGE_CURVE('',#2502,#2500,#1141,.T.);
#3216=EDGE_CURVE('',#2503,#2501,#1142,.T.);
#3217=EDGE_CURVE('',#2502,#2503,#1143,.T.);
#3218=EDGE_CURVE('',#2504,#2502,#1144,.T.);
#3219=EDGE_CURVE('',#2505,#2503,#1145,.T.);
#3220=EDGE_CURVE('',#2504,#2505,#1146,.T.);
#3221=EDGE_CURVE('',#2506,#2504,#1147,.T.);
#3222=EDGE_CURVE('',#2507,#2505,#1148,.T.);
#3223=EDGE_CURVE('',#2506,#2507,#1149,.T.);
#3224=EDGE_CURVE('',#2508,#2506,#1150,.T.);
#3225=EDGE_CURVE('',#2509,#2507,#1151,.T.);
#3226=EDGE_CURVE('',#2508,#2509,#1152,.T.);
#3227=EDGE_CURVE('',#2510,#2508,#1153,.T.);
#3228=EDGE_CURVE('',#2511,#2509,#1154,.T.);
#3229=EDGE_CURVE('',#2510,#2511,#1155,.T.);
#3230=EDGE_CURVE('',#2497,#2510,#1156,.T.);
#3231=EDGE_CURVE('',#2498,#2511,#1157,.T.);
#3232=EDGE_CURVE('',#2512,#2513,#1158,.T.);
#3233=EDGE_CURVE('',#2512,#2514,#1159,.T.);
#3234=EDGE_CURVE('',#2514,#2515,#1160,.T.);
#3235=EDGE_CURVE('',#2515,#2513,#1161,.T.);
#3236=EDGE_CURVE('',#2516,#2517,#1162,.T.);
#3237=EDGE_CURVE('',#2516,#2518,#1163,.T.);
#3238=EDGE_CURVE('',#2518,#2519,#2094,.T.);
#3239=EDGE_CURVE('',#2519,#2520,#1164,.T.);
#3240=EDGE_CURVE('',#2520,#2521,#2095,.T.);
#3241=EDGE_CURVE('',#2521,#2522,#1165,.T.);
#3242=EDGE_CURVE('',#2522,#2523,#1166,.T.);
#3243=EDGE_CURVE('',#2523,#2524,#1167,.T.);
#3244=EDGE_CURVE('',#2524,#2525,#2096,.T.);
#3245=EDGE_CURVE('',#2525,#2526,#1168,.T.);
#3246=EDGE_CURVE('',#2526,#2527,#2097,.T.);
#3247=EDGE_CURVE('',#2527,#2517,#1169,.T.);
#3248=EDGE_CURVE('',#2528,#2529,#1170,.T.);
#3249=EDGE_CURVE('',#2530,#2528,#1171,.T.);
#3250=EDGE_CURVE('',#2531,#2530,#1172,.T.);
#3251=EDGE_CURVE('',#2529,#2531,#1173,.T.);
#3252=EDGE_CURVE('',#2532,#2533,#2098,.T.);
#3253=EDGE_CURVE('',#2521,#2533,#1174,.T.);
#3254=EDGE_CURVE('',#2520,#2532,#1175,.T.);
#3255=EDGE_CURVE('',#2533,#2534,#1176,.T.);
#3256=EDGE_CURVE('',#2522,#2534,#1177,.T.);
#3257=EDGE_CURVE('',#2534,#2535,#1178,.T.);
#3258=EDGE_CURVE('',#2523,#2535,#1179,.T.);
#3259=EDGE_CURVE('',#2535,#2536,#1180,.T.);
#3260=EDGE_CURVE('',#2524,#2536,#1181,.T.);
#3261=EDGE_CURVE('',#2536,#2537,#2099,.T.);
#3262=EDGE_CURVE('',#2525,#2537,#1182,.T.);
#3263=EDGE_CURVE('',#2537,#2538,#1183,.T.);
#3264=EDGE_CURVE('',#2526,#2538,#1184,.T.);
#3265=EDGE_CURVE('',#2538,#2539,#2100,.T.);
#3266=EDGE_CURVE('',#2527,#2539,#1185,.T.);
#3267=EDGE_CURVE('',#2515,#2530,#1186,.T.);
#3268=EDGE_CURVE('',#2514,#2531,#1187,.T.);
#3269=EDGE_CURVE('',#2540,#2541,#2101,.T.);
#3270=EDGE_CURVE('',#2519,#2541,#1188,.T.);
#3271=EDGE_CURVE('',#2518,#2540,#1189,.T.);
#3272=EDGE_CURVE('',#2541,#2532,#1190,.T.);
#3273=EDGE_CURVE('',#2542,#2543,#1191,.T.);
#3274=EDGE_CURVE('',#2539,#2542,#1192,.T.);
#3275=EDGE_CURVE('',#2543,#2540,#1193,.T.);
#3276=EDGE_CURVE('',#2543,#2544,#1194,.T.);
#3277=EDGE_CURVE('',#2545,#2544,#1195,.T.);
#3278=EDGE_CURVE('',#2542,#2545,#1196,.T.);
#3279=EDGE_CURVE('',#2512,#2546,#1197,.T.);
#3280=EDGE_CURVE('',#2546,#2547,#1198,.T.);
#3281=EDGE_CURVE('',#2547,#2517,#1199,.T.);
#3282=EDGE_CURVE('',#2545,#2548,#1200,.T.);
#3283=EDGE_CURVE('',#2548,#2529,#1201,.T.);
#3284=EDGE_CURVE('',#2549,#2528,#1202,.T.);
#3285=EDGE_CURVE('',#2544,#2549,#1203,.T.);
#3286=EDGE_CURVE('',#2550,#2516,#1204,.T.);
#3287=EDGE_CURVE('',#2551,#2550,#1205,.T.);
#3288=EDGE_CURVE('',#2513,#2551,#1206,.T.);
#3289=EDGE_CURVE('',#2548,#2549,#1207,.T.);
#3290=EDGE_CURVE('',#2546,#2551,#1208,.T.);
#3291=EDGE_CURVE('',#2547,#2550,#1209,.T.);
#3292=EDGE_CURVE('',#2552,#2553,#1210,.T.);
#3293=EDGE_CURVE('',#2552,#2554,#1211,.T.);
#3294=EDGE_CURVE('',#2554,#2555,#1212,.T.);
#3295=EDGE_CURVE('',#2555,#2553,#1213,.T.);
#3296=EDGE_CURVE('',#2556,#2557,#1214,.T.);
#3297=EDGE_CURVE('',#2556,#2558,#1215,.T.);
#3298=EDGE_CURVE('',#2558,#2559,#2102,.T.);
#3299=EDGE_CURVE('',#2559,#2560,#1216,.T.);
#3300=EDGE_CURVE('',#2560,#2561,#2103,.T.);
#3301=EDGE_CURVE('',#2561,#2562,#1217,.T.);
#3302=EDGE_CURVE('',#2562,#2563,#1218,.T.);
#3303=EDGE_CURVE('',#2563,#2564,#1219,.T.);
#3304=EDGE_CURVE('',#2564,#2565,#2104,.T.);
#3305=EDGE_CURVE('',#2565,#2566,#1220,.T.);
#3306=EDGE_CURVE('',#2566,#2567,#2105,.T.);
#3307=EDGE_CURVE('',#2567,#2557,#1221,.T.);
#3308=EDGE_CURVE('',#2568,#2569,#1222,.T.);
#3309=EDGE_CURVE('',#2570,#2568,#1223,.T.);
#3310=EDGE_CURVE('',#2571,#2570,#1224,.T.);
#3311=EDGE_CURVE('',#2569,#2571,#1225,.T.);
#3312=EDGE_CURVE('',#2572,#2573,#2106,.T.);
#3313=EDGE_CURVE('',#2561,#2573,#1226,.T.);
#3314=EDGE_CURVE('',#2560,#2572,#1227,.T.);
#3315=EDGE_CURVE('',#2573,#2574,#1228,.T.);
#3316=EDGE_CURVE('',#2562,#2574,#1229,.T.);
#3317=EDGE_CURVE('',#2574,#2575,#1230,.T.);
#3318=EDGE_CURVE('',#2563,#2575,#1231,.T.);
#3319=EDGE_CURVE('',#2575,#2576,#1232,.T.);
#3320=EDGE_CURVE('',#2564,#2576,#1233,.T.);
#3321=EDGE_CURVE('',#2576,#2577,#2107,.T.);
#3322=EDGE_CURVE('',#2565,#2577,#1234,.T.);
#3323=EDGE_CURVE('',#2577,#2578,#1235,.T.);
#3324=EDGE_CURVE('',#2566,#2578,#1236,.T.);
#3325=EDGE_CURVE('',#2578,#2579,#2108,.T.);
#3326=EDGE_CURVE('',#2567,#2579,#1237,.T.);
#3327=EDGE_CURVE('',#2555,#2570,#1238,.T.);
#3328=EDGE_CURVE('',#2554,#2571,#1239,.T.);
#3329=EDGE_CURVE('',#2580,#2581,#2109,.T.);
#3330=EDGE_CURVE('',#2559,#2581,#1240,.T.);
#3331=EDGE_CURVE('',#2558,#2580,#1241,.T.);
#3332=EDGE_CURVE('',#2581,#2572,#1242,.T.);
#3333=EDGE_CURVE('',#2582,#2583,#1243,.T.);
#3334=EDGE_CURVE('',#2579,#2582,#1244,.T.);
#3335=EDGE_CURVE('',#2583,#2580,#1245,.T.);
#3336=EDGE_CURVE('',#2583,#2584,#1246,.T.);
#3337=EDGE_CURVE('',#2585,#2584,#1247,.T.);
#3338=EDGE_CURVE('',#2582,#2585,#1248,.T.);
#3339=EDGE_CURVE('',#2552,#2586,#1249,.T.);
#3340=EDGE_CURVE('',#2586,#2587,#1250,.T.);
#3341=EDGE_CURVE('',#2587,#2557,#1251,.T.);
#3342=EDGE_CURVE('',#2585,#2588,#1252,.T.);
#3343=EDGE_CURVE('',#2588,#2569,#1253,.T.);
#3344=EDGE_CURVE('',#2589,#2568,#1254,.T.);
#3345=EDGE_CURVE('',#2584,#2589,#1255,.T.);
#3346=EDGE_CURVE('',#2590,#2556,#1256,.T.);
#3347=EDGE_CURVE('',#2591,#2590,#1257,.T.);
#3348=EDGE_CURVE('',#2553,#2591,#1258,.T.);
#3349=EDGE_CURVE('',#2588,#2589,#1259,.T.);
#3350=EDGE_CURVE('',#2586,#2591,#1260,.T.);
#3351=EDGE_CURVE('',#2587,#2590,#1261,.T.);
#3352=EDGE_CURVE('',#2592,#2593,#1262,.T.);
#3353=EDGE_CURVE('',#2594,#2592,#1263,.T.);
#3354=EDGE_CURVE('',#2595,#2594,#1264,.T.);
#3355=EDGE_CURVE('',#2595,#2593,#1265,.T.);
#3356=EDGE_CURVE('',#2593,#2596,#1266,.T.);
#3357=EDGE_CURVE('',#2597,#2595,#1267,.T.);
#3358=EDGE_CURVE('',#2597,#2596,#1268,.T.);
#3359=EDGE_CURVE('',#2596,#2598,#1269,.T.);
#3360=EDGE_CURVE('',#2599,#2597,#1270,.T.);
#3361=EDGE_CURVE('',#2599,#2598,#1271,.T.);
#3362=EDGE_CURVE('',#2598,#2592,#1272,.T.);
#3363=EDGE_CURVE('',#2594,#2599,#1273,.T.);
#3364=EDGE_CURVE('',#2600,#2601,#1274,.T.);
#3365=EDGE_CURVE('',#2602,#2600,#1275,.T.);
#3366=EDGE_CURVE('',#2603,#2602,#1276,.T.);
#3367=EDGE_CURVE('',#2601,#2603,#1277,.T.);
#3368=EDGE_CURVE('',#2604,#2605,#1278,.T.);
#3369=EDGE_CURVE('',#2606,#2604,#1279,.T.);
#3370=EDGE_CURVE('',#2607,#2606,#1280,.T.);
#3371=EDGE_CURVE('',#2607,#2605,#1281,.T.);
#3372=EDGE_CURVE('',#2605,#2600,#1282,.T.);
#3373=EDGE_CURVE('',#2602,#2607,#1283,.T.);
#3374=EDGE_CURVE('',#2604,#2601,#1284,.T.);
#3375=EDGE_CURVE('',#2603,#2608,#1285,.T.);
#3376=EDGE_CURVE('',#2608,#2609,#1286,.T.);
#3377=EDGE_CURVE('',#2609,#2610,#1287,.T.);
#3378=EDGE_CURVE('',#2611,#2610,#1288,.T.);
#3379=EDGE_CURVE('',#2611,#2606,#1289,.T.);
#3380=EDGE_CURVE('',#2610,#2612,#1290,.T.);
#3381=EDGE_CURVE('',#2613,#2612,#1291,.T.);
#3382=EDGE_CURVE('',#2613,#2611,#1292,.T.);
#3383=EDGE_CURVE('',#2612,#2614,#1293,.T.);
#3384=EDGE_CURVE('',#2615,#2614,#1294,.T.);
#3385=EDGE_CURVE('',#2615,#2613,#1295,.T.);
#3386=EDGE_CURVE('',#2614,#2616,#2110,.T.);
#3387=EDGE_CURVE('',#2617,#2616,#1296,.T.);
#3388=EDGE_CURVE('',#2617,#2615,#2111,.T.);
#3389=EDGE_CURVE('',#2616,#2618,#1297,.T.);
#3390=EDGE_CURVE('',#2619,#2618,#1298,.T.);
#3391=EDGE_CURVE('',#2619,#2617,#1299,.T.);
#3392=EDGE_CURVE('',#2618,#2620,#1300,.T.);
#3393=EDGE_CURVE('',#2621,#2620,#1301,.T.);
#3394=EDGE_CURVE('',#2621,#2619,#1302,.T.);
#3395=EDGE_CURVE('',#2620,#2622,#1303,.T.);
#3396=EDGE_CURVE('',#2623,#2622,#1304,.T.);
#3397=EDGE_CURVE('',#2623,#2621,#1305,.T.);
#3398=EDGE_CURVE('',#2622,#2624,#1306,.T.);
#3399=EDGE_CURVE('',#2625,#2624,#1307,.T.);
#3400=EDGE_CURVE('',#2625,#2623,#1308,.T.);
#3401=EDGE_CURVE('',#2624,#2626,#2112,.T.);
#3402=EDGE_CURVE('',#2627,#2626,#1309,.T.);
#3403=EDGE_CURVE('',#2627,#2625,#2113,.T.);
#3404=EDGE_CURVE('',#2626,#2628,#1310,.T.);
#3405=EDGE_CURVE('',#2629,#2628,#1311,.T.);
#3406=EDGE_CURVE('',#2629,#2627,#1312,.T.);
#3407=EDGE_CURVE('',#2628,#2630,#2114,.T.);
#3408=EDGE_CURVE('',#2631,#2630,#1313,.T.);
#3409=EDGE_CURVE('',#2631,#2629,#2115,.T.);
#3410=EDGE_CURVE('',#2630,#2632,#1314,.T.);
#3411=EDGE_CURVE('',#2633,#2632,#1315,.T.);
#3412=EDGE_CURVE('',#2633,#2631,#1316,.T.);
#3413=EDGE_CURVE('',#2632,#2634,#1317,.T.);
#3414=EDGE_CURVE('',#2635,#2634,#1318,.T.);
#3415=EDGE_CURVE('',#2635,#2633,#1319,.T.);
#3416=EDGE_CURVE('',#2634,#2636,#1320,.T.);
#3417=EDGE_CURVE('',#2637,#2636,#1321,.T.);
#3418=EDGE_CURVE('',#2637,#2635,#1322,.T.);
#3419=EDGE_CURVE('',#2636,#2638,#1323,.T.);
#3420=EDGE_CURVE('',#2639,#2638,#1324,.T.);
#3421=EDGE_CURVE('',#2639,#2637,#1325,.T.);
#3422=EDGE_CURVE('',#2638,#2640,#2116,.T.);
#3423=EDGE_CURVE('',#2641,#2640,#1326,.T.);
#3424=EDGE_CURVE('',#2641,#2639,#2117,.T.);
#3425=EDGE_CURVE('',#2640,#2642,#1327,.T.);
#3426=EDGE_CURVE('',#2643,#2642,#1328,.T.);
#3427=EDGE_CURVE('',#2643,#2641,#1329,.T.);
#3428=EDGE_CURVE('',#2642,#2609,#1330,.T.);
#3429=EDGE_CURVE('',#2608,#2643,#1331,.T.);
#3430=ORIENTED_EDGE('',*,*,#2644,.F.);
#3431=ORIENTED_EDGE('',*,*,#2645,.F.);
#3432=ORIENTED_EDGE('',*,*,#2646,.F.);
#3433=ORIENTED_EDGE('',*,*,#2647,.F.);
#3434=ORIENTED_EDGE('',*,*,#2648,.F.);
#3435=ORIENTED_EDGE('',*,*,#2649,.F.);
#3436=ORIENTED_EDGE('',*,*,#2650,.F.);
#3437=ORIENTED_EDGE('',*,*,#2651,.F.);
#3438=ORIENTED_EDGE('',*,*,#2652,.F.);
#3439=ORIENTED_EDGE('',*,*,#2653,.F.);
#3440=ORIENTED_EDGE('',*,*,#2654,.F.);
#3441=ORIENTED_EDGE('',*,*,#2655,.F.);
#3442=ORIENTED_EDGE('',*,*,#2656,.F.);
#3443=ORIENTED_EDGE('',*,*,#2657,.F.);
#3444=ORIENTED_EDGE('',*,*,#2658,.F.);
#3445=ORIENTED_EDGE('',*,*,#2659,.F.);
#3446=ORIENTED_EDGE('',*,*,#2660,.F.);
#3447=ORIENTED_EDGE('',*,*,#2661,.F.);
#3448=ORIENTED_EDGE('',*,*,#2662,.F.);
#3449=ORIENTED_EDGE('',*,*,#2663,.F.);
#3450=ORIENTED_EDGE('',*,*,#2664,.F.);
#3451=ORIENTED_EDGE('',*,*,#2665,.F.);
#3452=ORIENTED_EDGE('',*,*,#2666,.F.);
#3453=ORIENTED_EDGE('',*,*,#2667,.F.);
#3454=ORIENTED_EDGE('',*,*,#2668,.F.);
#3455=ORIENTED_EDGE('',*,*,#2669,.F.);
#3456=ORIENTED_EDGE('',*,*,#2670,.F.);
#3457=ORIENTED_EDGE('',*,*,#2671,.F.);
#3458=ORIENTED_EDGE('',*,*,#2672,.F.);
#3459=ORIENTED_EDGE('',*,*,#2673,.F.);
#3460=ORIENTED_EDGE('',*,*,#2674,.F.);
#3461=ORIENTED_EDGE('',*,*,#2675,.F.);
#3462=ORIENTED_EDGE('',*,*,#2676,.F.);
#3463=ORIENTED_EDGE('',*,*,#2677,.F.);
#3464=ORIENTED_EDGE('',*,*,#2678,.F.);
#3465=ORIENTED_EDGE('',*,*,#2679,.F.);
#3466=ORIENTED_EDGE('',*,*,#2680,.F.);
#3467=ORIENTED_EDGE('',*,*,#2681,.F.);
#3468=ORIENTED_EDGE('',*,*,#2682,.F.);
#3469=ORIENTED_EDGE('',*,*,#2683,.F.);
#3470=ORIENTED_EDGE('',*,*,#2684,.F.);
#3471=ORIENTED_EDGE('',*,*,#2685,.F.);
#3472=ORIENTED_EDGE('',*,*,#2655,.T.);
#3473=ORIENTED_EDGE('',*,*,#2686,.T.);
#3474=ORIENTED_EDGE('',*,*,#2687,.T.);
#3475=ORIENTED_EDGE('',*,*,#2688,.F.);
#3476=ORIENTED_EDGE('',*,*,#2654,.T.);
#3477=ORIENTED_EDGE('',*,*,#2689,.T.);
#3478=ORIENTED_EDGE('',*,*,#2690,.T.);
#3479=ORIENTED_EDGE('',*,*,#2686,.F.);
#3480=ORIENTED_EDGE('',*,*,#2653,.T.);
#3481=ORIENTED_EDGE('',*,*,#2691,.T.);
#3482=ORIENTED_EDGE('',*,*,#2692,.T.);
#3483=ORIENTED_EDGE('',*,*,#2689,.F.);
#3484=ORIENTED_EDGE('',*,*,#2652,.T.);
#3485=ORIENTED_EDGE('',*,*,#2693,.T.);
#3486=ORIENTED_EDGE('',*,*,#2694,.T.);
#3487=ORIENTED_EDGE('',*,*,#2691,.F.);
#3488=ORIENTED_EDGE('',*,*,#2651,.T.);
#3489=ORIENTED_EDGE('',*,*,#2695,.T.);
#3490=ORIENTED_EDGE('',*,*,#2696,.T.);
#3491=ORIENTED_EDGE('',*,*,#2693,.F.);
#3492=ORIENTED_EDGE('',*,*,#2650,.T.);
#3493=ORIENTED_EDGE('',*,*,#2697,.T.);
#3494=ORIENTED_EDGE('',*,*,#2698,.T.);
#3495=ORIENTED_EDGE('',*,*,#2695,.F.);
#3496=ORIENTED_EDGE('',*,*,#2649,.T.);
#3497=ORIENTED_EDGE('',*,*,#2699,.T.);
#3498=ORIENTED_EDGE('',*,*,#2700,.T.);
#3499=ORIENTED_EDGE('',*,*,#2697,.F.);
#3500=ORIENTED_EDGE('',*,*,#2648,.T.);
#3501=ORIENTED_EDGE('',*,*,#2701,.T.);
#3502=ORIENTED_EDGE('',*,*,#2702,.T.);
#3503=ORIENTED_EDGE('',*,*,#2699,.F.);
#3504=ORIENTED_EDGE('',*,*,#2647,.T.);
#3505=ORIENTED_EDGE('',*,*,#2703,.T.);
#3506=ORIENTED_EDGE('',*,*,#2704,.T.);
#3507=ORIENTED_EDGE('',*,*,#2701,.F.);
#3508=ORIENTED_EDGE('',*,*,#2646,.T.);
#3509=ORIENTED_EDGE('',*,*,#2705,.T.);
#3510=ORIENTED_EDGE('',*,*,#2706,.T.);
#3511=ORIENTED_EDGE('',*,*,#2703,.F.);
#3512=ORIENTED_EDGE('',*,*,#2645,.T.);
#3513=ORIENTED_EDGE('',*,*,#2707,.T.);
#3514=ORIENTED_EDGE('',*,*,#2708,.T.);
#3515=ORIENTED_EDGE('',*,*,#2705,.F.);
#3516=ORIENTED_EDGE('',*,*,#2676,.T.);
#3517=ORIENTED_EDGE('',*,*,#2709,.T.);
#3518=ORIENTED_EDGE('',*,*,#2710,.T.);
#3519=ORIENTED_EDGE('',*,*,#2711,.F.);
#3520=ORIENTED_EDGE('',*,*,#2675,.T.);
#3521=ORIENTED_EDGE('',*,*,#2712,.T.);
#3522=ORIENTED_EDGE('',*,*,#2713,.T.);
#3523=ORIENTED_EDGE('',*,*,#2709,.F.);
#3524=ORIENTED_EDGE('',*,*,#2674,.T.);
#3525=ORIENTED_EDGE('',*,*,#2714,.T.);
#3526=ORIENTED_EDGE('',*,*,#2715,.T.);
#3527=ORIENTED_EDGE('',*,*,#2712,.F.);
#3528=ORIENTED_EDGE('',*,*,#2673,.T.);
#3529=ORIENTED_EDGE('',*,*,#2716,.T.);
#3530=ORIENTED_EDGE('',*,*,#2717,.T.);
#3531=ORIENTED_EDGE('',*,*,#2714,.F.);
#3532=ORIENTED_EDGE('',*,*,#2672,.T.);
#3533=ORIENTED_EDGE('',*,*,#2718,.T.);
#3534=ORIENTED_EDGE('',*,*,#2719,.T.);
#3535=ORIENTED_EDGE('',*,*,#2716,.F.);
#3536=ORIENTED_EDGE('',*,*,#2671,.T.);
#3537=ORIENTED_EDGE('',*,*,#2720,.T.);
#3538=ORIENTED_EDGE('',*,*,#2721,.T.);
#3539=ORIENTED_EDGE('',*,*,#2718,.F.);
#3540=ORIENTED_EDGE('',*,*,#2670,.T.);
#3541=ORIENTED_EDGE('',*,*,#2722,.T.);
#3542=ORIENTED_EDGE('',*,*,#2723,.T.);
#3543=ORIENTED_EDGE('',*,*,#2720,.F.);
#3544=ORIENTED_EDGE('',*,*,#2669,.T.);
#3545=ORIENTED_EDGE('',*,*,#2724,.T.);
#3546=ORIENTED_EDGE('',*,*,#2725,.T.);
#3547=ORIENTED_EDGE('',*,*,#2722,.F.);
#3548=ORIENTED_EDGE('',*,*,#2668,.T.);
#3549=ORIENTED_EDGE('',*,*,#2726,.T.);
#3550=ORIENTED_EDGE('',*,*,#2727,.T.);
#3551=ORIENTED_EDGE('',*,*,#2724,.F.);
#3552=ORIENTED_EDGE('',*,*,#2667,.T.);
#3553=ORIENTED_EDGE('',*,*,#2728,.T.);
#3554=ORIENTED_EDGE('',*,*,#2729,.T.);
#3555=ORIENTED_EDGE('',*,*,#2726,.F.);
#3556=ORIENTED_EDGE('',*,*,#2730,.F.);
#3557=ORIENTED_EDGE('',*,*,#2731,.F.);
#3558=ORIENTED_EDGE('',*,*,#2732,.F.);
#3559=ORIENTED_EDGE('',*,*,#2733,.F.);
#3560=ORIENTED_EDGE('',*,*,#2734,.F.);
#3561=ORIENTED_EDGE('',*,*,#2735,.F.);
#3562=ORIENTED_EDGE('',*,*,#2736,.F.);
#3563=ORIENTED_EDGE('',*,*,#2737,.F.);
#3564=ORIENTED_EDGE('',*,*,#2738,.F.);
#3565=ORIENTED_EDGE('',*,*,#2739,.F.);
#3566=ORIENTED_EDGE('',*,*,#2740,.F.);
#3567=ORIENTED_EDGE('',*,*,#2687,.F.);
#3568=ORIENTED_EDGE('',*,*,#2690,.F.);
#3569=ORIENTED_EDGE('',*,*,#2692,.F.);
#3570=ORIENTED_EDGE('',*,*,#2694,.F.);
#3571=ORIENTED_EDGE('',*,*,#2696,.F.);
#3572=ORIENTED_EDGE('',*,*,#2698,.F.);
#3573=ORIENTED_EDGE('',*,*,#2700,.F.);
#3574=ORIENTED_EDGE('',*,*,#2702,.F.);
#3575=ORIENTED_EDGE('',*,*,#2704,.F.);
#3576=ORIENTED_EDGE('',*,*,#2706,.F.);
#3577=ORIENTED_EDGE('',*,*,#2708,.F.);
#3578=ORIENTED_EDGE('',*,*,#2741,.F.);
#3579=ORIENTED_EDGE('',*,*,#2742,.F.);
#3580=ORIENTED_EDGE('',*,*,#2743,.F.);
#3581=ORIENTED_EDGE('',*,*,#2744,.F.);
#3582=ORIENTED_EDGE('',*,*,#2745,.F.);
#3583=ORIENTED_EDGE('',*,*,#2746,.F.);
#3584=ORIENTED_EDGE('',*,*,#2747,.F.);
#3585=ORIENTED_EDGE('',*,*,#2748,.F.);
#3586=ORIENTED_EDGE('',*,*,#2749,.F.);
#3587=ORIENTED_EDGE('',*,*,#2750,.F.);
#3588=ORIENTED_EDGE('',*,*,#2710,.F.);
#3589=ORIENTED_EDGE('',*,*,#2713,.F.);
#3590=ORIENTED_EDGE('',*,*,#2715,.F.);
#3591=ORIENTED_EDGE('',*,*,#2717,.F.);
#3592=ORIENTED_EDGE('',*,*,#2719,.F.);
#3593=ORIENTED_EDGE('',*,*,#2721,.F.);
#3594=ORIENTED_EDGE('',*,*,#2723,.F.);
#3595=ORIENTED_EDGE('',*,*,#2725,.F.);
#3596=ORIENTED_EDGE('',*,*,#2727,.F.);
#3597=ORIENTED_EDGE('',*,*,#2729,.F.);
#3598=ORIENTED_EDGE('',*,*,#2644,.T.);
#3599=ORIENTED_EDGE('',*,*,#2751,.T.);
#3600=ORIENTED_EDGE('',*,*,#2730,.T.);
#3601=ORIENTED_EDGE('',*,*,#2707,.F.);
#3602=ORIENTED_EDGE('',*,*,#2656,.T.);
#3603=ORIENTED_EDGE('',*,*,#2688,.T.);
#3604=ORIENTED_EDGE('',*,*,#2740,.T.);
#3605=ORIENTED_EDGE('',*,*,#2752,.F.);
#3606=ORIENTED_EDGE('',*,*,#2657,.T.);
#3607=ORIENTED_EDGE('',*,*,#2752,.T.);
#3608=ORIENTED_EDGE('',*,*,#2739,.T.);
#3609=ORIENTED_EDGE('',*,*,#2753,.F.);
#3610=ORIENTED_EDGE('',*,*,#2658,.T.);
#3611=ORIENTED_EDGE('',*,*,#2753,.T.);
#3612=ORIENTED_EDGE('',*,*,#2738,.T.);
#3613=ORIENTED_EDGE('',*,*,#2754,.F.);
#3614=ORIENTED_EDGE('',*,*,#2659,.T.);
#3615=ORIENTED_EDGE('',*,*,#2754,.T.);
#3616=ORIENTED_EDGE('',*,*,#2737,.T.);
#3617=ORIENTED_EDGE('',*,*,#2755,.F.);
#3618=ORIENTED_EDGE('',*,*,#2660,.T.);
#3619=ORIENTED_EDGE('',*,*,#2755,.T.);
#3620=ORIENTED_EDGE('',*,*,#2736,.T.);
#3621=ORIENTED_EDGE('',*,*,#2756,.F.);
#3622=ORIENTED_EDGE('',*,*,#2661,.T.);
#3623=ORIENTED_EDGE('',*,*,#2756,.T.);
#3624=ORIENTED_EDGE('',*,*,#2735,.T.);
#3625=ORIENTED_EDGE('',*,*,#2757,.F.);
#3626=ORIENTED_EDGE('',*,*,#2662,.T.);
#3627=ORIENTED_EDGE('',*,*,#2757,.T.);
#3628=ORIENTED_EDGE('',*,*,#2734,.T.);
#3629=ORIENTED_EDGE('',*,*,#2758,.F.);
#3630=ORIENTED_EDGE('',*,*,#2663,.T.);
#3631=ORIENTED_EDGE('',*,*,#2758,.T.);
#3632=ORIENTED_EDGE('',*,*,#2733,.T.);
#3633=ORIENTED_EDGE('',*,*,#2759,.F.);
#3634=ORIENTED_EDGE('',*,*,#2664,.T.);
#3635=ORIENTED_EDGE('',*,*,#2759,.T.);
#3636=ORIENTED_EDGE('',*,*,#2732,.T.);
#3637=ORIENTED_EDGE('',*,*,#2760,.F.);
#3638=ORIENTED_EDGE('',*,*,#2665,.T.);
#3639=ORIENTED_EDGE('',*,*,#2760,.T.);
#3640=ORIENTED_EDGE('',*,*,#2731,.T.);
#3641=ORIENTED_EDGE('',*,*,#2751,.F.);
#3642=ORIENTED_EDGE('',*,*,#2666,.T.);
#3643=ORIENTED_EDGE('',*,*,#2761,.T.);
#3644=ORIENTED_EDGE('',*,*,#2741,.T.);
#3645=ORIENTED_EDGE('',*,*,#2728,.F.);
#3646=ORIENTED_EDGE('',*,*,#2677,.T.);
#3647=ORIENTED_EDGE('',*,*,#2711,.T.);
#3648=ORIENTED_EDGE('',*,*,#2750,.T.);
#3649=ORIENTED_EDGE('',*,*,#2762,.F.);
#3650=ORIENTED_EDGE('',*,*,#2678,.T.);
#3651=ORIENTED_EDGE('',*,*,#2762,.T.);
#3652=ORIENTED_EDGE('',*,*,#2749,.T.);
#3653=ORIENTED_EDGE('',*,*,#2763,.F.);
#3654=ORIENTED_EDGE('',*,*,#2679,.T.);
#3655=ORIENTED_EDGE('',*,*,#2763,.T.);
#3656=ORIENTED_EDGE('',*,*,#2748,.T.);
#3657=ORIENTED_EDGE('',*,*,#2764,.F.);
#3658=ORIENTED_EDGE('',*,*,#2680,.T.);
#3659=ORIENTED_EDGE('',*,*,#2764,.T.);
#3660=ORIENTED_EDGE('',*,*,#2747,.T.);
#3661=ORIENTED_EDGE('',*,*,#2765,.F.);
#3662=ORIENTED_EDGE('',*,*,#2681,.T.);
#3663=ORIENTED_EDGE('',*,*,#2765,.T.);
#3664=ORIENTED_EDGE('',*,*,#2746,.T.);
#3665=ORIENTED_EDGE('',*,*,#2766,.F.);
#3666=ORIENTED_EDGE('',*,*,#2682,.T.);
#3667=ORIENTED_EDGE('',*,*,#2766,.T.);
#3668=ORIENTED_EDGE('',*,*,#2745,.T.);
#3669=ORIENTED_EDGE('',*,*,#2767,.F.);
#3670=ORIENTED_EDGE('',*,*,#2683,.T.);
#3671=ORIENTED_EDGE('',*,*,#2767,.T.);
#3672=ORIENTED_EDGE('',*,*,#2744,.T.);
#3673=ORIENTED_EDGE('',*,*,#2768,.F.);
#3674=ORIENTED_EDGE('',*,*,#2684,.T.);
#3675=ORIENTED_EDGE('',*,*,#2768,.T.);
#3676=ORIENTED_EDGE('',*,*,#2743,.T.);
#3677=ORIENTED_EDGE('',*,*,#2769,.F.);
#3678=ORIENTED_EDGE('',*,*,#2685,.T.);
#3679=ORIENTED_EDGE('',*,*,#2769,.T.);
#3680=ORIENTED_EDGE('',*,*,#2742,.T.);
#3681=ORIENTED_EDGE('',*,*,#2761,.F.);
#3682=ORIENTED_EDGE('',*,*,#2770,.F.);
#3683=ORIENTED_EDGE('',*,*,#2771,.F.);
#3684=ORIENTED_EDGE('',*,*,#2772,.F.);
#3685=ORIENTED_EDGE('',*,*,#2773,.F.);
#3686=ORIENTED_EDGE('',*,*,#2772,.T.);
#3687=ORIENTED_EDGE('',*,*,#2774,.T.);
#3688=ORIENTED_EDGE('',*,*,#2775,.T.);
#3689=ORIENTED_EDGE('',*,*,#2776,.F.);
#3690=ORIENTED_EDGE('',*,*,#2771,.T.);
#3691=ORIENTED_EDGE('',*,*,#2777,.T.);
#3692=ORIENTED_EDGE('',*,*,#2778,.T.);
#3693=ORIENTED_EDGE('',*,*,#2774,.F.);
#3694=ORIENTED_EDGE('',*,*,#2779,.F.);
#3695=ORIENTED_EDGE('',*,*,#2780,.F.);
#3696=ORIENTED_EDGE('',*,*,#2775,.F.);
#3697=ORIENTED_EDGE('',*,*,#2778,.F.);
#3698=ORIENTED_EDGE('',*,*,#2770,.T.);
#3699=ORIENTED_EDGE('',*,*,#2781,.T.);
#3700=ORIENTED_EDGE('',*,*,#2779,.T.);
#3701=ORIENTED_EDGE('',*,*,#2777,.F.);
#3702=ORIENTED_EDGE('',*,*,#2773,.T.);
#3703=ORIENTED_EDGE('',*,*,#2776,.T.);
#3704=ORIENTED_EDGE('',*,*,#2780,.T.);
#3705=ORIENTED_EDGE('',*,*,#2781,.F.);
#3706=ORIENTED_EDGE('',*,*,#2782,.T.);
#3707=ORIENTED_EDGE('',*,*,#2783,.T.);
#3708=ORIENTED_EDGE('',*,*,#2784,.T.);
#3709=ORIENTED_EDGE('',*,*,#2785,.F.);
#3710=ORIENTED_EDGE('',*,*,#2786,.T.);
#3711=ORIENTED_EDGE('',*,*,#2785,.T.);
#3712=ORIENTED_EDGE('',*,*,#2787,.T.);
#3713=ORIENTED_EDGE('',*,*,#2788,.F.);
#3714=ORIENTED_EDGE('',*,*,#2787,.F.);
#3715=ORIENTED_EDGE('',*,*,#2784,.F.);
#3716=ORIENTED_EDGE('',*,*,#2789,.F.);
#3717=ORIENTED_EDGE('',*,*,#2790,.F.);
#3718=ORIENTED_EDGE('',*,*,#2791,.T.);
#3719=ORIENTED_EDGE('',*,*,#2788,.T.);
#3720=ORIENTED_EDGE('',*,*,#2790,.T.);
#3721=ORIENTED_EDGE('',*,*,#2792,.F.);
#3722=ORIENTED_EDGE('',*,*,#2793,.T.);
#3723=ORIENTED_EDGE('',*,*,#2792,.T.);
#3724=ORIENTED_EDGE('',*,*,#2789,.T.);
#3725=ORIENTED_EDGE('',*,*,#2783,.F.);
#3726=ORIENTED_EDGE('',*,*,#2786,.F.);
#3727=ORIENTED_EDGE('',*,*,#2791,.F.);
#3728=ORIENTED_EDGE('',*,*,#2793,.F.);
#3729=ORIENTED_EDGE('',*,*,#2782,.F.);
#3730=ORIENTED_EDGE('',*,*,#2794,.F.);
#3731=ORIENTED_EDGE('',*,*,#2795,.F.);
#3732=ORIENTED_EDGE('',*,*,#2794,.T.);
#3733=ORIENTED_EDGE('',*,*,#2795,.T.);
#3734=ORIENTED_EDGE('',*,*,#2796,.T.);
#3735=ORIENTED_EDGE('',*,*,#2797,.T.);
#3736=ORIENTED_EDGE('',*,*,#2798,.T.);
#3737=ORIENTED_EDGE('',*,*,#2799,.F.);
#3738=ORIENTED_EDGE('',*,*,#2800,.T.);
#3739=ORIENTED_EDGE('',*,*,#2801,.T.);
#3740=ORIENTED_EDGE('',*,*,#2802,.T.);
#3741=ORIENTED_EDGE('',*,*,#2797,.F.);
#3742=ORIENTED_EDGE('',*,*,#2803,.T.);
#3743=ORIENTED_EDGE('',*,*,#2804,.T.);
#3744=ORIENTED_EDGE('',*,*,#2805,.T.);
#3745=ORIENTED_EDGE('',*,*,#2801,.F.);
#3746=ORIENTED_EDGE('',*,*,#2806,.T.);
#3747=ORIENTED_EDGE('',*,*,#2807,.T.);
#3748=ORIENTED_EDGE('',*,*,#2808,.T.);
#3749=ORIENTED_EDGE('',*,*,#2804,.F.);
#3750=ORIENTED_EDGE('',*,*,#2809,.T.);
#3751=ORIENTED_EDGE('',*,*,#2810,.T.);
#3752=ORIENTED_EDGE('',*,*,#2811,.T.);
#3753=ORIENTED_EDGE('',*,*,#2807,.F.);
#3754=ORIENTED_EDGE('',*,*,#2812,.T.);
#3755=ORIENTED_EDGE('',*,*,#2813,.T.);
#3756=ORIENTED_EDGE('',*,*,#2814,.T.);
#3757=ORIENTED_EDGE('',*,*,#2810,.F.);
#3758=ORIENTED_EDGE('',*,*,#2815,.T.);
#3759=ORIENTED_EDGE('',*,*,#2816,.T.);
#3760=ORIENTED_EDGE('',*,*,#2817,.T.);
#3761=ORIENTED_EDGE('',*,*,#2813,.F.);
#3762=ORIENTED_EDGE('',*,*,#2818,.T.);
#3763=ORIENTED_EDGE('',*,*,#2799,.T.);
#3764=ORIENTED_EDGE('',*,*,#2819,.T.);
#3765=ORIENTED_EDGE('',*,*,#2820,.F.);
#3766=ORIENTED_EDGE('',*,*,#2819,.F.);
#3767=ORIENTED_EDGE('',*,*,#2798,.F.);
#3768=ORIENTED_EDGE('',*,*,#2802,.F.);
#3769=ORIENTED_EDGE('',*,*,#2805,.F.);
#3770=ORIENTED_EDGE('',*,*,#2808,.F.);
#3771=ORIENTED_EDGE('',*,*,#2811,.F.);
#3772=ORIENTED_EDGE('',*,*,#2814,.F.);
#3773=ORIENTED_EDGE('',*,*,#2817,.F.);
#3774=ORIENTED_EDGE('',*,*,#2821,.F.);
#3775=ORIENTED_EDGE('',*,*,#2822,.F.);
#3776=ORIENTED_EDGE('',*,*,#2823,.F.);
#3777=ORIENTED_EDGE('',*,*,#2824,.F.);
#3778=ORIENTED_EDGE('',*,*,#2825,.F.);
#3779=ORIENTED_EDGE('',*,*,#2826,.F.);
#3780=ORIENTED_EDGE('',*,*,#2827,.F.);
#3781=ORIENTED_EDGE('',*,*,#2828,.T.);
#3782=ORIENTED_EDGE('',*,*,#2820,.T.);
#3783=ORIENTED_EDGE('',*,*,#2827,.T.);
#3784=ORIENTED_EDGE('',*,*,#2829,.F.);
#3785=ORIENTED_EDGE('',*,*,#2830,.T.);
#3786=ORIENTED_EDGE('',*,*,#2829,.T.);
#3787=ORIENTED_EDGE('',*,*,#2826,.T.);
#3788=ORIENTED_EDGE('',*,*,#2831,.F.);
#3789=ORIENTED_EDGE('',*,*,#2832,.T.);
#3790=ORIENTED_EDGE('',*,*,#2831,.T.);
#3791=ORIENTED_EDGE('',*,*,#2825,.T.);
#3792=ORIENTED_EDGE('',*,*,#2833,.F.);
#3793=ORIENTED_EDGE('',*,*,#2834,.T.);
#3794=ORIENTED_EDGE('',*,*,#2833,.T.);
#3795=ORIENTED_EDGE('',*,*,#2824,.T.);
#3796=ORIENTED_EDGE('',*,*,#2835,.F.);
#3797=ORIENTED_EDGE('',*,*,#2836,.T.);
#3798=ORIENTED_EDGE('',*,*,#2835,.T.);
#3799=ORIENTED_EDGE('',*,*,#2823,.T.);
#3800=ORIENTED_EDGE('',*,*,#2837,.F.);
#3801=ORIENTED_EDGE('',*,*,#2838,.T.);
#3802=ORIENTED_EDGE('',*,*,#2837,.T.);
#3803=ORIENTED_EDGE('',*,*,#2822,.T.);
#3804=ORIENTED_EDGE('',*,*,#2839,.F.);
#3805=ORIENTED_EDGE('',*,*,#2840,.T.);
#3806=ORIENTED_EDGE('',*,*,#2839,.T.);
#3807=ORIENTED_EDGE('',*,*,#2821,.T.);
#3808=ORIENTED_EDGE('',*,*,#2816,.F.);
#3809=ORIENTED_EDGE('',*,*,#2818,.F.);
#3810=ORIENTED_EDGE('',*,*,#2828,.F.);
#3811=ORIENTED_EDGE('',*,*,#2830,.F.);
#3812=ORIENTED_EDGE('',*,*,#2832,.F.);
#3813=ORIENTED_EDGE('',*,*,#2834,.F.);
#3814=ORIENTED_EDGE('',*,*,#2836,.F.);
#3815=ORIENTED_EDGE('',*,*,#2838,.F.);
#3816=ORIENTED_EDGE('',*,*,#2840,.F.);
#3817=ORIENTED_EDGE('',*,*,#2815,.F.);
#3818=ORIENTED_EDGE('',*,*,#2812,.F.);
#3819=ORIENTED_EDGE('',*,*,#2809,.F.);
#3820=ORIENTED_EDGE('',*,*,#2806,.F.);
#3821=ORIENTED_EDGE('',*,*,#2803,.F.);
#3822=ORIENTED_EDGE('',*,*,#2800,.F.);
#3823=ORIENTED_EDGE('',*,*,#2796,.F.);
#3824=ORIENTED_EDGE('',*,*,#2841,.F.);
#3825=ORIENTED_EDGE('',*,*,#2842,.F.);
#3826=ORIENTED_EDGE('',*,*,#2843,.F.);
#3827=ORIENTED_EDGE('',*,*,#2844,.F.);
#3828=ORIENTED_EDGE('',*,*,#2845,.F.);
#3829=ORIENTED_EDGE('',*,*,#2846,.F.);
#3830=ORIENTED_EDGE('',*,*,#2847,.F.);
#3831=ORIENTED_EDGE('',*,*,#2848,.F.);
#3832=ORIENTED_EDGE('',*,*,#2849,.F.);
#3833=ORIENTED_EDGE('',*,*,#2850,.F.);
#3834=ORIENTED_EDGE('',*,*,#2851,.F.);
#3835=ORIENTED_EDGE('',*,*,#2852,.F.);
#3836=ORIENTED_EDGE('',*,*,#2853,.F.);
#3837=ORIENTED_EDGE('',*,*,#2854,.F.);
#3838=ORIENTED_EDGE('',*,*,#2855,.F.);
#3839=ORIENTED_EDGE('',*,*,#2848,.T.);
#3840=ORIENTED_EDGE('',*,*,#2856,.T.);
#3841=ORIENTED_EDGE('',*,*,#2857,.T.);
#3842=ORIENTED_EDGE('',*,*,#2858,.F.);
#3843=ORIENTED_EDGE('',*,*,#2847,.T.);
#3844=ORIENTED_EDGE('',*,*,#2859,.T.);
#3845=ORIENTED_EDGE('',*,*,#2860,.T.);
#3846=ORIENTED_EDGE('',*,*,#2856,.F.);
#3847=ORIENTED_EDGE('',*,*,#2846,.T.);
#3848=ORIENTED_EDGE('',*,*,#2861,.T.);
#3849=ORIENTED_EDGE('',*,*,#2862,.T.);
#3850=ORIENTED_EDGE('',*,*,#2859,.F.);
#3851=ORIENTED_EDGE('',*,*,#2845,.T.);
#3852=ORIENTED_EDGE('',*,*,#2863,.T.);
#3853=ORIENTED_EDGE('',*,*,#2864,.T.);
#3854=ORIENTED_EDGE('',*,*,#2861,.F.);
#3855=ORIENTED_EDGE('',*,*,#2844,.T.);
#3856=ORIENTED_EDGE('',*,*,#2865,.T.);
#3857=ORIENTED_EDGE('',*,*,#2866,.T.);
#3858=ORIENTED_EDGE('',*,*,#2863,.F.);
#3859=ORIENTED_EDGE('',*,*,#2843,.T.);
#3860=ORIENTED_EDGE('',*,*,#2867,.T.);
#3861=ORIENTED_EDGE('',*,*,#2868,.T.);
#3862=ORIENTED_EDGE('',*,*,#2865,.F.);
#3863=ORIENTED_EDGE('',*,*,#2842,.T.);
#3864=ORIENTED_EDGE('',*,*,#2869,.T.);
#3865=ORIENTED_EDGE('',*,*,#2870,.T.);
#3866=ORIENTED_EDGE('',*,*,#2867,.F.);
#3867=ORIENTED_EDGE('',*,*,#2871,.F.);
#3868=ORIENTED_EDGE('',*,*,#2872,.F.);
#3869=ORIENTED_EDGE('',*,*,#2873,.F.);
#3870=ORIENTED_EDGE('',*,*,#2874,.F.);
#3871=ORIENTED_EDGE('',*,*,#2875,.F.);
#3872=ORIENTED_EDGE('',*,*,#2876,.F.);
#3873=ORIENTED_EDGE('',*,*,#2877,.F.);
#3874=ORIENTED_EDGE('',*,*,#2878,.F.);
#3875=ORIENTED_EDGE('',*,*,#2857,.F.);
#3876=ORIENTED_EDGE('',*,*,#2860,.F.);
#3877=ORIENTED_EDGE('',*,*,#2862,.F.);
#3878=ORIENTED_EDGE('',*,*,#2864,.F.);
#3879=ORIENTED_EDGE('',*,*,#2866,.F.);
#3880=ORIENTED_EDGE('',*,*,#2868,.F.);
#3881=ORIENTED_EDGE('',*,*,#2870,.F.);
#3882=ORIENTED_EDGE('',*,*,#2841,.T.);
#3883=ORIENTED_EDGE('',*,*,#2879,.T.);
#3884=ORIENTED_EDGE('',*,*,#2871,.T.);
#3885=ORIENTED_EDGE('',*,*,#2869,.F.);
#3886=ORIENTED_EDGE('',*,*,#2849,.T.);
#3887=ORIENTED_EDGE('',*,*,#2858,.T.);
#3888=ORIENTED_EDGE('',*,*,#2878,.T.);
#3889=ORIENTED_EDGE('',*,*,#2880,.F.);
#3890=ORIENTED_EDGE('',*,*,#2850,.T.);
#3891=ORIENTED_EDGE('',*,*,#2880,.T.);
#3892=ORIENTED_EDGE('',*,*,#2877,.T.);
#3893=ORIENTED_EDGE('',*,*,#2881,.F.);
#3894=ORIENTED_EDGE('',*,*,#2851,.T.);
#3895=ORIENTED_EDGE('',*,*,#2881,.T.);
#3896=ORIENTED_EDGE('',*,*,#2876,.T.);
#3897=ORIENTED_EDGE('',*,*,#2882,.F.);
#3898=ORIENTED_EDGE('',*,*,#2852,.T.);
#3899=ORIENTED_EDGE('',*,*,#2882,.T.);
#3900=ORIENTED_EDGE('',*,*,#2875,.T.);
#3901=ORIENTED_EDGE('',*,*,#2883,.F.);
#3902=ORIENTED_EDGE('',*,*,#2853,.T.);
#3903=ORIENTED_EDGE('',*,*,#2883,.T.);
#3904=ORIENTED_EDGE('',*,*,#2874,.T.);
#3905=ORIENTED_EDGE('',*,*,#2884,.F.);
#3906=ORIENTED_EDGE('',*,*,#2854,.T.);
#3907=ORIENTED_EDGE('',*,*,#2884,.T.);
#3908=ORIENTED_EDGE('',*,*,#2873,.T.);
#3909=ORIENTED_EDGE('',*,*,#2885,.F.);
#3910=ORIENTED_EDGE('',*,*,#2855,.T.);
#3911=ORIENTED_EDGE('',*,*,#2885,.T.);
#3912=ORIENTED_EDGE('',*,*,#2872,.T.);
#3913=ORIENTED_EDGE('',*,*,#2879,.F.);
#3914=ORIENTED_EDGE('',*,*,#2886,.T.);
#3915=ORIENTED_EDGE('',*,*,#2887,.T.);
#3916=ORIENTED_EDGE('',*,*,#2888,.T.);
#3917=ORIENTED_EDGE('',*,*,#2889,.F.);
#3918=ORIENTED_EDGE('',*,*,#2890,.T.);
#3919=ORIENTED_EDGE('',*,*,#2891,.T.);
#3920=ORIENTED_EDGE('',*,*,#2892,.T.);
#3921=ORIENTED_EDGE('',*,*,#2887,.F.);
#3922=ORIENTED_EDGE('',*,*,#2893,.T.);
#3923=ORIENTED_EDGE('',*,*,#2894,.T.);
#3924=ORIENTED_EDGE('',*,*,#2895,.T.);
#3925=ORIENTED_EDGE('',*,*,#2891,.F.);
#3926=ORIENTED_EDGE('',*,*,#2896,.T.);
#3927=ORIENTED_EDGE('',*,*,#2897,.T.);
#3928=ORIENTED_EDGE('',*,*,#2898,.T.);
#3929=ORIENTED_EDGE('',*,*,#2894,.F.);
#3930=ORIENTED_EDGE('',*,*,#2899,.T.);
#3931=ORIENTED_EDGE('',*,*,#2900,.T.);
#3932=ORIENTED_EDGE('',*,*,#2901,.T.);
#3933=ORIENTED_EDGE('',*,*,#2897,.F.);
#3934=ORIENTED_EDGE('',*,*,#2902,.T.);
#3935=ORIENTED_EDGE('',*,*,#2903,.T.);
#3936=ORIENTED_EDGE('',*,*,#2904,.T.);
#3937=ORIENTED_EDGE('',*,*,#2900,.F.);
#3938=ORIENTED_EDGE('',*,*,#2905,.T.);
#3939=ORIENTED_EDGE('',*,*,#2906,.T.);
#3940=ORIENTED_EDGE('',*,*,#2907,.T.);
#3941=ORIENTED_EDGE('',*,*,#2903,.F.);
#3942=ORIENTED_EDGE('',*,*,#2908,.T.);
#3943=ORIENTED_EDGE('',*,*,#2909,.T.);
#3944=ORIENTED_EDGE('',*,*,#2910,.T.);
#3945=ORIENTED_EDGE('',*,*,#2906,.F.);
#3946=ORIENTED_EDGE('',*,*,#2911,.T.);
#3947=ORIENTED_EDGE('',*,*,#2912,.T.);
#3948=ORIENTED_EDGE('',*,*,#2913,.T.);
#3949=ORIENTED_EDGE('',*,*,#2909,.F.);
#3950=ORIENTED_EDGE('',*,*,#2914,.T.);
#3951=ORIENTED_EDGE('',*,*,#2889,.T.);
#3952=ORIENTED_EDGE('',*,*,#2915,.T.);
#3953=ORIENTED_EDGE('',*,*,#2916,.F.);
#3954=ORIENTED_EDGE('',*,*,#2915,.F.);
#3955=ORIENTED_EDGE('',*,*,#2888,.F.);
#3956=ORIENTED_EDGE('',*,*,#2892,.F.);
#3957=ORIENTED_EDGE('',*,*,#2895,.F.);
#3958=ORIENTED_EDGE('',*,*,#2898,.F.);
#3959=ORIENTED_EDGE('',*,*,#2901,.F.);
#3960=ORIENTED_EDGE('',*,*,#2904,.F.);
#3961=ORIENTED_EDGE('',*,*,#2907,.F.);
#3962=ORIENTED_EDGE('',*,*,#2910,.F.);
#3963=ORIENTED_EDGE('',*,*,#2913,.F.);
#3964=ORIENTED_EDGE('',*,*,#2917,.F.);
#3965=ORIENTED_EDGE('',*,*,#2918,.F.);
#3966=ORIENTED_EDGE('',*,*,#2919,.F.);
#3967=ORIENTED_EDGE('',*,*,#2920,.F.);
#3968=ORIENTED_EDGE('',*,*,#2921,.F.);
#3969=ORIENTED_EDGE('',*,*,#2922,.F.);
#3970=ORIENTED_EDGE('',*,*,#2923,.F.);
#3971=ORIENTED_EDGE('',*,*,#2924,.F.);
#3972=ORIENTED_EDGE('',*,*,#2925,.F.);
#3973=ORIENTED_EDGE('',*,*,#2926,.T.);
#3974=ORIENTED_EDGE('',*,*,#2916,.T.);
#3975=ORIENTED_EDGE('',*,*,#2925,.T.);
#3976=ORIENTED_EDGE('',*,*,#2927,.F.);
#3977=ORIENTED_EDGE('',*,*,#2928,.T.);
#3978=ORIENTED_EDGE('',*,*,#2927,.T.);
#3979=ORIENTED_EDGE('',*,*,#2924,.T.);
#3980=ORIENTED_EDGE('',*,*,#2929,.F.);
#3981=ORIENTED_EDGE('',*,*,#2930,.T.);
#3982=ORIENTED_EDGE('',*,*,#2929,.T.);
#3983=ORIENTED_EDGE('',*,*,#2923,.T.);
#3984=ORIENTED_EDGE('',*,*,#2931,.F.);
#3985=ORIENTED_EDGE('',*,*,#2932,.T.);
#3986=ORIENTED_EDGE('',*,*,#2931,.T.);
#3987=ORIENTED_EDGE('',*,*,#2922,.T.);
#3988=ORIENTED_EDGE('',*,*,#2933,.F.);
#3989=ORIENTED_EDGE('',*,*,#2934,.T.);
#3990=ORIENTED_EDGE('',*,*,#2933,.T.);
#3991=ORIENTED_EDGE('',*,*,#2921,.T.);
#3992=ORIENTED_EDGE('',*,*,#2935,.F.);
#3993=ORIENTED_EDGE('',*,*,#2936,.T.);
#3994=ORIENTED_EDGE('',*,*,#2935,.T.);
#3995=ORIENTED_EDGE('',*,*,#2920,.T.);
#3996=ORIENTED_EDGE('',*,*,#2937,.F.);
#3997=ORIENTED_EDGE('',*,*,#2938,.T.);
#3998=ORIENTED_EDGE('',*,*,#2937,.T.);
#3999=ORIENTED_EDGE('',*,*,#2919,.T.);
#4000=ORIENTED_EDGE('',*,*,#2939,.F.);
#4001=ORIENTED_EDGE('',*,*,#2940,.T.);
#4002=ORIENTED_EDGE('',*,*,#2939,.T.);
#4003=ORIENTED_EDGE('',*,*,#2918,.T.);
#4004=ORIENTED_EDGE('',*,*,#2941,.F.);
#4005=ORIENTED_EDGE('',*,*,#2942,.T.);
#4006=ORIENTED_EDGE('',*,*,#2941,.T.);
#4007=ORIENTED_EDGE('',*,*,#2917,.T.);
#4008=ORIENTED_EDGE('',*,*,#2912,.F.);
#4009=ORIENTED_EDGE('',*,*,#2914,.F.);
#4010=ORIENTED_EDGE('',*,*,#2926,.F.);
#4011=ORIENTED_EDGE('',*,*,#2928,.F.);
#4012=ORIENTED_EDGE('',*,*,#2930,.F.);
#4013=ORIENTED_EDGE('',*,*,#2932,.F.);
#4014=ORIENTED_EDGE('',*,*,#2934,.F.);
#4015=ORIENTED_EDGE('',*,*,#2936,.F.);
#4016=ORIENTED_EDGE('',*,*,#2938,.F.);
#4017=ORIENTED_EDGE('',*,*,#2940,.F.);
#4018=ORIENTED_EDGE('',*,*,#2942,.F.);
#4019=ORIENTED_EDGE('',*,*,#2911,.F.);
#4020=ORIENTED_EDGE('',*,*,#2908,.F.);
#4021=ORIENTED_EDGE('',*,*,#2905,.F.);
#4022=ORIENTED_EDGE('',*,*,#2902,.F.);
#4023=ORIENTED_EDGE('',*,*,#2899,.F.);
#4024=ORIENTED_EDGE('',*,*,#2896,.F.);
#4025=ORIENTED_EDGE('',*,*,#2893,.F.);
#4026=ORIENTED_EDGE('',*,*,#2890,.F.);
#4027=ORIENTED_EDGE('',*,*,#2886,.F.);
#4028=ORIENTED_EDGE('',*,*,#2943,.F.);
#4029=ORIENTED_EDGE('',*,*,#2944,.F.);
#4030=ORIENTED_EDGE('',*,*,#2945,.F.);
#4031=ORIENTED_EDGE('',*,*,#2946,.F.);
#4032=ORIENTED_EDGE('',*,*,#2947,.F.);
#4033=ORIENTED_EDGE('',*,*,#2948,.F.);
#4034=ORIENTED_EDGE('',*,*,#2949,.F.);
#4035=ORIENTED_EDGE('',*,*,#2950,.F.);
#4036=ORIENTED_EDGE('',*,*,#2951,.F.);
#4037=ORIENTED_EDGE('',*,*,#2952,.F.);
#4038=ORIENTED_EDGE('',*,*,#2953,.F.);
#4039=ORIENTED_EDGE('',*,*,#2954,.F.);
#4040=ORIENTED_EDGE('',*,*,#2955,.F.);
#4041=ORIENTED_EDGE('',*,*,#2956,.F.);
#4042=ORIENTED_EDGE('',*,*,#2957,.F.);
#4043=ORIENTED_EDGE('',*,*,#2958,.F.);
#4044=ORIENTED_EDGE('',*,*,#2959,.F.);
#4045=ORIENTED_EDGE('',*,*,#2960,.F.);
#4046=ORIENTED_EDGE('',*,*,#2961,.F.);
#4047=ORIENTED_EDGE('',*,*,#2962,.F.);
#4048=ORIENTED_EDGE('',*,*,#2963,.F.);
#4049=ORIENTED_EDGE('',*,*,#2964,.F.);
#4050=ORIENTED_EDGE('',*,*,#2965,.F.);
#4051=ORIENTED_EDGE('',*,*,#2966,.F.);
#4052=ORIENTED_EDGE('',*,*,#2967,.F.);
#4053=ORIENTED_EDGE('',*,*,#2968,.F.);
#4054=ORIENTED_EDGE('',*,*,#2969,.F.);
#4055=ORIENTED_EDGE('',*,*,#2970,.F.);
#4056=ORIENTED_EDGE('',*,*,#2971,.F.);
#4057=ORIENTED_EDGE('',*,*,#2972,.F.);
#4058=ORIENTED_EDGE('',*,*,#2973,.F.);
#4059=ORIENTED_EDGE('',*,*,#2974,.F.);
#4060=ORIENTED_EDGE('',*,*,#2975,.F.);
#4061=ORIENTED_EDGE('',*,*,#2976,.F.);
#4062=ORIENTED_EDGE('',*,*,#2973,.T.);
#4063=ORIENTED_EDGE('',*,*,#2977,.T.);
#4064=ORIENTED_EDGE('',*,*,#2978,.T.);
#4065=ORIENTED_EDGE('',*,*,#2979,.F.);
#4066=ORIENTED_EDGE('',*,*,#2972,.T.);
#4067=ORIENTED_EDGE('',*,*,#2980,.T.);
#4068=ORIENTED_EDGE('',*,*,#2981,.T.);
#4069=ORIENTED_EDGE('',*,*,#2977,.F.);
#4070=ORIENTED_EDGE('',*,*,#2971,.T.);
#4071=ORIENTED_EDGE('',*,*,#2982,.T.);
#4072=ORIENTED_EDGE('',*,*,#2983,.T.);
#4073=ORIENTED_EDGE('',*,*,#2980,.F.);
#4074=ORIENTED_EDGE('',*,*,#2970,.T.);
#4075=ORIENTED_EDGE('',*,*,#2984,.T.);
#4076=ORIENTED_EDGE('',*,*,#2985,.T.);
#4077=ORIENTED_EDGE('',*,*,#2982,.F.);
#4078=ORIENTED_EDGE('',*,*,#2956,.T.);
#4079=ORIENTED_EDGE('',*,*,#2986,.T.);
#4080=ORIENTED_EDGE('',*,*,#2987,.T.);
#4081=ORIENTED_EDGE('',*,*,#2988,.F.);
#4082=ORIENTED_EDGE('',*,*,#2955,.T.);
#4083=ORIENTED_EDGE('',*,*,#2989,.T.);
#4084=ORIENTED_EDGE('',*,*,#2990,.T.);
#4085=ORIENTED_EDGE('',*,*,#2986,.F.);
#4086=ORIENTED_EDGE('',*,*,#2954,.T.);
#4087=ORIENTED_EDGE('',*,*,#2991,.T.);
#4088=ORIENTED_EDGE('',*,*,#2992,.T.);
#4089=ORIENTED_EDGE('',*,*,#2989,.F.);
#4090=ORIENTED_EDGE('',*,*,#2953,.T.);
#4091=ORIENTED_EDGE('',*,*,#2993,.T.);
#4092=ORIENTED_EDGE('',*,*,#2994,.T.);
#4093=ORIENTED_EDGE('',*,*,#2991,.F.);
#4094=ORIENTED_EDGE('',*,*,#2952,.T.);
#4095=ORIENTED_EDGE('',*,*,#2995,.T.);
#4096=ORIENTED_EDGE('',*,*,#2996,.T.);
#4097=ORIENTED_EDGE('',*,*,#2993,.F.);
#4098=ORIENTED_EDGE('',*,*,#2951,.T.);
#4099=ORIENTED_EDGE('',*,*,#2997,.T.);
#4100=ORIENTED_EDGE('',*,*,#2998,.T.);
#4101=ORIENTED_EDGE('',*,*,#2995,.F.);
#4102=ORIENTED_EDGE('',*,*,#2950,.T.);
#4103=ORIENTED_EDGE('',*,*,#2999,.T.);
#4104=ORIENTED_EDGE('',*,*,#3000,.T.);
#4105=ORIENTED_EDGE('',*,*,#2997,.F.);
#4106=ORIENTED_EDGE('',*,*,#2949,.T.);
#4107=ORIENTED_EDGE('',*,*,#3001,.T.);
#4108=ORIENTED_EDGE('',*,*,#3002,.T.);
#4109=ORIENTED_EDGE('',*,*,#2999,.F.);
#4110=ORIENTED_EDGE('',*,*,#2948,.T.);
#4111=ORIENTED_EDGE('',*,*,#3003,.T.);
#4112=ORIENTED_EDGE('',*,*,#3004,.T.);
#4113=ORIENTED_EDGE('',*,*,#3001,.F.);
#4114=ORIENTED_EDGE('',*,*,#2947,.T.);
#4115=ORIENTED_EDGE('',*,*,#3005,.T.);
#4116=ORIENTED_EDGE('',*,*,#3006,.T.);
#4117=ORIENTED_EDGE('',*,*,#3003,.F.);
#4118=ORIENTED_EDGE('',*,*,#2946,.T.);
#4119=ORIENTED_EDGE('',*,*,#3007,.T.);
#4120=ORIENTED_EDGE('',*,*,#3008,.T.);
#4121=ORIENTED_EDGE('',*,*,#3005,.F.);
#4122=ORIENTED_EDGE('',*,*,#2945,.T.);
#4123=ORIENTED_EDGE('',*,*,#3009,.T.);
#4124=ORIENTED_EDGE('',*,*,#3010,.T.);
#4125=ORIENTED_EDGE('',*,*,#3007,.F.);
#4126=ORIENTED_EDGE('',*,*,#2944,.T.);
#4127=ORIENTED_EDGE('',*,*,#3011,.T.);
#4128=ORIENTED_EDGE('',*,*,#3012,.T.);
#4129=ORIENTED_EDGE('',*,*,#3009,.F.);
#4130=ORIENTED_EDGE('',*,*,#3013,.F.);
#4131=ORIENTED_EDGE('',*,*,#3014,.F.);
#4132=ORIENTED_EDGE('',*,*,#3015,.F.);
#4133=ORIENTED_EDGE('',*,*,#3016,.F.);
#4134=ORIENTED_EDGE('',*,*,#3017,.F.);
#4135=ORIENTED_EDGE('',*,*,#3018,.F.);
#4136=ORIENTED_EDGE('',*,*,#3019,.F.);
#4137=ORIENTED_EDGE('',*,*,#3020,.F.);
#4138=ORIENTED_EDGE('',*,*,#3021,.F.);
#4139=ORIENTED_EDGE('',*,*,#3022,.F.);
#4140=ORIENTED_EDGE('',*,*,#3023,.F.);
#4141=ORIENTED_EDGE('',*,*,#3024,.F.);
#4142=ORIENTED_EDGE('',*,*,#3025,.F.);
#4143=ORIENTED_EDGE('',*,*,#2987,.F.);
#4144=ORIENTED_EDGE('',*,*,#2990,.F.);
#4145=ORIENTED_EDGE('',*,*,#2992,.F.);
#4146=ORIENTED_EDGE('',*,*,#2994,.F.);
#4147=ORIENTED_EDGE('',*,*,#2996,.F.);
#4148=ORIENTED_EDGE('',*,*,#2998,.F.);
#4149=ORIENTED_EDGE('',*,*,#3000,.F.);
#4150=ORIENTED_EDGE('',*,*,#3002,.F.);
#4151=ORIENTED_EDGE('',*,*,#3004,.F.);
#4152=ORIENTED_EDGE('',*,*,#3006,.F.);
#4153=ORIENTED_EDGE('',*,*,#3008,.F.);
#4154=ORIENTED_EDGE('',*,*,#3010,.F.);
#4155=ORIENTED_EDGE('',*,*,#3012,.F.);
#4156=ORIENTED_EDGE('',*,*,#3026,.F.);
#4157=ORIENTED_EDGE('',*,*,#3027,.F.);
#4158=ORIENTED_EDGE('',*,*,#3028,.F.);
#4159=ORIENTED_EDGE('',*,*,#3029,.F.);
#4160=ORIENTED_EDGE('',*,*,#2978,.F.);
#4161=ORIENTED_EDGE('',*,*,#2981,.F.);
#4162=ORIENTED_EDGE('',*,*,#2983,.F.);
#4163=ORIENTED_EDGE('',*,*,#2985,.F.);
#4164=ORIENTED_EDGE('',*,*,#2969,.T.);
#4165=ORIENTED_EDGE('',*,*,#3030,.T.);
#4166=ORIENTED_EDGE('',*,*,#3026,.T.);
#4167=ORIENTED_EDGE('',*,*,#2984,.F.);
#4168=ORIENTED_EDGE('',*,*,#2974,.T.);
#4169=ORIENTED_EDGE('',*,*,#2979,.T.);
#4170=ORIENTED_EDGE('',*,*,#3029,.T.);
#4171=ORIENTED_EDGE('',*,*,#3031,.F.);
#4172=ORIENTED_EDGE('',*,*,#2975,.T.);
#4173=ORIENTED_EDGE('',*,*,#3031,.T.);
#4174=ORIENTED_EDGE('',*,*,#3028,.T.);
#4175=ORIENTED_EDGE('',*,*,#3032,.F.);
#4176=ORIENTED_EDGE('',*,*,#2976,.T.);
#4177=ORIENTED_EDGE('',*,*,#3032,.T.);
#4178=ORIENTED_EDGE('',*,*,#3027,.T.);
#4179=ORIENTED_EDGE('',*,*,#3030,.F.);
#4180=ORIENTED_EDGE('',*,*,#2943,.T.);
#4181=ORIENTED_EDGE('',*,*,#3033,.T.);
#4182=ORIENTED_EDGE('',*,*,#3013,.T.);
#4183=ORIENTED_EDGE('',*,*,#3011,.F.);
#4184=ORIENTED_EDGE('',*,*,#2957,.T.);
#4185=ORIENTED_EDGE('',*,*,#2988,.T.);
#4186=ORIENTED_EDGE('',*,*,#3025,.T.);
#4187=ORIENTED_EDGE('',*,*,#3034,.F.);
#4188=ORIENTED_EDGE('',*,*,#2958,.T.);
#4189=ORIENTED_EDGE('',*,*,#3034,.T.);
#4190=ORIENTED_EDGE('',*,*,#3024,.T.);
#4191=ORIENTED_EDGE('',*,*,#3035,.F.);
#4192=ORIENTED_EDGE('',*,*,#2959,.T.);
#4193=ORIENTED_EDGE('',*,*,#3035,.T.);
#4194=ORIENTED_EDGE('',*,*,#3023,.T.);
#4195=ORIENTED_EDGE('',*,*,#3036,.F.);
#4196=ORIENTED_EDGE('',*,*,#2960,.T.);
#4197=ORIENTED_EDGE('',*,*,#3036,.T.);
#4198=ORIENTED_EDGE('',*,*,#3022,.T.);
#4199=ORIENTED_EDGE('',*,*,#3037,.F.);
#4200=ORIENTED_EDGE('',*,*,#2961,.T.);
#4201=ORIENTED_EDGE('',*,*,#3037,.T.);
#4202=ORIENTED_EDGE('',*,*,#3021,.T.);
#4203=ORIENTED_EDGE('',*,*,#3038,.F.);
#4204=ORIENTED_EDGE('',*,*,#2962,.T.);
#4205=ORIENTED_EDGE('',*,*,#3038,.T.);
#4206=ORIENTED_EDGE('',*,*,#3020,.T.);
#4207=ORIENTED_EDGE('',*,*,#3039,.F.);
#4208=ORIENTED_EDGE('',*,*,#2963,.T.);
#4209=ORIENTED_EDGE('',*,*,#3039,.T.);
#4210=ORIENTED_EDGE('',*,*,#3019,.T.);
#4211=ORIENTED_EDGE('',*,*,#3040,.F.);
#4212=ORIENTED_EDGE('',*,*,#2964,.T.);
#4213=ORIENTED_EDGE('',*,*,#3040,.T.);
#4214=ORIENTED_EDGE('',*,*,#3018,.T.);
#4215=ORIENTED_EDGE('',*,*,#3041,.F.);
#4216=ORIENTED_EDGE('',*,*,#2965,.T.);
#4217=ORIENTED_EDGE('',*,*,#3041,.T.);
#4218=ORIENTED_EDGE('',*,*,#3017,.T.);
#4219=ORIENTED_EDGE('',*,*,#3042,.F.);
#4220=ORIENTED_EDGE('',*,*,#2966,.T.);
#4221=ORIENTED_EDGE('',*,*,#3042,.T.);
#4222=ORIENTED_EDGE('',*,*,#3016,.T.);
#4223=ORIENTED_EDGE('',*,*,#3043,.F.);
#4224=ORIENTED_EDGE('',*,*,#2967,.T.);
#4225=ORIENTED_EDGE('',*,*,#3043,.T.);
#4226=ORIENTED_EDGE('',*,*,#3015,.T.);
#4227=ORIENTED_EDGE('',*,*,#3044,.F.);
#4228=ORIENTED_EDGE('',*,*,#2968,.T.);
#4229=ORIENTED_EDGE('',*,*,#3044,.T.);
#4230=ORIENTED_EDGE('',*,*,#3014,.T.);
#4231=ORIENTED_EDGE('',*,*,#3033,.F.);
#4232=ORIENTED_EDGE('',*,*,#3045,.T.);
#4233=ORIENTED_EDGE('',*,*,#3046,.T.);
#4234=ORIENTED_EDGE('',*,*,#3047,.T.);
#4235=ORIENTED_EDGE('',*,*,#3048,.F.);
#4236=ORIENTED_EDGE('',*,*,#3049,.T.);
#4237=ORIENTED_EDGE('',*,*,#3050,.T.);
#4238=ORIENTED_EDGE('',*,*,#3051,.T.);
#4239=ORIENTED_EDGE('',*,*,#3046,.F.);
#4240=ORIENTED_EDGE('',*,*,#3052,.T.);
#4241=ORIENTED_EDGE('',*,*,#3053,.T.);
#4242=ORIENTED_EDGE('',*,*,#3054,.T.);
#4243=ORIENTED_EDGE('',*,*,#3050,.F.);
#4244=ORIENTED_EDGE('',*,*,#3055,.T.);
#4245=ORIENTED_EDGE('',*,*,#3056,.T.);
#4246=ORIENTED_EDGE('',*,*,#3057,.T.);
#4247=ORIENTED_EDGE('',*,*,#3053,.F.);
#4248=ORIENTED_EDGE('',*,*,#3058,.T.);
#4249=ORIENTED_EDGE('',*,*,#3059,.T.);
#4250=ORIENTED_EDGE('',*,*,#3060,.T.);
#4251=ORIENTED_EDGE('',*,*,#3056,.F.);
#4252=ORIENTED_EDGE('',*,*,#3061,.T.);
#4253=ORIENTED_EDGE('',*,*,#3062,.T.);
#4254=ORIENTED_EDGE('',*,*,#3063,.T.);
#4255=ORIENTED_EDGE('',*,*,#3059,.F.);
#4256=ORIENTED_EDGE('',*,*,#3064,.T.);
#4257=ORIENTED_EDGE('',*,*,#3065,.T.);
#4258=ORIENTED_EDGE('',*,*,#3066,.T.);
#4259=ORIENTED_EDGE('',*,*,#3062,.F.);
#4260=ORIENTED_EDGE('',*,*,#3067,.T.);
#4261=ORIENTED_EDGE('',*,*,#3048,.T.);
#4262=ORIENTED_EDGE('',*,*,#3068,.T.);
#4263=ORIENTED_EDGE('',*,*,#3069,.F.);
#4264=ORIENTED_EDGE('',*,*,#3068,.F.);
#4265=ORIENTED_EDGE('',*,*,#3047,.F.);
#4266=ORIENTED_EDGE('',*,*,#3051,.F.);
#4267=ORIENTED_EDGE('',*,*,#3054,.F.);
#4268=ORIENTED_EDGE('',*,*,#3057,.F.);
#4269=ORIENTED_EDGE('',*,*,#3060,.F.);
#4270=ORIENTED_EDGE('',*,*,#3063,.F.);
#4271=ORIENTED_EDGE('',*,*,#3066,.F.);
#4272=ORIENTED_EDGE('',*,*,#3070,.F.);
#4273=ORIENTED_EDGE('',*,*,#3071,.F.);
#4274=ORIENTED_EDGE('',*,*,#3072,.F.);
#4275=ORIENTED_EDGE('',*,*,#3073,.F.);
#4276=ORIENTED_EDGE('',*,*,#3074,.F.);
#4277=ORIENTED_EDGE('',*,*,#3075,.F.);
#4278=ORIENTED_EDGE('',*,*,#3076,.F.);
#4279=ORIENTED_EDGE('',*,*,#3077,.T.);
#4280=ORIENTED_EDGE('',*,*,#3069,.T.);
#4281=ORIENTED_EDGE('',*,*,#3076,.T.);
#4282=ORIENTED_EDGE('',*,*,#3078,.F.);
#4283=ORIENTED_EDGE('',*,*,#3079,.T.);
#4284=ORIENTED_EDGE('',*,*,#3078,.T.);
#4285=ORIENTED_EDGE('',*,*,#3075,.T.);
#4286=ORIENTED_EDGE('',*,*,#3080,.F.);
#4287=ORIENTED_EDGE('',*,*,#3081,.T.);
#4288=ORIENTED_EDGE('',*,*,#3080,.T.);
#4289=ORIENTED_EDGE('',*,*,#3074,.T.);
#4290=ORIENTED_EDGE('',*,*,#3082,.F.);
#4291=ORIENTED_EDGE('',*,*,#3083,.T.);
#4292=ORIENTED_EDGE('',*,*,#3082,.T.);
#4293=ORIENTED_EDGE('',*,*,#3073,.T.);
#4294=ORIENTED_EDGE('',*,*,#3084,.F.);
#4295=ORIENTED_EDGE('',*,*,#3085,.T.);
#4296=ORIENTED_EDGE('',*,*,#3084,.T.);
#4297=ORIENTED_EDGE('',*,*,#3072,.T.);
#4298=ORIENTED_EDGE('',*,*,#3086,.F.);
#4299=ORIENTED_EDGE('',*,*,#3087,.T.);
#4300=ORIENTED_EDGE('',*,*,#3086,.T.);
#4301=ORIENTED_EDGE('',*,*,#3071,.T.);
#4302=ORIENTED_EDGE('',*,*,#3088,.F.);
#4303=ORIENTED_EDGE('',*,*,#3089,.T.);
#4304=ORIENTED_EDGE('',*,*,#3088,.T.);
#4305=ORIENTED_EDGE('',*,*,#3070,.T.);
#4306=ORIENTED_EDGE('',*,*,#3065,.F.);
#4307=ORIENTED_EDGE('',*,*,#3067,.F.);
#4308=ORIENTED_EDGE('',*,*,#3077,.F.);
#4309=ORIENTED_EDGE('',*,*,#3079,.F.);
#4310=ORIENTED_EDGE('',*,*,#3081,.F.);
#4311=ORIENTED_EDGE('',*,*,#3083,.F.);
#4312=ORIENTED_EDGE('',*,*,#3085,.F.);
#4313=ORIENTED_EDGE('',*,*,#3087,.F.);
#4314=ORIENTED_EDGE('',*,*,#3089,.F.);
#4315=ORIENTED_EDGE('',*,*,#3064,.F.);
#4316=ORIENTED_EDGE('',*,*,#3061,.F.);
#4317=ORIENTED_EDGE('',*,*,#3058,.F.);
#4318=ORIENTED_EDGE('',*,*,#3055,.F.);
#4319=ORIENTED_EDGE('',*,*,#3052,.F.);
#4320=ORIENTED_EDGE('',*,*,#3049,.F.);
#4321=ORIENTED_EDGE('',*,*,#3045,.F.);
#4322=ORIENTED_EDGE('',*,*,#3090,.F.);
#4323=ORIENTED_EDGE('',*,*,#3091,.F.);
#4324=ORIENTED_EDGE('',*,*,#3092,.F.);
#4325=ORIENTED_EDGE('',*,*,#3093,.F.);
#4326=ORIENTED_EDGE('',*,*,#3094,.F.);
#4327=ORIENTED_EDGE('',*,*,#3095,.F.);
#4328=ORIENTED_EDGE('',*,*,#3096,.F.);
#4329=ORIENTED_EDGE('',*,*,#3097,.F.);
#4330=ORIENTED_EDGE('',*,*,#3098,.F.);
#4331=ORIENTED_EDGE('',*,*,#3099,.F.);
#4332=ORIENTED_EDGE('',*,*,#3100,.F.);
#4333=ORIENTED_EDGE('',*,*,#3101,.F.);
#4334=ORIENTED_EDGE('',*,*,#3102,.F.);
#4335=ORIENTED_EDGE('',*,*,#3103,.F.);
#4336=ORIENTED_EDGE('',*,*,#3104,.F.);
#4337=ORIENTED_EDGE('',*,*,#3105,.F.);
#4338=ORIENTED_EDGE('',*,*,#3106,.F.);
#4339=ORIENTED_EDGE('',*,*,#3107,.F.);
#4340=ORIENTED_EDGE('',*,*,#3108,.F.);
#4341=ORIENTED_EDGE('',*,*,#3109,.F.);
#4342=ORIENTED_EDGE('',*,*,#3110,.F.);
#4343=ORIENTED_EDGE('',*,*,#3111,.F.);
#4344=ORIENTED_EDGE('',*,*,#3112,.F.);
#4345=ORIENTED_EDGE('',*,*,#3113,.F.);
#4346=ORIENTED_EDGE('',*,*,#3114,.F.);
#4347=ORIENTED_EDGE('',*,*,#3102,.T.);
#4348=ORIENTED_EDGE('',*,*,#3115,.T.);
#4349=ORIENTED_EDGE('',*,*,#3116,.T.);
#4350=ORIENTED_EDGE('',*,*,#3117,.F.);
#4351=ORIENTED_EDGE('',*,*,#3101,.T.);
#4352=ORIENTED_EDGE('',*,*,#3118,.T.);
#4353=ORIENTED_EDGE('',*,*,#3119,.T.);
#4354=ORIENTED_EDGE('',*,*,#3115,.F.);
#4355=ORIENTED_EDGE('',*,*,#3100,.T.);
#4356=ORIENTED_EDGE('',*,*,#3120,.T.);
#4357=ORIENTED_EDGE('',*,*,#3121,.T.);
#4358=ORIENTED_EDGE('',*,*,#3118,.F.);
#4359=ORIENTED_EDGE('',*,*,#3099,.T.);
#4360=ORIENTED_EDGE('',*,*,#3122,.T.);
#4361=ORIENTED_EDGE('',*,*,#3123,.T.);
#4362=ORIENTED_EDGE('',*,*,#3120,.F.);
#4363=ORIENTED_EDGE('',*,*,#3098,.T.);
#4364=ORIENTED_EDGE('',*,*,#3124,.T.);
#4365=ORIENTED_EDGE('',*,*,#3125,.T.);
#4366=ORIENTED_EDGE('',*,*,#3122,.F.);
#4367=ORIENTED_EDGE('',*,*,#3097,.T.);
#4368=ORIENTED_EDGE('',*,*,#3126,.T.);
#4369=ORIENTED_EDGE('',*,*,#3127,.T.);
#4370=ORIENTED_EDGE('',*,*,#3124,.F.);
#4371=ORIENTED_EDGE('',*,*,#3096,.T.);
#4372=ORIENTED_EDGE('',*,*,#3128,.T.);
#4373=ORIENTED_EDGE('',*,*,#3129,.T.);
#4374=ORIENTED_EDGE('',*,*,#3126,.F.);
#4375=ORIENTED_EDGE('',*,*,#3095,.T.);
#4376=ORIENTED_EDGE('',*,*,#3130,.T.);
#4377=ORIENTED_EDGE('',*,*,#3131,.T.);
#4378=ORIENTED_EDGE('',*,*,#3128,.F.);
#4379=ORIENTED_EDGE('',*,*,#3094,.T.);
#4380=ORIENTED_EDGE('',*,*,#3132,.T.);
#4381=ORIENTED_EDGE('',*,*,#3133,.T.);
#4382=ORIENTED_EDGE('',*,*,#3130,.F.);
#4383=ORIENTED_EDGE('',*,*,#3093,.T.);
#4384=ORIENTED_EDGE('',*,*,#3134,.T.);
#4385=ORIENTED_EDGE('',*,*,#3135,.T.);
#4386=ORIENTED_EDGE('',*,*,#3132,.F.);
#4387=ORIENTED_EDGE('',*,*,#3092,.T.);
#4388=ORIENTED_EDGE('',*,*,#3136,.T.);
#4389=ORIENTED_EDGE('',*,*,#3137,.T.);
#4390=ORIENTED_EDGE('',*,*,#3134,.F.);
#4391=ORIENTED_EDGE('',*,*,#3091,.T.);
#4392=ORIENTED_EDGE('',*,*,#3138,.T.);
#4393=ORIENTED_EDGE('',*,*,#3139,.T.);
#4394=ORIENTED_EDGE('',*,*,#3136,.F.);
#4395=ORIENTED_EDGE('',*,*,#3140,.F.);
#4396=ORIENTED_EDGE('',*,*,#3141,.F.);
#4397=ORIENTED_EDGE('',*,*,#3142,.F.);
#4398=ORIENTED_EDGE('',*,*,#3143,.F.);
#4399=ORIENTED_EDGE('',*,*,#3144,.F.);
#4400=ORIENTED_EDGE('',*,*,#3145,.F.);
#4401=ORIENTED_EDGE('',*,*,#3146,.F.);
#4402=ORIENTED_EDGE('',*,*,#3147,.F.);
#4403=ORIENTED_EDGE('',*,*,#3148,.F.);
#4404=ORIENTED_EDGE('',*,*,#3149,.F.);
#4405=ORIENTED_EDGE('',*,*,#3150,.F.);
#4406=ORIENTED_EDGE('',*,*,#3151,.F.);
#4407=ORIENTED_EDGE('',*,*,#3152,.F.);
#4408=ORIENTED_EDGE('',*,*,#3116,.F.);
#4409=ORIENTED_EDGE('',*,*,#3119,.F.);
#4410=ORIENTED_EDGE('',*,*,#3121,.F.);
#4411=ORIENTED_EDGE('',*,*,#3123,.F.);
#4412=ORIENTED_EDGE('',*,*,#3125,.F.);
#4413=ORIENTED_EDGE('',*,*,#3127,.F.);
#4414=ORIENTED_EDGE('',*,*,#3129,.F.);
#4415=ORIENTED_EDGE('',*,*,#3131,.F.);
#4416=ORIENTED_EDGE('',*,*,#3133,.F.);
#4417=ORIENTED_EDGE('',*,*,#3135,.F.);
#4418=ORIENTED_EDGE('',*,*,#3137,.F.);
#4419=ORIENTED_EDGE('',*,*,#3139,.F.);
#4420=ORIENTED_EDGE('',*,*,#3090,.T.);
#4421=ORIENTED_EDGE('',*,*,#3153,.T.);
#4422=ORIENTED_EDGE('',*,*,#3140,.T.);
#4423=ORIENTED_EDGE('',*,*,#3138,.F.);
#4424=ORIENTED_EDGE('',*,*,#3103,.T.);
#4425=ORIENTED_EDGE('',*,*,#3117,.T.);
#4426=ORIENTED_EDGE('',*,*,#3152,.T.);
#4427=ORIENTED_EDGE('',*,*,#3154,.F.);
#4428=ORIENTED_EDGE('',*,*,#3104,.T.);
#4429=ORIENTED_EDGE('',*,*,#3154,.T.);
#4430=ORIENTED_EDGE('',*,*,#3151,.T.);
#4431=ORIENTED_EDGE('',*,*,#3155,.F.);
#4432=ORIENTED_EDGE('',*,*,#3105,.T.);
#4433=ORIENTED_EDGE('',*,*,#3155,.T.);
#4434=ORIENTED_EDGE('',*,*,#3150,.T.);
#4435=ORIENTED_EDGE('',*,*,#3156,.F.);
#4436=ORIENTED_EDGE('',*,*,#3106,.T.);
#4437=ORIENTED_EDGE('',*,*,#3156,.T.);
#4438=ORIENTED_EDGE('',*,*,#3149,.T.);
#4439=ORIENTED_EDGE('',*,*,#3157,.F.);
#4440=ORIENTED_EDGE('',*,*,#3107,.T.);
#4441=ORIENTED_EDGE('',*,*,#3157,.T.);
#4442=ORIENTED_EDGE('',*,*,#3148,.T.);
#4443=ORIENTED_EDGE('',*,*,#3158,.F.);
#4444=ORIENTED_EDGE('',*,*,#3108,.T.);
#4445=ORIENTED_EDGE('',*,*,#3158,.T.);
#4446=ORIENTED_EDGE('',*,*,#3147,.T.);
#4447=ORIENTED_EDGE('',*,*,#3159,.F.);
#4448=ORIENTED_EDGE('',*,*,#3109,.T.);
#4449=ORIENTED_EDGE('',*,*,#3159,.T.);
#4450=ORIENTED_EDGE('',*,*,#3146,.T.);
#4451=ORIENTED_EDGE('',*,*,#3160,.F.);
#4452=ORIENTED_EDGE('',*,*,#3110,.T.);
#4453=ORIENTED_EDGE('',*,*,#3160,.T.);
#4454=ORIENTED_EDGE('',*,*,#3145,.T.);
#4455=ORIENTED_EDGE('',*,*,#3161,.F.);
#4456=ORIENTED_EDGE('',*,*,#3111,.T.);
#4457=ORIENTED_EDGE('',*,*,#3161,.T.);
#4458=ORIENTED_EDGE('',*,*,#3144,.T.);
#4459=ORIENTED_EDGE('',*,*,#3162,.F.);
#4460=ORIENTED_EDGE('',*,*,#3112,.T.);
#4461=ORIENTED_EDGE('',*,*,#3162,.T.);
#4462=ORIENTED_EDGE('',*,*,#3143,.T.);
#4463=ORIENTED_EDGE('',*,*,#3163,.F.);
#4464=ORIENTED_EDGE('',*,*,#3113,.T.);
#4465=ORIENTED_EDGE('',*,*,#3163,.T.);
#4466=ORIENTED_EDGE('',*,*,#3142,.T.);
#4467=ORIENTED_EDGE('',*,*,#3164,.F.);
#4468=ORIENTED_EDGE('',*,*,#3114,.T.);
#4469=ORIENTED_EDGE('',*,*,#3164,.T.);
#4470=ORIENTED_EDGE('',*,*,#3141,.T.);
#4471=ORIENTED_EDGE('',*,*,#3153,.F.);
#4472=ORIENTED_EDGE('',*,*,#3165,.F.);
#4473=ORIENTED_EDGE('',*,*,#3166,.F.);
#4474=ORIENTED_EDGE('',*,*,#3167,.F.);
#4475=ORIENTED_EDGE('',*,*,#3168,.F.);
#4476=ORIENTED_EDGE('',*,*,#3167,.T.);
#4477=ORIENTED_EDGE('',*,*,#3169,.T.);
#4478=ORIENTED_EDGE('',*,*,#3170,.T.);
#4479=ORIENTED_EDGE('',*,*,#3171,.F.);
#4480=ORIENTED_EDGE('',*,*,#3166,.T.);
#4481=ORIENTED_EDGE('',*,*,#3172,.T.);
#4482=ORIENTED_EDGE('',*,*,#3173,.T.);
#4483=ORIENTED_EDGE('',*,*,#3169,.F.);
#4484=ORIENTED_EDGE('',*,*,#3174,.F.);
#4485=ORIENTED_EDGE('',*,*,#3175,.F.);
#4486=ORIENTED_EDGE('',*,*,#3170,.F.);
#4487=ORIENTED_EDGE('',*,*,#3173,.F.);
#4488=ORIENTED_EDGE('',*,*,#3165,.T.);
#4489=ORIENTED_EDGE('',*,*,#3176,.T.);
#4490=ORIENTED_EDGE('',*,*,#3174,.T.);
#4491=ORIENTED_EDGE('',*,*,#3172,.F.);
#4492=ORIENTED_EDGE('',*,*,#3168,.T.);
#4493=ORIENTED_EDGE('',*,*,#3171,.T.);
#4494=ORIENTED_EDGE('',*,*,#3175,.T.);
#4495=ORIENTED_EDGE('',*,*,#3176,.F.);
#4496=ORIENTED_EDGE('',*,*,#3177,.T.);
#4497=ORIENTED_EDGE('',*,*,#3178,.T.);
#4498=ORIENTED_EDGE('',*,*,#3178,.F.);
#4499=ORIENTED_EDGE('',*,*,#3177,.F.);
#4500=ORIENTED_EDGE('',*,*,#3179,.T.);
#4501=ORIENTED_EDGE('',*,*,#3180,.T.);
#4502=ORIENTED_EDGE('',*,*,#3181,.F.);
#4503=ORIENTED_EDGE('',*,*,#3179,.F.);
#4504=ORIENTED_EDGE('',*,*,#3182,.T.);
#4505=ORIENTED_EDGE('',*,*,#3183,.F.);
#4506=ORIENTED_EDGE('',*,*,#3184,.T.);
#4507=ORIENTED_EDGE('',*,*,#3185,.T.);
#4508=ORIENTED_EDGE('',*,*,#3180,.F.);
#4509=ORIENTED_EDGE('',*,*,#3181,.T.);
#4510=ORIENTED_EDGE('',*,*,#3186,.T.);
#4511=ORIENTED_EDGE('',*,*,#3186,.F.);
#4512=ORIENTED_EDGE('',*,*,#3187,.F.);
#4513=ORIENTED_EDGE('',*,*,#3188,.F.);
#4514=ORIENTED_EDGE('',*,*,#3189,.F.);
#4515=ORIENTED_EDGE('',*,*,#3190,.F.);
#4516=ORIENTED_EDGE('',*,*,#3189,.T.);
#4517=ORIENTED_EDGE('',*,*,#3191,.T.);
#4518=ORIENTED_EDGE('',*,*,#3192,.F.);
#4519=ORIENTED_EDGE('',*,*,#3193,.T.);
#4520=ORIENTED_EDGE('',*,*,#3188,.T.);
#4521=ORIENTED_EDGE('',*,*,#3194,.F.);
#4522=ORIENTED_EDGE('',*,*,#3195,.T.);
#4523=ORIENTED_EDGE('',*,*,#3191,.F.);
#4524=ORIENTED_EDGE('',*,*,#3196,.F.);
#4525=ORIENTED_EDGE('',*,*,#3197,.F.);
#4526=ORIENTED_EDGE('',*,*,#3198,.F.);
#4527=ORIENTED_EDGE('',*,*,#3182,.F.);
#4528=ORIENTED_EDGE('',*,*,#3199,.F.);
#4529=ORIENTED_EDGE('',*,*,#3195,.F.);
#4530=ORIENTED_EDGE('',*,*,#3200,.F.);
#4531=ORIENTED_EDGE('',*,*,#3201,.F.);
#4532=ORIENTED_EDGE('',*,*,#3202,.F.);
#4533=ORIENTED_EDGE('',*,*,#3184,.F.);
#4534=ORIENTED_EDGE('',*,*,#3203,.F.);
#4535=ORIENTED_EDGE('',*,*,#3204,.F.);
#4536=ORIENTED_EDGE('',*,*,#3199,.T.);
#4537=ORIENTED_EDGE('',*,*,#3185,.F.);
#4538=ORIENTED_EDGE('',*,*,#3202,.T.);
#4539=ORIENTED_EDGE('',*,*,#3192,.T.);
#4540=ORIENTED_EDGE('',*,*,#3198,.T.);
#4541=ORIENTED_EDGE('',*,*,#3205,.F.);
#4542=ORIENTED_EDGE('',*,*,#3203,.T.);
#4543=ORIENTED_EDGE('',*,*,#3183,.T.);
#4544=ORIENTED_EDGE('',*,*,#3197,.T.);
#4545=ORIENTED_EDGE('',*,*,#3206,.F.);
#4546=ORIENTED_EDGE('',*,*,#3204,.T.);
#4547=ORIENTED_EDGE('',*,*,#3205,.T.);
#4548=ORIENTED_EDGE('',*,*,#3187,.T.);
#4549=ORIENTED_EDGE('',*,*,#3207,.T.);
#4550=ORIENTED_EDGE('',*,*,#3200,.T.);
#4551=ORIENTED_EDGE('',*,*,#3206,.T.);
#4552=ORIENTED_EDGE('',*,*,#3196,.T.);
#4553=ORIENTED_EDGE('',*,*,#3194,.T.);
#4554=ORIENTED_EDGE('',*,*,#3190,.T.);
#4555=ORIENTED_EDGE('',*,*,#3193,.F.);
#4556=ORIENTED_EDGE('',*,*,#3201,.T.);
#4557=ORIENTED_EDGE('',*,*,#3207,.F.);
#4558=ORIENTED_EDGE('',*,*,#3208,.T.);
#4559=ORIENTED_EDGE('',*,*,#3209,.T.);
#4560=ORIENTED_EDGE('',*,*,#3210,.F.);
#4561=ORIENTED_EDGE('',*,*,#3211,.F.);
#4562=ORIENTED_EDGE('',*,*,#3212,.T.);
#4563=ORIENTED_EDGE('',*,*,#3211,.T.);
#4564=ORIENTED_EDGE('',*,*,#3213,.F.);
#4565=ORIENTED_EDGE('',*,*,#3214,.F.);
#4566=ORIENTED_EDGE('',*,*,#3215,.T.);
#4567=ORIENTED_EDGE('',*,*,#3214,.T.);
#4568=ORIENTED_EDGE('',*,*,#3216,.F.);
#4569=ORIENTED_EDGE('',*,*,#3217,.F.);
#4570=ORIENTED_EDGE('',*,*,#3218,.T.);
#4571=ORIENTED_EDGE('',*,*,#3217,.T.);
#4572=ORIENTED_EDGE('',*,*,#3219,.F.);
#4573=ORIENTED_EDGE('',*,*,#3220,.F.);
#4574=ORIENTED_EDGE('',*,*,#3221,.T.);
#4575=ORIENTED_EDGE('',*,*,#3220,.T.);
#4576=ORIENTED_EDGE('',*,*,#3222,.F.);
#4577=ORIENTED_EDGE('',*,*,#3223,.F.);
#4578=ORIENTED_EDGE('',*,*,#3224,.T.);
#4579=ORIENTED_EDGE('',*,*,#3223,.T.);
#4580=ORIENTED_EDGE('',*,*,#3225,.F.);
#4581=ORIENTED_EDGE('',*,*,#3226,.F.);
#4582=ORIENTED_EDGE('',*,*,#3227,.T.);
#4583=ORIENTED_EDGE('',*,*,#3226,.T.);
#4584=ORIENTED_EDGE('',*,*,#3228,.F.);
#4585=ORIENTED_EDGE('',*,*,#3229,.F.);
#4586=ORIENTED_EDGE('',*,*,#3230,.T.);
#4587=ORIENTED_EDGE('',*,*,#3229,.T.);
#4588=ORIENTED_EDGE('',*,*,#3231,.F.);
#4589=ORIENTED_EDGE('',*,*,#3209,.F.);
#4590=ORIENTED_EDGE('',*,*,#3231,.T.);
#4591=ORIENTED_EDGE('',*,*,#3228,.T.);
#4592=ORIENTED_EDGE('',*,*,#3225,.T.);
#4593=ORIENTED_EDGE('',*,*,#3222,.T.);
#4594=ORIENTED_EDGE('',*,*,#3219,.T.);
#4595=ORIENTED_EDGE('',*,*,#3216,.T.);
#4596=ORIENTED_EDGE('',*,*,#3213,.T.);
#4597=ORIENTED_EDGE('',*,*,#3210,.T.);
#4598=ORIENTED_EDGE('',*,*,#3230,.F.);
#4599=ORIENTED_EDGE('',*,*,#3208,.F.);
#4600=ORIENTED_EDGE('',*,*,#3212,.F.);
#4601=ORIENTED_EDGE('',*,*,#3215,.F.);
#4602=ORIENTED_EDGE('',*,*,#3218,.F.);
#4603=ORIENTED_EDGE('',*,*,#3221,.F.);
#4604=ORIENTED_EDGE('',*,*,#3224,.F.);
#4605=ORIENTED_EDGE('',*,*,#3227,.F.);
#4606=ORIENTED_EDGE('',*,*,#3232,.F.);
#4607=ORIENTED_EDGE('',*,*,#3233,.T.);
#4608=ORIENTED_EDGE('',*,*,#3234,.T.);
#4609=ORIENTED_EDGE('',*,*,#3235,.T.);
#4610=ORIENTED_EDGE('',*,*,#3236,.F.);
#4611=ORIENTED_EDGE('',*,*,#3237,.T.);
#4612=ORIENTED_EDGE('',*,*,#3238,.T.);
#4613=ORIENTED_EDGE('',*,*,#3239,.T.);
#4614=ORIENTED_EDGE('',*,*,#3240,.T.);
#4615=ORIENTED_EDGE('',*,*,#3241,.T.);
#4616=ORIENTED_EDGE('',*,*,#3242,.T.);
#4617=ORIENTED_EDGE('',*,*,#3243,.T.);
#4618=ORIENTED_EDGE('',*,*,#3244,.T.);
#4619=ORIENTED_EDGE('',*,*,#3245,.T.);
#4620=ORIENTED_EDGE('',*,*,#3246,.T.);
#4621=ORIENTED_EDGE('',*,*,#3247,.T.);
#4622=ORIENTED_EDGE('',*,*,#3248,.F.);
#4623=ORIENTED_EDGE('',*,*,#3249,.F.);
#4624=ORIENTED_EDGE('',*,*,#3250,.F.);
#4625=ORIENTED_EDGE('',*,*,#3251,.F.);
#4626=ORIENTED_EDGE('',*,*,#3252,.T.);
#4627=ORIENTED_EDGE('',*,*,#3253,.F.);
#4628=ORIENTED_EDGE('',*,*,#3240,.F.);
#4629=ORIENTED_EDGE('',*,*,#3254,.T.);
#4630=ORIENTED_EDGE('',*,*,#3255,.T.);
#4631=ORIENTED_EDGE('',*,*,#3256,.F.);
#4632=ORIENTED_EDGE('',*,*,#3241,.F.);
#4633=ORIENTED_EDGE('',*,*,#3253,.T.);
#4634=ORIENTED_EDGE('',*,*,#3257,.T.);
#4635=ORIENTED_EDGE('',*,*,#3258,.F.);
#4636=ORIENTED_EDGE('',*,*,#3242,.F.);
#4637=ORIENTED_EDGE('',*,*,#3256,.T.);
#4638=ORIENTED_EDGE('',*,*,#3259,.T.);
#4639=ORIENTED_EDGE('',*,*,#3260,.F.);
#4640=ORIENTED_EDGE('',*,*,#3243,.F.);
#4641=ORIENTED_EDGE('',*,*,#3258,.T.);
#4642=ORIENTED_EDGE('',*,*,#3261,.T.);
#4643=ORIENTED_EDGE('',*,*,#3262,.F.);
#4644=ORIENTED_EDGE('',*,*,#3244,.F.);
#4645=ORIENTED_EDGE('',*,*,#3260,.T.);
#4646=ORIENTED_EDGE('',*,*,#3263,.T.);
#4647=ORIENTED_EDGE('',*,*,#3264,.F.);
#4648=ORIENTED_EDGE('',*,*,#3245,.F.);
#4649=ORIENTED_EDGE('',*,*,#3262,.T.);
#4650=ORIENTED_EDGE('',*,*,#3265,.T.);
#4651=ORIENTED_EDGE('',*,*,#3266,.F.);
#4652=ORIENTED_EDGE('',*,*,#3246,.F.);
#4653=ORIENTED_EDGE('',*,*,#3264,.T.);
#4654=ORIENTED_EDGE('',*,*,#3250,.T.);
#4655=ORIENTED_EDGE('',*,*,#3267,.F.);
#4656=ORIENTED_EDGE('',*,*,#3234,.F.);
#4657=ORIENTED_EDGE('',*,*,#3268,.T.);
#4658=ORIENTED_EDGE('',*,*,#3269,.T.);
#4659=ORIENTED_EDGE('',*,*,#3270,.F.);
#4660=ORIENTED_EDGE('',*,*,#3238,.F.);
#4661=ORIENTED_EDGE('',*,*,#3271,.T.);
#4662=ORIENTED_EDGE('',*,*,#3272,.T.);
#4663=ORIENTED_EDGE('',*,*,#3254,.F.);
#4664=ORIENTED_EDGE('',*,*,#3239,.F.);
#4665=ORIENTED_EDGE('',*,*,#3270,.T.);
#4666=ORIENTED_EDGE('',*,*,#3273,.F.);
#4667=ORIENTED_EDGE('',*,*,#3274,.F.);
#4668=ORIENTED_EDGE('',*,*,#3265,.F.);
#4669=ORIENTED_EDGE('',*,*,#3263,.F.);
#4670=ORIENTED_EDGE('',*,*,#3261,.F.);
#4671=ORIENTED_EDGE('',*,*,#3259,.F.);
#4672=ORIENTED_EDGE('',*,*,#3257,.F.);
#4673=ORIENTED_EDGE('',*,*,#3255,.F.);
#4674=ORIENTED_EDGE('',*,*,#3252,.F.);
#4675=ORIENTED_EDGE('',*,*,#3272,.F.);
#4676=ORIENTED_EDGE('',*,*,#3269,.F.);
#4677=ORIENTED_EDGE('',*,*,#3275,.F.);
#4678=ORIENTED_EDGE('',*,*,#3273,.T.);
#4679=ORIENTED_EDGE('',*,*,#3276,.T.);
#4680=ORIENTED_EDGE('',*,*,#3277,.F.);
#4681=ORIENTED_EDGE('',*,*,#3278,.F.);
#4682=ORIENTED_EDGE('',*,*,#3279,.T.);
#4683=ORIENTED_EDGE('',*,*,#3280,.T.);
#4684=ORIENTED_EDGE('',*,*,#3281,.T.);
#4685=ORIENTED_EDGE('',*,*,#3247,.F.);
#4686=ORIENTED_EDGE('',*,*,#3266,.T.);
#4687=ORIENTED_EDGE('',*,*,#3274,.T.);
#4688=ORIENTED_EDGE('',*,*,#3278,.T.);
#4689=ORIENTED_EDGE('',*,*,#3282,.T.);
#4690=ORIENTED_EDGE('',*,*,#3283,.T.);
#4691=ORIENTED_EDGE('',*,*,#3251,.T.);
#4692=ORIENTED_EDGE('',*,*,#3268,.F.);
#4693=ORIENTED_EDGE('',*,*,#3233,.F.);
#4694=ORIENTED_EDGE('',*,*,#3284,.F.);
#4695=ORIENTED_EDGE('',*,*,#3285,.F.);
#4696=ORIENTED_EDGE('',*,*,#3276,.F.);
#4697=ORIENTED_EDGE('',*,*,#3275,.T.);
#4698=ORIENTED_EDGE('',*,*,#3271,.F.);
#4699=ORIENTED_EDGE('',*,*,#3237,.F.);
#4700=ORIENTED_EDGE('',*,*,#3286,.F.);
#4701=ORIENTED_EDGE('',*,*,#3287,.F.);
#4702=ORIENTED_EDGE('',*,*,#3288,.F.);
#4703=ORIENTED_EDGE('',*,*,#3235,.F.);
#4704=ORIENTED_EDGE('',*,*,#3267,.T.);
#4705=ORIENTED_EDGE('',*,*,#3249,.T.);
#4706=ORIENTED_EDGE('',*,*,#3248,.T.);
#4707=ORIENTED_EDGE('',*,*,#3283,.F.);
#4708=ORIENTED_EDGE('',*,*,#3289,.T.);
#4709=ORIENTED_EDGE('',*,*,#3284,.T.);
#4710=ORIENTED_EDGE('',*,*,#3232,.T.);
#4711=ORIENTED_EDGE('',*,*,#3288,.T.);
#4712=ORIENTED_EDGE('',*,*,#3290,.F.);
#4713=ORIENTED_EDGE('',*,*,#3279,.F.);
#4714=ORIENTED_EDGE('',*,*,#3287,.T.);
#4715=ORIENTED_EDGE('',*,*,#3291,.F.);
#4716=ORIENTED_EDGE('',*,*,#3280,.F.);
#4717=ORIENTED_EDGE('',*,*,#3290,.T.);
#4718=ORIENTED_EDGE('',*,*,#3236,.T.);
#4719=ORIENTED_EDGE('',*,*,#3281,.F.);
#4720=ORIENTED_EDGE('',*,*,#3291,.T.);
#4721=ORIENTED_EDGE('',*,*,#3286,.T.);
#4722=ORIENTED_EDGE('',*,*,#3285,.T.);
#4723=ORIENTED_EDGE('',*,*,#3289,.F.);
#4724=ORIENTED_EDGE('',*,*,#3282,.F.);
#4725=ORIENTED_EDGE('',*,*,#3277,.T.);
#4726=ORIENTED_EDGE('',*,*,#3292,.F.);
#4727=ORIENTED_EDGE('',*,*,#3293,.T.);
#4728=ORIENTED_EDGE('',*,*,#3294,.T.);
#4729=ORIENTED_EDGE('',*,*,#3295,.T.);
#4730=ORIENTED_EDGE('',*,*,#3296,.F.);
#4731=ORIENTED_EDGE('',*,*,#3297,.T.);
#4732=ORIENTED_EDGE('',*,*,#3298,.T.);
#4733=ORIENTED_EDGE('',*,*,#3299,.T.);
#4734=ORIENTED_EDGE('',*,*,#3300,.T.);
#4735=ORIENTED_EDGE('',*,*,#3301,.T.);
#4736=ORIENTED_EDGE('',*,*,#3302,.T.);
#4737=ORIENTED_EDGE('',*,*,#3303,.T.);
#4738=ORIENTED_EDGE('',*,*,#3304,.T.);
#4739=ORIENTED_EDGE('',*,*,#3305,.T.);
#4740=ORIENTED_EDGE('',*,*,#3306,.T.);
#4741=ORIENTED_EDGE('',*,*,#3307,.T.);
#4742=ORIENTED_EDGE('',*,*,#3308,.F.);
#4743=ORIENTED_EDGE('',*,*,#3309,.F.);
#4744=ORIENTED_EDGE('',*,*,#3310,.F.);
#4745=ORIENTED_EDGE('',*,*,#3311,.F.);
#4746=ORIENTED_EDGE('',*,*,#3312,.T.);
#4747=ORIENTED_EDGE('',*,*,#3313,.F.);
#4748=ORIENTED_EDGE('',*,*,#3300,.F.);
#4749=ORIENTED_EDGE('',*,*,#3314,.T.);
#4750=ORIENTED_EDGE('',*,*,#3315,.T.);
#4751=ORIENTED_EDGE('',*,*,#3316,.F.);
#4752=ORIENTED_EDGE('',*,*,#3301,.F.);
#4753=ORIENTED_EDGE('',*,*,#3313,.T.);
#4754=ORIENTED_EDGE('',*,*,#3317,.T.);
#4755=ORIENTED_EDGE('',*,*,#3318,.F.);
#4756=ORIENTED_EDGE('',*,*,#3302,.F.);
#4757=ORIENTED_EDGE('',*,*,#3316,.T.);
#4758=ORIENTED_EDGE('',*,*,#3319,.T.);
#4759=ORIENTED_EDGE('',*,*,#3320,.F.);
#4760=ORIENTED_EDGE('',*,*,#3303,.F.);
#4761=ORIENTED_EDGE('',*,*,#3318,.T.);
#4762=ORIENTED_EDGE('',*,*,#3321,.T.);
#4763=ORIENTED_EDGE('',*,*,#3322,.F.);
#4764=ORIENTED_EDGE('',*,*,#3304,.F.);
#4765=ORIENTED_EDGE('',*,*,#3320,.T.);
#4766=ORIENTED_EDGE('',*,*,#3323,.T.);
#4767=ORIENTED_EDGE('',*,*,#3324,.F.);
#4768=ORIENTED_EDGE('',*,*,#3305,.F.);
#4769=ORIENTED_EDGE('',*,*,#3322,.T.);
#4770=ORIENTED_EDGE('',*,*,#3325,.T.);
#4771=ORIENTED_EDGE('',*,*,#3326,.F.);
#4772=ORIENTED_EDGE('',*,*,#3306,.F.);
#4773=ORIENTED_EDGE('',*,*,#3324,.T.);
#4774=ORIENTED_EDGE('',*,*,#3310,.T.);
#4775=ORIENTED_EDGE('',*,*,#3327,.F.);
#4776=ORIENTED_EDGE('',*,*,#3294,.F.);
#4777=ORIENTED_EDGE('',*,*,#3328,.T.);
#4778=ORIENTED_EDGE('',*,*,#3329,.T.);
#4779=ORIENTED_EDGE('',*,*,#3330,.F.);
#4780=ORIENTED_EDGE('',*,*,#3298,.F.);
#4781=ORIENTED_EDGE('',*,*,#3331,.T.);
#4782=ORIENTED_EDGE('',*,*,#3332,.T.);
#4783=ORIENTED_EDGE('',*,*,#3314,.F.);
#4784=ORIENTED_EDGE('',*,*,#3299,.F.);
#4785=ORIENTED_EDGE('',*,*,#3330,.T.);
#4786=ORIENTED_EDGE('',*,*,#3333,.F.);
#4787=ORIENTED_EDGE('',*,*,#3334,.F.);
#4788=ORIENTED_EDGE('',*,*,#3325,.F.);
#4789=ORIENTED_EDGE('',*,*,#3323,.F.);
#4790=ORIENTED_EDGE('',*,*,#3321,.F.);
#4791=ORIENTED_EDGE('',*,*,#3319,.F.);
#4792=ORIENTED_EDGE('',*,*,#3317,.F.);
#4793=ORIENTED_EDGE('',*,*,#3315,.F.);
#4794=ORIENTED_EDGE('',*,*,#3312,.F.);
#4795=ORIENTED_EDGE('',*,*,#3332,.F.);
#4796=ORIENTED_EDGE('',*,*,#3329,.F.);
#4797=ORIENTED_EDGE('',*,*,#3335,.F.);
#4798=ORIENTED_EDGE('',*,*,#3333,.T.);
#4799=ORIENTED_EDGE('',*,*,#3336,.T.);
#4800=ORIENTED_EDGE('',*,*,#3337,.F.);
#4801=ORIENTED_EDGE('',*,*,#3338,.F.);
#4802=ORIENTED_EDGE('',*,*,#3339,.T.);
#4803=ORIENTED_EDGE('',*,*,#3340,.T.);
#4804=ORIENTED_EDGE('',*,*,#3341,.T.);
#4805=ORIENTED_EDGE('',*,*,#3307,.F.);
#4806=ORIENTED_EDGE('',*,*,#3326,.T.);
#4807=ORIENTED_EDGE('',*,*,#3334,.T.);
#4808=ORIENTED_EDGE('',*,*,#3338,.T.);
#4809=ORIENTED_EDGE('',*,*,#3342,.T.);
#4810=ORIENTED_EDGE('',*,*,#3343,.T.);
#4811=ORIENTED_EDGE('',*,*,#3311,.T.);
#4812=ORIENTED_EDGE('',*,*,#3328,.F.);
#4813=ORIENTED_EDGE('',*,*,#3293,.F.);
#4814=ORIENTED_EDGE('',*,*,#3344,.F.);
#4815=ORIENTED_EDGE('',*,*,#3345,.F.);
#4816=ORIENTED_EDGE('',*,*,#3336,.F.);
#4817=ORIENTED_EDGE('',*,*,#3335,.T.);
#4818=ORIENTED_EDGE('',*,*,#3331,.F.);
#4819=ORIENTED_EDGE('',*,*,#3297,.F.);
#4820=ORIENTED_EDGE('',*,*,#3346,.F.);
#4821=ORIENTED_EDGE('',*,*,#3347,.F.);
#4822=ORIENTED_EDGE('',*,*,#3348,.F.);
#4823=ORIENTED_EDGE('',*,*,#3295,.F.);
#4824=ORIENTED_EDGE('',*,*,#3327,.T.);
#4825=ORIENTED_EDGE('',*,*,#3309,.T.);
#4826=ORIENTED_EDGE('',*,*,#3308,.T.);
#4827=ORIENTED_EDGE('',*,*,#3343,.F.);
#4828=ORIENTED_EDGE('',*,*,#3349,.T.);
#4829=ORIENTED_EDGE('',*,*,#3344,.T.);
#4830=ORIENTED_EDGE('',*,*,#3292,.T.);
#4831=ORIENTED_EDGE('',*,*,#3348,.T.);
#4832=ORIENTED_EDGE('',*,*,#3350,.F.);
#4833=ORIENTED_EDGE('',*,*,#3339,.F.);
#4834=ORIENTED_EDGE('',*,*,#3347,.T.);
#4835=ORIENTED_EDGE('',*,*,#3351,.F.);
#4836=ORIENTED_EDGE('',*,*,#3340,.F.);
#4837=ORIENTED_EDGE('',*,*,#3350,.T.);
#4838=ORIENTED_EDGE('',*,*,#3296,.T.);
#4839=ORIENTED_EDGE('',*,*,#3341,.F.);
#4840=ORIENTED_EDGE('',*,*,#3351,.T.);
#4841=ORIENTED_EDGE('',*,*,#3346,.T.);
#4842=ORIENTED_EDGE('',*,*,#3345,.T.);
#4843=ORIENTED_EDGE('',*,*,#3349,.F.);
#4844=ORIENTED_EDGE('',*,*,#3342,.F.);
#4845=ORIENTED_EDGE('',*,*,#3337,.T.);
#4846=ORIENTED_EDGE('',*,*,#3352,.F.);
#4847=ORIENTED_EDGE('',*,*,#3353,.F.);
#4848=ORIENTED_EDGE('',*,*,#3354,.F.);
#4849=ORIENTED_EDGE('',*,*,#3355,.T.);
#4850=ORIENTED_EDGE('',*,*,#3356,.F.);
#4851=ORIENTED_EDGE('',*,*,#3355,.F.);
#4852=ORIENTED_EDGE('',*,*,#3357,.F.);
#4853=ORIENTED_EDGE('',*,*,#3358,.T.);
#4854=ORIENTED_EDGE('',*,*,#3359,.F.);
#4855=ORIENTED_EDGE('',*,*,#3358,.F.);
#4856=ORIENTED_EDGE('',*,*,#3360,.F.);
#4857=ORIENTED_EDGE('',*,*,#3361,.T.);
#4858=ORIENTED_EDGE('',*,*,#3362,.F.);
#4859=ORIENTED_EDGE('',*,*,#3361,.F.);
#4860=ORIENTED_EDGE('',*,*,#3363,.F.);
#4861=ORIENTED_EDGE('',*,*,#3353,.T.);
#4862=ORIENTED_EDGE('',*,*,#3352,.T.);
#4863=ORIENTED_EDGE('',*,*,#3356,.T.);
#4864=ORIENTED_EDGE('',*,*,#3359,.T.);
#4865=ORIENTED_EDGE('',*,*,#3362,.T.);
#4866=ORIENTED_EDGE('',*,*,#3364,.F.);
#4867=ORIENTED_EDGE('',*,*,#3365,.F.);
#4868=ORIENTED_EDGE('',*,*,#3366,.F.);
#4869=ORIENTED_EDGE('',*,*,#3367,.F.);
#4870=ORIENTED_EDGE('',*,*,#3368,.F.);
#4871=ORIENTED_EDGE('',*,*,#3369,.F.);
#4872=ORIENTED_EDGE('',*,*,#3370,.F.);
#4873=ORIENTED_EDGE('',*,*,#3371,.T.);
#4874=ORIENTED_EDGE('',*,*,#3372,.F.);
#4875=ORIENTED_EDGE('',*,*,#3371,.F.);
#4876=ORIENTED_EDGE('',*,*,#3373,.F.);
#4877=ORIENTED_EDGE('',*,*,#3365,.T.);
#4878=ORIENTED_EDGE('',*,*,#3364,.T.);
#4879=ORIENTED_EDGE('',*,*,#3374,.F.);
#4880=ORIENTED_EDGE('',*,*,#3368,.T.);
#4881=ORIENTED_EDGE('',*,*,#3372,.T.);
#4882=ORIENTED_EDGE('',*,*,#3369,.T.);
#4883=ORIENTED_EDGE('',*,*,#3374,.T.);
#4884=ORIENTED_EDGE('',*,*,#3367,.T.);
#4885=ORIENTED_EDGE('',*,*,#3375,.T.);
#4886=ORIENTED_EDGE('',*,*,#3376,.T.);
#4887=ORIENTED_EDGE('',*,*,#3377,.T.);
#4888=ORIENTED_EDGE('',*,*,#3378,.F.);
#4889=ORIENTED_EDGE('',*,*,#3379,.T.);
#4890=ORIENTED_EDGE('',*,*,#3380,.T.);
#4891=ORIENTED_EDGE('',*,*,#3381,.F.);
#4892=ORIENTED_EDGE('',*,*,#3382,.T.);
#4893=ORIENTED_EDGE('',*,*,#3378,.T.);
#4894=ORIENTED_EDGE('',*,*,#3383,.T.);
#4895=ORIENTED_EDGE('',*,*,#3384,.F.);
#4896=ORIENTED_EDGE('',*,*,#3385,.T.);
#4897=ORIENTED_EDGE('',*,*,#3381,.T.);
#4898=ORIENTED_EDGE('',*,*,#3386,.T.);
#4899=ORIENTED_EDGE('',*,*,#3387,.F.);
#4900=ORIENTED_EDGE('',*,*,#3388,.T.);
#4901=ORIENTED_EDGE('',*,*,#3384,.T.);
#4902=ORIENTED_EDGE('',*,*,#3389,.T.);
#4903=ORIENTED_EDGE('',*,*,#3390,.F.);
#4904=ORIENTED_EDGE('',*,*,#3391,.T.);
#4905=ORIENTED_EDGE('',*,*,#3387,.T.);
#4906=ORIENTED_EDGE('',*,*,#3392,.T.);
#4907=ORIENTED_EDGE('',*,*,#3393,.F.);
#4908=ORIENTED_EDGE('',*,*,#3394,.T.);
#4909=ORIENTED_EDGE('',*,*,#3390,.T.);
#4910=ORIENTED_EDGE('',*,*,#3395,.T.);
#4911=ORIENTED_EDGE('',*,*,#3396,.F.);
#4912=ORIENTED_EDGE('',*,*,#3397,.T.);
#4913=ORIENTED_EDGE('',*,*,#3393,.T.);
#4914=ORIENTED_EDGE('',*,*,#3398,.T.);
#4915=ORIENTED_EDGE('',*,*,#3399,.F.);
#4916=ORIENTED_EDGE('',*,*,#3400,.T.);
#4917=ORIENTED_EDGE('',*,*,#3396,.T.);
#4918=ORIENTED_EDGE('',*,*,#3401,.T.);
#4919=ORIENTED_EDGE('',*,*,#3402,.F.);
#4920=ORIENTED_EDGE('',*,*,#3403,.T.);
#4921=ORIENTED_EDGE('',*,*,#3399,.T.);
#4922=ORIENTED_EDGE('',*,*,#3404,.T.);
#4923=ORIENTED_EDGE('',*,*,#3405,.F.);
#4924=ORIENTED_EDGE('',*,*,#3406,.T.);
#4925=ORIENTED_EDGE('',*,*,#3402,.T.);
#4926=ORIENTED_EDGE('',*,*,#3407,.T.);
#4927=ORIENTED_EDGE('',*,*,#3408,.F.);
#4928=ORIENTED_EDGE('',*,*,#3409,.T.);
#4929=ORIENTED_EDGE('',*,*,#3405,.T.);
#4930=ORIENTED_EDGE('',*,*,#3410,.T.);
#4931=ORIENTED_EDGE('',*,*,#3411,.F.);
#4932=ORIENTED_EDGE('',*,*,#3412,.T.);
#4933=ORIENTED_EDGE('',*,*,#3408,.T.);
#4934=ORIENTED_EDGE('',*,*,#3413,.T.);
#4935=ORIENTED_EDGE('',*,*,#3414,.F.);
#4936=ORIENTED_EDGE('',*,*,#3415,.T.);
#4937=ORIENTED_EDGE('',*,*,#3411,.T.);
#4938=ORIENTED_EDGE('',*,*,#3416,.T.);
#4939=ORIENTED_EDGE('',*,*,#3417,.F.);
#4940=ORIENTED_EDGE('',*,*,#3418,.T.);
#4941=ORIENTED_EDGE('',*,*,#3414,.T.);
#4942=ORIENTED_EDGE('',*,*,#3419,.T.);
#4943=ORIENTED_EDGE('',*,*,#3420,.F.);
#4944=ORIENTED_EDGE('',*,*,#3421,.T.);
#4945=ORIENTED_EDGE('',*,*,#3417,.T.);
#4946=ORIENTED_EDGE('',*,*,#3422,.T.);
#4947=ORIENTED_EDGE('',*,*,#3423,.F.);
#4948=ORIENTED_EDGE('',*,*,#3424,.T.);
#4949=ORIENTED_EDGE('',*,*,#3420,.T.);
#4950=ORIENTED_EDGE('',*,*,#3425,.T.);
#4951=ORIENTED_EDGE('',*,*,#3426,.F.);
#4952=ORIENTED_EDGE('',*,*,#3427,.T.);
#4953=ORIENTED_EDGE('',*,*,#3423,.T.);
#4954=ORIENTED_EDGE('',*,*,#3428,.T.);
#4955=ORIENTED_EDGE('',*,*,#3376,.F.);
#4956=ORIENTED_EDGE('',*,*,#3429,.T.);
#4957=ORIENTED_EDGE('',*,*,#3426,.T.);
#4958=ORIENTED_EDGE('',*,*,#3370,.T.);
#4959=ORIENTED_EDGE('',*,*,#3379,.F.);
#4960=ORIENTED_EDGE('',*,*,#3382,.F.);
#4961=ORIENTED_EDGE('',*,*,#3385,.F.);
#4962=ORIENTED_EDGE('',*,*,#3388,.F.);
#4963=ORIENTED_EDGE('',*,*,#3391,.F.);
#4964=ORIENTED_EDGE('',*,*,#3394,.F.);
#4965=ORIENTED_EDGE('',*,*,#3397,.F.);
#4966=ORIENTED_EDGE('',*,*,#3400,.F.);
#4967=ORIENTED_EDGE('',*,*,#3403,.F.);
#4968=ORIENTED_EDGE('',*,*,#3406,.F.);
#4969=ORIENTED_EDGE('',*,*,#3409,.F.);
#4970=ORIENTED_EDGE('',*,*,#3412,.F.);
#4971=ORIENTED_EDGE('',*,*,#3415,.F.);
#4972=ORIENTED_EDGE('',*,*,#3418,.F.);
#4973=ORIENTED_EDGE('',*,*,#3421,.F.);
#4974=ORIENTED_EDGE('',*,*,#3424,.F.);
#4975=ORIENTED_EDGE('',*,*,#3427,.F.);
#4976=ORIENTED_EDGE('',*,*,#3429,.F.);
#4977=ORIENTED_EDGE('',*,*,#3375,.F.);
#4978=ORIENTED_EDGE('',*,*,#3366,.T.);
#4979=ORIENTED_EDGE('',*,*,#3373,.T.);
#4980=ORIENTED_EDGE('',*,*,#3354,.T.);
#4981=ORIENTED_EDGE('',*,*,#3363,.T.);
#4982=ORIENTED_EDGE('',*,*,#3360,.T.);
#4983=ORIENTED_EDGE('',*,*,#3357,.T.);
#4984=ORIENTED_EDGE('',*,*,#3377,.F.);
#4985=ORIENTED_EDGE('',*,*,#3428,.F.);
#4986=ORIENTED_EDGE('',*,*,#3425,.F.);
#4987=ORIENTED_EDGE('',*,*,#3422,.F.);
#4988=ORIENTED_EDGE('',*,*,#3419,.F.);
#4989=ORIENTED_EDGE('',*,*,#3416,.F.);
#4990=ORIENTED_EDGE('',*,*,#3413,.F.);
#4991=ORIENTED_EDGE('',*,*,#3410,.F.);
#4992=ORIENTED_EDGE('',*,*,#3407,.F.);
#4993=ORIENTED_EDGE('',*,*,#3404,.F.);
#4994=ORIENTED_EDGE('',*,*,#3401,.F.);
#4995=ORIENTED_EDGE('',*,*,#3398,.F.);
#4996=ORIENTED_EDGE('',*,*,#3395,.F.);
#4997=ORIENTED_EDGE('',*,*,#3392,.F.);
#4998=ORIENTED_EDGE('',*,*,#3389,.F.);
#4999=ORIENTED_EDGE('',*,*,#3386,.F.);
#5000=ORIENTED_EDGE('',*,*,#3383,.F.);
#5001=ORIENTED_EDGE('',*,*,#3380,.F.);
#5002=PLANE('',#5491);
#5003=PLANE('',#5550);
#5004=PLANE('',#5565);
#5005=PLANE('',#5570);
#5006=PLANE('',#5599);
#5007=PLANE('',#5609);
#5008=PLANE('',#5611);
#5009=PLANE('',#5612);
#5010=PLANE('',#5613);
#5011=PLANE('',#5614);
#5012=PLANE('',#5615);
#5013=PLANE('',#5616);
#5014=PLANE('',#5617);
#5015=PLANE('',#5618);
#5016=PLANE('',#5619);
#5017=PLANE('',#5620);
#5018=PLANE('',#5621);
#5019=PLANE('',#5622);
#5020=PLANE('',#5623);
#5021=PLANE('',#5625);
#5022=PLANE('',#5640);
#5023=PLANE('',#5641);
#5024=PLANE('',#5642);
#5025=PLANE('',#5643);
#5026=PLANE('',#5644);
#5027=PLANE('',#5648);
#5028=PLANE('',#5649);
#5029=PLANE('',#5650);
#5030=PLANE('',#5651);
#5031=PLANE('',#5658);
#5032=PLANE('',#5659);
#5033=PLANE('',#5673);
#5034=PLANE('',#5674);
#5035=PLANE('',#5675);
#5036=PLANE('',#5676);
#5037=PLANE('',#5677);
#5038=PLANE('',#5682);
#5039=PLANE('',#5683);
#5040=PLANE('',#5684);
#5041=PLANE('',#5685);
#5042=PLANE('',#5690);
#5043=PLANE('',#5703);
#5044=PLANE('',#5713);
#5045=PLANE('',#5714);
#5046=PLANE('',#5715);
#5047=PLANE('',#5716);
#5048=PLANE('',#5717);
#5049=PLANE('',#5718);
#5050=PLANE('',#5719);
#5051=PLANE('',#5720);
#5052=PLANE('',#5721);
#5053=PLANE('',#5722);
#5054=PLANE('',#5723);
#5055=PLANE('',#5724);
#5056=PLANE('',#5725);
#5057=PLANE('',#5752);
#5058=PLANE('',#5771);
#5059=PLANE('',#5772);
#5060=PLANE('',#5783);
#5061=PLANE('',#5797);
#5062=PLANE('',#5808);
#5063=PLANE('',#5810);
#5064=PLANE('',#5811);
#5065=PLANE('',#5812);
#5066=PLANE('',#5825);
#5067=PLANE('',#5826);
#5068=PLANE('',#5827);
#5069=PLANE('',#5828);
#5070=PLANE('',#5829);
#5071=PLANE('',#5833);
#5072=PLANE('',#5834);
#5073=PLANE('',#5835);
#5074=PLANE('',#5836);
#5075=PLANE('',#5843);
#5076=PLANE('',#5844);
#5077=PLANE('',#5869);
#5078=PLANE('',#5890);
#5079=PLANE('',#5905);
#5080=PLANE('',#5906);
#5081=PLANE('',#5915);
#5082=PLANE('',#5916);
#5083=PLANE('',#5917);
#5084=PLANE('',#5918);
#5085=PLANE('',#5919);
#5086=PLANE('',#5920);
#5087=PLANE('',#5924);
#5088=PLANE('',#5925);
#5089=PLANE('',#5931);
#5090=PLANE('',#5934);
#5091=PLANE('',#5935);
#5092=PLANE('',#5936);
#5093=PLANE('',#5937);
#5094=PLANE('',#5938);
#5095=PLANE('',#5939);
#5096=PLANE('',#5940);
#5097=PLANE('',#5941);
#5098=PLANE('',#5942);
#5099=PLANE('',#5943);
#5100=PLANE('',#5944);
#5101=PLANE('',#5945);
#5102=PLANE('',#5946);
#5103=PLANE('',#5947);
#5104=PLANE('',#5948);
#5105=PLANE('',#5949);
#5106=PLANE('',#5950);
#5107=PLANE('',#5951);
#5108=PLANE('',#5952);
#5109=PLANE('',#5953);
#5110=PLANE('',#5954);
#5111=PLANE('',#5955);
#5112=PLANE('',#5956);
#5113=PLANE('',#5961);
#5114=PLANE('',#5964);
#5115=PLANE('',#5965);
#5116=PLANE('',#5966);
#5117=PLANE('',#5969);
#5118=PLANE('',#5972);
#5119=PLANE('',#5975);
#5120=PLANE('',#5976);
#5121=PLANE('',#5977);
#5122=PLANE('',#5978);
#5123=PLANE('',#5979);
#5124=PLANE('',#5980);
#5125=PLANE('',#5981);
#5126=PLANE('',#5982);
#5127=PLANE('',#5983);
#5128=PLANE('',#5984);
#5129=PLANE('',#5985);
#5130=PLANE('',#5986);
#5131=PLANE('',#5991);
#5132=PLANE('',#5994);
#5133=PLANE('',#5995);
#5134=PLANE('',#5996);
#5135=PLANE('',#5999);
#5136=PLANE('',#6002);
#5137=PLANE('',#6005);
#5138=PLANE('',#6006);
#5139=PLANE('',#6007);
#5140=PLANE('',#6008);
#5141=PLANE('',#6009);
#5142=PLANE('',#6010);
#5143=PLANE('',#6011);
#5144=PLANE('',#6012);
#5145=PLANE('',#6013);
#5146=PLANE('',#6014);
#5147=PLANE('',#6015);
#5148=PLANE('',#6016);
#5149=PLANE('',#6017);
#5150=PLANE('',#6018);
#5151=PLANE('',#6019);
#5152=PLANE('',#6020);
#5153=PLANE('',#6021);
#5154=PLANE('',#6022);
#5155=PLANE('',#6023);
#5156=PLANE('',#6024);
#5157=PLANE('',#6025);
#5158=PLANE('',#6026);
#5159=PLANE('',#6030);
#5160=PLANE('',#6031);
#5161=PLANE('',#6032);
#5162=PLANE('',#6033);
#5163=PLANE('',#6037);
#5164=PLANE('',#6041);
#5165=PLANE('',#6042);
#5166=PLANE('',#6043);
#5167=PLANE('',#6044);
#5168=PLANE('',#6048);
#5169=PLANE('',#6049);
#5170=PLANE('',#6050);
#5171=PLANE('',#6051);
#5172=ADVANCED_FACE('',(#193,#182),#5002,.T.);
#5173=ADVANCED_FACE('',(#194),#53,.T.);
#5174=ADVANCED_FACE('',(#195),#54,.T.);
#5175=ADVANCED_FACE('',(#196),#55,.T.);
#5176=ADVANCED_FACE('',(#197),#56,.T.);
#5177=ADVANCED_FACE('',(#198),#57,.T.);
#5178=ADVANCED_FACE('',(#199),#58,.T.);
#5179=ADVANCED_FACE('',(#200),#59,.T.);
#5180=ADVANCED_FACE('',(#201),#60,.T.);
#5181=ADVANCED_FACE('',(#202),#61,.T.);
#5182=ADVANCED_FACE('',(#203),#62,.T.);
#5183=ADVANCED_FACE('',(#204),#5003,.T.);
#5184=ADVANCED_FACE('',(#205),#63,.F.);
#5185=ADVANCED_FACE('',(#206),#64,.F.);
#5186=ADVANCED_FACE('',(#207),#65,.F.);
#5187=ADVANCED_FACE('',(#208),#66,.F.);
#5188=ADVANCED_FACE('',(#209),#67,.F.);
#5189=ADVANCED_FACE('',(#210),#68,.F.);
#5190=ADVANCED_FACE('',(#211),#69,.F.);
#5191=ADVANCED_FACE('',(#212),#5004,.T.);
#5192=ADVANCED_FACE('',(#213),#70,.F.);
#5193=ADVANCED_FACE('',(#214),#71,.F.);
#5194=ADVANCED_FACE('',(#215,#183),#5005,.F.);
#5195=ADVANCED_FACE('',(#216),#72,.T.);
#5196=ADVANCED_FACE('',(#217),#73,.T.);
#5197=ADVANCED_FACE('',(#218),#74,.T.);
#5198=ADVANCED_FACE('',(#219),#75,.T.);
#5199=ADVANCED_FACE('',(#220),#76,.T.);
#5200=ADVANCED_FACE('',(#221),#77,.T.);
#5201=ADVANCED_FACE('',(#222),#78,.T.);
#5202=ADVANCED_FACE('',(#223),#79,.T.);
#5203=ADVANCED_FACE('',(#224),#80,.T.);
#5204=ADVANCED_FACE('',(#225),#5006,.T.);
#5205=ADVANCED_FACE('',(#226),#81,.T.);
#5206=ADVANCED_FACE('',(#227),#82,.F.);
#5207=ADVANCED_FACE('',(#228),#83,.F.);
#5208=ADVANCED_FACE('',(#229),#84,.F.);
#5209=ADVANCED_FACE('',(#230),#85,.F.);
#5210=ADVANCED_FACE('',(#231),#86,.F.);
#5211=ADVANCED_FACE('',(#232),#87,.F.);
#5212=ADVANCED_FACE('',(#233),#88,.F.);
#5213=ADVANCED_FACE('',(#234),#89,.F.);
#5214=ADVANCED_FACE('',(#235),#5007,.T.);
#5215=ADVANCED_FACE('',(#236),#90,.F.);
#5216=ADVANCED_FACE('',(#237),#5008,.T.);
#5217=ADVANCED_FACE('',(#238),#5009,.T.);
#5218=ADVANCED_FACE('',(#239),#5010,.T.);
#5219=ADVANCED_FACE('',(#240),#5011,.F.);
#5220=ADVANCED_FACE('',(#241),#5012,.T.);
#5221=ADVANCED_FACE('',(#242),#5013,.T.);
#5222=ADVANCED_FACE('',(#243),#5014,.T.);
#5223=ADVANCED_FACE('',(#244),#5015,.T.);
#5224=ADVANCED_FACE('',(#245),#5016,.F.);
#5225=ADVANCED_FACE('',(#246),#5017,.T.);
#5226=ADVANCED_FACE('',(#247),#5018,.T.);
#5227=ADVANCED_FACE('',(#248),#5019,.T.);
#5228=ADVANCED_FACE('',(#249),#5020,.T.);
#5229=ADVANCED_FACE('',(#250),#5021,.F.);
#5230=ADVANCED_FACE('',(#251,#184),#91,.T.);
#5231=ADVANCED_FACE('',(#252),#92,.T.);
#5232=ADVANCED_FACE('',(#253),#93,.T.);
#5233=ADVANCED_FACE('',(#254),#94,.T.);
#5234=ADVANCED_FACE('',(#255),#95,.T.);
#5235=ADVANCED_FACE('',(#256),#5022,.T.);
#5236=ADVANCED_FACE('',(#257),#5023,.T.);
#5237=ADVANCED_FACE('',(#258),#5024,.T.);
#5238=ADVANCED_FACE('',(#259),#5025,.T.);
#5239=ADVANCED_FACE('',(#260),#5026,.F.);
#5240=ADVANCED_FACE('',(#261),#5027,.T.);
#5241=ADVANCED_FACE('',(#262),#5028,.T.);
#5242=ADVANCED_FACE('',(#263),#5029,.T.);
#5243=ADVANCED_FACE('',(#264),#5030,.T.);
#5244=ADVANCED_FACE('',(#265),#96,.F.);
#5245=ADVANCED_FACE('',(#266),#97,.F.);
#5246=ADVANCED_FACE('',(#267),#98,.F.);
#5247=ADVANCED_FACE('',(#268),#5031,.T.);
#5248=ADVANCED_FACE('',(#269),#5032,.T.);
#5249=ADVANCED_FACE('',(#270),#99,.F.);
#5250=ADVANCED_FACE('',(#271),#100,.F.);
#5251=ADVANCED_FACE('',(#272),#101,.F.);
#5252=ADVANCED_FACE('',(#273),#5033,.T.);
#5253=ADVANCED_FACE('',(#274),#5034,.T.);
#5254=ADVANCED_FACE('',(#275),#5035,.T.);
#5255=ADVANCED_FACE('',(#276),#5036,.T.);
#5256=ADVANCED_FACE('',(#277),#5037,.F.);
#5257=ADVANCED_FACE('',(#278),#5038,.T.);
#5258=ADVANCED_FACE('',(#279),#5039,.T.);
#5259=ADVANCED_FACE('',(#280),#5040,.T.);
#5260=ADVANCED_FACE('',(#281),#5041,.T.);
#5261=ADVANCED_FACE('',(#282),#102,.T.);
#5262=ADVANCED_FACE('',(#283),#103,.T.);
#5263=ADVANCED_FACE('',(#284),#104,.T.);
#5264=ADVANCED_FACE('',(#285),#105,.T.);
#5265=ADVANCED_FACE('',(#286),#5042,.T.);
#5266=ADVANCED_FACE('',(#287),#106,.T.);
#5267=ADVANCED_FACE('',(#288),#107,.T.);
#5268=ADVANCED_FACE('',(#289),#108,.T.);
#5269=ADVANCED_FACE('',(#290),#109,.T.);
#5270=ADVANCED_FACE('',(#291),#5043,.T.);
#5271=ADVANCED_FACE('',(#292),#110,.F.);
#5272=ADVANCED_FACE('',(#293),#111,.F.);
#5273=ADVANCED_FACE('',(#294),#112,.F.);
#5274=ADVANCED_FACE('',(#295),#5044,.T.);
#5275=ADVANCED_FACE('',(#296),#5045,.F.);
#5276=ADVANCED_FACE('',(#297),#5046,.T.);
#5277=ADVANCED_FACE('',(#298),#5047,.T.);
#5278=ADVANCED_FACE('',(#299),#5048,.T.);
#5279=ADVANCED_FACE('',(#300),#5049,.T.);
#5280=ADVANCED_FACE('',(#301),#5050,.T.);
#5281=ADVANCED_FACE('',(#302),#5051,.T.);
#5282=ADVANCED_FACE('',(#303),#5052,.T.);
#5283=ADVANCED_FACE('',(#304),#5053,.T.);
#5284=ADVANCED_FACE('',(#305),#5054,.T.);
#5285=ADVANCED_FACE('',(#306),#5055,.T.);
#5286=ADVANCED_FACE('',(#307,#185),#5056,.T.);
#5287=ADVANCED_FACE('',(#308),#5057,.T.);
#5288=ADVANCED_FACE('',(#309),#113,.F.);
#5289=ADVANCED_FACE('',(#310),#114,.F.);
#5290=ADVANCED_FACE('',(#311),#115,.F.);
#5291=ADVANCED_FACE('',(#312),#116,.T.);
#5292=ADVANCED_FACE('',(#313),#117,.T.);
#5293=ADVANCED_FACE('',(#314),#118,.T.);
#5294=ADVANCED_FACE('',(#315),#119,.T.);
#5295=ADVANCED_FACE('',(#316),#120,.T.);
#5296=ADVANCED_FACE('',(#317),#121,.T.);
#5297=ADVANCED_FACE('',(#318),#5058,.T.);
#5298=ADVANCED_FACE('',(#319),#5059,.T.);
#5299=ADVANCED_FACE('',(#320),#122,.F.);
#5300=ADVANCED_FACE('',(#321),#123,.F.);
#5301=ADVANCED_FACE('',(#322),#124,.F.);
#5302=ADVANCED_FACE('',(#323),#125,.F.);
#5303=ADVANCED_FACE('',(#324),#126,.F.);
#5304=ADVANCED_FACE('',(#325,#186),#5060,.F.);
#5305=ADVANCED_FACE('',(#326),#127,.F.);
#5306=ADVANCED_FACE('',(#327),#5061,.T.);
#5307=ADVANCED_FACE('',(#328),#128,.F.);
#5308=ADVANCED_FACE('',(#329),#129,.F.);
#5309=ADVANCED_FACE('',(#330),#130,.F.);
#5310=ADVANCED_FACE('',(#331),#131,.T.);
#5311=ADVANCED_FACE('',(#332),#132,.T.);
#5312=ADVANCED_FACE('',(#333),#133,.T.);
#5313=ADVANCED_FACE('',(#334),#134,.T.);
#5314=ADVANCED_FACE('',(#335),#135,.T.);
#5315=ADVANCED_FACE('',(#336),#136,.T.);
#5316=ADVANCED_FACE('',(#337),#137,.T.);
#5317=ADVANCED_FACE('',(#338),#5062,.T.);
#5318=ADVANCED_FACE('',(#339),#138,.T.);
#5319=ADVANCED_FACE('',(#340),#5063,.T.);
#5320=ADVANCED_FACE('',(#341),#5064,.T.);
#5321=ADVANCED_FACE('',(#342),#5065,.T.);
#5322=ADVANCED_FACE('',(#343),#139,.T.);
#5323=ADVANCED_FACE('',(#344),#140,.T.);
#5324=ADVANCED_FACE('',(#345),#141,.T.);
#5325=ADVANCED_FACE('',(#346),#142,.T.);
#5326=ADVANCED_FACE('',(#347),#5066,.T.);
#5327=ADVANCED_FACE('',(#348),#5067,.T.);
#5328=ADVANCED_FACE('',(#349),#5068,.T.);
#5329=ADVANCED_FACE('',(#350),#5069,.T.);
#5330=ADVANCED_FACE('',(#351),#5070,.F.);
#5331=ADVANCED_FACE('',(#352),#5071,.T.);
#5332=ADVANCED_FACE('',(#353),#5072,.T.);
#5333=ADVANCED_FACE('',(#354),#5073,.T.);
#5334=ADVANCED_FACE('',(#355),#5074,.T.);
#5335=ADVANCED_FACE('',(#356),#143,.F.);
#5336=ADVANCED_FACE('',(#357),#144,.F.);
#5337=ADVANCED_FACE('',(#358),#145,.F.);
#5338=ADVANCED_FACE('',(#359),#5075,.T.);
#5339=ADVANCED_FACE('',(#360),#5076,.T.);
#5340=ADVANCED_FACE('',(#361),#146,.T.);
#5341=ADVANCED_FACE('',(#362),#5077,.T.);
#5342=ADVANCED_FACE('',(#363),#147,.T.);
#5343=ADVANCED_FACE('',(#364),#148,.T.);
#5344=ADVANCED_FACE('',(#365),#149,.T.);
#5345=ADVANCED_FACE('',(#366),#150,.T.);
#5346=ADVANCED_FACE('',(#367),#151,.T.);
#5347=ADVANCED_FACE('',(#368),#152,.T.);
#5348=ADVANCED_FACE('',(#369),#153,.T.);
#5349=ADVANCED_FACE('',(#370),#154,.T.);
#5350=ADVANCED_FACE('',(#371),#155,.T.);
#5351=ADVANCED_FACE('',(#372),#156,.F.);
#5352=ADVANCED_FACE('',(#373),#5078,.F.);
#5353=ADVANCED_FACE('',(#374),#157,.F.);
#5354=ADVANCED_FACE('',(#375),#158,.F.);
#5355=ADVANCED_FACE('',(#376),#159,.F.);
#5356=ADVANCED_FACE('',(#377),#5079,.T.);
#5357=ADVANCED_FACE('',(#378),#5080,.T.);
#5358=ADVANCED_FACE('',(#379),#160,.F.);
#5359=ADVANCED_FACE('',(#380),#161,.F.);
#5360=ADVANCED_FACE('',(#381),#162,.F.);
#5361=ADVANCED_FACE('',(#382),#163,.F.);
#5362=ADVANCED_FACE('',(#383),#164,.F.);
#5363=ADVANCED_FACE('',(#384),#165,.F.);
#5364=ADVANCED_FACE('',(#385),#166,.F.);
#5365=ADVANCED_FACE('',(#386),#167,.F.);
#5366=ADVANCED_FACE('',(#387),#5081,.T.);
#5367=ADVANCED_FACE('',(#388),#5082,.T.);
#5368=ADVANCED_FACE('',(#389),#5083,.T.);
#5369=ADVANCED_FACE('',(#390),#5084,.F.);
#5370=ADVANCED_FACE('',(#391),#5085,.T.);
#5371=ADVANCED_FACE('',(#392),#5086,.T.);
#5372=ADVANCED_FACE('',(#393,#187),#168,.T.);
#5373=ADVANCED_FACE('',(#394),#5087,.F.);
#5374=ADVANCED_FACE('',(#395),#5088,.T.);
#5375=ADVANCED_FACE('',(#396,#188),#17,.T.);
#5376=ADVANCED_FACE('',(#397,#189),#169,.F.);
#5377=ADVANCED_FACE('',(#398,#190),#5089,.T.);
#5378=ADVANCED_FACE('',(#399,#191),#18,.F.);
#5379=ADVANCED_FACE('',(#400),#5090,.T.);
#5380=ADVANCED_FACE('',(#401),#5091,.F.);
#5381=ADVANCED_FACE('',(#402),#5092,.T.);
#5382=ADVANCED_FACE('',(#403),#5093,.F.);
#5383=ADVANCED_FACE('',(#404),#5094,.F.);
#5384=ADVANCED_FACE('',(#405),#5095,.F.);
#5385=ADVANCED_FACE('',(#406),#5096,.T.);
#5386=ADVANCED_FACE('',(#407),#5097,.T.);
#5387=ADVANCED_FACE('',(#408),#5098,.T.);
#5388=ADVANCED_FACE('',(#409),#5099,.T.);
#5389=ADVANCED_FACE('',(#410),#5100,.T.);
#5390=ADVANCED_FACE('',(#411),#5101,.T.);
#5391=ADVANCED_FACE('',(#412),#5102,.T.);
#5392=ADVANCED_FACE('',(#413),#5103,.T.);
#5393=ADVANCED_FACE('',(#414),#5104,.T.);
#5394=ADVANCED_FACE('',(#415),#5105,.T.);
#5395=ADVANCED_FACE('',(#416),#5106,.T.);
#5396=ADVANCED_FACE('',(#417),#5107,.T.);
#5397=ADVANCED_FACE('',(#418),#5108,.T.);
#5398=ADVANCED_FACE('',(#419),#5109,.T.);
#5399=ADVANCED_FACE('',(#420),#5110,.F.);
#5400=ADVANCED_FACE('',(#421),#5111,.T.);
#5401=ADVANCED_FACE('',(#422),#5112,.T.);
#5402=ADVANCED_FACE('',(#423),#5113,.F.);
#5403=ADVANCED_FACE('',(#424),#170,.F.);
#5404=ADVANCED_FACE('',(#425),#5114,.T.);
#5405=ADVANCED_FACE('',(#426),#5115,.T.);
#5406=ADVANCED_FACE('',(#427),#5116,.T.);
#5407=ADVANCED_FACE('',(#428),#171,.T.);
#5408=ADVANCED_FACE('',(#429),#5117,.T.);
#5409=ADVANCED_FACE('',(#430),#172,.F.);
#5410=ADVANCED_FACE('',(#431),#5118,.T.);
#5411=ADVANCED_FACE('',(#432),#173,.T.);
#5412=ADVANCED_FACE('',(#433),#5119,.T.);
#5413=ADVANCED_FACE('',(#434),#5120,.F.);
#5414=ADVANCED_FACE('',(#435),#5121,.T.);
#5415=ADVANCED_FACE('',(#436),#5122,.F.);
#5416=ADVANCED_FACE('',(#437),#5123,.T.);
#5417=ADVANCED_FACE('',(#438),#5124,.T.);
#5418=ADVANCED_FACE('',(#439),#5125,.T.);
#5419=ADVANCED_FACE('',(#440),#5126,.T.);
#5420=ADVANCED_FACE('',(#441),#5127,.T.);
#5421=ADVANCED_FACE('',(#442),#5128,.T.);
#5422=ADVANCED_FACE('',(#443),#5129,.T.);
#5423=ADVANCED_FACE('',(#444),#5130,.T.);
#5424=ADVANCED_FACE('',(#445),#5131,.F.);
#5425=ADVANCED_FACE('',(#446),#174,.F.);
#5426=ADVANCED_FACE('',(#447),#5132,.T.);
#5427=ADVANCED_FACE('',(#448),#5133,.T.);
#5428=ADVANCED_FACE('',(#449),#5134,.T.);
#5429=ADVANCED_FACE('',(#450),#175,.T.);
#5430=ADVANCED_FACE('',(#451),#5135,.T.);
#5431=ADVANCED_FACE('',(#452),#176,.F.);
#5432=ADVANCED_FACE('',(#453),#5136,.T.);
#5433=ADVANCED_FACE('',(#454),#177,.T.);
#5434=ADVANCED_FACE('',(#455),#5137,.T.);
#5435=ADVANCED_FACE('',(#456),#5138,.F.);
#5436=ADVANCED_FACE('',(#457),#5139,.T.);
#5437=ADVANCED_FACE('',(#458),#5140,.F.);
#5438=ADVANCED_FACE('',(#459),#5141,.T.);
#5439=ADVANCED_FACE('',(#460),#5142,.T.);
#5440=ADVANCED_FACE('',(#461),#5143,.T.);
#5441=ADVANCED_FACE('',(#462),#5144,.T.);
#5442=ADVANCED_FACE('',(#463),#5145,.T.);
#5443=ADVANCED_FACE('',(#464),#5146,.T.);
#5444=ADVANCED_FACE('',(#465),#5147,.F.);
#5445=ADVANCED_FACE('',(#466),#5148,.F.);
#5446=ADVANCED_FACE('',(#467),#5149,.F.);
#5447=ADVANCED_FACE('',(#468),#5150,.F.);
#5448=ADVANCED_FACE('',(#469),#5151,.F.);
#5449=ADVANCED_FACE('',(#470),#5152,.F.);
#5450=ADVANCED_FACE('',(#471),#5153,.F.);
#5451=ADVANCED_FACE('',(#472),#5154,.F.);
#5452=ADVANCED_FACE('',(#473),#5155,.F.);
#5453=ADVANCED_FACE('',(#474),#5156,.T.);
#5454=ADVANCED_FACE('',(#475),#5157,.T.);
#5455=ADVANCED_FACE('',(#476),#5158,.T.);
#5456=ADVANCED_FACE('',(#477),#178,.F.);
#5457=ADVANCED_FACE('',(#478),#5159,.T.);
#5458=ADVANCED_FACE('',(#479),#5160,.T.);
#5459=ADVANCED_FACE('',(#480),#5161,.T.);
#5460=ADVANCED_FACE('',(#481),#5162,.T.);
#5461=ADVANCED_FACE('',(#482),#179,.F.);
#5462=ADVANCED_FACE('',(#483),#5163,.T.);
#5463=ADVANCED_FACE('',(#484),#180,.F.);
#5464=ADVANCED_FACE('',(#485),#5164,.T.);
#5465=ADVANCED_FACE('',(#486),#5165,.T.);
#5466=ADVANCED_FACE('',(#487),#5166,.T.);
#5467=ADVANCED_FACE('',(#488),#5167,.T.);
#5468=ADVANCED_FACE('',(#489),#181,.F.);
#5469=ADVANCED_FACE('',(#490),#5168,.T.);
#5470=ADVANCED_FACE('',(#491),#5169,.T.);
#5471=ADVANCED_FACE('',(#492,#192),#5170,.F.);
#5472=ADVANCED_FACE('',(#493),#5171,.T.);
#5473=CLOSED_SHELL('',(#5172,#5173,#5174,#5175,#5176,#5177,#5178,#5179,
#5180,#5181,#5182,#5183,#5184,#5185,#5186,#5187,#5188,#5189,#5190,#5191,
#5192,#5193,#5194,#5195,#5196,#5197,#5198,#5199,#5200,#5201,#5202,#5203,
#5204,#5205,#5206,#5207,#5208,#5209,#5210,#5211,#5212,#5213,#5214,#5215));
#5474=CLOSED_SHELL('',(#5216,#5217,#5218,#5219,#5220,#5221));
#5475=CLOSED_SHELL('',(#5222,#5223,#5224,#5225,#5226,#5227));
#5476=CLOSED_SHELL('',(#5228,#5229,#5230));
#5477=CLOSED_SHELL('',(#5231,#5232,#5233,#5234,#5235,#5236,#5237,#5238,
#5239,#5240,#5241,#5242,#5243,#5244,#5245,#5246,#5247));
#5478=CLOSED_SHELL('',(#5248,#5249,#5250,#5251,#5252,#5253,#5254,#5255,
#5256,#5257,#5258,#5259,#5260,#5261,#5262,#5263,#5264));
#5479=CLOSED_SHELL('',(#5265,#5266,#5267,#5268,#5269,#5270,#5271,#5272,
#5273,#5274,#5275,#5276,#5277,#5278,#5279,#5280,#5281,#5282,#5283,#5284,
#5285));
#5480=CLOSED_SHELL('',(#5286,#5287,#5288,#5289,#5290,#5291,#5292,#5293,
#5294,#5295,#5296,#5297,#5298,#5299,#5300,#5301,#5302,#5303,#5304,#5305,
#5306,#5307,#5308,#5309,#5310,#5311,#5312,#5313,#5314,#5315,#5316,#5317,
#5318,#5319,#5320,#5321));
#5481=CLOSED_SHELL('',(#5322,#5323,#5324,#5325,#5326,#5327,#5328,#5329,
#5330,#5331,#5332,#5333,#5334,#5335,#5336,#5337,#5338));
#5482=CLOSED_SHELL('',(#5339,#5340,#5341,#5342,#5343,#5344,#5345,#5346,
#5347,#5348,#5349,#5350,#5351,#5352,#5353,#5354,#5355,#5356,#5357,#5358,
#5359,#5360,#5361,#5362,#5363,#5364,#5365));
#5483=CLOSED_SHELL('',(#5366,#5367,#5368,#5369,#5370,#5371));
#5484=CLOSED_SHELL('',(#5372,#5373,#5374));
#5485=CLOSED_SHELL('',(#5375,#5376,#5377,#5378,#5379,#5380,#5381,#5382,
#5383,#5384,#5385,#5386,#5387,#5388,#5389));
#5486=CLOSED_SHELL('',(#5390,#5391,#5392,#5393,#5394,#5395,#5396,#5397,
#5398,#5399));
#5487=CLOSED_SHELL('',(#5400,#5401,#5402,#5403,#5404,#5405,#5406,#5407,
#5408,#5409,#5410,#5411,#5412,#5413,#5414,#5415,#5416,#5417,#5418,#5419,
#5420,#5421));
#5488=CLOSED_SHELL('',(#5422,#5423,#5424,#5425,#5426,#5427,#5428,#5429,
#5430,#5431,#5432,#5433,#5434,#5435,#5436,#5437,#5438,#5439,#5440,#5441,
#5442,#5443));
#5489=CLOSED_SHELL('',(#5444,#5445,#5446,#5447,#5448,#5449,#5450,#5451,
#5452,#5453,#5454,#5455,#5456,#5457,#5458,#5459,#5460,#5461,#5462,#5463,
#5464,#5465,#5466,#5467,#5468,#5469,#5470,#5471,#5472));
#5490=AXIS2_PLACEMENT_3D('placement',#7702,#6052,#6053);
#5491=AXIS2_PLACEMENT_3D('',#7703,#6054,#6055);
#5492=AXIS2_PLACEMENT_3D('',#7706,#6056,#6057);
#5493=AXIS2_PLACEMENT_3D('',#7710,#6059,#6060);
#5494=AXIS2_PLACEMENT_3D('',#7712,#6061,#6062);
#5495=AXIS2_PLACEMENT_3D('',#7714,#6063,#6064);
#5496=AXIS2_PLACEMENT_3D('',#7716,#6065,#6066);
#5497=AXIS2_PLACEMENT_3D('',#7718,#6067,#6068);
#5498=AXIS2_PLACEMENT_3D('',#7720,#6069,#6070);
#5499=AXIS2_PLACEMENT_3D('',#7722,#6071,#6072);
#5500=AXIS2_PLACEMENT_3D('',#7724,#6073,#6074);
#5501=AXIS2_PLACEMENT_3D('',#7726,#6075,#6076);
#5502=AXIS2_PLACEMENT_3D('',#7728,#6077,#6078);
#5503=AXIS2_PLACEMENT_3D('',#7730,#6079,#6080);
#5504=AXIS2_PLACEMENT_3D('',#7732,#6081,#6082);
#5505=AXIS2_PLACEMENT_3D('',#7734,#6083,#6084);
#5506=AXIS2_PLACEMENT_3D('',#7736,#6085,#6086);
#5507=AXIS2_PLACEMENT_3D('',#7738,#6087,#6088);
#5508=AXIS2_PLACEMENT_3D('',#7740,#6089,#6090);
#5509=AXIS2_PLACEMENT_3D('',#7742,#6091,#6092);
#5510=AXIS2_PLACEMENT_3D('',#7744,#6093,#6094);
#5511=AXIS2_PLACEMENT_3D('',#7747,#6096,#6097);
#5512=AXIS2_PLACEMENT_3D('',#7750,#6098,#6099);
#5513=AXIS2_PLACEMENT_3D('',#7752,#6100,#6101);
#5514=AXIS2_PLACEMENT_3D('',#7754,#6102,#6103);
#5515=AXIS2_PLACEMENT_3D('',#7758,#6105,#6106);
#5516=AXIS2_PLACEMENT_3D('',#7760,#6107,#6108);
#5517=AXIS2_PLACEMENT_3D('',#7762,#6109,#6110);
#5518=AXIS2_PLACEMENT_3D('',#7764,#6111,#6112);
#5519=AXIS2_PLACEMENT_3D('',#7766,#6113,#6114);
#5520=AXIS2_PLACEMENT_3D('',#7768,#6115,#6116);
#5521=AXIS2_PLACEMENT_3D('',#7770,#6117,#6118);
#5522=AXIS2_PLACEMENT_3D('',#7772,#6119,#6120);
#5523=AXIS2_PLACEMENT_3D('',#7774,#6121,#6122);
#5524=AXIS2_PLACEMENT_3D('',#7776,#6123,#6124);
#5525=AXIS2_PLACEMENT_3D('',#7778,#6125,#6126);
#5526=AXIS2_PLACEMENT_3D('',#7780,#6127,#6128);
#5527=AXIS2_PLACEMENT_3D('',#7782,#6129,#6130);
#5528=AXIS2_PLACEMENT_3D('',#7784,#6131,#6132);
#5529=AXIS2_PLACEMENT_3D('',#7787,#6134,#6135);
#5530=AXIS2_PLACEMENT_3D('',#7788,#6136,#6137);
#5531=AXIS2_PLACEMENT_3D('',#7792,#6139,#6140);
#5532=AXIS2_PLACEMENT_3D('',#7794,#6142,#6143);
#5533=AXIS2_PLACEMENT_3D('',#7797,#6145,#6146);
#5534=AXIS2_PLACEMENT_3D('',#7798,#6147,#6148);
#5535=AXIS2_PLACEMENT_3D('',#7801,#6150,#6151);
#5536=AXIS2_PLACEMENT_3D('',#7802,#6152,#6153);
#5537=AXIS2_PLACEMENT_3D('',#7805,#6155,#6156);
#5538=AXIS2_PLACEMENT_3D('',#7806,#6157,#6158);
#5539=AXIS2_PLACEMENT_3D('',#7809,#6160,#6161);
#5540=AXIS2_PLACEMENT_3D('',#7810,#6162,#6163);
#5541=AXIS2_PLACEMENT_3D('',#7813,#6165,#6166);
#5542=AXIS2_PLACEMENT_3D('',#7814,#6167,#6168);
#5543=AXIS2_PLACEMENT_3D('',#7817,#6170,#6171);
#5544=AXIS2_PLACEMENT_3D('',#7818,#6172,#6173);
#5545=AXIS2_PLACEMENT_3D('',#7821,#6175,#6176);
#5546=AXIS2_PLACEMENT_3D('',#7822,#6177,#6178);
#5547=AXIS2_PLACEMENT_3D('',#7825,#6180,#6181);
#5548=AXIS2_PLACEMENT_3D('',#7826,#6182,#6183);
#5549=AXIS2_PLACEMENT_3D('',#7829,#6185,#6186);
#5550=AXIS2_PLACEMENT_3D('',#7830,#6187,#6188);
#5551=AXIS2_PLACEMENT_3D('',#7834,#6191,#6192);
#5552=AXIS2_PLACEMENT_3D('',#7838,#6194,#6195);
#5553=AXIS2_PLACEMENT_3D('',#7840,#6197,#6198);
#5554=AXIS2_PLACEMENT_3D('',#7843,#6200,#6201);
#5555=AXIS2_PLACEMENT_3D('',#7844,#6202,#6203);
#5556=AXIS2_PLACEMENT_3D('',#7847,#6205,#6206);
#5557=AXIS2_PLACEMENT_3D('',#7848,#6207,#6208);
#5558=AXIS2_PLACEMENT_3D('',#7851,#6210,#6211);
#5559=AXIS2_PLACEMENT_3D('',#7852,#6212,#6213);
#5560=AXIS2_PLACEMENT_3D('',#7855,#6215,#6216);
#5561=AXIS2_PLACEMENT_3D('',#7856,#6217,#6218);
#5562=AXIS2_PLACEMENT_3D('',#7859,#6220,#6221);
#5563=AXIS2_PLACEMENT_3D('',#7860,#6222,#6223);
#5564=AXIS2_PLACEMENT_3D('',#7863,#6225,#6226);
#5565=AXIS2_PLACEMENT_3D('',#7864,#6227,#6228);
#5566=AXIS2_PLACEMENT_3D('',#7868,#6231,#6232);
#5567=AXIS2_PLACEMENT_3D('',#7871,#6234,#6235);
#5568=AXIS2_PLACEMENT_3D('',#7872,#6236,#6237);
#5569=AXIS2_PLACEMENT_3D('',#7875,#6239,#6240);
#5570=AXIS2_PLACEMENT_3D('',#7876,#6241,#6242);
#5571=AXIS2_PLACEMENT_3D('',#7878,#6243,#6244);
#5572=AXIS2_PLACEMENT_3D('',#7880,#6245,#6246);
#5573=AXIS2_PLACEMENT_3D('',#7884,#6248,#6249);
#5574=AXIS2_PLACEMENT_3D('',#7886,#6250,#6251);
#5575=AXIS2_PLACEMENT_3D('',#7888,#6252,#6253);
#5576=AXIS2_PLACEMENT_3D('',#7890,#6254,#6255);
#5577=AXIS2_PLACEMENT_3D('',#7892,#6256,#6257);
#5578=AXIS2_PLACEMENT_3D('',#7894,#6258,#6259);
#5579=AXIS2_PLACEMENT_3D('',#7896,#6260,#6261);
#5580=AXIS2_PLACEMENT_3D('',#7897,#6262,#6263);
#5581=AXIS2_PLACEMENT_3D('',#7899,#6264,#6265);
#5582=AXIS2_PLACEMENT_3D('',#7901,#6266,#6267);
#5583=AXIS2_PLACEMENT_3D('',#7905,#6269,#6270);
#5584=AXIS2_PLACEMENT_3D('',#7907,#6271,#6272);
#5585=AXIS2_PLACEMENT_3D('',#7909,#6273,#6274);
#5586=AXIS2_PLACEMENT_3D('',#7911,#6275,#6276);
#5587=AXIS2_PLACEMENT_3D('',#7913,#6277,#6278);
#5588=AXIS2_PLACEMENT_3D('',#7915,#6279,#6280);
#5589=AXIS2_PLACEMENT_3D('',#7916,#6281,#6282);
#5590=AXIS2_PLACEMENT_3D('',#7917,#6283,#6284);
#5591=AXIS2_PLACEMENT_3D('',#7919,#6286,#6287);
#5592=AXIS2_PLACEMENT_3D('',#7921,#6289,#6290);
#5593=AXIS2_PLACEMENT_3D('',#7923,#6292,#6293);
#5594=AXIS2_PLACEMENT_3D('',#7925,#6295,#6296);
#5595=AXIS2_PLACEMENT_3D('',#7927,#6298,#6299);
#5596=AXIS2_PLACEMENT_3D('',#7929,#6301,#6302);
#5597=AXIS2_PLACEMENT_3D('',#7931,#6304,#6305);
#5598=AXIS2_PLACEMENT_3D('',#7933,#6307,#6308);
#5599=AXIS2_PLACEMENT_3D('',#7935,#6310,#6311);
#5600=AXIS2_PLACEMENT_3D('',#7937,#6313,#6314);
#5601=AXIS2_PLACEMENT_3D('',#7938,#6315,#6316);
#5602=AXIS2_PLACEMENT_3D('',#7940,#6318,#6319);
#5603=AXIS2_PLACEMENT_3D('',#7942,#6321,#6322);
#5604=AXIS2_PLACEMENT_3D('',#7944,#6324,#6325);
#5605=AXIS2_PLACEMENT_3D('',#7946,#6327,#6328);
#5606=AXIS2_PLACEMENT_3D('',#7948,#6330,#6331);
#5607=AXIS2_PLACEMENT_3D('',#7950,#6333,#6334);
#5608=AXIS2_PLACEMENT_3D('',#7952,#6336,#6337);
#5609=AXIS2_PLACEMENT_3D('',#7954,#6339,#6340);
#5610=AXIS2_PLACEMENT_3D('',#7956,#6342,#6343);
#5611=AXIS2_PLACEMENT_3D('',#7957,#6344,#6345);
#5612=AXIS2_PLACEMENT_3D('',#7966,#6350,#6351);
#5613=AXIS2_PLACEMENT_3D('',#7972,#6355,#6356);
#5614=AXIS2_PLACEMENT_3D('',#7976,#6359,#6360);
#5615=AXIS2_PLACEMENT_3D('',#7980,#6363,#6364);
#5616=AXIS2_PLACEMENT_3D('',#7982,#6366,#6367);
#5617=AXIS2_PLACEMENT_3D('',#7983,#6368,#6369);
#5618=AXIS2_PLACEMENT_3D('',#7992,#6374,#6375);
#5619=AXIS2_PLACEMENT_3D('',#7998,#6379,#6380);
#5620=AXIS2_PLACEMENT_3D('',#8002,#6383,#6384);
#5621=AXIS2_PLACEMENT_3D('',#8006,#6387,#6388);
#5622=AXIS2_PLACEMENT_3D('',#8008,#6390,#6391);
#5623=AXIS2_PLACEMENT_3D('',#8009,#6392,#6393);
#5624=AXIS2_PLACEMENT_3D('',#8011,#6394,#6395);
#5625=AXIS2_PLACEMENT_3D('',#8012,#6396,#6397);
#5626=AXIS2_PLACEMENT_3D('',#8014,#6398,#6399);
#5627=AXIS2_PLACEMENT_3D('',#8015,#6400,#6401);
#5628=AXIS2_PLACEMENT_3D('',#8016,#6402,#6403);
#5629=AXIS2_PLACEMENT_3D('',#8019,#6404,#6405);
#5630=AXIS2_PLACEMENT_3D('',#8023,#6407,#6408);
#5631=AXIS2_PLACEMENT_3D('',#8025,#6410,#6411);
#5632=AXIS2_PLACEMENT_3D('',#8027,#6412,#6413);
#5633=AXIS2_PLACEMENT_3D('',#8030,#6415,#6416);
#5634=AXIS2_PLACEMENT_3D('',#8031,#6417,#6418);
#5635=AXIS2_PLACEMENT_3D('',#8033,#6419,#6420);
#5636=AXIS2_PLACEMENT_3D('',#8036,#6422,#6423);
#5637=AXIS2_PLACEMENT_3D('',#8037,#6424,#6425);
#5638=AXIS2_PLACEMENT_3D('',#8039,#6426,#6427);
#5639=AXIS2_PLACEMENT_3D('',#8042,#6429,#6430);
#5640=AXIS2_PLACEMENT_3D('',#8043,#6431,#6432);
#5641=AXIS2_PLACEMENT_3D('',#8049,#6436,#6437);
#5642=AXIS2_PLACEMENT_3D('',#8055,#6441,#6442);
#5643=AXIS2_PLACEMENT_3D('',#8061,#6446,#6447);
#5644=AXIS2_PLACEMENT_3D('',#8067,#6451,#6452);
#5645=AXIS2_PLACEMENT_3D('',#8069,#6453,#6454);
#5646=AXIS2_PLACEMENT_3D('',#8071,#6455,#6456);
#5647=AXIS2_PLACEMENT_3D('',#8073,#6457,#6458);
#5648=AXIS2_PLACEMENT_3D('',#8081,#6463,#6464);
#5649=AXIS2_PLACEMENT_3D('',#8085,#6467,#6468);
#5650=AXIS2_PLACEMENT_3D('',#8089,#6471,#6472);
#5651=AXIS2_PLACEMENT_3D('',#8093,#6475,#6476);
#5652=AXIS2_PLACEMENT_3D('',#8097,#6479,#6480);
#5653=AXIS2_PLACEMENT_3D('',#8099,#6481,#6482);
#5654=AXIS2_PLACEMENT_3D('',#8101,#6484,#6485);
#5655=AXIS2_PLACEMENT_3D('',#8103,#6486,#6487);
#5656=AXIS2_PLACEMENT_3D('',#8105,#6489,#6490);
#5657=AXIS2_PLACEMENT_3D('',#8106,#6491,#6492);
#5658=AXIS2_PLACEMENT_3D('',#8107,#6493,#6494);
#5659=AXIS2_PLACEMENT_3D('',#8108,#6495,#6496);
#5660=AXIS2_PLACEMENT_3D('',#8121,#6502,#6503);
#5661=AXIS2_PLACEMENT_3D('',#8123,#6504,#6505);
#5662=AXIS2_PLACEMENT_3D('',#8125,#6506,#6507);
#5663=AXIS2_PLACEMENT_3D('',#8133,#6511,#6512);
#5664=AXIS2_PLACEMENT_3D('',#8135,#6513,#6514);
#5665=AXIS2_PLACEMENT_3D('',#8137,#6515,#6516);
#5666=AXIS2_PLACEMENT_3D('',#8138,#6517,#6518);
#5667=AXIS2_PLACEMENT_3D('',#8139,#6519,#6520);
#5668=AXIS2_PLACEMENT_3D('',#8143,#6522,#6523);
#5669=AXIS2_PLACEMENT_3D('',#8145,#6525,#6526);
#5670=AXIS2_PLACEMENT_3D('',#8148,#6528,#6529);
#5671=AXIS2_PLACEMENT_3D('',#8149,#6530,#6531);
#5672=AXIS2_PLACEMENT_3D('',#8152,#6533,#6534);
#5673=AXIS2_PLACEMENT_3D('',#8153,#6535,#6536);
#5674=AXIS2_PLACEMENT_3D('',#8157,#6539,#6540);
#5675=AXIS2_PLACEMENT_3D('',#8161,#6543,#6544);
#5676=AXIS2_PLACEMENT_3D('',#8165,#6547,#6548);
#5677=AXIS2_PLACEMENT_3D('',#8169,#6551,#6552);
#5678=AXIS2_PLACEMENT_3D('',#8173,#6554,#6555);
#5679=AXIS2_PLACEMENT_3D('',#8175,#6556,#6557);
#5680=AXIS2_PLACEMENT_3D('',#8177,#6558,#6559);
#5681=AXIS2_PLACEMENT_3D('',#8179,#6560,#6561);
#5682=AXIS2_PLACEMENT_3D('',#8185,#6565,#6566);
#5683=AXIS2_PLACEMENT_3D('',#8187,#6568,#6569);
#5684=AXIS2_PLACEMENT_3D('',#8189,#6571,#6572);
#5685=AXIS2_PLACEMENT_3D('',#8191,#6574,#6575);
#5686=AXIS2_PLACEMENT_3D('',#8193,#6577,#6578);
#5687=AXIS2_PLACEMENT_3D('',#8195,#6580,#6581);
#5688=AXIS2_PLACEMENT_3D('',#8197,#6583,#6584);
#5689=AXIS2_PLACEMENT_3D('',#8199,#6586,#6587);
#5690=AXIS2_PLACEMENT_3D('',#8200,#6588,#6589);
#5691=AXIS2_PLACEMENT_3D('',#8209,#6594,#6595);
#5692=AXIS2_PLACEMENT_3D('',#8211,#6596,#6597);
#5693=AXIS2_PLACEMENT_3D('',#8214,#6599,#6600);
#5694=AXIS2_PLACEMENT_3D('',#8215,#6601,#6602);
#5695=AXIS2_PLACEMENT_3D('',#8217,#6603,#6604);
#5696=AXIS2_PLACEMENT_3D('',#8220,#6606,#6607);
#5697=AXIS2_PLACEMENT_3D('',#8221,#6608,#6609);
#5698=AXIS2_PLACEMENT_3D('',#8223,#6610,#6611);
#5699=AXIS2_PLACEMENT_3D('',#8226,#6613,#6614);
#5700=AXIS2_PLACEMENT_3D('',#8227,#6615,#6616);
#5701=AXIS2_PLACEMENT_3D('',#8229,#6617,#6618);
#5702=AXIS2_PLACEMENT_3D('',#8232,#6620,#6621);
#5703=AXIS2_PLACEMENT_3D('',#8233,#6622,#6623);
#5704=AXIS2_PLACEMENT_3D('',#8239,#6627,#6628);
#5705=AXIS2_PLACEMENT_3D('',#8241,#6629,#6630);
#5706=AXIS2_PLACEMENT_3D('',#8244,#6632,#6633);
#5707=AXIS2_PLACEMENT_3D('',#8245,#6634,#6635);
#5708=AXIS2_PLACEMENT_3D('',#8247,#6636,#6637);
#5709=AXIS2_PLACEMENT_3D('',#8250,#6639,#6640);
#5710=AXIS2_PLACEMENT_3D('',#8251,#6641,#6642);
#5711=AXIS2_PLACEMENT_3D('',#8253,#6643,#6644);
#5712=AXIS2_PLACEMENT_3D('',#8256,#6646,#6647);
#5713=AXIS2_PLACEMENT_3D('',#8257,#6648,#6649);
#5714=AXIS2_PLACEMENT_3D('',#8263,#6653,#6654);
#5715=AXIS2_PLACEMENT_3D('',#8281,#6664,#6665);
#5716=AXIS2_PLACEMENT_3D('',#8285,#6668,#6669);
#5717=AXIS2_PLACEMENT_3D('',#8289,#6672,#6673);
#5718=AXIS2_PLACEMENT_3D('',#8293,#6676,#6677);
#5719=AXIS2_PLACEMENT_3D('',#8297,#6680,#6681);
#5720=AXIS2_PLACEMENT_3D('',#8301,#6684,#6685);
#5721=AXIS2_PLACEMENT_3D('',#8305,#6688,#6689);
#5722=AXIS2_PLACEMENT_3D('',#8309,#6692,#6693);
#5723=AXIS2_PLACEMENT_3D('',#8313,#6696,#6697);
#5724=AXIS2_PLACEMENT_3D('',#8315,#6699,#6700);
#5725=AXIS2_PLACEMENT_3D('',#8316,#6701,#6702);
#5726=AXIS2_PLACEMENT_3D('',#8319,#6703,#6704);
#5727=AXIS2_PLACEMENT_3D('',#8321,#6705,#6706);
#5728=AXIS2_PLACEMENT_3D('',#8323,#6707,#6708);
#5729=AXIS2_PLACEMENT_3D('',#8325,#6709,#6710);
#5730=AXIS2_PLACEMENT_3D('',#8327,#6711,#6712);
#5731=AXIS2_PLACEMENT_3D('',#8329,#6713,#6714);
#5732=AXIS2_PLACEMENT_3D('',#8335,#6717,#6718);
#5733=AXIS2_PLACEMENT_3D('',#8337,#6719,#6720);
#5734=AXIS2_PLACEMENT_3D('',#8339,#6721,#6722);
#5735=AXIS2_PLACEMENT_3D('',#8341,#6723,#6724);
#5736=AXIS2_PLACEMENT_3D('',#8343,#6725,#6726);
#5737=AXIS2_PLACEMENT_3D('',#8345,#6727,#6728);
#5738=AXIS2_PLACEMENT_3D('',#8347,#6729,#6730);
#5739=AXIS2_PLACEMENT_3D('',#8349,#6731,#6732);
#5740=AXIS2_PLACEMENT_3D('',#8351,#6733,#6734);
#5741=AXIS2_PLACEMENT_3D('',#8353,#6735,#6736);
#5742=AXIS2_PLACEMENT_3D('',#8355,#6737,#6738);
#5743=AXIS2_PLACEMENT_3D('',#8357,#6739,#6740);
#5744=AXIS2_PLACEMENT_3D('',#8359,#6741,#6742);
#5745=AXIS2_PLACEMENT_3D('',#8363,#6744,#6745);
#5746=AXIS2_PLACEMENT_3D('',#8371,#6749,#6750);
#5747=AXIS2_PLACEMENT_3D('',#8373,#6751,#6752);
#5748=AXIS2_PLACEMENT_3D('',#8375,#6753,#6754);
#5749=AXIS2_PLACEMENT_3D('',#8377,#6755,#6756);
#5750=AXIS2_PLACEMENT_3D('',#8383,#6759,#6760);
#5751=AXIS2_PLACEMENT_3D('',#8384,#6761,#6762);
#5752=AXIS2_PLACEMENT_3D('',#8385,#6763,#6764);
#5753=AXIS2_PLACEMENT_3D('',#8391,#6768,#6769);
#5754=AXIS2_PLACEMENT_3D('',#8394,#6771,#6772);
#5755=AXIS2_PLACEMENT_3D('',#8395,#6773,#6774);
#5756=AXIS2_PLACEMENT_3D('',#8398,#6776,#6777);
#5757=AXIS2_PLACEMENT_3D('',#8399,#6778,#6779);
#5758=AXIS2_PLACEMENT_3D('',#8402,#6781,#6782);
#5759=AXIS2_PLACEMENT_3D('',#8403,#6783,#6784);
#5760=AXIS2_PLACEMENT_3D('',#8407,#6786,#6787);
#5761=AXIS2_PLACEMENT_3D('',#8409,#6789,#6790);
#5762=AXIS2_PLACEMENT_3D('',#8412,#6792,#6793);
#5763=AXIS2_PLACEMENT_3D('',#8413,#6794,#6795);
#5764=AXIS2_PLACEMENT_3D('',#8416,#6797,#6798);
#5765=AXIS2_PLACEMENT_3D('',#8417,#6799,#6800);
#5766=AXIS2_PLACEMENT_3D('',#8420,#6802,#6803);
#5767=AXIS2_PLACEMENT_3D('',#8421,#6804,#6805);
#5768=AXIS2_PLACEMENT_3D('',#8424,#6807,#6808);
#5769=AXIS2_PLACEMENT_3D('',#8425,#6809,#6810);
#5770=AXIS2_PLACEMENT_3D('',#8428,#6812,#6813);
#5771=AXIS2_PLACEMENT_3D('',#8429,#6814,#6815);
#5772=AXIS2_PLACEMENT_3D('',#8433,#6818,#6819);
#5773=AXIS2_PLACEMENT_3D('',#8437,#6822,#6823);
#5774=AXIS2_PLACEMENT_3D('',#8440,#6825,#6826);
#5775=AXIS2_PLACEMENT_3D('',#8441,#6827,#6828);
#5776=AXIS2_PLACEMENT_3D('',#8444,#6830,#6831);
#5777=AXIS2_PLACEMENT_3D('',#8445,#6832,#6833);
#5778=AXIS2_PLACEMENT_3D('',#8448,#6835,#6836);
#5779=AXIS2_PLACEMENT_3D('',#8449,#6837,#6838);
#5780=AXIS2_PLACEMENT_3D('',#8452,#6840,#6841);
#5781=AXIS2_PLACEMENT_3D('',#8453,#6842,#6843);
#5782=AXIS2_PLACEMENT_3D('',#8456,#6845,#6846);
#5783=AXIS2_PLACEMENT_3D('',#8457,#6847,#6848);
#5784=AXIS2_PLACEMENT_3D('',#8459,#6849,#6850);
#5785=AXIS2_PLACEMENT_3D('',#8467,#6854,#6855);
#5786=AXIS2_PLACEMENT_3D('',#8471,#6857,#6858);
#5787=AXIS2_PLACEMENT_3D('',#8473,#6859,#6860);
#5788=AXIS2_PLACEMENT_3D('',#8475,#6861,#6862);
#5789=AXIS2_PLACEMENT_3D('',#8477,#6863,#6864);
#5790=AXIS2_PLACEMENT_3D('',#8479,#6865,#6866);
#5791=AXIS2_PLACEMENT_3D('',#8481,#6867,#6868);
#5792=AXIS2_PLACEMENT_3D('',#8482,#6869,#6870);
#5793=AXIS2_PLACEMENT_3D('',#8484,#6871,#6872);
#5794=AXIS2_PLACEMENT_3D('',#8486,#6873,#6874);
#5795=AXIS2_PLACEMENT_3D('',#8488,#6875,#6876);
#5796=AXIS2_PLACEMENT_3D('',#8490,#6878,#6879);
#5797=AXIS2_PLACEMENT_3D('',#8492,#6881,#6882);
#5798=AXIS2_PLACEMENT_3D('',#8494,#6884,#6885);
#5799=AXIS2_PLACEMENT_3D('',#8496,#6887,#6888);
#5800=AXIS2_PLACEMENT_3D('',#8497,#6889,#6890);
#5801=AXIS2_PLACEMENT_3D('',#8499,#6892,#6893);
#5802=AXIS2_PLACEMENT_3D('',#8501,#6895,#6896);
#5803=AXIS2_PLACEMENT_3D('',#8503,#6898,#6899);
#5804=AXIS2_PLACEMENT_3D('',#8505,#6901,#6902);
#5805=AXIS2_PLACEMENT_3D('',#8507,#6904,#6905);
#5806=AXIS2_PLACEMENT_3D('',#8509,#6907,#6908);
#5807=AXIS2_PLACEMENT_3D('',#8511,#6910,#6911);
#5808=AXIS2_PLACEMENT_3D('',#8513,#6913,#6914);
#5809=AXIS2_PLACEMENT_3D('',#8515,#6916,#6917);
#5810=AXIS2_PLACEMENT_3D('',#8517,#6919,#6920);
#5811=AXIS2_PLACEMENT_3D('',#8519,#6922,#6923);
#5812=AXIS2_PLACEMENT_3D('',#8521,#6925,#6926);
#5813=AXIS2_PLACEMENT_3D('',#8522,#6927,#6928);
#5814=AXIS2_PLACEMENT_3D('',#8525,#6929,#6930);
#5815=AXIS2_PLACEMENT_3D('',#8529,#6932,#6933);
#5816=AXIS2_PLACEMENT_3D('',#8531,#6935,#6936);
#5817=AXIS2_PLACEMENT_3D('',#8533,#6937,#6938);
#5818=AXIS2_PLACEMENT_3D('',#8536,#6940,#6941);
#5819=AXIS2_PLACEMENT_3D('',#8537,#6942,#6943);
#5820=AXIS2_PLACEMENT_3D('',#8539,#6944,#6945);
#5821=AXIS2_PLACEMENT_3D('',#8542,#6947,#6948);
#5822=AXIS2_PLACEMENT_3D('',#8543,#6949,#6950);
#5823=AXIS2_PLACEMENT_3D('',#8545,#6951,#6952);
#5824=AXIS2_PLACEMENT_3D('',#8548,#6954,#6955);
#5825=AXIS2_PLACEMENT_3D('',#8549,#6956,#6957);
#5826=AXIS2_PLACEMENT_3D('',#8555,#6961,#6962);
#5827=AXIS2_PLACEMENT_3D('',#8561,#6966,#6967);
#5828=AXIS2_PLACEMENT_3D('',#8567,#6971,#6972);
#5829=AXIS2_PLACEMENT_3D('',#8573,#6976,#6977);
#5830=AXIS2_PLACEMENT_3D('',#8575,#6978,#6979);
#5831=AXIS2_PLACEMENT_3D('',#8577,#6980,#6981);
#5832=AXIS2_PLACEMENT_3D('',#8579,#6982,#6983);
#5833=AXIS2_PLACEMENT_3D('',#8587,#6988,#6989);
#5834=AXIS2_PLACEMENT_3D('',#8591,#6992,#6993);
#5835=AXIS2_PLACEMENT_3D('',#8595,#6996,#6997);
#5836=AXIS2_PLACEMENT_3D('',#8599,#7000,#7001);
#5837=AXIS2_PLACEMENT_3D('',#8603,#7004,#7005);
#5838=AXIS2_PLACEMENT_3D('',#8605,#7006,#7007);
#5839=AXIS2_PLACEMENT_3D('',#8607,#7009,#7010);
#5840=AXIS2_PLACEMENT_3D('',#8609,#7011,#7012);
#5841=AXIS2_PLACEMENT_3D('',#8611,#7014,#7015);
#5842=AXIS2_PLACEMENT_3D('',#8612,#7016,#7017);
#5843=AXIS2_PLACEMENT_3D('',#8613,#7018,#7019);
#5844=AXIS2_PLACEMENT_3D('',#8614,#7020,#7021);
#5845=AXIS2_PLACEMENT_3D('',#8617,#7022,#7023);
#5846=AXIS2_PLACEMENT_3D('',#8619,#7024,#7025);
#5847=AXIS2_PLACEMENT_3D('',#8621,#7026,#7027);
#5848=AXIS2_PLACEMENT_3D('',#8623,#7028,#7029);
#5849=AXIS2_PLACEMENT_3D('',#8625,#7030,#7031);
#5850=AXIS2_PLACEMENT_3D('',#8627,#7032,#7033);
#5851=AXIS2_PLACEMENT_3D('',#8629,#7034,#7035);
#5852=AXIS2_PLACEMENT_3D('',#8631,#7036,#7037);
#5853=AXIS2_PLACEMENT_3D('',#8633,#7038,#7039);
#5854=AXIS2_PLACEMENT_3D('',#8635,#7040,#7041);
#5855=AXIS2_PLACEMENT_3D('',#8637,#7042,#7043);
#5856=AXIS2_PLACEMENT_3D('',#8641,#7045,#7046);
#5857=AXIS2_PLACEMENT_3D('',#8643,#7047,#7048);
#5858=AXIS2_PLACEMENT_3D('',#8645,#7049,#7050);
#5859=AXIS2_PLACEMENT_3D('',#8651,#7053,#7054);
#5860=AXIS2_PLACEMENT_3D('',#8653,#7055,#7056);
#5861=AXIS2_PLACEMENT_3D('',#8655,#7057,#7058);
#5862=AXIS2_PLACEMENT_3D('',#8657,#7059,#7060);
#5863=AXIS2_PLACEMENT_3D('',#8659,#7061,#7062);
#5864=AXIS2_PLACEMENT_3D('',#8661,#7063,#7064);
#5865=AXIS2_PLACEMENT_3D('',#8663,#7065,#7066);
#5866=AXIS2_PLACEMENT_3D('',#8664,#7067,#7068);
#5867=AXIS2_PLACEMENT_3D('',#8665,#7069,#7070);
#5868=AXIS2_PLACEMENT_3D('',#8669,#7072,#7073);
#5869=AXIS2_PLACEMENT_3D('',#8671,#7075,#7076);
#5870=AXIS2_PLACEMENT_3D('',#8675,#7079,#7080);
#5871=AXIS2_PLACEMENT_3D('',#8678,#7082,#7083);
#5872=AXIS2_PLACEMENT_3D('',#8679,#7084,#7085);
#5873=AXIS2_PLACEMENT_3D('',#8682,#7087,#7088);
#5874=AXIS2_PLACEMENT_3D('',#8683,#7089,#7090);
#5875=AXIS2_PLACEMENT_3D('',#8686,#7092,#7093);
#5876=AXIS2_PLACEMENT_3D('',#8687,#7094,#7095);
#5877=AXIS2_PLACEMENT_3D('',#8690,#7097,#7098);
#5878=AXIS2_PLACEMENT_3D('',#8691,#7099,#7100);
#5879=AXIS2_PLACEMENT_3D('',#8694,#7102,#7103);
#5880=AXIS2_PLACEMENT_3D('',#8695,#7104,#7105);
#5881=AXIS2_PLACEMENT_3D('',#8698,#7107,#7108);
#5882=AXIS2_PLACEMENT_3D('',#8699,#7109,#7110);
#5883=AXIS2_PLACEMENT_3D('',#8702,#7112,#7113);
#5884=AXIS2_PLACEMENT_3D('',#8703,#7114,#7115);
#5885=AXIS2_PLACEMENT_3D('',#8706,#7117,#7118);
#5886=AXIS2_PLACEMENT_3D('',#8707,#7119,#7120);
#5887=AXIS2_PLACEMENT_3D('',#8710,#7122,#7123);
#5888=AXIS2_PLACEMENT_3D('',#8711,#7124,#7125);
#5889=AXIS2_PLACEMENT_3D('',#8714,#7127,#7128);
#5890=AXIS2_PLACEMENT_3D('',#8715,#7129,#7130);
#5891=AXIS2_PLACEMENT_3D('',#8717,#7131,#7132);
#5892=AXIS2_PLACEMENT_3D('',#8719,#7133,#7134);
#5893=AXIS2_PLACEMENT_3D('',#8721,#7135,#7136);
#5894=AXIS2_PLACEMENT_3D('',#8723,#7137,#7138);
#5895=AXIS2_PLACEMENT_3D('',#8725,#7139,#7140);
#5896=AXIS2_PLACEMENT_3D('',#8727,#7141,#7142);
#5897=AXIS2_PLACEMENT_3D('',#8729,#7143,#7144);
#5898=AXIS2_PLACEMENT_3D('',#8731,#7145,#7146);
#5899=AXIS2_PLACEMENT_3D('',#8733,#7147,#7148);
#5900=AXIS2_PLACEMENT_3D('',#8739,#7151,#7152);
#5901=AXIS2_PLACEMENT_3D('',#8740,#7153,#7154);
#5902=AXIS2_PLACEMENT_3D('',#8741,#7155,#7156);
#5903=AXIS2_PLACEMENT_3D('',#8743,#7158,#7159);
#5904=AXIS2_PLACEMENT_3D('',#8745,#7161,#7162);
#5905=AXIS2_PLACEMENT_3D('',#8747,#7164,#7165);
#5906=AXIS2_PLACEMENT_3D('',#8749,#7167,#7168);
#5907=AXIS2_PLACEMENT_3D('',#8751,#7170,#7171);
#5908=AXIS2_PLACEMENT_3D('',#8753,#7173,#7174);
#5909=AXIS2_PLACEMENT_3D('',#8755,#7176,#7177);
#5910=AXIS2_PLACEMENT_3D('',#8757,#7179,#7180);
#5911=AXIS2_PLACEMENT_3D('',#8759,#7182,#7183);
#5912=AXIS2_PLACEMENT_3D('',#8761,#7185,#7186);
#5913=AXIS2_PLACEMENT_3D('',#8763,#7188,#7189);
#5914=AXIS2_PLACEMENT_3D('',#8765,#7191,#7192);
#5915=AXIS2_PLACEMENT_3D('',#8766,#7193,#7194);
#5916=AXIS2_PLACEMENT_3D('',#8775,#7199,#7200);
#5917=AXIS2_PLACEMENT_3D('',#8781,#7204,#7205);
#5918=AXIS2_PLACEMENT_3D('',#8785,#7208,#7209);
#5919=AXIS2_PLACEMENT_3D('',#8789,#7212,#7213);
#5920=AXIS2_PLACEMENT_3D('',#8791,#7215,#7216);
#5921=AXIS2_PLACEMENT_3D('',#8792,#7217,#7218);
#5922=AXIS2_PLACEMENT_3D('',#8794,#7219,#7220);
#5923=AXIS2_PLACEMENT_3D('',#8796,#7221,#7222);
#5924=AXIS2_PLACEMENT_3D('',#8797,#7223,#7224);
#5925=AXIS2_PLACEMENT_3D('',#8798,#7225,#7226);
#5926=AXIS2_PLACEMENT_3D('',#8799,#7227,#7228);
#5927=AXIS2_PLACEMENT_3D('',#8801,#7229,#7230);
#5928=AXIS2_PLACEMENT_3D('',#8803,#7231,#7232);
#5929=AXIS2_PLACEMENT_3D('',#8804,#7233,#7234);
#5930=AXIS2_PLACEMENT_3D('',#8806,#7235,#7236);
#5931=AXIS2_PLACEMENT_3D('',#8807,#7237,#7238);
#5932=AXIS2_PLACEMENT_3D('',#8816,#7243,#7244);
#5933=AXIS2_PLACEMENT_3D('',#8818,#7245,#7246);
#5934=AXIS2_PLACEMENT_3D('',#8819,#7247,#7248);
#5935=AXIS2_PLACEMENT_3D('',#8820,#7249,#7250);
#5936=AXIS2_PLACEMENT_3D('',#8829,#7255,#7256);
#5937=AXIS2_PLACEMENT_3D('',#8835,#7260,#7261);
#5938=AXIS2_PLACEMENT_3D('',#8839,#7264,#7265);
#5939=AXIS2_PLACEMENT_3D('',#8846,#7270,#7271);
#5940=AXIS2_PLACEMENT_3D('',#8855,#7277,#7278);
#5941=AXIS2_PLACEMENT_3D('',#8856,#7279,#7280);
#5942=AXIS2_PLACEMENT_3D('',#8858,#7282,#7283);
#5943=AXIS2_PLACEMENT_3D('',#8860,#7285,#7286);
#5944=AXIS2_PLACEMENT_3D('',#8862,#7288,#7289);
#5945=AXIS2_PLACEMENT_3D('',#8863,#7290,#7291);
#5946=AXIS2_PLACEMENT_3D('',#8872,#7296,#7297);
#5947=AXIS2_PLACEMENT_3D('',#8878,#7301,#7302);
#5948=AXIS2_PLACEMENT_3D('',#8884,#7306,#7307);
#5949=AXIS2_PLACEMENT_3D('',#8890,#7311,#7312);
#5950=AXIS2_PLACEMENT_3D('',#8896,#7316,#7317);
#5951=AXIS2_PLACEMENT_3D('',#8902,#7321,#7322);
#5952=AXIS2_PLACEMENT_3D('',#8908,#7326,#7327);
#5953=AXIS2_PLACEMENT_3D('',#8911,#7330,#7331);
#5954=AXIS2_PLACEMENT_3D('',#8912,#7332,#7333);
#5955=AXIS2_PLACEMENT_3D('',#8913,#7334,#7335);
#5956=AXIS2_PLACEMENT_3D('',#8922,#7340,#7341);
#5957=AXIS2_PLACEMENT_3D('',#8929,#7344,#7345);
#5958=AXIS2_PLACEMENT_3D('',#8933,#7347,#7348);
#5959=AXIS2_PLACEMENT_3D('',#8941,#7352,#7353);
#5960=AXIS2_PLACEMENT_3D('',#8945,#7355,#7356);
#5961=AXIS2_PLACEMENT_3D('',#8947,#7358,#7359);
#5962=AXIS2_PLACEMENT_3D('',#8956,#7364,#7365);
#5963=AXIS2_PLACEMENT_3D('',#8959,#7366,#7367);
#5964=AXIS2_PLACEMENT_3D('',#8962,#7370,#7371);
#5965=AXIS2_PLACEMENT_3D('',#8966,#7374,#7375);
#5966=AXIS2_PLACEMENT_3D('',#8970,#7378,#7379);
#5967=AXIS2_PLACEMENT_3D('',#8974,#7382,#7383);
#5968=AXIS2_PLACEMENT_3D('',#8976,#7384,#7385);
#5969=AXIS2_PLACEMENT_3D('',#8978,#7387,#7388);
#5970=AXIS2_PLACEMENT_3D('',#8982,#7391,#7392);
#5971=AXIS2_PLACEMENT_3D('',#8984,#7393,#7394);
#5972=AXIS2_PLACEMENT_3D('',#8986,#7396,#7397);
#5973=AXIS2_PLACEMENT_3D('',#8989,#7400,#7401);
#5974=AXIS2_PLACEMENT_3D('',#8992,#7402,#7403);
#5975=AXIS2_PLACEMENT_3D('',#8995,#7406,#7407);
#5976=AXIS2_PLACEMENT_3D('',#8997,#7409,#7410);
#5977=AXIS2_PLACEMENT_3D('',#9003,#7414,#7415);
#5978=AXIS2_PLACEMENT_3D('',#9009,#7419,#7420);
#5979=AXIS2_PLACEMENT_3D('',#9018,#7426,#7427);
#5980=AXIS2_PLACEMENT_3D('',#9027,#7433,#7434);
#5981=AXIS2_PLACEMENT_3D('',#9029,#7436,#7437);
#5982=AXIS2_PLACEMENT_3D('',#9031,#7439,#7440);
#5983=AXIS2_PLACEMENT_3D('',#9033,#7442,#7443);
#5984=AXIS2_PLACEMENT_3D('',#9034,#7444,#7445);
#5985=AXIS2_PLACEMENT_3D('',#9035,#7446,#7447);
#5986=AXIS2_PLACEMENT_3D('',#9044,#7452,#7453);
#5987=AXIS2_PLACEMENT_3D('',#9051,#7456,#7457);
#5988=AXIS2_PLACEMENT_3D('',#9055,#7459,#7460);
#5989=AXIS2_PLACEMENT_3D('',#9063,#7464,#7465);
#5990=AXIS2_PLACEMENT_3D('',#9067,#7467,#7468);
#5991=AXIS2_PLACEMENT_3D('',#9069,#7470,#7471);
#5992=AXIS2_PLACEMENT_3D('',#9078,#7476,#7477);
#5993=AXIS2_PLACEMENT_3D('',#9081,#7478,#7479);
#5994=AXIS2_PLACEMENT_3D('',#9084,#7482,#7483);
#5995=AXIS2_PLACEMENT_3D('',#9088,#7486,#7487);
#5996=AXIS2_PLACEMENT_3D('',#9092,#7490,#7491);
#5997=AXIS2_PLACEMENT_3D('',#9096,#7494,#7495);
#5998=AXIS2_PLACEMENT_3D('',#9098,#7496,#7497);
#5999=AXIS2_PLACEMENT_3D('',#9100,#7499,#7500);
#6000=AXIS2_PLACEMENT_3D('',#9104,#7503,#7504);
#6001=AXIS2_PLACEMENT_3D('',#9106,#7505,#7506);
#6002=AXIS2_PLACEMENT_3D('',#9108,#7508,#7509);
#6003=AXIS2_PLACEMENT_3D('',#9111,#7512,#7513);
#6004=AXIS2_PLACEMENT_3D('',#9114,#7514,#7515);
#6005=AXIS2_PLACEMENT_3D('',#9117,#7518,#7519);
#6006=AXIS2_PLACEMENT_3D('',#9119,#7521,#7522);
#6007=AXIS2_PLACEMENT_3D('',#9125,#7526,#7527);
#6008=AXIS2_PLACEMENT_3D('',#9131,#7531,#7532);
#6009=AXIS2_PLACEMENT_3D('',#9140,#7538,#7539);
#6010=AXIS2_PLACEMENT_3D('',#9149,#7545,#7546);
#6011=AXIS2_PLACEMENT_3D('',#9151,#7548,#7549);
#6012=AXIS2_PLACEMENT_3D('',#9153,#7551,#7552);
#6013=AXIS2_PLACEMENT_3D('',#9155,#7554,#7555);
#6014=AXIS2_PLACEMENT_3D('',#9156,#7556,#7557);
#6015=AXIS2_PLACEMENT_3D('',#9157,#7558,#7559);
#6016=AXIS2_PLACEMENT_3D('',#9166,#7564,#7565);
#6017=AXIS2_PLACEMENT_3D('',#9172,#7569,#7570);
#6018=AXIS2_PLACEMENT_3D('',#9178,#7574,#7575);
#6019=AXIS2_PLACEMENT_3D('',#9181,#7578,#7579);
#6020=AXIS2_PLACEMENT_3D('',#9182,#7580,#7581);
#6021=AXIS2_PLACEMENT_3D('',#9191,#7586,#7587);
#6022=AXIS2_PLACEMENT_3D('',#9200,#7592,#7593);
#6023=AXIS2_PLACEMENT_3D('',#9203,#7596,#7597);
#6024=AXIS2_PLACEMENT_3D('',#9205,#7599,#7600);
#6025=AXIS2_PLACEMENT_3D('',#9215,#7606,#7607);
#6026=AXIS2_PLACEMENT_3D('',#9221,#7611,#7612);
#6027=AXIS2_PLACEMENT_3D('',#9227,#7616,#7617);
#6028=AXIS2_PLACEMENT_3D('',#9229,#7618,#7619);
#6029=AXIS2_PLACEMENT_3D('',#9232,#7621,#7622);
#6030=AXIS2_PLACEMENT_3D('',#9233,#7623,#7624);
#6031=AXIS2_PLACEMENT_3D('',#9239,#7628,#7629);
#6032=AXIS2_PLACEMENT_3D('',#9245,#7633,#7634);
#6033=AXIS2_PLACEMENT_3D('',#9251,#7638,#7639);
#6034=AXIS2_PLACEMENT_3D('',#9257,#7643,#7644);
#6035=AXIS2_PLACEMENT_3D('',#9259,#7645,#7646);
#6036=AXIS2_PLACEMENT_3D('',#9262,#7648,#7649);
#6037=AXIS2_PLACEMENT_3D('',#9263,#7650,#7651);
#6038=AXIS2_PLACEMENT_3D('',#9269,#7655,#7656);
#6039=AXIS2_PLACEMENT_3D('',#9271,#7657,#7658);
#6040=AXIS2_PLACEMENT_3D('',#9274,#7660,#7661);
#6041=AXIS2_PLACEMENT_3D('',#9275,#7662,#7663);
#6042=AXIS2_PLACEMENT_3D('',#9281,#7667,#7668);
#6043=AXIS2_PLACEMENT_3D('',#9287,#7672,#7673);
#6044=AXIS2_PLACEMENT_3D('',#9293,#7677,#7678);
#6045=AXIS2_PLACEMENT_3D('',#9299,#7682,#7683);
#6046=AXIS2_PLACEMENT_3D('',#9301,#7684,#7685);
#6047=AXIS2_PLACEMENT_3D('',#9304,#7687,#7688);
#6048=AXIS2_PLACEMENT_3D('',#9305,#7689,#7690);
#6049=AXIS2_PLACEMENT_3D('',#9311,#7694,#7695);
#6050=AXIS2_PLACEMENT_3D('',#9314,#7698,#7699);
#6051=AXIS2_PLACEMENT_3D('',#9315,#7700,#7701);
#6052=DIRECTION('axis',(0.,0.,1.));
#6053=DIRECTION('refdir',(1.,0.,0.));
#6054=DIRECTION('center_axis',(5.27446463772357E-31,-2.30958575010386E-31,
1.));
#6055=DIRECTION('ref_axis',(-6.73533494602308E-16,-1.,-2.30958575010386E-31));
#6056=DIRECTION('center_axis',(-5.27446463772357E-31,2.30958575010386E-31,
-1.));
#6057=DIRECTION('ref_axis',(-0.954975888559195,-0.296683420956708,0.));
#6058=DIRECTION('',(-0.599282431094489,0.800537674179972,5.00980439552424E-31));
#6059=DIRECTION('center_axis',(-5.27446463772357E-31,2.30958575010386E-31,
-1.));
#6060=DIRECTION('ref_axis',(-0.597526159313931,-0.801849417868182,0.));
#6061=DIRECTION('center_axis',(-5.27446463772357E-31,2.30958575010386E-31,
-1.));
#6062=DIRECTION('ref_axis',(-0.300202428493914,-0.953875516997033,0.));
#6063=DIRECTION('center_axis',(-5.27446463772357E-31,2.30958575010386E-31,
-1.));
#6064=DIRECTION('ref_axis',(-0.098697150229374,-0.995117516947923,0.));
#6065=DIRECTION('center_axis',(-5.27446463772357E-31,2.30958575010386E-31,
-1.));
#6066=DIRECTION('ref_axis',(0.0474233106885369,-0.998874881856251,0.));
#6067=DIRECTION('center_axis',(-5.27446463772357E-31,2.30958575010386E-31,
-1.));
#6068=DIRECTION('ref_axis',(0.164497482783765,-0.986377502864803,0.));
#6069=DIRECTION('center_axis',(-5.27446463772357E-31,2.30958575010386E-31,
-1.));
#6070=DIRECTION('ref_axis',(0.360801359400041,-0.932642685627825,0.));
#6071=DIRECTION('center_axis',(-5.27446463772357E-31,2.30958575010386E-31,
-1.));
#6072=DIRECTION('ref_axis',(0.602932076812598,-0.797792523624061,0.));
#6073=DIRECTION('center_axis',(-5.27446463772357E-31,2.30958575010386E-31,
-1.));
#6074=DIRECTION('ref_axis',(0.823316120809495,-0.567583091022985,0.));
#6075=DIRECTION('center_axis',(-5.27446463772357E-31,2.30958575010386E-31,
-1.));
#6076=DIRECTION('ref_axis',(0.978850032016564,-0.20457911628798,0.));
#6077=DIRECTION('center_axis',(-5.27446463772357E-31,2.30958575010386E-31,
-1.));
#6078=DIRECTION('ref_axis',(0.978850032023659,0.204579116254033,0.));
#6079=DIRECTION('center_axis',(-5.27446463772357E-31,2.30958575010386E-31,
-1.));
#6080=DIRECTION('ref_axis',(0.823316120710938,0.567583091165947,0.));
#6081=DIRECTION('center_axis',(-5.27446463772357E-31,2.30958575010386E-31,
-1.));
#6082=DIRECTION('ref_axis',(0.602932076880556,0.797792523572701,0.));
#6083=DIRECTION('center_axis',(-5.27446463772357E-31,2.30958575010386E-31,
-1.));
#6084=DIRECTION('ref_axis',(0.36080135948431,0.932642685595225,0.));
#6085=DIRECTION('center_axis',(-5.27446463772357E-31,2.30958575010386E-31,
-1.));
#6086=DIRECTION('ref_axis',(0.164497482783768,0.986377502864803,0.));
#6087=DIRECTION('center_axis',(-5.27446463772357E-31,2.30958575010386E-31,
-1.));
#6088=DIRECTION('ref_axis',(0.04742331068854,0.99887488185625,0.));
#6089=DIRECTION('center_axis',(-5.27446463772357E-31,2.30958575010386E-31,
-1.));
#6090=DIRECTION('ref_axis',(-0.0986971503465819,0.995117516936298,0.));
#6091=DIRECTION('center_axis',(-5.27446463772357E-31,2.30958575010386E-31,
-1.));
#6092=DIRECTION('ref_axis',(-0.300202428416166,0.953875517021501,0.));
#6093=DIRECTION('center_axis',(-5.27446463772357E-31,2.30958575010386E-31,
-1.));
#6094=DIRECTION('ref_axis',(-0.597526159208534,0.801849417946723,0.));
#6095=DIRECTION('',(0.599282430388512,0.800537674708466,-1.31198358116529E-31));
#6096=DIRECTION('center_axis',(-5.27446463772357E-31,2.30958575010386E-31,
-1.));
#6097=DIRECTION('ref_axis',(-0.95497588857002,0.296683420921866,0.));
#6098=DIRECTION('center_axis',(5.27446463772357E-31,-2.30958575010386E-31,
1.));
#6099=DIRECTION('ref_axis',(0.995842759039664,0.09108896348225,0.));
#6100=DIRECTION('center_axis',(5.27446463772357E-31,-2.30958575010386E-31,
1.));
#6101=DIRECTION('ref_axis',(0.995842759032929,-0.0910889635558796,0.));
#6102=DIRECTION('center_axis',(5.27446463772357E-31,-2.30958575010386E-31,
1.));
#6103=DIRECTION('ref_axis',(0.856442230492638,-0.516242874845547,0.));
#6104=DIRECTION('',(0.790180259811557,0.612874503470442,-2.75229161798597E-31));
#6105=DIRECTION('center_axis',(5.27446463772357E-31,-2.30958575010386E-31,
1.));
#6106=DIRECTION('ref_axis',(0.437104600191929,-0.899410678439529,0.));
#6107=DIRECTION('center_axis',(5.27446463772357E-31,-2.30958575010386E-31,
1.));
#6108=DIRECTION('ref_axis',(0.188386471544327,-0.982094973685885,0.));
#6109=DIRECTION('center_axis',(5.27446463772357E-31,-2.30958575010386E-31,
1.));
#6110=DIRECTION('ref_axis',(0.0285597739065414,-0.999592086460476,0.));
#6111=DIRECTION('center_axis',(5.27446463772357E-31,-2.30958575010386E-31,
1.));
#6112=DIRECTION('ref_axis',(-0.0905357460665047,-0.995893206465523,0.));
#6113=DIRECTION('center_axis',(5.27446463772357E-31,-2.30958575010386E-31,
1.));
#6114=DIRECTION('ref_axis',(-0.280276001093178,-0.959919456627074,0.));
#6115=DIRECTION('center_axis',(5.27446463772357E-31,-2.30958575010386E-31,
1.));
#6116=DIRECTION('ref_axis',(-0.670118697948127,-0.742253952943537,0.));
#6117=DIRECTION('center_axis',(5.27446463772357E-31,-2.30958575010386E-31,
1.));
#6118=DIRECTION('ref_axis',(-0.953926110060003,-0.300041624688627,0.));
#6119=DIRECTION('center_axis',(5.27446463772357E-31,-2.30958575010386E-31,
1.));
#6120=DIRECTION('ref_axis',(-0.953926110075794,0.300041624638423,0.));
#6121=DIRECTION('center_axis',(5.27446463772357E-31,-2.30958575010386E-31,
1.));
#6122=DIRECTION('ref_axis',(-0.670118697948125,0.742253952943539,0.));
#6123=DIRECTION('center_axis',(5.27446463772357E-31,-2.30958575010386E-31,
1.));
#6124=DIRECTION('ref_axis',(-0.280276001093176,0.959919456627075,0.));
#6125=DIRECTION('center_axis',(5.27446463772357E-31,-2.30958575010386E-31,
1.));
#6126=DIRECTION('ref_axis',(-0.0905357460665017,0.995893206465523,0.));
#6127=DIRECTION('center_axis',(5.27446463772357E-31,-2.30958575010386E-31,
1.));
#6128=DIRECTION('ref_axis',(0.0285597739736213,0.999592086458559,0.));
#6129=DIRECTION('center_axis',(5.27446463772357E-31,-2.30958575010386E-31,
1.));
#6130=DIRECTION('ref_axis',(0.18838647154433,0.982094973685884,0.));
#6131=DIRECTION('center_axis',(5.27446463772357E-31,-2.30958575010386E-31,
1.));
#6132=DIRECTION('ref_axis',(0.437104599803999,0.899410678628059,0.));
#6133=DIRECTION('',(-0.790180259570134,0.612874503781709,5.58326405706611E-31));
#6134=DIRECTION('center_axis',(5.27446463772357E-31,-2.30958575010386E-31,
1.));
#6135=DIRECTION('ref_axis',(0.85644223049264,0.516242874845544,0.));
#6136=DIRECTION('center_axis',(0.,0.,-1.));
#6137=DIRECTION('ref_axis',(0.978850032023659,0.204579116254033,0.));
#6138=DIRECTION('',(0.,0.,-1.));
#6139=DIRECTION('center_axis',(0.,0.,1.));
#6140=DIRECTION('ref_axis',(0.978850032023659,0.204579116254033,0.));
#6141=DIRECTION('',(0.,0.,-1.));
#6142=DIRECTION('center_axis',(0.,0.,-1.));
#6143=DIRECTION('ref_axis',(0.978850032016564,-0.20457911628798,0.));
#6144=DIRECTION('',(0.,0.,-1.));
#6145=DIRECTION('center_axis',(0.,0.,1.));
#6146=DIRECTION('ref_axis',(0.978850032016564,-0.20457911628798,0.));
#6147=DIRECTION('center_axis',(0.,0.,-1.));
#6148=DIRECTION('ref_axis',(0.823316120809495,-0.567583091022985,0.));
#6149=DIRECTION('',(0.,0.,-1.));
#6150=DIRECTION('center_axis',(0.,0.,1.));
#6151=DIRECTION('ref_axis',(0.823316120809495,-0.567583091022985,0.));
#6152=DIRECTION('center_axis',(0.,0.,-1.));
#6153=DIRECTION('ref_axis',(0.602932076812598,-0.797792523624061,0.));
#6154=DIRECTION('',(0.,0.,-1.));
#6155=DIRECTION('center_axis',(0.,0.,1.));
#6156=DIRECTION('ref_axis',(0.602932076812598,-0.797792523624061,0.));
#6157=DIRECTION('center_axis',(0.,0.,-1.));
#6158=DIRECTION('ref_axis',(0.360801359400041,-0.932642685627825,0.));
#6159=DIRECTION('',(0.,0.,-1.));
#6160=DIRECTION('center_axis',(0.,0.,1.));
#6161=DIRECTION('ref_axis',(0.360801359400041,-0.932642685627825,0.));
#6162=DIRECTION('center_axis',(0.,0.,-1.));
#6163=DIRECTION('ref_axis',(0.164497482783765,-0.986377502864803,0.));
#6164=DIRECTION('',(0.,0.,-1.));
#6165=DIRECTION('center_axis',(0.,0.,1.));
#6166=DIRECTION('ref_axis',(0.164497482783765,-0.986377502864803,0.));
#6167=DIRECTION('center_axis',(0.,0.,-1.));
#6168=DIRECTION('ref_axis',(0.0474233106885369,-0.998874881856251,0.));
#6169=DIRECTION('',(0.,0.,-1.));
#6170=DIRECTION('center_axis',(0.,0.,1.));
#6171=DIRECTION('ref_axis',(0.0474233106885369,-0.998874881856251,0.));
#6172=DIRECTION('center_axis',(0.,0.,-1.));
#6173=DIRECTION('ref_axis',(-0.098697150229374,-0.995117516947923,0.));
#6174=DIRECTION('',(0.,0.,-1.));
#6175=DIRECTION('center_axis',(0.,0.,1.));
#6176=DIRECTION('ref_axis',(-0.098697150229374,-0.995117516947923,0.));
#6177=DIRECTION('center_axis',(0.,0.,-1.));
#6178=DIRECTION('ref_axis',(-0.300202428493914,-0.953875516997033,0.));
#6179=DIRECTION('',(0.,0.,-1.));
#6180=DIRECTION('center_axis',(0.,0.,1.));
#6181=DIRECTION('ref_axis',(-0.300202428493914,-0.953875516997033,0.));
#6182=DIRECTION('center_axis',(0.,0.,-1.));
#6183=DIRECTION('ref_axis',(-0.597526159313931,-0.801849417868182,0.));
#6184=DIRECTION('',(0.,0.,-1.));
#6185=DIRECTION('center_axis',(0.,0.,1.));
#6186=DIRECTION('ref_axis',(-0.597526159313931,-0.801849417868182,0.));
#6187=DIRECTION('center_axis',(-0.800537674179972,-0.599282431094489,0.));
#6188=DIRECTION('ref_axis',(0.,0.,-1.));
#6189=DIRECTION('',(0.,0.,-1.));
#6190=DIRECTION('',(0.599282431094489,-0.800537674179972,0.));
#6191=DIRECTION('center_axis',(0.,0.,-1.));
#6192=DIRECTION('ref_axis',(-0.953926110060003,-0.300041624688627,0.));
#6193=DIRECTION('',(0.,0.,-1.));
#6194=DIRECTION('center_axis',(0.,0.,-1.));
#6195=DIRECTION('ref_axis',(-0.953926110060003,-0.300041624688627,0.));
#6196=DIRECTION('',(0.,0.,-1.));
#6197=DIRECTION('center_axis',(0.,0.,-1.));
#6198=DIRECTION('ref_axis',(-0.670118697948127,-0.742253952943537,0.));
#6199=DIRECTION('',(0.,0.,-1.));
#6200=DIRECTION('center_axis',(0.,0.,-1.));
#6201=DIRECTION('ref_axis',(-0.670118697948127,-0.742253952943537,0.));
#6202=DIRECTION('center_axis',(0.,0.,-1.));
#6203=DIRECTION('ref_axis',(-0.280276001093178,-0.959919456627074,0.));
#6204=DIRECTION('',(0.,0.,-1.));
#6205=DIRECTION('center_axis',(0.,0.,-1.));
#6206=DIRECTION('ref_axis',(-0.280276001093178,-0.959919456627074,0.));
#6207=DIRECTION('center_axis',(0.,0.,-1.));
#6208=DIRECTION('ref_axis',(-0.0905357460665047,-0.995893206465523,0.));
#6209=DIRECTION('',(0.,0.,-1.));
#6210=DIRECTION('center_axis',(0.,0.,-1.));
#6211=DIRECTION('ref_axis',(-0.0905357460665047,-0.995893206465523,0.));
#6212=DIRECTION('center_axis',(0.,0.,-1.));
#6213=DIRECTION('ref_axis',(0.0285597739065414,-0.999592086460476,0.));
#6214=DIRECTION('',(0.,0.,-1.));
#6215=DIRECTION('center_axis',(0.,0.,-1.));
#6216=DIRECTION('ref_axis',(0.0285597739065414,-0.999592086460476,0.));
#6217=DIRECTION('center_axis',(0.,0.,-1.));
#6218=DIRECTION('ref_axis',(0.188386471544327,-0.982094973685885,0.));
#6219=DIRECTION('',(0.,0.,-1.));
#6220=DIRECTION('center_axis',(0.,0.,-1.));
#6221=DIRECTION('ref_axis',(0.188386471544327,-0.982094973685885,0.));
#6222=DIRECTION('center_axis',(0.,0.,-1.));
#6223=DIRECTION('ref_axis',(0.437104600191929,-0.899410678439529,0.));
#6224=DIRECTION('',(0.,0.,-1.));
#6225=DIRECTION('center_axis',(0.,0.,-1.));
#6226=DIRECTION('ref_axis',(0.437104600191929,-0.899410678439529,0.));
#6227=DIRECTION('center_axis',(-0.612874503470442,0.790180259811557,0.));
#6228=DIRECTION('ref_axis',(0.,0.,1.));
#6229=DIRECTION('',(0.,0.,-1.));
#6230=DIRECTION('',(-0.790180259811557,-0.612874503470442,0.));
#6231=DIRECTION('center_axis',(0.,0.,-1.));
#6232=DIRECTION('ref_axis',(0.856442230492638,-0.516242874845547,0.));
#6233=DIRECTION('',(0.,0.,-1.));
#6234=DIRECTION('center_axis',(0.,0.,-1.));
#6235=DIRECTION('ref_axis',(0.856442230492638,-0.516242874845547,0.));
#6236=DIRECTION('center_axis',(0.,0.,-1.));
#6237=DIRECTION('ref_axis',(0.995842759032929,-0.0910889635558796,0.));
#6238=DIRECTION('',(0.,0.,-1.));
#6239=DIRECTION('center_axis',(0.,0.,-1.));
#6240=DIRECTION('ref_axis',(0.995842759032929,-0.0910889635558796,0.));
#6241=DIRECTION('center_axis',(0.,0.,1.));
#6242=DIRECTION('ref_axis',(1.,-1.38542064105629E-15,0.));
#6243=DIRECTION('center_axis',(0.,0.,1.));
#6244=DIRECTION('ref_axis',(-0.954975888559195,-0.296683420956708,0.));
#6245=DIRECTION('center_axis',(0.,0.,1.));
#6246=DIRECTION('ref_axis',(-0.95497588857002,0.296683420921866,0.));
#6247=DIRECTION('',(-0.599282430388512,-0.800537674708466,0.));
#6248=DIRECTION('center_axis',(0.,0.,1.));
#6249=DIRECTION('ref_axis',(-0.597526159208534,0.801849417946723,0.));
#6250=DIRECTION('center_axis',(0.,0.,1.));
#6251=DIRECTION('ref_axis',(-0.300202428416166,0.953875517021501,0.));
#6252=DIRECTION('center_axis',(0.,0.,1.));
#6253=DIRECTION('ref_axis',(-0.0986971503465819,0.995117516936298,0.));
#6254=DIRECTION('center_axis',(0.,0.,1.));
#6255=DIRECTION('ref_axis',(0.04742331068854,0.99887488185625,0.));
#6256=DIRECTION('center_axis',(0.,0.,1.));
#6257=DIRECTION('ref_axis',(0.164497482783768,0.986377502864803,0.));
#6258=DIRECTION('center_axis',(0.,0.,1.));
#6259=DIRECTION('ref_axis',(0.36080135948431,0.932642685595225,0.));
#6260=DIRECTION('center_axis',(0.,0.,1.));
#6261=DIRECTION('ref_axis',(0.602932076880556,0.797792523572701,0.));
#6262=DIRECTION('center_axis',(0.,0.,1.));
#6263=DIRECTION('ref_axis',(0.823316120710938,0.567583091165947,0.));
#6264=DIRECTION('center_axis',(0.,0.,-1.));
#6265=DIRECTION('ref_axis',(0.995842759039664,0.09108896348225,0.));
#6266=DIRECTION('center_axis',(0.,0.,-1.));
#6267=DIRECTION('ref_axis',(0.85644223049264,0.516242874845544,0.));
#6268=DIRECTION('',(0.790180259570134,-0.612874503781709,0.));
#6269=DIRECTION('center_axis',(0.,0.,-1.));
#6270=DIRECTION('ref_axis',(0.437104599803999,0.899410678628059,0.));
#6271=DIRECTION('center_axis',(0.,0.,-1.));
#6272=DIRECTION('ref_axis',(0.18838647154433,0.982094973685884,0.));
#6273=DIRECTION('center_axis',(0.,0.,-1.));
#6274=DIRECTION('ref_axis',(0.0285597739736213,0.999592086458559,0.));
#6275=DIRECTION('center_axis',(0.,0.,-1.));
#6276=DIRECTION('ref_axis',(-0.0905357460665017,0.995893206465523,0.));
#6277=DIRECTION('center_axis',(0.,0.,-1.));
#6278=DIRECTION('ref_axis',(-0.280276001093176,0.959919456627075,0.));
#6279=DIRECTION('center_axis',(0.,0.,-1.));
#6280=DIRECTION('ref_axis',(-0.670118697948125,0.742253952943539,0.));
#6281=DIRECTION('center_axis',(0.,0.,-1.));
#6282=DIRECTION('ref_axis',(-0.953926110075794,0.300041624638423,0.));
#6283=DIRECTION('center_axis',(0.,0.,-1.));
#6284=DIRECTION('ref_axis',(-0.954975888559195,-0.296683420956708,0.));
#6285=DIRECTION('',(0.,0.,-1.));
#6286=DIRECTION('center_axis',(0.,0.,-1.));
#6287=DIRECTION('ref_axis',(0.823316120710938,0.567583091165947,0.));
#6288=DIRECTION('',(0.,0.,-1.));
#6289=DIRECTION('center_axis',(0.,0.,-1.));
#6290=DIRECTION('ref_axis',(0.602932076880556,0.797792523572701,0.));
#6291=DIRECTION('',(0.,0.,-1.));
#6292=DIRECTION('center_axis',(0.,0.,-1.));
#6293=DIRECTION('ref_axis',(0.36080135948431,0.932642685595225,0.));
#6294=DIRECTION('',(0.,0.,-1.));
#6295=DIRECTION('center_axis',(0.,0.,-1.));
#6296=DIRECTION('ref_axis',(0.164497482783768,0.986377502864803,0.));
#6297=DIRECTION('',(0.,0.,-1.));
#6298=DIRECTION('center_axis',(0.,0.,-1.));
#6299=DIRECTION('ref_axis',(0.04742331068854,0.99887488185625,0.));
#6300=DIRECTION('',(0.,0.,-1.));
#6301=DIRECTION('center_axis',(0.,0.,-1.));
#6302=DIRECTION('ref_axis',(-0.0986971503465819,0.995117516936298,0.));
#6303=DIRECTION('',(0.,0.,-1.));
#6304=DIRECTION('center_axis',(0.,0.,-1.));
#6305=DIRECTION('ref_axis',(-0.300202428416166,0.953875517021501,0.));
#6306=DIRECTION('',(0.,0.,-1.));
#6307=DIRECTION('center_axis',(0.,0.,-1.));
#6308=DIRECTION('ref_axis',(-0.597526159208534,0.801849417946723,0.));
#6309=DIRECTION('',(0.,0.,-1.));
#6310=DIRECTION('center_axis',(-0.800537674708466,0.599282430388512,0.));
#6311=DIRECTION('ref_axis',(0.,0.,1.));
#6312=DIRECTION('',(0.,0.,-1.));
#6313=DIRECTION('center_axis',(0.,0.,-1.));
#6314=DIRECTION('ref_axis',(-0.95497588857002,0.296683420921866,0.));
#6315=DIRECTION('center_axis',(0.,0.,-1.));
#6316=DIRECTION('ref_axis',(0.995842759039664,0.09108896348225,0.));
#6317=DIRECTION('',(0.,0.,-1.));
#6318=DIRECTION('center_axis',(0.,0.,-1.));
#6319=DIRECTION('ref_axis',(-0.953926110075794,0.300041624638423,0.));
#6320=DIRECTION('',(0.,0.,-1.));
#6321=DIRECTION('center_axis',(0.,0.,-1.));
#6322=DIRECTION('ref_axis',(-0.670118697948125,0.742253952943539,0.));
#6323=DIRECTION('',(0.,0.,-1.));
#6324=DIRECTION('center_axis',(0.,0.,-1.));
#6325=DIRECTION('ref_axis',(-0.280276001093176,0.959919456627075,0.));
#6326=DIRECTION('',(0.,0.,-1.));
#6327=DIRECTION('center_axis',(0.,0.,-1.));
#6328=DIRECTION('ref_axis',(-0.0905357460665017,0.995893206465523,0.));
#6329=DIRECTION('',(0.,0.,-1.));
#6330=DIRECTION('center_axis',(0.,0.,-1.));
#6331=DIRECTION('ref_axis',(0.0285597739736213,0.999592086458559,0.));
#6332=DIRECTION('',(0.,0.,-1.));
#6333=DIRECTION('center_axis',(0.,0.,-1.));
#6334=DIRECTION('ref_axis',(0.18838647154433,0.982094973685884,0.));
#6335=DIRECTION('',(0.,0.,-1.));
#6336=DIRECTION('center_axis',(0.,0.,-1.));
#6337=DIRECTION('ref_axis',(0.437104599803999,0.899410678628059,0.));
#6338=DIRECTION('',(0.,0.,-1.));
#6339=DIRECTION('center_axis',(-0.612874503781709,-0.790180259570134,0.));
#6340=DIRECTION('ref_axis',(0.,0.,-1.));
#6341=DIRECTION('',(0.,0.,-1.));
#6342=DIRECTION('center_axis',(0.,0.,-1.));
#6343=DIRECTION('ref_axis',(0.85644223049264,0.516242874845544,0.));
#6344=DIRECTION('center_axis',(5.27446463772357E-31,-2.30958575010386E-31,
1.));
#6345=DIRECTION('ref_axis',(-6.73533494602308E-16,-1.,-2.30958575010386E-31));
#6346=DIRECTION('',(1.,-1.56911159412965E-15,-5.27446463772357E-31));
#6347=DIRECTION('',(1.56911159412965E-15,1.,2.30958575010386E-31));
#6348=DIRECTION('',(-1.,1.56911159412965E-15,5.27446463772357E-31));
#6349=DIRECTION('',(-1.56911159412965E-15,-1.,-2.30958575010386E-31));
#6350=DIRECTION('center_axis',(-1.56911159412965E-15,-1.,0.));
#6351=DIRECTION('ref_axis',(0.,0.,-1.));
#6352=DIRECTION('',(0.,0.,-1.));
#6353=DIRECTION('',(1.,-1.56911159412965E-15,0.));
#6354=DIRECTION('',(0.,0.,-1.));
#6355=DIRECTION('center_axis',(-1.,1.56911159412965E-15,0.));
#6356=DIRECTION('ref_axis',(0.,0.,-1.));
#6357=DIRECTION('',(0.,0.,-1.));
#6358=DIRECTION('',(-1.56911159412965E-15,-1.,0.));
#6359=DIRECTION('center_axis',(0.,0.,1.));
#6360=DIRECTION('ref_axis',(1.,-1.38542064105629E-15,0.));
#6361=DIRECTION('',(-1.,1.56911159412965E-15,0.));
#6362=DIRECTION('',(1.56911159412965E-15,1.,0.));
#6363=DIRECTION('center_axis',(1.56911159412965E-15,1.,0.));
#6364=DIRECTION('ref_axis',(0.,0.,1.));
#6365=DIRECTION('',(0.,0.,-1.));
#6366=DIRECTION('center_axis',(1.,-1.56911159412965E-15,0.));
#6367=DIRECTION('ref_axis',(0.,0.,1.));
#6368=DIRECTION('center_axis',(1.,-1.56911159412965E-15,0.));
#6369=DIRECTION('ref_axis',(0.,0.,1.));
#6370=DIRECTION('',(-1.56911159412965E-15,-1.,-2.30958575010386E-31));
#6371=DIRECTION('',(0.,0.,-1.));
#6372=DIRECTION('',(1.56911159412965E-15,1.,0.));
#6373=DIRECTION('',(0.,0.,-1.));
#6374=DIRECTION('center_axis',(1.56911159412965E-15,1.,0.));
#6375=DIRECTION('ref_axis',(0.,0.,1.));
#6376=DIRECTION('',(1.,-1.56911159412965E-15,-5.27446463772357E-31));
#6377=DIRECTION('',(-1.,1.56911159412965E-15,0.));
#6378=DIRECTION('',(0.,0.,-1.));
#6379=DIRECTION('center_axis',(0.,0.,1.));
#6380=DIRECTION('ref_axis',(1.,-1.38542064105629E-15,0.));
#6381=DIRECTION('',(1.,-1.56911159412965E-15,0.));
#6382=DIRECTION('',(-1.56911159412965E-15,-1.,0.));
#6383=DIRECTION('center_axis',(-1.,1.56911159412965E-15,0.));
#6384=DIRECTION('ref_axis',(0.,0.,-1.));
#6385=DIRECTION('',(1.56911159412965E-15,1.,2.30958575010386E-31));
#6386=DIRECTION('',(0.,0.,-1.));
#6387=DIRECTION('center_axis',(-1.56911159412965E-15,-1.,0.));
#6388=DIRECTION('ref_axis',(0.,0.,-1.));
#6389=DIRECTION('',(-1.,1.56911159412965E-15,5.27446463772357E-31));
#6390=DIRECTION('center_axis',(5.27446463772357E-31,-2.30958575010386E-31,
1.));
#6391=DIRECTION('ref_axis',(-6.73533494602308E-16,-1.,-2.30958575010386E-31));
#6392=DIRECTION('center_axis',(5.27446463772357E-31,-2.30958575010386E-31,
1.));
#6393=DIRECTION('ref_axis',(-6.73533494602308E-16,-1.,-2.30958575010386E-31));
#6394=DIRECTION('center_axis',(-5.27446463772357E-31,2.30958575010386E-31,
-1.));
#6395=DIRECTION('ref_axis',(-1.56911159412965E-15,-1.,0.));
#6396=DIRECTION('center_axis',(0.,0.,1.));
#6397=DIRECTION('ref_axis',(1.,-1.38542064105629E-15,0.));
#6398=DIRECTION('center_axis',(0.,0.,1.));
#6399=DIRECTION('ref_axis',(-1.56911159412965E-15,-1.,0.));
#6400=DIRECTION('center_axis',(0.,0.,-1.));
#6401=DIRECTION('ref_axis',(-1.56911159412965E-15,-1.,0.));
#6402=DIRECTION('center_axis',(0.,0.,-1.));
#6403=DIRECTION('ref_axis',(0.843661487734737,0.536875492189027,0.));
#6404=DIRECTION('center_axis',(-5.27446463772357E-31,2.30958575010386E-31,
-1.));
#6405=DIRECTION('ref_axis',(0.843661487734737,0.536875492189027,0.));
#6406=DIRECTION('',(0.,0.,-1.));
#6407=DIRECTION('center_axis',(0.,0.,1.));
#6408=DIRECTION('ref_axis',(0.843661487734737,0.536875492189027,0.));
#6409=DIRECTION('',(0.,0.,-1.));
#6410=DIRECTION('center_axis',(0.,0.,-1.));
#6411=DIRECTION('ref_axis',(0.998329958411744,-0.0577693183065717,0.));
#6412=DIRECTION('center_axis',(-5.27446463772357E-31,2.30958575010386E-31,
-1.));
#6413=DIRECTION('ref_axis',(0.998329958411744,-0.0577693183065717,0.));
#6414=DIRECTION('',(0.,0.,-1.));
#6415=DIRECTION('center_axis',(0.,0.,1.));
#6416=DIRECTION('ref_axis',(0.998329958411744,-0.0577693183065717,0.));
#6417=DIRECTION('center_axis',(0.,0.,-1.));
#6418=DIRECTION('ref_axis',(0.744531910306019,-0.667586874149028,0.));
#6419=DIRECTION('center_axis',(-5.27446463772357E-31,2.30958575010386E-31,
-1.));
#6420=DIRECTION('ref_axis',(0.744531910306019,-0.667586874149028,0.));
#6421=DIRECTION('',(0.,0.,-1.));
#6422=DIRECTION('center_axis',(0.,0.,1.));
#6423=DIRECTION('ref_axis',(0.744531910306019,-0.667586874149028,0.));
#6424=DIRECTION('center_axis',(0.,0.,-1.));
#6425=DIRECTION('ref_axis',(0.236812467920885,-0.971555379295087,0.));
#6426=DIRECTION('center_axis',(-5.27446463772357E-31,2.30958575010386E-31,
-1.));
#6427=DIRECTION('ref_axis',(0.236812467920885,-0.971555379295087,0.));
#6428=DIRECTION('',(0.,0.,-1.));
#6429=DIRECTION('center_axis',(0.,0.,1.));
#6430=DIRECTION('ref_axis',(0.236812467920885,-0.971555379295087,0.));
#6431=DIRECTION('center_axis',(-1.56911159412965E-15,-1.,0.));
#6432=DIRECTION('ref_axis',(0.,0.,-1.));
#6433=DIRECTION('',(-1.,1.56911159412965E-15,5.27446463772357E-31));
#6434=DIRECTION('',(0.,0.,-1.));
#6435=DIRECTION('',(1.,-1.56911159412965E-15,0.));
#6436=DIRECTION('center_axis',(-1.,1.56911159412965E-15,0.));
#6437=DIRECTION('ref_axis',(0.,0.,-1.));
#6438=DIRECTION('',(1.56911159412965E-15,1.,2.30958575010386E-31));
#6439=DIRECTION('',(0.,0.,-1.));
#6440=DIRECTION('',(-1.56911159412965E-15,-1.,0.));
#6441=DIRECTION('center_axis',(1.56911159412965E-15,1.,0.));
#6442=DIRECTION('ref_axis',(0.,0.,1.));
#6443=DIRECTION('',(1.,-1.56911159412965E-15,-5.27446463772357E-31));
#6444=DIRECTION('',(0.,0.,-1.));
#6445=DIRECTION('',(-1.,1.56911159412965E-15,0.));
#6446=DIRECTION('center_axis',(-1.56911159412965E-15,-1.,0.));
#6447=DIRECTION('ref_axis',(0.,0.,-1.));
#6448=DIRECTION('',(-1.,1.56911159412965E-15,5.27446463772357E-31));
#6449=DIRECTION('',(1.,-1.56911159412965E-15,0.));
#6450=DIRECTION('',(0.,0.,-1.));
#6451=DIRECTION('center_axis',(0.,0.,1.));
#6452=DIRECTION('ref_axis',(1.,-1.38542064105629E-15,0.));
#6453=DIRECTION('center_axis',(0.,0.,-1.));
#6454=DIRECTION('ref_axis',(0.231620527226607,-0.972806214704279,0.));
#6455=DIRECTION('center_axis',(0.,0.,-1.));
#6456=DIRECTION('ref_axis',(0.986725053275385,-0.162399720562227,0.));
#6457=DIRECTION('center_axis',(0.,0.,-1.));
#6458=DIRECTION('ref_axis',(0.51511030991056,0.857123893392225,0.));
#6459=DIRECTION('',(1.,-1.56911159412965E-15,0.));
#6460=DIRECTION('',(-1.56911159412965E-15,-1.,0.));
#6461=DIRECTION('',(-1.,1.56911159412965E-15,0.));
#6462=DIRECTION('',(1.56911159412965E-15,1.,0.));
#6463=DIRECTION('center_axis',(1.,-1.56911159412965E-15,0.));
#6464=DIRECTION('ref_axis',(0.,0.,1.));
#6465=DIRECTION('',(-1.56911159412965E-15,-1.,-2.30958575010386E-31));
#6466=DIRECTION('',(0.,0.,-1.));
#6467=DIRECTION('center_axis',(1.56911159412965E-15,1.,0.));
#6468=DIRECTION('ref_axis',(0.,0.,1.));
#6469=DIRECTION('',(1.,-1.56911159412965E-15,-5.27446463772357E-31));
#6470=DIRECTION('',(0.,0.,-1.));
#6471=DIRECTION('center_axis',(-1.,1.56911159412965E-15,0.));
#6472=DIRECTION('ref_axis',(0.,0.,-1.));
#6473=DIRECTION('',(1.56911159412965E-15,1.,2.30958575010386E-31));
#6474=DIRECTION('',(0.,0.,-1.));
#6475=DIRECTION('center_axis',(-1.56911159412965E-15,-1.,0.));
#6476=DIRECTION('ref_axis',(0.,0.,-1.));
#6477=DIRECTION('',(-1.,1.56911159412965E-15,5.27446463772357E-31));
#6478=DIRECTION('',(0.,0.,-1.));
#6479=DIRECTION('center_axis',(0.,0.,-1.));
#6480=DIRECTION('ref_axis',(0.51511030991056,0.857123893392225,0.));
#6481=DIRECTION('center_axis',(5.27446463772357E-31,-2.30958575010386E-31,
1.));
#6482=DIRECTION('ref_axis',(0.51511030991056,0.857123893392225,0.));
#6483=DIRECTION('',(0.,0.,-1.));
#6484=DIRECTION('center_axis',(0.,0.,-1.));
#6485=DIRECTION('ref_axis',(0.986725053275385,-0.162399720562227,0.));
#6486=DIRECTION('center_axis',(5.27446463772357E-31,-2.30958575010386E-31,
1.));
#6487=DIRECTION('ref_axis',(0.986725053275385,-0.162399720562227,0.));
#6488=DIRECTION('',(0.,0.,-1.));
#6489=DIRECTION('center_axis',(0.,0.,-1.));
#6490=DIRECTION('ref_axis',(0.231620527226607,-0.972806214704279,0.));
#6491=DIRECTION('center_axis',(5.27446463772357E-31,-2.30958575010386E-31,
1.));
#6492=DIRECTION('ref_axis',(0.231620527226607,-0.972806214704279,0.));
#6493=DIRECTION('center_axis',(5.27446463772357E-31,-2.30958575010386E-31,
1.));
#6494=DIRECTION('ref_axis',(-6.73533494602308E-16,-1.,-2.30958575010386E-31));
#6495=DIRECTION('center_axis',(5.27446463772357E-31,-2.30958575010386E-31,
1.));
#6496=DIRECTION('ref_axis',(-6.73533494602308E-16,-1.,-2.30958575010386E-31));
#6497=DIRECTION('',(-1.,1.56911159412965E-15,5.27446463772357E-31));
#6498=DIRECTION('',(-1.56911159412965E-15,-1.,-2.30958575010386E-31));
#6499=DIRECTION('',(1.,-1.56911159412965E-15,-5.27446463772357E-31));
#6500=DIRECTION('',(1.56911159412965E-15,1.,2.30958575010386E-31));
#6501=DIRECTION('',(-1.,1.56911159412965E-15,5.27446463772357E-31));
#6502=DIRECTION('center_axis',(5.27446463772357E-31,-2.30958575010386E-31,
1.));
#6503=DIRECTION('ref_axis',(0.515110309861256,0.857123893421855,0.));
#6504=DIRECTION('center_axis',(5.27446463772357E-31,-2.30958575010386E-31,
1.));
#6505=DIRECTION('ref_axis',(0.986725053283515,-0.162399720512827,0.));
#6506=DIRECTION('center_axis',(5.27446463772357E-31,-2.30958575010386E-31,
1.));
#6507=DIRECTION('ref_axis',(0.231620527226607,-0.972806214704279,0.));
#6508=DIRECTION('',(1.,-1.56911159412965E-15,-5.27446463772357E-31));
#6509=DIRECTION('',(1.56911159412965E-15,1.,2.30958575010386E-31));
#6510=DIRECTION('',(-1.,1.56911159412965E-15,5.27446463772357E-31));
#6511=DIRECTION('center_axis',(-5.27446463772357E-31,2.30958575010386E-31,
-1.));
#6512=DIRECTION('ref_axis',(0.236812467927453,-0.971555379293486,0.));
#6513=DIRECTION('center_axis',(-5.27446463772357E-31,2.30958575010386E-31,
-1.));
#6514=DIRECTION('ref_axis',(0.744531910211555,-0.667586874254379,0.));
#6515=DIRECTION('center_axis',(-5.27446463772357E-31,2.30958575010386E-31,
-1.));
#6516=DIRECTION('ref_axis',(0.998329958414882,-0.0577693182523405,0.));
#6517=DIRECTION('center_axis',(-5.27446463772357E-31,2.30958575010386E-31,
-1.));
#6518=DIRECTION('ref_axis',(0.843661487717416,0.536875492216245,0.));
#6519=DIRECTION('center_axis',(0.,0.,-1.));
#6520=DIRECTION('ref_axis',(0.231620527226607,-0.972806214704279,0.));
#6521=DIRECTION('',(0.,0.,-1.));
#6522=DIRECTION('center_axis',(0.,0.,-1.));
#6523=DIRECTION('ref_axis',(0.231620527226607,-0.972806214704279,0.));
#6524=DIRECTION('',(0.,0.,-1.));
#6525=DIRECTION('center_axis',(0.,0.,-1.));
#6526=DIRECTION('ref_axis',(0.986725053283515,-0.162399720512827,0.));
#6527=DIRECTION('',(0.,0.,-1.));
#6528=DIRECTION('center_axis',(0.,0.,-1.));
#6529=DIRECTION('ref_axis',(0.986725053283515,-0.162399720512827,0.));
#6530=DIRECTION('center_axis',(0.,0.,-1.));
#6531=DIRECTION('ref_axis',(0.515110309861256,0.857123893421855,0.));
#6532=DIRECTION('',(0.,0.,-1.));
#6533=DIRECTION('center_axis',(0.,0.,-1.));
#6534=DIRECTION('ref_axis',(0.515110309861256,0.857123893421855,0.));
#6535=DIRECTION('center_axis',(-1.56911159412965E-15,-1.,0.));
#6536=DIRECTION('ref_axis',(0.,0.,-1.));
#6537=DIRECTION('',(0.,0.,-1.));
#6538=DIRECTION('',(1.,-1.56911159412965E-15,0.));
#6539=DIRECTION('center_axis',(-1.,1.56911159412965E-15,0.));
#6540=DIRECTION('ref_axis',(0.,0.,-1.));
#6541=DIRECTION('',(0.,0.,-1.));
#6542=DIRECTION('',(-1.56911159412965E-15,-1.,0.));
#6543=DIRECTION('center_axis',(1.56911159412965E-15,1.,0.));
#6544=DIRECTION('ref_axis',(0.,0.,1.));
#6545=DIRECTION('',(0.,0.,-1.));
#6546=DIRECTION('',(-1.,1.56911159412965E-15,0.));
#6547=DIRECTION('center_axis',(1.,-1.56911159412965E-15,0.));
#6548=DIRECTION('ref_axis',(0.,0.,1.));
#6549=DIRECTION('',(0.,0.,-1.));
#6550=DIRECTION('',(1.56911159412965E-15,1.,0.));
#6551=DIRECTION('center_axis',(0.,0.,1.));
#6552=DIRECTION('ref_axis',(1.,-1.38542064105629E-15,0.));
#6553=DIRECTION('',(1.,-1.56911159412965E-15,0.));
#6554=DIRECTION('center_axis',(0.,0.,1.));
#6555=DIRECTION('ref_axis',(0.843661487717416,0.536875492216245,0.));
#6556=DIRECTION('center_axis',(0.,0.,1.));
#6557=DIRECTION('ref_axis',(0.998329958414882,-0.0577693182523405,0.));
#6558=DIRECTION('center_axis',(0.,0.,1.));
#6559=DIRECTION('ref_axis',(0.744531910211555,-0.667586874254379,0.));
#6560=DIRECTION('center_axis',(0.,0.,1.));
#6561=DIRECTION('ref_axis',(0.236812467927453,-0.971555379293486,0.));
#6562=DIRECTION('',(1.,-1.56911159412965E-15,0.));
#6563=DIRECTION('',(-1.56911159412965E-15,-1.,0.));
#6564=DIRECTION('',(-1.,1.56911159412965E-15,0.));
#6565=DIRECTION('center_axis',(-1.56911159412965E-15,-1.,0.));
#6566=DIRECTION('ref_axis',(0.,0.,-1.));
#6567=DIRECTION('',(0.,0.,-1.));
#6568=DIRECTION('center_axis',(1.56911159412965E-15,1.,0.));
#6569=DIRECTION('ref_axis',(0.,0.,1.));
#6570=DIRECTION('',(0.,0.,-1.));
#6571=DIRECTION('center_axis',(-1.,1.56911159412965E-15,0.));
#6572=DIRECTION('ref_axis',(0.,0.,-1.));
#6573=DIRECTION('',(0.,0.,-1.));
#6574=DIRECTION('center_axis',(-1.56911159412965E-15,-1.,0.));
#6575=DIRECTION('ref_axis',(0.,0.,-1.));
#6576=DIRECTION('',(0.,0.,-1.));
#6577=DIRECTION('center_axis',(0.,0.,-1.));
#6578=DIRECTION('ref_axis',(0.236812467927453,-0.971555379293486,0.));
#6579=DIRECTION('',(0.,0.,-1.));
#6580=DIRECTION('center_axis',(0.,0.,-1.));
#6581=DIRECTION('ref_axis',(0.744531910211555,-0.667586874254379,0.));
#6582=DIRECTION('',(0.,0.,-1.));
#6583=DIRECTION('center_axis',(0.,0.,-1.));
#6584=DIRECTION('ref_axis',(0.998329958414882,-0.0577693182523405,0.));
#6585=DIRECTION('',(0.,0.,-1.));
#6586=DIRECTION('center_axis',(0.,0.,-1.));
#6587=DIRECTION('ref_axis',(0.843661487717416,0.536875492216245,0.));
#6588=DIRECTION('center_axis',(1.56911159412965E-15,1.,0.));
#6589=DIRECTION('ref_axis',(0.,0.,1.));
#6590=DIRECTION('',(1.,-1.56911159412965E-15,-5.27446463772357E-31));
#6591=DIRECTION('',(0.,0.,-1.));
#6592=DIRECTION('',(-1.,1.56911159412965E-15,0.));
#6593=DIRECTION('',(0.,0.,-1.));
#6594=DIRECTION('center_axis',(0.,0.,-1.));
#6595=DIRECTION('ref_axis',(0.344254649178148,0.938876315879376,0.));
#6596=DIRECTION('center_axis',(-5.27446463772357E-31,2.30958575010386E-31,
-1.));
#6597=DIRECTION('ref_axis',(0.344254649178148,0.938876315879376,0.));
#6598=DIRECTION('',(0.,0.,-1.));
#6599=DIRECTION('center_axis',(0.,0.,1.));
#6600=DIRECTION('ref_axis',(0.344254649178148,0.938876315879376,0.));
#6601=DIRECTION('center_axis',(0.,0.,-1.));
#6602=DIRECTION('ref_axis',(0.766270793304727,0.642517759542991,0.));
#6603=DIRECTION('center_axis',(-5.27446463772357E-31,2.30958575010386E-31,
-1.));
#6604=DIRECTION('ref_axis',(0.766270793304727,0.642517759542991,0.));
#6605=DIRECTION('',(0.,0.,-1.));
#6606=DIRECTION('center_axis',(0.,0.,1.));
#6607=DIRECTION('ref_axis',(0.766270793304727,0.642517759542991,0.));
#6608=DIRECTION('center_axis',(0.,0.,-1.));
#6609=DIRECTION('ref_axis',(0.969172500805283,0.246383164365657,0.));
#6610=DIRECTION('center_axis',(-5.27446463772357E-31,2.30958575010386E-31,
-1.));
#6611=DIRECTION('ref_axis',(0.969172500805283,0.246383164365657,0.));
#6612=DIRECTION('',(0.,0.,-1.));
#6613=DIRECTION('center_axis',(0.,0.,1.));
#6614=DIRECTION('ref_axis',(0.969172500805283,0.246383164365657,0.));
#6615=DIRECTION('center_axis',(0.,0.,-1.));
#6616=DIRECTION('ref_axis',(0.971910234092347,-0.235351857580432,0.));
#6617=DIRECTION('center_axis',(-5.27446463772357E-31,2.30958575010386E-31,
-1.));
#6618=DIRECTION('ref_axis',(0.971910234092347,-0.235351857580432,0.));
#6619=DIRECTION('',(0.,0.,-1.));
#6620=DIRECTION('center_axis',(0.,0.,1.));
#6621=DIRECTION('ref_axis',(0.971910234092347,-0.235351857580432,0.));
#6622=DIRECTION('center_axis',(-1.56911159412965E-15,-1.,0.));
#6623=DIRECTION('ref_axis',(0.,0.,-1.));
#6624=DIRECTION('',(-1.,1.56911159412965E-15,5.27446463772357E-31));
#6625=DIRECTION('',(0.,0.,-1.));
#6626=DIRECTION('',(1.,-1.56911159412965E-15,0.));
#6627=DIRECTION('center_axis',(0.,0.,-1.));
#6628=DIRECTION('ref_axis',(0.974428800283742,-0.224696491244494,0.));
#6629=DIRECTION('center_axis',(5.27446463772357E-31,-2.30958575010386E-31,
1.));
#6630=DIRECTION('ref_axis',(0.974428800283742,-0.224696491244494,0.));
#6631=DIRECTION('',(0.,0.,-1.));
#6632=DIRECTION('center_axis',(0.,0.,-1.));
#6633=DIRECTION('ref_axis',(0.974428800283742,-0.224696491244494,0.));
#6634=DIRECTION('center_axis',(0.,0.,-1.));
#6635=DIRECTION('ref_axis',(0.859522989688275,0.511097084903964,0.));
#6636=DIRECTION('center_axis',(5.27446463772357E-31,-2.30958575010386E-31,
1.));
#6637=DIRECTION('ref_axis',(0.859522989688275,0.511097084903964,0.));
#6638=DIRECTION('',(0.,0.,-1.));
#6639=DIRECTION('center_axis',(0.,0.,-1.));
#6640=DIRECTION('ref_axis',(0.859522989688275,0.511097084903964,0.));
#6641=DIRECTION('center_axis',(0.,0.,-1.));
#6642=DIRECTION('ref_axis',(0.177563345912702,0.984109373082223,0.));
#6643=DIRECTION('center_axis',(5.27446463772357E-31,-2.30958575010386E-31,
1.));
#6644=DIRECTION('ref_axis',(0.177563345912702,0.984109373082223,0.));
#6645=DIRECTION('',(0.,0.,-1.));
#6646=DIRECTION('center_axis',(0.,0.,-1.));
#6647=DIRECTION('ref_axis',(0.177563345912702,0.984109373082223,0.));
#6648=DIRECTION('center_axis',(1.,-1.56911159412965E-15,0.));
#6649=DIRECTION('ref_axis',(0.,0.,1.));
#6650=DIRECTION('',(-1.56911159412965E-15,-1.,-2.30958575010386E-31));
#6651=DIRECTION('',(1.56911159412965E-15,1.,0.));
#6652=DIRECTION('',(0.,0.,-1.));
#6653=DIRECTION('center_axis',(0.,0.,1.));
#6654=DIRECTION('ref_axis',(1.,-1.38542064105629E-15,0.));
#6655=DIRECTION('',(1.,-1.56911159412965E-15,0.));
#6656=DIRECTION('',(1.56911159412965E-15,1.,0.));
#6657=DIRECTION('',(1.,-1.56911159412965E-15,0.));
#6658=DIRECTION('',(-1.56911159412965E-15,-1.,0.));
#6659=DIRECTION('',(1.,-1.56911159412965E-15,0.));
#6660=DIRECTION('',(-1.56911159412965E-15,-1.,0.));
#6661=DIRECTION('',(-1.,1.56911159412965E-15,0.));
#6662=DIRECTION('',(-1.56911159412965E-15,-1.,0.));
#6663=DIRECTION('',(-1.,1.56911159412965E-15,0.));
#6664=DIRECTION('center_axis',(1.56911159412965E-15,1.,0.));
#6665=DIRECTION('ref_axis',(0.,0.,1.));
#6666=DIRECTION('',(1.,-1.56911159412965E-15,-5.27446463772357E-31));
#6667=DIRECTION('',(0.,0.,-1.));
#6668=DIRECTION('center_axis',(-1.,1.56911159412965E-15,0.));
#6669=DIRECTION('ref_axis',(0.,0.,-1.));
#6670=DIRECTION('',(1.56911159412965E-15,1.,2.30958575010386E-31));
#6671=DIRECTION('',(0.,0.,-1.));
#6672=DIRECTION('center_axis',(1.56911159412965E-15,1.,0.));
#6673=DIRECTION('ref_axis',(0.,0.,1.));
#6674=DIRECTION('',(1.,-1.56911159412965E-15,-5.27446463772357E-31));
#6675=DIRECTION('',(0.,0.,-1.));
#6676=DIRECTION('center_axis',(-1.,1.56911159412965E-15,0.));
#6677=DIRECTION('ref_axis',(0.,0.,-1.));
#6678=DIRECTION('',(1.56911159412965E-15,1.,2.30958575010386E-31));
#6679=DIRECTION('',(0.,0.,-1.));
#6680=DIRECTION('center_axis',(-1.56911159412965E-15,-1.,0.));
#6681=DIRECTION('ref_axis',(0.,0.,-1.));
#6682=DIRECTION('',(-1.,1.56911159412965E-15,5.27446463772357E-31));
#6683=DIRECTION('',(0.,0.,-1.));
#6684=DIRECTION('center_axis',(-1.,1.56911159412965E-15,0.));
#6685=DIRECTION('ref_axis',(0.,0.,-1.));
#6686=DIRECTION('',(1.56911159412965E-15,1.,2.30958575010386E-31));
#6687=DIRECTION('',(0.,0.,-1.));
#6688=DIRECTION('center_axis',(-1.56911159412965E-15,-1.,0.));
#6689=DIRECTION('ref_axis',(0.,0.,-1.));
#6690=DIRECTION('',(-1.,1.56911159412965E-15,5.27446463772357E-31));
#6691=DIRECTION('',(0.,0.,-1.));
#6692=DIRECTION('center_axis',(1.,-1.56911159412965E-15,0.));
#6693=DIRECTION('ref_axis',(0.,0.,1.));
#6694=DIRECTION('',(-1.56911159412965E-15,-1.,-2.30958575010386E-31));
#6695=DIRECTION('',(0.,0.,-1.));
#6696=DIRECTION('center_axis',(-1.56911159412965E-15,-1.,0.));
#6697=DIRECTION('ref_axis',(0.,0.,-1.));
#6698=DIRECTION('',(-1.,1.56911159412965E-15,5.27446463772357E-31));
#6699=DIRECTION('center_axis',(5.27446463772357E-31,-2.30958575010386E-31,
1.));
#6700=DIRECTION('ref_axis',(-6.73533494602308E-16,-1.,-2.30958575010386E-31));
#6701=DIRECTION('center_axis',(5.27446463772357E-31,-2.30958575010386E-31,
1.));
#6702=DIRECTION('ref_axis',(-6.73533494602308E-16,-1.,-2.30958575010386E-31));
#6703=DIRECTION('center_axis',(5.27446463772357E-31,-2.30958575010386E-31,
1.));
#6704=DIRECTION('ref_axis',(-0.230506191929479,-0.973070858407634,0.));
#6705=DIRECTION('center_axis',(5.27446463772357E-31,-2.30958575010386E-31,
1.));
#6706=DIRECTION('ref_axis',(-0.686698641470337,-0.726942209396863,0.));
#6707=DIRECTION('center_axis',(5.27446463772357E-31,-2.30958575010386E-31,
1.));
#6708=DIRECTION('ref_axis',(-0.989646076347273,-0.143529242910449,0.));
#6709=DIRECTION('center_axis',(5.27446463772357E-31,-2.30958575010386E-31,
1.));
#6710=DIRECTION('ref_axis',(-0.707106781120309,0.707106781252787,0.));
#6711=DIRECTION('center_axis',(5.27446463772357E-31,-2.30958575010386E-31,
1.));
#6712=DIRECTION('ref_axis',(-0.269932160550705,0.962879342752989,0.));
#6713=DIRECTION('center_axis',(5.27446463772357E-31,-2.30958575010386E-31,
1.));
#6714=DIRECTION('ref_axis',(-0.0322412940182829,0.999480114339463,0.));
#6715=DIRECTION('',(1.56911159412965E-15,1.,2.30958575010386E-31));
#6716=DIRECTION('',(-1.,1.56911159412965E-15,5.27446463772357E-31));
#6717=DIRECTION('center_axis',(-5.27446463772357E-31,2.30958575010386E-31,
-1.));
#6718=DIRECTION('ref_axis',(0.108059180742769,-0.994144463072245,0.));
#6719=DIRECTION('center_axis',(-5.27446463772357E-31,2.30958575010386E-31,
-1.));
#6720=DIRECTION('ref_axis',(0.434749065798514,-0.900551636380346,0.));
#6721=DIRECTION('center_axis',(-5.27446463772357E-31,2.30958575010386E-31,
-1.));
#6722=DIRECTION('ref_axis',(0.853784448352773,-0.520626656780991,0.));
#6723=DIRECTION('center_axis',(-5.27446463772357E-31,2.30958575010386E-31,
-1.));
#6724=DIRECTION('ref_axis',(0.99924024190338,-0.0389735674640569,0.));
#6725=DIRECTION('center_axis',(-5.27446463772357E-31,2.30958575010386E-31,
-1.));
#6726=DIRECTION('ref_axis',(0.797541611542878,0.603263937143262,0.));
#6727=DIRECTION('center_axis',(-5.27446463772357E-31,2.30958575010386E-31,
-1.));
#6728=DIRECTION('ref_axis',(0.285646294114779,0.958335116052048,0.));
#6729=DIRECTION('center_axis',(-5.27446463772357E-31,2.30958575010386E-31,
-1.));
#6730=DIRECTION('ref_axis',(0.0649394320776899,0.997889207357925,0.));
#6731=DIRECTION('center_axis',(-5.27446463772357E-31,2.30958575010386E-31,
-1.));
#6732=DIRECTION('ref_axis',(-0.153102994545876,0.988210237278022,0.));
#6733=DIRECTION('center_axis',(-5.27446463772357E-31,2.30958575010386E-31,
-1.));
#6734=DIRECTION('ref_axis',(-0.5302002422659,0.847872456859628,0.));
#6735=DIRECTION('center_axis',(-5.27446463772357E-31,2.30958575010386E-31,
-1.));
#6736=DIRECTION('ref_axis',(-0.764720301662722,0.644362367169961,0.));
#6737=DIRECTION('center_axis',(-5.27446463772357E-31,2.30958575010386E-31,
-1.));
#6738=DIRECTION('ref_axis',(-0.958763303041139,0.284205785904588,0.));
#6739=DIRECTION('center_axis',(-5.27446463772357E-31,2.30958575010386E-31,
-1.));
#6740=DIRECTION('ref_axis',(-0.989359135354139,-0.145493990567688,0.));
#6741=DIRECTION('center_axis',(-5.27446463772357E-31,2.30958575010386E-31,
-1.));
#6742=DIRECTION('ref_axis',(-0.838604165583927,-0.544741272041403,0.));
#6743=DIRECTION('',(-0.719311269184997,0.694687914119333,5.39842316005171E-31));
#6744=DIRECTION('center_axis',(-5.27446463772357E-31,2.30958575010386E-31,
-1.));
#6745=DIRECTION('ref_axis',(-0.358911239884258,-0.933371695459394,0.));
#6746=DIRECTION('',(-1.,1.56911159412965E-15,5.27446463772357E-31));
#6747=DIRECTION('',(-1.56911159412965E-15,-1.,-2.30958575010386E-31));
#6748=DIRECTION('',(0.997057160944773,-0.0766617101867016,-5.43599953061806E-31));
#6749=DIRECTION('center_axis',(5.27446463772357E-31,-2.30958575010386E-31,
1.));
#6750=DIRECTION('ref_axis',(0.915421967363396,0.402495492730701,0.));
#6751=DIRECTION('center_axis',(5.27446463772357E-31,-2.30958575010386E-31,
1.));
#6752=DIRECTION('ref_axis',(0.971642155340627,-0.236456173455082,0.));
#6753=DIRECTION('center_axis',(5.27446463772357E-31,-2.30958575010386E-31,
1.));
#6754=DIRECTION('ref_axis',(0.628736424015265,-0.777618485580492,0.));
#6755=DIRECTION('center_axis',(5.27446463772357E-31,-2.30958575010386E-31,
1.));
#6756=DIRECTION('ref_axis',(0.187419360025662,-0.982279992409278,0.));
#6757=DIRECTION('',(1.,-1.56911159412965E-15,-5.27446463772357E-31));
#6758=DIRECTION('',(-1.56911159412965E-15,-1.,-2.30958575010386E-31));
#6759=DIRECTION('center_axis',(5.27446463772357E-31,-2.30958575010386E-31,
1.));
#6760=DIRECTION('ref_axis',(0.076696498991581,0.997054485493363,0.));
#6761=DIRECTION('center_axis',(5.27446463772357E-31,-2.30958575010386E-31,
1.));
#6762=DIRECTION('ref_axis',(0.465746432728846,0.884918222436601,0.));
#6763=DIRECTION('center_axis',(1.56911159412965E-15,1.,0.));
#6764=DIRECTION('ref_axis',(0.,0.,1.));
#6765=DIRECTION('',(0.,0.,-1.));
#6766=DIRECTION('',(-1.,1.56911159412965E-15,0.));
#6767=DIRECTION('',(0.,0.,-1.));
#6768=DIRECTION('center_axis',(0.,0.,-1.));
#6769=DIRECTION('ref_axis',(0.187419360025662,-0.982279992409278,0.));
#6770=DIRECTION('',(0.,0.,-1.));
#6771=DIRECTION('center_axis',(0.,0.,-1.));
#6772=DIRECTION('ref_axis',(0.187419360025662,-0.982279992409278,0.));
#6773=DIRECTION('center_axis',(0.,0.,-1.));
#6774=DIRECTION('ref_axis',(0.628736424015265,-0.777618485580492,0.));
#6775=DIRECTION('',(0.,0.,-1.));
#6776=DIRECTION('center_axis',(0.,0.,-1.));
#6777=DIRECTION('ref_axis',(0.628736424015265,-0.777618485580492,0.));
#6778=DIRECTION('center_axis',(0.,0.,-1.));
#6779=DIRECTION('ref_axis',(0.971642155340627,-0.236456173455082,0.));
#6780=DIRECTION('',(0.,0.,-1.));
#6781=DIRECTION('center_axis',(0.,0.,-1.));
#6782=DIRECTION('ref_axis',(0.971642155340627,-0.236456173455082,0.));
#6783=DIRECTION('center_axis',(0.,0.,-1.));
#6784=DIRECTION('ref_axis',(0.285646294114779,0.958335116052048,0.));
#6785=DIRECTION('',(0.,0.,-1.));
#6786=DIRECTION('center_axis',(0.,0.,1.));
#6787=DIRECTION('ref_axis',(0.285646294114779,0.958335116052048,0.));
#6788=DIRECTION('',(0.,0.,-1.));
#6789=DIRECTION('center_axis',(0.,0.,-1.));
#6790=DIRECTION('ref_axis',(0.797541611542878,0.603263937143262,0.));
#6791=DIRECTION('',(0.,0.,-1.));
#6792=DIRECTION('center_axis',(0.,0.,1.));
#6793=DIRECTION('ref_axis',(0.797541611542878,0.603263937143262,0.));
#6794=DIRECTION('center_axis',(0.,0.,-1.));
#6795=DIRECTION('ref_axis',(0.99924024190338,-0.0389735674640569,0.));
#6796=DIRECTION('',(0.,0.,-1.));
#6797=DIRECTION('center_axis',(0.,0.,1.));
#6798=DIRECTION('ref_axis',(0.99924024190338,-0.0389735674640569,0.));
#6799=DIRECTION('center_axis',(0.,0.,-1.));
#6800=DIRECTION('ref_axis',(0.853784448352773,-0.520626656780991,0.));
#6801=DIRECTION('',(0.,0.,-1.));
#6802=DIRECTION('center_axis',(0.,0.,1.));
#6803=DIRECTION('ref_axis',(0.853784448352773,-0.520626656780991,0.));
#6804=DIRECTION('center_axis',(0.,0.,-1.));
#6805=DIRECTION('ref_axis',(0.434749065798514,-0.900551636380346,0.));
#6806=DIRECTION('',(0.,0.,-1.));
#6807=DIRECTION('center_axis',(0.,0.,1.));
#6808=DIRECTION('ref_axis',(0.434749065798514,-0.900551636380346,0.));
#6809=DIRECTION('center_axis',(0.,0.,-1.));
#6810=DIRECTION('ref_axis',(0.108059180742769,-0.994144463072245,0.));
#6811=DIRECTION('',(0.,0.,-1.));
#6812=DIRECTION('center_axis',(0.,0.,1.));
#6813=DIRECTION('ref_axis',(0.108059180742769,-0.994144463072245,0.));
#6814=DIRECTION('center_axis',(-1.56911159412965E-15,-1.,0.));
#6815=DIRECTION('ref_axis',(0.,0.,-1.));
#6816=DIRECTION('',(0.,0.,-1.));
#6817=DIRECTION('',(1.,-1.56911159412965E-15,0.));
#6818=DIRECTION('center_axis',(-1.,1.56911159412965E-15,0.));
#6819=DIRECTION('ref_axis',(0.,0.,-1.));
#6820=DIRECTION('',(0.,0.,-1.));
#6821=DIRECTION('',(-1.56911159412965E-15,-1.,0.));
#6822=DIRECTION('center_axis',(0.,0.,-1.));
#6823=DIRECTION('ref_axis',(-0.0322412940182829,0.999480114339463,0.));
#6824=DIRECTION('',(0.,0.,-1.));
#6825=DIRECTION('center_axis',(0.,0.,-1.));
#6826=DIRECTION('ref_axis',(-0.0322412940182829,0.999480114339463,0.));
#6827=DIRECTION('center_axis',(0.,0.,-1.));
#6828=DIRECTION('ref_axis',(-0.269932160550705,0.962879342752989,0.));
#6829=DIRECTION('',(0.,0.,-1.));
#6830=DIRECTION('center_axis',(0.,0.,-1.));
#6831=DIRECTION('ref_axis',(-0.269932160550705,0.962879342752989,0.));
#6832=DIRECTION('center_axis',(0.,0.,-1.));
#6833=DIRECTION('ref_axis',(-0.707106781120309,0.707106781252787,0.));
#6834=DIRECTION('',(0.,0.,-1.));
#6835=DIRECTION('center_axis',(0.,0.,-1.));
#6836=DIRECTION('ref_axis',(-0.707106781120309,0.707106781252787,0.));
#6837=DIRECTION('center_axis',(0.,0.,-1.));
#6838=DIRECTION('ref_axis',(-0.989646076347273,-0.143529242910449,0.));
#6839=DIRECTION('',(0.,0.,-1.));
#6840=DIRECTION('center_axis',(0.,0.,-1.));
#6841=DIRECTION('ref_axis',(-0.989646076347273,-0.143529242910449,0.));
#6842=DIRECTION('center_axis',(0.,0.,-1.));
#6843=DIRECTION('ref_axis',(-0.686698641470337,-0.726942209396863,0.));
#6844=DIRECTION('',(0.,0.,-1.));
#6845=DIRECTION('center_axis',(0.,0.,-1.));
#6846=DIRECTION('ref_axis',(-0.686698641470337,-0.726942209396863,0.));
#6847=DIRECTION('center_axis',(0.,0.,1.));
#6848=DIRECTION('ref_axis',(1.,-1.38542064105629E-15,0.));
#6849=DIRECTION('center_axis',(0.,0.,-1.));
#6850=DIRECTION('ref_axis',(-0.230506191929479,-0.973070858407634,0.));
#6851=DIRECTION('',(-0.997057160944773,0.0766617101867016,0.));
#6852=DIRECTION('',(1.56911159412965E-15,1.,0.));
#6853=DIRECTION('',(1.,-1.56911159412965E-15,0.));
#6854=DIRECTION('center_axis',(0.,0.,1.));
#6855=DIRECTION('ref_axis',(-0.358911239884258,-0.933371695459394,0.));
#6856=DIRECTION('',(0.719311269184997,-0.694687914119333,0.));
#6857=DIRECTION('center_axis',(0.,0.,1.));
#6858=DIRECTION('ref_axis',(-0.838604165583927,-0.544741272041403,0.));
#6859=DIRECTION('center_axis',(0.,0.,1.));
#6860=DIRECTION('ref_axis',(-0.989359135354139,-0.145493990567688,0.));
#6861=DIRECTION('center_axis',(0.,0.,1.));
#6862=DIRECTION('ref_axis',(-0.958763303041139,0.284205785904588,0.));
#6863=DIRECTION('center_axis',(0.,0.,1.));
#6864=DIRECTION('ref_axis',(-0.764720301662722,0.644362367169961,0.));
#6865=DIRECTION('center_axis',(0.,0.,1.));
#6866=DIRECTION('ref_axis',(-0.5302002422659,0.847872456859628,0.));
#6867=DIRECTION('center_axis',(0.,0.,1.));
#6868=DIRECTION('ref_axis',(-0.153102994545876,0.988210237278022,0.));
#6869=DIRECTION('center_axis',(0.,0.,1.));
#6870=DIRECTION('ref_axis',(0.0649394320776899,0.997889207357925,0.));
#6871=DIRECTION('center_axis',(0.,0.,-1.));
#6872=DIRECTION('ref_axis',(0.915421967363396,0.402495492730701,0.));
#6873=DIRECTION('center_axis',(0.,0.,-1.));
#6874=DIRECTION('ref_axis',(0.465746432728846,0.884918222436601,0.));
#6875=DIRECTION('center_axis',(0.,0.,-1.));
#6876=DIRECTION('ref_axis',(0.076696498991581,0.997054485493363,0.));
#6877=DIRECTION('',(1.56911159412965E-15,1.,0.));
#6878=DIRECTION('center_axis',(0.,0.,-1.));
#6879=DIRECTION('ref_axis',(0.915421967363396,0.402495492730701,0.));
#6880=DIRECTION('',(0.,0.,-1.));
#6881=DIRECTION('center_axis',(1.,-1.56911159412965E-15,0.));
#6882=DIRECTION('ref_axis',(0.,0.,1.));
#6883=DIRECTION('',(0.,0.,-1.));
#6884=DIRECTION('center_axis',(0.,0.,-1.));
#6885=DIRECTION('ref_axis',(0.076696498991581,0.997054485493363,0.));
#6886=DIRECTION('',(0.,0.,-1.));
#6887=DIRECTION('center_axis',(0.,0.,-1.));
#6888=DIRECTION('ref_axis',(0.465746432728846,0.884918222436601,0.));
#6889=DIRECTION('center_axis',(0.,0.,-1.));
#6890=DIRECTION('ref_axis',(-0.230506191929479,-0.973070858407634,0.));
#6891=DIRECTION('',(0.,0.,-1.));
#6892=DIRECTION('center_axis',(0.,0.,-1.));
#6893=DIRECTION('ref_axis',(0.0649394320776899,0.997889207357925,0.));
#6894=DIRECTION('',(0.,0.,-1.));
#6895=DIRECTION('center_axis',(0.,0.,-1.));
#6896=DIRECTION('ref_axis',(-0.153102994545876,0.988210237278022,0.));
#6897=DIRECTION('',(0.,0.,-1.));
#6898=DIRECTION('center_axis',(0.,0.,-1.));
#6899=DIRECTION('ref_axis',(-0.5302002422659,0.847872456859628,0.));
#6900=DIRECTION('',(0.,0.,-1.));
#6901=DIRECTION('center_axis',(0.,0.,-1.));
#6902=DIRECTION('ref_axis',(-0.764720301662722,0.644362367169961,0.));
#6903=DIRECTION('',(0.,0.,-1.));
#6904=DIRECTION('center_axis',(0.,0.,-1.));
#6905=DIRECTION('ref_axis',(-0.958763303041139,0.284205785904588,0.));
#6906=DIRECTION('',(0.,0.,-1.));
#6907=DIRECTION('center_axis',(0.,0.,-1.));
#6908=DIRECTION('ref_axis',(-0.989359135354139,-0.145493990567688,0.));
#6909=DIRECTION('',(0.,0.,-1.));
#6910=DIRECTION('center_axis',(0.,0.,-1.));
#6911=DIRECTION('ref_axis',(-0.838604165583927,-0.544741272041403,0.));
#6912=DIRECTION('',(0.,0.,-1.));
#6913=DIRECTION('center_axis',(-0.694687914119333,-0.719311269184997,0.));
#6914=DIRECTION('ref_axis',(0.,0.,-1.));
#6915=DIRECTION('',(0.,0.,-1.));
#6916=DIRECTION('center_axis',(0.,0.,-1.));
#6917=DIRECTION('ref_axis',(-0.358911239884258,-0.933371695459394,0.));
#6918=DIRECTION('',(0.,0.,-1.));
#6919=DIRECTION('center_axis',(-1.56911159412965E-15,-1.,0.));
#6920=DIRECTION('ref_axis',(0.,0.,-1.));
#6921=DIRECTION('',(0.,0.,-1.));
#6922=DIRECTION('center_axis',(1.,-1.56911159412965E-15,0.));
#6923=DIRECTION('ref_axis',(0.,0.,1.));
#6924=DIRECTION('',(0.,0.,-1.));
#6925=DIRECTION('center_axis',(0.0766617101867016,0.997057160944773,0.));
#6926=DIRECTION('ref_axis',(0.,0.,1.));
#6927=DIRECTION('center_axis',(0.,0.,-1.));
#6928=DIRECTION('ref_axis',(0.843661487721128,0.536875492210413,0.));
#6929=DIRECTION('center_axis',(-5.27446463772357E-31,2.30958575010386E-31,
-1.));
#6930=DIRECTION('ref_axis',(0.843661487721128,0.536875492210413,0.));
#6931=DIRECTION('',(0.,0.,-1.));
#6932=DIRECTION('center_axis',(0.,0.,1.));
#6933=DIRECTION('ref_axis',(0.843661487721128,0.536875492210413,0.));
#6934=DIRECTION('',(0.,0.,-1.));
#6935=DIRECTION('center_axis',(0.,0.,-1.));
#6936=DIRECTION('ref_axis',(0.99832995840944,-0.0577693183463839,0.));
#6937=DIRECTION('center_axis',(-5.27446463772357E-31,2.30958575010386E-31,
-1.));
#6938=DIRECTION('ref_axis',(0.99832995840944,-0.0577693183463839,0.));
#6939=DIRECTION('',(0.,0.,-1.));
#6940=DIRECTION('center_axis',(0.,0.,1.));
#6941=DIRECTION('ref_axis',(0.99832995840944,-0.0577693183463839,0.));
#6942=DIRECTION('center_axis',(0.,0.,-1.));
#6943=DIRECTION('ref_axis',(0.744531910327131,-0.667586874125483,0.));
#6944=DIRECTION('center_axis',(-5.27446463772357E-31,2.30958575010386E-31,
-1.));
#6945=DIRECTION('ref_axis',(0.744531910327131,-0.667586874125483,0.));
#6946=DIRECTION('',(0.,0.,-1.));
#6947=DIRECTION('center_axis',(0.,0.,1.));
#6948=DIRECTION('ref_axis',(0.744531910327131,-0.667586874125483,0.));
#6949=DIRECTION('center_axis',(0.,0.,-1.));
#6950=DIRECTION('ref_axis',(0.236812467816129,-0.971555379320621,0.));
#6951=DIRECTION('center_axis',(-5.27446463772357E-31,2.30958575010386E-31,
-1.));
#6952=DIRECTION('ref_axis',(0.236812467816129,-0.971555379320621,0.));
#6953=DIRECTION('',(0.,0.,-1.));
#6954=DIRECTION('center_axis',(0.,0.,1.));
#6955=DIRECTION('ref_axis',(0.236812467816129,-0.971555379320621,0.));
#6956=DIRECTION('center_axis',(1.38155787812444E-11,-1.,0.));
#6957=DIRECTION('ref_axis',(0.,0.,-1.));
#6958=DIRECTION('',(-1.,-1.38155787812444E-11,5.27446463769166E-31));
#6959=DIRECTION('',(0.,0.,-1.));
#6960=DIRECTION('',(1.,1.38155787812444E-11,0.));
#6961=DIRECTION('center_axis',(-1.,1.56911159412965E-15,0.));
#6962=DIRECTION('ref_axis',(0.,0.,-1.));
#6963=DIRECTION('',(1.56911159412965E-15,1.,2.30958575010386E-31));
#6964=DIRECTION('',(0.,0.,-1.));
#6965=DIRECTION('',(-1.56911159412965E-15,-1.,0.));
#6966=DIRECTION('center_axis',(1.56911159412965E-15,1.,0.));
#6967=DIRECTION('ref_axis',(0.,0.,1.));
#6968=DIRECTION('',(1.,-1.56911159412965E-15,-5.27446463772357E-31));
#6969=DIRECTION('',(0.,0.,-1.));
#6970=DIRECTION('',(-1.,1.56911159412965E-15,0.));
#6971=DIRECTION('center_axis',(-1.56911159412965E-15,-1.,0.));
#6972=DIRECTION('ref_axis',(0.,0.,-1.));
#6973=DIRECTION('',(-1.,1.56911159412965E-15,5.27446463772357E-31));
#6974=DIRECTION('',(1.,-1.56911159412965E-15,0.));
#6975=DIRECTION('',(0.,0.,-1.));
#6976=DIRECTION('center_axis',(0.,0.,1.));
#6977=DIRECTION('ref_axis',(1.,-1.38542064105629E-15,0.));
#6978=DIRECTION('center_axis',(0.,0.,-1.));
#6979=DIRECTION('ref_axis',(0.231620527438526,-0.972806214653823,0.));
#6980=DIRECTION('center_axis',(0.,0.,-1.));
#6981=DIRECTION('ref_axis',(0.98672505326738,-0.162399720610863,0.));
#6982=DIRECTION('center_axis',(0.,0.,-1.));
#6983=DIRECTION('ref_axis',(0.515110309840077,0.857123893434584,0.));
#6984=DIRECTION('',(1.,-1.56911159412965E-15,0.));
#6985=DIRECTION('',(-1.56911159412965E-15,-1.,0.));
#6986=DIRECTION('',(-1.,1.56911159412965E-15,0.));
#6987=DIRECTION('',(1.56911159412965E-15,1.,0.));
#6988=DIRECTION('center_axis',(1.,-1.56911159412965E-15,0.));
#6989=DIRECTION('ref_axis',(0.,0.,1.));
#6990=DIRECTION('',(-1.56911159412965E-15,-1.,-2.30958575010386E-31));
#6991=DIRECTION('',(0.,0.,-1.));
#6992=DIRECTION('center_axis',(1.56911159412965E-15,1.,0.));
#6993=DIRECTION('ref_axis',(0.,0.,1.));
#6994=DIRECTION('',(1.,-1.56911159412965E-15,-5.27446463772357E-31));
#6995=DIRECTION('',(0.,0.,-1.));
#6996=DIRECTION('center_axis',(-1.,1.56911159412965E-15,0.));
#6997=DIRECTION('ref_axis',(0.,0.,-1.));
#6998=DIRECTION('',(1.56911159412965E-15,1.,2.30958575010386E-31));
#6999=DIRECTION('',(0.,0.,-1.));
#7000=DIRECTION('center_axis',(-1.56911159412965E-15,-1.,0.));
#7001=DIRECTION('ref_axis',(0.,0.,-1.));
#7002=DIRECTION('',(-1.,1.56911159412965E-15,5.27446463772357E-31));
#7003=DIRECTION('',(0.,0.,-1.));
#7004=DIRECTION('center_axis',(0.,0.,-1.));
#7005=DIRECTION('ref_axis',(0.515110309840077,0.857123893434584,0.));
#7006=DIRECTION('center_axis',(5.27446463772357E-31,-2.30958575010386E-31,
1.));
#7007=DIRECTION('ref_axis',(0.515110309840077,0.857123893434584,0.));
#7008=DIRECTION('',(0.,0.,-1.));
#7009=DIRECTION('center_axis',(0.,0.,-1.));
#7010=DIRECTION('ref_axis',(0.98672505326738,-0.162399720610863,0.));
#7011=DIRECTION('center_axis',(5.27446463772357E-31,-2.30958575010386E-31,
1.));
#7012=DIRECTION('ref_axis',(0.98672505326738,-0.162399720610863,0.));
#7013=DIRECTION('',(0.,0.,-1.));
#7014=DIRECTION('center_axis',(0.,0.,-1.));
#7015=DIRECTION('ref_axis',(0.231620527438526,-0.972806214653823,0.));
#7016=DIRECTION('center_axis',(5.27446463772357E-31,-2.30958575010386E-31,
1.));
#7017=DIRECTION('ref_axis',(0.231620527438526,-0.972806214653823,0.));
#7018=DIRECTION('center_axis',(5.27446463772357E-31,-2.30958575010386E-31,
1.));
#7019=DIRECTION('ref_axis',(-6.73533494602308E-16,-1.,-2.30958575010386E-31));
#7020=DIRECTION('center_axis',(5.27446463772358E-31,2.77026914041109E-30,
1.));
#7021=DIRECTION('ref_axis',(-6.73533494602308E-16,-1.,2.77026914041109E-30));
#7022=DIRECTION('center_axis',(5.27446463772358E-31,2.77026914041109E-30,
1.));
#7023=DIRECTION('ref_axis',(0.650823793049514,0.759228812941556,0.));
#7024=DIRECTION('center_axis',(5.27446463772358E-31,2.77026914041109E-30,
1.));
#7025=DIRECTION('ref_axis',(-0.359106531136481,0.933296576279547,0.));
#7026=DIRECTION('center_axis',(-5.27446463772358E-31,-2.77026914041109E-30,
-1.));
#7027=DIRECTION('ref_axis',(0.833469928796195,0.552564817729527,0.));
#7028=DIRECTION('center_axis',(-5.27446463772358E-31,-2.77026914041109E-30,
-1.));
#7029=DIRECTION('ref_axis',(0.609521618891401,0.792769447004616,0.));
#7030=DIRECTION('center_axis',(-5.27446463772358E-31,-2.77026914041109E-30,
-1.));
#7031=DIRECTION('ref_axis',(0.17825456924885,0.983984404623318,0.));
#7032=DIRECTION('center_axis',(-5.27446463772358E-31,-2.77026914041109E-30,
-1.));
#7033=DIRECTION('ref_axis',(-0.364835761663165,0.931071891430333,0.));
#7034=DIRECTION('center_axis',(-5.27446463772358E-31,-2.77026914041109E-30,
-1.));
#7035=DIRECTION('ref_axis',(-0.74169356882602,0.67073888359191,0.));
#7036=DIRECTION('center_axis',(-5.27446463772358E-31,-2.77026914041109E-30,
-1.));
#7037=DIRECTION('ref_axis',(-0.894217339184473,0.447633053182896,0.));
#7038=DIRECTION('center_axis',(-5.27446463772358E-31,-2.77026914041109E-30,
-1.));
#7039=DIRECTION('ref_axis',(-0.967034231137137,0.254646413304812,0.));
#7040=DIRECTION('center_axis',(-5.27446463772358E-31,-2.77026914041109E-30,
-1.));
#7041=DIRECTION('ref_axis',(-0.997164178240052,-0.0752569042337036,0.));
#7042=DIRECTION('center_axis',(-5.27446463772358E-31,-2.77026914041109E-30,
-1.));
#7043=DIRECTION('ref_axis',(-0.900850400473877,-0.434129653405588,0.));
#7044=DIRECTION('',(-0.974072003075662,-0.226238221404272,1.14051159661966E-30));
#7045=DIRECTION('center_axis',(-5.27446463772358E-31,-2.77026914041109E-30,
-1.));
#7046=DIRECTION('ref_axis',(0.986102555786573,-0.166137742464464,0.));
#7047=DIRECTION('center_axis',(5.27446463772358E-31,2.77026914041109E-30,
1.));
#7048=DIRECTION('ref_axis',(0.198582929856393,-0.980084088213685,0.));
#7049=DIRECTION('center_axis',(5.27446463772358E-31,2.77026914041109E-30,
1.));
#7050=DIRECTION('ref_axis',(0.997104626840112,0.0760418512007725,0.));
#7051=DIRECTION('',(0.97407200317342,0.226238220983373,-1.14051159550522E-30));
#7052=DIRECTION('',(0.974072003074812,0.226238221407928,-1.14051159662934E-30));
#7053=DIRECTION('center_axis',(5.27446463772358E-31,2.77026914041109E-30,
1.));
#7054=DIRECTION('ref_axis',(-0.934200252113447,-0.356749055991983,0.));
#7055=DIRECTION('center_axis',(5.27446463772358E-31,2.77026914041109E-30,
1.));
#7056=DIRECTION('ref_axis',(-0.98670141770463,-0.162543262855383,0.));
#7057=DIRECTION('center_axis',(5.27446463772358E-31,2.77026914041109E-30,
1.));
#7058=DIRECTION('ref_axis',(-0.995510984643872,0.09464607468558,0.));
#7059=DIRECTION('center_axis',(5.27446463772358E-31,2.77026914041109E-30,
1.));
#7060=DIRECTION('ref_axis',(-0.949066817008989,0.315074874993906,0.));
#7061=DIRECTION('center_axis',(5.27446463772358E-31,2.77026914041109E-30,
1.));
#7062=DIRECTION('ref_axis',(-0.836369389810687,0.548166255608368,0.));
#7063=DIRECTION('center_axis',(5.27446463772358E-31,2.77026914041109E-30,
1.));
#7064=DIRECTION('ref_axis',(-0.5837268835874,0.811950075668044,0.));
#7065=DIRECTION('center_axis',(5.27446463772358E-31,2.77026914041109E-30,
1.));
#7066=DIRECTION('ref_axis',(-0.172351240941088,0.985035557604936,0.));
#7067=DIRECTION('center_axis',(5.27446463772358E-31,2.77026914041109E-30,
1.));
#7068=DIRECTION('ref_axis',(0.297512812210451,0.954717825627357,0.));
#7069=DIRECTION('center_axis',(0.,0.,-1.));
#7070=DIRECTION('ref_axis',(0.986102555786573,-0.166137742464464,0.));
#7071=DIRECTION('',(0.,0.,-1.));
#7072=DIRECTION('center_axis',(0.,0.,1.));
#7073=DIRECTION('ref_axis',(0.986102555786573,-0.166137742464464,0.));
#7074=DIRECTION('',(0.,0.,-1.));
#7075=DIRECTION('center_axis',(0.226238221404272,-0.974072003075662,0.));
#7076=DIRECTION('ref_axis',(0.,0.,-1.));
#7077=DIRECTION('',(0.,0.,-1.));
#7078=DIRECTION('',(0.974072003075662,0.226238221404271,0.));
#7079=DIRECTION('center_axis',(0.,0.,-1.));
#7080=DIRECTION('ref_axis',(-0.900850400473877,-0.434129653405588,0.));
#7081=DIRECTION('',(0.,0.,-1.));
#7082=DIRECTION('center_axis',(0.,0.,1.));
#7083=DIRECTION('ref_axis',(-0.900850400473877,-0.434129653405588,0.));
#7084=DIRECTION('center_axis',(0.,0.,-1.));
#7085=DIRECTION('ref_axis',(-0.997164178240052,-0.0752569042337036,0.));
#7086=DIRECTION('',(0.,0.,-1.));
#7087=DIRECTION('center_axis',(0.,0.,1.));
#7088=DIRECTION('ref_axis',(-0.997164178240052,-0.0752569042337036,0.));
#7089=DIRECTION('center_axis',(0.,0.,-1.));
#7090=DIRECTION('ref_axis',(-0.967034231137137,0.254646413304812,0.));
#7091=DIRECTION('',(0.,0.,-1.));
#7092=DIRECTION('center_axis',(0.,0.,1.));
#7093=DIRECTION('ref_axis',(-0.967034231137137,0.254646413304812,0.));
#7094=DIRECTION('center_axis',(0.,0.,-1.));
#7095=DIRECTION('ref_axis',(-0.894217339184473,0.447633053182896,0.));
#7096=DIRECTION('',(0.,0.,-1.));
#7097=DIRECTION('center_axis',(0.,0.,1.));
#7098=DIRECTION('ref_axis',(-0.894217339184473,0.447633053182896,0.));
#7099=DIRECTION('center_axis',(0.,0.,-1.));
#7100=DIRECTION('ref_axis',(-0.74169356882602,0.67073888359191,0.));
#7101=DIRECTION('',(0.,0.,-1.));
#7102=DIRECTION('center_axis',(0.,0.,1.));
#7103=DIRECTION('ref_axis',(-0.74169356882602,0.67073888359191,0.));
#7104=DIRECTION('center_axis',(0.,0.,-1.));
#7105=DIRECTION('ref_axis',(-0.364835761663165,0.931071891430333,0.));
#7106=DIRECTION('',(0.,0.,-1.));
#7107=DIRECTION('center_axis',(0.,0.,1.));
#7108=DIRECTION('ref_axis',(-0.364835761663165,0.931071891430333,0.));
#7109=DIRECTION('center_axis',(0.,0.,-1.));
#7110=DIRECTION('ref_axis',(0.17825456924885,0.983984404623318,0.));
#7111=DIRECTION('',(0.,0.,-1.));
#7112=DIRECTION('center_axis',(0.,0.,1.));
#7113=DIRECTION('ref_axis',(0.17825456924885,0.983984404623318,0.));
#7114=DIRECTION('center_axis',(0.,0.,-1.));
#7115=DIRECTION('ref_axis',(0.609521618891401,0.792769447004616,0.));
#7116=DIRECTION('',(0.,0.,-1.));
#7117=DIRECTION('center_axis',(0.,0.,1.));
#7118=DIRECTION('ref_axis',(0.609521618891401,0.792769447004616,0.));
#7119=DIRECTION('center_axis',(0.,0.,-1.));
#7120=DIRECTION('ref_axis',(0.833469928796195,0.552564817729527,0.));
#7121=DIRECTION('',(0.,0.,-1.));
#7122=DIRECTION('center_axis',(0.,0.,1.));
#7123=DIRECTION('ref_axis',(0.833469928796195,0.552564817729527,0.));
#7124=DIRECTION('center_axis',(0.,0.,-1.));
#7125=DIRECTION('ref_axis',(-0.359106531136481,0.933296576279547,0.));
#7126=DIRECTION('',(0.,0.,-1.));
#7127=DIRECTION('center_axis',(0.,0.,-1.));
#7128=DIRECTION('ref_axis',(-0.359106531136481,0.933296576279547,0.));
#7129=DIRECTION('center_axis',(0.,0.,1.));
#7130=DIRECTION('ref_axis',(1.,-1.38542064105629E-15,0.));
#7131=DIRECTION('center_axis',(0.,0.,-1.));
#7132=DIRECTION('ref_axis',(0.650823793049514,0.759228812941556,0.));
#7133=DIRECTION('center_axis',(0.,0.,-1.));
#7134=DIRECTION('ref_axis',(0.297512812210451,0.954717825627357,0.));
#7135=DIRECTION('center_axis',(0.,0.,-1.));
#7136=DIRECTION('ref_axis',(-0.172351240941088,0.985035557604936,0.));
#7137=DIRECTION('center_axis',(0.,0.,-1.));
#7138=DIRECTION('ref_axis',(-0.5837268835874,0.811950075668044,0.));
#7139=DIRECTION('center_axis',(0.,0.,-1.));
#7140=DIRECTION('ref_axis',(-0.836369389810687,0.548166255608368,0.));
#7141=DIRECTION('center_axis',(0.,0.,-1.));
#7142=DIRECTION('ref_axis',(-0.949066817008989,0.315074874993906,0.));
#7143=DIRECTION('center_axis',(0.,0.,-1.));
#7144=DIRECTION('ref_axis',(-0.995510984643872,0.09464607468558,0.));
#7145=DIRECTION('center_axis',(0.,0.,-1.));
#7146=DIRECTION('ref_axis',(-0.98670141770463,-0.162543262855383,0.));
#7147=DIRECTION('center_axis',(0.,0.,-1.));
#7148=DIRECTION('ref_axis',(-0.934200252113447,-0.356749055991983,0.));
#7149=DIRECTION('',(-0.974072003074812,-0.226238221407928,0.));
#7150=DIRECTION('',(-0.974072003173419,-0.226238220983373,0.));
#7151=DIRECTION('center_axis',(0.,0.,-1.));
#7152=DIRECTION('ref_axis',(0.997104626840112,0.0760418512007725,0.));
#7153=DIRECTION('center_axis',(0.,0.,-1.));
#7154=DIRECTION('ref_axis',(0.198582929856393,-0.980084088213685,0.));
#7155=DIRECTION('center_axis',(0.,0.,-1.));
#7156=DIRECTION('ref_axis',(0.650823793049514,0.759228812941556,0.));
#7157=DIRECTION('',(0.,0.,-1.));
#7158=DIRECTION('center_axis',(0.,0.,-1.));
#7159=DIRECTION('ref_axis',(0.198582929856393,-0.980084088213685,0.));
#7160=DIRECTION('',(0.,0.,-1.));
#7161=DIRECTION('center_axis',(0.,0.,-1.));
#7162=DIRECTION('ref_axis',(0.997104626840112,0.0760418512007725,0.));
#7163=DIRECTION('',(0.,0.,-1.));
#7164=DIRECTION('center_axis',(-0.226238220983373,0.97407200317342,0.));
#7165=DIRECTION('ref_axis',(0.,0.,1.));
#7166=DIRECTION('',(0.,0.,-1.));
#7167=DIRECTION('center_axis',(-0.226238221407928,0.974072003074812,0.));
#7168=DIRECTION('ref_axis',(0.,0.,1.));
#7169=DIRECTION('',(0.,0.,-1.));
#7170=DIRECTION('center_axis',(0.,0.,-1.));
#7171=DIRECTION('ref_axis',(-0.934200252113447,-0.356749055991983,0.));
#7172=DIRECTION('',(0.,0.,-1.));
#7173=DIRECTION('center_axis',(0.,0.,-1.));
#7174=DIRECTION('ref_axis',(-0.98670141770463,-0.162543262855383,0.));
#7175=DIRECTION('',(0.,0.,-1.));
#7176=DIRECTION('center_axis',(0.,0.,-1.));
#7177=DIRECTION('ref_axis',(-0.995510984643872,0.09464607468558,0.));
#7178=DIRECTION('',(0.,0.,-1.));
#7179=DIRECTION('center_axis',(0.,0.,-1.));
#7180=DIRECTION('ref_axis',(-0.949066817008989,0.315074874993906,0.));
#7181=DIRECTION('',(0.,0.,-1.));
#7182=DIRECTION('center_axis',(0.,0.,-1.));
#7183=DIRECTION('ref_axis',(-0.836369389810687,0.548166255608368,0.));
#7184=DIRECTION('',(0.,0.,-1.));
#7185=DIRECTION('center_axis',(0.,0.,-1.));
#7186=DIRECTION('ref_axis',(-0.5837268835874,0.811950075668044,0.));
#7187=DIRECTION('',(0.,0.,-1.));
#7188=DIRECTION('center_axis',(0.,0.,-1.));
#7189=DIRECTION('ref_axis',(-0.172351240941088,0.985035557604936,0.));
#7190=DIRECTION('',(0.,0.,-1.));
#7191=DIRECTION('center_axis',(0.,0.,-1.));
#7192=DIRECTION('ref_axis',(0.297512812210451,0.954717825627357,0.));
#7193=DIRECTION('center_axis',(5.27446463772358E-31,2.77026914041109E-30,
1.));
#7194=DIRECTION('ref_axis',(-6.73533494602308E-16,-1.,2.77026914041109E-30));
#7195=DIRECTION('',(-1.56911159412965E-15,-1.,2.77026914041109E-30));
#7196=DIRECTION('',(0.974072003078181,0.226238221393425,-1.14051159659094E-30));
#7197=DIRECTION('',(1.56911159412965E-15,1.,-2.77026914041109E-30));
#7198=DIRECTION('',(-0.974072003077972,-0.226238221394323,1.14051159659332E-30));
#7199=DIRECTION('center_axis',(-1.,1.56911159412965E-15,0.));
#7200=DIRECTION('ref_axis',(0.,0.,-1.));
#7201=DIRECTION('',(0.,0.,-1.));
#7202=DIRECTION('',(-1.56911159412965E-15,-1.,0.));
#7203=DIRECTION('',(0.,0.,-1.));
#7204=DIRECTION('center_axis',(-0.226238221393425,0.974072003078181,0.));
#7205=DIRECTION('ref_axis',(0.,0.,1.));
#7206=DIRECTION('',(0.,0.,-1.));
#7207=DIRECTION('',(-0.974072003078181,-0.226238221393425,0.));
#7208=DIRECTION('center_axis',(0.,0.,1.));
#7209=DIRECTION('ref_axis',(1.,-1.38542064105629E-15,0.));
#7210=DIRECTION('',(1.56911159412965E-15,1.,0.));
#7211=DIRECTION('',(0.974072003077972,0.226238221394323,0.));
#7212=DIRECTION('center_axis',(1.,-1.56911159412965E-15,0.));
#7213=DIRECTION('ref_axis',(0.,0.,1.));
#7214=DIRECTION('',(0.,0.,-1.));
#7215=DIRECTION('center_axis',(0.226238221394323,-0.974072003077972,0.));
#7216=DIRECTION('ref_axis',(0.,0.,-1.));
#7217=DIRECTION('center_axis',(0.,0.,-1.));
#7218=DIRECTION('ref_axis',(1.,-1.56911159412965E-15,0.));
#7219=DIRECTION('center_axis',(-5.27446463772358E-31,-2.77026914041109E-30,
-1.));
#7220=DIRECTION('ref_axis',(1.,-1.56911159412965E-15,0.));
#7221=DIRECTION('center_axis',(0.,0.,1.));
#7222=DIRECTION('ref_axis',(1.,-1.56911159412965E-15,0.));
#7223=DIRECTION('center_axis',(0.,0.,1.));
#7224=DIRECTION('ref_axis',(1.,-1.38542064105629E-15,0.));
#7225=DIRECTION('center_axis',(5.27446463772358E-31,2.77026914041109E-30,
1.));
#7226=DIRECTION('ref_axis',(-6.73533494602308E-16,-1.,2.77026914041109E-30));
#7227=DIRECTION('center_axis',(0.,0.,-1.));
#7228=DIRECTION('ref_axis',(-1.,0.,0.));
#7229=DIRECTION('center_axis',(0.,0.,-1.));
#7230=DIRECTION('ref_axis',(5.55111512312578E-16,1.,0.));
#7231=DIRECTION('center_axis',(0.,0.,1.));
#7232=DIRECTION('ref_axis',(5.55111512312578E-16,1.,0.));
#7233=DIRECTION('center_axis',(0.,0.,-1.));
#7234=DIRECTION('ref_axis',(-6.73533494602307E-16,-1.,0.));
#7235=DIRECTION('center_axis',(0.,0.,1.));
#7236=DIRECTION('ref_axis',(9.25185853854297E-16,1.,0.));
#7237=DIRECTION('center_axis',(0.,0.,1.));
#7238=DIRECTION('ref_axis',(-6.73533494602308E-16,-1.,0.));
#7239=DIRECTION('',(-1.,6.73533494602308E-16,0.));
#7240=DIRECTION('',(6.73533494602308E-16,1.,0.));
#7241=DIRECTION('',(1.,-6.73533494602308E-16,0.));
#7242=DIRECTION('',(6.73533494602308E-16,1.,0.));
#7243=DIRECTION('center_axis',(0.,0.,1.));
#7244=DIRECTION('ref_axis',(1.,0.,0.));
#7245=DIRECTION('center_axis',(0.,0.,-1.));
#7246=DIRECTION('ref_axis',(9.25185853854297E-16,1.,0.));
#7247=DIRECTION('center_axis',(0.,0.,1.));
#7248=DIRECTION('ref_axis',(-6.73533494602308E-16,-1.,0.));
#7249=DIRECTION('center_axis',(0.,0.,1.));
#7250=DIRECTION('ref_axis',(-6.73533494602308E-16,-1.,0.));
#7251=DIRECTION('',(-6.73533494602308E-16,-1.,0.));
#7252=DIRECTION('',(-1.,6.73533494602308E-16,0.));
#7253=DIRECTION('',(6.73533494602308E-16,1.,0.));
#7254=DIRECTION('',(1.,-6.73533494602308E-16,0.));
#7255=DIRECTION('center_axis',(1.,-6.73533494602307E-16,2.16523844355493E-13));
#7256=DIRECTION('ref_axis',(-2.16523844355493E-13,1.45836061553482E-28,
1.));
#7257=DIRECTION('',(-2.16523844355493E-13,1.45836061553482E-28,1.));
#7258=DIRECTION('',(6.73533494602308E-16,1.,0.));
#7259=DIRECTION('',(2.16523844355493E-13,-1.45836061553482E-28,-1.));
#7260=DIRECTION('center_axis',(-6.73533494602307E-16,-1.,0.));
#7261=DIRECTION('ref_axis',(0.,0.,-1.));
#7262=DIRECTION('',(0.0871557427477306,-5.87023119875387E-17,-0.996194698091739));
#7263=DIRECTION('',(1.,-6.73533494602308E-16,0.));
#7264=DIRECTION('center_axis',(-6.70970496310024E-16,-0.996194698091746,
-0.0871557427476531));
#7265=DIRECTION('ref_axis',(5.87023119874865E-17,0.0871557427476531,-0.996194698091746));
#7266=DIRECTION('',(0.0868265938643198,0.0868265938642419,-0.992432509138961));
#7267=DIRECTION('',(-2.26449747650194E-13,0.0871557427476531,-0.996194698091746));
#7268=DIRECTION('',(-0.0868265938642986,0.0868265938642422,-0.992432509138963));
#7269=DIRECTION('',(-0.0868265938642426,-0.0868265938642425,0.992432509138968));
#7270=DIRECTION('center_axis',(6.70970496310024E-16,0.996194698091746,-0.0871557427476531));
#7271=DIRECTION('ref_axis',(5.87023119874865E-17,0.0871557427476531,0.996194698091746));
#7272=DIRECTION('',(-0.0868265938643198,0.086826593864242,0.992432509138961));
#7273=DIRECTION('',(-1.,6.73533494602308E-16,0.));
#7274=DIRECTION('',(0.0868265938642425,-0.0868265938642426,-0.992432509138968));
#7275=DIRECTION('',(0.0868265938642987,0.0868265938642421,0.992432509138963));
#7276=DIRECTION('',(2.26567152274169E-13,0.0871557427476531,0.996194698091746));
#7277=DIRECTION('center_axis',(0.996194698091746,-6.70970496310024E-16,
0.0871557427476531));
#7278=DIRECTION('ref_axis',(-0.0871557427476531,5.87023119874865E-17,0.996194698091746));
#7279=DIRECTION('center_axis',(-0.996194698091741,6.70970496310021E-16,
0.0871557427477094));
#7280=DIRECTION('ref_axis',(-0.0871557427477094,5.87023119875244E-17,-0.996194698091741));
#7281=DIRECTION('',(6.73533494602308E-16,1.,0.));
#7282=DIRECTION('center_axis',(-1.,6.73533494602307E-16,2.27373675443232E-13));
#7283=DIRECTION('ref_axis',(-2.27373675443232E-13,1.53143786201851E-28,
-1.));
#7284=DIRECTION('',(6.73533494602308E-16,1.,0.));
#7285=DIRECTION('center_axis',(-0.996194698091739,6.7097049631002E-16,-0.0871557427477306));
#7286=DIRECTION('ref_axis',(0.0871557427477306,-5.87023119875387E-17,-0.996194698091739));
#7287=DIRECTION('',(-0.0871557427477306,5.87023119875387E-17,0.996194698091739));
#7288=DIRECTION('center_axis',(-6.73533494602307E-16,-1.,0.));
#7289=DIRECTION('ref_axis',(0.,0.,-1.));
#7290=DIRECTION('center_axis',(6.73533494602307E-16,1.,0.));
#7291=DIRECTION('ref_axis',(-1.,6.73533494602308E-16,0.));
#7292=DIRECTION('',(-1.,6.73533494602308E-16,0.));
#7293=DIRECTION('',(0.,0.,1.));
#7294=DIRECTION('',(-1.,6.73533494602308E-16,0.));
#7295=DIRECTION('',(0.,0.,1.));
#7296=DIRECTION('center_axis',(1.,-6.73533494602307E-16,0.));
#7297=DIRECTION('ref_axis',(6.73533494602308E-16,1.,0.));
#7298=DIRECTION('',(6.73533494602308E-16,1.,0.));
#7299=DIRECTION('',(6.73533494602308E-16,1.,0.));
#7300=DIRECTION('',(0.,0.,1.));
#7301=DIRECTION('center_axis',(7.7446286047732E-16,1.,0.));
#7302=DIRECTION('ref_axis',(-1.,7.7446286047732E-16,0.));
#7303=DIRECTION('',(-1.,7.7446286047732E-16,0.));
#7304=DIRECTION('',(-1.,7.7446286047732E-16,0.));
#7305=DIRECTION('',(0.,0.,1.));
#7306=DIRECTION('center_axis',(1.,5.10704398331193E-16,0.));
#7307=DIRECTION('ref_axis',(-5.10704398331193E-16,1.,0.));
#7308=DIRECTION('',(-5.10704398331193E-16,1.,0.));
#7309=DIRECTION('',(-5.10704398331193E-16,1.,0.));
#7310=DIRECTION('',(0.,0.,1.));
#7311=DIRECTION('center_axis',(-7.7446286047732E-16,-1.,0.));
#7312=DIRECTION('ref_axis',(1.,-7.7446286047732E-16,0.));
#7313=DIRECTION('',(1.,-7.7446286047732E-16,0.));
#7314=DIRECTION('',(1.,-7.7446286047732E-16,0.));
#7315=DIRECTION('',(0.,0.,1.));
#7316=DIRECTION('center_axis',(1.,-6.73533494602307E-16,0.));
#7317=DIRECTION('ref_axis',(6.73533494602308E-16,1.,0.));
#7318=DIRECTION('',(6.73533494602308E-16,1.,0.));
#7319=DIRECTION('',(6.73533494602308E-16,1.,0.));
#7320=DIRECTION('',(0.,0.,1.));
#7321=DIRECTION('center_axis',(-6.73533494602307E-16,-1.,0.));
#7322=DIRECTION('ref_axis',(1.,-6.73533494602308E-16,0.));
#7323=DIRECTION('',(1.,-6.73533494602308E-16,0.));
#7324=DIRECTION('',(1.,-6.73533494602308E-16,0.));
#7325=DIRECTION('',(0.,0.,1.));
#7326=DIRECTION('center_axis',(-1.,-2.61391157713513E-16,0.));
#7327=DIRECTION('ref_axis',(2.61391157713513E-16,-1.,0.));
#7328=DIRECTION('',(2.61391157713513E-16,-1.,0.));
#7329=DIRECTION('',(2.61391157713513E-16,-1.,0.));
#7330=DIRECTION('center_axis',(0.,0.,1.));
#7331=DIRECTION('ref_axis',(-6.73533494602308E-16,-1.,0.));
#7332=DIRECTION('center_axis',(0.,0.,1.));
#7333=DIRECTION('ref_axis',(-6.73533494602308E-16,-1.,0.));
#7334=DIRECTION('center_axis',(-4.2861222383791E-16,-1.,1.20877723146361E-28));
#7335=DIRECTION('ref_axis',(-5.18096697302157E-44,-1.20877723146361E-28,
-1.));
#7336=DIRECTION('',(5.18096697302157E-44,1.20877723146361E-28,1.));
#7337=DIRECTION('',(1.,-4.28612223837832E-16,4.87045570954769E-14));
#7338=DIRECTION('',(0.,0.,1.));
#7339=DIRECTION('',(-1.,4.28612223837832E-16,0.));
#7340=DIRECTION('center_axis',(-4.2861222383791E-16,-1.,1.20877723146361E-28));
#7341=DIRECTION('ref_axis',(-5.18096697302157E-44,-1.20877723146361E-28,
-1.));
#7342=DIRECTION('',(-5.18096697302157E-44,-1.20877723146361E-28,-1.));
#7343=DIRECTION('',(-1.,4.28612223837832E-16,0.));
#7344=DIRECTION('center_axis',(-4.28612223837832E-16,-1.,0.));
#7345=DIRECTION('ref_axis',(-0.652241914650137,2.7955885751844E-16,0.758010873783169));
#7346=DIRECTION('',(-0.149160969547128,6.39322148674018E-17,-0.988812927283903));
#7347=DIRECTION('center_axis',(4.28612223837832E-16,1.,0.));
#7348=DIRECTION('ref_axis',(0.652241914650428,-2.79558857518566E-16,-0.758010873782918));
#7349=DIRECTION('',(-1.,4.28612223837832E-16,-6.71122420360616E-13));
#7350=DIRECTION('',(0.,0.,-1.));
#7351=DIRECTION('',(1.,-4.28612223837832E-16,9.5874631480111E-14));
#7352=DIRECTION('center_axis',(-4.28612223837832E-16,-1.,0.));
#7353=DIRECTION('ref_axis',(0.652241914650113,-2.7955885751843E-16,-0.75801087378319));
#7354=DIRECTION('',(0.149160969547199,-6.3932214867432E-17,0.988812927283892));
#7355=DIRECTION('center_axis',(4.28612223837832E-16,1.,0.));
#7356=DIRECTION('ref_axis',(-0.65224191465017,2.79558857518455E-16,0.758010873783141));
#7357=DIRECTION('',(1.,-4.28612223837832E-16,4.87045570954769E-14));
#7358=DIRECTION('center_axis',(-4.28612223837848E-16,-1.,2.92578206016676E-29));
#7359=DIRECTION('ref_axis',(-1.25402595527291E-44,-2.92578206016676E-29,
-1.));
#7360=DIRECTION('',(-1.25402595527291E-44,-2.92578206016676E-29,-1.));
#7361=DIRECTION('',(-1.,4.28612223837832E-16,0.));
#7362=DIRECTION('',(0.,0.,1.));
#7363=DIRECTION('',(1.,-4.28612223837832E-16,4.87045570954769E-14));
#7364=DIRECTION('center_axis',(4.28612223837832E-16,1.,0.));
#7365=DIRECTION('ref_axis',(0.652241914650428,-2.79558857518566E-16,-0.758010873782918));
#7366=DIRECTION('center_axis',(4.28612223837832E-16,1.,0.));
#7367=DIRECTION('ref_axis',(0.652241914650428,-2.79558857518566E-16,-0.758010873782918));
#7368=DIRECTION('',(4.28612223837832E-16,1.,0.));
#7369=DIRECTION('',(4.28612223837832E-16,1.,0.));
#7370=DIRECTION('center_axis',(-6.71122420360616E-13,2.87651273058192E-28,
1.));
#7371=DIRECTION('ref_axis',(-4.28612223837832E-16,-1.,0.));
#7372=DIRECTION('',(-1.,4.28612223837832E-16,-6.71122420360616E-13));
#7373=DIRECTION('',(4.28612223837832E-16,1.,0.));
#7374=DIRECTION('center_axis',(-1.,4.28612223837832E-16,0.));
#7375=DIRECTION('ref_axis',(0.,0.,-1.));
#7376=DIRECTION('',(0.,0.,-1.));
#7377=DIRECTION('',(4.28612223837832E-16,1.,0.));
#7378=DIRECTION('center_axis',(9.5874631480111E-14,-4.1093039008323E-29,
-1.));
#7379=DIRECTION('ref_axis',(4.28612223837832E-16,1.,0.));
#7380=DIRECTION('',(1.,-4.28612223837832E-16,9.5874631480111E-14));
#7381=DIRECTION('',(4.28612223837832E-16,1.,0.));
#7382=DIRECTION('center_axis',(4.28612223837832E-16,1.,0.));
#7383=DIRECTION('ref_axis',(0.652241914650113,-2.7955885751843E-16,-0.75801087378319));
#7384=DIRECTION('center_axis',(-4.28612223837832E-16,-1.,0.));
#7385=DIRECTION('ref_axis',(0.652241914650113,-2.7955885751843E-16,-0.75801087378319));
#7386=DIRECTION('',(4.28612223837832E-16,1.,0.));
#7387=DIRECTION('center_axis',(0.988812927283892,-4.23817307722746E-16,
-0.149160969547199));
#7388=DIRECTION('ref_axis',(0.149160969547199,-6.3932214867432E-17,0.988812927283892));
#7389=DIRECTION('',(0.149160969547199,-6.3932214867432E-17,0.988812927283892));
#7390=DIRECTION('',(4.28612223837832E-16,1.,0.));
#7391=DIRECTION('center_axis',(4.28612223837832E-16,1.,0.));
#7392=DIRECTION('ref_axis',(-0.65224191465017,2.79558857518455E-16,0.758010873783141));
#7393=DIRECTION('center_axis',(4.28612223837832E-16,1.,0.));
#7394=DIRECTION('ref_axis',(-0.65224191465017,2.79558857518455E-16,0.758010873783141));
#7395=DIRECTION('',(4.28612223837832E-16,1.,0.));
#7396=DIRECTION('center_axis',(1.,-4.28612223837832E-16,0.));
#7397=DIRECTION('ref_axis',(0.,0.,1.));
#7398=DIRECTION('',(4.28612223837832E-16,1.,0.));
#7399=DIRECTION('',(4.28612223837832E-16,1.,0.));
#7400=DIRECTION('center_axis',(4.28612223837832E-16,1.,0.));
#7401=DIRECTION('ref_axis',(-0.652241914650137,2.7955885751844E-16,0.758010873783169));
#7402=DIRECTION('center_axis',(-4.28612223837832E-16,-1.,0.));
#7403=DIRECTION('ref_axis',(-0.652241914650137,2.7955885751844E-16,0.758010873783169));
#7404=DIRECTION('',(4.28612223837832E-16,1.,0.));
#7405=DIRECTION('',(4.28612223837832E-16,1.,0.));
#7406=DIRECTION('center_axis',(-0.988812927283903,4.2381730772275E-16,0.149160969547128));
#7407=DIRECTION('ref_axis',(-0.149160969547128,6.39322148674018E-17,-0.988812927283903));
#7408=DIRECTION('',(-0.149160969547128,6.39322148674018E-17,-0.988812927283903));
#7409=DIRECTION('center_axis',(-4.28612223837848E-16,-1.,2.92578206016676E-29));
#7410=DIRECTION('ref_axis',(-1.25402595527291E-44,-2.92578206016676E-29,
-1.));
#7411=DIRECTION('',(1.25402595527291E-44,2.92578206016676E-29,1.));
#7412=DIRECTION('',(1.,-4.28612223837832E-16,4.87045570954769E-14));
#7413=DIRECTION('',(-1.,4.28612223837832E-16,0.));
#7414=DIRECTION('center_axis',(-1.,4.28612223837832E-16,0.));
#7415=DIRECTION('ref_axis',(0.,0.,-1.));
#7416=DIRECTION('',(4.28612223837832E-16,1.,0.));
#7417=DIRECTION('',(0.,0.,1.));
#7418=DIRECTION('',(4.28612223837832E-16,1.,0.));
#7419=DIRECTION('center_axis',(0.,0.,1.));
#7420=DIRECTION('ref_axis',(-4.28612223837832E-16,-1.,0.));
#7421=DIRECTION('',(-4.28612223837832E-16,-1.,0.));
#7422=DIRECTION('',(-1.,4.28612223837832E-16,0.));
#7423=DIRECTION('',(4.28612223837832E-16,1.,0.));
#7424=DIRECTION('',(1.,-4.28612223837832E-16,0.));
#7425=DIRECTION('',(-4.28612223837832E-16,-1.,0.));
#7426=DIRECTION('center_axis',(0.,0.,1.));
#7427=DIRECTION('ref_axis',(-4.28612223837832E-16,-1.,0.));
#7428=DIRECTION('',(-4.28612223837832E-16,-1.,0.));
#7429=DIRECTION('',(1.,-4.28612223837832E-16,0.));
#7430=DIRECTION('',(4.28612223837832E-16,1.,0.));
#7431=DIRECTION('',(-1.,4.28612223837832E-16,0.));
#7432=DIRECTION('',(-4.28612223837832E-16,-1.,0.));
#7433=DIRECTION('center_axis',(1.,-4.28612223837832E-16,0.));
#7434=DIRECTION('ref_axis',(0.,0.,1.));
#7435=DIRECTION('',(0.,0.,1.));
#7436=DIRECTION('center_axis',(1.,-4.28612223837832E-16,0.));
#7437=DIRECTION('ref_axis',(0.,0.,1.));
#7438=DIRECTION('',(0.,0.,1.));
#7439=DIRECTION('center_axis',(-4.28612223837832E-16,-1.,0.));
#7440=DIRECTION('ref_axis',(0.,0.,-1.));
#7441=DIRECTION('',(0.,0.,1.));
#7442=DIRECTION('center_axis',(-1.,4.28612223837832E-16,0.));
#7443=DIRECTION('ref_axis',(0.,0.,-1.));
#7444=DIRECTION('center_axis',(4.28612223837832E-16,1.,0.));
#7445=DIRECTION('ref_axis',(0.,0.,1.));
#7446=DIRECTION('center_axis',(-4.2861222383791E-16,-1.,1.20877723146361E-28));
#7447=DIRECTION('ref_axis',(-5.18096697302157E-44,-1.20877723146361E-28,
-1.));
#7448=DIRECTION('',(5.18096697302157E-44,1.20877723146361E-28,1.));
#7449=DIRECTION('',(1.,-4.28612223837832E-16,4.87045570954769E-14));
#7450=DIRECTION('',(0.,0.,1.));
#7451=DIRECTION('',(-1.,4.28612223837832E-16,0.));
#7452=DIRECTION('center_axis',(-4.2861222383791E-16,-1.,1.20877723146361E-28));
#7453=DIRECTION('ref_axis',(-5.18096697302157E-44,-1.20877723146361E-28,
-1.));
#7454=DIRECTION('',(-5.18096697302157E-44,-1.20877723146361E-28,-1.));
#7455=DIRECTION('',(-1.,4.28612223837832E-16,0.));
#7456=DIRECTION('center_axis',(-4.28612223837832E-16,-1.,0.));
#7457=DIRECTION('ref_axis',(-0.652241914650137,2.7955885751844E-16,0.758010873783169));
#7458=DIRECTION('',(-0.149160969547128,6.39322148674018E-17,-0.988812927283903));
#7459=DIRECTION('center_axis',(4.28612223837832E-16,1.,0.));
#7460=DIRECTION('ref_axis',(0.652241914650428,-2.79558857518566E-16,-0.758010873782918));
#7461=DIRECTION('',(-1.,4.28612223837832E-16,-6.71122420360616E-13));
#7462=DIRECTION('',(0.,0.,-1.));
#7463=DIRECTION('',(1.,-4.28612223837832E-16,9.5874631480111E-14));
#7464=DIRECTION('center_axis',(-4.28612223837832E-16,-1.,0.));
#7465=DIRECTION('ref_axis',(0.652241914650113,-2.7955885751843E-16,-0.75801087378319));
#7466=DIRECTION('',(0.149160969547199,-6.3932214867432E-17,0.988812927283892));
#7467=DIRECTION('center_axis',(4.28612223837832E-16,1.,0.));
#7468=DIRECTION('ref_axis',(-0.65224191465017,2.79558857518455E-16,0.758010873783141));
#7469=DIRECTION('',(1.,-4.28612223837832E-16,4.87045570954769E-14));
#7470=DIRECTION('center_axis',(-4.28612223837848E-16,-1.,2.92578206016676E-29));
#7471=DIRECTION('ref_axis',(-1.25402595527291E-44,-2.92578206016676E-29,
-1.));
#7472=DIRECTION('',(-1.25402595527291E-44,-2.92578206016676E-29,-1.));
#7473=DIRECTION('',(-1.,4.28612223837832E-16,0.));
#7474=DIRECTION('',(0.,0.,1.));
#7475=DIRECTION('',(1.,-4.28612223837832E-16,4.87045570954769E-14));
#7476=DIRECTION('center_axis',(4.28612223837832E-16,1.,0.));
#7477=DIRECTION('ref_axis',(0.652241914650428,-2.79558857518566E-16,-0.758010873782918));
#7478=DIRECTION('center_axis',(4.28612223837832E-16,1.,0.));
#7479=DIRECTION('ref_axis',(0.652241914650428,-2.79558857518566E-16,-0.758010873782918));
#7480=DIRECTION('',(4.28612223837832E-16,1.,0.));
#7481=DIRECTION('',(4.28612223837832E-16,1.,0.));
#7482=DIRECTION('center_axis',(-6.71122420360616E-13,2.87651273058192E-28,
1.));
#7483=DIRECTION('ref_axis',(-4.28612223837832E-16,-1.,0.));
#7484=DIRECTION('',(-1.,4.28612223837832E-16,-6.71122420360616E-13));
#7485=DIRECTION('',(4.28612223837832E-16,1.,0.));
#7486=DIRECTION('center_axis',(-1.,4.28612223837832E-16,0.));
#7487=DIRECTION('ref_axis',(0.,0.,-1.));
#7488=DIRECTION('',(0.,0.,-1.));
#7489=DIRECTION('',(4.28612223837832E-16,1.,0.));
#7490=DIRECTION('center_axis',(9.5874631480111E-14,-4.1093039008323E-29,
-1.));
#7491=DIRECTION('ref_axis',(4.28612223837832E-16,1.,0.));
#7492=DIRECTION('',(1.,-4.28612223837832E-16,9.5874631480111E-14));
#7493=DIRECTION('',(4.28612223837832E-16,1.,0.));
#7494=DIRECTION('center_axis',(4.28612223837832E-16,1.,0.));
#7495=DIRECTION('ref_axis',(0.652241914650113,-2.7955885751843E-16,-0.75801087378319));
#7496=DIRECTION('center_axis',(-4.28612223837832E-16,-1.,0.));
#7497=DIRECTION('ref_axis',(0.652241914650113,-2.7955885751843E-16,-0.75801087378319));
#7498=DIRECTION('',(4.28612223837832E-16,1.,0.));
#7499=DIRECTION('center_axis',(0.988812927283892,-4.23817307722746E-16,
-0.149160969547199));
#7500=DIRECTION('ref_axis',(0.149160969547199,-6.3932214867432E-17,0.988812927283892));
#7501=DIRECTION('',(0.149160969547199,-6.3932214867432E-17,0.988812927283892));
#7502=DIRECTION('',(4.28612223837832E-16,1.,0.));
#7503=DIRECTION('center_axis',(4.28612223837832E-16,1.,0.));
#7504=DIRECTION('ref_axis',(-0.65224191465017,2.79558857518455E-16,0.758010873783141));
#7505=DIRECTION('center_axis',(4.28612223837832E-16,1.,0.));
#7506=DIRECTION('ref_axis',(-0.65224191465017,2.79558857518455E-16,0.758010873783141));
#7507=DIRECTION('',(4.28612223837832E-16,1.,0.));
#7508=DIRECTION('center_axis',(1.,-4.28612223837832E-16,0.));
#7509=DIRECTION('ref_axis',(0.,0.,1.));
#7510=DIRECTION('',(4.28612223837832E-16,1.,0.));
#7511=DIRECTION('',(4.28612223837832E-16,1.,0.));
#7512=DIRECTION('center_axis',(4.28612223837832E-16,1.,0.));
#7513=DIRECTION('ref_axis',(-0.652241914650137,2.7955885751844E-16,0.758010873783169));
#7514=DIRECTION('center_axis',(-4.28612223837832E-16,-1.,0.));
#7515=DIRECTION('ref_axis',(-0.652241914650137,2.7955885751844E-16,0.758010873783169));
#7516=DIRECTION('',(4.28612223837832E-16,1.,0.));
#7517=DIRECTION('',(4.28612223837832E-16,1.,0.));
#7518=DIRECTION('center_axis',(-0.988812927283903,4.2381730772275E-16,0.149160969547128));
#7519=DIRECTION('ref_axis',(-0.149160969547128,6.39322148674018E-17,-0.988812927283903));
#7520=DIRECTION('',(-0.149160969547128,6.39322148674018E-17,-0.988812927283903));
#7521=DIRECTION('center_axis',(-4.28612223837848E-16,-1.,2.92578206016676E-29));
#7522=DIRECTION('ref_axis',(-1.25402595527291E-44,-2.92578206016676E-29,
-1.));
#7523=DIRECTION('',(1.25402595527291E-44,2.92578206016676E-29,1.));
#7524=DIRECTION('',(1.,-4.28612223837832E-16,4.87045570954769E-14));
#7525=DIRECTION('',(-1.,4.28612223837832E-16,0.));
#7526=DIRECTION('center_axis',(-1.,4.28612223837832E-16,0.));
#7527=DIRECTION('ref_axis',(0.,0.,-1.));
#7528=DIRECTION('',(4.28612223837832E-16,1.,0.));
#7529=DIRECTION('',(0.,0.,1.));
#7530=DIRECTION('',(4.28612223837832E-16,1.,0.));
#7531=DIRECTION('center_axis',(0.,0.,1.));
#7532=DIRECTION('ref_axis',(-4.28612223837832E-16,-1.,0.));
#7533=DIRECTION('',(-4.28612223837832E-16,-1.,0.));
#7534=DIRECTION('',(-1.,4.28612223837832E-16,0.));
#7535=DIRECTION('',(4.28612223837832E-16,1.,0.));
#7536=DIRECTION('',(1.,-4.28612223837832E-16,0.));
#7537=DIRECTION('',(-4.28612223837832E-16,-1.,0.));
#7538=DIRECTION('center_axis',(0.,0.,1.));
#7539=DIRECTION('ref_axis',(-4.28612223837832E-16,-1.,0.));
#7540=DIRECTION('',(-4.28612223837832E-16,-1.,0.));
#7541=DIRECTION('',(1.,-4.28612223837832E-16,0.));
#7542=DIRECTION('',(4.28612223837832E-16,1.,0.));
#7543=DIRECTION('',(-1.,4.28612223837832E-16,0.));
#7544=DIRECTION('',(-4.28612223837832E-16,-1.,0.));
#7545=DIRECTION('center_axis',(1.,-4.28612223837832E-16,0.));
#7546=DIRECTION('ref_axis',(0.,0.,1.));
#7547=DIRECTION('',(0.,0.,1.));
#7548=DIRECTION('center_axis',(1.,-4.28612223837832E-16,0.));
#7549=DIRECTION('ref_axis',(0.,0.,1.));
#7550=DIRECTION('',(0.,0.,1.));
#7551=DIRECTION('center_axis',(-4.28612223837832E-16,-1.,0.));
#7552=DIRECTION('ref_axis',(0.,0.,-1.));
#7553=DIRECTION('',(0.,0.,1.));
#7554=DIRECTION('center_axis',(-1.,4.28612223837832E-16,0.));
#7555=DIRECTION('ref_axis',(0.,0.,-1.));
#7556=DIRECTION('center_axis',(4.28612223837832E-16,1.,0.));
#7557=DIRECTION('ref_axis',(0.,0.,1.));
#7558=DIRECTION('center_axis',(-1.,1.83690953073357E-16,0.));
#7559=DIRECTION('ref_axis',(0.,0.,-1.));
#7560=DIRECTION('',(1.83690953073357E-16,1.,0.));
#7561=DIRECTION('',(0.,0.,1.));
#7562=DIRECTION('',(-1.83690953073357E-16,-1.,0.));
#7563=DIRECTION('',(0.,0.,1.));
#7564=DIRECTION('center_axis',(9.48184132655888E-14,1.,0.));
#7565=DIRECTION('ref_axis',(0.,0.,1.));
#7566=DIRECTION('',(1.,-9.48184132655888E-14,0.));
#7567=DIRECTION('',(-1.,9.48184132655888E-14,0.));
#7568=DIRECTION('',(0.,0.,1.));
#7569=DIRECTION('center_axis',(1.,-1.83690953073357E-16,0.));
#7570=DIRECTION('ref_axis',(0.,0.,1.));
#7571=DIRECTION('',(-1.83690953073357E-16,-1.,0.));
#7572=DIRECTION('',(1.83690953073357E-16,1.,0.));
#7573=DIRECTION('',(0.,0.,1.));
#7574=DIRECTION('center_axis',(-1.83690953073357E-16,-1.,0.));
#7575=DIRECTION('ref_axis',(0.,0.,-1.));
#7576=DIRECTION('',(-1.,1.83690953073357E-16,0.));
#7577=DIRECTION('',(1.,-1.83690953073357E-16,0.));
#7578=DIRECTION('center_axis',(0.,0.,1.));
#7579=DIRECTION('ref_axis',(-1.83690953073357E-16,-1.,0.));
#7580=DIRECTION('center_axis',(-1.83690953073357E-16,-1.,0.));
#7581=DIRECTION('ref_axis',(0.,0.,-1.));
#7582=DIRECTION('',(-1.,1.83690953073357E-16,0.));
#7583=DIRECTION('',(0.,0.,1.));
#7584=DIRECTION('',(1.,-1.83690953073357E-16,0.));
#7585=DIRECTION('',(0.,0.,-1.));
#7586=DIRECTION('center_axis',(1.83690953073357E-16,1.,0.));
#7587=DIRECTION('ref_axis',(0.,0.,1.));
#7588=DIRECTION('',(1.,-1.83690953073357E-16,0.));
#7589=DIRECTION('',(0.,0.,1.));
#7590=DIRECTION('',(-1.,1.83690953073357E-16,0.));
#7591=DIRECTION('',(0.,0.,1.));
#7592=DIRECTION('center_axis',(1.,-1.83690953073357E-16,0.));
#7593=DIRECTION('ref_axis',(0.,0.,1.));
#7594=DIRECTION('',(-1.83690953073357E-16,-1.,0.));
#7595=DIRECTION('',(1.83690953073357E-16,1.,0.));
#7596=DIRECTION('center_axis',(0.,0.,1.));
#7597=DIRECTION('ref_axis',(-1.83690953073357E-16,-1.,0.));
#7598=DIRECTION('',(-1.83690953073357E-16,-1.,0.));
#7599=DIRECTION('center_axis',(-1.,1.83690953073357E-16,0.));
#7600=DIRECTION('ref_axis',(0.,0.,-1.));
#7601=DIRECTION('',(-1.83690953073357E-16,-1.,0.));
#7602=DIRECTION('',(0.,0.,1.));
#7603=DIRECTION('',(1.83690953073357E-16,1.,0.));
#7604=DIRECTION('',(0.,0.,1.));
#7605=DIRECTION('',(-1.83690953073357E-16,-1.,0.));
#7606=DIRECTION('center_axis',(1.554677713167E-14,1.,0.));
#7607=DIRECTION('ref_axis',(0.,0.,1.));
#7608=DIRECTION('',(1.,-1.554677713167E-14,0.));
#7609=DIRECTION('',(0.,0.,1.));
#7610=DIRECTION('',(-1.,1.554677713167E-14,0.));
#7611=DIRECTION('center_axis',(1.,-9.49227223877318E-14,0.));
#7612=DIRECTION('ref_axis',(0.,0.,1.));
#7613=DIRECTION('',(-9.49227223877319E-14,-1.,0.));
#7614=DIRECTION('',(0.,0.,1.));
#7615=DIRECTION('',(9.49227223877319E-14,1.,0.));
#7616=DIRECTION('center_axis',(0.,0.,1.));
#7617=DIRECTION('ref_axis',(-1.83690953073357E-16,-1.,0.));
#7618=DIRECTION('center_axis',(0.,0.,1.));
#7619=DIRECTION('ref_axis',(-1.83690953073357E-16,-1.,0.));
#7620=DIRECTION('',(0.,0.,1.));
#7621=DIRECTION('center_axis',(0.,0.,-1.));
#7622=DIRECTION('ref_axis',(-1.83690953073357E-16,-1.,0.));
#7623=DIRECTION('center_axis',(-1.,5.7027109813862E-14,0.));
#7624=DIRECTION('ref_axis',(0.,0.,-1.));
#7625=DIRECTION('',(5.7027109813862E-14,1.,0.));
#7626=DIRECTION('',(0.,0.,1.));
#7627=DIRECTION('',(-5.7027109813862E-14,-1.,0.));
#7628=DIRECTION('center_axis',(1.83690953073357E-16,1.,0.));
#7629=DIRECTION('ref_axis',(0.,0.,1.));
#7630=DIRECTION('',(1.,-1.83690953073357E-16,0.));
#7631=DIRECTION('',(0.,0.,1.));
#7632=DIRECTION('',(-1.,1.83690953073357E-16,0.));
#7633=DIRECTION('center_axis',(1.,-1.83690953073357E-16,0.));
#7634=DIRECTION('ref_axis',(0.,0.,1.));
#7635=DIRECTION('',(-1.83690953073357E-16,-1.,0.));
#7636=DIRECTION('',(0.,0.,1.));
#7637=DIRECTION('',(1.83690953073357E-16,1.,0.));
#7638=DIRECTION('center_axis',(2.84033403351144E-13,-1.,0.));
#7639=DIRECTION('ref_axis',(0.,0.,-1.));
#7640=DIRECTION('',(-1.,-2.84033403351144E-13,0.));
#7641=DIRECTION('',(0.,0.,1.));
#7642=DIRECTION('',(1.,2.84033403351144E-13,0.));
#7643=DIRECTION('center_axis',(0.,0.,1.));
#7644=DIRECTION('ref_axis',(-0.707106781186547,0.707106781186548,0.));
#7645=DIRECTION('center_axis',(0.,0.,1.));
#7646=DIRECTION('ref_axis',(-0.707106781186547,0.707106781186548,0.));
#7647=DIRECTION('',(0.,0.,1.));
#7648=DIRECTION('center_axis',(0.,0.,-1.));
#7649=DIRECTION('ref_axis',(-0.707106781186547,0.707106781186548,0.));
#7650=DIRECTION('center_axis',(1.,-8.07861023929677E-15,0.));
#7651=DIRECTION('ref_axis',(0.,0.,1.));
#7652=DIRECTION('',(-8.07861023929677E-15,-1.,0.));
#7653=DIRECTION('',(0.,0.,1.));
#7654=DIRECTION('',(8.07861023929677E-15,1.,0.));
#7655=DIRECTION('center_axis',(0.,0.,1.));
#7656=DIRECTION('ref_axis',(-0.707106781186447,-0.707106781186648,0.));
#7657=DIRECTION('center_axis',(0.,0.,1.));
#7658=DIRECTION('ref_axis',(-0.707106781186447,-0.707106781186648,0.));
#7659=DIRECTION('',(0.,0.,1.));
#7660=DIRECTION('center_axis',(0.,0.,-1.));
#7661=DIRECTION('ref_axis',(-0.707106781186447,-0.707106781186648,0.));
#7662=DIRECTION('center_axis',(2.84400785257291E-13,1.,0.));
#7663=DIRECTION('ref_axis',(0.,0.,1.));
#7664=DIRECTION('',(1.,-2.84400785257291E-13,0.));
#7665=DIRECTION('',(0.,0.,1.));
#7666=DIRECTION('',(-1.,2.84400785257291E-13,0.));
#7667=DIRECTION('center_axis',(1.,-1.83690953073357E-16,0.));
#7668=DIRECTION('ref_axis',(0.,0.,1.));
#7669=DIRECTION('',(-1.83690953073357E-16,-1.,0.));
#7670=DIRECTION('',(0.,0.,1.));
#7671=DIRECTION('',(1.83690953073357E-16,1.,0.));
#7672=DIRECTION('center_axis',(4.96789571704455E-14,-1.,0.));
#7673=DIRECTION('ref_axis',(0.,0.,-1.));
#7674=DIRECTION('',(-1.,-4.96789571704455E-14,0.));
#7675=DIRECTION('',(0.,0.,1.));
#7676=DIRECTION('',(1.,4.96789571704455E-14,0.));
#7677=DIRECTION('center_axis',(-1.,-5.66597279077411E-14,0.));
#7678=DIRECTION('ref_axis',(0.,0.,-1.));
#7679=DIRECTION('',(-5.66597279077411E-14,1.,0.));
#7680=DIRECTION('',(0.,0.,1.));
#7681=DIRECTION('',(5.66597279077411E-14,-1.,0.));
#7682=DIRECTION('center_axis',(0.,0.,1.));
#7683=DIRECTION('ref_axis',(1.83690953073357E-16,1.,0.));
#7684=DIRECTION('center_axis',(0.,0.,1.));
#7685=DIRECTION('ref_axis',(1.83690953073357E-16,1.,0.));
#7686=DIRECTION('',(0.,0.,1.));
#7687=DIRECTION('center_axis',(0.,0.,-1.));
#7688=DIRECTION('ref_axis',(1.83690953073357E-16,1.,0.));
#7689=DIRECTION('center_axis',(1.,-1.83690953073357E-16,0.));
#7690=DIRECTION('ref_axis',(0.,0.,1.));
#7691=DIRECTION('',(-1.83690953073357E-16,-1.,0.));
#7692=DIRECTION('',(0.,0.,1.));
#7693=DIRECTION('',(1.83690953073357E-16,1.,0.));
#7694=DIRECTION('center_axis',(-1.83690953073357E-16,-1.,0.));
#7695=DIRECTION('ref_axis',(0.,0.,-1.));
#7696=DIRECTION('',(-1.,1.83690953073357E-16,0.));
#7697=DIRECTION('',(1.,-1.83690953073357E-16,0.));
#7698=DIRECTION('center_axis',(0.,0.,1.));
#7699=DIRECTION('ref_axis',(-1.83690953073357E-16,-1.,0.));
#7700=DIRECTION('center_axis',(0.,0.,1.));
#7701=DIRECTION('ref_axis',(-1.83690953073357E-16,-1.,0.));
#7702=CARTESIAN_POINT('',(0.,0.,0.));
#7703=CARTESIAN_POINT('Origin',(2.13841033351181,-0.678963771980146,2.36));
#7704=CARTESIAN_POINT('',(1.82038656028227,-1.6274621017197,2.36));
#7705=CARTESIAN_POINT('',(1.78636594361598,-1.51795524580406,2.36));
#7706=CARTESIAN_POINT('Origin',(1.98468240426002,-1.51638208986297,2.36));
#7707=CARTESIAN_POINT('',(1.82325817165068,-1.63129807781999,2.36));
#7708=CARTESIAN_POINT('',(1.64997383303844,-1.39982017323985,2.36));
#7709=CARTESIAN_POINT('',(1.89224432645519,-1.68270552566421,2.36));
#7710=CARTESIAN_POINT('Origin',(1.98957184649041,-1.48010533006612,2.36));
#7711=CARTESIAN_POINT('',(1.97096231176162,-1.70747954484418,2.36));
#7712=CARTESIAN_POINT('Origin',(2.07814896496835,-1.22945238568097,2.36));
#7713=CARTESIAN_POINT('',(2.08952762063395,-1.71923901838215,2.36));
#7714=CARTESIAN_POINT('Origin',(2.08652297036615,-1.14593430900016,2.36));
#7715=CARTESIAN_POINT('',(2.17098984597088,-1.71537145849783,2.36));
#7716=CARTESIAN_POINT('Origin',(2.10134909793642,-1.1083829976118,2.36));
#7717=CARTESIAN_POINT('',(2.24261220685405,-1.70342704771979,2.36));
#7718=CARTESIAN_POINT('Origin',(2.07665783006138,-0.929020618381766,2.36));
#7719=CARTESIAN_POINT('',(2.3104956105862,-1.67716573165088,2.36));
#7720=CARTESIAN_POINT('Origin',(2.14565192514161,-1.35192522133957,2.36));
#7721=CARTESIAN_POINT('',(2.3631843804359,-1.63734616892919,2.36));
#7722=CARTESIAN_POINT('Origin',(2.22359285355478,-1.50740868448956,2.36));
#7723=CARTESIAN_POINT('',(2.38934798201553,-1.59939416630844,2.36));
#7724=CARTESIAN_POINT('Origin',(2.26345425826803,-1.54059914101285,2.36));
#7725=CARTESIAN_POINT('',(2.40636867143835,-1.51795524580406,2.36));
#7726=CARTESIAN_POINT('Origin',(2.18417701903121,-1.51401543071525,2.36));
#7727=CARTESIAN_POINT('',(2.38934798201553,-1.43651632528716,2.36));
#7728=CARTESIAN_POINT('Origin',(2.18417701899432,-1.52189506088627,2.36));
#7729=CARTESIAN_POINT('',(2.3631843804359,-1.39856432267958,2.36));
#7730=CARTESIAN_POINT('Origin',(2.26345425830886,-1.49531135058933,2.36));
#7731=CARTESIAN_POINT('',(2.3104956105862,-1.35874475995789,2.36));
#7732=CARTESIAN_POINT('Origin',(2.22359285353436,-1.52850180711855,2.36));
#7733=CARTESIAN_POINT('',(2.24261220685405,-1.33248344388173,2.36));
#7734=CARTESIAN_POINT('Origin',(2.14565192510769,-1.68398527026197,2.36));
#7735=CARTESIAN_POINT('',(2.17098984597088,-1.32053903310435,2.36));
#7736=CARTESIAN_POINT('Origin',(2.07665783006137,-2.10688987321317,2.36));
#7737=CARTESIAN_POINT('',(2.08952762063395,-1.31667147322003,2.36));
#7738=CARTESIAN_POINT('Origin',(2.10134909793642,-1.92752749398314,2.36));
#7739=CARTESIAN_POINT('',(1.97096231176162,-1.32843094676393,2.36));
#7740=CARTESIAN_POINT('Origin',(2.08652297043366,-1.88997618260136,2.36));
#7741=CARTESIAN_POINT('',(1.89224432645519,-1.35320496593798,2.36));
#7742=CARTESIAN_POINT('Origin',(2.07814896492422,-1.80645810592713,2.36));
#7743=CARTESIAN_POINT('',(1.82325817165068,-1.4046124137677,2.36));
#7744=CARTESIAN_POINT('Origin',(1.98957184645616,-1.5558051615354,2.36));
#7745=CARTESIAN_POINT('',(1.82038656028227,-1.40844838988248,2.36));
#7746=CARTESIAN_POINT('',(2.05391425730944,-1.09649577775867,2.36));
#7747=CARTESIAN_POINT('Origin',(1.98468240428373,-1.51952840173857,2.36));
#7748=CARTESIAN_POINT('',(2.30934112385315,-1.51795524580406,2.36));
#7749=CARTESIAN_POINT('',(2.30775845136503,-1.50065245874055,2.36));
#7750=CARTESIAN_POINT('Origin',(2.25657821096657,-1.51405765201321,2.36));
#7751=CARTESIAN_POINT('',(2.30775845136503,-1.5352580328544,2.36));
#7752=CARTESIAN_POINT('Origin',(2.25657821101037,-1.5218528395949,2.36));
#7753=CARTESIAN_POINT('',(2.28890689889886,-1.56653258680981,2.36));
#7754=CARTESIAN_POINT('Origin',(2.25327292041154,-1.5237343683358,2.36));
#7755=CARTESIAN_POINT('',(2.27773003305856,-1.57520151521753,2.36));
#7756=CARTESIAN_POINT('',(2.45683951672529,-1.43628177569563,2.36));
#7757=CARTESIAN_POINT('',(2.23805552987847,-1.59448292722026,2.36));
#7758=CARTESIAN_POINT('Origin',(2.18793176018969,-1.44088654199571,2.36));
#7759=CARTESIAN_POINT('',(2.17124179135543,-1.60729920750296,2.36));
#7760=CARTESIAN_POINT('Origin',(2.11215981032801,-1.118728870439,2.36));
#7761=CARTESIAN_POINT('',(2.06624673368825,-1.61029906629966,2.36));
#7762=CARTESIAN_POINT('Origin',(2.09924518037731,-0.926331262055271,2.36));
#7763=CARTESIAN_POINT('',(2.00024984029598,-1.60429934871349,2.36));
#7764=CARTESIAN_POINT('Origin',(2.08974562756277,-0.985828461398761,2.36));
#7765=CARTESIAN_POINT('',(1.9280781631734,-1.5832267588028,2.36));
#7766=CARTESIAN_POINT('Origin',(2.05612221027463,-1.27881466991754,2.36));
#7767=CARTESIAN_POINT('',(1.89825464141498,-1.55630160806558,2.36));
#7768=CARTESIAN_POINT('Origin',(1.98425772958268,-1.4910201954544,2.36));
#7769=CARTESIAN_POINT('',(1.88619342963669,-1.51795524580406,2.36));
#7770=CARTESIAN_POINT('Origin',(1.97443696300355,-1.51126971516566,2.36));
#7771=CARTESIAN_POINT('',(1.89825464141498,-1.47960888353594,2.36));
#7772=CARTESIAN_POINT('Origin',(1.97443696301705,-1.52464077644311,2.36));
#7773=CARTESIAN_POINT('',(1.9280781631734,-1.45268373279873,2.36));
#7774=CARTESIAN_POINT('Origin',(1.98425772958268,-1.54489029615372,2.36));
#7775=CARTESIAN_POINT('',(2.00024984029598,-1.43161114288803,2.36));
#7776=CARTESIAN_POINT('Origin',(2.05612221027463,-1.75709582168398,2.36));
#7777=CARTESIAN_POINT('',(2.06624673368825,-1.42561142530911,2.36));
#7778=CARTESIAN_POINT('Origin',(2.08974562756277,-2.05008203020276,2.36));
#7779=CARTESIAN_POINT('',(2.17124179135543,-1.42861128410516,2.36));
#7780=CARTESIAN_POINT('Origin',(2.09924518033352,-2.10957922955284,2.36));
#7781=CARTESIAN_POINT('',(2.23805552987847,-1.4414275643951,2.36));
#7782=CARTESIAN_POINT('Origin',(2.112159810328,-1.91718162116911,2.36));
#7783=CARTESIAN_POINT('',(2.27773003305856,-1.46070897637082,2.36));
#7784=CARTESIAN_POINT('Origin',(2.18793176026773,-1.59502394960582,2.36));
#7785=CARTESIAN_POINT('',(2.28890689889886,-1.46937790479171,2.36));
#7786=CARTESIAN_POINT('',(2.04494317331761,-1.28015633737139,2.36));
#7787=CARTESIAN_POINT('Origin',(2.25327292041154,-1.51217612325913,2.36));
#7788=CARTESIAN_POINT('Origin',(2.18417701899432,-1.52189506088627,2.36326622067506));
#7789=CARTESIAN_POINT('',(2.40636867143835,-1.51795524580406,2.35));
#7790=CARTESIAN_POINT('',(2.40636867143835,-1.51795524580406,2.36326622067506));
#7791=CARTESIAN_POINT('',(2.38934798201553,-1.43651632528716,2.35));
#7792=CARTESIAN_POINT('Origin',(2.18417701899432,-1.52189506088627,2.35));
#7793=CARTESIAN_POINT('',(2.38934798201553,-1.43651632528716,2.36326622067506));
#7794=CARTESIAN_POINT('Origin',(2.18417701903121,-1.51401543071525,2.36326622067506));
#7795=CARTESIAN_POINT('',(2.38934798201553,-1.59939416630844,2.35));
#7796=CARTESIAN_POINT('',(2.38934798201553,-1.59939416630844,2.36326622067506));
#7797=CARTESIAN_POINT('Origin',(2.18417701903121,-1.51401543071525,2.35));
#7798=CARTESIAN_POINT('Origin',(2.26345425826803,-1.54059914101285,2.36326622067506));
#7799=CARTESIAN_POINT('',(2.3631843804359,-1.63734616892919,2.35));
#7800=CARTESIAN_POINT('',(2.3631843804359,-1.63734616892919,2.36326622067506));
#7801=CARTESIAN_POINT('Origin',(2.26345425826803,-1.54059914101285,2.35));
#7802=CARTESIAN_POINT('Origin',(2.22359285355478,-1.50740868448956,2.36326622067506));
#7803=CARTESIAN_POINT('',(2.3104956105862,-1.67716573165088,2.35));
#7804=CARTESIAN_POINT('',(2.3104956105862,-1.67716573165088,2.36326622067506));
#7805=CARTESIAN_POINT('Origin',(2.22359285355478,-1.50740868448956,2.35));
#7806=CARTESIAN_POINT('Origin',(2.14565192514161,-1.35192522133957,2.36326622067506));
#7807=CARTESIAN_POINT('',(2.24261220685405,-1.70342704771979,2.35));
#7808=CARTESIAN_POINT('',(2.24261220685405,-1.70342704771979,2.36326622067506));
#7809=CARTESIAN_POINT('Origin',(2.14565192514161,-1.35192522133957,2.35));
#7810=CARTESIAN_POINT('Origin',(2.07665783006138,-0.929020618381766,2.36326622067506));
#7811=CARTESIAN_POINT('',(2.17098984597088,-1.71537145849783,2.35));
#7812=CARTESIAN_POINT('',(2.17098984597088,-1.71537145849783,2.36326622067506));
#7813=CARTESIAN_POINT('Origin',(2.07665783006138,-0.929020618381766,2.35));
#7814=CARTESIAN_POINT('Origin',(2.10134909793642,-1.1083829976118,2.36326622067506));
#7815=CARTESIAN_POINT('',(2.08952762063395,-1.71923901838215,2.35));
#7816=CARTESIAN_POINT('',(2.08952762063395,-1.71923901838215,2.36326622067506));
#7817=CARTESIAN_POINT('Origin',(2.10134909793642,-1.1083829976118,2.35));
#7818=CARTESIAN_POINT('Origin',(2.08652297036615,-1.14593430900016,2.36326622067506));
#7819=CARTESIAN_POINT('',(1.97096231176162,-1.70747954484418,2.35));
#7820=CARTESIAN_POINT('',(1.97096231176162,-1.70747954484418,2.36326622067506));
#7821=CARTESIAN_POINT('Origin',(2.08652297036615,-1.14593430900016,2.35));
#7822=CARTESIAN_POINT('Origin',(2.07814896496835,-1.22945238568097,2.36326622067506));
#7823=CARTESIAN_POINT('',(1.89224432645519,-1.68270552566421,2.35));
#7824=CARTESIAN_POINT('',(1.89224432645519,-1.68270552566421,2.36326622067506));
#7825=CARTESIAN_POINT('Origin',(2.07814896496835,-1.22945238568097,2.35));
#7826=CARTESIAN_POINT('Origin',(1.98957184649041,-1.48010533006612,2.36326622067506));
#7827=CARTESIAN_POINT('',(1.82325817165068,-1.63129807781999,2.35));
#7828=CARTESIAN_POINT('',(1.82325817165068,-1.63129807781999,2.36326622067506));
#7829=CARTESIAN_POINT('Origin',(1.98957184649041,-1.48010533006612,2.35));
#7830=CARTESIAN_POINT('Origin',(1.82038656028227,-1.6274621017197,2.36326622067506));
#7831=CARTESIAN_POINT('',(1.82038656028227,-1.6274621017197,2.35));
#7832=CARTESIAN_POINT('',(1.82038656028227,-1.6274621017197,2.36326622067506));
#7833=CARTESIAN_POINT('',(1.47845155980772,-1.17069608322687,2.35));
#7834=CARTESIAN_POINT('Origin',(1.97443696300355,-1.51126971516566,2.36326622067506));
#7835=CARTESIAN_POINT('',(1.89825464141498,-1.55630160806558,2.35));
#7836=CARTESIAN_POINT('',(1.89825464141498,-1.55630160806558,2.36326622067506));
#7837=CARTESIAN_POINT('',(1.88619342963669,-1.51795524580406,2.35));
#7838=CARTESIAN_POINT('Origin',(1.97443696300355,-1.51126971516566,2.35));
#7839=CARTESIAN_POINT('',(1.88619342963669,-1.51795524580406,2.36326622067506));
#7840=CARTESIAN_POINT('Origin',(1.98425772958268,-1.4910201954544,2.36326622067506));
#7841=CARTESIAN_POINT('',(1.9280781631734,-1.5832267588028,2.35));
#7842=CARTESIAN_POINT('',(1.9280781631734,-1.5832267588028,2.36326622067506));
#7843=CARTESIAN_POINT('Origin',(1.98425772958268,-1.4910201954544,2.35));
#7844=CARTESIAN_POINT('Origin',(2.05612221027463,-1.27881466991754,2.36326622067506));
#7845=CARTESIAN_POINT('',(2.00024984029598,-1.60429934871349,2.35));
#7846=CARTESIAN_POINT('',(2.00024984029598,-1.60429934871349,2.36326622067506));
#7847=CARTESIAN_POINT('Origin',(2.05612221027463,-1.27881466991754,2.35));
#7848=CARTESIAN_POINT('Origin',(2.08974562756277,-0.985828461398761,2.36326622067506));
#7849=CARTESIAN_POINT('',(2.06624673368825,-1.61029906629966,2.35));
#7850=CARTESIAN_POINT('',(2.06624673368825,-1.61029906629966,2.36326622067506));
#7851=CARTESIAN_POINT('Origin',(2.08974562756277,-0.985828461398761,2.35));
#7852=CARTESIAN_POINT('Origin',(2.09924518037731,-0.926331262055271,2.36326622067506));
#7853=CARTESIAN_POINT('',(2.17124179135543,-1.60729920750296,2.35));
#7854=CARTESIAN_POINT('',(2.17124179135543,-1.60729920750296,2.36326622067506));
#7855=CARTESIAN_POINT('Origin',(2.09924518037731,-0.926331262055271,2.35));
#7856=CARTESIAN_POINT('Origin',(2.11215981032801,-1.118728870439,2.36326622067506));
#7857=CARTESIAN_POINT('',(2.23805552987847,-1.59448292722026,2.35));
#7858=CARTESIAN_POINT('',(2.23805552987847,-1.59448292722026,2.36326622067506));
#7859=CARTESIAN_POINT('Origin',(2.11215981032801,-1.118728870439,2.35));
#7860=CARTESIAN_POINT('Origin',(2.18793176018969,-1.44088654199571,2.36326622067506));
#7861=CARTESIAN_POINT('',(2.27773003305856,-1.57520151521753,2.35));
#7862=CARTESIAN_POINT('',(2.27773003305856,-1.57520151521753,2.36326622067506));
#7863=CARTESIAN_POINT('Origin',(2.18793176018969,-1.44088654199571,2.35));
#7864=CARTESIAN_POINT('Origin',(2.28890689889886,-1.56653258680981,2.36326622067506));
#7865=CARTESIAN_POINT('',(2.28890689889886,-1.56653258680981,2.35));
#7866=CARTESIAN_POINT('',(2.28890689889886,-1.56653258680981,2.36326622067506));
#7867=CARTESIAN_POINT('',(2.69885134623834,-1.24857412544075,2.35));
#7868=CARTESIAN_POINT('Origin',(2.25327292041154,-1.5237343683358,2.36326622067506));
#7869=CARTESIAN_POINT('',(2.30775845136503,-1.5352580328544,2.35));
#7870=CARTESIAN_POINT('',(2.30775845136503,-1.5352580328544,2.36326622067506));
#7871=CARTESIAN_POINT('Origin',(2.25327292041154,-1.5237343683358,2.35));
#7872=CARTESIAN_POINT('Origin',(2.25657821101037,-1.5218528395949,2.36326622067506));
#7873=CARTESIAN_POINT('',(2.30934112385315,-1.51795524580406,2.35));
#7874=CARTESIAN_POINT('',(2.30934112385315,-1.51795524580406,2.36326622067506));
#7875=CARTESIAN_POINT('Origin',(2.25657821101037,-1.5218528395949,2.35));
#7876=CARTESIAN_POINT('Origin',(2.27503662254764,0.144351616593982,2.35));
#7877=CARTESIAN_POINT('',(1.78636594361598,-1.51795524580406,2.35));
#7878=CARTESIAN_POINT('Origin',(1.98468240426002,-1.51638208986297,2.35));
#7879=CARTESIAN_POINT('',(1.82038656028227,-1.40844838988248,2.35));
#7880=CARTESIAN_POINT('Origin',(1.98468240428373,-1.51952840173857,2.35));
#7881=CARTESIAN_POINT('',(1.82325817165068,-1.4046124137677,2.35));
#7882=CARTESIAN_POINT('',(2.27450441825246,-0.801825476163287,2.35));
#7883=CARTESIAN_POINT('',(1.89224432645519,-1.35320496593798,2.35));
#7884=CARTESIAN_POINT('Origin',(1.98957184645616,-1.5558051615354,2.35));
#7885=CARTESIAN_POINT('',(1.97096231176162,-1.32843094676393,2.35));
#7886=CARTESIAN_POINT('Origin',(2.07814896492422,-1.80645810592713,2.35));
#7887=CARTESIAN_POINT('',(2.08952762063395,-1.31667147322003,2.35));
#7888=CARTESIAN_POINT('Origin',(2.08652297043366,-1.88997618260136,2.35));
#7889=CARTESIAN_POINT('',(2.17098984597088,-1.32053903310435,2.35));
#7890=CARTESIAN_POINT('Origin',(2.10134909793642,-1.92752749398314,2.35));
#7891=CARTESIAN_POINT('',(2.24261220685405,-1.33248344388173,2.35));
#7892=CARTESIAN_POINT('Origin',(2.07665783006137,-2.10688987321317,2.35));
#7893=CARTESIAN_POINT('',(2.3104956105862,-1.35874475995789,2.35));
#7894=CARTESIAN_POINT('Origin',(2.14565192510769,-1.68398527026197,2.35));
#7895=CARTESIAN_POINT('',(2.3631843804359,-1.39856432267958,2.35));
#7896=CARTESIAN_POINT('Origin',(2.22359285353436,-1.52850180711855,2.35));
#7897=CARTESIAN_POINT('Origin',(2.26345425830886,-1.49531135058933,2.35));
#7898=CARTESIAN_POINT('',(2.30775845136503,-1.50065245874055,2.35));
#7899=CARTESIAN_POINT('Origin',(2.25657821096657,-1.51405765201321,2.35));
#7900=CARTESIAN_POINT('',(2.28890689889886,-1.46937790479171,2.35));
#7901=CARTESIAN_POINT('Origin',(2.25327292041154,-1.51217612325913,2.35));
#7902=CARTESIAN_POINT('',(2.27773003305856,-1.46070897637082,2.35));
#7903=CARTESIAN_POINT('',(1.88823872776677,-1.15861424853298,2.35));
#7904=CARTESIAN_POINT('',(2.23805552987847,-1.4414275643951,2.35));
#7905=CARTESIAN_POINT('Origin',(2.18793176026773,-1.59502394960582,2.35));
#7906=CARTESIAN_POINT('',(2.17124179135543,-1.42861128410516,2.35));
#7907=CARTESIAN_POINT('Origin',(2.112159810328,-1.91718162116911,2.35));
#7908=CARTESIAN_POINT('',(2.06624673368825,-1.42561142530911,2.35));
#7909=CARTESIAN_POINT('Origin',(2.09924518033352,-2.10957922955284,2.35));
#7910=CARTESIAN_POINT('',(2.00024984029598,-1.43161114288803,2.35));
#7911=CARTESIAN_POINT('Origin',(2.08974562756277,-2.05008203020276,2.35));
#7912=CARTESIAN_POINT('',(1.9280781631734,-1.45268373279873,2.35));
#7913=CARTESIAN_POINT('Origin',(2.05612221027463,-1.75709582168398,2.35));
#7914=CARTESIAN_POINT('',(1.89825464141498,-1.47960888353594,2.35));
#7915=CARTESIAN_POINT('Origin',(1.98425772958268,-1.54489029615372,2.35));
#7916=CARTESIAN_POINT('Origin',(1.97443696301705,-1.52464077644311,2.35));
#7917=CARTESIAN_POINT('Origin',(1.98468240426002,-1.51638208986297,2.36326622067506));
#7918=CARTESIAN_POINT('',(1.78636594361598,-1.51795524580406,2.36326622067506));
#7919=CARTESIAN_POINT('Origin',(2.26345425830886,-1.49531135058933,2.36326622067506));
#7920=CARTESIAN_POINT('',(2.3631843804359,-1.39856432267958,2.36326622067506));
#7921=CARTESIAN_POINT('Origin',(2.22359285353436,-1.52850180711855,2.36326622067506));
#7922=CARTESIAN_POINT('',(2.3104956105862,-1.35874475995789,2.36326622067506));
#7923=CARTESIAN_POINT('Origin',(2.14565192510769,-1.68398527026197,2.36326622067506));
#7924=CARTESIAN_POINT('',(2.24261220685405,-1.33248344388173,2.36326622067506));
#7925=CARTESIAN_POINT('Origin',(2.07665783006137,-2.10688987321317,2.36326622067506));
#7926=CARTESIAN_POINT('',(2.17098984597088,-1.32053903310435,2.36326622067506));
#7927=CARTESIAN_POINT('Origin',(2.10134909793642,-1.92752749398314,2.36326622067506));
#7928=CARTESIAN_POINT('',(2.08952762063395,-1.31667147322003,2.36326622067506));
#7929=CARTESIAN_POINT('Origin',(2.08652297043366,-1.88997618260136,2.36326622067506));
#7930=CARTESIAN_POINT('',(1.97096231176162,-1.32843094676393,2.36326622067506));
#7931=CARTESIAN_POINT('Origin',(2.07814896492422,-1.80645810592713,2.36326622067506));
#7932=CARTESIAN_POINT('',(1.89224432645519,-1.35320496593798,2.36326622067506));
#7933=CARTESIAN_POINT('Origin',(1.98957184645616,-1.5558051615354,2.36326622067506));
#7934=CARTESIAN_POINT('',(1.82325817165068,-1.4046124137677,2.36326622067506));
#7935=CARTESIAN_POINT('Origin',(1.82325817165068,-1.4046124137677,2.36326622067506));
#7936=CARTESIAN_POINT('',(1.82038656028227,-1.40844838988248,2.36326622067506));
#7937=CARTESIAN_POINT('Origin',(1.98468240428373,-1.51952840173857,2.36326622067506));
#7938=CARTESIAN_POINT('Origin',(2.25657821096657,-1.51405765201321,2.36326622067506));
#7939=CARTESIAN_POINT('',(2.30775845136503,-1.50065245874055,2.36326622067506));
#7940=CARTESIAN_POINT('Origin',(1.97443696301705,-1.52464077644311,2.36326622067506));
#7941=CARTESIAN_POINT('',(1.89825464141498,-1.47960888353594,2.36326622067506));
#7942=CARTESIAN_POINT('Origin',(1.98425772958268,-1.54489029615372,2.36326622067506));
#7943=CARTESIAN_POINT('',(1.9280781631734,-1.45268373279873,2.36326622067506));
#7944=CARTESIAN_POINT('Origin',(2.05612221027463,-1.75709582168398,2.36326622067506));
#7945=CARTESIAN_POINT('',(2.00024984029598,-1.43161114288803,2.36326622067506));
#7946=CARTESIAN_POINT('Origin',(2.08974562756277,-2.05008203020276,2.36326622067506));
#7947=CARTESIAN_POINT('',(2.06624673368825,-1.42561142530911,2.36326622067506));
#7948=CARTESIAN_POINT('Origin',(2.09924518033352,-2.10957922955284,2.36326622067506));
#7949=CARTESIAN_POINT('',(2.17124179135543,-1.42861128410516,2.36326622067506));
#7950=CARTESIAN_POINT('Origin',(2.112159810328,-1.91718162116911,2.36326622067506));
#7951=CARTESIAN_POINT('',(2.23805552987847,-1.4414275643951,2.36326622067506));
#7952=CARTESIAN_POINT('Origin',(2.18793176026773,-1.59502394960582,2.36326622067506));
#7953=CARTESIAN_POINT('',(2.27773003305856,-1.46070897637082,2.36326622067506));
#7954=CARTESIAN_POINT('Origin',(2.27773003305856,-1.46070897637082,2.36326622067506));
#7955=CARTESIAN_POINT('',(2.28890689889886,-1.46937790479171,2.36326622067506));
#7956=CARTESIAN_POINT('Origin',(2.25327292041154,-1.51217612325913,2.36326622067506));
#7957=CARTESIAN_POINT('Origin',(2.13841033351181,-0.678963771980146,2.36));
#7958=CARTESIAN_POINT('',(1.79925930132475,-0.143166924630355,2.36));
#7959=CARTESIAN_POINT('',(2.39323134185621,-0.143166924630355,2.36));
#7960=CARTESIAN_POINT('',(2.26582083768401,-0.143166924630355,2.36));
#7961=CARTESIAN_POINT('',(1.79925930132475,-0.251161841089959,2.36));
#7962=CARTESIAN_POINT('',(1.79925930132475,-0.41106534830525,2.36));
#7963=CARTESIAN_POINT('',(2.39323134185621,-0.25116184108996,2.36));
#7964=CARTESIAN_POINT('',(1.96883481741828,-0.251161841089959,2.36));
#7965=CARTESIAN_POINT('',(2.39323134185621,-0.465062806535053,2.36));
#7966=CARTESIAN_POINT('Origin',(1.79925930132475,-0.251161841089959,2.36326622067506));
#7967=CARTESIAN_POINT('',(1.79925930132475,-0.251161841089959,2.35));
#7968=CARTESIAN_POINT('',(1.79925930132475,-0.251161841089959,2.36326622067506));
#7969=CARTESIAN_POINT('',(2.39323134185621,-0.25116184108996,2.35));
#7970=CARTESIAN_POINT('',(2.33413398220176,-0.25116184108996,2.35));
#7971=CARTESIAN_POINT('',(2.39323134185621,-0.25116184108996,2.36326622067506));
#7972=CARTESIAN_POINT('Origin',(1.79925930132475,-0.143166924630355,2.36326622067506));
#7973=CARTESIAN_POINT('',(1.79925930132475,-0.143166924630355,2.35));
#7974=CARTESIAN_POINT('',(1.79925930132475,-0.143166924630355,2.36326622067506));
#7975=CARTESIAN_POINT('',(1.79925930132475,-0.0534051122479921,2.35));
#7976=CARTESIAN_POINT('Origin',(2.27503662254764,0.144351616593982,2.35));
#7977=CARTESIAN_POINT('',(2.39323134185621,-0.143166924630355,2.35));
#7978=CARTESIAN_POINT('',(2.03714796193603,-0.143166924630354,2.35));
#7979=CARTESIAN_POINT('',(2.39323134185621,0.000592345982139917,2.35));
#7980=CARTESIAN_POINT('Origin',(2.39323134185621,-0.143166924630355,2.36326622067506));
#7981=CARTESIAN_POINT('',(2.39323134185621,-0.143166924630355,2.36326622067506));
#7982=CARTESIAN_POINT('Origin',(2.39323134185621,-0.25116184108996,2.36326622067506));
#7983=CARTESIAN_POINT('Origin',(2.6872175033305,0.77778972407531,2.36326622067506));
#7984=CARTESIAN_POINT('',(2.6872175033305,0.89478421691122,2.36));
#7985=CARTESIAN_POINT('',(2.6872175033305,0.77778972407531,2.36));
#7986=CARTESIAN_POINT('',(2.6872175033305,0.0494129760475816,2.36));
#7987=CARTESIAN_POINT('',(2.6872175033305,0.77778972407531,2.35));
#7988=CARTESIAN_POINT('',(2.6872175033305,0.77778972407531,2.36326622067506));
#7989=CARTESIAN_POINT('',(2.6872175033305,0.89478421691122,2.35));
#7990=CARTESIAN_POINT('',(2.6872175033305,0.519567916752601,2.35));
#7991=CARTESIAN_POINT('',(2.6872175033305,0.89478421691122,2.36326622067506));
#7992=CARTESIAN_POINT('Origin',(2.6872175033305,0.89478421691122,2.36326622067506));
#7993=CARTESIAN_POINT('',(1.79925930132475,0.894784216911222,2.36));
#7994=CARTESIAN_POINT('',(2.41281391842116,0.894784216911221,2.36));
#7995=CARTESIAN_POINT('',(1.79925930132475,0.894784216911222,2.35));
#7996=CARTESIAN_POINT('',(2.03714796193603,0.894784216911222,2.35));
#7997=CARTESIAN_POINT('',(1.79925930132475,0.894784216911222,2.36326622067506));
#7998=CARTESIAN_POINT('Origin',(2.27503662254764,0.144351616593982,2.35));
#7999=CARTESIAN_POINT('',(1.79925930132475,0.777789724075311,2.35));
#8000=CARTESIAN_POINT('',(2.48112706293924,0.77778972407531,2.35));
#8001=CARTESIAN_POINT('',(1.79925930132475,0.461070670334317,2.35));
#8002=CARTESIAN_POINT('Origin',(1.79925930132475,0.894784216911222,2.36326622067506));
#8003=CARTESIAN_POINT('',(1.79925930132475,0.777789724075311,2.36));
#8004=CARTESIAN_POINT('',(1.79925930132475,0.107910222465538,2.36));
#8005=CARTESIAN_POINT('',(1.79925930132475,0.777789724075311,2.36326622067506));
#8006=CARTESIAN_POINT('Origin',(1.79925930132475,0.777789724075311,2.36326622067506));
#8007=CARTESIAN_POINT('',(1.96883481741828,0.777789724075311,2.36));
#8008=CARTESIAN_POINT('Origin',(2.13841033351181,-0.678963771980146,2.36));
#8009=CARTESIAN_POINT('Origin',(2.13841033351181,-0.678963771980146,2.36));
#8010=CARTESIAN_POINT('',(2.57419720740819,-0.126163226309667,2.36));
#8011=CARTESIAN_POINT('Origin',(2.57419720740819,-0.197164382863781,2.36));
#8012=CARTESIAN_POINT('Origin',(2.27503662254764,0.144351616593982,2.35));
#8013=CARTESIAN_POINT('',(2.57419720740819,-0.126163226309643,2.35));
#8014=CARTESIAN_POINT('Origin',(2.57419720740819,-0.197164382863781,2.35));
#8015=CARTESIAN_POINT('Origin',(2.57419720740819,-0.197164382863781,2.36326622067506));
#8016=CARTESIAN_POINT('Origin',(2.25015824226106,0.395484189029876,2.36326622067506));
#8017=CARTESIAN_POINT('',(2.3362340248353,0.519801868086466,2.36));
#8018=CARTESIAN_POINT('',(2.39923105943843,0.420806527995252,2.36));
#8019=CARTESIAN_POINT('Origin',(2.25015824226106,0.395484189029876,2.36));
#8020=CARTESIAN_POINT('',(2.39923105943843,0.420806527995252,2.35));
#8021=CARTESIAN_POINT('',(2.39923105943843,0.420806527995252,2.36326622067506));
#8022=CARTESIAN_POINT('',(2.3362340248353,0.519801868086466,2.35));
#8023=CARTESIAN_POINT('Origin',(2.25015824226106,0.395484189029876,2.35));
#8024=CARTESIAN_POINT('',(2.3362340248353,0.519801868086466,2.36326622067506));
#8025=CARTESIAN_POINT('Origin',(2.25005107427942,0.389710545319407,2.36326622067506));
#8026=CARTESIAN_POINT('',(2.39464855712026,0.341614848352777,2.36));
#8027=CARTESIAN_POINT('Origin',(2.25005107427942,0.389710545319407,2.36));
#8028=CARTESIAN_POINT('',(2.39464855712026,0.341614848352777,2.35));
#8029=CARTESIAN_POINT('',(2.39464855712026,0.341614848352777,2.36326622067506));
#8030=CARTESIAN_POINT('Origin',(2.25005107427942,0.389710545319407,2.35));
#8031=CARTESIAN_POINT('Origin',(2.29586831052006,0.374441754282422,2.36326622067506));
#8032=CARTESIAN_POINT('',(2.33923388362509,0.279813164835062,2.36));
#8033=CARTESIAN_POINT('Origin',(2.29586831052006,0.374441754282422,2.36));
#8034=CARTESIAN_POINT('',(2.33923388362509,0.279813164835062,2.35));
#8035=CARTESIAN_POINT('',(2.33923388362509,0.279813164835062,2.36326622067506));
#8036=CARTESIAN_POINT('Origin',(2.29586831052006,0.374441754282422,2.35));
#8037=CARTESIAN_POINT('Origin',(2.28446669091324,0.370772149528366,2.36326622067506));
#8038=CARTESIAN_POINT('',(2.27769723883315,0.264813870887737,2.36));
#8039=CARTESIAN_POINT('Origin',(2.28446669091324,0.370772149528366,2.36));
#8040=CARTESIAN_POINT('',(2.27769723883315,0.264813870887737,2.35));
#8041=CARTESIAN_POINT('',(2.27769723883315,0.264813870887737,2.36326622067506));
#8042=CARTESIAN_POINT('Origin',(2.28446669091324,0.370772149528366,2.35));
#8043=CARTESIAN_POINT('Origin',(1.79925930132475,0.264813870887737,2.36326622067506));
#8044=CARTESIAN_POINT('',(1.79925930132475,0.264813870887737,2.36));
#8045=CARTESIAN_POINT('',(1.96883481741828,0.264813870887737,2.36));
#8046=CARTESIAN_POINT('',(1.79925930132475,0.264813870887737,2.35));
#8047=CARTESIAN_POINT('',(1.79925930132475,0.264813870887737,2.36326622067506));
#8048=CARTESIAN_POINT('',(2.27636693069056,0.264813870887737,2.35));
#8049=CARTESIAN_POINT('Origin',(1.79925930132475,0.372808787348004,2.36326622067506));
#8050=CARTESIAN_POINT('',(1.79925930132475,0.372808787348004,2.36));
#8051=CARTESIAN_POINT('',(1.79925930132475,-0.15307749231607,2.36));
#8052=CARTESIAN_POINT('',(1.79925930132475,0.372808787348004,2.35));
#8053=CARTESIAN_POINT('',(1.79925930132475,0.372808787348004,2.36326622067506));
#8054=CARTESIAN_POINT('',(1.79925930132475,0.204582743740204,2.35));
#8055=CARTESIAN_POINT('Origin',(2.21923953200729,0.372808787348004,2.36326622067506));
#8056=CARTESIAN_POINT('',(2.21923953200729,0.372808787348004,2.36));
#8057=CARTESIAN_POINT('',(2.17882493275955,0.372808787348004,2.36));
#8058=CARTESIAN_POINT('',(2.21923953200729,0.372808787348004,2.35));
#8059=CARTESIAN_POINT('',(2.21923953200729,0.372808787348004,2.36326622067506));
#8060=CARTESIAN_POINT('',(2.03714796193603,0.372808787348004,2.35));
#8061=CARTESIAN_POINT('Origin',(2.3362340248353,0.519801868086466,2.36326622067506));
#8062=CARTESIAN_POINT('',(2.39323134185621,0.519801868086466,2.36));
#8063=CARTESIAN_POINT('',(2.23732217917355,0.519801868086466,2.36));
#8064=CARTESIAN_POINT('',(2.39323134185621,0.519801868086466,2.35));
#8065=CARTESIAN_POINT('',(2.33413398220176,0.519801868086466,2.35));
#8066=CARTESIAN_POINT('',(2.39323134185621,0.519801868086466,2.36326622067506));
#8067=CARTESIAN_POINT('Origin',(2.27503662254764,0.144351616593982,2.35));
#8068=CARTESIAN_POINT('',(2.28223656661307,0.387808081295987,2.35));
#8069=CARTESIAN_POINT('Origin',(2.2221030335925,0.500575500380589,2.35));
#8070=CARTESIAN_POINT('',(2.29723586056105,0.478942345988733,2.35));
#8071=CARTESIAN_POINT('Origin',(2.22439172270448,0.444129908706551,2.35));
#8072=CARTESIAN_POINT('',(2.23423882595857,0.516802009297663,2.35));
#8073=CARTESIAN_POINT('Origin',(2.23573875535001,0.447955672438245,2.35));
#8074=CARTESIAN_POINT('',(1.79925930132475,0.516802009297663,2.35));
#8075=CARTESIAN_POINT('',(2.25463772425327,0.516802009297663,2.35));
#8076=CARTESIAN_POINT('',(1.79925930132475,0.627796784546729,2.35));
#8077=CARTESIAN_POINT('',(1.79925930132475,0.33057681294516,2.35));
#8078=CARTESIAN_POINT('',(2.39323134185621,0.627796784546729,2.35));
#8079=CARTESIAN_POINT('',(2.03714796193603,0.627796784546729,2.35));
#8080=CARTESIAN_POINT('',(2.39323134185621,0.386074200570024,2.35));
#8081=CARTESIAN_POINT('Origin',(2.39323134185621,0.519801868086466,2.36326622067506));
#8082=CARTESIAN_POINT('',(2.39323134185621,0.627796784546729,2.36));
#8083=CARTESIAN_POINT('',(2.39323134185621,-0.0795809519468399,2.36));
#8084=CARTESIAN_POINT('',(2.39323134185621,0.627796784546729,2.36326622067506));
#8085=CARTESIAN_POINT('Origin',(2.39323134185621,0.627796784546729,2.36326622067506));
#8086=CARTESIAN_POINT('',(1.79925930132475,0.627796784546729,2.36));
#8087=CARTESIAN_POINT('',(2.26582083768401,0.627796784546729,2.36));
#8088=CARTESIAN_POINT('',(1.79925930132475,0.627796784546729,2.36326622067506));
#8089=CARTESIAN_POINT('Origin',(1.79925930132475,0.627796784546729,2.36326622067506));
#8090=CARTESIAN_POINT('',(1.79925930132475,0.516802009297663,2.36));
#8091=CARTESIAN_POINT('',(1.79925930132475,-0.0255834937167079,2.36));
#8092=CARTESIAN_POINT('',(1.79925930132475,0.516802009297663,2.36326622067506));
#8093=CARTESIAN_POINT('Origin',(1.79925930132475,0.516802009297663,2.36326622067506));
#8094=CARTESIAN_POINT('',(2.23423882595857,0.516802009297663,2.36));
#8095=CARTESIAN_POINT('',(1.96883481741828,0.516802009297663,2.36));
#8096=CARTESIAN_POINT('',(2.23423882595857,0.516802009297663,2.36326622067506));
#8097=CARTESIAN_POINT('Origin',(2.23573875535001,0.447955672438245,2.36326622067506));
#8098=CARTESIAN_POINT('',(2.29723586056105,0.478942345988733,2.36));
#8099=CARTESIAN_POINT('Origin',(2.23573875535001,0.447955672438245,2.36));
#8100=CARTESIAN_POINT('',(2.29723586056105,0.478942345988733,2.36326622067506));
#8101=CARTESIAN_POINT('Origin',(2.22439172270448,0.444129908706551,2.36326622067506));
#8102=CARTESIAN_POINT('',(2.28223656661307,0.387808081295987,2.36));
#8103=CARTESIAN_POINT('Origin',(2.22439172270448,0.444129908706551,2.36));
#8104=CARTESIAN_POINT('',(2.28223656661307,0.387808081295987,2.36326622067506));
#8105=CARTESIAN_POINT('Origin',(2.2221030335925,0.500575500380589,2.36326622067506));
#8106=CARTESIAN_POINT('Origin',(2.2221030335925,0.500575500380589,2.36));
#8107=CARTESIAN_POINT('Origin',(2.13841033351181,-0.678963771980146,2.36));
#8108=CARTESIAN_POINT('Origin',(2.13841033351181,-0.678963771980146,2.36));
#8109=CARTESIAN_POINT('',(2.39323134185621,-0.497150261920288,2.36));
#8110=CARTESIAN_POINT('',(2.3362340248353,-0.497150261920288,2.36));
#8111=CARTESIAN_POINT('',(2.23732217917355,-0.497150261920287,2.36));
#8112=CARTESIAN_POINT('',(2.39323134185621,-0.389155345452779,2.36));
#8113=CARTESIAN_POINT('',(2.39323134185621,-0.588057016950217,2.36));
#8114=CARTESIAN_POINT('',(1.79925930132475,-0.389155345452778,2.36));
#8115=CARTESIAN_POINT('',(2.26582083768401,-0.389155345452779,2.36));
#8116=CARTESIAN_POINT('',(1.79925930132475,-0.500150120710411,2.36));
#8117=CARTESIAN_POINT('',(1.79925930132475,-0.534059558716462,2.36));
#8118=CARTESIAN_POINT('',(2.23423882595857,-0.500150120710412,2.36));
#8119=CARTESIAN_POINT('',(1.96883481741828,-0.500150120710411,2.36));
#8120=CARTESIAN_POINT('',(2.29723586055743,-0.53800978401143,2.36));
#8121=CARTESIAN_POINT('Origin',(2.2357387553533,-0.568996457562579,2.36));
#8122=CARTESIAN_POINT('',(2.28223656661307,-0.629144048711425,2.36));
#8123=CARTESIAN_POINT('Origin',(2.22439172269657,-0.572822221300199,2.36));
#8124=CARTESIAN_POINT('',(2.21923953200729,-0.64414334265941,2.36));
#8125=CARTESIAN_POINT('Origin',(2.2221030335925,-0.516376629626826,2.36));
#8126=CARTESIAN_POINT('',(1.79925930132475,-0.64414334265941,2.36));
#8127=CARTESIAN_POINT('',(2.17882493275955,-0.64414334265941,2.36));
#8128=CARTESIAN_POINT('',(1.79925930132475,-0.752138259113086,2.36));
#8129=CARTESIAN_POINT('',(1.79925930132475,-0.661553557319777,2.36));
#8130=CARTESIAN_POINT('',(2.27769723883315,-0.752138259113086,2.36));
#8131=CARTESIAN_POINT('',(1.96883481741828,-0.752138259113086,2.36));
#8132=CARTESIAN_POINT('',(2.33923388362509,-0.737138965165101,2.36));
#8133=CARTESIAN_POINT('Origin',(2.28446669091224,-0.646179980472454,2.36));
#8134=CARTESIAN_POINT('',(2.39464855712487,-0.675337281661226,2.36));
#8135=CARTESIAN_POINT('Origin',(2.29586831053685,-0.642510375721034,2.36));
#8136=CARTESIAN_POINT('',(2.39923105943843,-0.596145602004914,2.36));
#8137=CARTESIAN_POINT('Origin',(2.25005107425604,-0.627241584693935,2.36));
#8138=CARTESIAN_POINT('Origin',(2.25015824226929,-0.62146794097358,2.36));
#8139=CARTESIAN_POINT('Origin',(2.2221030335925,-0.516376629626826,2.36326622067506));
#8140=CARTESIAN_POINT('',(2.28223656661307,-0.629144048711425,2.35));
#8141=CARTESIAN_POINT('',(2.28223656661307,-0.629144048711425,2.36326622067506));
#8142=CARTESIAN_POINT('',(2.21923953200729,-0.64414334265941,2.35));
#8143=CARTESIAN_POINT('Origin',(2.2221030335925,-0.516376629626826,2.35));
#8144=CARTESIAN_POINT('',(2.21923953200729,-0.64414334265941,2.36326622067506));
#8145=CARTESIAN_POINT('Origin',(2.22439172269657,-0.572822221300199,2.36326622067506));
#8146=CARTESIAN_POINT('',(2.29723586055743,-0.53800978401143,2.35));
#8147=CARTESIAN_POINT('',(2.29723586055743,-0.53800978401143,2.36326622067506));
#8148=CARTESIAN_POINT('Origin',(2.22439172269657,-0.572822221300199,2.35));
#8149=CARTESIAN_POINT('Origin',(2.2357387553533,-0.568996457562579,2.36326622067506));
#8150=CARTESIAN_POINT('',(2.23423882595857,-0.500150120710412,2.35));
#8151=CARTESIAN_POINT('',(2.23423882595857,-0.500150120710412,2.36326622067506));
#8152=CARTESIAN_POINT('Origin',(2.2357387553533,-0.568996457562579,2.35));
#8153=CARTESIAN_POINT('Origin',(1.79925930132475,-0.500150120710411,2.36326622067506));
#8154=CARTESIAN_POINT('',(1.79925930132475,-0.500150120710411,2.35));
#8155=CARTESIAN_POINT('',(1.79925930132475,-0.500150120710411,2.36326622067506));
#8156=CARTESIAN_POINT('',(2.25463772425327,-0.500150120710412,2.35));
#8157=CARTESIAN_POINT('Origin',(1.79925930132475,-0.389155345452778,2.36326622067506));
#8158=CARTESIAN_POINT('',(1.79925930132475,-0.389155345452778,2.35));
#8159=CARTESIAN_POINT('',(1.79925930132475,-0.389155345452778,2.36326622067506));
#8160=CARTESIAN_POINT('',(1.79925930132475,-0.177899252058214,2.35));
#8161=CARTESIAN_POINT('Origin',(2.39323134185621,-0.389155345452779,2.36326622067506));
#8162=CARTESIAN_POINT('',(2.39323134185621,-0.389155345452779,2.35));
#8163=CARTESIAN_POINT('',(2.39323134185621,-0.389155345452779,2.36326622067506));
#8164=CARTESIAN_POINT('',(2.03714796193603,-0.389155345452778,2.35));
#8165=CARTESIAN_POINT('Origin',(2.39323134185621,-0.497150261920288,2.36326622067506));
#8166=CARTESIAN_POINT('',(2.39323134185621,-0.497150261920288,2.35));
#8167=CARTESIAN_POINT('',(2.39323134185621,-0.497150261920288,2.36326622067506));
#8168=CARTESIAN_POINT('',(2.39323134185621,-0.122401864430062,2.35));
#8169=CARTESIAN_POINT('Origin',(2.27503662254764,0.144351616593982,2.35));
#8170=CARTESIAN_POINT('',(2.3362340248353,-0.497150261920288,2.35));
#8171=CARTESIAN_POINT('',(2.33413398220176,-0.497150261920288,2.35));
#8172=CARTESIAN_POINT('',(2.39923105943843,-0.596145602004914,2.35));
#8173=CARTESIAN_POINT('Origin',(2.25015824226929,-0.62146794097358,2.35));
#8174=CARTESIAN_POINT('',(2.39464855712487,-0.675337281661226,2.35));
#8175=CARTESIAN_POINT('Origin',(2.25005107425604,-0.627241584693935,2.35));
#8176=CARTESIAN_POINT('',(2.33923388362509,-0.737138965165101,2.35));
#8177=CARTESIAN_POINT('Origin',(2.29586831053685,-0.642510375721034,2.35));
#8178=CARTESIAN_POINT('',(2.27769723883315,-0.752138259113086,2.35));
#8179=CARTESIAN_POINT('Origin',(2.28446669091224,-0.646179980472454,2.35));
#8180=CARTESIAN_POINT('',(1.79925930132475,-0.752138259113086,2.35));
#8181=CARTESIAN_POINT('',(2.27636693069056,-0.752138259113086,2.35));
#8182=CARTESIAN_POINT('',(1.79925930132475,-0.64414334265941,2.35));
#8183=CARTESIAN_POINT('',(1.79925930132475,-0.30389332125988,2.35));
#8184=CARTESIAN_POINT('',(2.03714796193603,-0.64414334265941,2.35));
#8185=CARTESIAN_POINT('Origin',(2.3362340248353,-0.497150261920288,2.36326622067506));
#8186=CARTESIAN_POINT('',(2.3362340248353,-0.497150261920288,2.36326622067506));
#8187=CARTESIAN_POINT('Origin',(2.21923953200729,-0.64414334265941,2.36326622067506));
#8188=CARTESIAN_POINT('',(1.79925930132475,-0.64414334265941,2.36326622067506));
#8189=CARTESIAN_POINT('Origin',(1.79925930132475,-0.64414334265941,2.36326622067506));
#8190=CARTESIAN_POINT('',(1.79925930132475,-0.752138259113086,2.36326622067506));
#8191=CARTESIAN_POINT('Origin',(1.79925930132475,-0.752138259113086,2.36326622067506));
#8192=CARTESIAN_POINT('',(2.27769723883315,-0.752138259113086,2.36326622067506));
#8193=CARTESIAN_POINT('Origin',(2.28446669091224,-0.646179980472454,2.36326622067506));
#8194=CARTESIAN_POINT('',(2.33923388362509,-0.737138965165101,2.36326622067506));
#8195=CARTESIAN_POINT('Origin',(2.29586831053685,-0.642510375721034,2.36326622067506));
#8196=CARTESIAN_POINT('',(2.39464855712487,-0.675337281661226,2.36326622067506));
#8197=CARTESIAN_POINT('Origin',(2.25005107425604,-0.627241584693935,2.36326622067506));
#8198=CARTESIAN_POINT('',(2.39923105943843,-0.596145602004914,2.36326622067506));
#8199=CARTESIAN_POINT('Origin',(2.25015824226929,-0.62146794097358,2.36326622067506));
#8200=CARTESIAN_POINT('Origin',(2.61939460891332,0.123820507734133,2.36326622067506));
#8201=CARTESIAN_POINT('',(2.39323134185621,0.123820507734133,2.36));
#8202=CARTESIAN_POINT('',(2.61939460891332,0.123820507734133,2.36));
#8203=CARTESIAN_POINT('',(2.37890247121257,0.123820507734133,2.36));
#8204=CARTESIAN_POINT('',(2.61939460891332,0.123820507734133,2.35));
#8205=CARTESIAN_POINT('',(2.61939460891332,0.123820507734133,2.36326622067506));
#8206=CARTESIAN_POINT('',(2.39323134185621,0.123820507734133,2.35));
#8207=CARTESIAN_POINT('',(2.44212889866565,0.123820507734133,2.35));
#8208=CARTESIAN_POINT('',(2.39323134185621,0.123820507734133,2.36326622067506));
#8209=CARTESIAN_POINT('Origin',(2.62030760943763,-0.0178902129643574,2.36326622067506));
#8210=CARTESIAN_POINT('',(2.71121637366071,0.0908220610348682,2.36));
#8211=CARTESIAN_POINT('Origin',(2.62030760943763,-0.0178902129643574,2.36));
#8212=CARTESIAN_POINT('',(2.71121637366071,0.0908220610348682,2.35));
#8213=CARTESIAN_POINT('',(2.71121637366071,0.0908220610348682,2.36326622067506));
#8214=CARTESIAN_POINT('Origin',(2.62030760943763,-0.0178902129643574,2.35));
#8215=CARTESIAN_POINT('Origin',(2.6239651665807,-0.00897111031787089,2.36326622067506));
#8216=CARTESIAN_POINT('',(2.7374415616377,0.0595457339660645,2.36));
#8217=CARTESIAN_POINT('Origin',(2.6239651665807,-0.00897111031787089,2.36));
#8218=CARTESIAN_POINT('',(2.7374415616377,0.0595457339660645,2.35));
#8219=CARTESIAN_POINT('',(2.7374415616377,0.0595457339660645,2.36326622067506));
#8220=CARTESIAN_POINT('Origin',(2.6239651665807,-0.00897111031787089,2.35));
#8221=CARTESIAN_POINT('Origin',(2.61623544032687,-0.00760016244549509,2.36326622067506));
#8222=CARTESIAN_POINT('',(2.75479324807302,-0.00870883764351901,2.36));
#8223=CARTESIAN_POINT('Origin',(2.61623544032687,-0.00760016244549509,2.36));
#8224=CARTESIAN_POINT('',(2.75479324807302,-0.00870883764351901,2.35));
#8225=CARTESIAN_POINT('',(2.75479324807302,-0.00870883764351901,2.36326622067506));
#8226=CARTESIAN_POINT('Origin',(2.61623544032687,-0.00760016244549509,2.35));
#8227=CARTESIAN_POINT('Origin',(2.55801199897214,0.00270468197087076,2.36326622067506));
#8228=CARTESIAN_POINT('',(2.73821510276754,-0.0771700312377497,2.36));
#8229=CARTESIAN_POINT('Origin',(2.55801199897214,0.00270468197087076,2.36));
#8230=CARTESIAN_POINT('',(2.73821510276754,-0.0771700312377497,2.35));
#8231=CARTESIAN_POINT('',(2.73821510276754,-0.0771700312377497,2.36326622067506));
#8232=CARTESIAN_POINT('Origin',(2.55801199897214,0.00270468197087076,2.35));
#8233=CARTESIAN_POINT('Origin',(2.63921976268193,-0.0771700312377497,2.36326622067506));
#8234=CARTESIAN_POINT('',(2.63921976268193,-0.0771700312377497,2.36));
#8235=CARTESIAN_POINT('',(2.38881504809687,-0.0771700312377493,2.36));
#8236=CARTESIAN_POINT('',(2.63921976268193,-0.0771700312377497,2.35));
#8237=CARTESIAN_POINT('',(2.63921976268193,-0.0771700312377497,2.36326622067506));
#8238=CARTESIAN_POINT('',(2.50662586265759,-0.0771700312377496,2.35));
#8239=CARTESIAN_POINT('Origin',(2.5531758944478,-0.0343950820978604,2.36326622067506));
#8240=CARTESIAN_POINT('',(2.64926252161674,-0.0336181560598836,2.36));
#8241=CARTESIAN_POINT('Origin',(2.5531758944478,-0.0343950820978604,2.36));
#8242=CARTESIAN_POINT('',(2.64926252161674,-0.0336181560598836,2.35));
#8243=CARTESIAN_POINT('',(2.64926252161674,-0.0336181560598836,2.36326622067506));
#8244=CARTESIAN_POINT('Origin',(2.5531758944478,-0.0343950820978604,2.35));
#8245=CARTESIAN_POINT('Origin',(2.60333285204386,-0.0324270157315658,2.36326622067506));
#8246=CARTESIAN_POINT('',(2.6242204687346,0.00849560431320052,2.36));
#8247=CARTESIAN_POINT('Origin',(2.60333285204386,-0.0324270157315658,2.36));
#8248=CARTESIAN_POINT('',(2.6242204687346,0.00849560431320052,2.35));
#8249=CARTESIAN_POINT('',(2.6242204687346,0.00849560431320052,2.36326622067506));
#8250=CARTESIAN_POINT('Origin',(2.60333285204386,-0.0324270157315658,2.35));
#8251=CARTESIAN_POINT('Origin',(2.60172152779912,-0.0475307448616778,2.36326622067506));
#8252=CARTESIAN_POINT('',(2.60022159840406,0.0128257324778178,2.36));
#8253=CARTESIAN_POINT('Origin',(2.60172152779912,-0.0475307448616778,2.36));
#8254=CARTESIAN_POINT('',(2.60022159840406,0.0128257324778178,2.35));
#8255=CARTESIAN_POINT('',(2.60022159840406,0.0128257324778178,2.36326622067506));
#8256=CARTESIAN_POINT('Origin',(2.60172152779912,-0.0475307448616778,2.35));
#8257=CARTESIAN_POINT('Origin',(2.39323134185621,0.123820507734133,2.36326622067506));
#8258=CARTESIAN_POINT('',(2.39323134185621,0.183817683540564,2.36));
#8259=CARTESIAN_POINT('',(2.39323134185621,-0.277571632123006,2.36));
#8260=CARTESIAN_POINT('',(2.39323134185621,0.183817683540564,2.35));
#8261=CARTESIAN_POINT('',(2.39323134185621,0.164084650067269,2.35));
#8262=CARTESIAN_POINT('',(2.39323134185621,0.183817683540564,2.36326622067506));
#8263=CARTESIAN_POINT('Origin',(2.27503662254764,0.144351616593982,2.35));
#8264=CARTESIAN_POINT('',(2.39323134185621,0.012825732477818,2.35));
#8265=CARTESIAN_POINT('',(2.43612918108606,0.012825732477818,2.35));
#8266=CARTESIAN_POINT('',(2.39323134185621,-0.0711703136581616,2.35));
#8267=CARTESIAN_POINT('',(2.39323134185621,0.0785886745358983,2.35));
#8268=CARTESIAN_POINT('',(2.30923529572286,-0.0711703136581615,2.35));
#8269=CARTESIAN_POINT('',(2.33413398220176,-0.0711703136581616,2.35));
#8270=CARTESIAN_POINT('',(2.30923529572286,0.0128257324778181,2.35));
#8271=CARTESIAN_POINT('',(2.30923529572286,0.0365906514675837,2.35));
#8272=CARTESIAN_POINT('',(1.79925930132475,0.0128257324778184,2.35));
#8273=CARTESIAN_POINT('',(2.29213595913542,0.0128257324778181,2.35));
#8274=CARTESIAN_POINT('',(1.79925930132475,0.123820507734134,2.35));
#8275=CARTESIAN_POINT('',(1.79925930132475,0.0785886745358987,2.35));
#8276=CARTESIAN_POINT('',(2.30923529572286,0.123820507734134,2.35));
#8277=CARTESIAN_POINT('',(2.03714796193603,0.123820507734134,2.35));
#8278=CARTESIAN_POINT('',(2.30923529572286,0.183817683540564,2.35));
#8279=CARTESIAN_POINT('',(2.30923529572286,0.134086062164055,2.35));
#8280=CARTESIAN_POINT('',(2.29213595913542,0.183817683540564,2.35));
#8281=CARTESIAN_POINT('Origin',(2.39323134185621,0.183817683540564,2.36326622067506));
#8282=CARTESIAN_POINT('',(2.30923529572286,0.183817683540564,2.36));
#8283=CARTESIAN_POINT('',(2.26582083768401,0.183817683540565,2.36));
#8284=CARTESIAN_POINT('',(2.30923529572286,0.183817683540564,2.36326622067506));
#8285=CARTESIAN_POINT('Origin',(2.30923529572286,0.183817683540564,2.36326622067506));
#8286=CARTESIAN_POINT('',(2.30923529572286,0.123820507734134,2.36));
#8287=CARTESIAN_POINT('',(2.30923529572286,-0.247573044219791,2.36));
#8288=CARTESIAN_POINT('',(2.30923529572286,0.123820507734134,2.36326622067506));
#8289=CARTESIAN_POINT('Origin',(2.30923529572286,0.123820507734134,2.36326622067506));
#8290=CARTESIAN_POINT('',(1.79925930132475,0.123820507734134,2.36));
#8291=CARTESIAN_POINT('',(2.22382281461734,0.123820507734134,2.36));
#8292=CARTESIAN_POINT('',(1.79925930132475,0.123820507734134,2.36326622067506));
#8293=CARTESIAN_POINT('Origin',(1.79925930132475,0.123820507734134,2.36326622067506));
#8294=CARTESIAN_POINT('',(1.79925930132475,0.0128257324778184,2.36));
#8295=CARTESIAN_POINT('',(1.79925930132475,-0.277571632123006,2.36));
#8296=CARTESIAN_POINT('',(1.79925930132475,0.0128257324778184,2.36326622067506));
#8297=CARTESIAN_POINT('Origin',(1.79925930132475,0.0128257324778184,2.36326622067506));
#8298=CARTESIAN_POINT('',(2.30923529572286,0.0128257324778181,2.36));
#8299=CARTESIAN_POINT('',(1.96883481741828,0.0128257324778181,2.36));
#8300=CARTESIAN_POINT('',(2.30923529572286,0.0128257324778181,2.36326622067506));
#8301=CARTESIAN_POINT('Origin',(2.30923529572286,0.0128257324778181,2.36326622067506));
#8302=CARTESIAN_POINT('',(2.30923529572286,-0.0711703136581615,2.36));
#8303=CARTESIAN_POINT('',(2.30923529572286,-0.333069019751164,2.36));
#8304=CARTESIAN_POINT('',(2.30923529572286,-0.0711703136581615,2.36326622067506));
#8305=CARTESIAN_POINT('Origin',(2.30923529572286,-0.0711703136581615,2.36326622067506));
#8306=CARTESIAN_POINT('',(2.39323134185621,-0.0711703136581616,2.36));
#8307=CARTESIAN_POINT('',(2.22382281461734,-0.0711703136581614,2.36));
#8308=CARTESIAN_POINT('',(2.39323134185621,-0.0711703136581616,2.36326622067506));
#8309=CARTESIAN_POINT('Origin',(2.39323134185621,-0.0711703136581616,2.36326622067506));
#8310=CARTESIAN_POINT('',(2.39323134185621,0.012825732477818,2.36));
#8311=CARTESIAN_POINT('',(2.39323134185621,-0.375067042819154,2.36));
#8312=CARTESIAN_POINT('',(2.39323134185621,0.012825732477818,2.36326622067506));
#8313=CARTESIAN_POINT('Origin',(2.39323134185621,0.012825732477818,2.36326622067506));
#8314=CARTESIAN_POINT('',(2.26582083768401,0.0128257324778182,2.36));
#8315=CARTESIAN_POINT('Origin',(2.13841033351181,-0.678963771980146,2.36));
#8316=CARTESIAN_POINT('Origin',(2.13841033351181,-0.678963771980146,2.36));
#8317=CARTESIAN_POINT('',(1.9106674605284,-1.10428991772575,2.36));
#8318=CARTESIAN_POINT('',(1.99660789353494,-1.12464794383325,2.36));
#8319=CARTESIAN_POINT('Origin',(1.99111559778311,-0.956257681830814,2.36));
#8320=CARTESIAN_POINT('',(1.89719612132243,-1.0915643527304,2.36));
#8321=CARTESIAN_POINT('Origin',(1.93570554907074,-1.0642912947684,2.36));
#8322=CARTESIAN_POINT('',(1.88625520625316,-1.01612583268087,2.36));
#8323=CARTESIAN_POINT('Origin',(1.94966131251815,-1.04544263449395,2.36));
#8324=CARTESIAN_POINT('',(1.92389266275342,-0.978488376187535,2.36));
#8325=CARTESIAN_POINT('Origin',(1.95591241982448,-1.04814558976544,2.36));
#8326=CARTESIAN_POINT('',(1.98225068755161,-0.962128374454028,2.36));
#8327=CARTESIAN_POINT('Origin',(2.00558412146159,-1.15762636546034,2.36));
#8328=CARTESIAN_POINT('',(2.07524631006027,-0.959128515664564,2.36));
#8329=CARTESIAN_POINT('Origin',(2.07699208161013,-2.45617951162037,2.36));
#8330=CARTESIAN_POINT('',(2.07524631006027,-1.2321156656014,2.36));
#8331=CARTESIAN_POINT('',(2.07524631006027,-0.819046143822355,2.36));
#8332=CARTESIAN_POINT('',(2.12924376829074,-1.2321156656014,2.36));
#8333=CARTESIAN_POINT('',(2.10682832178604,-1.2321156656014,2.36));
#8334=CARTESIAN_POINT('',(2.26723727266047,-1.21711637165275,2.36));
#8335=CARTESIAN_POINT('Origin',(2.12360117677308,-0.537934056409048,2.36));
#8336=CARTESIAN_POINT('',(2.35423317758657,-1.17511834858443,2.36));
#8337=CARTESIAN_POINT('Origin',(2.22182451672005,-1.01194517841373,2.36));
#8338=CARTESIAN_POINT('',(2.39813577495199,-1.10312173760698,2.36));
#8339=CARTESIAN_POINT('Origin',(2.23789208914265,-1.05479114333295,2.36));
#8340=CARTESIAN_POINT('',(2.40223091823416,-0.998126679942764,2.36));
#8341=CARTESIAN_POINT('Origin',(2.20300826977473,-1.04293374972682,2.36));
#8342=CARTESIAN_POINT('',(2.3288271143384,-0.901083604015288,2.36));
#8343=CARTESIAN_POINT('Origin',(2.24132339005209,-1.04355481684794,2.36));
#8344=CARTESIAN_POINT('',(2.19143960254666,-0.860133175566107,2.36));
#8345=CARTESIAN_POINT('Origin',(2.15251784999945,-1.24165533105545,2.36));
#8346=CARTESIAN_POINT('',(2.09924518038423,-0.854133457993765,2.36));
#8347=CARTESIAN_POINT('Origin',(2.09474539224712,-1.63463009846249,2.36));
#8348=CARTESIAN_POINT('',(1.88625520625316,-0.887131904699614,2.36));
#8349=CARTESIAN_POINT('Origin',(2.0750475242577,-1.40182454454426,2.36));
#8350=CARTESIAN_POINT('',(1.84622183968728,-0.912165977310598,2.36));
#8351=CARTESIAN_POINT('Origin',(2.10876110773744,-1.28748018550524,2.36));
#8352=CARTESIAN_POINT('',(1.80691699693248,-0.958812418414886,2.36));
#8353=CARTESIAN_POINT('Origin',(1.94937125078409,-1.03896347374534,2.36));
#8354=CARTESIAN_POINT('',(1.78725986616525,-1.02512540906309,2.36));
#8355=CARTESIAN_POINT('Origin',(1.99394767168377,-1.05032381204691,2.36));
#8356=CARTESIAN_POINT('',(1.80225916012343,-1.12712060793718,2.36));
#8357=CARTESIAN_POINT('Origin',(1.97459315326977,-1.04967688494096,2.36));
#8358=CARTESIAN_POINT('',(1.82532356420193,-1.16262719855416,2.36));
#8359=CARTESIAN_POINT('Origin',(1.95839302266202,-1.05094342243908,2.36));
#8360=CARTESIAN_POINT('',(1.83825746560229,-1.17511834858443,2.36));
#8361=CARTESIAN_POINT('',(1.7854779294622,-1.1241455535836,2.36));
#8362=CARTESIAN_POINT('',(1.97087999329852,-1.22611594802839,2.36));
#8363=CARTESIAN_POINT('Origin',(1.97904764172419,-1.00692996077624,2.36));
#8364=CARTESIAN_POINT('',(1.9972499814996,-1.22611594802839,2.36));
#8365=CARTESIAN_POINT('',(2.05464516340517,-1.22611594802839,2.36));
#8366=CARTESIAN_POINT('',(1.9972499814996,-1.12469731268208,2.36));
#8367=CARTESIAN_POINT('',(1.9972499814996,-0.952539860004268,2.36));
#8368=CARTESIAN_POINT('',(2.05038028822414,-1.12878239459693,2.36));
#8369=CARTESIAN_POINT('',(2.31647756725056,-1.03888950000715,2.36));
#8370=CARTESIAN_POINT('',(2.29723586056335,-0.995126821153293,2.36));
#8371=CARTESIAN_POINT('Origin',(2.25276848679459,-1.04078983547453,2.36));
#8372=CARTESIAN_POINT('',(2.30449039577225,-1.08814700493584,2.36));
#8373=CARTESIAN_POINT('Origin',(2.23233876120101,-1.04450104570963,2.36));
#8374=CARTESIAN_POINT('',(2.27629352427317,-1.11094533147208,2.36));
#8375=CARTESIAN_POINT('Origin',(2.25177960573007,-1.05179057568275,2.36));
#8376=CARTESIAN_POINT('',(2.20724009684779,-1.12412074914772,2.36));
#8377=CARTESIAN_POINT('Origin',(2.21014532011031,-0.951802256711662,2.36));
#8378=CARTESIAN_POINT('',(2.16224221498308,-1.12412074914772,2.36));
#8379=CARTESIAN_POINT('',(2.1728252151798,-1.12412074914772,2.36));
#8380=CARTESIAN_POINT('',(2.16224221498308,-0.959128515664564,2.36));
#8381=CARTESIAN_POINT('',(2.16224221498308,-0.901542260563933,2.36));
#8382=CARTESIAN_POINT('',(2.24023854354046,-0.965128233250079,2.36));
#8383=CARTESIAN_POINT('Origin',(2.18136631474501,-1.22049121279996,2.36));
#8384=CARTESIAN_POINT('Origin',(2.22707249663674,-1.05929046751118,2.36));
#8385=CARTESIAN_POINT('Origin',(2.20724009684779,-1.12412074914772,2.36326622067506));
#8386=CARTESIAN_POINT('',(2.20724009684779,-1.12412074914772,2.35));
#8387=CARTESIAN_POINT('',(2.20724009684779,-1.12412074914772,2.36326622067506));
#8388=CARTESIAN_POINT('',(2.16224221498308,-1.12412074914772,2.35));
#8389=CARTESIAN_POINT('',(2.24113835969772,-1.12412074914772,2.35));
#8390=CARTESIAN_POINT('',(2.16224221498308,-1.12412074914772,2.36326622067506));
#8391=CARTESIAN_POINT('Origin',(2.21014532011031,-0.951802256711662,2.36326622067506));
#8392=CARTESIAN_POINT('',(2.27629352427317,-1.11094533147208,2.35));
#8393=CARTESIAN_POINT('',(2.27629352427317,-1.11094533147208,2.36326622067506));
#8394=CARTESIAN_POINT('Origin',(2.21014532011031,-0.951802256711662,2.35));
#8395=CARTESIAN_POINT('Origin',(2.25177960573007,-1.05179057568275,2.36326622067506));
#8396=CARTESIAN_POINT('',(2.30449039577225,-1.08814700493584,2.35));
#8397=CARTESIAN_POINT('',(2.30449039577225,-1.08814700493584,2.36326622067506));
#8398=CARTESIAN_POINT('Origin',(2.25177960573007,-1.05179057568275,2.35));
#8399=CARTESIAN_POINT('Origin',(2.23233876120101,-1.04450104570963,2.36326622067506));
#8400=CARTESIAN_POINT('',(2.31647756725056,-1.03888950000715,2.35));
#8401=CARTESIAN_POINT('',(2.31647756725056,-1.03888950000715,2.36326622067506));
#8402=CARTESIAN_POINT('Origin',(2.23233876120101,-1.04450104570963,2.35));
#8403=CARTESIAN_POINT('Origin',(2.15251784999945,-1.24165533105545,2.36326622067506));
#8404=CARTESIAN_POINT('',(2.3288271143384,-0.901083604015288,2.35));
#8405=CARTESIAN_POINT('',(2.3288271143384,-0.901083604015288,2.36326622067506));
#8406=CARTESIAN_POINT('',(2.19143960254666,-0.860133175566107,2.35));
#8407=CARTESIAN_POINT('Origin',(2.15251784999945,-1.24165533105545,2.35));
#8408=CARTESIAN_POINT('',(2.19143960254666,-0.860133175566107,2.36326622067506));
#8409=CARTESIAN_POINT('Origin',(2.24132339005209,-1.04355481684794,2.36326622067506));
#8410=CARTESIAN_POINT('',(2.40223091823416,-0.998126679942764,2.35));
#8411=CARTESIAN_POINT('',(2.40223091823416,-0.998126679942764,2.36326622067506));
#8412=CARTESIAN_POINT('Origin',(2.24132339005209,-1.04355481684794,2.35));
#8413=CARTESIAN_POINT('Origin',(2.20300826977473,-1.04293374972682,2.36326622067506));
#8414=CARTESIAN_POINT('',(2.39813577495199,-1.10312173760698,2.35));
#8415=CARTESIAN_POINT('',(2.39813577495199,-1.10312173760698,2.36326622067506));
#8416=CARTESIAN_POINT('Origin',(2.20300826977473,-1.04293374972682,2.35));
#8417=CARTESIAN_POINT('Origin',(2.23789208914265,-1.05479114333295,2.36326622067506));
#8418=CARTESIAN_POINT('',(2.35423317758657,-1.17511834858443,2.35));
#8419=CARTESIAN_POINT('',(2.35423317758657,-1.17511834858443,2.36326622067506));
#8420=CARTESIAN_POINT('Origin',(2.23789208914265,-1.05479114333295,2.35));
#8421=CARTESIAN_POINT('Origin',(2.22182451672005,-1.01194517841373,2.36326622067506));
#8422=CARTESIAN_POINT('',(2.26723727266047,-1.21711637165275,2.35));
#8423=CARTESIAN_POINT('',(2.26723727266047,-1.21711637165275,2.36326622067506));
#8424=CARTESIAN_POINT('Origin',(2.22182451672005,-1.01194517841373,2.35));
#8425=CARTESIAN_POINT('Origin',(2.12360117677308,-0.537934056409048,2.36326622067506));
#8426=CARTESIAN_POINT('',(2.12924376829074,-1.2321156656014,2.35));
#8427=CARTESIAN_POINT('',(2.12924376829074,-1.2321156656014,2.36326622067506));
#8428=CARTESIAN_POINT('Origin',(2.12360117677308,-0.537934056409048,2.35));
#8429=CARTESIAN_POINT('Origin',(2.07524631006027,-1.2321156656014,2.36326622067506));
#8430=CARTESIAN_POINT('',(2.07524631006027,-1.2321156656014,2.35));
#8431=CARTESIAN_POINT('',(2.07524631006027,-1.2321156656014,2.36326622067506));
#8432=CARTESIAN_POINT('',(2.20214019541918,-1.2321156656014,2.35));
#8433=CARTESIAN_POINT('Origin',(2.07524631006027,-0.959128515664564,2.36326622067506));
#8434=CARTESIAN_POINT('',(2.07524631006027,-0.959128515664564,2.35));
#8435=CARTESIAN_POINT('',(2.07524631006027,-0.959128515664564,2.36326622067506));
#8436=CARTESIAN_POINT('',(2.07524631006027,-0.543882024504038,2.35));
#8437=CARTESIAN_POINT('Origin',(2.07699208161013,-2.45617951162037,2.36326622067506));
#8438=CARTESIAN_POINT('',(1.98225068755161,-0.962128374454028,2.35));
#8439=CARTESIAN_POINT('',(1.98225068755161,-0.962128374454028,2.36326622067506));
#8440=CARTESIAN_POINT('Origin',(2.07699208161013,-2.45617951162037,2.35));
#8441=CARTESIAN_POINT('Origin',(2.00558412146159,-1.15762636546034,2.36326622067506));
#8442=CARTESIAN_POINT('',(1.92389266275342,-0.978488376187535,2.35));
#8443=CARTESIAN_POINT('',(1.92389266275342,-0.978488376187535,2.36326622067506));
#8444=CARTESIAN_POINT('Origin',(2.00558412146159,-1.15762636546034,2.35));
#8445=CARTESIAN_POINT('Origin',(1.95591241982448,-1.04814558976544,2.36326622067506));
#8446=CARTESIAN_POINT('',(1.88625520625316,-1.01612583268087,2.35));
#8447=CARTESIAN_POINT('',(1.88625520625316,-1.01612583268087,2.36326622067506));
#8448=CARTESIAN_POINT('Origin',(1.95591241982448,-1.04814558976544,2.35));
#8449=CARTESIAN_POINT('Origin',(1.94966131251815,-1.04544263449395,2.36326622067506));
#8450=CARTESIAN_POINT('',(1.89719612132243,-1.0915643527304,2.35));
#8451=CARTESIAN_POINT('',(1.89719612132243,-1.0915643527304,2.36326622067506));
#8452=CARTESIAN_POINT('Origin',(1.94966131251815,-1.04544263449395,2.35));
#8453=CARTESIAN_POINT('Origin',(1.93570554907074,-1.0642912947684,2.36326622067506));
#8454=CARTESIAN_POINT('',(1.9106674605284,-1.10428991772575,2.35));
#8455=CARTESIAN_POINT('',(1.9106674605284,-1.10428991772575,2.36326622067506));
#8456=CARTESIAN_POINT('Origin',(1.93570554907074,-1.0642912947684,2.35));
#8457=CARTESIAN_POINT('Origin',(2.27503662254764,0.144351616593982,2.35));
#8458=CARTESIAN_POINT('',(1.99660789353494,-1.12464794383325,2.35));
#8459=CARTESIAN_POINT('Origin',(1.99111559778311,-0.956257681830814,2.35));
#8460=CARTESIAN_POINT('',(1.9972499814996,-1.12469731268208,2.35));
#8461=CARTESIAN_POINT('',(2.08650539957881,-1.13155998140257,2.35));
#8462=CARTESIAN_POINT('',(1.9972499814996,-1.22611594802839,2.35));
#8463=CARTESIAN_POINT('',(1.9972499814996,-0.490227563142882,2.35));
#8464=CARTESIAN_POINT('',(1.97087999329852,-1.22611594802839,2.35));
#8465=CARTESIAN_POINT('',(2.13614330202362,-1.22611594802839,2.35));
#8466=CARTESIAN_POINT('',(1.83825746560229,-1.17511834858443,2.35));
#8467=CARTESIAN_POINT('Origin',(1.97904764172419,-1.00692996077624,2.35));
#8468=CARTESIAN_POINT('',(1.82532356420193,-1.16262719855416,2.35));
#8469=CARTESIAN_POINT('',(1.62158664446186,-0.965864570371689,2.35));
#8470=CARTESIAN_POINT('',(1.80225916012343,-1.12712060793718,2.35));
#8471=CARTESIAN_POINT('Origin',(1.95839302266202,-1.05094342243908,2.35));
#8472=CARTESIAN_POINT('',(1.78725986616525,-1.02512540906309,2.35));
#8473=CARTESIAN_POINT('Origin',(1.97459315326977,-1.04967688494096,2.35));
#8474=CARTESIAN_POINT('',(1.80691699693248,-0.958812418414886,2.35));
#8475=CARTESIAN_POINT('Origin',(1.99394767168377,-1.05032381204691,2.35));
#8476=CARTESIAN_POINT('',(1.84622183968728,-0.912165977310598,2.35));
#8477=CARTESIAN_POINT('Origin',(1.94937125078409,-1.03896347374534,2.35));
#8478=CARTESIAN_POINT('',(1.88625520625316,-0.887131904699614,2.35));
#8479=CARTESIAN_POINT('Origin',(2.10876110773744,-1.28748018550524,2.35));
#8480=CARTESIAN_POINT('',(2.09924518038423,-0.854133457993765,2.35));
#8481=CARTESIAN_POINT('Origin',(2.0750475242577,-1.40182454454426,2.35));
#8482=CARTESIAN_POINT('Origin',(2.09474539224712,-1.63463009846249,2.35));
#8483=CARTESIAN_POINT('',(2.29723586056335,-0.995126821153293,2.35));
#8484=CARTESIAN_POINT('Origin',(2.25276848679459,-1.04078983547453,2.35));
#8485=CARTESIAN_POINT('',(2.24023854354046,-0.965128233250079,2.35));
#8486=CARTESIAN_POINT('Origin',(2.22707249663674,-1.05929046751118,2.35));
#8487=CARTESIAN_POINT('',(2.16224221498308,-0.959128515664564,2.35));
#8488=CARTESIAN_POINT('Origin',(2.18136631474501,-1.22049121279996,2.35));
#8489=CARTESIAN_POINT('',(2.16224221498308,-0.4898845662772,2.35));
#8490=CARTESIAN_POINT('Origin',(2.25276848679459,-1.04078983547453,2.36326622067506));
#8491=CARTESIAN_POINT('',(2.29723586056335,-0.995126821153293,2.36326622067506));
#8492=CARTESIAN_POINT('Origin',(2.16224221498308,-1.12412074914772,2.36326622067506));
#8493=CARTESIAN_POINT('',(2.16224221498308,-0.959128515664564,2.36326622067506));
#8494=CARTESIAN_POINT('Origin',(2.18136631474501,-1.22049121279996,2.36326622067506));
#8495=CARTESIAN_POINT('',(2.24023854354046,-0.965128233250079,2.36326622067506));
#8496=CARTESIAN_POINT('Origin',(2.22707249663674,-1.05929046751118,2.36326622067506));
#8497=CARTESIAN_POINT('Origin',(1.99111559778311,-0.956257681830814,2.36326622067506));
#8498=CARTESIAN_POINT('',(1.99660789353494,-1.12464794383325,2.36326622067506));
#8499=CARTESIAN_POINT('Origin',(2.09474539224712,-1.63463009846249,2.36326622067506));
#8500=CARTESIAN_POINT('',(2.09924518038423,-0.854133457993765,2.36326622067506));
#8501=CARTESIAN_POINT('Origin',(2.0750475242577,-1.40182454454426,2.36326622067506));
#8502=CARTESIAN_POINT('',(1.88625520625316,-0.887131904699614,2.36326622067506));
#8503=CARTESIAN_POINT('Origin',(2.10876110773744,-1.28748018550524,2.36326622067506));
#8504=CARTESIAN_POINT('',(1.84622183968728,-0.912165977310598,2.36326622067506));
#8505=CARTESIAN_POINT('Origin',(1.94937125078409,-1.03896347374534,2.36326622067506));
#8506=CARTESIAN_POINT('',(1.80691699693248,-0.958812418414886,2.36326622067506));
#8507=CARTESIAN_POINT('Origin',(1.99394767168377,-1.05032381204691,2.36326622067506));
#8508=CARTESIAN_POINT('',(1.78725986616525,-1.02512540906309,2.36326622067506));
#8509=CARTESIAN_POINT('Origin',(1.97459315326977,-1.04967688494096,2.36326622067506));
#8510=CARTESIAN_POINT('',(1.80225916012343,-1.12712060793718,2.36326622067506));
#8511=CARTESIAN_POINT('Origin',(1.95839302266202,-1.05094342243908,2.36326622067506));
#8512=CARTESIAN_POINT('',(1.82532356420193,-1.16262719855416,2.36326622067506));
#8513=CARTESIAN_POINT('Origin',(1.82532356420193,-1.16262719855416,2.36326622067506));
#8514=CARTESIAN_POINT('',(1.83825746560229,-1.17511834858443,2.36326622067506));
#8515=CARTESIAN_POINT('Origin',(1.97904764172419,-1.00692996077624,2.36326622067506));
#8516=CARTESIAN_POINT('',(1.97087999329852,-1.22611594802839,2.36326622067506));
#8517=CARTESIAN_POINT('Origin',(1.97087999329852,-1.22611594802839,2.36326622067506));
#8518=CARTESIAN_POINT('',(1.9972499814996,-1.22611594802839,2.36326622067506));
#8519=CARTESIAN_POINT('Origin',(1.9972499814996,-1.22611594802839,2.36326622067506));
#8520=CARTESIAN_POINT('',(1.9972499814996,-1.12469731268208,2.36326622067506));
#8521=CARTESIAN_POINT('Origin',(1.9972499814996,-1.12469731268208,2.36326622067506));
#8522=CARTESIAN_POINT('Origin',(2.2501582422627,-2.04887885101343,2.36326622067506));
#8523=CARTESIAN_POINT('',(2.33623402483529,-1.92456117195224,2.36));
#8524=CARTESIAN_POINT('',(2.39923105944172,-2.02355651204345,2.36));
#8525=CARTESIAN_POINT('Origin',(2.2501582422627,-2.04887885101343,2.36));
#8526=CARTESIAN_POINT('',(2.39923105944172,-2.02355651204345,2.35));
#8527=CARTESIAN_POINT('',(2.39923105944172,-2.02355651204345,2.36326622067506));
#8528=CARTESIAN_POINT('',(2.33623402483529,-1.92456117195224,2.35));
#8529=CARTESIAN_POINT('Origin',(2.2501582422627,-2.04887885101343,2.35));
#8530=CARTESIAN_POINT('',(2.33623402483529,-1.92456117195224,2.36326622067506));
#8531=CARTESIAN_POINT('Origin',(2.25005107426954,-2.05465249471666,2.36326622067506));
#8532=CARTESIAN_POINT('',(2.39464855712025,-2.10274819169186,2.36));
#8533=CARTESIAN_POINT('Origin',(2.25005107426954,-2.05465249471666,2.36));
#8534=CARTESIAN_POINT('',(2.39464855712025,-2.10274819169186,2.35));
#8535=CARTESIAN_POINT('',(2.39464855712025,-2.10274819169186,2.36326622067506));
#8536=CARTESIAN_POINT('Origin',(2.25005107426954,-2.05465249471666,2.35));
#8537=CARTESIAN_POINT('Origin',(2.29586831052433,-2.06992128576945,2.36326622067506));
#8538=CARTESIAN_POINT('',(2.33923388362838,-2.16454987520956,2.36));
#8539=CARTESIAN_POINT('Origin',(2.29586831052433,-2.06992128576945,2.36));
#8540=CARTESIAN_POINT('',(2.33923388362838,-2.16454987520956,2.35));
#8541=CARTESIAN_POINT('',(2.33923388362838,-2.16454987520956,2.36326622067506));
#8542=CARTESIAN_POINT('Origin',(2.29586831052433,-2.06992128576945,2.35));
#8543=CARTESIAN_POINT('Origin',(2.28446669092245,-2.07359089049979,2.36326622067506));
#8544=CARTESIAN_POINT('',(2.27769723883315,-2.17954916915163,2.36));
#8545=CARTESIAN_POINT('Origin',(2.28446669092245,-2.07359089049979,2.36));
#8546=CARTESIAN_POINT('',(2.27769723883315,-2.17954916915163,2.35));
#8547=CARTESIAN_POINT('',(2.27769723883315,-2.17954916915163,2.36326622067506));
#8548=CARTESIAN_POINT('Origin',(2.28446669092245,-2.07359089049979,2.35));
#8549=CARTESIAN_POINT('Origin',(1.79925930132475,-2.17954916915755,2.36326622067506));
#8550=CARTESIAN_POINT('',(1.79925930132475,-2.17954916915755,2.36));
#8551=CARTESIAN_POINT('',(1.96883481742865,-2.1795491691552,2.36));
#8552=CARTESIAN_POINT('',(1.79925930132475,-2.17954916915755,2.35));
#8553=CARTESIAN_POINT('',(1.79925930132475,-2.17954916915755,2.36326622067506));
#8554=CARTESIAN_POINT('',(2.27636693070637,-2.17954916915163,2.35));
#8555=CARTESIAN_POINT('Origin',(1.79925930132475,-2.07155425269794,2.36326622067506));
#8556=CARTESIAN_POINT('',(1.79925930132475,-2.07155425269794,2.36));
#8557=CARTESIAN_POINT('',(1.79925930132475,-1.37525901233904,2.36));
#8558=CARTESIAN_POINT('',(1.79925930132475,-2.07155425269794,2.35));
#8559=CARTESIAN_POINT('',(1.79925930132475,-2.07155425269794,2.36326622067506));
#8560=CARTESIAN_POINT('',(1.79925930132475,-1.01759877628244,2.35));
#8561=CARTESIAN_POINT('Origin',(2.21923953200729,-2.07155425269794,2.36326622067506));
#8562=CARTESIAN_POINT('',(2.21923953200729,-2.07155425269794,2.36));
#8563=CARTESIAN_POINT('',(2.17882493275955,-2.07155425269794,2.36));
#8564=CARTESIAN_POINT('',(2.21923953200729,-2.07155425269794,2.35));
#8565=CARTESIAN_POINT('',(2.21923953200729,-2.07155425269794,2.36326622067506));
#8566=CARTESIAN_POINT('',(2.03714796193603,-2.07155425269794,2.35));
#8567=CARTESIAN_POINT('Origin',(2.33623402483529,-1.92456117195224,2.36326622067506));
#8568=CARTESIAN_POINT('',(2.39323134185621,-1.92456117195224,2.36));
#8569=CARTESIAN_POINT('',(2.23732217917355,-1.92456117195224,2.36));
#8570=CARTESIAN_POINT('',(2.39323134185621,-1.92456117195224,2.35));
#8571=CARTESIAN_POINT('',(2.33413398220176,-1.92456117195224,2.35));
#8572=CARTESIAN_POINT('',(2.39323134185621,-1.92456117195224,2.36326622067506));
#8573=CARTESIAN_POINT('Origin',(2.27503662254764,0.144351616593982,2.35));
#8574=CARTESIAN_POINT('',(2.28223656660944,-2.05655495873613,2.35));
#8575=CARTESIAN_POINT('Origin',(2.22210303356286,-1.94378753965878,2.35));
#8576=CARTESIAN_POINT('',(2.29723586056105,-1.9654206940493,2.35));
#8577=CARTESIAN_POINT('Origin',(2.22439172270678,-2.00023313132623,2.35));
#8578=CARTESIAN_POINT('',(2.23423882595857,-1.92756103074829,2.35));
#8579=CARTESIAN_POINT('Origin',(2.23573875535495,-1.99640736760375,2.35));
#8580=CARTESIAN_POINT('',(1.79925930132475,-1.92756103074829,2.35));
#8581=CARTESIAN_POINT('',(2.25463772425327,-1.92756103074829,2.35));
#8582=CARTESIAN_POINT('',(1.79925930132475,-1.81656625549131,2.35));
#8583=CARTESIAN_POINT('',(1.79925930132475,-0.891604707077483,2.35));
#8584=CARTESIAN_POINT('',(2.39323134185621,-1.81656625549131,2.35));
#8585=CARTESIAN_POINT('',(2.03714796193603,-1.81656625549131,2.35));
#8586=CARTESIAN_POINT('',(2.39323134185621,-0.836107319449328,2.35));
#8587=CARTESIAN_POINT('Origin',(2.39323134185621,-1.92456117195224,2.36326622067506));
#8588=CARTESIAN_POINT('',(2.39323134185621,-1.81656625549131,2.36));
#8589=CARTESIAN_POINT('',(2.39323134185621,-1.30176247196619,2.36));
#8590=CARTESIAN_POINT('',(2.39323134185621,-1.81656625549131,2.36326622067506));
#8591=CARTESIAN_POINT('Origin',(2.39323134185621,-1.81656625549131,2.36326622067506));
#8592=CARTESIAN_POINT('',(1.79925930132475,-1.81656625549131,2.36));
#8593=CARTESIAN_POINT('',(2.26582083768401,-1.81656625549131,2.36));
#8594=CARTESIAN_POINT('',(1.79925930132475,-1.81656625549131,2.36326622067506));
#8595=CARTESIAN_POINT('Origin',(1.79925930132475,-1.81656625549131,2.36326622067506));
#8596=CARTESIAN_POINT('',(1.79925930132475,-1.92756103074829,2.36));
#8597=CARTESIAN_POINT('',(1.79925930132475,-1.24776501373573,2.36));
#8598=CARTESIAN_POINT('',(1.79925930132475,-1.92756103074829,2.36326622067506));
#8599=CARTESIAN_POINT('Origin',(1.79925930132475,-1.92756103074829,2.36326622067506));
#8600=CARTESIAN_POINT('',(2.23423882595857,-1.92756103074829,2.36));
#8601=CARTESIAN_POINT('',(1.96883481741828,-1.92756103074829,2.36));
#8602=CARTESIAN_POINT('',(2.23423882595857,-1.92756103074829,2.36326622067506));
#8603=CARTESIAN_POINT('Origin',(2.23573875535495,-1.99640736760375,2.36326622067506));
#8604=CARTESIAN_POINT('',(2.29723586056105,-1.9654206940493,2.36));
#8605=CARTESIAN_POINT('Origin',(2.23573875535495,-1.99640736760375,2.36));
#8606=CARTESIAN_POINT('',(2.29723586056105,-1.9654206940493,2.36326622067506));
#8607=CARTESIAN_POINT('Origin',(2.22439172270678,-2.00023313132623,2.36326622067506));
#8608=CARTESIAN_POINT('',(2.28223656660944,-2.05655495873613,2.36));
#8609=CARTESIAN_POINT('Origin',(2.22439172270678,-2.00023313132623,2.36));
#8610=CARTESIAN_POINT('',(2.28223656660944,-2.05655495873613,2.36326622067506));
#8611=CARTESIAN_POINT('Origin',(2.22210303356286,-1.94378753965878,2.36326622067506));
#8612=CARTESIAN_POINT('Origin',(2.22210303356286,-1.94378753965878,2.36));
#8613=CARTESIAN_POINT('Origin',(2.13841033351181,-0.678963771980146,2.36));
#8614=CARTESIAN_POINT('Origin',(2.13841033351181,2.25571048972707,2.36));
#8615=CARTESIAN_POINT('',(2.50577937072629,2.18811430393965,2.36));
#8616=CARTESIAN_POINT('',(2.40557483927675,2.27401132487361,2.36));
#8617=CARTESIAN_POINT('Origin',(2.15867599655318,1.88459146314815,2.36));
#8618=CARTESIAN_POINT('',(2.58177085021543,2.21735370895707,2.36));
#8619=CARTESIAN_POINT('Origin',(2.6179279634555,2.01001513944999,2.36));
#8620=CARTESIAN_POINT('',(2.5003501798537,2.3401658717138,2.36));
#8621=CARTESIAN_POINT('Origin',(2.08139557548214,1.97401613400824,2.36));
#8622=CARTESIAN_POINT('',(2.37461482480896,2.4368376310105,2.36));
#8623=CARTESIAN_POINT('Origin',(2.19220659019521,2.06948558655203,2.36));
#8624=CARTESIAN_POINT('',(2.20790286800207,2.46703848369666,2.36));
#8625=CARTESIAN_POINT('Origin',(2.23773828203992,2.15649878258801,2.36));
#8626=CARTESIAN_POINT('',(2.04610314176948,2.40363808798031,2.36));
#8627=CARTESIAN_POINT('Origin',(2.24445919797561,2.13558653079748,2.36));
#8628=CARTESIAN_POINT('',(1.92098245436572,2.26528140187712,2.36));
#8629=CARTESIAN_POINT('Origin',(2.36766755194013,1.98708258082528,2.36));
#8630=CARTESIAN_POINT('',(1.84332550668265,2.11014945030957,2.36));
#8631=CARTESIAN_POINT('Origin',(2.5625562981844,1.84711526827869,2.36));
#8632=CARTESIAN_POINT('',(1.8053022467314,1.96575395902729,2.36));
#8633=CARTESIAN_POINT('Origin',(2.59293026269265,1.83555410632461,2.36));
#8634=CARTESIAN_POINT('',(1.83557056660505,1.56469461941493,2.36));
#8635=CARTESIAN_POINT('Origin',(2.69923179209019,1.83154779101243,2.36));
#8636=CARTESIAN_POINT('',(1.90811765928748,1.41415415993681,2.36));
#8637=CARTESIAN_POINT('Origin',(2.46320543368966,1.77440787314479,2.36));
#8638=CARTESIAN_POINT('',(2.64777334290655,1.58594678490194,2.36));
#8639=CARTESIAN_POINT('',(2.11009823639467,1.46106622226758,2.36));
#8640=CARTESIAN_POINT('',(2.68564620001711,1.81073930126828,2.36));
#8641=CARTESIAN_POINT('Origin',(1.91469729060115,1.8250414834675,2.36));
#8642=CARTESIAN_POINT('',(2.63311999223768,1.80009653259129,2.36));
#8643=CARTESIAN_POINT('Origin',(2.61792796347559,2.01001513944143,2.36));
#8644=CARTESIAN_POINT('',(2.64407688878844,1.65642338320783,2.36));
#8645=CARTESIAN_POINT('Origin',(1.23451206318841,1.62118059581052,2.36));
#8646=CARTESIAN_POINT('',(2.63490610166118,1.65429337376499,2.36));
#8647=CARTESIAN_POINT('',(2.47021770617187,1.61604280348821,2.36));
#8648=CARTESIAN_POINT('',(1.89709631193506,1.48292947660158,2.36));
#8649=CARTESIAN_POINT('',(2.46563231277359,1.61497779872739,2.36));
#8650=CARTESIAN_POINT('',(1.87340314161539,1.54497355300098,2.36));
#8651=CARTESIAN_POINT('Origin',(2.37098720970454,1.69944321008099,2.36));
#8652=CARTESIAN_POINT('',(1.84107866996926,1.74119578601864,2.36));
#8653=CARTESIAN_POINT('Origin',(2.49062127186425,1.74742394528588,2.36));
#8654=CARTESIAN_POINT('',(1.85771619367748,1.91619340386613,2.36));
#8655=CARTESIAN_POINT('Origin',(2.63434532067677,1.7540673556064,2.36));
#8656=CARTESIAN_POINT('',(1.90709024037748,2.06491763757567,2.36));
#8657=CARTESIAN_POINT('Origin',(2.48440915354802,1.79069926002848,2.36));
#8658=CARTESIAN_POINT('',(1.99627174696703,2.20098709001845,2.36));
#8659=CARTESIAN_POINT('Origin',(2.36411929566476,1.86263548894827,2.36));
#8660=CARTESIAN_POINT('',(2.12809557621443,2.29575783434723,2.36));
#8661=CARTESIAN_POINT('Origin',(2.28327238054965,1.9408433640105,2.36));
#8662=CARTESIAN_POINT('',(2.26110732725418,2.3190308422857,2.36));
#8663=CARTESIAN_POINT('Origin',(2.24331844420515,2.02896309766288,2.36));
#8664=CARTESIAN_POINT('Origin',(2.24412959828215,2.0102416647825,2.36));
#8665=CARTESIAN_POINT('Origin',(1.91469729060115,1.8250414834675,2.36326622067506));
#8666=CARTESIAN_POINT('',(2.64777334290655,1.58594678490194,2.35));
#8667=CARTESIAN_POINT('',(2.64777334290655,1.58594678490194,2.36326622067506));
#8668=CARTESIAN_POINT('',(2.68564620001711,1.81073930126828,2.35));
#8669=CARTESIAN_POINT('Origin',(1.91469729060115,1.8250414834675,2.35));
#8670=CARTESIAN_POINT('',(2.68564620001711,1.81073930126828,2.36326622067506));
#8671=CARTESIAN_POINT('Origin',(1.90811765928748,1.41415415993681,2.36326622067506));
#8672=CARTESIAN_POINT('',(1.90811765928748,1.41415415993681,2.35));
#8673=CARTESIAN_POINT('',(1.90811765928748,1.41415415993681,2.36326622067506));
#8674=CARTESIAN_POINT('',(2.3121001770162,1.50798324649383,2.35));
#8675=CARTESIAN_POINT('Origin',(2.46320543368966,1.77440787314479,2.36326622067506));
#8676=CARTESIAN_POINT('',(1.83557056660505,1.56469461941493,2.35));
#8677=CARTESIAN_POINT('',(1.83557056660505,1.56469461941493,2.36326622067506));
#8678=CARTESIAN_POINT('Origin',(2.46320543368966,1.77440787314479,2.35));
#8679=CARTESIAN_POINT('Origin',(2.69923179209019,1.83154779101243,2.36326622067506));
#8680=CARTESIAN_POINT('',(1.8053022467314,1.96575395902729,2.35));
#8681=CARTESIAN_POINT('',(1.8053022467314,1.96575395902729,2.36326622067506));
#8682=CARTESIAN_POINT('Origin',(2.69923179209019,1.83154779101243,2.35));
#8683=CARTESIAN_POINT('Origin',(2.59293026269265,1.83555410632461,2.36326622067506));
#8684=CARTESIAN_POINT('',(1.84332550668265,2.11014945030957,2.35));
#8685=CARTESIAN_POINT('',(1.84332550668265,2.11014945030957,2.36326622067506));
#8686=CARTESIAN_POINT('Origin',(2.59293026269265,1.83555410632461,2.35));
#8687=CARTESIAN_POINT('Origin',(2.5625562981844,1.84711526827869,2.36326622067506));
#8688=CARTESIAN_POINT('',(1.92098245436572,2.26528140187712,2.35));
#8689=CARTESIAN_POINT('',(1.92098245436572,2.26528140187712,2.36326622067506));
#8690=CARTESIAN_POINT('Origin',(2.5625562981844,1.84711526827869,2.35));
#8691=CARTESIAN_POINT('Origin',(2.36766755194013,1.98708258082528,2.36326622067506));
#8692=CARTESIAN_POINT('',(2.04610314176948,2.40363808798031,2.35));
#8693=CARTESIAN_POINT('',(2.04610314176948,2.40363808798031,2.36326622067506));
#8694=CARTESIAN_POINT('Origin',(2.36766755194013,1.98708258082528,2.35));
#8695=CARTESIAN_POINT('Origin',(2.24445919797561,2.13558653079748,2.36326622067506));
#8696=CARTESIAN_POINT('',(2.20790286800207,2.46703848369666,2.35));
#8697=CARTESIAN_POINT('',(2.20790286800207,2.46703848369666,2.36326622067506));
#8698=CARTESIAN_POINT('Origin',(2.24445919797561,2.13558653079748,2.35));
#8699=CARTESIAN_POINT('Origin',(2.23773828203992,2.15649878258801,2.36326622067506));
#8700=CARTESIAN_POINT('',(2.37461482480896,2.4368376310105,2.35));
#8701=CARTESIAN_POINT('',(2.37461482480896,2.4368376310105,2.36326622067506));
#8702=CARTESIAN_POINT('Origin',(2.23773828203992,2.15649878258801,2.35));
#8703=CARTESIAN_POINT('Origin',(2.19220659019521,2.06948558655203,2.36326622067506));
#8704=CARTESIAN_POINT('',(2.5003501798537,2.3401658717138,2.35));
#8705=CARTESIAN_POINT('',(2.5003501798537,2.3401658717138,2.36326622067506));
#8706=CARTESIAN_POINT('Origin',(2.19220659019521,2.06948558655203,2.35));
#8707=CARTESIAN_POINT('Origin',(2.08139557548214,1.97401613400824,2.36326622067506));
#8708=CARTESIAN_POINT('',(2.58177085021543,2.21735370895707,2.35));
#8709=CARTESIAN_POINT('',(2.58177085021543,2.21735370895707,2.36326622067506));
#8710=CARTESIAN_POINT('Origin',(2.08139557548214,1.97401613400824,2.35));
#8711=CARTESIAN_POINT('Origin',(2.6179279634555,2.01001513944999,2.36326622067506));
#8712=CARTESIAN_POINT('',(2.50577937072629,2.18811430393965,2.35));
#8713=CARTESIAN_POINT('',(2.50577937072629,2.18811430393965,2.36326622067506));
#8714=CARTESIAN_POINT('Origin',(2.6179279634555,2.01001513944999,2.35));
#8715=CARTESIAN_POINT('Origin',(2.27503662254764,0.144351616593982,2.35));
#8716=CARTESIAN_POINT('',(2.40557483927675,2.27401132487361,2.35));
#8717=CARTESIAN_POINT('Origin',(2.15867599655318,1.88459146314815,2.35));
#8718=CARTESIAN_POINT('',(2.26110732725418,2.3190308422857,2.35));
#8719=CARTESIAN_POINT('Origin',(2.24412959828215,2.0102416647825,2.35));
#8720=CARTESIAN_POINT('',(2.12809557621443,2.29575783434723,2.35));
#8721=CARTESIAN_POINT('Origin',(2.24331844420515,2.02896309766288,2.35));
#8722=CARTESIAN_POINT('',(1.99627174696703,2.20098709001845,2.35));
#8723=CARTESIAN_POINT('Origin',(2.28327238054965,1.9408433640105,2.35));
#8724=CARTESIAN_POINT('',(1.90709024037748,2.06491763757567,2.35));
#8725=CARTESIAN_POINT('Origin',(2.36411929566476,1.86263548894827,2.35));
#8726=CARTESIAN_POINT('',(1.85771619367748,1.91619340386613,2.35));
#8727=CARTESIAN_POINT('Origin',(2.48440915354802,1.79069926002848,2.35));
#8728=CARTESIAN_POINT('',(1.84107866996926,1.74119578601864,2.35));
#8729=CARTESIAN_POINT('Origin',(2.63434532067677,1.7540673556064,2.35));
#8730=CARTESIAN_POINT('',(1.87340314161539,1.54497355300098,2.35));
#8731=CARTESIAN_POINT('Origin',(2.49062127186425,1.74742394528588,2.35));
#8732=CARTESIAN_POINT('',(1.89709631193506,1.48292947660158,2.35));
#8733=CARTESIAN_POINT('Origin',(2.37098720970454,1.69944321008099,2.35));
#8734=CARTESIAN_POINT('',(2.63490610166118,1.65429337376499,2.35));
#8735=CARTESIAN_POINT('',(1.92890151671874,1.49031656188747,2.35));
#8736=CARTESIAN_POINT('',(2.64407688878844,1.65642338320783,2.35));
#8737=CARTESIAN_POINT('',(2.29780641184278,1.57599851068487,2.35));
#8738=CARTESIAN_POINT('',(2.63311999223768,1.80009653259129,2.35));
#8739=CARTESIAN_POINT('Origin',(1.23451206318841,1.62118059581052,2.35));
#8740=CARTESIAN_POINT('Origin',(2.61792796347559,2.01001513944143,2.35));
#8741=CARTESIAN_POINT('Origin',(2.15867599655318,1.88459146314815,2.36326622067506));
#8742=CARTESIAN_POINT('',(2.40557483927675,2.27401132487361,2.36326622067506));
#8743=CARTESIAN_POINT('Origin',(2.61792796347559,2.01001513944143,2.36326622067506));
#8744=CARTESIAN_POINT('',(2.63311999223768,1.80009653259129,2.36326622067506));
#8745=CARTESIAN_POINT('Origin',(1.23451206318841,1.62118059581052,2.36326622067506));
#8746=CARTESIAN_POINT('',(2.64407688878844,1.65642338320783,2.36326622067506));
#8747=CARTESIAN_POINT('Origin',(2.64407688878844,1.65642338320783,2.36326622067506));
#8748=CARTESIAN_POINT('',(2.63490610166118,1.65429337376499,2.36326622067506));
#8749=CARTESIAN_POINT('Origin',(2.63490610166118,1.65429337376499,2.36326622067506));
#8750=CARTESIAN_POINT('',(1.89709631193506,1.48292947660158,2.36326622067506));
#8751=CARTESIAN_POINT('Origin',(2.37098720970454,1.69944321008099,2.36326622067506));
#8752=CARTESIAN_POINT('',(1.87340314161539,1.54497355300098,2.36326622067506));
#8753=CARTESIAN_POINT('Origin',(2.49062127186425,1.74742394528588,2.36326622067506));
#8754=CARTESIAN_POINT('',(1.84107866996926,1.74119578601864,2.36326622067506));
#8755=CARTESIAN_POINT('Origin',(2.63434532067677,1.7540673556064,2.36326622067506));
#8756=CARTESIAN_POINT('',(1.85771619367748,1.91619340386613,2.36326622067506));
#8757=CARTESIAN_POINT('Origin',(2.48440915354802,1.79069926002848,2.36326622067506));
#8758=CARTESIAN_POINT('',(1.90709024037748,2.06491763757567,2.36326622067506));
#8759=CARTESIAN_POINT('Origin',(2.36411929566476,1.86263548894827,2.36326622067506));
#8760=CARTESIAN_POINT('',(1.99627174696703,2.20098709001845,2.36326622067506));
#8761=CARTESIAN_POINT('Origin',(2.28327238054965,1.9408433640105,2.36326622067506));
#8762=CARTESIAN_POINT('',(2.12809557621443,2.29575783434723,2.36326622067506));
#8763=CARTESIAN_POINT('Origin',(2.24331844420515,2.02896309766288,2.36326622067506));
#8764=CARTESIAN_POINT('',(2.26110732725418,2.3190308422857,2.36326622067506));
#8765=CARTESIAN_POINT('Origin',(2.24412959828215,2.0102416647825,2.36326622067506));
#8766=CARTESIAN_POINT('Origin',(2.13841033351181,2.25571048972707,2.36));
#8767=CARTESIAN_POINT('',(2.39426282087417,2.09873022191624,2.36));
#8768=CARTESIAN_POINT('',(2.39426282087417,1.81744656130699,2.36));
#8769=CARTESIAN_POINT('',(2.39426282087417,2.03657852551703,2.36));
#8770=CARTESIAN_POINT('',(1.94066488076169,1.99337744422225,2.36));
#8771=CARTESIAN_POINT('',(2.29018137257863,2.07455623717177,2.36));
#8772=CARTESIAN_POINT('',(1.94066488076169,1.71209378361234,2.36));
#8773=CARTESIAN_POINT('',(1.94066488076169,2.12454396697466,2.36));
#8774=CARTESIAN_POINT('',(2.09437596860222,1.74779476158085,2.36));
#8775=CARTESIAN_POINT('Origin',(1.94066488076169,1.99337744422225,2.36326622067506));
#8776=CARTESIAN_POINT('',(1.94066488076169,1.99337744422225,2.35));
#8777=CARTESIAN_POINT('',(1.94066488076169,1.99337744422225,2.36326622067506));
#8778=CARTESIAN_POINT('',(1.94066488076169,1.71209378361234,2.35));
#8779=CARTESIAN_POINT('',(1.94066488076169,0.928222700102499,2.35));
#8780=CARTESIAN_POINT('',(1.94066488076169,1.71209378361234,2.36326622067506));
#8781=CARTESIAN_POINT('Origin',(2.39426282087417,2.09873022191624,2.36326622067506));
#8782=CARTESIAN_POINT('',(2.39426282087417,2.09873022191624,2.35));
#8783=CARTESIAN_POINT('',(2.39426282087417,2.09873022191624,2.36326622067506));
#8784=CARTESIAN_POINT('',(1.89555650134529,1.98290056007261,2.35));
#8785=CARTESIAN_POINT('Origin',(2.27503662254764,0.144351616593982,2.35));
#8786=CARTESIAN_POINT('',(2.39426282087417,1.81744656130699,2.35));
#8787=CARTESIAN_POINT('',(2.39426282087417,1.12154091925544,2.35));
#8788=CARTESIAN_POINT('',(2.15334903748035,1.76149186217534,2.35));
#8789=CARTESIAN_POINT('Origin',(2.39426282087417,1.81744656130699,2.36326622067506));
#8790=CARTESIAN_POINT('',(2.39426282087417,1.81744656130699,2.36326622067506));
#8791=CARTESIAN_POINT('Origin',(1.94066488076169,1.71209378361234,2.36326622067506));
#8792=CARTESIAN_POINT('Origin',(2.61792796346209,2.01001513944999,2.36326622067506));
#8793=CARTESIAN_POINT('',(2.47144056728028,2.01001513944999,2.36));
#8794=CARTESIAN_POINT('Origin',(2.61792796346209,2.01001513944999,2.36));
#8795=CARTESIAN_POINT('',(2.47144056728023,2.01001513944999,2.35));
#8796=CARTESIAN_POINT('Origin',(2.61792796346209,2.01001513944999,2.35));
#8797=CARTESIAN_POINT('Origin',(2.27503662254764,0.144351616593982,2.35));
#8798=CARTESIAN_POINT('Origin',(2.13841033351181,2.25571048972707,2.36));
#8799=CARTESIAN_POINT('Origin',(-0.710000000000036,5.73216276419757E-14,
2.32500000000002));
#8800=CARTESIAN_POINT('',(-0.710000000000037,-0.599999999999943,2.32500000000002));
#8801=CARTESIAN_POINT('Origin',(-0.710000000000036,5.73216276419757E-14,
2.32500000000002));
#8802=CARTESIAN_POINT('',(-0.710000000000037,-0.624999999999943,2.35000000000002));
#8803=CARTESIAN_POINT('Origin',(-0.710000000000036,5.73216276419757E-14,
2.35000000000002));
#8804=CARTESIAN_POINT('Origin',(-0.710000000000036,5.73216276419757E-14,
2.35));
#8805=CARTESIAN_POINT('',(-0.710000000000037,-0.599999999999943,2.275));
#8806=CARTESIAN_POINT('Origin',(-0.710000000000036,5.73216276419757E-14,
2.275));
#8807=CARTESIAN_POINT('Origin',(3.83033796482817,-3.25,2.35000000000002));
#8808=CARTESIAN_POINT('',(3.83033796482818,3.09033796482822,2.35000000000002));
#8809=CARTESIAN_POINT('',(-2.14907298623842,3.09033796482822,2.35000000000002));
#8810=CARTESIAN_POINT('',(4.01016898241407,3.09033796482822,2.35000000000002));
#8811=CARTESIAN_POINT('',(-2.14907298623842,-3.09033796482822,2.35000000000002));
#8812=CARTESIAN_POINT('',(-2.14907298623842,-3.25,2.35000000000002));
#8813=CARTESIAN_POINT('',(3.83033796482817,-3.09033796482823,2.35000000000002));
#8814=CARTESIAN_POINT('',(4.01016898241406,-3.09033796482823,2.35000000000002));
#8815=CARTESIAN_POINT('',(3.83033796482817,-3.25,2.35000000000002));
#8816=CARTESIAN_POINT('Origin',(-0.710000000000036,5.73216276419757E-14,
2.275));
#8817=CARTESIAN_POINT('',(-0.710000000000037,-0.574999999999943,2.25));
#8818=CARTESIAN_POINT('Origin',(-0.710000000000036,5.73216276419757E-14,
2.25));
#8819=CARTESIAN_POINT('Origin',(-0.710000000000036,5.73216276419757E-14,
2.25));
#8820=CARTESIAN_POINT('Origin',(0.880000000000052,-6.13339691545273E-16,
0.02));
#8821=CARTESIAN_POINT('',(-2.15082275950905,3.25,0.02));
#8822=CARTESIAN_POINT('',(-2.15082275950906,-3.25,0.02));
#8823=CARTESIAN_POINT('',(-2.15082275950906,-1.625,0.02));
#8824=CARTESIAN_POINT('',(3.99000000000007,3.25,0.02));
#8825=CARTESIAN_POINT('',(0.87826573627751,3.25,0.02));
#8826=CARTESIAN_POINT('',(3.99000000000007,-3.25,0.02));
#8827=CARTESIAN_POINT('',(3.99000000000006,-1.625,0.02));
#8828=CARTESIAN_POINT('',(0.878265736277505,-3.25,0.02));
#8829=CARTESIAN_POINT('Origin',(3.99000000000007,-3.25,0.));
#8830=CARTESIAN_POINT('',(3.98999999999995,3.25,0.525054587221177));
#8831=CARTESIAN_POINT('',(3.98999999999995,3.25,0.525054587221177));
#8832=CARTESIAN_POINT('',(3.98999999999995,-3.25,0.525054587221177));
#8833=CARTESIAN_POINT('',(3.98999999999995,-3.25,0.525054587221177));
#8834=CARTESIAN_POINT('',(3.98999999999995,-3.25,0.525054587221177));
#8835=CARTESIAN_POINT('Origin',(0.876531472554965,3.25,1.16396345901468));
#8836=CARTESIAN_POINT('',(-2.19500931035271,3.25,0.525054587221177));
#8837=CARTESIAN_POINT('',(-2.14907298623854,3.25,0.));
#8838=CARTESIAN_POINT('',(2.53326573627746,3.25,0.525054587221184));
#8839=CARTESIAN_POINT('Origin',(4.18999999999996,3.09033796482822,2.35000000000002));
#8840=CARTESIAN_POINT('',(-2.23000000000007,3.21500931035267,0.924999999999898));
#8841=CARTESIAN_POINT('',(-2.29203539240057,3.15297391795223,1.6340677797593));
#8842=CARTESIAN_POINT('',(-2.22999999999996,3.17126497858971,1.4249999999999));
#8843=CARTESIAN_POINT('',(-2.22999999999979,3.10641311082671,2.16626024046281));
#8844=CARTESIAN_POINT('',(-2.10127885068723,3.04254382927707,2.89628946911506));
#8845=CARTESIAN_POINT('',(3.8870234162554,3.14702341625544,1.7020823253812));
#8846=CARTESIAN_POINT('Origin',(4.18999999999995,-3.25,0.525054587221177));
#8847=CARTESIAN_POINT('',(-2.19500931035271,-3.25,0.525054587221177));
#8848=CARTESIAN_POINT('',(-2.23000000000008,-3.21500931035267,0.924999999999898));
#8849=CARTESIAN_POINT('',(-2.18830492291572,-3.25670438743699,0.448423088158431));
#8850=CARTESIAN_POINT('',(2.53326573627746,-3.25,0.525054587221184));
#8851=CARTESIAN_POINT('',(3.99075388574016,-3.25075388574021,0.516437633780309));
#8852=CARTESIAN_POINT('',(-2.22999999999996,-3.17126497858971,1.4249999999999));
#8853=CARTESIAN_POINT('',(-2.20500932017206,-3.14627429876182,1.71064477751419));
#8854=CARTESIAN_POINT('',(-2.23000000000007,-3.21093152976775,0.971609245364646));
#8855=CARTESIAN_POINT('Origin',(3.98999999999995,-3.25,0.525054587221177));
#8856=CARTESIAN_POINT('Origin',(-2.14907298623842,-3.25,2.35000000000002));
#8857=CARTESIAN_POINT('',(-2.22999999999996,-3.25,1.4249999999999));
#8858=CARTESIAN_POINT('Origin',(-2.22999999999996,-3.25,1.4249999999999));
#8859=CARTESIAN_POINT('',(-2.23000000000008,-3.25,0.924999999999898));
#8860=CARTESIAN_POINT('Origin',(-2.23000000000008,-3.25,0.924999999999898));
#8861=CARTESIAN_POINT('',(-2.14907298623854,-3.25,0.));
#8862=CARTESIAN_POINT('Origin',(0.876531472554961,-3.25,1.16396345901468));
#8863=CARTESIAN_POINT('Origin',(-2.77999999999997,0.475000000000081,0.925));
#8864=CARTESIAN_POINT('',(-2.77999999999997,0.475000000000081,0.925));
#8865=CARTESIAN_POINT('',(-3.02999999999997,0.475000000000082,0.925));
#8866=CARTESIAN_POINT('',(-2.77999999999997,0.475000000000081,0.925));
#8867=CARTESIAN_POINT('',(-3.02999999999997,0.475000000000082,1.425));
#8868=CARTESIAN_POINT('',(-3.02999999999997,0.475000000000082,0.925));
#8869=CARTESIAN_POINT('',(-2.77999999999997,0.475000000000081,1.425));
#8870=CARTESIAN_POINT('',(-2.77999999999997,0.475000000000081,1.425));
#8871=CARTESIAN_POINT('',(-2.77999999999997,0.475000000000081,0.925));
#8872=CARTESIAN_POINT('Origin',(-2.77999999999997,0.375000000000002,0.925));
#8873=CARTESIAN_POINT('',(-2.77999999999997,0.375000000000002,0.925));
#8874=CARTESIAN_POINT('',(-2.77999999999997,0.375000000000002,0.925));
#8875=CARTESIAN_POINT('',(-2.77999999999997,0.375000000000002,1.425));
#8876=CARTESIAN_POINT('',(-2.77999999999997,0.375000000000002,1.425));
#8877=CARTESIAN_POINT('',(-2.77999999999997,0.375000000000002,0.925));
#8878=CARTESIAN_POINT('Origin',(-2.22999999999996,0.375000000000001,0.925));
#8879=CARTESIAN_POINT('',(-2.22999999999996,0.375000000000001,0.925));
#8880=CARTESIAN_POINT('',(-2.22999999999996,0.375000000000001,0.925));
#8881=CARTESIAN_POINT('',(-2.22999999999996,0.375000000000001,1.425));
#8882=CARTESIAN_POINT('',(-2.22999999999996,0.375000000000001,1.425));
#8883=CARTESIAN_POINT('',(-2.22999999999996,0.375000000000001,0.925));
#8884=CARTESIAN_POINT('Origin',(-2.22999999999996,-0.374999999999999,0.925));
#8885=CARTESIAN_POINT('',(-2.22999999999996,-0.374999999999999,0.925));
#8886=CARTESIAN_POINT('',(-2.22999999999996,-0.374999999999999,0.925));
#8887=CARTESIAN_POINT('',(-2.22999999999996,-0.374999999999999,1.425));
#8888=CARTESIAN_POINT('',(-2.22999999999996,-0.374999999999999,1.425));
#8889=CARTESIAN_POINT('',(-2.22999999999996,-0.374999999999999,0.925));
#8890=CARTESIAN_POINT('Origin',(-2.77999999999997,-0.374999999999998,0.925));
#8891=CARTESIAN_POINT('',(-2.77999999999997,-0.374999999999998,0.925));
#8892=CARTESIAN_POINT('',(-2.77999999999997,-0.374999999999998,0.925));
#8893=CARTESIAN_POINT('',(-2.77999999999997,-0.374999999999998,1.425));
#8894=CARTESIAN_POINT('',(-2.77999999999997,-0.374999999999998,1.425));
#8895=CARTESIAN_POINT('',(-2.77999999999997,-0.374999999999998,0.925));
#8896=CARTESIAN_POINT('Origin',(-2.77999999999997,-0.475000000000021,0.925));
#8897=CARTESIAN_POINT('',(-2.77999999999997,-0.475000000000021,0.925));
#8898=CARTESIAN_POINT('',(-2.77999999999997,-0.475000000000021,0.925));
#8899=CARTESIAN_POINT('',(-2.77999999999997,-0.475000000000021,1.425));
#8900=CARTESIAN_POINT('',(-2.77999999999997,-0.475000000000021,1.425));
#8901=CARTESIAN_POINT('',(-2.77999999999997,-0.475000000000021,0.925));
#8902=CARTESIAN_POINT('Origin',(-3.02999999999997,-0.475000000000021,0.925));
#8903=CARTESIAN_POINT('',(-3.02999999999997,-0.475000000000021,0.925));
#8904=CARTESIAN_POINT('',(-3.02999999999997,-0.475000000000021,0.925));
#8905=CARTESIAN_POINT('',(-3.02999999999997,-0.475000000000021,1.425));
#8906=CARTESIAN_POINT('',(-3.02999999999997,-0.475000000000021,1.425));
#8907=CARTESIAN_POINT('',(-3.02999999999997,-0.475000000000021,0.925));
#8908=CARTESIAN_POINT('Origin',(-3.02999999999997,0.475000000000082,0.925));
#8909=CARTESIAN_POINT('',(-3.02999999999997,0.475000000000082,0.925));
#8910=CARTESIAN_POINT('',(-3.02999999999997,0.475000000000082,1.425));
#8911=CARTESIAN_POINT('Origin',(-2.66142857142855,2.12214642172889E-14,
1.425));
#8912=CARTESIAN_POINT('Origin',(-2.66142857142855,2.12115515117107E-14,
0.925));
#8913=CARTESIAN_POINT('Origin',(-3.64791907855811,-2.655,0.78320509967218));
#8914=CARTESIAN_POINT('',(-2.63000000000008,-2.655,0.924999999999992));
#8915=CARTESIAN_POINT('',(-2.63000000000008,-2.655,1.42500000000001));
#8916=CARTESIAN_POINT('',(-2.63000000000008,-2.655,0.85410254983609));
#8917=CARTESIAN_POINT('',(-2.23000000000008,-2.655,0.925000000000011));
#8918=CARTESIAN_POINT('',(-3.39710678118641,-2.655,0.924999999999955));
#8919=CARTESIAN_POINT('',(-2.23000000000008,-2.655,1.42500000000001));
#8920=CARTESIAN_POINT('',(-2.23000000000008,-2.655,0.925000000000011));
#8921=CARTESIAN_POINT('',(-2.23000000000008,-2.655,1.42500000000001));
#8922=CARTESIAN_POINT('Origin',(-3.64791907855811,-2.655,0.78320509967218));
#8923=CARTESIAN_POINT('',(-3.22999999999999,-2.655,1.42500000000001));
#8924=CARTESIAN_POINT('',(-3.22999999999999,-2.655,0.924999999999963));
#8925=CARTESIAN_POINT('',(-3.22999999999999,-2.655,0.85410254983609));
#8926=CARTESIAN_POINT('',(-3.39710678118641,-2.655,1.42500000000001));
#8927=CARTESIAN_POINT('',(-2.23000000000008,-2.655,1.42500000000001));
#8928=CARTESIAN_POINT('',(-4.13871647664934,-2.655,0.786870727160306));
#8929=CARTESIAN_POINT('Origin',(-3.3971067811864,-2.655,0.67500000000001));
#8930=CARTESIAN_POINT('',(-4.14990354936544,-2.655,0.712709757613595));
#8931=CARTESIAN_POINT('',(-4.13871647664934,-2.655,0.786870727160306));
#8932=CARTESIAN_POINT('',(-4.39710678118624,-2.655,0.500000000000341));
#8933=CARTESIAN_POINT('Origin',(-4.39710678118642,-2.655,0.750000000000349));
#8934=CARTESIAN_POINT('',(-4.98999999999995,-2.655,0.499999999999943));
#8935=CARTESIAN_POINT('',(-4.39710678118624,-2.655,0.500000000000341));
#8936=CARTESIAN_POINT('',(-4.98999999999995,-2.655,0.));
#8937=CARTESIAN_POINT('',(-4.98999999999995,-2.655,0.499999999999943));
#8938=CARTESIAN_POINT('',(-4.39710678118638,-2.655,5.6843418860808E-14));
#8939=CARTESIAN_POINT('',(-4.98999999999995,-2.655,0.));
#8940=CARTESIAN_POINT('',(-3.65549708572354,-2.655,0.638129272839649));
#8941=CARTESIAN_POINT('Origin',(-4.39710678118645,-2.655,0.750000000000045));
#8942=CARTESIAN_POINT('',(-3.64431001300739,-2.655,0.7122902423867));
#8943=CARTESIAN_POINT('',(-3.65549708572354,-2.655,0.638129272839649));
#8944=CARTESIAN_POINT('',(-3.39710678118641,-2.655,0.924999999999955));
#8945=CARTESIAN_POINT('Origin',(-3.39710678118638,-2.655,0.67499999999993));
#8946=CARTESIAN_POINT('',(-3.39710678118641,-2.655,0.924999999999955));
#8947=CARTESIAN_POINT('Origin',(-3.64791907855811,-1.905,0.78320509967218));
#8948=CARTESIAN_POINT('',(-2.63000000000008,-1.905,1.42500000000001));
#8949=CARTESIAN_POINT('',(-2.63000000000008,-1.905,0.924999999999992));
#8950=CARTESIAN_POINT('',(-2.63000000000008,-1.905,0.85410254983609));
#8951=CARTESIAN_POINT('',(-2.23000000000008,-1.905,1.42500000000001));
#8952=CARTESIAN_POINT('',(-2.23000000000008,-1.905,1.42500000000001));
#8953=CARTESIAN_POINT('',(-2.23000000000008,-1.905,0.925000000000011));
#8954=CARTESIAN_POINT('',(-2.23000000000008,-1.905,0.925000000000011));
#8955=CARTESIAN_POINT('',(-3.39710678118641,-1.905,0.924999999999955));
#8956=CARTESIAN_POINT('Origin',(-4.39710678118642,-2.655,0.750000000000349));
#8957=CARTESIAN_POINT('',(-4.14990354936543,-1.905,0.712709757613595));
#8958=CARTESIAN_POINT('',(-4.39710678118624,-1.905,0.500000000000341));
#8959=CARTESIAN_POINT('Origin',(-4.39710678118642,-1.905,0.750000000000349));
#8960=CARTESIAN_POINT('',(-4.39710678118624,-2.655,0.500000000000341));
#8961=CARTESIAN_POINT('',(-4.14990354936544,-2.655,0.712709757613595));
#8962=CARTESIAN_POINT('Origin',(-4.39710678118624,-2.655,0.500000000000341));
#8963=CARTESIAN_POINT('',(-4.98999999999995,-1.905,0.499999999999943));
#8964=CARTESIAN_POINT('',(-4.39710678118624,-1.905,0.500000000000341));
#8965=CARTESIAN_POINT('',(-4.98999999999995,-2.655,0.499999999999943));
#8966=CARTESIAN_POINT('Origin',(-4.98999999999995,-2.655,0.499999999999943));
#8967=CARTESIAN_POINT('',(-4.98999999999995,-1.905,0.));
#8968=CARTESIAN_POINT('',(-4.98999999999995,-1.905,0.499999999999943));
#8969=CARTESIAN_POINT('',(-4.98999999999995,-2.655,0.));
#8970=CARTESIAN_POINT('Origin',(-4.98999999999995,-2.655,0.));
#8971=CARTESIAN_POINT('',(-4.39710678118638,-1.905,5.6843418860808E-14));
#8972=CARTESIAN_POINT('',(-4.98999999999995,-1.905,0.));
#8973=CARTESIAN_POINT('',(-4.39710678118638,-2.655,5.6843418860808E-14));
#8974=CARTESIAN_POINT('Origin',(-4.39710678118645,-2.655,0.750000000000045));
#8975=CARTESIAN_POINT('',(-3.65549708572354,-1.905,0.638129272839649));
#8976=CARTESIAN_POINT('Origin',(-4.39710678118645,-1.905,0.750000000000045));
#8977=CARTESIAN_POINT('',(-3.65549708572354,-2.655,0.638129272839649));
#8978=CARTESIAN_POINT('Origin',(-3.65549708572354,-2.655,0.638129272839649));
#8979=CARTESIAN_POINT('',(-3.64431001300739,-1.905,0.7122902423867));
#8980=CARTESIAN_POINT('',(-3.65549708572354,-1.905,0.638129272839649));
#8981=CARTESIAN_POINT('',(-3.64431001300739,-2.655,0.7122902423867));
#8982=CARTESIAN_POINT('Origin',(-3.39710678118638,-2.655,0.67499999999993));
#8983=CARTESIAN_POINT('',(-3.39710678118641,-1.905,0.924999999999955));
#8984=CARTESIAN_POINT('Origin',(-3.39710678118638,-1.905,0.67499999999993));
#8985=CARTESIAN_POINT('',(-3.39710678118641,-2.655,0.924999999999955));
#8986=CARTESIAN_POINT('Origin',(-2.23000000000008,-2.655,0.925000000000011));
#8987=CARTESIAN_POINT('',(-2.23000000000008,-2.655,1.42500000000001));
#8988=CARTESIAN_POINT('',(-2.23000000000008,-2.655,0.925000000000011));
#8989=CARTESIAN_POINT('Origin',(-3.3971067811864,-2.655,0.67500000000001));
#8990=CARTESIAN_POINT('',(-3.39710678118641,-1.905,1.42500000000001));
#8991=CARTESIAN_POINT('',(-4.13871647664934,-1.905,0.786870727160306));
#8992=CARTESIAN_POINT('Origin',(-3.3971067811864,-1.905,0.67500000000001));
#8993=CARTESIAN_POINT('',(-4.13871647664934,-2.655,0.786870727160306));
#8994=CARTESIAN_POINT('',(-3.39710678118641,-2.655,1.42500000000001));
#8995=CARTESIAN_POINT('Origin',(-4.13871647664934,-2.655,0.786870727160306));
#8996=CARTESIAN_POINT('',(-4.13871647664934,-1.905,0.786870727160306));
#8997=CARTESIAN_POINT('Origin',(-3.64791907855811,-1.905,0.78320509967218));
#8998=CARTESIAN_POINT('',(-3.22999999999999,-1.905,0.924999999999963));
#8999=CARTESIAN_POINT('',(-3.22999999999999,-1.905,1.42500000000001));
#9000=CARTESIAN_POINT('',(-3.22999999999999,-1.905,0.85410254983609));
#9001=CARTESIAN_POINT('',(-3.39710678118641,-1.905,0.924999999999955));
#9002=CARTESIAN_POINT('',(-2.23000000000008,-1.905,1.42500000000001));
#9003=CARTESIAN_POINT('Origin',(-3.22999999999999,-2.75499999999994,0.925));
#9004=CARTESIAN_POINT('',(-3.22999999999999,-1.80499999999995,1.425));
#9005=CARTESIAN_POINT('',(-3.22999999999999,-2.75499999999994,1.425));
#9006=CARTESIAN_POINT('',(-3.22999999999999,-1.80499999999995,0.925));
#9007=CARTESIAN_POINT('',(-3.22999999999999,-1.80499999999995,0.925));
#9008=CARTESIAN_POINT('',(-3.22999999999999,-2.75499999999994,0.925));
#9009=CARTESIAN_POINT('Origin',(-2.93000000000004,-2.27999999999994,0.925));
#9010=CARTESIAN_POINT('',(-2.63000000000008,-2.75499999999994,0.925));
#9011=CARTESIAN_POINT('',(-2.63000000000008,-1.80499999999995,0.925));
#9012=CARTESIAN_POINT('',(-3.22999999999999,-2.75499999999994,0.925));
#9013=CARTESIAN_POINT('',(-2.63000000000008,-2.75499999999994,0.925));
#9014=CARTESIAN_POINT('',(-3.22999999999999,-2.75499999999994,0.925));
#9015=CARTESIAN_POINT('',(-2.63000000000008,-1.80499999999995,0.925));
#9016=CARTESIAN_POINT('',(-3.22999999999999,-1.80499999999995,0.925));
#9017=CARTESIAN_POINT('',(-2.63000000000008,-1.80499999999995,0.925));
#9018=CARTESIAN_POINT('Origin',(-2.93000000000004,-2.27999999999994,1.425));
#9019=CARTESIAN_POINT('',(-2.63000000000008,-1.80499999999995,1.425));
#9020=CARTESIAN_POINT('',(-2.63000000000008,-1.80499999999995,1.425));
#9021=CARTESIAN_POINT('',(-3.22999999999999,-1.80499999999995,1.425));
#9022=CARTESIAN_POINT('',(-3.22999999999999,-2.75499999999994,1.425));
#9023=CARTESIAN_POINT('',(-3.22999999999999,-2.75499999999994,1.425));
#9024=CARTESIAN_POINT('',(-2.63000000000008,-2.75499999999994,1.425));
#9025=CARTESIAN_POINT('',(-2.63000000000008,-2.75499999999994,1.425));
#9026=CARTESIAN_POINT('',(-2.63000000000008,-1.80499999999995,1.425));
#9027=CARTESIAN_POINT('Origin',(-2.63000000000008,-1.80499999999995,0.925));
#9028=CARTESIAN_POINT('',(-2.63000000000008,-1.80499999999995,0.925));
#9029=CARTESIAN_POINT('Origin',(-2.63000000000008,-1.80499999999995,0.925));
#9030=CARTESIAN_POINT('',(-2.63000000000008,-2.75499999999994,0.925));
#9031=CARTESIAN_POINT('Origin',(-2.63000000000008,-2.75499999999994,0.925));
#9032=CARTESIAN_POINT('',(-3.22999999999999,-2.75499999999994,0.925));
#9033=CARTESIAN_POINT('Origin',(-3.22999999999999,-2.75499999999994,0.925));
#9034=CARTESIAN_POINT('Origin',(-3.22999999999999,-1.80499999999995,0.925));
#9035=CARTESIAN_POINT('Origin',(-3.64791907855811,1.905,0.78320509967218));
#9036=CARTESIAN_POINT('',(-2.63000000000008,1.905,0.924999999999992));
#9037=CARTESIAN_POINT('',(-2.63000000000008,1.905,1.42500000000001));
#9038=CARTESIAN_POINT('',(-2.63000000000008,1.905,0.85410254983609));
#9039=CARTESIAN_POINT('',(-2.23000000000008,1.905,0.925000000000011));
#9040=CARTESIAN_POINT('',(-3.39710678118641,1.905,0.924999999999955));
#9041=CARTESIAN_POINT('',(-2.23000000000008,1.905,1.42500000000001));
#9042=CARTESIAN_POINT('',(-2.23000000000008,1.905,0.925000000000011));
#9043=CARTESIAN_POINT('',(-2.23000000000008,1.905,1.42500000000001));
#9044=CARTESIAN_POINT('Origin',(-3.64791907855811,1.905,0.78320509967218));
#9045=CARTESIAN_POINT('',(-3.22999999999999,1.905,1.42500000000001));
#9046=CARTESIAN_POINT('',(-3.22999999999999,1.905,0.924999999999963));
#9047=CARTESIAN_POINT('',(-3.22999999999999,1.905,0.85410254983609));
#9048=CARTESIAN_POINT('',(-3.39710678118641,1.905,1.42500000000001));
#9049=CARTESIAN_POINT('',(-2.23000000000008,1.905,1.42500000000001));
#9050=CARTESIAN_POINT('',(-4.13871647664934,1.905,0.786870727160306));
#9051=CARTESIAN_POINT('Origin',(-3.3971067811864,1.905,0.67500000000001));
#9052=CARTESIAN_POINT('',(-4.14990354936543,1.905,0.712709757613595));
#9053=CARTESIAN_POINT('',(-4.13871647664934,1.905,0.786870727160306));
#9054=CARTESIAN_POINT('',(-4.39710678118624,1.905,0.500000000000341));
#9055=CARTESIAN_POINT('Origin',(-4.39710678118642,1.905,0.750000000000349));
#9056=CARTESIAN_POINT('',(-4.98999999999995,1.905,0.499999999999943));
#9057=CARTESIAN_POINT('',(-4.39710678118624,1.905,0.500000000000341));
#9058=CARTESIAN_POINT('',(-4.98999999999995,1.905,0.));
#9059=CARTESIAN_POINT('',(-4.98999999999995,1.905,0.499999999999943));
#9060=CARTESIAN_POINT('',(-4.39710678118638,1.905,5.6843418860808E-14));
#9061=CARTESIAN_POINT('',(-4.98999999999995,1.905,0.));
#9062=CARTESIAN_POINT('',(-3.65549708572354,1.905,0.638129272839649));
#9063=CARTESIAN_POINT('Origin',(-4.39710678118645,1.905,0.750000000000045));
#9064=CARTESIAN_POINT('',(-3.64431001300739,1.905,0.7122902423867));
#9065=CARTESIAN_POINT('',(-3.65549708572354,1.905,0.638129272839649));
#9066=CARTESIAN_POINT('',(-3.39710678118641,1.905,0.924999999999955));
#9067=CARTESIAN_POINT('Origin',(-3.39710678118638,1.905,0.67499999999993));
#9068=CARTESIAN_POINT('',(-3.39710678118641,1.905,0.924999999999955));
#9069=CARTESIAN_POINT('Origin',(-3.64791907855811,2.655,0.78320509967218));
#9070=CARTESIAN_POINT('',(-2.63000000000008,2.655,1.42500000000001));
#9071=CARTESIAN_POINT('',(-2.63000000000008,2.655,0.924999999999992));
#9072=CARTESIAN_POINT('',(-2.63000000000008,2.655,0.85410254983609));
#9073=CARTESIAN_POINT('',(-2.23000000000008,2.655,1.42500000000001));
#9074=CARTESIAN_POINT('',(-2.23000000000008,2.655,1.42500000000001));
#9075=CARTESIAN_POINT('',(-2.23000000000008,2.655,0.925000000000011));
#9076=CARTESIAN_POINT('',(-2.23000000000008,2.655,0.925000000000011));
#9077=CARTESIAN_POINT('',(-3.39710678118641,2.655,0.924999999999955));
#9078=CARTESIAN_POINT('Origin',(-4.39710678118642,1.905,0.750000000000349));
#9079=CARTESIAN_POINT('',(-4.14990354936543,2.655,0.712709757613595));
#9080=CARTESIAN_POINT('',(-4.39710678118624,2.655,0.500000000000341));
#9081=CARTESIAN_POINT('Origin',(-4.39710678118642,2.655,0.750000000000349));
#9082=CARTESIAN_POINT('',(-4.39710678118624,1.905,0.500000000000341));
#9083=CARTESIAN_POINT('',(-4.14990354936543,1.905,0.712709757613595));
#9084=CARTESIAN_POINT('Origin',(-4.39710678118624,1.905,0.500000000000341));
#9085=CARTESIAN_POINT('',(-4.98999999999995,2.655,0.499999999999943));
#9086=CARTESIAN_POINT('',(-4.39710678118624,2.655,0.500000000000341));
#9087=CARTESIAN_POINT('',(-4.98999999999995,1.905,0.499999999999943));
#9088=CARTESIAN_POINT('Origin',(-4.98999999999995,1.905,0.499999999999943));
#9089=CARTESIAN_POINT('',(-4.98999999999995,2.655,0.));
#9090=CARTESIAN_POINT('',(-4.98999999999995,2.655,0.499999999999943));
#9091=CARTESIAN_POINT('',(-4.98999999999995,1.905,0.));
#9092=CARTESIAN_POINT('Origin',(-4.98999999999995,1.905,0.));
#9093=CARTESIAN_POINT('',(-4.39710678118638,2.655,5.6843418860808E-14));
#9094=CARTESIAN_POINT('',(-4.98999999999995,2.655,0.));
#9095=CARTESIAN_POINT('',(-4.39710678118638,1.905,5.6843418860808E-14));
#9096=CARTESIAN_POINT('Origin',(-4.39710678118645,1.905,0.750000000000045));
#9097=CARTESIAN_POINT('',(-3.65549708572354,2.655,0.638129272839649));
#9098=CARTESIAN_POINT('Origin',(-4.39710678118645,2.655,0.750000000000045));
#9099=CARTESIAN_POINT('',(-3.65549708572354,1.905,0.638129272839649));
#9100=CARTESIAN_POINT('Origin',(-3.65549708572354,1.905,0.638129272839649));
#9101=CARTESIAN_POINT('',(-3.64431001300739,2.655,0.7122902423867));
#9102=CARTESIAN_POINT('',(-3.65549708572354,2.655,0.638129272839649));
#9103=CARTESIAN_POINT('',(-3.64431001300739,1.905,0.7122902423867));
#9104=CARTESIAN_POINT('Origin',(-3.39710678118638,1.905,0.67499999999993));
#9105=CARTESIAN_POINT('',(-3.39710678118641,2.655,0.924999999999955));
#9106=CARTESIAN_POINT('Origin',(-3.39710678118638,2.655,0.67499999999993));
#9107=CARTESIAN_POINT('',(-3.39710678118641,1.905,0.924999999999955));
#9108=CARTESIAN_POINT('Origin',(-2.23000000000008,1.905,0.925000000000011));
#9109=CARTESIAN_POINT('',(-2.23000000000008,1.905,1.42500000000001));
#9110=CARTESIAN_POINT('',(-2.23000000000008,1.905,0.925000000000011));
#9111=CARTESIAN_POINT('Origin',(-3.3971067811864,1.905,0.67500000000001));
#9112=CARTESIAN_POINT('',(-3.39710678118641,2.655,1.42500000000001));
#9113=CARTESIAN_POINT('',(-4.13871647664933,2.655,0.786870727160306));
#9114=CARTESIAN_POINT('Origin',(-3.3971067811864,2.655,0.67500000000001));
#9115=CARTESIAN_POINT('',(-4.13871647664934,1.905,0.786870727160306));
#9116=CARTESIAN_POINT('',(-3.39710678118641,1.905,1.42500000000001));
#9117=CARTESIAN_POINT('Origin',(-4.13871647664934,1.905,0.786870727160306));
#9118=CARTESIAN_POINT('',(-4.13871647664933,2.655,0.786870727160306));
#9119=CARTESIAN_POINT('Origin',(-3.64791907855811,2.655,0.78320509967218));
#9120=CARTESIAN_POINT('',(-3.22999999999999,2.655,0.924999999999963));
#9121=CARTESIAN_POINT('',(-3.22999999999999,2.655,1.42500000000001));
#9122=CARTESIAN_POINT('',(-3.22999999999999,2.655,0.85410254983609));
#9123=CARTESIAN_POINT('',(-3.39710678118641,2.655,0.924999999999955));
#9124=CARTESIAN_POINT('',(-2.23000000000008,2.655,1.42500000000001));
#9125=CARTESIAN_POINT('Origin',(-3.22999999999999,1.80500000000006,0.925));
#9126=CARTESIAN_POINT('',(-3.22999999999999,2.75500000000005,1.425));
#9127=CARTESIAN_POINT('',(-3.22999999999999,1.80500000000006,1.425));
#9128=CARTESIAN_POINT('',(-3.22999999999999,2.75500000000005,0.925));
#9129=CARTESIAN_POINT('',(-3.22999999999999,2.75500000000005,0.925));
#9130=CARTESIAN_POINT('',(-3.22999999999999,1.80500000000006,0.925));
#9131=CARTESIAN_POINT('Origin',(-2.93000000000004,2.28000000000006,0.925));
#9132=CARTESIAN_POINT('',(-2.63000000000008,1.80500000000006,0.925));
#9133=CARTESIAN_POINT('',(-2.63000000000008,2.75500000000005,0.925));
#9134=CARTESIAN_POINT('',(-3.22999999999999,1.80500000000006,0.925));
#9135=CARTESIAN_POINT('',(-2.63000000000008,1.80500000000006,0.925));
#9136=CARTESIAN_POINT('',(-3.22999999999999,1.80500000000006,0.925));
#9137=CARTESIAN_POINT('',(-2.63000000000008,2.75500000000005,0.925));
#9138=CARTESIAN_POINT('',(-3.22999999999999,2.75500000000005,0.925));
#9139=CARTESIAN_POINT('',(-2.63000000000008,2.75500000000005,0.925));
#9140=CARTESIAN_POINT('Origin',(-2.93000000000004,2.28000000000006,1.425));
#9141=CARTESIAN_POINT('',(-2.63000000000008,2.75500000000005,1.425));
#9142=CARTESIAN_POINT('',(-2.63000000000008,2.75500000000005,1.425));
#9143=CARTESIAN_POINT('',(-3.22999999999999,2.75500000000005,1.425));
#9144=CARTESIAN_POINT('',(-3.22999999999999,1.80500000000006,1.425));
#9145=CARTESIAN_POINT('',(-3.22999999999999,1.80500000000006,1.425));
#9146=CARTESIAN_POINT('',(-2.63000000000008,1.80500000000006,1.425));
#9147=CARTESIAN_POINT('',(-2.63000000000008,1.80500000000006,1.425));
#9148=CARTESIAN_POINT('',(-2.63000000000008,2.75500000000005,1.425));
#9149=CARTESIAN_POINT('Origin',(-2.63000000000008,2.75500000000005,0.925));
#9150=CARTESIAN_POINT('',(-2.63000000000008,2.75500000000005,0.925));
#9151=CARTESIAN_POINT('Origin',(-2.63000000000008,2.75500000000005,0.925));
#9152=CARTESIAN_POINT('',(-2.63000000000008,1.80500000000006,0.925));
#9153=CARTESIAN_POINT('Origin',(-2.63000000000008,1.80500000000006,0.925));
#9154=CARTESIAN_POINT('',(-3.22999999999999,1.80500000000006,0.925));
#9155=CARTESIAN_POINT('Origin',(-3.22999999999999,1.80500000000006,0.925));
#9156=CARTESIAN_POINT('Origin',(-3.22999999999999,2.75500000000005,0.925));
#9157=CARTESIAN_POINT('Origin',(3.24966933134175,-1.00000000000017,0.));
#9158=CARTESIAN_POINT('',(3.24966933134175,-1.00000000000017,0.13));
#9159=CARTESIAN_POINT('',(3.24966933134175,0.999999999999829,0.13));
#9160=CARTESIAN_POINT('',(3.24966933134175,-1.00000000000017,0.13));
#9161=CARTESIAN_POINT('',(3.24966933134175,-1.00000000000017,0.));
#9162=CARTESIAN_POINT('',(3.24966933134175,-1.00000000000017,0.));
#9163=CARTESIAN_POINT('',(3.24966933134175,0.999999999999829,0.));
#9164=CARTESIAN_POINT('',(3.24966933134175,-0.500000000000086,0.));
#9165=CARTESIAN_POINT('',(3.24966933134175,0.999999999999829,0.));
#9166=CARTESIAN_POINT('Origin',(3.24966933134175,0.999999999999829,0.));
#9167=CARTESIAN_POINT('',(3.85033066865822,0.999999999999772,0.13));
#9168=CARTESIAN_POINT('',(3.24966933134175,0.999999999999829,0.13));
#9169=CARTESIAN_POINT('',(3.85033066865822,0.999999999999772,0.));
#9170=CARTESIAN_POINT('',(2.89160830299717,0.999999999999863,0.));
#9171=CARTESIAN_POINT('',(3.85033066865822,0.999999999999772,0.));
#9172=CARTESIAN_POINT('Origin',(3.85033066865822,0.999999999999772,0.));
#9173=CARTESIAN_POINT('',(3.85033066865822,-1.00000000000017,0.13));
#9174=CARTESIAN_POINT('',(3.85033066865822,0.999999999999772,0.13));
#9175=CARTESIAN_POINT('',(3.85033066865822,-1.00000000000017,0.));
#9176=CARTESIAN_POINT('',(3.85033066865822,0.499999999999886,0.));
#9177=CARTESIAN_POINT('',(3.85033066865822,-1.00000000000017,0.));
#9178=CARTESIAN_POINT('Origin',(3.85033066865822,-1.00000000000017,0.));
#9179=CARTESIAN_POINT('',(3.85033066865822,-1.00000000000017,0.13));
#9180=CARTESIAN_POINT('',(3.19193897165536,-1.00000000000017,0.));
#9181=CARTESIAN_POINT('Origin',(3.54999999999998,-1.85369262646966E-13,
0.13));
#9182=CARTESIAN_POINT('Origin',(0.0500000000001534,-0.500000000000057,0.));
#9183=CARTESIAN_POINT('',(0.0500000000001534,-0.500000000000057,0.03));
#9184=CARTESIAN_POINT('',(-0.249999999999972,-0.500000000000057,0.03));
#9185=CARTESIAN_POINT('',(0.0500000000001534,-0.500000000000057,0.03));
#9186=CARTESIAN_POINT('',(0.0500000000001534,-0.500000000000057,0.));
#9187=CARTESIAN_POINT('',(0.0500000000001534,-0.500000000000057,0.));
#9188=CARTESIAN_POINT('',(-0.249999999999972,-0.500000000000057,0.));
#9189=CARTESIAN_POINT('',(1.29177363732633,-0.500000000000057,0.));
#9190=CARTESIAN_POINT('',(-0.249999999999972,-0.500000000000057,0.));
#9191=CARTESIAN_POINT('Origin',(-0.249999999999972,0.499999999999943,0.));
#9192=CARTESIAN_POINT('',(-0.249999999999972,0.499999999999943,0.03));
#9193=CARTESIAN_POINT('',(0.0500000000001536,0.499999999999943,0.03));
#9194=CARTESIAN_POINT('',(-0.249999999999972,0.499999999999943,0.03));
#9195=CARTESIAN_POINT('',(-0.249999999999972,0.499999999999943,0.));
#9196=CARTESIAN_POINT('',(-0.249999999999972,0.499999999999943,0.));
#9197=CARTESIAN_POINT('',(0.0500000000001536,0.499999999999943,0.));
#9198=CARTESIAN_POINT('',(1.14177363732626,0.499999999999943,0.));
#9199=CARTESIAN_POINT('',(0.0500000000001536,0.499999999999943,0.));
#9200=CARTESIAN_POINT('Origin',(0.0500000000001536,0.499999999999943,0.));
#9201=CARTESIAN_POINT('',(0.0500000000001536,0.499999999999943,0.03));
#9202=CARTESIAN_POINT('',(0.0500000000001535,0.249999999999971,0.));
#9203=CARTESIAN_POINT('Origin',(-0.0999999999999091,-5.68181108715968E-14,
0.03));
#9204=CARTESIAN_POINT('',(-0.249999999999972,-1.25000000000009,0.03));
#9205=CARTESIAN_POINT('Origin',(-0.249999999999972,-2.50000000000011,0.));
#9206=CARTESIAN_POINT('',(-0.249999999999972,-2.50000000000011,0.));
#9207=CARTESIAN_POINT('',(-0.249999999999971,2.5,0.));
#9208=CARTESIAN_POINT('',(-0.249999999999972,-2.50000000000011,0.5));
#9209=CARTESIAN_POINT('',(-0.249999999999972,-2.50000000000011,0.));
#9210=CARTESIAN_POINT('',(-0.249999999999971,2.5,0.5));
#9211=CARTESIAN_POINT('',(-0.249999999999971,2.5,0.5));
#9212=CARTESIAN_POINT('',(-0.249999999999971,2.5,0.));
#9213=CARTESIAN_POINT('',(-0.249999999999971,2.5,0.));
#9214=CARTESIAN_POINT('',(-0.249999999999971,2.5,0.));
#9215=CARTESIAN_POINT('Origin',(-0.249999999999971,2.5,0.));
#9216=CARTESIAN_POINT('',(3.45000000000005,2.49999999999994,0.5));
#9217=CARTESIAN_POINT('',(3.45000000000005,2.49999999999994,0.5));
#9218=CARTESIAN_POINT('',(3.45000000000005,2.49999999999994,0.));
#9219=CARTESIAN_POINT('',(3.45000000000005,2.49999999999994,0.));
#9220=CARTESIAN_POINT('',(3.45000000000005,2.49999999999994,0.));
#9221=CARTESIAN_POINT('Origin',(3.45000000000005,2.49999999999994,0.));
#9222=CARTESIAN_POINT('',(3.45000000000002,2.19999999999987,0.5));
#9223=CARTESIAN_POINT('',(3.45000000000002,2.19999999999987,0.5));
#9224=CARTESIAN_POINT('',(3.45000000000002,2.19999999999987,0.));
#9225=CARTESIAN_POINT('',(3.45000000000002,2.19999999999987,0.));
#9226=CARTESIAN_POINT('',(3.45000000000002,2.19999999999987,0.));
#9227=CARTESIAN_POINT('Origin',(3.65000000000002,2.19999999999987,0.));
#9228=CARTESIAN_POINT('',(3.85000000000002,2.19999999999987,0.5));
#9229=CARTESIAN_POINT('Origin',(3.65000000000002,2.19999999999987,0.5));
#9230=CARTESIAN_POINT('',(3.85000000000002,2.19999999999987,0.));
#9231=CARTESIAN_POINT('',(3.85000000000002,2.19999999999987,0.));
#9232=CARTESIAN_POINT('Origin',(3.65000000000002,2.19999999999987,0.));
#9233=CARTESIAN_POINT('Origin',(3.85000000000002,2.19999999999987,0.));
#9234=CARTESIAN_POINT('',(3.85000000000005,2.70000000000004,0.5));
#9235=CARTESIAN_POINT('',(3.85000000000005,2.70000000000004,0.5));
#9236=CARTESIAN_POINT('',(3.85000000000005,2.70000000000004,0.));
#9237=CARTESIAN_POINT('',(3.85000000000005,2.70000000000004,0.));
#9238=CARTESIAN_POINT('',(3.85000000000005,2.70000000000004,0.));
#9239=CARTESIAN_POINT('Origin',(3.85000000000005,2.70000000000004,0.));
#9240=CARTESIAN_POINT('',(4.98999999999995,2.70000000000004,0.5));
#9241=CARTESIAN_POINT('',(4.98999999999995,2.70000000000004,0.5));
#9242=CARTESIAN_POINT('',(4.98999999999995,2.70000000000004,0.));
#9243=CARTESIAN_POINT('',(4.98999999999995,2.70000000000004,0.));
#9244=CARTESIAN_POINT('',(4.98999999999995,2.70000000000004,0.));
#9245=CARTESIAN_POINT('Origin',(4.98999999999995,2.70000000000004,0.));
#9246=CARTESIAN_POINT('',(4.98999999999995,1.89999999999998,0.5));
#9247=CARTESIAN_POINT('',(4.98999999999995,1.89999999999998,0.5));
#9248=CARTESIAN_POINT('',(4.98999999999995,1.89999999999998,0.));
#9249=CARTESIAN_POINT('',(4.98999999999995,1.89999999999998,0.));
#9250=CARTESIAN_POINT('',(4.98999999999995,1.89999999999998,0.));
#9251=CARTESIAN_POINT('Origin',(4.98999999999995,1.89999999999998,0.));
#9252=CARTESIAN_POINT('',(4.89000000000001,1.89999999999995,0.5));
#9253=CARTESIAN_POINT('',(4.89000000000001,1.89999999999995,0.5));
#9254=CARTESIAN_POINT('',(4.89000000000001,1.89999999999995,0.));
#9255=CARTESIAN_POINT('',(4.89000000000001,1.89999999999995,0.));
#9256=CARTESIAN_POINT('',(4.89000000000001,1.89999999999995,0.));
#9257=CARTESIAN_POINT('Origin',(4.89000000000001,1.79999999999995,0.));
#9258=CARTESIAN_POINT('',(4.79000000000002,1.79999999999995,0.5));
#9259=CARTESIAN_POINT('Origin',(4.89000000000001,1.79999999999995,0.5));
#9260=CARTESIAN_POINT('',(4.79000000000002,1.79999999999995,0.));
#9261=CARTESIAN_POINT('',(4.79000000000002,1.79999999999995,0.));
#9262=CARTESIAN_POINT('Origin',(4.89000000000001,1.79999999999995,0.));
#9263=CARTESIAN_POINT('Origin',(4.79000000000002,1.79999999999995,0.));
#9264=CARTESIAN_POINT('',(4.78999999999999,-1.80000000000001,0.5));
#9265=CARTESIAN_POINT('',(4.78999999999999,-1.80000000000001,0.5));
#9266=CARTESIAN_POINT('',(4.78999999999999,-1.80000000000001,0.));
#9267=CARTESIAN_POINT('',(4.78999999999999,-1.80000000000001,0.));
#9268=CARTESIAN_POINT('',(4.78999999999999,-1.80000000000001,0.));
#9269=CARTESIAN_POINT('Origin',(4.89,-1.8,0.));
#9270=CARTESIAN_POINT('',(4.89000000000001,-1.90000000000001,0.5));
#9271=CARTESIAN_POINT('Origin',(4.89,-1.8,0.5));
#9272=CARTESIAN_POINT('',(4.89000000000001,-1.90000000000001,0.));
#9273=CARTESIAN_POINT('',(4.89000000000001,-1.90000000000001,0.));
#9274=CARTESIAN_POINT('Origin',(4.89,-1.8,0.));
#9275=CARTESIAN_POINT('Origin',(4.89000000000001,-1.90000000000001,0.));
#9276=CARTESIAN_POINT('',(4.98999999999995,-1.90000000000004,0.5));
#9277=CARTESIAN_POINT('',(4.98999999999995,-1.90000000000004,0.5));
#9278=CARTESIAN_POINT('',(4.98999999999995,-1.90000000000004,0.));
#9279=CARTESIAN_POINT('',(4.98999999999995,-1.90000000000004,0.));
#9280=CARTESIAN_POINT('',(4.98999999999995,-1.90000000000004,0.));
#9281=CARTESIAN_POINT('Origin',(4.98999999999995,-1.90000000000004,0.));
#9282=CARTESIAN_POINT('',(4.98999999999995,-2.69999999999993,0.5));
#9283=CARTESIAN_POINT('',(4.98999999999995,-2.69999999999993,0.5));
#9284=CARTESIAN_POINT('',(4.98999999999995,-2.69999999999993,0.));
#9285=CARTESIAN_POINT('',(4.98999999999995,-2.69999999999993,0.));
#9286=CARTESIAN_POINT('',(4.98999999999995,-2.69999999999993,0.));
#9287=CARTESIAN_POINT('Origin',(4.98999999999995,-2.69999999999993,0.));
#9288=CARTESIAN_POINT('',(3.85000000000002,-2.69999999999999,0.5));
#9289=CARTESIAN_POINT('',(3.85000000000002,-2.69999999999999,0.5));
#9290=CARTESIAN_POINT('',(3.85000000000002,-2.69999999999999,0.));
#9291=CARTESIAN_POINT('',(3.85000000000002,-2.69999999999999,0.));
#9292=CARTESIAN_POINT('',(3.85000000000002,-2.69999999999999,0.));
#9293=CARTESIAN_POINT('Origin',(3.85000000000002,-2.69999999999999,0.));
#9294=CARTESIAN_POINT('',(3.84999999999999,-2.20000000000005,0.5));
#9295=CARTESIAN_POINT('',(3.84999999999999,-2.20000000000005,0.5));
#9296=CARTESIAN_POINT('',(3.84999999999999,-2.20000000000005,0.));
#9297=CARTESIAN_POINT('',(3.84999999999999,-2.20000000000005,0.));
#9298=CARTESIAN_POINT('',(3.84999999999999,-2.20000000000005,0.));
#9299=CARTESIAN_POINT('Origin',(3.65000000000001,-2.20000000000005,0.));
#9300=CARTESIAN_POINT('',(3.45000000000002,-2.20000000000005,0.5));
#9301=CARTESIAN_POINT('Origin',(3.65000000000001,-2.20000000000005,0.5));
#9302=CARTESIAN_POINT('',(3.45000000000002,-2.20000000000005,0.));
#9303=CARTESIAN_POINT('',(3.45000000000002,-2.20000000000005,0.));
#9304=CARTESIAN_POINT('Origin',(3.65000000000001,-2.20000000000005,0.));
#9305=CARTESIAN_POINT('Origin',(3.45000000000002,-2.20000000000005,0.));
#9306=CARTESIAN_POINT('',(3.45000000000002,-2.50000000000011,0.5));
#9307=CARTESIAN_POINT('',(3.45000000000002,-2.50000000000011,0.5));
#9308=CARTESIAN_POINT('',(3.45000000000002,-2.50000000000011,0.));
#9309=CARTESIAN_POINT('',(3.45000000000002,-2.50000000000011,0.));
#9310=CARTESIAN_POINT('',(3.45000000000002,-2.50000000000011,0.));
#9311=CARTESIAN_POINT('Origin',(3.45000000000002,-2.50000000000011,0.));
#9312=CARTESIAN_POINT('',(-0.249999999999972,-2.50000000000011,0.5));
#9313=CARTESIAN_POINT('',(-0.249999999999972,-2.50000000000011,0.));
#9314=CARTESIAN_POINT('Origin',(2.5335472746525,-6.66617636750633E-16,0.));
#9315=CARTESIAN_POINT('Origin',(2.5335472746525,-5.5320402488315E-16,0.5));
#9316=UNCERTAINTY_MEASURE_WITH_UNIT(LENGTH_MEASURE(0.01),#9320,
'DISTANCE_ACCURACY_VALUE',
'Maximum model space distance between geometric entities at asserted c
onnectivities');
#9317=UNCERTAINTY_MEASURE_WITH_UNIT(LENGTH_MEASURE(0.01),#9320,
'DISTANCE_ACCURACY_VALUE',
'Maximum model space distance between geometric entities at asserted c
onnectivities');
#9318=(
GEOMETRIC_REPRESENTATION_CONTEXT(3)
GLOBAL_UNCERTAINTY_ASSIGNED_CONTEXT((#9316))
GLOBAL_UNIT_ASSIGNED_CONTEXT((#9320,#9322,#9321))
REPRESENTATION_CONTEXT('','3D')
);
#9319=(
GEOMETRIC_REPRESENTATION_CONTEXT(3)
GLOBAL_UNCERTAINTY_ASSIGNED_CONTEXT((#9317))
GLOBAL_UNIT_ASSIGNED_CONTEXT((#9320,#9322,#9321))
REPRESENTATION_CONTEXT('','3D')
);
#9320=(
LENGTH_UNIT()
NAMED_UNIT(*)
SI_UNIT(.MILLI.,.METRE.)
);
#9321=(
NAMED_UNIT(*)
SI_UNIT($,.STERADIAN.)
SOLID_ANGLE_UNIT()
);
#9322=(
NAMED_UNIT(*)
PLANE_ANGLE_UNIT()
SI_UNIT($,.RADIAN.)
);
#9323=SHAPE_DEFINITION_REPRESENTATION(#9324,#9325);
#9324=PRODUCT_DEFINITION_SHAPE('',$,#9327);
#9325=SHAPE_REPRESENTATION('',(#5490),#9318);
#9326=PRODUCT_DEFINITION_CONTEXT('part definition',#9331,'design');
#9327=PRODUCT_DEFINITION('Product','Product',#9328,#9326);
#9328=PRODUCT_DEFINITION_FORMATION('',$,#9333);
#9329=PRODUCT_RELATED_PRODUCT_CATEGORY('Product','Product',(#9333));
#9330=APPLICATION_PROTOCOL_DEFINITION('international standard',
'automotive_design',2009,#9331);
#9331=APPLICATION_CONTEXT(
'Core Data for Automotive Mechanical Design Process');
#9332=PRODUCT_CONTEXT('part definition',#9331,'mechanical');
#9333=PRODUCT('Product','Product',$,(#9332));
#9334=PRESENTATION_STYLE_ASSIGNMENT((#9337));
#9335=PRESENTATION_STYLE_ASSIGNMENT((#9338));
#9336=PRESENTATION_STYLE_ASSIGNMENT((#9339));
#9337=SURFACE_STYLE_USAGE(.BOTH.,#9340);
#9338=SURFACE_STYLE_USAGE(.BOTH.,#9341);
#9339=SURFACE_STYLE_USAGE(.BOTH.,#9342);
#9340=SURFACE_SIDE_STYLE('',(#9343));
#9341=SURFACE_SIDE_STYLE('',(#9344));
#9342=SURFACE_SIDE_STYLE('',(#9345));
#9343=SURFACE_STYLE_FILL_AREA(#9346);
#9344=SURFACE_STYLE_FILL_AREA(#9347);
#9345=SURFACE_STYLE_FILL_AREA(#9348);
#9346=FILL_AREA_STYLE('',(#9349));
#9347=FILL_AREA_STYLE('',(#9350));
#9348=FILL_AREA_STYLE('',(#9351));
#9349=FILL_AREA_STYLE_COLOUR('',#9352);
#9350=FILL_AREA_STYLE_COLOUR('',#9353);
#9351=FILL_AREA_STYLE_COLOUR('',#9354);
#9352=COLOUR_RGB('',1.,1.,1.);
#9353=COLOUR_RGB('',0.329411764705882,0.329411764705882,0.329411764705882);
#9354=COLOUR_RGB('',0.866666666666667,0.866666666666667,0.866666666666667);
ENDSEC;
END-ISO-10303-21;
