ISO-10303-21;
HEADER;
/* Generated by software containing ST-Developer
 * from STEP Tools, Inc. (www.steptools.com) 
 */

FILE_DESCRIPTION(
/* description */ ('STEP AP242'),
/* implementation_level */ '2;1');

FILE_NAME(
/* name */ 'TMM-104-01-S-D-RA.step',
/* time_stamp */ '2025-08-25T13:05:23-06:00',
/* author */ (''),
/* organization */ (''),
/* preprocessor_version */ 'ST-DEVELOPER v20.1',
/* originating_system */ 'Autodesk Translation Framework v14.10.0.0',
/* authorisation */ '');

FILE_SCHEMA (('AUTOMOTIVE_DESIGN { 1 0 10303 214 3 1 1 }'));
ENDSEC;

DATA;
#10=MECHANICAL_DESIGN_GEOMETRIC_PRESENTATION_REPRESENTATION('',(#5026,#5027,
#5028,#5029,#5030,#5031,#5032,#5033,#5034,#5035,#5036,#5037,#5038,#5039,
#5040,#5041,#5042,#5043,#5044,#5045,#5046,#5047,#5048,#5049,#5050,#5051,
#5052,#5053,#5054,#5055,#5056,#5057,#5058,#5059,#5060,#5061,#5062,#5063,
#5064,#5065,#5066,#5067,#5068,#5069,#5070,#5071,#5072,#5073,#5074,#5075,
#5076,#5077,#5078,#5079,#5080,#5081,#5082,#5083,#5084,#5085,#5086,#5087,
#5088,#5089,#5090,#5091,#5092,#5093,#5094,#5095,#5096,#5097,#5098,#5099,
#5100,#5101,#5102,#5103,#5104,#5105,#5106,#5107,#5108,#5109,#5110,#5111,
#5112,#5113,#5114,#5115,#5116,#5117,#5118,#5119,#5120,#5121,#5122,#5123,
#5124,#5125,#5126,#5127,#5128,#5129,#5130,#5131,#5132,#5133,#5134,#5135,
#5136,#5137,#5138,#5139,#5140,#5141,#5142,#5143,#5144,#5145,#5146,#5147,
#5148,#5149,#5150,#5151,#5152,#5153,#5154,#5155,#5156,#5157,#5158,#5159,
#5160,#5161,#5162,#5163,#5164,#5165,#5166,#5167,#5168,#5169,#5170,#5171,
#5172,#5173,#5174,#5175,#5176,#5177,#5178,#5179,#5180,#5181,#5182,#5183,
#5184,#5185,#5186,#5187,#5188,#5189,#5190,#5191,#5192,#5193,#5194,#5195,
#5196,#5197,#5198,#5199,#5200,#5201,#5202,#5203,#5204,#5205,#5206,#5207,
#5208,#5209,#5210,#5211,#5212,#5213,#5214,#5215,#5216,#5217,#5218,#5219,
#5220,#5221,#5222,#5223,#5224,#5225,#5226,#5227,#5228,#5229,#5230,#5231,
#5232,#5233,#5234,#5235,#5236,#5237,#5238,#5239,#5240,#5241,#5242,#5243,
#5244,#5245,#5246,#5247,#5248,#5249,#5250,#5251,#5252,#5253,#5254,#5255,
#5256,#5257,#5258,#5259,#5260,#5261,#5262,#5263,#5264,#5265,#5266,#5267,
#5268,#5269,#5270,#5271,#5272,#5273,#5274,#5275,#5276,#5277,#5278,#5279,
#5280,#5281,#5282,#5283,#5284,#5285,#5286,#5287,#5288,#5289,#5290,#5291,
#5292,#5293,#5294,#5295,#5296,#5297,#5298,#5299,#5300,#5301,#5302,#5303,
#5304,#5305,#5306,#5307,#5308,#5309,#5310,#5311,#5312,#5313,#5314,#5315,
#5316,#5317,#5318),#8783);
#11=SHAPE_REPRESENTATION_RELATIONSHIP('SRR','None',#8790,#12);
#12=ADVANCED_BREP_SHAPE_REPRESENTATION('',(#13),#8782);
#13=MANIFOLD_SOLID_BREP('Body1',#5611);
#14=FACE_BOUND('',#585,.T.);
#15=FACE_BOUND('',#586,.T.);
#16=FACE_BOUND('',#588,.T.);
#17=FACE_BOUND('',#589,.T.);
#18=FACE_BOUND('',#600,.T.);
#19=FACE_BOUND('',#601,.T.);
#20=FACE_BOUND('',#608,.T.);
#21=FACE_BOUND('',#609,.T.);
#22=FACE_BOUND('',#617,.T.);
#23=FACE_BOUND('',#618,.T.);
#24=FACE_BOUND('',#620,.T.);
#25=FACE_BOUND('',#621,.T.);
#26=FACE_BOUND('',#632,.T.);
#27=FACE_BOUND('',#633,.T.);
#28=FACE_BOUND('',#640,.T.);
#29=FACE_BOUND('',#641,.T.);
#30=FACE_BOUND('',#648,.T.);
#31=FACE_BOUND('',#649,.T.);
#32=FACE_BOUND('',#651,.T.);
#33=FACE_BOUND('',#652,.T.);
#34=FACE_BOUND('',#663,.T.);
#35=FACE_BOUND('',#664,.T.);
#36=FACE_BOUND('',#671,.T.);
#37=FACE_BOUND('',#672,.T.);
#38=FACE_BOUND('',#679,.T.);
#39=FACE_BOUND('',#680,.T.);
#40=FACE_BOUND('',#682,.T.);
#41=FACE_BOUND('',#683,.T.);
#42=FACE_BOUND('',#694,.T.);
#43=FACE_BOUND('',#695,.T.);
#44=FACE_BOUND('',#702,.T.);
#45=FACE_BOUND('',#703,.T.);
#46=CYLINDRICAL_SURFACE('',#5645,0.508);
#47=CYLINDRICAL_SURFACE('',#5648,1.016);
#48=CYLINDRICAL_SURFACE('',#5671,0.508);
#49=CYLINDRICAL_SURFACE('',#5674,1.016);
#50=CYLINDRICAL_SURFACE('',#5697,0.508);
#51=CYLINDRICAL_SURFACE('',#5700,1.016);
#52=CYLINDRICAL_SURFACE('',#5723,0.508);
#53=CYLINDRICAL_SURFACE('',#5726,1.016);
#54=CYLINDRICAL_SURFACE('',#5749,0.508);
#55=CYLINDRICAL_SURFACE('',#5752,1.016);
#56=CYLINDRICAL_SURFACE('',#5775,0.508);
#57=CYLINDRICAL_SURFACE('',#5778,1.016);
#58=CYLINDRICAL_SURFACE('',#5801,0.508);
#59=CYLINDRICAL_SURFACE('',#5804,1.016);
#60=CYLINDRICAL_SURFACE('',#5827,0.508);
#61=CYLINDRICAL_SURFACE('',#5830,1.016);
#62=CIRCLE('',#5627,1.016);
#63=CIRCLE('',#5628,0.508);
#64=CIRCLE('',#5646,0.508);
#65=CIRCLE('',#5649,1.016);
#66=CIRCLE('',#5653,1.016);
#67=CIRCLE('',#5654,0.508);
#68=CIRCLE('',#5672,0.508);
#69=CIRCLE('',#5675,1.016);
#70=CIRCLE('',#5679,1.016);
#71=CIRCLE('',#5680,0.508);
#72=CIRCLE('',#5698,0.508);
#73=CIRCLE('',#5701,1.016);
#74=CIRCLE('',#5705,1.016);
#75=CIRCLE('',#5706,0.508);
#76=CIRCLE('',#5724,0.508);
#77=CIRCLE('',#5727,1.016);
#78=CIRCLE('',#5731,1.016);
#79=CIRCLE('',#5732,0.508);
#80=CIRCLE('',#5750,0.508);
#81=CIRCLE('',#5753,1.016);
#82=CIRCLE('',#5757,1.016);
#83=CIRCLE('',#5758,0.508);
#84=CIRCLE('',#5776,0.508);
#85=CIRCLE('',#5779,1.016);
#86=CIRCLE('',#5783,1.016);
#87=CIRCLE('',#5784,0.508);
#88=CIRCLE('',#5802,0.508);
#89=CIRCLE('',#5805,1.016);
#90=CIRCLE('',#5809,1.016);
#91=CIRCLE('',#5810,0.508);
#92=CIRCLE('',#5828,0.508);
#93=CIRCLE('',#5831,1.016);
#94=FACE_OUTER_BOUND('',#386,.T.);
#95=FACE_OUTER_BOUND('',#387,.T.);
#96=FACE_OUTER_BOUND('',#388,.T.);
#97=FACE_OUTER_BOUND('',#389,.T.);
#98=FACE_OUTER_BOUND('',#390,.T.);
#99=FACE_OUTER_BOUND('',#391,.T.);
#100=FACE_OUTER_BOUND('',#392,.T.);
#101=FACE_OUTER_BOUND('',#393,.T.);
#102=FACE_OUTER_BOUND('',#394,.T.);
#103=FACE_OUTER_BOUND('',#395,.T.);
#104=FACE_OUTER_BOUND('',#396,.T.);
#105=FACE_OUTER_BOUND('',#397,.T.);
#106=FACE_OUTER_BOUND('',#398,.T.);
#107=FACE_OUTER_BOUND('',#399,.T.);
#108=FACE_OUTER_BOUND('',#400,.T.);
#109=FACE_OUTER_BOUND('',#401,.T.);
#110=FACE_OUTER_BOUND('',#402,.T.);
#111=FACE_OUTER_BOUND('',#403,.T.);
#112=FACE_OUTER_BOUND('',#404,.T.);
#113=FACE_OUTER_BOUND('',#405,.T.);
#114=FACE_OUTER_BOUND('',#406,.T.);
#115=FACE_OUTER_BOUND('',#407,.T.);
#116=FACE_OUTER_BOUND('',#408,.T.);
#117=FACE_OUTER_BOUND('',#409,.T.);
#118=FACE_OUTER_BOUND('',#410,.T.);
#119=FACE_OUTER_BOUND('',#411,.T.);
#120=FACE_OUTER_BOUND('',#412,.T.);
#121=FACE_OUTER_BOUND('',#413,.T.);
#122=FACE_OUTER_BOUND('',#414,.T.);
#123=FACE_OUTER_BOUND('',#415,.T.);
#124=FACE_OUTER_BOUND('',#416,.T.);
#125=FACE_OUTER_BOUND('',#417,.T.);
#126=FACE_OUTER_BOUND('',#418,.T.);
#127=FACE_OUTER_BOUND('',#419,.T.);
#128=FACE_OUTER_BOUND('',#420,.T.);
#129=FACE_OUTER_BOUND('',#421,.T.);
#130=FACE_OUTER_BOUND('',#422,.T.);
#131=FACE_OUTER_BOUND('',#423,.T.);
#132=FACE_OUTER_BOUND('',#424,.T.);
#133=FACE_OUTER_BOUND('',#425,.T.);
#134=FACE_OUTER_BOUND('',#426,.T.);
#135=FACE_OUTER_BOUND('',#427,.T.);
#136=FACE_OUTER_BOUND('',#428,.T.);
#137=FACE_OUTER_BOUND('',#429,.T.);
#138=FACE_OUTER_BOUND('',#430,.T.);
#139=FACE_OUTER_BOUND('',#431,.T.);
#140=FACE_OUTER_BOUND('',#432,.T.);
#141=FACE_OUTER_BOUND('',#433,.T.);
#142=FACE_OUTER_BOUND('',#434,.T.);
#143=FACE_OUTER_BOUND('',#435,.T.);
#144=FACE_OUTER_BOUND('',#436,.T.);
#145=FACE_OUTER_BOUND('',#437,.T.);
#146=FACE_OUTER_BOUND('',#438,.T.);
#147=FACE_OUTER_BOUND('',#439,.T.);
#148=FACE_OUTER_BOUND('',#440,.T.);
#149=FACE_OUTER_BOUND('',#441,.T.);
#150=FACE_OUTER_BOUND('',#442,.T.);
#151=FACE_OUTER_BOUND('',#443,.T.);
#152=FACE_OUTER_BOUND('',#444,.T.);
#153=FACE_OUTER_BOUND('',#445,.T.);
#154=FACE_OUTER_BOUND('',#446,.T.);
#155=FACE_OUTER_BOUND('',#447,.T.);
#156=FACE_OUTER_BOUND('',#448,.T.);
#157=FACE_OUTER_BOUND('',#449,.T.);
#158=FACE_OUTER_BOUND('',#450,.T.);
#159=FACE_OUTER_BOUND('',#451,.T.);
#160=FACE_OUTER_BOUND('',#452,.T.);
#161=FACE_OUTER_BOUND('',#453,.T.);
#162=FACE_OUTER_BOUND('',#454,.T.);
#163=FACE_OUTER_BOUND('',#455,.T.);
#164=FACE_OUTER_BOUND('',#456,.T.);
#165=FACE_OUTER_BOUND('',#457,.T.);
#166=FACE_OUTER_BOUND('',#458,.T.);
#167=FACE_OUTER_BOUND('',#459,.T.);
#168=FACE_OUTER_BOUND('',#460,.T.);
#169=FACE_OUTER_BOUND('',#461,.T.);
#170=FACE_OUTER_BOUND('',#462,.T.);
#171=FACE_OUTER_BOUND('',#463,.T.);
#172=FACE_OUTER_BOUND('',#464,.T.);
#173=FACE_OUTER_BOUND('',#465,.T.);
#174=FACE_OUTER_BOUND('',#466,.T.);
#175=FACE_OUTER_BOUND('',#467,.T.);
#176=FACE_OUTER_BOUND('',#468,.T.);
#177=FACE_OUTER_BOUND('',#469,.T.);
#178=FACE_OUTER_BOUND('',#470,.T.);
#179=FACE_OUTER_BOUND('',#471,.T.);
#180=FACE_OUTER_BOUND('',#472,.T.);
#181=FACE_OUTER_BOUND('',#473,.T.);
#182=FACE_OUTER_BOUND('',#474,.T.);
#183=FACE_OUTER_BOUND('',#475,.T.);
#184=FACE_OUTER_BOUND('',#476,.T.);
#185=FACE_OUTER_BOUND('',#477,.T.);
#186=FACE_OUTER_BOUND('',#478,.T.);
#187=FACE_OUTER_BOUND('',#479,.T.);
#188=FACE_OUTER_BOUND('',#480,.T.);
#189=FACE_OUTER_BOUND('',#481,.T.);
#190=FACE_OUTER_BOUND('',#482,.T.);
#191=FACE_OUTER_BOUND('',#483,.T.);
#192=FACE_OUTER_BOUND('',#484,.T.);
#193=FACE_OUTER_BOUND('',#485,.T.);
#194=FACE_OUTER_BOUND('',#486,.T.);
#195=FACE_OUTER_BOUND('',#487,.T.);
#196=FACE_OUTER_BOUND('',#488,.T.);
#197=FACE_OUTER_BOUND('',#489,.T.);
#198=FACE_OUTER_BOUND('',#490,.T.);
#199=FACE_OUTER_BOUND('',#491,.T.);
#200=FACE_OUTER_BOUND('',#492,.T.);
#201=FACE_OUTER_BOUND('',#493,.T.);
#202=FACE_OUTER_BOUND('',#494,.T.);
#203=FACE_OUTER_BOUND('',#495,.T.);
#204=FACE_OUTER_BOUND('',#496,.T.);
#205=FACE_OUTER_BOUND('',#497,.T.);
#206=FACE_OUTER_BOUND('',#498,.T.);
#207=FACE_OUTER_BOUND('',#499,.T.);
#208=FACE_OUTER_BOUND('',#500,.T.);
#209=FACE_OUTER_BOUND('',#501,.T.);
#210=FACE_OUTER_BOUND('',#502,.T.);
#211=FACE_OUTER_BOUND('',#503,.T.);
#212=FACE_OUTER_BOUND('',#504,.T.);
#213=FACE_OUTER_BOUND('',#505,.T.);
#214=FACE_OUTER_BOUND('',#506,.T.);
#215=FACE_OUTER_BOUND('',#507,.T.);
#216=FACE_OUTER_BOUND('',#508,.T.);
#217=FACE_OUTER_BOUND('',#509,.T.);
#218=FACE_OUTER_BOUND('',#510,.T.);
#219=FACE_OUTER_BOUND('',#511,.T.);
#220=FACE_OUTER_BOUND('',#512,.T.);
#221=FACE_OUTER_BOUND('',#513,.T.);
#222=FACE_OUTER_BOUND('',#514,.T.);
#223=FACE_OUTER_BOUND('',#515,.T.);
#224=FACE_OUTER_BOUND('',#516,.T.);
#225=FACE_OUTER_BOUND('',#517,.T.);
#226=FACE_OUTER_BOUND('',#518,.T.);
#227=FACE_OUTER_BOUND('',#519,.T.);
#228=FACE_OUTER_BOUND('',#520,.T.);
#229=FACE_OUTER_BOUND('',#521,.T.);
#230=FACE_OUTER_BOUND('',#522,.T.);
#231=FACE_OUTER_BOUND('',#523,.T.);
#232=FACE_OUTER_BOUND('',#524,.T.);
#233=FACE_OUTER_BOUND('',#525,.T.);
#234=FACE_OUTER_BOUND('',#526,.T.);
#235=FACE_OUTER_BOUND('',#527,.T.);
#236=FACE_OUTER_BOUND('',#528,.T.);
#237=FACE_OUTER_BOUND('',#529,.T.);
#238=FACE_OUTER_BOUND('',#530,.T.);
#239=FACE_OUTER_BOUND('',#531,.T.);
#240=FACE_OUTER_BOUND('',#532,.T.);
#241=FACE_OUTER_BOUND('',#533,.T.);
#242=FACE_OUTER_BOUND('',#534,.T.);
#243=FACE_OUTER_BOUND('',#535,.T.);
#244=FACE_OUTER_BOUND('',#536,.T.);
#245=FACE_OUTER_BOUND('',#537,.T.);
#246=FACE_OUTER_BOUND('',#538,.T.);
#247=FACE_OUTER_BOUND('',#539,.T.);
#248=FACE_OUTER_BOUND('',#540,.T.);
#249=FACE_OUTER_BOUND('',#541,.T.);
#250=FACE_OUTER_BOUND('',#542,.T.);
#251=FACE_OUTER_BOUND('',#543,.T.);
#252=FACE_OUTER_BOUND('',#544,.T.);
#253=FACE_OUTER_BOUND('',#545,.T.);
#254=FACE_OUTER_BOUND('',#546,.T.);
#255=FACE_OUTER_BOUND('',#547,.T.);
#256=FACE_OUTER_BOUND('',#548,.T.);
#257=FACE_OUTER_BOUND('',#549,.T.);
#258=FACE_OUTER_BOUND('',#550,.T.);
#259=FACE_OUTER_BOUND('',#551,.T.);
#260=FACE_OUTER_BOUND('',#552,.T.);
#261=FACE_OUTER_BOUND('',#553,.T.);
#262=FACE_OUTER_BOUND('',#554,.T.);
#263=FACE_OUTER_BOUND('',#555,.T.);
#264=FACE_OUTER_BOUND('',#556,.T.);
#265=FACE_OUTER_BOUND('',#557,.T.);
#266=FACE_OUTER_BOUND('',#558,.T.);
#267=FACE_OUTER_BOUND('',#559,.T.);
#268=FACE_OUTER_BOUND('',#560,.T.);
#269=FACE_OUTER_BOUND('',#561,.T.);
#270=FACE_OUTER_BOUND('',#562,.T.);
#271=FACE_OUTER_BOUND('',#563,.T.);
#272=FACE_OUTER_BOUND('',#564,.T.);
#273=FACE_OUTER_BOUND('',#565,.T.);
#274=FACE_OUTER_BOUND('',#566,.T.);
#275=FACE_OUTER_BOUND('',#567,.T.);
#276=FACE_OUTER_BOUND('',#568,.T.);
#277=FACE_OUTER_BOUND('',#569,.T.);
#278=FACE_OUTER_BOUND('',#570,.T.);
#279=FACE_OUTER_BOUND('',#571,.T.);
#280=FACE_OUTER_BOUND('',#572,.T.);
#281=FACE_OUTER_BOUND('',#573,.T.);
#282=FACE_OUTER_BOUND('',#574,.T.);
#283=FACE_OUTER_BOUND('',#575,.T.);
#284=FACE_OUTER_BOUND('',#576,.T.);
#285=FACE_OUTER_BOUND('',#577,.T.);
#286=FACE_OUTER_BOUND('',#578,.T.);
#287=FACE_OUTER_BOUND('',#579,.T.);
#288=FACE_OUTER_BOUND('',#580,.T.);
#289=FACE_OUTER_BOUND('',#581,.T.);
#290=FACE_OUTER_BOUND('',#582,.T.);
#291=FACE_OUTER_BOUND('',#583,.T.);
#292=FACE_OUTER_BOUND('',#584,.T.);
#293=FACE_OUTER_BOUND('',#587,.T.);
#294=FACE_OUTER_BOUND('',#590,.T.);
#295=FACE_OUTER_BOUND('',#591,.T.);
#296=FACE_OUTER_BOUND('',#592,.T.);
#297=FACE_OUTER_BOUND('',#593,.T.);
#298=FACE_OUTER_BOUND('',#594,.T.);
#299=FACE_OUTER_BOUND('',#595,.T.);
#300=FACE_OUTER_BOUND('',#596,.T.);
#301=FACE_OUTER_BOUND('',#597,.T.);
#302=FACE_OUTER_BOUND('',#598,.T.);
#303=FACE_OUTER_BOUND('',#599,.T.);
#304=FACE_OUTER_BOUND('',#602,.T.);
#305=FACE_OUTER_BOUND('',#603,.T.);
#306=FACE_OUTER_BOUND('',#604,.T.);
#307=FACE_OUTER_BOUND('',#605,.T.);
#308=FACE_OUTER_BOUND('',#606,.T.);
#309=FACE_OUTER_BOUND('',#607,.T.);
#310=FACE_OUTER_BOUND('',#610,.T.);
#311=FACE_OUTER_BOUND('',#611,.T.);
#312=FACE_OUTER_BOUND('',#612,.T.);
#313=FACE_OUTER_BOUND('',#613,.T.);
#314=FACE_OUTER_BOUND('',#614,.T.);
#315=FACE_OUTER_BOUND('',#615,.T.);
#316=FACE_OUTER_BOUND('',#616,.T.);
#317=FACE_OUTER_BOUND('',#619,.T.);
#318=FACE_OUTER_BOUND('',#622,.T.);
#319=FACE_OUTER_BOUND('',#623,.T.);
#320=FACE_OUTER_BOUND('',#624,.T.);
#321=FACE_OUTER_BOUND('',#625,.T.);
#322=FACE_OUTER_BOUND('',#626,.T.);
#323=FACE_OUTER_BOUND('',#627,.T.);
#324=FACE_OUTER_BOUND('',#628,.T.);
#325=FACE_OUTER_BOUND('',#629,.T.);
#326=FACE_OUTER_BOUND('',#630,.T.);
#327=FACE_OUTER_BOUND('',#631,.T.);
#328=FACE_OUTER_BOUND('',#634,.T.);
#329=FACE_OUTER_BOUND('',#635,.T.);
#330=FACE_OUTER_BOUND('',#636,.T.);
#331=FACE_OUTER_BOUND('',#637,.T.);
#332=FACE_OUTER_BOUND('',#638,.T.);
#333=FACE_OUTER_BOUND('',#639,.T.);
#334=FACE_OUTER_BOUND('',#642,.T.);
#335=FACE_OUTER_BOUND('',#643,.T.);
#336=FACE_OUTER_BOUND('',#644,.T.);
#337=FACE_OUTER_BOUND('',#645,.T.);
#338=FACE_OUTER_BOUND('',#646,.T.);
#339=FACE_OUTER_BOUND('',#647,.T.);
#340=FACE_OUTER_BOUND('',#650,.T.);
#341=FACE_OUTER_BOUND('',#653,.T.);
#342=FACE_OUTER_BOUND('',#654,.T.);
#343=FACE_OUTER_BOUND('',#655,.T.);
#344=FACE_OUTER_BOUND('',#656,.T.);
#345=FACE_OUTER_BOUND('',#657,.T.);
#346=FACE_OUTER_BOUND('',#658,.T.);
#347=FACE_OUTER_BOUND('',#659,.T.);
#348=FACE_OUTER_BOUND('',#660,.T.);
#349=FACE_OUTER_BOUND('',#661,.T.);
#350=FACE_OUTER_BOUND('',#662,.T.);
#351=FACE_OUTER_BOUND('',#665,.T.);
#352=FACE_OUTER_BOUND('',#666,.T.);
#353=FACE_OUTER_BOUND('',#667,.T.);
#354=FACE_OUTER_BOUND('',#668,.T.);
#355=FACE_OUTER_BOUND('',#669,.T.);
#356=FACE_OUTER_BOUND('',#670,.T.);
#357=FACE_OUTER_BOUND('',#673,.T.);
#358=FACE_OUTER_BOUND('',#674,.T.);
#359=FACE_OUTER_BOUND('',#675,.T.);
#360=FACE_OUTER_BOUND('',#676,.T.);
#361=FACE_OUTER_BOUND('',#677,.T.);
#362=FACE_OUTER_BOUND('',#678,.T.);
#363=FACE_OUTER_BOUND('',#681,.T.);
#364=FACE_OUTER_BOUND('',#684,.T.);
#365=FACE_OUTER_BOUND('',#685,.T.);
#366=FACE_OUTER_BOUND('',#686,.T.);
#367=FACE_OUTER_BOUND('',#687,.T.);
#368=FACE_OUTER_BOUND('',#688,.T.);
#369=FACE_OUTER_BOUND('',#689,.T.);
#370=FACE_OUTER_BOUND('',#690,.T.);
#371=FACE_OUTER_BOUND('',#691,.T.);
#372=FACE_OUTER_BOUND('',#692,.T.);
#373=FACE_OUTER_BOUND('',#693,.T.);
#374=FACE_OUTER_BOUND('',#696,.T.);
#375=FACE_OUTER_BOUND('',#697,.T.);
#376=FACE_OUTER_BOUND('',#698,.T.);
#377=FACE_OUTER_BOUND('',#699,.T.);
#378=FACE_OUTER_BOUND('',#700,.T.);
#379=FACE_OUTER_BOUND('',#701,.T.);
#380=FACE_OUTER_BOUND('',#704,.T.);
#381=FACE_OUTER_BOUND('',#705,.T.);
#382=FACE_OUTER_BOUND('',#706,.T.);
#383=FACE_OUTER_BOUND('',#707,.T.);
#384=FACE_OUTER_BOUND('',#708,.T.);
#385=FACE_OUTER_BOUND('',#709,.T.);
#386=EDGE_LOOP('',(#3294,#3295,#3296,#3297));
#387=EDGE_LOOP('',(#3298,#3299,#3300,#3301,#3302,#3303,#3304,#3305));
#388=EDGE_LOOP('',(#3306,#3307,#3308,#3309));
#389=EDGE_LOOP('',(#3310,#3311,#3312,#3313));
#390=EDGE_LOOP('',(#3314,#3315,#3316,#3317));
#391=EDGE_LOOP('',(#3318,#3319,#3320,#3321));
#392=EDGE_LOOP('',(#3322,#3323,#3324,#3325));
#393=EDGE_LOOP('',(#3326,#3327,#3328,#3329));
#394=EDGE_LOOP('',(#3330,#3331,#3332,#3333));
#395=EDGE_LOOP('',(#3334,#3335,#3336,#3337));
#396=EDGE_LOOP('',(#3338,#3339,#3340,#3341));
#397=EDGE_LOOP('',(#3342,#3343,#3344,#3345));
#398=EDGE_LOOP('',(#3346,#3347,#3348,#3349));
#399=EDGE_LOOP('',(#3350,#3351,#3352,#3353));
#400=EDGE_LOOP('',(#3354,#3355,#3356,#3357));
#401=EDGE_LOOP('',(#3358,#3359,#3360,#3361));
#402=EDGE_LOOP('',(#3362,#3363,#3364,#3365));
#403=EDGE_LOOP('',(#3366,#3367,#3368,#3369));
#404=EDGE_LOOP('',(#3370,#3371,#3372,#3373));
#405=EDGE_LOOP('',(#3374,#3375,#3376,#3377));
#406=EDGE_LOOP('',(#3378,#3379,#3380,#3381));
#407=EDGE_LOOP('',(#3382,#3383,#3384,#3385,#3386,#3387,#3388,#3389));
#408=EDGE_LOOP('',(#3390,#3391,#3392,#3393));
#409=EDGE_LOOP('',(#3394,#3395,#3396,#3397,#3398,#3399,#3400,#3401));
#410=EDGE_LOOP('',(#3402,#3403,#3404,#3405));
#411=EDGE_LOOP('',(#3406,#3407,#3408,#3409));
#412=EDGE_LOOP('',(#3410,#3411,#3412,#3413));
#413=EDGE_LOOP('',(#3414,#3415,#3416,#3417));
#414=EDGE_LOOP('',(#3418,#3419,#3420,#3421));
#415=EDGE_LOOP('',(#3422,#3423,#3424,#3425));
#416=EDGE_LOOP('',(#3426,#3427,#3428,#3429));
#417=EDGE_LOOP('',(#3430,#3431,#3432,#3433));
#418=EDGE_LOOP('',(#3434,#3435,#3436,#3437));
#419=EDGE_LOOP('',(#3438,#3439,#3440,#3441));
#420=EDGE_LOOP('',(#3442,#3443,#3444,#3445));
#421=EDGE_LOOP('',(#3446,#3447,#3448,#3449));
#422=EDGE_LOOP('',(#3450,#3451,#3452,#3453));
#423=EDGE_LOOP('',(#3454,#3455,#3456,#3457));
#424=EDGE_LOOP('',(#3458,#3459,#3460,#3461));
#425=EDGE_LOOP('',(#3462,#3463,#3464,#3465));
#426=EDGE_LOOP('',(#3466,#3467,#3468,#3469));
#427=EDGE_LOOP('',(#3470,#3471,#3472,#3473));
#428=EDGE_LOOP('',(#3474,#3475,#3476,#3477));
#429=EDGE_LOOP('',(#3478,#3479,#3480,#3481,#3482,#3483,#3484,#3485));
#430=EDGE_LOOP('',(#3486,#3487,#3488,#3489));
#431=EDGE_LOOP('',(#3490,#3491,#3492,#3493,#3494,#3495,#3496,#3497));
#432=EDGE_LOOP('',(#3498,#3499,#3500,#3501));
#433=EDGE_LOOP('',(#3502,#3503,#3504,#3505));
#434=EDGE_LOOP('',(#3506,#3507,#3508,#3509));
#435=EDGE_LOOP('',(#3510,#3511,#3512,#3513));
#436=EDGE_LOOP('',(#3514,#3515,#3516,#3517));
#437=EDGE_LOOP('',(#3518,#3519,#3520,#3521));
#438=EDGE_LOOP('',(#3522,#3523,#3524,#3525));
#439=EDGE_LOOP('',(#3526,#3527,#3528,#3529));
#440=EDGE_LOOP('',(#3530,#3531,#3532,#3533));
#441=EDGE_LOOP('',(#3534,#3535,#3536,#3537));
#442=EDGE_LOOP('',(#3538,#3539,#3540,#3541));
#443=EDGE_LOOP('',(#3542,#3543,#3544,#3545));
#444=EDGE_LOOP('',(#3546,#3547,#3548,#3549));
#445=EDGE_LOOP('',(#3550,#3551,#3552,#3553));
#446=EDGE_LOOP('',(#3554,#3555,#3556,#3557));
#447=EDGE_LOOP('',(#3558,#3559,#3560,#3561));
#448=EDGE_LOOP('',(#3562,#3563,#3564,#3565));
#449=EDGE_LOOP('',(#3566,#3567,#3568,#3569));
#450=EDGE_LOOP('',(#3570,#3571,#3572,#3573));
#451=EDGE_LOOP('',(#3574,#3575,#3576,#3577,#3578,#3579,#3580,#3581));
#452=EDGE_LOOP('',(#3582,#3583,#3584,#3585));
#453=EDGE_LOOP('',(#3586,#3587,#3588,#3589,#3590,#3591,#3592,#3593));
#454=EDGE_LOOP('',(#3594,#3595,#3596,#3597));
#455=EDGE_LOOP('',(#3598,#3599,#3600,#3601));
#456=EDGE_LOOP('',(#3602,#3603,#3604,#3605));
#457=EDGE_LOOP('',(#3606,#3607,#3608,#3609));
#458=EDGE_LOOP('',(#3610,#3611,#3612,#3613));
#459=EDGE_LOOP('',(#3614,#3615,#3616,#3617));
#460=EDGE_LOOP('',(#3618,#3619,#3620,#3621));
#461=EDGE_LOOP('',(#3622,#3623,#3624,#3625));
#462=EDGE_LOOP('',(#3626,#3627,#3628,#3629));
#463=EDGE_LOOP('',(#3630,#3631,#3632,#3633));
#464=EDGE_LOOP('',(#3634,#3635,#3636,#3637));
#465=EDGE_LOOP('',(#3638,#3639,#3640,#3641));
#466=EDGE_LOOP('',(#3642,#3643,#3644,#3645));
#467=EDGE_LOOP('',(#3646,#3647,#3648,#3649));
#468=EDGE_LOOP('',(#3650,#3651,#3652,#3653));
#469=EDGE_LOOP('',(#3654,#3655,#3656,#3657));
#470=EDGE_LOOP('',(#3658,#3659,#3660,#3661));
#471=EDGE_LOOP('',(#3662,#3663,#3664,#3665));
#472=EDGE_LOOP('',(#3666,#3667,#3668,#3669));
#473=EDGE_LOOP('',(#3670,#3671,#3672,#3673,#3674,#3675,#3676,#3677));
#474=EDGE_LOOP('',(#3678,#3679,#3680,#3681));
#475=EDGE_LOOP('',(#3682,#3683,#3684,#3685,#3686,#3687,#3688,#3689));
#476=EDGE_LOOP('',(#3690,#3691,#3692,#3693));
#477=EDGE_LOOP('',(#3694,#3695,#3696,#3697));
#478=EDGE_LOOP('',(#3698,#3699,#3700,#3701));
#479=EDGE_LOOP('',(#3702,#3703,#3704,#3705));
#480=EDGE_LOOP('',(#3706,#3707,#3708,#3709));
#481=EDGE_LOOP('',(#3710,#3711,#3712,#3713));
#482=EDGE_LOOP('',(#3714,#3715,#3716,#3717));
#483=EDGE_LOOP('',(#3718,#3719,#3720,#3721));
#484=EDGE_LOOP('',(#3722,#3723,#3724,#3725));
#485=EDGE_LOOP('',(#3726,#3727,#3728,#3729));
#486=EDGE_LOOP('',(#3730,#3731,#3732,#3733));
#487=EDGE_LOOP('',(#3734,#3735,#3736,#3737));
#488=EDGE_LOOP('',(#3738,#3739,#3740,#3741));
#489=EDGE_LOOP('',(#3742,#3743,#3744,#3745));
#490=EDGE_LOOP('',(#3746,#3747,#3748,#3749));
#491=EDGE_LOOP('',(#3750,#3751,#3752,#3753));
#492=EDGE_LOOP('',(#3754,#3755,#3756,#3757));
#493=EDGE_LOOP('',(#3758,#3759,#3760,#3761));
#494=EDGE_LOOP('',(#3762,#3763,#3764,#3765));
#495=EDGE_LOOP('',(#3766,#3767,#3768,#3769,#3770,#3771,#3772,#3773));
#496=EDGE_LOOP('',(#3774,#3775,#3776,#3777));
#497=EDGE_LOOP('',(#3778,#3779,#3780,#3781,#3782,#3783,#3784,#3785));
#498=EDGE_LOOP('',(#3786,#3787,#3788,#3789));
#499=EDGE_LOOP('',(#3790,#3791,#3792,#3793));
#500=EDGE_LOOP('',(#3794,#3795,#3796,#3797));
#501=EDGE_LOOP('',(#3798,#3799,#3800,#3801));
#502=EDGE_LOOP('',(#3802,#3803,#3804,#3805));
#503=EDGE_LOOP('',(#3806,#3807,#3808,#3809));
#504=EDGE_LOOP('',(#3810,#3811,#3812,#3813));
#505=EDGE_LOOP('',(#3814,#3815,#3816,#3817));
#506=EDGE_LOOP('',(#3818,#3819,#3820,#3821));
#507=EDGE_LOOP('',(#3822,#3823,#3824,#3825));
#508=EDGE_LOOP('',(#3826,#3827,#3828,#3829));
#509=EDGE_LOOP('',(#3830,#3831,#3832,#3833));
#510=EDGE_LOOP('',(#3834,#3835,#3836,#3837));
#511=EDGE_LOOP('',(#3838,#3839,#3840,#3841));
#512=EDGE_LOOP('',(#3842,#3843,#3844,#3845));
#513=EDGE_LOOP('',(#3846,#3847,#3848,#3849));
#514=EDGE_LOOP('',(#3850,#3851,#3852,#3853));
#515=EDGE_LOOP('',(#3854,#3855,#3856,#3857));
#516=EDGE_LOOP('',(#3858,#3859,#3860,#3861));
#517=EDGE_LOOP('',(#3862,#3863,#3864,#3865,#3866,#3867,#3868,#3869));
#518=EDGE_LOOP('',(#3870,#3871,#3872,#3873));
#519=EDGE_LOOP('',(#3874,#3875,#3876,#3877,#3878,#3879,#3880,#3881));
#520=EDGE_LOOP('',(#3882,#3883,#3884,#3885));
#521=EDGE_LOOP('',(#3886,#3887,#3888,#3889));
#522=EDGE_LOOP('',(#3890,#3891,#3892,#3893));
#523=EDGE_LOOP('',(#3894,#3895,#3896,#3897));
#524=EDGE_LOOP('',(#3898,#3899,#3900,#3901));
#525=EDGE_LOOP('',(#3902,#3903,#3904,#3905));
#526=EDGE_LOOP('',(#3906,#3907,#3908,#3909));
#527=EDGE_LOOP('',(#3910,#3911,#3912,#3913));
#528=EDGE_LOOP('',(#3914,#3915,#3916,#3917));
#529=EDGE_LOOP('',(#3918,#3919,#3920,#3921));
#530=EDGE_LOOP('',(#3922,#3923,#3924,#3925));
#531=EDGE_LOOP('',(#3926,#3927,#3928,#3929));
#532=EDGE_LOOP('',(#3930,#3931,#3932,#3933));
#533=EDGE_LOOP('',(#3934,#3935,#3936,#3937));
#534=EDGE_LOOP('',(#3938,#3939,#3940,#3941));
#535=EDGE_LOOP('',(#3942,#3943,#3944,#3945));
#536=EDGE_LOOP('',(#3946,#3947,#3948,#3949));
#537=EDGE_LOOP('',(#3950,#3951,#3952,#3953));
#538=EDGE_LOOP('',(#3954,#3955,#3956,#3957));
#539=EDGE_LOOP('',(#3958,#3959,#3960,#3961,#3962,#3963,#3964,#3965));
#540=EDGE_LOOP('',(#3966,#3967,#3968,#3969));
#541=EDGE_LOOP('',(#3970,#3971,#3972,#3973,#3974,#3975,#3976,#3977));
#542=EDGE_LOOP('',(#3978,#3979,#3980,#3981));
#543=EDGE_LOOP('',(#3982,#3983,#3984,#3985));
#544=EDGE_LOOP('',(#3986,#3987,#3988,#3989));
#545=EDGE_LOOP('',(#3990,#3991,#3992,#3993));
#546=EDGE_LOOP('',(#3994,#3995,#3996,#3997));
#547=EDGE_LOOP('',(#3998,#3999,#4000,#4001));
#548=EDGE_LOOP('',(#4002,#4003,#4004,#4005));
#549=EDGE_LOOP('',(#4006,#4007,#4008,#4009));
#550=EDGE_LOOP('',(#4010,#4011,#4012,#4013));
#551=EDGE_LOOP('',(#4014,#4015,#4016,#4017));
#552=EDGE_LOOP('',(#4018,#4019,#4020,#4021));
#553=EDGE_LOOP('',(#4022,#4023,#4024,#4025));
#554=EDGE_LOOP('',(#4026,#4027,#4028,#4029));
#555=EDGE_LOOP('',(#4030,#4031,#4032,#4033));
#556=EDGE_LOOP('',(#4034,#4035,#4036,#4037));
#557=EDGE_LOOP('',(#4038,#4039,#4040,#4041));
#558=EDGE_LOOP('',(#4042,#4043,#4044,#4045));
#559=EDGE_LOOP('',(#4046,#4047,#4048,#4049));
#560=EDGE_LOOP('',(#4050,#4051,#4052,#4053));
#561=EDGE_LOOP('',(#4054,#4055,#4056,#4057,#4058,#4059,#4060,#4061));
#562=EDGE_LOOP('',(#4062,#4063,#4064,#4065));
#563=EDGE_LOOP('',(#4066,#4067,#4068,#4069));
#564=EDGE_LOOP('',(#4070,#4071,#4072,#4073));
#565=EDGE_LOOP('',(#4074,#4075,#4076,#4077));
#566=EDGE_LOOP('',(#4078,#4079,#4080,#4081));
#567=EDGE_LOOP('',(#4082,#4083,#4084,#4085));
#568=EDGE_LOOP('',(#4086,#4087,#4088,#4089));
#569=EDGE_LOOP('',(#4090,#4091,#4092,#4093));
#570=EDGE_LOOP('',(#4094,#4095,#4096,#4097));
#571=EDGE_LOOP('',(#4098,#4099,#4100,#4101));
#572=EDGE_LOOP('',(#4102,#4103,#4104,#4105));
#573=EDGE_LOOP('',(#4106,#4107,#4108,#4109));
#574=EDGE_LOOP('',(#4110,#4111,#4112,#4113));
#575=EDGE_LOOP('',(#4114,#4115,#4116,#4117));
#576=EDGE_LOOP('',(#4118,#4119,#4120,#4121));
#577=EDGE_LOOP('',(#4122,#4123,#4124,#4125));
#578=EDGE_LOOP('',(#4126,#4127,#4128,#4129));
#579=EDGE_LOOP('',(#4130,#4131,#4132,#4133));
#580=EDGE_LOOP('',(#4134,#4135,#4136,#4137));
#581=EDGE_LOOP('',(#4138,#4139,#4140,#4141));
#582=EDGE_LOOP('',(#4142,#4143,#4144,#4145));
#583=EDGE_LOOP('',(#4146,#4147,#4148,#4149));
#584=EDGE_LOOP('',(#4150,#4151,#4152,#4153,#4154,#4155,#4156,#4157));
#585=EDGE_LOOP('',(#4158,#4159,#4160,#4161));
#586=EDGE_LOOP('',(#4162,#4163,#4164,#4165));
#587=EDGE_LOOP('',(#4166,#4167,#4168,#4169,#4170,#4171,#4172,#4173));
#588=EDGE_LOOP('',(#4174,#4175,#4176,#4177));
#589=EDGE_LOOP('',(#4178,#4179,#4180,#4181));
#590=EDGE_LOOP('',(#4182,#4183,#4184,#4185));
#591=EDGE_LOOP('',(#4186,#4187,#4188,#4189));
#592=EDGE_LOOP('',(#4190,#4191,#4192,#4193));
#593=EDGE_LOOP('',(#4194,#4195,#4196,#4197));
#594=EDGE_LOOP('',(#4198,#4199,#4200,#4201));
#595=EDGE_LOOP('',(#4202,#4203,#4204,#4205));
#596=EDGE_LOOP('',(#4206,#4207,#4208,#4209,#4210,#4211,#4212,#4213));
#597=EDGE_LOOP('',(#4214,#4215,#4216,#4217));
#598=EDGE_LOOP('',(#4218,#4219,#4220,#4221));
#599=EDGE_LOOP('',(#4222,#4223,#4224,#4225,#4226,#4227,#4228,#4229,#4230,
#4231,#4232,#4233));
#600=EDGE_LOOP('',(#4234,#4235,#4236,#4237));
#601=EDGE_LOOP('',(#4238,#4239,#4240,#4241));
#602=EDGE_LOOP('',(#4242,#4243,#4244,#4245));
#603=EDGE_LOOP('',(#4246,#4247,#4248,#4249));
#604=EDGE_LOOP('',(#4250,#4251,#4252,#4253));
#605=EDGE_LOOP('',(#4254,#4255,#4256,#4257));
#606=EDGE_LOOP('',(#4258,#4259,#4260,#4261,#4262,#4263,#4264,#4265));
#607=EDGE_LOOP('',(#4266,#4267,#4268,#4269));
#608=EDGE_LOOP('',(#4270,#4271,#4272,#4273));
#609=EDGE_LOOP('',(#4274,#4275,#4276,#4277));
#610=EDGE_LOOP('',(#4278,#4279,#4280,#4281));
#611=EDGE_LOOP('',(#4282,#4283,#4284,#4285));
#612=EDGE_LOOP('',(#4286,#4287,#4288,#4289));
#613=EDGE_LOOP('',(#4290,#4291,#4292,#4293));
#614=EDGE_LOOP('',(#4294,#4295,#4296,#4297));
#615=EDGE_LOOP('',(#4298,#4299,#4300,#4301));
#616=EDGE_LOOP('',(#4302,#4303,#4304,#4305,#4306,#4307,#4308,#4309));
#617=EDGE_LOOP('',(#4310,#4311,#4312,#4313));
#618=EDGE_LOOP('',(#4314,#4315,#4316,#4317));
#619=EDGE_LOOP('',(#4318,#4319,#4320,#4321,#4322,#4323,#4324,#4325));
#620=EDGE_LOOP('',(#4326,#4327,#4328,#4329));
#621=EDGE_LOOP('',(#4330,#4331,#4332,#4333));
#622=EDGE_LOOP('',(#4334,#4335,#4336,#4337));
#623=EDGE_LOOP('',(#4338,#4339,#4340,#4341));
#624=EDGE_LOOP('',(#4342,#4343,#4344,#4345));
#625=EDGE_LOOP('',(#4346,#4347,#4348,#4349));
#626=EDGE_LOOP('',(#4350,#4351,#4352,#4353));
#627=EDGE_LOOP('',(#4354,#4355,#4356,#4357));
#628=EDGE_LOOP('',(#4358,#4359,#4360,#4361,#4362,#4363,#4364,#4365));
#629=EDGE_LOOP('',(#4366,#4367,#4368,#4369));
#630=EDGE_LOOP('',(#4370,#4371,#4372,#4373));
#631=EDGE_LOOP('',(#4374,#4375,#4376,#4377,#4378,#4379,#4380,#4381,#4382,
#4383,#4384,#4385));
#632=EDGE_LOOP('',(#4386,#4387,#4388,#4389));
#633=EDGE_LOOP('',(#4390,#4391,#4392,#4393));
#634=EDGE_LOOP('',(#4394,#4395,#4396,#4397));
#635=EDGE_LOOP('',(#4398,#4399,#4400,#4401));
#636=EDGE_LOOP('',(#4402,#4403,#4404,#4405));
#637=EDGE_LOOP('',(#4406,#4407,#4408,#4409));
#638=EDGE_LOOP('',(#4410,#4411,#4412,#4413,#4414,#4415,#4416,#4417));
#639=EDGE_LOOP('',(#4418,#4419,#4420,#4421));
#640=EDGE_LOOP('',(#4422,#4423,#4424,#4425));
#641=EDGE_LOOP('',(#4426,#4427,#4428,#4429));
#642=EDGE_LOOP('',(#4430,#4431,#4432,#4433));
#643=EDGE_LOOP('',(#4434,#4435,#4436,#4437));
#644=EDGE_LOOP('',(#4438,#4439,#4440,#4441));
#645=EDGE_LOOP('',(#4442,#4443,#4444,#4445));
#646=EDGE_LOOP('',(#4446,#4447,#4448,#4449));
#647=EDGE_LOOP('',(#4450,#4451,#4452,#4453,#4454,#4455,#4456,#4457));
#648=EDGE_LOOP('',(#4458,#4459,#4460,#4461));
#649=EDGE_LOOP('',(#4462,#4463,#4464,#4465));
#650=EDGE_LOOP('',(#4466,#4467,#4468,#4469,#4470,#4471,#4472,#4473));
#651=EDGE_LOOP('',(#4474,#4475,#4476,#4477));
#652=EDGE_LOOP('',(#4478,#4479,#4480,#4481));
#653=EDGE_LOOP('',(#4482,#4483,#4484,#4485));
#654=EDGE_LOOP('',(#4486,#4487,#4488,#4489));
#655=EDGE_LOOP('',(#4490,#4491,#4492,#4493));
#656=EDGE_LOOP('',(#4494,#4495,#4496,#4497));
#657=EDGE_LOOP('',(#4498,#4499,#4500,#4501));
#658=EDGE_LOOP('',(#4502,#4503,#4504,#4505));
#659=EDGE_LOOP('',(#4506,#4507,#4508,#4509,#4510,#4511,#4512,#4513));
#660=EDGE_LOOP('',(#4514,#4515,#4516,#4517));
#661=EDGE_LOOP('',(#4518,#4519,#4520,#4521));
#662=EDGE_LOOP('',(#4522,#4523,#4524,#4525,#4526,#4527,#4528,#4529,#4530,
#4531,#4532,#4533));
#663=EDGE_LOOP('',(#4534,#4535,#4536,#4537));
#664=EDGE_LOOP('',(#4538,#4539,#4540,#4541));
#665=EDGE_LOOP('',(#4542,#4543,#4544,#4545));
#666=EDGE_LOOP('',(#4546,#4547,#4548,#4549));
#667=EDGE_LOOP('',(#4550,#4551,#4552,#4553));
#668=EDGE_LOOP('',(#4554,#4555,#4556,#4557));
#669=EDGE_LOOP('',(#4558,#4559,#4560,#4561,#4562,#4563,#4564,#4565));
#670=EDGE_LOOP('',(#4566,#4567,#4568,#4569));
#671=EDGE_LOOP('',(#4570,#4571,#4572,#4573));
#672=EDGE_LOOP('',(#4574,#4575,#4576,#4577));
#673=EDGE_LOOP('',(#4578,#4579,#4580,#4581));
#674=EDGE_LOOP('',(#4582,#4583,#4584,#4585));
#675=EDGE_LOOP('',(#4586,#4587,#4588,#4589));
#676=EDGE_LOOP('',(#4590,#4591,#4592,#4593));
#677=EDGE_LOOP('',(#4594,#4595,#4596,#4597));
#678=EDGE_LOOP('',(#4598,#4599,#4600,#4601,#4602,#4603,#4604,#4605));
#679=EDGE_LOOP('',(#4606,#4607,#4608,#4609));
#680=EDGE_LOOP('',(#4610,#4611,#4612,#4613));
#681=EDGE_LOOP('',(#4614,#4615,#4616,#4617,#4618,#4619,#4620,#4621));
#682=EDGE_LOOP('',(#4622,#4623,#4624,#4625));
#683=EDGE_LOOP('',(#4626,#4627,#4628,#4629));
#684=EDGE_LOOP('',(#4630,#4631,#4632,#4633));
#685=EDGE_LOOP('',(#4634,#4635,#4636,#4637));
#686=EDGE_LOOP('',(#4638,#4639,#4640,#4641));
#687=EDGE_LOOP('',(#4642,#4643,#4644,#4645));
#688=EDGE_LOOP('',(#4646,#4647,#4648,#4649));
#689=EDGE_LOOP('',(#4650,#4651,#4652,#4653));
#690=EDGE_LOOP('',(#4654,#4655,#4656,#4657,#4658,#4659,#4660,#4661));
#691=EDGE_LOOP('',(#4662,#4663,#4664,#4665));
#692=EDGE_LOOP('',(#4666,#4667,#4668,#4669));
#693=EDGE_LOOP('',(#4670,#4671,#4672,#4673,#4674,#4675,#4676,#4677,#4678,
#4679,#4680,#4681));
#694=EDGE_LOOP('',(#4682,#4683,#4684,#4685));
#695=EDGE_LOOP('',(#4686,#4687,#4688,#4689));
#696=EDGE_LOOP('',(#4690,#4691,#4692,#4693));
#697=EDGE_LOOP('',(#4694,#4695,#4696,#4697));
#698=EDGE_LOOP('',(#4698,#4699,#4700,#4701));
#699=EDGE_LOOP('',(#4702,#4703,#4704,#4705));
#700=EDGE_LOOP('',(#4706,#4707,#4708,#4709,#4710,#4711,#4712,#4713));
#701=EDGE_LOOP('',(#4714,#4715,#4716,#4717));
#702=EDGE_LOOP('',(#4718,#4719,#4720,#4721));
#703=EDGE_LOOP('',(#4722,#4723,#4724,#4725));
#704=EDGE_LOOP('',(#4726,#4727,#4728,#4729));
#705=EDGE_LOOP('',(#4730,#4731,#4732,#4733));
#706=EDGE_LOOP('',(#4734,#4735,#4736,#4737));
#707=EDGE_LOOP('',(#4738,#4739,#4740,#4741));
#708=EDGE_LOOP('',(#4742,#4743,#4744,#4745));
#709=EDGE_LOOP('',(#4746,#4747,#4748,#4749));
#710=LINE('',#7299,#1406);
#711=LINE('',#7301,#1407);
#712=LINE('',#7303,#1408);
#713=LINE('',#7304,#1409);
#714=LINE('',#7307,#1410);
#715=LINE('',#7309,#1411);
#716=LINE('',#7313,#1412);
#717=LINE('',#7315,#1413);
#718=LINE('',#7317,#1414);
#719=LINE('',#7322,#1415);
#720=LINE('',#7324,#1416);
#721=LINE('',#7326,#1417);
#722=LINE('',#7327,#1418);
#723=LINE('',#7330,#1419);
#724=LINE('',#7332,#1420);
#725=LINE('',#7333,#1421);
#726=LINE('',#7336,#1422);
#727=LINE('',#7338,#1423);
#728=LINE('',#7339,#1424);
#729=LINE('',#7342,#1425);
#730=LINE('',#7344,#1426);
#731=LINE('',#7345,#1427);
#732=LINE('',#7348,#1428);
#733=LINE('',#7349,#1429);
#734=LINE('',#7352,#1430);
#735=LINE('',#7353,#1431);
#736=LINE('',#7355,#1432);
#737=LINE('',#7358,#1433);
#738=LINE('',#7360,#1434);
#739=LINE('',#7361,#1435);
#740=LINE('',#7364,#1436);
#741=LINE('',#7366,#1437);
#742=LINE('',#7367,#1438);
#743=LINE('',#7370,#1439);
#744=LINE('',#7371,#1440);
#745=LINE('',#7373,#1441);
#746=LINE('',#7375,#1442);
#747=LINE('',#7378,#1443);
#748=LINE('',#7379,#1444);
#749=LINE('',#7381,#1445);
#750=LINE('',#7384,#1446);
#751=LINE('',#7385,#1447);
#752=LINE('',#7388,#1448);
#753=LINE('',#7389,#1449);
#754=LINE('',#7394,#1450);
#755=LINE('',#7396,#1451);
#756=LINE('',#7397,#1452);
#757=LINE('',#7401,#1453);
#758=LINE('',#7405,#1454);
#759=LINE('',#7407,#1455);
#760=LINE('',#7409,#1456);
#761=LINE('',#7410,#1457);
#762=LINE('',#7413,#1458);
#763=LINE('',#7415,#1459);
#764=LINE('',#7419,#1460);
#765=LINE('',#7421,#1461);
#766=LINE('',#7423,#1462);
#767=LINE('',#7428,#1463);
#768=LINE('',#7430,#1464);
#769=LINE('',#7432,#1465);
#770=LINE('',#7433,#1466);
#771=LINE('',#7436,#1467);
#772=LINE('',#7438,#1468);
#773=LINE('',#7439,#1469);
#774=LINE('',#7442,#1470);
#775=LINE('',#7444,#1471);
#776=LINE('',#7445,#1472);
#777=LINE('',#7448,#1473);
#778=LINE('',#7450,#1474);
#779=LINE('',#7451,#1475);
#780=LINE('',#7454,#1476);
#781=LINE('',#7455,#1477);
#782=LINE('',#7458,#1478);
#783=LINE('',#7459,#1479);
#784=LINE('',#7461,#1480);
#785=LINE('',#7464,#1481);
#786=LINE('',#7466,#1482);
#787=LINE('',#7467,#1483);
#788=LINE('',#7470,#1484);
#789=LINE('',#7472,#1485);
#790=LINE('',#7473,#1486);
#791=LINE('',#7476,#1487);
#792=LINE('',#7477,#1488);
#793=LINE('',#7479,#1489);
#794=LINE('',#7481,#1490);
#795=LINE('',#7484,#1491);
#796=LINE('',#7485,#1492);
#797=LINE('',#7487,#1493);
#798=LINE('',#7490,#1494);
#799=LINE('',#7491,#1495);
#800=LINE('',#7494,#1496);
#801=LINE('',#7495,#1497);
#802=LINE('',#7500,#1498);
#803=LINE('',#7502,#1499);
#804=LINE('',#7503,#1500);
#805=LINE('',#7507,#1501);
#806=LINE('',#7511,#1502);
#807=LINE('',#7513,#1503);
#808=LINE('',#7515,#1504);
#809=LINE('',#7516,#1505);
#810=LINE('',#7519,#1506);
#811=LINE('',#7521,#1507);
#812=LINE('',#7525,#1508);
#813=LINE('',#7527,#1509);
#814=LINE('',#7529,#1510);
#815=LINE('',#7534,#1511);
#816=LINE('',#7536,#1512);
#817=LINE('',#7538,#1513);
#818=LINE('',#7539,#1514);
#819=LINE('',#7542,#1515);
#820=LINE('',#7544,#1516);
#821=LINE('',#7545,#1517);
#822=LINE('',#7548,#1518);
#823=LINE('',#7550,#1519);
#824=LINE('',#7551,#1520);
#825=LINE('',#7554,#1521);
#826=LINE('',#7556,#1522);
#827=LINE('',#7557,#1523);
#828=LINE('',#7560,#1524);
#829=LINE('',#7561,#1525);
#830=LINE('',#7564,#1526);
#831=LINE('',#7565,#1527);
#832=LINE('',#7567,#1528);
#833=LINE('',#7570,#1529);
#834=LINE('',#7572,#1530);
#835=LINE('',#7573,#1531);
#836=LINE('',#7576,#1532);
#837=LINE('',#7578,#1533);
#838=LINE('',#7579,#1534);
#839=LINE('',#7582,#1535);
#840=LINE('',#7583,#1536);
#841=LINE('',#7585,#1537);
#842=LINE('',#7587,#1538);
#843=LINE('',#7590,#1539);
#844=LINE('',#7591,#1540);
#845=LINE('',#7593,#1541);
#846=LINE('',#7596,#1542);
#847=LINE('',#7597,#1543);
#848=LINE('',#7600,#1544);
#849=LINE('',#7601,#1545);
#850=LINE('',#7606,#1546);
#851=LINE('',#7608,#1547);
#852=LINE('',#7609,#1548);
#853=LINE('',#7613,#1549);
#854=LINE('',#7617,#1550);
#855=LINE('',#7619,#1551);
#856=LINE('',#7621,#1552);
#857=LINE('',#7622,#1553);
#858=LINE('',#7625,#1554);
#859=LINE('',#7627,#1555);
#860=LINE('',#7631,#1556);
#861=LINE('',#7633,#1557);
#862=LINE('',#7635,#1558);
#863=LINE('',#7640,#1559);
#864=LINE('',#7642,#1560);
#865=LINE('',#7644,#1561);
#866=LINE('',#7645,#1562);
#867=LINE('',#7648,#1563);
#868=LINE('',#7650,#1564);
#869=LINE('',#7651,#1565);
#870=LINE('',#7654,#1566);
#871=LINE('',#7656,#1567);
#872=LINE('',#7657,#1568);
#873=LINE('',#7660,#1569);
#874=LINE('',#7662,#1570);
#875=LINE('',#7663,#1571);
#876=LINE('',#7666,#1572);
#877=LINE('',#7667,#1573);
#878=LINE('',#7670,#1574);
#879=LINE('',#7671,#1575);
#880=LINE('',#7673,#1576);
#881=LINE('',#7676,#1577);
#882=LINE('',#7678,#1578);
#883=LINE('',#7679,#1579);
#884=LINE('',#7682,#1580);
#885=LINE('',#7684,#1581);
#886=LINE('',#7685,#1582);
#887=LINE('',#7688,#1583);
#888=LINE('',#7689,#1584);
#889=LINE('',#7691,#1585);
#890=LINE('',#7693,#1586);
#891=LINE('',#7696,#1587);
#892=LINE('',#7697,#1588);
#893=LINE('',#7699,#1589);
#894=LINE('',#7702,#1590);
#895=LINE('',#7703,#1591);
#896=LINE('',#7706,#1592);
#897=LINE('',#7707,#1593);
#898=LINE('',#7712,#1594);
#899=LINE('',#7714,#1595);
#900=LINE('',#7715,#1596);
#901=LINE('',#7719,#1597);
#902=LINE('',#7723,#1598);
#903=LINE('',#7725,#1599);
#904=LINE('',#7727,#1600);
#905=LINE('',#7728,#1601);
#906=LINE('',#7731,#1602);
#907=LINE('',#7733,#1603);
#908=LINE('',#7737,#1604);
#909=LINE('',#7739,#1605);
#910=LINE('',#7741,#1606);
#911=LINE('',#7746,#1607);
#912=LINE('',#7748,#1608);
#913=LINE('',#7750,#1609);
#914=LINE('',#7751,#1610);
#915=LINE('',#7754,#1611);
#916=LINE('',#7756,#1612);
#917=LINE('',#7757,#1613);
#918=LINE('',#7760,#1614);
#919=LINE('',#7762,#1615);
#920=LINE('',#7763,#1616);
#921=LINE('',#7766,#1617);
#922=LINE('',#7768,#1618);
#923=LINE('',#7769,#1619);
#924=LINE('',#7772,#1620);
#925=LINE('',#7773,#1621);
#926=LINE('',#7776,#1622);
#927=LINE('',#7777,#1623);
#928=LINE('',#7779,#1624);
#929=LINE('',#7782,#1625);
#930=LINE('',#7784,#1626);
#931=LINE('',#7785,#1627);
#932=LINE('',#7788,#1628);
#933=LINE('',#7790,#1629);
#934=LINE('',#7791,#1630);
#935=LINE('',#7794,#1631);
#936=LINE('',#7795,#1632);
#937=LINE('',#7797,#1633);
#938=LINE('',#7799,#1634);
#939=LINE('',#7802,#1635);
#940=LINE('',#7803,#1636);
#941=LINE('',#7805,#1637);
#942=LINE('',#7808,#1638);
#943=LINE('',#7809,#1639);
#944=LINE('',#7812,#1640);
#945=LINE('',#7813,#1641);
#946=LINE('',#7818,#1642);
#947=LINE('',#7820,#1643);
#948=LINE('',#7821,#1644);
#949=LINE('',#7825,#1645);
#950=LINE('',#7829,#1646);
#951=LINE('',#7831,#1647);
#952=LINE('',#7833,#1648);
#953=LINE('',#7834,#1649);
#954=LINE('',#7837,#1650);
#955=LINE('',#7839,#1651);
#956=LINE('',#7843,#1652);
#957=LINE('',#7845,#1653);
#958=LINE('',#7847,#1654);
#959=LINE('',#7852,#1655);
#960=LINE('',#7854,#1656);
#961=LINE('',#7856,#1657);
#962=LINE('',#7857,#1658);
#963=LINE('',#7860,#1659);
#964=LINE('',#7862,#1660);
#965=LINE('',#7863,#1661);
#966=LINE('',#7866,#1662);
#967=LINE('',#7868,#1663);
#968=LINE('',#7869,#1664);
#969=LINE('',#7872,#1665);
#970=LINE('',#7874,#1666);
#971=LINE('',#7875,#1667);
#972=LINE('',#7878,#1668);
#973=LINE('',#7879,#1669);
#974=LINE('',#7882,#1670);
#975=LINE('',#7883,#1671);
#976=LINE('',#7885,#1672);
#977=LINE('',#7888,#1673);
#978=LINE('',#7890,#1674);
#979=LINE('',#7891,#1675);
#980=LINE('',#7894,#1676);
#981=LINE('',#7896,#1677);
#982=LINE('',#7897,#1678);
#983=LINE('',#7900,#1679);
#984=LINE('',#7901,#1680);
#985=LINE('',#7903,#1681);
#986=LINE('',#7905,#1682);
#987=LINE('',#7908,#1683);
#988=LINE('',#7909,#1684);
#989=LINE('',#7911,#1685);
#990=LINE('',#7914,#1686);
#991=LINE('',#7915,#1687);
#992=LINE('',#7918,#1688);
#993=LINE('',#7919,#1689);
#994=LINE('',#7924,#1690);
#995=LINE('',#7926,#1691);
#996=LINE('',#7927,#1692);
#997=LINE('',#7931,#1693);
#998=LINE('',#7935,#1694);
#999=LINE('',#7937,#1695);
#1000=LINE('',#7939,#1696);
#1001=LINE('',#7940,#1697);
#1002=LINE('',#7943,#1698);
#1003=LINE('',#7945,#1699);
#1004=LINE('',#7949,#1700);
#1005=LINE('',#7951,#1701);
#1006=LINE('',#7953,#1702);
#1007=LINE('',#7958,#1703);
#1008=LINE('',#7960,#1704);
#1009=LINE('',#7962,#1705);
#1010=LINE('',#7963,#1706);
#1011=LINE('',#7966,#1707);
#1012=LINE('',#7968,#1708);
#1013=LINE('',#7969,#1709);
#1014=LINE('',#7972,#1710);
#1015=LINE('',#7974,#1711);
#1016=LINE('',#7975,#1712);
#1017=LINE('',#7978,#1713);
#1018=LINE('',#7980,#1714);
#1019=LINE('',#7981,#1715);
#1020=LINE('',#7984,#1716);
#1021=LINE('',#7985,#1717);
#1022=LINE('',#7988,#1718);
#1023=LINE('',#7989,#1719);
#1024=LINE('',#7991,#1720);
#1025=LINE('',#7994,#1721);
#1026=LINE('',#7996,#1722);
#1027=LINE('',#7997,#1723);
#1028=LINE('',#8000,#1724);
#1029=LINE('',#8002,#1725);
#1030=LINE('',#8003,#1726);
#1031=LINE('',#8006,#1727);
#1032=LINE('',#8007,#1728);
#1033=LINE('',#8009,#1729);
#1034=LINE('',#8011,#1730);
#1035=LINE('',#8014,#1731);
#1036=LINE('',#8015,#1732);
#1037=LINE('',#8017,#1733);
#1038=LINE('',#8020,#1734);
#1039=LINE('',#8021,#1735);
#1040=LINE('',#8024,#1736);
#1041=LINE('',#8025,#1737);
#1042=LINE('',#8030,#1738);
#1043=LINE('',#8032,#1739);
#1044=LINE('',#8033,#1740);
#1045=LINE('',#8037,#1741);
#1046=LINE('',#8041,#1742);
#1047=LINE('',#8043,#1743);
#1048=LINE('',#8045,#1744);
#1049=LINE('',#8046,#1745);
#1050=LINE('',#8049,#1746);
#1051=LINE('',#8051,#1747);
#1052=LINE('',#8055,#1748);
#1053=LINE('',#8057,#1749);
#1054=LINE('',#8059,#1750);
#1055=LINE('',#8064,#1751);
#1056=LINE('',#8066,#1752);
#1057=LINE('',#8068,#1753);
#1058=LINE('',#8069,#1754);
#1059=LINE('',#8072,#1755);
#1060=LINE('',#8074,#1756);
#1061=LINE('',#8075,#1757);
#1062=LINE('',#8078,#1758);
#1063=LINE('',#8080,#1759);
#1064=LINE('',#8081,#1760);
#1065=LINE('',#8084,#1761);
#1066=LINE('',#8086,#1762);
#1067=LINE('',#8087,#1763);
#1068=LINE('',#8090,#1764);
#1069=LINE('',#8091,#1765);
#1070=LINE('',#8094,#1766);
#1071=LINE('',#8095,#1767);
#1072=LINE('',#8097,#1768);
#1073=LINE('',#8100,#1769);
#1074=LINE('',#8102,#1770);
#1075=LINE('',#8103,#1771);
#1076=LINE('',#8106,#1772);
#1077=LINE('',#8108,#1773);
#1078=LINE('',#8109,#1774);
#1079=LINE('',#8112,#1775);
#1080=LINE('',#8113,#1776);
#1081=LINE('',#8115,#1777);
#1082=LINE('',#8117,#1778);
#1083=LINE('',#8120,#1779);
#1084=LINE('',#8121,#1780);
#1085=LINE('',#8123,#1781);
#1086=LINE('',#8126,#1782);
#1087=LINE('',#8127,#1783);
#1088=LINE('',#8130,#1784);
#1089=LINE('',#8131,#1785);
#1090=LINE('',#8136,#1786);
#1091=LINE('',#8138,#1787);
#1092=LINE('',#8139,#1788);
#1093=LINE('',#8143,#1789);
#1094=LINE('',#8147,#1790);
#1095=LINE('',#8149,#1791);
#1096=LINE('',#8151,#1792);
#1097=LINE('',#8152,#1793);
#1098=LINE('',#8156,#1794);
#1099=LINE('',#8158,#1795);
#1100=LINE('',#8160,#1796);
#1101=LINE('',#8161,#1797);
#1102=LINE('',#8165,#1798);
#1103=LINE('',#8167,#1799);
#1104=LINE('',#8169,#1800);
#1105=LINE('',#8170,#1801);
#1106=LINE('',#8174,#1802);
#1107=LINE('',#8176,#1803);
#1108=LINE('',#8178,#1804);
#1109=LINE('',#8179,#1805);
#1110=LINE('',#8182,#1806);
#1111=LINE('',#8184,#1807);
#1112=LINE('',#8185,#1808);
#1113=LINE('',#8188,#1809);
#1114=LINE('',#8190,#1810);
#1115=LINE('',#8191,#1811);
#1116=LINE('',#8194,#1812);
#1117=LINE('',#8196,#1813);
#1118=LINE('',#8197,#1814);
#1119=LINE('',#8200,#1815);
#1120=LINE('',#8202,#1816);
#1121=LINE('',#8203,#1817);
#1122=LINE('',#8206,#1818);
#1123=LINE('',#8208,#1819);
#1124=LINE('',#8209,#1820);
#1125=LINE('',#8212,#1821);
#1126=LINE('',#8214,#1822);
#1127=LINE('',#8215,#1823);
#1128=LINE('',#8218,#1824);
#1129=LINE('',#8220,#1825);
#1130=LINE('',#8221,#1826);
#1131=LINE('',#8224,#1827);
#1132=LINE('',#8226,#1828);
#1133=LINE('',#8227,#1829);
#1134=LINE('',#8231,#1830);
#1135=LINE('',#8233,#1831);
#1136=LINE('',#8235,#1832);
#1137=LINE('',#8236,#1833);
#1138=LINE('',#8238,#1834);
#1139=LINE('',#8239,#1835);
#1140=LINE('',#8241,#1836);
#1141=LINE('',#8242,#1837);
#1142=LINE('',#8244,#1838);
#1143=LINE('',#8245,#1839);
#1144=LINE('',#8247,#1840);
#1145=LINE('',#8248,#1841);
#1146=LINE('',#8251,#1842);
#1147=LINE('',#8253,#1843);
#1148=LINE('',#8254,#1844);
#1149=LINE('',#8257,#1845);
#1150=LINE('',#8259,#1846);
#1151=LINE('',#8260,#1847);
#1152=LINE('',#8263,#1848);
#1153=LINE('',#8264,#1849);
#1154=LINE('',#8269,#1850);
#1155=LINE('',#8271,#1851);
#1156=LINE('',#8273,#1852);
#1157=LINE('',#8275,#1853);
#1158=LINE('',#8277,#1854);
#1159=LINE('',#8279,#1855);
#1160=LINE('',#8281,#1856);
#1161=LINE('',#8282,#1857);
#1162=LINE('',#8285,#1858);
#1163=LINE('',#8287,#1859);
#1164=LINE('',#8289,#1860);
#1165=LINE('',#8290,#1861);
#1166=LINE('',#8294,#1862);
#1167=LINE('',#8296,#1863);
#1168=LINE('',#8298,#1864);
#1169=LINE('',#8300,#1865);
#1170=LINE('',#8302,#1866);
#1171=LINE('',#8304,#1867);
#1172=LINE('',#8306,#1868);
#1173=LINE('',#8307,#1869);
#1174=LINE('',#8310,#1870);
#1175=LINE('',#8312,#1871);
#1176=LINE('',#8314,#1872);
#1177=LINE('',#8315,#1873);
#1178=LINE('',#8319,#1874);
#1179=LINE('',#8321,#1875);
#1180=LINE('',#8323,#1876);
#1181=LINE('',#8324,#1877);
#1182=LINE('',#8328,#1878);
#1183=LINE('',#8330,#1879);
#1184=LINE('',#8332,#1880);
#1185=LINE('',#8333,#1881);
#1186=LINE('',#8337,#1882);
#1187=LINE('',#8339,#1883);
#1188=LINE('',#8341,#1884);
#1189=LINE('',#8342,#1885);
#1190=LINE('',#8346,#1886);
#1191=LINE('',#8348,#1887);
#1192=LINE('',#8350,#1888);
#1193=LINE('',#8351,#1889);
#1194=LINE('',#8353,#1890);
#1195=LINE('',#8354,#1891);
#1196=LINE('',#8356,#1892);
#1197=LINE('',#8357,#1893);
#1198=LINE('',#8359,#1894);
#1199=LINE('',#8360,#1895);
#1200=LINE('',#8361,#1896);
#1201=LINE('',#8362,#1897);
#1202=LINE('',#8364,#1898);
#1203=LINE('',#8366,#1899);
#1204=LINE('',#8368,#1900);
#1205=LINE('',#8369,#1901);
#1206=LINE('',#8370,#1902);
#1207=LINE('',#8372,#1903);
#1208=LINE('',#8375,#1904);
#1209=LINE('',#8378,#1905);
#1210=LINE('',#8382,#1906);
#1211=LINE('',#8384,#1907);
#1212=LINE('',#8385,#1908);
#1213=LINE('',#8388,#1909);
#1214=LINE('',#8390,#1910);
#1215=LINE('',#8391,#1911);
#1216=LINE('',#8394,#1912);
#1217=LINE('',#8395,#1913);
#1218=LINE('',#8398,#1914);
#1219=LINE('',#8399,#1915);
#1220=LINE('',#8402,#1916);
#1221=LINE('',#8403,#1917);
#1222=LINE('',#8405,#1918);
#1223=LINE('',#8409,#1919);
#1224=LINE('',#8411,#1920);
#1225=LINE('',#8413,#1921);
#1226=LINE('',#8415,#1922);
#1227=LINE('',#8417,#1923);
#1228=LINE('',#8419,#1924);
#1229=LINE('',#8421,#1925);
#1230=LINE('',#8422,#1926);
#1231=LINE('',#8426,#1927);
#1232=LINE('',#8428,#1928);
#1233=LINE('',#8430,#1929);
#1234=LINE('',#8432,#1930);
#1235=LINE('',#8434,#1931);
#1236=LINE('',#8436,#1932);
#1237=LINE('',#8438,#1933);
#1238=LINE('',#8439,#1934);
#1239=LINE('',#8442,#1935);
#1240=LINE('',#8444,#1936);
#1241=LINE('',#8446,#1937);
#1242=LINE('',#8447,#1938);
#1243=LINE('',#8451,#1939);
#1244=LINE('',#8453,#1940);
#1245=LINE('',#8455,#1941);
#1246=LINE('',#8456,#1942);
#1247=LINE('',#8460,#1943);
#1248=LINE('',#8462,#1944);
#1249=LINE('',#8464,#1945);
#1250=LINE('',#8465,#1946);
#1251=LINE('',#8469,#1947);
#1252=LINE('',#8471,#1948);
#1253=LINE('',#8473,#1949);
#1254=LINE('',#8474,#1950);
#1255=LINE('',#8478,#1951);
#1256=LINE('',#8480,#1952);
#1257=LINE('',#8482,#1953);
#1258=LINE('',#8483,#1954);
#1259=LINE('',#8485,#1955);
#1260=LINE('',#8486,#1956);
#1261=LINE('',#8488,#1957);
#1262=LINE('',#8489,#1958);
#1263=LINE('',#8491,#1959);
#1264=LINE('',#8492,#1960);
#1265=LINE('',#8493,#1961);
#1266=LINE('',#8494,#1962);
#1267=LINE('',#8496,#1963);
#1268=LINE('',#8498,#1964);
#1269=LINE('',#8500,#1965);
#1270=LINE('',#8501,#1966);
#1271=LINE('',#8502,#1967);
#1272=LINE('',#8504,#1968);
#1273=LINE('',#8507,#1969);
#1274=LINE('',#8510,#1970);
#1275=LINE('',#8514,#1971);
#1276=LINE('',#8516,#1972);
#1277=LINE('',#8517,#1973);
#1278=LINE('',#8520,#1974);
#1279=LINE('',#8521,#1975);
#1280=LINE('',#8524,#1976);
#1281=LINE('',#8525,#1977);
#1282=LINE('',#8528,#1978);
#1283=LINE('',#8529,#1979);
#1284=LINE('',#8531,#1980);
#1285=LINE('',#8535,#1981);
#1286=LINE('',#8537,#1982);
#1287=LINE('',#8539,#1983);
#1288=LINE('',#8541,#1984);
#1289=LINE('',#8543,#1985);
#1290=LINE('',#8545,#1986);
#1291=LINE('',#8547,#1987);
#1292=LINE('',#8548,#1988);
#1293=LINE('',#8552,#1989);
#1294=LINE('',#8554,#1990);
#1295=LINE('',#8556,#1991);
#1296=LINE('',#8558,#1992);
#1297=LINE('',#8560,#1993);
#1298=LINE('',#8562,#1994);
#1299=LINE('',#8564,#1995);
#1300=LINE('',#8565,#1996);
#1301=LINE('',#8568,#1997);
#1302=LINE('',#8570,#1998);
#1303=LINE('',#8572,#1999);
#1304=LINE('',#8573,#2000);
#1305=LINE('',#8577,#2001);
#1306=LINE('',#8579,#2002);
#1307=LINE('',#8581,#2003);
#1308=LINE('',#8582,#2004);
#1309=LINE('',#8586,#2005);
#1310=LINE('',#8588,#2006);
#1311=LINE('',#8590,#2007);
#1312=LINE('',#8591,#2008);
#1313=LINE('',#8595,#2009);
#1314=LINE('',#8597,#2010);
#1315=LINE('',#8599,#2011);
#1316=LINE('',#8600,#2012);
#1317=LINE('',#8604,#2013);
#1318=LINE('',#8606,#2014);
#1319=LINE('',#8608,#2015);
#1320=LINE('',#8609,#2016);
#1321=LINE('',#8611,#2017);
#1322=LINE('',#8612,#2018);
#1323=LINE('',#8614,#2019);
#1324=LINE('',#8615,#2020);
#1325=LINE('',#8617,#2021);
#1326=LINE('',#8618,#2022);
#1327=LINE('',#8619,#2023);
#1328=LINE('',#8620,#2024);
#1329=LINE('',#8622,#2025);
#1330=LINE('',#8624,#2026);
#1331=LINE('',#8626,#2027);
#1332=LINE('',#8627,#2028);
#1333=LINE('',#8628,#2029);
#1334=LINE('',#8630,#2030);
#1335=LINE('',#8633,#2031);
#1336=LINE('',#8636,#2032);
#1337=LINE('',#8640,#2033);
#1338=LINE('',#8642,#2034);
#1339=LINE('',#8643,#2035);
#1340=LINE('',#8645,#2036);
#1341=LINE('',#8648,#2037);
#1342=LINE('',#8649,#2038);
#1343=LINE('',#8652,#2039);
#1344=LINE('',#8653,#2040);
#1345=LINE('',#8655,#2041);
#1346=LINE('',#8659,#2042);
#1347=LINE('',#8661,#2043);
#1348=LINE('',#8663,#2044);
#1349=LINE('',#8665,#2045);
#1350=LINE('',#8667,#2046);
#1351=LINE('',#8669,#2047);
#1352=LINE('',#8671,#2048);
#1353=LINE('',#8672,#2049);
#1354=LINE('',#8676,#2050);
#1355=LINE('',#8678,#2051);
#1356=LINE('',#8680,#2052);
#1357=LINE('',#8682,#2053);
#1358=LINE('',#8684,#2054);
#1359=LINE('',#8686,#2055);
#1360=LINE('',#8688,#2056);
#1361=LINE('',#8689,#2057);
#1362=LINE('',#8692,#2058);
#1363=LINE('',#8694,#2059);
#1364=LINE('',#8696,#2060);
#1365=LINE('',#8697,#2061);
#1366=LINE('',#8701,#2062);
#1367=LINE('',#8703,#2063);
#1368=LINE('',#8705,#2064);
#1369=LINE('',#8706,#2065);
#1370=LINE('',#8710,#2066);
#1371=LINE('',#8712,#2067);
#1372=LINE('',#8714,#2068);
#1373=LINE('',#8715,#2069);
#1374=LINE('',#8719,#2070);
#1375=LINE('',#8721,#2071);
#1376=LINE('',#8723,#2072);
#1377=LINE('',#8724,#2073);
#1378=LINE('',#8728,#2074);
#1379=LINE('',#8730,#2075);
#1380=LINE('',#8732,#2076);
#1381=LINE('',#8733,#2077);
#1382=LINE('',#8735,#2078);
#1383=LINE('',#8736,#2079);
#1384=LINE('',#8738,#2080);
#1385=LINE('',#8739,#2081);
#1386=LINE('',#8741,#2082);
#1387=LINE('',#8742,#2083);
#1388=LINE('',#8743,#2084);
#1389=LINE('',#8744,#2085);
#1390=LINE('',#8746,#2086);
#1391=LINE('',#8748,#2087);
#1392=LINE('',#8750,#2088);
#1393=LINE('',#8751,#2089);
#1394=LINE('',#8752,#2090);
#1395=LINE('',#8754,#2091);
#1396=LINE('',#8757,#2092);
#1397=LINE('',#8760,#2093);
#1398=LINE('',#8764,#2094);
#1399=LINE('',#8766,#2095);
#1400=LINE('',#8767,#2096);
#1401=LINE('',#8770,#2097);
#1402=LINE('',#8771,#2098);
#1403=LINE('',#8774,#2099);
#1404=LINE('',#8775,#2100);
#1405=LINE('',#8777,#2101);
#1406=VECTOR('',#5953,1.);
#1407=VECTOR('',#5954,1.);
#1408=VECTOR('',#5955,1.);
#1409=VECTOR('',#5956,1.);
#1410=VECTOR('',#5959,1.);
#1411=VECTOR('',#5960,1.);
#1412=VECTOR('',#5963,1.);
#1413=VECTOR('',#5964,1.);
#1414=VECTOR('',#5965,1.);
#1415=VECTOR('',#5970,1.);
#1416=VECTOR('',#5971,1.);
#1417=VECTOR('',#5972,1.);
#1418=VECTOR('',#5973,1.);
#1419=VECTOR('',#5976,1.);
#1420=VECTOR('',#5977,1.);
#1421=VECTOR('',#5978,1.);
#1422=VECTOR('',#5981,1.);
#1423=VECTOR('',#5982,1.);
#1424=VECTOR('',#5983,1.);
#1425=VECTOR('',#5986,1.);
#1426=VECTOR('',#5987,1.);
#1427=VECTOR('',#5988,1.);
#1428=VECTOR('',#5991,1.);
#1429=VECTOR('',#5992,1.);
#1430=VECTOR('',#5995,1.);
#1431=VECTOR('',#5996,1.);
#1432=VECTOR('',#5999,1.);
#1433=VECTOR('',#6002,1.);
#1434=VECTOR('',#6003,1.);
#1435=VECTOR('',#6004,1.);
#1436=VECTOR('',#6007,1.);
#1437=VECTOR('',#6008,1.);
#1438=VECTOR('',#6009,1.);
#1439=VECTOR('',#6012,1.);
#1440=VECTOR('',#6013,1.);
#1441=VECTOR('',#6016,1.);
#1442=VECTOR('',#6019,1.);
#1443=VECTOR('',#6022,1.);
#1444=VECTOR('',#6023,1.);
#1445=VECTOR('',#6026,1.);
#1446=VECTOR('',#6029,1.);
#1447=VECTOR('',#6030,1.);
#1448=VECTOR('',#6033,1.);
#1449=VECTOR('',#6034,1.);
#1450=VECTOR('',#6041,1.);
#1451=VECTOR('',#6042,1.);
#1452=VECTOR('',#6043,1.);
#1453=VECTOR('',#6050,1.);
#1454=VECTOR('',#6053,1.);
#1455=VECTOR('',#6054,1.);
#1456=VECTOR('',#6055,1.);
#1457=VECTOR('',#6056,1.);
#1458=VECTOR('',#6059,1.);
#1459=VECTOR('',#6060,1.);
#1460=VECTOR('',#6063,1.);
#1461=VECTOR('',#6064,1.);
#1462=VECTOR('',#6065,1.);
#1463=VECTOR('',#6070,1.);
#1464=VECTOR('',#6071,1.);
#1465=VECTOR('',#6072,1.);
#1466=VECTOR('',#6073,1.);
#1467=VECTOR('',#6076,1.);
#1468=VECTOR('',#6077,1.);
#1469=VECTOR('',#6078,1.);
#1470=VECTOR('',#6081,1.);
#1471=VECTOR('',#6082,1.);
#1472=VECTOR('',#6083,1.);
#1473=VECTOR('',#6086,1.);
#1474=VECTOR('',#6087,1.);
#1475=VECTOR('',#6088,1.);
#1476=VECTOR('',#6091,1.);
#1477=VECTOR('',#6092,1.);
#1478=VECTOR('',#6095,1.);
#1479=VECTOR('',#6096,1.);
#1480=VECTOR('',#6099,1.);
#1481=VECTOR('',#6102,1.);
#1482=VECTOR('',#6103,1.);
#1483=VECTOR('',#6104,1.);
#1484=VECTOR('',#6107,1.);
#1485=VECTOR('',#6108,1.);
#1486=VECTOR('',#6109,1.);
#1487=VECTOR('',#6112,1.);
#1488=VECTOR('',#6113,1.);
#1489=VECTOR('',#6116,1.);
#1490=VECTOR('',#6119,1.);
#1491=VECTOR('',#6122,1.);
#1492=VECTOR('',#6123,1.);
#1493=VECTOR('',#6126,1.);
#1494=VECTOR('',#6129,1.);
#1495=VECTOR('',#6130,1.);
#1496=VECTOR('',#6133,1.);
#1497=VECTOR('',#6134,1.);
#1498=VECTOR('',#6141,1.);
#1499=VECTOR('',#6142,1.);
#1500=VECTOR('',#6143,1.);
#1501=VECTOR('',#6150,1.);
#1502=VECTOR('',#6153,1.);
#1503=VECTOR('',#6154,1.);
#1504=VECTOR('',#6155,1.);
#1505=VECTOR('',#6156,1.);
#1506=VECTOR('',#6159,1.);
#1507=VECTOR('',#6160,1.);
#1508=VECTOR('',#6163,1.);
#1509=VECTOR('',#6164,1.);
#1510=VECTOR('',#6165,1.);
#1511=VECTOR('',#6170,1.);
#1512=VECTOR('',#6171,1.);
#1513=VECTOR('',#6172,1.);
#1514=VECTOR('',#6173,1.);
#1515=VECTOR('',#6176,1.);
#1516=VECTOR('',#6177,1.);
#1517=VECTOR('',#6178,1.);
#1518=VECTOR('',#6181,1.);
#1519=VECTOR('',#6182,1.);
#1520=VECTOR('',#6183,1.);
#1521=VECTOR('',#6186,1.);
#1522=VECTOR('',#6187,1.);
#1523=VECTOR('',#6188,1.);
#1524=VECTOR('',#6191,1.);
#1525=VECTOR('',#6192,1.);
#1526=VECTOR('',#6195,1.);
#1527=VECTOR('',#6196,1.);
#1528=VECTOR('',#6199,1.);
#1529=VECTOR('',#6202,1.);
#1530=VECTOR('',#6203,1.);
#1531=VECTOR('',#6204,1.);
#1532=VECTOR('',#6207,1.);
#1533=VECTOR('',#6208,1.);
#1534=VECTOR('',#6209,1.);
#1535=VECTOR('',#6212,1.);
#1536=VECTOR('',#6213,1.);
#1537=VECTOR('',#6216,1.);
#1538=VECTOR('',#6219,1.);
#1539=VECTOR('',#6222,1.);
#1540=VECTOR('',#6223,1.);
#1541=VECTOR('',#6226,1.);
#1542=VECTOR('',#6229,1.);
#1543=VECTOR('',#6230,1.);
#1544=VECTOR('',#6233,1.);
#1545=VECTOR('',#6234,1.);
#1546=VECTOR('',#6241,1.);
#1547=VECTOR('',#6242,1.);
#1548=VECTOR('',#6243,1.);
#1549=VECTOR('',#6250,1.);
#1550=VECTOR('',#6253,1.);
#1551=VECTOR('',#6254,1.);
#1552=VECTOR('',#6255,1.);
#1553=VECTOR('',#6256,1.);
#1554=VECTOR('',#6259,1.);
#1555=VECTOR('',#6260,1.);
#1556=VECTOR('',#6263,1.);
#1557=VECTOR('',#6264,1.);
#1558=VECTOR('',#6265,1.);
#1559=VECTOR('',#6270,1.);
#1560=VECTOR('',#6271,1.);
#1561=VECTOR('',#6272,1.);
#1562=VECTOR('',#6273,1.);
#1563=VECTOR('',#6276,1.);
#1564=VECTOR('',#6277,1.);
#1565=VECTOR('',#6278,1.);
#1566=VECTOR('',#6281,1.);
#1567=VECTOR('',#6282,1.);
#1568=VECTOR('',#6283,1.);
#1569=VECTOR('',#6286,1.);
#1570=VECTOR('',#6287,1.);
#1571=VECTOR('',#6288,1.);
#1572=VECTOR('',#6291,1.);
#1573=VECTOR('',#6292,1.);
#1574=VECTOR('',#6295,1.);
#1575=VECTOR('',#6296,1.);
#1576=VECTOR('',#6299,1.);
#1577=VECTOR('',#6302,1.);
#1578=VECTOR('',#6303,1.);
#1579=VECTOR('',#6304,1.);
#1580=VECTOR('',#6307,1.);
#1581=VECTOR('',#6308,1.);
#1582=VECTOR('',#6309,1.);
#1583=VECTOR('',#6312,1.);
#1584=VECTOR('',#6313,1.);
#1585=VECTOR('',#6316,1.);
#1586=VECTOR('',#6319,1.);
#1587=VECTOR('',#6322,1.);
#1588=VECTOR('',#6323,1.);
#1589=VECTOR('',#6326,1.);
#1590=VECTOR('',#6329,1.);
#1591=VECTOR('',#6330,1.);
#1592=VECTOR('',#6333,1.);
#1593=VECTOR('',#6334,1.);
#1594=VECTOR('',#6341,1.);
#1595=VECTOR('',#6342,1.);
#1596=VECTOR('',#6343,1.);
#1597=VECTOR('',#6350,1.);
#1598=VECTOR('',#6353,1.);
#1599=VECTOR('',#6354,1.);
#1600=VECTOR('',#6355,1.);
#1601=VECTOR('',#6356,1.);
#1602=VECTOR('',#6359,1.);
#1603=VECTOR('',#6360,1.);
#1604=VECTOR('',#6363,1.);
#1605=VECTOR('',#6364,1.);
#1606=VECTOR('',#6365,1.);
#1607=VECTOR('',#6370,1.);
#1608=VECTOR('',#6371,1.);
#1609=VECTOR('',#6372,1.);
#1610=VECTOR('',#6373,1.);
#1611=VECTOR('',#6376,1.);
#1612=VECTOR('',#6377,1.);
#1613=VECTOR('',#6378,1.);
#1614=VECTOR('',#6381,1.);
#1615=VECTOR('',#6382,1.);
#1616=VECTOR('',#6383,1.);
#1617=VECTOR('',#6386,1.);
#1618=VECTOR('',#6387,1.);
#1619=VECTOR('',#6388,1.);
#1620=VECTOR('',#6391,1.);
#1621=VECTOR('',#6392,1.);
#1622=VECTOR('',#6395,1.);
#1623=VECTOR('',#6396,1.);
#1624=VECTOR('',#6399,1.);
#1625=VECTOR('',#6402,1.);
#1626=VECTOR('',#6403,1.);
#1627=VECTOR('',#6404,1.);
#1628=VECTOR('',#6407,1.);
#1629=VECTOR('',#6408,1.);
#1630=VECTOR('',#6409,1.);
#1631=VECTOR('',#6412,1.);
#1632=VECTOR('',#6413,1.);
#1633=VECTOR('',#6416,1.);
#1634=VECTOR('',#6419,1.);
#1635=VECTOR('',#6422,1.);
#1636=VECTOR('',#6423,1.);
#1637=VECTOR('',#6426,1.);
#1638=VECTOR('',#6429,1.);
#1639=VECTOR('',#6430,1.);
#1640=VECTOR('',#6433,1.);
#1641=VECTOR('',#6434,1.);
#1642=VECTOR('',#6441,1.);
#1643=VECTOR('',#6442,1.);
#1644=VECTOR('',#6443,1.);
#1645=VECTOR('',#6450,1.);
#1646=VECTOR('',#6453,1.);
#1647=VECTOR('',#6454,1.);
#1648=VECTOR('',#6455,1.);
#1649=VECTOR('',#6456,1.);
#1650=VECTOR('',#6459,1.);
#1651=VECTOR('',#6460,1.);
#1652=VECTOR('',#6463,1.);
#1653=VECTOR('',#6464,1.);
#1654=VECTOR('',#6465,1.);
#1655=VECTOR('',#6470,1.);
#1656=VECTOR('',#6471,1.);
#1657=VECTOR('',#6472,1.);
#1658=VECTOR('',#6473,1.);
#1659=VECTOR('',#6476,1.);
#1660=VECTOR('',#6477,1.);
#1661=VECTOR('',#6478,1.);
#1662=VECTOR('',#6481,1.);
#1663=VECTOR('',#6482,1.);
#1664=VECTOR('',#6483,1.);
#1665=VECTOR('',#6486,1.);
#1666=VECTOR('',#6487,1.);
#1667=VECTOR('',#6488,1.);
#1668=VECTOR('',#6491,1.);
#1669=VECTOR('',#6492,1.);
#1670=VECTOR('',#6495,1.);
#1671=VECTOR('',#6496,1.);
#1672=VECTOR('',#6499,1.);
#1673=VECTOR('',#6502,1.);
#1674=VECTOR('',#6503,1.);
#1675=VECTOR('',#6504,1.);
#1676=VECTOR('',#6507,1.);
#1677=VECTOR('',#6508,1.);
#1678=VECTOR('',#6509,1.);
#1679=VECTOR('',#6512,1.);
#1680=VECTOR('',#6513,1.);
#1681=VECTOR('',#6516,1.);
#1682=VECTOR('',#6519,1.);
#1683=VECTOR('',#6522,1.);
#1684=VECTOR('',#6523,1.);
#1685=VECTOR('',#6526,1.);
#1686=VECTOR('',#6529,1.);
#1687=VECTOR('',#6530,1.);
#1688=VECTOR('',#6533,1.);
#1689=VECTOR('',#6534,1.);
#1690=VECTOR('',#6541,1.);
#1691=VECTOR('',#6542,1.);
#1692=VECTOR('',#6543,1.);
#1693=VECTOR('',#6550,1.);
#1694=VECTOR('',#6553,1.);
#1695=VECTOR('',#6554,1.);
#1696=VECTOR('',#6555,1.);
#1697=VECTOR('',#6556,1.);
#1698=VECTOR('',#6559,1.);
#1699=VECTOR('',#6560,1.);
#1700=VECTOR('',#6563,1.);
#1701=VECTOR('',#6564,1.);
#1702=VECTOR('',#6565,1.);
#1703=VECTOR('',#6570,1.);
#1704=VECTOR('',#6571,1.);
#1705=VECTOR('',#6572,1.);
#1706=VECTOR('',#6573,1.);
#1707=VECTOR('',#6576,1.);
#1708=VECTOR('',#6577,1.);
#1709=VECTOR('',#6578,1.);
#1710=VECTOR('',#6581,1.);
#1711=VECTOR('',#6582,1.);
#1712=VECTOR('',#6583,1.);
#1713=VECTOR('',#6586,1.);
#1714=VECTOR('',#6587,1.);
#1715=VECTOR('',#6588,1.);
#1716=VECTOR('',#6591,1.);
#1717=VECTOR('',#6592,1.);
#1718=VECTOR('',#6595,1.);
#1719=VECTOR('',#6596,1.);
#1720=VECTOR('',#6599,1.);
#1721=VECTOR('',#6602,1.);
#1722=VECTOR('',#6603,1.);
#1723=VECTOR('',#6604,1.);
#1724=VECTOR('',#6607,1.);
#1725=VECTOR('',#6608,1.);
#1726=VECTOR('',#6609,1.);
#1727=VECTOR('',#6612,1.);
#1728=VECTOR('',#6613,1.);
#1729=VECTOR('',#6616,1.);
#1730=VECTOR('',#6619,1.);
#1731=VECTOR('',#6622,1.);
#1732=VECTOR('',#6623,1.);
#1733=VECTOR('',#6626,1.);
#1734=VECTOR('',#6629,1.);
#1735=VECTOR('',#6630,1.);
#1736=VECTOR('',#6633,1.);
#1737=VECTOR('',#6634,1.);
#1738=VECTOR('',#6641,1.);
#1739=VECTOR('',#6642,1.);
#1740=VECTOR('',#6643,1.);
#1741=VECTOR('',#6650,1.);
#1742=VECTOR('',#6653,1.);
#1743=VECTOR('',#6654,1.);
#1744=VECTOR('',#6655,1.);
#1745=VECTOR('',#6656,1.);
#1746=VECTOR('',#6659,1.);
#1747=VECTOR('',#6660,1.);
#1748=VECTOR('',#6663,1.);
#1749=VECTOR('',#6664,1.);
#1750=VECTOR('',#6665,1.);
#1751=VECTOR('',#6670,1.);
#1752=VECTOR('',#6671,1.);
#1753=VECTOR('',#6672,1.);
#1754=VECTOR('',#6673,1.);
#1755=VECTOR('',#6676,1.);
#1756=VECTOR('',#6677,1.);
#1757=VECTOR('',#6678,1.);
#1758=VECTOR('',#6681,1.);
#1759=VECTOR('',#6682,1.);
#1760=VECTOR('',#6683,1.);
#1761=VECTOR('',#6686,1.);
#1762=VECTOR('',#6687,1.);
#1763=VECTOR('',#6688,1.);
#1764=VECTOR('',#6691,1.);
#1765=VECTOR('',#6692,1.);
#1766=VECTOR('',#6695,1.);
#1767=VECTOR('',#6696,1.);
#1768=VECTOR('',#6699,1.);
#1769=VECTOR('',#6702,1.);
#1770=VECTOR('',#6703,1.);
#1771=VECTOR('',#6704,1.);
#1772=VECTOR('',#6707,1.);
#1773=VECTOR('',#6708,1.);
#1774=VECTOR('',#6709,1.);
#1775=VECTOR('',#6712,1.);
#1776=VECTOR('',#6713,1.);
#1777=VECTOR('',#6716,1.);
#1778=VECTOR('',#6719,1.);
#1779=VECTOR('',#6722,1.);
#1780=VECTOR('',#6723,1.);
#1781=VECTOR('',#6726,1.);
#1782=VECTOR('',#6729,1.);
#1783=VECTOR('',#6730,1.);
#1784=VECTOR('',#6733,1.);
#1785=VECTOR('',#6734,1.);
#1786=VECTOR('',#6741,1.);
#1787=VECTOR('',#6742,1.);
#1788=VECTOR('',#6743,1.);
#1789=VECTOR('',#6750,1.);
#1790=VECTOR('',#6753,1.);
#1791=VECTOR('',#6754,1.);
#1792=VECTOR('',#6755,1.);
#1793=VECTOR('',#6756,1.);
#1794=VECTOR('',#6759,1.);
#1795=VECTOR('',#6760,1.);
#1796=VECTOR('',#6761,1.);
#1797=VECTOR('',#6762,1.);
#1798=VECTOR('',#6765,1.);
#1799=VECTOR('',#6766,1.);
#1800=VECTOR('',#6767,1.);
#1801=VECTOR('',#6768,1.);
#1802=VECTOR('',#6771,1.);
#1803=VECTOR('',#6772,1.);
#1804=VECTOR('',#6773,1.);
#1805=VECTOR('',#6774,1.);
#1806=VECTOR('',#6777,1.);
#1807=VECTOR('',#6778,1.);
#1808=VECTOR('',#6779,1.);
#1809=VECTOR('',#6782,1.);
#1810=VECTOR('',#6783,1.);
#1811=VECTOR('',#6784,1.);
#1812=VECTOR('',#6787,1.);
#1813=VECTOR('',#6788,1.);
#1814=VECTOR('',#6789,1.);
#1815=VECTOR('',#6792,1.);
#1816=VECTOR('',#6793,1.);
#1817=VECTOR('',#6794,1.);
#1818=VECTOR('',#6797,1.);
#1819=VECTOR('',#6798,1.);
#1820=VECTOR('',#6799,1.);
#1821=VECTOR('',#6802,1.);
#1822=VECTOR('',#6803,1.);
#1823=VECTOR('',#6804,1.);
#1824=VECTOR('',#6807,1.);
#1825=VECTOR('',#6808,1.);
#1826=VECTOR('',#6809,1.);
#1827=VECTOR('',#6812,1.);
#1828=VECTOR('',#6813,1.);
#1829=VECTOR('',#6814,1.);
#1830=VECTOR('',#6817,1.);
#1831=VECTOR('',#6818,1.);
#1832=VECTOR('',#6819,1.);
#1833=VECTOR('',#6820,1.);
#1834=VECTOR('',#6823,1.);
#1835=VECTOR('',#6824,1.);
#1836=VECTOR('',#6827,1.);
#1837=VECTOR('',#6828,1.);
#1838=VECTOR('',#6831,1.);
#1839=VECTOR('',#6832,1.);
#1840=VECTOR('',#6835,1.);
#1841=VECTOR('',#6836,1.);
#1842=VECTOR('',#6839,1.);
#1843=VECTOR('',#6840,1.);
#1844=VECTOR('',#6841,1.);
#1845=VECTOR('',#6844,1.);
#1846=VECTOR('',#6845,1.);
#1847=VECTOR('',#6846,1.);
#1848=VECTOR('',#6851,1.);
#1849=VECTOR('',#6852,1.);
#1850=VECTOR('',#6857,1.);
#1851=VECTOR('',#6858,1.);
#1852=VECTOR('',#6859,1.);
#1853=VECTOR('',#6860,1.);
#1854=VECTOR('',#6861,1.);
#1855=VECTOR('',#6862,1.);
#1856=VECTOR('',#6863,1.);
#1857=VECTOR('',#6864,1.);
#1858=VECTOR('',#6865,1.);
#1859=VECTOR('',#6866,1.);
#1860=VECTOR('',#6867,1.);
#1861=VECTOR('',#6868,1.);
#1862=VECTOR('',#6871,1.);
#1863=VECTOR('',#6872,1.);
#1864=VECTOR('',#6873,1.);
#1865=VECTOR('',#6874,1.);
#1866=VECTOR('',#6875,1.);
#1867=VECTOR('',#6876,1.);
#1868=VECTOR('',#6877,1.);
#1869=VECTOR('',#6878,1.);
#1870=VECTOR('',#6879,1.);
#1871=VECTOR('',#6880,1.);
#1872=VECTOR('',#6881,1.);
#1873=VECTOR('',#6882,1.);
#1874=VECTOR('',#6885,1.);
#1875=VECTOR('',#6886,1.);
#1876=VECTOR('',#6887,1.);
#1877=VECTOR('',#6888,1.);
#1878=VECTOR('',#6891,1.);
#1879=VECTOR('',#6892,1.);
#1880=VECTOR('',#6893,1.);
#1881=VECTOR('',#6894,1.);
#1882=VECTOR('',#6897,1.);
#1883=VECTOR('',#6898,1.);
#1884=VECTOR('',#6899,1.);
#1885=VECTOR('',#6900,1.);
#1886=VECTOR('',#6903,1.);
#1887=VECTOR('',#6904,1.);
#1888=VECTOR('',#6905,1.);
#1889=VECTOR('',#6906,1.);
#1890=VECTOR('',#6909,1.);
#1891=VECTOR('',#6910,1.);
#1892=VECTOR('',#6913,1.);
#1893=VECTOR('',#6914,1.);
#1894=VECTOR('',#6917,1.);
#1895=VECTOR('',#6918,1.);
#1896=VECTOR('',#6919,1.);
#1897=VECTOR('',#6920,1.);
#1898=VECTOR('',#6923,1.);
#1899=VECTOR('',#6926,1.);
#1900=VECTOR('',#6929,1.);
#1901=VECTOR('',#6930,1.);
#1902=VECTOR('',#6931,1.);
#1903=VECTOR('',#6934,1.);
#1904=VECTOR('',#6939,1.);
#1905=VECTOR('',#6944,1.);
#1906=VECTOR('',#6949,1.);
#1907=VECTOR('',#6950,1.);
#1908=VECTOR('',#6951,1.);
#1909=VECTOR('',#6954,1.);
#1910=VECTOR('',#6955,1.);
#1911=VECTOR('',#6956,1.);
#1912=VECTOR('',#6959,1.);
#1913=VECTOR('',#6960,1.);
#1914=VECTOR('',#6963,1.);
#1915=VECTOR('',#6964,1.);
#1916=VECTOR('',#6967,1.);
#1917=VECTOR('',#6968,1.);
#1918=VECTOR('',#6971,1.);
#1919=VECTOR('',#6974,1.);
#1920=VECTOR('',#6975,1.);
#1921=VECTOR('',#6976,1.);
#1922=VECTOR('',#6977,1.);
#1923=VECTOR('',#6978,1.);
#1924=VECTOR('',#6979,1.);
#1925=VECTOR('',#6980,1.);
#1926=VECTOR('',#6981,1.);
#1927=VECTOR('',#6984,1.);
#1928=VECTOR('',#6985,1.);
#1929=VECTOR('',#6986,1.);
#1930=VECTOR('',#6987,1.);
#1931=VECTOR('',#6988,1.);
#1932=VECTOR('',#6989,1.);
#1933=VECTOR('',#6990,1.);
#1934=VECTOR('',#6991,1.);
#1935=VECTOR('',#6992,1.);
#1936=VECTOR('',#6993,1.);
#1937=VECTOR('',#6994,1.);
#1938=VECTOR('',#6995,1.);
#1939=VECTOR('',#6998,1.);
#1940=VECTOR('',#6999,1.);
#1941=VECTOR('',#7000,1.);
#1942=VECTOR('',#7001,1.);
#1943=VECTOR('',#7004,1.);
#1944=VECTOR('',#7005,1.);
#1945=VECTOR('',#7006,1.);
#1946=VECTOR('',#7007,1.);
#1947=VECTOR('',#7010,1.);
#1948=VECTOR('',#7011,1.);
#1949=VECTOR('',#7012,1.);
#1950=VECTOR('',#7013,1.);
#1951=VECTOR('',#7016,1.);
#1952=VECTOR('',#7017,1.);
#1953=VECTOR('',#7018,1.);
#1954=VECTOR('',#7019,1.);
#1955=VECTOR('',#7022,1.);
#1956=VECTOR('',#7023,1.);
#1957=VECTOR('',#7026,1.);
#1958=VECTOR('',#7027,1.);
#1959=VECTOR('',#7030,1.);
#1960=VECTOR('',#7031,1.);
#1961=VECTOR('',#7032,1.);
#1962=VECTOR('',#7033,1.);
#1963=VECTOR('',#7036,1.);
#1964=VECTOR('',#7039,1.);
#1965=VECTOR('',#7042,1.);
#1966=VECTOR('',#7043,1.);
#1967=VECTOR('',#7044,1.);
#1968=VECTOR('',#7047,1.);
#1969=VECTOR('',#7052,1.);
#1970=VECTOR('',#7057,1.);
#1971=VECTOR('',#7062,1.);
#1972=VECTOR('',#7063,1.);
#1973=VECTOR('',#7064,1.);
#1974=VECTOR('',#7067,1.);
#1975=VECTOR('',#7068,1.);
#1976=VECTOR('',#7071,1.);
#1977=VECTOR('',#7072,1.);
#1978=VECTOR('',#7075,1.);
#1979=VECTOR('',#7076,1.);
#1980=VECTOR('',#7079,1.);
#1981=VECTOR('',#7082,1.);
#1982=VECTOR('',#7083,1.);
#1983=VECTOR('',#7084,1.);
#1984=VECTOR('',#7085,1.);
#1985=VECTOR('',#7086,1.);
#1986=VECTOR('',#7087,1.);
#1987=VECTOR('',#7088,1.);
#1988=VECTOR('',#7089,1.);
#1989=VECTOR('',#7092,1.);
#1990=VECTOR('',#7093,1.);
#1991=VECTOR('',#7094,1.);
#1992=VECTOR('',#7095,1.);
#1993=VECTOR('',#7096,1.);
#1994=VECTOR('',#7097,1.);
#1995=VECTOR('',#7098,1.);
#1996=VECTOR('',#7099,1.);
#1997=VECTOR('',#7100,1.);
#1998=VECTOR('',#7101,1.);
#1999=VECTOR('',#7102,1.);
#2000=VECTOR('',#7103,1.);
#2001=VECTOR('',#7106,1.);
#2002=VECTOR('',#7107,1.);
#2003=VECTOR('',#7108,1.);
#2004=VECTOR('',#7109,1.);
#2005=VECTOR('',#7112,1.);
#2006=VECTOR('',#7113,1.);
#2007=VECTOR('',#7114,1.);
#2008=VECTOR('',#7115,1.);
#2009=VECTOR('',#7118,1.);
#2010=VECTOR('',#7119,1.);
#2011=VECTOR('',#7120,1.);
#2012=VECTOR('',#7121,1.);
#2013=VECTOR('',#7124,1.);
#2014=VECTOR('',#7125,1.);
#2015=VECTOR('',#7126,1.);
#2016=VECTOR('',#7127,1.);
#2017=VECTOR('',#7130,1.);
#2018=VECTOR('',#7131,1.);
#2019=VECTOR('',#7134,1.);
#2020=VECTOR('',#7135,1.);
#2021=VECTOR('',#7138,1.);
#2022=VECTOR('',#7139,1.);
#2023=VECTOR('',#7140,1.);
#2024=VECTOR('',#7141,1.);
#2025=VECTOR('',#7144,1.);
#2026=VECTOR('',#7147,1.);
#2027=VECTOR('',#7150,1.);
#2028=VECTOR('',#7151,1.);
#2029=VECTOR('',#7152,1.);
#2030=VECTOR('',#7155,1.);
#2031=VECTOR('',#7160,1.);
#2032=VECTOR('',#7165,1.);
#2033=VECTOR('',#7170,1.);
#2034=VECTOR('',#7171,1.);
#2035=VECTOR('',#7172,1.);
#2036=VECTOR('',#7175,1.);
#2037=VECTOR('',#7178,1.);
#2038=VECTOR('',#7179,1.);
#2039=VECTOR('',#7182,1.);
#2040=VECTOR('',#7183,1.);
#2041=VECTOR('',#7186,1.);
#2042=VECTOR('',#7189,1.);
#2043=VECTOR('',#7190,1.);
#2044=VECTOR('',#7191,1.);
#2045=VECTOR('',#7192,1.);
#2046=VECTOR('',#7193,1.);
#2047=VECTOR('',#7194,1.);
#2048=VECTOR('',#7195,1.);
#2049=VECTOR('',#7196,1.);
#2050=VECTOR('',#7199,1.);
#2051=VECTOR('',#7200,1.);
#2052=VECTOR('',#7201,1.);
#2053=VECTOR('',#7202,1.);
#2054=VECTOR('',#7203,1.);
#2055=VECTOR('',#7204,1.);
#2056=VECTOR('',#7205,1.);
#2057=VECTOR('',#7206,1.);
#2058=VECTOR('',#7207,1.);
#2059=VECTOR('',#7208,1.);
#2060=VECTOR('',#7209,1.);
#2061=VECTOR('',#7210,1.);
#2062=VECTOR('',#7213,1.);
#2063=VECTOR('',#7214,1.);
#2064=VECTOR('',#7215,1.);
#2065=VECTOR('',#7216,1.);
#2066=VECTOR('',#7219,1.);
#2067=VECTOR('',#7220,1.);
#2068=VECTOR('',#7221,1.);
#2069=VECTOR('',#7222,1.);
#2070=VECTOR('',#7225,1.);
#2071=VECTOR('',#7226,1.);
#2072=VECTOR('',#7227,1.);
#2073=VECTOR('',#7228,1.);
#2074=VECTOR('',#7231,1.);
#2075=VECTOR('',#7232,1.);
#2076=VECTOR('',#7233,1.);
#2077=VECTOR('',#7234,1.);
#2078=VECTOR('',#7237,1.);
#2079=VECTOR('',#7238,1.);
#2080=VECTOR('',#7241,1.);
#2081=VECTOR('',#7242,1.);
#2082=VECTOR('',#7245,1.);
#2083=VECTOR('',#7246,1.);
#2084=VECTOR('',#7247,1.);
#2085=VECTOR('',#7248,1.);
#2086=VECTOR('',#7251,1.);
#2087=VECTOR('',#7254,1.);
#2088=VECTOR('',#7257,1.);
#2089=VECTOR('',#7258,1.);
#2090=VECTOR('',#7259,1.);
#2091=VECTOR('',#7262,1.);
#2092=VECTOR('',#7267,1.);
#2093=VECTOR('',#7272,1.);
#2094=VECTOR('',#7277,1.);
#2095=VECTOR('',#7278,1.);
#2096=VECTOR('',#7279,1.);
#2097=VECTOR('',#7282,1.);
#2098=VECTOR('',#7283,1.);
#2099=VECTOR('',#7286,1.);
#2100=VECTOR('',#7287,1.);
#2101=VECTOR('',#7290,1.);
#2102=VERTEX_POINT('',#7297);
#2103=VERTEX_POINT('',#7298);
#2104=VERTEX_POINT('',#7300);
#2105=VERTEX_POINT('',#7302);
#2106=VERTEX_POINT('',#7306);
#2107=VERTEX_POINT('',#7308);
#2108=VERTEX_POINT('',#7310);
#2109=VERTEX_POINT('',#7312);
#2110=VERTEX_POINT('',#7314);
#2111=VERTEX_POINT('',#7316);
#2112=VERTEX_POINT('',#7320);
#2113=VERTEX_POINT('',#7321);
#2114=VERTEX_POINT('',#7323);
#2115=VERTEX_POINT('',#7325);
#2116=VERTEX_POINT('',#7329);
#2117=VERTEX_POINT('',#7331);
#2118=VERTEX_POINT('',#7335);
#2119=VERTEX_POINT('',#7337);
#2120=VERTEX_POINT('',#7341);
#2121=VERTEX_POINT('',#7343);
#2122=VERTEX_POINT('',#7347);
#2123=VERTEX_POINT('',#7351);
#2124=VERTEX_POINT('',#7357);
#2125=VERTEX_POINT('',#7359);
#2126=VERTEX_POINT('',#7363);
#2127=VERTEX_POINT('',#7365);
#2128=VERTEX_POINT('',#7369);
#2129=VERTEX_POINT('',#7377);
#2130=VERTEX_POINT('',#7383);
#2131=VERTEX_POINT('',#7387);
#2132=VERTEX_POINT('',#7393);
#2133=VERTEX_POINT('',#7395);
#2134=VERTEX_POINT('',#7403);
#2135=VERTEX_POINT('',#7404);
#2136=VERTEX_POINT('',#7406);
#2137=VERTEX_POINT('',#7408);
#2138=VERTEX_POINT('',#7412);
#2139=VERTEX_POINT('',#7414);
#2140=VERTEX_POINT('',#7416);
#2141=VERTEX_POINT('',#7418);
#2142=VERTEX_POINT('',#7420);
#2143=VERTEX_POINT('',#7422);
#2144=VERTEX_POINT('',#7426);
#2145=VERTEX_POINT('',#7427);
#2146=VERTEX_POINT('',#7429);
#2147=VERTEX_POINT('',#7431);
#2148=VERTEX_POINT('',#7435);
#2149=VERTEX_POINT('',#7437);
#2150=VERTEX_POINT('',#7441);
#2151=VERTEX_POINT('',#7443);
#2152=VERTEX_POINT('',#7447);
#2153=VERTEX_POINT('',#7449);
#2154=VERTEX_POINT('',#7453);
#2155=VERTEX_POINT('',#7457);
#2156=VERTEX_POINT('',#7463);
#2157=VERTEX_POINT('',#7465);
#2158=VERTEX_POINT('',#7469);
#2159=VERTEX_POINT('',#7471);
#2160=VERTEX_POINT('',#7475);
#2161=VERTEX_POINT('',#7483);
#2162=VERTEX_POINT('',#7489);
#2163=VERTEX_POINT('',#7493);
#2164=VERTEX_POINT('',#7499);
#2165=VERTEX_POINT('',#7501);
#2166=VERTEX_POINT('',#7509);
#2167=VERTEX_POINT('',#7510);
#2168=VERTEX_POINT('',#7512);
#2169=VERTEX_POINT('',#7514);
#2170=VERTEX_POINT('',#7518);
#2171=VERTEX_POINT('',#7520);
#2172=VERTEX_POINT('',#7522);
#2173=VERTEX_POINT('',#7524);
#2174=VERTEX_POINT('',#7526);
#2175=VERTEX_POINT('',#7528);
#2176=VERTEX_POINT('',#7532);
#2177=VERTEX_POINT('',#7533);
#2178=VERTEX_POINT('',#7535);
#2179=VERTEX_POINT('',#7537);
#2180=VERTEX_POINT('',#7541);
#2181=VERTEX_POINT('',#7543);
#2182=VERTEX_POINT('',#7547);
#2183=VERTEX_POINT('',#7549);
#2184=VERTEX_POINT('',#7553);
#2185=VERTEX_POINT('',#7555);
#2186=VERTEX_POINT('',#7559);
#2187=VERTEX_POINT('',#7563);
#2188=VERTEX_POINT('',#7569);
#2189=VERTEX_POINT('',#7571);
#2190=VERTEX_POINT('',#7575);
#2191=VERTEX_POINT('',#7577);
#2192=VERTEX_POINT('',#7581);
#2193=VERTEX_POINT('',#7589);
#2194=VERTEX_POINT('',#7595);
#2195=VERTEX_POINT('',#7599);
#2196=VERTEX_POINT('',#7605);
#2197=VERTEX_POINT('',#7607);
#2198=VERTEX_POINT('',#7615);
#2199=VERTEX_POINT('',#7616);
#2200=VERTEX_POINT('',#7618);
#2201=VERTEX_POINT('',#7620);
#2202=VERTEX_POINT('',#7624);
#2203=VERTEX_POINT('',#7626);
#2204=VERTEX_POINT('',#7628);
#2205=VERTEX_POINT('',#7630);
#2206=VERTEX_POINT('',#7632);
#2207=VERTEX_POINT('',#7634);
#2208=VERTEX_POINT('',#7638);
#2209=VERTEX_POINT('',#7639);
#2210=VERTEX_POINT('',#7641);
#2211=VERTEX_POINT('',#7643);
#2212=VERTEX_POINT('',#7647);
#2213=VERTEX_POINT('',#7649);
#2214=VERTEX_POINT('',#7653);
#2215=VERTEX_POINT('',#7655);
#2216=VERTEX_POINT('',#7659);
#2217=VERTEX_POINT('',#7661);
#2218=VERTEX_POINT('',#7665);
#2219=VERTEX_POINT('',#7669);
#2220=VERTEX_POINT('',#7675);
#2221=VERTEX_POINT('',#7677);
#2222=VERTEX_POINT('',#7681);
#2223=VERTEX_POINT('',#7683);
#2224=VERTEX_POINT('',#7687);
#2225=VERTEX_POINT('',#7695);
#2226=VERTEX_POINT('',#7701);
#2227=VERTEX_POINT('',#7705);
#2228=VERTEX_POINT('',#7711);
#2229=VERTEX_POINT('',#7713);
#2230=VERTEX_POINT('',#7721);
#2231=VERTEX_POINT('',#7722);
#2232=VERTEX_POINT('',#7724);
#2233=VERTEX_POINT('',#7726);
#2234=VERTEX_POINT('',#7730);
#2235=VERTEX_POINT('',#7732);
#2236=VERTEX_POINT('',#7734);
#2237=VERTEX_POINT('',#7736);
#2238=VERTEX_POINT('',#7738);
#2239=VERTEX_POINT('',#7740);
#2240=VERTEX_POINT('',#7744);
#2241=VERTEX_POINT('',#7745);
#2242=VERTEX_POINT('',#7747);
#2243=VERTEX_POINT('',#7749);
#2244=VERTEX_POINT('',#7753);
#2245=VERTEX_POINT('',#7755);
#2246=VERTEX_POINT('',#7759);
#2247=VERTEX_POINT('',#7761);
#2248=VERTEX_POINT('',#7765);
#2249=VERTEX_POINT('',#7767);
#2250=VERTEX_POINT('',#7771);
#2251=VERTEX_POINT('',#7775);
#2252=VERTEX_POINT('',#7781);
#2253=VERTEX_POINT('',#7783);
#2254=VERTEX_POINT('',#7787);
#2255=VERTEX_POINT('',#7789);
#2256=VERTEX_POINT('',#7793);
#2257=VERTEX_POINT('',#7801);
#2258=VERTEX_POINT('',#7807);
#2259=VERTEX_POINT('',#7811);
#2260=VERTEX_POINT('',#7817);
#2261=VERTEX_POINT('',#7819);
#2262=VERTEX_POINT('',#7827);
#2263=VERTEX_POINT('',#7828);
#2264=VERTEX_POINT('',#7830);
#2265=VERTEX_POINT('',#7832);
#2266=VERTEX_POINT('',#7836);
#2267=VERTEX_POINT('',#7838);
#2268=VERTEX_POINT('',#7840);
#2269=VERTEX_POINT('',#7842);
#2270=VERTEX_POINT('',#7844);
#2271=VERTEX_POINT('',#7846);
#2272=VERTEX_POINT('',#7850);
#2273=VERTEX_POINT('',#7851);
#2274=VERTEX_POINT('',#7853);
#2275=VERTEX_POINT('',#7855);
#2276=VERTEX_POINT('',#7859);
#2277=VERTEX_POINT('',#7861);
#2278=VERTEX_POINT('',#7865);
#2279=VERTEX_POINT('',#7867);
#2280=VERTEX_POINT('',#7871);
#2281=VERTEX_POINT('',#7873);
#2282=VERTEX_POINT('',#7877);
#2283=VERTEX_POINT('',#7881);
#2284=VERTEX_POINT('',#7887);
#2285=VERTEX_POINT('',#7889);
#2286=VERTEX_POINT('',#7893);
#2287=VERTEX_POINT('',#7895);
#2288=VERTEX_POINT('',#7899);
#2289=VERTEX_POINT('',#7907);
#2290=VERTEX_POINT('',#7913);
#2291=VERTEX_POINT('',#7917);
#2292=VERTEX_POINT('',#7923);
#2293=VERTEX_POINT('',#7925);
#2294=VERTEX_POINT('',#7933);
#2295=VERTEX_POINT('',#7934);
#2296=VERTEX_POINT('',#7936);
#2297=VERTEX_POINT('',#7938);
#2298=VERTEX_POINT('',#7942);
#2299=VERTEX_POINT('',#7944);
#2300=VERTEX_POINT('',#7946);
#2301=VERTEX_POINT('',#7948);
#2302=VERTEX_POINT('',#7950);
#2303=VERTEX_POINT('',#7952);
#2304=VERTEX_POINT('',#7956);
#2305=VERTEX_POINT('',#7957);
#2306=VERTEX_POINT('',#7959);
#2307=VERTEX_POINT('',#7961);
#2308=VERTEX_POINT('',#7965);
#2309=VERTEX_POINT('',#7967);
#2310=VERTEX_POINT('',#7971);
#2311=VERTEX_POINT('',#7973);
#2312=VERTEX_POINT('',#7977);
#2313=VERTEX_POINT('',#7979);
#2314=VERTEX_POINT('',#7983);
#2315=VERTEX_POINT('',#7987);
#2316=VERTEX_POINT('',#7993);
#2317=VERTEX_POINT('',#7995);
#2318=VERTEX_POINT('',#7999);
#2319=VERTEX_POINT('',#8001);
#2320=VERTEX_POINT('',#8005);
#2321=VERTEX_POINT('',#8013);
#2322=VERTEX_POINT('',#8019);
#2323=VERTEX_POINT('',#8023);
#2324=VERTEX_POINT('',#8029);
#2325=VERTEX_POINT('',#8031);
#2326=VERTEX_POINT('',#8039);
#2327=VERTEX_POINT('',#8040);
#2328=VERTEX_POINT('',#8042);
#2329=VERTEX_POINT('',#8044);
#2330=VERTEX_POINT('',#8048);
#2331=VERTEX_POINT('',#8050);
#2332=VERTEX_POINT('',#8052);
#2333=VERTEX_POINT('',#8054);
#2334=VERTEX_POINT('',#8056);
#2335=VERTEX_POINT('',#8058);
#2336=VERTEX_POINT('',#8062);
#2337=VERTEX_POINT('',#8063);
#2338=VERTEX_POINT('',#8065);
#2339=VERTEX_POINT('',#8067);
#2340=VERTEX_POINT('',#8071);
#2341=VERTEX_POINT('',#8073);
#2342=VERTEX_POINT('',#8077);
#2343=VERTEX_POINT('',#8079);
#2344=VERTEX_POINT('',#8083);
#2345=VERTEX_POINT('',#8085);
#2346=VERTEX_POINT('',#8089);
#2347=VERTEX_POINT('',#8093);
#2348=VERTEX_POINT('',#8099);
#2349=VERTEX_POINT('',#8101);
#2350=VERTEX_POINT('',#8105);
#2351=VERTEX_POINT('',#8107);
#2352=VERTEX_POINT('',#8111);
#2353=VERTEX_POINT('',#8119);
#2354=VERTEX_POINT('',#8125);
#2355=VERTEX_POINT('',#8129);
#2356=VERTEX_POINT('',#8135);
#2357=VERTEX_POINT('',#8137);
#2358=VERTEX_POINT('',#8145);
#2359=VERTEX_POINT('',#8146);
#2360=VERTEX_POINT('',#8148);
#2361=VERTEX_POINT('',#8150);
#2362=VERTEX_POINT('',#8154);
#2363=VERTEX_POINT('',#8155);
#2364=VERTEX_POINT('',#8157);
#2365=VERTEX_POINT('',#8159);
#2366=VERTEX_POINT('',#8163);
#2367=VERTEX_POINT('',#8164);
#2368=VERTEX_POINT('',#8166);
#2369=VERTEX_POINT('',#8168);
#2370=VERTEX_POINT('',#8172);
#2371=VERTEX_POINT('',#8173);
#2372=VERTEX_POINT('',#8175);
#2373=VERTEX_POINT('',#8177);
#2374=VERTEX_POINT('',#8181);
#2375=VERTEX_POINT('',#8183);
#2376=VERTEX_POINT('',#8187);
#2377=VERTEX_POINT('',#8189);
#2378=VERTEX_POINT('',#8193);
#2379=VERTEX_POINT('',#8195);
#2380=VERTEX_POINT('',#8199);
#2381=VERTEX_POINT('',#8201);
#2382=VERTEX_POINT('',#8205);
#2383=VERTEX_POINT('',#8207);
#2384=VERTEX_POINT('',#8211);
#2385=VERTEX_POINT('',#8213);
#2386=VERTEX_POINT('',#8217);
#2387=VERTEX_POINT('',#8219);
#2388=VERTEX_POINT('',#8223);
#2389=VERTEX_POINT('',#8225);
#2390=VERTEX_POINT('',#8229);
#2391=VERTEX_POINT('',#8230);
#2392=VERTEX_POINT('',#8232);
#2393=VERTEX_POINT('',#8234);
#2394=VERTEX_POINT('',#8250);
#2395=VERTEX_POINT('',#8252);
#2396=VERTEX_POINT('',#8256);
#2397=VERTEX_POINT('',#8258);
#2398=VERTEX_POINT('',#8267);
#2399=VERTEX_POINT('',#8268);
#2400=VERTEX_POINT('',#8270);
#2401=VERTEX_POINT('',#8272);
#2402=VERTEX_POINT('',#8274);
#2403=VERTEX_POINT('',#8276);
#2404=VERTEX_POINT('',#8278);
#2405=VERTEX_POINT('',#8280);
#2406=VERTEX_POINT('',#8283);
#2407=VERTEX_POINT('',#8284);
#2408=VERTEX_POINT('',#8286);
#2409=VERTEX_POINT('',#8288);
#2410=VERTEX_POINT('',#8292);
#2411=VERTEX_POINT('',#8293);
#2412=VERTEX_POINT('',#8295);
#2413=VERTEX_POINT('',#8297);
#2414=VERTEX_POINT('',#8299);
#2415=VERTEX_POINT('',#8301);
#2416=VERTEX_POINT('',#8303);
#2417=VERTEX_POINT('',#8305);
#2418=VERTEX_POINT('',#8308);
#2419=VERTEX_POINT('',#8309);
#2420=VERTEX_POINT('',#8311);
#2421=VERTEX_POINT('',#8313);
#2422=VERTEX_POINT('',#8317);
#2423=VERTEX_POINT('',#8318);
#2424=VERTEX_POINT('',#8320);
#2425=VERTEX_POINT('',#8322);
#2426=VERTEX_POINT('',#8326);
#2427=VERTEX_POINT('',#8327);
#2428=VERTEX_POINT('',#8329);
#2429=VERTEX_POINT('',#8331);
#2430=VERTEX_POINT('',#8335);
#2431=VERTEX_POINT('',#8336);
#2432=VERTEX_POINT('',#8338);
#2433=VERTEX_POINT('',#8340);
#2434=VERTEX_POINT('',#8344);
#2435=VERTEX_POINT('',#8345);
#2436=VERTEX_POINT('',#8347);
#2437=VERTEX_POINT('',#8349);
#2438=VERTEX_POINT('',#8381);
#2439=VERTEX_POINT('',#8383);
#2440=VERTEX_POINT('',#8387);
#2441=VERTEX_POINT('',#8389);
#2442=VERTEX_POINT('',#8393);
#2443=VERTEX_POINT('',#8397);
#2444=VERTEX_POINT('',#8401);
#2445=VERTEX_POINT('',#8407);
#2446=VERTEX_POINT('',#8408);
#2447=VERTEX_POINT('',#8410);
#2448=VERTEX_POINT('',#8412);
#2449=VERTEX_POINT('',#8414);
#2450=VERTEX_POINT('',#8416);
#2451=VERTEX_POINT('',#8418);
#2452=VERTEX_POINT('',#8420);
#2453=VERTEX_POINT('',#8424);
#2454=VERTEX_POINT('',#8425);
#2455=VERTEX_POINT('',#8427);
#2456=VERTEX_POINT('',#8429);
#2457=VERTEX_POINT('',#8431);
#2458=VERTEX_POINT('',#8433);
#2459=VERTEX_POINT('',#8435);
#2460=VERTEX_POINT('',#8437);
#2461=VERTEX_POINT('',#8440);
#2462=VERTEX_POINT('',#8441);
#2463=VERTEX_POINT('',#8443);
#2464=VERTEX_POINT('',#8445);
#2465=VERTEX_POINT('',#8449);
#2466=VERTEX_POINT('',#8450);
#2467=VERTEX_POINT('',#8452);
#2468=VERTEX_POINT('',#8454);
#2469=VERTEX_POINT('',#8458);
#2470=VERTEX_POINT('',#8459);
#2471=VERTEX_POINT('',#8461);
#2472=VERTEX_POINT('',#8463);
#2473=VERTEX_POINT('',#8467);
#2474=VERTEX_POINT('',#8468);
#2475=VERTEX_POINT('',#8470);
#2476=VERTEX_POINT('',#8472);
#2477=VERTEX_POINT('',#8476);
#2478=VERTEX_POINT('',#8477);
#2479=VERTEX_POINT('',#8479);
#2480=VERTEX_POINT('',#8481);
#2481=VERTEX_POINT('',#8513);
#2482=VERTEX_POINT('',#8515);
#2483=VERTEX_POINT('',#8519);
#2484=VERTEX_POINT('',#8523);
#2485=VERTEX_POINT('',#8527);
#2486=VERTEX_POINT('',#8533);
#2487=VERTEX_POINT('',#8534);
#2488=VERTEX_POINT('',#8536);
#2489=VERTEX_POINT('',#8538);
#2490=VERTEX_POINT('',#8540);
#2491=VERTEX_POINT('',#8542);
#2492=VERTEX_POINT('',#8544);
#2493=VERTEX_POINT('',#8546);
#2494=VERTEX_POINT('',#8550);
#2495=VERTEX_POINT('',#8551);
#2496=VERTEX_POINT('',#8553);
#2497=VERTEX_POINT('',#8555);
#2498=VERTEX_POINT('',#8557);
#2499=VERTEX_POINT('',#8559);
#2500=VERTEX_POINT('',#8561);
#2501=VERTEX_POINT('',#8563);
#2502=VERTEX_POINT('',#8566);
#2503=VERTEX_POINT('',#8567);
#2504=VERTEX_POINT('',#8569);
#2505=VERTEX_POINT('',#8571);
#2506=VERTEX_POINT('',#8575);
#2507=VERTEX_POINT('',#8576);
#2508=VERTEX_POINT('',#8578);
#2509=VERTEX_POINT('',#8580);
#2510=VERTEX_POINT('',#8584);
#2511=VERTEX_POINT('',#8585);
#2512=VERTEX_POINT('',#8587);
#2513=VERTEX_POINT('',#8589);
#2514=VERTEX_POINT('',#8593);
#2515=VERTEX_POINT('',#8594);
#2516=VERTEX_POINT('',#8596);
#2517=VERTEX_POINT('',#8598);
#2518=VERTEX_POINT('',#8602);
#2519=VERTEX_POINT('',#8603);
#2520=VERTEX_POINT('',#8605);
#2521=VERTEX_POINT('',#8607);
#2522=VERTEX_POINT('',#8639);
#2523=VERTEX_POINT('',#8641);
#2524=VERTEX_POINT('',#8647);
#2525=VERTEX_POINT('',#8651);
#2526=VERTEX_POINT('',#8657);
#2527=VERTEX_POINT('',#8658);
#2528=VERTEX_POINT('',#8660);
#2529=VERTEX_POINT('',#8662);
#2530=VERTEX_POINT('',#8664);
#2531=VERTEX_POINT('',#8666);
#2532=VERTEX_POINT('',#8668);
#2533=VERTEX_POINT('',#8670);
#2534=VERTEX_POINT('',#8674);
#2535=VERTEX_POINT('',#8675);
#2536=VERTEX_POINT('',#8677);
#2537=VERTEX_POINT('',#8679);
#2538=VERTEX_POINT('',#8681);
#2539=VERTEX_POINT('',#8683);
#2540=VERTEX_POINT('',#8685);
#2541=VERTEX_POINT('',#8687);
#2542=VERTEX_POINT('',#8690);
#2543=VERTEX_POINT('',#8691);
#2544=VERTEX_POINT('',#8693);
#2545=VERTEX_POINT('',#8695);
#2546=VERTEX_POINT('',#8699);
#2547=VERTEX_POINT('',#8700);
#2548=VERTEX_POINT('',#8702);
#2549=VERTEX_POINT('',#8704);
#2550=VERTEX_POINT('',#8708);
#2551=VERTEX_POINT('',#8709);
#2552=VERTEX_POINT('',#8711);
#2553=VERTEX_POINT('',#8713);
#2554=VERTEX_POINT('',#8717);
#2555=VERTEX_POINT('',#8718);
#2556=VERTEX_POINT('',#8720);
#2557=VERTEX_POINT('',#8722);
#2558=VERTEX_POINT('',#8726);
#2559=VERTEX_POINT('',#8727);
#2560=VERTEX_POINT('',#8729);
#2561=VERTEX_POINT('',#8731);
#2562=VERTEX_POINT('',#8763);
#2563=VERTEX_POINT('',#8765);
#2564=VERTEX_POINT('',#8769);
#2565=VERTEX_POINT('',#8773);
#2566=EDGE_CURVE('',#2102,#2103,#710,.T.);
#2567=EDGE_CURVE('',#2102,#2104,#711,.T.);
#2568=EDGE_CURVE('',#2104,#2105,#712,.T.);
#2569=EDGE_CURVE('',#2105,#2103,#713,.T.);
#2570=EDGE_CURVE('',#2106,#2102,#714,.T.);
#2571=EDGE_CURVE('',#2107,#2106,#715,.T.);
#2572=EDGE_CURVE('',#2108,#2107,#62,.T.);
#2573=EDGE_CURVE('',#2109,#2108,#716,.T.);
#2574=EDGE_CURVE('',#2109,#2110,#717,.T.);
#2575=EDGE_CURVE('',#2111,#2110,#718,.T.);
#2576=EDGE_CURVE('',#2111,#2104,#63,.T.);
#2577=EDGE_CURVE('',#2112,#2113,#719,.T.);
#2578=EDGE_CURVE('',#2114,#2112,#720,.T.);
#2579=EDGE_CURVE('',#2114,#2115,#721,.T.);
#2580=EDGE_CURVE('',#2113,#2115,#722,.T.);
#2581=EDGE_CURVE('',#2116,#2112,#723,.T.);
#2582=EDGE_CURVE('',#2116,#2117,#724,.T.);
#2583=EDGE_CURVE('',#2117,#2114,#725,.T.);
#2584=EDGE_CURVE('',#2110,#2118,#726,.T.);
#2585=EDGE_CURVE('',#2119,#2109,#727,.T.);
#2586=EDGE_CURVE('',#2118,#2119,#728,.T.);
#2587=EDGE_CURVE('',#2119,#2120,#729,.T.);
#2588=EDGE_CURVE('',#2120,#2121,#730,.T.);
#2589=EDGE_CURVE('',#2121,#2118,#731,.T.);
#2590=EDGE_CURVE('',#2122,#2109,#732,.T.);
#2591=EDGE_CURVE('',#2120,#2122,#733,.T.);
#2592=EDGE_CURVE('',#2123,#2122,#734,.T.);
#2593=EDGE_CURVE('',#2121,#2123,#735,.T.);
#2594=EDGE_CURVE('',#2110,#2123,#736,.T.);
#2595=EDGE_CURVE('',#2114,#2124,#737,.T.);
#2596=EDGE_CURVE('',#2125,#2117,#738,.T.);
#2597=EDGE_CURVE('',#2124,#2125,#739,.T.);
#2598=EDGE_CURVE('',#2125,#2126,#740,.T.);
#2599=EDGE_CURVE('',#2126,#2127,#741,.T.);
#2600=EDGE_CURVE('',#2127,#2124,#742,.T.);
#2601=EDGE_CURVE('',#2128,#2117,#743,.T.);
#2602=EDGE_CURVE('',#2128,#2126,#744,.T.);
#2603=EDGE_CURVE('',#2115,#2127,#745,.T.);
#2604=EDGE_CURVE('',#2115,#2128,#746,.T.);
#2605=EDGE_CURVE('',#2113,#2129,#747,.T.);
#2606=EDGE_CURVE('',#2128,#2129,#748,.T.);
#2607=EDGE_CURVE('',#2129,#2116,#749,.T.);
#2608=EDGE_CURVE('',#2108,#2130,#750,.T.);
#2609=EDGE_CURVE('',#2130,#2122,#751,.T.);
#2610=EDGE_CURVE('',#2123,#2131,#752,.T.);
#2611=EDGE_CURVE('',#2111,#2131,#753,.T.);
#2612=EDGE_CURVE('',#2131,#2105,#64,.T.);
#2613=EDGE_CURVE('',#2132,#2106,#754,.T.);
#2614=EDGE_CURVE('',#2132,#2133,#755,.T.);
#2615=EDGE_CURVE('',#2107,#2133,#756,.T.);
#2616=EDGE_CURVE('',#2133,#2130,#65,.T.);
#2617=EDGE_CURVE('',#2103,#2132,#757,.T.);
#2618=EDGE_CURVE('',#2134,#2135,#758,.T.);
#2619=EDGE_CURVE('',#2134,#2136,#759,.T.);
#2620=EDGE_CURVE('',#2136,#2137,#760,.T.);
#2621=EDGE_CURVE('',#2137,#2135,#761,.T.);
#2622=EDGE_CURVE('',#2138,#2134,#762,.T.);
#2623=EDGE_CURVE('',#2139,#2138,#763,.T.);
#2624=EDGE_CURVE('',#2140,#2139,#66,.T.);
#2625=EDGE_CURVE('',#2141,#2140,#764,.T.);
#2626=EDGE_CURVE('',#2141,#2142,#765,.T.);
#2627=EDGE_CURVE('',#2143,#2142,#766,.T.);
#2628=EDGE_CURVE('',#2143,#2136,#67,.T.);
#2629=EDGE_CURVE('',#2144,#2145,#767,.T.);
#2630=EDGE_CURVE('',#2146,#2144,#768,.T.);
#2631=EDGE_CURVE('',#2146,#2147,#769,.T.);
#2632=EDGE_CURVE('',#2145,#2147,#770,.T.);
#2633=EDGE_CURVE('',#2148,#2144,#771,.T.);
#2634=EDGE_CURVE('',#2148,#2149,#772,.T.);
#2635=EDGE_CURVE('',#2149,#2146,#773,.T.);
#2636=EDGE_CURVE('',#2142,#2150,#774,.T.);
#2637=EDGE_CURVE('',#2151,#2141,#775,.T.);
#2638=EDGE_CURVE('',#2150,#2151,#776,.T.);
#2639=EDGE_CURVE('',#2151,#2152,#777,.T.);
#2640=EDGE_CURVE('',#2152,#2153,#778,.T.);
#2641=EDGE_CURVE('',#2153,#2150,#779,.T.);
#2642=EDGE_CURVE('',#2154,#2141,#780,.T.);
#2643=EDGE_CURVE('',#2152,#2154,#781,.T.);
#2644=EDGE_CURVE('',#2155,#2154,#782,.T.);
#2645=EDGE_CURVE('',#2153,#2155,#783,.T.);
#2646=EDGE_CURVE('',#2142,#2155,#784,.T.);
#2647=EDGE_CURVE('',#2146,#2156,#785,.T.);
#2648=EDGE_CURVE('',#2157,#2149,#786,.T.);
#2649=EDGE_CURVE('',#2156,#2157,#787,.T.);
#2650=EDGE_CURVE('',#2157,#2158,#788,.T.);
#2651=EDGE_CURVE('',#2158,#2159,#789,.T.);
#2652=EDGE_CURVE('',#2159,#2156,#790,.T.);
#2653=EDGE_CURVE('',#2160,#2149,#791,.T.);
#2654=EDGE_CURVE('',#2160,#2158,#792,.T.);
#2655=EDGE_CURVE('',#2147,#2159,#793,.T.);
#2656=EDGE_CURVE('',#2147,#2160,#794,.T.);
#2657=EDGE_CURVE('',#2145,#2161,#795,.T.);
#2658=EDGE_CURVE('',#2160,#2161,#796,.T.);
#2659=EDGE_CURVE('',#2161,#2148,#797,.T.);
#2660=EDGE_CURVE('',#2140,#2162,#798,.T.);
#2661=EDGE_CURVE('',#2162,#2154,#799,.T.);
#2662=EDGE_CURVE('',#2155,#2163,#800,.T.);
#2663=EDGE_CURVE('',#2143,#2163,#801,.T.);
#2664=EDGE_CURVE('',#2163,#2137,#68,.T.);
#2665=EDGE_CURVE('',#2164,#2138,#802,.T.);
#2666=EDGE_CURVE('',#2164,#2165,#803,.T.);
#2667=EDGE_CURVE('',#2139,#2165,#804,.T.);
#2668=EDGE_CURVE('',#2165,#2162,#69,.T.);
#2669=EDGE_CURVE('',#2135,#2164,#805,.T.);
#2670=EDGE_CURVE('',#2166,#2167,#806,.T.);
#2671=EDGE_CURVE('',#2166,#2168,#807,.T.);
#2672=EDGE_CURVE('',#2168,#2169,#808,.T.);
#2673=EDGE_CURVE('',#2169,#2167,#809,.T.);
#2674=EDGE_CURVE('',#2170,#2166,#810,.T.);
#2675=EDGE_CURVE('',#2171,#2170,#811,.T.);
#2676=EDGE_CURVE('',#2172,#2171,#70,.T.);
#2677=EDGE_CURVE('',#2173,#2172,#812,.T.);
#2678=EDGE_CURVE('',#2173,#2174,#813,.T.);
#2679=EDGE_CURVE('',#2175,#2174,#814,.T.);
#2680=EDGE_CURVE('',#2175,#2168,#71,.T.);
#2681=EDGE_CURVE('',#2176,#2177,#815,.T.);
#2682=EDGE_CURVE('',#2178,#2176,#816,.T.);
#2683=EDGE_CURVE('',#2178,#2179,#817,.T.);
#2684=EDGE_CURVE('',#2177,#2179,#818,.T.);
#2685=EDGE_CURVE('',#2180,#2176,#819,.T.);
#2686=EDGE_CURVE('',#2180,#2181,#820,.T.);
#2687=EDGE_CURVE('',#2181,#2178,#821,.T.);
#2688=EDGE_CURVE('',#2174,#2182,#822,.T.);
#2689=EDGE_CURVE('',#2183,#2173,#823,.T.);
#2690=EDGE_CURVE('',#2182,#2183,#824,.T.);
#2691=EDGE_CURVE('',#2183,#2184,#825,.T.);
#2692=EDGE_CURVE('',#2184,#2185,#826,.T.);
#2693=EDGE_CURVE('',#2185,#2182,#827,.T.);
#2694=EDGE_CURVE('',#2186,#2173,#828,.T.);
#2695=EDGE_CURVE('',#2184,#2186,#829,.T.);
#2696=EDGE_CURVE('',#2187,#2186,#830,.T.);
#2697=EDGE_CURVE('',#2185,#2187,#831,.T.);
#2698=EDGE_CURVE('',#2174,#2187,#832,.T.);
#2699=EDGE_CURVE('',#2178,#2188,#833,.T.);
#2700=EDGE_CURVE('',#2189,#2181,#834,.T.);
#2701=EDGE_CURVE('',#2188,#2189,#835,.T.);
#2702=EDGE_CURVE('',#2189,#2190,#836,.T.);
#2703=EDGE_CURVE('',#2190,#2191,#837,.T.);
#2704=EDGE_CURVE('',#2191,#2188,#838,.T.);
#2705=EDGE_CURVE('',#2192,#2181,#839,.T.);
#2706=EDGE_CURVE('',#2192,#2190,#840,.T.);
#2707=EDGE_CURVE('',#2179,#2191,#841,.T.);
#2708=EDGE_CURVE('',#2179,#2192,#842,.T.);
#2709=EDGE_CURVE('',#2177,#2193,#843,.T.);
#2710=EDGE_CURVE('',#2192,#2193,#844,.T.);
#2711=EDGE_CURVE('',#2193,#2180,#845,.T.);
#2712=EDGE_CURVE('',#2172,#2194,#846,.T.);
#2713=EDGE_CURVE('',#2194,#2186,#847,.T.);
#2714=EDGE_CURVE('',#2187,#2195,#848,.T.);
#2715=EDGE_CURVE('',#2175,#2195,#849,.T.);
#2716=EDGE_CURVE('',#2195,#2169,#72,.T.);
#2717=EDGE_CURVE('',#2196,#2170,#850,.T.);
#2718=EDGE_CURVE('',#2196,#2197,#851,.T.);
#2719=EDGE_CURVE('',#2171,#2197,#852,.T.);
#2720=EDGE_CURVE('',#2197,#2194,#73,.T.);
#2721=EDGE_CURVE('',#2167,#2196,#853,.T.);
#2722=EDGE_CURVE('',#2198,#2199,#854,.T.);
#2723=EDGE_CURVE('',#2198,#2200,#855,.T.);
#2724=EDGE_CURVE('',#2200,#2201,#856,.T.);
#2725=EDGE_CURVE('',#2201,#2199,#857,.T.);
#2726=EDGE_CURVE('',#2202,#2198,#858,.T.);
#2727=EDGE_CURVE('',#2203,#2202,#859,.T.);
#2728=EDGE_CURVE('',#2204,#2203,#74,.T.);
#2729=EDGE_CURVE('',#2205,#2204,#860,.T.);
#2730=EDGE_CURVE('',#2205,#2206,#861,.T.);
#2731=EDGE_CURVE('',#2207,#2206,#862,.T.);
#2732=EDGE_CURVE('',#2207,#2200,#75,.T.);
#2733=EDGE_CURVE('',#2208,#2209,#863,.T.);
#2734=EDGE_CURVE('',#2210,#2208,#864,.T.);
#2735=EDGE_CURVE('',#2210,#2211,#865,.T.);
#2736=EDGE_CURVE('',#2209,#2211,#866,.T.);
#2737=EDGE_CURVE('',#2212,#2208,#867,.T.);
#2738=EDGE_CURVE('',#2212,#2213,#868,.T.);
#2739=EDGE_CURVE('',#2213,#2210,#869,.T.);
#2740=EDGE_CURVE('',#2206,#2214,#870,.T.);
#2741=EDGE_CURVE('',#2215,#2205,#871,.T.);
#2742=EDGE_CURVE('',#2214,#2215,#872,.T.);
#2743=EDGE_CURVE('',#2215,#2216,#873,.T.);
#2744=EDGE_CURVE('',#2216,#2217,#874,.T.);
#2745=EDGE_CURVE('',#2217,#2214,#875,.T.);
#2746=EDGE_CURVE('',#2218,#2205,#876,.T.);
#2747=EDGE_CURVE('',#2216,#2218,#877,.T.);
#2748=EDGE_CURVE('',#2219,#2218,#878,.T.);
#2749=EDGE_CURVE('',#2217,#2219,#879,.T.);
#2750=EDGE_CURVE('',#2206,#2219,#880,.T.);
#2751=EDGE_CURVE('',#2210,#2220,#881,.T.);
#2752=EDGE_CURVE('',#2221,#2213,#882,.T.);
#2753=EDGE_CURVE('',#2220,#2221,#883,.T.);
#2754=EDGE_CURVE('',#2221,#2222,#884,.T.);
#2755=EDGE_CURVE('',#2222,#2223,#885,.T.);
#2756=EDGE_CURVE('',#2223,#2220,#886,.T.);
#2757=EDGE_CURVE('',#2224,#2213,#887,.T.);
#2758=EDGE_CURVE('',#2224,#2222,#888,.T.);
#2759=EDGE_CURVE('',#2211,#2223,#889,.T.);
#2760=EDGE_CURVE('',#2211,#2224,#890,.T.);
#2761=EDGE_CURVE('',#2209,#2225,#891,.T.);
#2762=EDGE_CURVE('',#2224,#2225,#892,.T.);
#2763=EDGE_CURVE('',#2225,#2212,#893,.T.);
#2764=EDGE_CURVE('',#2204,#2226,#894,.T.);
#2765=EDGE_CURVE('',#2226,#2218,#895,.T.);
#2766=EDGE_CURVE('',#2219,#2227,#896,.T.);
#2767=EDGE_CURVE('',#2207,#2227,#897,.T.);
#2768=EDGE_CURVE('',#2227,#2201,#76,.T.);
#2769=EDGE_CURVE('',#2228,#2202,#898,.T.);
#2770=EDGE_CURVE('',#2228,#2229,#899,.T.);
#2771=EDGE_CURVE('',#2203,#2229,#900,.T.);
#2772=EDGE_CURVE('',#2229,#2226,#77,.T.);
#2773=EDGE_CURVE('',#2199,#2228,#901,.T.);
#2774=EDGE_CURVE('',#2230,#2231,#902,.T.);
#2775=EDGE_CURVE('',#2230,#2232,#903,.T.);
#2776=EDGE_CURVE('',#2232,#2233,#904,.T.);
#2777=EDGE_CURVE('',#2233,#2231,#905,.T.);
#2778=EDGE_CURVE('',#2234,#2230,#906,.T.);
#2779=EDGE_CURVE('',#2235,#2234,#907,.T.);
#2780=EDGE_CURVE('',#2236,#2235,#78,.T.);
#2781=EDGE_CURVE('',#2237,#2236,#908,.T.);
#2782=EDGE_CURVE('',#2237,#2238,#909,.T.);
#2783=EDGE_CURVE('',#2239,#2238,#910,.T.);
#2784=EDGE_CURVE('',#2239,#2232,#79,.T.);
#2785=EDGE_CURVE('',#2240,#2241,#911,.T.);
#2786=EDGE_CURVE('',#2242,#2240,#912,.T.);
#2787=EDGE_CURVE('',#2242,#2243,#913,.T.);
#2788=EDGE_CURVE('',#2241,#2243,#914,.T.);
#2789=EDGE_CURVE('',#2244,#2240,#915,.T.);
#2790=EDGE_CURVE('',#2244,#2245,#916,.T.);
#2791=EDGE_CURVE('',#2245,#2242,#917,.T.);
#2792=EDGE_CURVE('',#2238,#2246,#918,.T.);
#2793=EDGE_CURVE('',#2247,#2237,#919,.T.);
#2794=EDGE_CURVE('',#2246,#2247,#920,.T.);
#2795=EDGE_CURVE('',#2247,#2248,#921,.T.);
#2796=EDGE_CURVE('',#2248,#2249,#922,.T.);
#2797=EDGE_CURVE('',#2249,#2246,#923,.T.);
#2798=EDGE_CURVE('',#2250,#2237,#924,.T.);
#2799=EDGE_CURVE('',#2248,#2250,#925,.T.);
#2800=EDGE_CURVE('',#2251,#2250,#926,.T.);
#2801=EDGE_CURVE('',#2249,#2251,#927,.T.);
#2802=EDGE_CURVE('',#2238,#2251,#928,.T.);
#2803=EDGE_CURVE('',#2242,#2252,#929,.T.);
#2804=EDGE_CURVE('',#2253,#2245,#930,.T.);
#2805=EDGE_CURVE('',#2252,#2253,#931,.T.);
#2806=EDGE_CURVE('',#2253,#2254,#932,.T.);
#2807=EDGE_CURVE('',#2254,#2255,#933,.T.);
#2808=EDGE_CURVE('',#2255,#2252,#934,.T.);
#2809=EDGE_CURVE('',#2256,#2245,#935,.T.);
#2810=EDGE_CURVE('',#2256,#2254,#936,.T.);
#2811=EDGE_CURVE('',#2243,#2255,#937,.T.);
#2812=EDGE_CURVE('',#2243,#2256,#938,.T.);
#2813=EDGE_CURVE('',#2241,#2257,#939,.T.);
#2814=EDGE_CURVE('',#2256,#2257,#940,.T.);
#2815=EDGE_CURVE('',#2257,#2244,#941,.T.);
#2816=EDGE_CURVE('',#2236,#2258,#942,.T.);
#2817=EDGE_CURVE('',#2258,#2250,#943,.T.);
#2818=EDGE_CURVE('',#2251,#2259,#944,.T.);
#2819=EDGE_CURVE('',#2239,#2259,#945,.T.);
#2820=EDGE_CURVE('',#2259,#2233,#80,.T.);
#2821=EDGE_CURVE('',#2260,#2234,#946,.T.);
#2822=EDGE_CURVE('',#2260,#2261,#947,.T.);
#2823=EDGE_CURVE('',#2235,#2261,#948,.T.);
#2824=EDGE_CURVE('',#2261,#2258,#81,.T.);
#2825=EDGE_CURVE('',#2231,#2260,#949,.T.);
#2826=EDGE_CURVE('',#2262,#2263,#950,.T.);
#2827=EDGE_CURVE('',#2262,#2264,#951,.T.);
#2828=EDGE_CURVE('',#2264,#2265,#952,.T.);
#2829=EDGE_CURVE('',#2265,#2263,#953,.T.);
#2830=EDGE_CURVE('',#2266,#2262,#954,.T.);
#2831=EDGE_CURVE('',#2267,#2266,#955,.T.);
#2832=EDGE_CURVE('',#2268,#2267,#82,.T.);
#2833=EDGE_CURVE('',#2269,#2268,#956,.T.);
#2834=EDGE_CURVE('',#2269,#2270,#957,.T.);
#2835=EDGE_CURVE('',#2271,#2270,#958,.T.);
#2836=EDGE_CURVE('',#2271,#2264,#83,.T.);
#2837=EDGE_CURVE('',#2272,#2273,#959,.T.);
#2838=EDGE_CURVE('',#2274,#2272,#960,.T.);
#2839=EDGE_CURVE('',#2274,#2275,#961,.T.);
#2840=EDGE_CURVE('',#2273,#2275,#962,.T.);
#2841=EDGE_CURVE('',#2276,#2272,#963,.T.);
#2842=EDGE_CURVE('',#2276,#2277,#964,.T.);
#2843=EDGE_CURVE('',#2277,#2274,#965,.T.);
#2844=EDGE_CURVE('',#2270,#2278,#966,.T.);
#2845=EDGE_CURVE('',#2279,#2269,#967,.T.);
#2846=EDGE_CURVE('',#2278,#2279,#968,.T.);
#2847=EDGE_CURVE('',#2279,#2280,#969,.T.);
#2848=EDGE_CURVE('',#2280,#2281,#970,.T.);
#2849=EDGE_CURVE('',#2281,#2278,#971,.T.);
#2850=EDGE_CURVE('',#2282,#2269,#972,.T.);
#2851=EDGE_CURVE('',#2280,#2282,#973,.T.);
#2852=EDGE_CURVE('',#2283,#2282,#974,.T.);
#2853=EDGE_CURVE('',#2281,#2283,#975,.T.);
#2854=EDGE_CURVE('',#2270,#2283,#976,.T.);
#2855=EDGE_CURVE('',#2274,#2284,#977,.T.);
#2856=EDGE_CURVE('',#2285,#2277,#978,.T.);
#2857=EDGE_CURVE('',#2284,#2285,#979,.T.);
#2858=EDGE_CURVE('',#2285,#2286,#980,.T.);
#2859=EDGE_CURVE('',#2286,#2287,#981,.T.);
#2860=EDGE_CURVE('',#2287,#2284,#982,.T.);
#2861=EDGE_CURVE('',#2288,#2277,#983,.T.);
#2862=EDGE_CURVE('',#2288,#2286,#984,.T.);
#2863=EDGE_CURVE('',#2275,#2287,#985,.T.);
#2864=EDGE_CURVE('',#2275,#2288,#986,.T.);
#2865=EDGE_CURVE('',#2273,#2289,#987,.T.);
#2866=EDGE_CURVE('',#2288,#2289,#988,.T.);
#2867=EDGE_CURVE('',#2289,#2276,#989,.T.);
#2868=EDGE_CURVE('',#2268,#2290,#990,.T.);
#2869=EDGE_CURVE('',#2290,#2282,#991,.T.);
#2870=EDGE_CURVE('',#2283,#2291,#992,.T.);
#2871=EDGE_CURVE('',#2271,#2291,#993,.T.);
#2872=EDGE_CURVE('',#2291,#2265,#84,.T.);
#2873=EDGE_CURVE('',#2292,#2266,#994,.T.);
#2874=EDGE_CURVE('',#2292,#2293,#995,.T.);
#2875=EDGE_CURVE('',#2267,#2293,#996,.T.);
#2876=EDGE_CURVE('',#2293,#2290,#85,.T.);
#2877=EDGE_CURVE('',#2263,#2292,#997,.T.);
#2878=EDGE_CURVE('',#2294,#2295,#998,.T.);
#2879=EDGE_CURVE('',#2294,#2296,#999,.T.);
#2880=EDGE_CURVE('',#2296,#2297,#1000,.T.);
#2881=EDGE_CURVE('',#2297,#2295,#1001,.T.);
#2882=EDGE_CURVE('',#2298,#2294,#1002,.T.);
#2883=EDGE_CURVE('',#2299,#2298,#1003,.T.);
#2884=EDGE_CURVE('',#2300,#2299,#86,.T.);
#2885=EDGE_CURVE('',#2301,#2300,#1004,.T.);
#2886=EDGE_CURVE('',#2301,#2302,#1005,.T.);
#2887=EDGE_CURVE('',#2303,#2302,#1006,.T.);
#2888=EDGE_CURVE('',#2303,#2296,#87,.T.);
#2889=EDGE_CURVE('',#2304,#2305,#1007,.T.);
#2890=EDGE_CURVE('',#2306,#2304,#1008,.T.);
#2891=EDGE_CURVE('',#2306,#2307,#1009,.T.);
#2892=EDGE_CURVE('',#2305,#2307,#1010,.T.);
#2893=EDGE_CURVE('',#2308,#2304,#1011,.T.);
#2894=EDGE_CURVE('',#2308,#2309,#1012,.T.);
#2895=EDGE_CURVE('',#2309,#2306,#1013,.T.);
#2896=EDGE_CURVE('',#2302,#2310,#1014,.T.);
#2897=EDGE_CURVE('',#2311,#2301,#1015,.T.);
#2898=EDGE_CURVE('',#2310,#2311,#1016,.T.);
#2899=EDGE_CURVE('',#2311,#2312,#1017,.T.);
#2900=EDGE_CURVE('',#2312,#2313,#1018,.T.);
#2901=EDGE_CURVE('',#2313,#2310,#1019,.T.);
#2902=EDGE_CURVE('',#2314,#2301,#1020,.T.);
#2903=EDGE_CURVE('',#2312,#2314,#1021,.T.);
#2904=EDGE_CURVE('',#2315,#2314,#1022,.T.);
#2905=EDGE_CURVE('',#2313,#2315,#1023,.T.);
#2906=EDGE_CURVE('',#2302,#2315,#1024,.T.);
#2907=EDGE_CURVE('',#2306,#2316,#1025,.T.);
#2908=EDGE_CURVE('',#2317,#2309,#1026,.T.);
#2909=EDGE_CURVE('',#2316,#2317,#1027,.T.);
#2910=EDGE_CURVE('',#2317,#2318,#1028,.T.);
#2911=EDGE_CURVE('',#2318,#2319,#1029,.T.);
#2912=EDGE_CURVE('',#2319,#2316,#1030,.T.);
#2913=EDGE_CURVE('',#2320,#2309,#1031,.T.);
#2914=EDGE_CURVE('',#2320,#2318,#1032,.T.);
#2915=EDGE_CURVE('',#2307,#2319,#1033,.T.);
#2916=EDGE_CURVE('',#2307,#2320,#1034,.T.);
#2917=EDGE_CURVE('',#2305,#2321,#1035,.T.);
#2918=EDGE_CURVE('',#2320,#2321,#1036,.T.);
#2919=EDGE_CURVE('',#2321,#2308,#1037,.T.);
#2920=EDGE_CURVE('',#2300,#2322,#1038,.T.);
#2921=EDGE_CURVE('',#2322,#2314,#1039,.T.);
#2922=EDGE_CURVE('',#2315,#2323,#1040,.T.);
#2923=EDGE_CURVE('',#2303,#2323,#1041,.T.);
#2924=EDGE_CURVE('',#2323,#2297,#88,.T.);
#2925=EDGE_CURVE('',#2324,#2298,#1042,.T.);
#2926=EDGE_CURVE('',#2324,#2325,#1043,.T.);
#2927=EDGE_CURVE('',#2299,#2325,#1044,.T.);
#2928=EDGE_CURVE('',#2325,#2322,#89,.T.);
#2929=EDGE_CURVE('',#2295,#2324,#1045,.T.);
#2930=EDGE_CURVE('',#2326,#2327,#1046,.T.);
#2931=EDGE_CURVE('',#2326,#2328,#1047,.T.);
#2932=EDGE_CURVE('',#2328,#2329,#1048,.T.);
#2933=EDGE_CURVE('',#2329,#2327,#1049,.T.);
#2934=EDGE_CURVE('',#2330,#2326,#1050,.T.);
#2935=EDGE_CURVE('',#2331,#2330,#1051,.T.);
#2936=EDGE_CURVE('',#2332,#2331,#90,.T.);
#2937=EDGE_CURVE('',#2333,#2332,#1052,.T.);
#2938=EDGE_CURVE('',#2333,#2334,#1053,.T.);
#2939=EDGE_CURVE('',#2335,#2334,#1054,.T.);
#2940=EDGE_CURVE('',#2335,#2328,#91,.T.);
#2941=EDGE_CURVE('',#2336,#2337,#1055,.T.);
#2942=EDGE_CURVE('',#2338,#2336,#1056,.T.);
#2943=EDGE_CURVE('',#2338,#2339,#1057,.T.);
#2944=EDGE_CURVE('',#2337,#2339,#1058,.T.);
#2945=EDGE_CURVE('',#2340,#2336,#1059,.T.);
#2946=EDGE_CURVE('',#2340,#2341,#1060,.T.);
#2947=EDGE_CURVE('',#2341,#2338,#1061,.T.);
#2948=EDGE_CURVE('',#2334,#2342,#1062,.T.);
#2949=EDGE_CURVE('',#2343,#2333,#1063,.T.);
#2950=EDGE_CURVE('',#2342,#2343,#1064,.T.);
#2951=EDGE_CURVE('',#2343,#2344,#1065,.T.);
#2952=EDGE_CURVE('',#2344,#2345,#1066,.T.);
#2953=EDGE_CURVE('',#2345,#2342,#1067,.T.);
#2954=EDGE_CURVE('',#2346,#2333,#1068,.T.);
#2955=EDGE_CURVE('',#2344,#2346,#1069,.T.);
#2956=EDGE_CURVE('',#2347,#2346,#1070,.T.);
#2957=EDGE_CURVE('',#2345,#2347,#1071,.T.);
#2958=EDGE_CURVE('',#2334,#2347,#1072,.T.);
#2959=EDGE_CURVE('',#2338,#2348,#1073,.T.);
#2960=EDGE_CURVE('',#2349,#2341,#1074,.T.);
#2961=EDGE_CURVE('',#2348,#2349,#1075,.T.);
#2962=EDGE_CURVE('',#2349,#2350,#1076,.T.);
#2963=EDGE_CURVE('',#2350,#2351,#1077,.T.);
#2964=EDGE_CURVE('',#2351,#2348,#1078,.T.);
#2965=EDGE_CURVE('',#2352,#2341,#1079,.T.);
#2966=EDGE_CURVE('',#2352,#2350,#1080,.T.);
#2967=EDGE_CURVE('',#2339,#2351,#1081,.T.);
#2968=EDGE_CURVE('',#2339,#2352,#1082,.T.);
#2969=EDGE_CURVE('',#2337,#2353,#1083,.T.);
#2970=EDGE_CURVE('',#2352,#2353,#1084,.T.);
#2971=EDGE_CURVE('',#2353,#2340,#1085,.T.);
#2972=EDGE_CURVE('',#2332,#2354,#1086,.T.);
#2973=EDGE_CURVE('',#2354,#2346,#1087,.T.);
#2974=EDGE_CURVE('',#2347,#2355,#1088,.T.);
#2975=EDGE_CURVE('',#2335,#2355,#1089,.T.);
#2976=EDGE_CURVE('',#2355,#2329,#92,.T.);
#2977=EDGE_CURVE('',#2356,#2330,#1090,.T.);
#2978=EDGE_CURVE('',#2356,#2357,#1091,.T.);
#2979=EDGE_CURVE('',#2331,#2357,#1092,.T.);
#2980=EDGE_CURVE('',#2357,#2354,#93,.T.);
#2981=EDGE_CURVE('',#2327,#2356,#1093,.T.);
#2982=EDGE_CURVE('',#2358,#2359,#1094,.T.);
#2983=EDGE_CURVE('',#2358,#2360,#1095,.T.);
#2984=EDGE_CURVE('',#2360,#2361,#1096,.T.);
#2985=EDGE_CURVE('',#2361,#2359,#1097,.T.);
#2986=EDGE_CURVE('',#2362,#2363,#1098,.T.);
#2987=EDGE_CURVE('',#2362,#2364,#1099,.T.);
#2988=EDGE_CURVE('',#2365,#2364,#1100,.T.);
#2989=EDGE_CURVE('',#2365,#2363,#1101,.T.);
#2990=EDGE_CURVE('',#2366,#2367,#1102,.T.);
#2991=EDGE_CURVE('',#2366,#2368,#1103,.T.);
#2992=EDGE_CURVE('',#2369,#2368,#1104,.T.);
#2993=EDGE_CURVE('',#2369,#2367,#1105,.T.);
#2994=EDGE_CURVE('',#2370,#2371,#1106,.T.);
#2995=EDGE_CURVE('',#2370,#2372,#1107,.T.);
#2996=EDGE_CURVE('',#2373,#2372,#1108,.T.);
#2997=EDGE_CURVE('',#2373,#2371,#1109,.T.);
#2998=EDGE_CURVE('',#2374,#2358,#1110,.T.);
#2999=EDGE_CURVE('',#2375,#2374,#1111,.T.);
#3000=EDGE_CURVE('',#2360,#2375,#1112,.T.);
#3001=EDGE_CURVE('',#2376,#2362,#1113,.T.);
#3002=EDGE_CURVE('',#2377,#2376,#1114,.T.);
#3003=EDGE_CURVE('',#2364,#2377,#1115,.T.);
#3004=EDGE_CURVE('',#2378,#2366,#1116,.T.);
#3005=EDGE_CURVE('',#2379,#2378,#1117,.T.);
#3006=EDGE_CURVE('',#2368,#2379,#1118,.T.);
#3007=EDGE_CURVE('',#2380,#2370,#1119,.T.);
#3008=EDGE_CURVE('',#2381,#2380,#1120,.T.);
#3009=EDGE_CURVE('',#2372,#2381,#1121,.T.);
#3010=EDGE_CURVE('',#2359,#2382,#1122,.T.);
#3011=EDGE_CURVE('',#2361,#2383,#1123,.T.);
#3012=EDGE_CURVE('',#2382,#2383,#1124,.T.);
#3013=EDGE_CURVE('',#2363,#2384,#1125,.T.);
#3014=EDGE_CURVE('',#2385,#2365,#1126,.T.);
#3015=EDGE_CURVE('',#2384,#2385,#1127,.T.);
#3016=EDGE_CURVE('',#2367,#2386,#1128,.T.);
#3017=EDGE_CURVE('',#2387,#2369,#1129,.T.);
#3018=EDGE_CURVE('',#2386,#2387,#1130,.T.);
#3019=EDGE_CURVE('',#2371,#2388,#1131,.T.);
#3020=EDGE_CURVE('',#2389,#2373,#1132,.T.);
#3021=EDGE_CURVE('',#2388,#2389,#1133,.T.);
#3022=EDGE_CURVE('',#2390,#2391,#1134,.T.);
#3023=EDGE_CURVE('',#2392,#2390,#1135,.T.);
#3024=EDGE_CURVE('',#2393,#2392,#1136,.T.);
#3025=EDGE_CURVE('',#2391,#2393,#1137,.T.);
#3026=EDGE_CURVE('',#2382,#2374,#1138,.T.);
#3027=EDGE_CURVE('',#2383,#2375,#1139,.T.);
#3028=EDGE_CURVE('',#2384,#2376,#1140,.T.);
#3029=EDGE_CURVE('',#2377,#2385,#1141,.T.);
#3030=EDGE_CURVE('',#2386,#2378,#1142,.T.);
#3031=EDGE_CURVE('',#2379,#2387,#1143,.T.);
#3032=EDGE_CURVE('',#2388,#2380,#1144,.T.);
#3033=EDGE_CURVE('',#2381,#2389,#1145,.T.);
#3034=EDGE_CURVE('',#2394,#2390,#1146,.T.);
#3035=EDGE_CURVE('',#2394,#2395,#1147,.T.);
#3036=EDGE_CURVE('',#2395,#2392,#1148,.T.);
#3037=EDGE_CURVE('',#2391,#2396,#1149,.T.);
#3038=EDGE_CURVE('',#2393,#2397,#1150,.T.);
#3039=EDGE_CURVE('',#2397,#2396,#1151,.T.);
#3040=EDGE_CURVE('',#2396,#2394,#1152,.T.);
#3041=EDGE_CURVE('',#2397,#2395,#1153,.T.);
#3042=EDGE_CURVE('',#2398,#2399,#1154,.T.);
#3043=EDGE_CURVE('',#2399,#2400,#1155,.T.);
#3044=EDGE_CURVE('',#2400,#2401,#1156,.T.);
#3045=EDGE_CURVE('',#2401,#2402,#1157,.T.);
#3046=EDGE_CURVE('',#2403,#2402,#1158,.T.);
#3047=EDGE_CURVE('',#2404,#2403,#1159,.T.);
#3048=EDGE_CURVE('',#2405,#2404,#1160,.T.);
#3049=EDGE_CURVE('',#2405,#2398,#1161,.T.);
#3050=EDGE_CURVE('',#2406,#2407,#1162,.T.);
#3051=EDGE_CURVE('',#2408,#2406,#1163,.T.);
#3052=EDGE_CURVE('',#2409,#2408,#1164,.T.);
#3053=EDGE_CURVE('',#2407,#2409,#1165,.T.);
#3054=EDGE_CURVE('',#2410,#2411,#1166,.T.);
#3055=EDGE_CURVE('',#2412,#2411,#1167,.T.);
#3056=EDGE_CURVE('',#2413,#2412,#1168,.T.);
#3057=EDGE_CURVE('',#2413,#2414,#1169,.T.);
#3058=EDGE_CURVE('',#2415,#2414,#1170,.T.);
#3059=EDGE_CURVE('',#2416,#2415,#1171,.T.);
#3060=EDGE_CURVE('',#2416,#2417,#1172,.T.);
#3061=EDGE_CURVE('',#2417,#2410,#1173,.T.);
#3062=EDGE_CURVE('',#2418,#2419,#1174,.T.);
#3063=EDGE_CURVE('',#2420,#2418,#1175,.T.);
#3064=EDGE_CURVE('',#2421,#2420,#1176,.T.);
#3065=EDGE_CURVE('',#2419,#2421,#1177,.T.);
#3066=EDGE_CURVE('',#2422,#2423,#1178,.T.);
#3067=EDGE_CURVE('',#2424,#2422,#1179,.T.);
#3068=EDGE_CURVE('',#2425,#2424,#1180,.T.);
#3069=EDGE_CURVE('',#2425,#2423,#1181,.T.);
#3070=EDGE_CURVE('',#2426,#2427,#1182,.T.);
#3071=EDGE_CURVE('',#2426,#2428,#1183,.T.);
#3072=EDGE_CURVE('',#2429,#2428,#1184,.T.);
#3073=EDGE_CURVE('',#2427,#2429,#1185,.T.);
#3074=EDGE_CURVE('',#2430,#2431,#1186,.T.);
#3075=EDGE_CURVE('',#2432,#2430,#1187,.T.);
#3076=EDGE_CURVE('',#2433,#2432,#1188,.T.);
#3077=EDGE_CURVE('',#2431,#2433,#1189,.T.);
#3078=EDGE_CURVE('',#2434,#2435,#1190,.T.);
#3079=EDGE_CURVE('',#2436,#2434,#1191,.T.);
#3080=EDGE_CURVE('',#2437,#2436,#1192,.T.);
#3081=EDGE_CURVE('',#2435,#2437,#1193,.T.);
#3082=EDGE_CURVE('',#2412,#2434,#1194,.T.);
#3083=EDGE_CURVE('',#2411,#2436,#1195,.T.);
#3084=EDGE_CURVE('',#2429,#2398,#1196,.T.);
#3085=EDGE_CURVE('',#2427,#2405,#1197,.T.);
#3086=EDGE_CURVE('',#2423,#2430,#1198,.T.);
#3087=EDGE_CURVE('',#2431,#2415,#1199,.T.);
#3088=EDGE_CURVE('',#2414,#2403,#1200,.T.);
#3089=EDGE_CURVE('',#2402,#2422,#1201,.T.);
#3090=EDGE_CURVE('',#2437,#2410,#1202,.T.);
#3091=EDGE_CURVE('',#2399,#2428,#1203,.T.);
#3092=EDGE_CURVE('',#2435,#2426,#1204,.T.);
#3093=EDGE_CURVE('',#2417,#2432,#1205,.T.);
#3094=EDGE_CURVE('',#2425,#2400,#1206,.T.);
#3095=EDGE_CURVE('',#2433,#2416,#1207,.T.);
#3096=EDGE_CURVE('',#2401,#2424,#1208,.T.);
#3097=EDGE_CURVE('',#2404,#2413,#1209,.T.);
#3098=EDGE_CURVE('',#2420,#2438,#1210,.T.);
#3099=EDGE_CURVE('',#2438,#2439,#1211,.T.);
#3100=EDGE_CURVE('',#2439,#2421,#1212,.T.);
#3101=EDGE_CURVE('',#2408,#2440,#1213,.T.);
#3102=EDGE_CURVE('',#2440,#2441,#1214,.T.);
#3103=EDGE_CURVE('',#2441,#2409,#1215,.T.);
#3104=EDGE_CURVE('',#2439,#2442,#1216,.T.);
#3105=EDGE_CURVE('',#2419,#2442,#1217,.T.);
#3106=EDGE_CURVE('',#2443,#2406,#1218,.T.);
#3107=EDGE_CURVE('',#2440,#2443,#1219,.T.);
#3108=EDGE_CURVE('',#2444,#2418,#1220,.T.);
#3109=EDGE_CURVE('',#2444,#2438,#1221,.T.);
#3110=EDGE_CURVE('',#2442,#2444,#1222,.T.);
#3111=EDGE_CURVE('',#2445,#2446,#1223,.T.);
#3112=EDGE_CURVE('',#2446,#2447,#1224,.T.);
#3113=EDGE_CURVE('',#2447,#2448,#1225,.T.);
#3114=EDGE_CURVE('',#2448,#2449,#1226,.T.);
#3115=EDGE_CURVE('',#2450,#2449,#1227,.T.);
#3116=EDGE_CURVE('',#2451,#2450,#1228,.T.);
#3117=EDGE_CURVE('',#2452,#2451,#1229,.T.);
#3118=EDGE_CURVE('',#2452,#2445,#1230,.T.);
#3119=EDGE_CURVE('',#2453,#2454,#1231,.T.);
#3120=EDGE_CURVE('',#2455,#2454,#1232,.T.);
#3121=EDGE_CURVE('',#2456,#2455,#1233,.T.);
#3122=EDGE_CURVE('',#2456,#2457,#1234,.T.);
#3123=EDGE_CURVE('',#2458,#2457,#1235,.T.);
#3124=EDGE_CURVE('',#2459,#2458,#1236,.T.);
#3125=EDGE_CURVE('',#2459,#2460,#1237,.T.);
#3126=EDGE_CURVE('',#2460,#2453,#1238,.T.);
#3127=EDGE_CURVE('',#2461,#2462,#1239,.T.);
#3128=EDGE_CURVE('',#2463,#2461,#1240,.T.);
#3129=EDGE_CURVE('',#2464,#2463,#1241,.T.);
#3130=EDGE_CURVE('',#2462,#2464,#1242,.T.);
#3131=EDGE_CURVE('',#2465,#2466,#1243,.T.);
#3132=EDGE_CURVE('',#2467,#2465,#1244,.T.);
#3133=EDGE_CURVE('',#2468,#2467,#1245,.T.);
#3134=EDGE_CURVE('',#2468,#2466,#1246,.T.);
#3135=EDGE_CURVE('',#2469,#2470,#1247,.T.);
#3136=EDGE_CURVE('',#2469,#2471,#1248,.T.);
#3137=EDGE_CURVE('',#2472,#2471,#1249,.T.);
#3138=EDGE_CURVE('',#2470,#2472,#1250,.T.);
#3139=EDGE_CURVE('',#2473,#2474,#1251,.T.);
#3140=EDGE_CURVE('',#2475,#2473,#1252,.T.);
#3141=EDGE_CURVE('',#2476,#2475,#1253,.T.);
#3142=EDGE_CURVE('',#2474,#2476,#1254,.T.);
#3143=EDGE_CURVE('',#2477,#2478,#1255,.T.);
#3144=EDGE_CURVE('',#2479,#2477,#1256,.T.);
#3145=EDGE_CURVE('',#2480,#2479,#1257,.T.);
#3146=EDGE_CURVE('',#2478,#2480,#1258,.T.);
#3147=EDGE_CURVE('',#2455,#2477,#1259,.T.);
#3148=EDGE_CURVE('',#2454,#2479,#1260,.T.);
#3149=EDGE_CURVE('',#2472,#2445,#1261,.T.);
#3150=EDGE_CURVE('',#2470,#2452,#1262,.T.);
#3151=EDGE_CURVE('',#2466,#2473,#1263,.T.);
#3152=EDGE_CURVE('',#2474,#2458,#1264,.T.);
#3153=EDGE_CURVE('',#2457,#2450,#1265,.T.);
#3154=EDGE_CURVE('',#2449,#2465,#1266,.T.);
#3155=EDGE_CURVE('',#2480,#2453,#1267,.T.);
#3156=EDGE_CURVE('',#2446,#2471,#1268,.T.);
#3157=EDGE_CURVE('',#2478,#2469,#1269,.T.);
#3158=EDGE_CURVE('',#2460,#2475,#1270,.T.);
#3159=EDGE_CURVE('',#2468,#2447,#1271,.T.);
#3160=EDGE_CURVE('',#2476,#2459,#1272,.T.);
#3161=EDGE_CURVE('',#2448,#2467,#1273,.T.);
#3162=EDGE_CURVE('',#2451,#2456,#1274,.T.);
#3163=EDGE_CURVE('',#2464,#2481,#1275,.T.);
#3164=EDGE_CURVE('',#2481,#2482,#1276,.T.);
#3165=EDGE_CURVE('',#2482,#2462,#1277,.T.);
#3166=EDGE_CURVE('',#2407,#2483,#1278,.T.);
#3167=EDGE_CURVE('',#2483,#2443,#1279,.T.);
#3168=EDGE_CURVE('',#2484,#2463,#1280,.T.);
#3169=EDGE_CURVE('',#2484,#2481,#1281,.T.);
#3170=EDGE_CURVE('',#2461,#2485,#1282,.T.);
#3171=EDGE_CURVE('',#2485,#2484,#1283,.T.);
#3172=EDGE_CURVE('',#2482,#2485,#1284,.T.);
#3173=EDGE_CURVE('',#2486,#2487,#1285,.T.);
#3174=EDGE_CURVE('',#2487,#2488,#1286,.T.);
#3175=EDGE_CURVE('',#2488,#2489,#1287,.T.);
#3176=EDGE_CURVE('',#2489,#2490,#1288,.T.);
#3177=EDGE_CURVE('',#2491,#2490,#1289,.T.);
#3178=EDGE_CURVE('',#2492,#2491,#1290,.T.);
#3179=EDGE_CURVE('',#2493,#2492,#1291,.T.);
#3180=EDGE_CURVE('',#2493,#2486,#1292,.T.);
#3181=EDGE_CURVE('',#2494,#2495,#1293,.T.);
#3182=EDGE_CURVE('',#2496,#2495,#1294,.T.);
#3183=EDGE_CURVE('',#2497,#2496,#1295,.T.);
#3184=EDGE_CURVE('',#2497,#2498,#1296,.T.);
#3185=EDGE_CURVE('',#2499,#2498,#1297,.T.);
#3186=EDGE_CURVE('',#2500,#2499,#1298,.T.);
#3187=EDGE_CURVE('',#2500,#2501,#1299,.T.);
#3188=EDGE_CURVE('',#2501,#2494,#1300,.T.);
#3189=EDGE_CURVE('',#2502,#2503,#1301,.T.);
#3190=EDGE_CURVE('',#2504,#2502,#1302,.T.);
#3191=EDGE_CURVE('',#2505,#2504,#1303,.T.);
#3192=EDGE_CURVE('',#2503,#2505,#1304,.T.);
#3193=EDGE_CURVE('',#2506,#2507,#1305,.T.);
#3194=EDGE_CURVE('',#2508,#2506,#1306,.T.);
#3195=EDGE_CURVE('',#2509,#2508,#1307,.T.);
#3196=EDGE_CURVE('',#2509,#2507,#1308,.T.);
#3197=EDGE_CURVE('',#2510,#2511,#1309,.T.);
#3198=EDGE_CURVE('',#2510,#2512,#1310,.T.);
#3199=EDGE_CURVE('',#2513,#2512,#1311,.T.);
#3200=EDGE_CURVE('',#2511,#2513,#1312,.T.);
#3201=EDGE_CURVE('',#2514,#2515,#1313,.T.);
#3202=EDGE_CURVE('',#2516,#2514,#1314,.T.);
#3203=EDGE_CURVE('',#2517,#2516,#1315,.T.);
#3204=EDGE_CURVE('',#2515,#2517,#1316,.T.);
#3205=EDGE_CURVE('',#2518,#2519,#1317,.T.);
#3206=EDGE_CURVE('',#2520,#2518,#1318,.T.);
#3207=EDGE_CURVE('',#2521,#2520,#1319,.T.);
#3208=EDGE_CURVE('',#2519,#2521,#1320,.T.);
#3209=EDGE_CURVE('',#2496,#2518,#1321,.T.);
#3210=EDGE_CURVE('',#2495,#2520,#1322,.T.);
#3211=EDGE_CURVE('',#2513,#2486,#1323,.T.);
#3212=EDGE_CURVE('',#2511,#2493,#1324,.T.);
#3213=EDGE_CURVE('',#2507,#2514,#1325,.T.);
#3214=EDGE_CURVE('',#2515,#2499,#1326,.T.);
#3215=EDGE_CURVE('',#2498,#2491,#1327,.T.);
#3216=EDGE_CURVE('',#2490,#2506,#1328,.T.);
#3217=EDGE_CURVE('',#2521,#2494,#1329,.T.);
#3218=EDGE_CURVE('',#2487,#2512,#1330,.T.);
#3219=EDGE_CURVE('',#2519,#2510,#1331,.T.);
#3220=EDGE_CURVE('',#2501,#2516,#1332,.T.);
#3221=EDGE_CURVE('',#2509,#2488,#1333,.T.);
#3222=EDGE_CURVE('',#2517,#2500,#1334,.T.);
#3223=EDGE_CURVE('',#2489,#2508,#1335,.T.);
#3224=EDGE_CURVE('',#2492,#2497,#1336,.T.);
#3225=EDGE_CURVE('',#2522,#2504,#1337,.T.);
#3226=EDGE_CURVE('',#2522,#2523,#1338,.T.);
#3227=EDGE_CURVE('',#2505,#2523,#1339,.T.);
#3228=EDGE_CURVE('',#2441,#2483,#1340,.T.);
#3229=EDGE_CURVE('',#2523,#2524,#1341,.T.);
#3230=EDGE_CURVE('',#2524,#2503,#1342,.T.);
#3231=EDGE_CURVE('',#2502,#2525,#1343,.T.);
#3232=EDGE_CURVE('',#2525,#2522,#1344,.T.);
#3233=EDGE_CURVE('',#2524,#2525,#1345,.T.);
#3234=EDGE_CURVE('',#2526,#2527,#1346,.T.);
#3235=EDGE_CURVE('',#2527,#2528,#1347,.T.);
#3236=EDGE_CURVE('',#2528,#2529,#1348,.T.);
#3237=EDGE_CURVE('',#2529,#2530,#1349,.T.);
#3238=EDGE_CURVE('',#2531,#2530,#1350,.T.);
#3239=EDGE_CURVE('',#2532,#2531,#1351,.T.);
#3240=EDGE_CURVE('',#2533,#2532,#1352,.T.);
#3241=EDGE_CURVE('',#2533,#2526,#1353,.T.);
#3242=EDGE_CURVE('',#2534,#2535,#1354,.T.);
#3243=EDGE_CURVE('',#2536,#2535,#1355,.T.);
#3244=EDGE_CURVE('',#2537,#2536,#1356,.T.);
#3245=EDGE_CURVE('',#2537,#2538,#1357,.T.);
#3246=EDGE_CURVE('',#2539,#2538,#1358,.T.);
#3247=EDGE_CURVE('',#2540,#2539,#1359,.T.);
#3248=EDGE_CURVE('',#2540,#2541,#1360,.T.);
#3249=EDGE_CURVE('',#2541,#2534,#1361,.T.);
#3250=EDGE_CURVE('',#2542,#2543,#1362,.T.);
#3251=EDGE_CURVE('',#2544,#2542,#1363,.T.);
#3252=EDGE_CURVE('',#2545,#2544,#1364,.T.);
#3253=EDGE_CURVE('',#2543,#2545,#1365,.T.);
#3254=EDGE_CURVE('',#2546,#2547,#1366,.T.);
#3255=EDGE_CURVE('',#2548,#2546,#1367,.T.);
#3256=EDGE_CURVE('',#2549,#2548,#1368,.T.);
#3257=EDGE_CURVE('',#2549,#2547,#1369,.T.);
#3258=EDGE_CURVE('',#2550,#2551,#1370,.T.);
#3259=EDGE_CURVE('',#2550,#2552,#1371,.T.);
#3260=EDGE_CURVE('',#2553,#2552,#1372,.T.);
#3261=EDGE_CURVE('',#2551,#2553,#1373,.T.);
#3262=EDGE_CURVE('',#2554,#2555,#1374,.T.);
#3263=EDGE_CURVE('',#2556,#2554,#1375,.T.);
#3264=EDGE_CURVE('',#2557,#2556,#1376,.T.);
#3265=EDGE_CURVE('',#2555,#2557,#1377,.T.);
#3266=EDGE_CURVE('',#2558,#2559,#1378,.T.);
#3267=EDGE_CURVE('',#2560,#2558,#1379,.T.);
#3268=EDGE_CURVE('',#2561,#2560,#1380,.T.);
#3269=EDGE_CURVE('',#2559,#2561,#1381,.T.);
#3270=EDGE_CURVE('',#2536,#2558,#1382,.T.);
#3271=EDGE_CURVE('',#2535,#2560,#1383,.T.);
#3272=EDGE_CURVE('',#2553,#2526,#1384,.T.);
#3273=EDGE_CURVE('',#2551,#2533,#1385,.T.);
#3274=EDGE_CURVE('',#2547,#2554,#1386,.T.);
#3275=EDGE_CURVE('',#2555,#2539,#1387,.T.);
#3276=EDGE_CURVE('',#2538,#2531,#1388,.T.);
#3277=EDGE_CURVE('',#2530,#2546,#1389,.T.);
#3278=EDGE_CURVE('',#2561,#2534,#1390,.T.);
#3279=EDGE_CURVE('',#2527,#2552,#1391,.T.);
#3280=EDGE_CURVE('',#2559,#2550,#1392,.T.);
#3281=EDGE_CURVE('',#2541,#2556,#1393,.T.);
#3282=EDGE_CURVE('',#2549,#2528,#1394,.T.);
#3283=EDGE_CURVE('',#2557,#2540,#1395,.T.);
#3284=EDGE_CURVE('',#2529,#2548,#1396,.T.);
#3285=EDGE_CURVE('',#2532,#2537,#1397,.T.);
#3286=EDGE_CURVE('',#2562,#2545,#1398,.T.);
#3287=EDGE_CURVE('',#2562,#2563,#1399,.T.);
#3288=EDGE_CURVE('',#2543,#2563,#1400,.T.);
#3289=EDGE_CURVE('',#2544,#2564,#1401,.T.);
#3290=EDGE_CURVE('',#2564,#2562,#1402,.T.);
#3291=EDGE_CURVE('',#2565,#2542,#1403,.T.);
#3292=EDGE_CURVE('',#2564,#2565,#1404,.T.);
#3293=EDGE_CURVE('',#2563,#2565,#1405,.T.);
#3294=ORIENTED_EDGE('',*,*,#2566,.F.);
#3295=ORIENTED_EDGE('',*,*,#2567,.T.);
#3296=ORIENTED_EDGE('',*,*,#2568,.T.);
#3297=ORIENTED_EDGE('',*,*,#2569,.T.);
#3298=ORIENTED_EDGE('',*,*,#2570,.F.);
#3299=ORIENTED_EDGE('',*,*,#2571,.F.);
#3300=ORIENTED_EDGE('',*,*,#2572,.F.);
#3301=ORIENTED_EDGE('',*,*,#2573,.F.);
#3302=ORIENTED_EDGE('',*,*,#2574,.T.);
#3303=ORIENTED_EDGE('',*,*,#2575,.F.);
#3304=ORIENTED_EDGE('',*,*,#2576,.T.);
#3305=ORIENTED_EDGE('',*,*,#2567,.F.);
#3306=ORIENTED_EDGE('',*,*,#2577,.F.);
#3307=ORIENTED_EDGE('',*,*,#2578,.F.);
#3308=ORIENTED_EDGE('',*,*,#2579,.T.);
#3309=ORIENTED_EDGE('',*,*,#2580,.F.);
#3310=ORIENTED_EDGE('',*,*,#2581,.F.);
#3311=ORIENTED_EDGE('',*,*,#2582,.T.);
#3312=ORIENTED_EDGE('',*,*,#2583,.T.);
#3313=ORIENTED_EDGE('',*,*,#2578,.T.);
#3314=ORIENTED_EDGE('',*,*,#2584,.F.);
#3315=ORIENTED_EDGE('',*,*,#2574,.F.);
#3316=ORIENTED_EDGE('',*,*,#2585,.F.);
#3317=ORIENTED_EDGE('',*,*,#2586,.F.);
#3318=ORIENTED_EDGE('',*,*,#2586,.T.);
#3319=ORIENTED_EDGE('',*,*,#2587,.T.);
#3320=ORIENTED_EDGE('',*,*,#2588,.T.);
#3321=ORIENTED_EDGE('',*,*,#2589,.T.);
#3322=ORIENTED_EDGE('',*,*,#2585,.T.);
#3323=ORIENTED_EDGE('',*,*,#2590,.F.);
#3324=ORIENTED_EDGE('',*,*,#2591,.F.);
#3325=ORIENTED_EDGE('',*,*,#2587,.F.);
#3326=ORIENTED_EDGE('',*,*,#2591,.T.);
#3327=ORIENTED_EDGE('',*,*,#2592,.F.);
#3328=ORIENTED_EDGE('',*,*,#2593,.F.);
#3329=ORIENTED_EDGE('',*,*,#2588,.F.);
#3330=ORIENTED_EDGE('',*,*,#2584,.T.);
#3331=ORIENTED_EDGE('',*,*,#2589,.F.);
#3332=ORIENTED_EDGE('',*,*,#2593,.T.);
#3333=ORIENTED_EDGE('',*,*,#2594,.F.);
#3334=ORIENTED_EDGE('',*,*,#2595,.F.);
#3335=ORIENTED_EDGE('',*,*,#2583,.F.);
#3336=ORIENTED_EDGE('',*,*,#2596,.F.);
#3337=ORIENTED_EDGE('',*,*,#2597,.F.);
#3338=ORIENTED_EDGE('',*,*,#2597,.T.);
#3339=ORIENTED_EDGE('',*,*,#2598,.T.);
#3340=ORIENTED_EDGE('',*,*,#2599,.T.);
#3341=ORIENTED_EDGE('',*,*,#2600,.T.);
#3342=ORIENTED_EDGE('',*,*,#2596,.T.);
#3343=ORIENTED_EDGE('',*,*,#2601,.F.);
#3344=ORIENTED_EDGE('',*,*,#2602,.T.);
#3345=ORIENTED_EDGE('',*,*,#2598,.F.);
#3346=ORIENTED_EDGE('',*,*,#2595,.T.);
#3347=ORIENTED_EDGE('',*,*,#2600,.F.);
#3348=ORIENTED_EDGE('',*,*,#2603,.F.);
#3349=ORIENTED_EDGE('',*,*,#2579,.F.);
#3350=ORIENTED_EDGE('',*,*,#2603,.T.);
#3351=ORIENTED_EDGE('',*,*,#2599,.F.);
#3352=ORIENTED_EDGE('',*,*,#2602,.F.);
#3353=ORIENTED_EDGE('',*,*,#2604,.F.);
#3354=ORIENTED_EDGE('',*,*,#2605,.F.);
#3355=ORIENTED_EDGE('',*,*,#2580,.T.);
#3356=ORIENTED_EDGE('',*,*,#2604,.T.);
#3357=ORIENTED_EDGE('',*,*,#2606,.T.);
#3358=ORIENTED_EDGE('',*,*,#2607,.F.);
#3359=ORIENTED_EDGE('',*,*,#2606,.F.);
#3360=ORIENTED_EDGE('',*,*,#2601,.T.);
#3361=ORIENTED_EDGE('',*,*,#2582,.F.);
#3362=ORIENTED_EDGE('',*,*,#2590,.T.);
#3363=ORIENTED_EDGE('',*,*,#2573,.T.);
#3364=ORIENTED_EDGE('',*,*,#2608,.T.);
#3365=ORIENTED_EDGE('',*,*,#2609,.T.);
#3366=ORIENTED_EDGE('',*,*,#2594,.T.);
#3367=ORIENTED_EDGE('',*,*,#2610,.T.);
#3368=ORIENTED_EDGE('',*,*,#2611,.F.);
#3369=ORIENTED_EDGE('',*,*,#2575,.T.);
#3370=ORIENTED_EDGE('',*,*,#2612,.T.);
#3371=ORIENTED_EDGE('',*,*,#2568,.F.);
#3372=ORIENTED_EDGE('',*,*,#2576,.F.);
#3373=ORIENTED_EDGE('',*,*,#2611,.T.);
#3374=ORIENTED_EDGE('',*,*,#2613,.F.);
#3375=ORIENTED_EDGE('',*,*,#2614,.T.);
#3376=ORIENTED_EDGE('',*,*,#2615,.F.);
#3377=ORIENTED_EDGE('',*,*,#2571,.T.);
#3378=ORIENTED_EDGE('',*,*,#2616,.T.);
#3379=ORIENTED_EDGE('',*,*,#2608,.F.);
#3380=ORIENTED_EDGE('',*,*,#2572,.T.);
#3381=ORIENTED_EDGE('',*,*,#2615,.T.);
#3382=ORIENTED_EDGE('',*,*,#2617,.F.);
#3383=ORIENTED_EDGE('',*,*,#2569,.F.);
#3384=ORIENTED_EDGE('',*,*,#2612,.F.);
#3385=ORIENTED_EDGE('',*,*,#2610,.F.);
#3386=ORIENTED_EDGE('',*,*,#2592,.T.);
#3387=ORIENTED_EDGE('',*,*,#2609,.F.);
#3388=ORIENTED_EDGE('',*,*,#2616,.F.);
#3389=ORIENTED_EDGE('',*,*,#2614,.F.);
#3390=ORIENTED_EDGE('',*,*,#2618,.F.);
#3391=ORIENTED_EDGE('',*,*,#2619,.T.);
#3392=ORIENTED_EDGE('',*,*,#2620,.T.);
#3393=ORIENTED_EDGE('',*,*,#2621,.T.);
#3394=ORIENTED_EDGE('',*,*,#2622,.F.);
#3395=ORIENTED_EDGE('',*,*,#2623,.F.);
#3396=ORIENTED_EDGE('',*,*,#2624,.F.);
#3397=ORIENTED_EDGE('',*,*,#2625,.F.);
#3398=ORIENTED_EDGE('',*,*,#2626,.T.);
#3399=ORIENTED_EDGE('',*,*,#2627,.F.);
#3400=ORIENTED_EDGE('',*,*,#2628,.T.);
#3401=ORIENTED_EDGE('',*,*,#2619,.F.);
#3402=ORIENTED_EDGE('',*,*,#2629,.F.);
#3403=ORIENTED_EDGE('',*,*,#2630,.F.);
#3404=ORIENTED_EDGE('',*,*,#2631,.T.);
#3405=ORIENTED_EDGE('',*,*,#2632,.F.);
#3406=ORIENTED_EDGE('',*,*,#2633,.F.);
#3407=ORIENTED_EDGE('',*,*,#2634,.T.);
#3408=ORIENTED_EDGE('',*,*,#2635,.T.);
#3409=ORIENTED_EDGE('',*,*,#2630,.T.);
#3410=ORIENTED_EDGE('',*,*,#2636,.F.);
#3411=ORIENTED_EDGE('',*,*,#2626,.F.);
#3412=ORIENTED_EDGE('',*,*,#2637,.F.);
#3413=ORIENTED_EDGE('',*,*,#2638,.F.);
#3414=ORIENTED_EDGE('',*,*,#2638,.T.);
#3415=ORIENTED_EDGE('',*,*,#2639,.T.);
#3416=ORIENTED_EDGE('',*,*,#2640,.T.);
#3417=ORIENTED_EDGE('',*,*,#2641,.T.);
#3418=ORIENTED_EDGE('',*,*,#2637,.T.);
#3419=ORIENTED_EDGE('',*,*,#2642,.F.);
#3420=ORIENTED_EDGE('',*,*,#2643,.F.);
#3421=ORIENTED_EDGE('',*,*,#2639,.F.);
#3422=ORIENTED_EDGE('',*,*,#2643,.T.);
#3423=ORIENTED_EDGE('',*,*,#2644,.F.);
#3424=ORIENTED_EDGE('',*,*,#2645,.F.);
#3425=ORIENTED_EDGE('',*,*,#2640,.F.);
#3426=ORIENTED_EDGE('',*,*,#2636,.T.);
#3427=ORIENTED_EDGE('',*,*,#2641,.F.);
#3428=ORIENTED_EDGE('',*,*,#2645,.T.);
#3429=ORIENTED_EDGE('',*,*,#2646,.F.);
#3430=ORIENTED_EDGE('',*,*,#2647,.F.);
#3431=ORIENTED_EDGE('',*,*,#2635,.F.);
#3432=ORIENTED_EDGE('',*,*,#2648,.F.);
#3433=ORIENTED_EDGE('',*,*,#2649,.F.);
#3434=ORIENTED_EDGE('',*,*,#2649,.T.);
#3435=ORIENTED_EDGE('',*,*,#2650,.T.);
#3436=ORIENTED_EDGE('',*,*,#2651,.T.);
#3437=ORIENTED_EDGE('',*,*,#2652,.T.);
#3438=ORIENTED_EDGE('',*,*,#2648,.T.);
#3439=ORIENTED_EDGE('',*,*,#2653,.F.);
#3440=ORIENTED_EDGE('',*,*,#2654,.T.);
#3441=ORIENTED_EDGE('',*,*,#2650,.F.);
#3442=ORIENTED_EDGE('',*,*,#2647,.T.);
#3443=ORIENTED_EDGE('',*,*,#2652,.F.);
#3444=ORIENTED_EDGE('',*,*,#2655,.F.);
#3445=ORIENTED_EDGE('',*,*,#2631,.F.);
#3446=ORIENTED_EDGE('',*,*,#2655,.T.);
#3447=ORIENTED_EDGE('',*,*,#2651,.F.);
#3448=ORIENTED_EDGE('',*,*,#2654,.F.);
#3449=ORIENTED_EDGE('',*,*,#2656,.F.);
#3450=ORIENTED_EDGE('',*,*,#2657,.F.);
#3451=ORIENTED_EDGE('',*,*,#2632,.T.);
#3452=ORIENTED_EDGE('',*,*,#2656,.T.);
#3453=ORIENTED_EDGE('',*,*,#2658,.T.);
#3454=ORIENTED_EDGE('',*,*,#2659,.F.);
#3455=ORIENTED_EDGE('',*,*,#2658,.F.);
#3456=ORIENTED_EDGE('',*,*,#2653,.T.);
#3457=ORIENTED_EDGE('',*,*,#2634,.F.);
#3458=ORIENTED_EDGE('',*,*,#2642,.T.);
#3459=ORIENTED_EDGE('',*,*,#2625,.T.);
#3460=ORIENTED_EDGE('',*,*,#2660,.T.);
#3461=ORIENTED_EDGE('',*,*,#2661,.T.);
#3462=ORIENTED_EDGE('',*,*,#2646,.T.);
#3463=ORIENTED_EDGE('',*,*,#2662,.T.);
#3464=ORIENTED_EDGE('',*,*,#2663,.F.);
#3465=ORIENTED_EDGE('',*,*,#2627,.T.);
#3466=ORIENTED_EDGE('',*,*,#2664,.T.);
#3467=ORIENTED_EDGE('',*,*,#2620,.F.);
#3468=ORIENTED_EDGE('',*,*,#2628,.F.);
#3469=ORIENTED_EDGE('',*,*,#2663,.T.);
#3470=ORIENTED_EDGE('',*,*,#2665,.F.);
#3471=ORIENTED_EDGE('',*,*,#2666,.T.);
#3472=ORIENTED_EDGE('',*,*,#2667,.F.);
#3473=ORIENTED_EDGE('',*,*,#2623,.T.);
#3474=ORIENTED_EDGE('',*,*,#2668,.T.);
#3475=ORIENTED_EDGE('',*,*,#2660,.F.);
#3476=ORIENTED_EDGE('',*,*,#2624,.T.);
#3477=ORIENTED_EDGE('',*,*,#2667,.T.);
#3478=ORIENTED_EDGE('',*,*,#2669,.F.);
#3479=ORIENTED_EDGE('',*,*,#2621,.F.);
#3480=ORIENTED_EDGE('',*,*,#2664,.F.);
#3481=ORIENTED_EDGE('',*,*,#2662,.F.);
#3482=ORIENTED_EDGE('',*,*,#2644,.T.);
#3483=ORIENTED_EDGE('',*,*,#2661,.F.);
#3484=ORIENTED_EDGE('',*,*,#2668,.F.);
#3485=ORIENTED_EDGE('',*,*,#2666,.F.);
#3486=ORIENTED_EDGE('',*,*,#2670,.F.);
#3487=ORIENTED_EDGE('',*,*,#2671,.T.);
#3488=ORIENTED_EDGE('',*,*,#2672,.T.);
#3489=ORIENTED_EDGE('',*,*,#2673,.T.);
#3490=ORIENTED_EDGE('',*,*,#2674,.F.);
#3491=ORIENTED_EDGE('',*,*,#2675,.F.);
#3492=ORIENTED_EDGE('',*,*,#2676,.F.);
#3493=ORIENTED_EDGE('',*,*,#2677,.F.);
#3494=ORIENTED_EDGE('',*,*,#2678,.T.);
#3495=ORIENTED_EDGE('',*,*,#2679,.F.);
#3496=ORIENTED_EDGE('',*,*,#2680,.T.);
#3497=ORIENTED_EDGE('',*,*,#2671,.F.);
#3498=ORIENTED_EDGE('',*,*,#2681,.F.);
#3499=ORIENTED_EDGE('',*,*,#2682,.F.);
#3500=ORIENTED_EDGE('',*,*,#2683,.T.);
#3501=ORIENTED_EDGE('',*,*,#2684,.F.);
#3502=ORIENTED_EDGE('',*,*,#2685,.F.);
#3503=ORIENTED_EDGE('',*,*,#2686,.T.);
#3504=ORIENTED_EDGE('',*,*,#2687,.T.);
#3505=ORIENTED_EDGE('',*,*,#2682,.T.);
#3506=ORIENTED_EDGE('',*,*,#2688,.F.);
#3507=ORIENTED_EDGE('',*,*,#2678,.F.);
#3508=ORIENTED_EDGE('',*,*,#2689,.F.);
#3509=ORIENTED_EDGE('',*,*,#2690,.F.);
#3510=ORIENTED_EDGE('',*,*,#2690,.T.);
#3511=ORIENTED_EDGE('',*,*,#2691,.T.);
#3512=ORIENTED_EDGE('',*,*,#2692,.T.);
#3513=ORIENTED_EDGE('',*,*,#2693,.T.);
#3514=ORIENTED_EDGE('',*,*,#2689,.T.);
#3515=ORIENTED_EDGE('',*,*,#2694,.F.);
#3516=ORIENTED_EDGE('',*,*,#2695,.F.);
#3517=ORIENTED_EDGE('',*,*,#2691,.F.);
#3518=ORIENTED_EDGE('',*,*,#2695,.T.);
#3519=ORIENTED_EDGE('',*,*,#2696,.F.);
#3520=ORIENTED_EDGE('',*,*,#2697,.F.);
#3521=ORIENTED_EDGE('',*,*,#2692,.F.);
#3522=ORIENTED_EDGE('',*,*,#2688,.T.);
#3523=ORIENTED_EDGE('',*,*,#2693,.F.);
#3524=ORIENTED_EDGE('',*,*,#2697,.T.);
#3525=ORIENTED_EDGE('',*,*,#2698,.F.);
#3526=ORIENTED_EDGE('',*,*,#2699,.F.);
#3527=ORIENTED_EDGE('',*,*,#2687,.F.);
#3528=ORIENTED_EDGE('',*,*,#2700,.F.);
#3529=ORIENTED_EDGE('',*,*,#2701,.F.);
#3530=ORIENTED_EDGE('',*,*,#2701,.T.);
#3531=ORIENTED_EDGE('',*,*,#2702,.T.);
#3532=ORIENTED_EDGE('',*,*,#2703,.T.);
#3533=ORIENTED_EDGE('',*,*,#2704,.T.);
#3534=ORIENTED_EDGE('',*,*,#2700,.T.);
#3535=ORIENTED_EDGE('',*,*,#2705,.F.);
#3536=ORIENTED_EDGE('',*,*,#2706,.T.);
#3537=ORIENTED_EDGE('',*,*,#2702,.F.);
#3538=ORIENTED_EDGE('',*,*,#2699,.T.);
#3539=ORIENTED_EDGE('',*,*,#2704,.F.);
#3540=ORIENTED_EDGE('',*,*,#2707,.F.);
#3541=ORIENTED_EDGE('',*,*,#2683,.F.);
#3542=ORIENTED_EDGE('',*,*,#2707,.T.);
#3543=ORIENTED_EDGE('',*,*,#2703,.F.);
#3544=ORIENTED_EDGE('',*,*,#2706,.F.);
#3545=ORIENTED_EDGE('',*,*,#2708,.F.);
#3546=ORIENTED_EDGE('',*,*,#2709,.F.);
#3547=ORIENTED_EDGE('',*,*,#2684,.T.);
#3548=ORIENTED_EDGE('',*,*,#2708,.T.);
#3549=ORIENTED_EDGE('',*,*,#2710,.T.);
#3550=ORIENTED_EDGE('',*,*,#2711,.F.);
#3551=ORIENTED_EDGE('',*,*,#2710,.F.);
#3552=ORIENTED_EDGE('',*,*,#2705,.T.);
#3553=ORIENTED_EDGE('',*,*,#2686,.F.);
#3554=ORIENTED_EDGE('',*,*,#2694,.T.);
#3555=ORIENTED_EDGE('',*,*,#2677,.T.);
#3556=ORIENTED_EDGE('',*,*,#2712,.T.);
#3557=ORIENTED_EDGE('',*,*,#2713,.T.);
#3558=ORIENTED_EDGE('',*,*,#2698,.T.);
#3559=ORIENTED_EDGE('',*,*,#2714,.T.);
#3560=ORIENTED_EDGE('',*,*,#2715,.F.);
#3561=ORIENTED_EDGE('',*,*,#2679,.T.);
#3562=ORIENTED_EDGE('',*,*,#2716,.T.);
#3563=ORIENTED_EDGE('',*,*,#2672,.F.);
#3564=ORIENTED_EDGE('',*,*,#2680,.F.);
#3565=ORIENTED_EDGE('',*,*,#2715,.T.);
#3566=ORIENTED_EDGE('',*,*,#2717,.F.);
#3567=ORIENTED_EDGE('',*,*,#2718,.T.);
#3568=ORIENTED_EDGE('',*,*,#2719,.F.);
#3569=ORIENTED_EDGE('',*,*,#2675,.T.);
#3570=ORIENTED_EDGE('',*,*,#2720,.T.);
#3571=ORIENTED_EDGE('',*,*,#2712,.F.);
#3572=ORIENTED_EDGE('',*,*,#2676,.T.);
#3573=ORIENTED_EDGE('',*,*,#2719,.T.);
#3574=ORIENTED_EDGE('',*,*,#2721,.F.);
#3575=ORIENTED_EDGE('',*,*,#2673,.F.);
#3576=ORIENTED_EDGE('',*,*,#2716,.F.);
#3577=ORIENTED_EDGE('',*,*,#2714,.F.);
#3578=ORIENTED_EDGE('',*,*,#2696,.T.);
#3579=ORIENTED_EDGE('',*,*,#2713,.F.);
#3580=ORIENTED_EDGE('',*,*,#2720,.F.);
#3581=ORIENTED_EDGE('',*,*,#2718,.F.);
#3582=ORIENTED_EDGE('',*,*,#2722,.F.);
#3583=ORIENTED_EDGE('',*,*,#2723,.T.);
#3584=ORIENTED_EDGE('',*,*,#2724,.T.);
#3585=ORIENTED_EDGE('',*,*,#2725,.T.);
#3586=ORIENTED_EDGE('',*,*,#2726,.F.);
#3587=ORIENTED_EDGE('',*,*,#2727,.F.);
#3588=ORIENTED_EDGE('',*,*,#2728,.F.);
#3589=ORIENTED_EDGE('',*,*,#2729,.F.);
#3590=ORIENTED_EDGE('',*,*,#2730,.T.);
#3591=ORIENTED_EDGE('',*,*,#2731,.F.);
#3592=ORIENTED_EDGE('',*,*,#2732,.T.);
#3593=ORIENTED_EDGE('',*,*,#2723,.F.);
#3594=ORIENTED_EDGE('',*,*,#2733,.F.);
#3595=ORIENTED_EDGE('',*,*,#2734,.F.);
#3596=ORIENTED_EDGE('',*,*,#2735,.T.);
#3597=ORIENTED_EDGE('',*,*,#2736,.F.);
#3598=ORIENTED_EDGE('',*,*,#2737,.F.);
#3599=ORIENTED_EDGE('',*,*,#2738,.T.);
#3600=ORIENTED_EDGE('',*,*,#2739,.T.);
#3601=ORIENTED_EDGE('',*,*,#2734,.T.);
#3602=ORIENTED_EDGE('',*,*,#2740,.F.);
#3603=ORIENTED_EDGE('',*,*,#2730,.F.);
#3604=ORIENTED_EDGE('',*,*,#2741,.F.);
#3605=ORIENTED_EDGE('',*,*,#2742,.F.);
#3606=ORIENTED_EDGE('',*,*,#2742,.T.);
#3607=ORIENTED_EDGE('',*,*,#2743,.T.);
#3608=ORIENTED_EDGE('',*,*,#2744,.T.);
#3609=ORIENTED_EDGE('',*,*,#2745,.T.);
#3610=ORIENTED_EDGE('',*,*,#2741,.T.);
#3611=ORIENTED_EDGE('',*,*,#2746,.F.);
#3612=ORIENTED_EDGE('',*,*,#2747,.F.);
#3613=ORIENTED_EDGE('',*,*,#2743,.F.);
#3614=ORIENTED_EDGE('',*,*,#2747,.T.);
#3615=ORIENTED_EDGE('',*,*,#2748,.F.);
#3616=ORIENTED_EDGE('',*,*,#2749,.F.);
#3617=ORIENTED_EDGE('',*,*,#2744,.F.);
#3618=ORIENTED_EDGE('',*,*,#2740,.T.);
#3619=ORIENTED_EDGE('',*,*,#2745,.F.);
#3620=ORIENTED_EDGE('',*,*,#2749,.T.);
#3621=ORIENTED_EDGE('',*,*,#2750,.F.);
#3622=ORIENTED_EDGE('',*,*,#2751,.F.);
#3623=ORIENTED_EDGE('',*,*,#2739,.F.);
#3624=ORIENTED_EDGE('',*,*,#2752,.F.);
#3625=ORIENTED_EDGE('',*,*,#2753,.F.);
#3626=ORIENTED_EDGE('',*,*,#2753,.T.);
#3627=ORIENTED_EDGE('',*,*,#2754,.T.);
#3628=ORIENTED_EDGE('',*,*,#2755,.T.);
#3629=ORIENTED_EDGE('',*,*,#2756,.T.);
#3630=ORIENTED_EDGE('',*,*,#2752,.T.);
#3631=ORIENTED_EDGE('',*,*,#2757,.F.);
#3632=ORIENTED_EDGE('',*,*,#2758,.T.);
#3633=ORIENTED_EDGE('',*,*,#2754,.F.);
#3634=ORIENTED_EDGE('',*,*,#2751,.T.);
#3635=ORIENTED_EDGE('',*,*,#2756,.F.);
#3636=ORIENTED_EDGE('',*,*,#2759,.F.);
#3637=ORIENTED_EDGE('',*,*,#2735,.F.);
#3638=ORIENTED_EDGE('',*,*,#2759,.T.);
#3639=ORIENTED_EDGE('',*,*,#2755,.F.);
#3640=ORIENTED_EDGE('',*,*,#2758,.F.);
#3641=ORIENTED_EDGE('',*,*,#2760,.F.);
#3642=ORIENTED_EDGE('',*,*,#2761,.F.);
#3643=ORIENTED_EDGE('',*,*,#2736,.T.);
#3644=ORIENTED_EDGE('',*,*,#2760,.T.);
#3645=ORIENTED_EDGE('',*,*,#2762,.T.);
#3646=ORIENTED_EDGE('',*,*,#2763,.F.);
#3647=ORIENTED_EDGE('',*,*,#2762,.F.);
#3648=ORIENTED_EDGE('',*,*,#2757,.T.);
#3649=ORIENTED_EDGE('',*,*,#2738,.F.);
#3650=ORIENTED_EDGE('',*,*,#2746,.T.);
#3651=ORIENTED_EDGE('',*,*,#2729,.T.);
#3652=ORIENTED_EDGE('',*,*,#2764,.T.);
#3653=ORIENTED_EDGE('',*,*,#2765,.T.);
#3654=ORIENTED_EDGE('',*,*,#2750,.T.);
#3655=ORIENTED_EDGE('',*,*,#2766,.T.);
#3656=ORIENTED_EDGE('',*,*,#2767,.F.);
#3657=ORIENTED_EDGE('',*,*,#2731,.T.);
#3658=ORIENTED_EDGE('',*,*,#2768,.T.);
#3659=ORIENTED_EDGE('',*,*,#2724,.F.);
#3660=ORIENTED_EDGE('',*,*,#2732,.F.);
#3661=ORIENTED_EDGE('',*,*,#2767,.T.);
#3662=ORIENTED_EDGE('',*,*,#2769,.F.);
#3663=ORIENTED_EDGE('',*,*,#2770,.T.);
#3664=ORIENTED_EDGE('',*,*,#2771,.F.);
#3665=ORIENTED_EDGE('',*,*,#2727,.T.);
#3666=ORIENTED_EDGE('',*,*,#2772,.T.);
#3667=ORIENTED_EDGE('',*,*,#2764,.F.);
#3668=ORIENTED_EDGE('',*,*,#2728,.T.);
#3669=ORIENTED_EDGE('',*,*,#2771,.T.);
#3670=ORIENTED_EDGE('',*,*,#2773,.F.);
#3671=ORIENTED_EDGE('',*,*,#2725,.F.);
#3672=ORIENTED_EDGE('',*,*,#2768,.F.);
#3673=ORIENTED_EDGE('',*,*,#2766,.F.);
#3674=ORIENTED_EDGE('',*,*,#2748,.T.);
#3675=ORIENTED_EDGE('',*,*,#2765,.F.);
#3676=ORIENTED_EDGE('',*,*,#2772,.F.);
#3677=ORIENTED_EDGE('',*,*,#2770,.F.);
#3678=ORIENTED_EDGE('',*,*,#2774,.F.);
#3679=ORIENTED_EDGE('',*,*,#2775,.T.);
#3680=ORIENTED_EDGE('',*,*,#2776,.T.);
#3681=ORIENTED_EDGE('',*,*,#2777,.T.);
#3682=ORIENTED_EDGE('',*,*,#2778,.F.);
#3683=ORIENTED_EDGE('',*,*,#2779,.F.);
#3684=ORIENTED_EDGE('',*,*,#2780,.F.);
#3685=ORIENTED_EDGE('',*,*,#2781,.F.);
#3686=ORIENTED_EDGE('',*,*,#2782,.T.);
#3687=ORIENTED_EDGE('',*,*,#2783,.F.);
#3688=ORIENTED_EDGE('',*,*,#2784,.T.);
#3689=ORIENTED_EDGE('',*,*,#2775,.F.);
#3690=ORIENTED_EDGE('',*,*,#2785,.F.);
#3691=ORIENTED_EDGE('',*,*,#2786,.F.);
#3692=ORIENTED_EDGE('',*,*,#2787,.T.);
#3693=ORIENTED_EDGE('',*,*,#2788,.F.);
#3694=ORIENTED_EDGE('',*,*,#2789,.F.);
#3695=ORIENTED_EDGE('',*,*,#2790,.T.);
#3696=ORIENTED_EDGE('',*,*,#2791,.T.);
#3697=ORIENTED_EDGE('',*,*,#2786,.T.);
#3698=ORIENTED_EDGE('',*,*,#2792,.F.);
#3699=ORIENTED_EDGE('',*,*,#2782,.F.);
#3700=ORIENTED_EDGE('',*,*,#2793,.F.);
#3701=ORIENTED_EDGE('',*,*,#2794,.F.);
#3702=ORIENTED_EDGE('',*,*,#2794,.T.);
#3703=ORIENTED_EDGE('',*,*,#2795,.T.);
#3704=ORIENTED_EDGE('',*,*,#2796,.T.);
#3705=ORIENTED_EDGE('',*,*,#2797,.T.);
#3706=ORIENTED_EDGE('',*,*,#2793,.T.);
#3707=ORIENTED_EDGE('',*,*,#2798,.F.);
#3708=ORIENTED_EDGE('',*,*,#2799,.F.);
#3709=ORIENTED_EDGE('',*,*,#2795,.F.);
#3710=ORIENTED_EDGE('',*,*,#2799,.T.);
#3711=ORIENTED_EDGE('',*,*,#2800,.F.);
#3712=ORIENTED_EDGE('',*,*,#2801,.F.);
#3713=ORIENTED_EDGE('',*,*,#2796,.F.);
#3714=ORIENTED_EDGE('',*,*,#2792,.T.);
#3715=ORIENTED_EDGE('',*,*,#2797,.F.);
#3716=ORIENTED_EDGE('',*,*,#2801,.T.);
#3717=ORIENTED_EDGE('',*,*,#2802,.F.);
#3718=ORIENTED_EDGE('',*,*,#2803,.F.);
#3719=ORIENTED_EDGE('',*,*,#2791,.F.);
#3720=ORIENTED_EDGE('',*,*,#2804,.F.);
#3721=ORIENTED_EDGE('',*,*,#2805,.F.);
#3722=ORIENTED_EDGE('',*,*,#2805,.T.);
#3723=ORIENTED_EDGE('',*,*,#2806,.T.);
#3724=ORIENTED_EDGE('',*,*,#2807,.T.);
#3725=ORIENTED_EDGE('',*,*,#2808,.T.);
#3726=ORIENTED_EDGE('',*,*,#2804,.T.);
#3727=ORIENTED_EDGE('',*,*,#2809,.F.);
#3728=ORIENTED_EDGE('',*,*,#2810,.T.);
#3729=ORIENTED_EDGE('',*,*,#2806,.F.);
#3730=ORIENTED_EDGE('',*,*,#2803,.T.);
#3731=ORIENTED_EDGE('',*,*,#2808,.F.);
#3732=ORIENTED_EDGE('',*,*,#2811,.F.);
#3733=ORIENTED_EDGE('',*,*,#2787,.F.);
#3734=ORIENTED_EDGE('',*,*,#2811,.T.);
#3735=ORIENTED_EDGE('',*,*,#2807,.F.);
#3736=ORIENTED_EDGE('',*,*,#2810,.F.);
#3737=ORIENTED_EDGE('',*,*,#2812,.F.);
#3738=ORIENTED_EDGE('',*,*,#2813,.F.);
#3739=ORIENTED_EDGE('',*,*,#2788,.T.);
#3740=ORIENTED_EDGE('',*,*,#2812,.T.);
#3741=ORIENTED_EDGE('',*,*,#2814,.T.);
#3742=ORIENTED_EDGE('',*,*,#2815,.F.);
#3743=ORIENTED_EDGE('',*,*,#2814,.F.);
#3744=ORIENTED_EDGE('',*,*,#2809,.T.);
#3745=ORIENTED_EDGE('',*,*,#2790,.F.);
#3746=ORIENTED_EDGE('',*,*,#2798,.T.);
#3747=ORIENTED_EDGE('',*,*,#2781,.T.);
#3748=ORIENTED_EDGE('',*,*,#2816,.T.);
#3749=ORIENTED_EDGE('',*,*,#2817,.T.);
#3750=ORIENTED_EDGE('',*,*,#2802,.T.);
#3751=ORIENTED_EDGE('',*,*,#2818,.T.);
#3752=ORIENTED_EDGE('',*,*,#2819,.F.);
#3753=ORIENTED_EDGE('',*,*,#2783,.T.);
#3754=ORIENTED_EDGE('',*,*,#2820,.T.);
#3755=ORIENTED_EDGE('',*,*,#2776,.F.);
#3756=ORIENTED_EDGE('',*,*,#2784,.F.);
#3757=ORIENTED_EDGE('',*,*,#2819,.T.);
#3758=ORIENTED_EDGE('',*,*,#2821,.F.);
#3759=ORIENTED_EDGE('',*,*,#2822,.T.);
#3760=ORIENTED_EDGE('',*,*,#2823,.F.);
#3761=ORIENTED_EDGE('',*,*,#2779,.T.);
#3762=ORIENTED_EDGE('',*,*,#2824,.T.);
#3763=ORIENTED_EDGE('',*,*,#2816,.F.);
#3764=ORIENTED_EDGE('',*,*,#2780,.T.);
#3765=ORIENTED_EDGE('',*,*,#2823,.T.);
#3766=ORIENTED_EDGE('',*,*,#2825,.F.);
#3767=ORIENTED_EDGE('',*,*,#2777,.F.);
#3768=ORIENTED_EDGE('',*,*,#2820,.F.);
#3769=ORIENTED_EDGE('',*,*,#2818,.F.);
#3770=ORIENTED_EDGE('',*,*,#2800,.T.);
#3771=ORIENTED_EDGE('',*,*,#2817,.F.);
#3772=ORIENTED_EDGE('',*,*,#2824,.F.);
#3773=ORIENTED_EDGE('',*,*,#2822,.F.);
#3774=ORIENTED_EDGE('',*,*,#2826,.F.);
#3775=ORIENTED_EDGE('',*,*,#2827,.T.);
#3776=ORIENTED_EDGE('',*,*,#2828,.T.);
#3777=ORIENTED_EDGE('',*,*,#2829,.T.);
#3778=ORIENTED_EDGE('',*,*,#2830,.F.);
#3779=ORIENTED_EDGE('',*,*,#2831,.F.);
#3780=ORIENTED_EDGE('',*,*,#2832,.F.);
#3781=ORIENTED_EDGE('',*,*,#2833,.F.);
#3782=ORIENTED_EDGE('',*,*,#2834,.T.);
#3783=ORIENTED_EDGE('',*,*,#2835,.F.);
#3784=ORIENTED_EDGE('',*,*,#2836,.T.);
#3785=ORIENTED_EDGE('',*,*,#2827,.F.);
#3786=ORIENTED_EDGE('',*,*,#2837,.F.);
#3787=ORIENTED_EDGE('',*,*,#2838,.F.);
#3788=ORIENTED_EDGE('',*,*,#2839,.T.);
#3789=ORIENTED_EDGE('',*,*,#2840,.F.);
#3790=ORIENTED_EDGE('',*,*,#2841,.F.);
#3791=ORIENTED_EDGE('',*,*,#2842,.T.);
#3792=ORIENTED_EDGE('',*,*,#2843,.T.);
#3793=ORIENTED_EDGE('',*,*,#2838,.T.);
#3794=ORIENTED_EDGE('',*,*,#2844,.F.);
#3795=ORIENTED_EDGE('',*,*,#2834,.F.);
#3796=ORIENTED_EDGE('',*,*,#2845,.F.);
#3797=ORIENTED_EDGE('',*,*,#2846,.F.);
#3798=ORIENTED_EDGE('',*,*,#2846,.T.);
#3799=ORIENTED_EDGE('',*,*,#2847,.T.);
#3800=ORIENTED_EDGE('',*,*,#2848,.T.);
#3801=ORIENTED_EDGE('',*,*,#2849,.T.);
#3802=ORIENTED_EDGE('',*,*,#2845,.T.);
#3803=ORIENTED_EDGE('',*,*,#2850,.F.);
#3804=ORIENTED_EDGE('',*,*,#2851,.F.);
#3805=ORIENTED_EDGE('',*,*,#2847,.F.);
#3806=ORIENTED_EDGE('',*,*,#2851,.T.);
#3807=ORIENTED_EDGE('',*,*,#2852,.F.);
#3808=ORIENTED_EDGE('',*,*,#2853,.F.);
#3809=ORIENTED_EDGE('',*,*,#2848,.F.);
#3810=ORIENTED_EDGE('',*,*,#2844,.T.);
#3811=ORIENTED_EDGE('',*,*,#2849,.F.);
#3812=ORIENTED_EDGE('',*,*,#2853,.T.);
#3813=ORIENTED_EDGE('',*,*,#2854,.F.);
#3814=ORIENTED_EDGE('',*,*,#2855,.F.);
#3815=ORIENTED_EDGE('',*,*,#2843,.F.);
#3816=ORIENTED_EDGE('',*,*,#2856,.F.);
#3817=ORIENTED_EDGE('',*,*,#2857,.F.);
#3818=ORIENTED_EDGE('',*,*,#2857,.T.);
#3819=ORIENTED_EDGE('',*,*,#2858,.T.);
#3820=ORIENTED_EDGE('',*,*,#2859,.T.);
#3821=ORIENTED_EDGE('',*,*,#2860,.T.);
#3822=ORIENTED_EDGE('',*,*,#2856,.T.);
#3823=ORIENTED_EDGE('',*,*,#2861,.F.);
#3824=ORIENTED_EDGE('',*,*,#2862,.T.);
#3825=ORIENTED_EDGE('',*,*,#2858,.F.);
#3826=ORIENTED_EDGE('',*,*,#2855,.T.);
#3827=ORIENTED_EDGE('',*,*,#2860,.F.);
#3828=ORIENTED_EDGE('',*,*,#2863,.F.);
#3829=ORIENTED_EDGE('',*,*,#2839,.F.);
#3830=ORIENTED_EDGE('',*,*,#2863,.T.);
#3831=ORIENTED_EDGE('',*,*,#2859,.F.);
#3832=ORIENTED_EDGE('',*,*,#2862,.F.);
#3833=ORIENTED_EDGE('',*,*,#2864,.F.);
#3834=ORIENTED_EDGE('',*,*,#2865,.F.);
#3835=ORIENTED_EDGE('',*,*,#2840,.T.);
#3836=ORIENTED_EDGE('',*,*,#2864,.T.);
#3837=ORIENTED_EDGE('',*,*,#2866,.T.);
#3838=ORIENTED_EDGE('',*,*,#2867,.F.);
#3839=ORIENTED_EDGE('',*,*,#2866,.F.);
#3840=ORIENTED_EDGE('',*,*,#2861,.T.);
#3841=ORIENTED_EDGE('',*,*,#2842,.F.);
#3842=ORIENTED_EDGE('',*,*,#2850,.T.);
#3843=ORIENTED_EDGE('',*,*,#2833,.T.);
#3844=ORIENTED_EDGE('',*,*,#2868,.T.);
#3845=ORIENTED_EDGE('',*,*,#2869,.T.);
#3846=ORIENTED_EDGE('',*,*,#2854,.T.);
#3847=ORIENTED_EDGE('',*,*,#2870,.T.);
#3848=ORIENTED_EDGE('',*,*,#2871,.F.);
#3849=ORIENTED_EDGE('',*,*,#2835,.T.);
#3850=ORIENTED_EDGE('',*,*,#2872,.T.);
#3851=ORIENTED_EDGE('',*,*,#2828,.F.);
#3852=ORIENTED_EDGE('',*,*,#2836,.F.);
#3853=ORIENTED_EDGE('',*,*,#2871,.T.);
#3854=ORIENTED_EDGE('',*,*,#2873,.F.);
#3855=ORIENTED_EDGE('',*,*,#2874,.T.);
#3856=ORIENTED_EDGE('',*,*,#2875,.F.);
#3857=ORIENTED_EDGE('',*,*,#2831,.T.);
#3858=ORIENTED_EDGE('',*,*,#2876,.T.);
#3859=ORIENTED_EDGE('',*,*,#2868,.F.);
#3860=ORIENTED_EDGE('',*,*,#2832,.T.);
#3861=ORIENTED_EDGE('',*,*,#2875,.T.);
#3862=ORIENTED_EDGE('',*,*,#2877,.F.);
#3863=ORIENTED_EDGE('',*,*,#2829,.F.);
#3864=ORIENTED_EDGE('',*,*,#2872,.F.);
#3865=ORIENTED_EDGE('',*,*,#2870,.F.);
#3866=ORIENTED_EDGE('',*,*,#2852,.T.);
#3867=ORIENTED_EDGE('',*,*,#2869,.F.);
#3868=ORIENTED_EDGE('',*,*,#2876,.F.);
#3869=ORIENTED_EDGE('',*,*,#2874,.F.);
#3870=ORIENTED_EDGE('',*,*,#2878,.F.);
#3871=ORIENTED_EDGE('',*,*,#2879,.T.);
#3872=ORIENTED_EDGE('',*,*,#2880,.T.);
#3873=ORIENTED_EDGE('',*,*,#2881,.T.);
#3874=ORIENTED_EDGE('',*,*,#2882,.F.);
#3875=ORIENTED_EDGE('',*,*,#2883,.F.);
#3876=ORIENTED_EDGE('',*,*,#2884,.F.);
#3877=ORIENTED_EDGE('',*,*,#2885,.F.);
#3878=ORIENTED_EDGE('',*,*,#2886,.T.);
#3879=ORIENTED_EDGE('',*,*,#2887,.F.);
#3880=ORIENTED_EDGE('',*,*,#2888,.T.);
#3881=ORIENTED_EDGE('',*,*,#2879,.F.);
#3882=ORIENTED_EDGE('',*,*,#2889,.F.);
#3883=ORIENTED_EDGE('',*,*,#2890,.F.);
#3884=ORIENTED_EDGE('',*,*,#2891,.T.);
#3885=ORIENTED_EDGE('',*,*,#2892,.F.);
#3886=ORIENTED_EDGE('',*,*,#2893,.F.);
#3887=ORIENTED_EDGE('',*,*,#2894,.T.);
#3888=ORIENTED_EDGE('',*,*,#2895,.T.);
#3889=ORIENTED_EDGE('',*,*,#2890,.T.);
#3890=ORIENTED_EDGE('',*,*,#2896,.F.);
#3891=ORIENTED_EDGE('',*,*,#2886,.F.);
#3892=ORIENTED_EDGE('',*,*,#2897,.F.);
#3893=ORIENTED_EDGE('',*,*,#2898,.F.);
#3894=ORIENTED_EDGE('',*,*,#2898,.T.);
#3895=ORIENTED_EDGE('',*,*,#2899,.T.);
#3896=ORIENTED_EDGE('',*,*,#2900,.T.);
#3897=ORIENTED_EDGE('',*,*,#2901,.T.);
#3898=ORIENTED_EDGE('',*,*,#2897,.T.);
#3899=ORIENTED_EDGE('',*,*,#2902,.F.);
#3900=ORIENTED_EDGE('',*,*,#2903,.F.);
#3901=ORIENTED_EDGE('',*,*,#2899,.F.);
#3902=ORIENTED_EDGE('',*,*,#2903,.T.);
#3903=ORIENTED_EDGE('',*,*,#2904,.F.);
#3904=ORIENTED_EDGE('',*,*,#2905,.F.);
#3905=ORIENTED_EDGE('',*,*,#2900,.F.);
#3906=ORIENTED_EDGE('',*,*,#2896,.T.);
#3907=ORIENTED_EDGE('',*,*,#2901,.F.);
#3908=ORIENTED_EDGE('',*,*,#2905,.T.);
#3909=ORIENTED_EDGE('',*,*,#2906,.F.);
#3910=ORIENTED_EDGE('',*,*,#2907,.F.);
#3911=ORIENTED_EDGE('',*,*,#2895,.F.);
#3912=ORIENTED_EDGE('',*,*,#2908,.F.);
#3913=ORIENTED_EDGE('',*,*,#2909,.F.);
#3914=ORIENTED_EDGE('',*,*,#2909,.T.);
#3915=ORIENTED_EDGE('',*,*,#2910,.T.);
#3916=ORIENTED_EDGE('',*,*,#2911,.T.);
#3917=ORIENTED_EDGE('',*,*,#2912,.T.);
#3918=ORIENTED_EDGE('',*,*,#2908,.T.);
#3919=ORIENTED_EDGE('',*,*,#2913,.F.);
#3920=ORIENTED_EDGE('',*,*,#2914,.T.);
#3921=ORIENTED_EDGE('',*,*,#2910,.F.);
#3922=ORIENTED_EDGE('',*,*,#2907,.T.);
#3923=ORIENTED_EDGE('',*,*,#2912,.F.);
#3924=ORIENTED_EDGE('',*,*,#2915,.F.);
#3925=ORIENTED_EDGE('',*,*,#2891,.F.);
#3926=ORIENTED_EDGE('',*,*,#2915,.T.);
#3927=ORIENTED_EDGE('',*,*,#2911,.F.);
#3928=ORIENTED_EDGE('',*,*,#2914,.F.);
#3929=ORIENTED_EDGE('',*,*,#2916,.F.);
#3930=ORIENTED_EDGE('',*,*,#2917,.F.);
#3931=ORIENTED_EDGE('',*,*,#2892,.T.);
#3932=ORIENTED_EDGE('',*,*,#2916,.T.);
#3933=ORIENTED_EDGE('',*,*,#2918,.T.);
#3934=ORIENTED_EDGE('',*,*,#2919,.F.);
#3935=ORIENTED_EDGE('',*,*,#2918,.F.);
#3936=ORIENTED_EDGE('',*,*,#2913,.T.);
#3937=ORIENTED_EDGE('',*,*,#2894,.F.);
#3938=ORIENTED_EDGE('',*,*,#2902,.T.);
#3939=ORIENTED_EDGE('',*,*,#2885,.T.);
#3940=ORIENTED_EDGE('',*,*,#2920,.T.);
#3941=ORIENTED_EDGE('',*,*,#2921,.T.);
#3942=ORIENTED_EDGE('',*,*,#2906,.T.);
#3943=ORIENTED_EDGE('',*,*,#2922,.T.);
#3944=ORIENTED_EDGE('',*,*,#2923,.F.);
#3945=ORIENTED_EDGE('',*,*,#2887,.T.);
#3946=ORIENTED_EDGE('',*,*,#2924,.T.);
#3947=ORIENTED_EDGE('',*,*,#2880,.F.);
#3948=ORIENTED_EDGE('',*,*,#2888,.F.);
#3949=ORIENTED_EDGE('',*,*,#2923,.T.);
#3950=ORIENTED_EDGE('',*,*,#2925,.F.);
#3951=ORIENTED_EDGE('',*,*,#2926,.T.);
#3952=ORIENTED_EDGE('',*,*,#2927,.F.);
#3953=ORIENTED_EDGE('',*,*,#2883,.T.);
#3954=ORIENTED_EDGE('',*,*,#2928,.T.);
#3955=ORIENTED_EDGE('',*,*,#2920,.F.);
#3956=ORIENTED_EDGE('',*,*,#2884,.T.);
#3957=ORIENTED_EDGE('',*,*,#2927,.T.);
#3958=ORIENTED_EDGE('',*,*,#2929,.F.);
#3959=ORIENTED_EDGE('',*,*,#2881,.F.);
#3960=ORIENTED_EDGE('',*,*,#2924,.F.);
#3961=ORIENTED_EDGE('',*,*,#2922,.F.);
#3962=ORIENTED_EDGE('',*,*,#2904,.T.);
#3963=ORIENTED_EDGE('',*,*,#2921,.F.);
#3964=ORIENTED_EDGE('',*,*,#2928,.F.);
#3965=ORIENTED_EDGE('',*,*,#2926,.F.);
#3966=ORIENTED_EDGE('',*,*,#2930,.F.);
#3967=ORIENTED_EDGE('',*,*,#2931,.T.);
#3968=ORIENTED_EDGE('',*,*,#2932,.T.);
#3969=ORIENTED_EDGE('',*,*,#2933,.T.);
#3970=ORIENTED_EDGE('',*,*,#2934,.F.);
#3971=ORIENTED_EDGE('',*,*,#2935,.F.);
#3972=ORIENTED_EDGE('',*,*,#2936,.F.);
#3973=ORIENTED_EDGE('',*,*,#2937,.F.);
#3974=ORIENTED_EDGE('',*,*,#2938,.T.);
#3975=ORIENTED_EDGE('',*,*,#2939,.F.);
#3976=ORIENTED_EDGE('',*,*,#2940,.T.);
#3977=ORIENTED_EDGE('',*,*,#2931,.F.);
#3978=ORIENTED_EDGE('',*,*,#2941,.F.);
#3979=ORIENTED_EDGE('',*,*,#2942,.F.);
#3980=ORIENTED_EDGE('',*,*,#2943,.T.);
#3981=ORIENTED_EDGE('',*,*,#2944,.F.);
#3982=ORIENTED_EDGE('',*,*,#2945,.F.);
#3983=ORIENTED_EDGE('',*,*,#2946,.T.);
#3984=ORIENTED_EDGE('',*,*,#2947,.T.);
#3985=ORIENTED_EDGE('',*,*,#2942,.T.);
#3986=ORIENTED_EDGE('',*,*,#2948,.F.);
#3987=ORIENTED_EDGE('',*,*,#2938,.F.);
#3988=ORIENTED_EDGE('',*,*,#2949,.F.);
#3989=ORIENTED_EDGE('',*,*,#2950,.F.);
#3990=ORIENTED_EDGE('',*,*,#2950,.T.);
#3991=ORIENTED_EDGE('',*,*,#2951,.T.);
#3992=ORIENTED_EDGE('',*,*,#2952,.T.);
#3993=ORIENTED_EDGE('',*,*,#2953,.T.);
#3994=ORIENTED_EDGE('',*,*,#2949,.T.);
#3995=ORIENTED_EDGE('',*,*,#2954,.F.);
#3996=ORIENTED_EDGE('',*,*,#2955,.F.);
#3997=ORIENTED_EDGE('',*,*,#2951,.F.);
#3998=ORIENTED_EDGE('',*,*,#2955,.T.);
#3999=ORIENTED_EDGE('',*,*,#2956,.F.);
#4000=ORIENTED_EDGE('',*,*,#2957,.F.);
#4001=ORIENTED_EDGE('',*,*,#2952,.F.);
#4002=ORIENTED_EDGE('',*,*,#2948,.T.);
#4003=ORIENTED_EDGE('',*,*,#2953,.F.);
#4004=ORIENTED_EDGE('',*,*,#2957,.T.);
#4005=ORIENTED_EDGE('',*,*,#2958,.F.);
#4006=ORIENTED_EDGE('',*,*,#2959,.F.);
#4007=ORIENTED_EDGE('',*,*,#2947,.F.);
#4008=ORIENTED_EDGE('',*,*,#2960,.F.);
#4009=ORIENTED_EDGE('',*,*,#2961,.F.);
#4010=ORIENTED_EDGE('',*,*,#2961,.T.);
#4011=ORIENTED_EDGE('',*,*,#2962,.T.);
#4012=ORIENTED_EDGE('',*,*,#2963,.T.);
#4013=ORIENTED_EDGE('',*,*,#2964,.T.);
#4014=ORIENTED_EDGE('',*,*,#2960,.T.);
#4015=ORIENTED_EDGE('',*,*,#2965,.F.);
#4016=ORIENTED_EDGE('',*,*,#2966,.T.);
#4017=ORIENTED_EDGE('',*,*,#2962,.F.);
#4018=ORIENTED_EDGE('',*,*,#2959,.T.);
#4019=ORIENTED_EDGE('',*,*,#2964,.F.);
#4020=ORIENTED_EDGE('',*,*,#2967,.F.);
#4021=ORIENTED_EDGE('',*,*,#2943,.F.);
#4022=ORIENTED_EDGE('',*,*,#2967,.T.);
#4023=ORIENTED_EDGE('',*,*,#2963,.F.);
#4024=ORIENTED_EDGE('',*,*,#2966,.F.);
#4025=ORIENTED_EDGE('',*,*,#2968,.F.);
#4026=ORIENTED_EDGE('',*,*,#2969,.F.);
#4027=ORIENTED_EDGE('',*,*,#2944,.T.);
#4028=ORIENTED_EDGE('',*,*,#2968,.T.);
#4029=ORIENTED_EDGE('',*,*,#2970,.T.);
#4030=ORIENTED_EDGE('',*,*,#2971,.F.);
#4031=ORIENTED_EDGE('',*,*,#2970,.F.);
#4032=ORIENTED_EDGE('',*,*,#2965,.T.);
#4033=ORIENTED_EDGE('',*,*,#2946,.F.);
#4034=ORIENTED_EDGE('',*,*,#2954,.T.);
#4035=ORIENTED_EDGE('',*,*,#2937,.T.);
#4036=ORIENTED_EDGE('',*,*,#2972,.T.);
#4037=ORIENTED_EDGE('',*,*,#2973,.T.);
#4038=ORIENTED_EDGE('',*,*,#2958,.T.);
#4039=ORIENTED_EDGE('',*,*,#2974,.T.);
#4040=ORIENTED_EDGE('',*,*,#2975,.F.);
#4041=ORIENTED_EDGE('',*,*,#2939,.T.);
#4042=ORIENTED_EDGE('',*,*,#2976,.T.);
#4043=ORIENTED_EDGE('',*,*,#2932,.F.);
#4044=ORIENTED_EDGE('',*,*,#2940,.F.);
#4045=ORIENTED_EDGE('',*,*,#2975,.T.);
#4046=ORIENTED_EDGE('',*,*,#2977,.F.);
#4047=ORIENTED_EDGE('',*,*,#2978,.T.);
#4048=ORIENTED_EDGE('',*,*,#2979,.F.);
#4049=ORIENTED_EDGE('',*,*,#2935,.T.);
#4050=ORIENTED_EDGE('',*,*,#2980,.T.);
#4051=ORIENTED_EDGE('',*,*,#2972,.F.);
#4052=ORIENTED_EDGE('',*,*,#2936,.T.);
#4053=ORIENTED_EDGE('',*,*,#2979,.T.);
#4054=ORIENTED_EDGE('',*,*,#2981,.F.);
#4055=ORIENTED_EDGE('',*,*,#2933,.F.);
#4056=ORIENTED_EDGE('',*,*,#2976,.F.);
#4057=ORIENTED_EDGE('',*,*,#2974,.F.);
#4058=ORIENTED_EDGE('',*,*,#2956,.T.);
#4059=ORIENTED_EDGE('',*,*,#2973,.F.);
#4060=ORIENTED_EDGE('',*,*,#2980,.F.);
#4061=ORIENTED_EDGE('',*,*,#2978,.F.);
#4062=ORIENTED_EDGE('',*,*,#2982,.F.);
#4063=ORIENTED_EDGE('',*,*,#2983,.T.);
#4064=ORIENTED_EDGE('',*,*,#2984,.T.);
#4065=ORIENTED_EDGE('',*,*,#2985,.T.);
#4066=ORIENTED_EDGE('',*,*,#2986,.F.);
#4067=ORIENTED_EDGE('',*,*,#2987,.T.);
#4068=ORIENTED_EDGE('',*,*,#2988,.F.);
#4069=ORIENTED_EDGE('',*,*,#2989,.T.);
#4070=ORIENTED_EDGE('',*,*,#2990,.F.);
#4071=ORIENTED_EDGE('',*,*,#2991,.T.);
#4072=ORIENTED_EDGE('',*,*,#2992,.F.);
#4073=ORIENTED_EDGE('',*,*,#2993,.T.);
#4074=ORIENTED_EDGE('',*,*,#2994,.F.);
#4075=ORIENTED_EDGE('',*,*,#2995,.T.);
#4076=ORIENTED_EDGE('',*,*,#2996,.F.);
#4077=ORIENTED_EDGE('',*,*,#2997,.T.);
#4078=ORIENTED_EDGE('',*,*,#2998,.F.);
#4079=ORIENTED_EDGE('',*,*,#2999,.F.);
#4080=ORIENTED_EDGE('',*,*,#3000,.F.);
#4081=ORIENTED_EDGE('',*,*,#2983,.F.);
#4082=ORIENTED_EDGE('',*,*,#3001,.F.);
#4083=ORIENTED_EDGE('',*,*,#3002,.F.);
#4084=ORIENTED_EDGE('',*,*,#3003,.F.);
#4085=ORIENTED_EDGE('',*,*,#2987,.F.);
#4086=ORIENTED_EDGE('',*,*,#3004,.F.);
#4087=ORIENTED_EDGE('',*,*,#3005,.F.);
#4088=ORIENTED_EDGE('',*,*,#3006,.F.);
#4089=ORIENTED_EDGE('',*,*,#2991,.F.);
#4090=ORIENTED_EDGE('',*,*,#3007,.F.);
#4091=ORIENTED_EDGE('',*,*,#3008,.F.);
#4092=ORIENTED_EDGE('',*,*,#3009,.F.);
#4093=ORIENTED_EDGE('',*,*,#2995,.F.);
#4094=ORIENTED_EDGE('',*,*,#3010,.F.);
#4095=ORIENTED_EDGE('',*,*,#2985,.F.);
#4096=ORIENTED_EDGE('',*,*,#3011,.T.);
#4097=ORIENTED_EDGE('',*,*,#3012,.F.);
#4098=ORIENTED_EDGE('',*,*,#3013,.F.);
#4099=ORIENTED_EDGE('',*,*,#2989,.F.);
#4100=ORIENTED_EDGE('',*,*,#3014,.F.);
#4101=ORIENTED_EDGE('',*,*,#3015,.F.);
#4102=ORIENTED_EDGE('',*,*,#3016,.F.);
#4103=ORIENTED_EDGE('',*,*,#2993,.F.);
#4104=ORIENTED_EDGE('',*,*,#3017,.F.);
#4105=ORIENTED_EDGE('',*,*,#3018,.F.);
#4106=ORIENTED_EDGE('',*,*,#3019,.F.);
#4107=ORIENTED_EDGE('',*,*,#2997,.F.);
#4108=ORIENTED_EDGE('',*,*,#3020,.F.);
#4109=ORIENTED_EDGE('',*,*,#3021,.F.);
#4110=ORIENTED_EDGE('',*,*,#3022,.F.);
#4111=ORIENTED_EDGE('',*,*,#3023,.F.);
#4112=ORIENTED_EDGE('',*,*,#3024,.F.);
#4113=ORIENTED_EDGE('',*,*,#3025,.F.);
#4114=ORIENTED_EDGE('',*,*,#3026,.F.);
#4115=ORIENTED_EDGE('',*,*,#3012,.T.);
#4116=ORIENTED_EDGE('',*,*,#3027,.T.);
#4117=ORIENTED_EDGE('',*,*,#2999,.T.);
#4118=ORIENTED_EDGE('',*,*,#3028,.F.);
#4119=ORIENTED_EDGE('',*,*,#3015,.T.);
#4120=ORIENTED_EDGE('',*,*,#3029,.F.);
#4121=ORIENTED_EDGE('',*,*,#3002,.T.);
#4122=ORIENTED_EDGE('',*,*,#3030,.F.);
#4123=ORIENTED_EDGE('',*,*,#3018,.T.);
#4124=ORIENTED_EDGE('',*,*,#3031,.F.);
#4125=ORIENTED_EDGE('',*,*,#3005,.T.);
#4126=ORIENTED_EDGE('',*,*,#3032,.F.);
#4127=ORIENTED_EDGE('',*,*,#3021,.T.);
#4128=ORIENTED_EDGE('',*,*,#3033,.F.);
#4129=ORIENTED_EDGE('',*,*,#3008,.T.);
#4130=ORIENTED_EDGE('',*,*,#3034,.F.);
#4131=ORIENTED_EDGE('',*,*,#3035,.T.);
#4132=ORIENTED_EDGE('',*,*,#3036,.T.);
#4133=ORIENTED_EDGE('',*,*,#3023,.T.);
#4134=ORIENTED_EDGE('',*,*,#3037,.F.);
#4135=ORIENTED_EDGE('',*,*,#3025,.T.);
#4136=ORIENTED_EDGE('',*,*,#3038,.T.);
#4137=ORIENTED_EDGE('',*,*,#3039,.T.);
#4138=ORIENTED_EDGE('',*,*,#3000,.T.);
#4139=ORIENTED_EDGE('',*,*,#3027,.F.);
#4140=ORIENTED_EDGE('',*,*,#3011,.F.);
#4141=ORIENTED_EDGE('',*,*,#2984,.F.);
#4142=ORIENTED_EDGE('',*,*,#3040,.F.);
#4143=ORIENTED_EDGE('',*,*,#3039,.F.);
#4144=ORIENTED_EDGE('',*,*,#3041,.T.);
#4145=ORIENTED_EDGE('',*,*,#3035,.F.);
#4146=ORIENTED_EDGE('',*,*,#3024,.T.);
#4147=ORIENTED_EDGE('',*,*,#3036,.F.);
#4148=ORIENTED_EDGE('',*,*,#3041,.F.);
#4149=ORIENTED_EDGE('',*,*,#3038,.F.);
#4150=ORIENTED_EDGE('',*,*,#3042,.T.);
#4151=ORIENTED_EDGE('',*,*,#3043,.T.);
#4152=ORIENTED_EDGE('',*,*,#3044,.T.);
#4153=ORIENTED_EDGE('',*,*,#3045,.T.);
#4154=ORIENTED_EDGE('',*,*,#3046,.F.);
#4155=ORIENTED_EDGE('',*,*,#3047,.F.);
#4156=ORIENTED_EDGE('',*,*,#3048,.F.);
#4157=ORIENTED_EDGE('',*,*,#3049,.T.);
#4158=ORIENTED_EDGE('',*,*,#3050,.F.);
#4159=ORIENTED_EDGE('',*,*,#3051,.F.);
#4160=ORIENTED_EDGE('',*,*,#3052,.F.);
#4161=ORIENTED_EDGE('',*,*,#3053,.F.);
#4162=ORIENTED_EDGE('',*,*,#3034,.T.);
#4163=ORIENTED_EDGE('',*,*,#3022,.T.);
#4164=ORIENTED_EDGE('',*,*,#3037,.T.);
#4165=ORIENTED_EDGE('',*,*,#3040,.T.);
#4166=ORIENTED_EDGE('',*,*,#3054,.T.);
#4167=ORIENTED_EDGE('',*,*,#3055,.F.);
#4168=ORIENTED_EDGE('',*,*,#3056,.F.);
#4169=ORIENTED_EDGE('',*,*,#3057,.T.);
#4170=ORIENTED_EDGE('',*,*,#3058,.F.);
#4171=ORIENTED_EDGE('',*,*,#3059,.F.);
#4172=ORIENTED_EDGE('',*,*,#3060,.T.);
#4173=ORIENTED_EDGE('',*,*,#3061,.T.);
#4174=ORIENTED_EDGE('',*,*,#3062,.F.);
#4175=ORIENTED_EDGE('',*,*,#3063,.F.);
#4176=ORIENTED_EDGE('',*,*,#3064,.F.);
#4177=ORIENTED_EDGE('',*,*,#3065,.F.);
#4178=ORIENTED_EDGE('',*,*,#3032,.T.);
#4179=ORIENTED_EDGE('',*,*,#3007,.T.);
#4180=ORIENTED_EDGE('',*,*,#2994,.T.);
#4181=ORIENTED_EDGE('',*,*,#3019,.T.);
#4182=ORIENTED_EDGE('',*,*,#3066,.F.);
#4183=ORIENTED_EDGE('',*,*,#3067,.F.);
#4184=ORIENTED_EDGE('',*,*,#3068,.F.);
#4185=ORIENTED_EDGE('',*,*,#3069,.T.);
#4186=ORIENTED_EDGE('',*,*,#3070,.F.);
#4187=ORIENTED_EDGE('',*,*,#3071,.T.);
#4188=ORIENTED_EDGE('',*,*,#3072,.F.);
#4189=ORIENTED_EDGE('',*,*,#3073,.F.);
#4190=ORIENTED_EDGE('',*,*,#3074,.F.);
#4191=ORIENTED_EDGE('',*,*,#3075,.F.);
#4192=ORIENTED_EDGE('',*,*,#3076,.F.);
#4193=ORIENTED_EDGE('',*,*,#3077,.F.);
#4194=ORIENTED_EDGE('',*,*,#3078,.F.);
#4195=ORIENTED_EDGE('',*,*,#3079,.F.);
#4196=ORIENTED_EDGE('',*,*,#3080,.F.);
#4197=ORIENTED_EDGE('',*,*,#3081,.F.);
#4198=ORIENTED_EDGE('',*,*,#3079,.T.);
#4199=ORIENTED_EDGE('',*,*,#3082,.F.);
#4200=ORIENTED_EDGE('',*,*,#3055,.T.);
#4201=ORIENTED_EDGE('',*,*,#3083,.T.);
#4202=ORIENTED_EDGE('',*,*,#3073,.T.);
#4203=ORIENTED_EDGE('',*,*,#3084,.T.);
#4204=ORIENTED_EDGE('',*,*,#3049,.F.);
#4205=ORIENTED_EDGE('',*,*,#3085,.F.);
#4206=ORIENTED_EDGE('',*,*,#3066,.T.);
#4207=ORIENTED_EDGE('',*,*,#3086,.T.);
#4208=ORIENTED_EDGE('',*,*,#3074,.T.);
#4209=ORIENTED_EDGE('',*,*,#3087,.T.);
#4210=ORIENTED_EDGE('',*,*,#3058,.T.);
#4211=ORIENTED_EDGE('',*,*,#3088,.T.);
#4212=ORIENTED_EDGE('',*,*,#3046,.T.);
#4213=ORIENTED_EDGE('',*,*,#3089,.T.);
#4214=ORIENTED_EDGE('',*,*,#3080,.T.);
#4215=ORIENTED_EDGE('',*,*,#3083,.F.);
#4216=ORIENTED_EDGE('',*,*,#3054,.F.);
#4217=ORIENTED_EDGE('',*,*,#3090,.F.);
#4218=ORIENTED_EDGE('',*,*,#3072,.T.);
#4219=ORIENTED_EDGE('',*,*,#3091,.F.);
#4220=ORIENTED_EDGE('',*,*,#3042,.F.);
#4221=ORIENTED_EDGE('',*,*,#3084,.F.);
#4222=ORIENTED_EDGE('',*,*,#3091,.T.);
#4223=ORIENTED_EDGE('',*,*,#3071,.F.);
#4224=ORIENTED_EDGE('',*,*,#3092,.F.);
#4225=ORIENTED_EDGE('',*,*,#3081,.T.);
#4226=ORIENTED_EDGE('',*,*,#3090,.T.);
#4227=ORIENTED_EDGE('',*,*,#3061,.F.);
#4228=ORIENTED_EDGE('',*,*,#3093,.T.);
#4229=ORIENTED_EDGE('',*,*,#3075,.T.);
#4230=ORIENTED_EDGE('',*,*,#3086,.F.);
#4231=ORIENTED_EDGE('',*,*,#3069,.F.);
#4232=ORIENTED_EDGE('',*,*,#3094,.T.);
#4233=ORIENTED_EDGE('',*,*,#3043,.F.);
#4234=ORIENTED_EDGE('',*,*,#2570,.T.);
#4235=ORIENTED_EDGE('',*,*,#2566,.T.);
#4236=ORIENTED_EDGE('',*,*,#2617,.T.);
#4237=ORIENTED_EDGE('',*,*,#2613,.T.);
#4238=ORIENTED_EDGE('',*,*,#2778,.T.);
#4239=ORIENTED_EDGE('',*,*,#2774,.T.);
#4240=ORIENTED_EDGE('',*,*,#2825,.T.);
#4241=ORIENTED_EDGE('',*,*,#2821,.T.);
#4242=ORIENTED_EDGE('',*,*,#3077,.T.);
#4243=ORIENTED_EDGE('',*,*,#3095,.T.);
#4244=ORIENTED_EDGE('',*,*,#3059,.T.);
#4245=ORIENTED_EDGE('',*,*,#3087,.F.);
#4246=ORIENTED_EDGE('',*,*,#3076,.T.);
#4247=ORIENTED_EDGE('',*,*,#3093,.F.);
#4248=ORIENTED_EDGE('',*,*,#3060,.F.);
#4249=ORIENTED_EDGE('',*,*,#3095,.F.);
#4250=ORIENTED_EDGE('',*,*,#3068,.T.);
#4251=ORIENTED_EDGE('',*,*,#3096,.F.);
#4252=ORIENTED_EDGE('',*,*,#3044,.F.);
#4253=ORIENTED_EDGE('',*,*,#3094,.F.);
#4254=ORIENTED_EDGE('',*,*,#3067,.T.);
#4255=ORIENTED_EDGE('',*,*,#3089,.F.);
#4256=ORIENTED_EDGE('',*,*,#3045,.F.);
#4257=ORIENTED_EDGE('',*,*,#3096,.T.);
#4258=ORIENTED_EDGE('',*,*,#3070,.T.);
#4259=ORIENTED_EDGE('',*,*,#3085,.T.);
#4260=ORIENTED_EDGE('',*,*,#3048,.T.);
#4261=ORIENTED_EDGE('',*,*,#3097,.T.);
#4262=ORIENTED_EDGE('',*,*,#3056,.T.);
#4263=ORIENTED_EDGE('',*,*,#3082,.T.);
#4264=ORIENTED_EDGE('',*,*,#3078,.T.);
#4265=ORIENTED_EDGE('',*,*,#3092,.T.);
#4266=ORIENTED_EDGE('',*,*,#3047,.T.);
#4267=ORIENTED_EDGE('',*,*,#3088,.F.);
#4268=ORIENTED_EDGE('',*,*,#3057,.F.);
#4269=ORIENTED_EDGE('',*,*,#3097,.F.);
#4270=ORIENTED_EDGE('',*,*,#2581,.T.);
#4271=ORIENTED_EDGE('',*,*,#2577,.T.);
#4272=ORIENTED_EDGE('',*,*,#2605,.T.);
#4273=ORIENTED_EDGE('',*,*,#2607,.T.);
#4274=ORIENTED_EDGE('',*,*,#2789,.T.);
#4275=ORIENTED_EDGE('',*,*,#2785,.T.);
#4276=ORIENTED_EDGE('',*,*,#2813,.T.);
#4277=ORIENTED_EDGE('',*,*,#2815,.T.);
#4278=ORIENTED_EDGE('',*,*,#3064,.T.);
#4279=ORIENTED_EDGE('',*,*,#3098,.T.);
#4280=ORIENTED_EDGE('',*,*,#3099,.T.);
#4281=ORIENTED_EDGE('',*,*,#3100,.T.);
#4282=ORIENTED_EDGE('',*,*,#3052,.T.);
#4283=ORIENTED_EDGE('',*,*,#3101,.T.);
#4284=ORIENTED_EDGE('',*,*,#3102,.T.);
#4285=ORIENTED_EDGE('',*,*,#3103,.T.);
#4286=ORIENTED_EDGE('',*,*,#3065,.T.);
#4287=ORIENTED_EDGE('',*,*,#3100,.F.);
#4288=ORIENTED_EDGE('',*,*,#3104,.T.);
#4289=ORIENTED_EDGE('',*,*,#3105,.F.);
#4290=ORIENTED_EDGE('',*,*,#3051,.T.);
#4291=ORIENTED_EDGE('',*,*,#3106,.F.);
#4292=ORIENTED_EDGE('',*,*,#3107,.F.);
#4293=ORIENTED_EDGE('',*,*,#3101,.F.);
#4294=ORIENTED_EDGE('',*,*,#3063,.T.);
#4295=ORIENTED_EDGE('',*,*,#3108,.F.);
#4296=ORIENTED_EDGE('',*,*,#3109,.T.);
#4297=ORIENTED_EDGE('',*,*,#3098,.F.);
#4298=ORIENTED_EDGE('',*,*,#3062,.T.);
#4299=ORIENTED_EDGE('',*,*,#3105,.T.);
#4300=ORIENTED_EDGE('',*,*,#3110,.T.);
#4301=ORIENTED_EDGE('',*,*,#3108,.T.);
#4302=ORIENTED_EDGE('',*,*,#3111,.T.);
#4303=ORIENTED_EDGE('',*,*,#3112,.T.);
#4304=ORIENTED_EDGE('',*,*,#3113,.T.);
#4305=ORIENTED_EDGE('',*,*,#3114,.T.);
#4306=ORIENTED_EDGE('',*,*,#3115,.F.);
#4307=ORIENTED_EDGE('',*,*,#3116,.F.);
#4308=ORIENTED_EDGE('',*,*,#3117,.F.);
#4309=ORIENTED_EDGE('',*,*,#3118,.T.);
#4310=ORIENTED_EDGE('',*,*,#3109,.F.);
#4311=ORIENTED_EDGE('',*,*,#3110,.F.);
#4312=ORIENTED_EDGE('',*,*,#3104,.F.);
#4313=ORIENTED_EDGE('',*,*,#3099,.F.);
#4314=ORIENTED_EDGE('',*,*,#3033,.T.);
#4315=ORIENTED_EDGE('',*,*,#3020,.T.);
#4316=ORIENTED_EDGE('',*,*,#2996,.T.);
#4317=ORIENTED_EDGE('',*,*,#3009,.T.);
#4318=ORIENTED_EDGE('',*,*,#3119,.T.);
#4319=ORIENTED_EDGE('',*,*,#3120,.F.);
#4320=ORIENTED_EDGE('',*,*,#3121,.F.);
#4321=ORIENTED_EDGE('',*,*,#3122,.T.);
#4322=ORIENTED_EDGE('',*,*,#3123,.F.);
#4323=ORIENTED_EDGE('',*,*,#3124,.F.);
#4324=ORIENTED_EDGE('',*,*,#3125,.T.);
#4325=ORIENTED_EDGE('',*,*,#3126,.T.);
#4326=ORIENTED_EDGE('',*,*,#3127,.F.);
#4327=ORIENTED_EDGE('',*,*,#3128,.F.);
#4328=ORIENTED_EDGE('',*,*,#3129,.F.);
#4329=ORIENTED_EDGE('',*,*,#3130,.F.);
#4330=ORIENTED_EDGE('',*,*,#3030,.T.);
#4331=ORIENTED_EDGE('',*,*,#3004,.T.);
#4332=ORIENTED_EDGE('',*,*,#2990,.T.);
#4333=ORIENTED_EDGE('',*,*,#3016,.T.);
#4334=ORIENTED_EDGE('',*,*,#3131,.F.);
#4335=ORIENTED_EDGE('',*,*,#3132,.F.);
#4336=ORIENTED_EDGE('',*,*,#3133,.F.);
#4337=ORIENTED_EDGE('',*,*,#3134,.T.);
#4338=ORIENTED_EDGE('',*,*,#3135,.F.);
#4339=ORIENTED_EDGE('',*,*,#3136,.T.);
#4340=ORIENTED_EDGE('',*,*,#3137,.F.);
#4341=ORIENTED_EDGE('',*,*,#3138,.F.);
#4342=ORIENTED_EDGE('',*,*,#3139,.F.);
#4343=ORIENTED_EDGE('',*,*,#3140,.F.);
#4344=ORIENTED_EDGE('',*,*,#3141,.F.);
#4345=ORIENTED_EDGE('',*,*,#3142,.F.);
#4346=ORIENTED_EDGE('',*,*,#3143,.F.);
#4347=ORIENTED_EDGE('',*,*,#3144,.F.);
#4348=ORIENTED_EDGE('',*,*,#3145,.F.);
#4349=ORIENTED_EDGE('',*,*,#3146,.F.);
#4350=ORIENTED_EDGE('',*,*,#3144,.T.);
#4351=ORIENTED_EDGE('',*,*,#3147,.F.);
#4352=ORIENTED_EDGE('',*,*,#3120,.T.);
#4353=ORIENTED_EDGE('',*,*,#3148,.T.);
#4354=ORIENTED_EDGE('',*,*,#3138,.T.);
#4355=ORIENTED_EDGE('',*,*,#3149,.T.);
#4356=ORIENTED_EDGE('',*,*,#3118,.F.);
#4357=ORIENTED_EDGE('',*,*,#3150,.F.);
#4358=ORIENTED_EDGE('',*,*,#3131,.T.);
#4359=ORIENTED_EDGE('',*,*,#3151,.T.);
#4360=ORIENTED_EDGE('',*,*,#3139,.T.);
#4361=ORIENTED_EDGE('',*,*,#3152,.T.);
#4362=ORIENTED_EDGE('',*,*,#3123,.T.);
#4363=ORIENTED_EDGE('',*,*,#3153,.T.);
#4364=ORIENTED_EDGE('',*,*,#3115,.T.);
#4365=ORIENTED_EDGE('',*,*,#3154,.T.);
#4366=ORIENTED_EDGE('',*,*,#3145,.T.);
#4367=ORIENTED_EDGE('',*,*,#3148,.F.);
#4368=ORIENTED_EDGE('',*,*,#3119,.F.);
#4369=ORIENTED_EDGE('',*,*,#3155,.F.);
#4370=ORIENTED_EDGE('',*,*,#3137,.T.);
#4371=ORIENTED_EDGE('',*,*,#3156,.F.);
#4372=ORIENTED_EDGE('',*,*,#3111,.F.);
#4373=ORIENTED_EDGE('',*,*,#3149,.F.);
#4374=ORIENTED_EDGE('',*,*,#3156,.T.);
#4375=ORIENTED_EDGE('',*,*,#3136,.F.);
#4376=ORIENTED_EDGE('',*,*,#3157,.F.);
#4377=ORIENTED_EDGE('',*,*,#3146,.T.);
#4378=ORIENTED_EDGE('',*,*,#3155,.T.);
#4379=ORIENTED_EDGE('',*,*,#3126,.F.);
#4380=ORIENTED_EDGE('',*,*,#3158,.T.);
#4381=ORIENTED_EDGE('',*,*,#3140,.T.);
#4382=ORIENTED_EDGE('',*,*,#3151,.F.);
#4383=ORIENTED_EDGE('',*,*,#3134,.F.);
#4384=ORIENTED_EDGE('',*,*,#3159,.T.);
#4385=ORIENTED_EDGE('',*,*,#3112,.F.);
#4386=ORIENTED_EDGE('',*,*,#2622,.T.);
#4387=ORIENTED_EDGE('',*,*,#2618,.T.);
#4388=ORIENTED_EDGE('',*,*,#2669,.T.);
#4389=ORIENTED_EDGE('',*,*,#2665,.T.);
#4390=ORIENTED_EDGE('',*,*,#2830,.T.);
#4391=ORIENTED_EDGE('',*,*,#2826,.T.);
#4392=ORIENTED_EDGE('',*,*,#2877,.T.);
#4393=ORIENTED_EDGE('',*,*,#2873,.T.);
#4394=ORIENTED_EDGE('',*,*,#3142,.T.);
#4395=ORIENTED_EDGE('',*,*,#3160,.T.);
#4396=ORIENTED_EDGE('',*,*,#3124,.T.);
#4397=ORIENTED_EDGE('',*,*,#3152,.F.);
#4398=ORIENTED_EDGE('',*,*,#3141,.T.);
#4399=ORIENTED_EDGE('',*,*,#3158,.F.);
#4400=ORIENTED_EDGE('',*,*,#3125,.F.);
#4401=ORIENTED_EDGE('',*,*,#3160,.F.);
#4402=ORIENTED_EDGE('',*,*,#3133,.T.);
#4403=ORIENTED_EDGE('',*,*,#3161,.F.);
#4404=ORIENTED_EDGE('',*,*,#3113,.F.);
#4405=ORIENTED_EDGE('',*,*,#3159,.F.);
#4406=ORIENTED_EDGE('',*,*,#3132,.T.);
#4407=ORIENTED_EDGE('',*,*,#3154,.F.);
#4408=ORIENTED_EDGE('',*,*,#3114,.F.);
#4409=ORIENTED_EDGE('',*,*,#3161,.T.);
#4410=ORIENTED_EDGE('',*,*,#3135,.T.);
#4411=ORIENTED_EDGE('',*,*,#3150,.T.);
#4412=ORIENTED_EDGE('',*,*,#3117,.T.);
#4413=ORIENTED_EDGE('',*,*,#3162,.T.);
#4414=ORIENTED_EDGE('',*,*,#3121,.T.);
#4415=ORIENTED_EDGE('',*,*,#3147,.T.);
#4416=ORIENTED_EDGE('',*,*,#3143,.T.);
#4417=ORIENTED_EDGE('',*,*,#3157,.T.);
#4418=ORIENTED_EDGE('',*,*,#3116,.T.);
#4419=ORIENTED_EDGE('',*,*,#3153,.F.);
#4420=ORIENTED_EDGE('',*,*,#3122,.F.);
#4421=ORIENTED_EDGE('',*,*,#3162,.F.);
#4422=ORIENTED_EDGE('',*,*,#2633,.T.);
#4423=ORIENTED_EDGE('',*,*,#2629,.T.);
#4424=ORIENTED_EDGE('',*,*,#2657,.T.);
#4425=ORIENTED_EDGE('',*,*,#2659,.T.);
#4426=ORIENTED_EDGE('',*,*,#2841,.T.);
#4427=ORIENTED_EDGE('',*,*,#2837,.T.);
#4428=ORIENTED_EDGE('',*,*,#2865,.T.);
#4429=ORIENTED_EDGE('',*,*,#2867,.T.);
#4430=ORIENTED_EDGE('',*,*,#3130,.T.);
#4431=ORIENTED_EDGE('',*,*,#3163,.T.);
#4432=ORIENTED_EDGE('',*,*,#3164,.T.);
#4433=ORIENTED_EDGE('',*,*,#3165,.T.);
#4434=ORIENTED_EDGE('',*,*,#3050,.T.);
#4435=ORIENTED_EDGE('',*,*,#3166,.T.);
#4436=ORIENTED_EDGE('',*,*,#3167,.T.);
#4437=ORIENTED_EDGE('',*,*,#3106,.T.);
#4438=ORIENTED_EDGE('',*,*,#3129,.T.);
#4439=ORIENTED_EDGE('',*,*,#3168,.F.);
#4440=ORIENTED_EDGE('',*,*,#3169,.T.);
#4441=ORIENTED_EDGE('',*,*,#3163,.F.);
#4442=ORIENTED_EDGE('',*,*,#3128,.T.);
#4443=ORIENTED_EDGE('',*,*,#3170,.T.);
#4444=ORIENTED_EDGE('',*,*,#3171,.T.);
#4445=ORIENTED_EDGE('',*,*,#3168,.T.);
#4446=ORIENTED_EDGE('',*,*,#3127,.T.);
#4447=ORIENTED_EDGE('',*,*,#3165,.F.);
#4448=ORIENTED_EDGE('',*,*,#3172,.T.);
#4449=ORIENTED_EDGE('',*,*,#3170,.F.);
#4450=ORIENTED_EDGE('',*,*,#3173,.T.);
#4451=ORIENTED_EDGE('',*,*,#3174,.T.);
#4452=ORIENTED_EDGE('',*,*,#3175,.T.);
#4453=ORIENTED_EDGE('',*,*,#3176,.T.);
#4454=ORIENTED_EDGE('',*,*,#3177,.F.);
#4455=ORIENTED_EDGE('',*,*,#3178,.F.);
#4456=ORIENTED_EDGE('',*,*,#3179,.F.);
#4457=ORIENTED_EDGE('',*,*,#3180,.T.);
#4458=ORIENTED_EDGE('',*,*,#3169,.F.);
#4459=ORIENTED_EDGE('',*,*,#3171,.F.);
#4460=ORIENTED_EDGE('',*,*,#3172,.F.);
#4461=ORIENTED_EDGE('',*,*,#3164,.F.);
#4462=ORIENTED_EDGE('',*,*,#3031,.T.);
#4463=ORIENTED_EDGE('',*,*,#3017,.T.);
#4464=ORIENTED_EDGE('',*,*,#2992,.T.);
#4465=ORIENTED_EDGE('',*,*,#3006,.T.);
#4466=ORIENTED_EDGE('',*,*,#3181,.T.);
#4467=ORIENTED_EDGE('',*,*,#3182,.F.);
#4468=ORIENTED_EDGE('',*,*,#3183,.F.);
#4469=ORIENTED_EDGE('',*,*,#3184,.T.);
#4470=ORIENTED_EDGE('',*,*,#3185,.F.);
#4471=ORIENTED_EDGE('',*,*,#3186,.F.);
#4472=ORIENTED_EDGE('',*,*,#3187,.T.);
#4473=ORIENTED_EDGE('',*,*,#3188,.T.);
#4474=ORIENTED_EDGE('',*,*,#3189,.F.);
#4475=ORIENTED_EDGE('',*,*,#3190,.F.);
#4476=ORIENTED_EDGE('',*,*,#3191,.F.);
#4477=ORIENTED_EDGE('',*,*,#3192,.F.);
#4478=ORIENTED_EDGE('',*,*,#3028,.T.);
#4479=ORIENTED_EDGE('',*,*,#3001,.T.);
#4480=ORIENTED_EDGE('',*,*,#2986,.T.);
#4481=ORIENTED_EDGE('',*,*,#3013,.T.);
#4482=ORIENTED_EDGE('',*,*,#3193,.F.);
#4483=ORIENTED_EDGE('',*,*,#3194,.F.);
#4484=ORIENTED_EDGE('',*,*,#3195,.F.);
#4485=ORIENTED_EDGE('',*,*,#3196,.T.);
#4486=ORIENTED_EDGE('',*,*,#3197,.F.);
#4487=ORIENTED_EDGE('',*,*,#3198,.T.);
#4488=ORIENTED_EDGE('',*,*,#3199,.F.);
#4489=ORIENTED_EDGE('',*,*,#3200,.F.);
#4490=ORIENTED_EDGE('',*,*,#3201,.F.);
#4491=ORIENTED_EDGE('',*,*,#3202,.F.);
#4492=ORIENTED_EDGE('',*,*,#3203,.F.);
#4493=ORIENTED_EDGE('',*,*,#3204,.F.);
#4494=ORIENTED_EDGE('',*,*,#3205,.F.);
#4495=ORIENTED_EDGE('',*,*,#3206,.F.);
#4496=ORIENTED_EDGE('',*,*,#3207,.F.);
#4497=ORIENTED_EDGE('',*,*,#3208,.F.);
#4498=ORIENTED_EDGE('',*,*,#3206,.T.);
#4499=ORIENTED_EDGE('',*,*,#3209,.F.);
#4500=ORIENTED_EDGE('',*,*,#3182,.T.);
#4501=ORIENTED_EDGE('',*,*,#3210,.T.);
#4502=ORIENTED_EDGE('',*,*,#3200,.T.);
#4503=ORIENTED_EDGE('',*,*,#3211,.T.);
#4504=ORIENTED_EDGE('',*,*,#3180,.F.);
#4505=ORIENTED_EDGE('',*,*,#3212,.F.);
#4506=ORIENTED_EDGE('',*,*,#3193,.T.);
#4507=ORIENTED_EDGE('',*,*,#3213,.T.);
#4508=ORIENTED_EDGE('',*,*,#3201,.T.);
#4509=ORIENTED_EDGE('',*,*,#3214,.T.);
#4510=ORIENTED_EDGE('',*,*,#3185,.T.);
#4511=ORIENTED_EDGE('',*,*,#3215,.T.);
#4512=ORIENTED_EDGE('',*,*,#3177,.T.);
#4513=ORIENTED_EDGE('',*,*,#3216,.T.);
#4514=ORIENTED_EDGE('',*,*,#3207,.T.);
#4515=ORIENTED_EDGE('',*,*,#3210,.F.);
#4516=ORIENTED_EDGE('',*,*,#3181,.F.);
#4517=ORIENTED_EDGE('',*,*,#3217,.F.);
#4518=ORIENTED_EDGE('',*,*,#3199,.T.);
#4519=ORIENTED_EDGE('',*,*,#3218,.F.);
#4520=ORIENTED_EDGE('',*,*,#3173,.F.);
#4521=ORIENTED_EDGE('',*,*,#3211,.F.);
#4522=ORIENTED_EDGE('',*,*,#3218,.T.);
#4523=ORIENTED_EDGE('',*,*,#3198,.F.);
#4524=ORIENTED_EDGE('',*,*,#3219,.F.);
#4525=ORIENTED_EDGE('',*,*,#3208,.T.);
#4526=ORIENTED_EDGE('',*,*,#3217,.T.);
#4527=ORIENTED_EDGE('',*,*,#3188,.F.);
#4528=ORIENTED_EDGE('',*,*,#3220,.T.);
#4529=ORIENTED_EDGE('',*,*,#3202,.T.);
#4530=ORIENTED_EDGE('',*,*,#3213,.F.);
#4531=ORIENTED_EDGE('',*,*,#3196,.F.);
#4532=ORIENTED_EDGE('',*,*,#3221,.T.);
#4533=ORIENTED_EDGE('',*,*,#3174,.F.);
#4534=ORIENTED_EDGE('',*,*,#2674,.T.);
#4535=ORIENTED_EDGE('',*,*,#2670,.T.);
#4536=ORIENTED_EDGE('',*,*,#2721,.T.);
#4537=ORIENTED_EDGE('',*,*,#2717,.T.);
#4538=ORIENTED_EDGE('',*,*,#2882,.T.);
#4539=ORIENTED_EDGE('',*,*,#2878,.T.);
#4540=ORIENTED_EDGE('',*,*,#2929,.T.);
#4541=ORIENTED_EDGE('',*,*,#2925,.T.);
#4542=ORIENTED_EDGE('',*,*,#3204,.T.);
#4543=ORIENTED_EDGE('',*,*,#3222,.T.);
#4544=ORIENTED_EDGE('',*,*,#3186,.T.);
#4545=ORIENTED_EDGE('',*,*,#3214,.F.);
#4546=ORIENTED_EDGE('',*,*,#3203,.T.);
#4547=ORIENTED_EDGE('',*,*,#3220,.F.);
#4548=ORIENTED_EDGE('',*,*,#3187,.F.);
#4549=ORIENTED_EDGE('',*,*,#3222,.F.);
#4550=ORIENTED_EDGE('',*,*,#3195,.T.);
#4551=ORIENTED_EDGE('',*,*,#3223,.F.);
#4552=ORIENTED_EDGE('',*,*,#3175,.F.);
#4553=ORIENTED_EDGE('',*,*,#3221,.F.);
#4554=ORIENTED_EDGE('',*,*,#3194,.T.);
#4555=ORIENTED_EDGE('',*,*,#3216,.F.);
#4556=ORIENTED_EDGE('',*,*,#3176,.F.);
#4557=ORIENTED_EDGE('',*,*,#3223,.T.);
#4558=ORIENTED_EDGE('',*,*,#3197,.T.);
#4559=ORIENTED_EDGE('',*,*,#3212,.T.);
#4560=ORIENTED_EDGE('',*,*,#3179,.T.);
#4561=ORIENTED_EDGE('',*,*,#3224,.T.);
#4562=ORIENTED_EDGE('',*,*,#3183,.T.);
#4563=ORIENTED_EDGE('',*,*,#3209,.T.);
#4564=ORIENTED_EDGE('',*,*,#3205,.T.);
#4565=ORIENTED_EDGE('',*,*,#3219,.T.);
#4566=ORIENTED_EDGE('',*,*,#3178,.T.);
#4567=ORIENTED_EDGE('',*,*,#3215,.F.);
#4568=ORIENTED_EDGE('',*,*,#3184,.F.);
#4569=ORIENTED_EDGE('',*,*,#3224,.F.);
#4570=ORIENTED_EDGE('',*,*,#2685,.T.);
#4571=ORIENTED_EDGE('',*,*,#2681,.T.);
#4572=ORIENTED_EDGE('',*,*,#2709,.T.);
#4573=ORIENTED_EDGE('',*,*,#2711,.T.);
#4574=ORIENTED_EDGE('',*,*,#2893,.T.);
#4575=ORIENTED_EDGE('',*,*,#2889,.T.);
#4576=ORIENTED_EDGE('',*,*,#2917,.T.);
#4577=ORIENTED_EDGE('',*,*,#2919,.T.);
#4578=ORIENTED_EDGE('',*,*,#3191,.T.);
#4579=ORIENTED_EDGE('',*,*,#3225,.F.);
#4580=ORIENTED_EDGE('',*,*,#3226,.T.);
#4581=ORIENTED_EDGE('',*,*,#3227,.F.);
#4582=ORIENTED_EDGE('',*,*,#3053,.T.);
#4583=ORIENTED_EDGE('',*,*,#3103,.F.);
#4584=ORIENTED_EDGE('',*,*,#3228,.T.);
#4585=ORIENTED_EDGE('',*,*,#3166,.F.);
#4586=ORIENTED_EDGE('',*,*,#3192,.T.);
#4587=ORIENTED_EDGE('',*,*,#3227,.T.);
#4588=ORIENTED_EDGE('',*,*,#3229,.T.);
#4589=ORIENTED_EDGE('',*,*,#3230,.T.);
#4590=ORIENTED_EDGE('',*,*,#3190,.T.);
#4591=ORIENTED_EDGE('',*,*,#3231,.T.);
#4592=ORIENTED_EDGE('',*,*,#3232,.T.);
#4593=ORIENTED_EDGE('',*,*,#3225,.T.);
#4594=ORIENTED_EDGE('',*,*,#3189,.T.);
#4595=ORIENTED_EDGE('',*,*,#3230,.F.);
#4596=ORIENTED_EDGE('',*,*,#3233,.T.);
#4597=ORIENTED_EDGE('',*,*,#3231,.F.);
#4598=ORIENTED_EDGE('',*,*,#3234,.T.);
#4599=ORIENTED_EDGE('',*,*,#3235,.T.);
#4600=ORIENTED_EDGE('',*,*,#3236,.T.);
#4601=ORIENTED_EDGE('',*,*,#3237,.T.);
#4602=ORIENTED_EDGE('',*,*,#3238,.F.);
#4603=ORIENTED_EDGE('',*,*,#3239,.F.);
#4604=ORIENTED_EDGE('',*,*,#3240,.F.);
#4605=ORIENTED_EDGE('',*,*,#3241,.T.);
#4606=ORIENTED_EDGE('',*,*,#3232,.F.);
#4607=ORIENTED_EDGE('',*,*,#3233,.F.);
#4608=ORIENTED_EDGE('',*,*,#3229,.F.);
#4609=ORIENTED_EDGE('',*,*,#3226,.F.);
#4610=ORIENTED_EDGE('',*,*,#3029,.T.);
#4611=ORIENTED_EDGE('',*,*,#3014,.T.);
#4612=ORIENTED_EDGE('',*,*,#2988,.T.);
#4613=ORIENTED_EDGE('',*,*,#3003,.T.);
#4614=ORIENTED_EDGE('',*,*,#3242,.T.);
#4615=ORIENTED_EDGE('',*,*,#3243,.F.);
#4616=ORIENTED_EDGE('',*,*,#3244,.F.);
#4617=ORIENTED_EDGE('',*,*,#3245,.T.);
#4618=ORIENTED_EDGE('',*,*,#3246,.F.);
#4619=ORIENTED_EDGE('',*,*,#3247,.F.);
#4620=ORIENTED_EDGE('',*,*,#3248,.T.);
#4621=ORIENTED_EDGE('',*,*,#3249,.T.);
#4622=ORIENTED_EDGE('',*,*,#3250,.F.);
#4623=ORIENTED_EDGE('',*,*,#3251,.F.);
#4624=ORIENTED_EDGE('',*,*,#3252,.F.);
#4625=ORIENTED_EDGE('',*,*,#3253,.F.);
#4626=ORIENTED_EDGE('',*,*,#3026,.T.);
#4627=ORIENTED_EDGE('',*,*,#2998,.T.);
#4628=ORIENTED_EDGE('',*,*,#2982,.T.);
#4629=ORIENTED_EDGE('',*,*,#3010,.T.);
#4630=ORIENTED_EDGE('',*,*,#3254,.F.);
#4631=ORIENTED_EDGE('',*,*,#3255,.F.);
#4632=ORIENTED_EDGE('',*,*,#3256,.F.);
#4633=ORIENTED_EDGE('',*,*,#3257,.T.);
#4634=ORIENTED_EDGE('',*,*,#3258,.F.);
#4635=ORIENTED_EDGE('',*,*,#3259,.T.);
#4636=ORIENTED_EDGE('',*,*,#3260,.F.);
#4637=ORIENTED_EDGE('',*,*,#3261,.F.);
#4638=ORIENTED_EDGE('',*,*,#3262,.F.);
#4639=ORIENTED_EDGE('',*,*,#3263,.F.);
#4640=ORIENTED_EDGE('',*,*,#3264,.F.);
#4641=ORIENTED_EDGE('',*,*,#3265,.F.);
#4642=ORIENTED_EDGE('',*,*,#3266,.F.);
#4643=ORIENTED_EDGE('',*,*,#3267,.F.);
#4644=ORIENTED_EDGE('',*,*,#3268,.F.);
#4645=ORIENTED_EDGE('',*,*,#3269,.F.);
#4646=ORIENTED_EDGE('',*,*,#3267,.T.);
#4647=ORIENTED_EDGE('',*,*,#3270,.F.);
#4648=ORIENTED_EDGE('',*,*,#3243,.T.);
#4649=ORIENTED_EDGE('',*,*,#3271,.T.);
#4650=ORIENTED_EDGE('',*,*,#3261,.T.);
#4651=ORIENTED_EDGE('',*,*,#3272,.T.);
#4652=ORIENTED_EDGE('',*,*,#3241,.F.);
#4653=ORIENTED_EDGE('',*,*,#3273,.F.);
#4654=ORIENTED_EDGE('',*,*,#3254,.T.);
#4655=ORIENTED_EDGE('',*,*,#3274,.T.);
#4656=ORIENTED_EDGE('',*,*,#3262,.T.);
#4657=ORIENTED_EDGE('',*,*,#3275,.T.);
#4658=ORIENTED_EDGE('',*,*,#3246,.T.);
#4659=ORIENTED_EDGE('',*,*,#3276,.T.);
#4660=ORIENTED_EDGE('',*,*,#3238,.T.);
#4661=ORIENTED_EDGE('',*,*,#3277,.T.);
#4662=ORIENTED_EDGE('',*,*,#3268,.T.);
#4663=ORIENTED_EDGE('',*,*,#3271,.F.);
#4664=ORIENTED_EDGE('',*,*,#3242,.F.);
#4665=ORIENTED_EDGE('',*,*,#3278,.F.);
#4666=ORIENTED_EDGE('',*,*,#3260,.T.);
#4667=ORIENTED_EDGE('',*,*,#3279,.F.);
#4668=ORIENTED_EDGE('',*,*,#3234,.F.);
#4669=ORIENTED_EDGE('',*,*,#3272,.F.);
#4670=ORIENTED_EDGE('',*,*,#3279,.T.);
#4671=ORIENTED_EDGE('',*,*,#3259,.F.);
#4672=ORIENTED_EDGE('',*,*,#3280,.F.);
#4673=ORIENTED_EDGE('',*,*,#3269,.T.);
#4674=ORIENTED_EDGE('',*,*,#3278,.T.);
#4675=ORIENTED_EDGE('',*,*,#3249,.F.);
#4676=ORIENTED_EDGE('',*,*,#3281,.T.);
#4677=ORIENTED_EDGE('',*,*,#3263,.T.);
#4678=ORIENTED_EDGE('',*,*,#3274,.F.);
#4679=ORIENTED_EDGE('',*,*,#3257,.F.);
#4680=ORIENTED_EDGE('',*,*,#3282,.T.);
#4681=ORIENTED_EDGE('',*,*,#3235,.F.);
#4682=ORIENTED_EDGE('',*,*,#2726,.T.);
#4683=ORIENTED_EDGE('',*,*,#2722,.T.);
#4684=ORIENTED_EDGE('',*,*,#2773,.T.);
#4685=ORIENTED_EDGE('',*,*,#2769,.T.);
#4686=ORIENTED_EDGE('',*,*,#2934,.T.);
#4687=ORIENTED_EDGE('',*,*,#2930,.T.);
#4688=ORIENTED_EDGE('',*,*,#2981,.T.);
#4689=ORIENTED_EDGE('',*,*,#2977,.T.);
#4690=ORIENTED_EDGE('',*,*,#3265,.T.);
#4691=ORIENTED_EDGE('',*,*,#3283,.T.);
#4692=ORIENTED_EDGE('',*,*,#3247,.T.);
#4693=ORIENTED_EDGE('',*,*,#3275,.F.);
#4694=ORIENTED_EDGE('',*,*,#3264,.T.);
#4695=ORIENTED_EDGE('',*,*,#3281,.F.);
#4696=ORIENTED_EDGE('',*,*,#3248,.F.);
#4697=ORIENTED_EDGE('',*,*,#3283,.F.);
#4698=ORIENTED_EDGE('',*,*,#3256,.T.);
#4699=ORIENTED_EDGE('',*,*,#3284,.F.);
#4700=ORIENTED_EDGE('',*,*,#3236,.F.);
#4701=ORIENTED_EDGE('',*,*,#3282,.F.);
#4702=ORIENTED_EDGE('',*,*,#3255,.T.);
#4703=ORIENTED_EDGE('',*,*,#3277,.F.);
#4704=ORIENTED_EDGE('',*,*,#3237,.F.);
#4705=ORIENTED_EDGE('',*,*,#3284,.T.);
#4706=ORIENTED_EDGE('',*,*,#3258,.T.);
#4707=ORIENTED_EDGE('',*,*,#3273,.T.);
#4708=ORIENTED_EDGE('',*,*,#3240,.T.);
#4709=ORIENTED_EDGE('',*,*,#3285,.T.);
#4710=ORIENTED_EDGE('',*,*,#3244,.T.);
#4711=ORIENTED_EDGE('',*,*,#3270,.T.);
#4712=ORIENTED_EDGE('',*,*,#3266,.T.);
#4713=ORIENTED_EDGE('',*,*,#3280,.T.);
#4714=ORIENTED_EDGE('',*,*,#3239,.T.);
#4715=ORIENTED_EDGE('',*,*,#3276,.F.);
#4716=ORIENTED_EDGE('',*,*,#3245,.F.);
#4717=ORIENTED_EDGE('',*,*,#3285,.F.);
#4718=ORIENTED_EDGE('',*,*,#2737,.T.);
#4719=ORIENTED_EDGE('',*,*,#2733,.T.);
#4720=ORIENTED_EDGE('',*,*,#2761,.T.);
#4721=ORIENTED_EDGE('',*,*,#2763,.T.);
#4722=ORIENTED_EDGE('',*,*,#2945,.T.);
#4723=ORIENTED_EDGE('',*,*,#2941,.T.);
#4724=ORIENTED_EDGE('',*,*,#2969,.T.);
#4725=ORIENTED_EDGE('',*,*,#2971,.T.);
#4726=ORIENTED_EDGE('',*,*,#3253,.T.);
#4727=ORIENTED_EDGE('',*,*,#3286,.F.);
#4728=ORIENTED_EDGE('',*,*,#3287,.T.);
#4729=ORIENTED_EDGE('',*,*,#3288,.F.);
#4730=ORIENTED_EDGE('',*,*,#3252,.T.);
#4731=ORIENTED_EDGE('',*,*,#3289,.T.);
#4732=ORIENTED_EDGE('',*,*,#3290,.T.);
#4733=ORIENTED_EDGE('',*,*,#3286,.T.);
#4734=ORIENTED_EDGE('',*,*,#3251,.T.);
#4735=ORIENTED_EDGE('',*,*,#3291,.F.);
#4736=ORIENTED_EDGE('',*,*,#3292,.F.);
#4737=ORIENTED_EDGE('',*,*,#3289,.F.);
#4738=ORIENTED_EDGE('',*,*,#3250,.T.);
#4739=ORIENTED_EDGE('',*,*,#3288,.T.);
#4740=ORIENTED_EDGE('',*,*,#3293,.T.);
#4741=ORIENTED_EDGE('',*,*,#3291,.T.);
#4742=ORIENTED_EDGE('',*,*,#3292,.T.);
#4743=ORIENTED_EDGE('',*,*,#3293,.F.);
#4744=ORIENTED_EDGE('',*,*,#3287,.F.);
#4745=ORIENTED_EDGE('',*,*,#3290,.F.);
#4746=ORIENTED_EDGE('',*,*,#3107,.T.);
#4747=ORIENTED_EDGE('',*,*,#3167,.F.);
#4748=ORIENTED_EDGE('',*,*,#3228,.F.);
#4749=ORIENTED_EDGE('',*,*,#3102,.F.);
#4750=PLANE('',#5625);
#4751=PLANE('',#5626);
#4752=PLANE('',#5629);
#4753=PLANE('',#5630);
#4754=PLANE('',#5631);
#4755=PLANE('',#5632);
#4756=PLANE('',#5633);
#4757=PLANE('',#5634);
#4758=PLANE('',#5635);
#4759=PLANE('',#5636);
#4760=PLANE('',#5637);
#4761=PLANE('',#5638);
#4762=PLANE('',#5639);
#4763=PLANE('',#5640);
#4764=PLANE('',#5641);
#4765=PLANE('',#5642);
#4766=PLANE('',#5643);
#4767=PLANE('',#5644);
#4768=PLANE('',#5647);
#4769=PLANE('',#5650);
#4770=PLANE('',#5651);
#4771=PLANE('',#5652);
#4772=PLANE('',#5655);
#4773=PLANE('',#5656);
#4774=PLANE('',#5657);
#4775=PLANE('',#5658);
#4776=PLANE('',#5659);
#4777=PLANE('',#5660);
#4778=PLANE('',#5661);
#4779=PLANE('',#5662);
#4780=PLANE('',#5663);
#4781=PLANE('',#5664);
#4782=PLANE('',#5665);
#4783=PLANE('',#5666);
#4784=PLANE('',#5667);
#4785=PLANE('',#5668);
#4786=PLANE('',#5669);
#4787=PLANE('',#5670);
#4788=PLANE('',#5673);
#4789=PLANE('',#5676);
#4790=PLANE('',#5677);
#4791=PLANE('',#5678);
#4792=PLANE('',#5681);
#4793=PLANE('',#5682);
#4794=PLANE('',#5683);
#4795=PLANE('',#5684);
#4796=PLANE('',#5685);
#4797=PLANE('',#5686);
#4798=PLANE('',#5687);
#4799=PLANE('',#5688);
#4800=PLANE('',#5689);
#4801=PLANE('',#5690);
#4802=PLANE('',#5691);
#4803=PLANE('',#5692);
#4804=PLANE('',#5693);
#4805=PLANE('',#5694);
#4806=PLANE('',#5695);
#4807=PLANE('',#5696);
#4808=PLANE('',#5699);
#4809=PLANE('',#5702);
#4810=PLANE('',#5703);
#4811=PLANE('',#5704);
#4812=PLANE('',#5707);
#4813=PLANE('',#5708);
#4814=PLANE('',#5709);
#4815=PLANE('',#5710);
#4816=PLANE('',#5711);
#4817=PLANE('',#5712);
#4818=PLANE('',#5713);
#4819=PLANE('',#5714);
#4820=PLANE('',#5715);
#4821=PLANE('',#5716);
#4822=PLANE('',#5717);
#4823=PLANE('',#5718);
#4824=PLANE('',#5719);
#4825=PLANE('',#5720);
#4826=PLANE('',#5721);
#4827=PLANE('',#5722);
#4828=PLANE('',#5725);
#4829=PLANE('',#5728);
#4830=PLANE('',#5729);
#4831=PLANE('',#5730);
#4832=PLANE('',#5733);
#4833=PLANE('',#5734);
#4834=PLANE('',#5735);
#4835=PLANE('',#5736);
#4836=PLANE('',#5737);
#4837=PLANE('',#5738);
#4838=PLANE('',#5739);
#4839=PLANE('',#5740);
#4840=PLANE('',#5741);
#4841=PLANE('',#5742);
#4842=PLANE('',#5743);
#4843=PLANE('',#5744);
#4844=PLANE('',#5745);
#4845=PLANE('',#5746);
#4846=PLANE('',#5747);
#4847=PLANE('',#5748);
#4848=PLANE('',#5751);
#4849=PLANE('',#5754);
#4850=PLANE('',#5755);
#4851=PLANE('',#5756);
#4852=PLANE('',#5759);
#4853=PLANE('',#5760);
#4854=PLANE('',#5761);
#4855=PLANE('',#5762);
#4856=PLANE('',#5763);
#4857=PLANE('',#5764);
#4858=PLANE('',#5765);
#4859=PLANE('',#5766);
#4860=PLANE('',#5767);
#4861=PLANE('',#5768);
#4862=PLANE('',#5769);
#4863=PLANE('',#5770);
#4864=PLANE('',#5771);
#4865=PLANE('',#5772);
#4866=PLANE('',#5773);
#4867=PLANE('',#5774);
#4868=PLANE('',#5777);
#4869=PLANE('',#5780);
#4870=PLANE('',#5781);
#4871=PLANE('',#5782);
#4872=PLANE('',#5785);
#4873=PLANE('',#5786);
#4874=PLANE('',#5787);
#4875=PLANE('',#5788);
#4876=PLANE('',#5789);
#4877=PLANE('',#5790);
#4878=PLANE('',#5791);
#4879=PLANE('',#5792);
#4880=PLANE('',#5793);
#4881=PLANE('',#5794);
#4882=PLANE('',#5795);
#4883=PLANE('',#5796);
#4884=PLANE('',#5797);
#4885=PLANE('',#5798);
#4886=PLANE('',#5799);
#4887=PLANE('',#5800);
#4888=PLANE('',#5803);
#4889=PLANE('',#5806);
#4890=PLANE('',#5807);
#4891=PLANE('',#5808);
#4892=PLANE('',#5811);
#4893=PLANE('',#5812);
#4894=PLANE('',#5813);
#4895=PLANE('',#5814);
#4896=PLANE('',#5815);
#4897=PLANE('',#5816);
#4898=PLANE('',#5817);
#4899=PLANE('',#5818);
#4900=PLANE('',#5819);
#4901=PLANE('',#5820);
#4902=PLANE('',#5821);
#4903=PLANE('',#5822);
#4904=PLANE('',#5823);
#4905=PLANE('',#5824);
#4906=PLANE('',#5825);
#4907=PLANE('',#5826);
#4908=PLANE('',#5829);
#4909=PLANE('',#5832);
#4910=PLANE('',#5833);
#4911=PLANE('',#5834);
#4912=PLANE('',#5835);
#4913=PLANE('',#5836);
#4914=PLANE('',#5837);
#4915=PLANE('',#5838);
#4916=PLANE('',#5839);
#4917=PLANE('',#5840);
#4918=PLANE('',#5841);
#4919=PLANE('',#5842);
#4920=PLANE('',#5843);
#4921=PLANE('',#5844);
#4922=PLANE('',#5845);
#4923=PLANE('',#5846);
#4924=PLANE('',#5847);
#4925=PLANE('',#5848);
#4926=PLANE('',#5849);
#4927=PLANE('',#5850);
#4928=PLANE('',#5851);
#4929=PLANE('',#5852);
#4930=PLANE('',#5853);
#4931=PLANE('',#5854);
#4932=PLANE('',#5855);
#4933=PLANE('',#5856);
#4934=PLANE('',#5857);
#4935=PLANE('',#5858);
#4936=PLANE('',#5859);
#4937=PLANE('',#5860);
#4938=PLANE('',#5861);
#4939=PLANE('',#5862);
#4940=PLANE('',#5863);
#4941=PLANE('',#5864);
#4942=PLANE('',#5865);
#4943=PLANE('',#5866);
#4944=PLANE('',#5867);
#4945=PLANE('',#5868);
#4946=PLANE('',#5869);
#4947=PLANE('',#5870);
#4948=PLANE('',#5871);
#4949=PLANE('',#5872);
#4950=PLANE('',#5873);
#4951=PLANE('',#5874);
#4952=PLANE('',#5875);
#4953=PLANE('',#5876);
#4954=PLANE('',#5877);
#4955=PLANE('',#5878);
#4956=PLANE('',#5879);
#4957=PLANE('',#5880);
#4958=PLANE('',#5881);
#4959=PLANE('',#5882);
#4960=PLANE('',#5883);
#4961=PLANE('',#5884);
#4962=PLANE('',#5885);
#4963=PLANE('',#5886);
#4964=PLANE('',#5887);
#4965=PLANE('',#5888);
#4966=PLANE('',#5889);
#4967=PLANE('',#5890);
#4968=PLANE('',#5891);
#4969=PLANE('',#5892);
#4970=PLANE('',#5893);
#4971=PLANE('',#5894);
#4972=PLANE('',#5895);
#4973=PLANE('',#5896);
#4974=PLANE('',#5897);
#4975=PLANE('',#5898);
#4976=PLANE('',#5899);
#4977=PLANE('',#5900);
#4978=PLANE('',#5901);
#4979=PLANE('',#5902);
#4980=PLANE('',#5903);
#4981=PLANE('',#5904);
#4982=PLANE('',#5905);
#4983=PLANE('',#5906);
#4984=PLANE('',#5907);
#4985=PLANE('',#5908);
#4986=PLANE('',#5909);
#4987=PLANE('',#5910);
#4988=PLANE('',#5911);
#4989=PLANE('',#5912);
#4990=PLANE('',#5913);
#4991=PLANE('',#5914);
#4992=PLANE('',#5915);
#4993=PLANE('',#5916);
#4994=PLANE('',#5917);
#4995=PLANE('',#5918);
#4996=PLANE('',#5919);
#4997=PLANE('',#5920);
#4998=PLANE('',#5921);
#4999=PLANE('',#5922);
#5000=PLANE('',#5923);
#5001=PLANE('',#5924);
#5002=PLANE('',#5925);
#5003=PLANE('',#5926);
#5004=PLANE('',#5927);
#5005=PLANE('',#5928);
#5006=PLANE('',#5929);
#5007=PLANE('',#5930);
#5008=PLANE('',#5931);
#5009=PLANE('',#5932);
#5010=PLANE('',#5933);
#5011=PLANE('',#5934);
#5012=PLANE('',#5935);
#5013=PLANE('',#5936);
#5014=PLANE('',#5937);
#5015=PLANE('',#5938);
#5016=PLANE('',#5939);
#5017=PLANE('',#5940);
#5018=PLANE('',#5941);
#5019=PLANE('',#5942);
#5020=PLANE('',#5943);
#5021=PLANE('',#5944);
#5022=PLANE('',#5945);
#5023=PLANE('',#5946);
#5024=PLANE('',#5947);
#5025=PLANE('',#5948);
#5026=STYLED_ITEM('',(#8800),#5319);
#5027=STYLED_ITEM('',(#8800),#5320);
#5028=STYLED_ITEM('',(#8801),#5321);
#5029=STYLED_ITEM('',(#8801),#5322);
#5030=STYLED_ITEM('',(#8800),#5323);
#5031=STYLED_ITEM('',(#8800),#5324);
#5032=STYLED_ITEM('',(#8800),#5325);
#5033=STYLED_ITEM('',(#8800),#5326);
#5034=STYLED_ITEM('',(#8800),#5327);
#5035=STYLED_ITEM('',(#8801),#5328);
#5036=STYLED_ITEM('',(#8801),#5329);
#5037=STYLED_ITEM('',(#8801),#5330);
#5038=STYLED_ITEM('',(#8801),#5331);
#5039=STYLED_ITEM('',(#8801),#5332);
#5040=STYLED_ITEM('',(#8801),#5333);
#5041=STYLED_ITEM('',(#8801),#5334);
#5042=STYLED_ITEM('',(#8800),#5335);
#5043=STYLED_ITEM('',(#8800),#5336);
#5044=STYLED_ITEM('',(#8800),#5337);
#5045=STYLED_ITEM('',(#8800),#5338);
#5046=STYLED_ITEM('',(#8800),#5339);
#5047=STYLED_ITEM('',(#8800),#5340);
#5048=STYLED_ITEM('',(#8800),#5341);
#5049=STYLED_ITEM('',(#8800),#5342);
#5050=STYLED_ITEM('',(#8801),#5343);
#5051=STYLED_ITEM('',(#8801),#5344);
#5052=STYLED_ITEM('',(#8800),#5345);
#5053=STYLED_ITEM('',(#8800),#5346);
#5054=STYLED_ITEM('',(#8800),#5347);
#5055=STYLED_ITEM('',(#8800),#5348);
#5056=STYLED_ITEM('',(#8800),#5349);
#5057=STYLED_ITEM('',(#8801),#5350);
#5058=STYLED_ITEM('',(#8801),#5351);
#5059=STYLED_ITEM('',(#8801),#5352);
#5060=STYLED_ITEM('',(#8801),#5353);
#5061=STYLED_ITEM('',(#8801),#5354);
#5062=STYLED_ITEM('',(#8801),#5355);
#5063=STYLED_ITEM('',(#8801),#5356);
#5064=STYLED_ITEM('',(#8800),#5357);
#5065=STYLED_ITEM('',(#8800),#5358);
#5066=STYLED_ITEM('',(#8800),#5359);
#5067=STYLED_ITEM('',(#8800),#5360);
#5068=STYLED_ITEM('',(#8800),#5361);
#5069=STYLED_ITEM('',(#8800),#5362);
#5070=STYLED_ITEM('',(#8800),#5363);
#5071=STYLED_ITEM('',(#8800),#5364);
#5072=STYLED_ITEM('',(#8801),#5365);
#5073=STYLED_ITEM('',(#8801),#5366);
#5074=STYLED_ITEM('',(#8800),#5367);
#5075=STYLED_ITEM('',(#8800),#5368);
#5076=STYLED_ITEM('',(#8800),#5369);
#5077=STYLED_ITEM('',(#8800),#5370);
#5078=STYLED_ITEM('',(#8800),#5371);
#5079=STYLED_ITEM('',(#8801),#5372);
#5080=STYLED_ITEM('',(#8801),#5373);
#5081=STYLED_ITEM('',(#8801),#5374);
#5082=STYLED_ITEM('',(#8801),#5375);
#5083=STYLED_ITEM('',(#8801),#5376);
#5084=STYLED_ITEM('',(#8801),#5377);
#5085=STYLED_ITEM('',(#8801),#5378);
#5086=STYLED_ITEM('',(#8800),#5379);
#5087=STYLED_ITEM('',(#8800),#5380);
#5088=STYLED_ITEM('',(#8800),#5381);
#5089=STYLED_ITEM('',(#8800),#5382);
#5090=STYLED_ITEM('',(#8800),#5383);
#5091=STYLED_ITEM('',(#8800),#5384);
#5092=STYLED_ITEM('',(#8800),#5385);
#5093=STYLED_ITEM('',(#8800),#5386);
#5094=STYLED_ITEM('',(#8801),#5387);
#5095=STYLED_ITEM('',(#8801),#5388);
#5096=STYLED_ITEM('',(#8800),#5389);
#5097=STYLED_ITEM('',(#8800),#5390);
#5098=STYLED_ITEM('',(#8800),#5391);
#5099=STYLED_ITEM('',(#8800),#5392);
#5100=STYLED_ITEM('',(#8800),#5393);
#5101=STYLED_ITEM('',(#8801),#5394);
#5102=STYLED_ITEM('',(#8801),#5395);
#5103=STYLED_ITEM('',(#8801),#5396);
#5104=STYLED_ITEM('',(#8801),#5397);
#5105=STYLED_ITEM('',(#8801),#5398);
#5106=STYLED_ITEM('',(#8801),#5399);
#5107=STYLED_ITEM('',(#8801),#5400);
#5108=STYLED_ITEM('',(#8800),#5401);
#5109=STYLED_ITEM('',(#8800),#5402);
#5110=STYLED_ITEM('',(#8800),#5403);
#5111=STYLED_ITEM('',(#8800),#5404);
#5112=STYLED_ITEM('',(#8800),#5405);
#5113=STYLED_ITEM('',(#8800),#5406);
#5114=STYLED_ITEM('',(#8800),#5407);
#5115=STYLED_ITEM('',(#8800),#5408);
#5116=STYLED_ITEM('',(#8801),#5409);
#5117=STYLED_ITEM('',(#8801),#5410);
#5118=STYLED_ITEM('',(#8800),#5411);
#5119=STYLED_ITEM('',(#8800),#5412);
#5120=STYLED_ITEM('',(#8800),#5413);
#5121=STYLED_ITEM('',(#8800),#5414);
#5122=STYLED_ITEM('',(#8800),#5415);
#5123=STYLED_ITEM('',(#8801),#5416);
#5124=STYLED_ITEM('',(#8801),#5417);
#5125=STYLED_ITEM('',(#8801),#5418);
#5126=STYLED_ITEM('',(#8801),#5419);
#5127=STYLED_ITEM('',(#8801),#5420);
#5128=STYLED_ITEM('',(#8801),#5421);
#5129=STYLED_ITEM('',(#8801),#5422);
#5130=STYLED_ITEM('',(#8800),#5423);
#5131=STYLED_ITEM('',(#8800),#5424);
#5132=STYLED_ITEM('',(#8800),#5425);
#5133=STYLED_ITEM('',(#8800),#5426);
#5134=STYLED_ITEM('',(#8800),#5427);
#5135=STYLED_ITEM('',(#8800),#5428);
#5136=STYLED_ITEM('',(#8800),#5429);
#5137=STYLED_ITEM('',(#8800),#5430);
#5138=STYLED_ITEM('',(#8801),#5431);
#5139=STYLED_ITEM('',(#8801),#5432);
#5140=STYLED_ITEM('',(#8800),#5433);
#5141=STYLED_ITEM('',(#8800),#5434);
#5142=STYLED_ITEM('',(#8800),#5435);
#5143=STYLED_ITEM('',(#8800),#5436);
#5144=STYLED_ITEM('',(#8800),#5437);
#5145=STYLED_ITEM('',(#8801),#5438);
#5146=STYLED_ITEM('',(#8801),#5439);
#5147=STYLED_ITEM('',(#8801),#5440);
#5148=STYLED_ITEM('',(#8801),#5441);
#5149=STYLED_ITEM('',(#8801),#5442);
#5150=STYLED_ITEM('',(#8801),#5443);
#5151=STYLED_ITEM('',(#8801),#5444);
#5152=STYLED_ITEM('',(#8800),#5445);
#5153=STYLED_ITEM('',(#8800),#5446);
#5154=STYLED_ITEM('',(#8800),#5447);
#5155=STYLED_ITEM('',(#8800),#5448);
#5156=STYLED_ITEM('',(#8800),#5449);
#5157=STYLED_ITEM('',(#8800),#5450);
#5158=STYLED_ITEM('',(#8800),#5451);
#5159=STYLED_ITEM('',(#8800),#5452);
#5160=STYLED_ITEM('',(#8801),#5453);
#5161=STYLED_ITEM('',(#8801),#5454);
#5162=STYLED_ITEM('',(#8800),#5455);
#5163=STYLED_ITEM('',(#8800),#5456);
#5164=STYLED_ITEM('',(#8800),#5457);
#5165=STYLED_ITEM('',(#8800),#5458);
#5166=STYLED_ITEM('',(#8800),#5459);
#5167=STYLED_ITEM('',(#8801),#5460);
#5168=STYLED_ITEM('',(#8801),#5461);
#5169=STYLED_ITEM('',(#8801),#5462);
#5170=STYLED_ITEM('',(#8801),#5463);
#5171=STYLED_ITEM('',(#8801),#5464);
#5172=STYLED_ITEM('',(#8801),#5465);
#5173=STYLED_ITEM('',(#8801),#5466);
#5174=STYLED_ITEM('',(#8800),#5467);
#5175=STYLED_ITEM('',(#8800),#5468);
#5176=STYLED_ITEM('',(#8800),#5469);
#5177=STYLED_ITEM('',(#8800),#5470);
#5178=STYLED_ITEM('',(#8800),#5471);
#5179=STYLED_ITEM('',(#8800),#5472);
#5180=STYLED_ITEM('',(#8800),#5473);
#5181=STYLED_ITEM('',(#8800),#5474);
#5182=STYLED_ITEM('',(#8801),#5475);
#5183=STYLED_ITEM('',(#8801),#5476);
#5184=STYLED_ITEM('',(#8800),#5477);
#5185=STYLED_ITEM('',(#8800),#5478);
#5186=STYLED_ITEM('',(#8800),#5479);
#5187=STYLED_ITEM('',(#8800),#5480);
#5188=STYLED_ITEM('',(#8800),#5481);
#5189=STYLED_ITEM('',(#8801),#5482);
#5190=STYLED_ITEM('',(#8801),#5483);
#5191=STYLED_ITEM('',(#8801),#5484);
#5192=STYLED_ITEM('',(#8801),#5485);
#5193=STYLED_ITEM('',(#8801),#5486);
#5194=STYLED_ITEM('',(#8801),#5487);
#5195=STYLED_ITEM('',(#8801),#5488);
#5196=STYLED_ITEM('',(#8800),#5489);
#5197=STYLED_ITEM('',(#8800),#5490);
#5198=STYLED_ITEM('',(#8800),#5491);
#5199=STYLED_ITEM('',(#8800),#5492);
#5200=STYLED_ITEM('',(#8800),#5493);
#5201=STYLED_ITEM('',(#8800),#5494);
#5202=STYLED_ITEM('',(#8802),#5495);
#5203=STYLED_ITEM('',(#8802),#5496);
#5204=STYLED_ITEM('',(#8802),#5497);
#5205=STYLED_ITEM('',(#8802),#5498);
#5206=STYLED_ITEM('',(#8802),#5499);
#5207=STYLED_ITEM('',(#8802),#5500);
#5208=STYLED_ITEM('',(#8802),#5501);
#5209=STYLED_ITEM('',(#8802),#5502);
#5210=STYLED_ITEM('',(#8802),#5503);
#5211=STYLED_ITEM('',(#8802),#5504);
#5212=STYLED_ITEM('',(#8802),#5505);
#5213=STYLED_ITEM('',(#8802),#5506);
#5214=STYLED_ITEM('',(#8802),#5507);
#5215=STYLED_ITEM('',(#8802),#5508);
#5216=STYLED_ITEM('',(#8802),#5509);
#5217=STYLED_ITEM('',(#8802),#5510);
#5218=STYLED_ITEM('',(#8802),#5511);
#5219=STYLED_ITEM('',(#8802),#5512);
#5220=STYLED_ITEM('',(#8802),#5513);
#5221=STYLED_ITEM('',(#8802),#5514);
#5222=STYLED_ITEM('',(#8802),#5515);
#5223=STYLED_ITEM('',(#8802),#5516);
#5224=STYLED_ITEM('',(#8802),#5517);
#5225=STYLED_ITEM('',(#8802),#5518);
#5226=STYLED_ITEM('',(#8802),#5519);
#5227=STYLED_ITEM('',(#8802),#5520);
#5228=STYLED_ITEM('',(#8802),#5521);
#5229=STYLED_ITEM('',(#8802),#5522);
#5230=STYLED_ITEM('',(#8802),#5523);
#5231=STYLED_ITEM('',(#8802),#5524);
#5232=STYLED_ITEM('',(#8802),#5525);
#5233=STYLED_ITEM('',(#8802),#5526);
#5234=STYLED_ITEM('',(#8802),#5527);
#5235=STYLED_ITEM('',(#8802),#5528);
#5236=STYLED_ITEM('',(#8802),#5529);
#5237=STYLED_ITEM('',(#8802),#5530);
#5238=STYLED_ITEM('',(#8802),#5531);
#5239=STYLED_ITEM('',(#8802),#5532);
#5240=STYLED_ITEM('',(#8802),#5533);
#5241=STYLED_ITEM('',(#8802),#5534);
#5242=STYLED_ITEM('',(#8802),#5535);
#5243=STYLED_ITEM('',(#8802),#5536);
#5244=STYLED_ITEM('',(#8802),#5537);
#5245=STYLED_ITEM('',(#8802),#5538);
#5246=STYLED_ITEM('',(#8802),#5539);
#5247=STYLED_ITEM('',(#8802),#5540);
#5248=STYLED_ITEM('',(#8802),#5541);
#5249=STYLED_ITEM('',(#8802),#5542);
#5250=STYLED_ITEM('',(#8802),#5543);
#5251=STYLED_ITEM('',(#8802),#5544);
#5252=STYLED_ITEM('',(#8802),#5545);
#5253=STYLED_ITEM('',(#8802),#5546);
#5254=STYLED_ITEM('',(#8802),#5547);
#5255=STYLED_ITEM('',(#8802),#5548);
#5256=STYLED_ITEM('',(#8802),#5549);
#5257=STYLED_ITEM('',(#8802),#5550);
#5258=STYLED_ITEM('',(#8802),#5551);
#5259=STYLED_ITEM('',(#8802),#5552);
#5260=STYLED_ITEM('',(#8802),#5553);
#5261=STYLED_ITEM('',(#8802),#5554);
#5262=STYLED_ITEM('',(#8802),#5555);
#5263=STYLED_ITEM('',(#8802),#5556);
#5264=STYLED_ITEM('',(#8802),#5557);
#5265=STYLED_ITEM('',(#8802),#5558);
#5266=STYLED_ITEM('',(#8802),#5559);
#5267=STYLED_ITEM('',(#8802),#5560);
#5268=STYLED_ITEM('',(#8802),#5561);
#5269=STYLED_ITEM('',(#8802),#5562);
#5270=STYLED_ITEM('',(#8802),#5563);
#5271=STYLED_ITEM('',(#8802),#5564);
#5272=STYLED_ITEM('',(#8802),#5565);
#5273=STYLED_ITEM('',(#8802),#5566);
#5274=STYLED_ITEM('',(#8802),#5567);
#5275=STYLED_ITEM('',(#8802),#5568);
#5276=STYLED_ITEM('',(#8802),#5569);
#5277=STYLED_ITEM('',(#8802),#5570);
#5278=STYLED_ITEM('',(#8802),#5571);
#5279=STYLED_ITEM('',(#8802),#5572);
#5280=STYLED_ITEM('',(#8802),#5573);
#5281=STYLED_ITEM('',(#8802),#5574);
#5282=STYLED_ITEM('',(#8802),#5575);
#5283=STYLED_ITEM('',(#8802),#5576);
#5284=STYLED_ITEM('',(#8802),#5577);
#5285=STYLED_ITEM('',(#8802),#5578);
#5286=STYLED_ITEM('',(#8802),#5579);
#5287=STYLED_ITEM('',(#8802),#5580);
#5288=STYLED_ITEM('',(#8802),#5581);
#5289=STYLED_ITEM('',(#8802),#5582);
#5290=STYLED_ITEM('',(#8802),#5583);
#5291=STYLED_ITEM('',(#8802),#5584);
#5292=STYLED_ITEM('',(#8802),#5585);
#5293=STYLED_ITEM('',(#8802),#5586);
#5294=STYLED_ITEM('',(#8802),#5587);
#5295=STYLED_ITEM('',(#8802),#5588);
#5296=STYLED_ITEM('',(#8802),#5589);
#5297=STYLED_ITEM('',(#8802),#5590);
#5298=STYLED_ITEM('',(#8802),#5591);
#5299=STYLED_ITEM('',(#8802),#5592);
#5300=STYLED_ITEM('',(#8802),#5593);
#5301=STYLED_ITEM('',(#8802),#5594);
#5302=STYLED_ITEM('',(#8802),#5595);
#5303=STYLED_ITEM('',(#8802),#5596);
#5304=STYLED_ITEM('',(#8802),#5597);
#5305=STYLED_ITEM('',(#8802),#5598);
#5306=STYLED_ITEM('',(#8802),#5599);
#5307=STYLED_ITEM('',(#8802),#5600);
#5308=STYLED_ITEM('',(#8802),#5601);
#5309=STYLED_ITEM('',(#8802),#5602);
#5310=STYLED_ITEM('',(#8802),#5603);
#5311=STYLED_ITEM('',(#8802),#5604);
#5312=STYLED_ITEM('',(#8802),#5605);
#5313=STYLED_ITEM('',(#8802),#5606);
#5314=STYLED_ITEM('',(#8802),#5607);
#5315=STYLED_ITEM('',(#8802),#5608);
#5316=STYLED_ITEM('',(#8802),#5609);
#5317=STYLED_ITEM('',(#8802),#5610);
#5318=STYLED_ITEM('',(#8799),#13);
#5319=ADVANCED_FACE('',(#94),#4750,.T.);
#5320=ADVANCED_FACE('',(#95),#4751,.F.);
#5321=ADVANCED_FACE('',(#96),#4752,.F.);
#5322=ADVANCED_FACE('',(#97),#4753,.T.);
#5323=ADVANCED_FACE('',(#98),#4754,.F.);
#5324=ADVANCED_FACE('',(#99),#4755,.T.);
#5325=ADVANCED_FACE('',(#100),#4756,.F.);
#5326=ADVANCED_FACE('',(#101),#4757,.F.);
#5327=ADVANCED_FACE('',(#102),#4758,.F.);
#5328=ADVANCED_FACE('',(#103),#4759,.F.);
#5329=ADVANCED_FACE('',(#104),#4760,.F.);
#5330=ADVANCED_FACE('',(#105),#4761,.F.);
#5331=ADVANCED_FACE('',(#106),#4762,.F.);
#5332=ADVANCED_FACE('',(#107),#4763,.F.);
#5333=ADVANCED_FACE('',(#108),#4764,.F.);
#5334=ADVANCED_FACE('',(#109),#4765,.F.);
#5335=ADVANCED_FACE('',(#110),#4766,.T.);
#5336=ADVANCED_FACE('',(#111),#4767,.T.);
#5337=ADVANCED_FACE('',(#112),#46,.F.);
#5338=ADVANCED_FACE('',(#113),#4768,.T.);
#5339=ADVANCED_FACE('',(#114),#47,.T.);
#5340=ADVANCED_FACE('',(#115),#4769,.T.);
#5341=ADVANCED_FACE('',(#116),#4770,.T.);
#5342=ADVANCED_FACE('',(#117),#4771,.F.);
#5343=ADVANCED_FACE('',(#118),#4772,.F.);
#5344=ADVANCED_FACE('',(#119),#4773,.T.);
#5345=ADVANCED_FACE('',(#120),#4774,.F.);
#5346=ADVANCED_FACE('',(#121),#4775,.T.);
#5347=ADVANCED_FACE('',(#122),#4776,.F.);
#5348=ADVANCED_FACE('',(#123),#4777,.F.);
#5349=ADVANCED_FACE('',(#124),#4778,.F.);
#5350=ADVANCED_FACE('',(#125),#4779,.F.);
#5351=ADVANCED_FACE('',(#126),#4780,.F.);
#5352=ADVANCED_FACE('',(#127),#4781,.F.);
#5353=ADVANCED_FACE('',(#128),#4782,.F.);
#5354=ADVANCED_FACE('',(#129),#4783,.F.);
#5355=ADVANCED_FACE('',(#130),#4784,.F.);
#5356=ADVANCED_FACE('',(#131),#4785,.F.);
#5357=ADVANCED_FACE('',(#132),#4786,.T.);
#5358=ADVANCED_FACE('',(#133),#4787,.T.);
#5359=ADVANCED_FACE('',(#134),#48,.F.);
#5360=ADVANCED_FACE('',(#135),#4788,.T.);
#5361=ADVANCED_FACE('',(#136),#49,.T.);
#5362=ADVANCED_FACE('',(#137),#4789,.T.);
#5363=ADVANCED_FACE('',(#138),#4790,.T.);
#5364=ADVANCED_FACE('',(#139),#4791,.F.);
#5365=ADVANCED_FACE('',(#140),#4792,.F.);
#5366=ADVANCED_FACE('',(#141),#4793,.T.);
#5367=ADVANCED_FACE('',(#142),#4794,.F.);
#5368=ADVANCED_FACE('',(#143),#4795,.T.);
#5369=ADVANCED_FACE('',(#144),#4796,.F.);
#5370=ADVANCED_FACE('',(#145),#4797,.F.);
#5371=ADVANCED_FACE('',(#146),#4798,.F.);
#5372=ADVANCED_FACE('',(#147),#4799,.F.);
#5373=ADVANCED_FACE('',(#148),#4800,.F.);
#5374=ADVANCED_FACE('',(#149),#4801,.F.);
#5375=ADVANCED_FACE('',(#150),#4802,.F.);
#5376=ADVANCED_FACE('',(#151),#4803,.F.);
#5377=ADVANCED_FACE('',(#152),#4804,.F.);
#5378=ADVANCED_FACE('',(#153),#4805,.F.);
#5379=ADVANCED_FACE('',(#154),#4806,.T.);
#5380=ADVANCED_FACE('',(#155),#4807,.T.);
#5381=ADVANCED_FACE('',(#156),#50,.F.);
#5382=ADVANCED_FACE('',(#157),#4808,.T.);
#5383=ADVANCED_FACE('',(#158),#51,.T.);
#5384=ADVANCED_FACE('',(#159),#4809,.T.);
#5385=ADVANCED_FACE('',(#160),#4810,.T.);
#5386=ADVANCED_FACE('',(#161),#4811,.F.);
#5387=ADVANCED_FACE('',(#162),#4812,.F.);
#5388=ADVANCED_FACE('',(#163),#4813,.T.);
#5389=ADVANCED_FACE('',(#164),#4814,.F.);
#5390=ADVANCED_FACE('',(#165),#4815,.T.);
#5391=ADVANCED_FACE('',(#166),#4816,.F.);
#5392=ADVANCED_FACE('',(#167),#4817,.F.);
#5393=ADVANCED_FACE('',(#168),#4818,.F.);
#5394=ADVANCED_FACE('',(#169),#4819,.F.);
#5395=ADVANCED_FACE('',(#170),#4820,.F.);
#5396=ADVANCED_FACE('',(#171),#4821,.F.);
#5397=ADVANCED_FACE('',(#172),#4822,.F.);
#5398=ADVANCED_FACE('',(#173),#4823,.F.);
#5399=ADVANCED_FACE('',(#174),#4824,.F.);
#5400=ADVANCED_FACE('',(#175),#4825,.F.);
#5401=ADVANCED_FACE('',(#176),#4826,.T.);
#5402=ADVANCED_FACE('',(#177),#4827,.T.);
#5403=ADVANCED_FACE('',(#178),#52,.F.);
#5404=ADVANCED_FACE('',(#179),#4828,.T.);
#5405=ADVANCED_FACE('',(#180),#53,.T.);
#5406=ADVANCED_FACE('',(#181),#4829,.T.);
#5407=ADVANCED_FACE('',(#182),#4830,.T.);
#5408=ADVANCED_FACE('',(#183),#4831,.F.);
#5409=ADVANCED_FACE('',(#184),#4832,.F.);
#5410=ADVANCED_FACE('',(#185),#4833,.T.);
#5411=ADVANCED_FACE('',(#186),#4834,.F.);
#5412=ADVANCED_FACE('',(#187),#4835,.T.);
#5413=ADVANCED_FACE('',(#188),#4836,.F.);
#5414=ADVANCED_FACE('',(#189),#4837,.F.);
#5415=ADVANCED_FACE('',(#190),#4838,.F.);
#5416=ADVANCED_FACE('',(#191),#4839,.F.);
#5417=ADVANCED_FACE('',(#192),#4840,.F.);
#5418=ADVANCED_FACE('',(#193),#4841,.F.);
#5419=ADVANCED_FACE('',(#194),#4842,.F.);
#5420=ADVANCED_FACE('',(#195),#4843,.F.);
#5421=ADVANCED_FACE('',(#196),#4844,.F.);
#5422=ADVANCED_FACE('',(#197),#4845,.F.);
#5423=ADVANCED_FACE('',(#198),#4846,.T.);
#5424=ADVANCED_FACE('',(#199),#4847,.T.);
#5425=ADVANCED_FACE('',(#200),#54,.F.);
#5426=ADVANCED_FACE('',(#201),#4848,.T.);
#5427=ADVANCED_FACE('',(#202),#55,.T.);
#5428=ADVANCED_FACE('',(#203),#4849,.T.);
#5429=ADVANCED_FACE('',(#204),#4850,.T.);
#5430=ADVANCED_FACE('',(#205),#4851,.F.);
#5431=ADVANCED_FACE('',(#206),#4852,.F.);
#5432=ADVANCED_FACE('',(#207),#4853,.T.);
#5433=ADVANCED_FACE('',(#208),#4854,.F.);
#5434=ADVANCED_FACE('',(#209),#4855,.T.);
#5435=ADVANCED_FACE('',(#210),#4856,.F.);
#5436=ADVANCED_FACE('',(#211),#4857,.F.);
#5437=ADVANCED_FACE('',(#212),#4858,.F.);
#5438=ADVANCED_FACE('',(#213),#4859,.F.);
#5439=ADVANCED_FACE('',(#214),#4860,.F.);
#5440=ADVANCED_FACE('',(#215),#4861,.F.);
#5441=ADVANCED_FACE('',(#216),#4862,.F.);
#5442=ADVANCED_FACE('',(#217),#4863,.F.);
#5443=ADVANCED_FACE('',(#218),#4864,.F.);
#5444=ADVANCED_FACE('',(#219),#4865,.F.);
#5445=ADVANCED_FACE('',(#220),#4866,.T.);
#5446=ADVANCED_FACE('',(#221),#4867,.T.);
#5447=ADVANCED_FACE('',(#222),#56,.F.);
#5448=ADVANCED_FACE('',(#223),#4868,.T.);
#5449=ADVANCED_FACE('',(#224),#57,.T.);
#5450=ADVANCED_FACE('',(#225),#4869,.T.);
#5451=ADVANCED_FACE('',(#226),#4870,.T.);
#5452=ADVANCED_FACE('',(#227),#4871,.F.);
#5453=ADVANCED_FACE('',(#228),#4872,.F.);
#5454=ADVANCED_FACE('',(#229),#4873,.T.);
#5455=ADVANCED_FACE('',(#230),#4874,.F.);
#5456=ADVANCED_FACE('',(#231),#4875,.T.);
#5457=ADVANCED_FACE('',(#232),#4876,.F.);
#5458=ADVANCED_FACE('',(#233),#4877,.F.);
#5459=ADVANCED_FACE('',(#234),#4878,.F.);
#5460=ADVANCED_FACE('',(#235),#4879,.F.);
#5461=ADVANCED_FACE('',(#236),#4880,.F.);
#5462=ADVANCED_FACE('',(#237),#4881,.F.);
#5463=ADVANCED_FACE('',(#238),#4882,.F.);
#5464=ADVANCED_FACE('',(#239),#4883,.F.);
#5465=ADVANCED_FACE('',(#240),#4884,.F.);
#5466=ADVANCED_FACE('',(#241),#4885,.F.);
#5467=ADVANCED_FACE('',(#242),#4886,.T.);
#5468=ADVANCED_FACE('',(#243),#4887,.T.);
#5469=ADVANCED_FACE('',(#244),#58,.F.);
#5470=ADVANCED_FACE('',(#245),#4888,.T.);
#5471=ADVANCED_FACE('',(#246),#59,.T.);
#5472=ADVANCED_FACE('',(#247),#4889,.T.);
#5473=ADVANCED_FACE('',(#248),#4890,.T.);
#5474=ADVANCED_FACE('',(#249),#4891,.F.);
#5475=ADVANCED_FACE('',(#250),#4892,.F.);
#5476=ADVANCED_FACE('',(#251),#4893,.T.);
#5477=ADVANCED_FACE('',(#252),#4894,.F.);
#5478=ADVANCED_FACE('',(#253),#4895,.T.);
#5479=ADVANCED_FACE('',(#254),#4896,.F.);
#5480=ADVANCED_FACE('',(#255),#4897,.F.);
#5481=ADVANCED_FACE('',(#256),#4898,.F.);
#5482=ADVANCED_FACE('',(#257),#4899,.F.);
#5483=ADVANCED_FACE('',(#258),#4900,.F.);
#5484=ADVANCED_FACE('',(#259),#4901,.F.);
#5485=ADVANCED_FACE('',(#260),#4902,.F.);
#5486=ADVANCED_FACE('',(#261),#4903,.F.);
#5487=ADVANCED_FACE('',(#262),#4904,.F.);
#5488=ADVANCED_FACE('',(#263),#4905,.F.);
#5489=ADVANCED_FACE('',(#264),#4906,.T.);
#5490=ADVANCED_FACE('',(#265),#4907,.T.);
#5491=ADVANCED_FACE('',(#266),#60,.F.);
#5492=ADVANCED_FACE('',(#267),#4908,.T.);
#5493=ADVANCED_FACE('',(#268),#61,.T.);
#5494=ADVANCED_FACE('',(#269),#4909,.T.);
#5495=ADVANCED_FACE('',(#270),#4910,.T.);
#5496=ADVANCED_FACE('',(#271),#4911,.T.);
#5497=ADVANCED_FACE('',(#272),#4912,.T.);
#5498=ADVANCED_FACE('',(#273),#4913,.T.);
#5499=ADVANCED_FACE('',(#274),#4914,.F.);
#5500=ADVANCED_FACE('',(#275),#4915,.F.);
#5501=ADVANCED_FACE('',(#276),#4916,.F.);
#5502=ADVANCED_FACE('',(#277),#4917,.F.);
#5503=ADVANCED_FACE('',(#278),#4918,.F.);
#5504=ADVANCED_FACE('',(#279),#4919,.F.);
#5505=ADVANCED_FACE('',(#280),#4920,.F.);
#5506=ADVANCED_FACE('',(#281),#4921,.F.);
#5507=ADVANCED_FACE('',(#282),#4922,.F.);
#5508=ADVANCED_FACE('',(#283),#4923,.F.);
#5509=ADVANCED_FACE('',(#284),#4924,.F.);
#5510=ADVANCED_FACE('',(#285),#4925,.F.);
#5511=ADVANCED_FACE('',(#286),#4926,.F.);
#5512=ADVANCED_FACE('',(#287),#4927,.F.);
#5513=ADVANCED_FACE('',(#288),#4928,.T.);
#5514=ADVANCED_FACE('',(#289),#4929,.F.);
#5515=ADVANCED_FACE('',(#290),#4930,.F.);
#5516=ADVANCED_FACE('',(#291),#4931,.F.);
#5517=ADVANCED_FACE('',(#292,#14,#15),#4932,.F.);
#5518=ADVANCED_FACE('',(#293,#16,#17),#4933,.F.);
#5519=ADVANCED_FACE('',(#294),#4934,.T.);
#5520=ADVANCED_FACE('',(#295),#4935,.T.);
#5521=ADVANCED_FACE('',(#296),#4936,.T.);
#5522=ADVANCED_FACE('',(#297),#4937,.T.);
#5523=ADVANCED_FACE('',(#298),#4938,.F.);
#5524=ADVANCED_FACE('',(#299),#4939,.F.);
#5525=ADVANCED_FACE('',(#300),#4940,.F.);
#5526=ADVANCED_FACE('',(#301),#4941,.F.);
#5527=ADVANCED_FACE('',(#302),#4942,.F.);
#5528=ADVANCED_FACE('',(#303,#18,#19),#4943,.T.);
#5529=ADVANCED_FACE('',(#304),#4944,.F.);
#5530=ADVANCED_FACE('',(#305),#4945,.T.);
#5531=ADVANCED_FACE('',(#306),#4946,.T.);
#5532=ADVANCED_FACE('',(#307),#4947,.F.);
#5533=ADVANCED_FACE('',(#308),#4948,.T.);
#5534=ADVANCED_FACE('',(#309,#20,#21),#4949,.F.);
#5535=ADVANCED_FACE('',(#310),#4950,.T.);
#5536=ADVANCED_FACE('',(#311),#4951,.T.);
#5537=ADVANCED_FACE('',(#312),#4952,.F.);
#5538=ADVANCED_FACE('',(#313),#4953,.F.);
#5539=ADVANCED_FACE('',(#314),#4954,.F.);
#5540=ADVANCED_FACE('',(#315),#4955,.F.);
#5541=ADVANCED_FACE('',(#316,#22,#23),#4956,.F.);
#5542=ADVANCED_FACE('',(#317,#24,#25),#4957,.F.);
#5543=ADVANCED_FACE('',(#318),#4958,.T.);
#5544=ADVANCED_FACE('',(#319),#4959,.T.);
#5545=ADVANCED_FACE('',(#320),#4960,.T.);
#5546=ADVANCED_FACE('',(#321),#4961,.T.);
#5547=ADVANCED_FACE('',(#322),#4962,.F.);
#5548=ADVANCED_FACE('',(#323),#4963,.F.);
#5549=ADVANCED_FACE('',(#324),#4964,.F.);
#5550=ADVANCED_FACE('',(#325),#4965,.F.);
#5551=ADVANCED_FACE('',(#326),#4966,.F.);
#5552=ADVANCED_FACE('',(#327,#26,#27),#4967,.T.);
#5553=ADVANCED_FACE('',(#328),#4968,.F.);
#5554=ADVANCED_FACE('',(#329),#4969,.T.);
#5555=ADVANCED_FACE('',(#330),#4970,.T.);
#5556=ADVANCED_FACE('',(#331),#4971,.F.);
#5557=ADVANCED_FACE('',(#332),#4972,.T.);
#5558=ADVANCED_FACE('',(#333,#28,#29),#4973,.F.);
#5559=ADVANCED_FACE('',(#334),#4974,.F.);
#5560=ADVANCED_FACE('',(#335),#4975,.F.);
#5561=ADVANCED_FACE('',(#336),#4976,.F.);
#5562=ADVANCED_FACE('',(#337),#4977,.T.);
#5563=ADVANCED_FACE('',(#338),#4978,.F.);
#5564=ADVANCED_FACE('',(#339,#30,#31),#4979,.F.);
#5565=ADVANCED_FACE('',(#340,#32,#33),#4980,.F.);
#5566=ADVANCED_FACE('',(#341),#4981,.T.);
#5567=ADVANCED_FACE('',(#342),#4982,.T.);
#5568=ADVANCED_FACE('',(#343),#4983,.T.);
#5569=ADVANCED_FACE('',(#344),#4984,.T.);
#5570=ADVANCED_FACE('',(#345),#4985,.F.);
#5571=ADVANCED_FACE('',(#346),#4986,.F.);
#5572=ADVANCED_FACE('',(#347),#4987,.F.);
#5573=ADVANCED_FACE('',(#348),#4988,.F.);
#5574=ADVANCED_FACE('',(#349),#4989,.F.);
#5575=ADVANCED_FACE('',(#350,#34,#35),#4990,.T.);
#5576=ADVANCED_FACE('',(#351),#4991,.F.);
#5577=ADVANCED_FACE('',(#352),#4992,.T.);
#5578=ADVANCED_FACE('',(#353),#4993,.T.);
#5579=ADVANCED_FACE('',(#354),#4994,.F.);
#5580=ADVANCED_FACE('',(#355),#4995,.T.);
#5581=ADVANCED_FACE('',(#356,#36,#37),#4996,.F.);
#5582=ADVANCED_FACE('',(#357),#4997,.F.);
#5583=ADVANCED_FACE('',(#358),#4998,.F.);
#5584=ADVANCED_FACE('',(#359),#4999,.T.);
#5585=ADVANCED_FACE('',(#360),#5000,.F.);
#5586=ADVANCED_FACE('',(#361),#5001,.F.);
#5587=ADVANCED_FACE('',(#362,#38,#39),#5002,.F.);
#5588=ADVANCED_FACE('',(#363,#40,#41),#5003,.F.);
#5589=ADVANCED_FACE('',(#364),#5004,.T.);
#5590=ADVANCED_FACE('',(#365),#5005,.T.);
#5591=ADVANCED_FACE('',(#366),#5006,.T.);
#5592=ADVANCED_FACE('',(#367),#5007,.T.);
#5593=ADVANCED_FACE('',(#368),#5008,.F.);
#5594=ADVANCED_FACE('',(#369),#5009,.F.);
#5595=ADVANCED_FACE('',(#370),#5010,.F.);
#5596=ADVANCED_FACE('',(#371),#5011,.F.);
#5597=ADVANCED_FACE('',(#372),#5012,.F.);
#5598=ADVANCED_FACE('',(#373,#42,#43),#5013,.T.);
#5599=ADVANCED_FACE('',(#374),#5014,.F.);
#5600=ADVANCED_FACE('',(#375),#5015,.T.);
#5601=ADVANCED_FACE('',(#376),#5016,.T.);
#5602=ADVANCED_FACE('',(#377),#5017,.F.);
#5603=ADVANCED_FACE('',(#378),#5018,.T.);
#5604=ADVANCED_FACE('',(#379,#44,#45),#5019,.F.);
#5605=ADVANCED_FACE('',(#380),#5020,.F.);
#5606=ADVANCED_FACE('',(#381),#5021,.T.);
#5607=ADVANCED_FACE('',(#382),#5022,.F.);
#5608=ADVANCED_FACE('',(#383),#5023,.F.);
#5609=ADVANCED_FACE('',(#384),#5024,.F.);
#5610=ADVANCED_FACE('',(#385),#5025,.F.);
#5611=CLOSED_SHELL('',(#5319,#5320,#5321,#5322,#5323,#5324,#5325,#5326,
#5327,#5328,#5329,#5330,#5331,#5332,#5333,#5334,#5335,#5336,#5337,#5338,
#5339,#5340,#5341,#5342,#5343,#5344,#5345,#5346,#5347,#5348,#5349,#5350,
#5351,#5352,#5353,#5354,#5355,#5356,#5357,#5358,#5359,#5360,#5361,#5362,
#5363,#5364,#5365,#5366,#5367,#5368,#5369,#5370,#5371,#5372,#5373,#5374,
#5375,#5376,#5377,#5378,#5379,#5380,#5381,#5382,#5383,#5384,#5385,#5386,
#5387,#5388,#5389,#5390,#5391,#5392,#5393,#5394,#5395,#5396,#5397,#5398,
#5399,#5400,#5401,#5402,#5403,#5404,#5405,#5406,#5407,#5408,#5409,#5410,
#5411,#5412,#5413,#5414,#5415,#5416,#5417,#5418,#5419,#5420,#5421,#5422,
#5423,#5424,#5425,#5426,#5427,#5428,#5429,#5430,#5431,#5432,#5433,#5434,
#5435,#5436,#5437,#5438,#5439,#5440,#5441,#5442,#5443,#5444,#5445,#5446,
#5447,#5448,#5449,#5450,#5451,#5452,#5453,#5454,#5455,#5456,#5457,#5458,
#5459,#5460,#5461,#5462,#5463,#5464,#5465,#5466,#5467,#5468,#5469,#5470,
#5471,#5472,#5473,#5474,#5475,#5476,#5477,#5478,#5479,#5480,#5481,#5482,
#5483,#5484,#5485,#5486,#5487,#5488,#5489,#5490,#5491,#5492,#5493,#5494,
#5495,#5496,#5497,#5498,#5499,#5500,#5501,#5502,#5503,#5504,#5505,#5506,
#5507,#5508,#5509,#5510,#5511,#5512,#5513,#5514,#5515,#5516,#5517,#5518,
#5519,#5520,#5521,#5522,#5523,#5524,#5525,#5526,#5527,#5528,#5529,#5530,
#5531,#5532,#5533,#5534,#5535,#5536,#5537,#5538,#5539,#5540,#5541,#5542,
#5543,#5544,#5545,#5546,#5547,#5548,#5549,#5550,#5551,#5552,#5553,#5554,
#5555,#5556,#5557,#5558,#5559,#5560,#5561,#5562,#5563,#5564,#5565,#5566,
#5567,#5568,#5569,#5570,#5571,#5572,#5573,#5574,#5575,#5576,#5577,#5578,
#5579,#5580,#5581,#5582,#5583,#5584,#5585,#5586,#5587,#5588,#5589,#5590,
#5591,#5592,#5593,#5594,#5595,#5596,#5597,#5598,#5599,#5600,#5601,#5602,
#5603,#5604,#5605,#5606,#5607,#5608,#5609,#5610));
#5612=DERIVED_UNIT_ELEMENT(#5614,1.);
#5613=DERIVED_UNIT_ELEMENT(#8785,-3.);
#5614=(
MASS_UNIT()
NAMED_UNIT(*)
SI_UNIT(.KILO.,.GRAM.)
);
#5615=DERIVED_UNIT((#5612,#5613));
#5616=MEASURE_REPRESENTATION_ITEM('density measure',
POSITIVE_RATIO_MEASURE(7850.),#5615);
#5617=PROPERTY_DEFINITION_REPRESENTATION(#5622,#5619);
#5618=PROPERTY_DEFINITION_REPRESENTATION(#5623,#5620);
#5619=REPRESENTATION('material name',(#5621),#8782);
#5620=REPRESENTATION('density',(#5616),#8782);
#5621=DESCRIPTIVE_REPRESENTATION_ITEM('Steel','Steel');
#5622=PROPERTY_DEFINITION('material property','material name',#8792);
#5623=PROPERTY_DEFINITION('material property','density of part',#8792);
#5624=AXIS2_PLACEMENT_3D('',#7295,#5949,#5950);
#5625=AXIS2_PLACEMENT_3D('',#7296,#5951,#5952);
#5626=AXIS2_PLACEMENT_3D('',#7305,#5957,#5958);
#5627=AXIS2_PLACEMENT_3D('',#7311,#5961,#5962);
#5628=AXIS2_PLACEMENT_3D('',#7318,#5966,#5967);
#5629=AXIS2_PLACEMENT_3D('',#7319,#5968,#5969);
#5630=AXIS2_PLACEMENT_3D('',#7328,#5974,#5975);
#5631=AXIS2_PLACEMENT_3D('',#7334,#5979,#5980);
#5632=AXIS2_PLACEMENT_3D('',#7340,#5984,#5985);
#5633=AXIS2_PLACEMENT_3D('',#7346,#5989,#5990);
#5634=AXIS2_PLACEMENT_3D('',#7350,#5993,#5994);
#5635=AXIS2_PLACEMENT_3D('',#7354,#5997,#5998);
#5636=AXIS2_PLACEMENT_3D('',#7356,#6000,#6001);
#5637=AXIS2_PLACEMENT_3D('',#7362,#6005,#6006);
#5638=AXIS2_PLACEMENT_3D('',#7368,#6010,#6011);
#5639=AXIS2_PLACEMENT_3D('',#7372,#6014,#6015);
#5640=AXIS2_PLACEMENT_3D('',#7374,#6017,#6018);
#5641=AXIS2_PLACEMENT_3D('',#7376,#6020,#6021);
#5642=AXIS2_PLACEMENT_3D('',#7380,#6024,#6025);
#5643=AXIS2_PLACEMENT_3D('',#7382,#6027,#6028);
#5644=AXIS2_PLACEMENT_3D('',#7386,#6031,#6032);
#5645=AXIS2_PLACEMENT_3D('',#7390,#6035,#6036);
#5646=AXIS2_PLACEMENT_3D('',#7391,#6037,#6038);
#5647=AXIS2_PLACEMENT_3D('',#7392,#6039,#6040);
#5648=AXIS2_PLACEMENT_3D('',#7398,#6044,#6045);
#5649=AXIS2_PLACEMENT_3D('',#7399,#6046,#6047);
#5650=AXIS2_PLACEMENT_3D('',#7400,#6048,#6049);
#5651=AXIS2_PLACEMENT_3D('',#7402,#6051,#6052);
#5652=AXIS2_PLACEMENT_3D('',#7411,#6057,#6058);
#5653=AXIS2_PLACEMENT_3D('',#7417,#6061,#6062);
#5654=AXIS2_PLACEMENT_3D('',#7424,#6066,#6067);
#5655=AXIS2_PLACEMENT_3D('',#7425,#6068,#6069);
#5656=AXIS2_PLACEMENT_3D('',#7434,#6074,#6075);
#5657=AXIS2_PLACEMENT_3D('',#7440,#6079,#6080);
#5658=AXIS2_PLACEMENT_3D('',#7446,#6084,#6085);
#5659=AXIS2_PLACEMENT_3D('',#7452,#6089,#6090);
#5660=AXIS2_PLACEMENT_3D('',#7456,#6093,#6094);
#5661=AXIS2_PLACEMENT_3D('',#7460,#6097,#6098);
#5662=AXIS2_PLACEMENT_3D('',#7462,#6100,#6101);
#5663=AXIS2_PLACEMENT_3D('',#7468,#6105,#6106);
#5664=AXIS2_PLACEMENT_3D('',#7474,#6110,#6111);
#5665=AXIS2_PLACEMENT_3D('',#7478,#6114,#6115);
#5666=AXIS2_PLACEMENT_3D('',#7480,#6117,#6118);
#5667=AXIS2_PLACEMENT_3D('',#7482,#6120,#6121);
#5668=AXIS2_PLACEMENT_3D('',#7486,#6124,#6125);
#5669=AXIS2_PLACEMENT_3D('',#7488,#6127,#6128);
#5670=AXIS2_PLACEMENT_3D('',#7492,#6131,#6132);
#5671=AXIS2_PLACEMENT_3D('',#7496,#6135,#6136);
#5672=AXIS2_PLACEMENT_3D('',#7497,#6137,#6138);
#5673=AXIS2_PLACEMENT_3D('',#7498,#6139,#6140);
#5674=AXIS2_PLACEMENT_3D('',#7504,#6144,#6145);
#5675=AXIS2_PLACEMENT_3D('',#7505,#6146,#6147);
#5676=AXIS2_PLACEMENT_3D('',#7506,#6148,#6149);
#5677=AXIS2_PLACEMENT_3D('',#7508,#6151,#6152);
#5678=AXIS2_PLACEMENT_3D('',#7517,#6157,#6158);
#5679=AXIS2_PLACEMENT_3D('',#7523,#6161,#6162);
#5680=AXIS2_PLACEMENT_3D('',#7530,#6166,#6167);
#5681=AXIS2_PLACEMENT_3D('',#7531,#6168,#6169);
#5682=AXIS2_PLACEMENT_3D('',#7540,#6174,#6175);
#5683=AXIS2_PLACEMENT_3D('',#7546,#6179,#6180);
#5684=AXIS2_PLACEMENT_3D('',#7552,#6184,#6185);
#5685=AXIS2_PLACEMENT_3D('',#7558,#6189,#6190);
#5686=AXIS2_PLACEMENT_3D('',#7562,#6193,#6194);
#5687=AXIS2_PLACEMENT_3D('',#7566,#6197,#6198);
#5688=AXIS2_PLACEMENT_3D('',#7568,#6200,#6201);
#5689=AXIS2_PLACEMENT_3D('',#7574,#6205,#6206);
#5690=AXIS2_PLACEMENT_3D('',#7580,#6210,#6211);
#5691=AXIS2_PLACEMENT_3D('',#7584,#6214,#6215);
#5692=AXIS2_PLACEMENT_3D('',#7586,#6217,#6218);
#5693=AXIS2_PLACEMENT_3D('',#7588,#6220,#6221);
#5694=AXIS2_PLACEMENT_3D('',#7592,#6224,#6225);
#5695=AXIS2_PLACEMENT_3D('',#7594,#6227,#6228);
#5696=AXIS2_PLACEMENT_3D('',#7598,#6231,#6232);
#5697=AXIS2_PLACEMENT_3D('',#7602,#6235,#6236);
#5698=AXIS2_PLACEMENT_3D('',#7603,#6237,#6238);
#5699=AXIS2_PLACEMENT_3D('',#7604,#6239,#6240);
#5700=AXIS2_PLACEMENT_3D('',#7610,#6244,#6245);
#5701=AXIS2_PLACEMENT_3D('',#7611,#6246,#6247);
#5702=AXIS2_PLACEMENT_3D('',#7612,#6248,#6249);
#5703=AXIS2_PLACEMENT_3D('',#7614,#6251,#6252);
#5704=AXIS2_PLACEMENT_3D('',#7623,#6257,#6258);
#5705=AXIS2_PLACEMENT_3D('',#7629,#6261,#6262);
#5706=AXIS2_PLACEMENT_3D('',#7636,#6266,#6267);
#5707=AXIS2_PLACEMENT_3D('',#7637,#6268,#6269);
#5708=AXIS2_PLACEMENT_3D('',#7646,#6274,#6275);
#5709=AXIS2_PLACEMENT_3D('',#7652,#6279,#6280);
#5710=AXIS2_PLACEMENT_3D('',#7658,#6284,#6285);
#5711=AXIS2_PLACEMENT_3D('',#7664,#6289,#6290);
#5712=AXIS2_PLACEMENT_3D('',#7668,#6293,#6294);
#5713=AXIS2_PLACEMENT_3D('',#7672,#6297,#6298);
#5714=AXIS2_PLACEMENT_3D('',#7674,#6300,#6301);
#5715=AXIS2_PLACEMENT_3D('',#7680,#6305,#6306);
#5716=AXIS2_PLACEMENT_3D('',#7686,#6310,#6311);
#5717=AXIS2_PLACEMENT_3D('',#7690,#6314,#6315);
#5718=AXIS2_PLACEMENT_3D('',#7692,#6317,#6318);
#5719=AXIS2_PLACEMENT_3D('',#7694,#6320,#6321);
#5720=AXIS2_PLACEMENT_3D('',#7698,#6324,#6325);
#5721=AXIS2_PLACEMENT_3D('',#7700,#6327,#6328);
#5722=AXIS2_PLACEMENT_3D('',#7704,#6331,#6332);
#5723=AXIS2_PLACEMENT_3D('',#7708,#6335,#6336);
#5724=AXIS2_PLACEMENT_3D('',#7709,#6337,#6338);
#5725=AXIS2_PLACEMENT_3D('',#7710,#6339,#6340);
#5726=AXIS2_PLACEMENT_3D('',#7716,#6344,#6345);
#5727=AXIS2_PLACEMENT_3D('',#7717,#6346,#6347);
#5728=AXIS2_PLACEMENT_3D('',#7718,#6348,#6349);
#5729=AXIS2_PLACEMENT_3D('',#7720,#6351,#6352);
#5730=AXIS2_PLACEMENT_3D('',#7729,#6357,#6358);
#5731=AXIS2_PLACEMENT_3D('',#7735,#6361,#6362);
#5732=AXIS2_PLACEMENT_3D('',#7742,#6366,#6367);
#5733=AXIS2_PLACEMENT_3D('',#7743,#6368,#6369);
#5734=AXIS2_PLACEMENT_3D('',#7752,#6374,#6375);
#5735=AXIS2_PLACEMENT_3D('',#7758,#6379,#6380);
#5736=AXIS2_PLACEMENT_3D('',#7764,#6384,#6385);
#5737=AXIS2_PLACEMENT_3D('',#7770,#6389,#6390);
#5738=AXIS2_PLACEMENT_3D('',#7774,#6393,#6394);
#5739=AXIS2_PLACEMENT_3D('',#7778,#6397,#6398);
#5740=AXIS2_PLACEMENT_3D('',#7780,#6400,#6401);
#5741=AXIS2_PLACEMENT_3D('',#7786,#6405,#6406);
#5742=AXIS2_PLACEMENT_3D('',#7792,#6410,#6411);
#5743=AXIS2_PLACEMENT_3D('',#7796,#6414,#6415);
#5744=AXIS2_PLACEMENT_3D('',#7798,#6417,#6418);
#5745=AXIS2_PLACEMENT_3D('',#7800,#6420,#6421);
#5746=AXIS2_PLACEMENT_3D('',#7804,#6424,#6425);
#5747=AXIS2_PLACEMENT_3D('',#7806,#6427,#6428);
#5748=AXIS2_PLACEMENT_3D('',#7810,#6431,#6432);
#5749=AXIS2_PLACEMENT_3D('',#7814,#6435,#6436);
#5750=AXIS2_PLACEMENT_3D('',#7815,#6437,#6438);
#5751=AXIS2_PLACEMENT_3D('',#7816,#6439,#6440);
#5752=AXIS2_PLACEMENT_3D('',#7822,#6444,#6445);
#5753=AXIS2_PLACEMENT_3D('',#7823,#6446,#6447);
#5754=AXIS2_PLACEMENT_3D('',#7824,#6448,#6449);
#5755=AXIS2_PLACEMENT_3D('',#7826,#6451,#6452);
#5756=AXIS2_PLACEMENT_3D('',#7835,#6457,#6458);
#5757=AXIS2_PLACEMENT_3D('',#7841,#6461,#6462);
#5758=AXIS2_PLACEMENT_3D('',#7848,#6466,#6467);
#5759=AXIS2_PLACEMENT_3D('',#7849,#6468,#6469);
#5760=AXIS2_PLACEMENT_3D('',#7858,#6474,#6475);
#5761=AXIS2_PLACEMENT_3D('',#7864,#6479,#6480);
#5762=AXIS2_PLACEMENT_3D('',#7870,#6484,#6485);
#5763=AXIS2_PLACEMENT_3D('',#7876,#6489,#6490);
#5764=AXIS2_PLACEMENT_3D('',#7880,#6493,#6494);
#5765=AXIS2_PLACEMENT_3D('',#7884,#6497,#6498);
#5766=AXIS2_PLACEMENT_3D('',#7886,#6500,#6501);
#5767=AXIS2_PLACEMENT_3D('',#7892,#6505,#6506);
#5768=AXIS2_PLACEMENT_3D('',#7898,#6510,#6511);
#5769=AXIS2_PLACEMENT_3D('',#7902,#6514,#6515);
#5770=AXIS2_PLACEMENT_3D('',#7904,#6517,#6518);
#5771=AXIS2_PLACEMENT_3D('',#7906,#6520,#6521);
#5772=AXIS2_PLACEMENT_3D('',#7910,#6524,#6525);
#5773=AXIS2_PLACEMENT_3D('',#7912,#6527,#6528);
#5774=AXIS2_PLACEMENT_3D('',#7916,#6531,#6532);
#5775=AXIS2_PLACEMENT_3D('',#7920,#6535,#6536);
#5776=AXIS2_PLACEMENT_3D('',#7921,#6537,#6538);
#5777=AXIS2_PLACEMENT_3D('',#7922,#6539,#6540);
#5778=AXIS2_PLACEMENT_3D('',#7928,#6544,#6545);
#5779=AXIS2_PLACEMENT_3D('',#7929,#6546,#6547);
#5780=AXIS2_PLACEMENT_3D('',#7930,#6548,#6549);
#5781=AXIS2_PLACEMENT_3D('',#7932,#6551,#6552);
#5782=AXIS2_PLACEMENT_3D('',#7941,#6557,#6558);
#5783=AXIS2_PLACEMENT_3D('',#7947,#6561,#6562);
#5784=AXIS2_PLACEMENT_3D('',#7954,#6566,#6567);
#5785=AXIS2_PLACEMENT_3D('',#7955,#6568,#6569);
#5786=AXIS2_PLACEMENT_3D('',#7964,#6574,#6575);
#5787=AXIS2_PLACEMENT_3D('',#7970,#6579,#6580);
#5788=AXIS2_PLACEMENT_3D('',#7976,#6584,#6585);
#5789=AXIS2_PLACEMENT_3D('',#7982,#6589,#6590);
#5790=AXIS2_PLACEMENT_3D('',#7986,#6593,#6594);
#5791=AXIS2_PLACEMENT_3D('',#7990,#6597,#6598);
#5792=AXIS2_PLACEMENT_3D('',#7992,#6600,#6601);
#5793=AXIS2_PLACEMENT_3D('',#7998,#6605,#6606);
#5794=AXIS2_PLACEMENT_3D('',#8004,#6610,#6611);
#5795=AXIS2_PLACEMENT_3D('',#8008,#6614,#6615);
#5796=AXIS2_PLACEMENT_3D('',#8010,#6617,#6618);
#5797=AXIS2_PLACEMENT_3D('',#8012,#6620,#6621);
#5798=AXIS2_PLACEMENT_3D('',#8016,#6624,#6625);
#5799=AXIS2_PLACEMENT_3D('',#8018,#6627,#6628);
#5800=AXIS2_PLACEMENT_3D('',#8022,#6631,#6632);
#5801=AXIS2_PLACEMENT_3D('',#8026,#6635,#6636);
#5802=AXIS2_PLACEMENT_3D('',#8027,#6637,#6638);
#5803=AXIS2_PLACEMENT_3D('',#8028,#6639,#6640);
#5804=AXIS2_PLACEMENT_3D('',#8034,#6644,#6645);
#5805=AXIS2_PLACEMENT_3D('',#8035,#6646,#6647);
#5806=AXIS2_PLACEMENT_3D('',#8036,#6648,#6649);
#5807=AXIS2_PLACEMENT_3D('',#8038,#6651,#6652);
#5808=AXIS2_PLACEMENT_3D('',#8047,#6657,#6658);
#5809=AXIS2_PLACEMENT_3D('',#8053,#6661,#6662);
#5810=AXIS2_PLACEMENT_3D('',#8060,#6666,#6667);
#5811=AXIS2_PLACEMENT_3D('',#8061,#6668,#6669);
#5812=AXIS2_PLACEMENT_3D('',#8070,#6674,#6675);
#5813=AXIS2_PLACEMENT_3D('',#8076,#6679,#6680);
#5814=AXIS2_PLACEMENT_3D('',#8082,#6684,#6685);
#5815=AXIS2_PLACEMENT_3D('',#8088,#6689,#6690);
#5816=AXIS2_PLACEMENT_3D('',#8092,#6693,#6694);
#5817=AXIS2_PLACEMENT_3D('',#8096,#6697,#6698);
#5818=AXIS2_PLACEMENT_3D('',#8098,#6700,#6701);
#5819=AXIS2_PLACEMENT_3D('',#8104,#6705,#6706);
#5820=AXIS2_PLACEMENT_3D('',#8110,#6710,#6711);
#5821=AXIS2_PLACEMENT_3D('',#8114,#6714,#6715);
#5822=AXIS2_PLACEMENT_3D('',#8116,#6717,#6718);
#5823=AXIS2_PLACEMENT_3D('',#8118,#6720,#6721);
#5824=AXIS2_PLACEMENT_3D('',#8122,#6724,#6725);
#5825=AXIS2_PLACEMENT_3D('',#8124,#6727,#6728);
#5826=AXIS2_PLACEMENT_3D('',#8128,#6731,#6732);
#5827=AXIS2_PLACEMENT_3D('',#8132,#6735,#6736);
#5828=AXIS2_PLACEMENT_3D('',#8133,#6737,#6738);
#5829=AXIS2_PLACEMENT_3D('',#8134,#6739,#6740);
#5830=AXIS2_PLACEMENT_3D('',#8140,#6744,#6745);
#5831=AXIS2_PLACEMENT_3D('',#8141,#6746,#6747);
#5832=AXIS2_PLACEMENT_3D('',#8142,#6748,#6749);
#5833=AXIS2_PLACEMENT_3D('',#8144,#6751,#6752);
#5834=AXIS2_PLACEMENT_3D('',#8153,#6757,#6758);
#5835=AXIS2_PLACEMENT_3D('',#8162,#6763,#6764);
#5836=AXIS2_PLACEMENT_3D('',#8171,#6769,#6770);
#5837=AXIS2_PLACEMENT_3D('',#8180,#6775,#6776);
#5838=AXIS2_PLACEMENT_3D('',#8186,#6780,#6781);
#5839=AXIS2_PLACEMENT_3D('',#8192,#6785,#6786);
#5840=AXIS2_PLACEMENT_3D('',#8198,#6790,#6791);
#5841=AXIS2_PLACEMENT_3D('',#8204,#6795,#6796);
#5842=AXIS2_PLACEMENT_3D('',#8210,#6800,#6801);
#5843=AXIS2_PLACEMENT_3D('',#8216,#6805,#6806);
#5844=AXIS2_PLACEMENT_3D('',#8222,#6810,#6811);
#5845=AXIS2_PLACEMENT_3D('',#8228,#6815,#6816);
#5846=AXIS2_PLACEMENT_3D('',#8237,#6821,#6822);
#5847=AXIS2_PLACEMENT_3D('',#8240,#6825,#6826);
#5848=AXIS2_PLACEMENT_3D('',#8243,#6829,#6830);
#5849=AXIS2_PLACEMENT_3D('',#8246,#6833,#6834);
#5850=AXIS2_PLACEMENT_3D('',#8249,#6837,#6838);
#5851=AXIS2_PLACEMENT_3D('',#8255,#6842,#6843);
#5852=AXIS2_PLACEMENT_3D('',#8261,#6847,#6848);
#5853=AXIS2_PLACEMENT_3D('',#8262,#6849,#6850);
#5854=AXIS2_PLACEMENT_3D('',#8265,#6853,#6854);
#5855=AXIS2_PLACEMENT_3D('',#8266,#6855,#6856);
#5856=AXIS2_PLACEMENT_3D('',#8291,#6869,#6870);
#5857=AXIS2_PLACEMENT_3D('',#8316,#6883,#6884);
#5858=AXIS2_PLACEMENT_3D('',#8325,#6889,#6890);
#5859=AXIS2_PLACEMENT_3D('',#8334,#6895,#6896);
#5860=AXIS2_PLACEMENT_3D('',#8343,#6901,#6902);
#5861=AXIS2_PLACEMENT_3D('',#8352,#6907,#6908);
#5862=AXIS2_PLACEMENT_3D('',#8355,#6911,#6912);
#5863=AXIS2_PLACEMENT_3D('',#8358,#6915,#6916);
#5864=AXIS2_PLACEMENT_3D('',#8363,#6921,#6922);
#5865=AXIS2_PLACEMENT_3D('',#8365,#6924,#6925);
#5866=AXIS2_PLACEMENT_3D('',#8367,#6927,#6928);
#5867=AXIS2_PLACEMENT_3D('',#8371,#6932,#6933);
#5868=AXIS2_PLACEMENT_3D('',#8373,#6935,#6936);
#5869=AXIS2_PLACEMENT_3D('',#8374,#6937,#6938);
#5870=AXIS2_PLACEMENT_3D('',#8376,#6940,#6941);
#5871=AXIS2_PLACEMENT_3D('',#8377,#6942,#6943);
#5872=AXIS2_PLACEMENT_3D('',#8379,#6945,#6946);
#5873=AXIS2_PLACEMENT_3D('',#8380,#6947,#6948);
#5874=AXIS2_PLACEMENT_3D('',#8386,#6952,#6953);
#5875=AXIS2_PLACEMENT_3D('',#8392,#6957,#6958);
#5876=AXIS2_PLACEMENT_3D('',#8396,#6961,#6962);
#5877=AXIS2_PLACEMENT_3D('',#8400,#6965,#6966);
#5878=AXIS2_PLACEMENT_3D('',#8404,#6969,#6970);
#5879=AXIS2_PLACEMENT_3D('',#8406,#6972,#6973);
#5880=AXIS2_PLACEMENT_3D('',#8423,#6982,#6983);
#5881=AXIS2_PLACEMENT_3D('',#8448,#6996,#6997);
#5882=AXIS2_PLACEMENT_3D('',#8457,#7002,#7003);
#5883=AXIS2_PLACEMENT_3D('',#8466,#7008,#7009);
#5884=AXIS2_PLACEMENT_3D('',#8475,#7014,#7015);
#5885=AXIS2_PLACEMENT_3D('',#8484,#7020,#7021);
#5886=AXIS2_PLACEMENT_3D('',#8487,#7024,#7025);
#5887=AXIS2_PLACEMENT_3D('',#8490,#7028,#7029);
#5888=AXIS2_PLACEMENT_3D('',#8495,#7034,#7035);
#5889=AXIS2_PLACEMENT_3D('',#8497,#7037,#7038);
#5890=AXIS2_PLACEMENT_3D('',#8499,#7040,#7041);
#5891=AXIS2_PLACEMENT_3D('',#8503,#7045,#7046);
#5892=AXIS2_PLACEMENT_3D('',#8505,#7048,#7049);
#5893=AXIS2_PLACEMENT_3D('',#8506,#7050,#7051);
#5894=AXIS2_PLACEMENT_3D('',#8508,#7053,#7054);
#5895=AXIS2_PLACEMENT_3D('',#8509,#7055,#7056);
#5896=AXIS2_PLACEMENT_3D('',#8511,#7058,#7059);
#5897=AXIS2_PLACEMENT_3D('',#8512,#7060,#7061);
#5898=AXIS2_PLACEMENT_3D('',#8518,#7065,#7066);
#5899=AXIS2_PLACEMENT_3D('',#8522,#7069,#7070);
#5900=AXIS2_PLACEMENT_3D('',#8526,#7073,#7074);
#5901=AXIS2_PLACEMENT_3D('',#8530,#7077,#7078);
#5902=AXIS2_PLACEMENT_3D('',#8532,#7080,#7081);
#5903=AXIS2_PLACEMENT_3D('',#8549,#7090,#7091);
#5904=AXIS2_PLACEMENT_3D('',#8574,#7104,#7105);
#5905=AXIS2_PLACEMENT_3D('',#8583,#7110,#7111);
#5906=AXIS2_PLACEMENT_3D('',#8592,#7116,#7117);
#5907=AXIS2_PLACEMENT_3D('',#8601,#7122,#7123);
#5908=AXIS2_PLACEMENT_3D('',#8610,#7128,#7129);
#5909=AXIS2_PLACEMENT_3D('',#8613,#7132,#7133);
#5910=AXIS2_PLACEMENT_3D('',#8616,#7136,#7137);
#5911=AXIS2_PLACEMENT_3D('',#8621,#7142,#7143);
#5912=AXIS2_PLACEMENT_3D('',#8623,#7145,#7146);
#5913=AXIS2_PLACEMENT_3D('',#8625,#7148,#7149);
#5914=AXIS2_PLACEMENT_3D('',#8629,#7153,#7154);
#5915=AXIS2_PLACEMENT_3D('',#8631,#7156,#7157);
#5916=AXIS2_PLACEMENT_3D('',#8632,#7158,#7159);
#5917=AXIS2_PLACEMENT_3D('',#8634,#7161,#7162);
#5918=AXIS2_PLACEMENT_3D('',#8635,#7163,#7164);
#5919=AXIS2_PLACEMENT_3D('',#8637,#7166,#7167);
#5920=AXIS2_PLACEMENT_3D('',#8638,#7168,#7169);
#5921=AXIS2_PLACEMENT_3D('',#8644,#7173,#7174);
#5922=AXIS2_PLACEMENT_3D('',#8646,#7176,#7177);
#5923=AXIS2_PLACEMENT_3D('',#8650,#7180,#7181);
#5924=AXIS2_PLACEMENT_3D('',#8654,#7184,#7185);
#5925=AXIS2_PLACEMENT_3D('',#8656,#7187,#7188);
#5926=AXIS2_PLACEMENT_3D('',#8673,#7197,#7198);
#5927=AXIS2_PLACEMENT_3D('',#8698,#7211,#7212);
#5928=AXIS2_PLACEMENT_3D('',#8707,#7217,#7218);
#5929=AXIS2_PLACEMENT_3D('',#8716,#7223,#7224);
#5930=AXIS2_PLACEMENT_3D('',#8725,#7229,#7230);
#5931=AXIS2_PLACEMENT_3D('',#8734,#7235,#7236);
#5932=AXIS2_PLACEMENT_3D('',#8737,#7239,#7240);
#5933=AXIS2_PLACEMENT_3D('',#8740,#7243,#7244);
#5934=AXIS2_PLACEMENT_3D('',#8745,#7249,#7250);
#5935=AXIS2_PLACEMENT_3D('',#8747,#7252,#7253);
#5936=AXIS2_PLACEMENT_3D('',#8749,#7255,#7256);
#5937=AXIS2_PLACEMENT_3D('',#8753,#7260,#7261);
#5938=AXIS2_PLACEMENT_3D('',#8755,#7263,#7264);
#5939=AXIS2_PLACEMENT_3D('',#8756,#7265,#7266);
#5940=AXIS2_PLACEMENT_3D('',#8758,#7268,#7269);
#5941=AXIS2_PLACEMENT_3D('',#8759,#7270,#7271);
#5942=AXIS2_PLACEMENT_3D('',#8761,#7273,#7274);
#5943=AXIS2_PLACEMENT_3D('',#8762,#7275,#7276);
#5944=AXIS2_PLACEMENT_3D('',#8768,#7280,#7281);
#5945=AXIS2_PLACEMENT_3D('',#8772,#7284,#7285);
#5946=AXIS2_PLACEMENT_3D('',#8776,#7288,#7289);
#5947=AXIS2_PLACEMENT_3D('',#8778,#7291,#7292);
#5948=AXIS2_PLACEMENT_3D('',#8779,#7293,#7294);
#5949=DIRECTION('axis',(0.,0.,1.));
#5950=DIRECTION('refdir',(1.,0.,0.));
#5951=DIRECTION('center_axis',(-6.12323399573676E-17,1.2325574310505E-16,
1.));
#5952=DIRECTION('ref_axis',(-7.54723756350637E-33,-1.,1.2325574310505E-16));
#5953=DIRECTION('',(1.,0.,6.12323399573676E-17));
#5954=DIRECTION('',(-7.54723756350637E-33,-1.,1.2325574310505E-16));
#5955=DIRECTION('',(1.,0.,6.12323399573676E-17));
#5956=DIRECTION('',(7.54723756350637E-33,1.,-1.2325574310505E-16));
#5957=DIRECTION('center_axis',(1.,0.,6.12323399573676E-17));
#5958=DIRECTION('ref_axis',(6.12323399573676E-17,0.,-1.));
#5959=DIRECTION('',(-6.12323399573676E-17,0.,1.));
#5960=DIRECTION('',(0.,1.,0.));
#5961=DIRECTION('center_axis',(1.,0.,6.12323399573676E-17));
#5962=DIRECTION('ref_axis',(6.12323399573676E-17,0.,-1.));
#5963=DIRECTION('',(6.12323399573676E-17,0.,-1.));
#5964=DIRECTION('',(-6.8875350649754E-49,1.,1.12481983699639E-32));
#5965=DIRECTION('',(-6.12323399573676E-17,1.26786273817631E-16,1.));
#5966=DIRECTION('center_axis',(1.,0.,6.12323399573676E-17));
#5967=DIRECTION('ref_axis',(6.12323399573676E-17,0.,-1.));
#5968=DIRECTION('center_axis',(6.12323399573676E-17,0.,-1.));
#5969=DIRECTION('ref_axis',(-1.,0.,-6.12323399573676E-17));
#5970=DIRECTION('',(-1.,0.,-6.12323399573676E-17));
#5971=DIRECTION('',(0.,-1.,0.));
#5972=DIRECTION('',(-1.,0.,-6.12323399573676E-17));
#5973=DIRECTION('',(0.,1.,0.));
#5974=DIRECTION('center_axis',(1.,0.,6.12323399573676E-17));
#5975=DIRECTION('ref_axis',(6.12323399573676E-17,0.,-1.));
#5976=DIRECTION('',(-6.12323399573676E-17,0.,1.));
#5977=DIRECTION('',(0.,1.,0.));
#5978=DIRECTION('',(-6.12323399573676E-17,0.,1.));
#5979=DIRECTION('center_axis',(0.894427190999916,1.64303609479261E-16,-0.447213595499958));
#5980=DIRECTION('ref_axis',(-0.447213595499958,-8.21518047396304E-17,-0.894427190999916));
#5981=DIRECTION('',(0.408248290463863,-0.408248290463863,0.816496580927726));
#5982=DIRECTION('',(-0.408248290463863,-0.408248290463863,-0.816496580927726));
#5983=DIRECTION('',(1.83697019872103E-16,-1.,-6.12303176911189E-17));
#5984=DIRECTION('center_axis',(-6.12323399573676E-17,-6.12303176911189E-17,
1.));
#5985=DIRECTION('ref_axis',(3.74927562856021E-33,-1.,-6.12303176911189E-17));
#5986=DIRECTION('',(1.,1.22464679914735E-16,6.12323399573677E-17));
#5987=DIRECTION('',(-6.12323399573676E-17,1.,6.12303176911189E-17));
#5988=DIRECTION('',(-1.,0.,-6.12323399573676E-17));
#5989=DIRECTION('center_axis',(-8.21518047396304E-17,0.894427190999916,
-0.447213595499958));
#5990=DIRECTION('ref_axis',(1.09535739652841E-16,-0.447213595499958,-0.894427190999916));
#5991=DIRECTION('',(-1.,0.,-6.12323399573676E-17));
#5992=DIRECTION('',(0.408248290463863,-0.408248290463863,-0.816496580927726));
#5993=DIRECTION('center_axis',(-0.894427190999916,-5.47678698264203E-17,
-0.447213595499958));
#5994=DIRECTION('ref_axis',(0.447213595499958,2.73839349132101E-17,-0.894427190999916));
#5995=DIRECTION('',(-2.29584502165847E-49,-1.,3.74939945665464E-33));
#5996=DIRECTION('',(0.408248290463863,0.408248290463863,-0.816496580927726));
#5997=DIRECTION('center_axis',(2.73839349132101E-17,-0.894427190999916,
-0.447213595499958));
#5998=DIRECTION('ref_axis',(5.47678698264203E-17,0.447213595499958,-0.894427190999916));
#5999=DIRECTION('',(1.,0.,6.12323399573676E-17));
#6000=DIRECTION('center_axis',(-0.894427190999916,-0.447213595499958,-2.19071479305681E-16));
#6001=DIRECTION('ref_axis',(0.447213595499958,-0.894427190999916,1.09535739652841E-16));
#6002=DIRECTION('',(-0.408248290463863,0.816496580927726,-0.408248290463863));
#6003=DIRECTION('',(0.408248290463863,-0.816496580927726,-0.408248290463863));
#6004=DIRECTION('',(2.44929359829471E-16,0.,-1.));
#6005=DIRECTION('center_axis',(0.,-1.,0.));
#6006=DIRECTION('ref_axis',(-1.,0.,-6.12323399573676E-17));
#6007=DIRECTION('',(-1.,0.,-6.12323399573676E-17));
#6008=DIRECTION('',(-1.22464679914735E-16,0.,1.));
#6009=DIRECTION('',(1.,0.,1.83697019872103E-16));
#6010=DIRECTION('center_axis',(-5.47678698264203E-17,-0.447213595499958,
0.894427190999916));
#6011=DIRECTION('ref_axis',(2.73839349132101E-17,-0.894427190999916,-0.447213595499958));
#6012=DIRECTION('',(1.,0.,6.12323399573676E-17));
#6013=DIRECTION('',(0.408248290463863,0.816496580927726,0.408248290463863));
#6014=DIRECTION('center_axis',(1.64303609479261E-16,-0.447213595499958,
-0.894427190999916));
#6015=DIRECTION('ref_axis',(-8.21518047396304E-17,-0.894427190999916,0.447213595499958));
#6016=DIRECTION('',(0.408248290463863,0.816496580927726,-0.408248290463863));
#6017=DIRECTION('center_axis',(0.894427190999916,-0.447213595499958,1.09535739652841E-16));
#6018=DIRECTION('ref_axis',(-0.447213595499958,-0.894427190999916,-5.47678698264203E-17));
#6019=DIRECTION('',(6.12323399573676E-17,0.,-1.));
#6020=DIRECTION('center_axis',(1.,0.,6.12323399573676E-17));
#6021=DIRECTION('ref_axis',(6.12323399573676E-17,0.,-1.));
#6022=DIRECTION('',(6.12323399573676E-17,0.,-1.));
#6023=DIRECTION('',(0.,-1.,0.));
#6024=DIRECTION('center_axis',(-6.12323399573676E-17,0.,1.));
#6025=DIRECTION('ref_axis',(1.,0.,6.12323399573676E-17));
#6026=DIRECTION('',(1.,0.,6.12323399573676E-17));
#6027=DIRECTION('center_axis',(0.,-1.,0.));
#6028=DIRECTION('ref_axis',(6.12323399573676E-17,0.,-1.));
#6029=DIRECTION('',(1.,0.,6.12323399573676E-17));
#6030=DIRECTION('',(-6.12323399573676E-17,0.,1.));
#6031=DIRECTION('center_axis',(7.76342022032907E-33,1.,-1.26786273817631E-16));
#6032=DIRECTION('ref_axis',(-6.12323399573676E-17,1.26786273817631E-16,
1.));
#6033=DIRECTION('',(6.12323399573676E-17,-1.26786273817631E-16,-1.));
#6034=DIRECTION('',(1.,0.,6.12323399573676E-17));
#6035=DIRECTION('center_axis',(1.,0.,6.12323399573676E-17));
#6036=DIRECTION('ref_axis',(6.12323399573676E-17,0.,-1.));
#6037=DIRECTION('center_axis',(1.,0.,6.12323399573676E-17));
#6038=DIRECTION('ref_axis',(6.12323399573676E-17,0.,-1.));
#6039=DIRECTION('center_axis',(6.12323399573676E-17,0.,-1.));
#6040=DIRECTION('ref_axis',(0.,1.,0.));
#6041=DIRECTION('',(-1.,0.,-6.12323399573676E-17));
#6042=DIRECTION('',(0.,-1.,0.));
#6043=DIRECTION('',(1.,0.,6.12323399573676E-17));
#6044=DIRECTION('center_axis',(1.,0.,6.12323399573676E-17));
#6045=DIRECTION('ref_axis',(6.12323399573676E-17,0.,-1.));
#6046=DIRECTION('center_axis',(-1.,0.,-6.12323399573676E-17));
#6047=DIRECTION('ref_axis',(6.12323399573676E-17,0.,-1.));
#6048=DIRECTION('center_axis',(1.,0.,6.12323399573676E-17));
#6049=DIRECTION('ref_axis',(6.12323399573676E-17,0.,-1.));
#6050=DIRECTION('',(6.12323399573676E-17,0.,-1.));
#6051=DIRECTION('center_axis',(-6.12323399573676E-17,1.2325574310505E-16,
1.));
#6052=DIRECTION('ref_axis',(-7.54723756350637E-33,-1.,1.2325574310505E-16));
#6053=DIRECTION('',(1.,0.,6.12323399573676E-17));
#6054=DIRECTION('',(-7.54723756350637E-33,-1.,1.2325574310505E-16));
#6055=DIRECTION('',(1.,0.,6.12323399573676E-17));
#6056=DIRECTION('',(7.54723756350637E-33,1.,-1.2325574310505E-16));
#6057=DIRECTION('center_axis',(1.,0.,6.12323399573676E-17));
#6058=DIRECTION('ref_axis',(6.12323399573676E-17,0.,-1.));
#6059=DIRECTION('',(-6.12323399573676E-17,0.,1.));
#6060=DIRECTION('',(0.,1.,0.));
#6061=DIRECTION('center_axis',(1.,0.,6.12323399573676E-17));
#6062=DIRECTION('ref_axis',(6.12323399573676E-17,0.,-1.));
#6063=DIRECTION('',(6.12323399573676E-17,0.,-1.));
#6064=DIRECTION('',(-6.8875350649754E-49,1.,1.12481983699639E-32));
#6065=DIRECTION('',(-6.12323399573676E-17,1.26786273817631E-16,1.));
#6066=DIRECTION('center_axis',(1.,0.,6.12323399573676E-17));
#6067=DIRECTION('ref_axis',(6.12323399573676E-17,0.,-1.));
#6068=DIRECTION('center_axis',(6.12323399573676E-17,0.,-1.));
#6069=DIRECTION('ref_axis',(-1.,0.,-6.12323399573676E-17));
#6070=DIRECTION('',(-1.,0.,-6.12323399573676E-17));
#6071=DIRECTION('',(0.,-1.,0.));
#6072=DIRECTION('',(-1.,0.,-6.12323399573676E-17));
#6073=DIRECTION('',(0.,1.,0.));
#6074=DIRECTION('center_axis',(1.,0.,6.12323399573676E-17));
#6075=DIRECTION('ref_axis',(6.12323399573676E-17,0.,-1.));
#6076=DIRECTION('',(-6.12323399573676E-17,0.,1.));
#6077=DIRECTION('',(0.,1.,0.));
#6078=DIRECTION('',(-6.12323399573676E-17,0.,1.));
#6079=DIRECTION('center_axis',(0.894427190999916,1.64303609479261E-16,-0.447213595499958));
#6080=DIRECTION('ref_axis',(-0.447213595499958,-8.21518047396304E-17,-0.894427190999916));
#6081=DIRECTION('',(0.408248290463863,-0.408248290463863,0.816496580927726));
#6082=DIRECTION('',(-0.408248290463863,-0.408248290463863,-0.816496580927726));
#6083=DIRECTION('',(1.83697019872103E-16,-1.,-6.12303176911189E-17));
#6084=DIRECTION('center_axis',(-6.12323399573676E-17,-6.12303176911189E-17,
1.));
#6085=DIRECTION('ref_axis',(3.74927562856021E-33,-1.,-6.12303176911189E-17));
#6086=DIRECTION('',(1.,1.22464679914735E-16,6.12323399573677E-17));
#6087=DIRECTION('',(-6.12323399573676E-17,1.,6.12303176911189E-17));
#6088=DIRECTION('',(-1.,0.,-6.12323399573676E-17));
#6089=DIRECTION('center_axis',(-8.21518047396304E-17,0.894427190999916,
-0.447213595499958));
#6090=DIRECTION('ref_axis',(1.09535739652841E-16,-0.447213595499958,-0.894427190999916));
#6091=DIRECTION('',(-1.,0.,-6.12323399573676E-17));
#6092=DIRECTION('',(0.408248290463863,-0.408248290463863,-0.816496580927726));
#6093=DIRECTION('center_axis',(-0.894427190999916,-5.47678698264203E-17,
-0.447213595499958));
#6094=DIRECTION('ref_axis',(0.447213595499958,2.73839349132101E-17,-0.894427190999916));
#6095=DIRECTION('',(-2.29584502165847E-49,-1.,3.74939945665464E-33));
#6096=DIRECTION('',(0.408248290463863,0.408248290463863,-0.816496580927726));
#6097=DIRECTION('center_axis',(2.73839349132101E-17,-0.894427190999916,
-0.447213595499958));
#6098=DIRECTION('ref_axis',(5.47678698264203E-17,0.447213595499958,-0.894427190999916));
#6099=DIRECTION('',(1.,0.,6.12323399573676E-17));
#6100=DIRECTION('center_axis',(-0.894427190999916,-0.447213595499958,-2.19071479305681E-16));
#6101=DIRECTION('ref_axis',(0.447213595499958,-0.894427190999916,1.09535739652841E-16));
#6102=DIRECTION('',(-0.408248290463863,0.816496580927726,-0.408248290463863));
#6103=DIRECTION('',(0.408248290463863,-0.816496580927726,-0.408248290463863));
#6104=DIRECTION('',(2.44929359829471E-16,0.,-1.));
#6105=DIRECTION('center_axis',(0.,-1.,0.));
#6106=DIRECTION('ref_axis',(-1.,0.,-6.12323399573676E-17));
#6107=DIRECTION('',(-1.,0.,-6.12323399573676E-17));
#6108=DIRECTION('',(-1.22464679914735E-16,0.,1.));
#6109=DIRECTION('',(1.,0.,1.83697019872103E-16));
#6110=DIRECTION('center_axis',(-5.47678698264203E-17,-0.447213595499958,
0.894427190999916));
#6111=DIRECTION('ref_axis',(2.73839349132101E-17,-0.894427190999916,-0.447213595499958));
#6112=DIRECTION('',(1.,0.,6.12323399573676E-17));
#6113=DIRECTION('',(0.408248290463863,0.816496580927726,0.408248290463863));
#6114=DIRECTION('center_axis',(1.64303609479261E-16,-0.447213595499958,
-0.894427190999916));
#6115=DIRECTION('ref_axis',(-8.21518047396304E-17,-0.894427190999916,0.447213595499958));
#6116=DIRECTION('',(0.408248290463863,0.816496580927726,-0.408248290463863));
#6117=DIRECTION('center_axis',(0.894427190999916,-0.447213595499958,1.09535739652841E-16));
#6118=DIRECTION('ref_axis',(-0.447213595499958,-0.894427190999916,-5.47678698264203E-17));
#6119=DIRECTION('',(6.12323399573676E-17,0.,-1.));
#6120=DIRECTION('center_axis',(1.,0.,6.12323399573676E-17));
#6121=DIRECTION('ref_axis',(6.12323399573676E-17,0.,-1.));
#6122=DIRECTION('',(6.12323399573676E-17,0.,-1.));
#6123=DIRECTION('',(0.,-1.,0.));
#6124=DIRECTION('center_axis',(-6.12323399573676E-17,0.,1.));
#6125=DIRECTION('ref_axis',(1.,0.,6.12323399573676E-17));
#6126=DIRECTION('',(1.,0.,6.12323399573676E-17));
#6127=DIRECTION('center_axis',(0.,-1.,0.));
#6128=DIRECTION('ref_axis',(6.12323399573676E-17,0.,-1.));
#6129=DIRECTION('',(1.,0.,6.12323399573676E-17));
#6130=DIRECTION('',(-6.12323399573676E-17,0.,1.));
#6131=DIRECTION('center_axis',(7.76342022032907E-33,1.,-1.26786273817631E-16));
#6132=DIRECTION('ref_axis',(-6.12323399573676E-17,1.26786273817631E-16,
1.));
#6133=DIRECTION('',(6.12323399573676E-17,-1.26786273817631E-16,-1.));
#6134=DIRECTION('',(1.,0.,6.12323399573676E-17));
#6135=DIRECTION('center_axis',(1.,0.,6.12323399573676E-17));
#6136=DIRECTION('ref_axis',(6.12323399573676E-17,0.,-1.));
#6137=DIRECTION('center_axis',(1.,0.,6.12323399573676E-17));
#6138=DIRECTION('ref_axis',(6.12323399573676E-17,0.,-1.));
#6139=DIRECTION('center_axis',(6.12323399573676E-17,0.,-1.));
#6140=DIRECTION('ref_axis',(0.,1.,0.));
#6141=DIRECTION('',(-1.,0.,-6.12323399573676E-17));
#6142=DIRECTION('',(0.,-1.,0.));
#6143=DIRECTION('',(1.,0.,6.12323399573676E-17));
#6144=DIRECTION('center_axis',(1.,0.,6.12323399573676E-17));
#6145=DIRECTION('ref_axis',(6.12323399573676E-17,0.,-1.));
#6146=DIRECTION('center_axis',(-1.,0.,-6.12323399573676E-17));
#6147=DIRECTION('ref_axis',(6.12323399573676E-17,0.,-1.));
#6148=DIRECTION('center_axis',(1.,0.,6.12323399573676E-17));
#6149=DIRECTION('ref_axis',(6.12323399573676E-17,0.,-1.));
#6150=DIRECTION('',(6.12323399573676E-17,0.,-1.));
#6151=DIRECTION('center_axis',(-6.12323399573676E-17,1.2325574310505E-16,
1.));
#6152=DIRECTION('ref_axis',(-7.54723756350637E-33,-1.,1.2325574310505E-16));
#6153=DIRECTION('',(1.,0.,6.12323399573676E-17));
#6154=DIRECTION('',(-7.54723756350637E-33,-1.,1.2325574310505E-16));
#6155=DIRECTION('',(1.,0.,6.12323399573676E-17));
#6156=DIRECTION('',(7.54723756350637E-33,1.,-1.2325574310505E-16));
#6157=DIRECTION('center_axis',(1.,0.,6.12323399573676E-17));
#6158=DIRECTION('ref_axis',(6.12323399573676E-17,0.,-1.));
#6159=DIRECTION('',(-6.12323399573676E-17,0.,1.));
#6160=DIRECTION('',(0.,1.,0.));
#6161=DIRECTION('center_axis',(1.,0.,6.12323399573676E-17));
#6162=DIRECTION('ref_axis',(6.12323399573676E-17,0.,-1.));
#6163=DIRECTION('',(6.12323399573676E-17,0.,-1.));
#6164=DIRECTION('',(-6.8875350649754E-49,1.,1.12481983699639E-32));
#6165=DIRECTION('',(-6.12323399573676E-17,1.26786273817631E-16,1.));
#6166=DIRECTION('center_axis',(1.,0.,6.12323399573676E-17));
#6167=DIRECTION('ref_axis',(6.12323399573676E-17,0.,-1.));
#6168=DIRECTION('center_axis',(6.12323399573676E-17,0.,-1.));
#6169=DIRECTION('ref_axis',(-1.,0.,-6.12323399573676E-17));
#6170=DIRECTION('',(-1.,0.,-6.12323399573676E-17));
#6171=DIRECTION('',(0.,-1.,0.));
#6172=DIRECTION('',(-1.,0.,-6.12323399573676E-17));
#6173=DIRECTION('',(0.,1.,0.));
#6174=DIRECTION('center_axis',(1.,0.,6.12323399573676E-17));
#6175=DIRECTION('ref_axis',(6.12323399573676E-17,0.,-1.));
#6176=DIRECTION('',(-6.12323399573676E-17,0.,1.));
#6177=DIRECTION('',(0.,1.,0.));
#6178=DIRECTION('',(-6.12323399573676E-17,0.,1.));
#6179=DIRECTION('center_axis',(0.894427190999916,1.64303609479261E-16,-0.447213595499958));
#6180=DIRECTION('ref_axis',(-0.447213595499958,-8.21518047396304E-17,-0.894427190999916));
#6181=DIRECTION('',(0.408248290463863,-0.408248290463863,0.816496580927726));
#6182=DIRECTION('',(-0.408248290463863,-0.408248290463863,-0.816496580927726));
#6183=DIRECTION('',(1.83697019872103E-16,-1.,-6.12303176911189E-17));
#6184=DIRECTION('center_axis',(-6.12323399573676E-17,-6.12303176911189E-17,
1.));
#6185=DIRECTION('ref_axis',(3.74927562856021E-33,-1.,-6.12303176911189E-17));
#6186=DIRECTION('',(1.,1.22464679914735E-16,6.12323399573677E-17));
#6187=DIRECTION('',(-6.12323399573676E-17,1.,6.12303176911189E-17));
#6188=DIRECTION('',(-1.,0.,-6.12323399573676E-17));
#6189=DIRECTION('center_axis',(-8.21518047396304E-17,0.894427190999916,
-0.447213595499958));
#6190=DIRECTION('ref_axis',(1.09535739652841E-16,-0.447213595499958,-0.894427190999916));
#6191=DIRECTION('',(-1.,0.,-6.12323399573676E-17));
#6192=DIRECTION('',(0.408248290463863,-0.408248290463863,-0.816496580927726));
#6193=DIRECTION('center_axis',(-0.894427190999916,-5.47678698264203E-17,
-0.447213595499958));
#6194=DIRECTION('ref_axis',(0.447213595499958,2.73839349132101E-17,-0.894427190999916));
#6195=DIRECTION('',(-2.29584502165847E-49,-1.,3.74939945665464E-33));
#6196=DIRECTION('',(0.408248290463863,0.408248290463863,-0.816496580927726));
#6197=DIRECTION('center_axis',(2.73839349132101E-17,-0.894427190999916,
-0.447213595499958));
#6198=DIRECTION('ref_axis',(5.47678698264203E-17,0.447213595499958,-0.894427190999916));
#6199=DIRECTION('',(1.,0.,6.12323399573676E-17));
#6200=DIRECTION('center_axis',(-0.894427190999916,-0.447213595499958,-2.19071479305681E-16));
#6201=DIRECTION('ref_axis',(0.447213595499958,-0.894427190999916,1.09535739652841E-16));
#6202=DIRECTION('',(-0.408248290463863,0.816496580927726,-0.408248290463863));
#6203=DIRECTION('',(0.408248290463863,-0.816496580927726,-0.408248290463863));
#6204=DIRECTION('',(2.44929359829471E-16,0.,-1.));
#6205=DIRECTION('center_axis',(0.,-1.,0.));
#6206=DIRECTION('ref_axis',(-1.,0.,-6.12323399573676E-17));
#6207=DIRECTION('',(-1.,0.,-6.12323399573676E-17));
#6208=DIRECTION('',(-1.22464679914735E-16,0.,1.));
#6209=DIRECTION('',(1.,0.,1.83697019872103E-16));
#6210=DIRECTION('center_axis',(-5.47678698264203E-17,-0.447213595499958,
0.894427190999916));
#6211=DIRECTION('ref_axis',(2.73839349132101E-17,-0.894427190999916,-0.447213595499958));
#6212=DIRECTION('',(1.,0.,6.12323399573676E-17));
#6213=DIRECTION('',(0.408248290463863,0.816496580927726,0.408248290463863));
#6214=DIRECTION('center_axis',(1.64303609479261E-16,-0.447213595499958,
-0.894427190999916));
#6215=DIRECTION('ref_axis',(-8.21518047396304E-17,-0.894427190999916,0.447213595499958));
#6216=DIRECTION('',(0.408248290463863,0.816496580927726,-0.408248290463863));
#6217=DIRECTION('center_axis',(0.894427190999916,-0.447213595499958,1.09535739652841E-16));
#6218=DIRECTION('ref_axis',(-0.447213595499958,-0.894427190999916,-5.47678698264203E-17));
#6219=DIRECTION('',(6.12323399573676E-17,0.,-1.));
#6220=DIRECTION('center_axis',(1.,0.,6.12323399573676E-17));
#6221=DIRECTION('ref_axis',(6.12323399573676E-17,0.,-1.));
#6222=DIRECTION('',(6.12323399573676E-17,0.,-1.));
#6223=DIRECTION('',(0.,-1.,0.));
#6224=DIRECTION('center_axis',(-6.12323399573676E-17,0.,1.));
#6225=DIRECTION('ref_axis',(1.,0.,6.12323399573676E-17));
#6226=DIRECTION('',(1.,0.,6.12323399573676E-17));
#6227=DIRECTION('center_axis',(0.,-1.,0.));
#6228=DIRECTION('ref_axis',(6.12323399573676E-17,0.,-1.));
#6229=DIRECTION('',(1.,0.,6.12323399573676E-17));
#6230=DIRECTION('',(-6.12323399573676E-17,0.,1.));
#6231=DIRECTION('center_axis',(7.76342022032907E-33,1.,-1.26786273817631E-16));
#6232=DIRECTION('ref_axis',(-6.12323399573676E-17,1.26786273817631E-16,
1.));
#6233=DIRECTION('',(6.12323399573676E-17,-1.26786273817631E-16,-1.));
#6234=DIRECTION('',(1.,0.,6.12323399573676E-17));
#6235=DIRECTION('center_axis',(1.,0.,6.12323399573676E-17));
#6236=DIRECTION('ref_axis',(6.12323399573676E-17,0.,-1.));
#6237=DIRECTION('center_axis',(1.,0.,6.12323399573676E-17));
#6238=DIRECTION('ref_axis',(6.12323399573676E-17,0.,-1.));
#6239=DIRECTION('center_axis',(6.12323399573676E-17,0.,-1.));
#6240=DIRECTION('ref_axis',(0.,1.,0.));
#6241=DIRECTION('',(-1.,0.,-6.12323399573676E-17));
#6242=DIRECTION('',(0.,-1.,0.));
#6243=DIRECTION('',(1.,0.,6.12323399573676E-17));
#6244=DIRECTION('center_axis',(1.,0.,6.12323399573676E-17));
#6245=DIRECTION('ref_axis',(6.12323399573676E-17,0.,-1.));
#6246=DIRECTION('center_axis',(-1.,0.,-6.12323399573676E-17));
#6247=DIRECTION('ref_axis',(6.12323399573676E-17,0.,-1.));
#6248=DIRECTION('center_axis',(1.,0.,6.12323399573676E-17));
#6249=DIRECTION('ref_axis',(6.12323399573676E-17,0.,-1.));
#6250=DIRECTION('',(6.12323399573676E-17,0.,-1.));
#6251=DIRECTION('center_axis',(-6.12323399573676E-17,1.2325574310505E-16,
1.));
#6252=DIRECTION('ref_axis',(-7.54723756350637E-33,-1.,1.2325574310505E-16));
#6253=DIRECTION('',(1.,0.,6.12323399573676E-17));
#6254=DIRECTION('',(-7.54723756350637E-33,-1.,1.2325574310505E-16));
#6255=DIRECTION('',(1.,0.,6.12323399573676E-17));
#6256=DIRECTION('',(7.54723756350637E-33,1.,-1.2325574310505E-16));
#6257=DIRECTION('center_axis',(1.,0.,6.12323399573676E-17));
#6258=DIRECTION('ref_axis',(6.12323399573676E-17,0.,-1.));
#6259=DIRECTION('',(-6.12323399573676E-17,0.,1.));
#6260=DIRECTION('',(0.,1.,0.));
#6261=DIRECTION('center_axis',(1.,0.,6.12323399573676E-17));
#6262=DIRECTION('ref_axis',(6.12323399573676E-17,0.,-1.));
#6263=DIRECTION('',(6.12323399573676E-17,0.,-1.));
#6264=DIRECTION('',(-6.8875350649754E-49,1.,1.12481983699639E-32));
#6265=DIRECTION('',(-6.12323399573676E-17,1.26786273817631E-16,1.));
#6266=DIRECTION('center_axis',(1.,0.,6.12323399573676E-17));
#6267=DIRECTION('ref_axis',(6.12323399573676E-17,0.,-1.));
#6268=DIRECTION('center_axis',(6.12323399573676E-17,0.,-1.));
#6269=DIRECTION('ref_axis',(-1.,0.,-6.12323399573676E-17));
#6270=DIRECTION('',(-1.,0.,-6.12323399573676E-17));
#6271=DIRECTION('',(0.,-1.,0.));
#6272=DIRECTION('',(-1.,0.,-6.12323399573676E-17));
#6273=DIRECTION('',(0.,1.,0.));
#6274=DIRECTION('center_axis',(1.,0.,6.12323399573676E-17));
#6275=DIRECTION('ref_axis',(6.12323399573676E-17,0.,-1.));
#6276=DIRECTION('',(-6.12323399573676E-17,0.,1.));
#6277=DIRECTION('',(0.,1.,0.));
#6278=DIRECTION('',(-6.12323399573676E-17,0.,1.));
#6279=DIRECTION('center_axis',(0.894427190999916,1.64303609479261E-16,-0.447213595499958));
#6280=DIRECTION('ref_axis',(-0.447213595499958,-8.21518047396304E-17,-0.894427190999916));
#6281=DIRECTION('',(0.408248290463863,-0.408248290463863,0.816496580927726));
#6282=DIRECTION('',(-0.408248290463863,-0.408248290463863,-0.816496580927726));
#6283=DIRECTION('',(1.83697019872103E-16,-1.,-6.12303176911189E-17));
#6284=DIRECTION('center_axis',(-6.12323399573676E-17,-6.12303176911189E-17,
1.));
#6285=DIRECTION('ref_axis',(3.74927562856021E-33,-1.,-6.12303176911189E-17));
#6286=DIRECTION('',(1.,1.22464679914735E-16,6.12323399573677E-17));
#6287=DIRECTION('',(-6.12323399573676E-17,1.,6.12303176911189E-17));
#6288=DIRECTION('',(-1.,0.,-6.12323399573676E-17));
#6289=DIRECTION('center_axis',(-8.21518047396304E-17,0.894427190999916,
-0.447213595499958));
#6290=DIRECTION('ref_axis',(1.09535739652841E-16,-0.447213595499958,-0.894427190999916));
#6291=DIRECTION('',(-1.,0.,-6.12323399573676E-17));
#6292=DIRECTION('',(0.408248290463863,-0.408248290463863,-0.816496580927726));
#6293=DIRECTION('center_axis',(-0.894427190999916,-5.47678698264203E-17,
-0.447213595499958));
#6294=DIRECTION('ref_axis',(0.447213595499958,2.73839349132101E-17,-0.894427190999916));
#6295=DIRECTION('',(-2.29584502165847E-49,-1.,3.74939945665464E-33));
#6296=DIRECTION('',(0.408248290463863,0.408248290463863,-0.816496580927726));
#6297=DIRECTION('center_axis',(2.73839349132101E-17,-0.894427190999916,
-0.447213595499958));
#6298=DIRECTION('ref_axis',(5.47678698264203E-17,0.447213595499958,-0.894427190999916));
#6299=DIRECTION('',(1.,0.,6.12323399573676E-17));
#6300=DIRECTION('center_axis',(-0.894427190999916,-0.447213595499958,-2.19071479305681E-16));
#6301=DIRECTION('ref_axis',(0.447213595499958,-0.894427190999916,1.09535739652841E-16));
#6302=DIRECTION('',(-0.408248290463863,0.816496580927726,-0.408248290463863));
#6303=DIRECTION('',(0.408248290463863,-0.816496580927726,-0.408248290463863));
#6304=DIRECTION('',(2.44929359829471E-16,0.,-1.));
#6305=DIRECTION('center_axis',(0.,-1.,0.));
#6306=DIRECTION('ref_axis',(-1.,0.,-6.12323399573676E-17));
#6307=DIRECTION('',(-1.,0.,-6.12323399573676E-17));
#6308=DIRECTION('',(-1.22464679914735E-16,0.,1.));
#6309=DIRECTION('',(1.,0.,1.83697019872103E-16));
#6310=DIRECTION('center_axis',(-5.47678698264203E-17,-0.447213595499958,
0.894427190999916));
#6311=DIRECTION('ref_axis',(2.73839349132101E-17,-0.894427190999916,-0.447213595499958));
#6312=DIRECTION('',(1.,0.,6.12323399573676E-17));
#6313=DIRECTION('',(0.408248290463863,0.816496580927726,0.408248290463863));
#6314=DIRECTION('center_axis',(1.64303609479261E-16,-0.447213595499958,
-0.894427190999916));
#6315=DIRECTION('ref_axis',(-8.21518047396304E-17,-0.894427190999916,0.447213595499958));
#6316=DIRECTION('',(0.408248290463863,0.816496580927726,-0.408248290463863));
#6317=DIRECTION('center_axis',(0.894427190999916,-0.447213595499958,1.09535739652841E-16));
#6318=DIRECTION('ref_axis',(-0.447213595499958,-0.894427190999916,-5.47678698264203E-17));
#6319=DIRECTION('',(6.12323399573676E-17,0.,-1.));
#6320=DIRECTION('center_axis',(1.,0.,6.12323399573676E-17));
#6321=DIRECTION('ref_axis',(6.12323399573676E-17,0.,-1.));
#6322=DIRECTION('',(6.12323399573676E-17,0.,-1.));
#6323=DIRECTION('',(0.,-1.,0.));
#6324=DIRECTION('center_axis',(-6.12323399573676E-17,0.,1.));
#6325=DIRECTION('ref_axis',(1.,0.,6.12323399573676E-17));
#6326=DIRECTION('',(1.,0.,6.12323399573676E-17));
#6327=DIRECTION('center_axis',(0.,-1.,0.));
#6328=DIRECTION('ref_axis',(6.12323399573676E-17,0.,-1.));
#6329=DIRECTION('',(1.,0.,6.12323399573676E-17));
#6330=DIRECTION('',(-6.12323399573676E-17,0.,1.));
#6331=DIRECTION('center_axis',(7.76342022032907E-33,1.,-1.26786273817631E-16));
#6332=DIRECTION('ref_axis',(-6.12323399573676E-17,1.26786273817631E-16,
1.));
#6333=DIRECTION('',(6.12323399573676E-17,-1.26786273817631E-16,-1.));
#6334=DIRECTION('',(1.,0.,6.12323399573676E-17));
#6335=DIRECTION('center_axis',(1.,0.,6.12323399573676E-17));
#6336=DIRECTION('ref_axis',(6.12323399573676E-17,0.,-1.));
#6337=DIRECTION('center_axis',(1.,0.,6.12323399573676E-17));
#6338=DIRECTION('ref_axis',(6.12323399573676E-17,0.,-1.));
#6339=DIRECTION('center_axis',(6.12323399573676E-17,0.,-1.));
#6340=DIRECTION('ref_axis',(0.,1.,0.));
#6341=DIRECTION('',(-1.,0.,-6.12323399573676E-17));
#6342=DIRECTION('',(0.,-1.,0.));
#6343=DIRECTION('',(1.,0.,6.12323399573676E-17));
#6344=DIRECTION('center_axis',(1.,0.,6.12323399573676E-17));
#6345=DIRECTION('ref_axis',(6.12323399573676E-17,0.,-1.));
#6346=DIRECTION('center_axis',(-1.,0.,-6.12323399573676E-17));
#6347=DIRECTION('ref_axis',(6.12323399573676E-17,0.,-1.));
#6348=DIRECTION('center_axis',(1.,0.,6.12323399573676E-17));
#6349=DIRECTION('ref_axis',(6.12323399573676E-17,0.,-1.));
#6350=DIRECTION('',(6.12323399573676E-17,0.,-1.));
#6351=DIRECTION('center_axis',(-6.12323399573676E-17,1.70573923506842E-16,
1.));
#6352=DIRECTION('ref_axis',(-1.0444640472033E-32,-1.,1.70573923506842E-16));
#6353=DIRECTION('',(1.,0.,6.12323399573676E-17));
#6354=DIRECTION('',(-1.0444640472033E-32,-1.,1.70573923506842E-16));
#6355=DIRECTION('',(1.,0.,6.12323399573676E-17));
#6356=DIRECTION('',(1.0444640472033E-32,1.,-1.70573923506842E-16));
#6357=DIRECTION('center_axis',(1.,0.,6.12323399573676E-17));
#6358=DIRECTION('ref_axis',(6.12323399573676E-17,0.,-1.));
#6359=DIRECTION('',(-6.12323399573676E-17,0.,1.));
#6360=DIRECTION('',(0.,1.,0.));
#6361=DIRECTION('center_axis',(1.,0.,6.12323399573676E-17));
#6362=DIRECTION('ref_axis',(6.12323399573676E-17,0.,-1.));
#6363=DIRECTION('',(6.12323399573676E-17,0.,-1.));
#6364=DIRECTION('',(-6.8875350649754E-49,1.,1.12481983699639E-32));
#6365=DIRECTION('',(-6.12323399573676E-17,1.36432517826385E-16,1.));
#6366=DIRECTION('center_axis',(1.,0.,6.12323399573676E-17));
#6367=DIRECTION('ref_axis',(6.12323399573676E-17,0.,-1.));
#6368=DIRECTION('center_axis',(6.12323399573676E-17,0.,-1.));
#6369=DIRECTION('ref_axis',(-1.,0.,-6.12323399573676E-17));
#6370=DIRECTION('',(-1.,0.,-6.12323399573676E-17));
#6371=DIRECTION('',(0.,-1.,0.));
#6372=DIRECTION('',(-1.,0.,-6.12323399573676E-17));
#6373=DIRECTION('',(0.,1.,0.));
#6374=DIRECTION('center_axis',(1.,0.,6.12323399573676E-17));
#6375=DIRECTION('ref_axis',(6.12323399573676E-17,0.,-1.));
#6376=DIRECTION('',(-6.12323399573676E-17,0.,1.));
#6377=DIRECTION('',(0.,1.,0.));
#6378=DIRECTION('',(-6.12323399573676E-17,0.,1.));
#6379=DIRECTION('center_axis',(0.894427190999916,1.64303609479261E-16,-0.447213595499958));
#6380=DIRECTION('ref_axis',(-0.447213595499958,-8.21518047396304E-17,-0.894427190999916));
#6381=DIRECTION('',(0.408248290463863,-0.408248290463863,0.816496580927726));
#6382=DIRECTION('',(-0.408248290463863,-0.408248290463863,-0.816496580927726));
#6383=DIRECTION('',(1.83697019872103E-16,-1.,-6.12303176911189E-17));
#6384=DIRECTION('center_axis',(-6.12323399573676E-17,-6.12303176911189E-17,
1.));
#6385=DIRECTION('ref_axis',(3.74927562856021E-33,-1.,-6.12303176911189E-17));
#6386=DIRECTION('',(1.,1.22464679914735E-16,6.12323399573677E-17));
#6387=DIRECTION('',(-6.12323399573676E-17,1.,6.12303176911189E-17));
#6388=DIRECTION('',(-1.,0.,-6.12323399573676E-17));
#6389=DIRECTION('center_axis',(-8.21518047396304E-17,0.894427190999916,
-0.447213595499958));
#6390=DIRECTION('ref_axis',(1.09535739652841E-16,-0.447213595499958,-0.894427190999916));
#6391=DIRECTION('',(-1.,0.,-6.12323399573676E-17));
#6392=DIRECTION('',(0.408248290463863,-0.408248290463863,-0.816496580927726));
#6393=DIRECTION('center_axis',(-0.894427190999916,-5.47678698264203E-17,
-0.447213595499958));
#6394=DIRECTION('ref_axis',(0.447213595499958,2.73839349132101E-17,-0.894427190999916));
#6395=DIRECTION('',(-2.29584502165847E-49,-1.,3.74939945665464E-33));
#6396=DIRECTION('',(0.408248290463863,0.408248290463863,-0.816496580927726));
#6397=DIRECTION('center_axis',(2.73839349132101E-17,-0.894427190999916,
-0.447213595499958));
#6398=DIRECTION('ref_axis',(5.47678698264203E-17,0.447213595499958,-0.894427190999916));
#6399=DIRECTION('',(1.,0.,6.12323399573676E-17));
#6400=DIRECTION('center_axis',(-0.894427190999916,-0.447213595499958,-2.19071479305681E-16));
#6401=DIRECTION('ref_axis',(0.447213595499958,-0.894427190999916,1.09535739652841E-16));
#6402=DIRECTION('',(-0.408248290463863,0.816496580927726,-0.408248290463863));
#6403=DIRECTION('',(0.408248290463863,-0.816496580927726,-0.408248290463863));
#6404=DIRECTION('',(2.44929359829471E-16,0.,-1.));
#6405=DIRECTION('center_axis',(0.,-1.,0.));
#6406=DIRECTION('ref_axis',(-1.,0.,-6.12323399573676E-17));
#6407=DIRECTION('',(-1.,0.,-6.12323399573676E-17));
#6408=DIRECTION('',(-1.22464679914735E-16,0.,1.));
#6409=DIRECTION('',(1.,0.,1.83697019872103E-16));
#6410=DIRECTION('center_axis',(-5.47678698264203E-17,-0.447213595499958,
0.894427190999916));
#6411=DIRECTION('ref_axis',(2.73839349132101E-17,-0.894427190999916,-0.447213595499958));
#6412=DIRECTION('',(1.,0.,6.12323399573676E-17));
#6413=DIRECTION('',(0.408248290463863,0.816496580927726,0.408248290463863));
#6414=DIRECTION('center_axis',(1.64303609479261E-16,-0.447213595499958,
-0.894427190999916));
#6415=DIRECTION('ref_axis',(-8.21518047396304E-17,-0.894427190999916,0.447213595499958));
#6416=DIRECTION('',(0.408248290463863,0.816496580927726,-0.408248290463863));
#6417=DIRECTION('center_axis',(0.894427190999916,-0.447213595499958,1.09535739652841E-16));
#6418=DIRECTION('ref_axis',(-0.447213595499958,-0.894427190999916,-5.47678698264203E-17));
#6419=DIRECTION('',(6.12323399573676E-17,0.,-1.));
#6420=DIRECTION('center_axis',(1.,0.,6.12323399573676E-17));
#6421=DIRECTION('ref_axis',(6.12323399573676E-17,0.,-1.));
#6422=DIRECTION('',(6.12323399573676E-17,0.,-1.));
#6423=DIRECTION('',(0.,-1.,0.));
#6424=DIRECTION('center_axis',(-6.12323399573676E-17,0.,1.));
#6425=DIRECTION('ref_axis',(1.,0.,6.12323399573676E-17));
#6426=DIRECTION('',(1.,0.,6.12323399573676E-17));
#6427=DIRECTION('center_axis',(0.,-1.,0.));
#6428=DIRECTION('ref_axis',(6.12323399573676E-17,0.,-1.));
#6429=DIRECTION('',(1.,0.,6.12323399573676E-17));
#6430=DIRECTION('',(-6.12323399573676E-17,0.,1.));
#6431=DIRECTION('center_axis',(8.35408231278485E-33,1.,-1.36432517826385E-16));
#6432=DIRECTION('ref_axis',(-6.12323399573676E-17,1.36432517826385E-16,
1.));
#6433=DIRECTION('',(6.12323399573676E-17,-1.36432517826385E-16,-1.));
#6434=DIRECTION('',(1.,0.,6.12323399573676E-17));
#6435=DIRECTION('center_axis',(1.,0.,6.12323399573676E-17));
#6436=DIRECTION('ref_axis',(6.12323399573676E-17,0.,-1.));
#6437=DIRECTION('center_axis',(1.,0.,6.12323399573676E-17));
#6438=DIRECTION('ref_axis',(6.12323399573676E-17,0.,-1.));
#6439=DIRECTION('center_axis',(6.12323399573676E-17,0.,-1.));
#6440=DIRECTION('ref_axis',(0.,1.,0.));
#6441=DIRECTION('',(-1.,0.,-6.12323399573676E-17));
#6442=DIRECTION('',(0.,-1.,0.));
#6443=DIRECTION('',(1.,0.,6.12323399573676E-17));
#6444=DIRECTION('center_axis',(1.,0.,6.12323399573676E-17));
#6445=DIRECTION('ref_axis',(6.12323399573676E-17,0.,-1.));
#6446=DIRECTION('center_axis',(-1.,0.,-6.12323399573676E-17));
#6447=DIRECTION('ref_axis',(6.12323399573676E-17,0.,-1.));
#6448=DIRECTION('center_axis',(1.,0.,6.12323399573676E-17));
#6449=DIRECTION('ref_axis',(6.12323399573676E-17,0.,-1.));
#6450=DIRECTION('',(6.12323399573676E-17,0.,-1.));
#6451=DIRECTION('center_axis',(-6.12323399573676E-17,1.70573923506842E-16,
1.));
#6452=DIRECTION('ref_axis',(-1.0444640472033E-32,-1.,1.70573923506842E-16));
#6453=DIRECTION('',(1.,0.,6.12323399573676E-17));
#6454=DIRECTION('',(-1.0444640472033E-32,-1.,1.70573923506842E-16));
#6455=DIRECTION('',(1.,0.,6.12323399573676E-17));
#6456=DIRECTION('',(1.0444640472033E-32,1.,-1.70573923506842E-16));
#6457=DIRECTION('center_axis',(1.,0.,6.12323399573676E-17));
#6458=DIRECTION('ref_axis',(6.12323399573676E-17,0.,-1.));
#6459=DIRECTION('',(-6.12323399573676E-17,0.,1.));
#6460=DIRECTION('',(0.,1.,0.));
#6461=DIRECTION('center_axis',(1.,0.,6.12323399573676E-17));
#6462=DIRECTION('ref_axis',(6.12323399573676E-17,0.,-1.));
#6463=DIRECTION('',(6.12323399573676E-17,0.,-1.));
#6464=DIRECTION('',(-6.8875350649754E-49,1.,1.12481983699639E-32));
#6465=DIRECTION('',(-6.12323399573676E-17,1.36432517826385E-16,1.));
#6466=DIRECTION('center_axis',(1.,0.,6.12323399573676E-17));
#6467=DIRECTION('ref_axis',(6.12323399573676E-17,0.,-1.));
#6468=DIRECTION('center_axis',(6.12323399573676E-17,0.,-1.));
#6469=DIRECTION('ref_axis',(-1.,0.,-6.12323399573676E-17));
#6470=DIRECTION('',(-1.,0.,-6.12323399573676E-17));
#6471=DIRECTION('',(0.,-1.,0.));
#6472=DIRECTION('',(-1.,0.,-6.12323399573676E-17));
#6473=DIRECTION('',(0.,1.,0.));
#6474=DIRECTION('center_axis',(1.,0.,6.12323399573676E-17));
#6475=DIRECTION('ref_axis',(6.12323399573676E-17,0.,-1.));
#6476=DIRECTION('',(-6.12323399573676E-17,0.,1.));
#6477=DIRECTION('',(0.,1.,0.));
#6478=DIRECTION('',(-6.12323399573676E-17,0.,1.));
#6479=DIRECTION('center_axis',(0.894427190999916,1.64303609479261E-16,-0.447213595499958));
#6480=DIRECTION('ref_axis',(-0.447213595499958,-8.21518047396304E-17,-0.894427190999916));
#6481=DIRECTION('',(0.408248290463863,-0.408248290463863,0.816496580927726));
#6482=DIRECTION('',(-0.408248290463863,-0.408248290463863,-0.816496580927726));
#6483=DIRECTION('',(1.83697019872103E-16,-1.,-6.12303176911189E-17));
#6484=DIRECTION('center_axis',(-6.12323399573676E-17,-6.12303176911189E-17,
1.));
#6485=DIRECTION('ref_axis',(3.74927562856021E-33,-1.,-6.12303176911189E-17));
#6486=DIRECTION('',(1.,1.22464679914735E-16,6.12323399573677E-17));
#6487=DIRECTION('',(-6.12323399573676E-17,1.,6.12303176911189E-17));
#6488=DIRECTION('',(-1.,0.,-6.12323399573676E-17));
#6489=DIRECTION('center_axis',(-8.21518047396304E-17,0.894427190999916,
-0.447213595499958));
#6490=DIRECTION('ref_axis',(1.09535739652841E-16,-0.447213595499958,-0.894427190999916));
#6491=DIRECTION('',(-1.,0.,-6.12323399573676E-17));
#6492=DIRECTION('',(0.408248290463863,-0.408248290463863,-0.816496580927726));
#6493=DIRECTION('center_axis',(-0.894427190999916,-5.47678698264203E-17,
-0.447213595499958));
#6494=DIRECTION('ref_axis',(0.447213595499958,2.73839349132101E-17,-0.894427190999916));
#6495=DIRECTION('',(-2.29584502165847E-49,-1.,3.74939945665464E-33));
#6496=DIRECTION('',(0.408248290463863,0.408248290463863,-0.816496580927726));
#6497=DIRECTION('center_axis',(2.73839349132101E-17,-0.894427190999916,
-0.447213595499958));
#6498=DIRECTION('ref_axis',(5.47678698264203E-17,0.447213595499958,-0.894427190999916));
#6499=DIRECTION('',(1.,0.,6.12323399573676E-17));
#6500=DIRECTION('center_axis',(-0.894427190999916,-0.447213595499958,-2.19071479305681E-16));
#6501=DIRECTION('ref_axis',(0.447213595499958,-0.894427190999916,1.09535739652841E-16));
#6502=DIRECTION('',(-0.408248290463863,0.816496580927726,-0.408248290463863));
#6503=DIRECTION('',(0.408248290463863,-0.816496580927726,-0.408248290463863));
#6504=DIRECTION('',(2.44929359829471E-16,0.,-1.));
#6505=DIRECTION('center_axis',(0.,-1.,0.));
#6506=DIRECTION('ref_axis',(-1.,0.,-6.12323399573676E-17));
#6507=DIRECTION('',(-1.,0.,-6.12323399573676E-17));
#6508=DIRECTION('',(-1.22464679914735E-16,0.,1.));
#6509=DIRECTION('',(1.,0.,1.83697019872103E-16));
#6510=DIRECTION('center_axis',(-5.47678698264203E-17,-0.447213595499958,
0.894427190999916));
#6511=DIRECTION('ref_axis',(2.73839349132101E-17,-0.894427190999916,-0.447213595499958));
#6512=DIRECTION('',(1.,0.,6.12323399573676E-17));
#6513=DIRECTION('',(0.408248290463863,0.816496580927726,0.408248290463863));
#6514=DIRECTION('center_axis',(1.64303609479261E-16,-0.447213595499958,
-0.894427190999916));
#6515=DIRECTION('ref_axis',(-8.21518047396304E-17,-0.894427190999916,0.447213595499958));
#6516=DIRECTION('',(0.408248290463863,0.816496580927726,-0.408248290463863));
#6517=DIRECTION('center_axis',(0.894427190999916,-0.447213595499958,1.09535739652841E-16));
#6518=DIRECTION('ref_axis',(-0.447213595499958,-0.894427190999916,-5.47678698264203E-17));
#6519=DIRECTION('',(6.12323399573676E-17,0.,-1.));
#6520=DIRECTION('center_axis',(1.,0.,6.12323399573676E-17));
#6521=DIRECTION('ref_axis',(6.12323399573676E-17,0.,-1.));
#6522=DIRECTION('',(6.12323399573676E-17,0.,-1.));
#6523=DIRECTION('',(0.,-1.,0.));
#6524=DIRECTION('center_axis',(-6.12323399573676E-17,0.,1.));
#6525=DIRECTION('ref_axis',(1.,0.,6.12323399573676E-17));
#6526=DIRECTION('',(1.,0.,6.12323399573676E-17));
#6527=DIRECTION('center_axis',(0.,-1.,0.));
#6528=DIRECTION('ref_axis',(6.12323399573676E-17,0.,-1.));
#6529=DIRECTION('',(1.,0.,6.12323399573676E-17));
#6530=DIRECTION('',(-6.12323399573676E-17,0.,1.));
#6531=DIRECTION('center_axis',(8.35408231278485E-33,1.,-1.36432517826385E-16));
#6532=DIRECTION('ref_axis',(-6.12323399573676E-17,1.36432517826385E-16,
1.));
#6533=DIRECTION('',(6.12323399573676E-17,-1.36432517826385E-16,-1.));
#6534=DIRECTION('',(1.,0.,6.12323399573676E-17));
#6535=DIRECTION('center_axis',(1.,0.,6.12323399573676E-17));
#6536=DIRECTION('ref_axis',(6.12323399573676E-17,0.,-1.));
#6537=DIRECTION('center_axis',(1.,0.,6.12323399573676E-17));
#6538=DIRECTION('ref_axis',(6.12323399573676E-17,0.,-1.));
#6539=DIRECTION('center_axis',(6.12323399573676E-17,0.,-1.));
#6540=DIRECTION('ref_axis',(0.,1.,0.));
#6541=DIRECTION('',(-1.,0.,-6.12323399573676E-17));
#6542=DIRECTION('',(0.,-1.,0.));
#6543=DIRECTION('',(1.,0.,6.12323399573676E-17));
#6544=DIRECTION('center_axis',(1.,0.,6.12323399573676E-17));
#6545=DIRECTION('ref_axis',(6.12323399573676E-17,0.,-1.));
#6546=DIRECTION('center_axis',(-1.,0.,-6.12323399573676E-17));
#6547=DIRECTION('ref_axis',(6.12323399573676E-17,0.,-1.));
#6548=DIRECTION('center_axis',(1.,0.,6.12323399573676E-17));
#6549=DIRECTION('ref_axis',(6.12323399573676E-17,0.,-1.));
#6550=DIRECTION('',(6.12323399573676E-17,0.,-1.));
#6551=DIRECTION('center_axis',(-6.12323399573676E-17,1.70573923506842E-16,
1.));
#6552=DIRECTION('ref_axis',(-1.0444640472033E-32,-1.,1.70573923506842E-16));
#6553=DIRECTION('',(1.,0.,6.12323399573676E-17));
#6554=DIRECTION('',(-1.0444640472033E-32,-1.,1.70573923506842E-16));
#6555=DIRECTION('',(1.,0.,6.12323399573676E-17));
#6556=DIRECTION('',(1.0444640472033E-32,1.,-1.70573923506842E-16));
#6557=DIRECTION('center_axis',(1.,0.,6.12323399573676E-17));
#6558=DIRECTION('ref_axis',(6.12323399573676E-17,0.,-1.));
#6559=DIRECTION('',(-6.12323399573676E-17,0.,1.));
#6560=DIRECTION('',(0.,1.,0.));
#6561=DIRECTION('center_axis',(1.,0.,6.12323399573676E-17));
#6562=DIRECTION('ref_axis',(6.12323399573676E-17,0.,-1.));
#6563=DIRECTION('',(6.12323399573676E-17,0.,-1.));
#6564=DIRECTION('',(-6.8875350649754E-49,1.,1.12481983699639E-32));
#6565=DIRECTION('',(-6.12323399573676E-17,1.36432517826385E-16,1.));
#6566=DIRECTION('center_axis',(1.,0.,6.12323399573676E-17));
#6567=DIRECTION('ref_axis',(6.12323399573676E-17,0.,-1.));
#6568=DIRECTION('center_axis',(6.12323399573676E-17,0.,-1.));
#6569=DIRECTION('ref_axis',(-1.,0.,-6.12323399573676E-17));
#6570=DIRECTION('',(-1.,0.,-6.12323399573676E-17));
#6571=DIRECTION('',(0.,-1.,0.));
#6572=DIRECTION('',(-1.,0.,-6.12323399573676E-17));
#6573=DIRECTION('',(0.,1.,0.));
#6574=DIRECTION('center_axis',(1.,0.,6.12323399573676E-17));
#6575=DIRECTION('ref_axis',(6.12323399573676E-17,0.,-1.));
#6576=DIRECTION('',(-6.12323399573676E-17,0.,1.));
#6577=DIRECTION('',(0.,1.,0.));
#6578=DIRECTION('',(-6.12323399573676E-17,0.,1.));
#6579=DIRECTION('center_axis',(0.894427190999916,1.64303609479261E-16,-0.447213595499958));
#6580=DIRECTION('ref_axis',(-0.447213595499958,-8.21518047396304E-17,-0.894427190999916));
#6581=DIRECTION('',(0.408248290463863,-0.408248290463863,0.816496580927726));
#6582=DIRECTION('',(-0.408248290463863,-0.408248290463863,-0.816496580927726));
#6583=DIRECTION('',(1.83697019872103E-16,-1.,-6.12303176911189E-17));
#6584=DIRECTION('center_axis',(-6.12323399573676E-17,-6.12303176911189E-17,
1.));
#6585=DIRECTION('ref_axis',(3.74927562856021E-33,-1.,-6.12303176911189E-17));
#6586=DIRECTION('',(1.,1.22464679914735E-16,6.12323399573677E-17));
#6587=DIRECTION('',(-6.12323399573676E-17,1.,6.12303176911189E-17));
#6588=DIRECTION('',(-1.,0.,-6.12323399573676E-17));
#6589=DIRECTION('center_axis',(-8.21518047396304E-17,0.894427190999916,
-0.447213595499958));
#6590=DIRECTION('ref_axis',(1.09535739652841E-16,-0.447213595499958,-0.894427190999916));
#6591=DIRECTION('',(-1.,0.,-6.12323399573676E-17));
#6592=DIRECTION('',(0.408248290463863,-0.408248290463863,-0.816496580927726));
#6593=DIRECTION('center_axis',(-0.894427190999916,-5.47678698264203E-17,
-0.447213595499958));
#6594=DIRECTION('ref_axis',(0.447213595499958,2.73839349132101E-17,-0.894427190999916));
#6595=DIRECTION('',(-2.29584502165847E-49,-1.,3.74939945665464E-33));
#6596=DIRECTION('',(0.408248290463863,0.408248290463863,-0.816496580927726));
#6597=DIRECTION('center_axis',(2.73839349132101E-17,-0.894427190999916,
-0.447213595499958));
#6598=DIRECTION('ref_axis',(5.47678698264203E-17,0.447213595499958,-0.894427190999916));
#6599=DIRECTION('',(1.,0.,6.12323399573676E-17));
#6600=DIRECTION('center_axis',(-0.894427190999916,-0.447213595499958,-2.19071479305681E-16));
#6601=DIRECTION('ref_axis',(0.447213595499958,-0.894427190999916,1.09535739652841E-16));
#6602=DIRECTION('',(-0.408248290463863,0.816496580927726,-0.408248290463863));
#6603=DIRECTION('',(0.408248290463863,-0.816496580927726,-0.408248290463863));
#6604=DIRECTION('',(2.44929359829471E-16,0.,-1.));
#6605=DIRECTION('center_axis',(0.,-1.,0.));
#6606=DIRECTION('ref_axis',(-1.,0.,-6.12323399573676E-17));
#6607=DIRECTION('',(-1.,0.,-6.12323399573676E-17));
#6608=DIRECTION('',(-1.22464679914735E-16,0.,1.));
#6609=DIRECTION('',(1.,0.,1.83697019872103E-16));
#6610=DIRECTION('center_axis',(-5.47678698264203E-17,-0.447213595499958,
0.894427190999916));
#6611=DIRECTION('ref_axis',(2.73839349132101E-17,-0.894427190999916,-0.447213595499958));
#6612=DIRECTION('',(1.,0.,6.12323399573676E-17));
#6613=DIRECTION('',(0.408248290463863,0.816496580927726,0.408248290463863));
#6614=DIRECTION('center_axis',(1.64303609479261E-16,-0.447213595499958,
-0.894427190999916));
#6615=DIRECTION('ref_axis',(-8.21518047396304E-17,-0.894427190999916,0.447213595499958));
#6616=DIRECTION('',(0.408248290463863,0.816496580927726,-0.408248290463863));
#6617=DIRECTION('center_axis',(0.894427190999916,-0.447213595499958,1.09535739652841E-16));
#6618=DIRECTION('ref_axis',(-0.447213595499958,-0.894427190999916,-5.47678698264203E-17));
#6619=DIRECTION('',(6.12323399573676E-17,0.,-1.));
#6620=DIRECTION('center_axis',(1.,0.,6.12323399573676E-17));
#6621=DIRECTION('ref_axis',(6.12323399573676E-17,0.,-1.));
#6622=DIRECTION('',(6.12323399573676E-17,0.,-1.));
#6623=DIRECTION('',(0.,-1.,0.));
#6624=DIRECTION('center_axis',(-6.12323399573676E-17,0.,1.));
#6625=DIRECTION('ref_axis',(1.,0.,6.12323399573676E-17));
#6626=DIRECTION('',(1.,0.,6.12323399573676E-17));
#6627=DIRECTION('center_axis',(0.,-1.,0.));
#6628=DIRECTION('ref_axis',(6.12323399573676E-17,0.,-1.));
#6629=DIRECTION('',(1.,0.,6.12323399573676E-17));
#6630=DIRECTION('',(-6.12323399573676E-17,0.,1.));
#6631=DIRECTION('center_axis',(8.35408231278485E-33,1.,-1.36432517826385E-16));
#6632=DIRECTION('ref_axis',(-6.12323399573676E-17,1.36432517826385E-16,
1.));
#6633=DIRECTION('',(6.12323399573676E-17,-1.36432517826385E-16,-1.));
#6634=DIRECTION('',(1.,0.,6.12323399573676E-17));
#6635=DIRECTION('center_axis',(1.,0.,6.12323399573676E-17));
#6636=DIRECTION('ref_axis',(6.12323399573676E-17,0.,-1.));
#6637=DIRECTION('center_axis',(1.,0.,6.12323399573676E-17));
#6638=DIRECTION('ref_axis',(6.12323399573676E-17,0.,-1.));
#6639=DIRECTION('center_axis',(6.12323399573676E-17,0.,-1.));
#6640=DIRECTION('ref_axis',(0.,1.,0.));
#6641=DIRECTION('',(-1.,0.,-6.12323399573676E-17));
#6642=DIRECTION('',(0.,-1.,0.));
#6643=DIRECTION('',(1.,0.,6.12323399573676E-17));
#6644=DIRECTION('center_axis',(1.,0.,6.12323399573676E-17));
#6645=DIRECTION('ref_axis',(6.12323399573676E-17,0.,-1.));
#6646=DIRECTION('center_axis',(-1.,0.,-6.12323399573676E-17));
#6647=DIRECTION('ref_axis',(6.12323399573676E-17,0.,-1.));
#6648=DIRECTION('center_axis',(1.,0.,6.12323399573676E-17));
#6649=DIRECTION('ref_axis',(6.12323399573676E-17,0.,-1.));
#6650=DIRECTION('',(6.12323399573676E-17,0.,-1.));
#6651=DIRECTION('center_axis',(-6.12323399573676E-17,1.70573923506842E-16,
1.));
#6652=DIRECTION('ref_axis',(-1.0444640472033E-32,-1.,1.70573923506842E-16));
#6653=DIRECTION('',(1.,0.,6.12323399573676E-17));
#6654=DIRECTION('',(-1.0444640472033E-32,-1.,1.70573923506842E-16));
#6655=DIRECTION('',(1.,0.,6.12323399573676E-17));
#6656=DIRECTION('',(1.0444640472033E-32,1.,-1.70573923506842E-16));
#6657=DIRECTION('center_axis',(1.,0.,6.12323399573676E-17));
#6658=DIRECTION('ref_axis',(6.12323399573676E-17,0.,-1.));
#6659=DIRECTION('',(-6.12323399573676E-17,0.,1.));
#6660=DIRECTION('',(0.,1.,0.));
#6661=DIRECTION('center_axis',(1.,0.,6.12323399573676E-17));
#6662=DIRECTION('ref_axis',(6.12323399573676E-17,0.,-1.));
#6663=DIRECTION('',(6.12323399573676E-17,0.,-1.));
#6664=DIRECTION('',(-6.8875350649754E-49,1.,1.12481983699639E-32));
#6665=DIRECTION('',(-6.12323399573676E-17,1.36432517826385E-16,1.));
#6666=DIRECTION('center_axis',(1.,0.,6.12323399573676E-17));
#6667=DIRECTION('ref_axis',(6.12323399573676E-17,0.,-1.));
#6668=DIRECTION('center_axis',(6.12323399573676E-17,0.,-1.));
#6669=DIRECTION('ref_axis',(-1.,0.,-6.12323399573676E-17));
#6670=DIRECTION('',(-1.,0.,-6.12323399573676E-17));
#6671=DIRECTION('',(0.,-1.,0.));
#6672=DIRECTION('',(-1.,0.,-6.12323399573676E-17));
#6673=DIRECTION('',(0.,1.,0.));
#6674=DIRECTION('center_axis',(1.,0.,6.12323399573676E-17));
#6675=DIRECTION('ref_axis',(6.12323399573676E-17,0.,-1.));
#6676=DIRECTION('',(-6.12323399573676E-17,0.,1.));
#6677=DIRECTION('',(0.,1.,0.));
#6678=DIRECTION('',(-6.12323399573676E-17,0.,1.));
#6679=DIRECTION('center_axis',(0.894427190999916,1.64303609479261E-16,-0.447213595499958));
#6680=DIRECTION('ref_axis',(-0.447213595499958,-8.21518047396304E-17,-0.894427190999916));
#6681=DIRECTION('',(0.408248290463863,-0.408248290463863,0.816496580927726));
#6682=DIRECTION('',(-0.408248290463863,-0.408248290463863,-0.816496580927726));
#6683=DIRECTION('',(1.83697019872103E-16,-1.,-6.12303176911189E-17));
#6684=DIRECTION('center_axis',(-6.12323399573676E-17,-6.12303176911189E-17,
1.));
#6685=DIRECTION('ref_axis',(3.74927562856021E-33,-1.,-6.12303176911189E-17));
#6686=DIRECTION('',(1.,1.22464679914735E-16,6.12323399573677E-17));
#6687=DIRECTION('',(-6.12323399573676E-17,1.,6.12303176911189E-17));
#6688=DIRECTION('',(-1.,0.,-6.12323399573676E-17));
#6689=DIRECTION('center_axis',(-8.21518047396304E-17,0.894427190999916,
-0.447213595499958));
#6690=DIRECTION('ref_axis',(1.09535739652841E-16,-0.447213595499958,-0.894427190999916));
#6691=DIRECTION('',(-1.,0.,-6.12323399573676E-17));
#6692=DIRECTION('',(0.408248290463863,-0.408248290463863,-0.816496580927726));
#6693=DIRECTION('center_axis',(-0.894427190999916,-5.47678698264203E-17,
-0.447213595499958));
#6694=DIRECTION('ref_axis',(0.447213595499958,2.73839349132101E-17,-0.894427190999916));
#6695=DIRECTION('',(-2.29584502165847E-49,-1.,3.74939945665464E-33));
#6696=DIRECTION('',(0.408248290463863,0.408248290463863,-0.816496580927726));
#6697=DIRECTION('center_axis',(2.73839349132101E-17,-0.894427190999916,
-0.447213595499958));
#6698=DIRECTION('ref_axis',(5.47678698264203E-17,0.447213595499958,-0.894427190999916));
#6699=DIRECTION('',(1.,0.,6.12323399573676E-17));
#6700=DIRECTION('center_axis',(-0.894427190999916,-0.447213595499958,-2.19071479305681E-16));
#6701=DIRECTION('ref_axis',(0.447213595499958,-0.894427190999916,1.09535739652841E-16));
#6702=DIRECTION('',(-0.408248290463863,0.816496580927726,-0.408248290463863));
#6703=DIRECTION('',(0.408248290463863,-0.816496580927726,-0.408248290463863));
#6704=DIRECTION('',(2.44929359829471E-16,0.,-1.));
#6705=DIRECTION('center_axis',(0.,-1.,0.));
#6706=DIRECTION('ref_axis',(-1.,0.,-6.12323399573676E-17));
#6707=DIRECTION('',(-1.,0.,-6.12323399573676E-17));
#6708=DIRECTION('',(-1.22464679914735E-16,0.,1.));
#6709=DIRECTION('',(1.,0.,1.83697019872103E-16));
#6710=DIRECTION('center_axis',(-5.47678698264203E-17,-0.447213595499958,
0.894427190999916));
#6711=DIRECTION('ref_axis',(2.73839349132101E-17,-0.894427190999916,-0.447213595499958));
#6712=DIRECTION('',(1.,0.,6.12323399573676E-17));
#6713=DIRECTION('',(0.408248290463863,0.816496580927726,0.408248290463863));
#6714=DIRECTION('center_axis',(1.64303609479261E-16,-0.447213595499958,
-0.894427190999916));
#6715=DIRECTION('ref_axis',(-8.21518047396304E-17,-0.894427190999916,0.447213595499958));
#6716=DIRECTION('',(0.408248290463863,0.816496580927726,-0.408248290463863));
#6717=DIRECTION('center_axis',(0.894427190999916,-0.447213595499958,1.09535739652841E-16));
#6718=DIRECTION('ref_axis',(-0.447213595499958,-0.894427190999916,-5.47678698264203E-17));
#6719=DIRECTION('',(6.12323399573676E-17,0.,-1.));
#6720=DIRECTION('center_axis',(1.,0.,6.12323399573676E-17));
#6721=DIRECTION('ref_axis',(6.12323399573676E-17,0.,-1.));
#6722=DIRECTION('',(6.12323399573676E-17,0.,-1.));
#6723=DIRECTION('',(0.,-1.,0.));
#6724=DIRECTION('center_axis',(-6.12323399573676E-17,0.,1.));
#6725=DIRECTION('ref_axis',(1.,0.,6.12323399573676E-17));
#6726=DIRECTION('',(1.,0.,6.12323399573676E-17));
#6727=DIRECTION('center_axis',(0.,-1.,0.));
#6728=DIRECTION('ref_axis',(6.12323399573676E-17,0.,-1.));
#6729=DIRECTION('',(1.,0.,6.12323399573676E-17));
#6730=DIRECTION('',(-6.12323399573676E-17,0.,1.));
#6731=DIRECTION('center_axis',(8.35408231278485E-33,1.,-1.36432517826385E-16));
#6732=DIRECTION('ref_axis',(-6.12323399573676E-17,1.36432517826385E-16,
1.));
#6733=DIRECTION('',(6.12323399573676E-17,-1.36432517826385E-16,-1.));
#6734=DIRECTION('',(1.,0.,6.12323399573676E-17));
#6735=DIRECTION('center_axis',(1.,0.,6.12323399573676E-17));
#6736=DIRECTION('ref_axis',(6.12323399573676E-17,0.,-1.));
#6737=DIRECTION('center_axis',(1.,0.,6.12323399573676E-17));
#6738=DIRECTION('ref_axis',(6.12323399573676E-17,0.,-1.));
#6739=DIRECTION('center_axis',(6.12323399573676E-17,0.,-1.));
#6740=DIRECTION('ref_axis',(0.,1.,0.));
#6741=DIRECTION('',(-1.,0.,-6.12323399573676E-17));
#6742=DIRECTION('',(0.,-1.,0.));
#6743=DIRECTION('',(1.,0.,6.12323399573676E-17));
#6744=DIRECTION('center_axis',(1.,0.,6.12323399573676E-17));
#6745=DIRECTION('ref_axis',(6.12323399573676E-17,0.,-1.));
#6746=DIRECTION('center_axis',(-1.,0.,-6.12323399573676E-17));
#6747=DIRECTION('ref_axis',(6.12323399573676E-17,0.,-1.));
#6748=DIRECTION('center_axis',(1.,0.,6.12323399573676E-17));
#6749=DIRECTION('ref_axis',(6.12323399573676E-17,0.,-1.));
#6750=DIRECTION('',(6.12323399573676E-17,0.,-1.));
#6751=DIRECTION('center_axis',(0.,0.,1.));
#6752=DIRECTION('ref_axis',(1.,0.,0.));
#6753=DIRECTION('',(0.,-1.,0.));
#6754=DIRECTION('',(-1.,0.,0.));
#6755=DIRECTION('',(0.,-1.,0.));
#6756=DIRECTION('',(1.,0.,0.));
#6757=DIRECTION('center_axis',(0.,0.,1.));
#6758=DIRECTION('ref_axis',(1.,0.,0.));
#6759=DIRECTION('',(0.,-1.,0.));
#6760=DIRECTION('',(-1.,0.,0.));
#6761=DIRECTION('',(0.,1.,0.));
#6762=DIRECTION('',(1.,0.,0.));
#6763=DIRECTION('center_axis',(0.,0.,1.));
#6764=DIRECTION('ref_axis',(1.,0.,0.));
#6765=DIRECTION('',(0.,-1.,0.));
#6766=DIRECTION('',(-1.,0.,0.));
#6767=DIRECTION('',(0.,1.,0.));
#6768=DIRECTION('',(1.,0.,0.));
#6769=DIRECTION('center_axis',(0.,0.,1.));
#6770=DIRECTION('ref_axis',(1.,0.,0.));
#6771=DIRECTION('',(0.,-1.,0.));
#6772=DIRECTION('',(-1.,0.,0.));
#6773=DIRECTION('',(0.,1.,0.));
#6774=DIRECTION('',(1.,0.,0.));
#6775=DIRECTION('center_axis',(0.,-1.,0.));
#6776=DIRECTION('ref_axis',(0.,0.,-1.));
#6777=DIRECTION('',(0.,0.,1.));
#6778=DIRECTION('',(1.,0.,0.));
#6779=DIRECTION('',(0.,0.,-1.));
#6780=DIRECTION('center_axis',(0.,-1.,0.));
#6781=DIRECTION('ref_axis',(0.,0.,-1.));
#6782=DIRECTION('',(0.,0.,1.));
#6783=DIRECTION('',(1.,0.,0.));
#6784=DIRECTION('',(0.,0.,-1.));
#6785=DIRECTION('center_axis',(0.,-1.,0.));
#6786=DIRECTION('ref_axis',(0.,0.,-1.));
#6787=DIRECTION('',(0.,0.,1.));
#6788=DIRECTION('',(1.,0.,0.));
#6789=DIRECTION('',(0.,0.,-1.));
#6790=DIRECTION('center_axis',(0.,-1.,0.));
#6791=DIRECTION('ref_axis',(0.,0.,-1.));
#6792=DIRECTION('',(0.,0.,1.));
#6793=DIRECTION('',(1.,0.,0.));
#6794=DIRECTION('',(0.,0.,-1.));
#6795=DIRECTION('center_axis',(0.,1.,0.));
#6796=DIRECTION('ref_axis',(0.,0.,1.));
#6797=DIRECTION('',(0.,0.,-1.));
#6798=DIRECTION('',(0.,0.,-1.));
#6799=DIRECTION('',(-1.,0.,0.));
#6800=DIRECTION('center_axis',(0.,1.,0.));
#6801=DIRECTION('ref_axis',(0.,0.,1.));
#6802=DIRECTION('',(0.,0.,-1.));
#6803=DIRECTION('',(0.,0.,1.));
#6804=DIRECTION('',(-1.,0.,0.));
#6805=DIRECTION('center_axis',(0.,1.,0.));
#6806=DIRECTION('ref_axis',(0.,0.,1.));
#6807=DIRECTION('',(0.,0.,-1.));
#6808=DIRECTION('',(0.,0.,1.));
#6809=DIRECTION('',(-1.,0.,0.));
#6810=DIRECTION('center_axis',(0.,1.,0.));
#6811=DIRECTION('ref_axis',(0.,0.,1.));
#6812=DIRECTION('',(0.,0.,-1.));
#6813=DIRECTION('',(0.,0.,1.));
#6814=DIRECTION('',(-1.,0.,0.));
#6815=DIRECTION('center_axis',(0.,1.,0.));
#6816=DIRECTION('ref_axis',(0.,0.,1.));
#6817=DIRECTION('',(0.,0.,1.));
#6818=DIRECTION('',(-1.,0.,0.));
#6819=DIRECTION('',(0.,0.,-1.));
#6820=DIRECTION('',(1.,0.,0.));
#6821=DIRECTION('center_axis',(0.,0.,1.));
#6822=DIRECTION('ref_axis',(1.,0.,0.));
#6823=DIRECTION('',(0.,1.,0.));
#6824=DIRECTION('',(0.,1.,0.));
#6825=DIRECTION('center_axis',(0.,0.,1.));
#6826=DIRECTION('ref_axis',(1.,0.,0.));
#6827=DIRECTION('',(0.,1.,0.));
#6828=DIRECTION('',(0.,-1.,0.));
#6829=DIRECTION('center_axis',(0.,0.,1.));
#6830=DIRECTION('ref_axis',(1.,0.,0.));
#6831=DIRECTION('',(0.,1.,0.));
#6832=DIRECTION('',(0.,-1.,0.));
#6833=DIRECTION('center_axis',(0.,0.,1.));
#6834=DIRECTION('ref_axis',(1.,0.,0.));
#6835=DIRECTION('',(0.,1.,0.));
#6836=DIRECTION('',(0.,-1.,0.));
#6837=DIRECTION('center_axis',(0.,0.,1.));
#6838=DIRECTION('ref_axis',(1.,0.,0.));
#6839=DIRECTION('',(0.,-1.,0.));
#6840=DIRECTION('',(1.,0.,0.));
#6841=DIRECTION('',(0.,-1.,0.));
#6842=DIRECTION('center_axis',(0.,0.,1.));
#6843=DIRECTION('ref_axis',(1.,0.,0.));
#6844=DIRECTION('',(0.,1.,0.));
#6845=DIRECTION('',(0.,1.,0.));
#6846=DIRECTION('',(-1.,0.,0.));
#6847=DIRECTION('center_axis',(1.,0.,0.));
#6848=DIRECTION('ref_axis',(0.,0.,-1.));
#6849=DIRECTION('center_axis',(0.,-1.,0.));
#6850=DIRECTION('ref_axis',(0.,0.,-1.));
#6851=DIRECTION('',(0.,0.,-1.));
#6852=DIRECTION('',(0.,0.,-1.));
#6853=DIRECTION('center_axis',(-1.,0.,0.));
#6854=DIRECTION('ref_axis',(0.,0.,1.));
#6855=DIRECTION('center_axis',(-1.,0.,0.));
#6856=DIRECTION('ref_axis',(0.,0.,1.));
#6857=DIRECTION('',(0.,1.,0.));
#6858=DIRECTION('',(0.,0.,-1.));
#6859=DIRECTION('',(0.,-1.,0.));
#6860=DIRECTION('',(0.,0.,-1.));
#6861=DIRECTION('',(0.,-1.,0.));
#6862=DIRECTION('',(0.,0.,-1.));
#6863=DIRECTION('',(0.,1.,0.));
#6864=DIRECTION('',(0.,0.,-1.));
#6865=DIRECTION('',(0.,1.,0.));
#6866=DIRECTION('',(0.,0.,-1.));
#6867=DIRECTION('',(0.,-1.,0.));
#6868=DIRECTION('',(0.,0.,1.));
#6869=DIRECTION('center_axis',(1.,0.,0.));
#6870=DIRECTION('ref_axis',(0.,0.,-1.));
#6871=DIRECTION('',(0.,-1.,0.));
#6872=DIRECTION('',(0.,0.,-1.));
#6873=DIRECTION('',(0.,-1.,0.));
#6874=DIRECTION('',(0.,0.,-1.));
#6875=DIRECTION('',(0.,1.,0.));
#6876=DIRECTION('',(0.,0.,-1.));
#6877=DIRECTION('',(0.,1.,0.));
#6878=DIRECTION('',(0.,0.,1.));
#6879=DIRECTION('',(0.,-1.,0.));
#6880=DIRECTION('',(0.,0.,-1.));
#6881=DIRECTION('',(0.,1.,0.));
#6882=DIRECTION('',(0.,0.,1.));
#6883=DIRECTION('center_axis',(-1.,0.,0.));
#6884=DIRECTION('ref_axis',(0.,0.,1.));
#6885=DIRECTION('',(0.,1.,0.));
#6886=DIRECTION('',(0.,0.,-1.));
#6887=DIRECTION('',(0.,-1.,0.));
#6888=DIRECTION('',(0.,0.,-1.));
#6889=DIRECTION('center_axis',(-1.,0.,0.));
#6890=DIRECTION('ref_axis',(0.,0.,1.));
#6891=DIRECTION('',(0.,-1.,0.));
#6892=DIRECTION('',(0.,0.,-1.));
#6893=DIRECTION('',(0.,1.,0.));
#6894=DIRECTION('',(0.,0.,-1.));
#6895=DIRECTION('center_axis',(1.,0.,0.));
#6896=DIRECTION('ref_axis',(0.,0.,-1.));
#6897=DIRECTION('',(0.,-1.,0.));
#6898=DIRECTION('',(0.,0.,-1.));
#6899=DIRECTION('',(0.,1.,0.));
#6900=DIRECTION('',(0.,0.,1.));
#6901=DIRECTION('center_axis',(1.,0.,0.));
#6902=DIRECTION('ref_axis',(0.,0.,-1.));
#6903=DIRECTION('',(0.,1.,0.));
#6904=DIRECTION('',(0.,0.,1.));
#6905=DIRECTION('',(0.,-1.,0.));
#6906=DIRECTION('',(0.,0.,-1.));
#6907=DIRECTION('center_axis',(0.,1.,0.));
#6908=DIRECTION('ref_axis',(0.,0.,1.));
#6909=DIRECTION('',(1.,0.,0.));
#6910=DIRECTION('',(1.,0.,0.));
#6911=DIRECTION('center_axis',(0.,1.,0.));
#6912=DIRECTION('ref_axis',(0.,0.,1.));
#6913=DIRECTION('',(1.,0.,0.));
#6914=DIRECTION('',(1.,0.,0.));
#6915=DIRECTION('center_axis',(0.,0.,1.));
#6916=DIRECTION('ref_axis',(1.,0.,0.));
#6917=DIRECTION('',(-1.,0.,0.));
#6918=DIRECTION('',(-1.,0.,0.));
#6919=DIRECTION('',(1.,0.,0.));
#6920=DIRECTION('',(-1.,0.,0.));
#6921=DIRECTION('center_axis',(0.,0.,1.));
#6922=DIRECTION('ref_axis',(1.,0.,0.));
#6923=DIRECTION('',(-1.,0.,0.));
#6924=DIRECTION('center_axis',(0.,0.,1.));
#6925=DIRECTION('ref_axis',(1.,0.,0.));
#6926=DIRECTION('',(-1.,0.,0.));
#6927=DIRECTION('center_axis',(0.,-1.,0.));
#6928=DIRECTION('ref_axis',(0.,0.,-1.));
#6929=DIRECTION('',(1.,0.,0.));
#6930=DIRECTION('',(1.,0.,0.));
#6931=DIRECTION('',(1.,0.,0.));
#6932=DIRECTION('center_axis',(0.,1.,0.));
#6933=DIRECTION('ref_axis',(0.,0.,1.));
#6934=DIRECTION('',(-1.,0.,0.));
#6935=DIRECTION('center_axis',(0.,0.,1.));
#6936=DIRECTION('ref_axis',(1.,0.,0.));
#6937=DIRECTION('center_axis',(0.,0.,1.));
#6938=DIRECTION('ref_axis',(1.,0.,0.));
#6939=DIRECTION('',(-1.,0.,0.));
#6940=DIRECTION('center_axis',(0.,1.,0.));
#6941=DIRECTION('ref_axis',(0.,0.,1.));
#6942=DIRECTION('center_axis',(0.,0.,1.));
#6943=DIRECTION('ref_axis',(1.,0.,0.));
#6944=DIRECTION('',(-1.,0.,0.));
#6945=DIRECTION('center_axis',(0.,-1.,0.));
#6946=DIRECTION('ref_axis',(0.,0.,-1.));
#6947=DIRECTION('center_axis',(0.,0.,1.));
#6948=DIRECTION('ref_axis',(1.,0.,0.));
#6949=DIRECTION('',(-1.,0.,0.));
#6950=DIRECTION('',(0.,-1.,0.));
#6951=DIRECTION('',(1.,0.,0.));
#6952=DIRECTION('center_axis',(0.,0.,1.));
#6953=DIRECTION('ref_axis',(1.,0.,0.));
#6954=DIRECTION('',(1.,0.,0.));
#6955=DIRECTION('',(0.,1.,0.));
#6956=DIRECTION('',(-1.,0.,0.));
#6957=DIRECTION('center_axis',(0.,1.,0.));
#6958=DIRECTION('ref_axis',(0.,0.,1.));
#6959=DIRECTION('',(0.,0.,-1.));
#6960=DIRECTION('',(-1.,0.,0.));
#6961=DIRECTION('center_axis',(0.,1.,0.));
#6962=DIRECTION('ref_axis',(0.,0.,1.));
#6963=DIRECTION('',(-1.,0.,0.));
#6964=DIRECTION('',(0.,0.,-1.));
#6965=DIRECTION('center_axis',(0.,-1.,0.));
#6966=DIRECTION('ref_axis',(0.,0.,-1.));
#6967=DIRECTION('',(1.,0.,0.));
#6968=DIRECTION('',(0.,0.,1.));
#6969=DIRECTION('center_axis',(0.,0.,1.));
#6970=DIRECTION('ref_axis',(1.,0.,0.));
#6971=DIRECTION('',(0.,1.,0.));
#6972=DIRECTION('center_axis',(-1.,0.,0.));
#6973=DIRECTION('ref_axis',(0.,0.,1.));
#6974=DIRECTION('',(0.,1.,0.));
#6975=DIRECTION('',(0.,0.,-1.));
#6976=DIRECTION('',(0.,-1.,0.));
#6977=DIRECTION('',(0.,0.,-1.));
#6978=DIRECTION('',(0.,-1.,0.));
#6979=DIRECTION('',(0.,0.,-1.));
#6980=DIRECTION('',(0.,1.,0.));
#6981=DIRECTION('',(0.,0.,-1.));
#6982=DIRECTION('center_axis',(1.,0.,0.));
#6983=DIRECTION('ref_axis',(0.,0.,-1.));
#6984=DIRECTION('',(0.,-1.,0.));
#6985=DIRECTION('',(0.,0.,-1.));
#6986=DIRECTION('',(0.,-1.,0.));
#6987=DIRECTION('',(0.,0.,-1.));
#6988=DIRECTION('',(0.,1.,0.));
#6989=DIRECTION('',(0.,0.,-1.));
#6990=DIRECTION('',(0.,1.,0.));
#6991=DIRECTION('',(0.,0.,1.));
#6992=DIRECTION('',(0.,0.,-1.));
#6993=DIRECTION('',(0.,1.,0.));
#6994=DIRECTION('',(0.,0.,1.));
#6995=DIRECTION('',(0.,-1.,0.));
#6996=DIRECTION('center_axis',(-1.,0.,0.));
#6997=DIRECTION('ref_axis',(0.,0.,1.));
#6998=DIRECTION('',(0.,1.,0.));
#6999=DIRECTION('',(0.,0.,-1.));
#7000=DIRECTION('',(0.,-1.,0.));
#7001=DIRECTION('',(0.,0.,-1.));
#7002=DIRECTION('center_axis',(-1.,0.,0.));
#7003=DIRECTION('ref_axis',(0.,0.,1.));
#7004=DIRECTION('',(0.,-1.,0.));
#7005=DIRECTION('',(0.,0.,-1.));
#7006=DIRECTION('',(0.,1.,0.));
#7007=DIRECTION('',(0.,0.,-1.));
#7008=DIRECTION('center_axis',(1.,0.,0.));
#7009=DIRECTION('ref_axis',(0.,0.,-1.));
#7010=DIRECTION('',(0.,-1.,0.));
#7011=DIRECTION('',(0.,0.,-1.));
#7012=DIRECTION('',(0.,1.,0.));
#7013=DIRECTION('',(0.,0.,1.));
#7014=DIRECTION('center_axis',(1.,0.,0.));
#7015=DIRECTION('ref_axis',(0.,0.,-1.));
#7016=DIRECTION('',(0.,1.,0.));
#7017=DIRECTION('',(0.,0.,1.));
#7018=DIRECTION('',(0.,-1.,0.));
#7019=DIRECTION('',(0.,0.,-1.));
#7020=DIRECTION('center_axis',(0.,1.,0.));
#7021=DIRECTION('ref_axis',(0.,0.,1.));
#7022=DIRECTION('',(1.,0.,0.));
#7023=DIRECTION('',(1.,0.,0.));
#7024=DIRECTION('center_axis',(0.,1.,0.));
#7025=DIRECTION('ref_axis',(0.,0.,1.));
#7026=DIRECTION('',(1.,0.,0.));
#7027=DIRECTION('',(1.,0.,0.));
#7028=DIRECTION('center_axis',(0.,0.,1.));
#7029=DIRECTION('ref_axis',(1.,0.,0.));
#7030=DIRECTION('',(-1.,0.,0.));
#7031=DIRECTION('',(-1.,0.,0.));
#7032=DIRECTION('',(1.,0.,0.));
#7033=DIRECTION('',(-1.,0.,0.));
#7034=DIRECTION('center_axis',(0.,0.,1.));
#7035=DIRECTION('ref_axis',(1.,0.,0.));
#7036=DIRECTION('',(-1.,0.,0.));
#7037=DIRECTION('center_axis',(0.,0.,1.));
#7038=DIRECTION('ref_axis',(1.,0.,0.));
#7039=DIRECTION('',(-1.,0.,0.));
#7040=DIRECTION('center_axis',(0.,-1.,0.));
#7041=DIRECTION('ref_axis',(0.,0.,-1.));
#7042=DIRECTION('',(1.,0.,0.));
#7043=DIRECTION('',(1.,0.,0.));
#7044=DIRECTION('',(1.,0.,0.));
#7045=DIRECTION('center_axis',(0.,1.,0.));
#7046=DIRECTION('ref_axis',(0.,0.,1.));
#7047=DIRECTION('',(-1.,0.,0.));
#7048=DIRECTION('center_axis',(0.,0.,1.));
#7049=DIRECTION('ref_axis',(1.,0.,0.));
#7050=DIRECTION('center_axis',(0.,0.,1.));
#7051=DIRECTION('ref_axis',(1.,0.,0.));
#7052=DIRECTION('',(-1.,0.,0.));
#7053=DIRECTION('center_axis',(0.,1.,0.));
#7054=DIRECTION('ref_axis',(0.,0.,1.));
#7055=DIRECTION('center_axis',(0.,0.,1.));
#7056=DIRECTION('ref_axis',(1.,0.,0.));
#7057=DIRECTION('',(-1.,0.,0.));
#7058=DIRECTION('center_axis',(0.,-1.,0.));
#7059=DIRECTION('ref_axis',(0.,0.,-1.));
#7060=DIRECTION('center_axis',(0.,0.,1.));
#7061=DIRECTION('ref_axis',(1.,0.,0.));
#7062=DIRECTION('',(-1.,0.,0.));
#7063=DIRECTION('',(0.,1.,0.));
#7064=DIRECTION('',(1.,0.,0.));
#7065=DIRECTION('center_axis',(0.,0.,1.));
#7066=DIRECTION('ref_axis',(1.,0.,0.));
#7067=DIRECTION('',(1.,0.,0.));
#7068=DIRECTION('',(0.,-1.,0.));
#7069=DIRECTION('center_axis',(0.,1.,0.));
#7070=DIRECTION('ref_axis',(0.,0.,1.));
#7071=DIRECTION('',(1.,0.,0.));
#7072=DIRECTION('',(0.,0.,-1.));
#7073=DIRECTION('center_axis',(0.,0.,1.));
#7074=DIRECTION('ref_axis',(1.,0.,0.));
#7075=DIRECTION('',(-1.,0.,0.));
#7076=DIRECTION('',(0.,-1.,0.));
#7077=DIRECTION('center_axis',(0.,-1.,0.));
#7078=DIRECTION('ref_axis',(0.,0.,-1.));
#7079=DIRECTION('',(0.,0.,1.));
#7080=DIRECTION('center_axis',(-1.,0.,0.));
#7081=DIRECTION('ref_axis',(0.,0.,1.));
#7082=DIRECTION('',(0.,1.,0.));
#7083=DIRECTION('',(0.,0.,-1.));
#7084=DIRECTION('',(0.,-1.,0.));
#7085=DIRECTION('',(0.,0.,-1.));
#7086=DIRECTION('',(0.,-1.,0.));
#7087=DIRECTION('',(0.,0.,-1.));
#7088=DIRECTION('',(0.,1.,0.));
#7089=DIRECTION('',(0.,0.,-1.));
#7090=DIRECTION('center_axis',(1.,0.,0.));
#7091=DIRECTION('ref_axis',(0.,0.,-1.));
#7092=DIRECTION('',(0.,-1.,0.));
#7093=DIRECTION('',(0.,0.,-1.));
#7094=DIRECTION('',(0.,-1.,0.));
#7095=DIRECTION('',(0.,0.,-1.));
#7096=DIRECTION('',(0.,1.,0.));
#7097=DIRECTION('',(0.,0.,-1.));
#7098=DIRECTION('',(0.,1.,0.));
#7099=DIRECTION('',(0.,0.,1.));
#7100=DIRECTION('',(0.,0.,1.));
#7101=DIRECTION('',(0.,-1.,0.));
#7102=DIRECTION('',(0.,0.,-1.));
#7103=DIRECTION('',(0.,1.,0.));
#7104=DIRECTION('center_axis',(-1.,0.,0.));
#7105=DIRECTION('ref_axis',(0.,0.,1.));
#7106=DIRECTION('',(0.,1.,0.));
#7107=DIRECTION('',(0.,0.,-1.));
#7108=DIRECTION('',(0.,-1.,0.));
#7109=DIRECTION('',(0.,0.,-1.));
#7110=DIRECTION('center_axis',(-1.,0.,0.));
#7111=DIRECTION('ref_axis',(0.,0.,1.));
#7112=DIRECTION('',(0.,-1.,0.));
#7113=DIRECTION('',(0.,0.,-1.));
#7114=DIRECTION('',(0.,1.,0.));
#7115=DIRECTION('',(0.,0.,-1.));
#7116=DIRECTION('center_axis',(1.,0.,0.));
#7117=DIRECTION('ref_axis',(0.,0.,-1.));
#7118=DIRECTION('',(0.,-1.,0.));
#7119=DIRECTION('',(0.,0.,-1.));
#7120=DIRECTION('',(0.,1.,0.));
#7121=DIRECTION('',(0.,0.,1.));
#7122=DIRECTION('center_axis',(1.,0.,0.));
#7123=DIRECTION('ref_axis',(0.,0.,-1.));
#7124=DIRECTION('',(0.,1.,0.));
#7125=DIRECTION('',(0.,0.,1.));
#7126=DIRECTION('',(0.,-1.,0.));
#7127=DIRECTION('',(0.,0.,-1.));
#7128=DIRECTION('center_axis',(0.,1.,0.));
#7129=DIRECTION('ref_axis',(0.,0.,1.));
#7130=DIRECTION('',(1.,0.,0.));
#7131=DIRECTION('',(1.,0.,0.));
#7132=DIRECTION('center_axis',(0.,1.,0.));
#7133=DIRECTION('ref_axis',(0.,0.,1.));
#7134=DIRECTION('',(1.,0.,0.));
#7135=DIRECTION('',(1.,0.,0.));
#7136=DIRECTION('center_axis',(0.,0.,1.));
#7137=DIRECTION('ref_axis',(1.,0.,0.));
#7138=DIRECTION('',(-1.,0.,0.));
#7139=DIRECTION('',(-1.,0.,0.));
#7140=DIRECTION('',(1.,0.,0.));
#7141=DIRECTION('',(-1.,0.,0.));
#7142=DIRECTION('center_axis',(0.,0.,1.));
#7143=DIRECTION('ref_axis',(1.,0.,0.));
#7144=DIRECTION('',(-1.,0.,0.));
#7145=DIRECTION('center_axis',(0.,0.,1.));
#7146=DIRECTION('ref_axis',(1.,0.,0.));
#7147=DIRECTION('',(-1.,0.,0.));
#7148=DIRECTION('center_axis',(0.,-1.,0.));
#7149=DIRECTION('ref_axis',(0.,0.,-1.));
#7150=DIRECTION('',(1.,0.,0.));
#7151=DIRECTION('',(1.,0.,0.));
#7152=DIRECTION('',(1.,0.,0.));
#7153=DIRECTION('center_axis',(0.,1.,0.));
#7154=DIRECTION('ref_axis',(0.,0.,1.));
#7155=DIRECTION('',(-1.,0.,0.));
#7156=DIRECTION('center_axis',(0.,0.,1.));
#7157=DIRECTION('ref_axis',(1.,0.,0.));
#7158=DIRECTION('center_axis',(0.,0.,1.));
#7159=DIRECTION('ref_axis',(1.,0.,0.));
#7160=DIRECTION('',(-1.,0.,0.));
#7161=DIRECTION('center_axis',(0.,1.,0.));
#7162=DIRECTION('ref_axis',(0.,0.,1.));
#7163=DIRECTION('center_axis',(0.,0.,1.));
#7164=DIRECTION('ref_axis',(1.,0.,0.));
#7165=DIRECTION('',(-1.,0.,0.));
#7166=DIRECTION('center_axis',(0.,-1.,0.));
#7167=DIRECTION('ref_axis',(0.,0.,-1.));
#7168=DIRECTION('center_axis',(0.,-1.,0.));
#7169=DIRECTION('ref_axis',(0.,0.,-1.));
#7170=DIRECTION('',(1.,0.,0.));
#7171=DIRECTION('',(0.,0.,1.));
#7172=DIRECTION('',(-1.,0.,0.));
#7173=DIRECTION('center_axis',(0.,-1.,0.));
#7174=DIRECTION('ref_axis',(0.,0.,-1.));
#7175=DIRECTION('',(0.,0.,-1.));
#7176=DIRECTION('center_axis',(0.,0.,1.));
#7177=DIRECTION('ref_axis',(1.,0.,0.));
#7178=DIRECTION('',(0.,-1.,0.));
#7179=DIRECTION('',(1.,0.,0.));
#7180=DIRECTION('center_axis',(0.,0.,1.));
#7181=DIRECTION('ref_axis',(1.,0.,0.));
#7182=DIRECTION('',(-1.,0.,0.));
#7183=DIRECTION('',(0.,1.,0.));
#7184=DIRECTION('center_axis',(0.,1.,0.));
#7185=DIRECTION('ref_axis',(0.,0.,1.));
#7186=DIRECTION('',(0.,0.,-1.));
#7187=DIRECTION('center_axis',(-1.,0.,0.));
#7188=DIRECTION('ref_axis',(0.,0.,1.));
#7189=DIRECTION('',(0.,1.,0.));
#7190=DIRECTION('',(0.,0.,-1.));
#7191=DIRECTION('',(0.,-1.,0.));
#7192=DIRECTION('',(0.,0.,-1.));
#7193=DIRECTION('',(0.,-1.,0.));
#7194=DIRECTION('',(0.,0.,-1.));
#7195=DIRECTION('',(0.,1.,0.));
#7196=DIRECTION('',(0.,0.,-1.));
#7197=DIRECTION('center_axis',(1.,0.,0.));
#7198=DIRECTION('ref_axis',(0.,0.,-1.));
#7199=DIRECTION('',(0.,-1.,0.));
#7200=DIRECTION('',(0.,0.,-1.));
#7201=DIRECTION('',(0.,-1.,0.));
#7202=DIRECTION('',(0.,0.,-1.));
#7203=DIRECTION('',(0.,1.,0.));
#7204=DIRECTION('',(0.,0.,-1.));
#7205=DIRECTION('',(0.,1.,0.));
#7206=DIRECTION('',(0.,0.,1.));
#7207=DIRECTION('',(0.,-1.,0.));
#7208=DIRECTION('',(0.,0.,-1.));
#7209=DIRECTION('',(0.,1.,0.));
#7210=DIRECTION('',(0.,0.,1.));
#7211=DIRECTION('center_axis',(-1.,0.,0.));
#7212=DIRECTION('ref_axis',(0.,0.,1.));
#7213=DIRECTION('',(0.,1.,0.));
#7214=DIRECTION('',(0.,0.,-1.));
#7215=DIRECTION('',(0.,-1.,0.));
#7216=DIRECTION('',(0.,0.,-1.));
#7217=DIRECTION('center_axis',(-1.,0.,0.));
#7218=DIRECTION('ref_axis',(0.,0.,1.));
#7219=DIRECTION('',(0.,-1.,0.));
#7220=DIRECTION('',(0.,0.,-1.));
#7221=DIRECTION('',(0.,1.,0.));
#7222=DIRECTION('',(0.,0.,-1.));
#7223=DIRECTION('center_axis',(1.,0.,0.));
#7224=DIRECTION('ref_axis',(0.,0.,-1.));
#7225=DIRECTION('',(0.,-1.,0.));
#7226=DIRECTION('',(0.,0.,-1.));
#7227=DIRECTION('',(0.,1.,0.));
#7228=DIRECTION('',(0.,0.,1.));
#7229=DIRECTION('center_axis',(1.,0.,0.));
#7230=DIRECTION('ref_axis',(0.,0.,-1.));
#7231=DIRECTION('',(0.,1.,0.));
#7232=DIRECTION('',(0.,0.,1.));
#7233=DIRECTION('',(0.,-1.,0.));
#7234=DIRECTION('',(0.,0.,-1.));
#7235=DIRECTION('center_axis',(0.,1.,0.));
#7236=DIRECTION('ref_axis',(0.,0.,1.));
#7237=DIRECTION('',(1.,0.,0.));
#7238=DIRECTION('',(1.,0.,0.));
#7239=DIRECTION('center_axis',(0.,1.,0.));
#7240=DIRECTION('ref_axis',(0.,0.,1.));
#7241=DIRECTION('',(1.,0.,0.));
#7242=DIRECTION('',(1.,0.,0.));
#7243=DIRECTION('center_axis',(0.,0.,1.));
#7244=DIRECTION('ref_axis',(1.,0.,0.));
#7245=DIRECTION('',(-1.,0.,0.));
#7246=DIRECTION('',(-1.,0.,0.));
#7247=DIRECTION('',(1.,0.,0.));
#7248=DIRECTION('',(-1.,0.,0.));
#7249=DIRECTION('center_axis',(0.,0.,1.));
#7250=DIRECTION('ref_axis',(1.,0.,0.));
#7251=DIRECTION('',(-1.,0.,0.));
#7252=DIRECTION('center_axis',(0.,0.,1.));
#7253=DIRECTION('ref_axis',(1.,0.,0.));
#7254=DIRECTION('',(-1.,0.,0.));
#7255=DIRECTION('center_axis',(0.,-1.,0.));
#7256=DIRECTION('ref_axis',(0.,0.,-1.));
#7257=DIRECTION('',(1.,0.,0.));
#7258=DIRECTION('',(1.,0.,0.));
#7259=DIRECTION('',(1.,0.,0.));
#7260=DIRECTION('center_axis',(0.,1.,0.));
#7261=DIRECTION('ref_axis',(0.,0.,1.));
#7262=DIRECTION('',(-1.,0.,0.));
#7263=DIRECTION('center_axis',(0.,0.,1.));
#7264=DIRECTION('ref_axis',(1.,0.,0.));
#7265=DIRECTION('center_axis',(0.,0.,1.));
#7266=DIRECTION('ref_axis',(1.,0.,0.));
#7267=DIRECTION('',(-1.,0.,0.));
#7268=DIRECTION('center_axis',(0.,1.,0.));
#7269=DIRECTION('ref_axis',(0.,0.,1.));
#7270=DIRECTION('center_axis',(0.,0.,1.));
#7271=DIRECTION('ref_axis',(1.,0.,0.));
#7272=DIRECTION('',(-1.,0.,0.));
#7273=DIRECTION('center_axis',(0.,-1.,0.));
#7274=DIRECTION('ref_axis',(0.,0.,-1.));
#7275=DIRECTION('center_axis',(0.,1.,0.));
#7276=DIRECTION('ref_axis',(0.,0.,1.));
#7277=DIRECTION('',(1.,0.,0.));
#7278=DIRECTION('',(0.,0.,-1.));
#7279=DIRECTION('',(-1.,0.,0.));
#7280=DIRECTION('center_axis',(0.,0.,1.));
#7281=DIRECTION('ref_axis',(1.,0.,0.));
#7282=DIRECTION('',(-1.,0.,0.));
#7283=DIRECTION('',(0.,-1.,0.));
#7284=DIRECTION('center_axis',(0.,-1.,0.));
#7285=DIRECTION('ref_axis',(0.,0.,-1.));
#7286=DIRECTION('',(1.,0.,0.));
#7287=DIRECTION('',(0.,0.,-1.));
#7288=DIRECTION('center_axis',(0.,0.,1.));
#7289=DIRECTION('ref_axis',(1.,0.,0.));
#7290=DIRECTION('',(0.,1.,0.));
#7291=DIRECTION('center_axis',(1.,0.,0.));
#7292=DIRECTION('ref_axis',(0.,0.,-1.));
#7293=DIRECTION('center_axis',(-1.,0.,0.));
#7294=DIRECTION('ref_axis',(0.,0.,1.));
#7295=CARTESIAN_POINT('',(0.,0.,0.));
#7296=CARTESIAN_POINT('Origin',(6.745986,1.09601,-1.74498));
#7297=CARTESIAN_POINT('',(6.745986,0.254,-1.74498));
#7298=CARTESIAN_POINT('',(7.253986,0.254,-1.74498));
#7299=CARTESIAN_POINT('',(6.872986,0.254,-1.74498));
#7300=CARTESIAN_POINT('',(6.745986,-2.50698,-1.74498));
#7301=CARTESIAN_POINT('',(6.745986,4.699,-1.74498));
#7302=CARTESIAN_POINT('',(7.253986,-2.50698,-1.74498));
#7303=CARTESIAN_POINT('',(6.745986,-2.50698,-1.74498));
#7304=CARTESIAN_POINT('',(7.253986,4.699,-1.74498));
#7305=CARTESIAN_POINT('Origin',(6.745986,-0.885725333077943,-0.614255042700648));
#7306=CARTESIAN_POINT('',(6.745986,0.254,-2.25298));
#7307=CARTESIAN_POINT('',(6.745986,0.254,-0.806872521350324));
#7308=CARTESIAN_POINT('',(6.745986,-2.50698,-2.25298));
#7309=CARTESIAN_POINT('',(6.745986,-2.50698,-2.25298));
#7310=CARTESIAN_POINT('',(6.745986,-3.52298,-1.23698));
#7311=CARTESIAN_POINT('Origin',(6.745986,-2.50698,-1.23698));
#7312=CARTESIAN_POINT('',(6.745986,-3.52298,3.76301));
#7313=CARTESIAN_POINT('',(6.745986,-3.52298,4.01701));
#7314=CARTESIAN_POINT('',(6.745986,-3.01498,3.76301));
#7315=CARTESIAN_POINT('',(6.745986,-2.50435266653897,3.76301));
#7316=CARTESIAN_POINT('',(6.745986,-3.01498,-1.23698));
#7317=CARTESIAN_POINT('',(6.745986,-3.01498,-1.23698));
#7318=CARTESIAN_POINT('Origin',(6.745986,-2.50698,-1.23698));
#7319=CARTESIAN_POINT('Origin',(6.999986,2.77415,-1.74498));
#7320=CARTESIAN_POINT('',(7.253986,1.4986,-1.74498));
#7321=CARTESIAN_POINT('',(6.745986,1.4986,-1.74498));
#7322=CARTESIAN_POINT('',(6.999986,1.4986,-1.74498));
#7323=CARTESIAN_POINT('',(7.253986,4.445,-1.74498));
#7324=CARTESIAN_POINT('',(7.253986,2.77415,-1.74498));
#7325=CARTESIAN_POINT('',(6.745986,4.445,-1.74498));
#7326=CARTESIAN_POINT('',(7.376986,4.445,-1.74498));
#7327=CARTESIAN_POINT('',(6.745986,2.77415,-1.74498));
#7328=CARTESIAN_POINT('Origin',(7.253986,2.77415,-1.99898));
#7329=CARTESIAN_POINT('',(7.253986,1.4986,-2.25298));
#7330=CARTESIAN_POINT('',(7.253986,1.4986,-1.499235));
#7331=CARTESIAN_POINT('',(7.253986,4.445,-2.25298));
#7332=CARTESIAN_POINT('',(7.253986,2.77415,-2.25298));
#7333=CARTESIAN_POINT('',(7.253986,4.445,-2.37598));
#7334=CARTESIAN_POINT('Origin',(6.809486,-4.12298,3.89001));
#7335=CARTESIAN_POINT('',(6.872986,-3.14198,4.01701));
#7336=CARTESIAN_POINT('',(6.841236,-3.11023,3.95351));
#7337=CARTESIAN_POINT('',(6.872986,-3.39598,4.01701));
#7338=CARTESIAN_POINT('',(6.841236,-3.42773,3.95351));
#7339=CARTESIAN_POINT('',(6.872986,-3.69598,4.01701));
#7340=CARTESIAN_POINT('Origin',(6.745986,-3.26898,4.01701));
#7341=CARTESIAN_POINT('',(7.126986,-3.39598,4.01701));
#7342=CARTESIAN_POINT('',(7.299986,-3.39598,4.01701));
#7343=CARTESIAN_POINT('',(7.126986,-3.14198,4.01701));
#7344=CARTESIAN_POINT('',(7.126986,-2.84198,4.01701));
#7345=CARTESIAN_POINT('',(6.445986,-3.14198,4.01701));
#7346=CARTESIAN_POINT('Origin',(7.853986,-3.45948,3.89001));
#7347=CARTESIAN_POINT('',(7.253986,-3.52298,3.76301));
#7348=CARTESIAN_POINT('',(7.299986,-3.52298,3.76301));
#7349=CARTESIAN_POINT('',(7.158736,-3.42773,3.95351));
#7350=CARTESIAN_POINT('Origin',(7.190486,-2.41498,3.89001));
#7351=CARTESIAN_POINT('',(7.253986,-3.01498,3.76301));
#7352=CARTESIAN_POINT('',(7.253986,-1.65035266653897,3.76301));
#7353=CARTESIAN_POINT('',(7.158736,-3.11023,3.95351));
#7354=CARTESIAN_POINT('Origin',(6.145986,-3.07848,3.89001));
#7355=CARTESIAN_POINT('',(6.445986,-3.01498,3.76301));
#7356=CARTESIAN_POINT('Origin',(7.190486,4.572,-2.75298));
#7357=CARTESIAN_POINT('',(7.126986,4.699,-1.87198));
#7358=CARTESIAN_POINT('',(7.158736,4.6355,-1.84023));
#7359=CARTESIAN_POINT('',(7.126986,4.699,-2.12598));
#7360=CARTESIAN_POINT('',(7.158736,4.6355,-2.15773));
#7361=CARTESIAN_POINT('',(7.126986,4.699,-2.37598));
#7362=CARTESIAN_POINT('Origin',(6.999986,4.699,-1.99898));
#7363=CARTESIAN_POINT('',(6.872986,4.699,-2.12598));
#7364=CARTESIAN_POINT('',(6.622986,4.699,-2.12598));
#7365=CARTESIAN_POINT('',(6.872986,4.699,-1.87198));
#7366=CARTESIAN_POINT('',(6.872986,4.699,-1.62198));
#7367=CARTESIAN_POINT('',(7.376986,4.699,-1.87198));
#7368=CARTESIAN_POINT('Origin',(6.245986,4.572,-2.18948));
#7369=CARTESIAN_POINT('',(6.745986,4.445,-2.25298));
#7370=CARTESIAN_POINT('',(6.622986,4.445,-2.25298));
#7371=CARTESIAN_POINT('',(6.841236,4.6355,-2.15773));
#7372=CARTESIAN_POINT('Origin',(7.753986,4.572,-1.80848));
#7373=CARTESIAN_POINT('',(6.841236,4.6355,-1.84023));
#7374=CARTESIAN_POINT('Origin',(6.809486,4.572,-1.24498));
#7375=CARTESIAN_POINT('',(6.745986,4.445,-1.62198));
#7376=CARTESIAN_POINT('Origin',(6.745986,2.77415,-1.99898));
#7377=CARTESIAN_POINT('',(6.745986,1.4986,-2.25298));
#7378=CARTESIAN_POINT('',(6.745986,1.4986,-1.499235));
#7379=CARTESIAN_POINT('',(6.745986,2.77415,-2.25298));
#7380=CARTESIAN_POINT('Origin',(6.999986,2.77415,-2.25298));
#7381=CARTESIAN_POINT('',(6.999986,1.4986,-2.25298));
#7382=CARTESIAN_POINT('Origin',(6.745986,-3.52298,1.390015));
#7383=CARTESIAN_POINT('',(7.253986,-3.52298,-1.23698));
#7384=CARTESIAN_POINT('',(6.745986,-3.52298,-1.23698));
#7385=CARTESIAN_POINT('',(7.253986,-3.52298,4.01701));
#7386=CARTESIAN_POINT('Origin',(6.745986,-3.01498,1.390015));
#7387=CARTESIAN_POINT('',(7.253986,-3.01498,-1.23698));
#7388=CARTESIAN_POINT('',(7.253986,-3.01498,-1.23698));
#7389=CARTESIAN_POINT('',(6.745986,-3.01498,-1.23698));
#7390=CARTESIAN_POINT('Origin',(6.745986,-2.50698,-1.23698));
#7391=CARTESIAN_POINT('Origin',(7.253986,-2.50698,-1.23698));
#7392=CARTESIAN_POINT('Origin',(6.745986,1.09601,-2.25298));
#7393=CARTESIAN_POINT('',(7.253986,0.254,-2.25298));
#7394=CARTESIAN_POINT('',(6.872986,0.254,-2.25298));
#7395=CARTESIAN_POINT('',(7.253986,-2.50698,-2.25298));
#7396=CARTESIAN_POINT('',(7.253986,-2.50698,-2.25298));
#7397=CARTESIAN_POINT('',(6.745986,-2.50698,-2.25298));
#7398=CARTESIAN_POINT('Origin',(6.745986,-2.50698,-1.23698));
#7399=CARTESIAN_POINT('Origin',(7.253986,-2.50698,-1.23698));
#7400=CARTESIAN_POINT('Origin',(7.253986,-0.885725333077943,-0.614255042700648));
#7401=CARTESIAN_POINT('',(7.253986,0.254,-0.806872521350324));
#7402=CARTESIAN_POINT('Origin',(4.74599,1.09601,-1.74498));
#7403=CARTESIAN_POINT('',(4.74599,0.254,-1.74498));
#7404=CARTESIAN_POINT('',(5.25399,0.254,-1.74498));
#7405=CARTESIAN_POINT('',(4.87299,0.254,-1.74498));
#7406=CARTESIAN_POINT('',(4.74599,-2.50698,-1.74498));
#7407=CARTESIAN_POINT('',(4.74599,4.699,-1.74498));
#7408=CARTESIAN_POINT('',(5.25399,-2.50698,-1.74498));
#7409=CARTESIAN_POINT('',(4.74599,-2.50698,-1.74498));
#7410=CARTESIAN_POINT('',(5.25399,4.699,-1.74498));
#7411=CARTESIAN_POINT('Origin',(4.74599,-0.885725333077943,-0.614255042700648));
#7412=CARTESIAN_POINT('',(4.74599,0.254,-2.25298));
#7413=CARTESIAN_POINT('',(4.74599,0.254,-0.806872521350324));
#7414=CARTESIAN_POINT('',(4.74599,-2.50698,-2.25298));
#7415=CARTESIAN_POINT('',(4.74599,-2.50698,-2.25298));
#7416=CARTESIAN_POINT('',(4.74599,-3.52298,-1.23698));
#7417=CARTESIAN_POINT('Origin',(4.74599,-2.50698,-1.23698));
#7418=CARTESIAN_POINT('',(4.74599,-3.52298,3.76301));
#7419=CARTESIAN_POINT('',(4.74599,-3.52298,4.01701));
#7420=CARTESIAN_POINT('',(4.74599,-3.01498,3.76301));
#7421=CARTESIAN_POINT('',(4.74599,-2.50435266653897,3.76301));
#7422=CARTESIAN_POINT('',(4.74599,-3.01498,-1.23698));
#7423=CARTESIAN_POINT('',(4.74599,-3.01498,-1.23698));
#7424=CARTESIAN_POINT('Origin',(4.74599,-2.50698,-1.23698));
#7425=CARTESIAN_POINT('Origin',(4.99999,2.77415,-1.74498));
#7426=CARTESIAN_POINT('',(5.25399,1.4986,-1.74498));
#7427=CARTESIAN_POINT('',(4.74599,1.4986,-1.74498));
#7428=CARTESIAN_POINT('',(4.99999,1.4986,-1.74498));
#7429=CARTESIAN_POINT('',(5.25399,4.445,-1.74498));
#7430=CARTESIAN_POINT('',(5.25399,2.77415,-1.74498));
#7431=CARTESIAN_POINT('',(4.74599,4.445,-1.74498));
#7432=CARTESIAN_POINT('',(5.37699,4.445,-1.74498));
#7433=CARTESIAN_POINT('',(4.74599,2.77415,-1.74498));
#7434=CARTESIAN_POINT('Origin',(5.25399,2.77415,-1.99898));
#7435=CARTESIAN_POINT('',(5.25399,1.4986,-2.25298));
#7436=CARTESIAN_POINT('',(5.25399,1.4986,-1.499235));
#7437=CARTESIAN_POINT('',(5.25399,4.445,-2.25298));
#7438=CARTESIAN_POINT('',(5.25399,2.77415,-2.25298));
#7439=CARTESIAN_POINT('',(5.25399,4.445,-2.37598));
#7440=CARTESIAN_POINT('Origin',(4.80949,-4.12298,3.89001));
#7441=CARTESIAN_POINT('',(4.87299,-3.14198,4.01701));
#7442=CARTESIAN_POINT('',(4.84124,-3.11023,3.95351));
#7443=CARTESIAN_POINT('',(4.87299,-3.39598,4.01701));
#7444=CARTESIAN_POINT('',(4.84124,-3.42773,3.95351));
#7445=CARTESIAN_POINT('',(4.87299,-3.69598,4.01701));
#7446=CARTESIAN_POINT('Origin',(4.74599,-3.26898,4.01701));
#7447=CARTESIAN_POINT('',(5.12699,-3.39598,4.01701));
#7448=CARTESIAN_POINT('',(5.29999,-3.39598,4.01701));
#7449=CARTESIAN_POINT('',(5.12699,-3.14198,4.01701));
#7450=CARTESIAN_POINT('',(5.12699,-2.84198,4.01701));
#7451=CARTESIAN_POINT('',(4.44599,-3.14198,4.01701));
#7452=CARTESIAN_POINT('Origin',(5.85399,-3.45948,3.89001));
#7453=CARTESIAN_POINT('',(5.25399,-3.52298,3.76301));
#7454=CARTESIAN_POINT('',(5.29999,-3.52298,3.76301));
#7455=CARTESIAN_POINT('',(5.15874,-3.42773,3.95351));
#7456=CARTESIAN_POINT('Origin',(5.19049,-2.41498,3.89001));
#7457=CARTESIAN_POINT('',(5.25399,-3.01498,3.76301));
#7458=CARTESIAN_POINT('',(5.25399,-1.65035266653897,3.76301));
#7459=CARTESIAN_POINT('',(5.15874,-3.11023,3.95351));
#7460=CARTESIAN_POINT('Origin',(4.14599,-3.07848,3.89001));
#7461=CARTESIAN_POINT('',(4.44599,-3.01498,3.76301));
#7462=CARTESIAN_POINT('Origin',(5.19049,4.572,-2.75298));
#7463=CARTESIAN_POINT('',(5.12699,4.699,-1.87198));
#7464=CARTESIAN_POINT('',(5.15874,4.6355,-1.84023));
#7465=CARTESIAN_POINT('',(5.12699,4.699,-2.12598));
#7466=CARTESIAN_POINT('',(5.15874,4.6355,-2.15773));
#7467=CARTESIAN_POINT('',(5.12699,4.699,-2.37598));
#7468=CARTESIAN_POINT('Origin',(4.99999,4.699,-1.99898));
#7469=CARTESIAN_POINT('',(4.87299,4.699,-2.12598));
#7470=CARTESIAN_POINT('',(4.62299,4.699,-2.12598));
#7471=CARTESIAN_POINT('',(4.87299,4.699,-1.87198));
#7472=CARTESIAN_POINT('',(4.87299,4.699,-1.62198));
#7473=CARTESIAN_POINT('',(5.37699,4.699,-1.87198));
#7474=CARTESIAN_POINT('Origin',(4.24599,4.572,-2.18948));
#7475=CARTESIAN_POINT('',(4.74599,4.445,-2.25298));
#7476=CARTESIAN_POINT('',(4.62299,4.445,-2.25298));
#7477=CARTESIAN_POINT('',(4.84124,4.6355,-2.15773));
#7478=CARTESIAN_POINT('Origin',(5.75399,4.572,-1.80848));
#7479=CARTESIAN_POINT('',(4.84124,4.6355,-1.84023));
#7480=CARTESIAN_POINT('Origin',(4.80949,4.572,-1.24498));
#7481=CARTESIAN_POINT('',(4.74599,4.445,-1.62198));
#7482=CARTESIAN_POINT('Origin',(4.74599,2.77415,-1.99898));
#7483=CARTESIAN_POINT('',(4.74599,1.4986,-2.25298));
#7484=CARTESIAN_POINT('',(4.74599,1.4986,-1.499235));
#7485=CARTESIAN_POINT('',(4.74599,2.77415,-2.25298));
#7486=CARTESIAN_POINT('Origin',(4.99999,2.77415,-2.25298));
#7487=CARTESIAN_POINT('',(4.99999,1.4986,-2.25298));
#7488=CARTESIAN_POINT('Origin',(4.74599,-3.52298,1.390015));
#7489=CARTESIAN_POINT('',(5.25399,-3.52298,-1.23698));
#7490=CARTESIAN_POINT('',(4.74599,-3.52298,-1.23698));
#7491=CARTESIAN_POINT('',(5.25399,-3.52298,4.01701));
#7492=CARTESIAN_POINT('Origin',(4.74599,-3.01498,1.390015));
#7493=CARTESIAN_POINT('',(5.25399,-3.01498,-1.23698));
#7494=CARTESIAN_POINT('',(5.25399,-3.01498,-1.23698));
#7495=CARTESIAN_POINT('',(4.74599,-3.01498,-1.23698));
#7496=CARTESIAN_POINT('Origin',(4.74599,-2.50698,-1.23698));
#7497=CARTESIAN_POINT('Origin',(5.25399,-2.50698,-1.23698));
#7498=CARTESIAN_POINT('Origin',(4.74599,1.09601,-2.25298));
#7499=CARTESIAN_POINT('',(5.25399,0.254,-2.25298));
#7500=CARTESIAN_POINT('',(4.87299,0.254,-2.25298));
#7501=CARTESIAN_POINT('',(5.25399,-2.50698,-2.25298));
#7502=CARTESIAN_POINT('',(5.25399,-2.50698,-2.25298));
#7503=CARTESIAN_POINT('',(4.74599,-2.50698,-2.25298));
#7504=CARTESIAN_POINT('Origin',(4.74599,-2.50698,-1.23698));
#7505=CARTESIAN_POINT('Origin',(5.25399,-2.50698,-1.23698));
#7506=CARTESIAN_POINT('Origin',(5.25399,-0.885725333077943,-0.614255042700648));
#7507=CARTESIAN_POINT('',(5.25399,0.254,-0.806872521350324));
#7508=CARTESIAN_POINT('Origin',(2.745994,1.09601,-1.74498));
#7509=CARTESIAN_POINT('',(2.745994,0.254,-1.74498));
#7510=CARTESIAN_POINT('',(3.253994,0.254,-1.74498));
#7511=CARTESIAN_POINT('',(2.872994,0.254,-1.74498));
#7512=CARTESIAN_POINT('',(2.745994,-2.50698,-1.74498));
#7513=CARTESIAN_POINT('',(2.745994,4.699,-1.74498));
#7514=CARTESIAN_POINT('',(3.253994,-2.50698,-1.74498));
#7515=CARTESIAN_POINT('',(2.745994,-2.50698,-1.74498));
#7516=CARTESIAN_POINT('',(3.253994,4.699,-1.74498));
#7517=CARTESIAN_POINT('Origin',(2.745994,-0.885725333077943,-0.614255042700648));
#7518=CARTESIAN_POINT('',(2.745994,0.254,-2.25298));
#7519=CARTESIAN_POINT('',(2.745994,0.254,-0.806872521350324));
#7520=CARTESIAN_POINT('',(2.745994,-2.50698,-2.25298));
#7521=CARTESIAN_POINT('',(2.745994,-2.50698,-2.25298));
#7522=CARTESIAN_POINT('',(2.745994,-3.52298,-1.23698));
#7523=CARTESIAN_POINT('Origin',(2.745994,-2.50698,-1.23698));
#7524=CARTESIAN_POINT('',(2.745994,-3.52298,3.76301));
#7525=CARTESIAN_POINT('',(2.745994,-3.52298,4.01701));
#7526=CARTESIAN_POINT('',(2.745994,-3.01498,3.76301));
#7527=CARTESIAN_POINT('',(2.745994,-2.50435266653897,3.76301));
#7528=CARTESIAN_POINT('',(2.745994,-3.01498,-1.23698));
#7529=CARTESIAN_POINT('',(2.745994,-3.01498,-1.23698));
#7530=CARTESIAN_POINT('Origin',(2.745994,-2.50698,-1.23698));
#7531=CARTESIAN_POINT('Origin',(2.999994,2.77415,-1.74498));
#7532=CARTESIAN_POINT('',(3.253994,1.4986,-1.74498));
#7533=CARTESIAN_POINT('',(2.745994,1.4986,-1.74498));
#7534=CARTESIAN_POINT('',(2.999994,1.4986,-1.74498));
#7535=CARTESIAN_POINT('',(3.253994,4.445,-1.74498));
#7536=CARTESIAN_POINT('',(3.253994,2.77415,-1.74498));
#7537=CARTESIAN_POINT('',(2.745994,4.445,-1.74498));
#7538=CARTESIAN_POINT('',(3.376994,4.445,-1.74498));
#7539=CARTESIAN_POINT('',(2.745994,2.77415,-1.74498));
#7540=CARTESIAN_POINT('Origin',(3.253994,2.77415,-1.99898));
#7541=CARTESIAN_POINT('',(3.253994,1.4986,-2.25298));
#7542=CARTESIAN_POINT('',(3.253994,1.4986,-1.499235));
#7543=CARTESIAN_POINT('',(3.253994,4.445,-2.25298));
#7544=CARTESIAN_POINT('',(3.253994,2.77415,-2.25298));
#7545=CARTESIAN_POINT('',(3.253994,4.445,-2.37598));
#7546=CARTESIAN_POINT('Origin',(2.809494,-4.12298,3.89001));
#7547=CARTESIAN_POINT('',(2.872994,-3.14198,4.01701));
#7548=CARTESIAN_POINT('',(2.841244,-3.11023,3.95351));
#7549=CARTESIAN_POINT('',(2.872994,-3.39598,4.01701));
#7550=CARTESIAN_POINT('',(2.841244,-3.42773,3.95351));
#7551=CARTESIAN_POINT('',(2.872994,-3.69598,4.01701));
#7552=CARTESIAN_POINT('Origin',(2.745994,-3.26898,4.01701));
#7553=CARTESIAN_POINT('',(3.126994,-3.39598,4.01701));
#7554=CARTESIAN_POINT('',(3.299994,-3.39598,4.01701));
#7555=CARTESIAN_POINT('',(3.126994,-3.14198,4.01701));
#7556=CARTESIAN_POINT('',(3.126994,-2.84198,4.01701));
#7557=CARTESIAN_POINT('',(2.445994,-3.14198,4.01701));
#7558=CARTESIAN_POINT('Origin',(3.853994,-3.45948,3.89001));
#7559=CARTESIAN_POINT('',(3.253994,-3.52298,3.76301));
#7560=CARTESIAN_POINT('',(3.299994,-3.52298,3.76301));
#7561=CARTESIAN_POINT('',(3.158744,-3.42773,3.95351));
#7562=CARTESIAN_POINT('Origin',(3.190494,-2.41498,3.89001));
#7563=CARTESIAN_POINT('',(3.253994,-3.01498,3.76301));
#7564=CARTESIAN_POINT('',(3.253994,-1.65035266653897,3.76301));
#7565=CARTESIAN_POINT('',(3.158744,-3.11023,3.95351));
#7566=CARTESIAN_POINT('Origin',(2.145994,-3.07848,3.89001));
#7567=CARTESIAN_POINT('',(2.445994,-3.01498,3.76301));
#7568=CARTESIAN_POINT('Origin',(3.190494,4.572,-2.75298));
#7569=CARTESIAN_POINT('',(3.126994,4.699,-1.87198));
#7570=CARTESIAN_POINT('',(3.158744,4.6355,-1.84023));
#7571=CARTESIAN_POINT('',(3.126994,4.699,-2.12598));
#7572=CARTESIAN_POINT('',(3.158744,4.6355,-2.15773));
#7573=CARTESIAN_POINT('',(3.126994,4.699,-2.37598));
#7574=CARTESIAN_POINT('Origin',(2.999994,4.699,-1.99898));
#7575=CARTESIAN_POINT('',(2.872994,4.699,-2.12598));
#7576=CARTESIAN_POINT('',(2.622994,4.699,-2.12598));
#7577=CARTESIAN_POINT('',(2.872994,4.699,-1.87198));
#7578=CARTESIAN_POINT('',(2.872994,4.699,-1.62198));
#7579=CARTESIAN_POINT('',(3.376994,4.699,-1.87198));
#7580=CARTESIAN_POINT('Origin',(2.245994,4.572,-2.18948));
#7581=CARTESIAN_POINT('',(2.745994,4.445,-2.25298));
#7582=CARTESIAN_POINT('',(2.622994,4.445,-2.25298));
#7583=CARTESIAN_POINT('',(2.841244,4.6355,-2.15773));
#7584=CARTESIAN_POINT('Origin',(3.753994,4.572,-1.80848));
#7585=CARTESIAN_POINT('',(2.841244,4.6355,-1.84023));
#7586=CARTESIAN_POINT('Origin',(2.809494,4.572,-1.24498));
#7587=CARTESIAN_POINT('',(2.745994,4.445,-1.62198));
#7588=CARTESIAN_POINT('Origin',(2.745994,2.77415,-1.99898));
#7589=CARTESIAN_POINT('',(2.745994,1.4986,-2.25298));
#7590=CARTESIAN_POINT('',(2.745994,1.4986,-1.499235));
#7591=CARTESIAN_POINT('',(2.745994,2.77415,-2.25298));
#7592=CARTESIAN_POINT('Origin',(2.999994,2.77415,-2.25298));
#7593=CARTESIAN_POINT('',(2.999994,1.4986,-2.25298));
#7594=CARTESIAN_POINT('Origin',(2.745994,-3.52298,1.390015));
#7595=CARTESIAN_POINT('',(3.253994,-3.52298,-1.23698));
#7596=CARTESIAN_POINT('',(2.745994,-3.52298,-1.23698));
#7597=CARTESIAN_POINT('',(3.253994,-3.52298,4.01701));
#7598=CARTESIAN_POINT('Origin',(2.745994,-3.01498,1.390015));
#7599=CARTESIAN_POINT('',(3.253994,-3.01498,-1.23698));
#7600=CARTESIAN_POINT('',(3.253994,-3.01498,-1.23698));
#7601=CARTESIAN_POINT('',(2.745994,-3.01498,-1.23698));
#7602=CARTESIAN_POINT('Origin',(2.745994,-2.50698,-1.23698));
#7603=CARTESIAN_POINT('Origin',(3.253994,-2.50698,-1.23698));
#7604=CARTESIAN_POINT('Origin',(2.745994,1.09601,-2.25298));
#7605=CARTESIAN_POINT('',(3.253994,0.254,-2.25298));
#7606=CARTESIAN_POINT('',(2.872994,0.254,-2.25298));
#7607=CARTESIAN_POINT('',(3.253994,-2.50698,-2.25298));
#7608=CARTESIAN_POINT('',(3.253994,-2.50698,-2.25298));
#7609=CARTESIAN_POINT('',(2.745994,-2.50698,-2.25298));
#7610=CARTESIAN_POINT('Origin',(2.745994,-2.50698,-1.23698));
#7611=CARTESIAN_POINT('Origin',(3.253994,-2.50698,-1.23698));
#7612=CARTESIAN_POINT('Origin',(3.253994,-0.885725333077943,-0.614255042700648));
#7613=CARTESIAN_POINT('',(3.253994,0.254,-0.806872521350324));
#7614=CARTESIAN_POINT('Origin',(0.745998,1.09601,-1.74498));
#7615=CARTESIAN_POINT('',(0.745998,0.254,-1.74498));
#7616=CARTESIAN_POINT('',(1.253998,0.254,-1.74498));
#7617=CARTESIAN_POINT('',(0.872998,0.254,-1.74498));
#7618=CARTESIAN_POINT('',(0.745998,-2.50698,-1.74498));
#7619=CARTESIAN_POINT('',(0.745998,4.699,-1.74498));
#7620=CARTESIAN_POINT('',(1.253998,-2.50698,-1.74498));
#7621=CARTESIAN_POINT('',(0.745998,-2.50698,-1.74498));
#7622=CARTESIAN_POINT('',(1.253998,4.699,-1.74498));
#7623=CARTESIAN_POINT('Origin',(0.745998,-0.885725333077943,-0.614255042700648));
#7624=CARTESIAN_POINT('',(0.745998,0.254,-2.25298));
#7625=CARTESIAN_POINT('',(0.745998,0.254,-0.806872521350324));
#7626=CARTESIAN_POINT('',(0.745998,-2.50698,-2.25298));
#7627=CARTESIAN_POINT('',(0.745998,-2.50698,-2.25298));
#7628=CARTESIAN_POINT('',(0.745998,-3.52298,-1.23698));
#7629=CARTESIAN_POINT('Origin',(0.745998,-2.50698,-1.23698));
#7630=CARTESIAN_POINT('',(0.745998,-3.52298,3.76301));
#7631=CARTESIAN_POINT('',(0.745998,-3.52298,4.01701));
#7632=CARTESIAN_POINT('',(0.745998,-3.01498,3.76301));
#7633=CARTESIAN_POINT('',(0.745998,-2.50435266653897,3.76301));
#7634=CARTESIAN_POINT('',(0.745998,-3.01498,-1.23698));
#7635=CARTESIAN_POINT('',(0.745998,-3.01498,-1.23698));
#7636=CARTESIAN_POINT('Origin',(0.745998,-2.50698,-1.23698));
#7637=CARTESIAN_POINT('Origin',(0.999998,2.77415,-1.74498));
#7638=CARTESIAN_POINT('',(1.253998,1.4986,-1.74498));
#7639=CARTESIAN_POINT('',(0.745998,1.4986,-1.74498));
#7640=CARTESIAN_POINT('',(0.999998,1.4986,-1.74498));
#7641=CARTESIAN_POINT('',(1.253998,4.445,-1.74498));
#7642=CARTESIAN_POINT('',(1.253998,2.77415,-1.74498));
#7643=CARTESIAN_POINT('',(0.745998,4.445,-1.74498));
#7644=CARTESIAN_POINT('',(1.376998,4.445,-1.74498));
#7645=CARTESIAN_POINT('',(0.745998,2.77415,-1.74498));
#7646=CARTESIAN_POINT('Origin',(1.253998,2.77415,-1.99898));
#7647=CARTESIAN_POINT('',(1.253998,1.4986,-2.25298));
#7648=CARTESIAN_POINT('',(1.253998,1.4986,-1.499235));
#7649=CARTESIAN_POINT('',(1.253998,4.445,-2.25298));
#7650=CARTESIAN_POINT('',(1.253998,2.77415,-2.25298));
#7651=CARTESIAN_POINT('',(1.253998,4.445,-2.37598));
#7652=CARTESIAN_POINT('Origin',(0.809498,-4.12298,3.89001));
#7653=CARTESIAN_POINT('',(0.872998,-3.14198,4.01701));
#7654=CARTESIAN_POINT('',(0.841248,-3.11023,3.95351));
#7655=CARTESIAN_POINT('',(0.872998,-3.39598,4.01701));
#7656=CARTESIAN_POINT('',(0.841248,-3.42773,3.95351));
#7657=CARTESIAN_POINT('',(0.872998,-3.69598,4.01701));
#7658=CARTESIAN_POINT('Origin',(0.745998,-3.26898,4.01701));
#7659=CARTESIAN_POINT('',(1.126998,-3.39598,4.01701));
#7660=CARTESIAN_POINT('',(1.299998,-3.39598,4.01701));
#7661=CARTESIAN_POINT('',(1.126998,-3.14198,4.01701));
#7662=CARTESIAN_POINT('',(1.126998,-2.84198,4.01701));
#7663=CARTESIAN_POINT('',(0.445998,-3.14198,4.01701));
#7664=CARTESIAN_POINT('Origin',(1.853998,-3.45948,3.89001));
#7665=CARTESIAN_POINT('',(1.253998,-3.52298,3.76301));
#7666=CARTESIAN_POINT('',(1.299998,-3.52298,3.76301));
#7667=CARTESIAN_POINT('',(1.158748,-3.42773,3.95351));
#7668=CARTESIAN_POINT('Origin',(1.190498,-2.41498,3.89001));
#7669=CARTESIAN_POINT('',(1.253998,-3.01498,3.76301));
#7670=CARTESIAN_POINT('',(1.253998,-1.65035266653897,3.76301));
#7671=CARTESIAN_POINT('',(1.158748,-3.11023,3.95351));
#7672=CARTESIAN_POINT('Origin',(0.145998,-3.07848,3.89001));
#7673=CARTESIAN_POINT('',(0.445998,-3.01498,3.76301));
#7674=CARTESIAN_POINT('Origin',(1.190498,4.572,-2.75298));
#7675=CARTESIAN_POINT('',(1.126998,4.699,-1.87198));
#7676=CARTESIAN_POINT('',(1.158748,4.6355,-1.84023));
#7677=CARTESIAN_POINT('',(1.126998,4.699,-2.12598));
#7678=CARTESIAN_POINT('',(1.158748,4.6355,-2.15773));
#7679=CARTESIAN_POINT('',(1.126998,4.699,-2.37598));
#7680=CARTESIAN_POINT('Origin',(0.999998000000001,4.699,-1.99898));
#7681=CARTESIAN_POINT('',(0.872997999999999,4.699,-2.12598));
#7682=CARTESIAN_POINT('',(0.622998,4.699,-2.12598));
#7683=CARTESIAN_POINT('',(0.872997999999999,4.699,-1.87198));
#7684=CARTESIAN_POINT('',(0.872997999999999,4.699,-1.62198));
#7685=CARTESIAN_POINT('',(1.376998,4.699,-1.87198));
#7686=CARTESIAN_POINT('Origin',(0.245998000000001,4.572,-2.18948));
#7687=CARTESIAN_POINT('',(0.745998,4.445,-2.25298));
#7688=CARTESIAN_POINT('',(0.622998000000001,4.445,-2.25298));
#7689=CARTESIAN_POINT('',(0.841248,4.6355,-2.15773));
#7690=CARTESIAN_POINT('Origin',(1.753998,4.572,-1.80848));
#7691=CARTESIAN_POINT('',(0.841248,4.6355,-1.84023));
#7692=CARTESIAN_POINT('Origin',(0.809498,4.572,-1.24498));
#7693=CARTESIAN_POINT('',(0.745998,4.445,-1.62198));
#7694=CARTESIAN_POINT('Origin',(0.745998,2.77415,-1.99898));
#7695=CARTESIAN_POINT('',(0.745998,1.4986,-2.25298));
#7696=CARTESIAN_POINT('',(0.745998,1.4986,-1.499235));
#7697=CARTESIAN_POINT('',(0.745998,2.77415,-2.25298));
#7698=CARTESIAN_POINT('Origin',(0.999998000000001,2.77415,-2.25298));
#7699=CARTESIAN_POINT('',(0.999998,1.4986,-2.25298));
#7700=CARTESIAN_POINT('Origin',(0.745998,-3.52298,1.390015));
#7701=CARTESIAN_POINT('',(1.253998,-3.52298,-1.23698));
#7702=CARTESIAN_POINT('',(0.745998,-3.52298,-1.23698));
#7703=CARTESIAN_POINT('',(1.253998,-3.52298,4.01701));
#7704=CARTESIAN_POINT('Origin',(0.745998,-3.01498,1.390015));
#7705=CARTESIAN_POINT('',(1.253998,-3.01498,-1.23698));
#7706=CARTESIAN_POINT('',(1.253998,-3.01498,-1.23698));
#7707=CARTESIAN_POINT('',(0.745998,-3.01498,-1.23698));
#7708=CARTESIAN_POINT('Origin',(0.745998,-2.50698,-1.23698));
#7709=CARTESIAN_POINT('Origin',(1.253998,-2.50698,-1.23698));
#7710=CARTESIAN_POINT('Origin',(0.745998,1.09601,-2.25298));
#7711=CARTESIAN_POINT('',(1.253998,0.254,-2.25298));
#7712=CARTESIAN_POINT('',(0.872998,0.254,-2.25298));
#7713=CARTESIAN_POINT('',(1.253998,-2.50698,-2.25298));
#7714=CARTESIAN_POINT('',(1.253998,-2.50698,-2.25298));
#7715=CARTESIAN_POINT('',(0.745998,-2.50698,-2.25298));
#7716=CARTESIAN_POINT('Origin',(0.745998,-2.50698,-1.23698));
#7717=CARTESIAN_POINT('Origin',(1.253998,-2.50698,-1.23698));
#7718=CARTESIAN_POINT('Origin',(1.253998,-0.885725333077943,-0.614255042700648));
#7719=CARTESIAN_POINT('',(1.253998,0.254,-0.806872521350324));
#7720=CARTESIAN_POINT('Origin',(6.745986,2.0955,0.254));
#7721=CARTESIAN_POINT('',(6.745986,0.254,0.254));
#7722=CARTESIAN_POINT('',(7.253986,0.254,0.254));
#7723=CARTESIAN_POINT('',(6.872986,0.254,0.254));
#7724=CARTESIAN_POINT('',(6.745986,-0.508,0.254000000000001));
#7725=CARTESIAN_POINT('',(6.745986,4.699,0.254));
#7726=CARTESIAN_POINT('',(7.253986,-0.508,0.254000000000001));
#7727=CARTESIAN_POINT('',(6.745986,-0.508,0.254000000000001));
#7728=CARTESIAN_POINT('',(7.253986,4.699,0.254));
#7729=CARTESIAN_POINT('Origin',(6.745986,0.630371113060505,0.892980062778402));
#7730=CARTESIAN_POINT('',(6.745986,0.254,-0.254));
#7731=CARTESIAN_POINT('',(6.745986,0.254,-0.0532549686107988));
#7732=CARTESIAN_POINT('',(6.745986,-0.508,-0.254));
#7733=CARTESIAN_POINT('',(6.745986,-0.508,-0.254));
#7734=CARTESIAN_POINT('',(6.745986,-1.524,0.762));
#7735=CARTESIAN_POINT('Origin',(6.745986,-0.508,0.762));
#7736=CARTESIAN_POINT('',(6.745986,-1.524,3.76301));
#7737=CARTESIAN_POINT('',(6.745986,-1.524,4.01701));
#7738=CARTESIAN_POINT('',(6.745986,-1.016,3.76301));
#7739=CARTESIAN_POINT('',(6.745986,-0.696814443469747,3.76301));
#7740=CARTESIAN_POINT('',(6.745986,-1.016,0.762));
#7741=CARTESIAN_POINT('',(6.745986,-1.016,0.762));
#7742=CARTESIAN_POINT('Origin',(6.745986,-0.508,0.762));
#7743=CARTESIAN_POINT('Origin',(6.999986,2.77415,0.254));
#7744=CARTESIAN_POINT('',(7.253986,1.4986,0.254));
#7745=CARTESIAN_POINT('',(6.745986,1.4986,0.254));
#7746=CARTESIAN_POINT('',(6.999986,1.4986,0.254));
#7747=CARTESIAN_POINT('',(7.253986,4.445,0.254));
#7748=CARTESIAN_POINT('',(7.253986,2.77415,0.254));
#7749=CARTESIAN_POINT('',(6.745986,4.445,0.254));
#7750=CARTESIAN_POINT('',(7.376986,4.445,0.254000000000001));
#7751=CARTESIAN_POINT('',(6.745986,2.77415,0.254));
#7752=CARTESIAN_POINT('Origin',(7.253986,2.77415,2.22044604925031E-16));
#7753=CARTESIAN_POINT('',(7.253986,1.4986,-0.254));
#7754=CARTESIAN_POINT('',(7.253986,1.4986,-0.499745));
#7755=CARTESIAN_POINT('',(7.253986,4.445,-0.254));
#7756=CARTESIAN_POINT('',(7.253986,2.77415,-0.254));
#7757=CARTESIAN_POINT('',(7.253986,4.445,-0.377));
#7758=CARTESIAN_POINT('Origin',(6.809486,-2.024,3.89001));
#7759=CARTESIAN_POINT('',(6.872986,-1.143,4.01701));
#7760=CARTESIAN_POINT('',(6.841236,-1.11125,3.95351));
#7761=CARTESIAN_POINT('',(6.872986,-1.397,4.01701));
#7762=CARTESIAN_POINT('',(6.841236,-1.42875,3.95351));
#7763=CARTESIAN_POINT('',(6.872986,-1.647,4.01701));
#7764=CARTESIAN_POINT('Origin',(6.745986,-1.27,4.01701));
#7765=CARTESIAN_POINT('',(7.126986,-1.397,4.01701));
#7766=CARTESIAN_POINT('',(7.249986,-1.397,4.01701));
#7767=CARTESIAN_POINT('',(7.126986,-1.143,4.01701));
#7768=CARTESIAN_POINT('',(7.126986,-0.893,4.01701));
#7769=CARTESIAN_POINT('',(6.495986,-1.143,4.01701));
#7770=CARTESIAN_POINT('Origin',(7.753986,-1.4605,3.89001));
#7771=CARTESIAN_POINT('',(7.253986,-1.524,3.76301));
#7772=CARTESIAN_POINT('',(7.249986,-1.524,3.76301));
#7773=CARTESIAN_POINT('',(7.158736,-1.42875,3.95351));
#7774=CARTESIAN_POINT('Origin',(7.190486,-0.516,3.89001));
#7775=CARTESIAN_POINT('',(7.253986,-1.016,3.76301));
#7776=CARTESIAN_POINT('',(7.253986,0.0571855565302526,3.76301));
#7777=CARTESIAN_POINT('',(7.158736,-1.11125,3.95351));
#7778=CARTESIAN_POINT('Origin',(6.245986,-1.0795,3.89001));
#7779=CARTESIAN_POINT('',(6.495986,-1.016,3.76301));
#7780=CARTESIAN_POINT('Origin',(7.190486,4.572,-0.753999999999999));
#7781=CARTESIAN_POINT('',(7.126986,4.699,0.127));
#7782=CARTESIAN_POINT('',(7.158736,4.6355,0.15875));
#7783=CARTESIAN_POINT('',(7.126986,4.699,-0.127));
#7784=CARTESIAN_POINT('',(7.158736,4.6355,-0.15875));
#7785=CARTESIAN_POINT('',(7.126986,4.699,-0.377));
#7786=CARTESIAN_POINT('Origin',(6.999986,4.699,2.22044604925031E-16));
#7787=CARTESIAN_POINT('',(6.872986,4.699,-0.127));
#7788=CARTESIAN_POINT('',(6.622986,4.699,-0.127));
#7789=CARTESIAN_POINT('',(6.872986,4.699,0.127000000000001));
#7790=CARTESIAN_POINT('',(6.872986,4.699,0.377));
#7791=CARTESIAN_POINT('',(7.376986,4.699,0.127000000000001));
#7792=CARTESIAN_POINT('Origin',(6.245986,4.572,-0.1905));
#7793=CARTESIAN_POINT('',(6.745986,4.445,-0.254));
#7794=CARTESIAN_POINT('',(6.622986,4.445,-0.254));
#7795=CARTESIAN_POINT('',(6.841236,4.6355,-0.15875));
#7796=CARTESIAN_POINT('Origin',(7.753986,4.572,0.1905));
#7797=CARTESIAN_POINT('',(6.841236,4.6355,0.15875));
#7798=CARTESIAN_POINT('Origin',(6.809486,4.572,0.754));
#7799=CARTESIAN_POINT('',(6.745986,4.445,0.377));
#7800=CARTESIAN_POINT('Origin',(6.745986,2.77415,2.22044604925031E-16));
#7801=CARTESIAN_POINT('',(6.745986,1.4986,-0.254));
#7802=CARTESIAN_POINT('',(6.745986,1.4986,-0.499745));
#7803=CARTESIAN_POINT('',(6.745986,2.77415,-0.254));
#7804=CARTESIAN_POINT('Origin',(6.999986,2.77415,-0.254));
#7805=CARTESIAN_POINT('',(6.999986,1.4986,-0.254));
#7806=CARTESIAN_POINT('Origin',(6.745986,-1.524,2.389505));
#7807=CARTESIAN_POINT('',(7.253986,-1.524,0.762));
#7808=CARTESIAN_POINT('',(6.745986,-1.524,0.762));
#7809=CARTESIAN_POINT('',(7.253986,-1.524,4.01701));
#7810=CARTESIAN_POINT('Origin',(6.745986,-1.016,2.389505));
#7811=CARTESIAN_POINT('',(7.253986,-1.016,0.762));
#7812=CARTESIAN_POINT('',(7.253986,-1.016,0.762));
#7813=CARTESIAN_POINT('',(6.745986,-1.016,0.762));
#7814=CARTESIAN_POINT('Origin',(6.745986,-0.508,0.762));
#7815=CARTESIAN_POINT('Origin',(7.253986,-0.508,0.762));
#7816=CARTESIAN_POINT('Origin',(6.745986,2.0955,-0.254));
#7817=CARTESIAN_POINT('',(7.253986,0.254,-0.254));
#7818=CARTESIAN_POINT('',(6.872986,0.254,-0.254));
#7819=CARTESIAN_POINT('',(7.253986,-0.508,-0.254));
#7820=CARTESIAN_POINT('',(7.253986,-0.508,-0.254));
#7821=CARTESIAN_POINT('',(6.745986,-0.508,-0.254));
#7822=CARTESIAN_POINT('Origin',(6.745986,-0.508,0.762));
#7823=CARTESIAN_POINT('Origin',(7.253986,-0.508,0.762));
#7824=CARTESIAN_POINT('Origin',(7.253986,0.630371113060505,0.892980062778402));
#7825=CARTESIAN_POINT('',(7.253986,0.254,-0.0532549686107988));
#7826=CARTESIAN_POINT('Origin',(4.74599,2.0955,0.254));
#7827=CARTESIAN_POINT('',(4.74599,0.254,0.254));
#7828=CARTESIAN_POINT('',(5.25399,0.254,0.254));
#7829=CARTESIAN_POINT('',(4.87299,0.254,0.254));
#7830=CARTESIAN_POINT('',(4.74599,-0.508,0.254000000000001));
#7831=CARTESIAN_POINT('',(4.74599,4.699,0.254));
#7832=CARTESIAN_POINT('',(5.25399,-0.508,0.254000000000001));
#7833=CARTESIAN_POINT('',(4.74599,-0.508,0.254000000000001));
#7834=CARTESIAN_POINT('',(5.25399,4.699,0.254));
#7835=CARTESIAN_POINT('Origin',(4.74599,0.630371113060505,0.892980062778402));
#7836=CARTESIAN_POINT('',(4.74599,0.254,-0.254));
#7837=CARTESIAN_POINT('',(4.74599,0.254,-0.0532549686107988));
#7838=CARTESIAN_POINT('',(4.74599,-0.508,-0.254));
#7839=CARTESIAN_POINT('',(4.74599,-0.508,-0.254));
#7840=CARTESIAN_POINT('',(4.74599,-1.524,0.762));
#7841=CARTESIAN_POINT('Origin',(4.74599,-0.508,0.762));
#7842=CARTESIAN_POINT('',(4.74599,-1.524,3.76301));
#7843=CARTESIAN_POINT('',(4.74599,-1.524,4.01701));
#7844=CARTESIAN_POINT('',(4.74599,-1.016,3.76301));
#7845=CARTESIAN_POINT('',(4.74599,-0.696814443469747,3.76301));
#7846=CARTESIAN_POINT('',(4.74599,-1.016,0.762));
#7847=CARTESIAN_POINT('',(4.74599,-1.016,0.762));
#7848=CARTESIAN_POINT('Origin',(4.74599,-0.508,0.762));
#7849=CARTESIAN_POINT('Origin',(4.99999,2.77415,0.254));
#7850=CARTESIAN_POINT('',(5.25399,1.4986,0.254));
#7851=CARTESIAN_POINT('',(4.74599,1.4986,0.254));
#7852=CARTESIAN_POINT('',(4.99999,1.4986,0.254));
#7853=CARTESIAN_POINT('',(5.25399,4.445,0.254));
#7854=CARTESIAN_POINT('',(5.25399,2.77415,0.254));
#7855=CARTESIAN_POINT('',(4.74599,4.445,0.254));
#7856=CARTESIAN_POINT('',(5.37699,4.445,0.254000000000001));
#7857=CARTESIAN_POINT('',(4.74599,2.77415,0.254));
#7858=CARTESIAN_POINT('Origin',(5.25399,2.77415,2.22044604925031E-16));
#7859=CARTESIAN_POINT('',(5.25399,1.4986,-0.254));
#7860=CARTESIAN_POINT('',(5.25399,1.4986,-0.499745));
#7861=CARTESIAN_POINT('',(5.25399,4.445,-0.254));
#7862=CARTESIAN_POINT('',(5.25399,2.77415,-0.254));
#7863=CARTESIAN_POINT('',(5.25399,4.445,-0.377));
#7864=CARTESIAN_POINT('Origin',(4.80949,-2.024,3.89001));
#7865=CARTESIAN_POINT('',(4.87299,-1.143,4.01701));
#7866=CARTESIAN_POINT('',(4.84124,-1.11125,3.95351));
#7867=CARTESIAN_POINT('',(4.87299,-1.397,4.01701));
#7868=CARTESIAN_POINT('',(4.84124,-1.42875,3.95351));
#7869=CARTESIAN_POINT('',(4.87299,-1.647,4.01701));
#7870=CARTESIAN_POINT('Origin',(4.74599,-1.27,4.01701));
#7871=CARTESIAN_POINT('',(5.12699,-1.397,4.01701));
#7872=CARTESIAN_POINT('',(5.24999,-1.397,4.01701));
#7873=CARTESIAN_POINT('',(5.12699,-1.143,4.01701));
#7874=CARTESIAN_POINT('',(5.12699,-0.893,4.01701));
#7875=CARTESIAN_POINT('',(4.49599,-1.143,4.01701));
#7876=CARTESIAN_POINT('Origin',(5.75399,-1.4605,3.89001));
#7877=CARTESIAN_POINT('',(5.25399,-1.524,3.76301));
#7878=CARTESIAN_POINT('',(5.24999,-1.524,3.76301));
#7879=CARTESIAN_POINT('',(5.15874,-1.42875,3.95351));
#7880=CARTESIAN_POINT('Origin',(5.19049,-0.516,3.89001));
#7881=CARTESIAN_POINT('',(5.25399,-1.016,3.76301));
#7882=CARTESIAN_POINT('',(5.25399,0.0571855565302526,3.76301));
#7883=CARTESIAN_POINT('',(5.15874,-1.11125,3.95351));
#7884=CARTESIAN_POINT('Origin',(4.24599,-1.0795,3.89001));
#7885=CARTESIAN_POINT('',(4.49599,-1.016,3.76301));
#7886=CARTESIAN_POINT('Origin',(5.19049,4.572,-0.753999999999999));
#7887=CARTESIAN_POINT('',(5.12699,4.699,0.127));
#7888=CARTESIAN_POINT('',(5.15874,4.6355,0.15875));
#7889=CARTESIAN_POINT('',(5.12699,4.699,-0.127));
#7890=CARTESIAN_POINT('',(5.15874,4.6355,-0.15875));
#7891=CARTESIAN_POINT('',(5.12699,4.699,-0.377));
#7892=CARTESIAN_POINT('Origin',(4.99999,4.699,2.22044604925031E-16));
#7893=CARTESIAN_POINT('',(4.87299,4.699,-0.127));
#7894=CARTESIAN_POINT('',(4.62299,4.699,-0.127));
#7895=CARTESIAN_POINT('',(4.87299,4.699,0.127000000000001));
#7896=CARTESIAN_POINT('',(4.87299,4.699,0.377));
#7897=CARTESIAN_POINT('',(5.37699,4.699,0.127000000000001));
#7898=CARTESIAN_POINT('Origin',(4.24599,4.572,-0.1905));
#7899=CARTESIAN_POINT('',(4.74599,4.445,-0.254));
#7900=CARTESIAN_POINT('',(4.62299,4.445,-0.254));
#7901=CARTESIAN_POINT('',(4.84124,4.6355,-0.15875));
#7902=CARTESIAN_POINT('Origin',(5.75399,4.572,0.1905));
#7903=CARTESIAN_POINT('',(4.84124,4.6355,0.15875));
#7904=CARTESIAN_POINT('Origin',(4.80949,4.572,0.754));
#7905=CARTESIAN_POINT('',(4.74599,4.445,0.377));
#7906=CARTESIAN_POINT('Origin',(4.74599,2.77415,2.22044604925031E-16));
#7907=CARTESIAN_POINT('',(4.74599,1.4986,-0.254));
#7908=CARTESIAN_POINT('',(4.74599,1.4986,-0.499745));
#7909=CARTESIAN_POINT('',(4.74599,2.77415,-0.254));
#7910=CARTESIAN_POINT('Origin',(4.99999,2.77415,-0.254));
#7911=CARTESIAN_POINT('',(4.99999,1.4986,-0.254));
#7912=CARTESIAN_POINT('Origin',(4.74599,-1.524,2.389505));
#7913=CARTESIAN_POINT('',(5.25399,-1.524,0.762));
#7914=CARTESIAN_POINT('',(4.74599,-1.524,0.762));
#7915=CARTESIAN_POINT('',(5.25399,-1.524,4.01701));
#7916=CARTESIAN_POINT('Origin',(4.74599,-1.016,2.389505));
#7917=CARTESIAN_POINT('',(5.25399,-1.016,0.762));
#7918=CARTESIAN_POINT('',(5.25399,-1.016,0.762));
#7919=CARTESIAN_POINT('',(4.74599,-1.016,0.762));
#7920=CARTESIAN_POINT('Origin',(4.74599,-0.508,0.762));
#7921=CARTESIAN_POINT('Origin',(5.25399,-0.508,0.762));
#7922=CARTESIAN_POINT('Origin',(4.74599,2.0955,-0.254));
#7923=CARTESIAN_POINT('',(5.25399,0.254,-0.254));
#7924=CARTESIAN_POINT('',(4.87299,0.254,-0.254));
#7925=CARTESIAN_POINT('',(5.25399,-0.508,-0.254));
#7926=CARTESIAN_POINT('',(5.25399,-0.508,-0.254));
#7927=CARTESIAN_POINT('',(4.74599,-0.508,-0.254));
#7928=CARTESIAN_POINT('Origin',(4.74599,-0.508,0.762));
#7929=CARTESIAN_POINT('Origin',(5.25399,-0.508,0.762));
#7930=CARTESIAN_POINT('Origin',(5.25399,0.630371113060505,0.892980062778402));
#7931=CARTESIAN_POINT('',(5.25399,0.254,-0.0532549686107988));
#7932=CARTESIAN_POINT('Origin',(2.745994,2.0955,0.254));
#7933=CARTESIAN_POINT('',(2.745994,0.254,0.254));
#7934=CARTESIAN_POINT('',(3.253994,0.254,0.254));
#7935=CARTESIAN_POINT('',(2.872994,0.254,0.254));
#7936=CARTESIAN_POINT('',(2.745994,-0.508,0.254000000000001));
#7937=CARTESIAN_POINT('',(2.745994,4.699,0.254));
#7938=CARTESIAN_POINT('',(3.253994,-0.508,0.254000000000001));
#7939=CARTESIAN_POINT('',(2.745994,-0.508,0.254000000000001));
#7940=CARTESIAN_POINT('',(3.253994,4.699,0.254));
#7941=CARTESIAN_POINT('Origin',(2.745994,0.630371113060505,0.892980062778402));
#7942=CARTESIAN_POINT('',(2.745994,0.254,-0.254));
#7943=CARTESIAN_POINT('',(2.745994,0.254,-0.0532549686107988));
#7944=CARTESIAN_POINT('',(2.745994,-0.508,-0.254));
#7945=CARTESIAN_POINT('',(2.745994,-0.508,-0.254));
#7946=CARTESIAN_POINT('',(2.745994,-1.524,0.762));
#7947=CARTESIAN_POINT('Origin',(2.745994,-0.508,0.762));
#7948=CARTESIAN_POINT('',(2.745994,-1.524,3.76301));
#7949=CARTESIAN_POINT('',(2.745994,-1.524,4.01701));
#7950=CARTESIAN_POINT('',(2.745994,-1.016,3.76301));
#7951=CARTESIAN_POINT('',(2.745994,-0.696814443469747,3.76301));
#7952=CARTESIAN_POINT('',(2.745994,-1.016,0.762));
#7953=CARTESIAN_POINT('',(2.745994,-1.016,0.762));
#7954=CARTESIAN_POINT('Origin',(2.745994,-0.508,0.762));
#7955=CARTESIAN_POINT('Origin',(2.999994,2.77415,0.254));
#7956=CARTESIAN_POINT('',(3.253994,1.4986,0.254));
#7957=CARTESIAN_POINT('',(2.745994,1.4986,0.254));
#7958=CARTESIAN_POINT('',(2.999994,1.4986,0.254));
#7959=CARTESIAN_POINT('',(3.253994,4.445,0.254));
#7960=CARTESIAN_POINT('',(3.253994,2.77415,0.254));
#7961=CARTESIAN_POINT('',(2.745994,4.445,0.254));
#7962=CARTESIAN_POINT('',(3.376994,4.445,0.254000000000001));
#7963=CARTESIAN_POINT('',(2.745994,2.77415,0.254));
#7964=CARTESIAN_POINT('Origin',(3.253994,2.77415,2.22044604925031E-16));
#7965=CARTESIAN_POINT('',(3.253994,1.4986,-0.254));
#7966=CARTESIAN_POINT('',(3.253994,1.4986,-0.499745));
#7967=CARTESIAN_POINT('',(3.253994,4.445,-0.254));
#7968=CARTESIAN_POINT('',(3.253994,2.77415,-0.254));
#7969=CARTESIAN_POINT('',(3.253994,4.445,-0.377));
#7970=CARTESIAN_POINT('Origin',(2.809494,-2.024,3.89001));
#7971=CARTESIAN_POINT('',(2.872994,-1.143,4.01701));
#7972=CARTESIAN_POINT('',(2.841244,-1.11125,3.95351));
#7973=CARTESIAN_POINT('',(2.872994,-1.397,4.01701));
#7974=CARTESIAN_POINT('',(2.841244,-1.42875,3.95351));
#7975=CARTESIAN_POINT('',(2.872994,-1.647,4.01701));
#7976=CARTESIAN_POINT('Origin',(2.745994,-1.27,4.01701));
#7977=CARTESIAN_POINT('',(3.126994,-1.397,4.01701));
#7978=CARTESIAN_POINT('',(3.249994,-1.397,4.01701));
#7979=CARTESIAN_POINT('',(3.126994,-1.143,4.01701));
#7980=CARTESIAN_POINT('',(3.126994,-0.893,4.01701));
#7981=CARTESIAN_POINT('',(2.495994,-1.143,4.01701));
#7982=CARTESIAN_POINT('Origin',(3.753994,-1.4605,3.89001));
#7983=CARTESIAN_POINT('',(3.253994,-1.524,3.76301));
#7984=CARTESIAN_POINT('',(3.249994,-1.524,3.76301));
#7985=CARTESIAN_POINT('',(3.158744,-1.42875,3.95351));
#7986=CARTESIAN_POINT('Origin',(3.190494,-0.516,3.89001));
#7987=CARTESIAN_POINT('',(3.253994,-1.016,3.76301));
#7988=CARTESIAN_POINT('',(3.253994,0.0571855565302526,3.76301));
#7989=CARTESIAN_POINT('',(3.158744,-1.11125,3.95351));
#7990=CARTESIAN_POINT('Origin',(2.245994,-1.0795,3.89001));
#7991=CARTESIAN_POINT('',(2.495994,-1.016,3.76301));
#7992=CARTESIAN_POINT('Origin',(3.190494,4.572,-0.753999999999999));
#7993=CARTESIAN_POINT('',(3.126994,4.699,0.127));
#7994=CARTESIAN_POINT('',(3.158744,4.6355,0.15875));
#7995=CARTESIAN_POINT('',(3.126994,4.699,-0.127));
#7996=CARTESIAN_POINT('',(3.158744,4.6355,-0.15875));
#7997=CARTESIAN_POINT('',(3.126994,4.699,-0.377));
#7998=CARTESIAN_POINT('Origin',(2.999994,4.699,2.22044604925031E-16));
#7999=CARTESIAN_POINT('',(2.872994,4.699,-0.127));
#8000=CARTESIAN_POINT('',(2.622994,4.699,-0.127));
#8001=CARTESIAN_POINT('',(2.872994,4.699,0.127000000000001));
#8002=CARTESIAN_POINT('',(2.872994,4.699,0.377));
#8003=CARTESIAN_POINT('',(3.376994,4.699,0.127000000000001));
#8004=CARTESIAN_POINT('Origin',(2.245994,4.572,-0.1905));
#8005=CARTESIAN_POINT('',(2.745994,4.445,-0.254));
#8006=CARTESIAN_POINT('',(2.622994,4.445,-0.254));
#8007=CARTESIAN_POINT('',(2.841244,4.6355,-0.15875));
#8008=CARTESIAN_POINT('Origin',(3.753994,4.572,0.1905));
#8009=CARTESIAN_POINT('',(2.841244,4.6355,0.15875));
#8010=CARTESIAN_POINT('Origin',(2.809494,4.572,0.754));
#8011=CARTESIAN_POINT('',(2.745994,4.445,0.377));
#8012=CARTESIAN_POINT('Origin',(2.745994,2.77415,2.22044604925031E-16));
#8013=CARTESIAN_POINT('',(2.745994,1.4986,-0.254));
#8014=CARTESIAN_POINT('',(2.745994,1.4986,-0.499745));
#8015=CARTESIAN_POINT('',(2.745994,2.77415,-0.254));
#8016=CARTESIAN_POINT('Origin',(2.999994,2.77415,-0.254));
#8017=CARTESIAN_POINT('',(2.999994,1.4986,-0.254));
#8018=CARTESIAN_POINT('Origin',(2.745994,-1.524,2.389505));
#8019=CARTESIAN_POINT('',(3.253994,-1.524,0.762));
#8020=CARTESIAN_POINT('',(2.745994,-1.524,0.762));
#8021=CARTESIAN_POINT('',(3.253994,-1.524,4.01701));
#8022=CARTESIAN_POINT('Origin',(2.745994,-1.016,2.389505));
#8023=CARTESIAN_POINT('',(3.253994,-1.016,0.762));
#8024=CARTESIAN_POINT('',(3.253994,-1.016,0.762));
#8025=CARTESIAN_POINT('',(2.745994,-1.016,0.762));
#8026=CARTESIAN_POINT('Origin',(2.745994,-0.508,0.762));
#8027=CARTESIAN_POINT('Origin',(3.253994,-0.508,0.762));
#8028=CARTESIAN_POINT('Origin',(2.745994,2.0955,-0.254));
#8029=CARTESIAN_POINT('',(3.253994,0.254,-0.254));
#8030=CARTESIAN_POINT('',(2.872994,0.254,-0.254));
#8031=CARTESIAN_POINT('',(3.253994,-0.508,-0.254));
#8032=CARTESIAN_POINT('',(3.253994,-0.508,-0.254));
#8033=CARTESIAN_POINT('',(2.745994,-0.508,-0.254));
#8034=CARTESIAN_POINT('Origin',(2.745994,-0.508,0.762));
#8035=CARTESIAN_POINT('Origin',(3.253994,-0.508,0.762));
#8036=CARTESIAN_POINT('Origin',(3.253994,0.630371113060505,0.892980062778402));
#8037=CARTESIAN_POINT('',(3.253994,0.254,-0.0532549686107988));
#8038=CARTESIAN_POINT('Origin',(0.745998,2.0955,0.254));
#8039=CARTESIAN_POINT('',(0.745998,0.254,0.254));
#8040=CARTESIAN_POINT('',(1.253998,0.254,0.254));
#8041=CARTESIAN_POINT('',(0.872998,0.254,0.254));
#8042=CARTESIAN_POINT('',(0.745998,-0.508,0.254000000000001));
#8043=CARTESIAN_POINT('',(0.745998,4.699,0.254));
#8044=CARTESIAN_POINT('',(1.253998,-0.508,0.254000000000001));
#8045=CARTESIAN_POINT('',(0.745998,-0.508,0.254000000000001));
#8046=CARTESIAN_POINT('',(1.253998,4.699,0.254));
#8047=CARTESIAN_POINT('Origin',(0.745998,0.630371113060505,0.892980062778402));
#8048=CARTESIAN_POINT('',(0.745998,0.254,-0.254));
#8049=CARTESIAN_POINT('',(0.745998,0.254,-0.0532549686107988));
#8050=CARTESIAN_POINT('',(0.745998,-0.508,-0.254));
#8051=CARTESIAN_POINT('',(0.745998,-0.508,-0.254));
#8052=CARTESIAN_POINT('',(0.745998,-1.524,0.762));
#8053=CARTESIAN_POINT('Origin',(0.745998,-0.508,0.762));
#8054=CARTESIAN_POINT('',(0.745998,-1.524,3.76301));
#8055=CARTESIAN_POINT('',(0.745998,-1.524,4.01701));
#8056=CARTESIAN_POINT('',(0.745998,-1.016,3.76301));
#8057=CARTESIAN_POINT('',(0.745998,-0.696814443469747,3.76301));
#8058=CARTESIAN_POINT('',(0.745998,-1.016,0.762));
#8059=CARTESIAN_POINT('',(0.745998,-1.016,0.762));
#8060=CARTESIAN_POINT('Origin',(0.745998,-0.508,0.762));
#8061=CARTESIAN_POINT('Origin',(0.999998,2.77415,0.254));
#8062=CARTESIAN_POINT('',(1.253998,1.4986,0.254));
#8063=CARTESIAN_POINT('',(0.745998,1.4986,0.254));
#8064=CARTESIAN_POINT('',(0.999998,1.4986,0.254));
#8065=CARTESIAN_POINT('',(1.253998,4.445,0.254));
#8066=CARTESIAN_POINT('',(1.253998,2.77415,0.254));
#8067=CARTESIAN_POINT('',(0.745998,4.445,0.254));
#8068=CARTESIAN_POINT('',(1.376998,4.445,0.254000000000001));
#8069=CARTESIAN_POINT('',(0.745998,2.77415,0.254));
#8070=CARTESIAN_POINT('Origin',(1.253998,2.77415,2.22044604925031E-16));
#8071=CARTESIAN_POINT('',(1.253998,1.4986,-0.254));
#8072=CARTESIAN_POINT('',(1.253998,1.4986,-0.499745));
#8073=CARTESIAN_POINT('',(1.253998,4.445,-0.254));
#8074=CARTESIAN_POINT('',(1.253998,2.77415,-0.254));
#8075=CARTESIAN_POINT('',(1.253998,4.445,-0.377));
#8076=CARTESIAN_POINT('Origin',(0.809498,-2.024,3.89001));
#8077=CARTESIAN_POINT('',(0.872998,-1.143,4.01701));
#8078=CARTESIAN_POINT('',(0.841248,-1.11125,3.95351));
#8079=CARTESIAN_POINT('',(0.872998,-1.397,4.01701));
#8080=CARTESIAN_POINT('',(0.841248,-1.42875,3.95351));
#8081=CARTESIAN_POINT('',(0.872998,-1.647,4.01701));
#8082=CARTESIAN_POINT('Origin',(0.745998,-1.27,4.01701));
#8083=CARTESIAN_POINT('',(1.126998,-1.397,4.01701));
#8084=CARTESIAN_POINT('',(1.249998,-1.397,4.01701));
#8085=CARTESIAN_POINT('',(1.126998,-1.143,4.01701));
#8086=CARTESIAN_POINT('',(1.126998,-0.893,4.01701));
#8087=CARTESIAN_POINT('',(0.495998,-1.143,4.01701));
#8088=CARTESIAN_POINT('Origin',(1.753998,-1.4605,3.89001));
#8089=CARTESIAN_POINT('',(1.253998,-1.524,3.76301));
#8090=CARTESIAN_POINT('',(1.249998,-1.524,3.76301));
#8091=CARTESIAN_POINT('',(1.158748,-1.42875,3.95351));
#8092=CARTESIAN_POINT('Origin',(1.190498,-0.516,3.89001));
#8093=CARTESIAN_POINT('',(1.253998,-1.016,3.76301));
#8094=CARTESIAN_POINT('',(1.253998,0.0571855565302526,3.76301));
#8095=CARTESIAN_POINT('',(1.158748,-1.11125,3.95351));
#8096=CARTESIAN_POINT('Origin',(0.245998,-1.0795,3.89001));
#8097=CARTESIAN_POINT('',(0.495998,-1.016,3.76301));
#8098=CARTESIAN_POINT('Origin',(1.190498,4.572,-0.753999999999999));
#8099=CARTESIAN_POINT('',(1.126998,4.699,0.127));
#8100=CARTESIAN_POINT('',(1.158748,4.6355,0.15875));
#8101=CARTESIAN_POINT('',(1.126998,4.699,-0.127));
#8102=CARTESIAN_POINT('',(1.158748,4.6355,-0.15875));
#8103=CARTESIAN_POINT('',(1.126998,4.699,-0.377));
#8104=CARTESIAN_POINT('Origin',(0.999998,4.699,2.22044604925031E-16));
#8105=CARTESIAN_POINT('',(0.872998,4.699,-0.127));
#8106=CARTESIAN_POINT('',(0.622998,4.699,-0.127));
#8107=CARTESIAN_POINT('',(0.872998000000001,4.699,0.127000000000001));
#8108=CARTESIAN_POINT('',(0.872998,4.699,0.377));
#8109=CARTESIAN_POINT('',(1.376998,4.699,0.127000000000001));
#8110=CARTESIAN_POINT('Origin',(0.245998,4.572,-0.1905));
#8111=CARTESIAN_POINT('',(0.745998,4.445,-0.254));
#8112=CARTESIAN_POINT('',(0.622998,4.445,-0.254));
#8113=CARTESIAN_POINT('',(0.841248000000001,4.6355,-0.15875));
#8114=CARTESIAN_POINT('Origin',(1.753998,4.572,0.1905));
#8115=CARTESIAN_POINT('',(0.841248000000001,4.6355,0.15875));
#8116=CARTESIAN_POINT('Origin',(0.809498000000001,4.572,0.754));
#8117=CARTESIAN_POINT('',(0.745998,4.445,0.377));
#8118=CARTESIAN_POINT('Origin',(0.745998,2.77415,2.22044604925031E-16));
#8119=CARTESIAN_POINT('',(0.745998,1.4986,-0.254));
#8120=CARTESIAN_POINT('',(0.745998,1.4986,-0.499745));
#8121=CARTESIAN_POINT('',(0.745998,2.77415,-0.254));
#8122=CARTESIAN_POINT('Origin',(0.999998,2.77415,-0.254));
#8123=CARTESIAN_POINT('',(0.999998,1.4986,-0.254));
#8124=CARTESIAN_POINT('Origin',(0.745998,-1.524,2.389505));
#8125=CARTESIAN_POINT('',(1.253998,-1.524,0.762));
#8126=CARTESIAN_POINT('',(0.745998,-1.524,0.762));
#8127=CARTESIAN_POINT('',(1.253998,-1.524,4.01701));
#8128=CARTESIAN_POINT('Origin',(0.745998,-1.016,2.389505));
#8129=CARTESIAN_POINT('',(1.253998,-1.016,0.762));
#8130=CARTESIAN_POINT('',(1.253998,-1.016,0.762));
#8131=CARTESIAN_POINT('',(0.745998,-1.016,0.762));
#8132=CARTESIAN_POINT('Origin',(0.745998,-0.508,0.762));
#8133=CARTESIAN_POINT('Origin',(1.253998,-0.508,0.762));
#8134=CARTESIAN_POINT('Origin',(0.745998,2.0955,-0.254));
#8135=CARTESIAN_POINT('',(1.253998,0.254,-0.254));
#8136=CARTESIAN_POINT('',(0.872998,0.254,-0.254));
#8137=CARTESIAN_POINT('',(1.253998,-0.508,-0.254));
#8138=CARTESIAN_POINT('',(1.253998,-0.508,-0.254));
#8139=CARTESIAN_POINT('',(0.745998,-0.508,-0.254));
#8140=CARTESIAN_POINT('Origin',(0.745998,-0.508,0.762));
#8141=CARTESIAN_POINT('Origin',(1.253998,-0.508,0.762));
#8142=CARTESIAN_POINT('Origin',(1.253998,0.630371113060505,0.892980062778402));
#8143=CARTESIAN_POINT('',(1.253998,0.254,-0.0532549686107988));
#8144=CARTESIAN_POINT('Origin',(3.999992,0.9061,-1.30556));
#8145=CARTESIAN_POINT('',(0.1999996,1.3036,-1.30556));
#8146=CARTESIAN_POINT('',(0.1999996,0.5086,-1.30556));
#8147=CARTESIAN_POINT('',(0.1999996,0.8277,-1.30556));
#8148=CARTESIAN_POINT('',(0.,1.3036,-1.30556));
#8149=CARTESIAN_POINT('',(3.999992,1.3036,-1.30556));
#8150=CARTESIAN_POINT('',(0.,0.5086,-1.30556));
#8151=CARTESIAN_POINT('',(0.,0.9061,-1.30556));
#8152=CARTESIAN_POINT('',(3.999992,0.5086,-1.30556));
#8153=CARTESIAN_POINT('Origin',(3.999992,0.9061,-1.30556));
#8154=CARTESIAN_POINT('',(2.1999956,1.3036,-1.30556));
#8155=CARTESIAN_POINT('',(2.1999956,0.5086,-1.30556));
#8156=CARTESIAN_POINT('',(2.1999956,0.8277,-1.30556));
#8157=CARTESIAN_POINT('',(1.7999964,1.3036,-1.30556));
#8158=CARTESIAN_POINT('',(3.999992,1.3036,-1.30556));
#8159=CARTESIAN_POINT('',(1.7999964,0.5086,-1.30556));
#8160=CARTESIAN_POINT('',(1.7999964,0.8277,-1.30556));
#8161=CARTESIAN_POINT('',(3.999992,0.5086,-1.30556));
#8162=CARTESIAN_POINT('Origin',(3.999992,0.9061,-1.30556));
#8163=CARTESIAN_POINT('',(4.1999916,1.3036,-1.30556));
#8164=CARTESIAN_POINT('',(4.1999916,0.5086,-1.30556));
#8165=CARTESIAN_POINT('',(4.1999916,0.8277,-1.30556));
#8166=CARTESIAN_POINT('',(3.7999924,1.3036,-1.30556));
#8167=CARTESIAN_POINT('',(3.999992,1.3036,-1.30556));
#8168=CARTESIAN_POINT('',(3.7999924,0.5086,-1.30556));
#8169=CARTESIAN_POINT('',(3.7999924,0.8277,-1.30556));
#8170=CARTESIAN_POINT('',(3.999992,0.5086,-1.30556));
#8171=CARTESIAN_POINT('Origin',(3.999992,0.9061,-1.30556));
#8172=CARTESIAN_POINT('',(6.1999876,1.3036,-1.30556));
#8173=CARTESIAN_POINT('',(6.1999876,0.5086,-1.30556));
#8174=CARTESIAN_POINT('',(6.1999876,0.8277,-1.30556));
#8175=CARTESIAN_POINT('',(5.7999884,1.3036,-1.30556));
#8176=CARTESIAN_POINT('',(3.999992,1.3036,-1.30556));
#8177=CARTESIAN_POINT('',(5.7999884,0.5086,-1.30556));
#8178=CARTESIAN_POINT('',(5.7999884,0.8277,-1.30556));
#8179=CARTESIAN_POINT('',(3.999992,0.5086,-1.30556));
#8180=CARTESIAN_POINT('Origin',(3.999992,1.3036,-1.99898));
#8181=CARTESIAN_POINT('',(0.1999996,1.3036,-2.6924));
#8182=CARTESIAN_POINT('',(0.1999996,1.3036,-1.499235));
#8183=CARTESIAN_POINT('',(0.,1.3036,-2.6924));
#8184=CARTESIAN_POINT('',(3.999992,1.3036,-2.6924));
#8185=CARTESIAN_POINT('',(0.,1.3036,-1.99898));
#8186=CARTESIAN_POINT('Origin',(3.999992,1.3036,-1.99898));
#8187=CARTESIAN_POINT('',(2.1999956,1.3036,-2.6924));
#8188=CARTESIAN_POINT('',(2.1999956,1.3036,-1.499235));
#8189=CARTESIAN_POINT('',(1.7999964,1.3036,-2.6924));
#8190=CARTESIAN_POINT('',(3.999992,1.3036,-2.6924));
#8191=CARTESIAN_POINT('',(1.7999964,1.3036,-1.499235));
#8192=CARTESIAN_POINT('Origin',(3.999992,1.3036,-1.99898));
#8193=CARTESIAN_POINT('',(4.1999916,1.3036,-2.6924));
#8194=CARTESIAN_POINT('',(4.1999916,1.3036,-1.499235));
#8195=CARTESIAN_POINT('',(3.7999924,1.3036,-2.6924));
#8196=CARTESIAN_POINT('',(3.999992,1.3036,-2.6924));
#8197=CARTESIAN_POINT('',(3.7999924,1.3036,-1.499235));
#8198=CARTESIAN_POINT('Origin',(3.999992,1.3036,-1.99898));
#8199=CARTESIAN_POINT('',(6.1999876,1.3036,-2.6924));
#8200=CARTESIAN_POINT('',(6.1999876,1.3036,-1.499235));
#8201=CARTESIAN_POINT('',(5.7999884,1.3036,-2.6924));
#8202=CARTESIAN_POINT('',(3.999992,1.3036,-2.6924));
#8203=CARTESIAN_POINT('',(5.7999884,1.3036,-1.499235));
#8204=CARTESIAN_POINT('Origin',(3.999992,0.5086,-1.99898));
#8205=CARTESIAN_POINT('',(0.1999996,0.5086,-2.6924));
#8206=CARTESIAN_POINT('',(0.1999996,0.5086,-1.499235));
#8207=CARTESIAN_POINT('',(0.,0.5086,-2.6924));
#8208=CARTESIAN_POINT('',(0.,0.5086,-1.99898));
#8209=CARTESIAN_POINT('',(3.999992,0.5086,-2.6924));
#8210=CARTESIAN_POINT('Origin',(3.999992,0.5086,-1.99898));
#8211=CARTESIAN_POINT('',(2.1999956,0.5086,-2.6924));
#8212=CARTESIAN_POINT('',(2.1999956,0.5086,-1.499235));
#8213=CARTESIAN_POINT('',(1.7999964,0.5086,-2.6924));
#8214=CARTESIAN_POINT('',(1.7999964,0.5086,-1.499235));
#8215=CARTESIAN_POINT('',(3.999992,0.5086,-2.6924));
#8216=CARTESIAN_POINT('Origin',(3.999992,0.5086,-1.99898));
#8217=CARTESIAN_POINT('',(4.1999916,0.5086,-2.6924));
#8218=CARTESIAN_POINT('',(4.1999916,0.5086,-1.499235));
#8219=CARTESIAN_POINT('',(3.7999924,0.5086,-2.6924));
#8220=CARTESIAN_POINT('',(3.7999924,0.5086,-1.499235));
#8221=CARTESIAN_POINT('',(3.999992,0.5086,-2.6924));
#8222=CARTESIAN_POINT('Origin',(3.999992,0.5086,-1.99898));
#8223=CARTESIAN_POINT('',(6.1999876,0.5086,-2.6924));
#8224=CARTESIAN_POINT('',(6.1999876,0.5086,-1.499235));
#8225=CARTESIAN_POINT('',(5.7999884,0.5086,-2.6924));
#8226=CARTESIAN_POINT('',(5.7999884,0.5086,-1.499235));
#8227=CARTESIAN_POINT('',(3.999992,0.5086,-2.6924));
#8228=CARTESIAN_POINT('Origin',(3.999992,0.5086,-1.99898));
#8229=CARTESIAN_POINT('',(7.7999844,0.5086,-2.6924));
#8230=CARTESIAN_POINT('',(7.7999844,0.5086,-1.30556));
#8231=CARTESIAN_POINT('',(7.7999844,0.5086,-1.499235));
#8232=CARTESIAN_POINT('',(7.999984,0.5086,-2.6924));
#8233=CARTESIAN_POINT('',(3.999992,0.5086,-2.6924));
#8234=CARTESIAN_POINT('',(7.999984,0.5086,-1.30556));
#8235=CARTESIAN_POINT('',(7.999984,0.5086,-1.99898));
#8236=CARTESIAN_POINT('',(3.999992,0.5086,-1.30556));
#8237=CARTESIAN_POINT('Origin',(3.999992,0.9061,-2.6924));
#8238=CARTESIAN_POINT('',(0.1999996,0.8277,-2.6924));
#8239=CARTESIAN_POINT('',(0.,0.9061,-2.6924));
#8240=CARTESIAN_POINT('Origin',(3.999992,0.9061,-2.6924));
#8241=CARTESIAN_POINT('',(2.1999956,0.8277,-2.6924));
#8242=CARTESIAN_POINT('',(1.7999964,0.8277,-2.6924));
#8243=CARTESIAN_POINT('Origin',(3.999992,0.9061,-2.6924));
#8244=CARTESIAN_POINT('',(4.1999916,0.8277,-2.6924));
#8245=CARTESIAN_POINT('',(3.7999924,0.8277,-2.6924));
#8246=CARTESIAN_POINT('Origin',(3.999992,0.9061,-2.6924));
#8247=CARTESIAN_POINT('',(6.1999876,0.8277,-2.6924));
#8248=CARTESIAN_POINT('',(5.7999884,0.8277,-2.6924));
#8249=CARTESIAN_POINT('Origin',(3.999992,0.9061,-2.6924));
#8250=CARTESIAN_POINT('',(7.7999844,1.3036,-2.6924));
#8251=CARTESIAN_POINT('',(7.7999844,0.8277,-2.6924));
#8252=CARTESIAN_POINT('',(7.999984,1.3036,-2.6924));
#8253=CARTESIAN_POINT('',(3.999992,1.3036,-2.6924));
#8254=CARTESIAN_POINT('',(7.999984,0.9061,-2.6924));
#8255=CARTESIAN_POINT('Origin',(3.999992,0.9061,-1.30556));
#8256=CARTESIAN_POINT('',(7.7999844,1.3036,-1.30556));
#8257=CARTESIAN_POINT('',(7.7999844,0.8277,-1.30556));
#8258=CARTESIAN_POINT('',(7.999984,1.3036,-1.30556));
#8259=CARTESIAN_POINT('',(7.999984,0.9061,-1.30556));
#8260=CARTESIAN_POINT('',(3.999992,1.3036,-1.30556));
#8261=CARTESIAN_POINT('Origin',(0.,0.9061,-1.99898));
#8262=CARTESIAN_POINT('Origin',(3.999992,1.3036,-1.99898));
#8263=CARTESIAN_POINT('',(7.7999844,1.3036,-1.499235));
#8264=CARTESIAN_POINT('',(7.999984,1.3036,-1.99898));
#8265=CARTESIAN_POINT('Origin',(7.999984,0.9061,-1.99898));
#8266=CARTESIAN_POINT('Origin',(7.7999844,0.7493,-0.99949));
#8267=CARTESIAN_POINT('',(7.7999844,0.,0.58801));
#8268=CARTESIAN_POINT('',(7.7999844,0.254,0.58801));
#8269=CARTESIAN_POINT('',(7.7999844,0.42665,0.58801));
#8270=CARTESIAN_POINT('',(7.7999844,0.254,-2.58699));
#8271=CARTESIAN_POINT('',(7.7999844,0.254,-0.99949));
#8272=CARTESIAN_POINT('',(7.7999844,0.,-2.58699));
#8273=CARTESIAN_POINT('',(7.7999844,0.42665,-2.58699));
#8274=CARTESIAN_POINT('',(7.7999844,0.,-2.96799));
#8275=CARTESIAN_POINT('',(7.7999844,0.,-0.99949));
#8276=CARTESIAN_POINT('',(7.7999844,1.4986,-2.96799));
#8277=CARTESIAN_POINT('',(7.7999844,0.7493,-2.96799));
#8278=CARTESIAN_POINT('',(7.7999844,1.4986,0.96901));
#8279=CARTESIAN_POINT('',(7.7999844,1.4986,-0.99949));
#8280=CARTESIAN_POINT('',(7.7999844,0.,0.96901));
#8281=CARTESIAN_POINT('',(7.7999844,0.7493,0.96901));
#8282=CARTESIAN_POINT('',(7.7999844,0.,-0.99949));
#8283=CARTESIAN_POINT('',(7.7999844,0.5086,-0.69342));
#8284=CARTESIAN_POINT('',(7.7999844,1.3036,-0.69342));
#8285=CARTESIAN_POINT('',(7.7999844,0.8277,-0.69342));
#8286=CARTESIAN_POINT('',(7.7999844,0.5086,0.69342));
#8287=CARTESIAN_POINT('',(7.7999844,0.5086,-0.499745));
#8288=CARTESIAN_POINT('',(7.7999844,1.3036,0.69342));
#8289=CARTESIAN_POINT('',(7.7999844,0.8277,0.69342));
#8290=CARTESIAN_POINT('',(7.7999844,1.3036,-0.499745));
#8291=CARTESIAN_POINT('Origin',(6.1999876,0.7493,-0.99949));
#8292=CARTESIAN_POINT('',(6.1999876,0.254,0.58801));
#8293=CARTESIAN_POINT('',(6.1999876,0.,0.58801));
#8294=CARTESIAN_POINT('',(6.1999876,0.42665,0.58801));
#8295=CARTESIAN_POINT('',(6.1999876,0.,0.96901));
#8296=CARTESIAN_POINT('',(6.1999876,0.,-0.99949));
#8297=CARTESIAN_POINT('',(6.1999876,1.4986,0.96901));
#8298=CARTESIAN_POINT('',(6.1999876,0.7493,0.96901));
#8299=CARTESIAN_POINT('',(6.1999876,1.4986,-2.96799));
#8300=CARTESIAN_POINT('',(6.1999876,1.4986,-0.99949));
#8301=CARTESIAN_POINT('',(6.1999876,0.,-2.96799));
#8302=CARTESIAN_POINT('',(6.1999876,0.7493,-2.96799));
#8303=CARTESIAN_POINT('',(6.1999876,0.,-2.58699));
#8304=CARTESIAN_POINT('',(6.1999876,0.,-0.99949));
#8305=CARTESIAN_POINT('',(6.1999876,0.254,-2.58699));
#8306=CARTESIAN_POINT('',(6.1999876,0.42665,-2.58699));
#8307=CARTESIAN_POINT('',(6.1999876,0.254,-0.99949));
#8308=CARTESIAN_POINT('',(6.1999876,1.3036,-0.69342));
#8309=CARTESIAN_POINT('',(6.1999876,0.5086,-0.69342));
#8310=CARTESIAN_POINT('',(6.1999876,0.8277,-0.69342));
#8311=CARTESIAN_POINT('',(6.1999876,1.3036,0.69342));
#8312=CARTESIAN_POINT('',(6.1999876,1.3036,-0.499745));
#8313=CARTESIAN_POINT('',(6.1999876,0.5086,0.69342));
#8314=CARTESIAN_POINT('',(6.1999876,0.8277,0.69342));
#8315=CARTESIAN_POINT('',(6.1999876,0.5086,-0.499745));
#8316=CARTESIAN_POINT('Origin',(7.4189844,0.104,-0.99949));
#8317=CARTESIAN_POINT('',(7.4189844,0.,-2.96799));
#8318=CARTESIAN_POINT('',(7.4189844,0.254,-2.96799));
#8319=CARTESIAN_POINT('',(7.4189844,0.42665,-2.96799));
#8320=CARTESIAN_POINT('',(7.4189844,0.,-2.58699));
#8321=CARTESIAN_POINT('',(7.4189844,0.,-0.99949));
#8322=CARTESIAN_POINT('',(7.4189844,0.254,-2.58699));
#8323=CARTESIAN_POINT('',(7.4189844,0.104,-2.58699));
#8324=CARTESIAN_POINT('',(7.4189844,0.254,-0.99949));
#8325=CARTESIAN_POINT('Origin',(7.4189844,0.104,-0.99949));
#8326=CARTESIAN_POINT('',(7.4189844,0.254,0.96901));
#8327=CARTESIAN_POINT('',(7.4189844,0.,0.96901));
#8328=CARTESIAN_POINT('',(7.4189844,0.42665,0.96901));
#8329=CARTESIAN_POINT('',(7.4189844,0.254,0.58801));
#8330=CARTESIAN_POINT('',(7.4189844,0.254,-0.99949));
#8331=CARTESIAN_POINT('',(7.4189844,0.,0.58801));
#8332=CARTESIAN_POINT('',(7.4189844,0.104,0.58801));
#8333=CARTESIAN_POINT('',(7.4189844,0.,-0.99949));
#8334=CARTESIAN_POINT('Origin',(6.5809876,0.104,-0.99949));
#8335=CARTESIAN_POINT('',(6.5809876,0.254,-2.96799));
#8336=CARTESIAN_POINT('',(6.5809876,0.,-2.96799));
#8337=CARTESIAN_POINT('',(6.5809876,0.42665,-2.96799));
#8338=CARTESIAN_POINT('',(6.5809876,0.254,-2.58699));
#8339=CARTESIAN_POINT('',(6.5809876,0.254,-0.99949));
#8340=CARTESIAN_POINT('',(6.5809876,0.,-2.58699));
#8341=CARTESIAN_POINT('',(6.5809876,0.104,-2.58699));
#8342=CARTESIAN_POINT('',(6.5809876,0.,-0.99949));
#8343=CARTESIAN_POINT('Origin',(6.5809876,0.104,-0.99949));
#8344=CARTESIAN_POINT('',(6.5809876,0.,0.96901));
#8345=CARTESIAN_POINT('',(6.5809876,0.254,0.96901));
#8346=CARTESIAN_POINT('',(6.5809876,0.42665,0.96901));
#8347=CARTESIAN_POINT('',(6.5809876,0.,0.58801));
#8348=CARTESIAN_POINT('',(6.5809876,0.,-0.99949));
#8349=CARTESIAN_POINT('',(6.5809876,0.254,0.58801));
#8350=CARTESIAN_POINT('',(6.5809876,0.104,0.58801));
#8351=CARTESIAN_POINT('',(6.5809876,0.254,-0.99949));
#8352=CARTESIAN_POINT('Origin',(6.999986,0.,-0.99949));
#8353=CARTESIAN_POINT('',(6.999986,0.,0.96901));
#8354=CARTESIAN_POINT('',(6.999986,0.,0.58801));
#8355=CARTESIAN_POINT('Origin',(6.999986,0.,-0.99949));
#8356=CARTESIAN_POINT('',(6.999986,0.,0.58801));
#8357=CARTESIAN_POINT('',(6.999986,0.,0.96901));
#8358=CARTESIAN_POINT('Origin',(6.999986,0.7493,-2.96799));
#8359=CARTESIAN_POINT('',(6.999986,0.254,-2.96799));
#8360=CARTESIAN_POINT('',(6.999986,0.,-2.96799));
#8361=CARTESIAN_POINT('',(6.999986,1.4986,-2.96799));
#8362=CARTESIAN_POINT('',(6.999986,0.,-2.96799));
#8363=CARTESIAN_POINT('Origin',(6.999986,0.104,0.58801));
#8364=CARTESIAN_POINT('',(6.999986,0.254,0.58801));
#8365=CARTESIAN_POINT('Origin',(6.999986,0.104,0.58801));
#8366=CARTESIAN_POINT('',(6.999986,0.254,0.58801));
#8367=CARTESIAN_POINT('Origin',(6.999986,0.254,-0.99949));
#8368=CARTESIAN_POINT('',(6.999986,0.254,0.96901));
#8369=CARTESIAN_POINT('',(6.999986,0.254,-2.58699));
#8370=CARTESIAN_POINT('',(6.999986,0.254,-2.58699));
#8371=CARTESIAN_POINT('Origin',(6.999986,0.,-0.99949));
#8372=CARTESIAN_POINT('',(6.999986,0.,-2.58699));
#8373=CARTESIAN_POINT('Origin',(6.999986,0.104,-2.58699));
#8374=CARTESIAN_POINT('Origin',(6.999986,0.104,-2.58699));
#8375=CARTESIAN_POINT('',(6.999986,0.,-2.58699));
#8376=CARTESIAN_POINT('Origin',(6.999986,0.,-0.99949));
#8377=CARTESIAN_POINT('Origin',(6.999986,0.7493,0.96901));
#8378=CARTESIAN_POINT('',(6.999986,1.4986,0.96901));
#8379=CARTESIAN_POINT('Origin',(6.999986,1.4986,-0.99949));
#8380=CARTESIAN_POINT('Origin',(3.999992,0.9061,0.69342));
#8381=CARTESIAN_POINT('',(5.7999884,1.3036,0.69342));
#8382=CARTESIAN_POINT('',(3.999992,1.3036,0.69342));
#8383=CARTESIAN_POINT('',(5.7999884,0.5086,0.69342));
#8384=CARTESIAN_POINT('',(5.7999884,0.8277,0.69342));
#8385=CARTESIAN_POINT('',(3.999992,0.5086,0.69342));
#8386=CARTESIAN_POINT('Origin',(3.999992,0.9061,0.69342));
#8387=CARTESIAN_POINT('',(7.999984,0.5086,0.69342));
#8388=CARTESIAN_POINT('',(3.999992,0.5086,0.69342));
#8389=CARTESIAN_POINT('',(7.999984,1.3036,0.69342));
#8390=CARTESIAN_POINT('',(7.999984,0.9061,0.69342));
#8391=CARTESIAN_POINT('',(3.999992,1.3036,0.69342));
#8392=CARTESIAN_POINT('Origin',(3.999992,0.5086,0.));
#8393=CARTESIAN_POINT('',(5.7999884,0.5086,-0.69342));
#8394=CARTESIAN_POINT('',(5.7999884,0.5086,-0.499745));
#8395=CARTESIAN_POINT('',(3.999992,0.5086,-0.69342));
#8396=CARTESIAN_POINT('Origin',(3.999992,0.5086,0.));
#8397=CARTESIAN_POINT('',(7.999984,0.5086,-0.69342));
#8398=CARTESIAN_POINT('',(3.999992,0.5086,-0.69342));
#8399=CARTESIAN_POINT('',(7.999984,0.5086,0.));
#8400=CARTESIAN_POINT('Origin',(3.999992,1.3036,0.));
#8401=CARTESIAN_POINT('',(5.7999884,1.3036,-0.69342));
#8402=CARTESIAN_POINT('',(3.999992,1.3036,-0.69342));
#8403=CARTESIAN_POINT('',(5.7999884,1.3036,-0.499745));
#8404=CARTESIAN_POINT('Origin',(3.999992,0.9061,-0.69342));
#8405=CARTESIAN_POINT('',(5.7999884,0.8277,-0.69342));
#8406=CARTESIAN_POINT('Origin',(5.7999884,0.7493,-0.99949));
#8407=CARTESIAN_POINT('',(5.7999884,0.,0.58801));
#8408=CARTESIAN_POINT('',(5.7999884,0.254,0.58801));
#8409=CARTESIAN_POINT('',(5.7999884,0.42665,0.58801));
#8410=CARTESIAN_POINT('',(5.7999884,0.254,-2.58699));
#8411=CARTESIAN_POINT('',(5.7999884,0.254,-0.99949));
#8412=CARTESIAN_POINT('',(5.7999884,0.,-2.58699));
#8413=CARTESIAN_POINT('',(5.7999884,0.42665,-2.58699));
#8414=CARTESIAN_POINT('',(5.7999884,0.,-2.96799));
#8415=CARTESIAN_POINT('',(5.7999884,0.,-0.99949));
#8416=CARTESIAN_POINT('',(5.7999884,1.4986,-2.96799));
#8417=CARTESIAN_POINT('',(5.7999884,0.7493,-2.96799));
#8418=CARTESIAN_POINT('',(5.7999884,1.4986,0.96901));
#8419=CARTESIAN_POINT('',(5.7999884,1.4986,-0.99949));
#8420=CARTESIAN_POINT('',(5.7999884,0.,0.96901));
#8421=CARTESIAN_POINT('',(5.7999884,0.7493,0.96901));
#8422=CARTESIAN_POINT('',(5.7999884,0.,-0.99949));
#8423=CARTESIAN_POINT('Origin',(4.1999916,0.7493,-0.99949));
#8424=CARTESIAN_POINT('',(4.1999916,0.254,0.58801));
#8425=CARTESIAN_POINT('',(4.1999916,0.,0.58801));
#8426=CARTESIAN_POINT('',(4.1999916,0.42665,0.58801));
#8427=CARTESIAN_POINT('',(4.1999916,0.,0.96901));
#8428=CARTESIAN_POINT('',(4.1999916,0.,-0.99949));
#8429=CARTESIAN_POINT('',(4.1999916,1.4986,0.96901));
#8430=CARTESIAN_POINT('',(4.1999916,0.7493,0.96901));
#8431=CARTESIAN_POINT('',(4.1999916,1.4986,-2.96799));
#8432=CARTESIAN_POINT('',(4.1999916,1.4986,-0.99949));
#8433=CARTESIAN_POINT('',(4.1999916,0.,-2.96799));
#8434=CARTESIAN_POINT('',(4.1999916,0.7493,-2.96799));
#8435=CARTESIAN_POINT('',(4.1999916,0.,-2.58699));
#8436=CARTESIAN_POINT('',(4.1999916,0.,-0.99949));
#8437=CARTESIAN_POINT('',(4.1999916,0.254,-2.58699));
#8438=CARTESIAN_POINT('',(4.1999916,0.42665,-2.58699));
#8439=CARTESIAN_POINT('',(4.1999916,0.254,-0.99949));
#8440=CARTESIAN_POINT('',(4.1999916,1.3036,0.69342));
#8441=CARTESIAN_POINT('',(4.1999916,1.3036,-0.69342));
#8442=CARTESIAN_POINT('',(4.1999916,1.3036,-0.499745));
#8443=CARTESIAN_POINT('',(4.1999916,0.5086,0.69342));
#8444=CARTESIAN_POINT('',(4.1999916,0.8277,0.69342));
#8445=CARTESIAN_POINT('',(4.1999916,0.5086,-0.69342));
#8446=CARTESIAN_POINT('',(4.1999916,0.5086,-0.499745));
#8447=CARTESIAN_POINT('',(4.1999916,0.8277,-0.69342));
#8448=CARTESIAN_POINT('Origin',(5.4189884,0.104,-0.99949));
#8449=CARTESIAN_POINT('',(5.4189884,0.,-2.96799));
#8450=CARTESIAN_POINT('',(5.4189884,0.254,-2.96799));
#8451=CARTESIAN_POINT('',(5.4189884,0.42665,-2.96799));
#8452=CARTESIAN_POINT('',(5.4189884,0.,-2.58699));
#8453=CARTESIAN_POINT('',(5.4189884,0.,-0.99949));
#8454=CARTESIAN_POINT('',(5.4189884,0.254,-2.58699));
#8455=CARTESIAN_POINT('',(5.4189884,0.104,-2.58699));
#8456=CARTESIAN_POINT('',(5.4189884,0.254,-0.99949));
#8457=CARTESIAN_POINT('Origin',(5.4189884,0.104,-0.99949));
#8458=CARTESIAN_POINT('',(5.4189884,0.254,0.96901));
#8459=CARTESIAN_POINT('',(5.4189884,0.,0.96901));
#8460=CARTESIAN_POINT('',(5.4189884,0.42665,0.96901));
#8461=CARTESIAN_POINT('',(5.4189884,0.254,0.58801));
#8462=CARTESIAN_POINT('',(5.4189884,0.254,-0.99949));
#8463=CARTESIAN_POINT('',(5.4189884,0.,0.58801));
#8464=CARTESIAN_POINT('',(5.4189884,0.104,0.58801));
#8465=CARTESIAN_POINT('',(5.4189884,0.,-0.99949));
#8466=CARTESIAN_POINT('Origin',(4.5809916,0.104,-0.99949));
#8467=CARTESIAN_POINT('',(4.5809916,0.254,-2.96799));
#8468=CARTESIAN_POINT('',(4.5809916,0.,-2.96799));
#8469=CARTESIAN_POINT('',(4.5809916,0.42665,-2.96799));
#8470=CARTESIAN_POINT('',(4.5809916,0.254,-2.58699));
#8471=CARTESIAN_POINT('',(4.5809916,0.254,-0.99949));
#8472=CARTESIAN_POINT('',(4.5809916,0.,-2.58699));
#8473=CARTESIAN_POINT('',(4.5809916,0.104,-2.58699));
#8474=CARTESIAN_POINT('',(4.5809916,0.,-0.99949));
#8475=CARTESIAN_POINT('Origin',(4.5809916,0.104,-0.99949));
#8476=CARTESIAN_POINT('',(4.5809916,0.,0.96901));
#8477=CARTESIAN_POINT('',(4.5809916,0.254,0.96901));
#8478=CARTESIAN_POINT('',(4.5809916,0.42665,0.96901));
#8479=CARTESIAN_POINT('',(4.5809916,0.,0.58801));
#8480=CARTESIAN_POINT('',(4.5809916,0.,-0.99949));
#8481=CARTESIAN_POINT('',(4.5809916,0.254,0.58801));
#8482=CARTESIAN_POINT('',(4.5809916,0.104,0.58801));
#8483=CARTESIAN_POINT('',(4.5809916,0.254,-0.99949));
#8484=CARTESIAN_POINT('Origin',(4.99999,0.,-0.99949));
#8485=CARTESIAN_POINT('',(4.99999,0.,0.96901));
#8486=CARTESIAN_POINT('',(4.99999,0.,0.58801));
#8487=CARTESIAN_POINT('Origin',(4.99999,0.,-0.99949));
#8488=CARTESIAN_POINT('',(4.99999,0.,0.58801));
#8489=CARTESIAN_POINT('',(4.99999,0.,0.96901));
#8490=CARTESIAN_POINT('Origin',(4.99999,0.7493,-2.96799));
#8491=CARTESIAN_POINT('',(4.99999,0.254,-2.96799));
#8492=CARTESIAN_POINT('',(4.99999,0.,-2.96799));
#8493=CARTESIAN_POINT('',(4.99999,1.4986,-2.96799));
#8494=CARTESIAN_POINT('',(4.99999,0.,-2.96799));
#8495=CARTESIAN_POINT('Origin',(4.99999,0.104,0.58801));
#8496=CARTESIAN_POINT('',(4.99999,0.254,0.58801));
#8497=CARTESIAN_POINT('Origin',(4.99999,0.104,0.58801));
#8498=CARTESIAN_POINT('',(4.99999,0.254,0.58801));
#8499=CARTESIAN_POINT('Origin',(4.99999,0.254,-0.99949));
#8500=CARTESIAN_POINT('',(4.99999,0.254,0.96901));
#8501=CARTESIAN_POINT('',(4.99999,0.254,-2.58699));
#8502=CARTESIAN_POINT('',(4.99999,0.254,-2.58699));
#8503=CARTESIAN_POINT('Origin',(4.99999,0.,-0.99949));
#8504=CARTESIAN_POINT('',(4.99999,0.,-2.58699));
#8505=CARTESIAN_POINT('Origin',(4.99999,0.104,-2.58699));
#8506=CARTESIAN_POINT('Origin',(4.99999,0.104,-2.58699));
#8507=CARTESIAN_POINT('',(4.99999,0.,-2.58699));
#8508=CARTESIAN_POINT('Origin',(4.99999,0.,-0.99949));
#8509=CARTESIAN_POINT('Origin',(4.99999,0.7493,0.96901));
#8510=CARTESIAN_POINT('',(4.99999,1.4986,0.96901));
#8511=CARTESIAN_POINT('Origin',(4.99999,1.4986,-0.99949));
#8512=CARTESIAN_POINT('Origin',(3.999992,0.9061,-0.69342));
#8513=CARTESIAN_POINT('',(3.7999924,0.5086,-0.69342));
#8514=CARTESIAN_POINT('',(3.999992,0.5086,-0.69342));
#8515=CARTESIAN_POINT('',(3.7999924,1.3036,-0.69342));
#8516=CARTESIAN_POINT('',(3.7999924,0.8277,-0.69342));
#8517=CARTESIAN_POINT('',(3.999992,1.3036,-0.69342));
#8518=CARTESIAN_POINT('Origin',(3.999992,0.9061,-0.69342));
#8519=CARTESIAN_POINT('',(7.999984,1.3036,-0.69342));
#8520=CARTESIAN_POINT('',(3.999992,1.3036,-0.69342));
#8521=CARTESIAN_POINT('',(7.999984,0.9061,-0.69342));
#8522=CARTESIAN_POINT('Origin',(3.999992,0.5086,0.));
#8523=CARTESIAN_POINT('',(3.7999924,0.5086,0.69342));
#8524=CARTESIAN_POINT('',(3.999992,0.5086,0.69342));
#8525=CARTESIAN_POINT('',(3.7999924,0.5086,-0.499745));
#8526=CARTESIAN_POINT('Origin',(3.999992,0.9061,0.69342));
#8527=CARTESIAN_POINT('',(3.7999924,1.3036,0.69342));
#8528=CARTESIAN_POINT('',(3.999992,1.3036,0.69342));
#8529=CARTESIAN_POINT('',(3.7999924,0.8277,0.69342));
#8530=CARTESIAN_POINT('Origin',(3.999992,1.3036,0.));
#8531=CARTESIAN_POINT('',(3.7999924,1.3036,-0.499745));
#8532=CARTESIAN_POINT('Origin',(3.7999924,0.7493,-0.99949));
#8533=CARTESIAN_POINT('',(3.7999924,0.,0.58801));
#8534=CARTESIAN_POINT('',(3.7999924,0.254,0.58801));
#8535=CARTESIAN_POINT('',(3.7999924,0.42665,0.58801));
#8536=CARTESIAN_POINT('',(3.7999924,0.254,-2.58699));
#8537=CARTESIAN_POINT('',(3.7999924,0.254,-0.99949));
#8538=CARTESIAN_POINT('',(3.7999924,0.,-2.58699));
#8539=CARTESIAN_POINT('',(3.7999924,0.42665,-2.58699));
#8540=CARTESIAN_POINT('',(3.7999924,0.,-2.96799));
#8541=CARTESIAN_POINT('',(3.7999924,0.,-0.99949));
#8542=CARTESIAN_POINT('',(3.7999924,1.4986,-2.96799));
#8543=CARTESIAN_POINT('',(3.7999924,0.7493,-2.96799));
#8544=CARTESIAN_POINT('',(3.7999924,1.4986,0.96901));
#8545=CARTESIAN_POINT('',(3.7999924,1.4986,-0.99949));
#8546=CARTESIAN_POINT('',(3.7999924,0.,0.96901));
#8547=CARTESIAN_POINT('',(3.7999924,0.7493,0.96901));
#8548=CARTESIAN_POINT('',(3.7999924,0.,-0.99949));
#8549=CARTESIAN_POINT('Origin',(2.1999956,0.7493,-0.99949));
#8550=CARTESIAN_POINT('',(2.1999956,0.254,0.58801));
#8551=CARTESIAN_POINT('',(2.1999956,0.,0.58801));
#8552=CARTESIAN_POINT('',(2.1999956,0.42665,0.58801));
#8553=CARTESIAN_POINT('',(2.1999956,0.,0.96901));
#8554=CARTESIAN_POINT('',(2.1999956,0.,-0.99949));
#8555=CARTESIAN_POINT('',(2.1999956,1.4986,0.96901));
#8556=CARTESIAN_POINT('',(2.1999956,0.7493,0.96901));
#8557=CARTESIAN_POINT('',(2.1999956,1.4986,-2.96799));
#8558=CARTESIAN_POINT('',(2.1999956,1.4986,-0.99949));
#8559=CARTESIAN_POINT('',(2.1999956,0.,-2.96799));
#8560=CARTESIAN_POINT('',(2.1999956,0.7493,-2.96799));
#8561=CARTESIAN_POINT('',(2.1999956,0.,-2.58699));
#8562=CARTESIAN_POINT('',(2.1999956,0.,-0.99949));
#8563=CARTESIAN_POINT('',(2.1999956,0.254,-2.58699));
#8564=CARTESIAN_POINT('',(2.1999956,0.42665,-2.58699));
#8565=CARTESIAN_POINT('',(2.1999956,0.254,-0.99949));
#8566=CARTESIAN_POINT('',(2.1999956,0.5086,-0.69342));
#8567=CARTESIAN_POINT('',(2.1999956,0.5086,0.69342));
#8568=CARTESIAN_POINT('',(2.1999956,0.5086,-0.499745));
#8569=CARTESIAN_POINT('',(2.1999956,1.3036,-0.69342));
#8570=CARTESIAN_POINT('',(2.1999956,0.8277,-0.69342));
#8571=CARTESIAN_POINT('',(2.1999956,1.3036,0.69342));
#8572=CARTESIAN_POINT('',(2.1999956,1.3036,-0.499745));
#8573=CARTESIAN_POINT('',(2.1999956,0.8277,0.69342));
#8574=CARTESIAN_POINT('Origin',(3.4189924,0.104,-0.99949));
#8575=CARTESIAN_POINT('',(3.4189924,0.,-2.96799));
#8576=CARTESIAN_POINT('',(3.4189924,0.254,-2.96799));
#8577=CARTESIAN_POINT('',(3.4189924,0.42665,-2.96799));
#8578=CARTESIAN_POINT('',(3.4189924,0.,-2.58699));
#8579=CARTESIAN_POINT('',(3.4189924,0.,-0.99949));
#8580=CARTESIAN_POINT('',(3.4189924,0.254,-2.58699));
#8581=CARTESIAN_POINT('',(3.4189924,0.104,-2.58699));
#8582=CARTESIAN_POINT('',(3.4189924,0.254,-0.99949));
#8583=CARTESIAN_POINT('Origin',(3.4189924,0.104,-0.99949));
#8584=CARTESIAN_POINT('',(3.4189924,0.254,0.96901));
#8585=CARTESIAN_POINT('',(3.4189924,0.,0.96901));
#8586=CARTESIAN_POINT('',(3.4189924,0.42665,0.96901));
#8587=CARTESIAN_POINT('',(3.4189924,0.254,0.58801));
#8588=CARTESIAN_POINT('',(3.4189924,0.254,-0.99949));
#8589=CARTESIAN_POINT('',(3.4189924,0.,0.58801));
#8590=CARTESIAN_POINT('',(3.4189924,0.104,0.58801));
#8591=CARTESIAN_POINT('',(3.4189924,0.,-0.99949));
#8592=CARTESIAN_POINT('Origin',(2.5809956,0.104,-0.99949));
#8593=CARTESIAN_POINT('',(2.5809956,0.254,-2.96799));
#8594=CARTESIAN_POINT('',(2.5809956,0.,-2.96799));
#8595=CARTESIAN_POINT('',(2.5809956,0.42665,-2.96799));
#8596=CARTESIAN_POINT('',(2.5809956,0.254,-2.58699));
#8597=CARTESIAN_POINT('',(2.5809956,0.254,-0.99949));
#8598=CARTESIAN_POINT('',(2.5809956,0.,-2.58699));
#8599=CARTESIAN_POINT('',(2.5809956,0.104,-2.58699));
#8600=CARTESIAN_POINT('',(2.5809956,0.,-0.99949));
#8601=CARTESIAN_POINT('Origin',(2.5809956,0.104,-0.99949));
#8602=CARTESIAN_POINT('',(2.5809956,0.,0.96901));
#8603=CARTESIAN_POINT('',(2.5809956,0.254,0.96901));
#8604=CARTESIAN_POINT('',(2.5809956,0.42665,0.96901));
#8605=CARTESIAN_POINT('',(2.5809956,0.,0.58801));
#8606=CARTESIAN_POINT('',(2.5809956,0.,-0.99949));
#8607=CARTESIAN_POINT('',(2.5809956,0.254,0.58801));
#8608=CARTESIAN_POINT('',(2.5809956,0.104,0.58801));
#8609=CARTESIAN_POINT('',(2.5809956,0.254,-0.99949));
#8610=CARTESIAN_POINT('Origin',(2.999994,0.,-0.99949));
#8611=CARTESIAN_POINT('',(2.999994,0.,0.96901));
#8612=CARTESIAN_POINT('',(2.999994,0.,0.58801));
#8613=CARTESIAN_POINT('Origin',(2.999994,0.,-0.99949));
#8614=CARTESIAN_POINT('',(2.999994,0.,0.58801));
#8615=CARTESIAN_POINT('',(2.999994,0.,0.96901));
#8616=CARTESIAN_POINT('Origin',(2.999994,0.7493,-2.96799));
#8617=CARTESIAN_POINT('',(2.999994,0.254,-2.96799));
#8618=CARTESIAN_POINT('',(2.999994,0.,-2.96799));
#8619=CARTESIAN_POINT('',(2.999994,1.4986,-2.96799));
#8620=CARTESIAN_POINT('',(2.999994,0.,-2.96799));
#8621=CARTESIAN_POINT('Origin',(2.999994,0.104,0.58801));
#8622=CARTESIAN_POINT('',(2.999994,0.254,0.58801));
#8623=CARTESIAN_POINT('Origin',(2.999994,0.104,0.58801));
#8624=CARTESIAN_POINT('',(2.999994,0.254,0.58801));
#8625=CARTESIAN_POINT('Origin',(2.999994,0.254,-0.99949));
#8626=CARTESIAN_POINT('',(2.999994,0.254,0.96901));
#8627=CARTESIAN_POINT('',(2.999994,0.254,-2.58699));
#8628=CARTESIAN_POINT('',(2.999994,0.254,-2.58699));
#8629=CARTESIAN_POINT('Origin',(2.999994,0.,-0.99949));
#8630=CARTESIAN_POINT('',(2.999994,0.,-2.58699));
#8631=CARTESIAN_POINT('Origin',(2.999994,0.104,-2.58699));
#8632=CARTESIAN_POINT('Origin',(2.999994,0.104,-2.58699));
#8633=CARTESIAN_POINT('',(2.999994,0.,-2.58699));
#8634=CARTESIAN_POINT('Origin',(2.999994,0.,-0.99949));
#8635=CARTESIAN_POINT('Origin',(2.999994,0.7493,0.96901));
#8636=CARTESIAN_POINT('',(2.999994,1.4986,0.96901));
#8637=CARTESIAN_POINT('Origin',(2.999994,1.4986,-0.99949));
#8638=CARTESIAN_POINT('Origin',(3.999992,1.3036,0.));
#8639=CARTESIAN_POINT('',(1.7999964,1.3036,-0.69342));
#8640=CARTESIAN_POINT('',(3.999992,1.3036,-0.69342));
#8641=CARTESIAN_POINT('',(1.7999964,1.3036,0.69342));
#8642=CARTESIAN_POINT('',(1.7999964,1.3036,-0.499745));
#8643=CARTESIAN_POINT('',(3.999992,1.3036,0.69342));
#8644=CARTESIAN_POINT('Origin',(3.999992,1.3036,0.));
#8645=CARTESIAN_POINT('',(7.999984,1.3036,0.));
#8646=CARTESIAN_POINT('Origin',(3.999992,0.9061,0.69342));
#8647=CARTESIAN_POINT('',(1.7999964,0.5086,0.69342));
#8648=CARTESIAN_POINT('',(1.7999964,0.8277,0.69342));
#8649=CARTESIAN_POINT('',(3.999992,0.5086,0.69342));
#8650=CARTESIAN_POINT('Origin',(3.999992,0.9061,-0.69342));
#8651=CARTESIAN_POINT('',(1.7999964,0.5086,-0.69342));
#8652=CARTESIAN_POINT('',(3.999992,0.5086,-0.69342));
#8653=CARTESIAN_POINT('',(1.7999964,0.8277,-0.69342));
#8654=CARTESIAN_POINT('Origin',(3.999992,0.5086,0.));
#8655=CARTESIAN_POINT('',(1.7999964,0.5086,-0.499745));
#8656=CARTESIAN_POINT('Origin',(1.7999964,0.7493,-0.99949));
#8657=CARTESIAN_POINT('',(1.7999964,0.,0.58801));
#8658=CARTESIAN_POINT('',(1.7999964,0.254,0.58801));
#8659=CARTESIAN_POINT('',(1.7999964,0.42665,0.58801));
#8660=CARTESIAN_POINT('',(1.7999964,0.254,-2.58699));
#8661=CARTESIAN_POINT('',(1.7999964,0.254,-0.99949));
#8662=CARTESIAN_POINT('',(1.7999964,0.,-2.58699));
#8663=CARTESIAN_POINT('',(1.7999964,0.42665,-2.58699));
#8664=CARTESIAN_POINT('',(1.7999964,0.,-2.96799));
#8665=CARTESIAN_POINT('',(1.7999964,0.,-0.99949));
#8666=CARTESIAN_POINT('',(1.7999964,1.4986,-2.96799));
#8667=CARTESIAN_POINT('',(1.7999964,0.7493,-2.96799));
#8668=CARTESIAN_POINT('',(1.7999964,1.4986,0.96901));
#8669=CARTESIAN_POINT('',(1.7999964,1.4986,-0.99949));
#8670=CARTESIAN_POINT('',(1.7999964,0.,0.96901));
#8671=CARTESIAN_POINT('',(1.7999964,0.7493,0.96901));
#8672=CARTESIAN_POINT('',(1.7999964,0.,-0.99949));
#8673=CARTESIAN_POINT('Origin',(0.1999996,0.7493,-0.99949));
#8674=CARTESIAN_POINT('',(0.1999996,0.254,0.58801));
#8675=CARTESIAN_POINT('',(0.1999996,0.,0.58801));
#8676=CARTESIAN_POINT('',(0.1999996,0.42665,0.58801));
#8677=CARTESIAN_POINT('',(0.1999996,0.,0.96901));
#8678=CARTESIAN_POINT('',(0.1999996,0.,-0.99949));
#8679=CARTESIAN_POINT('',(0.1999996,1.4986,0.96901));
#8680=CARTESIAN_POINT('',(0.1999996,0.7493,0.96901));
#8681=CARTESIAN_POINT('',(0.1999996,1.4986,-2.96799));
#8682=CARTESIAN_POINT('',(0.1999996,1.4986,-0.99949));
#8683=CARTESIAN_POINT('',(0.1999996,0.,-2.96799));
#8684=CARTESIAN_POINT('',(0.1999996,0.7493,-2.96799));
#8685=CARTESIAN_POINT('',(0.1999996,0.,-2.58699));
#8686=CARTESIAN_POINT('',(0.1999996,0.,-0.99949));
#8687=CARTESIAN_POINT('',(0.1999996,0.254,-2.58699));
#8688=CARTESIAN_POINT('',(0.1999996,0.42665,-2.58699));
#8689=CARTESIAN_POINT('',(0.1999996,0.254,-0.99949));
#8690=CARTESIAN_POINT('',(0.1999996,1.3036,-0.69342));
#8691=CARTESIAN_POINT('',(0.1999996,0.5086,-0.69342));
#8692=CARTESIAN_POINT('',(0.1999996,0.8277,-0.69342));
#8693=CARTESIAN_POINT('',(0.1999996,1.3036,0.69342));
#8694=CARTESIAN_POINT('',(0.1999996,1.3036,-0.499745));
#8695=CARTESIAN_POINT('',(0.1999996,0.5086,0.69342));
#8696=CARTESIAN_POINT('',(0.1999996,0.8277,0.69342));
#8697=CARTESIAN_POINT('',(0.1999996,0.5086,-0.499745));
#8698=CARTESIAN_POINT('Origin',(1.4189964,0.104,-0.99949));
#8699=CARTESIAN_POINT('',(1.4189964,0.,-2.96799));
#8700=CARTESIAN_POINT('',(1.4189964,0.254,-2.96799));
#8701=CARTESIAN_POINT('',(1.4189964,0.42665,-2.96799));
#8702=CARTESIAN_POINT('',(1.4189964,0.,-2.58699));
#8703=CARTESIAN_POINT('',(1.4189964,0.,-0.99949));
#8704=CARTESIAN_POINT('',(1.4189964,0.254,-2.58699));
#8705=CARTESIAN_POINT('',(1.4189964,0.104,-2.58699));
#8706=CARTESIAN_POINT('',(1.4189964,0.254,-0.99949));
#8707=CARTESIAN_POINT('Origin',(1.4189964,0.104,-0.99949));
#8708=CARTESIAN_POINT('',(1.4189964,0.254,0.96901));
#8709=CARTESIAN_POINT('',(1.4189964,0.,0.96901));
#8710=CARTESIAN_POINT('',(1.4189964,0.42665,0.96901));
#8711=CARTESIAN_POINT('',(1.4189964,0.254,0.58801));
#8712=CARTESIAN_POINT('',(1.4189964,0.254,-0.99949));
#8713=CARTESIAN_POINT('',(1.4189964,0.,0.58801));
#8714=CARTESIAN_POINT('',(1.4189964,0.104,0.58801));
#8715=CARTESIAN_POINT('',(1.4189964,0.,-0.99949));
#8716=CARTESIAN_POINT('Origin',(0.5809996,0.104,-0.99949));
#8717=CARTESIAN_POINT('',(0.5809996,0.254,-2.96799));
#8718=CARTESIAN_POINT('',(0.5809996,0.,-2.96799));
#8719=CARTESIAN_POINT('',(0.5809996,0.42665,-2.96799));
#8720=CARTESIAN_POINT('',(0.5809996,0.254,-2.58699));
#8721=CARTESIAN_POINT('',(0.5809996,0.254,-0.99949));
#8722=CARTESIAN_POINT('',(0.5809996,0.,-2.58699));
#8723=CARTESIAN_POINT('',(0.5809996,0.104,-2.58699));
#8724=CARTESIAN_POINT('',(0.5809996,0.,-0.99949));
#8725=CARTESIAN_POINT('Origin',(0.5809996,0.104,-0.99949));
#8726=CARTESIAN_POINT('',(0.5809996,0.,0.96901));
#8727=CARTESIAN_POINT('',(0.5809996,0.254,0.96901));
#8728=CARTESIAN_POINT('',(0.5809996,0.42665,0.96901));
#8729=CARTESIAN_POINT('',(0.5809996,0.,0.58801));
#8730=CARTESIAN_POINT('',(0.5809996,0.,-0.99949));
#8731=CARTESIAN_POINT('',(0.5809996,0.254,0.58801));
#8732=CARTESIAN_POINT('',(0.5809996,0.104,0.58801));
#8733=CARTESIAN_POINT('',(0.5809996,0.254,-0.99949));
#8734=CARTESIAN_POINT('Origin',(0.999998,0.,-0.99949));
#8735=CARTESIAN_POINT('',(0.999998,0.,0.96901));
#8736=CARTESIAN_POINT('',(0.999998,0.,0.58801));
#8737=CARTESIAN_POINT('Origin',(0.999998,0.,-0.99949));
#8738=CARTESIAN_POINT('',(0.999998,0.,0.58801));
#8739=CARTESIAN_POINT('',(0.999998,0.,0.96901));
#8740=CARTESIAN_POINT('Origin',(0.999998,0.7493,-2.96799));
#8741=CARTESIAN_POINT('',(0.999998,0.254,-2.96799));
#8742=CARTESIAN_POINT('',(0.999998,0.,-2.96799));
#8743=CARTESIAN_POINT('',(0.999998,1.4986,-2.96799));
#8744=CARTESIAN_POINT('',(0.999998,0.,-2.96799));
#8745=CARTESIAN_POINT('Origin',(0.999998,0.104,0.58801));
#8746=CARTESIAN_POINT('',(0.999998,0.254,0.58801));
#8747=CARTESIAN_POINT('Origin',(0.999998,0.104,0.58801));
#8748=CARTESIAN_POINT('',(0.999998,0.254,0.58801));
#8749=CARTESIAN_POINT('Origin',(0.999998,0.254,-0.99949));
#8750=CARTESIAN_POINT('',(0.999998,0.254,0.96901));
#8751=CARTESIAN_POINT('',(0.999998,0.254,-2.58699));
#8752=CARTESIAN_POINT('',(0.999998,0.254,-2.58699));
#8753=CARTESIAN_POINT('Origin',(0.999998,0.,-0.99949));
#8754=CARTESIAN_POINT('',(0.999998,0.,-2.58699));
#8755=CARTESIAN_POINT('Origin',(0.999998,0.104,-2.58699));
#8756=CARTESIAN_POINT('Origin',(0.999998,0.104,-2.58699));
#8757=CARTESIAN_POINT('',(0.999998,0.,-2.58699));
#8758=CARTESIAN_POINT('Origin',(0.999998,0.,-0.99949));
#8759=CARTESIAN_POINT('Origin',(0.999998,0.7493,0.96901));
#8760=CARTESIAN_POINT('',(0.999998,1.4986,0.96901));
#8761=CARTESIAN_POINT('Origin',(0.999998,1.4986,-0.99949));
#8762=CARTESIAN_POINT('Origin',(3.999992,0.5086,0.));
#8763=CARTESIAN_POINT('',(0.,0.5086,0.69342));
#8764=CARTESIAN_POINT('',(3.999992,0.5086,0.69342));
#8765=CARTESIAN_POINT('',(0.,0.5086,-0.69342));
#8766=CARTESIAN_POINT('',(0.,0.5086,0.));
#8767=CARTESIAN_POINT('',(3.999992,0.5086,-0.69342));
#8768=CARTESIAN_POINT('Origin',(3.999992,0.9061,0.69342));
#8769=CARTESIAN_POINT('',(0.,1.3036,0.69342));
#8770=CARTESIAN_POINT('',(3.999992,1.3036,0.69342));
#8771=CARTESIAN_POINT('',(0.,0.9061,0.69342));
#8772=CARTESIAN_POINT('Origin',(3.999992,1.3036,0.));
#8773=CARTESIAN_POINT('',(0.,1.3036,-0.69342));
#8774=CARTESIAN_POINT('',(3.999992,1.3036,-0.69342));
#8775=CARTESIAN_POINT('',(0.,1.3036,0.));
#8776=CARTESIAN_POINT('Origin',(3.999992,0.9061,-0.69342));
#8777=CARTESIAN_POINT('',(0.,0.9061,-0.69342));
#8778=CARTESIAN_POINT('Origin',(0.,0.9061,0.));
#8779=CARTESIAN_POINT('Origin',(7.999984,0.9061,0.));
#8780=UNCERTAINTY_MEASURE_WITH_UNIT(LENGTH_MEASURE(0.01),#8784,
'DISTANCE_ACCURACY_VALUE',
'Maximum model space distance between geometric entities at asserted c
onnectivities');
#8781=UNCERTAINTY_MEASURE_WITH_UNIT(LENGTH_MEASURE(0.01),#8784,
'DISTANCE_ACCURACY_VALUE',
'Maximum model space distance between geometric entities at asserted c
onnectivities');
#8782=(
GEOMETRIC_REPRESENTATION_CONTEXT(3)
GLOBAL_UNCERTAINTY_ASSIGNED_CONTEXT((#8780))
GLOBAL_UNIT_ASSIGNED_CONTEXT((#8784,#8786,#8787))
REPRESENTATION_CONTEXT('','3D')
);
#8783=(
GEOMETRIC_REPRESENTATION_CONTEXT(3)
GLOBAL_UNCERTAINTY_ASSIGNED_CONTEXT((#8781))
GLOBAL_UNIT_ASSIGNED_CONTEXT((#8784,#8786,#8787))
REPRESENTATION_CONTEXT('','3D')
);
#8784=(
LENGTH_UNIT()
NAMED_UNIT(*)
SI_UNIT(.MILLI.,.METRE.)
);
#8785=(
LENGTH_UNIT()
NAMED_UNIT(*)
SI_UNIT($,.METRE.)
);
#8786=(
NAMED_UNIT(*)
PLANE_ANGLE_UNIT()
SI_UNIT($,.RADIAN.)
);
#8787=(
NAMED_UNIT(*)
SI_UNIT($,.STERADIAN.)
SOLID_ANGLE_UNIT()
);
#8788=SHAPE_DEFINITION_REPRESENTATION(#8789,#8790);
#8789=PRODUCT_DEFINITION_SHAPE('',$,#8792);
#8790=SHAPE_REPRESENTATION('',(#5624),#8782);
#8791=PRODUCT_DEFINITION_CONTEXT('part definition',#8796,'design');
#8792=PRODUCT_DEFINITION('1','(Unsaved)',#8793,#8791);
#8793=PRODUCT_DEFINITION_FORMATION('',$,#8798);
#8794=PRODUCT_RELATED_PRODUCT_CATEGORY('(Unsaved)','(Unsaved)',(#8798));
#8795=APPLICATION_PROTOCOL_DEFINITION('international standard',
'automotive_design',2009,#8796);
#8796=APPLICATION_CONTEXT(
'Core Data for Automotive Mechanical Design Process');
#8797=PRODUCT_CONTEXT('part definition',#8796,'mechanical');
#8798=PRODUCT('1','(Unsaved)','STEP AP242',(#8797));
#8799=PRESENTATION_STYLE_ASSIGNMENT((#8803));
#8800=PRESENTATION_STYLE_ASSIGNMENT((#8804));
#8801=PRESENTATION_STYLE_ASSIGNMENT((#8805));
#8802=PRESENTATION_STYLE_ASSIGNMENT((#8806));
#8803=SURFACE_STYLE_USAGE(.BOTH.,#8807);
#8804=SURFACE_STYLE_USAGE(.BOTH.,#8808);
#8805=SURFACE_STYLE_USAGE(.BOTH.,#8809);
#8806=SURFACE_STYLE_USAGE(.BOTH.,#8810);
#8807=SURFACE_SIDE_STYLE('',(#8811));
#8808=SURFACE_SIDE_STYLE('',(#8812));
#8809=SURFACE_SIDE_STYLE('',(#8813));
#8810=SURFACE_SIDE_STYLE('',(#8814));
#8811=SURFACE_STYLE_FILL_AREA(#8815);
#8812=SURFACE_STYLE_FILL_AREA(#8816);
#8813=SURFACE_STYLE_FILL_AREA(#8817);
#8814=SURFACE_STYLE_FILL_AREA(#8818);
#8815=FILL_AREA_STYLE('Steel - Satin',(#8819));
#8816=FILL_AREA_STYLE('Opaque(180,180,180)',(#8820));
#8817=FILL_AREA_STYLE('Opaque(255,255,0)',(#8821));
#8818=FILL_AREA_STYLE('Opaque(50,50,50)',(#8822));
#8819=FILL_AREA_STYLE_COLOUR('Steel - Satin',#8823);
#8820=FILL_AREA_STYLE_COLOUR('Opaque(180,180,180)',#8824);
#8821=FILL_AREA_STYLE_COLOUR('Opaque(255,255,0)',#8825);
#8822=FILL_AREA_STYLE_COLOUR('Opaque(50,50,50)',#8826);
#8823=COLOUR_RGB('Steel - Satin',0.627450980392157,0.627450980392157,0.627450980392157);
#8824=COLOUR_RGB('Opaque(180,180,180)',0.705882352941177,0.705882352941177,
0.705882352941177);
#8825=COLOUR_RGB('Opaque(255,255,0)',0.831372549019608,0.686274509803922,
0.215686274509804);
#8826=COLOUR_RGB('Opaque(50,50,50)',0.196078431372549,0.196078431372549,
0.196078431372549);
ENDSEC;
END-ISO-10303-21;
