ISO-10303-21;
HEADER;
FILE_DESCRIPTION(('Creo Elements/Direct Modeling STEP Export'),'2;1');
FILE_NAME('7.stp','2021-06-30T15:30:01',(''),(''),
'Creo Elements/Direct Modeling STEP processor for AP214 (Solid Model)',
'Creo Elements/Direct Modeling 19.0F  14-Feb-2017 (C) Parametric Technol
ogy GmbH','');
FILE_SCHEMA(('AUTOMOTIVE_DESIGN { 1 0 10303 214 1 1 1 1 }'));
ENDSEC;
DATA;
#10=CARTESIAN_POINT('',(1.49491300000001,-7.32730339999999,
5.29999999999987));
#20=DIRECTION('',(1.,-0.,-0.));
#30=DIRECTION('',(0.,1.22460635382238E-16,1.));
#40=AXIS2_PLACEMENT_3D('',#10,#20,#30);
#50=PLANE('',#40);
#60=CARTESIAN_POINT('',(1.49491300000001,-6.28730099999999,
5.79999999999987));
#70=DIRECTION('',(0.,-1.,0.));
#80=VECTOR('',#70,1.);
#90=LINE('',#60,#80);
#100=CARTESIAN_POINT('',(1.49491300000001,-6.28730099999999,
5.79999999999987));
#110=VERTEX_POINT('',#100);
#120=CARTESIAN_POINT('',(1.49491300000001,-6.98730099999999,
5.79999999999987));
#130=VERTEX_POINT('',#120);
#140=EDGE_CURVE('',#110,#130,#90,.T.);
#150=ORIENTED_EDGE('',*,*,#140,.F.);
#160=CARTESIAN_POINT('',(1.49491300000001,-6.98730099999999,
5.79999999999987));
#170=DIRECTION('',(0.,0.,-1.));
#180=VECTOR('',#170,1.);
#190=LINE('',#160,#180);
#200=CARTESIAN_POINT('',(1.49491300000001,-6.98730099999999,
5.29999999999987));
#210=VERTEX_POINT('',#200);
#220=EDGE_CURVE('',#130,#210,#190,.T.);
#230=ORIENTED_EDGE('',*,*,#220,.F.);
#240=CARTESIAN_POINT('',(1.49491300000001,-6.98730099999999,
5.29999999999987));
#250=DIRECTION('',(0.,1.,0.));
#260=VECTOR('',#250,1.);
#270=LINE('',#240,#260);
#280=CARTESIAN_POINT('',(1.49491300000001,-6.28730099999999,
5.29999999999987));
#290=VERTEX_POINT('',#280);
#300=EDGE_CURVE('',#210,#290,#270,.T.);
#310=ORIENTED_EDGE('',*,*,#300,.F.);
#320=CARTESIAN_POINT('',(1.49491300000001,-6.28730099999999,
5.29999999999987));
#330=DIRECTION('',(0.,0.,1.));
#340=VECTOR('',#330,1.);
#350=LINE('',#320,#340);
#360=EDGE_CURVE('',#290,#110,#350,.T.);
#370=ORIENTED_EDGE('',*,*,#360,.F.);
#380=EDGE_LOOP('',(#370,#310,#230,#150));
#390=FACE_OUTER_BOUND('',#380,.T.);
#400=ADVANCED_FACE('',(#390),#50,.F.);
#410=CARTESIAN_POINT('',(1.94391300000001,-6.28730099999999,
5.29999999999987));
#420=DIRECTION('',(-0.,1.,-1.22460635382238E-16));
#430=DIRECTION('',(0.,1.22460635382238E-16,1.));
#440=AXIS2_PLACEMENT_3D('',#410,#420,#430);
#450=PLANE('',#440);
#460=ORIENTED_EDGE('',*,*,#360,.T.);
#470=CARTESIAN_POINT('',(2.39291300000001,-6.28730099999999,
5.29999999999987));
#480=DIRECTION('',(-1.,0.,0.));
#490=VECTOR('',#480,1.);
#500=LINE('',#470,#490);
#510=CARTESIAN_POINT('',(2.39291300000001,-6.28730099999999,
5.29999999999987));
#520=VERTEX_POINT('',#510);
#530=EDGE_CURVE('',#520,#290,#500,.T.);
#540=ORIENTED_EDGE('',*,*,#530,.T.);
#550=CARTESIAN_POINT('',(2.39291300000001,-6.28730099999999,
5.79999999999987));
#560=DIRECTION('',(0.,0.,-1.));
#570=VECTOR('',#560,1.);
#580=LINE('',#550,#570);
#590=CARTESIAN_POINT('',(2.39291300000001,-6.28730099999999,
5.79999999999987));
#600=VERTEX_POINT('',#590);
#610=EDGE_CURVE('',#600,#520,#580,.T.);
#620=ORIENTED_EDGE('',*,*,#610,.T.);
#630=CARTESIAN_POINT('',(1.49491300000001,-6.28730099999999,
5.79999999999987));
#640=DIRECTION('',(1.,0.,0.));
#650=VECTOR('',#640,1.);
#660=LINE('',#630,#650);
#670=EDGE_CURVE('',#110,#600,#660,.T.);
#680=ORIENTED_EDGE('',*,*,#670,.T.);
#690=EDGE_LOOP('',(#680,#620,#540,#460));
#700=FACE_OUTER_BOUND('',#690,.T.);
#710=ADVANCED_FACE('',(#700),#450,.T.);
#720=CARTESIAN_POINT('',(1.59491300000001,-6.98730099999999,
5.79999999999987));
#730=DIRECTION('',(-4.44089209850064E-15,-0.,1.));
#740=DIRECTION('',(1.,0.,4.44089209850064E-15));
#750=AXIS2_PLACEMENT_3D('',#720,#730,#740);
#760=PLANE('',#750);
#770=ORIENTED_EDGE('',*,*,#140,.T.);
#780=ORIENTED_EDGE('',*,*,#670,.F.);
#790=CARTESIAN_POINT('',(2.39291300000001,-6.28730099999999,
5.79999999999987));
#800=DIRECTION('',(0.,-1.,0.));
#810=VECTOR('',#800,1.);
#820=LINE('',#790,#810);
#830=CARTESIAN_POINT('',(2.39291300000001,-6.98730099999999,
5.79999999999987));
#840=VERTEX_POINT('',#830);
#850=EDGE_CURVE('',#600,#840,#820,.T.);
#860=ORIENTED_EDGE('',*,*,#850,.F.);
#870=CARTESIAN_POINT('',(1.49491300000001,-6.98730099999999,
5.79999999999987));
#880=DIRECTION('',(1.,0.,4.94531414086929E-15));
#890=VECTOR('',#880,1.);
#900=LINE('',#870,#890);
#910=EDGE_CURVE('',#130,#840,#900,.T.);
#920=ORIENTED_EDGE('',*,*,#910,.T.);
#930=EDGE_LOOP('',(#920,#860,#780,#770));
#940=FACE_OUTER_BOUND('',#930,.T.);
#950=ADVANCED_FACE('',(#940),#760,.T.);
#960=CARTESIAN_POINT('',(2.90792229992327,-6.98730099999999,
3.21234359153607));
#970=DIRECTION('',(-0.,-1.,-0.));
#980=DIRECTION('',(0.,0.,1.));
#990=AXIS2_PLACEMENT_3D('',#960,#970,#980);
#1000=PLANE('',#990);
#1010=CARTESIAN_POINT('',(2.24391300000001,-6.98730099999999,
2.79999999999987));
#1020=DIRECTION('',(1.,0.,0.));
#1030=VECTOR('',#1020,1.);
#1040=LINE('',#1010,#1030);
#1050=CARTESIAN_POINT('',(2.24391300000001,-6.98730099999999,
2.79999999999987));
#1060=VERTEX_POINT('',#1050);
#1070=CARTESIAN_POINT('',(3.04391300000001,-6.98730099999999,
2.79999999999987));
#1080=VERTEX_POINT('',#1070);
#1090=EDGE_CURVE('',#1060,#1080,#1040,.T.);
#1100=ORIENTED_EDGE('',*,*,#1090,.T.);
#1110=CARTESIAN_POINT('',(2.24391300000001,-6.98730099999999,
3.99999999999987));
#1120=DIRECTION('',(0.,0.,-1.));
#1130=VECTOR('',#1120,1.);
#1140=LINE('',#1110,#1130);
#1150=CARTESIAN_POINT('',(2.24391300000001,-6.98730099999999,
3.99999999999987));
#1160=VERTEX_POINT('',#1150);
#1170=EDGE_CURVE('',#1160,#1060,#1140,.T.);
#1180=ORIENTED_EDGE('',*,*,#1170,.T.);
#1190=CARTESIAN_POINT('',(-4.606087,-6.98730099999999,3.99999999999987))
;
#1200=DIRECTION('',(1.,0.,0.));
#1210=VECTOR('',#1200,1.);
#1220=LINE('',#1190,#1210);
#1230=CARTESIAN_POINT('',(-4.606087,-6.98730099999999,3.99999999999987))
;
#1240=VERTEX_POINT('',#1230);
#1250=EDGE_CURVE('',#1240,#1160,#1220,.T.);
#1260=ORIENTED_EDGE('',*,*,#1250,.T.);
#1270=CARTESIAN_POINT('',(-4.606087,-6.98730099999999,3.99999999999987))
;
#1280=DIRECTION('',(0.,0.,-1.));
#1290=VECTOR('',#1280,1.);
#1300=LINE('',#1270,#1290);
#1310=CARTESIAN_POINT('',(-4.606087,-6.98730099999999,2.79999999999987))
;
#1320=VERTEX_POINT('',#1310);
#1330=EDGE_CURVE('',#1240,#1320,#1300,.T.);
#1340=ORIENTED_EDGE('',*,*,#1330,.F.);
#1350=CARTESIAN_POINT('',(-4.606087,-6.98730099999999,2.79999999999987))
;
#1360=DIRECTION('',(-1.,0.,0.));
#1370=VECTOR('',#1360,1.);
#1380=LINE('',#1350,#1370);
#1390=CARTESIAN_POINT('',(-5.406087,-6.98730099999999,2.79999999999987))
;
#1400=VERTEX_POINT('',#1390);
#1410=EDGE_CURVE('',#1320,#1400,#1380,.T.);
#1420=ORIENTED_EDGE('',*,*,#1410,.F.);
#1430=CARTESIAN_POINT('',(-5.406087,-6.98730099999999,2.79999999999987))
;
#1440=DIRECTION('',(0.,0.,-1.));
#1450=VECTOR('',#1440,1.);
#1460=LINE('',#1430,#1450);
#1470=CARTESIAN_POINT('',(-5.406087,-6.98730099999999,0.999999999999873)
);
#1480=VERTEX_POINT('',#1470);
#1490=EDGE_CURVE('',#1400,#1480,#1460,.T.);
#1500=ORIENTED_EDGE('',*,*,#1490,.F.);
#1510=CARTESIAN_POINT('',(-6.381087,-6.98730099999999,0.99999999999987))
;
#1520=DIRECTION('',(1.,0.,0.));
#1530=VECTOR('',#1520,1.);
#1540=LINE('',#1510,#1530);
#1550=CARTESIAN_POINT('',(-6.381087,-6.98730099999999,0.99999999999987))
;
#1560=VERTEX_POINT('',#1550);
#1570=EDGE_CURVE('',#1560,#1480,#1540,.T.);
#1580=ORIENTED_EDGE('',*,*,#1570,.T.);
#1590=CARTESIAN_POINT('',(-6.381087,-6.98730099999999,3.09999999999987))
;
#1600=DIRECTION('',(0.,0.,-1.));
#1610=VECTOR('',#1600,1.);
#1620=LINE('',#1590,#1610);
#1630=CARTESIAN_POINT('',(-6.381087,-6.98730099999999,3.09999999999987))
;
#1640=VERTEX_POINT('',#1630);
#1650=EDGE_CURVE('',#1640,#1560,#1620,.T.);
#1660=ORIENTED_EDGE('',*,*,#1650,.T.);
#1670=CARTESIAN_POINT('',(-6.781087,-6.98730099999999,3.09999999999987))
;
#1680=DIRECTION('',(1.,0.,0.));
#1690=VECTOR('',#1680,1.);
#1700=LINE('',#1670,#1690);
#1710=CARTESIAN_POINT('',(-6.781087,-6.98730099999999,3.09999999999987))
;
#1720=VERTEX_POINT('',#1710);
#1730=EDGE_CURVE('',#1720,#1640,#1700,.T.);
#1740=ORIENTED_EDGE('',*,*,#1730,.T.);
#1750=CARTESIAN_POINT('',(-6.781087,-6.98730099999999,3.09999999999987))
;
#1760=DIRECTION('',(0.,0.,-1.));
#1770=VECTOR('',#1760,1.);
#1780=LINE('',#1750,#1770);
#1790=CARTESIAN_POINT('',(-6.781087,-6.98730099999999,2.29999999999987))
;
#1800=VERTEX_POINT('',#1790);
#1810=EDGE_CURVE('',#1720,#1800,#1780,.T.);
#1820=ORIENTED_EDGE('',*,*,#1810,.F.);
#1830=CARTESIAN_POINT('',(-6.881087,-6.98730099999999,2.29999999999987))
;
#1840=DIRECTION('',(1.,0.,0.));
#1850=VECTOR('',#1840,1.);
#1860=LINE('',#1830,#1850);
#1870=CARTESIAN_POINT('',(-6.881087,-6.98730099999999,2.29999999999987))
;
#1880=VERTEX_POINT('',#1870);
#1890=EDGE_CURVE('',#1880,#1800,#1860,.T.);
#1900=ORIENTED_EDGE('',*,*,#1890,.T.);
#1910=CARTESIAN_POINT('',(-6.881087,-6.98730099999999,3.09999999999987))
;
#1920=DIRECTION('',(0.,0.,-1.));
#1930=VECTOR('',#1920,1.);
#1940=LINE('',#1910,#1930);
#1950=CARTESIAN_POINT('',(-6.881087,-6.98730099999999,3.09999999999987))
;
#1960=VERTEX_POINT('',#1950);
#1970=EDGE_CURVE('',#1960,#1880,#1940,.T.);
#1980=ORIENTED_EDGE('',*,*,#1970,.T.);
#1990=CARTESIAN_POINT('',(-7.131087,-6.98730099999999,3.09999999999987))
;
#2000=DIRECTION('',(1.,0.,0.));
#2010=VECTOR('',#2000,1.);
#2020=LINE('',#1990,#2010);
#2030=CARTESIAN_POINT('',(-7.131087,-6.98730099999999,3.09999999999987))
;
#2040=VERTEX_POINT('',#2030);
#2050=EDGE_CURVE('',#2040,#1960,#2020,.T.);
#2060=ORIENTED_EDGE('',*,*,#2050,.T.);
#2070=CARTESIAN_POINT('',(-7.131087,-6.98730099999999,5.09999999999987))
;
#2080=DIRECTION('',(0.,0.,-1.));
#2090=VECTOR('',#2080,1.);
#2100=LINE('',#2070,#2090);
#2110=CARTESIAN_POINT('',(-7.131087,-6.98730099999999,5.09999999999987))
;
#2120=VERTEX_POINT('',#2110);
#2130=EDGE_CURVE('',#2120,#2040,#2100,.T.);
#2140=ORIENTED_EDGE('',*,*,#2130,.T.);
#2150=CARTESIAN_POINT('',(-6.381087,-6.98730099999999,5.09999999999987))
;
#2160=DIRECTION('',(-1.,0.,0.));
#2170=VECTOR('',#2160,1.);
#2180=LINE('',#2150,#2170);
#2190=CARTESIAN_POINT('',(-6.381087,-6.98730099999999,5.09999999999987))
;
#2200=VERTEX_POINT('',#2190);
#2210=EDGE_CURVE('',#2200,#2120,#2180,.T.);
#2220=ORIENTED_EDGE('',*,*,#2210,.T.);
#2230=CARTESIAN_POINT('',(-6.381087,-6.98730099999999,5.79999999999987))
;
#2240=DIRECTION('',(0.,0.,-1.));
#2250=VECTOR('',#2240,1.);
#2260=LINE('',#2230,#2250);
#2270=CARTESIAN_POINT('',(-6.381087,-6.98730099999999,5.79999999999988))
;
#2280=VERTEX_POINT('',#2270);
#2290=EDGE_CURVE('',#2280,#2200,#2260,.T.);
#2300=ORIENTED_EDGE('',*,*,#2290,.T.);
#2310=CARTESIAN_POINT('',(-5.107087,-6.98730099999999,5.79999999999987))
;
#2320=DIRECTION('',(-1.,0.,0.));
#2330=VECTOR('',#2320,1.);
#2340=LINE('',#2310,#2330);
#2350=CARTESIAN_POINT('',(-5.107087,-6.98730099999999,5.79999999999987))
;
#2360=VERTEX_POINT('',#2350);
#2370=EDGE_CURVE('',#2360,#2280,#2340,.T.);
#2380=ORIENTED_EDGE('',*,*,#2370,.T.);
#2390=CARTESIAN_POINT('',(-5.107087,-6.98730099999999,5.29999999999987))
;
#2400=DIRECTION('',(0.,0.,1.));
#2410=VECTOR('',#2400,1.);
#2420=LINE('',#2390,#2410);
#2430=CARTESIAN_POINT('',(-5.107087,-6.98730099999999,5.29999999999987))
;
#2440=VERTEX_POINT('',#2430);
#2450=EDGE_CURVE('',#2440,#2360,#2420,.T.);
#2460=ORIENTED_EDGE('',*,*,#2450,.T.);
#2470=CARTESIAN_POINT('',(-5.107087,-6.98730099999999,5.29999999999987))
;
#2480=DIRECTION('',(1.,0.,0.));
#2490=VECTOR('',#2480,1.);
#2500=LINE('',#2470,#2490);
#2510=CARTESIAN_POINT('',(-4.755087,-6.98730099999999,5.29999999999987))
;
#2520=VERTEX_POINT('',#2510);
#2530=EDGE_CURVE('',#2440,#2520,#2500,.T.);
#2540=ORIENTED_EDGE('',*,*,#2530,.F.);
#2550=CARTESIAN_POINT('',(-4.755087,-6.98730099999999,5.29999999999987))
;
#2560=DIRECTION('',(0.,0.,1.));
#2570=VECTOR('',#2560,1.);
#2580=LINE('',#2550,#2570);
#2590=CARTESIAN_POINT('',(-4.755087,-6.98730099999999,5.79999999999987))
;
#2600=VERTEX_POINT('',#2590);
#2610=EDGE_CURVE('',#2520,#2600,#2580,.T.);
#2620=ORIENTED_EDGE('',*,*,#2610,.F.);
#2630=CARTESIAN_POINT('',(-3.857087,-6.98730099999999,5.79999999999987))
;
#2640=DIRECTION('',(-1.,0.,0.));
#2650=VECTOR('',#2640,1.);
#2660=LINE('',#2630,#2650);
#2670=CARTESIAN_POINT('',(-3.857087,-6.98730099999999,5.79999999999987))
;
#2680=VERTEX_POINT('',#2670);
#2690=EDGE_CURVE('',#2680,#2600,#2660,.T.);
#2700=ORIENTED_EDGE('',*,*,#2690,.T.);
#2710=CARTESIAN_POINT('',(-3.857087,-6.98730099999999,5.79999999999987))
;
#2720=DIRECTION('',(0.,0.,-1.));
#2730=VECTOR('',#2720,1.);
#2740=LINE('',#2710,#2730);
#2750=CARTESIAN_POINT('',(-3.857087,-6.98730099999999,5.29999999999987))
;
#2760=VERTEX_POINT('',#2750);
#2770=EDGE_CURVE('',#2680,#2760,#2740,.T.);
#2780=ORIENTED_EDGE('',*,*,#2770,.F.);
#2790=CARTESIAN_POINT('',(-3.857087,-6.98730099999999,5.29999999999987))
;
#2800=DIRECTION('',(1.,0.,0.));
#2810=VECTOR('',#2800,1.);
#2820=LINE('',#2790,#2810);
#2830=CARTESIAN_POINT('',(-3.505087,-6.98730099999999,5.29999999999987))
;
#2840=VERTEX_POINT('',#2830);
#2850=EDGE_CURVE('',#2760,#2840,#2820,.T.);
#2860=ORIENTED_EDGE('',*,*,#2850,.F.);
#2870=CARTESIAN_POINT('',(-3.505087,-6.98730099999999,5.79999999999987))
;
#2880=DIRECTION('',(0.,0.,-1.));
#2890=VECTOR('',#2880,1.);
#2900=LINE('',#2870,#2890);
#2910=CARTESIAN_POINT('',(-3.505087,-6.98730099999999,5.79999999999987))
;
#2920=VERTEX_POINT('',#2910);
#2930=EDGE_CURVE('',#2920,#2840,#2900,.T.);
#2940=ORIENTED_EDGE('',*,*,#2930,.T.);
#2950=CARTESIAN_POINT('',(-2.607087,-6.98730099999999,5.79999999999987))
;
#2960=DIRECTION('',(-1.,0.,0.));
#2970=VECTOR('',#2960,1.);
#2980=LINE('',#2950,#2970);
#2990=CARTESIAN_POINT('',(-2.607087,-6.98730099999999,5.79999999999987))
;
#3000=VERTEX_POINT('',#2990);
#3010=EDGE_CURVE('',#3000,#2920,#2980,.T.);
#3020=ORIENTED_EDGE('',*,*,#3010,.T.);
#3030=CARTESIAN_POINT('',(-2.607087,-6.98730099999999,5.79999999999987))
;
#3040=DIRECTION('',(0.,0.,-1.));
#3050=VECTOR('',#3040,1.);
#3060=LINE('',#3030,#3050);
#3070=CARTESIAN_POINT('',(-2.607087,-6.98730099999999,5.29999999999987))
;
#3080=VERTEX_POINT('',#3070);
#3090=EDGE_CURVE('',#3000,#3080,#3060,.T.);
#3100=ORIENTED_EDGE('',*,*,#3090,.F.);
#3110=CARTESIAN_POINT('',(-2.255087,-6.98730099999999,5.29999999999987))
;
#3120=DIRECTION('',(-1.,0.,0.));
#3130=VECTOR('',#3120,1.);
#3140=LINE('',#3110,#3130);
#3150=CARTESIAN_POINT('',(-2.255087,-6.98730099999999,5.29999999999987))
;
#3160=VERTEX_POINT('',#3150);
#3170=EDGE_CURVE('',#3160,#3080,#3140,.T.);
#3180=ORIENTED_EDGE('',*,*,#3170,.T.);
#3190=CARTESIAN_POINT('',(-2.255087,-6.98730099999999,5.79999999999987))
;
#3200=DIRECTION('',(0.,0.,-1.));
#3210=VECTOR('',#3200,1.);
#3220=LINE('',#3190,#3210);
#3230=CARTESIAN_POINT('',(-2.255087,-6.98730099999999,5.79999999999987))
;
#3240=VERTEX_POINT('',#3230);
#3250=EDGE_CURVE('',#3240,#3160,#3220,.T.);
#3260=ORIENTED_EDGE('',*,*,#3250,.T.);
#3270=CARTESIAN_POINT('',(-2.255087,-6.98730099999999,5.79999999999987))
;
#3280=DIRECTION('',(1.,0.,4.94531414086929E-15));
#3290=VECTOR('',#3280,1.);
#3300=LINE('',#3270,#3290);
#3310=CARTESIAN_POINT('',(-1.357087,-6.98730099999999,5.79999999999987))
;
#3320=VERTEX_POINT('',#3310);
#3330=EDGE_CURVE('',#3240,#3320,#3300,.T.);
#3340=ORIENTED_EDGE('',*,*,#3330,.F.);
#3350=CARTESIAN_POINT('',(-1.357087,-6.98730099999999,5.79999999999987))
;
#3360=DIRECTION('',(0.,0.,-1.));
#3370=VECTOR('',#3360,1.);
#3380=LINE('',#3350,#3370);
#3390=CARTESIAN_POINT('',(-1.357087,-6.98730099999999,5.29999999999987))
;
#3400=VERTEX_POINT('',#3390);
#3410=EDGE_CURVE('',#3320,#3400,#3380,.T.);
#3420=ORIENTED_EDGE('',*,*,#3410,.F.);
#3430=CARTESIAN_POINT('',(-1.357087,-6.98730099999999,5.29999999999987))
;
#3440=DIRECTION('',(1.,0.,0.));
#3450=VECTOR('',#3440,1.);
#3460=LINE('',#3430,#3450);
#3470=CARTESIAN_POINT('',(-1.00508699999999,-6.98730099999999,
5.29999999999987));
#3480=VERTEX_POINT('',#3470);
#3490=EDGE_CURVE('',#3400,#3480,#3460,.T.);
#3500=ORIENTED_EDGE('',*,*,#3490,.F.);
#3510=CARTESIAN_POINT('',(-1.00508699999999,-6.98730099999999,
5.79999999999987));
#3520=DIRECTION('',(0.,0.,-1.));
#3530=VECTOR('',#3520,1.);
#3540=LINE('',#3510,#3530);
#3550=CARTESIAN_POINT('',(-1.00508699999999,-6.98730099999999,
5.79999999999987));
#3560=VERTEX_POINT('',#3550);
#3570=EDGE_CURVE('',#3560,#3480,#3540,.T.);
#3580=ORIENTED_EDGE('',*,*,#3570,.T.);
#3590=CARTESIAN_POINT('',(-0.107086999999995,-6.98730099999999,
5.79999999999987));
#3600=DIRECTION('',(-1.,0.,0.));
#3610=VECTOR('',#3600,1.);
#3620=LINE('',#3590,#3610);
#3630=CARTESIAN_POINT('',(-0.107086999999995,-6.98730099999999,
5.79999999999987));
#3640=VERTEX_POINT('',#3630);
#3650=EDGE_CURVE('',#3640,#3560,#3620,.T.);
#3660=ORIENTED_EDGE('',*,*,#3650,.T.);
#3670=CARTESIAN_POINT('',(-0.107086999999995,-6.98730099999999,
5.79999999999987));
#3680=DIRECTION('',(0.,0.,-1.));
#3690=VECTOR('',#3680,1.);
#3700=LINE('',#3670,#3690);
#3710=CARTESIAN_POINT('',(-0.107086999999995,-6.98730099999999,
5.29999999999987));
#3720=VERTEX_POINT('',#3710);
#3730=EDGE_CURVE('',#3640,#3720,#3700,.T.);
#3740=ORIENTED_EDGE('',*,*,#3730,.F.);
#3750=CARTESIAN_POINT('',(-0.107086999999995,-6.98730099999999,
5.29999999999987));
#3760=DIRECTION('',(1.,0.,0.));
#3770=VECTOR('',#3760,1.);
#3780=LINE('',#3750,#3770);
#3790=CARTESIAN_POINT('',(0.244913000000006,-6.98730099999999,
5.29999999999987));
#3800=VERTEX_POINT('',#3790);
#3810=EDGE_CURVE('',#3720,#3800,#3780,.T.);
#3820=ORIENTED_EDGE('',*,*,#3810,.F.);
#3830=CARTESIAN_POINT('',(0.244913000000006,-6.98730099999999,
5.79999999999987));
#3840=DIRECTION('',(0.,0.,-1.));
#3850=VECTOR('',#3840,1.);
#3860=LINE('',#3830,#3850);
#3870=CARTESIAN_POINT('',(0.244913000000006,-6.98730099999999,
5.79999999999987));
#3880=VERTEX_POINT('',#3870);
#3890=EDGE_CURVE('',#3880,#3800,#3860,.T.);
#3900=ORIENTED_EDGE('',*,*,#3890,.T.);
#3910=CARTESIAN_POINT('',(0.244913000000006,-6.98730099999999,
5.79999999999987));
#3920=DIRECTION('',(1.,0.,3.95625131269542E-15));
#3930=VECTOR('',#3920,1.);
#3940=LINE('',#3910,#3930);
#3950=CARTESIAN_POINT('',(1.14291300000001,-6.98730099999999,
5.79999999999987));
#3960=VERTEX_POINT('',#3950);
#3970=EDGE_CURVE('',#3880,#3960,#3940,.T.);
#3980=ORIENTED_EDGE('',*,*,#3970,.F.);
#3990=CARTESIAN_POINT('',(1.14291300000001,-6.98730099999999,
5.79999999999987));
#4000=DIRECTION('',(0.,0.,-1.));
#4010=VECTOR('',#4000,1.);
#4020=LINE('',#3990,#4010);
#4030=CARTESIAN_POINT('',(1.14291300000001,-6.98730099999999,
5.29999999999987));
#4040=VERTEX_POINT('',#4030);
#4050=EDGE_CURVE('',#3960,#4040,#4020,.T.);
#4060=ORIENTED_EDGE('',*,*,#4050,.F.);
#4070=CARTESIAN_POINT('',(1.49491300000001,-6.98730099999999,
5.29999999999987));
#4080=DIRECTION('',(-1.,0.,0.));
#4090=VECTOR('',#4080,1.);
#4100=LINE('',#4070,#4090);
#4110=EDGE_CURVE('',#210,#4040,#4100,.T.);
#4120=ORIENTED_EDGE('',*,*,#4110,.T.);
#4130=ORIENTED_EDGE('',*,*,#220,.T.);
#4140=ORIENTED_EDGE('',*,*,#910,.F.);
#4150=CARTESIAN_POINT('',(2.39291300000001,-6.98730099999999,
5.29999999999987));
#4160=DIRECTION('',(0.,0.,1.));
#4170=VECTOR('',#4160,1.);
#4180=LINE('',#4150,#4170);
#4190=CARTESIAN_POINT('',(2.39291300000001,-6.98730099999999,
5.29999999999987));
#4200=VERTEX_POINT('',#4190);
#4210=EDGE_CURVE('',#4200,#840,#4180,.T.);
#4220=ORIENTED_EDGE('',*,*,#4210,.T.);
#4230=CARTESIAN_POINT('',(2.74491300000001,-6.98730099999999,
5.29999999999987));
#4240=DIRECTION('',(-1.,0.,0.));
#4250=VECTOR('',#4240,1.);
#4260=LINE('',#4230,#4250);
#4270=CARTESIAN_POINT('',(2.74491300000001,-6.98730099999999,
5.29999999999987));
#4280=VERTEX_POINT('',#4270);
#4290=EDGE_CURVE('',#4280,#4200,#4260,.T.);
#4300=ORIENTED_EDGE('',*,*,#4290,.T.);
#4310=CARTESIAN_POINT('',(2.74491300000001,-6.98730099999999,
5.29999999999987));
#4320=DIRECTION('',(0.,0.,1.));
#4330=VECTOR('',#4320,1.);
#4340=LINE('',#4310,#4330);
#4350=CARTESIAN_POINT('',(2.74491300000001,-6.98730099999999,
5.79999999999987));
#4360=VERTEX_POINT('',#4350);
#4370=EDGE_CURVE('',#4280,#4360,#4340,.T.);
#4380=ORIENTED_EDGE('',*,*,#4370,.F.);
#4390=CARTESIAN_POINT('',(2.74491300000001,-6.98730099999999,
5.79999999999987));
#4400=DIRECTION('',(1.,0.,9.06304509898094E-15));
#4410=VECTOR('',#4400,1.);
#4420=LINE('',#4390,#4410);
#4430=CARTESIAN_POINT('',(4.018913,-6.98730099999999,5.79999999999988));
#4440=VERTEX_POINT('',#4430);
#4450=EDGE_CURVE('',#4360,#4440,#4420,.T.);
#4460=ORIENTED_EDGE('',*,*,#4450,.F.);
#4470=CARTESIAN_POINT('',(4.018913,-6.98730099999999,5.79999999999987));
#4480=DIRECTION('',(0.,0.,-1.));
#4490=VECTOR('',#4480,1.);
#4500=LINE('',#4470,#4490);
#4510=CARTESIAN_POINT('',(4.018913,-6.98730099999999,5.09999999999987));
#4520=VERTEX_POINT('',#4510);
#4530=EDGE_CURVE('',#4440,#4520,#4500,.T.);
#4540=ORIENTED_EDGE('',*,*,#4530,.F.);
#4550=CARTESIAN_POINT('',(4.018913,-6.98730099999999,5.09999999999987));
#4560=DIRECTION('',(1.,0.,0.));
#4570=VECTOR('',#4560,1.);
#4580=LINE('',#4550,#4570);
#4590=CARTESIAN_POINT('',(4.768913,-6.98730099999999,5.09999999999987));
#4600=VERTEX_POINT('',#4590);
#4610=EDGE_CURVE('',#4520,#4600,#4580,.T.);
#4620=ORIENTED_EDGE('',*,*,#4610,.F.);
#4630=CARTESIAN_POINT('',(4.768913,-6.98730099999999,5.09999999999987));
#4640=DIRECTION('',(0.,0.,-1.));
#4650=VECTOR('',#4640,1.);
#4660=LINE('',#4630,#4650);
#4670=CARTESIAN_POINT('',(4.768913,-6.98730099999999,3.09999999999987));
#4680=VERTEX_POINT('',#4670);
#4690=EDGE_CURVE('',#4600,#4680,#4660,.T.);
#4700=ORIENTED_EDGE('',*,*,#4690,.F.);
#4710=CARTESIAN_POINT('',(4.768913,-6.98730099999999,3.09999999999987));
#4720=DIRECTION('',(-1.,0.,0.));
#4730=VECTOR('',#4720,1.);
#4740=LINE('',#4710,#4730);
#4750=CARTESIAN_POINT('',(4.51891300000001,-6.98730099999999,
3.09999999999987));
#4760=VERTEX_POINT('',#4750);
#4770=EDGE_CURVE('',#4680,#4760,#4740,.T.);
#4780=ORIENTED_EDGE('',*,*,#4770,.F.);
#4790=CARTESIAN_POINT('',(4.51891300000001,-6.987301,3.09999999999987));
#4800=DIRECTION('',(0.,0.,-1.));
#4810=VECTOR('',#4800,1.);
#4820=LINE('',#4790,#4810);
#4830=CARTESIAN_POINT('',(4.51891300000001,-6.98730099999999,
2.29999999999987));
#4840=VERTEX_POINT('',#4830);
#4850=EDGE_CURVE('',#4760,#4840,#4820,.T.);
#4860=ORIENTED_EDGE('',*,*,#4850,.F.);
#4870=CARTESIAN_POINT('',(4.51891300000001,-6.98730099999999,
2.29999999999987));
#4880=DIRECTION('',(-1.,0.,0.));
#4890=VECTOR('',#4880,1.);
#4900=LINE('',#4870,#4890);
#4910=CARTESIAN_POINT('',(4.41891300000001,-6.98730099999999,
2.29999999999987));
#4920=VERTEX_POINT('',#4910);
#4930=EDGE_CURVE('',#4840,#4920,#4900,.T.);
#4940=ORIENTED_EDGE('',*,*,#4930,.F.);
#4950=CARTESIAN_POINT('',(4.41891300000001,-6.98730099999999,
2.29999999999987));
#4960=DIRECTION('',(0.,-1.11022302462516E-15,1.));
#4970=VECTOR('',#4960,1.);
#4980=LINE('',#4950,#4970);
#4990=CARTESIAN_POINT('',(4.41891300000001,-6.98730099999999,
3.09999999999987));
#5000=VERTEX_POINT('',#4990);
#5010=EDGE_CURVE('',#4920,#5000,#4980,.T.);
#5020=ORIENTED_EDGE('',*,*,#5010,.F.);
#5030=CARTESIAN_POINT('',(4.418913,-6.98730099999999,3.09999999999987));
#5040=DIRECTION('',(-1.,0.,0.));
#5050=VECTOR('',#5040,1.);
#5060=LINE('',#5030,#5050);
#5070=CARTESIAN_POINT('',(4.018913,-6.98730099999999,3.09999999999987));
#5080=VERTEX_POINT('',#5070);
#5090=EDGE_CURVE('',#5000,#5080,#5060,.T.);
#5100=ORIENTED_EDGE('',*,*,#5090,.F.);
#5110=CARTESIAN_POINT('',(4.018913,-6.98730099999999,3.09999999999987));
#5120=DIRECTION('',(0.,0.,-1.));
#5130=VECTOR('',#5120,1.);
#5140=LINE('',#5110,#5130);
#5150=CARTESIAN_POINT('',(4.018913,-6.98730099999999,0.999999999999868))
;
#5160=VERTEX_POINT('',#5150);
#5170=EDGE_CURVE('',#5080,#5160,#5140,.T.);
#5180=ORIENTED_EDGE('',*,*,#5170,.F.);
#5190=CARTESIAN_POINT('',(4.018913,-6.98730099999999,0.999999999999868))
;
#5200=DIRECTION('',(-1.,0.,4.44089209850067E-15));
#5210=VECTOR('',#5200,1.);
#5220=LINE('',#5190,#5210);
#5230=CARTESIAN_POINT('',(3.04391300000001,-6.98730099999999,
0.999999999999872));
#5240=VERTEX_POINT('',#5230);
#5250=EDGE_CURVE('',#5160,#5240,#5220,.T.);
#5260=ORIENTED_EDGE('',*,*,#5250,.F.);
#5270=CARTESIAN_POINT('',(3.04391300000001,-6.98730099999999,
2.79999999999987));
#5280=DIRECTION('',(0.,0.,-1.));
#5290=VECTOR('',#5280,1.);
#5300=LINE('',#5270,#5290);
#5310=EDGE_CURVE('',#1080,#5240,#5300,.T.);
#5320=ORIENTED_EDGE('',*,*,#5310,.T.);
#5330=EDGE_LOOP('',(#5320,#5260,#5180,#5100,#5020,#4940,#4860,#4780,
#4700,#4620,#4540,#4460,#4380,#4300,#4220,#4140,#4130,#4120,#4060,#3980,
#3900,#3820,#3740,#3660,#3580,#3500,#3420,#3340,#3260,#3180,#3100,#3020,
#2940,#2860,#2780,#2700,#2620,#2540,#2460,#2380,#2300,#2220,#2140,#2060,
#1980,#1900,#1820,#1740,#1660,#1580,#1500,#1420,#1340,#1260,#1180,#1100)
);
#5340=FACE_OUTER_BOUND('',#5330,.T.);
#5350=ADVANCED_FACE('',(#5340),#1000,.T.);
#5360=CARTESIAN_POINT('',(3.04391300000001,-6.98730099999999,
2.59999999999987));
#5370=DIRECTION('',(1.,-0.,-0.));
#5380=DIRECTION('',(-0.,0.,-1.));
#5390=AXIS2_PLACEMENT_3D('',#5360,#5370,#5380);
#5400=PLANE('',#5390);
#5410=CARTESIAN_POINT('',(3.04391300000001,-6.33730099999999,
2.79999999999987));
#5420=DIRECTION('',(0.,-1.,0.));
#5430=VECTOR('',#5420,1.);
#5440=LINE('',#5410,#5430);
#5450=CARTESIAN_POINT('',(3.04391300000001,-6.33730099999999,
2.79999999999987));
#5460=VERTEX_POINT('',#5450);
#5470=EDGE_CURVE('',#5460,#1080,#5440,.T.);
#5480=ORIENTED_EDGE('',*,*,#5470,.F.);
#5490=ORIENTED_EDGE('',*,*,#5310,.F.);
#5500=CARTESIAN_POINT('',(3.04391300000001,-6.33730099999999,
0.99999999999987));
#5510=DIRECTION('',(0.,-1.,0.));
#5520=VECTOR('',#5510,1.);
#5530=LINE('',#5500,#5520);
#5540=CARTESIAN_POINT('',(3.04391300000001,-6.33730099999999,
0.999999999999872));
#5550=VERTEX_POINT('',#5540);
#5560=EDGE_CURVE('',#5550,#5240,#5530,.T.);
#5570=ORIENTED_EDGE('',*,*,#5560,.T.);
#5580=CARTESIAN_POINT('',(3.04391300000001,-6.33730099999999,
2.79999999999987));
#5590=DIRECTION('',(0.,0.,-1.));
#5600=VECTOR('',#5590,1.);
#5610=LINE('',#5580,#5600);
#5620=EDGE_CURVE('',#5460,#5550,#5610,.T.);
#5630=ORIENTED_EDGE('',*,*,#5620,.T.);
#5640=EDGE_LOOP('',(#5630,#5570,#5490,#5480));
#5650=FACE_OUTER_BOUND('',#5640,.T.);
#5660=ADVANCED_FACE('',(#5650),#5400,.F.);
#5670=CARTESIAN_POINT('',(3.518913,-6.33730099999999,0.99999999999987));
#5680=DIRECTION('',(-0.,1.,-1.22460635382238E-16));
#5690=DIRECTION('',(0.,-1.22460635382238E-16,-1.));
#5700=AXIS2_PLACEMENT_3D('',#5670,#5680,#5690);
#5710=PLANE('',#5700);
#5720=CARTESIAN_POINT('',(3.04391300000001,-6.33730099999999,
0.999999999999872));
#5730=DIRECTION('',(1.,0.,-4.44089209850072E-15));
#5740=VECTOR('',#5730,1.);
#5750=LINE('',#5720,#5740);
#5760=CARTESIAN_POINT('',(3.518913,-6.33730099999999,0.99999999999987));
#5770=VERTEX_POINT('',#5760);
#5780=EDGE_CURVE('',#5550,#5770,#5750,.T.);
#5790=ORIENTED_EDGE('',*,*,#5780,.F.);
#5800=CARTESIAN_POINT('',(3.518913,-6.33730099999999,0.99999999999987));
#5810=DIRECTION('',(0.,0.,1.));
#5820=VECTOR('',#5810,1.);
#5830=LINE('',#5800,#5820);
#5840=CARTESIAN_POINT('',(3.518913,-6.33730099999999,3.99999999999987));
#5850=VERTEX_POINT('',#5840);
#5860=EDGE_CURVE('',#5770,#5850,#5830,.T.);
#5870=ORIENTED_EDGE('',*,*,#5860,.F.);
#5880=CARTESIAN_POINT('',(2.24391300000001,-6.33730099999999,
3.99999999999987));
#5890=DIRECTION('',(1.,0.,0.));
#5900=VECTOR('',#5890,1.);
#5910=LINE('',#5880,#5900);
#5920=CARTESIAN_POINT('',(2.24391300000001,-6.33730099999999,
3.99999999999987));
#5930=VERTEX_POINT('',#5920);
#5940=EDGE_CURVE('',#5930,#5850,#5910,.T.);
#5950=ORIENTED_EDGE('',*,*,#5940,.T.);
#5960=CARTESIAN_POINT('',(2.24391300000001,-6.33730099999999,
3.99999999999987));
#5970=DIRECTION('',(0.,0.,-1.));
#5980=VECTOR('',#5970,1.);
#5990=LINE('',#5960,#5980);
#6000=CARTESIAN_POINT('',(2.24391300000001,-6.33730099999999,
2.79999999999987));
#6010=VERTEX_POINT('',#6000);
#6020=EDGE_CURVE('',#5930,#6010,#5990,.T.);
#6030=ORIENTED_EDGE('',*,*,#6020,.F.);
#6040=CARTESIAN_POINT('',(3.04391300000001,-6.33730099999999,
2.79999999999987));
#6050=DIRECTION('',(-1.,0.,0.));
#6060=VECTOR('',#6050,1.);
#6070=LINE('',#6040,#6060);
#6080=EDGE_CURVE('',#5460,#6010,#6070,.T.);
#6090=ORIENTED_EDGE('',*,*,#6080,.T.);
#6100=ORIENTED_EDGE('',*,*,#5620,.F.);
#6110=EDGE_LOOP('',(#6100,#6090,#6030,#5950,#5870,#5790));
#6120=FACE_OUTER_BOUND('',#6110,.T.);
#6130=ADVANCED_FACE('',(#6120),#5710,.T.);
#6140=CARTESIAN_POINT('',(3.518913,-6.33730099999999,0.99999999999987));
#6150=DIRECTION('',(-4.44089209850056E-15,-1.22460635382238E-16,-1.));
#6160=DIRECTION('',(1.,-5.43834468046338E-31,-4.44089209850056E-15));
#6170=AXIS2_PLACEMENT_3D('',#6140,#6150,#6160);
#6180=PLANE('',#6170);
#6190=ORIENTED_EDGE('',*,*,#5560,.F.);
#6200=ORIENTED_EDGE('',*,*,#5250,.T.);
#6210=CARTESIAN_POINT('',(4.018913,-6.98730099999999,0.99999999999987));
#6220=DIRECTION('',(0.,1.,0.));
#6230=VECTOR('',#6220,1.);
#6240=LINE('',#6210,#6230);
#6250=CARTESIAN_POINT('',(4.018913,-5.56230099999999,0.999999999999868))
;
#6260=VERTEX_POINT('',#6250);
#6270=EDGE_CURVE('',#5160,#6260,#6240,.T.);
#6280=ORIENTED_EDGE('',*,*,#6270,.F.);
#6290=CARTESIAN_POINT('',(0.,-5.56230099999999,0.999999999999886));
#6300=DIRECTION('',(1.,0.,-4.44089209850056E-15));
#6310=VECTOR('',#6300,1.);
#6320=LINE('',#6290,#6310);
#6330=CARTESIAN_POINT('',(3.518913,-5.56230099999999,0.99999999999987));
#6340=VERTEX_POINT('',#6330);
#6350=EDGE_CURVE('',#6340,#6260,#6320,.T.);
#6360=ORIENTED_EDGE('',*,*,#6350,.T.);
#6370=CARTESIAN_POINT('',(3.518913,-5.56230099999999,0.99999999999987));
#6380=DIRECTION('',(0.,-1.,1.43254583822601E-16));
#6390=VECTOR('',#6380,1.);
#6400=LINE('',#6370,#6390);
#6410=EDGE_CURVE('',#6340,#5770,#6400,.T.);
#6420=ORIENTED_EDGE('',*,*,#6410,.F.);
#6430=ORIENTED_EDGE('',*,*,#5780,.T.);
#6440=EDGE_LOOP('',(#6430,#6420,#6360,#6280,#6200,#6190));
#6450=FACE_OUTER_BOUND('',#6440,.T.);
#6460=ADVANCED_FACE('',(#6450),#6180,.T.);
#6470=CARTESIAN_POINT('',(4.018913,-4.18523468267788,1.27003886635729));
#6480=DIRECTION('',(1.,-0.,-0.));
#6490=DIRECTION('',(-0.,-1.,0.));
#6500=AXIS2_PLACEMENT_3D('',#6470,#6480,#6490);
#6510=PLANE('',#6500);
#6520=CARTESIAN_POINT('',(4.018913,-4.76230099999999,0.));
#6530=DIRECTION('',(0.,-1.22460635382238E-16,-1.));
#6540=VECTOR('',#6530,1.);
#6550=LINE('',#6520,#6540);
#6560=CARTESIAN_POINT('',(4.018913,-4.76230099999999,1.99999999999987));
#6570=VERTEX_POINT('',#6560);
#6580=CARTESIAN_POINT('',(4.018913,-4.76230099999999,0.999999999999868))
;
#6590=VERTEX_POINT('',#6580);
#6600=EDGE_CURVE('',#6570,#6590,#6550,.T.);
#6610=ORIENTED_EDGE('',*,*,#6600,.T.);
#6620=CARTESIAN_POINT('',(4.018913,0.,1.99999999999987));
#6630=DIRECTION('',(0.,1.,-1.22460635382238E-16));
#6640=VECTOR('',#6630,1.);
#6650=LINE('',#6620,#6640);
#6660=CARTESIAN_POINT('',(4.018913,-5.56230099999999,1.99999999999987));
#6670=VERTEX_POINT('',#6660);
#6680=EDGE_CURVE('',#6670,#6570,#6650,.T.);
#6690=ORIENTED_EDGE('',*,*,#6680,.T.);
#6700=CARTESIAN_POINT('',(4.018913,-5.56230099999999,0.));
#6710=DIRECTION('',(0.,1.22460635382238E-16,1.));
#6720=VECTOR('',#6710,1.);
#6730=LINE('',#6700,#6720);
#6740=EDGE_CURVE('',#6260,#6670,#6730,.T.);
#6750=ORIENTED_EDGE('',*,*,#6740,.T.);
#6760=ORIENTED_EDGE('',*,*,#6270,.T.);
#6770=ORIENTED_EDGE('',*,*,#5170,.T.);
#6780=CARTESIAN_POINT('',(4.018913,-6.58730099999999,3.09999999999987));
#6790=DIRECTION('',(0.,-1.,0.));
#6800=VECTOR('',#6790,1.);
#6810=LINE('',#6780,#6800);
#6820=CARTESIAN_POINT('',(4.01891300000001,-6.58730099999999,
3.09999999999987));
#6830=VERTEX_POINT('',#6820);
#6840=EDGE_CURVE('',#6830,#5080,#6810,.T.);
#6850=ORIENTED_EDGE('',*,*,#6840,.T.);
#6860=CARTESIAN_POINT('',(4.01891300000001,-6.58730099999999,
3.09999999999987));
#6870=DIRECTION('',(0.,0.,-1.));
#6880=VECTOR('',#6870,1.);
#6890=LINE('',#6860,#6880);
#6900=CARTESIAN_POINT('',(4.018913,-6.58730099999996,2.29999999999987));
#6910=VERTEX_POINT('',#6900);
#6920=EDGE_CURVE('',#6830,#6910,#6890,.T.);
#6930=ORIENTED_EDGE('',*,*,#6920,.F.);
#6940=CARTESIAN_POINT('',(4.018913,-3.98730099999999,2.29999999999987));
#6950=DIRECTION('',(0.,-1.,0.));
#6960=VECTOR('',#6950,1.);
#6970=LINE('',#6940,#6960);
#6980=CARTESIAN_POINT('',(4.01891300000001,-3.98730099999999,
2.29999999999987));
#6990=VERTEX_POINT('',#6980);
#7000=EDGE_CURVE('',#6990,#6910,#6970,.T.);
#7010=ORIENTED_EDGE('',*,*,#7000,.T.);
#7020=CARTESIAN_POINT('',(4.01891300000001,-3.98730099999999,
2.29999999999987));
#7030=DIRECTION('',(0.,-5.55111512312578E-16,1.));
#7040=VECTOR('',#7030,1.);
#7050=LINE('',#7020,#7040);
#7060=CARTESIAN_POINT('',(4.018913,-3.98730100000002,3.09999999999987));
#7070=VERTEX_POINT('',#7060);
#7080=EDGE_CURVE('',#6990,#7070,#7050,.T.);
#7090=ORIENTED_EDGE('',*,*,#7080,.F.);
#7100=CARTESIAN_POINT('',(4.018913,-3.58730099999999,3.09999999999987));
#7110=DIRECTION('',(0.,-1.,0.));
#7120=VECTOR('',#7110,1.);
#7130=LINE('',#7100,#7120);
#7140=CARTESIAN_POINT('',(4.018913,-3.58730099999999,3.09999999999987));
#7150=VERTEX_POINT('',#7140);
#7160=EDGE_CURVE('',#7150,#7070,#7130,.T.);
#7170=ORIENTED_EDGE('',*,*,#7160,.T.);
#7180=CARTESIAN_POINT('',(4.018913,-3.58730099999999,0.99999999999987));
#7190=DIRECTION('',(0.,0.,1.));
#7200=VECTOR('',#7190,1.);
#7210=LINE('',#7180,#7200);
#7220=CARTESIAN_POINT('',(4.018913,-3.58730099999999,0.999999999999872))
;
#7230=VERTEX_POINT('',#7220);
#7240=EDGE_CURVE('',#7230,#7150,#7210,.T.);
#7250=ORIENTED_EDGE('',*,*,#7240,.T.);
#7260=EDGE_CURVE('',#6590,#7230,#6240,.T.);
#7270=ORIENTED_EDGE('',*,*,#7260,.T.);
#7280=EDGE_LOOP('',(#7270,#7250,#7170,#7090,#7010,#6930,#6850,#6770,
#6760,#6750,#6690,#6610));
#7290=FACE_OUTER_BOUND('',#7280,.T.);
#7300=ADVANCED_FACE('',(#7290),#6510,.T.);
#7310=CARTESIAN_POINT('',(0.243913000000008,-4.62230099999999,
5.79999999999987));
#7320=DIRECTION('',(-0.,-0.,1.));
#7330=DIRECTION('',(0.,-1.,-0.));
#7340=AXIS2_PLACEMENT_3D('',#7310,#7320,#7330);
#7350=PLANE('',#7340);
#7360=CARTESIAN_POINT('',(0.243913000000008,-8.18730099999999,
5.79999999999987));
#7370=DIRECTION('',(0.,1.,0.));
#7380=VECTOR('',#7370,1.);
#7390=LINE('',#7360,#7380);
#7400=CARTESIAN_POINT('',(0.243913000000008,-8.18730099999999,
5.79999999999987));
#7410=VERTEX_POINT('',#7400);
#7420=CARTESIAN_POINT('',(0.243913000000008,-5.07230099999999,
5.79999999999987));
#7430=VERTEX_POINT('',#7420);
#7440=EDGE_CURVE('',#7410,#7430,#7390,.T.);
#7450=ORIENTED_EDGE('',*,*,#7440,.T.);
#7460=CARTESIAN_POINT('',(0.24391300000001,-8.18730099999999,
5.79999999999987));
#7470=DIRECTION('',(-1.,0.,0.));
#7480=VECTOR('',#7470,1.);
#7490=LINE('',#7460,#7480);
#7500=CARTESIAN_POINT('',(-0.106086999999992,-8.18730099999999,
5.79999999999987));
#7510=VERTEX_POINT('',#7500);
#7520=EDGE_CURVE('',#7410,#7510,#7490,.T.);
#7530=ORIENTED_EDGE('',*,*,#7520,.F.);
#7540=CARTESIAN_POINT('',(-0.106086999999992,-8.18730099999999,
5.79999999999987));
#7550=DIRECTION('',(0.,1.,0.));
#7560=VECTOR('',#7550,1.);
#7570=LINE('',#7540,#7560);
#7580=CARTESIAN_POINT('',(-0.106086999999992,-5.07230099999999,
5.79999999999987));
#7590=VERTEX_POINT('',#7580);
#7600=EDGE_CURVE('',#7510,#7590,#7570,.T.);
#7610=ORIENTED_EDGE('',*,*,#7600,.F.);
#7620=CARTESIAN_POINT('',(-0.106086999999992,-5.07230099999999,
5.79999999999987));
#7630=DIRECTION('',(1.,0.,0.));
#7640=VECTOR('',#7630,1.);
#7650=LINE('',#7620,#7640);
#7660=EDGE_CURVE('',#7590,#7430,#7650,.T.);
#7670=ORIENTED_EDGE('',*,*,#7660,.F.);
#7680=EDGE_LOOP('',(#7670,#7610,#7530,#7450));
#7690=FACE_OUTER_BOUND('',#7680,.T.);
#7700=ADVANCED_FACE('',(#7690),#7350,.T.);
#7710=CARTESIAN_POINT('',(3.518913,-6.33730099999999,1.09999999999987));
#7720=DIRECTION('',(-1.,-0.,-0.));
#7730=DIRECTION('',(0.,-1.22460635382238E-16,-1.));
#7740=AXIS2_PLACEMENT_3D('',#7710,#7720,#7730);
#7750=PLANE('',#7740);
#7760=CARTESIAN_POINT('',(3.518913,-5.56230099999999,0.));
#7770=DIRECTION('',(0.,-1.22460635382238E-16,-1.));
#7780=VECTOR('',#7770,1.);
#7790=LINE('',#7760,#7780);
#7800=CARTESIAN_POINT('',(3.518913,-5.56230099999999,1.99999999999987));
#7810=VERTEX_POINT('',#7800);
#7820=EDGE_CURVE('',#7810,#6340,#7790,.T.);
#7830=ORIENTED_EDGE('',*,*,#7820,.T.);
#7840=CARTESIAN_POINT('',(3.518913,0.,1.99999999999987));
#7850=DIRECTION('',(0.,-1.,1.22460635382238E-16));
#7860=VECTOR('',#7850,1.);
#7870=LINE('',#7840,#7860);
#7880=CARTESIAN_POINT('',(3.518913,-4.76230099999999,1.99999999999987));
#7890=VERTEX_POINT('',#7880);
#7900=EDGE_CURVE('',#7890,#7810,#7870,.T.);
#7910=ORIENTED_EDGE('',*,*,#7900,.T.);
#7920=CARTESIAN_POINT('',(3.518913,-4.76230099999999,0.));
#7930=DIRECTION('',(0.,1.22460635382238E-16,1.));
#7940=VECTOR('',#7930,1.);
#7950=LINE('',#7920,#7940);
#7960=CARTESIAN_POINT('',(3.518913,-4.76230099999999,0.99999999999987));
#7970=VERTEX_POINT('',#7960);
#7980=EDGE_CURVE('',#7970,#7890,#7950,.T.);
#7990=ORIENTED_EDGE('',*,*,#7980,.T.);
#8000=CARTESIAN_POINT('',(3.518913,-3.98730099999999,0.99999999999987));
#8010=VERTEX_POINT('',#8000);
#8020=EDGE_CURVE('',#8010,#7970,#6400,.T.);
#8030=ORIENTED_EDGE('',*,*,#8020,.T.);
#8040=CARTESIAN_POINT('',(3.518913,-3.98730099999999,3.99999999999987));
#8050=DIRECTION('',(0.,-1.48029736616688E-16,-1.));
#8060=VECTOR('',#8050,1.);
#8070=LINE('',#8040,#8060);
#8080=CARTESIAN_POINT('',(3.518913,-3.98730099999999,3.99999999999987));
#8090=VERTEX_POINT('',#8080);
#8100=EDGE_CURVE('',#8090,#8010,#8070,.T.);
#8110=ORIENTED_EDGE('',*,*,#8100,.T.);
#8120=CARTESIAN_POINT('',(3.518913,-3.98730099999999,3.99999999999987));
#8130=DIRECTION('',(0.,-1.,0.));
#8140=VECTOR('',#8130,1.);
#8150=LINE('',#8120,#8140);
#8160=EDGE_CURVE('',#8090,#5850,#8150,.T.);
#8170=ORIENTED_EDGE('',*,*,#8160,.F.);
#8180=ORIENTED_EDGE('',*,*,#5860,.T.);
#8190=ORIENTED_EDGE('',*,*,#6410,.T.);
#8200=EDGE_LOOP('',(#8190,#8180,#8170,#8110,#8030,#7990,#7910,#7830));
#8210=FACE_OUTER_BOUND('',#8200,.T.);
#8220=ADVANCED_FACE('',(#8210),#7750,.T.);
#8230=CARTESIAN_POINT('',(0.243913000000008,-5.07230099999999,
5.34999999999987));
#8240=DIRECTION('',(-1.,-0.,-0.));
#8250=DIRECTION('',(0.,1.,0.));
#8260=AXIS2_PLACEMENT_3D('',#8230,#8240,#8250);
#8270=CYLINDRICAL_SURFACE('',#8260,0.45);
#8280=CARTESIAN_POINT('',(-0.106086999999992,-5.07230099999999,
5.34999999999987));
#8290=DIRECTION('',(-1.,0.,0.));
#8300=DIRECTION('',(0.,0.,1.));
#8310=AXIS2_PLACEMENT_3D('',#8280,#8290,#8300);
#8320=CIRCLE('',#8310,0.45);
#8330=CARTESIAN_POINT('',(-0.106086999999992,-4.62230099999999,
5.34999999999987));
#8340=VERTEX_POINT('',#8330);
#8350=EDGE_CURVE('',#7590,#8340,#8320,.T.);
#8360=ORIENTED_EDGE('',*,*,#8350,.F.);
#8370=CARTESIAN_POINT('',(0.243913000000008,-4.62230099999999,
5.34999999999987));
#8380=DIRECTION('',(-1.,0.,0.));
#8390=VECTOR('',#8380,1.);
#8400=LINE('',#8370,#8390);
#8410=CARTESIAN_POINT('',(0.243913000000008,-4.62230099999999,
5.34999999999987));
#8420=VERTEX_POINT('',#8410);
#8430=EDGE_CURVE('',#8420,#8340,#8400,.T.);
#8440=ORIENTED_EDGE('',*,*,#8430,.T.);
#8450=CARTESIAN_POINT('',(0.243913000000008,-5.07230099999999,
5.34999999999987));
#8460=DIRECTION('',(1.,0.,0.));
#8470=DIRECTION('',(0.,1.,0.));
#8480=AXIS2_PLACEMENT_3D('',#8450,#8460,#8470);
#8490=CIRCLE('',#8480,0.45);
#8500=EDGE_CURVE('',#8420,#7430,#8490,.T.);
#8510=ORIENTED_EDGE('',*,*,#8500,.F.);
#8520=ORIENTED_EDGE('',*,*,#7660,.T.);
#8530=EDGE_LOOP('',(#8520,#8510,#8440,#8360));
#8540=FACE_OUTER_BOUND('',#8530,.T.);
#8550=ADVANCED_FACE('',(#8540),#8270,.T.);
#8560=CARTESIAN_POINT('',(0.243913000000008,-8.18730099999999,
5.79999999999987));
#8570=DIRECTION('',(-0.,-0.242535625036333,0.970142500145332));
#8580=DIRECTION('',(0.,-0.970142500145332,-0.242535625036333));
#8590=AXIS2_PLACEMENT_3D('',#8560,#8570,#8580);
#8600=PLANE('',#8590);
#8610=CARTESIAN_POINT('',(-0.0310869999999915,-8.48730099999999,
5.72499999999987));
#8620=DIRECTION('',(1.,0.,0.));
#8630=VECTOR('',#8620,1.);
#8640=LINE('',#8610,#8630);
#8650=CARTESIAN_POINT('',(-0.0310869999999917,-8.48730099999999,
5.72499999999987));
#8660=VERTEX_POINT('',#8650);
#8670=CARTESIAN_POINT('',(0.168913000000008,-8.48730099999999,
5.72499999999987));
#8680=VERTEX_POINT('',#8670);
#8690=EDGE_CURVE('',#8660,#8680,#8640,.T.);
#8700=ORIENTED_EDGE('',*,*,#8690,.T.);
#8710=CARTESIAN_POINT('',(-0.106086999999992,-8.18730099999999,
5.79999999999987));
#8720=DIRECTION('',(0.235702260395518,-0.942809041582063,
-0.235702260395517));
#8730=VECTOR('',#8720,1.);
#8740=LINE('',#8710,#8730);
#8750=EDGE_CURVE('',#7510,#8660,#8740,.T.);
#8760=ORIENTED_EDGE('',*,*,#8750,.T.);
#8770=ORIENTED_EDGE('',*,*,#7520,.T.);
#8780=CARTESIAN_POINT('',(0.16891300000001,-8.48730099999999,
5.72499999999987));
#8790=DIRECTION('',(0.235702260395517,0.942809041582063,
0.235702260395517));
#8800=VECTOR('',#8790,1.);
#8810=LINE('',#8780,#8800);
#8820=EDGE_CURVE('',#8680,#7410,#8810,.T.);
#8830=ORIENTED_EDGE('',*,*,#8820,.T.);
#8840=EDGE_LOOP('',(#8830,#8770,#8760,#8700));
#8850=FACE_OUTER_BOUND('',#8840,.T.);
#8860=ADVANCED_FACE('',(#8850),#8600,.T.);
#8870=CARTESIAN_POINT('',(0.243913000000008,-8.18730099999999,
5.44999999999987));
#8880=DIRECTION('',(-0.,-0.,-1.));
#8890=DIRECTION('',(0.,1.,0.));
#8900=AXIS2_PLACEMENT_3D('',#8870,#8880,#8890);
#8910=PLANE('',#8900);
#8920=CARTESIAN_POINT('',(0.243913000000008,-5.22230099999999,
5.44999999999987));
#8930=DIRECTION('',(-1.,0.,0.));
#8940=VECTOR('',#8930,1.);
#8950=LINE('',#8920,#8940);
#8960=CARTESIAN_POINT('',(0.243913000000008,-5.22230099999999,
5.44999999999987));
#8970=VERTEX_POINT('',#8960);
#8980=CARTESIAN_POINT('',(-0.106086999999992,-5.22230099999999,
5.44999999999987));
#8990=VERTEX_POINT('',#8980);
#9000=EDGE_CURVE('',#8970,#8990,#8950,.T.);
#9010=ORIENTED_EDGE('',*,*,#9000,.F.);
#9020=CARTESIAN_POINT('',(-0.106086999999992,-5.22230099999999,
5.44999999999987));
#9030=DIRECTION('',(0.,-1.,0.));
#9040=VECTOR('',#9030,1.);
#9050=LINE('',#9020,#9040);
#9060=CARTESIAN_POINT('',(-0.106086999999991,-8.18730099999999,
5.44999999999987));
#9070=VERTEX_POINT('',#9060);
#9080=EDGE_CURVE('',#8990,#9070,#9050,.T.);
#9090=ORIENTED_EDGE('',*,*,#9080,.F.);
#9100=CARTESIAN_POINT('',(-0.106086999999991,-8.18730099999999,
5.44999999999987));
#9110=DIRECTION('',(1.,0.,0.));
#9120=VECTOR('',#9110,1.);
#9130=LINE('',#9100,#9120);
#9140=CARTESIAN_POINT('',(0.243913000000008,-8.18730099999999,
5.44999999999987));
#9150=VERTEX_POINT('',#9140);
#9160=EDGE_CURVE('',#9070,#9150,#9130,.T.);
#9170=ORIENTED_EDGE('',*,*,#9160,.F.);
#9180=CARTESIAN_POINT('',(0.243913000000008,-5.22230099999999,
5.44999999999987));
#9190=DIRECTION('',(0.,-1.,0.));
#9200=VECTOR('',#9190,1.);
#9210=LINE('',#9180,#9200);
#9220=EDGE_CURVE('',#8970,#9150,#9210,.T.);
#9230=ORIENTED_EDGE('',*,*,#9220,.T.);
#9240=EDGE_LOOP('',(#9230,#9170,#9090,#9010));
#9250=FACE_OUTER_BOUND('',#9240,.T.);
#9260=ADVANCED_FACE('',(#9250),#8910,.T.);
#9270=CARTESIAN_POINT('',(-13.9202593024965,-3.58730099999999,
4.42676003826902));
#9280=DIRECTION('',(-0.,-1.,-0.));
#9290=DIRECTION('',(0.,0.,-1.));
#9300=AXIS2_PLACEMENT_3D('',#9270,#9280,#9290);
#9310=PLANE('',#9300);
#9320=CARTESIAN_POINT('',(-1.357087,-3.58730099999999,5.29999999999987))
;
#9330=DIRECTION('',(0.,0.,1.));
#9340=VECTOR('',#9330,1.);
#9350=LINE('',#9320,#9340);
#9360=CARTESIAN_POINT('',(-1.357087,-3.58730099999999,5.29999999999987))
;
#9370=VERTEX_POINT('',#9360);
#9380=CARTESIAN_POINT('',(-1.357087,-3.58730099999999,5.79999999999987))
;
#9390=VERTEX_POINT('',#9380);
#9400=EDGE_CURVE('',#9370,#9390,#9350,.T.);
#9410=ORIENTED_EDGE('',*,*,#9400,.F.);
#9420=CARTESIAN_POINT('',(-1.357087,-3.58730099999999,5.79999999999987))
;
#9430=DIRECTION('',(-1.,0.,0.));
#9440=VECTOR('',#9430,1.);
#9450=LINE('',#9420,#9440);
#9460=CARTESIAN_POINT('',(-2.255087,-3.58730099999999,5.79999999999987))
;
#9470=VERTEX_POINT('',#9460);
#9480=EDGE_CURVE('',#9390,#9470,#9450,.T.);
#9490=ORIENTED_EDGE('',*,*,#9480,.F.);
#9500=CARTESIAN_POINT('',(-2.255087,-3.58730099999999,5.79999999999987))
;
#9510=DIRECTION('',(0.,0.,-1.));
#9520=VECTOR('',#9510,1.);
#9530=LINE('',#9500,#9520);
#9540=CARTESIAN_POINT('',(-2.255087,-3.58730099999999,5.29999999999987))
;
#9550=VERTEX_POINT('',#9540);
#9560=EDGE_CURVE('',#9470,#9550,#9530,.T.);
#9570=ORIENTED_EDGE('',*,*,#9560,.F.);
#9580=CARTESIAN_POINT('',(-2.607087,-3.58730099999999,5.29999999999987))
;
#9590=DIRECTION('',(1.,0.,0.));
#9600=VECTOR('',#9590,1.);
#9610=LINE('',#9580,#9600);
#9620=CARTESIAN_POINT('',(-2.607087,-3.58730099999999,5.29999999999987))
;
#9630=VERTEX_POINT('',#9620);
#9640=EDGE_CURVE('',#9630,#9550,#9610,.T.);
#9650=ORIENTED_EDGE('',*,*,#9640,.T.);
#9660=CARTESIAN_POINT('',(-2.607087,-3.58730099999999,5.29999999999987))
;
#9670=DIRECTION('',(0.,0.,1.));
#9680=VECTOR('',#9670,1.);
#9690=LINE('',#9660,#9680);
#9700=CARTESIAN_POINT('',(-2.607087,-3.58730099999999,5.79999999999987))
;
#9710=VERTEX_POINT('',#9700);
#9720=EDGE_CURVE('',#9630,#9710,#9690,.T.);
#9730=ORIENTED_EDGE('',*,*,#9720,.F.);
#9740=CARTESIAN_POINT('',(-2.607087,-3.58730099999999,5.79999999999987))
;
#9750=DIRECTION('',(-1.,0.,-4.94531414086929E-15));
#9760=VECTOR('',#9750,1.);
#9770=LINE('',#9740,#9760);
#9780=CARTESIAN_POINT('',(-3.505087,-3.58730099999999,5.79999999999987))
;
#9790=VERTEX_POINT('',#9780);
#9800=EDGE_CURVE('',#9710,#9790,#9770,.T.);
#9810=ORIENTED_EDGE('',*,*,#9800,.F.);
#9820=CARTESIAN_POINT('',(-3.505087,-3.58730099999999,5.29999999999987))
;
#9830=DIRECTION('',(0.,0.,1.));
#9840=VECTOR('',#9830,1.);
#9850=LINE('',#9820,#9840);
#9860=CARTESIAN_POINT('',(-3.505087,-3.58730099999999,5.29999999999987))
;
#9870=VERTEX_POINT('',#9860);
#9880=EDGE_CURVE('',#9870,#9790,#9850,.T.);
#9890=ORIENTED_EDGE('',*,*,#9880,.T.);
#9900=CARTESIAN_POINT('',(-3.505087,-3.58730099999999,5.29999999999987))
;
#9910=DIRECTION('',(-1.,0.,0.));
#9920=VECTOR('',#9910,1.);
#9930=LINE('',#9900,#9920);
#9940=CARTESIAN_POINT('',(-3.857087,-3.58730099999999,5.29999999999987))
;
#9950=VERTEX_POINT('',#9940);
#9960=EDGE_CURVE('',#9870,#9950,#9930,.T.);
#9970=ORIENTED_EDGE('',*,*,#9960,.F.);
#9980=CARTESIAN_POINT('',(-3.857087,-3.58730099999999,5.79999999999987))
;
#9990=DIRECTION('',(0.,0.,-1.));
#10000=VECTOR('',#9990,1.);
#10010=LINE('',#9980,#10000);
#10020=CARTESIAN_POINT('',(-3.857087,-3.58730099999999,5.79999999999987)
);
#10030=VERTEX_POINT('',#10020);
#10040=EDGE_CURVE('',#10030,#9950,#10010,.T.);
#10050=ORIENTED_EDGE('',*,*,#10040,.T.);
#10060=CARTESIAN_POINT('',(-4.755087,-3.58730099999999,5.79999999999987)
);
#10070=DIRECTION('',(1.,0.,0.));
#10080=VECTOR('',#10070,1.);
#10090=LINE('',#10060,#10080);
#10100=CARTESIAN_POINT('',(-4.755087,-3.58730099999999,5.79999999999987)
);
#10110=VERTEX_POINT('',#10100);
#10120=EDGE_CURVE('',#10110,#10030,#10090,.T.);
#10130=ORIENTED_EDGE('',*,*,#10120,.T.);
#10140=CARTESIAN_POINT('',(-4.755087,-3.58730099999999,5.29999999999987)
);
#10150=DIRECTION('',(0.,0.,1.));
#10160=VECTOR('',#10150,1.);
#10170=LINE('',#10140,#10160);
#10180=CARTESIAN_POINT('',(-4.755087,-3.58730099999999,5.29999999999987)
);
#10190=VERTEX_POINT('',#10180);
#10200=EDGE_CURVE('',#10190,#10110,#10170,.T.);
#10210=ORIENTED_EDGE('',*,*,#10200,.T.);
#10220=CARTESIAN_POINT('',(-4.755087,-3.58730099999999,5.29999999999987)
);
#10230=DIRECTION('',(-1.,0.,0.));
#10240=VECTOR('',#10230,1.);
#10250=LINE('',#10220,#10240);
#10260=CARTESIAN_POINT('',(-5.10708700000001,-3.58730099999999,
5.29999999999987));
#10270=VERTEX_POINT('',#10260);
#10280=EDGE_CURVE('',#10190,#10270,#10250,.T.);
#10290=ORIENTED_EDGE('',*,*,#10280,.F.);
#10300=CARTESIAN_POINT('',(-5.107087,-3.58730099999999,5.79999999999987)
);
#10310=DIRECTION('',(0.,0.,-1.));
#10320=VECTOR('',#10310,1.);
#10330=LINE('',#10300,#10320);
#10340=CARTESIAN_POINT('',(-5.107087,-3.58730099999999,5.79999999999987)
);
#10350=VERTEX_POINT('',#10340);
#10360=EDGE_CURVE('',#10350,#10270,#10330,.T.);
#10370=ORIENTED_EDGE('',*,*,#10360,.T.);
#10380=CARTESIAN_POINT('',(-6.381087,-3.58730099999999,5.79999999999987)
);
#10390=DIRECTION('',(1.,0.,0.));
#10400=VECTOR('',#10390,1.);
#10410=LINE('',#10380,#10400);
#10420=CARTESIAN_POINT('',(-6.381087,-3.58730099999999,5.79999999999989)
);
#10430=VERTEX_POINT('',#10420);
#10440=EDGE_CURVE('',#10430,#10350,#10410,.T.);
#10450=ORIENTED_EDGE('',*,*,#10440,.T.);
#10460=CARTESIAN_POINT('',(-6.381087,-3.58730099999999,5.09999999999987)
);
#10470=DIRECTION('',(0.,0.,1.));
#10480=VECTOR('',#10470,1.);
#10490=LINE('',#10460,#10480);
#10500=CARTESIAN_POINT('',(-6.381087,-3.58730099999999,5.09999999999987)
);
#10510=VERTEX_POINT('',#10500);
#10520=EDGE_CURVE('',#10510,#10430,#10490,.T.);
#10530=ORIENTED_EDGE('',*,*,#10520,.T.);
#10540=CARTESIAN_POINT('',(-7.131087,-3.58730099999999,5.09999999999987)
);
#10550=DIRECTION('',(1.,0.,0.));
#10560=VECTOR('',#10550,1.);
#10570=LINE('',#10540,#10560);
#10580=CARTESIAN_POINT('',(-7.131087,-3.58730099999999,5.09999999999987)
);
#10590=VERTEX_POINT('',#10580);
#10600=EDGE_CURVE('',#10590,#10510,#10570,.T.);
#10610=ORIENTED_EDGE('',*,*,#10600,.T.);
#10620=CARTESIAN_POINT('',(-7.131087,-3.58730099999999,3.09999999999987)
);
#10630=DIRECTION('',(0.,0.,1.));
#10640=VECTOR('',#10630,1.);
#10650=LINE('',#10620,#10640);
#10660=CARTESIAN_POINT('',(-7.131087,-3.58730099999999,3.09999999999987)
);
#10670=VERTEX_POINT('',#10660);
#10680=EDGE_CURVE('',#10670,#10590,#10650,.T.);
#10690=ORIENTED_EDGE('',*,*,#10680,.T.);
#10700=CARTESIAN_POINT('',(-7.131087,-3.58730099999999,3.09999999999987)
);
#10710=DIRECTION('',(1.,0.,0.));
#10720=VECTOR('',#10710,1.);
#10730=LINE('',#10700,#10720);
#10740=CARTESIAN_POINT('',(-6.881087,-3.58730099999999,3.09999999999987)
);
#10750=VERTEX_POINT('',#10740);
#10760=EDGE_CURVE('',#10670,#10750,#10730,.T.);
#10770=ORIENTED_EDGE('',*,*,#10760,.F.);
#10780=CARTESIAN_POINT('',(-6.881087,-3.58730099999999,3.09999999999987)
);
#10790=DIRECTION('',(0.,0.,-1.));
#10800=VECTOR('',#10790,1.);
#10810=LINE('',#10780,#10800);
#10820=CARTESIAN_POINT('',(-6.881087,-3.58730099999999,2.29999999999987)
);
#10830=VERTEX_POINT('',#10820);
#10840=EDGE_CURVE('',#10750,#10830,#10810,.T.);
#10850=ORIENTED_EDGE('',*,*,#10840,.F.);
#10860=CARTESIAN_POINT('',(-6.781087,-3.58730099999999,2.29999999999987)
);
#10870=DIRECTION('',(-1.,0.,0.));
#10880=VECTOR('',#10870,1.);
#10890=LINE('',#10860,#10880);
#10900=CARTESIAN_POINT('',(-6.781087,-3.58730099999999,2.29999999999987)
);
#10910=VERTEX_POINT('',#10900);
#10920=EDGE_CURVE('',#10910,#10830,#10890,.T.);
#10930=ORIENTED_EDGE('',*,*,#10920,.T.);
#10940=CARTESIAN_POINT('',(-6.781087,-3.58730099999999,2.29999999999987)
);
#10950=DIRECTION('',(0.,-5.55111512312578E-16,1.));
#10960=VECTOR('',#10950,1.);
#10970=LINE('',#10940,#10960);
#10980=CARTESIAN_POINT('',(-6.781087,-3.58730099999999,3.09999999999987)
);
#10990=VERTEX_POINT('',#10980);
#11000=EDGE_CURVE('',#10910,#10990,#10970,.T.);
#11010=ORIENTED_EDGE('',*,*,#11000,.F.);
#11020=CARTESIAN_POINT('',(-6.781087,-3.58730099999999,3.09999999999987)
);
#11030=DIRECTION('',(1.,0.,0.));
#11040=VECTOR('',#11030,1.);
#11050=LINE('',#11020,#11040);
#11060=CARTESIAN_POINT('',(-6.381087,-3.58730099999999,3.09999999999987)
);
#11070=VERTEX_POINT('',#11060);
#11080=EDGE_CURVE('',#10990,#11070,#11050,.T.);
#11090=ORIENTED_EDGE('',*,*,#11080,.F.);
#11100=CARTESIAN_POINT('',(-6.381087,-3.58730099999999,0.99999999999987)
);
#11110=DIRECTION('',(0.,0.,1.));
#11120=VECTOR('',#11110,1.);
#11130=LINE('',#11100,#11120);
#11140=CARTESIAN_POINT('',(-6.381087,-3.58730099999999,0.999999999999872
));
#11150=VERTEX_POINT('',#11140);
#11160=EDGE_CURVE('',#11150,#11070,#11130,.T.);
#11170=ORIENTED_EDGE('',*,*,#11160,.T.);
#11180=CARTESIAN_POINT('',(4.018913,-3.58730099999999,0.99999999999987))
;
#11190=DIRECTION('',(-1.,0.,0.));
#11200=VECTOR('',#11190,1.);
#11210=LINE('',#11180,#11200);
#11220=EDGE_CURVE('',#7230,#11150,#11210,.T.);
#11230=ORIENTED_EDGE('',*,*,#11220,.T.);
#11240=ORIENTED_EDGE('',*,*,#7240,.F.);
#11250=CARTESIAN_POINT('',(4.41891300000001,-3.58730099999999,
3.09999999999987));
#11260=DIRECTION('',(-1.,0.,0.));
#11270=VECTOR('',#11260,1.);
#11280=LINE('',#11250,#11270);
#11290=CARTESIAN_POINT('',(4.41891300000001,-3.58730099999999,
3.09999999999987));
#11300=VERTEX_POINT('',#11290);
#11310=EDGE_CURVE('',#11300,#7150,#11280,.T.);
#11320=ORIENTED_EDGE('',*,*,#11310,.T.);
#11330=CARTESIAN_POINT('',(4.41891300000001,-3.58730099999999,
3.09999999999987));
#11340=DIRECTION('',(0.,0.,-1.));
#11350=VECTOR('',#11340,1.);
#11360=LINE('',#11330,#11350);
#11370=CARTESIAN_POINT('',(4.41891300000001,-3.58730099999999,
2.29999999999987));
#11380=VERTEX_POINT('',#11370);
#11390=EDGE_CURVE('',#11300,#11380,#11360,.T.);
#11400=ORIENTED_EDGE('',*,*,#11390,.F.);
#11410=CARTESIAN_POINT('',(4.41891300000001,-3.58730099999999,
2.29999999999987));
#11420=DIRECTION('',(1.,0.,0.));
#11430=VECTOR('',#11420,1.);
#11440=LINE('',#11410,#11430);
#11450=CARTESIAN_POINT('',(4.51891300000001,-3.58730099999999,
2.29999999999987));
#11460=VERTEX_POINT('',#11450);
#11470=EDGE_CURVE('',#11380,#11460,#11440,.T.);
#11480=ORIENTED_EDGE('',*,*,#11470,.F.);
#11490=CARTESIAN_POINT('',(4.51891300000001,-3.58730099999999,
3.09999999999987));
#11500=DIRECTION('',(0.,0.,-1.));
#11510=VECTOR('',#11500,1.);
#11520=LINE('',#11490,#11510);
#11530=CARTESIAN_POINT('',(4.51891300000001,-3.58730099999999,
3.09999999999987));
#11540=VERTEX_POINT('',#11530);
#11550=EDGE_CURVE('',#11540,#11460,#11520,.T.);
#11560=ORIENTED_EDGE('',*,*,#11550,.T.);
#11570=CARTESIAN_POINT('',(4.768913,-3.58730099999999,3.09999999999987))
;
#11580=DIRECTION('',(-1.,0.,0.));
#11590=VECTOR('',#11580,1.);
#11600=LINE('',#11570,#11590);
#11610=CARTESIAN_POINT('',(4.768913,-3.58730099999999,3.09999999999987))
;
#11620=VERTEX_POINT('',#11610);
#11630=EDGE_CURVE('',#11620,#11540,#11600,.T.);
#11640=ORIENTED_EDGE('',*,*,#11630,.T.);
#11650=CARTESIAN_POINT('',(4.768913,-3.58730099999999,3.09999999999987))
;
#11660=DIRECTION('',(0.,0.,1.));
#11670=VECTOR('',#11660,1.);
#11680=LINE('',#11650,#11670);
#11690=CARTESIAN_POINT('',(4.768913,-3.58730099999999,5.09999999999987))
;
#11700=VERTEX_POINT('',#11690);
#11710=EDGE_CURVE('',#11620,#11700,#11680,.T.);
#11720=ORIENTED_EDGE('',*,*,#11710,.F.);
#11730=CARTESIAN_POINT('',(4.768913,-3.58730099999999,5.09999999999987))
;
#11740=DIRECTION('',(-1.,0.,0.));
#11750=VECTOR('',#11740,1.);
#11760=LINE('',#11730,#11750);
#11770=CARTESIAN_POINT('',(4.018913,-3.58730099999999,5.09999999999987))
;
#11780=VERTEX_POINT('',#11770);
#11790=EDGE_CURVE('',#11700,#11780,#11760,.T.);
#11800=ORIENTED_EDGE('',*,*,#11790,.F.);
#11810=CARTESIAN_POINT('',(4.018913,-3.58730099999999,5.09999999999987))
;
#11820=DIRECTION('',(0.,0.,1.));
#11830=VECTOR('',#11820,1.);
#11840=LINE('',#11810,#11830);
#11850=CARTESIAN_POINT('',(4.018913,-3.58730099999999,5.79999999999989))
;
#11860=VERTEX_POINT('',#11850);
#11870=EDGE_CURVE('',#11780,#11860,#11840,.T.);
#11880=ORIENTED_EDGE('',*,*,#11870,.F.);
#11890=CARTESIAN_POINT('',(4.018913,-3.58730099999999,5.79999999999989))
;
#11900=DIRECTION('',(-1.,0.,-1.32459889908183E-14));
#11910=VECTOR('',#11900,1.);
#11920=LINE('',#11890,#11910);
#11930=CARTESIAN_POINT('',(2.74491300000001,-3.58730099999999,
5.79999999999987));
#11940=VERTEX_POINT('',#11930);
#11950=EDGE_CURVE('',#11860,#11940,#11920,.T.);
#11960=ORIENTED_EDGE('',*,*,#11950,.F.);
#11970=CARTESIAN_POINT('',(2.74491300000001,-3.58730099999999,
5.79999999999987));
#11980=DIRECTION('',(1.77635683940025E-14,0.,-1.));
#11990=VECTOR('',#11980,1.);
#12000=LINE('',#11970,#11990);
#12010=CARTESIAN_POINT('',(2.74491300000002,-3.58730099999999,
5.29999999999987));
#12020=VERTEX_POINT('',#12010);
#12030=EDGE_CURVE('',#11940,#12020,#12000,.T.);
#12040=ORIENTED_EDGE('',*,*,#12030,.F.);
#12050=CARTESIAN_POINT('',(2.39291300000001,-3.58730099999999,
5.29999999999987));
#12060=DIRECTION('',(1.,0.,0.));
#12070=VECTOR('',#12060,1.);
#12080=LINE('',#12050,#12070);
#12090=CARTESIAN_POINT('',(2.39291300000001,-3.58730099999999,
5.29999999999987));
#12100=VERTEX_POINT('',#12090);
#12110=EDGE_CURVE('',#12100,#12020,#12080,.T.);
#12120=ORIENTED_EDGE('',*,*,#12110,.T.);
#12130=CARTESIAN_POINT('',(2.39291300000001,-3.58730099999999,
5.29999999999987));
#12140=DIRECTION('',(0.,0.,1.));
#12150=VECTOR('',#12140,1.);
#12160=LINE('',#12130,#12150);
#12170=CARTESIAN_POINT('',(2.39291300000001,-3.58730099999999,
5.79999999999987));
#12180=VERTEX_POINT('',#12170);
#12190=EDGE_CURVE('',#12100,#12180,#12160,.T.);
#12200=ORIENTED_EDGE('',*,*,#12190,.F.);
#12210=CARTESIAN_POINT('',(2.39291300000001,-3.58730099999999,
5.79999999999987));
#12220=DIRECTION('',(-1.,0.,0.));
#12230=VECTOR('',#12220,1.);
#12240=LINE('',#12210,#12230);
#12250=CARTESIAN_POINT('',(1.49491300000001,-3.58730099999999,
5.79999999999987));
#12260=VERTEX_POINT('',#12250);
#12270=EDGE_CURVE('',#12180,#12260,#12240,.T.);
#12280=ORIENTED_EDGE('',*,*,#12270,.F.);
#12290=CARTESIAN_POINT('',(1.49491300000001,-3.58730099999999,
5.79999999999987));
#12300=DIRECTION('',(0.,0.,-1.));
#12310=VECTOR('',#12300,1.);
#12320=LINE('',#12290,#12310);
#12330=CARTESIAN_POINT('',(1.49491300000001,-3.58730099999999,
5.29999999999987));
#12340=VERTEX_POINT('',#12330);
#12350=EDGE_CURVE('',#12260,#12340,#12320,.T.);
#12360=ORIENTED_EDGE('',*,*,#12350,.F.);
#12370=CARTESIAN_POINT('',(1.14291300000001,-3.58730099999999,
5.29999999999987));
#12380=DIRECTION('',(1.,0.,0.));
#12390=VECTOR('',#12380,1.);
#12400=LINE('',#12370,#12390);
#12410=CARTESIAN_POINT('',(1.14291300000001,-3.58730099999999,
5.29999999999987));
#12420=VERTEX_POINT('',#12410);
#12430=EDGE_CURVE('',#12420,#12340,#12400,.T.);
#12440=ORIENTED_EDGE('',*,*,#12430,.T.);
#12450=CARTESIAN_POINT('',(1.14291300000001,-3.58730099999999,
5.29999999999987));
#12460=DIRECTION('',(0.,0.,1.));
#12470=VECTOR('',#12460,1.);
#12480=LINE('',#12450,#12470);
#12490=CARTESIAN_POINT('',(1.14291300000001,-3.58730099999999,
5.79999999999987));
#12500=VERTEX_POINT('',#12490);
#12510=EDGE_CURVE('',#12420,#12500,#12480,.T.);
#12520=ORIENTED_EDGE('',*,*,#12510,.F.);
#12530=CARTESIAN_POINT('',(0.244913000000006,-3.58730099999999,
5.79999999999987));
#12540=DIRECTION('',(1.,0.,0.));
#12550=VECTOR('',#12540,1.);
#12560=LINE('',#12530,#12550);
#12570=CARTESIAN_POINT('',(0.244913000000006,-3.58730099999999,
5.79999999999987));
#12580=VERTEX_POINT('',#12570);
#12590=EDGE_CURVE('',#12580,#12500,#12560,.T.);
#12600=ORIENTED_EDGE('',*,*,#12590,.T.);
#12610=CARTESIAN_POINT('',(0.244913000000006,-3.58730099999999,
5.29999999999987));
#12620=DIRECTION('',(0.,0.,1.));
#12630=VECTOR('',#12620,1.);
#12640=LINE('',#12610,#12630);
#12650=CARTESIAN_POINT('',(0.244913000000006,-3.58730099999999,
5.29999999999987));
#12660=VERTEX_POINT('',#12650);
#12670=EDGE_CURVE('',#12660,#12580,#12640,.T.);
#12680=ORIENTED_EDGE('',*,*,#12670,.T.);
#12690=CARTESIAN_POINT('',(0.244913000000006,-3.58730099999999,
5.29999999999987));
#12700=DIRECTION('',(-1.,0.,0.));
#12710=VECTOR('',#12700,1.);
#12720=LINE('',#12690,#12710);
#12730=CARTESIAN_POINT('',(-0.107086999999995,-3.58730099999999,
5.29999999999987));
#12740=VERTEX_POINT('',#12730);
#12750=EDGE_CURVE('',#12660,#12740,#12720,.T.);
#12760=ORIENTED_EDGE('',*,*,#12750,.F.);
#12770=CARTESIAN_POINT('',(-0.107086999999989,-3.58730099999999,
5.79999999999987));
#12780=DIRECTION('',(0.,0.,-1.));
#12790=VECTOR('',#12780,1.);
#12800=LINE('',#12770,#12790);
#12810=CARTESIAN_POINT('',(-0.107086999999993,-3.58730099999999,
5.79999999999987));
#12820=VERTEX_POINT('',#12810);
#12830=EDGE_CURVE('',#12820,#12740,#12800,.T.);
#12840=ORIENTED_EDGE('',*,*,#12830,.T.);
#12850=CARTESIAN_POINT('',(-1.00508699999999,-3.58730099999999,
5.79999999999987));
#12860=DIRECTION('',(1.,0.,0.));
#12870=VECTOR('',#12860,1.);
#12880=LINE('',#12850,#12870);
#12890=CARTESIAN_POINT('',(-1.00508699999999,-3.58730099999999,
5.79999999999987));
#12900=VERTEX_POINT('',#12890);
#12910=EDGE_CURVE('',#12900,#12820,#12880,.T.);
#12920=ORIENTED_EDGE('',*,*,#12910,.T.);
#12930=CARTESIAN_POINT('',(-1.00508699999999,-3.58730099999999,
5.29999999999987));
#12940=DIRECTION('',(0.,0.,1.));
#12950=VECTOR('',#12940,1.);
#12960=LINE('',#12930,#12950);
#12970=CARTESIAN_POINT('',(-1.00508699999999,-3.58730099999999,
5.29999999999987));
#12980=VERTEX_POINT('',#12970);
#12990=EDGE_CURVE('',#12980,#12900,#12960,.T.);
#13000=ORIENTED_EDGE('',*,*,#12990,.T.);
#13010=CARTESIAN_POINT('',(-1.00508699999999,-3.58730099999999,
5.29999999999987));
#13020=DIRECTION('',(-1.,0.,0.));
#13030=VECTOR('',#13020,1.);
#13040=LINE('',#13010,#13030);
#13050=EDGE_CURVE('',#12980,#9370,#13040,.T.);
#13060=ORIENTED_EDGE('',*,*,#13050,.F.);
#13070=EDGE_LOOP('',(#13060,#13000,#12920,#12840,#12760,#12680,#12600,
#12520,#12440,#12360,#12280,#12200,#12120,#12040,#11960,#11880,#11800,
#11720,#11640,#11560,#11480,#11400,#11320,#11240,#11230,#11170,#11090,
#11010,#10930,#10850,#10770,#10690,#10610,#10530,#10450,#10370,#10290,
#10210,#10130,#10050,#9970,#9890,#9810,#9730,#9650,#9570,#9490,#9410));
#13080=FACE_OUTER_BOUND('',#13070,.T.);
#13090=ADVANCED_FACE('',(#13080),#9310,.F.);
#13100=CARTESIAN_POINT('',(11.943913,-5.78730099999999,5.29999999999987)
);
#13110=DIRECTION('',(-0.,1.22460635382238E-16,1.));
#13120=DIRECTION('',(0.,-1.,1.22460635382238E-16));
#13130=AXIS2_PLACEMENT_3D('',#13100,#13110,#13120);
#13140=PLANE('',#13130);
#13150=CARTESIAN_POINT('',(-0.107086999999995,-4.62230099999999,
5.29999999999987));
#13160=DIRECTION('',(0.,1.,0.));
#13170=VECTOR('',#13160,1.);
#13180=LINE('',#13150,#13170);
#13190=CARTESIAN_POINT('',(-0.107086999999995,-4.62230099999999,
5.29999999999987));
#13200=VERTEX_POINT('',#13190);
#13210=EDGE_CURVE('',#13200,#12740,#13180,.T.);
#13220=ORIENTED_EDGE('',*,*,#13210,.F.);
#13230=ORIENTED_EDGE('',*,*,#12750,.T.);
#13240=CARTESIAN_POINT('',(0.244913000000006,-3.58730099999999,
5.29999999999987));
#13250=DIRECTION('',(0.,-1.,0.));
#13260=VECTOR('',#13250,1.);
#13270=LINE('',#13240,#13260);
#13280=CARTESIAN_POINT('',(0.244413000000007,-4.62230099999999,
5.29999999999987));
#13290=VERTEX_POINT('',#13280);
#13300=EDGE_CURVE('',#12660,#13290,#13270,.T.);
#13310=ORIENTED_EDGE('',*,*,#13300,.F.);
#13320=CARTESIAN_POINT('',(-0.107086999999995,-4.62230099999999,
5.29999999999987));
#13330=DIRECTION('',(1.,0.,0.));
#13340=VECTOR('',#13330,1.);
#13350=LINE('',#13320,#13340);
#13360=EDGE_CURVE('',#13200,#13290,#13350,.T.);
#13370=ORIENTED_EDGE('',*,*,#13360,.T.);
#13380=EDGE_LOOP('',(#13370,#13310,#13230,#13220));
#13390=FACE_OUTER_BOUND('',#13380,.T.);
#13400=ADVANCED_FACE('',(#13390),#13140,.T.);
#13410=ORIENTED_EDGE('',*,*,#12110,.F.);
#13420=CARTESIAN_POINT('',(2.74491300000002,-3.58730099999999,
5.29999999999987));
#13430=DIRECTION('',(0.,-1.,0.));
#13440=VECTOR('',#13430,1.);
#13450=LINE('',#13420,#13440);
#13460=CARTESIAN_POINT('',(2.74491300000002,-4.62230099999999,
5.29999999999987));
#13470=VERTEX_POINT('',#13460);
#13480=EDGE_CURVE('',#12020,#13470,#13450,.T.);
#13490=ORIENTED_EDGE('',*,*,#13480,.F.);
#13500=CARTESIAN_POINT('',(2.39291300000001,-4.62230099999999,
5.29999999999987));
#13510=DIRECTION('',(1.,0.,0.));
#13520=VECTOR('',#13510,1.);
#13530=LINE('',#13500,#13520);
#13540=CARTESIAN_POINT('',(2.39391300000001,-4.62230099999999,
5.29999999999987));
#13550=VERTEX_POINT('',#13540);
#13560=EDGE_CURVE('',#13550,#13470,#13530,.T.);
#13570=ORIENTED_EDGE('',*,*,#13560,.T.);
#13580=CARTESIAN_POINT('',(2.39291300000001,-3.58730099999999,
5.29999999999987));
#13590=DIRECTION('',(0.,-1.,0.));
#13600=VECTOR('',#13590,1.);
#13610=LINE('',#13580,#13600);
#13620=EDGE_CURVE('',#12100,#13550,#13610,.T.);
#13630=ORIENTED_EDGE('',*,*,#13620,.T.);
#13640=EDGE_LOOP('',(#13630,#13570,#13490,#13410));
#13650=FACE_OUTER_BOUND('',#13640,.T.);
#13660=ADVANCED_FACE('',(#13650),#13140,.T.);
#13670=ORIENTED_EDGE('',*,*,#12430,.F.);
#13680=CARTESIAN_POINT('',(1.49491300000001,-4.62230099999999,
5.29999999999987));
#13690=DIRECTION('',(0.,1.,0.));
#13700=VECTOR('',#13690,1.);
#13710=LINE('',#13680,#13700);
#13720=CARTESIAN_POINT('',(1.49441300000001,-4.62230099999999,
5.29999999999987));
#13730=VERTEX_POINT('',#13720);
#13740=EDGE_CURVE('',#13730,#12340,#13710,.T.);
#13750=ORIENTED_EDGE('',*,*,#13740,.T.);
#13760=CARTESIAN_POINT('',(1.14291300000001,-4.62230099999999,
5.29999999999987));
#13770=DIRECTION('',(1.,0.,0.));
#13780=VECTOR('',#13770,1.);
#13790=LINE('',#13760,#13780);
#13800=CARTESIAN_POINT('',(1.14391300000001,-4.62230099999999,
5.29999999999987));
#13810=VERTEX_POINT('',#13800);
#13820=EDGE_CURVE('',#13810,#13730,#13790,.T.);
#13830=ORIENTED_EDGE('',*,*,#13820,.T.);
#13840=CARTESIAN_POINT('',(1.14291300000001,-3.58730099999999,
5.29999999999987));
#13850=DIRECTION('',(-1.7162868013529E-15,-1.,0.));
#13860=VECTOR('',#13850,1.);
#13870=LINE('',#13840,#13860);
#13880=EDGE_CURVE('',#12420,#13810,#13870,.T.);
#13890=ORIENTED_EDGE('',*,*,#13880,.T.);
#13900=EDGE_LOOP('',(#13890,#13830,#13750,#13670));
#13910=FACE_OUTER_BOUND('',#13900,.T.);
#13920=ADVANCED_FACE('',(#13910),#13140,.T.);
#13930=ORIENTED_EDGE('',*,*,#13050,.T.);
#13940=CARTESIAN_POINT('',(-1.00508699999999,-3.58730099999999,
5.29999999999987));
#13950=DIRECTION('',(0.,-1.,0.));
#13960=VECTOR('',#13950,1.);
#13970=LINE('',#13940,#13960);
#13980=CARTESIAN_POINT('',(-1.00558699999999,-4.62230099999999,
5.29999999999987));
#13990=VERTEX_POINT('',#13980);
#14000=EDGE_CURVE('',#12980,#13990,#13970,.T.);
#14010=ORIENTED_EDGE('',*,*,#14000,.F.);
#14020=CARTESIAN_POINT('',(-1.357087,-4.62230099999999,5.29999999999987)
);
#14030=DIRECTION('',(1.,0.,0.));
#14040=VECTOR('',#14030,1.);
#14050=LINE('',#14020,#14040);
#14060=CARTESIAN_POINT('',(-1.356087,-4.62230099999999,5.29999999999987)
);
#14070=VERTEX_POINT('',#14060);
#14080=EDGE_CURVE('',#14070,#13990,#14050,.T.);
#14090=ORIENTED_EDGE('',*,*,#14080,.T.);
#14100=CARTESIAN_POINT('',(-1.357087,-3.58730099999999,5.29999999999987)
);
#14110=DIRECTION('',(0.,-1.,0.));
#14120=VECTOR('',#14110,1.);
#14130=LINE('',#14100,#14120);
#14140=EDGE_CURVE('',#9370,#14070,#14130,.T.);
#14150=ORIENTED_EDGE('',*,*,#14140,.T.);
#14160=EDGE_LOOP('',(#14150,#14090,#14010,#13930));
#14170=FACE_OUTER_BOUND('',#14160,.T.);
#14180=ADVANCED_FACE('',(#14170),#13140,.T.);
#14190=ORIENTED_EDGE('',*,*,#9960,.T.);
#14200=CARTESIAN_POINT('',(-3.505087,-3.58730099999999,5.29999999999987)
);
#14210=DIRECTION('',(0.,-1.,0.));
#14220=VECTOR('',#14210,1.);
#14230=LINE('',#14200,#14220);
#14240=CARTESIAN_POINT('',(-3.505087,-4.62230099999999,5.29999999999987)
);
#14250=VERTEX_POINT('',#14240);
#14260=EDGE_CURVE('',#9870,#14250,#14230,.T.);
#14270=ORIENTED_EDGE('',*,*,#14260,.F.);
#14280=CARTESIAN_POINT('',(-3.857087,-4.62230099999999,5.29999999999987)
);
#14290=DIRECTION('',(1.,0.,0.));
#14300=VECTOR('',#14290,1.);
#14310=LINE('',#14280,#14300);
#14320=CARTESIAN_POINT('',(-3.857087,-4.62230099999999,5.29999999999987)
);
#14330=VERTEX_POINT('',#14320);
#14340=EDGE_CURVE('',#14330,#14250,#14310,.T.);
#14350=ORIENTED_EDGE('',*,*,#14340,.T.);
#14360=CARTESIAN_POINT('',(-3.857087,-4.62230099999999,5.29999999999987)
);
#14370=DIRECTION('',(0.,1.,0.));
#14380=VECTOR('',#14370,1.);
#14390=LINE('',#14360,#14380);
#14400=EDGE_CURVE('',#14330,#9950,#14390,.T.);
#14410=ORIENTED_EDGE('',*,*,#14400,.F.);
#14420=EDGE_LOOP('',(#14410,#14350,#14270,#14190));
#14430=FACE_OUTER_BOUND('',#14420,.T.);
#14440=ADVANCED_FACE('',(#14430),#13140,.T.);
#14450=CARTESIAN_POINT('',(-5.10708700000001,-3.58730099999999,
5.29999999999987));
#14460=DIRECTION('',(0.,-1.,0.));
#14470=VECTOR('',#14460,1.);
#14480=LINE('',#14450,#14470);
#14490=CARTESIAN_POINT('',(-5.106087,-4.62230099999999,5.29999999999987)
);
#14500=VERTEX_POINT('',#14490);
#14510=EDGE_CURVE('',#10270,#14500,#14480,.T.);
#14520=ORIENTED_EDGE('',*,*,#14510,.T.);
#14530=ORIENTED_EDGE('',*,*,#10280,.T.);
#14540=CARTESIAN_POINT('',(-4.755087,-3.58730099999999,5.29999999999987)
);
#14550=DIRECTION('',(0.,-1.,0.));
#14560=VECTOR('',#14550,1.);
#14570=LINE('',#14540,#14560);
#14580=CARTESIAN_POINT('',(-4.755087,-4.62230099999999,5.29999999999987)
);
#14590=VERTEX_POINT('',#14580);
#14600=EDGE_CURVE('',#10190,#14590,#14570,.T.);
#14610=ORIENTED_EDGE('',*,*,#14600,.F.);
#14620=CARTESIAN_POINT('',(-5.10708700000001,-4.62230099999999,
5.29999999999987));
#14630=DIRECTION('',(1.,0.,0.));
#14640=VECTOR('',#14630,1.);
#14650=LINE('',#14620,#14640);
#14660=EDGE_CURVE('',#14500,#14590,#14650,.T.);
#14670=ORIENTED_EDGE('',*,*,#14660,.T.);
#14680=EDGE_LOOP('',(#14670,#14610,#14530,#14520));
#14690=FACE_OUTER_BOUND('',#14680,.T.);
#14700=ADVANCED_FACE('',(#14690),#13140,.T.);
#14710=CARTESIAN_POINT('',(-2.607087,-3.58730099999999,5.29999999999987)
);
#14720=DIRECTION('',(0.,-1.,0.));
#14730=VECTOR('',#14720,1.);
#14740=LINE('',#14710,#14730);
#14750=CARTESIAN_POINT('',(-2.606087,-4.62230099999999,5.29999999999987)
);
#14760=VERTEX_POINT('',#14750);
#14770=EDGE_CURVE('',#9630,#14760,#14740,.T.);
#14780=ORIENTED_EDGE('',*,*,#14770,.T.);
#14790=ORIENTED_EDGE('',*,*,#9640,.F.);
#14800=CARTESIAN_POINT('',(-2.255087,-4.62230099999999,5.29999999999987)
);
#14810=DIRECTION('',(-1.7162868013529E-15,1.,0.));
#14820=VECTOR('',#14810,1.);
#14830=LINE('',#14800,#14820);
#14840=CARTESIAN_POINT('',(-2.255087,-4.62230099999999,5.29999999999987)
);
#14850=VERTEX_POINT('',#14840);
#14860=EDGE_CURVE('',#14850,#9550,#14830,.T.);
#14870=ORIENTED_EDGE('',*,*,#14860,.T.);
#14880=CARTESIAN_POINT('',(-2.607087,-4.62230099999999,5.29999999999987)
);
#14890=DIRECTION('',(1.,0.,0.));
#14900=VECTOR('',#14890,1.);
#14910=LINE('',#14880,#14900);
#14920=EDGE_CURVE('',#14760,#14850,#14910,.T.);
#14930=ORIENTED_EDGE('',*,*,#14920,.T.);
#14940=EDGE_LOOP('',(#14930,#14870,#14790,#14780));
#14950=FACE_OUTER_BOUND('',#14940,.T.);
#14960=ADVANCED_FACE('',(#14950),#13140,.T.);
#14970=CARTESIAN_POINT('',(-1.357087,-6.28730099999999,5.29999999999987)
);
#14980=DIRECTION('',(0.,-1.,0.));
#14990=VECTOR('',#14980,1.);
#15000=LINE('',#14970,#14990);
#15010=CARTESIAN_POINT('',(-1.357087,-6.28730099999999,5.29999999999987)
);
#15020=VERTEX_POINT('',#15010);
#15030=EDGE_CURVE('',#15020,#3400,#15000,.T.);
#15040=ORIENTED_EDGE('',*,*,#15030,.T.);
#15050=CARTESIAN_POINT('',(-1.357087,-6.28730099999999,5.29999999999987)
);
#15060=DIRECTION('',(-1.,0.,0.));
#15070=VECTOR('',#15060,1.);
#15080=LINE('',#15050,#15070);
#15090=CARTESIAN_POINT('',(-2.255087,-6.28730099999999,5.29999999999987)
);
#15100=VERTEX_POINT('',#15090);
#15110=EDGE_CURVE('',#15020,#15100,#15080,.T.);
#15120=ORIENTED_EDGE('',*,*,#15110,.F.);
#15130=CARTESIAN_POINT('',(-2.255087,-6.98730099999999,5.29999999999987)
);
#15140=DIRECTION('',(0.,1.,0.));
#15150=VECTOR('',#15140,1.);
#15160=LINE('',#15130,#15150);
#15170=EDGE_CURVE('',#3160,#15100,#15160,.T.);
#15180=ORIENTED_EDGE('',*,*,#15170,.T.);
#15190=ORIENTED_EDGE('',*,*,#3170,.F.);
#15200=CARTESIAN_POINT('',(-2.607087,-6.28730099999999,5.29999999999987)
);
#15210=DIRECTION('',(0.,-1.,0.));
#15220=VECTOR('',#15210,1.);
#15230=LINE('',#15200,#15220);
#15240=CARTESIAN_POINT('',(-2.607087,-6.28730099999999,5.29999999999987)
);
#15250=VERTEX_POINT('',#15240);
#15260=EDGE_CURVE('',#15250,#3080,#15230,.T.);
#15270=ORIENTED_EDGE('',*,*,#15260,.T.);
#15280=CARTESIAN_POINT('',(-3.505087,-6.28730099999999,5.29999999999987)
);
#15290=DIRECTION('',(1.,0.,0.));
#15300=VECTOR('',#15290,1.);
#15310=LINE('',#15280,#15300);
#15320=CARTESIAN_POINT('',(-3.505087,-6.28730099999999,5.29999999999987)
);
#15330=VERTEX_POINT('',#15320);
#15340=EDGE_CURVE('',#15330,#15250,#15310,.T.);
#15350=ORIENTED_EDGE('',*,*,#15340,.T.);
#15360=CARTESIAN_POINT('',(-3.505087,-6.28730099999999,5.29999999999987)
);
#15370=DIRECTION('',(0.,-1.,0.));
#15380=VECTOR('',#15370,1.);
#15390=LINE('',#15360,#15380);
#15400=EDGE_CURVE('',#15330,#2840,#15390,.T.);
#15410=ORIENTED_EDGE('',*,*,#15400,.F.);
#15420=ORIENTED_EDGE('',*,*,#2850,.T.);
#15430=CARTESIAN_POINT('',(-3.857087,-6.98730099999999,5.29999999999987)
);
#15440=DIRECTION('',(0.,1.,0.));
#15450=VECTOR('',#15440,1.);
#15460=LINE('',#15430,#15450);
#15470=CARTESIAN_POINT('',(-3.857087,-6.28730099999999,5.29999999999987)
);
#15480=VERTEX_POINT('',#15470);
#15490=EDGE_CURVE('',#2760,#15480,#15460,.T.);
#15500=ORIENTED_EDGE('',*,*,#15490,.F.);
#15510=CARTESIAN_POINT('',(-4.755087,-6.28730099999999,5.29999999999987)
);
#15520=DIRECTION('',(1.,0.,0.));
#15530=VECTOR('',#15520,1.);
#15540=LINE('',#15510,#15530);
#15550=CARTESIAN_POINT('',(-4.755087,-6.28730099999999,5.29999999999987)
);
#15560=VERTEX_POINT('',#15550);
#15570=EDGE_CURVE('',#15560,#15480,#15540,.T.);
#15580=ORIENTED_EDGE('',*,*,#15570,.T.);
#15590=CARTESIAN_POINT('',(-4.755087,-6.28730099999999,5.29999999999987)
);
#15600=DIRECTION('',(0.,-1.,0.));
#15610=VECTOR('',#15600,1.);
#15620=LINE('',#15590,#15610);
#15630=EDGE_CURVE('',#15560,#2520,#15620,.T.);
#15640=ORIENTED_EDGE('',*,*,#15630,.F.);
#15650=ORIENTED_EDGE('',*,*,#2530,.T.);
#15660=CARTESIAN_POINT('',(-5.107087,-6.98730099999999,5.29999999999987)
);
#15670=DIRECTION('',(0.,1.,0.));
#15680=VECTOR('',#15670,1.);
#15690=LINE('',#15660,#15680);
#15700=CARTESIAN_POINT('',(-5.107087,-6.28730099999999,5.29999999999987)
);
#15710=VERTEX_POINT('',#15700);
#15720=EDGE_CURVE('',#2440,#15710,#15690,.T.);
#15730=ORIENTED_EDGE('',*,*,#15720,.F.);
#15740=CARTESIAN_POINT('',(-6.381087,-6.28730099999999,5.29999999999987)
);
#15750=DIRECTION('',(1.,0.,0.));
#15760=VECTOR('',#15750,1.);
#15770=LINE('',#15740,#15760);
#15780=CARTESIAN_POINT('',(-6.381087,-6.28730099999999,5.29999999999987)
);
#15790=VERTEX_POINT('',#15780);
#15800=EDGE_CURVE('',#15790,#15710,#15770,.T.);
#15810=ORIENTED_EDGE('',*,*,#15800,.T.);
#15820=CARTESIAN_POINT('',(-6.381087,-6.18730099999999,5.29999999999987)
);
#15830=DIRECTION('',(0.,-1.,0.));
#15840=VECTOR('',#15830,1.);
#15850=LINE('',#15820,#15840);
#15860=CARTESIAN_POINT('',(-6.381087,-6.18730099999999,5.29999999999987)
);
#15870=VERTEX_POINT('',#15860);
#15880=EDGE_CURVE('',#15870,#15790,#15850,.T.);
#15890=ORIENTED_EDGE('',*,*,#15880,.T.);
#15900=CARTESIAN_POINT('',(-6.381087,-6.18730099999999,5.29999999999987)
);
#15910=DIRECTION('',(0.,1.,0.));
#15920=VECTOR('',#15910,1.);
#15930=LINE('',#15900,#15920);
#15940=CARTESIAN_POINT('',(-6.381087,-5.78730099999999,5.29999999999987)
);
#15950=VERTEX_POINT('',#15940);
#15960=EDGE_CURVE('',#15870,#15950,#15930,.T.);
#15970=ORIENTED_EDGE('',*,*,#15960,.F.);
#15980=CARTESIAN_POINT('',(-6.381087,-5.78730099999999,5.29999999999987)
);
#15990=DIRECTION('',(1.,0.,0.));
#16000=VECTOR('',#15990,1.);
#16010=LINE('',#15980,#16000);
#16020=CARTESIAN_POINT('',(-5.107087,-5.78730099999999,5.29999999999987)
);
#16030=VERTEX_POINT('',#16020);
#16040=EDGE_CURVE('',#15950,#16030,#16010,.T.);
#16050=ORIENTED_EDGE('',*,*,#16040,.F.);
#16060=CARTESIAN_POINT('',(-5.10708700000001,-4.9931722152522,
5.29999999999987));
#16070=DIRECTION('',(0.,-1.,0.));
#16080=VECTOR('',#16070,1.);
#16090=LINE('',#16060,#16080);
#16100=CARTESIAN_POINT('',(-5.10708700000001,-4.9931722152522,
5.29999999999987));
#16110=VERTEX_POINT('',#16100);
#16120=EDGE_CURVE('',#16110,#16030,#16090,.T.);
#16130=ORIENTED_EDGE('',*,*,#16120,.T.);
#16140=CARTESIAN_POINT('',(-5.106087,-4.9931722152522,5.29999999999987))
;
#16150=DIRECTION('',(1.,0.,0.));
#16160=VECTOR('',#16150,1.);
#16170=LINE('',#16140,#16160);
#16180=CARTESIAN_POINT('',(-4.755087,-4.9931722152522,5.29999999999987))
;
#16190=VERTEX_POINT('',#16180);
#16200=EDGE_CURVE('',#16110,#16190,#16170,.T.);
#16210=ORIENTED_EDGE('',*,*,#16200,.F.);
#16220=CARTESIAN_POINT('',(-4.755087,-4.9931722152522,5.29999999999987))
;
#16230=DIRECTION('',(0.,-1.,0.));
#16240=VECTOR('',#16230,1.);
#16250=LINE('',#16220,#16240);
#16260=CARTESIAN_POINT('',(-4.755087,-5.78730099999999,5.29999999999987)
);
#16270=VERTEX_POINT('',#16260);
#16280=EDGE_CURVE('',#16190,#16270,#16250,.T.);
#16290=ORIENTED_EDGE('',*,*,#16280,.F.);
#16300=CARTESIAN_POINT('',(-3.857087,-5.78730099999999,5.29999999999987)
);
#16310=DIRECTION('',(-1.,0.,0.));
#16320=VECTOR('',#16310,1.);
#16330=LINE('',#16300,#16320);
#16340=CARTESIAN_POINT('',(-3.857087,-5.78730099999999,5.29999999999987)
);
#16350=VERTEX_POINT('',#16340);
#16360=EDGE_CURVE('',#16350,#16270,#16330,.T.);
#16370=ORIENTED_EDGE('',*,*,#16360,.T.);
#16380=CARTESIAN_POINT('',(-3.857087,-5.78730099999999,5.29999999999987)
);
#16390=DIRECTION('',(0.,1.,0.));
#16400=VECTOR('',#16390,1.);
#16410=LINE('',#16380,#16400);
#16420=CARTESIAN_POINT('',(-3.857087,-4.9931722152522,5.29999999999987))
;
#16430=VERTEX_POINT('',#16420);
#16440=EDGE_CURVE('',#16350,#16430,#16410,.T.);
#16450=ORIENTED_EDGE('',*,*,#16440,.F.);
#16460=CARTESIAN_POINT('',(-3.856087,-4.9931722152522,5.29999999999987))
;
#16470=DIRECTION('',(1.,0.,0.));
#16480=VECTOR('',#16470,1.);
#16490=LINE('',#16460,#16480);
#16500=CARTESIAN_POINT('',(-3.505087,-4.9931722152522,5.29999999999987))
;
#16510=VERTEX_POINT('',#16500);
#16520=EDGE_CURVE('',#16430,#16510,#16490,.T.);
#16530=ORIENTED_EDGE('',*,*,#16520,.F.);
#16540=CARTESIAN_POINT('',(-3.505087,-4.9931722152522,5.29999999999987))
;
#16550=DIRECTION('',(0.,-1.,0.));
#16560=VECTOR('',#16550,1.);
#16570=LINE('',#16540,#16560);
#16580=CARTESIAN_POINT('',(-3.505087,-5.78730099999999,5.29999999999987)
);
#16590=VERTEX_POINT('',#16580);
#16600=EDGE_CURVE('',#16510,#16590,#16570,.T.);
#16610=ORIENTED_EDGE('',*,*,#16600,.F.);
#16620=CARTESIAN_POINT('',(-3.505087,-5.78730099999999,5.29999999999987)
);
#16630=DIRECTION('',(1.,0.,0.));
#16640=VECTOR('',#16630,1.);
#16650=LINE('',#16620,#16640);
#16660=CARTESIAN_POINT('',(-2.607087,-5.78730099999999,5.29999999999987)
);
#16670=VERTEX_POINT('',#16660);
#16680=EDGE_CURVE('',#16590,#16670,#16650,.T.);
#16690=ORIENTED_EDGE('',*,*,#16680,.F.);
#16700=CARTESIAN_POINT('',(-2.607087,-4.9931722152522,5.29999999999987))
;
#16710=DIRECTION('',(0.,-1.,0.));
#16720=VECTOR('',#16710,1.);
#16730=LINE('',#16700,#16720);
#16740=CARTESIAN_POINT('',(-2.607087,-4.9931722152522,5.29999999999987))
;
#16750=VERTEX_POINT('',#16740);
#16760=EDGE_CURVE('',#16750,#16670,#16730,.T.);
#16770=ORIENTED_EDGE('',*,*,#16760,.T.);
#16780=CARTESIAN_POINT('',(-2.606087,-4.9931722152522,5.29999999999987))
;
#16790=DIRECTION('',(1.,0.,0.));
#16800=VECTOR('',#16790,1.);
#16810=LINE('',#16780,#16800);
#16820=CARTESIAN_POINT('',(-2.256087,-4.9931722152522,5.29999999999987))
;
#16830=VERTEX_POINT('',#16820);
#16840=EDGE_CURVE('',#16750,#16830,#16810,.T.);
#16850=ORIENTED_EDGE('',*,*,#16840,.F.);
#16860=CARTESIAN_POINT('',(-2.255087,-5.78730099999999,5.29999999999987)
);
#16870=DIRECTION('',(2.23686242523549E-15,1.,0.));
#16880=VECTOR('',#16870,1.);
#16890=LINE('',#16860,#16880);
#16900=CARTESIAN_POINT('',(-2.255087,-5.78730099999999,5.29999999999987)
);
#16910=VERTEX_POINT('',#16900);
#16920=EDGE_CURVE('',#16910,#16830,#16890,.T.);
#16930=ORIENTED_EDGE('',*,*,#16920,.T.);
#16940=CARTESIAN_POINT('',(-2.255087,-5.78730099999999,5.29999999999987)
);
#16950=DIRECTION('',(1.,0.,0.));
#16960=VECTOR('',#16950,1.);
#16970=LINE('',#16940,#16960);
#16980=CARTESIAN_POINT('',(-1.357087,-5.78730099999999,5.29999999999987)
);
#16990=VERTEX_POINT('',#16980);
#17000=EDGE_CURVE('',#16910,#16990,#16970,.T.);
#17010=ORIENTED_EDGE('',*,*,#17000,.F.);
#17020=CARTESIAN_POINT('',(-1.357087,-4.9931722152522,5.29999999999987))
;
#17030=DIRECTION('',(0.,-1.,0.));
#17040=VECTOR('',#17030,1.);
#17050=LINE('',#17020,#17040);
#17060=CARTESIAN_POINT('',(-1.357087,-4.9931722152522,5.29999999999987))
;
#17070=VERTEX_POINT('',#17060);
#17080=EDGE_CURVE('',#17070,#16990,#17050,.T.);
#17090=ORIENTED_EDGE('',*,*,#17080,.T.);
#17100=CARTESIAN_POINT('',(-1.356087,-4.9931722152522,5.29999999999987))
;
#17110=DIRECTION('',(1.,0.,0.));
#17120=VECTOR('',#17110,1.);
#17130=LINE('',#17100,#17120);
#17140=CARTESIAN_POINT('',(-1.00508699999999,-4.9931722152522,
5.29999999999987));
#17150=VERTEX_POINT('',#17140);
#17160=EDGE_CURVE('',#17070,#17150,#17130,.T.);
#17170=ORIENTED_EDGE('',*,*,#17160,.F.);
#17180=CARTESIAN_POINT('',(-1.00508699999999,-4.9931722152522,
5.29999999999987));
#17190=DIRECTION('',(0.,-1.,0.));
#17200=VECTOR('',#17190,1.);
#17210=LINE('',#17180,#17200);
#17220=CARTESIAN_POINT('',(-1.00508699999999,-5.78730099999999,
5.29999999999987));
#17230=VERTEX_POINT('',#17220);
#17240=EDGE_CURVE('',#17150,#17230,#17210,.T.);
#17250=ORIENTED_EDGE('',*,*,#17240,.F.);
#17260=CARTESIAN_POINT('',(-0.107086999999995,-5.78730099999999,
5.29999999999987));
#17270=DIRECTION('',(-1.,0.,0.));
#17280=VECTOR('',#17270,1.);
#17290=LINE('',#17260,#17280);
#17300=CARTESIAN_POINT('',(-0.107086999999995,-5.78730099999999,
5.29999999999987));
#17310=VERTEX_POINT('',#17300);
#17320=EDGE_CURVE('',#17310,#17230,#17290,.T.);
#17330=ORIENTED_EDGE('',*,*,#17320,.T.);
#17340=CARTESIAN_POINT('',(-0.107086999999995,-5.78730099999999,
5.29999999999987));
#17350=DIRECTION('',(0.,1.,0.));
#17360=VECTOR('',#17350,1.);
#17370=LINE('',#17340,#17360);
#17380=CARTESIAN_POINT('',(-0.106586999999993,-4.9931722152522,
5.29999999999987));
#17390=VERTEX_POINT('',#17380);
#17400=EDGE_CURVE('',#17310,#17390,#17370,.T.);
#17410=ORIENTED_EDGE('',*,*,#17400,.F.);
#17420=CARTESIAN_POINT('',(-0.106086999999992,-4.9931722152522,
5.29999999999987));
#17430=DIRECTION('',(1.,0.,0.));
#17440=VECTOR('',#17430,1.);
#17450=LINE('',#17420,#17440);
#17460=CARTESIAN_POINT('',(0.244913000000006,-4.9931722152522,
5.29999999999987));
#17470=VERTEX_POINT('',#17460);
#17480=EDGE_CURVE('',#17390,#17470,#17450,.T.);
#17490=ORIENTED_EDGE('',*,*,#17480,.F.);
#17500=CARTESIAN_POINT('',(0.244913000000006,-4.9931722152522,
5.29999999999987));
#17510=DIRECTION('',(0.,-1.,0.));
#17520=VECTOR('',#17510,1.);
#17530=LINE('',#17500,#17520);
#17540=CARTESIAN_POINT('',(0.244913000000006,-5.78730099999999,
5.29999999999987));
#17550=VERTEX_POINT('',#17540);
#17560=EDGE_CURVE('',#17470,#17550,#17530,.T.);
#17570=ORIENTED_EDGE('',*,*,#17560,.F.);
#17580=CARTESIAN_POINT('',(1.14291300000001,-5.78730099999999,
5.29999999999987));
#17590=DIRECTION('',(-1.,0.,0.));
#17600=VECTOR('',#17590,1.);
#17610=LINE('',#17580,#17600);
#17620=CARTESIAN_POINT('',(1.14291300000001,-5.78730099999999,
5.29999999999987));
#17630=VERTEX_POINT('',#17620);
#17640=EDGE_CURVE('',#17630,#17550,#17610,.T.);
#17650=ORIENTED_EDGE('',*,*,#17640,.T.);
#17660=CARTESIAN_POINT('',(1.14291300000001,-4.9931722152522,
5.29999999999987));
#17670=DIRECTION('',(2.23686242523549E-15,-1.,0.));
#17680=VECTOR('',#17670,1.);
#17690=LINE('',#17660,#17680);
#17700=CARTESIAN_POINT('',(1.14291300000001,-4.9931722152522,
5.29999999999987));
#17710=VERTEX_POINT('',#17700);
#17720=EDGE_CURVE('',#17710,#17630,#17690,.T.);
#17730=ORIENTED_EDGE('',*,*,#17720,.T.);
#17740=CARTESIAN_POINT('',(1.14391300000001,-4.9931722152522,
5.29999999999987));
#17750=DIRECTION('',(1.,0.,0.));
#17760=VECTOR('',#17750,1.);
#17770=LINE('',#17740,#17760);
#17780=CARTESIAN_POINT('',(1.49391300000001,-4.9931722152522,
5.29999999999987));
#17790=VERTEX_POINT('',#17780);
#17800=EDGE_CURVE('',#17710,#17790,#17770,.T.);
#17810=ORIENTED_EDGE('',*,*,#17800,.F.);
#17820=CARTESIAN_POINT('',(1.49491300000001,-5.78730099999999,
5.29999999999987));
#17830=DIRECTION('',(0.,1.,0.));
#17840=VECTOR('',#17830,1.);
#17850=LINE('',#17820,#17840);
#17860=CARTESIAN_POINT('',(1.49491300000001,-5.78730099999999,
5.29999999999987));
#17870=VERTEX_POINT('',#17860);
#17880=EDGE_CURVE('',#17870,#17790,#17850,.T.);
#17890=ORIENTED_EDGE('',*,*,#17880,.T.);
#17900=CARTESIAN_POINT('',(1.49491300000001,-5.78730099999999,
5.29999999999987));
#17910=DIRECTION('',(1.,0.,0.));
#17920=VECTOR('',#17910,1.);
#17930=LINE('',#17900,#17920);
#17940=CARTESIAN_POINT('',(2.39291300000001,-5.78730099999999,
5.29999999999987));
#17950=VERTEX_POINT('',#17940);
#17960=EDGE_CURVE('',#17870,#17950,#17930,.T.);
#17970=ORIENTED_EDGE('',*,*,#17960,.F.);
#17980=CARTESIAN_POINT('',(2.39291300000001,-4.9931722152522,
5.29999999999987));
#17990=DIRECTION('',(0.,-1.,0.));
#18000=VECTOR('',#17990,1.);
#18010=LINE('',#17980,#18000);
#18020=CARTESIAN_POINT('',(2.39291300000001,-4.9931722152522,
5.29999999999987));
#18030=VERTEX_POINT('',#18020);
#18040=EDGE_CURVE('',#18030,#17950,#18010,.T.);
#18050=ORIENTED_EDGE('',*,*,#18040,.T.);
#18060=CARTESIAN_POINT('',(2.39391300000001,-4.9931722152522,
5.29999999999987));
#18070=DIRECTION('',(1.,0.,0.));
#18080=VECTOR('',#18070,1.);
#18090=LINE('',#18060,#18080);
#18100=CARTESIAN_POINT('',(2.74491300000002,-4.9931722152522,
5.29999999999987));
#18110=VERTEX_POINT('',#18100);
#18120=EDGE_CURVE('',#18030,#18110,#18090,.T.);
#18130=ORIENTED_EDGE('',*,*,#18120,.F.);
#18140=CARTESIAN_POINT('',(2.74491300000002,-4.9931722152522,
5.29999999999987));
#18150=DIRECTION('',(0.,-1.,0.));
#18160=VECTOR('',#18150,1.);
#18170=LINE('',#18140,#18160);
#18180=CARTESIAN_POINT('',(2.74491300000002,-5.78730099999999,
5.29999999999987));
#18190=VERTEX_POINT('',#18180);
#18200=EDGE_CURVE('',#18110,#18190,#18170,.T.);
#18210=ORIENTED_EDGE('',*,*,#18200,.F.);
#18220=CARTESIAN_POINT('',(4.01891300000001,-5.78730099999999,
5.29999999999987));
#18230=DIRECTION('',(-1.,0.,0.));
#18240=VECTOR('',#18230,1.);
#18250=LINE('',#18220,#18240);
#18260=CARTESIAN_POINT('',(4.01891300000001,-5.78730099999999,
5.29999999999987));
#18270=VERTEX_POINT('',#18260);
#18280=EDGE_CURVE('',#18270,#18190,#18250,.T.);
#18290=ORIENTED_EDGE('',*,*,#18280,.T.);
#18300=CARTESIAN_POINT('',(4.018913,-6.18730099999999,5.29999999999987))
;
#18310=DIRECTION('',(1.33226762955019E-14,1.,0.));
#18320=VECTOR('',#18310,1.);
#18330=LINE('',#18300,#18320);
#18340=CARTESIAN_POINT('',(4.018913,-6.18730099999999,5.29999999999987))
;
#18350=VERTEX_POINT('',#18340);
#18360=EDGE_CURVE('',#18350,#18270,#18330,.T.);
#18370=ORIENTED_EDGE('',*,*,#18360,.T.);
#18380=CARTESIAN_POINT('',(4.018913,-6.18730099999999,5.29999999999987))
;
#18390=DIRECTION('',(0.,-1.,0.));
#18400=VECTOR('',#18390,1.);
#18410=LINE('',#18380,#18400);
#18420=CARTESIAN_POINT('',(4.018913,-6.28730099999999,5.29999999999987))
;
#18430=VERTEX_POINT('',#18420);
#18440=EDGE_CURVE('',#18350,#18430,#18410,.T.);
#18450=ORIENTED_EDGE('',*,*,#18440,.F.);
#18460=CARTESIAN_POINT('',(4.018913,-6.28730099999999,5.29999999999987))
;
#18470=DIRECTION('',(-1.,0.,0.));
#18480=VECTOR('',#18470,1.);
#18490=LINE('',#18460,#18480);
#18500=CARTESIAN_POINT('',(2.74491300000001,-6.28730099999999,
5.29999999999987));
#18510=VERTEX_POINT('',#18500);
#18520=EDGE_CURVE('',#18430,#18510,#18490,.T.);
#18530=ORIENTED_EDGE('',*,*,#18520,.F.);
#18540=CARTESIAN_POINT('',(2.74491300000001,-6.98730099999999,
5.29999999999987));
#18550=DIRECTION('',(0.,1.,0.));
#18560=VECTOR('',#18550,1.);
#18570=LINE('',#18540,#18560);
#18580=EDGE_CURVE('',#4280,#18510,#18570,.T.);
#18590=ORIENTED_EDGE('',*,*,#18580,.T.);
#18600=ORIENTED_EDGE('',*,*,#4290,.F.);
#18610=CARTESIAN_POINT('',(2.39291300000001,-6.28730099999999,
5.29999999999987));
#18620=DIRECTION('',(0.,-1.,0.));
#18630=VECTOR('',#18620,1.);
#18640=LINE('',#18610,#18630);
#18650=EDGE_CURVE('',#520,#4200,#18640,.T.);
#18660=ORIENTED_EDGE('',*,*,#18650,.T.);
#18670=ORIENTED_EDGE('',*,*,#530,.F.);
#18680=ORIENTED_EDGE('',*,*,#300,.T.);
#18690=ORIENTED_EDGE('',*,*,#4110,.F.);
#18700=CARTESIAN_POINT('',(1.14291300000001,-6.28730099999999,
5.29999999999987));
#18710=DIRECTION('',(0.,-1.,0.));
#18720=VECTOR('',#18710,1.);
#18730=LINE('',#18700,#18720);
#18740=CARTESIAN_POINT('',(1.14291300000001,-6.28730099999999,
5.29999999999987));
#18750=VERTEX_POINT('',#18740);
#18760=EDGE_CURVE('',#18750,#4040,#18730,.T.);
#18770=ORIENTED_EDGE('',*,*,#18760,.T.);
#18780=CARTESIAN_POINT('',(1.14291300000001,-6.28730099999999,
5.29999999999987));
#18790=DIRECTION('',(-1.,0.,0.));
#18800=VECTOR('',#18790,1.);
#18810=LINE('',#18780,#18800);
#18820=CARTESIAN_POINT('',(0.244913000000006,-6.28730099999999,
5.29999999999987));
#18830=VERTEX_POINT('',#18820);
#18840=EDGE_CURVE('',#18750,#18830,#18810,.T.);
#18850=ORIENTED_EDGE('',*,*,#18840,.F.);
#18860=CARTESIAN_POINT('',(0.244913000000006,-6.28730099999999,
5.29999999999987));
#18870=DIRECTION('',(0.,-1.,0.));
#18880=VECTOR('',#18870,1.);
#18890=LINE('',#18860,#18880);
#18900=EDGE_CURVE('',#18830,#3800,#18890,.T.);
#18910=ORIENTED_EDGE('',*,*,#18900,.F.);
#18920=ORIENTED_EDGE('',*,*,#3810,.T.);
#18930=CARTESIAN_POINT('',(-0.107086999999995,-6.98730099999999,
5.29999999999987));
#18940=DIRECTION('',(0.,1.,0.));
#18950=VECTOR('',#18940,1.);
#18960=LINE('',#18930,#18950);
#18970=CARTESIAN_POINT('',(-0.107086999999995,-6.28730099999999,
5.29999999999987));
#18980=VERTEX_POINT('',#18970);
#18990=EDGE_CURVE('',#3720,#18980,#18960,.T.);
#19000=ORIENTED_EDGE('',*,*,#18990,.F.);
#19010=CARTESIAN_POINT('',(-1.00508699999999,-6.28730099999999,
5.29999999999987));
#19020=DIRECTION('',(1.,0.,0.));
#19030=VECTOR('',#19020,1.);
#19040=LINE('',#19010,#19030);
#19050=CARTESIAN_POINT('',(-1.00508699999999,-6.28730099999999,
5.29999999999987));
#19060=VERTEX_POINT('',#19050);
#19070=EDGE_CURVE('',#19060,#18980,#19040,.T.);
#19080=ORIENTED_EDGE('',*,*,#19070,.T.);
#19090=CARTESIAN_POINT('',(-1.00508699999999,-6.28730099999999,
5.29999999999987));
#19100=DIRECTION('',(0.,-1.,0.));
#19110=VECTOR('',#19100,1.);
#19120=LINE('',#19090,#19110);
#19130=EDGE_CURVE('',#19060,#3480,#19120,.T.);
#19140=ORIENTED_EDGE('',*,*,#19130,.F.);
#19150=ORIENTED_EDGE('',*,*,#3490,.T.);
#19160=EDGE_LOOP('',(#19150,#19140,#19080,#19000,#18920,#18910,#18850,
#18770,#18690,#18680,#18670,#18660,#18600,#18590,#18530,#18450,#18370,
#18290,#18210,#18130,#18050,#17970,#17890,#17810,#17730,#17650,#17570,
#17490,#17410,#17330,#17250,#17170,#17090,#17010,#16930,#16850,#16770,
#16690,#16610,#16530,#16450,#16370,#16290,#16210,#16130,#16050,#15970,
#15890,#15810,#15730,#15650,#15640,#15580,#15500,#15420,#15410,#15350,
#15270,#15190,#15180,#15120,#15040));
#19170=FACE_OUTER_BOUND('',#19160,.T.);
#19180=ADVANCED_FACE('',(#19170),#13140,.T.);
#19190=CARTESIAN_POINT('',(-1.357087,-7.32730339999999,5.79999999999987)
);
#19200=DIRECTION('',(-1.,-0.,-0.));
#19210=DIRECTION('',(0.,1.22460635382238E-16,-1.));
#19220=AXIS2_PLACEMENT_3D('',#19190,#19200,#19210);
#19230=PLANE('',#19220);
#19240=CARTESIAN_POINT('',(-1.357087,-6.28730099999999,5.79999999999987)
);
#19250=DIRECTION('',(0.,-1.,0.));
#19260=VECTOR('',#19250,1.);
#19270=LINE('',#19240,#19260);
#19280=CARTESIAN_POINT('',(-1.357087,-6.28730099999999,5.79999999999987)
);
#19290=VERTEX_POINT('',#19280);
#19300=EDGE_CURVE('',#19290,#3320,#19270,.T.);
#19310=ORIENTED_EDGE('',*,*,#19300,.T.);
#19320=CARTESIAN_POINT('',(-1.357087,-6.28730099999999,5.79999999999987)
);
#19330=DIRECTION('',(0.,0.,-1.));
#19340=VECTOR('',#19330,1.);
#19350=LINE('',#19320,#19340);
#19360=EDGE_CURVE('',#19290,#15020,#19350,.T.);
#19370=ORIENTED_EDGE('',*,*,#19360,.F.);
#19380=ORIENTED_EDGE('',*,*,#15030,.F.);
#19390=ORIENTED_EDGE('',*,*,#3410,.T.);
#19400=EDGE_LOOP('',(#19390,#19380,#19370,#19310));
#19410=FACE_OUTER_BOUND('',#19400,.T.);
#19420=ADVANCED_FACE('',(#19410),#19230,.F.);
#19430=CARTESIAN_POINT('',(-2.155087,-6.98730099999999,5.79999999999987)
);
#19440=DIRECTION('',(-4.44089209850064E-15,-2.44921270764475E-16,1.));
#19450=DIRECTION('',(1.,-1.0876689360927E-30,4.44089209850064E-15));
#19460=AXIS2_PLACEMENT_3D('',#19430,#19440,#19450);
#19470=PLANE('',#19460);
#19480=CARTESIAN_POINT('',(-2.255087,-6.28730099999999,5.79999999999987)
);
#19490=DIRECTION('',(0.,-1.,-1.26882631385732E-15));
#19500=VECTOR('',#19490,1.);
#19510=LINE('',#19480,#19500);
#19520=CARTESIAN_POINT('',(-2.255087,-6.28730099999999,5.79999999999987)
);
#19530=VERTEX_POINT('',#19520);
#19540=EDGE_CURVE('',#19530,#3240,#19510,.T.);
#19550=ORIENTED_EDGE('',*,*,#19540,.T.);
#19560=CARTESIAN_POINT('',(-2.255087,-6.28730099999999,5.79999999999987)
);
#19570=DIRECTION('',(1.,0.,0.));
#19580=VECTOR('',#19570,1.);
#19590=LINE('',#19560,#19580);
#19600=EDGE_CURVE('',#19530,#19290,#19590,.T.);
#19610=ORIENTED_EDGE('',*,*,#19600,.F.);
#19620=ORIENTED_EDGE('',*,*,#19300,.F.);
#19630=ORIENTED_EDGE('',*,*,#3330,.T.);
#19640=EDGE_LOOP('',(#19630,#19620,#19610,#19550));
#19650=FACE_OUTER_BOUND('',#19640,.T.);
#19660=ADVANCED_FACE('',(#19650),#19470,.T.);
#19670=CARTESIAN_POINT('',(-2.255087,-7.32730339999999,5.29999999999987)
);
#19680=DIRECTION('',(1.,-0.,-0.));
#19690=DIRECTION('',(-0.,-1.22460635382238E-16,1.));
#19700=AXIS2_PLACEMENT_3D('',#19670,#19680,#19690);
#19710=PLANE('',#19700);
#19720=ORIENTED_EDGE('',*,*,#19540,.F.);
#19730=ORIENTED_EDGE('',*,*,#3250,.F.);
#19740=ORIENTED_EDGE('',*,*,#15170,.F.);
#19750=CARTESIAN_POINT('',(-2.255087,-6.28730099999999,5.29999999999987)
);
#19760=DIRECTION('',(0.,0.,1.));
#19770=VECTOR('',#19760,1.);
#19780=LINE('',#19750,#19770);
#19790=EDGE_CURVE('',#15100,#19530,#19780,.T.);
#19800=ORIENTED_EDGE('',*,*,#19790,.F.);
#19810=EDGE_LOOP('',(#19800,#19740,#19730,#19720));
#19820=FACE_OUTER_BOUND('',#19810,.T.);
#19830=ADVANCED_FACE('',(#19820),#19710,.F.);
#19840=CARTESIAN_POINT('',(-1.806087,-6.28730099999999,5.29999999999987)
);
#19850=DIRECTION('',(-0.,1.,1.22460635382238E-16));
#19860=DIRECTION('',(0.,-1.22460635382238E-16,1.));
#19870=AXIS2_PLACEMENT_3D('',#19840,#19850,#19860);
#19880=PLANE('',#19870);
#19890=ORIENTED_EDGE('',*,*,#19790,.T.);
#19900=ORIENTED_EDGE('',*,*,#15110,.T.);
#19910=ORIENTED_EDGE('',*,*,#19360,.T.);
#19920=ORIENTED_EDGE('',*,*,#19600,.T.);
#19930=EDGE_LOOP('',(#19920,#19910,#19900,#19890));
#19940=FACE_OUTER_BOUND('',#19930,.T.);
#19950=ADVANCED_FACE('',(#19940),#19880,.T.);
#19960=CARTESIAN_POINT('',(-2.607087,-7.32730339999999,5.79999999999987)
);
#19970=DIRECTION('',(-1.,-0.,-0.));
#19980=DIRECTION('',(0.,1.22460635382238E-16,-1.));
#19990=AXIS2_PLACEMENT_3D('',#19960,#19970,#19980);
#20000=PLANE('',#19990);
#20010=CARTESIAN_POINT('',(-2.607087,-6.28730099999999,5.79999999999987)
);
#20020=DIRECTION('',(0.,-1.,0.));
#20030=VECTOR('',#20020,1.);
#20040=LINE('',#20010,#20030);
#20050=CARTESIAN_POINT('',(-2.607087,-6.28730099999999,5.79999999999987)
);
#20060=VERTEX_POINT('',#20050);
#20070=EDGE_CURVE('',#20060,#3000,#20040,.T.);
#20080=ORIENTED_EDGE('',*,*,#20070,.T.);
#20090=CARTESIAN_POINT('',(-2.607087,-6.28730099999999,5.79999999999987)
);
#20100=DIRECTION('',(0.,0.,-1.));
#20110=VECTOR('',#20100,1.);
#20120=LINE('',#20090,#20110);
#20130=EDGE_CURVE('',#20060,#15250,#20120,.T.);
#20140=ORIENTED_EDGE('',*,*,#20130,.F.);
#20150=ORIENTED_EDGE('',*,*,#15260,.F.);
#20160=ORIENTED_EDGE('',*,*,#3090,.T.);
#20170=EDGE_LOOP('',(#20160,#20150,#20140,#20080));
#20180=FACE_OUTER_BOUND('',#20170,.T.);
#20190=ADVANCED_FACE('',(#20180),#20000,.F.);
#20200=CARTESIAN_POINT('',(-2.607087,-6.98730099999999,5.79999999999987)
);
#20210=DIRECTION('',(4.44089209850064E-15,-2.44921270764475E-16,1.));
#20220=DIRECTION('',(1.,1.0876689360927E-30,-4.44089209850064E-15));
#20230=AXIS2_PLACEMENT_3D('',#20200,#20210,#20220);
#20240=PLANE('',#20230);
#20250=CARTESIAN_POINT('',(-3.505087,-6.28730099999999,5.79999999999987)
);
#20260=DIRECTION('',(1.,0.,0.));
#20270=VECTOR('',#20260,1.);
#20280=LINE('',#20250,#20270);
#20290=CARTESIAN_POINT('',(-3.505087,-6.28730099999999,5.79999999999987)
);
#20300=VERTEX_POINT('',#20290);
#20310=EDGE_CURVE('',#20300,#20060,#20280,.T.);
#20320=ORIENTED_EDGE('',*,*,#20310,.F.);
#20330=ORIENTED_EDGE('',*,*,#20070,.F.);
#20340=ORIENTED_EDGE('',*,*,#3010,.F.);
#20350=CARTESIAN_POINT('',(-3.505087,-6.28730099999999,5.79999999999987)
);
#20360=DIRECTION('',(0.,-1.,-1.26882631385732E-15));
#20370=VECTOR('',#20360,1.);
#20380=LINE('',#20350,#20370);
#20390=EDGE_CURVE('',#20300,#2920,#20380,.T.);
#20400=ORIENTED_EDGE('',*,*,#20390,.T.);
#20410=EDGE_LOOP('',(#20400,#20340,#20330,#20320));
#20420=FACE_OUTER_BOUND('',#20410,.T.);
#20430=ADVANCED_FACE('',(#20420),#20240,.T.);
#20440=CARTESIAN_POINT('',(-3.505087,-7.32730339999999,5.79999999999987)
);
#20450=DIRECTION('',(-1.,-0.,-0.));
#20460=DIRECTION('',(0.,0.,-1.));
#20470=AXIS2_PLACEMENT_3D('',#20440,#20450,#20460);
#20480=PLANE('',#20470);
#20490=ORIENTED_EDGE('',*,*,#2930,.F.);
#20500=ORIENTED_EDGE('',*,*,#15400,.T.);
#20510=CARTESIAN_POINT('',(-3.505087,-6.28730099999999,5.79999999999987)
);
#20520=DIRECTION('',(0.,0.,-1.));
#20530=VECTOR('',#20520,1.);
#20540=LINE('',#20510,#20530);
#20550=EDGE_CURVE('',#20300,#15330,#20540,.T.);
#20560=ORIENTED_EDGE('',*,*,#20550,.T.);
#20570=ORIENTED_EDGE('',*,*,#20390,.F.);
#20580=EDGE_LOOP('',(#20570,#20560,#20500,#20490));
#20590=FACE_OUTER_BOUND('',#20580,.T.);
#20600=ADVANCED_FACE('',(#20590),#20480,.T.);
#20610=CARTESIAN_POINT('',(-4.306087,-6.28730099999999,5.29999999999987)
);
#20620=DIRECTION('',(-0.,-1.,-0.));
#20630=DIRECTION('',(0.,0.,1.));
#20640=AXIS2_PLACEMENT_3D('',#20610,#20620,#20630);
#20650=PLANE('',#20640);
#20660=ORIENTED_EDGE('',*,*,#20310,.T.);
#20670=ORIENTED_EDGE('',*,*,#20550,.F.);
#20680=ORIENTED_EDGE('',*,*,#15340,.F.);
#20690=ORIENTED_EDGE('',*,*,#20130,.T.);
#20700=EDGE_LOOP('',(#20690,#20680,#20670,#20660));
#20710=FACE_OUTER_BOUND('',#20700,.T.);
#20720=ADVANCED_FACE('',(#20710),#20650,.F.);
#20730=CARTESIAN_POINT('',(-3.857087,-7.32730339999999,5.29999999999987)
);
#20740=DIRECTION('',(1.,-0.,-0.));
#20750=DIRECTION('',(-0.,0.,1.));
#20760=AXIS2_PLACEMENT_3D('',#20730,#20740,#20750);
#20770=PLANE('',#20760);
#20780=CARTESIAN_POINT('',(-3.857087,-6.28730099999999,5.29999999999987)
);
#20790=DIRECTION('',(0.,0.,1.));
#20800=VECTOR('',#20790,1.);
#20810=LINE('',#20780,#20800);
#20820=CARTESIAN_POINT('',(-3.857087,-6.28730099999999,5.79999999999987)
);
#20830=VERTEX_POINT('',#20820);
#20840=EDGE_CURVE('',#15480,#20830,#20810,.T.);
#20850=ORIENTED_EDGE('',*,*,#20840,.T.);
#20860=ORIENTED_EDGE('',*,*,#15490,.T.);
#20870=ORIENTED_EDGE('',*,*,#2770,.T.);
#20880=CARTESIAN_POINT('',(-3.857087,-6.28730099999999,5.79999999999987)
);
#20890=DIRECTION('',(0.,-1.,0.));
#20900=VECTOR('',#20890,1.);
#20910=LINE('',#20880,#20900);
#20920=EDGE_CURVE('',#20830,#2680,#20910,.T.);
#20930=ORIENTED_EDGE('',*,*,#20920,.T.);
#20940=EDGE_LOOP('',(#20930,#20870,#20860,#20850));
#20950=FACE_OUTER_BOUND('',#20940,.T.);
#20960=ADVANCED_FACE('',(#20950),#20770,.T.);
#20970=CARTESIAN_POINT('',(-3.957087,-6.98730099999999,5.79999999999987)
);
#20980=DIRECTION('',(-4.44089209850064E-15,1.22460635382238E-16,-1.));
#20990=DIRECTION('',(-1.,-5.43834468046348E-31,4.44089209850064E-15));
#21000=AXIS2_PLACEMENT_3D('',#20970,#20980,#20990);
#21010=PLANE('',#21000);
#21020=ORIENTED_EDGE('',*,*,#2690,.F.);
#21030=CARTESIAN_POINT('',(-4.755087,-6.28730099999999,5.79999999999987)
);
#21040=DIRECTION('',(0.,-1.,0.));
#21050=VECTOR('',#21040,1.);
#21060=LINE('',#21030,#21050);
#21070=CARTESIAN_POINT('',(-4.755087,-6.28730099999999,5.79999999999987)
);
#21080=VERTEX_POINT('',#21070);
#21090=EDGE_CURVE('',#21080,#2600,#21060,.T.);
#21100=ORIENTED_EDGE('',*,*,#21090,.T.);
#21110=CARTESIAN_POINT('',(-3.857087,-6.28730099999999,5.79999999999987)
);
#21120=DIRECTION('',(-1.,0.,3.95625131269544E-15));
#21130=VECTOR('',#21120,1.);
#21140=LINE('',#21110,#21130);
#21150=EDGE_CURVE('',#20830,#21080,#21140,.T.);
#21160=ORIENTED_EDGE('',*,*,#21150,.T.);
#21170=ORIENTED_EDGE('',*,*,#20920,.F.);
#21180=EDGE_LOOP('',(#21170,#21160,#21100,#21020));
#21190=FACE_OUTER_BOUND('',#21180,.T.);
#21200=ADVANCED_FACE('',(#21190),#21010,.F.);
#21210=CARTESIAN_POINT('',(-4.755087,-7.32730339999999,5.79999999999987)
);
#21220=DIRECTION('',(-1.,-0.,-0.));
#21230=DIRECTION('',(0.,0.,-1.));
#21240=AXIS2_PLACEMENT_3D('',#21210,#21220,#21230);
#21250=PLANE('',#21240);
#21260=ORIENTED_EDGE('',*,*,#2610,.T.);
#21270=ORIENTED_EDGE('',*,*,#15630,.T.);
#21280=CARTESIAN_POINT('',(-4.755087,-6.28730099999999,5.79999999999987)
);
#21290=DIRECTION('',(0.,0.,-1.));
#21300=VECTOR('',#21290,1.);
#21310=LINE('',#21280,#21300);
#21320=EDGE_CURVE('',#21080,#15560,#21310,.T.);
#21330=ORIENTED_EDGE('',*,*,#21320,.T.);
#21340=ORIENTED_EDGE('',*,*,#21090,.F.);
#21350=EDGE_LOOP('',(#21340,#21330,#21270,#21260));
#21360=FACE_OUTER_BOUND('',#21350,.T.);
#21370=ADVANCED_FACE('',(#21360),#21250,.T.);
#21380=CARTESIAN_POINT('',(-4.306087,-6.28730099999999,5.29999999999987)
);
#21390=DIRECTION('',(-0.,-1.,-0.));
#21400=DIRECTION('',(0.,0.,1.));
#21410=AXIS2_PLACEMENT_3D('',#21380,#21390,#21400);
#21420=PLANE('',#21410);
#21430=ORIENTED_EDGE('',*,*,#21150,.F.);
#21440=ORIENTED_EDGE('',*,*,#21320,.F.);
#21450=ORIENTED_EDGE('',*,*,#15570,.F.);
#21460=ORIENTED_EDGE('',*,*,#20840,.F.);
#21470=EDGE_LOOP('',(#21460,#21450,#21440,#21430));
#21480=FACE_OUTER_BOUND('',#21470,.T.);
#21490=ADVANCED_FACE('',(#21480),#21420,.F.);
#21500=CARTESIAN_POINT('',(-5.107087,-7.32730339999999,5.29999999999987)
);
#21510=DIRECTION('',(1.,-0.,-0.));
#21520=DIRECTION('',(-0.,0.,1.));
#21530=AXIS2_PLACEMENT_3D('',#21500,#21510,#21520);
#21540=PLANE('',#21530);
#21550=CARTESIAN_POINT('',(-5.107087,-6.28730099999999,5.29999999999987)
);
#21560=DIRECTION('',(0.,0.,1.));
#21570=VECTOR('',#21560,1.);
#21580=LINE('',#21550,#21570);
#21590=CARTESIAN_POINT('',(-5.107087,-6.28730099999999,5.79999999999987)
);
#21600=VERTEX_POINT('',#21590);
#21610=EDGE_CURVE('',#15710,#21600,#21580,.T.);
#21620=ORIENTED_EDGE('',*,*,#21610,.T.);
#21630=ORIENTED_EDGE('',*,*,#15720,.T.);
#21640=ORIENTED_EDGE('',*,*,#2450,.F.);
#21650=CARTESIAN_POINT('',(-5.107087,-6.28730099999999,5.79999999999987)
);
#21660=DIRECTION('',(0.,-1.,0.));
#21670=VECTOR('',#21660,1.);
#21680=LINE('',#21650,#21670);
#21690=EDGE_CURVE('',#21600,#2360,#21680,.T.);
#21700=ORIENTED_EDGE('',*,*,#21690,.T.);
#21710=EDGE_LOOP('',(#21700,#21640,#21630,#21620));
#21720=FACE_OUTER_BOUND('',#21710,.T.);
#21730=ADVANCED_FACE('',(#21720),#21540,.T.);
#21740=CARTESIAN_POINT('',(-5.207087,-6.98730099999999,5.79999999999987)
);
#21750=DIRECTION('',(-8.88178419700128E-15,1.22460635382238E-16,-1.));
#21760=DIRECTION('',(-1.,-1.0876689360927E-30,8.88178419700128E-15));
#21770=AXIS2_PLACEMENT_3D('',#21740,#21750,#21760);
#21780=PLANE('',#21770);
#21790=ORIENTED_EDGE('',*,*,#2370,.F.);
#21800=CARTESIAN_POINT('',(-6.381087,-6.98730099999999,5.79999999999987)
);
#21810=DIRECTION('',(0.,1.,0.));
#21820=VECTOR('',#21810,1.);
#21830=LINE('',#21800,#21820);
#21840=CARTESIAN_POINT('',(-6.381087,-6.28730099999999,5.79999999999988)
);
#21850=VERTEX_POINT('',#21840);
#21860=EDGE_CURVE('',#2280,#21850,#21830,.T.);
#21870=ORIENTED_EDGE('',*,*,#21860,.F.);
#21880=CARTESIAN_POINT('',(-5.107087,-6.28730099999999,5.79999999999987)
);
#21890=DIRECTION('',(-1.,0.,9.06304509898087E-15));
#21900=VECTOR('',#21890,1.);
#21910=LINE('',#21880,#21900);
#21920=EDGE_CURVE('',#21600,#21850,#21910,.T.);
#21930=ORIENTED_EDGE('',*,*,#21920,.T.);
#21940=ORIENTED_EDGE('',*,*,#21690,.F.);
#21950=EDGE_LOOP('',(#21940,#21930,#21870,#21790));
#21960=FACE_OUTER_BOUND('',#21950,.T.);
#21970=ADVANCED_FACE('',(#21960),#21780,.F.);
#21980=CARTESIAN_POINT('',(-6.381087,-4.18523468267788,1.2700388663573))
;
#21990=DIRECTION('',(1.,-0.,-0.));
#22000=DIRECTION('',(-0.,-1.,-1.22460635382238E-16));
#22010=AXIS2_PLACEMENT_3D('',#21980,#21990,#22000);
#22020=PLANE('',#22010);
#22030=CARTESIAN_POINT('',(-6.381087,-6.2874505115378,4.7995016282072));
#22040=DIRECTION('',(0.,1.,0.));
#22050=VECTOR('',#22040,1.);
#22060=LINE('',#22030,#22050);
#22070=CARTESIAN_POINT('',(-6.381087,-6.28745051153779,4.7995016282072))
;
#22080=VERTEX_POINT('',#22070);
#22090=CARTESIAN_POINT('',(-6.381087,-6.18730099999999,4.7995016282072))
;
#22100=VERTEX_POINT('',#22090);
#22110=EDGE_CURVE('',#22080,#22100,#22060,.T.);
#22120=ORIENTED_EDGE('',*,*,#22110,.F.);
#22130=CARTESIAN_POINT('',(-6.381087,-6.18730099999999,4.7995016282072))
;
#22140=DIRECTION('',(0.,0.,1.));
#22150=VECTOR('',#22140,1.);
#22160=LINE('',#22130,#22150);
#22170=EDGE_CURVE('',#22100,#15870,#22160,.T.);
#22180=ORIENTED_EDGE('',*,*,#22170,.F.);
#22190=ORIENTED_EDGE('',*,*,#15880,.F.);
#22200=CARTESIAN_POINT('',(-6.381087,-6.28730099999999,5.79999999999987)
);
#22210=DIRECTION('',(0.,0.,-1.));
#22220=VECTOR('',#22210,1.);
#22230=LINE('',#22200,#22220);
#22240=EDGE_CURVE('',#21850,#15790,#22230,.T.);
#22250=ORIENTED_EDGE('',*,*,#22240,.T.);
#22260=ORIENTED_EDGE('',*,*,#21860,.T.);
#22270=ORIENTED_EDGE('',*,*,#2290,.F.);
#22280=CARTESIAN_POINT('',(-6.381087,-6.98730099999999,5.09999999999987)
);
#22290=DIRECTION('',(0.,1.,0.));
#22300=VECTOR('',#22290,1.);
#22310=LINE('',#22280,#22300);
#22320=CARTESIAN_POINT('',(-6.381087,-6.48730099999999,5.09999999999987)
);
#22330=VERTEX_POINT('',#22320);
#22340=EDGE_CURVE('',#2200,#22330,#22310,.T.);
#22350=ORIENTED_EDGE('',*,*,#22340,.F.);
#22360=CARTESIAN_POINT('',(-6.381087,-6.48730099999999,5.09999999999987)
);
#22370=DIRECTION('',(0.,-1.61486985400026E-15,-1.));
#22380=VECTOR('',#22370,1.);
#22390=LINE('',#22360,#22380);
#22400=CARTESIAN_POINT('',(-6.381087,-6.48730099999999,4.54999999999988)
);
#22410=VERTEX_POINT('',#22400);
#22420=EDGE_CURVE('',#22330,#22410,#22390,.T.);
#22430=ORIENTED_EDGE('',*,*,#22420,.F.);
#22440=CARTESIAN_POINT('',(-6.381087,-6.46945635459446,4.63922322702752)
);
#22450=DIRECTION('',(0.,-0.19611613513818,-0.980580675690921));
#22460=VECTOR('',#22450,1.);
#22470=LINE('',#22440,#22460);
#22480=CARTESIAN_POINT('',(-6.381087,-6.46945635459446,4.63922322702751)
);
#22490=VERTEX_POINT('',#22480);
#22500=EDGE_CURVE('',#22490,#22410,#22470,.T.);
#22510=ORIENTED_EDGE('',*,*,#22500,.T.);
#22520=CARTESIAN_POINT('',(-6.381087,-6.27334021945628,4.59999999999987)
);
#22530=DIRECTION('',(1.,-6.09255432603353E-17,-4.30912378185455E-18));
#22540=DIRECTION('',(-7.70371977754894E-34,-0.0705514604074596,
0.997508141036641));
#22550=AXIS2_PLACEMENT_3D('',#22520,#22530,#22540);
#22560=CIRCLE('',#22550,0.2);
#22570=EDGE_CURVE('',#22080,#22490,#22560,.T.);
#22580=ORIENTED_EDGE('',*,*,#22570,.T.);
#22590=EDGE_LOOP('',(#22580,#22510,#22430,#22350,#22270,#22260,#22250,
#22190,#22180,#22120));
#22600=FACE_OUTER_BOUND('',#22590,.T.);
#22610=ADVANCED_FACE('',(#22600),#22020,.F.);
#22620=CARTESIAN_POINT('',(-6.381087,-6.27334021945628,4.59999999999987)
);
#22630=DIRECTION('',(1.,-6.12303176911188E-17,-0.));
#22640=DIRECTION('',(6.12303176911188E-17,1.,1.83690953073357E-16));
#22650=AXIS2_PLACEMENT_3D('',#22620,#22630,#22640);
#22660=CYLINDRICAL_SURFACE('',#22650,0.2);
#22670=CARTESIAN_POINT('',(-6.581087,-6.46945635459446,4.63922322702751)
);
#22680=DIRECTION('',(1.,0.,0.));
#22690=VECTOR('',#22680,1.);
#22700=LINE('',#22670,#22690);
#22710=CARTESIAN_POINT('',(-6.581087,-6.46945635459446,4.63922322702751)
);
#22720=VERTEX_POINT('',#22710);
#22730=EDGE_CURVE('',#22720,#22490,#22700,.T.);
#22740=ORIENTED_EDGE('',*,*,#22730,.T.);
#22750=CARTESIAN_POINT('',(-6.581087,-6.27334021945628,4.59999999999987)
);
#22760=DIRECTION('',(-1.,2.35501221889054E-18,1.17750610944492E-17));
#22770=DIRECTION('',(3.85185988877447E-34,-0.980580675690909,
0.19611613513824));
#22780=AXIS2_PLACEMENT_3D('',#22750,#22760,#22770);
#22790=CIRCLE('',#22780,0.2);
#22800=CARTESIAN_POINT('',(-6.581087,-6.28745051153774,4.7995016282072))
;
#22810=VERTEX_POINT('',#22800);
#22820=EDGE_CURVE('',#22720,#22810,#22790,.T.);
#22830=ORIENTED_EDGE('',*,*,#22820,.F.);
#22840=CARTESIAN_POINT('',(-6.381087,-6.2874505115378,4.7995016282072));
#22850=DIRECTION('',(-1.,0.,0.));
#22860=VECTOR('',#22850,1.);
#22870=LINE('',#22840,#22860);
#22880=EDGE_CURVE('',#22080,#22810,#22870,.T.);
#22890=ORIENTED_EDGE('',*,*,#22880,.T.);
#22900=ORIENTED_EDGE('',*,*,#22570,.F.);
#22910=EDGE_LOOP('',(#22900,#22890,#22830,#22740));
#22920=FACE_OUTER_BOUND('',#22910,.T.);
#22930=ADVANCED_FACE('',(#22920),#22660,.T.);
#22940=CARTESIAN_POINT('',(-6.381087,-6.46945635459446,4.63922322702751)
);
#22950=DIRECTION('',(-6.0041266294327E-17,-0.98058067569092,
0.196116135138183));
#22960=DIRECTION('',(1.20082532588653E-17,0.196116135138183,
0.98058067569092));
#22970=AXIS2_PLACEMENT_3D('',#22940,#22950,#22960);
#22980=PLANE('',#22970);
#22990=CARTESIAN_POINT('',(-6.581087,-6.48730099999999,4.54999999999988)
);
#23000=DIRECTION('',(1.,0.,0.));
#23010=VECTOR('',#23000,1.);
#23020=LINE('',#22990,#23010);
#23030=CARTESIAN_POINT('',(-6.581087,-6.48730099999999,4.54999999999988)
);
#23040=VERTEX_POINT('',#23030);
#23050=EDGE_CURVE('',#23040,#22410,#23020,.T.);
#23060=ORIENTED_EDGE('',*,*,#23050,.T.);
#23070=CARTESIAN_POINT('',(-6.581087,-6.48730099999999,4.54999999999987)
);
#23080=DIRECTION('',(0.,0.19611613513818,0.980580675690921));
#23090=VECTOR('',#23080,1.);
#23100=LINE('',#23070,#23090);
#23110=EDGE_CURVE('',#23040,#22720,#23100,.T.);
#23120=ORIENTED_EDGE('',*,*,#23110,.F.);
#23130=ORIENTED_EDGE('',*,*,#22730,.F.);
#23140=ORIENTED_EDGE('',*,*,#22500,.F.);
#23150=EDGE_LOOP('',(#23140,#23130,#23120,#23060));
#23160=FACE_OUTER_BOUND('',#23150,.T.);
#23170=ADVANCED_FACE('',(#23160),#22980,.T.);
#23180=CARTESIAN_POINT('',(-6.381087,-6.48730099999999,3.19999999999987)
);
#23190=DIRECTION('',(-0.,-1.,1.26531814539921E-15));
#23200=DIRECTION('',(0.,-1.26531814539921E-15,-1.));
#23210=AXIS2_PLACEMENT_3D('',#23180,#23190,#23200);
#23220=PLANE('',#23210);
#23230=CARTESIAN_POINT('',(-6.581087,-6.48730099999999,3.09999999999987)
);
#23240=DIRECTION('',(1.,0.,0.));
#23250=VECTOR('',#23240,1.);
#23260=LINE('',#23230,#23250);
#23270=CARTESIAN_POINT('',(-6.581087,-6.48730099999999,3.09999999999987)
);
#23280=VERTEX_POINT('',#23270);
#23290=CARTESIAN_POINT('',(-6.381087,-6.48730099999999,3.09999999999987)
);
#23300=VERTEX_POINT('',#23290);
#23310=EDGE_CURVE('',#23280,#23300,#23260,.T.);
#23320=ORIENTED_EDGE('',*,*,#23310,.F.);
#23330=CARTESIAN_POINT('',(-6.381087,-6.48730099999999,3.79999999999987)
);
#23340=DIRECTION('',(0.,-1.26882631385732E-15,-1.));
#23350=VECTOR('',#23340,1.);
#23360=LINE('',#23330,#23350);
#23370=CARTESIAN_POINT('',(-6.381087,-6.48730099999999,3.79999999999987)
);
#23380=VERTEX_POINT('',#23370);
#23390=EDGE_CURVE('',#23380,#23300,#23360,.T.);
#23400=ORIENTED_EDGE('',*,*,#23390,.T.);
#23410=CARTESIAN_POINT('',(-6.381087,-6.48730099999999,3.79999999999987)
);
#23420=DIRECTION('',(-1.,0.,0.));
#23430=VECTOR('',#23420,1.);
#23440=LINE('',#23410,#23430);
#23450=CARTESIAN_POINT('',(-6.581087,-6.48730099999999,3.79999999999987)
);
#23460=VERTEX_POINT('',#23450);
#23470=EDGE_CURVE('',#23380,#23460,#23440,.T.);
#23480=ORIENTED_EDGE('',*,*,#23470,.F.);
#23490=CARTESIAN_POINT('',(-6.581087,-6.48730099999999,4.13333333333321)
);
#23500=DIRECTION('',(0.,0.,-1.));
#23510=VECTOR('',#23500,1.);
#23520=LINE('',#23490,#23510);
#23530=CARTESIAN_POINT('',(-6.581087,-6.48730099999999,4.13333333333321)
);
#23540=VERTEX_POINT('',#23530);
#23550=EDGE_CURVE('',#23540,#23460,#23520,.T.);
#23560=ORIENTED_EDGE('',*,*,#23550,.T.);
#23570=CARTESIAN_POINT('',(-6.581087,-6.48730099999999,4.13333333333321)
);
#23580=DIRECTION('',(1.,0.,0.));
#23590=VECTOR('',#23580,1.);
#23600=LINE('',#23570,#23590);
#23610=CARTESIAN_POINT('',(-6.381087,-6.48730099999999,4.13333333333321)
);
#23620=VERTEX_POINT('',#23610);
#23630=EDGE_CURVE('',#23540,#23620,#23600,.T.);
#23640=ORIENTED_EDGE('',*,*,#23630,.F.);
#23650=CARTESIAN_POINT('',(-6.381087,-6.48730099999999,4.29999999999987)
);
#23660=DIRECTION('',(0.,-5.32907051820097E-15,-1.));
#23670=VECTOR('',#23660,1.);
#23680=LINE('',#23650,#23670);
#23690=CARTESIAN_POINT('',(-6.381087,-6.48730099999999,4.29999999999987)
);
#23700=VERTEX_POINT('',#23690);
#23710=EDGE_CURVE('',#23700,#23620,#23680,.T.);
#23720=ORIENTED_EDGE('',*,*,#23710,.T.);
#23730=CARTESIAN_POINT('',(-6.381087,-6.48730099999999,4.29999999999987)
);
#23740=DIRECTION('',(-1.,0.,0.));
#23750=VECTOR('',#23740,1.);
#23760=LINE('',#23730,#23750);
#23770=CARTESIAN_POINT('',(-6.581087,-6.48730099999999,4.29999999999987)
);
#23780=VERTEX_POINT('',#23770);
#23790=EDGE_CURVE('',#23700,#23780,#23760,.T.);
#23800=ORIENTED_EDGE('',*,*,#23790,.F.);
#23810=CARTESIAN_POINT('',(-6.581087,-6.48730099999999,4.54999999999988)
);
#23820=DIRECTION('',(0.,0.,-1.));
#23830=VECTOR('',#23820,1.);
#23840=LINE('',#23810,#23830);
#23850=EDGE_CURVE('',#23040,#23780,#23840,.T.);
#23860=ORIENTED_EDGE('',*,*,#23850,.T.);
#23870=ORIENTED_EDGE('',*,*,#23050,.F.);
#23880=ORIENTED_EDGE('',*,*,#22420,.T.);
#23890=CARTESIAN_POINT('',(-6.591087,-6.48730099999999,5.09999999999987)
);
#23900=DIRECTION('',(1.,0.,0.));
#23910=VECTOR('',#23900,1.);
#23920=LINE('',#23890,#23910);
#23930=CARTESIAN_POINT('',(-6.591087,-6.48730099999999,5.09999999999987)
);
#23940=VERTEX_POINT('',#23930);
#23950=EDGE_CURVE('',#23940,#22330,#23920,.T.);
#23960=ORIENTED_EDGE('',*,*,#23950,.T.);
#23970=CARTESIAN_POINT('',(-6.591087,-6.48730099999999,5.09999999999987)
);
#23980=DIRECTION('',(0.,0.,-1.));
#23990=VECTOR('',#23980,1.);
#24000=LINE('',#23970,#23990);
#24010=CARTESIAN_POINT('',(-6.591087,-6.48730099999999,3.09999999999987)
);
#24020=VERTEX_POINT('',#24010);
#24030=EDGE_CURVE('',#23940,#24020,#24000,.T.);
#24040=ORIENTED_EDGE('',*,*,#24030,.F.);
#24050=CARTESIAN_POINT('',(-6.591087,-6.48730099999999,3.09999999999987)
);
#24060=DIRECTION('',(1.,0.,0.));
#24070=VECTOR('',#24060,1.);
#24080=LINE('',#24050,#24070);
#24090=EDGE_CURVE('',#24020,#23280,#24080,.T.);
#24100=ORIENTED_EDGE('',*,*,#24090,.F.);
#24110=EDGE_LOOP('',(#24100,#24040,#23960,#23880,#23870,#23860,#23800,
#23720,#23640,#23560,#23480,#23400,#23320));
#24120=FACE_OUTER_BOUND('',#24110,.T.);
#24130=ADVANCED_FACE('',(#24120),#23220,.F.);
#24140=CARTESIAN_POINT('',(-7.131087,-6.18730099999999,3.09999999999987)
);
#24150=DIRECTION('',(-0.,-1.22460635382238E-16,1.));
#24160=DIRECTION('',(-1.,0.,-0.));
#24170=AXIS2_PLACEMENT_3D('',#24140,#24150,#24160);
#24180=PLANE('',#24170);
#24190=CARTESIAN_POINT('',(-7.131087,-6.18730099999999,3.09999999999987)
);
#24200=DIRECTION('',(0.,-1.,0.));
#24210=VECTOR('',#24200,1.);
#24220=LINE('',#24190,#24210);
#24230=CARTESIAN_POINT('',(-7.131087,-6.18730099999999,3.09999999999987)
);
#24240=VERTEX_POINT('',#24230);
#24250=EDGE_CURVE('',#24240,#2040,#24220,.T.);
#24260=ORIENTED_EDGE('',*,*,#24250,.F.);
#24270=ORIENTED_EDGE('',*,*,#2050,.F.);
#24280=CARTESIAN_POINT('',(-6.881087,-6.78730099999999,3.09999999999987)
);
#24290=DIRECTION('',(0.,-1.,0.));
#24300=VECTOR('',#24290,1.);
#24310=LINE('',#24280,#24300);
#24320=CARTESIAN_POINT('',(-6.881087,-6.78730099999999,3.09999999999987)
);
#24330=VERTEX_POINT('',#24320);
#24340=EDGE_CURVE('',#24330,#1960,#24310,.T.);
#24350=ORIENTED_EDGE('',*,*,#24340,.T.);
#24360=CARTESIAN_POINT('',(-6.781087,-6.78730099999999,3.09999999999987)
);
#24370=DIRECTION('',(-1.,0.,0.));
#24380=VECTOR('',#24370,1.);
#24390=LINE('',#24360,#24380);
#24400=CARTESIAN_POINT('',(-6.781087,-6.78730099999999,3.09999999999987)
);
#24410=VERTEX_POINT('',#24400);
#24420=EDGE_CURVE('',#24410,#24330,#24390,.T.);
#24430=ORIENTED_EDGE('',*,*,#24420,.T.);
#24440=CARTESIAN_POINT('',(-6.781087,-6.58730099999999,3.09999999999987)
);
#24450=DIRECTION('',(0.,1.83690953073357E-16,-1.));
#24460=DIRECTION('',(1.,0.,0.));
#24470=AXIS2_PLACEMENT_3D('',#24440,#24450,#24460);
#24480=CIRCLE('',#24470,0.2);
#24490=CARTESIAN_POINT('',(-6.581087,-6.58730099999999,3.09999999999987)
);
#24500=VERTEX_POINT('',#24490);
#24510=EDGE_CURVE('',#24500,#24410,#24480,.T.);
#24520=ORIENTED_EDGE('',*,*,#24510,.T.);
#24530=CARTESIAN_POINT('',(-6.581087,-6.48730099999999,3.09999999999987)
);
#24540=DIRECTION('',(0.,-1.,0.));
#24550=VECTOR('',#24540,1.);
#24560=LINE('',#24530,#24550);
#24570=EDGE_CURVE('',#23280,#24500,#24560,.T.);
#24580=ORIENTED_EDGE('',*,*,#24570,.T.);
#24590=ORIENTED_EDGE('',*,*,#24090,.T.);
#24600=CARTESIAN_POINT('',(-6.591087,-6.48730099999999,3.09999999999987)
);
#24610=DIRECTION('',(0.,1.,0.));
#24620=VECTOR('',#24610,1.);
#24630=LINE('',#24600,#24620);
#24640=CARTESIAN_POINT('',(-6.591087,-6.18730099999999,3.09999999999987)
);
#24650=VERTEX_POINT('',#24640);
#24660=EDGE_CURVE('',#24020,#24650,#24630,.T.);
#24670=ORIENTED_EDGE('',*,*,#24660,.F.);
#24680=CARTESIAN_POINT('',(-6.591087,-6.18730099999999,3.09999999999987)
);
#24690=DIRECTION('',(-1.,0.,0.));
#24700=VECTOR('',#24690,1.);
#24710=LINE('',#24680,#24700);
#24720=EDGE_CURVE('',#24650,#24240,#24710,.T.);
#24730=ORIENTED_EDGE('',*,*,#24720,.F.);
#24740=EDGE_LOOP('',(#24730,#24670,#24590,#24580,#24520,#24430,#24350,
#24270,#24260));
#24750=FACE_OUTER_BOUND('',#24740,.T.);
#24760=ADVANCED_FACE('',(#24750),#24180,.F.);
#24770=CARTESIAN_POINT('',(-7.131087,-6.18730099999999,3.09999999999987)
);
#24780=DIRECTION('',(-0.,-1.,-1.22460635382238E-16));
#24790=DIRECTION('',(0.,1.22460635382238E-16,-1.));
#24800=AXIS2_PLACEMENT_3D('',#24770,#24780,#24790);
#24810=PLANE('',#24800);
#24820=ORIENTED_EDGE('',*,*,#24720,.T.);
#24830=CARTESIAN_POINT('',(-6.591087,-6.18730099999999,5.09999999999987)
);
#24840=DIRECTION('',(0.,0.,-1.));
#24850=VECTOR('',#24840,1.);
#24860=LINE('',#24830,#24850);
#24870=CARTESIAN_POINT('',(-6.591087,-6.18730099999999,5.09999999999987)
);
#24880=VERTEX_POINT('',#24870);
#24890=EDGE_CURVE('',#24880,#24650,#24860,.T.);
#24900=ORIENTED_EDGE('',*,*,#24890,.T.);
#24910=CARTESIAN_POINT('',(-7.131087,-6.18730099999999,5.09999999999987)
);
#24920=DIRECTION('',(1.,0.,0.));
#24930=VECTOR('',#24920,1.);
#24940=LINE('',#24910,#24930);
#24950=CARTESIAN_POINT('',(-7.131087,-6.18730099999999,5.09999999999987)
);
#24960=VERTEX_POINT('',#24950);
#24970=EDGE_CURVE('',#24960,#24880,#24940,.T.);
#24980=ORIENTED_EDGE('',*,*,#24970,.T.);
#24990=CARTESIAN_POINT('',(-7.131087,-6.18730099999999,3.09999999999987)
);
#25000=DIRECTION('',(0.,0.,1.));
#25010=VECTOR('',#25000,1.);
#25020=LINE('',#24990,#25010);
#25030=EDGE_CURVE('',#24240,#24960,#25020,.T.);
#25040=ORIENTED_EDGE('',*,*,#25030,.T.);
#25050=EDGE_LOOP('',(#25040,#24980,#24900,#24820));
#25060=FACE_OUTER_BOUND('',#25050,.T.);
#25070=ADVANCED_FACE('',(#25060),#24810,.F.);
#25080=CARTESIAN_POINT('',(-7.131087,-6.15638288683163,3.34760511797298)
);
#25090=DIRECTION('',(1.,-0.,-0.));
#25100=DIRECTION('',(-0.,-1.,0.));
#25110=AXIS2_PLACEMENT_3D('',#25080,#25090,#25100);
#25120=PLANE('',#25110);
#25130=ORIENTED_EDGE('',*,*,#24250,.T.);
#25140=ORIENTED_EDGE('',*,*,#25030,.F.);
#25150=CARTESIAN_POINT('',(-7.131087,-6.18730099999999,5.09999999999987)
);
#25160=DIRECTION('',(0.,-1.,0.));
#25170=VECTOR('',#25160,1.);
#25180=LINE('',#25150,#25170);
#25190=EDGE_CURVE('',#24960,#2120,#25180,.T.);
#25200=ORIENTED_EDGE('',*,*,#25190,.F.);
#25210=ORIENTED_EDGE('',*,*,#2130,.F.);
#25220=EDGE_LOOP('',(#25210,#25200,#25140,#25130));
#25230=FACE_OUTER_BOUND('',#25220,.T.);
#25240=ADVANCED_FACE('',(#25230),#25120,.F.);
#25250=CARTESIAN_POINT('',(-6.381087,-6.98730099999999,5.09999999999987)
);
#25260=DIRECTION('',(-0.,-0.,-1.));
#25270=DIRECTION('',(0.,1.,0.));
#25280=AXIS2_PLACEMENT_3D('',#25250,#25260,#25270);
#25290=PLANE('',#25280);
#25300=ORIENTED_EDGE('',*,*,#25190,.T.);
#25310=ORIENTED_EDGE('',*,*,#24970,.F.);
#25320=CARTESIAN_POINT('',(-6.591087,-6.48730099999999,5.09999999999987)
);
#25330=DIRECTION('',(0.,1.,0.));
#25340=VECTOR('',#25330,1.);
#25350=LINE('',#25320,#25340);
#25360=EDGE_CURVE('',#23940,#24880,#25350,.T.);
#25370=ORIENTED_EDGE('',*,*,#25360,.T.);
#25380=ORIENTED_EDGE('',*,*,#23950,.F.);
#25390=ORIENTED_EDGE('',*,*,#22340,.T.);
#25400=ORIENTED_EDGE('',*,*,#2210,.F.);
#25410=EDGE_LOOP('',(#25400,#25390,#25380,#25370,#25310,#25300));
#25420=FACE_OUTER_BOUND('',#25410,.T.);
#25430=ADVANCED_FACE('',(#25420),#25290,.F.);
#25440=CARTESIAN_POINT('',(-6.591087,-6.48730099999999,6.28000239999987)
);
#25450=DIRECTION('',(1.,-0.,-0.));
#25460=DIRECTION('',(-0.,1.,0.));
#25470=AXIS2_PLACEMENT_3D('',#25440,#25450,#25460);
#25480=PLANE('',#25470);
#25490=ORIENTED_EDGE('',*,*,#24030,.T.);
#25500=ORIENTED_EDGE('',*,*,#25360,.F.);
#25510=ORIENTED_EDGE('',*,*,#24890,.F.);
#25520=ORIENTED_EDGE('',*,*,#24660,.T.);
#25530=EDGE_LOOP('',(#25520,#25510,#25500,#25490));
#25540=FACE_OUTER_BOUND('',#25530,.T.);
#25550=ADVANCED_FACE('',(#25540),#25480,.T.);
#25560=CARTESIAN_POINT('',(-6.881087,-6.78730099999999,2.29999999999987)
);
#25570=DIRECTION('',(1.,-6.12303176911189E-17,3.74915180455534E-33));
#25580=DIRECTION('',(6.12303176911189E-17,1.,1.83690953073357E-16));
#25590=AXIS2_PLACEMENT_3D('',#25560,#25570,#25580);
#25600=PLANE('',#25590);
#25610=CARTESIAN_POINT('',(-6.881087,-6.78730099999999,2.29999999999987)
);
#25620=DIRECTION('',(0.,-1.,0.));
#25630=VECTOR('',#25620,1.);
#25640=LINE('',#25610,#25630);
#25650=CARTESIAN_POINT('',(-6.881087,-6.78730099999999,2.29999999999987)
);
#25660=VERTEX_POINT('',#25650);
#25670=EDGE_CURVE('',#25660,#1880,#25640,.T.);
#25680=ORIENTED_EDGE('',*,*,#25670,.T.);
#25690=CARTESIAN_POINT('',(-6.881087,-6.78730099999999,3.09999999999987)
);
#25700=DIRECTION('',(0.,0.,-1.));
#25710=VECTOR('',#25700,1.);
#25720=LINE('',#25690,#25710);
#25730=EDGE_CURVE('',#24330,#25660,#25720,.T.);
#25740=ORIENTED_EDGE('',*,*,#25730,.T.);
#25750=ORIENTED_EDGE('',*,*,#24340,.F.);
#25760=ORIENTED_EDGE('',*,*,#1970,.F.);
#25770=EDGE_LOOP('',(#25760,#25750,#25740,#25680));
#25780=FACE_OUTER_BOUND('',#25770,.T.);
#25790=ADVANCED_FACE('',(#25780),#25600,.F.);
#25800=CARTESIAN_POINT('',(-6.49657665498549,-6.51295400696028,
2.29999999999987));
#25810=DIRECTION('',(-1.1247455413666E-32,-1.83690953073357E-16,1.));
#25820=DIRECTION('',(-6.12303176911189E-17,-1.,-1.83690953073357E-16));
#25830=AXIS2_PLACEMENT_3D('',#25800,#25810,#25820);
#25840=PLANE('',#25830);
#25850=CARTESIAN_POINT('',(-6.781087,-3.98730099999999,2.29999999999987)
);
#25860=DIRECTION('',(1.64033703553522E-30,1.45691195599726E-44,-1.));
#25870=DIRECTION('',(-8.88178419700125E-15,1.,0.));
#25880=AXIS2_PLACEMENT_3D('',#25850,#25860,#25870);
#25890=CIRCLE('',#25880,0.4);
#25900=CARTESIAN_POINT('',(-6.381087,-3.98730099999999,2.29999999999987)
);
#25910=VERTEX_POINT('',#25900);
#25920=EDGE_CURVE('',#10910,#25910,#25890,.T.);
#25930=ORIENTED_EDGE('',*,*,#25920,.T.);
#25940=ORIENTED_EDGE('',*,*,#10920,.F.);
#25950=CARTESIAN_POINT('',(-6.881087,-3.58730099999999,2.29999999999987)
);
#25960=DIRECTION('',(0.,-1.,0.));
#25970=VECTOR('',#25960,1.);
#25980=LINE('',#25950,#25970);
#25990=CARTESIAN_POINT('',(-6.881087,-3.78730099999999,2.29999999999987)
);
#26000=VERTEX_POINT('',#25990);
#26010=EDGE_CURVE('',#10830,#26000,#25980,.T.);
#26020=ORIENTED_EDGE('',*,*,#26010,.F.);
#26030=CARTESIAN_POINT('',(-6.881087,-3.78730099999999,2.29999999999987)
);
#26040=DIRECTION('',(1.,0.,0.));
#26050=VECTOR('',#26040,1.);
#26060=LINE('',#26030,#26050);
#26070=CARTESIAN_POINT('',(-6.781087,-3.78730099999999,2.29999999999987)
);
#26080=VERTEX_POINT('',#26070);
#26090=EDGE_CURVE('',#26000,#26080,#26060,.T.);
#26100=ORIENTED_EDGE('',*,*,#26090,.F.);
#26110=CARTESIAN_POINT('',(-6.781087,-3.98730099999999,2.29999999999987)
);
#26120=DIRECTION('',(-8.1575170206952E-31,-1.83690953073357E-16,1.));
#26130=DIRECTION('',(1.,-4.44089209850062E-15,0.));
#26140=AXIS2_PLACEMENT_3D('',#26110,#26120,#26130);
#26150=CIRCLE('',#26140,0.2);
#26160=CARTESIAN_POINT('',(-6.581087,-3.98730099999999,2.29999999999987)
);
#26170=VERTEX_POINT('',#26160);
#26180=EDGE_CURVE('',#26170,#26080,#26150,.T.);
#26190=ORIENTED_EDGE('',*,*,#26180,.T.);
#26200=CARTESIAN_POINT('',(-6.581087,-3.98730099999999,2.29999999999987)
);
#26210=DIRECTION('',(0.,-1.,-3.41607084500048E-16));
#26220=VECTOR('',#26210,1.);
#26230=LINE('',#26200,#26220);
#26240=CARTESIAN_POINT('',(-6.581087,-6.58730099999999,2.29999999999987)
);
#26250=VERTEX_POINT('',#26240);
#26260=EDGE_CURVE('',#26170,#26250,#26230,.T.);
#26270=ORIENTED_EDGE('',*,*,#26260,.F.);
#26280=CARTESIAN_POINT('',(-6.781087,-6.58730099999999,2.29999999999987)
);
#26290=DIRECTION('',(-4.9033438438133E-30,-1.30651325593333E-43,1.));
#26300=DIRECTION('',(2.66453525910037E-14,-1.,0.));
#26310=AXIS2_PLACEMENT_3D('',#26280,#26290,#26300);
#26320=CIRCLE('',#26310,0.2);
#26330=CARTESIAN_POINT('',(-6.781087,-6.78730099999999,2.29999999999987)
);
#26340=VERTEX_POINT('',#26330);
#26350=EDGE_CURVE('',#26340,#26250,#26320,.T.);
#26360=ORIENTED_EDGE('',*,*,#26350,.T.);
#26370=CARTESIAN_POINT('',(-6.781087,-6.78730099999999,2.29999999999987)
);
#26380=DIRECTION('',(-1.,0.,0.));
#26390=VECTOR('',#26380,1.);
#26400=LINE('',#26370,#26390);
#26410=EDGE_CURVE('',#26340,#25660,#26400,.T.);
#26420=ORIENTED_EDGE('',*,*,#26410,.F.);
#26430=ORIENTED_EDGE('',*,*,#25670,.F.);
#26440=ORIENTED_EDGE('',*,*,#1890,.F.);
#26450=CARTESIAN_POINT('',(-6.781087,-6.58730099999999,2.29999999999987)
);
#26460=DIRECTION('',(4.0787585103476E-31,1.83690953073357E-16,-1.));
#26470=DIRECTION('',(1.,-2.22044604925031E-15,0.));
#26480=AXIS2_PLACEMENT_3D('',#26450,#26460,#26470);
#26490=CIRCLE('',#26480,0.4);
#26500=CARTESIAN_POINT('',(-6.381087,-6.58730099999999,2.29999999999987)
);
#26510=VERTEX_POINT('',#26500);
#26520=EDGE_CURVE('',#26510,#1800,#26490,.T.);
#26530=ORIENTED_EDGE('',*,*,#26520,.T.);
#26540=CARTESIAN_POINT('',(-6.381087,-6.58730099999999,2.29999999999987)
);
#26550=DIRECTION('',(0.,1.,0.));
#26560=VECTOR('',#26550,1.);
#26570=LINE('',#26540,#26560);
#26580=EDGE_CURVE('',#26510,#25910,#26570,.T.);
#26590=ORIENTED_EDGE('',*,*,#26580,.F.);
#26600=EDGE_LOOP('',(#26590,#26530,#26440,#26430,#26420,#26360,#26270,
#26190,#26100,#26020,#25940,#25930));
#26610=FACE_OUTER_BOUND('',#26600,.T.);
#26620=ADVANCED_FACE('',(#26610),#25840,.F.);
#26630=CARTESIAN_POINT('',(-6.381087,-4.18523468267788,1.2700388663573))
;
#26640=DIRECTION('',(1.,-0.,-0.));
#26650=DIRECTION('',(-0.,-1.,-1.22460635382238E-16));
#26660=AXIS2_PLACEMENT_3D('',#26630,#26640,#26650);
#26670=PLANE('',#26660);
#26680=CARTESIAN_POINT('',(-6.381087,-5.56230099999999,0.));
#26690=DIRECTION('',(0.,1.22460635382238E-16,1.));
#26700=VECTOR('',#26690,1.);
#26710=LINE('',#26680,#26700);
#26720=CARTESIAN_POINT('',(-6.381087,-5.56230099999999,0.999999999999914
));
#26730=VERTEX_POINT('',#26720);
#26740=CARTESIAN_POINT('',(-6.381087,-5.56230099999999,1.99999999999991)
);
#26750=VERTEX_POINT('',#26740);
#26760=EDGE_CURVE('',#26730,#26750,#26710,.T.);
#26770=ORIENTED_EDGE('',*,*,#26760,.F.);
#26780=CARTESIAN_POINT('',(-6.381087,0.,1.99999999999991));
#26790=DIRECTION('',(0.,1.,-1.22460635382238E-16));
#26800=VECTOR('',#26790,1.);
#26810=LINE('',#26780,#26800);
#26820=CARTESIAN_POINT('',(-6.381087,-4.76230099999999,1.99999999999991)
);
#26830=VERTEX_POINT('',#26820);
#26840=EDGE_CURVE('',#26750,#26830,#26810,.T.);
#26850=ORIENTED_EDGE('',*,*,#26840,.F.);
#26860=CARTESIAN_POINT('',(-6.381087,-4.76230099999999,0.));
#26870=DIRECTION('',(0.,-1.22460635382238E-16,-1.));
#26880=VECTOR('',#26870,1.);
#26890=LINE('',#26860,#26880);
#26900=CARTESIAN_POINT('',(-6.381087,-4.76230099999999,0.999999999999914
));
#26910=VERTEX_POINT('',#26900);
#26920=EDGE_CURVE('',#26830,#26910,#26890,.T.);
#26930=ORIENTED_EDGE('',*,*,#26920,.F.);
#26940=CARTESIAN_POINT('',(-6.381087,-3.58730099999999,0.999999999999871
));
#26950=DIRECTION('',(0.,-1.,0.));
#26960=VECTOR('',#26950,1.);
#26970=LINE('',#26940,#26960);
#26980=EDGE_CURVE('',#11150,#26910,#26970,.T.);
#26990=ORIENTED_EDGE('',*,*,#26980,.T.);
#27000=ORIENTED_EDGE('',*,*,#11160,.F.);
#27010=CARTESIAN_POINT('',(-6.381087,-3.58730099999999,3.09999999999987)
);
#27020=DIRECTION('',(0.,-1.,1.11022302462516E-15));
#27030=VECTOR('',#27020,1.);
#27040=LINE('',#27010,#27030);
#27050=CARTESIAN_POINT('',(-6.381087,-3.98730099999999,3.09999999999987)
);
#27060=VERTEX_POINT('',#27050);
#27070=EDGE_CURVE('',#11070,#27060,#27040,.T.);
#27080=ORIENTED_EDGE('',*,*,#27070,.F.);
#27090=CARTESIAN_POINT('',(-6.381087,-3.98730099999999,3.09999999999987)
);
#27100=DIRECTION('',(0.,0.,-1.));
#27110=VECTOR('',#27100,1.);
#27120=LINE('',#27090,#27110);
#27130=EDGE_CURVE('',#27060,#25910,#27120,.T.);
#27140=ORIENTED_EDGE('',*,*,#27130,.F.);
#27150=ORIENTED_EDGE('',*,*,#26580,.T.);
#27160=CARTESIAN_POINT('',(-6.381087,-6.58730099999999,2.29999999999987)
);
#27170=DIRECTION('',(0.,0.,1.));
#27180=VECTOR('',#27170,1.);
#27190=LINE('',#27160,#27180);
#27200=CARTESIAN_POINT('',(-6.381087,-6.58730099999999,3.09999999999987)
);
#27210=VERTEX_POINT('',#27200);
#27220=EDGE_CURVE('',#26510,#27210,#27190,.T.);
#27230=ORIENTED_EDGE('',*,*,#27220,.F.);
#27240=CARTESIAN_POINT('',(-6.381087,-6.58730099999999,3.09999999999987)
);
#27250=DIRECTION('',(0.,-1.,0.));
#27260=VECTOR('',#27250,1.);
#27270=LINE('',#27240,#27260);
#27280=EDGE_CURVE('',#27210,#1640,#27270,.T.);
#27290=ORIENTED_EDGE('',*,*,#27280,.F.);
#27300=ORIENTED_EDGE('',*,*,#1650,.F.);
#27310=EDGE_CURVE('',#26730,#1560,#26970,.T.);
#27320=ORIENTED_EDGE('',*,*,#27310,.T.);
#27330=EDGE_LOOP('',(#27320,#27300,#27290,#27230,#27150,#27140,#27080,
#27000,#26990,#26930,#26850,#26770));
#27340=FACE_OUTER_BOUND('',#27330,.T.);
#27350=ADVANCED_FACE('',(#27340),#26670,.F.);
#27360=CARTESIAN_POINT('',(-0.0310869999999919,-8.48730099999999,
6.21000239999987));
#27370=DIRECTION('',(0.970142500145332,0.242535625036334,-0.));
#27380=DIRECTION('',(-0.242535625036334,0.970142500145332,0.));
#27390=AXIS2_PLACEMENT_3D('',#27360,#27370,#27380);
#27400=PLANE('',#27390);
#27410=CARTESIAN_POINT('',(-0.0310869999999919,-8.48730099999999,
5.72499999999987));
#27420=DIRECTION('',(0.,0.,-1.));
#27430=VECTOR('',#27420,1.);
#27440=LINE('',#27410,#27430);
#27450=CARTESIAN_POINT('',(-0.0310869999999912,-8.48730099999999,
5.52499999999987));
#27460=VERTEX_POINT('',#27450);
#27470=EDGE_CURVE('',#8660,#27460,#27440,.T.);
#27480=ORIENTED_EDGE('',*,*,#27470,.F.);
#27490=CARTESIAN_POINT('',(-0.0310869999999906,-8.48730099999999,
5.52499999999987));
#27500=DIRECTION('',(-0.235702260395517,0.942809041582063,
-0.235702260395517));
#27510=VECTOR('',#27500,1.);
#27520=LINE('',#27490,#27510);
#27530=EDGE_CURVE('',#27460,#9070,#27520,.T.);
#27540=ORIENTED_EDGE('',*,*,#27530,.F.);
#27550=CARTESIAN_POINT('',(-0.106086999999992,-8.18730099999999,
5.79999999999987));
#27560=DIRECTION('',(0.,0.,-1.));
#27570=VECTOR('',#27560,1.);
#27580=LINE('',#27550,#27570);
#27590=EDGE_CURVE('',#7510,#9070,#27580,.T.);
#27600=ORIENTED_EDGE('',*,*,#27590,.T.);
#27610=ORIENTED_EDGE('',*,*,#8750,.F.);
#27620=EDGE_LOOP('',(#27610,#27600,#27540,#27480));
#27630=FACE_OUTER_BOUND('',#27620,.T.);
#27640=ADVANCED_FACE('',(#27630),#27400,.F.);
#27650=CARTESIAN_POINT('',(0.243913000000008,-8.18730099999999,
6.21000239999987));
#27660=DIRECTION('',(-0.970142500145332,0.242535625036334,-0.));
#27670=DIRECTION('',(-0.242535625036334,-0.970142500145332,0.));
#27680=AXIS2_PLACEMENT_3D('',#27650,#27660,#27670);
#27690=PLANE('',#27680);
#27700=CARTESIAN_POINT('',(0.168913000000008,-8.48730099999999,
5.52499999999987));
#27710=DIRECTION('',(0.,0.,1.));
#27720=VECTOR('',#27710,1.);
#27730=LINE('',#27700,#27720);
#27740=CARTESIAN_POINT('',(0.168913000000008,-8.48730099999999,
5.52499999999987));
#27750=VERTEX_POINT('',#27740);
#27760=EDGE_CURVE('',#27750,#8680,#27730,.T.);
#27770=ORIENTED_EDGE('',*,*,#27760,.F.);
#27780=ORIENTED_EDGE('',*,*,#8820,.F.);
#27790=CARTESIAN_POINT('',(0.243913000000008,-8.18730099999999,
5.79999999999987));
#27800=DIRECTION('',(0.,0.,-1.));
#27810=VECTOR('',#27800,1.);
#27820=LINE('',#27790,#27810);
#27830=EDGE_CURVE('',#7410,#9150,#27820,.T.);
#27840=ORIENTED_EDGE('',*,*,#27830,.F.);
#27850=CARTESIAN_POINT('',(0.24391300000001,-8.18730099999999,
5.44999999999987));
#27860=DIRECTION('',(-0.235702260395517,-0.942809041582063,
0.235702260395517));
#27870=VECTOR('',#27860,1.);
#27880=LINE('',#27850,#27870);
#27890=EDGE_CURVE('',#9150,#27750,#27880,.T.);
#27900=ORIENTED_EDGE('',*,*,#27890,.F.);
#27910=EDGE_LOOP('',(#27900,#27840,#27780,#27770));
#27920=FACE_OUTER_BOUND('',#27910,.T.);
#27930=ADVANCED_FACE('',(#27920),#27690,.F.);
#27940=CARTESIAN_POINT('',(0.243913000000008,-8.48730099999999,
5.52499999999987));
#27950=DIRECTION('',(-0.,-0.242535625036333,-0.970142500145332));
#27960=DIRECTION('',(0.,0.970142500145332,-0.242535625036333));
#27970=AXIS2_PLACEMENT_3D('',#27940,#27950,#27960);
#27980=PLANE('',#27970);
#27990=CARTESIAN_POINT('',(-0.0310869999999919,-8.48730099999999,
5.52499999999987));
#28000=DIRECTION('',(1.,0.,0.));
#28010=VECTOR('',#28000,1.);
#28020=LINE('',#27990,#28010);
#28030=EDGE_CURVE('',#27460,#27750,#28020,.T.);
#28040=ORIENTED_EDGE('',*,*,#28030,.F.);
#28050=ORIENTED_EDGE('',*,*,#27890,.T.);
#28060=ORIENTED_EDGE('',*,*,#9160,.T.);
#28070=ORIENTED_EDGE('',*,*,#27530,.T.);
#28080=EDGE_LOOP('',(#28070,#28060,#28050,#28040));
#28090=FACE_OUTER_BOUND('',#28080,.T.);
#28100=ADVANCED_FACE('',(#28090),#27980,.T.);
#28110=CARTESIAN_POINT('',(-5.406087,-6.98730099999999,2.59999999999987)
);
#28120=DIRECTION('',(1.,-0.,-0.));
#28130=DIRECTION('',(-0.,1.22460635382238E-16,-1.));
#28140=AXIS2_PLACEMENT_3D('',#28110,#28120,#28130);
#28150=PLANE('',#28140);
#28160=CARTESIAN_POINT('',(-5.406087,-6.33730099999999,2.79999999999987)
);
#28170=DIRECTION('',(0.,0.,-1.));
#28180=VECTOR('',#28170,1.);
#28190=LINE('',#28160,#28180);
#28200=CARTESIAN_POINT('',(-5.406087,-6.33730099999999,2.79999999999987)
);
#28210=VERTEX_POINT('',#28200);
#28220=CARTESIAN_POINT('',(-5.406087,-6.33730099999999,0.999999999999873
));
#28230=VERTEX_POINT('',#28220);
#28240=EDGE_CURVE('',#28210,#28230,#28190,.T.);
#28250=ORIENTED_EDGE('',*,*,#28240,.F.);
#28260=CARTESIAN_POINT('',(-5.406087,-6.33730099999999,0.999999999999873
));
#28270=DIRECTION('',(0.,-1.,0.));
#28280=VECTOR('',#28270,1.);
#28290=LINE('',#28260,#28280);
#28300=EDGE_CURVE('',#28230,#1480,#28290,.T.);
#28310=ORIENTED_EDGE('',*,*,#28300,.F.);
#28320=ORIENTED_EDGE('',*,*,#1490,.T.);
#28330=CARTESIAN_POINT('',(-5.406087,-6.33730099999999,2.79999999999987)
);
#28340=DIRECTION('',(0.,-1.,0.));
#28350=VECTOR('',#28340,1.);
#28360=LINE('',#28330,#28350);
#28370=EDGE_CURVE('',#28210,#1400,#28360,.T.);
#28380=ORIENTED_EDGE('',*,*,#28370,.T.);
#28390=EDGE_LOOP('',(#28380,#28320,#28310,#28250));
#28400=FACE_OUTER_BOUND('',#28390,.T.);
#28410=ADVANCED_FACE('',(#28400),#28150,.T.);
#28420=CARTESIAN_POINT('',(-5.6810894,-6.33730099999999,2.79999999999987
));
#28430=DIRECTION('',(-0.,-0.,-1.));
#28440=DIRECTION('',(0.,-1.,0.));
#28450=AXIS2_PLACEMENT_3D('',#28420,#28430,#28440);
#28460=PLANE('',#28450);
#28470=ORIENTED_EDGE('',*,*,#1410,.T.);
#28480=CARTESIAN_POINT('',(-4.606087,-6.98730099999999,2.79999999999987)
);
#28490=DIRECTION('',(0.,1.,0.));
#28500=VECTOR('',#28490,1.);
#28510=LINE('',#28480,#28500);
#28520=CARTESIAN_POINT('',(-4.606087,-6.33730099999999,2.79999999999987)
);
#28530=VERTEX_POINT('',#28520);
#28540=EDGE_CURVE('',#1320,#28530,#28510,.T.);
#28550=ORIENTED_EDGE('',*,*,#28540,.F.);
#28560=CARTESIAN_POINT('',(-5.406087,-6.33730099999999,2.79999999999987)
);
#28570=DIRECTION('',(1.,0.,0.));
#28580=VECTOR('',#28570,1.);
#28590=LINE('',#28560,#28580);
#28600=EDGE_CURVE('',#28210,#28530,#28590,.T.);
#28610=ORIENTED_EDGE('',*,*,#28600,.T.);
#28620=ORIENTED_EDGE('',*,*,#28370,.F.);
#28630=EDGE_LOOP('',(#28620,#28610,#28550,#28470));
#28640=FACE_OUTER_BOUND('',#28630,.T.);
#28650=ADVANCED_FACE('',(#28640),#28460,.T.);
#28660=CARTESIAN_POINT('',(-4.606087,-6.33730099999999,2.79999999999987)
);
#28670=DIRECTION('',(1.,-0.,-0.));
#28680=DIRECTION('',(-0.,1.,0.));
#28690=AXIS2_PLACEMENT_3D('',#28660,#28670,#28680);
#28700=PLANE('',#28690);
#28710=ORIENTED_EDGE('',*,*,#28540,.T.);
#28720=ORIENTED_EDGE('',*,*,#1330,.T.);
#28730=CARTESIAN_POINT('',(-4.606087,-6.33730099999999,3.99999999999987)
);
#28740=DIRECTION('',(0.,-1.,0.));
#28750=VECTOR('',#28740,1.);
#28760=LINE('',#28730,#28750);
#28770=CARTESIAN_POINT('',(-4.606087,-6.33730099999999,3.99999999999987)
);
#28780=VERTEX_POINT('',#28770);
#28790=EDGE_CURVE('',#28780,#1240,#28760,.T.);
#28800=ORIENTED_EDGE('',*,*,#28790,.T.);
#28810=CARTESIAN_POINT('',(-4.606087,-6.33730099999999,3.99999999999987)
);
#28820=DIRECTION('',(0.,0.,-1.));
#28830=VECTOR('',#28820,1.);
#28840=LINE('',#28810,#28830);
#28850=EDGE_CURVE('',#28780,#28530,#28840,.T.);
#28860=ORIENTED_EDGE('',*,*,#28850,.F.);
#28870=EDGE_LOOP('',(#28860,#28800,#28720,#28710));
#28880=FACE_OUTER_BOUND('',#28870,.T.);
#28890=ADVANCED_FACE('',(#28880),#28700,.T.);
#28900=CARTESIAN_POINT('',(-5.881087,-6.33730099999999,0.999999999999871
));
#28910=DIRECTION('',(-0.,-1.,-0.));
#28920=DIRECTION('',(0.,0.,-1.));
#28930=AXIS2_PLACEMENT_3D('',#28900,#28910,#28920);
#28940=PLANE('',#28930);
#28950=ORIENTED_EDGE('',*,*,#28240,.T.);
#28960=ORIENTED_EDGE('',*,*,#28600,.F.);
#28970=ORIENTED_EDGE('',*,*,#28850,.T.);
#28980=CARTESIAN_POINT('',(-4.606087,-6.33730099999999,3.99999999999987)
);
#28990=DIRECTION('',(-1.,0.,0.));
#29000=VECTOR('',#28990,1.);
#29010=LINE('',#28980,#29000);
#29020=CARTESIAN_POINT('',(-5.881087,-6.33730099999999,3.99999999999987)
);
#29030=VERTEX_POINT('',#29020);
#29040=EDGE_CURVE('',#28780,#29030,#29010,.T.);
#29050=ORIENTED_EDGE('',*,*,#29040,.F.);
#29060=CARTESIAN_POINT('',(-5.881087,-6.33730099999999,0.999999999999871
));
#29070=DIRECTION('',(0.,0.,1.));
#29080=VECTOR('',#29070,1.);
#29090=LINE('',#29060,#29080);
#29100=CARTESIAN_POINT('',(-5.881087,-6.33730099999999,0.999999999999871
));
#29110=VERTEX_POINT('',#29100);
#29120=EDGE_CURVE('',#29110,#29030,#29090,.T.);
#29130=ORIENTED_EDGE('',*,*,#29120,.T.);
#29140=CARTESIAN_POINT('',(-5.406087,-6.33730099999999,0.999999999999871
));
#29150=DIRECTION('',(-1.,0.,0.));
#29160=VECTOR('',#29150,1.);
#29170=LINE('',#29140,#29160);
#29180=EDGE_CURVE('',#28230,#29110,#29170,.T.);
#29190=ORIENTED_EDGE('',*,*,#29180,.T.);
#29200=EDGE_LOOP('',(#29190,#29130,#29050,#28970,#28960,#28950));
#29210=FACE_OUTER_BOUND('',#29200,.T.);
#29220=ADVANCED_FACE('',(#29210),#28940,.F.);
#29230=CARTESIAN_POINT('',(-4.23348238371848,-6.61600285473122,
3.99999999999987));
#29240=DIRECTION('',(-0.,-0.,1.));
#29250=DIRECTION('',(0.,-1.,-0.));
#29260=AXIS2_PLACEMENT_3D('',#29230,#29240,#29250);
#29270=PLANE('',#29260);
#29280=CARTESIAN_POINT('',(-5.881087,-3.98730099999999,3.99999999999987)
);
#29290=DIRECTION('',(0.,-1.,0.));
#29300=VECTOR('',#29290,1.);
#29310=LINE('',#29280,#29300);
#29320=CARTESIAN_POINT('',(-5.881087,-3.98730099999999,3.99999999999987)
);
#29330=VERTEX_POINT('',#29320);
#29340=EDGE_CURVE('',#29330,#29030,#29310,.T.);
#29350=ORIENTED_EDGE('',*,*,#29340,.F.);
#29360=ORIENTED_EDGE('',*,*,#29040,.T.);
#29370=ORIENTED_EDGE('',*,*,#28790,.F.);
#29380=ORIENTED_EDGE('',*,*,#1250,.F.);
#29390=CARTESIAN_POINT('',(2.24391300000001,-6.33730099999999,
3.99999999999987));
#29400=DIRECTION('',(0.,-1.,0.));
#29410=VECTOR('',#29400,1.);
#29420=LINE('',#29390,#29410);
#29430=EDGE_CURVE('',#5930,#1160,#29420,.T.);
#29440=ORIENTED_EDGE('',*,*,#29430,.T.);
#29450=ORIENTED_EDGE('',*,*,#5940,.F.);
#29460=ORIENTED_EDGE('',*,*,#8160,.T.);
#29470=CARTESIAN_POINT('',(-5.881087,-3.98730099999999,3.99999999999987)
);
#29480=DIRECTION('',(1.,0.,0.));
#29490=VECTOR('',#29480,1.);
#29500=LINE('',#29470,#29490);
#29510=EDGE_CURVE('',#29330,#8090,#29500,.T.);
#29520=ORIENTED_EDGE('',*,*,#29510,.T.);
#29530=EDGE_LOOP('',(#29520,#29460,#29450,#29440,#29380,#29370,#29360,
#29350));
#29540=FACE_OUTER_BOUND('',#29530,.T.);
#29550=CARTESIAN_POINT('',(-1.00608699999999,-4.97230099999999,
3.99999999999987));
#29560=DIRECTION('',(0.,1.,0.));
#29570=VECTOR('',#29560,1.);
#29580=LINE('',#29550,#29570);
#29590=CARTESIAN_POINT('',(-1.00608699999999,-4.97230099999999,
3.99999999999987));
#29600=VERTEX_POINT('',#29590);
#29610=CARTESIAN_POINT('',(-1.00608699999999,-4.62230099999999,
3.99999999999987));
#29620=VERTEX_POINT('',#29610);
#29630=EDGE_CURVE('',#29600,#29620,#29580,.T.);
#29640=ORIENTED_EDGE('',*,*,#29630,.T.);
#29650=CARTESIAN_POINT('',(-1.00608699999999,-4.97230099999999,
3.99999999999987));
#29660=DIRECTION('',(-1.,0.,0.));
#29670=VECTOR('',#29660,1.);
#29680=LINE('',#29650,#29670);
#29690=CARTESIAN_POINT('',(-1.356087,-4.97230099999999,3.99999999999987)
);
#29700=VERTEX_POINT('',#29690);
#29710=EDGE_CURVE('',#29600,#29700,#29680,.T.);
#29720=ORIENTED_EDGE('',*,*,#29710,.F.);
#29730=CARTESIAN_POINT('',(-1.356087,-4.97230099999999,3.99999999999987)
);
#29740=DIRECTION('',(0.,1.,0.));
#29750=VECTOR('',#29740,1.);
#29760=LINE('',#29730,#29750);
#29770=CARTESIAN_POINT('',(-1.356087,-4.62230099999999,3.99999999999987)
);
#29780=VERTEX_POINT('',#29770);
#29790=EDGE_CURVE('',#29700,#29780,#29760,.T.);
#29800=ORIENTED_EDGE('',*,*,#29790,.F.);
#29810=CARTESIAN_POINT('',(-1.356087,-4.62230099999999,3.99999999999987)
);
#29820=DIRECTION('',(1.,0.,0.));
#29830=VECTOR('',#29820,1.);
#29840=LINE('',#29810,#29830);
#29850=EDGE_CURVE('',#29780,#29620,#29840,.T.);
#29860=ORIENTED_EDGE('',*,*,#29850,.F.);
#29870=EDGE_LOOP('',(#29860,#29800,#29720,#29640));
#29880=FACE_BOUND('',#29870,.T.);
#29890=CARTESIAN_POINT('',(-3.506087,-4.97230099999999,3.99999999999987)
);
#29900=DIRECTION('',(0.,1.,0.));
#29910=VECTOR('',#29900,1.);
#29920=LINE('',#29890,#29910);
#29930=CARTESIAN_POINT('',(-3.506087,-4.97230099999999,3.99999999999987)
);
#29940=VERTEX_POINT('',#29930);
#29950=CARTESIAN_POINT('',(-3.506087,-4.62230099999999,3.99999999999987)
);
#29960=VERTEX_POINT('',#29950);
#29970=EDGE_CURVE('',#29940,#29960,#29920,.T.);
#29980=ORIENTED_EDGE('',*,*,#29970,.T.);
#29990=CARTESIAN_POINT('',(-3.506087,-4.97230099999999,3.99999999999987)
);
#30000=DIRECTION('',(-1.,0.,0.));
#30010=VECTOR('',#30000,1.);
#30020=LINE('',#29990,#30010);
#30030=CARTESIAN_POINT('',(-3.856087,-4.97230099999999,3.99999999999987)
);
#30040=VERTEX_POINT('',#30030);
#30050=EDGE_CURVE('',#29940,#30040,#30020,.T.);
#30060=ORIENTED_EDGE('',*,*,#30050,.F.);
#30070=CARTESIAN_POINT('',(-3.856087,-4.97230099999999,3.99999999999987)
);
#30080=DIRECTION('',(0.,1.,0.));
#30090=VECTOR('',#30080,1.);
#30100=LINE('',#30070,#30090);
#30110=CARTESIAN_POINT('',(-3.856087,-4.62230099999999,3.99999999999987)
);
#30120=VERTEX_POINT('',#30110);
#30130=EDGE_CURVE('',#30040,#30120,#30100,.T.);
#30140=ORIENTED_EDGE('',*,*,#30130,.F.);
#30150=CARTESIAN_POINT('',(-3.856087,-4.62230099999999,3.99999999999987)
);
#30160=DIRECTION('',(1.,0.,0.));
#30170=VECTOR('',#30160,1.);
#30180=LINE('',#30150,#30170);
#30190=EDGE_CURVE('',#30120,#29960,#30180,.T.);
#30200=ORIENTED_EDGE('',*,*,#30190,.F.);
#30210=EDGE_LOOP('',(#30200,#30140,#30060,#29980));
#30220=FACE_BOUND('',#30210,.T.);
#30230=CARTESIAN_POINT('',(-4.756087,-4.97230099999999,3.99999999999987)
);
#30240=DIRECTION('',(0.,1.,0.));
#30250=VECTOR('',#30240,1.);
#30260=LINE('',#30230,#30250);
#30270=CARTESIAN_POINT('',(-4.756087,-4.97230099999999,3.99999999999987)
);
#30280=VERTEX_POINT('',#30270);
#30290=CARTESIAN_POINT('',(-4.756087,-4.62230099999999,3.99999999999987)
);
#30300=VERTEX_POINT('',#30290);
#30310=EDGE_CURVE('',#30280,#30300,#30260,.T.);
#30320=ORIENTED_EDGE('',*,*,#30310,.T.);
#30330=CARTESIAN_POINT('',(-4.756087,-4.97230099999999,3.99999999999987)
);
#30340=DIRECTION('',(-1.,0.,0.));
#30350=VECTOR('',#30340,1.);
#30360=LINE('',#30330,#30350);
#30370=CARTESIAN_POINT('',(-5.106087,-4.97230099999999,3.99999999999987)
);
#30380=VERTEX_POINT('',#30370);
#30390=EDGE_CURVE('',#30280,#30380,#30360,.T.);
#30400=ORIENTED_EDGE('',*,*,#30390,.F.);
#30410=CARTESIAN_POINT('',(-5.106087,-4.97230099999999,3.99999999999987)
);
#30420=DIRECTION('',(0.,1.,0.));
#30430=VECTOR('',#30420,1.);
#30440=LINE('',#30410,#30430);
#30450=CARTESIAN_POINT('',(-5.106087,-4.62230099999999,3.99999999999987)
);
#30460=VERTEX_POINT('',#30450);
#30470=EDGE_CURVE('',#30380,#30460,#30440,.T.);
#30480=ORIENTED_EDGE('',*,*,#30470,.F.);
#30490=CARTESIAN_POINT('',(-5.106087,-4.62230099999999,3.99999999999987)
);
#30500=DIRECTION('',(1.,0.,0.));
#30510=VECTOR('',#30500,1.);
#30520=LINE('',#30490,#30510);
#30530=EDGE_CURVE('',#30460,#30300,#30520,.T.);
#30540=ORIENTED_EDGE('',*,*,#30530,.F.);
#30550=EDGE_LOOP('',(#30540,#30480,#30400,#30320));
#30560=FACE_BOUND('',#30550,.T.);
#30570=CARTESIAN_POINT('',(-2.256087,-4.97230099999999,3.99999999999987)
);
#30580=DIRECTION('',(0.,1.,0.));
#30590=VECTOR('',#30580,1.);
#30600=LINE('',#30570,#30590);
#30610=CARTESIAN_POINT('',(-2.256087,-4.97230099999999,3.99999999999987)
);
#30620=VERTEX_POINT('',#30610);
#30630=CARTESIAN_POINT('',(-2.256087,-4.62230099999999,3.99999999999987)
);
#30640=VERTEX_POINT('',#30630);
#30650=EDGE_CURVE('',#30620,#30640,#30600,.T.);
#30660=ORIENTED_EDGE('',*,*,#30650,.T.);
#30670=CARTESIAN_POINT('',(-2.256087,-4.97230099999999,3.99999999999987)
);
#30680=DIRECTION('',(-1.,0.,0.));
#30690=VECTOR('',#30680,1.);
#30700=LINE('',#30670,#30690);
#30710=CARTESIAN_POINT('',(-2.606087,-4.97230099999999,3.99999999999987)
);
#30720=VERTEX_POINT('',#30710);
#30730=EDGE_CURVE('',#30620,#30720,#30700,.T.);
#30740=ORIENTED_EDGE('',*,*,#30730,.F.);
#30750=CARTESIAN_POINT('',(-2.606087,-4.97230099999999,3.99999999999987)
);
#30760=DIRECTION('',(0.,1.,0.));
#30770=VECTOR('',#30760,1.);
#30780=LINE('',#30750,#30770);
#30790=CARTESIAN_POINT('',(-2.606087,-4.62230099999999,3.99999999999987)
);
#30800=VERTEX_POINT('',#30790);
#30810=EDGE_CURVE('',#30720,#30800,#30780,.T.);
#30820=ORIENTED_EDGE('',*,*,#30810,.F.);
#30830=CARTESIAN_POINT('',(-2.606087,-4.62230099999999,3.99999999999987)
);
#30840=DIRECTION('',(1.,0.,0.));
#30850=VECTOR('',#30840,1.);
#30860=LINE('',#30830,#30850);
#30870=EDGE_CURVE('',#30800,#30640,#30860,.T.);
#30880=ORIENTED_EDGE('',*,*,#30870,.F.);
#30890=EDGE_LOOP('',(#30880,#30820,#30740,#30660));
#30900=FACE_BOUND('',#30890,.T.);
#30910=CARTESIAN_POINT('',(1.49391300000001,-4.97230099999999,
3.99999999999987));
#30920=DIRECTION('',(0.,1.,0.));
#30930=VECTOR('',#30920,1.);
#30940=LINE('',#30910,#30930);
#30950=CARTESIAN_POINT('',(1.49391300000001,-4.97230099999999,
3.99999999999987));
#30960=VERTEX_POINT('',#30950);
#30970=CARTESIAN_POINT('',(1.49391300000001,-4.62230099999999,
3.99999999999987));
#30980=VERTEX_POINT('',#30970);
#30990=EDGE_CURVE('',#30960,#30980,#30940,.T.);
#31000=ORIENTED_EDGE('',*,*,#30990,.T.);
#31010=CARTESIAN_POINT('',(1.49391300000001,-4.97230099999999,
3.99999999999987));
#31020=DIRECTION('',(-1.,0.,0.));
#31030=VECTOR('',#31020,1.);
#31040=LINE('',#31010,#31030);
#31050=CARTESIAN_POINT('',(1.14391300000001,-4.97230099999999,
3.99999999999987));
#31060=VERTEX_POINT('',#31050);
#31070=EDGE_CURVE('',#30960,#31060,#31040,.T.);
#31080=ORIENTED_EDGE('',*,*,#31070,.F.);
#31090=CARTESIAN_POINT('',(1.14391300000001,-4.97230099999999,
3.99999999999987));
#31100=DIRECTION('',(0.,1.,0.));
#31110=VECTOR('',#31100,1.);
#31120=LINE('',#31090,#31110);
#31130=CARTESIAN_POINT('',(1.14391300000001,-4.62230099999999,
3.99999999999987));
#31140=VERTEX_POINT('',#31130);
#31150=EDGE_CURVE('',#31060,#31140,#31120,.T.);
#31160=ORIENTED_EDGE('',*,*,#31150,.F.);
#31170=CARTESIAN_POINT('',(1.14391300000001,-4.62230099999999,
3.99999999999987));
#31180=DIRECTION('',(1.,0.,0.));
#31190=VECTOR('',#31180,1.);
#31200=LINE('',#31170,#31190);
#31210=EDGE_CURVE('',#31140,#30980,#31200,.T.);
#31220=ORIENTED_EDGE('',*,*,#31210,.F.);
#31230=EDGE_LOOP('',(#31220,#31160,#31080,#31000));
#31240=FACE_BOUND('',#31230,.T.);
#31250=CARTESIAN_POINT('',(2.74391300000001,-4.97230099999999,
3.99999999999987));
#31260=DIRECTION('',(0.,1.,0.));
#31270=VECTOR('',#31260,1.);
#31280=LINE('',#31250,#31270);
#31290=CARTESIAN_POINT('',(2.74391300000001,-4.97230099999999,
3.99999999999987));
#31300=VERTEX_POINT('',#31290);
#31310=CARTESIAN_POINT('',(2.74391300000001,-4.62230099999999,
3.99999999999987));
#31320=VERTEX_POINT('',#31310);
#31330=EDGE_CURVE('',#31300,#31320,#31280,.T.);
#31340=ORIENTED_EDGE('',*,*,#31330,.T.);
#31350=CARTESIAN_POINT('',(2.74391300000001,-4.97230099999999,
3.99999999999987));
#31360=DIRECTION('',(-1.,0.,0.));
#31370=VECTOR('',#31360,1.);
#31380=LINE('',#31350,#31370);
#31390=CARTESIAN_POINT('',(2.39391300000001,-4.97230099999999,
3.99999999999987));
#31400=VERTEX_POINT('',#31390);
#31410=EDGE_CURVE('',#31300,#31400,#31380,.T.);
#31420=ORIENTED_EDGE('',*,*,#31410,.F.);
#31430=CARTESIAN_POINT('',(2.39391300000001,-4.97230099999999,
3.99999999999987));
#31440=DIRECTION('',(0.,1.,0.));
#31450=VECTOR('',#31440,1.);
#31460=LINE('',#31430,#31450);
#31470=CARTESIAN_POINT('',(2.39391300000001,-4.62230099999999,
3.99999999999987));
#31480=VERTEX_POINT('',#31470);
#31490=EDGE_CURVE('',#31400,#31480,#31460,.T.);
#31500=ORIENTED_EDGE('',*,*,#31490,.F.);
#31510=CARTESIAN_POINT('',(2.39391300000001,-4.62230099999999,
3.99999999999987));
#31520=DIRECTION('',(1.,0.,0.));
#31530=VECTOR('',#31520,1.);
#31540=LINE('',#31510,#31530);
#31550=EDGE_CURVE('',#31480,#31320,#31540,.T.);
#31560=ORIENTED_EDGE('',*,*,#31550,.F.);
#31570=EDGE_LOOP('',(#31560,#31500,#31420,#31340));
#31580=FACE_BOUND('',#31570,.T.);
#31590=CARTESIAN_POINT('',(0.243913000000008,-4.97230099999999,
3.99999999999987));
#31600=DIRECTION('',(0.,1.,0.));
#31610=VECTOR('',#31600,1.);
#31620=LINE('',#31590,#31610);
#31630=CARTESIAN_POINT('',(0.243913000000008,-4.97230099999999,
3.99999999999987));
#31640=VERTEX_POINT('',#31630);
#31650=CARTESIAN_POINT('',(0.243913000000008,-4.62230099999999,
3.99999999999987));
#31660=VERTEX_POINT('',#31650);
#31670=EDGE_CURVE('',#31640,#31660,#31620,.T.);
#31680=ORIENTED_EDGE('',*,*,#31670,.T.);
#31690=CARTESIAN_POINT('',(0.243913000000008,-4.97230099999999,
3.99999999999987));
#31700=DIRECTION('',(-1.,0.,0.));
#31710=VECTOR('',#31700,1.);
#31720=LINE('',#31690,#31710);
#31730=CARTESIAN_POINT('',(-0.106086999999992,-4.97230099999999,
3.99999999999987));
#31740=VERTEX_POINT('',#31730);
#31750=EDGE_CURVE('',#31640,#31740,#31720,.T.);
#31760=ORIENTED_EDGE('',*,*,#31750,.F.);
#31770=CARTESIAN_POINT('',(-0.106086999999992,-4.97230099999999,
3.99999999999987));
#31780=DIRECTION('',(0.,1.,0.));
#31790=VECTOR('',#31780,1.);
#31800=LINE('',#31770,#31790);
#31810=CARTESIAN_POINT('',(-0.106086999999992,-4.62230099999999,
3.99999999999987));
#31820=VERTEX_POINT('',#31810);
#31830=EDGE_CURVE('',#31740,#31820,#31800,.T.);
#31840=ORIENTED_EDGE('',*,*,#31830,.F.);
#31850=CARTESIAN_POINT('',(-0.106086999999992,-4.62230099999999,
3.99999999999987));
#31860=DIRECTION('',(1.,0.,0.));
#31870=VECTOR('',#31860,1.);
#31880=LINE('',#31850,#31870);
#31890=EDGE_CURVE('',#31820,#31660,#31880,.T.);
#31900=ORIENTED_EDGE('',*,*,#31890,.F.);
#31910=EDGE_LOOP('',(#31900,#31840,#31760,#31680));
#31920=FACE_BOUND('',#31910,.T.);
#31930=ADVANCED_FACE('',(#29540,#29880,#30220,#30560,#30900,#31240,
#31580,#31920),#29270,.F.);
#31940=CARTESIAN_POINT('',(-8.18108939999999,-3.98730099999999,
0.999999999999871));
#31950=DIRECTION('',(-0.,-1.,-1.22460635382238E-16));
#31960=DIRECTION('',(0.,-1.22460635382238E-16,1.));
#31970=AXIS2_PLACEMENT_3D('',#31940,#31950,#31960);
#31980=PLANE('',#31970);
#31990=CARTESIAN_POINT('',(-5.881087,-3.98730099999999,3.99999999999987)
);
#32000=DIRECTION('',(0.,1.48029736616688E-16,-1.));
#32010=VECTOR('',#32000,1.);
#32020=LINE('',#31990,#32010);
#32030=CARTESIAN_POINT('',(-5.881087,-3.98730099999999,0.999999999999871
));
#32040=VERTEX_POINT('',#32030);
#32050=EDGE_CURVE('',#29330,#32040,#32020,.T.);
#32060=ORIENTED_EDGE('',*,*,#32050,.T.);
#32070=ORIENTED_EDGE('',*,*,#29510,.F.);
#32080=ORIENTED_EDGE('',*,*,#8100,.F.);
#32090=CARTESIAN_POINT('',(3.518913,-3.98730099999999,0.999999999999871)
);
#32100=DIRECTION('',(-1.,0.,0.));
#32110=VECTOR('',#32100,1.);
#32120=LINE('',#32090,#32110);
#32130=EDGE_CURVE('',#8010,#32040,#32120,.T.);
#32140=ORIENTED_EDGE('',*,*,#32130,.F.);
#32150=EDGE_LOOP('',(#32140,#32080,#32070,#32060));
#32160=FACE_OUTER_BOUND('',#32150,.T.);
#32170=ADVANCED_FACE('',(#32160),#31980,.T.);
#32180=CARTESIAN_POINT('',(-5.881087,-6.33730099999999,1.09999999999987)
);
#32190=DIRECTION('',(-1.,-0.,-0.));
#32200=DIRECTION('',(0.,0.,-1.));
#32210=AXIS2_PLACEMENT_3D('',#32180,#32190,#32200);
#32220=PLANE('',#32210);
#32230=ORIENTED_EDGE('',*,*,#29120,.F.);
#32240=ORIENTED_EDGE('',*,*,#29340,.T.);
#32250=ORIENTED_EDGE('',*,*,#32050,.F.);
#32260=CARTESIAN_POINT('',(-5.881087,-3.98730099999999,0.999999999999871
));
#32270=DIRECTION('',(0.,-1.,-2.43532792498421E-15));
#32280=VECTOR('',#32270,1.);
#32290=LINE('',#32260,#32280);
#32300=CARTESIAN_POINT('',(-5.881087,-4.76230099999999,0.999999999999912
));
#32310=VERTEX_POINT('',#32300);
#32320=EDGE_CURVE('',#32040,#32310,#32290,.T.);
#32330=ORIENTED_EDGE('',*,*,#32320,.F.);
#32340=CARTESIAN_POINT('',(-5.881087,-4.76230099999999,0.));
#32350=DIRECTION('',(0.,1.22460635382238E-16,1.));
#32360=VECTOR('',#32350,1.);
#32370=LINE('',#32340,#32360);
#32380=CARTESIAN_POINT('',(-5.881087,-4.76230099999999,1.99999999999991)
);
#32390=VERTEX_POINT('',#32380);
#32400=EDGE_CURVE('',#32310,#32390,#32370,.T.);
#32410=ORIENTED_EDGE('',*,*,#32400,.F.);
#32420=CARTESIAN_POINT('',(-5.881087,0.,1.99999999999991));
#32430=DIRECTION('',(0.,-1.,1.22460635382238E-16));
#32440=VECTOR('',#32430,1.);
#32450=LINE('',#32420,#32440);
#32460=CARTESIAN_POINT('',(-5.881087,-5.56230099999999,1.99999999999991)
);
#32470=VERTEX_POINT('',#32460);
#32480=EDGE_CURVE('',#32390,#32470,#32450,.T.);
#32490=ORIENTED_EDGE('',*,*,#32480,.F.);
#32500=CARTESIAN_POINT('',(-5.881087,-5.56230099999999,0.));
#32510=DIRECTION('',(0.,-1.22460635382238E-16,-1.));
#32520=VECTOR('',#32510,1.);
#32530=LINE('',#32500,#32520);
#32540=CARTESIAN_POINT('',(-5.881087,-5.56230099999999,0.999999999999912
));
#32550=VERTEX_POINT('',#32540);
#32560=EDGE_CURVE('',#32470,#32550,#32530,.T.);
#32570=ORIENTED_EDGE('',*,*,#32560,.F.);
#32580=EDGE_CURVE('',#32550,#29110,#32290,.T.);
#32590=ORIENTED_EDGE('',*,*,#32580,.F.);
#32600=EDGE_LOOP('',(#32590,#32570,#32490,#32410,#32330,#32250,#32240,
#32230));
#32610=FACE_OUTER_BOUND('',#32600,.T.);
#32620=ADVANCED_FACE('',(#32610),#32220,.F.);
#32630=CARTESIAN_POINT('',(0.243913000000008,-8.48730099999999,
5.72499999999987));
#32640=DIRECTION('',(-0.,-1.,-0.));
#32650=DIRECTION('',(0.,0.,-1.));
#32660=AXIS2_PLACEMENT_3D('',#32630,#32640,#32650);
#32670=PLANE('',#32660);
#32680=ORIENTED_EDGE('',*,*,#28030,.T.);
#32690=ORIENTED_EDGE('',*,*,#27470,.T.);
#32700=ORIENTED_EDGE('',*,*,#8690,.F.);
#32710=ORIENTED_EDGE('',*,*,#27760,.T.);
#32720=EDGE_LOOP('',(#32710,#32700,#32690,#32680));
#32730=FACE_OUTER_BOUND('',#32720,.T.);
#32740=ADVANCED_FACE('',(#32730),#32670,.T.);
#32750=CARTESIAN_POINT('',(2.24391300000001,-6.33730099999999,
2.79999999999987));
#32760=DIRECTION('',(1.,-0.,-0.));
#32770=DIRECTION('',(-0.,1.,-1.22460635382238E-16));
#32780=AXIS2_PLACEMENT_3D('',#32750,#32760,#32770);
#32790=PLANE('',#32780);
#32800=ORIENTED_EDGE('',*,*,#6020,.T.);
#32810=ORIENTED_EDGE('',*,*,#29430,.F.);
#32820=ORIENTED_EDGE('',*,*,#1170,.F.);
#32830=CARTESIAN_POINT('',(2.24391300000001,-6.98730099999999,
2.79999999999987));
#32840=DIRECTION('',(0.,1.,0.));
#32850=VECTOR('',#32840,1.);
#32860=LINE('',#32830,#32850);
#32870=EDGE_CURVE('',#1060,#6010,#32860,.T.);
#32880=ORIENTED_EDGE('',*,*,#32870,.F.);
#32890=EDGE_LOOP('',(#32880,#32820,#32810,#32800));
#32900=FACE_OUTER_BOUND('',#32890,.T.);
#32910=ADVANCED_FACE('',(#32900),#32790,.F.);
#32920=CARTESIAN_POINT('',(3.31891540000001,-6.33730099999999,
2.79999999999987));
#32930=DIRECTION('',(-0.,1.22460635382238E-16,1.));
#32940=DIRECTION('',(0.,-1.,1.22460635382238E-16));
#32950=AXIS2_PLACEMENT_3D('',#32920,#32930,#32940);
#32960=PLANE('',#32950);
#32970=ORIENTED_EDGE('',*,*,#5470,.T.);
#32980=ORIENTED_EDGE('',*,*,#6080,.F.);
#32990=ORIENTED_EDGE('',*,*,#32870,.T.);
#33000=ORIENTED_EDGE('',*,*,#1090,.F.);
#33010=EDGE_LOOP('',(#33000,#32990,#32980,#32970));
#33020=FACE_OUTER_BOUND('',#33010,.T.);
#33030=ADVANCED_FACE('',(#33020),#32960,.F.);
#33040=CARTESIAN_POINT('',(-1.00608699999999,-4.62230099999999,
1.99999999999987));
#33050=DIRECTION('',(-0.,1.,-2.31296463463574E-17));
#33060=DIRECTION('',(0.,2.31296463463574E-17,1.));
#33070=AXIS2_PLACEMENT_3D('',#33040,#33050,#33060);
#33080=PLANE('',#33070);
#33090=ORIENTED_EDGE('',*,*,#29850,.T.);
#33100=CARTESIAN_POINT('',(-1.356087,-4.62230099999999,1.89999999999987)
);
#33110=DIRECTION('',(0.,0.,1.));
#33120=VECTOR('',#33110,1.);
#33130=LINE('',#33100,#33120);
#33140=CARTESIAN_POINT('',(-1.356087,-4.62230099999999,1.89999999999987)
);
#33150=VERTEX_POINT('',#33140);
#33160=EDGE_CURVE('',#33150,#29780,#33130,.T.);
#33170=ORIENTED_EDGE('',*,*,#33160,.T.);
#33180=CARTESIAN_POINT('',(-1.00608699999999,-4.62230099999999,
1.89999999999987));
#33190=DIRECTION('',(-1.,0.,0.));
#33200=VECTOR('',#33190,1.);
#33210=LINE('',#33180,#33200);
#33220=CARTESIAN_POINT('',(-1.00608699999999,-4.62230099999999,
1.89999999999987));
#33230=VERTEX_POINT('',#33220);
#33240=EDGE_CURVE('',#33230,#33150,#33210,.T.);
#33250=ORIENTED_EDGE('',*,*,#33240,.T.);
#33260=CARTESIAN_POINT('',(-1.00608699999999,-4.62230099999999,
1.89999999999987));
#33270=DIRECTION('',(0.,0.,1.));
#33280=VECTOR('',#33270,1.);
#33290=LINE('',#33260,#33280);
#33300=EDGE_CURVE('',#33230,#29620,#33290,.T.);
#33310=ORIENTED_EDGE('',*,*,#33300,.F.);
#33320=EDGE_LOOP('',(#33310,#33250,#33170,#33090));
#33330=FACE_OUTER_BOUND('',#33320,.T.);
#33340=ADVANCED_FACE('',(#33330),#33080,.T.);
#33350=CARTESIAN_POINT('',(-1.00608699999999,-4.79526773473205,
4.14158443146156));
#33360=DIRECTION('',(-1.,-0.,-0.));
#33370=DIRECTION('',(0.,1.,0.));
#33380=AXIS2_PLACEMENT_3D('',#33350,#33360,#33370);
#33390=PLANE('',#33380);
#33400=CARTESIAN_POINT('',(-1.00608699999999,-4.97230099999999,
1.89999999999987));
#33410=DIRECTION('',(0.,0.,1.));
#33420=VECTOR('',#33410,1.);
#33430=LINE('',#33400,#33420);
#33440=CARTESIAN_POINT('',(-1.00608699999999,-4.97230099999999,
1.89999999999987));
#33450=VERTEX_POINT('',#33440);
#33460=EDGE_CURVE('',#33450,#29600,#33430,.T.);
#33470=ORIENTED_EDGE('',*,*,#33460,.F.);
#33480=ORIENTED_EDGE('',*,*,#29630,.F.);
#33490=ORIENTED_EDGE('',*,*,#33300,.T.);
#33500=CARTESIAN_POINT('',(-1.00608699999999,-4.62230099999999,
1.89999999999987));
#33510=DIRECTION('',(0.,-1.,0.));
#33520=VECTOR('',#33510,1.);
#33530=LINE('',#33500,#33520);
#33540=EDGE_CURVE('',#33230,#33450,#33530,.T.);
#33550=ORIENTED_EDGE('',*,*,#33540,.F.);
#33560=EDGE_LOOP('',(#33550,#33490,#33480,#33470));
#33570=FACE_OUTER_BOUND('',#33560,.T.);
#33580=ADVANCED_FACE('',(#33570),#33390,.F.);
#33590=CARTESIAN_POINT('',(-1.00608699999999,-8.87380339999999,
1.89999999999987));
#33600=DIRECTION('',(-0.970142500145332,5.60976323348313E-18,
0.242535625036333));
#33610=DIRECTION('',(-0.242535625036333,-2.24390529339325E-17,
-0.970142500145332));
#33620=AXIS2_PLACEMENT_3D('',#33590,#33600,#33610);
#33630=PLANE('',#33620);
#33640=CARTESIAN_POINT('',(-1.08108699999999,-4.69730099999999,
1.59999999999987));
#33650=DIRECTION('',(0.,-1.,0.));
#33660=VECTOR('',#33650,1.);
#33670=LINE('',#33640,#33660);
#33680=CARTESIAN_POINT('',(-1.08108699999999,-4.69730099999999,
1.59999999999987));
#33690=VERTEX_POINT('',#33680);
#33700=CARTESIAN_POINT('',(-1.08108699999999,-4.89730099999999,
1.59999999999987));
#33710=VERTEX_POINT('',#33700);
#33720=EDGE_CURVE('',#33690,#33710,#33670,.T.);
#33730=ORIENTED_EDGE('',*,*,#33720,.F.);
#33740=CARTESIAN_POINT('',(-1.08108699999999,-4.89730099999999,
1.59999999999987));
#33750=DIRECTION('',(0.235702260395516,-0.235702260395516,
0.942809041582063));
#33760=VECTOR('',#33750,1.);
#33770=LINE('',#33740,#33760);
#33780=EDGE_CURVE('',#33710,#33450,#33770,.T.);
#33790=ORIENTED_EDGE('',*,*,#33780,.F.);
#33800=ORIENTED_EDGE('',*,*,#33540,.T.);
#33810=CARTESIAN_POINT('',(-1.00608699999999,-4.62230099999999,
1.89999999999987));
#33820=DIRECTION('',(-0.235702260395516,-0.235702260395516,
-0.942809041582063));
#33830=VECTOR('',#33820,1.);
#33840=LINE('',#33810,#33830);
#33850=EDGE_CURVE('',#33230,#33690,#33840,.T.);
#33860=ORIENTED_EDGE('',*,*,#33850,.F.);
#33870=EDGE_LOOP('',(#33860,#33800,#33790,#33730));
#33880=FACE_OUTER_BOUND('',#33870,.T.);
#33890=ADVANCED_FACE('',(#33880),#33630,.F.);
#33900=CARTESIAN_POINT('',(-1.006087,-4.69730099999999,1.59999999999987)
);
#33910=DIRECTION('',(-0.,0.970142500145332,-0.242535625036333));
#33920=DIRECTION('',(0.,0.242535625036333,0.970142500145332));
#33930=AXIS2_PLACEMENT_3D('',#33900,#33910,#33920);
#33940=PLANE('',#33930);
#33950=ORIENTED_EDGE('',*,*,#33850,.T.);
#33960=ORIENTED_EDGE('',*,*,#33240,.F.);
#33970=CARTESIAN_POINT('',(-1.356087,-4.62230099999999,1.89999999999987)
);
#33980=DIRECTION('',(0.235702260395516,-0.235702260395516,
-0.942809041582063));
#33990=VECTOR('',#33980,1.);
#34000=LINE('',#33970,#33990);
#34010=CARTESIAN_POINT('',(-1.281087,-4.69730099999999,1.59999999999987)
);
#34020=VERTEX_POINT('',#34010);
#34030=EDGE_CURVE('',#33150,#34020,#34000,.T.);
#34040=ORIENTED_EDGE('',*,*,#34030,.F.);
#34050=CARTESIAN_POINT('',(-1.281087,-4.69730099999999,1.59999999999987)
);
#34060=DIRECTION('',(1.,0.,0.));
#34070=VECTOR('',#34060,1.);
#34080=LINE('',#34050,#34070);
#34090=EDGE_CURVE('',#34020,#33690,#34080,.T.);
#34100=ORIENTED_EDGE('',*,*,#34090,.F.);
#34110=EDGE_LOOP('',(#34100,#34040,#33960,#33950));
#34120=FACE_OUTER_BOUND('',#34110,.T.);
#34130=ADVANCED_FACE('',(#34120),#33940,.T.);
#34140=CARTESIAN_POINT('',(-1.006087,-4.89730099999999,1.59999999999987)
);
#34150=DIRECTION('',(-0.,-0.,-1.));
#34160=DIRECTION('',(0.,1.,0.));
#34170=AXIS2_PLACEMENT_3D('',#34140,#34150,#34160);
#34180=PLANE('',#34170);
#34190=CARTESIAN_POINT('',(-1.08108699999999,-4.89730099999999,
1.59999999999987));
#34200=DIRECTION('',(-1.,0.,0.));
#34210=VECTOR('',#34200,1.);
#34220=LINE('',#34190,#34210);
#34230=CARTESIAN_POINT('',(-1.281087,-4.89730099999999,1.59999999999987)
);
#34240=VERTEX_POINT('',#34230);
#34250=EDGE_CURVE('',#33710,#34240,#34220,.T.);
#34260=ORIENTED_EDGE('',*,*,#34250,.T.);
#34270=ORIENTED_EDGE('',*,*,#33720,.T.);
#34280=ORIENTED_EDGE('',*,*,#34090,.T.);
#34290=CARTESIAN_POINT('',(-1.281087,-4.69730099999999,1.59999999999987)
);
#34300=DIRECTION('',(0.,-1.,0.));
#34310=VECTOR('',#34300,1.);
#34320=LINE('',#34290,#34310);
#34330=EDGE_CURVE('',#34020,#34240,#34320,.T.);
#34340=ORIENTED_EDGE('',*,*,#34330,.F.);
#34350=EDGE_LOOP('',(#34340,#34280,#34270,#34260));
#34360=FACE_OUTER_BOUND('',#34350,.T.);
#34370=ADVANCED_FACE('',(#34360),#34180,.T.);
#34380=CARTESIAN_POINT('',(-1.281087,-8.87380339999999,1.59999999999987)
);
#34390=DIRECTION('',(0.970142500145332,5.60976323348313E-18,
0.242535625036333));
#34400=DIRECTION('',(-0.242535625036333,2.24390529339325E-17,
0.970142500145332));
#34410=AXIS2_PLACEMENT_3D('',#34380,#34390,#34400);
#34420=PLANE('',#34410);
#34430=ORIENTED_EDGE('',*,*,#34330,.T.);
#34440=ORIENTED_EDGE('',*,*,#34030,.T.);
#34450=CARTESIAN_POINT('',(-1.356087,-4.972301,1.89999999999987));
#34460=DIRECTION('',(0.,1.,0.));
#34470=VECTOR('',#34460,1.);
#34480=LINE('',#34450,#34470);
#34490=CARTESIAN_POINT('',(-1.356087,-4.97230099999999,1.89999999999987)
);
#34500=VERTEX_POINT('',#34490);
#34510=EDGE_CURVE('',#34500,#33150,#34480,.T.);
#34520=ORIENTED_EDGE('',*,*,#34510,.T.);
#34530=CARTESIAN_POINT('',(-1.281087,-4.897301,1.59999999999987));
#34540=DIRECTION('',(-0.235702260395516,-0.235702260395514,
0.942809041582064));
#34550=VECTOR('',#34540,1.);
#34560=LINE('',#34530,#34550);
#34570=EDGE_CURVE('',#34240,#34500,#34560,.T.);
#34580=ORIENTED_EDGE('',*,*,#34570,.T.);
#34590=EDGE_LOOP('',(#34580,#34520,#34440,#34430));
#34600=FACE_OUTER_BOUND('',#34590,.T.);
#34610=ADVANCED_FACE('',(#34600),#34420,.F.);
#34620=CARTESIAN_POINT('',(-1.006087,-4.97230099999999,1.89999999999987)
);
#34630=DIRECTION('',(-0.,-0.970142500145332,-0.242535625036333));
#34640=DIRECTION('',(0.,0.242535625036333,-0.970142500145332));
#34650=AXIS2_PLACEMENT_3D('',#34620,#34630,#34640);
#34660=PLANE('',#34650);
#34670=CARTESIAN_POINT('',(-1.00608699999999,-4.97230099999999,
1.89999999999987));
#34680=DIRECTION('',(-1.,0.,0.));
#34690=VECTOR('',#34680,1.);
#34700=LINE('',#34670,#34690);
#34710=EDGE_CURVE('',#33450,#34500,#34700,.T.);
#34720=ORIENTED_EDGE('',*,*,#34710,.T.);
#34730=ORIENTED_EDGE('',*,*,#33780,.T.);
#34740=ORIENTED_EDGE('',*,*,#34250,.F.);
#34750=ORIENTED_EDGE('',*,*,#34570,.F.);
#34760=EDGE_LOOP('',(#34750,#34740,#34730,#34720));
#34770=FACE_OUTER_BOUND('',#34760,.T.);
#34780=ADVANCED_FACE('',(#34770),#34660,.T.);
#34790=CARTESIAN_POINT('',(-1.006087,-4.97230099999999,5.44999999999987)
);
#34800=DIRECTION('',(-0.,-1.,-3.70074341541719E-16));
#34810=DIRECTION('',(0.,3.70074341541719E-16,-1.));
#34820=AXIS2_PLACEMENT_3D('',#34790,#34800,#34810);
#34830=PLANE('',#34820);
#34840=ORIENTED_EDGE('',*,*,#33460,.T.);
#34850=ORIENTED_EDGE('',*,*,#34710,.F.);
#34860=CARTESIAN_POINT('',(-1.356087,-4.97230099999999,1.89999999999987)
);
#34870=DIRECTION('',(0.,0.,1.));
#34880=VECTOR('',#34870,1.);
#34890=LINE('',#34860,#34880);
#34900=EDGE_CURVE('',#34500,#29700,#34890,.T.);
#34910=ORIENTED_EDGE('',*,*,#34900,.F.);
#34920=ORIENTED_EDGE('',*,*,#29710,.T.);
#34930=EDGE_LOOP('',(#34920,#34910,#34850,#34840));
#34940=FACE_OUTER_BOUND('',#34930,.T.);
#34950=ADVANCED_FACE('',(#34940),#34830,.T.);
#34960=CARTESIAN_POINT('',(-1.356087,-4.79526773473205,4.14158443146156)
);
#34970=DIRECTION('',(-1.,-0.,-0.));
#34980=DIRECTION('',(0.,1.,0.));
#34990=AXIS2_PLACEMENT_3D('',#34960,#34970,#34980);
#35000=PLANE('',#34990);
#35010=ORIENTED_EDGE('',*,*,#33160,.F.);
#35020=ORIENTED_EDGE('',*,*,#29790,.T.);
#35030=ORIENTED_EDGE('',*,*,#34900,.T.);
#35040=ORIENTED_EDGE('',*,*,#34510,.F.);
#35050=EDGE_LOOP('',(#35040,#35030,#35020,#35010));
#35060=FACE_OUTER_BOUND('',#35050,.T.);
#35070=ADVANCED_FACE('',(#35060),#35000,.T.);
#35080=CARTESIAN_POINT('',(-3.506087,-4.62230099999999,1.99999999999987)
);
#35090=DIRECTION('',(-0.,1.,-2.31296463463574E-17));
#35100=DIRECTION('',(0.,2.31296463463574E-17,1.));
#35110=AXIS2_PLACEMENT_3D('',#35080,#35090,#35100);
#35120=PLANE('',#35110);
#35130=ORIENTED_EDGE('',*,*,#30190,.T.);
#35140=CARTESIAN_POINT('',(-3.856087,-4.62230099999999,1.89999999999987)
);
#35150=DIRECTION('',(0.,0.,1.));
#35160=VECTOR('',#35150,1.);
#35170=LINE('',#35140,#35160);
#35180=CARTESIAN_POINT('',(-3.856087,-4.62230099999999,1.89999999999987)
);
#35190=VERTEX_POINT('',#35180);
#35200=EDGE_CURVE('',#35190,#30120,#35170,.T.);
#35210=ORIENTED_EDGE('',*,*,#35200,.T.);
#35220=CARTESIAN_POINT('',(-3.506087,-4.62230099999999,1.89999999999987)
);
#35230=DIRECTION('',(-1.,0.,0.));
#35240=VECTOR('',#35230,1.);
#35250=LINE('',#35220,#35240);
#35260=CARTESIAN_POINT('',(-3.506087,-4.62230099999999,1.89999999999987)
);
#35270=VERTEX_POINT('',#35260);
#35280=EDGE_CURVE('',#35270,#35190,#35250,.T.);
#35290=ORIENTED_EDGE('',*,*,#35280,.T.);
#35300=CARTESIAN_POINT('',(-3.506087,-4.62230099999999,1.89999999999987)
);
#35310=DIRECTION('',(0.,0.,1.));
#35320=VECTOR('',#35310,1.);
#35330=LINE('',#35300,#35320);
#35340=EDGE_CURVE('',#35270,#29960,#35330,.T.);
#35350=ORIENTED_EDGE('',*,*,#35340,.F.);
#35360=EDGE_LOOP('',(#35350,#35290,#35210,#35130));
#35370=FACE_OUTER_BOUND('',#35360,.T.);
#35380=ADVANCED_FACE('',(#35370),#35120,.T.);
#35390=CARTESIAN_POINT('',(-3.506087,-4.79526773473205,4.14158443146156)
);
#35400=DIRECTION('',(-1.,-0.,-0.));
#35410=DIRECTION('',(0.,1.,0.));
#35420=AXIS2_PLACEMENT_3D('',#35390,#35400,#35410);
#35430=PLANE('',#35420);
#35440=CARTESIAN_POINT('',(-3.506087,-4.97230099999999,1.89999999999987)
);
#35450=DIRECTION('',(0.,0.,1.));
#35460=VECTOR('',#35450,1.);
#35470=LINE('',#35440,#35460);
#35480=CARTESIAN_POINT('',(-3.506087,-4.97230099999999,1.89999999999987)
);
#35490=VERTEX_POINT('',#35480);
#35500=EDGE_CURVE('',#35490,#29940,#35470,.T.);
#35510=ORIENTED_EDGE('',*,*,#35500,.F.);
#35520=ORIENTED_EDGE('',*,*,#29970,.F.);
#35530=ORIENTED_EDGE('',*,*,#35340,.T.);
#35540=CARTESIAN_POINT('',(-3.506087,-4.62230099999999,1.89999999999987)
);
#35550=DIRECTION('',(0.,-1.,0.));
#35560=VECTOR('',#35550,1.);
#35570=LINE('',#35540,#35560);
#35580=EDGE_CURVE('',#35270,#35490,#35570,.T.);
#35590=ORIENTED_EDGE('',*,*,#35580,.F.);
#35600=EDGE_LOOP('',(#35590,#35530,#35520,#35510));
#35610=FACE_OUTER_BOUND('',#35600,.T.);
#35620=ADVANCED_FACE('',(#35610),#35430,.F.);
#35630=CARTESIAN_POINT('',(-3.506087,-8.87380339999999,1.89999999999987)
);
#35640=DIRECTION('',(-0.970142500145332,5.60976323348313E-18,
0.242535625036333));
#35650=DIRECTION('',(-0.242535625036333,-2.24390529339325E-17,
-0.970142500145332));
#35660=AXIS2_PLACEMENT_3D('',#35630,#35640,#35650);
#35670=PLANE('',#35660);
#35680=CARTESIAN_POINT('',(-3.58108699999999,-4.69730099999999,
1.59999999999987));
#35690=DIRECTION('',(0.,-1.,0.));
#35700=VECTOR('',#35690,1.);
#35710=LINE('',#35680,#35700);
#35720=CARTESIAN_POINT('',(-3.581087,-4.69730099999999,1.59999999999987)
);
#35730=VERTEX_POINT('',#35720);
#35740=CARTESIAN_POINT('',(-3.581087,-4.89730099999999,1.59999999999987)
);
#35750=VERTEX_POINT('',#35740);
#35760=EDGE_CURVE('',#35730,#35750,#35710,.T.);
#35770=ORIENTED_EDGE('',*,*,#35760,.F.);
#35780=CARTESIAN_POINT('',(-3.58108699999999,-4.89730099999999,
1.59999999999987));
#35790=DIRECTION('',(0.235702260395518,-0.235702260395516,
0.942809041582063));
#35800=VECTOR('',#35790,1.);
#35810=LINE('',#35780,#35800);
#35820=EDGE_CURVE('',#35750,#35490,#35810,.T.);
#35830=ORIENTED_EDGE('',*,*,#35820,.F.);
#35840=ORIENTED_EDGE('',*,*,#35580,.T.);
#35850=CARTESIAN_POINT('',(-3.50608699999999,-4.62230099999999,
1.89999999999987));
#35860=DIRECTION('',(-0.235702260395516,-0.235702260395516,
-0.942809041582063));
#35870=VECTOR('',#35860,1.);
#35880=LINE('',#35850,#35870);
#35890=EDGE_CURVE('',#35270,#35730,#35880,.T.);
#35900=ORIENTED_EDGE('',*,*,#35890,.F.);
#35910=EDGE_LOOP('',(#35900,#35840,#35830,#35770));
#35920=FACE_OUTER_BOUND('',#35910,.T.);
#35930=ADVANCED_FACE('',(#35920),#35670,.F.);
#35940=CARTESIAN_POINT('',(-3.506087,-4.69730099999999,1.59999999999987)
);
#35950=DIRECTION('',(-0.,0.970142500145332,-0.242535625036333));
#35960=DIRECTION('',(0.,0.242535625036333,0.970142500145332));
#35970=AXIS2_PLACEMENT_3D('',#35940,#35950,#35960);
#35980=PLANE('',#35970);
#35990=ORIENTED_EDGE('',*,*,#35280,.F.);
#36000=CARTESIAN_POINT('',(-3.856087,-4.62230099999999,1.89999999999987)
);
#36010=DIRECTION('',(0.235702260395516,-0.235702260395514,
-0.942809041582064));
#36020=VECTOR('',#36010,1.);
#36030=LINE('',#36000,#36020);
#36040=CARTESIAN_POINT('',(-3.781087,-4.69730099999999,1.59999999999987)
);
#36050=VERTEX_POINT('',#36040);
#36060=EDGE_CURVE('',#35190,#36050,#36030,.T.);
#36070=ORIENTED_EDGE('',*,*,#36060,.F.);
#36080=CARTESIAN_POINT('',(-3.781087,-4.69730099999999,1.59999999999987)
);
#36090=DIRECTION('',(1.,0.,0.));
#36100=VECTOR('',#36090,1.);
#36110=LINE('',#36080,#36100);
#36120=EDGE_CURVE('',#36050,#35730,#36110,.T.);
#36130=ORIENTED_EDGE('',*,*,#36120,.F.);
#36140=ORIENTED_EDGE('',*,*,#35890,.T.);
#36150=EDGE_LOOP('',(#36140,#36130,#36070,#35990));
#36160=FACE_OUTER_BOUND('',#36150,.T.);
#36170=ADVANCED_FACE('',(#36160),#35980,.T.);
#36180=CARTESIAN_POINT('',(-3.781087,-8.87380339999999,1.59999999999987)
);
#36190=DIRECTION('',(0.970142500145332,5.60976323348313E-18,
0.242535625036333));
#36200=DIRECTION('',(-0.242535625036333,2.24390529339325E-17,
0.970142500145332));
#36210=AXIS2_PLACEMENT_3D('',#36180,#36190,#36200);
#36220=PLANE('',#36210);
#36230=CARTESIAN_POINT('',(-3.781087,-4.69730099999999,1.59999999999987)
);
#36240=DIRECTION('',(0.,-1.,0.));
#36250=VECTOR('',#36240,1.);
#36260=LINE('',#36230,#36250);
#36270=CARTESIAN_POINT('',(-3.781087,-4.89730099999999,1.59999999999987)
);
#36280=VERTEX_POINT('',#36270);
#36290=EDGE_CURVE('',#36050,#36280,#36260,.T.);
#36300=ORIENTED_EDGE('',*,*,#36290,.T.);
#36310=ORIENTED_EDGE('',*,*,#36060,.T.);
#36320=CARTESIAN_POINT('',(-3.856087,-4.972301,1.89999999999987));
#36330=DIRECTION('',(0.,1.,0.));
#36340=VECTOR('',#36330,1.);
#36350=LINE('',#36320,#36340);
#36360=CARTESIAN_POINT('',(-3.856087,-4.97230099999999,1.89999999999987)
);
#36370=VERTEX_POINT('',#36360);
#36380=EDGE_CURVE('',#36370,#35190,#36350,.T.);
#36390=ORIENTED_EDGE('',*,*,#36380,.T.);
#36400=CARTESIAN_POINT('',(-3.781087,-4.897301,1.59999999999987));
#36410=DIRECTION('',(-0.235702260395516,-0.235702260395514,
0.942809041582064));
#36420=VECTOR('',#36410,1.);
#36430=LINE('',#36400,#36420);
#36440=EDGE_CURVE('',#36280,#36370,#36430,.T.);
#36450=ORIENTED_EDGE('',*,*,#36440,.T.);
#36460=EDGE_LOOP('',(#36450,#36390,#36310,#36300));
#36470=FACE_OUTER_BOUND('',#36460,.T.);
#36480=ADVANCED_FACE('',(#36470),#36220,.F.);
#36490=CARTESIAN_POINT('',(-3.506087,-4.97230099999999,1.89999999999987)
);
#36500=DIRECTION('',(-0.,-0.970142500145332,-0.242535625036333));
#36510=DIRECTION('',(0.,0.242535625036333,-0.970142500145332));
#36520=AXIS2_PLACEMENT_3D('',#36490,#36500,#36510);
#36530=PLANE('',#36520);
#36540=CARTESIAN_POINT('',(-3.50608699999999,-4.97230099999999,
1.89999999999987));
#36550=DIRECTION('',(-1.,0.,0.));
#36560=VECTOR('',#36550,1.);
#36570=LINE('',#36540,#36560);
#36580=EDGE_CURVE('',#35490,#36370,#36570,.T.);
#36590=ORIENTED_EDGE('',*,*,#36580,.T.);
#36600=ORIENTED_EDGE('',*,*,#35820,.T.);
#36610=CARTESIAN_POINT('',(-3.58108699999999,-4.89730099999999,
1.59999999999987));
#36620=DIRECTION('',(-1.,0.,0.));
#36630=VECTOR('',#36620,1.);
#36640=LINE('',#36610,#36630);
#36650=EDGE_CURVE('',#35750,#36280,#36640,.T.);
#36660=ORIENTED_EDGE('',*,*,#36650,.F.);
#36670=ORIENTED_EDGE('',*,*,#36440,.F.);
#36680=EDGE_LOOP('',(#36670,#36660,#36600,#36590));
#36690=FACE_OUTER_BOUND('',#36680,.T.);
#36700=ADVANCED_FACE('',(#36690),#36530,.T.);
#36710=CARTESIAN_POINT('',(-3.506087,-4.97230099999999,5.44999999999987)
);
#36720=DIRECTION('',(-0.,-1.,-3.70074341541719E-16));
#36730=DIRECTION('',(0.,3.70074341541719E-16,-1.));
#36740=AXIS2_PLACEMENT_3D('',#36710,#36720,#36730);
#36750=PLANE('',#36740);
#36760=ORIENTED_EDGE('',*,*,#35500,.T.);
#36770=ORIENTED_EDGE('',*,*,#36580,.F.);
#36780=CARTESIAN_POINT('',(-3.856087,-4.97230099999999,1.89999999999987)
);
#36790=DIRECTION('',(0.,0.,1.));
#36800=VECTOR('',#36790,1.);
#36810=LINE('',#36780,#36800);
#36820=EDGE_CURVE('',#36370,#30040,#36810,.T.);
#36830=ORIENTED_EDGE('',*,*,#36820,.F.);
#36840=ORIENTED_EDGE('',*,*,#30050,.T.);
#36850=EDGE_LOOP('',(#36840,#36830,#36770,#36760));
#36860=FACE_OUTER_BOUND('',#36850,.T.);
#36870=ADVANCED_FACE('',(#36860),#36750,.T.);
#36880=CARTESIAN_POINT('',(-3.856087,-4.79526773473205,4.14158443146156)
);
#36890=DIRECTION('',(-1.,-0.,-0.));
#36900=DIRECTION('',(0.,1.,0.));
#36910=AXIS2_PLACEMENT_3D('',#36880,#36890,#36900);
#36920=PLANE('',#36910);
#36930=ORIENTED_EDGE('',*,*,#35200,.F.);
#36940=ORIENTED_EDGE('',*,*,#30130,.T.);
#36950=ORIENTED_EDGE('',*,*,#36820,.T.);
#36960=ORIENTED_EDGE('',*,*,#36380,.F.);
#36970=EDGE_LOOP('',(#36960,#36950,#36940,#36930));
#36980=FACE_OUTER_BOUND('',#36970,.T.);
#36990=ADVANCED_FACE('',(#36980),#36920,.T.);
#37000=CARTESIAN_POINT('',(-3.506087,-4.89730099999999,1.59999999999987)
);
#37010=DIRECTION('',(-0.,-0.,-1.));
#37020=DIRECTION('',(0.,1.,0.));
#37030=AXIS2_PLACEMENT_3D('',#37000,#37010,#37020);
#37040=PLANE('',#37030);
#37050=ORIENTED_EDGE('',*,*,#36650,.T.);
#37060=ORIENTED_EDGE('',*,*,#35760,.T.);
#37070=ORIENTED_EDGE('',*,*,#36120,.T.);
#37080=ORIENTED_EDGE('',*,*,#36290,.F.);
#37090=EDGE_LOOP('',(#37080,#37070,#37060,#37050));
#37100=FACE_OUTER_BOUND('',#37090,.T.);
#37110=ADVANCED_FACE('',(#37100),#37040,.T.);
#37120=CARTESIAN_POINT('',(-4.756087,-4.62230099999999,1.99999999999987)
);
#37130=DIRECTION('',(-0.,1.,-2.31296463463574E-17));
#37140=DIRECTION('',(0.,2.31296463463574E-17,1.));
#37150=AXIS2_PLACEMENT_3D('',#37120,#37130,#37140);
#37160=PLANE('',#37150);
#37170=ORIENTED_EDGE('',*,*,#30530,.T.);
#37180=CARTESIAN_POINT('',(-5.106087,-4.62230099999999,1.89999999999987)
);
#37190=DIRECTION('',(0.,0.,1.));
#37200=VECTOR('',#37190,1.);
#37210=LINE('',#37180,#37200);
#37220=CARTESIAN_POINT('',(-5.106087,-4.62230099999999,1.89999999999987)
);
#37230=VERTEX_POINT('',#37220);
#37240=EDGE_CURVE('',#37230,#30460,#37210,.T.);
#37250=ORIENTED_EDGE('',*,*,#37240,.T.);
#37260=CARTESIAN_POINT('',(-4.756087,-4.62230099999999,1.89999999999987)
);
#37270=DIRECTION('',(-1.,0.,0.));
#37280=VECTOR('',#37270,1.);
#37290=LINE('',#37260,#37280);
#37300=CARTESIAN_POINT('',(-4.756087,-4.62230099999999,1.89999999999987)
);
#37310=VERTEX_POINT('',#37300);
#37320=EDGE_CURVE('',#37310,#37230,#37290,.T.);
#37330=ORIENTED_EDGE('',*,*,#37320,.T.);
#37340=CARTESIAN_POINT('',(-4.756087,-4.62230099999999,1.89999999999987)
);
#37350=DIRECTION('',(0.,0.,1.));
#37360=VECTOR('',#37350,1.);
#37370=LINE('',#37340,#37360);
#37380=EDGE_CURVE('',#37310,#30300,#37370,.T.);
#37390=ORIENTED_EDGE('',*,*,#37380,.F.);
#37400=EDGE_LOOP('',(#37390,#37330,#37250,#37170));
#37410=FACE_OUTER_BOUND('',#37400,.T.);
#37420=ADVANCED_FACE('',(#37410),#37160,.T.);
#37430=CARTESIAN_POINT('',(-4.756087,-4.79526773473205,4.14158443146156)
);
#37440=DIRECTION('',(-1.,-0.,-0.));
#37450=DIRECTION('',(0.,1.,0.));
#37460=AXIS2_PLACEMENT_3D('',#37430,#37440,#37450);
#37470=PLANE('',#37460);
#37480=CARTESIAN_POINT('',(-4.756087,-4.97230099999999,1.89999999999987)
);
#37490=DIRECTION('',(0.,0.,1.));
#37500=VECTOR('',#37490,1.);
#37510=LINE('',#37480,#37500);
#37520=CARTESIAN_POINT('',(-4.756087,-4.97230099999999,1.89999999999987)
);
#37530=VERTEX_POINT('',#37520);
#37540=EDGE_CURVE('',#37530,#30280,#37510,.T.);
#37550=ORIENTED_EDGE('',*,*,#37540,.F.);
#37560=ORIENTED_EDGE('',*,*,#30310,.F.);
#37570=ORIENTED_EDGE('',*,*,#37380,.T.);
#37580=CARTESIAN_POINT('',(-4.756087,-4.62230099999999,1.89999999999987)
);
#37590=DIRECTION('',(0.,-1.,0.));
#37600=VECTOR('',#37590,1.);
#37610=LINE('',#37580,#37600);
#37620=EDGE_CURVE('',#37310,#37530,#37610,.T.);
#37630=ORIENTED_EDGE('',*,*,#37620,.F.);
#37640=EDGE_LOOP('',(#37630,#37570,#37560,#37550));
#37650=FACE_OUTER_BOUND('',#37640,.T.);
#37660=ADVANCED_FACE('',(#37650),#37470,.F.);
#37670=CARTESIAN_POINT('',(-4.756087,-8.87380339999999,1.89999999999987)
);
#37680=DIRECTION('',(-0.970142500145332,5.60976323348313E-18,
0.242535625036333));
#37690=DIRECTION('',(-0.242535625036333,-2.24390529339325E-17,
-0.970142500145332));
#37700=AXIS2_PLACEMENT_3D('',#37670,#37680,#37690);
#37710=PLANE('',#37700);
#37720=CARTESIAN_POINT('',(-4.83108699999999,-4.69730099999999,
1.59999999999987));
#37730=DIRECTION('',(0.,-1.,0.));
#37740=VECTOR('',#37730,1.);
#37750=LINE('',#37720,#37740);
#37760=CARTESIAN_POINT('',(-4.831087,-4.69730099999999,1.59999999999987)
);
#37770=VERTEX_POINT('',#37760);
#37780=CARTESIAN_POINT('',(-4.831087,-4.89730099999999,1.59999999999987)
);
#37790=VERTEX_POINT('',#37780);
#37800=EDGE_CURVE('',#37770,#37790,#37750,.T.);
#37810=ORIENTED_EDGE('',*,*,#37800,.F.);
#37820=CARTESIAN_POINT('',(-4.83108699999999,-4.89730099999999,
1.59999999999987));
#37830=DIRECTION('',(0.235702260395516,-0.235702260395516,
0.942809041582063));
#37840=VECTOR('',#37830,1.);
#37850=LINE('',#37820,#37840);
#37860=EDGE_CURVE('',#37790,#37530,#37850,.T.);
#37870=ORIENTED_EDGE('',*,*,#37860,.F.);
#37880=ORIENTED_EDGE('',*,*,#37620,.T.);
#37890=CARTESIAN_POINT('',(-4.75608699999999,-4.62230099999999,
1.89999999999987));
#37900=DIRECTION('',(-0.235702260395519,-0.235702260395516,
-0.942809041582063));
#37910=VECTOR('',#37900,1.);
#37920=LINE('',#37890,#37910);
#37930=EDGE_CURVE('',#37310,#37770,#37920,.T.);
#37940=ORIENTED_EDGE('',*,*,#37930,.F.);
#37950=EDGE_LOOP('',(#37940,#37880,#37870,#37810));
#37960=FACE_OUTER_BOUND('',#37950,.T.);
#37970=ADVANCED_FACE('',(#37960),#37710,.F.);
#37980=CARTESIAN_POINT('',(-4.756087,-4.69730099999999,1.59999999999987)
);
#37990=DIRECTION('',(-0.,0.970142500145332,-0.242535625036333));
#38000=DIRECTION('',(0.,0.242535625036333,0.970142500145332));
#38010=AXIS2_PLACEMENT_3D('',#37980,#37990,#38000);
#38020=PLANE('',#38010);
#38030=ORIENTED_EDGE('',*,*,#37320,.F.);
#38040=CARTESIAN_POINT('',(-5.106087,-4.62230099999999,1.89999999999987)
);
#38050=DIRECTION('',(0.235702260395517,-0.235702260395514,
-0.942809041582064));
#38060=VECTOR('',#38050,1.);
#38070=LINE('',#38040,#38060);
#38080=CARTESIAN_POINT('',(-5.031087,-4.69730099999999,1.59999999999987)
);
#38090=VERTEX_POINT('',#38080);
#38100=EDGE_CURVE('',#37230,#38090,#38070,.T.);
#38110=ORIENTED_EDGE('',*,*,#38100,.F.);
#38120=CARTESIAN_POINT('',(-5.031087,-4.69730099999999,1.59999999999987)
);
#38130=DIRECTION('',(1.,0.,0.));
#38140=VECTOR('',#38130,1.);
#38150=LINE('',#38120,#38140);
#38160=EDGE_CURVE('',#38090,#37770,#38150,.T.);
#38170=ORIENTED_EDGE('',*,*,#38160,.F.);
#38180=ORIENTED_EDGE('',*,*,#37930,.T.);
#38190=EDGE_LOOP('',(#38180,#38170,#38110,#38030));
#38200=FACE_OUTER_BOUND('',#38190,.T.);
#38210=ADVANCED_FACE('',(#38200),#38020,.T.);
#38220=CARTESIAN_POINT('',(-5.031087,-8.87380339999999,1.59999999999987)
);
#38230=DIRECTION('',(0.970142500145332,5.60976323348313E-18,
0.242535625036333));
#38240=DIRECTION('',(-0.242535625036333,2.24390529339325E-17,
0.970142500145332));
#38250=AXIS2_PLACEMENT_3D('',#38220,#38230,#38240);
#38260=PLANE('',#38250);
#38270=CARTESIAN_POINT('',(-5.031087,-4.69730099999999,1.59999999999987)
);
#38280=DIRECTION('',(0.,-1.,0.));
#38290=VECTOR('',#38280,1.);
#38300=LINE('',#38270,#38290);
#38310=CARTESIAN_POINT('',(-5.031087,-4.89730099999999,1.59999999999987)
);
#38320=VERTEX_POINT('',#38310);
#38330=EDGE_CURVE('',#38090,#38320,#38300,.T.);
#38340=ORIENTED_EDGE('',*,*,#38330,.T.);
#38350=ORIENTED_EDGE('',*,*,#38100,.T.);
#38360=CARTESIAN_POINT('',(-5.106087,-4.972301,1.89999999999987));
#38370=DIRECTION('',(0.,1.,0.));
#38380=VECTOR('',#38370,1.);
#38390=LINE('',#38360,#38380);
#38400=CARTESIAN_POINT('',(-5.106087,-4.97230099999999,1.89999999999987)
);
#38410=VERTEX_POINT('',#38400);
#38420=EDGE_CURVE('',#38410,#37230,#38390,.T.);
#38430=ORIENTED_EDGE('',*,*,#38420,.T.);
#38440=CARTESIAN_POINT('',(-5.031087,-4.897301,1.59999999999987));
#38450=DIRECTION('',(-0.235702260395517,-0.235702260395514,
0.942809041582064));
#38460=VECTOR('',#38450,1.);
#38470=LINE('',#38440,#38460);
#38480=EDGE_CURVE('',#38320,#38410,#38470,.T.);
#38490=ORIENTED_EDGE('',*,*,#38480,.T.);
#38500=EDGE_LOOP('',(#38490,#38430,#38350,#38340));
#38510=FACE_OUTER_BOUND('',#38500,.T.);
#38520=ADVANCED_FACE('',(#38510),#38260,.F.);
#38530=CARTESIAN_POINT('',(-4.756087,-4.97230099999999,1.89999999999987)
);
#38540=DIRECTION('',(-0.,-0.970142500145332,-0.242535625036333));
#38550=DIRECTION('',(0.,0.242535625036333,-0.970142500145332));
#38560=AXIS2_PLACEMENT_3D('',#38530,#38540,#38550);
#38570=PLANE('',#38560);
#38580=CARTESIAN_POINT('',(-4.75608699999999,-4.97230099999999,
1.89999999999987));
#38590=DIRECTION('',(-1.,0.,0.));
#38600=VECTOR('',#38590,1.);
#38610=LINE('',#38580,#38600);
#38620=EDGE_CURVE('',#37530,#38410,#38610,.T.);
#38630=ORIENTED_EDGE('',*,*,#38620,.T.);
#38640=ORIENTED_EDGE('',*,*,#37860,.T.);
#38650=CARTESIAN_POINT('',(-4.83108699999999,-4.89730099999999,
1.59999999999987));
#38660=DIRECTION('',(-1.,0.,0.));
#38670=VECTOR('',#38660,1.);
#38680=LINE('',#38650,#38670);
#38690=EDGE_CURVE('',#37790,#38320,#38680,.T.);
#38700=ORIENTED_EDGE('',*,*,#38690,.F.);
#38710=ORIENTED_EDGE('',*,*,#38480,.F.);
#38720=EDGE_LOOP('',(#38710,#38700,#38640,#38630));
#38730=FACE_OUTER_BOUND('',#38720,.T.);
#38740=ADVANCED_FACE('',(#38730),#38570,.T.);
#38750=CARTESIAN_POINT('',(-4.756087,-4.97230099999999,5.44999999999987)
);
#38760=DIRECTION('',(-0.,-1.,-3.70074341541719E-16));
#38770=DIRECTION('',(0.,3.70074341541719E-16,-1.));
#38780=AXIS2_PLACEMENT_3D('',#38750,#38760,#38770);
#38790=PLANE('',#38780);
#38800=ORIENTED_EDGE('',*,*,#37540,.T.);
#38810=ORIENTED_EDGE('',*,*,#38620,.F.);
#38820=CARTESIAN_POINT('',(-5.106087,-4.97230099999999,1.89999999999987)
);
#38830=DIRECTION('',(0.,0.,1.));
#38840=VECTOR('',#38830,1.);
#38850=LINE('',#38820,#38840);
#38860=EDGE_CURVE('',#38410,#30380,#38850,.T.);
#38870=ORIENTED_EDGE('',*,*,#38860,.F.);
#38880=ORIENTED_EDGE('',*,*,#30390,.T.);
#38890=EDGE_LOOP('',(#38880,#38870,#38810,#38800));
#38900=FACE_OUTER_BOUND('',#38890,.T.);
#38910=ADVANCED_FACE('',(#38900),#38790,.T.);
#38920=CARTESIAN_POINT('',(-5.106087,-4.79526773473205,4.14158443146156)
);
#38930=DIRECTION('',(-1.,-0.,-0.));
#38940=DIRECTION('',(0.,1.,0.));
#38950=AXIS2_PLACEMENT_3D('',#38920,#38930,#38940);
#38960=PLANE('',#38950);
#38970=ORIENTED_EDGE('',*,*,#37240,.F.);
#38980=ORIENTED_EDGE('',*,*,#30470,.T.);
#38990=ORIENTED_EDGE('',*,*,#38860,.T.);
#39000=ORIENTED_EDGE('',*,*,#38420,.F.);
#39010=EDGE_LOOP('',(#39000,#38990,#38980,#38970));
#39020=FACE_OUTER_BOUND('',#39010,.T.);
#39030=ADVANCED_FACE('',(#39020),#38960,.T.);
#39040=CARTESIAN_POINT('',(-4.756087,-4.89730099999999,1.59999999999987)
);
#39050=DIRECTION('',(-0.,-0.,-1.));
#39060=DIRECTION('',(0.,1.,0.));
#39070=AXIS2_PLACEMENT_3D('',#39040,#39050,#39060);
#39080=PLANE('',#39070);
#39090=ORIENTED_EDGE('',*,*,#38690,.T.);
#39100=ORIENTED_EDGE('',*,*,#37800,.T.);
#39110=ORIENTED_EDGE('',*,*,#38160,.T.);
#39120=ORIENTED_EDGE('',*,*,#38330,.F.);
#39130=EDGE_LOOP('',(#39120,#39110,#39100,#39090));
#39140=FACE_OUTER_BOUND('',#39130,.T.);
#39150=ADVANCED_FACE('',(#39140),#39080,.T.);
#39160=CARTESIAN_POINT('',(-2.256087,-4.62230099999999,1.99999999999987)
);
#39170=DIRECTION('',(-0.,1.,-2.31296463463574E-17));
#39180=DIRECTION('',(0.,2.31296463463574E-17,1.));
#39190=AXIS2_PLACEMENT_3D('',#39160,#39170,#39180);
#39200=PLANE('',#39190);
#39210=ORIENTED_EDGE('',*,*,#30870,.T.);
#39220=CARTESIAN_POINT('',(-2.606087,-4.62230099999999,1.89999999999987)
);
#39230=DIRECTION('',(0.,0.,1.));
#39240=VECTOR('',#39230,1.);
#39250=LINE('',#39220,#39240);
#39260=CARTESIAN_POINT('',(-2.606087,-4.62230099999999,1.89999999999987)
);
#39270=VERTEX_POINT('',#39260);
#39280=EDGE_CURVE('',#39270,#30800,#39250,.T.);
#39290=ORIENTED_EDGE('',*,*,#39280,.T.);
#39300=CARTESIAN_POINT('',(-2.256087,-4.62230099999999,1.89999999999987)
);
#39310=DIRECTION('',(-1.,0.,0.));
#39320=VECTOR('',#39310,1.);
#39330=LINE('',#39300,#39320);
#39340=CARTESIAN_POINT('',(-2.256087,-4.62230099999999,1.89999999999987)
);
#39350=VERTEX_POINT('',#39340);
#39360=EDGE_CURVE('',#39350,#39270,#39330,.T.);
#39370=ORIENTED_EDGE('',*,*,#39360,.T.);
#39380=CARTESIAN_POINT('',(-2.256087,-4.62230099999999,1.89999999999987)
);
#39390=DIRECTION('',(0.,0.,1.));
#39400=VECTOR('',#39390,1.);
#39410=LINE('',#39380,#39400);
#39420=EDGE_CURVE('',#39350,#30640,#39410,.T.);
#39430=ORIENTED_EDGE('',*,*,#39420,.F.);
#39440=EDGE_LOOP('',(#39430,#39370,#39290,#39210));
#39450=FACE_OUTER_BOUND('',#39440,.T.);
#39460=ADVANCED_FACE('',(#39450),#39200,.T.);
#39470=CARTESIAN_POINT('',(-2.256087,-4.79526773473205,4.14158443146156)
);
#39480=DIRECTION('',(-1.,-0.,-0.));
#39490=DIRECTION('',(0.,1.,0.));
#39500=AXIS2_PLACEMENT_3D('',#39470,#39480,#39490);
#39510=PLANE('',#39500);
#39520=CARTESIAN_POINT('',(-2.256087,-4.97230099999999,1.89999999999987)
);
#39530=DIRECTION('',(0.,0.,1.));
#39540=VECTOR('',#39530,1.);
#39550=LINE('',#39520,#39540);
#39560=CARTESIAN_POINT('',(-2.256087,-4.97230099999999,1.89999999999987)
);
#39570=VERTEX_POINT('',#39560);
#39580=EDGE_CURVE('',#39570,#30620,#39550,.T.);
#39590=ORIENTED_EDGE('',*,*,#39580,.F.);
#39600=ORIENTED_EDGE('',*,*,#30650,.F.);
#39610=ORIENTED_EDGE('',*,*,#39420,.T.);
#39620=CARTESIAN_POINT('',(-2.256087,-4.62230099999999,1.89999999999987)
);
#39630=DIRECTION('',(0.,-1.,0.));
#39640=VECTOR('',#39630,1.);
#39650=LINE('',#39620,#39640);
#39660=EDGE_CURVE('',#39350,#39570,#39650,.T.);
#39670=ORIENTED_EDGE('',*,*,#39660,.F.);
#39680=EDGE_LOOP('',(#39670,#39610,#39600,#39590));
#39690=FACE_OUTER_BOUND('',#39680,.T.);
#39700=ADVANCED_FACE('',(#39690),#39510,.F.);
#39710=CARTESIAN_POINT('',(-2.256087,-8.87380339999999,1.89999999999987)
);
#39720=DIRECTION('',(-0.970142500145332,5.60976323348313E-18,
0.242535625036333));
#39730=DIRECTION('',(-0.242535625036333,-2.24390529339325E-17,
-0.970142500145332));
#39740=AXIS2_PLACEMENT_3D('',#39710,#39720,#39730);
#39750=PLANE('',#39740);
#39760=CARTESIAN_POINT('',(-2.33108699999999,-4.69730099999999,
1.59999999999987));
#39770=DIRECTION('',(0.,-1.,0.));
#39780=VECTOR('',#39770,1.);
#39790=LINE('',#39760,#39780);
#39800=CARTESIAN_POINT('',(-2.331087,-4.69730099999999,1.59999999999987)
);
#39810=VERTEX_POINT('',#39800);
#39820=CARTESIAN_POINT('',(-2.331087,-4.89730099999999,1.59999999999987)
);
#39830=VERTEX_POINT('',#39820);
#39840=EDGE_CURVE('',#39810,#39830,#39790,.T.);
#39850=ORIENTED_EDGE('',*,*,#39840,.F.);
#39860=CARTESIAN_POINT('',(-2.33108699999999,-4.89730099999999,
1.59999999999987));
#39870=DIRECTION('',(0.235702260395516,-0.235702260395516,
0.942809041582063));
#39880=VECTOR('',#39870,1.);
#39890=LINE('',#39860,#39880);
#39900=EDGE_CURVE('',#39830,#39570,#39890,.T.);
#39910=ORIENTED_EDGE('',*,*,#39900,.F.);
#39920=ORIENTED_EDGE('',*,*,#39660,.T.);
#39930=CARTESIAN_POINT('',(-2.25608699999999,-4.62230099999999,
1.89999999999987));
#39940=DIRECTION('',(-0.235702260395516,-0.235702260395516,
-0.942809041582063));
#39950=VECTOR('',#39940,1.);
#39960=LINE('',#39930,#39950);
#39970=EDGE_CURVE('',#39350,#39810,#39960,.T.);
#39980=ORIENTED_EDGE('',*,*,#39970,.F.);
#39990=EDGE_LOOP('',(#39980,#39920,#39910,#39850));
#40000=FACE_OUTER_BOUND('',#39990,.T.);
#40010=ADVANCED_FACE('',(#40000),#39750,.F.);
#40020=CARTESIAN_POINT('',(-2.256087,-4.69730099999999,1.59999999999987)
);
#40030=DIRECTION('',(-0.,0.970142500145332,-0.242535625036333));
#40040=DIRECTION('',(0.,0.242535625036333,0.970142500145332));
#40050=AXIS2_PLACEMENT_3D('',#40020,#40030,#40040);
#40060=PLANE('',#40050);
#40070=ORIENTED_EDGE('',*,*,#39360,.F.);
#40080=CARTESIAN_POINT('',(-2.606087,-4.62230099999999,1.89999999999987)
);
#40090=DIRECTION('',(0.235702260395516,-0.235702260395516,
-0.942809041582063));
#40100=VECTOR('',#40090,1.);
#40110=LINE('',#40080,#40100);
#40120=CARTESIAN_POINT('',(-2.531087,-4.69730099999999,1.59999999999987)
);
#40130=VERTEX_POINT('',#40120);
#40140=EDGE_CURVE('',#39270,#40130,#40110,.T.);
#40150=ORIENTED_EDGE('',*,*,#40140,.F.);
#40160=CARTESIAN_POINT('',(-2.531087,-4.69730099999999,1.59999999999987)
);
#40170=DIRECTION('',(1.,0.,0.));
#40180=VECTOR('',#40170,1.);
#40190=LINE('',#40160,#40180);
#40200=EDGE_CURVE('',#40130,#39810,#40190,.T.);
#40210=ORIENTED_EDGE('',*,*,#40200,.F.);
#40220=ORIENTED_EDGE('',*,*,#39970,.T.);
#40230=EDGE_LOOP('',(#40220,#40210,#40150,#40070));
#40240=FACE_OUTER_BOUND('',#40230,.T.);
#40250=ADVANCED_FACE('',(#40240),#40060,.T.);
#40260=CARTESIAN_POINT('',(-2.531087,-8.87380339999999,1.59999999999987)
);
#40270=DIRECTION('',(0.970142500145332,5.60976323348313E-18,
0.242535625036333));
#40280=DIRECTION('',(-0.242535625036333,2.24390529339325E-17,
0.970142500145332));
#40290=AXIS2_PLACEMENT_3D('',#40260,#40270,#40280);
#40300=PLANE('',#40290);
#40310=CARTESIAN_POINT('',(-2.531087,-4.69730099999999,1.59999999999987)
);
#40320=DIRECTION('',(0.,-1.,0.));
#40330=VECTOR('',#40320,1.);
#40340=LINE('',#40310,#40330);
#40350=CARTESIAN_POINT('',(-2.531087,-4.89730099999999,1.59999999999987)
);
#40360=VERTEX_POINT('',#40350);
#40370=EDGE_CURVE('',#40130,#40360,#40340,.T.);
#40380=ORIENTED_EDGE('',*,*,#40370,.T.);
#40390=ORIENTED_EDGE('',*,*,#40140,.T.);
#40400=CARTESIAN_POINT('',(-2.606087,-4.972301,1.89999999999987));
#40410=DIRECTION('',(0.,1.,0.));
#40420=VECTOR('',#40410,1.);
#40430=LINE('',#40400,#40420);
#40440=CARTESIAN_POINT('',(-2.606087,-4.97230099999999,1.89999999999987)
);
#40450=VERTEX_POINT('',#40440);
#40460=EDGE_CURVE('',#40450,#39270,#40430,.T.);
#40470=ORIENTED_EDGE('',*,*,#40460,.T.);
#40480=CARTESIAN_POINT('',(-2.531087,-4.897301,1.59999999999987));
#40490=DIRECTION('',(-0.235702260395516,-0.235702260395514,
0.942809041582064));
#40500=VECTOR('',#40490,1.);
#40510=LINE('',#40480,#40500);
#40520=EDGE_CURVE('',#40360,#40450,#40510,.T.);
#40530=ORIENTED_EDGE('',*,*,#40520,.T.);
#40540=EDGE_LOOP('',(#40530,#40470,#40390,#40380));
#40550=FACE_OUTER_BOUND('',#40540,.T.);
#40560=ADVANCED_FACE('',(#40550),#40300,.F.);
#40570=CARTESIAN_POINT('',(-2.256087,-4.97230099999999,1.89999999999987)
);
#40580=DIRECTION('',(-0.,-0.970142500145332,-0.242535625036333));
#40590=DIRECTION('',(0.,0.242535625036333,-0.970142500145332));
#40600=AXIS2_PLACEMENT_3D('',#40570,#40580,#40590);
#40610=PLANE('',#40600);
#40620=CARTESIAN_POINT('',(-2.25608699999999,-4.97230099999999,
1.89999999999987));
#40630=DIRECTION('',(-1.,0.,0.));
#40640=VECTOR('',#40630,1.);
#40650=LINE('',#40620,#40640);
#40660=EDGE_CURVE('',#39570,#40450,#40650,.T.);
#40670=ORIENTED_EDGE('',*,*,#40660,.T.);
#40680=ORIENTED_EDGE('',*,*,#39900,.T.);
#40690=CARTESIAN_POINT('',(-2.33108699999999,-4.89730099999999,
1.59999999999987));
#40700=DIRECTION('',(-1.,0.,0.));
#40710=VECTOR('',#40700,1.);
#40720=LINE('',#40690,#40710);
#40730=EDGE_CURVE('',#39830,#40360,#40720,.T.);
#40740=ORIENTED_EDGE('',*,*,#40730,.F.);
#40750=ORIENTED_EDGE('',*,*,#40520,.F.);
#40760=EDGE_LOOP('',(#40750,#40740,#40680,#40670));
#40770=FACE_OUTER_BOUND('',#40760,.T.);
#40780=ADVANCED_FACE('',(#40770),#40610,.T.);
#40790=CARTESIAN_POINT('',(-2.256087,-4.97230099999999,5.44999999999987)
);
#40800=DIRECTION('',(-0.,-1.,-3.70074341541719E-16));
#40810=DIRECTION('',(0.,3.70074341541719E-16,-1.));
#40820=AXIS2_PLACEMENT_3D('',#40790,#40800,#40810);
#40830=PLANE('',#40820);
#40840=ORIENTED_EDGE('',*,*,#39580,.T.);
#40850=ORIENTED_EDGE('',*,*,#40660,.F.);
#40860=CARTESIAN_POINT('',(-2.606087,-4.97230099999999,1.89999999999987)
);
#40870=DIRECTION('',(0.,0.,1.));
#40880=VECTOR('',#40870,1.);
#40890=LINE('',#40860,#40880);
#40900=EDGE_CURVE('',#40450,#30720,#40890,.T.);
#40910=ORIENTED_EDGE('',*,*,#40900,.F.);
#40920=ORIENTED_EDGE('',*,*,#30730,.T.);
#40930=EDGE_LOOP('',(#40920,#40910,#40850,#40840));
#40940=FACE_OUTER_BOUND('',#40930,.T.);
#40950=ADVANCED_FACE('',(#40940),#40830,.T.);
#40960=CARTESIAN_POINT('',(-2.606087,-4.79526773473205,4.14158443146156)
);
#40970=DIRECTION('',(-1.,-0.,-0.));
#40980=DIRECTION('',(0.,1.,0.));
#40990=AXIS2_PLACEMENT_3D('',#40960,#40970,#40980);
#41000=PLANE('',#40990);
#41010=ORIENTED_EDGE('',*,*,#39280,.F.);
#41020=ORIENTED_EDGE('',*,*,#30810,.T.);
#41030=ORIENTED_EDGE('',*,*,#40900,.T.);
#41040=ORIENTED_EDGE('',*,*,#40460,.F.);
#41050=EDGE_LOOP('',(#41040,#41030,#41020,#41010));
#41060=FACE_OUTER_BOUND('',#41050,.T.);
#41070=ADVANCED_FACE('',(#41060),#41000,.T.);
#41080=CARTESIAN_POINT('',(-2.256087,-4.89730099999999,1.59999999999987)
);
#41090=DIRECTION('',(-0.,-0.,-1.));
#41100=DIRECTION('',(0.,1.,0.));
#41110=AXIS2_PLACEMENT_3D('',#41080,#41090,#41100);
#41120=PLANE('',#41110);
#41130=ORIENTED_EDGE('',*,*,#40730,.T.);
#41140=ORIENTED_EDGE('',*,*,#39840,.T.);
#41150=ORIENTED_EDGE('',*,*,#40200,.T.);
#41160=ORIENTED_EDGE('',*,*,#40370,.F.);
#41170=EDGE_LOOP('',(#41160,#41150,#41140,#41130));
#41180=FACE_OUTER_BOUND('',#41170,.T.);
#41190=ADVANCED_FACE('',(#41180),#41120,.T.);
#41200=CARTESIAN_POINT('',(1.49391300000001,-4.62230099999999,
1.99999999999987));
#41210=DIRECTION('',(-0.,1.,-2.31296463463574E-17));
#41220=DIRECTION('',(0.,2.31296463463574E-17,1.));
#41230=AXIS2_PLACEMENT_3D('',#41200,#41210,#41220);
#41240=PLANE('',#41230);
#41250=ORIENTED_EDGE('',*,*,#31210,.T.);
#41260=CARTESIAN_POINT('',(1.14391300000001,-4.62230099999999,
1.89999999999987));
#41270=DIRECTION('',(0.,0.,1.));
#41280=VECTOR('',#41270,1.);
#41290=LINE('',#41260,#41280);
#41300=CARTESIAN_POINT('',(1.14391300000001,-4.62230099999999,
1.89999999999987));
#41310=VERTEX_POINT('',#41300);
#41320=EDGE_CURVE('',#41310,#31140,#41290,.T.);
#41330=ORIENTED_EDGE('',*,*,#41320,.T.);
#41340=CARTESIAN_POINT('',(1.49391300000001,-4.62230099999999,
1.89999999999987));
#41350=DIRECTION('',(-1.,0.,0.));
#41360=VECTOR('',#41350,1.);
#41370=LINE('',#41340,#41360);
#41380=CARTESIAN_POINT('',(1.49391300000001,-4.62230099999999,
1.89999999999987));
#41390=VERTEX_POINT('',#41380);
#41400=EDGE_CURVE('',#41390,#41310,#41370,.T.);
#41410=ORIENTED_EDGE('',*,*,#41400,.T.);
#41420=CARTESIAN_POINT('',(1.49391300000001,-4.62230099999999,
1.89999999999987));
#41430=DIRECTION('',(0.,0.,1.));
#41440=VECTOR('',#41430,1.);
#41450=LINE('',#41420,#41440);
#41460=EDGE_CURVE('',#41390,#30980,#41450,.T.);
#41470=ORIENTED_EDGE('',*,*,#41460,.F.);
#41480=EDGE_LOOP('',(#41470,#41410,#41330,#41250));
#41490=FACE_OUTER_BOUND('',#41480,.T.);
#41500=ADVANCED_FACE('',(#41490),#41240,.T.);
#41510=CARTESIAN_POINT('',(1.49391300000001,-4.79526773473205,
4.14158443146156));
#41520=DIRECTION('',(-1.,-0.,-0.));
#41530=DIRECTION('',(0.,1.,0.));
#41540=AXIS2_PLACEMENT_3D('',#41510,#41520,#41530);
#41550=PLANE('',#41540);
#41560=CARTESIAN_POINT('',(1.49391300000001,-4.97230099999999,
1.89999999999987));
#41570=DIRECTION('',(0.,0.,1.));
#41580=VECTOR('',#41570,1.);
#41590=LINE('',#41560,#41580);
#41600=CARTESIAN_POINT('',(1.49391300000001,-4.97230099999999,
1.89999999999987));
#41610=VERTEX_POINT('',#41600);
#41620=EDGE_CURVE('',#41610,#30960,#41590,.T.);
#41630=ORIENTED_EDGE('',*,*,#41620,.F.);
#41640=ORIENTED_EDGE('',*,*,#30990,.F.);
#41650=ORIENTED_EDGE('',*,*,#41460,.T.);
#41660=CARTESIAN_POINT('',(1.49391300000001,-4.62230099999999,
1.89999999999987));
#41670=DIRECTION('',(0.,-1.,0.));
#41680=VECTOR('',#41670,1.);
#41690=LINE('',#41660,#41680);
#41700=EDGE_CURVE('',#41390,#41610,#41690,.T.);
#41710=ORIENTED_EDGE('',*,*,#41700,.F.);
#41720=EDGE_LOOP('',(#41710,#41650,#41640,#41630));
#41730=FACE_OUTER_BOUND('',#41720,.T.);
#41740=ADVANCED_FACE('',(#41730),#41550,.F.);
#41750=CARTESIAN_POINT('',(1.49391300000001,-8.87380339999999,
1.89999999999987));
#41760=DIRECTION('',(-0.970142500145332,5.60976323348313E-18,
0.242535625036333));
#41770=DIRECTION('',(-0.242535625036333,-2.24390529339325E-17,
-0.970142500145332));
#41780=AXIS2_PLACEMENT_3D('',#41750,#41760,#41770);
#41790=PLANE('',#41780);
#41800=CARTESIAN_POINT('',(1.41891300000001,-4.69730099999999,
1.59999999999987));
#41810=DIRECTION('',(0.,-1.,0.));
#41820=VECTOR('',#41810,1.);
#41830=LINE('',#41800,#41820);
#41840=CARTESIAN_POINT('',(1.41891300000001,-4.69730099999999,
1.59999999999987));
#41850=VERTEX_POINT('',#41840);
#41860=CARTESIAN_POINT('',(1.41891300000001,-4.89730099999999,
1.59999999999987));
#41870=VERTEX_POINT('',#41860);
#41880=EDGE_CURVE('',#41850,#41870,#41830,.T.);
#41890=ORIENTED_EDGE('',*,*,#41880,.F.);
#41900=CARTESIAN_POINT('',(1.41891300000001,-4.89730099999999,
1.59999999999987));
#41910=DIRECTION('',(0.235702260395516,-0.235702260395516,
0.942809041582063));
#41920=VECTOR('',#41910,1.);
#41930=LINE('',#41900,#41920);
#41940=EDGE_CURVE('',#41870,#41610,#41930,.T.);
#41950=ORIENTED_EDGE('',*,*,#41940,.F.);
#41960=ORIENTED_EDGE('',*,*,#41700,.T.);
#41970=CARTESIAN_POINT('',(1.49391300000001,-4.62230099999999,
1.89999999999987));
#41980=DIRECTION('',(-0.235702260395515,-0.235702260395516,
-0.942809041582063));
#41990=VECTOR('',#41980,1.);
#42000=LINE('',#41970,#41990);
#42010=EDGE_CURVE('',#41390,#41850,#42000,.T.);
#42020=ORIENTED_EDGE('',*,*,#42010,.F.);
#42030=EDGE_LOOP('',(#42020,#41960,#41950,#41890));
#42040=FACE_OUTER_BOUND('',#42030,.T.);
#42050=ADVANCED_FACE('',(#42040),#41790,.F.);
#42060=CARTESIAN_POINT('',(1.49391300000001,-4.69730099999999,
1.59999999999987));
#42070=DIRECTION('',(-0.,0.970142500145332,-0.242535625036333));
#42080=DIRECTION('',(0.,0.242535625036333,0.970142500145332));
#42090=AXIS2_PLACEMENT_3D('',#42060,#42070,#42080);
#42100=PLANE('',#42090);
#42110=ORIENTED_EDGE('',*,*,#41400,.F.);
#42120=CARTESIAN_POINT('',(1.14391300000001,-4.62230099999999,
1.89999999999987));
#42130=DIRECTION('',(0.235702260395516,-0.235702260395516,
-0.942809041582063));
#42140=VECTOR('',#42130,1.);
#42150=LINE('',#42120,#42140);
#42160=CARTESIAN_POINT('',(1.21891300000001,-4.69730099999999,
1.59999999999987));
#42170=VERTEX_POINT('',#42160);
#42180=EDGE_CURVE('',#41310,#42170,#42150,.T.);
#42190=ORIENTED_EDGE('',*,*,#42180,.F.);
#42200=CARTESIAN_POINT('',(1.21891300000001,-4.69730099999999,
1.59999999999987));
#42210=DIRECTION('',(1.,0.,0.));
#42220=VECTOR('',#42210,1.);
#42230=LINE('',#42200,#42220);
#42240=EDGE_CURVE('',#42170,#41850,#42230,.T.);
#42250=ORIENTED_EDGE('',*,*,#42240,.F.);
#42260=ORIENTED_EDGE('',*,*,#42010,.T.);
#42270=EDGE_LOOP('',(#42260,#42250,#42190,#42110));
#42280=FACE_OUTER_BOUND('',#42270,.T.);
#42290=ADVANCED_FACE('',(#42280),#42100,.T.);
#42300=CARTESIAN_POINT('',(1.21891300000001,-8.87380339999999,
1.59999999999987));
#42310=DIRECTION('',(0.970142500145332,5.60976323348313E-18,
0.242535625036333));
#42320=DIRECTION('',(-0.242535625036333,2.24390529339325E-17,
0.970142500145332));
#42330=AXIS2_PLACEMENT_3D('',#42300,#42310,#42320);
#42340=PLANE('',#42330);
#42350=CARTESIAN_POINT('',(1.21891300000001,-4.69730099999999,
1.59999999999987));
#42360=DIRECTION('',(0.,-1.,0.));
#42370=VECTOR('',#42360,1.);
#42380=LINE('',#42350,#42370);
#42390=CARTESIAN_POINT('',(1.21891300000001,-4.89730099999999,
1.59999999999987));
#42400=VERTEX_POINT('',#42390);
#42410=EDGE_CURVE('',#42170,#42400,#42380,.T.);
#42420=ORIENTED_EDGE('',*,*,#42410,.T.);
#42430=ORIENTED_EDGE('',*,*,#42180,.T.);
#42440=CARTESIAN_POINT('',(1.14391300000001,-4.972301,1.89999999999987))
;
#42450=DIRECTION('',(0.,1.,0.));
#42460=VECTOR('',#42450,1.);
#42470=LINE('',#42440,#42460);
#42480=CARTESIAN_POINT('',(1.14391300000001,-4.97230099999999,
1.89999999999987));
#42490=VERTEX_POINT('',#42480);
#42500=EDGE_CURVE('',#42490,#41310,#42470,.T.);
#42510=ORIENTED_EDGE('',*,*,#42500,.T.);
#42520=CARTESIAN_POINT('',(1.21891300000001,-4.897301,1.59999999999987))
;
#42530=DIRECTION('',(-0.235702260395516,-0.235702260395514,
0.942809041582064));
#42540=VECTOR('',#42530,1.);
#42550=LINE('',#42520,#42540);
#42560=EDGE_CURVE('',#42400,#42490,#42550,.T.);
#42570=ORIENTED_EDGE('',*,*,#42560,.T.);
#42580=EDGE_LOOP('',(#42570,#42510,#42430,#42420));
#42590=FACE_OUTER_BOUND('',#42580,.T.);
#42600=ADVANCED_FACE('',(#42590),#42340,.F.);
#42610=CARTESIAN_POINT('',(1.49391300000001,-4.97230099999999,
1.89999999999987));
#42620=DIRECTION('',(-0.,-0.970142500145332,-0.242535625036333));
#42630=DIRECTION('',(0.,0.242535625036333,-0.970142500145332));
#42640=AXIS2_PLACEMENT_3D('',#42610,#42620,#42630);
#42650=PLANE('',#42640);
#42660=CARTESIAN_POINT('',(1.49391300000001,-4.97230099999999,
1.89999999999987));
#42670=DIRECTION('',(-1.,0.,0.));
#42680=VECTOR('',#42670,1.);
#42690=LINE('',#42660,#42680);
#42700=EDGE_CURVE('',#41610,#42490,#42690,.T.);
#42710=ORIENTED_EDGE('',*,*,#42700,.T.);
#42720=ORIENTED_EDGE('',*,*,#41940,.T.);
#42730=CARTESIAN_POINT('',(1.41891300000001,-4.89730099999999,
1.59999999999987));
#42740=DIRECTION('',(-1.,0.,0.));
#42750=VECTOR('',#42740,1.);
#42760=LINE('',#42730,#42750);
#42770=EDGE_CURVE('',#41870,#42400,#42760,.T.);
#42780=ORIENTED_EDGE('',*,*,#42770,.F.);
#42790=ORIENTED_EDGE('',*,*,#42560,.F.);
#42800=EDGE_LOOP('',(#42790,#42780,#42720,#42710));
#42810=FACE_OUTER_BOUND('',#42800,.T.);
#42820=ADVANCED_FACE('',(#42810),#42650,.T.);
#42830=CARTESIAN_POINT('',(1.49391300000001,-4.97230099999999,
5.44999999999987));
#42840=DIRECTION('',(-0.,-1.,-3.70074341541719E-16));
#42850=DIRECTION('',(0.,3.70074341541719E-16,-1.));
#42860=AXIS2_PLACEMENT_3D('',#42830,#42840,#42850);
#42870=PLANE('',#42860);
#42880=ORIENTED_EDGE('',*,*,#41620,.T.);
#42890=ORIENTED_EDGE('',*,*,#42700,.F.);
#42900=CARTESIAN_POINT('',(1.14391300000001,-4.97230099999999,
1.89999999999987));
#42910=DIRECTION('',(0.,0.,1.));
#42920=VECTOR('',#42910,1.);
#42930=LINE('',#42900,#42920);
#42940=EDGE_CURVE('',#42490,#31060,#42930,.T.);
#42950=ORIENTED_EDGE('',*,*,#42940,.F.);
#42960=ORIENTED_EDGE('',*,*,#31070,.T.);
#42970=EDGE_LOOP('',(#42960,#42950,#42890,#42880));
#42980=FACE_OUTER_BOUND('',#42970,.T.);
#42990=ADVANCED_FACE('',(#42980),#42870,.T.);
#43000=CARTESIAN_POINT('',(1.14391300000001,-4.79526773473205,
4.14158443146156));
#43010=DIRECTION('',(-1.,-0.,-0.));
#43020=DIRECTION('',(0.,1.,0.));
#43030=AXIS2_PLACEMENT_3D('',#43000,#43010,#43020);
#43040=PLANE('',#43030);
#43050=ORIENTED_EDGE('',*,*,#41320,.F.);
#43060=ORIENTED_EDGE('',*,*,#31150,.T.);
#43070=ORIENTED_EDGE('',*,*,#42940,.T.);
#43080=ORIENTED_EDGE('',*,*,#42500,.F.);
#43090=EDGE_LOOP('',(#43080,#43070,#43060,#43050));
#43100=FACE_OUTER_BOUND('',#43090,.T.);
#43110=ADVANCED_FACE('',(#43100),#43040,.T.);
#43120=CARTESIAN_POINT('',(1.49391300000001,-4.89730099999999,
1.59999999999987));
#43130=DIRECTION('',(-0.,-0.,-1.));
#43140=DIRECTION('',(0.,1.,0.));
#43150=AXIS2_PLACEMENT_3D('',#43120,#43130,#43140);
#43160=PLANE('',#43150);
#43170=ORIENTED_EDGE('',*,*,#42770,.T.);
#43180=ORIENTED_EDGE('',*,*,#41880,.T.);
#43190=ORIENTED_EDGE('',*,*,#42240,.T.);
#43200=ORIENTED_EDGE('',*,*,#42410,.F.);
#43210=EDGE_LOOP('',(#43200,#43190,#43180,#43170));
#43220=FACE_OUTER_BOUND('',#43210,.T.);
#43230=ADVANCED_FACE('',(#43220),#43160,.T.);
#43240=CARTESIAN_POINT('',(2.74391300000001,-4.62230099999999,
1.99999999999987));
#43250=DIRECTION('',(-0.,1.,-2.31296463463574E-17));
#43260=DIRECTION('',(0.,2.31296463463574E-17,1.));
#43270=AXIS2_PLACEMENT_3D('',#43240,#43250,#43260);
#43280=PLANE('',#43270);
#43290=ORIENTED_EDGE('',*,*,#31550,.T.);
#43300=CARTESIAN_POINT('',(2.39391300000001,-4.62230099999999,
1.89999999999987));
#43310=DIRECTION('',(0.,0.,1.));
#43320=VECTOR('',#43310,1.);
#43330=LINE('',#43300,#43320);
#43340=CARTESIAN_POINT('',(2.39391300000001,-4.62230099999999,
1.89999999999987));
#43350=VERTEX_POINT('',#43340);
#43360=EDGE_CURVE('',#43350,#31480,#43330,.T.);
#43370=ORIENTED_EDGE('',*,*,#43360,.T.);
#43380=CARTESIAN_POINT('',(2.74391300000001,-4.62230099999999,
1.89999999999987));
#43390=DIRECTION('',(-1.,0.,0.));
#43400=VECTOR('',#43390,1.);
#43410=LINE('',#43380,#43400);
#43420=CARTESIAN_POINT('',(2.74391300000001,-4.62230099999999,
1.89999999999987));
#43430=VERTEX_POINT('',#43420);
#43440=EDGE_CURVE('',#43430,#43350,#43410,.T.);
#43450=ORIENTED_EDGE('',*,*,#43440,.T.);
#43460=CARTESIAN_POINT('',(2.74391300000001,-4.62230099999999,
1.89999999999987));
#43470=DIRECTION('',(0.,0.,1.));
#43480=VECTOR('',#43470,1.);
#43490=LINE('',#43460,#43480);
#43500=EDGE_CURVE('',#43430,#31320,#43490,.T.);
#43510=ORIENTED_EDGE('',*,*,#43500,.F.);
#43520=EDGE_LOOP('',(#43510,#43450,#43370,#43290));
#43530=FACE_OUTER_BOUND('',#43520,.T.);
#43540=ADVANCED_FACE('',(#43530),#43280,.T.);
#43550=CARTESIAN_POINT('',(2.74391300000001,-4.79526773473205,
4.14158443146156));
#43560=DIRECTION('',(-1.,-0.,-0.));
#43570=DIRECTION('',(0.,1.,0.));
#43580=AXIS2_PLACEMENT_3D('',#43550,#43560,#43570);
#43590=PLANE('',#43580);
#43600=CARTESIAN_POINT('',(2.74391300000001,-4.97230099999999,
1.89999999999987));
#43610=DIRECTION('',(0.,0.,1.));
#43620=VECTOR('',#43610,1.);
#43630=LINE('',#43600,#43620);
#43640=CARTESIAN_POINT('',(2.74391300000001,-4.97230099999999,
1.89999999999987));
#43650=VERTEX_POINT('',#43640);
#43660=EDGE_CURVE('',#43650,#31300,#43630,.T.);
#43670=ORIENTED_EDGE('',*,*,#43660,.F.);
#43680=ORIENTED_EDGE('',*,*,#31330,.F.);
#43690=ORIENTED_EDGE('',*,*,#43500,.T.);
#43700=CARTESIAN_POINT('',(2.74391300000001,-4.62230099999999,
1.89999999999987));
#43710=DIRECTION('',(0.,-1.,0.));
#43720=VECTOR('',#43710,1.);
#43730=LINE('',#43700,#43720);
#43740=EDGE_CURVE('',#43430,#43650,#43730,.T.);
#43750=ORIENTED_EDGE('',*,*,#43740,.F.);
#43760=EDGE_LOOP('',(#43750,#43690,#43680,#43670));
#43770=FACE_OUTER_BOUND('',#43760,.T.);
#43780=ADVANCED_FACE('',(#43770),#43590,.F.);
#43790=CARTESIAN_POINT('',(2.74391300000001,-8.87380339999999,
1.89999999999987));
#43800=DIRECTION('',(-0.970142500145332,5.60976323348313E-18,
0.242535625036333));
#43810=DIRECTION('',(-0.242535625036333,-2.24390529339325E-17,
-0.970142500145332));
#43820=AXIS2_PLACEMENT_3D('',#43790,#43800,#43810);
#43830=PLANE('',#43820);
#43840=CARTESIAN_POINT('',(2.66891300000001,-4.69730099999999,
1.59999999999987));
#43850=DIRECTION('',(0.,-1.,0.));
#43860=VECTOR('',#43850,1.);
#43870=LINE('',#43840,#43860);
#43880=CARTESIAN_POINT('',(2.66891300000001,-4.69730099999999,
1.59999999999987));
#43890=VERTEX_POINT('',#43880);
#43900=CARTESIAN_POINT('',(2.66891300000001,-4.89730099999999,
1.59999999999987));
#43910=VERTEX_POINT('',#43900);
#43920=EDGE_CURVE('',#43890,#43910,#43870,.T.);
#43930=ORIENTED_EDGE('',*,*,#43920,.F.);
#43940=CARTESIAN_POINT('',(2.66891300000001,-4.89730099999999,
1.59999999999987));
#43950=DIRECTION('',(0.235702260395518,-0.235702260395516,
0.942809041582063));
#43960=VECTOR('',#43950,1.);
#43970=LINE('',#43940,#43960);
#43980=EDGE_CURVE('',#43910,#43650,#43970,.T.);
#43990=ORIENTED_EDGE('',*,*,#43980,.F.);
#44000=ORIENTED_EDGE('',*,*,#43740,.T.);
#44010=CARTESIAN_POINT('',(2.74391300000001,-4.62230099999999,
1.89999999999987));
#44020=DIRECTION('',(-0.235702260395516,-0.235702260395516,
-0.942809041582063));
#44030=VECTOR('',#44020,1.);
#44040=LINE('',#44010,#44030);
#44050=EDGE_CURVE('',#43430,#43890,#44040,.T.);
#44060=ORIENTED_EDGE('',*,*,#44050,.F.);
#44070=EDGE_LOOP('',(#44060,#44000,#43990,#43930));
#44080=FACE_OUTER_BOUND('',#44070,.T.);
#44090=ADVANCED_FACE('',(#44080),#43830,.F.);
#44100=CARTESIAN_POINT('',(2.74391300000001,-4.69730099999999,
1.59999999999987));
#44110=DIRECTION('',(-0.,0.970142500145332,-0.242535625036333));
#44120=DIRECTION('',(0.,0.242535625036333,0.970142500145332));
#44130=AXIS2_PLACEMENT_3D('',#44100,#44110,#44120);
#44140=PLANE('',#44130);
#44150=ORIENTED_EDGE('',*,*,#43440,.F.);
#44160=CARTESIAN_POINT('',(2.39391300000001,-4.62230099999999,
1.89999999999987));
#44170=DIRECTION('',(0.235702260395516,-0.235702260395516,
-0.942809041582063));
#44180=VECTOR('',#44170,1.);
#44190=LINE('',#44160,#44180);
#44200=CARTESIAN_POINT('',(2.46891300000001,-4.69730099999999,
1.59999999999987));
#44210=VERTEX_POINT('',#44200);
#44220=EDGE_CURVE('',#43350,#44210,#44190,.T.);
#44230=ORIENTED_EDGE('',*,*,#44220,.F.);
#44240=CARTESIAN_POINT('',(2.46891300000001,-4.69730099999999,
1.59999999999987));
#44250=DIRECTION('',(1.,0.,0.));
#44260=VECTOR('',#44250,1.);
#44270=LINE('',#44240,#44260);
#44280=EDGE_CURVE('',#44210,#43890,#44270,.T.);
#44290=ORIENTED_EDGE('',*,*,#44280,.F.);
#44300=ORIENTED_EDGE('',*,*,#44050,.T.);
#44310=EDGE_LOOP('',(#44300,#44290,#44230,#44150));
#44320=FACE_OUTER_BOUND('',#44310,.T.);
#44330=ADVANCED_FACE('',(#44320),#44140,.T.);
#44340=CARTESIAN_POINT('',(2.46891300000001,-8.87380339999999,
1.59999999999987));
#44350=DIRECTION('',(0.970142500145332,5.60976323348313E-18,
0.242535625036333));
#44360=DIRECTION('',(-0.242535625036333,2.24390529339325E-17,
0.970142500145332));
#44370=AXIS2_PLACEMENT_3D('',#44340,#44350,#44360);
#44380=PLANE('',#44370);
#44390=CARTESIAN_POINT('',(2.46891300000001,-4.69730099999999,
1.59999999999987));
#44400=DIRECTION('',(0.,-1.,0.));
#44410=VECTOR('',#44400,1.);
#44420=LINE('',#44390,#44410);
#44430=CARTESIAN_POINT('',(2.46891300000001,-4.89730099999999,
1.59999999999987));
#44440=VERTEX_POINT('',#44430);
#44450=EDGE_CURVE('',#44210,#44440,#44420,.T.);
#44460=ORIENTED_EDGE('',*,*,#44450,.T.);
#44470=ORIENTED_EDGE('',*,*,#44220,.T.);
#44480=CARTESIAN_POINT('',(2.39391300000001,-4.972301,1.89999999999987))
;
#44490=DIRECTION('',(0.,1.,0.));
#44500=VECTOR('',#44490,1.);
#44510=LINE('',#44480,#44500);
#44520=CARTESIAN_POINT('',(2.39391300000001,-4.97230099999999,
1.89999999999987));
#44530=VERTEX_POINT('',#44520);
#44540=EDGE_CURVE('',#44530,#43350,#44510,.T.);
#44550=ORIENTED_EDGE('',*,*,#44540,.T.);
#44560=CARTESIAN_POINT('',(2.46891300000001,-4.897301,1.59999999999987))
;
#44570=DIRECTION('',(-0.235702260395516,-0.235702260395519,
0.942809041582063));
#44580=VECTOR('',#44570,1.);
#44590=LINE('',#44560,#44580);
#44600=EDGE_CURVE('',#44440,#44530,#44590,.T.);
#44610=ORIENTED_EDGE('',*,*,#44600,.T.);
#44620=EDGE_LOOP('',(#44610,#44550,#44470,#44460));
#44630=FACE_OUTER_BOUND('',#44620,.T.);
#44640=ADVANCED_FACE('',(#44630),#44380,.F.);
#44650=CARTESIAN_POINT('',(2.74391300000001,-4.97230099999999,
1.89999999999987));
#44660=DIRECTION('',(-0.,-0.970142500145332,-0.242535625036333));
#44670=DIRECTION('',(0.,0.242535625036333,-0.970142500145332));
#44680=AXIS2_PLACEMENT_3D('',#44650,#44660,#44670);
#44690=PLANE('',#44680);
#44700=CARTESIAN_POINT('',(2.74391300000001,-4.97230099999999,
1.89999999999987));
#44710=DIRECTION('',(-1.,0.,0.));
#44720=VECTOR('',#44710,1.);
#44730=LINE('',#44700,#44720);
#44740=EDGE_CURVE('',#43650,#44530,#44730,.T.);
#44750=ORIENTED_EDGE('',*,*,#44740,.T.);
#44760=ORIENTED_EDGE('',*,*,#43980,.T.);
#44770=CARTESIAN_POINT('',(2.66891300000001,-4.89730099999999,
1.59999999999987));
#44780=DIRECTION('',(-1.,0.,0.));
#44790=VECTOR('',#44780,1.);
#44800=LINE('',#44770,#44790);
#44810=EDGE_CURVE('',#43910,#44440,#44800,.T.);
#44820=ORIENTED_EDGE('',*,*,#44810,.F.);
#44830=ORIENTED_EDGE('',*,*,#44600,.F.);
#44840=EDGE_LOOP('',(#44830,#44820,#44760,#44750));
#44850=FACE_OUTER_BOUND('',#44840,.T.);
#44860=ADVANCED_FACE('',(#44850),#44690,.T.);
#44870=CARTESIAN_POINT('',(2.74391300000001,-4.97230099999999,
5.44999999999987));
#44880=DIRECTION('',(-0.,-1.,-3.70074341541719E-16));
#44890=DIRECTION('',(0.,3.70074341541719E-16,-1.));
#44900=AXIS2_PLACEMENT_3D('',#44870,#44880,#44890);
#44910=PLANE('',#44900);
#44920=ORIENTED_EDGE('',*,*,#43660,.T.);
#44930=ORIENTED_EDGE('',*,*,#44740,.F.);
#44940=CARTESIAN_POINT('',(2.39391300000001,-4.97230099999999,
1.89999999999987));
#44950=DIRECTION('',(0.,0.,1.));
#44960=VECTOR('',#44950,1.);
#44970=LINE('',#44940,#44960);
#44980=EDGE_CURVE('',#44530,#31400,#44970,.T.);
#44990=ORIENTED_EDGE('',*,*,#44980,.F.);
#45000=ORIENTED_EDGE('',*,*,#31410,.T.);
#45010=EDGE_LOOP('',(#45000,#44990,#44930,#44920));
#45020=FACE_OUTER_BOUND('',#45010,.T.);
#45030=ADVANCED_FACE('',(#45020),#44910,.T.);
#45040=CARTESIAN_POINT('',(2.39391300000001,-4.79526773473205,
4.14158443146156));
#45050=DIRECTION('',(-1.,-0.,-0.));
#45060=DIRECTION('',(0.,1.,0.));
#45070=AXIS2_PLACEMENT_3D('',#45040,#45050,#45060);
#45080=PLANE('',#45070);
#45090=ORIENTED_EDGE('',*,*,#43360,.F.);
#45100=ORIENTED_EDGE('',*,*,#31490,.T.);
#45110=ORIENTED_EDGE('',*,*,#44980,.T.);
#45120=ORIENTED_EDGE('',*,*,#44540,.F.);
#45130=EDGE_LOOP('',(#45120,#45110,#45100,#45090));
#45140=FACE_OUTER_BOUND('',#45130,.T.);
#45150=ADVANCED_FACE('',(#45140),#45080,.T.);
#45160=CARTESIAN_POINT('',(2.74391300000001,-4.89730099999999,
1.59999999999987));
#45170=DIRECTION('',(-0.,-0.,-1.));
#45180=DIRECTION('',(0.,1.,0.));
#45190=AXIS2_PLACEMENT_3D('',#45160,#45170,#45180);
#45200=PLANE('',#45190);
#45210=ORIENTED_EDGE('',*,*,#44810,.T.);
#45220=ORIENTED_EDGE('',*,*,#43920,.T.);
#45230=ORIENTED_EDGE('',*,*,#44280,.T.);
#45240=ORIENTED_EDGE('',*,*,#44450,.F.);
#45250=EDGE_LOOP('',(#45240,#45230,#45220,#45210));
#45260=FACE_OUTER_BOUND('',#45250,.T.);
#45270=ADVANCED_FACE('',(#45260),#45200,.T.);
#45280=CARTESIAN_POINT('',(0.243913000000008,-4.62230099999999,
1.99999999999987));
#45290=DIRECTION('',(-0.,1.,-2.31296463463574E-17));
#45300=DIRECTION('',(0.,2.31296463463574E-17,1.));
#45310=AXIS2_PLACEMENT_3D('',#45280,#45290,#45300);
#45320=PLANE('',#45310);
#45330=ORIENTED_EDGE('',*,*,#31890,.T.);
#45340=CARTESIAN_POINT('',(-0.106086999999992,-4.62230099999999,
1.89999999999987));
#45350=DIRECTION('',(0.,0.,1.));
#45360=VECTOR('',#45350,1.);
#45370=LINE('',#45340,#45360);
#45380=CARTESIAN_POINT('',(-0.106086999999992,-4.62230099999999,
1.89999999999987));
#45390=VERTEX_POINT('',#45380);
#45400=EDGE_CURVE('',#45390,#31820,#45370,.T.);
#45410=ORIENTED_EDGE('',*,*,#45400,.T.);
#45420=CARTESIAN_POINT('',(0.243913000000008,-4.62230099999999,
1.89999999999987));
#45430=DIRECTION('',(-1.,0.,0.));
#45440=VECTOR('',#45430,1.);
#45450=LINE('',#45420,#45440);
#45460=CARTESIAN_POINT('',(0.243913000000008,-4.62230099999999,
1.89999999999987));
#45470=VERTEX_POINT('',#45460);
#45480=EDGE_CURVE('',#45470,#45390,#45450,.T.);
#45490=ORIENTED_EDGE('',*,*,#45480,.T.);
#45500=CARTESIAN_POINT('',(0.243913000000008,-4.62230099999999,
1.89999999999987));
#45510=DIRECTION('',(0.,0.,1.));
#45520=VECTOR('',#45510,1.);
#45530=LINE('',#45500,#45520);
#45540=EDGE_CURVE('',#45470,#31660,#45530,.T.);
#45550=ORIENTED_EDGE('',*,*,#45540,.F.);
#45560=EDGE_LOOP('',(#45550,#45490,#45410,#45330));
#45570=FACE_OUTER_BOUND('',#45560,.T.);
#45580=ADVANCED_FACE('',(#45570),#45320,.T.);
#45590=CARTESIAN_POINT('',(0.243913000000008,-4.79526773473205,
4.14158443146156));
#45600=DIRECTION('',(-1.,-0.,-0.));
#45610=DIRECTION('',(0.,1.,0.));
#45620=AXIS2_PLACEMENT_3D('',#45590,#45600,#45610);
#45630=PLANE('',#45620);
#45640=CARTESIAN_POINT('',(0.243913000000008,-4.97230099999999,
1.89999999999987));
#45650=DIRECTION('',(0.,0.,1.));
#45660=VECTOR('',#45650,1.);
#45670=LINE('',#45640,#45660);
#45680=CARTESIAN_POINT('',(0.243913000000008,-4.97230099999999,
1.89999999999987));
#45690=VERTEX_POINT('',#45680);
#45700=EDGE_CURVE('',#45690,#31640,#45670,.T.);
#45710=ORIENTED_EDGE('',*,*,#45700,.F.);
#45720=ORIENTED_EDGE('',*,*,#31670,.F.);
#45730=ORIENTED_EDGE('',*,*,#45540,.T.);
#45740=CARTESIAN_POINT('',(0.243913000000008,-4.62230099999999,
1.89999999999987));
#45750=DIRECTION('',(0.,-1.,0.));
#45760=VECTOR('',#45750,1.);
#45770=LINE('',#45740,#45760);
#45780=EDGE_CURVE('',#45470,#45690,#45770,.T.);
#45790=ORIENTED_EDGE('',*,*,#45780,.F.);
#45800=EDGE_LOOP('',(#45790,#45730,#45720,#45710));
#45810=FACE_OUTER_BOUND('',#45800,.T.);
#45820=ADVANCED_FACE('',(#45810),#45630,.F.);
#45830=CARTESIAN_POINT('',(0.243913000000008,-8.87380339999999,
1.89999999999987));
#45840=DIRECTION('',(-0.970142500145332,5.60976323348313E-18,
0.242535625036333));
#45850=DIRECTION('',(-0.242535625036333,-2.24390529339325E-17,
-0.970142500145332));
#45860=AXIS2_PLACEMENT_3D('',#45830,#45840,#45850);
#45870=PLANE('',#45860);
#45880=CARTESIAN_POINT('',(0.168913000000008,-4.69730099999999,
1.59999999999987));
#45890=DIRECTION('',(0.,-1.,0.));
#45900=VECTOR('',#45890,1.);
#45910=LINE('',#45880,#45900);
#45920=CARTESIAN_POINT('',(0.168913000000008,-4.69730099999999,
1.59999999999987));
#45930=VERTEX_POINT('',#45920);
#45940=CARTESIAN_POINT('',(0.168913000000008,-4.89730099999999,
1.59999999999987));
#45950=VERTEX_POINT('',#45940);
#45960=EDGE_CURVE('',#45930,#45950,#45910,.T.);
#45970=ORIENTED_EDGE('',*,*,#45960,.F.);
#45980=CARTESIAN_POINT('',(0.168913000000008,-4.89730099999999,
1.59999999999987));
#45990=DIRECTION('',(0.235702260395516,-0.235702260395516,
0.942809041582063));
#46000=VECTOR('',#45990,1.);
#46010=LINE('',#45980,#46000);
#46020=EDGE_CURVE('',#45950,#45690,#46010,.T.);
#46030=ORIENTED_EDGE('',*,*,#46020,.F.);
#46040=ORIENTED_EDGE('',*,*,#45780,.T.);
#46050=CARTESIAN_POINT('',(0.243913000000008,-4.62230099999999,
1.89999999999987));
#46060=DIRECTION('',(-0.235702260395516,-0.235702260395516,
-0.942809041582063));
#46070=VECTOR('',#46060,1.);
#46080=LINE('',#46050,#46070);
#46090=EDGE_CURVE('',#45470,#45930,#46080,.T.);
#46100=ORIENTED_EDGE('',*,*,#46090,.F.);
#46110=EDGE_LOOP('',(#46100,#46040,#46030,#45970));
#46120=FACE_OUTER_BOUND('',#46110,.T.);
#46130=ADVANCED_FACE('',(#46120),#45870,.F.);
#46140=CARTESIAN_POINT('',(0.243913000000008,-4.69730099999999,
1.59999999999987));
#46150=DIRECTION('',(-0.,0.970142500145332,-0.242535625036333));
#46160=DIRECTION('',(0.,0.242535625036333,0.970142500145332));
#46170=AXIS2_PLACEMENT_3D('',#46140,#46150,#46160);
#46180=PLANE('',#46170);
#46190=ORIENTED_EDGE('',*,*,#45480,.F.);
#46200=CARTESIAN_POINT('',(-0.106086999999992,-4.62230099999999,
1.89999999999987));
#46210=DIRECTION('',(0.235702260395516,-0.235702260395516,
-0.942809041582063));
#46220=VECTOR('',#46210,1.);
#46230=LINE('',#46200,#46220);
#46240=CARTESIAN_POINT('',(-0.0310869999999927,-4.69730099999999,
1.59999999999987));
#46250=VERTEX_POINT('',#46240);
#46260=EDGE_CURVE('',#45390,#46250,#46230,.T.);
#46270=ORIENTED_EDGE('',*,*,#46260,.F.);
#46280=CARTESIAN_POINT('',(-0.0310869999999919,-4.69730099999999,
1.59999999999987));
#46290=DIRECTION('',(1.,0.,0.));
#46300=VECTOR('',#46290,1.);
#46310=LINE('',#46280,#46300);
#46320=EDGE_CURVE('',#46250,#45930,#46310,.T.);
#46330=ORIENTED_EDGE('',*,*,#46320,.F.);
#46340=ORIENTED_EDGE('',*,*,#46090,.T.);
#46350=EDGE_LOOP('',(#46340,#46330,#46270,#46190));
#46360=FACE_OUTER_BOUND('',#46350,.T.);
#46370=ADVANCED_FACE('',(#46360),#46180,.T.);
#46380=CARTESIAN_POINT('',(-0.0310869999999919,-8.87380339999999,
1.59999999999987));
#46390=DIRECTION('',(0.970142500145332,5.60976323348313E-18,
0.242535625036333));
#46400=DIRECTION('',(-0.242535625036333,2.24390529339325E-17,
0.970142500145332));
#46410=AXIS2_PLACEMENT_3D('',#46380,#46390,#46400);
#46420=PLANE('',#46410);
#46430=CARTESIAN_POINT('',(-0.0310869999999919,-4.69730099999999,
1.59999999999987));
#46440=DIRECTION('',(0.,-1.,0.));
#46450=VECTOR('',#46440,1.);
#46460=LINE('',#46430,#46450);
#46470=CARTESIAN_POINT('',(-0.0310869999999922,-4.89730099999999,
1.59999999999987));
#46480=VERTEX_POINT('',#46470);
#46490=EDGE_CURVE('',#46250,#46480,#46460,.T.);
#46500=ORIENTED_EDGE('',*,*,#46490,.T.);
#46510=ORIENTED_EDGE('',*,*,#46260,.T.);
#46520=CARTESIAN_POINT('',(-0.106086999999992,-4.972301,1.89999999999987
));
#46530=DIRECTION('',(0.,1.,0.));
#46540=VECTOR('',#46530,1.);
#46550=LINE('',#46520,#46540);
#46560=CARTESIAN_POINT('',(-0.106086999999992,-4.97230099999999,
1.89999999999987));
#46570=VERTEX_POINT('',#46560);
#46580=EDGE_CURVE('',#46570,#45390,#46550,.T.);
#46590=ORIENTED_EDGE('',*,*,#46580,.T.);
#46600=CARTESIAN_POINT('',(-0.0310869999999919,-4.897301,
1.59999999999987));
#46610=DIRECTION('',(-0.235702260395516,-0.235702260395514,
0.942809041582064));
#46620=VECTOR('',#46610,1.);
#46630=LINE('',#46600,#46620);
#46640=EDGE_CURVE('',#46480,#46570,#46630,.T.);
#46650=ORIENTED_EDGE('',*,*,#46640,.T.);
#46660=EDGE_LOOP('',(#46650,#46590,#46510,#46500));
#46670=FACE_OUTER_BOUND('',#46660,.T.);
#46680=ADVANCED_FACE('',(#46670),#46420,.F.);
#46690=CARTESIAN_POINT('',(0.243913000000008,-4.97230099999999,
1.89999999999987));
#46700=DIRECTION('',(-0.,-0.970142500145332,-0.242535625036333));
#46710=DIRECTION('',(0.,0.242535625036333,-0.970142500145332));
#46720=AXIS2_PLACEMENT_3D('',#46690,#46700,#46710);
#46730=PLANE('',#46720);
#46740=CARTESIAN_POINT('',(0.243913000000008,-4.97230099999999,
1.89999999999987));
#46750=DIRECTION('',(-1.,0.,0.));
#46760=VECTOR('',#46750,1.);
#46770=LINE('',#46740,#46760);
#46780=EDGE_CURVE('',#45690,#46570,#46770,.T.);
#46790=ORIENTED_EDGE('',*,*,#46780,.T.);
#46800=ORIENTED_EDGE('',*,*,#46020,.T.);
#46810=CARTESIAN_POINT('',(0.168913000000008,-4.89730099999999,
1.59999999999987));
#46820=DIRECTION('',(-1.,0.,0.));
#46830=VECTOR('',#46820,1.);
#46840=LINE('',#46810,#46830);
#46850=EDGE_CURVE('',#45950,#46480,#46840,.T.);
#46860=ORIENTED_EDGE('',*,*,#46850,.F.);
#46870=ORIENTED_EDGE('',*,*,#46640,.F.);
#46880=EDGE_LOOP('',(#46870,#46860,#46800,#46790));
#46890=FACE_OUTER_BOUND('',#46880,.T.);
#46900=ADVANCED_FACE('',(#46890),#46730,.T.);
#46910=CARTESIAN_POINT('',(0.243913000000008,-4.97230099999999,
5.44999999999987));
#46920=DIRECTION('',(-0.,-1.,-3.70074341541719E-16));
#46930=DIRECTION('',(0.,3.70074341541719E-16,-1.));
#46940=AXIS2_PLACEMENT_3D('',#46910,#46920,#46930);
#46950=PLANE('',#46940);
#46960=ORIENTED_EDGE('',*,*,#45700,.T.);
#46970=ORIENTED_EDGE('',*,*,#46780,.F.);
#46980=CARTESIAN_POINT('',(-0.106086999999992,-4.97230099999999,
1.89999999999987));
#46990=DIRECTION('',(0.,0.,1.));
#47000=VECTOR('',#46990,1.);
#47010=LINE('',#46980,#47000);
#47020=EDGE_CURVE('',#46570,#31740,#47010,.T.);
#47030=ORIENTED_EDGE('',*,*,#47020,.F.);
#47040=ORIENTED_EDGE('',*,*,#31750,.T.);
#47050=EDGE_LOOP('',(#47040,#47030,#46970,#46960));
#47060=FACE_OUTER_BOUND('',#47050,.T.);
#47070=ADVANCED_FACE('',(#47060),#46950,.T.);
#47080=CARTESIAN_POINT('',(-0.106086999999992,-4.79526773473205,
4.14158443146156));
#47090=DIRECTION('',(-1.,-0.,-0.));
#47100=DIRECTION('',(0.,1.,0.));
#47110=AXIS2_PLACEMENT_3D('',#47080,#47090,#47100);
#47120=PLANE('',#47110);
#47130=ORIENTED_EDGE('',*,*,#45400,.F.);
#47140=ORIENTED_EDGE('',*,*,#31830,.T.);
#47150=ORIENTED_EDGE('',*,*,#47020,.T.);
#47160=ORIENTED_EDGE('',*,*,#46580,.F.);
#47170=EDGE_LOOP('',(#47160,#47150,#47140,#47130));
#47180=FACE_OUTER_BOUND('',#47170,.T.);
#47190=ADVANCED_FACE('',(#47180),#47120,.T.);
#47200=CARTESIAN_POINT('',(0.243913000000008,-4.89730099999999,
1.59999999999987));
#47210=DIRECTION('',(-0.,-0.,-1.));
#47220=DIRECTION('',(0.,1.,0.));
#47230=AXIS2_PLACEMENT_3D('',#47200,#47210,#47220);
#47240=PLANE('',#47230);
#47250=ORIENTED_EDGE('',*,*,#46850,.T.);
#47260=ORIENTED_EDGE('',*,*,#45960,.T.);
#47270=ORIENTED_EDGE('',*,*,#46320,.T.);
#47280=ORIENTED_EDGE('',*,*,#46490,.F.);
#47290=EDGE_LOOP('',(#47280,#47270,#47260,#47250));
#47300=FACE_OUTER_BOUND('',#47290,.T.);
#47310=ADVANCED_FACE('',(#47300),#47240,.T.);
#47320=CARTESIAN_POINT('',(-6.591087,-4.38730099999999,3.09999999999987)
);
#47330=DIRECTION('',(-0.,4.3265087693034E-16,1.));
#47340=DIRECTION('',(1.,0.,0.));
#47350=AXIS2_PLACEMENT_3D('',#47320,#47330,#47340);
#47360=PLANE('',#47350);
#47370=ORIENTED_EDGE('',*,*,#27070,.T.);
#47380=ORIENTED_EDGE('',*,*,#11080,.T.);
#47390=CARTESIAN_POINT('',(-6.781087,-3.98730099999999,3.09999999999987)
);
#47400=DIRECTION('',(0.,-1.83690953073357E-16,1.));
#47410=DIRECTION('',(1.,0.,0.));
#47420=AXIS2_PLACEMENT_3D('',#47390,#47400,#47410);
#47430=CIRCLE('',#47420,0.4);
#47440=EDGE_CURVE('',#27060,#10990,#47430,.T.);
#47450=ORIENTED_EDGE('',*,*,#47440,.T.);
#47460=EDGE_LOOP('',(#47450,#47380,#47370));
#47470=FACE_OUTER_BOUND('',#47460,.T.);
#47480=ADVANCED_FACE('',(#47470),#47360,.F.);
#47490=CARTESIAN_POINT('',(-6.781087,-3.98730099999999,3.76953099999987)
);
#47500=DIRECTION('',(-8.83363139618221E-33,-1.83690953073357E-16,1.));
#47510=DIRECTION('',(-1.22460635382238E-16,-1.,-1.83690953073357E-16));
#47520=AXIS2_PLACEMENT_3D('',#47490,#47500,#47510);
#47530=CYLINDRICAL_SURFACE('',#47520,0.4);
#47540=ORIENTED_EDGE('',*,*,#47440,.F.);
#47550=ORIENTED_EDGE('',*,*,#11000,.T.);
#47560=ORIENTED_EDGE('',*,*,#25920,.F.);
#47570=ORIENTED_EDGE('',*,*,#27130,.T.);
#47580=EDGE_LOOP('',(#47570,#47560,#47550,#47540));
#47590=FACE_OUTER_BOUND('',#47580,.T.);
#47600=ADVANCED_FACE('',(#47590),#47530,.T.);
#47610=CARTESIAN_POINT('',(-6.781087,-6.58730099999999,3.76953099999987)
);
#47620=DIRECTION('',(8.83363139618221E-33,1.83690953073357E-16,-1.));
#47630=DIRECTION('',(1.22460635382238E-16,1.,1.83690953073357E-16));
#47640=AXIS2_PLACEMENT_3D('',#47610,#47620,#47630);
#47650=CYLINDRICAL_SURFACE('',#47640,0.4);
#47660=ORIENTED_EDGE('',*,*,#26520,.F.);
#47670=ORIENTED_EDGE('',*,*,#1810,.T.);
#47680=CARTESIAN_POINT('',(-6.781087,-6.58730099999999,3.09999999999987)
);
#47690=DIRECTION('',(-3.27184043967426E-30,-5.81195614244169E-44,1.));
#47700=DIRECTION('',(1.77635683940025E-14,-1.,0.));
#47710=AXIS2_PLACEMENT_3D('',#47680,#47690,#47700);
#47720=CIRCLE('',#47710,0.4);
#47730=EDGE_CURVE('',#1720,#27210,#47720,.T.);
#47740=ORIENTED_EDGE('',*,*,#47730,.F.);
#47750=ORIENTED_EDGE('',*,*,#27220,.T.);
#47760=EDGE_LOOP('',(#47750,#47740,#47670,#47660));
#47770=FACE_OUTER_BOUND('',#47760,.T.);
#47780=ADVANCED_FACE('',(#47770),#47650,.T.);
#47790=CARTESIAN_POINT('',(-7.131087,-6.18730099999999,3.09999999999987)
);
#47800=DIRECTION('',(-0.,-1.22460635382238E-16,1.));
#47810=DIRECTION('',(-1.,0.,-0.));
#47820=AXIS2_PLACEMENT_3D('',#47790,#47800,#47810);
#47830=PLANE('',#47820);
#47840=ORIENTED_EDGE('',*,*,#1730,.F.);
#47850=ORIENTED_EDGE('',*,*,#27280,.T.);
#47860=ORIENTED_EDGE('',*,*,#47730,.T.);
#47870=EDGE_LOOP('',(#47860,#47850,#47840));
#47880=FACE_OUTER_BOUND('',#47870,.T.);
#47890=ADVANCED_FACE('',(#47880),#47830,.F.);
#47900=CARTESIAN_POINT('',(-6.881087,-3.58730099999999,2.29999999999987)
);
#47910=DIRECTION('',(1.,-6.12303176911189E-17,3.74915180455534E-33));
#47920=DIRECTION('',(6.12303176911189E-17,1.,1.83690953073357E-16));
#47930=AXIS2_PLACEMENT_3D('',#47900,#47910,#47920);
#47940=PLANE('',#47930);
#47950=ORIENTED_EDGE('',*,*,#26010,.T.);
#47960=ORIENTED_EDGE('',*,*,#10840,.T.);
#47970=CARTESIAN_POINT('',(-6.881087,-3.58730099999999,3.09999999999987)
);
#47980=DIRECTION('',(0.,-1.,0.));
#47990=VECTOR('',#47980,1.);
#48000=LINE('',#47970,#47990);
#48010=CARTESIAN_POINT('',(-6.881087,-3.78730099999999,3.09999999999987)
);
#48020=VERTEX_POINT('',#48010);
#48030=EDGE_CURVE('',#10750,#48020,#48000,.T.);
#48040=ORIENTED_EDGE('',*,*,#48030,.F.);
#48050=CARTESIAN_POINT('',(-6.881087,-3.78730099999999,3.09999999999987)
);
#48060=DIRECTION('',(0.,0.,-1.));
#48070=VECTOR('',#48060,1.);
#48080=LINE('',#48050,#48070);
#48090=EDGE_CURVE('',#48020,#26000,#48080,.T.);
#48100=ORIENTED_EDGE('',*,*,#48090,.F.);
#48110=EDGE_LOOP('',(#48100,#48040,#47960,#47950));
#48120=FACE_OUTER_BOUND('',#48110,.T.);
#48130=ADVANCED_FACE('',(#48120),#47940,.F.);
#48140=CARTESIAN_POINT('',(-6.881087,-3.78730099999999,2.29999999999987)
);
#48150=DIRECTION('',(6.12303176911188E-17,1.,1.83690953073357E-16));
#48160=DIRECTION('',(-1.,6.12303176911188E-17,-0.));
#48170=AXIS2_PLACEMENT_3D('',#48140,#48150,#48160);
#48180=PLANE('',#48170);
#48190=ORIENTED_EDGE('',*,*,#26090,.T.);
#48200=ORIENTED_EDGE('',*,*,#48090,.T.);
#48210=CARTESIAN_POINT('',(-6.881087,-3.78730099999999,3.09999999999987)
);
#48220=DIRECTION('',(1.,0.,0.));
#48230=VECTOR('',#48220,1.);
#48240=LINE('',#48210,#48230);
#48250=CARTESIAN_POINT('',(-6.781087,-3.78730099999999,3.09999999999987)
);
#48260=VERTEX_POINT('',#48250);
#48270=EDGE_CURVE('',#48020,#48260,#48240,.T.);
#48280=ORIENTED_EDGE('',*,*,#48270,.F.);
#48290=CARTESIAN_POINT('',(-6.781087,-3.78730099999999,3.09999999999987)
);
#48300=DIRECTION('',(0.,0.,-1.));
#48310=VECTOR('',#48300,1.);
#48320=LINE('',#48290,#48310);
#48330=EDGE_CURVE('',#48260,#26080,#48320,.T.);
#48340=ORIENTED_EDGE('',*,*,#48330,.F.);
#48350=EDGE_LOOP('',(#48340,#48280,#48200,#48190));
#48360=FACE_OUTER_BOUND('',#48350,.T.);
#48370=ADVANCED_FACE('',(#48360),#48180,.F.);
#48380=CARTESIAN_POINT('',(-6.781087,-3.98730099999999,3.76953099999987)
);
#48390=DIRECTION('',(8.83363139618221E-33,1.83690953073357E-16,-1.));
#48400=DIRECTION('',(1.22460635382238E-16,1.,1.83690953073357E-16));
#48410=AXIS2_PLACEMENT_3D('',#48380,#48390,#48400);
#48420=CYLINDRICAL_SURFACE('',#48410,0.2);
#48430=CARTESIAN_POINT('',(-6.781087,-3.98730099999999,3.09999999999987)
);
#48440=DIRECTION('',(8.83363139618221E-33,0.,-1.));
#48450=DIRECTION('',(0.,1.,0.));
#48460=AXIS2_PLACEMENT_3D('',#48430,#48440,#48450);
#48470=CIRCLE('',#48460,0.2);
#48480=CARTESIAN_POINT('',(-6.581087,-3.98730099999999,3.09999999999987)
);
#48490=VERTEX_POINT('',#48480);
#48500=EDGE_CURVE('',#48260,#48490,#48470,.T.);
#48510=ORIENTED_EDGE('',*,*,#48500,.F.);
#48520=CARTESIAN_POINT('',(-6.581087,-3.98730099999999,2.29999999999987)
);
#48530=DIRECTION('',(0.,-5.55111512312578E-16,1.));
#48540=VECTOR('',#48530,1.);
#48550=LINE('',#48520,#48540);
#48560=EDGE_CURVE('',#26170,#48490,#48550,.T.);
#48570=ORIENTED_EDGE('',*,*,#48560,.T.);
#48580=ORIENTED_EDGE('',*,*,#26180,.F.);
#48590=ORIENTED_EDGE('',*,*,#48330,.T.);
#48600=EDGE_LOOP('',(#48590,#48580,#48570,#48510));
#48610=FACE_OUTER_BOUND('',#48600,.T.);
#48620=ADVANCED_FACE('',(#48610),#48420,.F.);
#48630=CARTESIAN_POINT('',(-6.591087,-4.38730099999999,3.09999999999987)
);
#48640=DIRECTION('',(-0.,4.3265087693034E-16,1.));
#48650=DIRECTION('',(1.,0.,0.));
#48660=AXIS2_PLACEMENT_3D('',#48630,#48640,#48650);
#48670=PLANE('',#48660);
#48680=CARTESIAN_POINT('',(-7.131087,-3.58730099999999,3.09999999999987)
);
#48690=DIRECTION('',(0.,-1.,0.));
#48700=VECTOR('',#48690,1.);
#48710=LINE('',#48680,#48700);
#48720=CARTESIAN_POINT('',(-7.131087,-4.38730099999999,3.09999999999987)
);
#48730=VERTEX_POINT('',#48720);
#48740=EDGE_CURVE('',#10670,#48730,#48710,.T.);
#48750=ORIENTED_EDGE('',*,*,#48740,.F.);
#48760=CARTESIAN_POINT('',(-7.131087,-4.38730099999999,3.09999999999987)
);
#48770=DIRECTION('',(1.,0.,0.));
#48780=VECTOR('',#48770,1.);
#48790=LINE('',#48760,#48780);
#48800=CARTESIAN_POINT('',(-6.591087,-4.38730099999999,3.09999999999987)
);
#48810=VERTEX_POINT('',#48800);
#48820=EDGE_CURVE('',#48730,#48810,#48790,.T.);
#48830=ORIENTED_EDGE('',*,*,#48820,.F.);
#48840=CARTESIAN_POINT('',(-6.591087,-4.08730099999999,3.09999999999987)
);
#48850=DIRECTION('',(0.,-1.,0.));
#48860=VECTOR('',#48850,1.);
#48870=LINE('',#48840,#48860);
#48880=CARTESIAN_POINT('',(-6.591087,-4.08730099999999,3.09999999999987)
);
#48890=VERTEX_POINT('',#48880);
#48900=EDGE_CURVE('',#48890,#48810,#48870,.T.);
#48910=ORIENTED_EDGE('',*,*,#48900,.T.);
#48920=CARTESIAN_POINT('',(-6.591087,-4.08730099999999,3.09999999999987)
);
#48930=DIRECTION('',(1.,0.,0.));
#48940=VECTOR('',#48930,1.);
#48950=LINE('',#48920,#48940);
#48960=CARTESIAN_POINT('',(-6.581087,-4.08730099999999,3.09999999999987)
);
#48970=VERTEX_POINT('',#48960);
#48980=EDGE_CURVE('',#48890,#48970,#48950,.T.);
#48990=ORIENTED_EDGE('',*,*,#48980,.F.);
#49000=CARTESIAN_POINT('',(-6.581087,-3.98730099999999,3.09999999999987)
);
#49010=DIRECTION('',(0.,-1.,0.));
#49020=VECTOR('',#49010,1.);
#49030=LINE('',#49000,#49020);
#49040=EDGE_CURVE('',#48490,#48970,#49030,.T.);
#49050=ORIENTED_EDGE('',*,*,#49040,.T.);
#49060=ORIENTED_EDGE('',*,*,#48500,.T.);
#49070=ORIENTED_EDGE('',*,*,#48270,.T.);
#49080=ORIENTED_EDGE('',*,*,#48030,.T.);
#49090=ORIENTED_EDGE('',*,*,#10760,.T.);
#49100=EDGE_LOOP('',(#49090,#49080,#49070,#49060,#49050,#48990,#48910,
#48830,#48750));
#49110=FACE_OUTER_BOUND('',#49100,.T.);
#49120=ADVANCED_FACE('',(#49110),#48670,.F.);
#49130=CARTESIAN_POINT('',(-7.131087,-6.15638288683163,3.34760511797298)
);
#49140=DIRECTION('',(1.,-0.,-0.));
#49150=DIRECTION('',(-0.,-1.,0.));
#49160=AXIS2_PLACEMENT_3D('',#49130,#49140,#49150);
#49170=PLANE('',#49160);
#49180=ORIENTED_EDGE('',*,*,#48740,.T.);
#49190=ORIENTED_EDGE('',*,*,#10680,.F.);
#49200=CARTESIAN_POINT('',(-7.131087,-3.58730099999999,5.09999999999987)
);
#49210=DIRECTION('',(0.,-1.,0.));
#49220=VECTOR('',#49210,1.);
#49230=LINE('',#49200,#49220);
#49240=CARTESIAN_POINT('',(-7.131087,-4.38730099999999,5.09999999999987)
);
#49250=VERTEX_POINT('',#49240);
#49260=EDGE_CURVE('',#10590,#49250,#49230,.T.);
#49270=ORIENTED_EDGE('',*,*,#49260,.F.);
#49280=CARTESIAN_POINT('',(-7.131087,-4.38730099999999,5.09999999999987)
);
#49290=DIRECTION('',(0.,-4.44089209850063E-16,-1.));
#49300=VECTOR('',#49290,1.);
#49310=LINE('',#49280,#49300);
#49320=EDGE_CURVE('',#49250,#48730,#49310,.T.);
#49330=ORIENTED_EDGE('',*,*,#49320,.F.);
#49340=EDGE_LOOP('',(#49330,#49270,#49190,#49180));
#49350=FACE_OUTER_BOUND('',#49340,.T.);
#49360=ADVANCED_FACE('',(#49350),#49170,.F.);
#49370=CARTESIAN_POINT('',(-6.80752166751246,-4.38730099999999,
3.93552627720248));
#49380=DIRECTION('',(-0.,1.,-4.3265087693034E-16));
#49390=DIRECTION('',(0.,4.3265087693034E-16,1.));
#49400=AXIS2_PLACEMENT_3D('',#49370,#49380,#49390);
#49410=PLANE('',#49400);
#49420=ORIENTED_EDGE('',*,*,#49320,.T.);
#49430=CARTESIAN_POINT('',(-6.591087,-4.38730099999999,5.09999999999987)
);
#49440=DIRECTION('',(-1.,0.,0.));
#49450=VECTOR('',#49440,1.);
#49460=LINE('',#49430,#49450);
#49470=CARTESIAN_POINT('',(-6.591087,-4.38730099999999,5.09999999999987)
);
#49480=VERTEX_POINT('',#49470);
#49490=EDGE_CURVE('',#49480,#49250,#49460,.T.);
#49500=ORIENTED_EDGE('',*,*,#49490,.T.);
#49510=CARTESIAN_POINT('',(-6.591087,-4.38730099999999,3.09999999999987)
);
#49520=DIRECTION('',(0.,4.44089209850063E-16,1.));
#49530=VECTOR('',#49520,1.);
#49540=LINE('',#49510,#49530);
#49550=EDGE_CURVE('',#48810,#49480,#49540,.T.);
#49560=ORIENTED_EDGE('',*,*,#49550,.T.);
#49570=ORIENTED_EDGE('',*,*,#48820,.T.);
#49580=EDGE_LOOP('',(#49570,#49560,#49500,#49420));
#49590=FACE_OUTER_BOUND('',#49580,.T.);
#49600=ADVANCED_FACE('',(#49590),#49410,.F.);
#49610=CARTESIAN_POINT('',(-6.381087,-4.38730099999999,5.09999999999987)
);
#49620=DIRECTION('',(-0.,-0.,-1.));
#49630=DIRECTION('',(0.,1.,0.));
#49640=AXIS2_PLACEMENT_3D('',#49610,#49620,#49630);
#49650=PLANE('',#49640);
#49660=CARTESIAN_POINT('',(-6.381087,-4.087301,5.09999999999987));
#49670=DIRECTION('',(-1.,0.,0.));
#49680=VECTOR('',#49670,1.);
#49690=LINE('',#49660,#49680);
#49700=CARTESIAN_POINT('',(-6.381087,-4.087301,5.09999999999987));
#49710=VERTEX_POINT('',#49700);
#49720=CARTESIAN_POINT('',(-6.591087,-4.08730099999999,5.09999999999987)
);
#49730=VERTEX_POINT('',#49720);
#49740=EDGE_CURVE('',#49710,#49730,#49690,.T.);
#49750=ORIENTED_EDGE('',*,*,#49740,.F.);
#49760=CARTESIAN_POINT('',(-6.591087,-4.38730099999999,5.09999999999987)
);
#49770=DIRECTION('',(0.,1.,0.));
#49780=VECTOR('',#49770,1.);
#49790=LINE('',#49760,#49780);
#49800=EDGE_CURVE('',#49480,#49730,#49790,.T.);
#49810=ORIENTED_EDGE('',*,*,#49800,.T.);
#49820=ORIENTED_EDGE('',*,*,#49490,.F.);
#49830=ORIENTED_EDGE('',*,*,#49260,.T.);
#49840=ORIENTED_EDGE('',*,*,#10600,.F.);
#49850=CARTESIAN_POINT('',(-6.381087,-4.08730099999999,5.09999999999987)
);
#49860=DIRECTION('',(0.,1.,0.));
#49870=VECTOR('',#49860,1.);
#49880=LINE('',#49850,#49870);
#49890=EDGE_CURVE('',#49710,#10510,#49880,.T.);
#49900=ORIENTED_EDGE('',*,*,#49890,.T.);
#49910=EDGE_LOOP('',(#49900,#49840,#49830,#49820,#49810,#49750));
#49920=FACE_OUTER_BOUND('',#49910,.T.);
#49930=ADVANCED_FACE('',(#49920),#49650,.F.);
#49940=CARTESIAN_POINT('',(-6.381087,-4.18523468267788,1.2700388663573))
;
#49950=DIRECTION('',(1.,-0.,-0.));
#49960=DIRECTION('',(-0.,-1.,-1.22460635382238E-16));
#49970=AXIS2_PLACEMENT_3D('',#49940,#49950,#49960);
#49980=PLANE('',#49970);
#49990=CARTESIAN_POINT('',(-6.381087,-4.08730099999999,4.54999999999987)
);
#50000=DIRECTION('',(0.,-0.196116135138182,0.980580675690921));
#50010=VECTOR('',#50000,1.);
#50020=LINE('',#49990,#50010);
#50030=CARTESIAN_POINT('',(-6.381087,-4.087301,4.54999999999991));
#50040=VERTEX_POINT('',#50030);
#50050=CARTESIAN_POINT('',(-6.381087,-4.10514564540552,4.63922322702751)
);
#50060=VERTEX_POINT('',#50050);
#50070=EDGE_CURVE('',#50040,#50060,#50020,.T.);
#50080=ORIENTED_EDGE('',*,*,#50070,.T.);
#50090=CARTESIAN_POINT('',(-6.381087,-4.087301,4.5499999999999));
#50100=DIRECTION('',(0.,-4.84460956200095E-15,1.));
#50110=VECTOR('',#50100,1.);
#50120=LINE('',#50090,#50110);
#50130=EDGE_CURVE('',#50040,#49710,#50120,.T.);
#50140=ORIENTED_EDGE('',*,*,#50130,.F.);
#50150=ORIENTED_EDGE('',*,*,#49890,.F.);
#50160=ORIENTED_EDGE('',*,*,#10520,.F.);
#50170=CARTESIAN_POINT('',(-6.381087,-5.78730099999999,5.79999999999987)
);
#50180=DIRECTION('',(0.,1.,0.));
#50190=VECTOR('',#50180,1.);
#50200=LINE('',#50170,#50190);
#50210=CARTESIAN_POINT('',(-6.381087,-5.78730099999999,5.79999999999989)
);
#50220=VERTEX_POINT('',#50210);
#50230=EDGE_CURVE('',#50220,#10430,#50200,.T.);
#50240=ORIENTED_EDGE('',*,*,#50230,.T.);
#50250=CARTESIAN_POINT('',(-6.381087,-5.78730099999999,5.79999999999988)
);
#50260=DIRECTION('',(0.,0.,-1.));
#50270=VECTOR('',#50260,1.);
#50280=LINE('',#50250,#50270);
#50290=CARTESIAN_POINT('',(-6.381087,-5.78730099999999,5.39999999999987)
);
#50300=VERTEX_POINT('',#50290);
#50310=EDGE_CURVE('',#50220,#50300,#50280,.T.);
#50320=ORIENTED_EDGE('',*,*,#50310,.F.);
#50330=CARTESIAN_POINT('',(-6.381087,-5.78730099999999,5.39999999999987)
);
#50340=DIRECTION('',(0.,1.,0.));
#50350=VECTOR('',#50340,1.);
#50360=LINE('',#50330,#50350);
#50370=CARTESIAN_POINT('',(-6.381087,-4.38730099999999,5.39999999999987)
);
#50380=VERTEX_POINT('',#50370);
#50390=EDGE_CURVE('',#50300,#50380,#50360,.T.);
#50400=ORIENTED_EDGE('',*,*,#50390,.F.);
#50410=CARTESIAN_POINT('',(-6.381087,-4.38730099999999,5.39999999999987)
);
#50420=DIRECTION('',(0.,0.,-1.));
#50430=VECTOR('',#50420,1.);
#50440=LINE('',#50410,#50430);
#50450=CARTESIAN_POINT('',(-6.381087,-4.38730099999999,4.7995016282072))
;
#50460=VERTEX_POINT('',#50450);
#50470=EDGE_CURVE('',#50380,#50460,#50440,.T.);
#50480=ORIENTED_EDGE('',*,*,#50470,.F.);
#50490=CARTESIAN_POINT('',(-6.381087,-4.38730099999999,4.7995016282072))
;
#50500=DIRECTION('',(0.,1.,0.));
#50510=VECTOR('',#50500,1.);
#50520=LINE('',#50490,#50510);
#50530=CARTESIAN_POINT('',(-6.381087,-4.28715148846224,4.7995016282072))
;
#50540=VERTEX_POINT('',#50530);
#50550=EDGE_CURVE('',#50460,#50540,#50520,.T.);
#50560=ORIENTED_EDGE('',*,*,#50550,.F.);
#50570=CARTESIAN_POINT('',(-6.381087,-4.3012617805437,4.59999999999987))
;
#50580=DIRECTION('',(1.,-2.35501221889054E-18,1.17750610944492E-17));
#50590=DIRECTION('',(-3.85185988877447E-34,0.980580675690909,
0.19611613513824));
#50600=AXIS2_PLACEMENT_3D('',#50570,#50580,#50590);
#50610=CIRCLE('',#50600,0.2);
#50620=EDGE_CURVE('',#50060,#50540,#50610,.T.);
#50630=ORIENTED_EDGE('',*,*,#50620,.T.);
#50640=EDGE_LOOP('',(#50630,#50560,#50480,#50400,#50320,#50240,#50160,
#50150,#50140,#50080));
#50650=FACE_OUTER_BOUND('',#50640,.T.);
#50660=ADVANCED_FACE('',(#50650),#49980,.F.);
#50670=CARTESIAN_POINT('',(-6.381087,-4.3012617805437,4.59999999999987))
;
#50680=DIRECTION('',(-1.,6.12303176911188E-17,-0.));
#50690=DIRECTION('',(-6.12303176911188E-17,-1.,-1.83690953073357E-16));
#50700=AXIS2_PLACEMENT_3D('',#50670,#50680,#50690);
#50710=CYLINDRICAL_SURFACE('',#50700,0.2);
#50720=CARTESIAN_POINT('',(-6.581087,-4.28715148846219,4.7995016282072))
;
#50730=DIRECTION('',(1.,0.,0.));
#50740=VECTOR('',#50730,1.);
#50750=LINE('',#50720,#50740);
#50760=CARTESIAN_POINT('',(-6.581087,-4.2871514884622,4.7995016282072));
#50770=VERTEX_POINT('',#50760);
#50780=EDGE_CURVE('',#50770,#50540,#50750,.T.);
#50790=ORIENTED_EDGE('',*,*,#50780,.T.);
#50800=CARTESIAN_POINT('',(-6.581087,-4.3012617805437,4.59999999999987))
;
#50810=DIRECTION('',(-1.,6.09255432603353E-17,-4.30912378185484E-18));
#50820=DIRECTION('',(-7.70371977754895E-34,0.0705514604074644,
0.99750814103664));
#50830=AXIS2_PLACEMENT_3D('',#50800,#50810,#50820);
#50840=CIRCLE('',#50830,0.2);
#50850=CARTESIAN_POINT('',(-6.581087,-4.10514564540552,4.63922322702751)
);
#50860=VERTEX_POINT('',#50850);
#50870=EDGE_CURVE('',#50770,#50860,#50840,.T.);
#50880=ORIENTED_EDGE('',*,*,#50870,.F.);
#50890=CARTESIAN_POINT('',(-6.381087,-4.10514564540552,4.63922322702751)
);
#50900=DIRECTION('',(-1.,0.,0.));
#50910=VECTOR('',#50900,1.);
#50920=LINE('',#50890,#50910);
#50930=EDGE_CURVE('',#50060,#50860,#50920,.T.);
#50940=ORIENTED_EDGE('',*,*,#50930,.T.);
#50950=ORIENTED_EDGE('',*,*,#50620,.F.);
#50960=EDGE_LOOP('',(#50950,#50940,#50880,#50790));
#50970=FACE_OUTER_BOUND('',#50960,.T.);
#50980=ADVANCED_FACE('',(#50970),#50710,.T.);
#50990=CARTESIAN_POINT('',(-8.0310894,-4.38730099999999,4.7995016282072)
);
#51000=DIRECTION('',(-1.1247455413666E-32,-1.83690953073357E-16,1.));
#51010=DIRECTION('',(6.12303176911189E-17,1.,1.83690953073357E-16));
#51020=AXIS2_PLACEMENT_3D('',#50990,#51000,#51010);
#51030=PLANE('',#51020);
#51040=ORIENTED_EDGE('',*,*,#50780,.F.);
#51050=ORIENTED_EDGE('',*,*,#50550,.T.);
#51060=CARTESIAN_POINT('',(-6.381087,-4.38730099999999,4.7995016282072))
;
#51070=DIRECTION('',(-1.,0.,0.));
#51080=VECTOR('',#51070,1.);
#51090=LINE('',#51060,#51080);
#51100=CARTESIAN_POINT('',(-6.581087,-4.38730099999999,4.7995016282072))
;
#51110=VERTEX_POINT('',#51100);
#51120=EDGE_CURVE('',#50460,#51110,#51090,.T.);
#51130=ORIENTED_EDGE('',*,*,#51120,.F.);
#51140=CARTESIAN_POINT('',(-6.581087,-4.38730099999999,4.7995016282072))
;
#51150=DIRECTION('',(0.,1.,0.));
#51160=VECTOR('',#51150,1.);
#51170=LINE('',#51140,#51160);
#51180=EDGE_CURVE('',#51110,#50770,#51170,.T.);
#51190=ORIENTED_EDGE('',*,*,#51180,.F.);
#51200=EDGE_LOOP('',(#51190,#51130,#51050,#51040));
#51210=FACE_OUTER_BOUND('',#51200,.T.);
#51220=ADVANCED_FACE('',(#51210),#51030,.T.);
#51230=CARTESIAN_POINT('',(-6.581087,-6.98730099999999,2.29999999999987)
);
#51240=DIRECTION('',(1.,-6.12303176911189E-17,3.74915180455534E-33));
#51250=DIRECTION('',(1.49966072182214E-32,1.83690953073357E-16,-1.));
#51260=AXIS2_PLACEMENT_3D('',#51230,#51240,#51250);
#51270=PLANE('',#51260);
#51280=CARTESIAN_POINT('',(-6.581087,-6.28745051153777,4.7995016282072))
;
#51290=DIRECTION('',(0.,1.,0.));
#51300=VECTOR('',#51290,1.);
#51310=LINE('',#51280,#51300);
#51320=CARTESIAN_POINT('',(-6.581087,-6.18730099999999,4.7995016282072))
;
#51330=VERTEX_POINT('',#51320);
#51340=EDGE_CURVE('',#22810,#51330,#51310,.T.);
#51350=ORIENTED_EDGE('',*,*,#51340,.T.);
#51360=ORIENTED_EDGE('',*,*,#22820,.T.);
#51370=ORIENTED_EDGE('',*,*,#23110,.T.);
#51380=ORIENTED_EDGE('',*,*,#23850,.F.);
#51390=CARTESIAN_POINT('',(-6.581087,-6.43730099999999,4.29999999999987)
);
#51400=DIRECTION('',(0.,-1.,0.));
#51410=VECTOR('',#51400,1.);
#51420=LINE('',#51390,#51410);
#51430=CARTESIAN_POINT('',(-6.581087,-6.43730099999999,4.29999999999987)
);
#51440=VERTEX_POINT('',#51430);
#51450=EDGE_CURVE('',#51440,#23780,#51420,.T.);
#51460=ORIENTED_EDGE('',*,*,#51450,.T.);
#51470=CARTESIAN_POINT('',(-6.581087,-6.48730099999999,4.1333333333332))
;
#51480=DIRECTION('',(0.,0.287347885566344,0.957826285221152));
#51490=VECTOR('',#51480,1.);
#51500=LINE('',#51470,#51490);
#51510=EDGE_CURVE('',#23540,#51440,#51500,.T.);
#51520=ORIENTED_EDGE('',*,*,#51510,.T.);
#51530=ORIENTED_EDGE('',*,*,#23550,.F.);
#51540=CARTESIAN_POINT('',(-6.581087,-6.43730099999999,3.79999999999987)
);
#51550=DIRECTION('',(0.,-1.,0.));
#51560=VECTOR('',#51550,1.);
#51570=LINE('',#51540,#51560);
#51580=CARTESIAN_POINT('',(-6.581087,-6.43730099999999,3.79999999999987)
);
#51590=VERTEX_POINT('',#51580);
#51600=EDGE_CURVE('',#51590,#23460,#51570,.T.);
#51610=ORIENTED_EDGE('',*,*,#51600,.T.);
#51620=CARTESIAN_POINT('',(-6.581087,-6.43730099999999,3.09999999999987)
);
#51630=DIRECTION('',(0.,0.,1.));
#51640=VECTOR('',#51630,1.);
#51650=LINE('',#51620,#51640);
#51660=CARTESIAN_POINT('',(-6.581087,-6.43730099999999,3.09999999999987)
);
#51670=VERTEX_POINT('',#51660);
#51680=EDGE_CURVE('',#51670,#51590,#51650,.T.);
#51690=ORIENTED_EDGE('',*,*,#51680,.T.);
#51700=CARTESIAN_POINT('',(-6.581087,-6.43730099999999,3.09999999999987)
);
#51710=DIRECTION('',(0.,-1.,0.));
#51720=VECTOR('',#51710,1.);
#51730=LINE('',#51700,#51720);
#51740=EDGE_CURVE('',#51670,#23280,#51730,.T.);
#51750=ORIENTED_EDGE('',*,*,#51740,.F.);
#51760=ORIENTED_EDGE('',*,*,#24570,.F.);
#51770=CARTESIAN_POINT('',(-6.581087,-6.58730099999999,3.09999999999987)
);
#51780=DIRECTION('',(0.,0.,-1.));
#51790=VECTOR('',#51780,1.);
#51800=LINE('',#51770,#51790);
#51810=EDGE_CURVE('',#24500,#26250,#51800,.T.);
#51820=ORIENTED_EDGE('',*,*,#51810,.F.);
#51830=ORIENTED_EDGE('',*,*,#26260,.T.);
#51840=ORIENTED_EDGE('',*,*,#48560,.F.);
#51850=ORIENTED_EDGE('',*,*,#49040,.F.);
#51860=CARTESIAN_POINT('',(-6.581087,-4.08730099999999,3.09999999999987)
);
#51870=DIRECTION('',(0.,-1.,0.));
#51880=VECTOR('',#51870,1.);
#51890=LINE('',#51860,#51880);
#51900=CARTESIAN_POINT('',(-6.581087,-4.13730099999999,3.09999999999987)
);
#51910=VERTEX_POINT('',#51900);
#51920=EDGE_CURVE('',#48970,#51910,#51890,.T.);
#51930=ORIENTED_EDGE('',*,*,#51920,.F.);
#51940=CARTESIAN_POINT('',(-6.581087,-4.13730099999999,3.79999999999987)
);
#51950=DIRECTION('',(0.,0.,-1.));
#51960=VECTOR('',#51950,1.);
#51970=LINE('',#51940,#51960);
#51980=CARTESIAN_POINT('',(-6.581087,-4.13730099999999,3.79999999999987)
);
#51990=VERTEX_POINT('',#51980);
#52000=EDGE_CURVE('',#51990,#51910,#51970,.T.);
#52010=ORIENTED_EDGE('',*,*,#52000,.T.);
#52020=CARTESIAN_POINT('',(-6.581087,-4.08730099999999,3.79999999999987)
);
#52030=DIRECTION('',(0.,-1.,0.));
#52040=VECTOR('',#52030,1.);
#52050=LINE('',#52020,#52040);
#52060=CARTESIAN_POINT('',(-6.581087,-4.08730099999999,3.79999999999987)
);
#52070=VERTEX_POINT('',#52060);
#52080=EDGE_CURVE('',#52070,#51990,#52050,.T.);
#52090=ORIENTED_EDGE('',*,*,#52080,.T.);
#52100=CARTESIAN_POINT('',(-6.581087,-4.08730099999999,3.79999999999987)
);
#52110=DIRECTION('',(0.,-2.66453525910024E-15,1.));
#52120=VECTOR('',#52110,1.);
#52130=LINE('',#52100,#52120);
#52140=CARTESIAN_POINT('',(-6.581087,-4.08730099999999,4.13333333333321)
);
#52150=VERTEX_POINT('',#52140);
#52160=EDGE_CURVE('',#52070,#52150,#52130,.T.);
#52170=ORIENTED_EDGE('',*,*,#52160,.F.);
#52180=CARTESIAN_POINT('',(-6.581087,-4.13730099999999,4.29999999999987)
);
#52190=DIRECTION('',(0.,0.287347885566344,-0.957826285221152));
#52200=VECTOR('',#52190,1.);
#52210=LINE('',#52180,#52200);
#52220=CARTESIAN_POINT('',(-6.581087,-4.13730099999999,4.29999999999987)
);
#52230=VERTEX_POINT('',#52220);
#52240=EDGE_CURVE('',#52230,#52150,#52210,.T.);
#52250=ORIENTED_EDGE('',*,*,#52240,.T.);
#52260=CARTESIAN_POINT('',(-6.581087,-4.08730099999999,4.29999999999987)
);
#52270=DIRECTION('',(0.,-1.,0.));
#52280=VECTOR('',#52270,1.);
#52290=LINE('',#52260,#52280);
#52300=CARTESIAN_POINT('',(-6.581087,-4.087301,4.29999999999987));
#52310=VERTEX_POINT('',#52300);
#52320=EDGE_CURVE('',#52310,#52230,#52290,.T.);
#52330=ORIENTED_EDGE('',*,*,#52320,.T.);
#52340=CARTESIAN_POINT('',(-6.581087,-4.087301,4.29999999999987));
#52350=DIRECTION('',(0.,-3.55271367880007E-15,1.));
#52360=VECTOR('',#52350,1.);
#52370=LINE('',#52340,#52360);
#52380=CARTESIAN_POINT('',(-6.581087,-4.087301,4.54999999999989));
#52390=VERTEX_POINT('',#52380);
#52400=EDGE_CURVE('',#52310,#52390,#52370,.T.);
#52410=ORIENTED_EDGE('',*,*,#52400,.F.);
#52420=CARTESIAN_POINT('',(-6.581087,-4.10514564540552,4.63922322702752)
);
#52430=DIRECTION('',(0.,0.196116135138188,-0.980580675690919));
#52440=VECTOR('',#52430,1.);
#52450=LINE('',#52420,#52440);
#52460=EDGE_CURVE('',#50860,#52390,#52450,.T.);
#52470=ORIENTED_EDGE('',*,*,#52460,.T.);
#52480=ORIENTED_EDGE('',*,*,#50870,.T.);
#52490=ORIENTED_EDGE('',*,*,#51180,.T.);
#52500=CARTESIAN_POINT('',(-6.581087,-4.38730099999999,5.39999999999987)
);
#52510=DIRECTION('',(0.,0.,-1.));
#52520=VECTOR('',#52510,1.);
#52530=LINE('',#52500,#52520);
#52540=CARTESIAN_POINT('',(-6.581087,-4.38730099999999,5.39999999999987)
);
#52550=VERTEX_POINT('',#52540);
#52560=EDGE_CURVE('',#52550,#51110,#52530,.T.);
#52570=ORIENTED_EDGE('',*,*,#52560,.T.);
#52580=CARTESIAN_POINT('',(-6.581087,-4.38730099999999,5.39999999999987)
);
#52590=DIRECTION('',(0.,-1.,0.));
#52600=VECTOR('',#52590,1.);
#52610=LINE('',#52580,#52600);
#52620=CARTESIAN_POINT('',(-6.581087,-6.18730099999999,5.39999999999987)
);
#52630=VERTEX_POINT('',#52620);
#52640=EDGE_CURVE('',#52550,#52630,#52610,.T.);
#52650=ORIENTED_EDGE('',*,*,#52640,.F.);
#52660=CARTESIAN_POINT('',(-6.581087,-6.18730099999999,4.7995016282072))
;
#52670=DIRECTION('',(0.,0.,1.));
#52680=VECTOR('',#52670,1.);
#52690=LINE('',#52660,#52680);
#52700=EDGE_CURVE('',#51330,#52630,#52690,.T.);
#52710=ORIENTED_EDGE('',*,*,#52700,.T.);
#52720=EDGE_LOOP('',(#52710,#52650,#52570,#52490,#52480,#52470,#52410,
#52330,#52250,#52170,#52090,#52010,#51930,#51850,#51840,#51830,#51820,
#51760,#51750,#51690,#51610,#51530,#51520,#51460,#51380,#51370,#51360,
#51350));
#52730=FACE_OUTER_BOUND('',#52720,.T.);
#52740=ADVANCED_FACE('',(#52730),#51270,.F.);
#52750=CARTESIAN_POINT('',(-8.0310894,-6.18730099999999,5.09999999999987
));
#52760=DIRECTION('',(-6.12303176911188E-17,-1.,-1.83690953073357E-16));
#52770=DIRECTION('',(-1.49966072182214E-32,-1.83690953073357E-16,1.));
#52780=AXIS2_PLACEMENT_3D('',#52750,#52760,#52770);
#52790=PLANE('',#52780);
#52800=CARTESIAN_POINT('',(-7.481087,-6.18730099999999,5.79999999999987)
);
#52810=DIRECTION('',(1.,0.,0.));
#52820=VECTOR('',#52810,1.);
#52830=LINE('',#52800,#52820);
#52840=CARTESIAN_POINT('',(-7.481087,-6.18730099999999,5.79999999999987)
);
#52850=VERTEX_POINT('',#52840);
#52860=CARTESIAN_POINT('',(-6.781087,-6.18730099999999,5.79999999999987)
);
#52870=VERTEX_POINT('',#52860);
#52880=EDGE_CURVE('',#52850,#52870,#52830,.T.);
#52890=ORIENTED_EDGE('',*,*,#52880,.F.);
#52900=CARTESIAN_POINT('',(-6.781087,-6.18730099999999,5.39999999999987)
);
#52910=DIRECTION('',(0.,-1.,-1.83690953073357E-16));
#52920=DIRECTION('',(1.,0.,0.));
#52930=AXIS2_PLACEMENT_3D('',#52900,#52910,#52920);
#52940=CIRCLE('',#52930,0.4);
#52950=CARTESIAN_POINT('',(-6.381087,-6.18730099999999,5.39999999999987)
);
#52960=VERTEX_POINT('',#52950);
#52970=EDGE_CURVE('',#52960,#52870,#52940,.T.);
#52980=ORIENTED_EDGE('',*,*,#52970,.T.);
#52990=CARTESIAN_POINT('',(-6.381087,-6.18730099999999,5.39999999999987)
);
#53000=DIRECTION('',(0.,0.,-1.));
#53010=VECTOR('',#53000,1.);
#53020=LINE('',#52990,#53010);
#53030=EDGE_CURVE('',#52960,#15870,#53020,.T.);
#53040=ORIENTED_EDGE('',*,*,#53030,.F.);
#53050=ORIENTED_EDGE('',*,*,#22170,.T.);
#53060=CARTESIAN_POINT('',(-6.381087,-6.18730099999999,4.7995016282072))
;
#53070=DIRECTION('',(-1.,0.,0.));
#53080=VECTOR('',#53070,1.);
#53090=LINE('',#53060,#53080);
#53100=EDGE_CURVE('',#22100,#51330,#53090,.T.);
#53110=ORIENTED_EDGE('',*,*,#53100,.F.);
#53120=ORIENTED_EDGE('',*,*,#52700,.F.);
#53130=CARTESIAN_POINT('',(-6.781087,-6.18730099999999,5.39999999999987)
);
#53140=DIRECTION('',(6.12303176911189E-17,1.,-0.));
#53150=DIRECTION('',(0.,0.,1.));
#53160=AXIS2_PLACEMENT_3D('',#53130,#53140,#53150);
#53170=CIRCLE('',#53160,0.2);
#53180=CARTESIAN_POINT('',(-6.781087,-6.18730099999999,5.59999999999987)
);
#53190=VERTEX_POINT('',#53180);
#53200=EDGE_CURVE('',#53190,#52630,#53170,.T.);
#53210=ORIENTED_EDGE('',*,*,#53200,.T.);
#53220=CARTESIAN_POINT('',(-6.781087,-6.18730099999999,5.59999999999987)
);
#53230=DIRECTION('',(-1.,0.,0.));
#53240=VECTOR('',#53230,1.);
#53250=LINE('',#53220,#53240);
#53260=CARTESIAN_POINT('',(-7.481087,-6.18730099999999,5.59999999999987)
);
#53270=VERTEX_POINT('',#53260);
#53280=EDGE_CURVE('',#53190,#53270,#53250,.T.);
#53290=ORIENTED_EDGE('',*,*,#53280,.F.);
#53300=CARTESIAN_POINT('',(-7.481087,-6.18730099999999,5.39999999999987)
);
#53310=DIRECTION('',(0.,1.,1.83690953073357E-16));
#53320=DIRECTION('',(-1.,0.,0.));
#53330=AXIS2_PLACEMENT_3D('',#53300,#53310,#53320);
#53340=CIRCLE('',#53330,0.2);
#53350=CARTESIAN_POINT('',(-7.681087,-6.18730099999999,5.39999999999987)
);
#53360=VERTEX_POINT('',#53350);
#53370=EDGE_CURVE('',#53360,#53270,#53340,.T.);
#53380=ORIENTED_EDGE('',*,*,#53370,.T.);
#53390=CARTESIAN_POINT('',(-7.681087,-6.18730099999999,5.39999999999987)
);
#53400=DIRECTION('',(0.,0.,-1.));
#53410=VECTOR('',#53400,1.);
#53420=LINE('',#53390,#53410);
#53430=CARTESIAN_POINT('',(-7.681087,-6.18730099999999,4.69999999999987)
);
#53440=VERTEX_POINT('',#53430);
#53450=EDGE_CURVE('',#53360,#53440,#53420,.T.);
#53460=ORIENTED_EDGE('',*,*,#53450,.F.);
#53470=CARTESIAN_POINT('',(-7.681087,-6.18730099999999,4.69999999999987)
);
#53480=DIRECTION('',(-1.,0.,0.));
#53490=VECTOR('',#53480,1.);
#53500=LINE('',#53470,#53490);
#53510=CARTESIAN_POINT('',(-7.881087,-6.18730099999999,4.69999999999987)
);
#53520=VERTEX_POINT('',#53510);
#53530=EDGE_CURVE('',#53440,#53520,#53500,.T.);
#53540=ORIENTED_EDGE('',*,*,#53530,.F.);
#53550=CARTESIAN_POINT('',(-7.881087,-6.18730099999999,4.69999999999987)
);
#53560=DIRECTION('',(0.,0.,1.));
#53570=VECTOR('',#53560,1.);
#53580=LINE('',#53550,#53570);
#53590=CARTESIAN_POINT('',(-7.881087,-6.18730099999999,5.39999999999987)
);
#53600=VERTEX_POINT('',#53590);
#53610=EDGE_CURVE('',#53520,#53600,#53580,.T.);
#53620=ORIENTED_EDGE('',*,*,#53610,.F.);
#53630=CARTESIAN_POINT('',(-7.481087,-6.18730099999999,5.39999999999987)
);
#53640=DIRECTION('',(-6.12303176911189E-17,-1.,0.));
#53650=DIRECTION('',(0.,0.,1.));
#53660=AXIS2_PLACEMENT_3D('',#53630,#53640,#53650);
#53670=CIRCLE('',#53660,0.4);
#53680=EDGE_CURVE('',#52850,#53600,#53670,.T.);
#53690=ORIENTED_EDGE('',*,*,#53680,.T.);
#53700=EDGE_LOOP('',(#53690,#53620,#53540,#53460,#53380,#53290,#53210,
#53120,#53110,#53050,#53040,#52980,#52890));
#53710=FACE_OUTER_BOUND('',#53700,.T.);
#53720=ADVANCED_FACE('',(#53710),#52790,.T.);
#53730=CARTESIAN_POINT('',(-7.481087,-6.98730099999999,5.39999999999987)
);
#53740=DIRECTION('',(-6.12303176911189E-17,-1.,-1.83690953073357E-16));
#53750=DIRECTION('',(-1.49966072182214E-32,-1.83690953073357E-16,1.));
#53760=AXIS2_PLACEMENT_3D('',#53730,#53740,#53750);
#53770=CYLINDRICAL_SURFACE('',#53760,0.4);
#53780=CARTESIAN_POINT('',(-7.881087,-5.53730099999999,5.39999999999987)
);
#53790=DIRECTION('',(-1.36642833800019E-15,-1.,0.));
#53800=VECTOR('',#53790,1.);
#53810=LINE('',#53780,#53800);
#53820=CARTESIAN_POINT('',(-7.881087,-5.53730099999999,5.39999999999987)
);
#53830=VERTEX_POINT('',#53820);
#53840=EDGE_CURVE('',#53830,#53600,#53810,.T.);
#53850=ORIENTED_EDGE('',*,*,#53840,.T.);
#53860=CARTESIAN_POINT('',(-7.481087,-5.53730099999999,5.39999999999987)
);
#53870=DIRECTION('',(0.,1.,1.83690953073357E-16));
#53880=DIRECTION('',(-1.,0.,0.));
#53890=AXIS2_PLACEMENT_3D('',#53860,#53870,#53880);
#53900=CIRCLE('',#53890,0.4);
#53910=CARTESIAN_POINT('',(-7.481087,-5.53730099999999,5.79999999999987)
);
#53920=VERTEX_POINT('',#53910);
#53930=EDGE_CURVE('',#53830,#53920,#53900,.T.);
#53940=ORIENTED_EDGE('',*,*,#53930,.F.);
#53950=CARTESIAN_POINT('',(-7.481087,-6.18730099999999,5.79999999999987)
);
#53960=DIRECTION('',(0.,1.,0.));
#53970=VECTOR('',#53960,1.);
#53980=LINE('',#53950,#53970);
#53990=EDGE_CURVE('',#52850,#53920,#53980,.T.);
#54000=ORIENTED_EDGE('',*,*,#53990,.T.);
#54010=ORIENTED_EDGE('',*,*,#53680,.F.);
#54020=EDGE_LOOP('',(#54010,#54000,#53940,#53850));
#54030=FACE_OUTER_BOUND('',#54020,.T.);
#54040=ADVANCED_FACE('',(#54030),#53770,.T.);
#54050=CARTESIAN_POINT('',(-7.881087,-6.98730099999999,4.69999999999987)
);
#54060=DIRECTION('',(1.,-6.12303176911189E-17,3.74915180455534E-33));
#54070=DIRECTION('',(1.49966072182214E-32,1.83690953073357E-16,-1.));
#54080=AXIS2_PLACEMENT_3D('',#54050,#54060,#54070);
#54090=PLANE('',#54080);
#54100=CARTESIAN_POINT('',(-7.881087,-4.38730099999999,4.69999999999987)
);
#54110=DIRECTION('',(0.,-1.,0.));
#54120=VECTOR('',#54110,1.);
#54130=LINE('',#54100,#54120);
#54140=CARTESIAN_POINT('',(-7.881087,-4.38730099999999,4.69999999999987)
);
#54150=VERTEX_POINT('',#54140);
#54160=EDGE_CURVE('',#54150,#53520,#54130,.T.);
#54170=ORIENTED_EDGE('',*,*,#54160,.T.);
#54180=CARTESIAN_POINT('',(-7.881087,-4.38730099999999,5.39999999999987)
);
#54190=DIRECTION('',(0.,0.,-1.));
#54200=VECTOR('',#54190,1.);
#54210=LINE('',#54180,#54200);
#54220=CARTESIAN_POINT('',(-7.881087,-4.38730099999999,5.39999999999987)
);
#54230=VERTEX_POINT('',#54220);
#54240=EDGE_CURVE('',#54230,#54150,#54210,.T.);
#54250=ORIENTED_EDGE('',*,*,#54240,.T.);
#54260=CARTESIAN_POINT('',(-7.881087,-4.38730099999999,5.39999999999987)
);
#54270=DIRECTION('',(0.,-1.,-1.36642833800019E-15));
#54280=VECTOR('',#54270,1.);
#54290=LINE('',#54260,#54280);
#54300=CARTESIAN_POINT('',(-7.881087,-5.03730099999999,5.39999999999987)
);
#54310=VERTEX_POINT('',#54300);
#54320=EDGE_CURVE('',#54230,#54310,#54290,.T.);
#54330=ORIENTED_EDGE('',*,*,#54320,.F.);
#54340=CARTESIAN_POINT('',(-7.881087,-5.53730099999999,5.39999999999987)
);
#54350=DIRECTION('',(0.,1.,0.));
#54360=VECTOR('',#54350,1.);
#54370=LINE('',#54340,#54360);
#54380=EDGE_CURVE('',#53830,#54310,#54370,.T.);
#54390=ORIENTED_EDGE('',*,*,#54380,.T.);
#54400=ORIENTED_EDGE('',*,*,#53840,.F.);
#54410=ORIENTED_EDGE('',*,*,#53610,.T.);
#54420=EDGE_LOOP('',(#54410,#54400,#54390,#54330,#54250,#54170));
#54430=FACE_OUTER_BOUND('',#54420,.T.);
#54440=ADVANCED_FACE('',(#54430),#54090,.F.);
#54450=CARTESIAN_POINT('',(-7.681087,-6.98730099999999,4.69999999999987)
);
#54460=DIRECTION('',(-1.1247455413666E-32,-1.83690953073357E-16,1.));
#54470=DIRECTION('',(1.,-6.12303176911188E-17,-4.51590325417177E-47));
#54480=AXIS2_PLACEMENT_3D('',#54450,#54460,#54470);
#54490=PLANE('',#54480);
#54500=ORIENTED_EDGE('',*,*,#54160,.F.);
#54510=ORIENTED_EDGE('',*,*,#53530,.T.);
#54520=CARTESIAN_POINT('',(-7.681087,-4.38730099999999,4.69999999999987)
);
#54530=DIRECTION('',(0.,-1.,-4.93432455388958E-16));
#54540=VECTOR('',#54530,1.);
#54550=LINE('',#54520,#54540);
#54560=CARTESIAN_POINT('',(-7.681087,-4.38730099999999,4.69999999999987)
);
#54570=VERTEX_POINT('',#54560);
#54580=EDGE_CURVE('',#54570,#53440,#54550,.T.);
#54590=ORIENTED_EDGE('',*,*,#54580,.T.);
#54600=CARTESIAN_POINT('',(-7.881087,-4.38730099999999,4.69999999999987)
);
#54610=DIRECTION('',(1.,0.,0.));
#54620=VECTOR('',#54610,1.);
#54630=LINE('',#54600,#54620);
#54640=EDGE_CURVE('',#54150,#54570,#54630,.T.);
#54650=ORIENTED_EDGE('',*,*,#54640,.T.);
#54660=EDGE_LOOP('',(#54650,#54590,#54510,#54500));
#54670=FACE_OUTER_BOUND('',#54660,.T.);
#54680=ADVANCED_FACE('',(#54670),#54490,.F.);
#54690=CARTESIAN_POINT('',(-8.0310894,-4.38730099999999,5.09999999999987
));
#54700=DIRECTION('',(6.12303176911188E-17,1.,1.83690953073357E-16));
#54710=DIRECTION('',(1.49966072182214E-32,1.83690953073357E-16,-1.));
#54720=AXIS2_PLACEMENT_3D('',#54690,#54700,#54710);
#54730=PLANE('',#54720);
#54740=CARTESIAN_POINT('',(-7.481087,-4.38730099999999,5.39999999999987)
);
#54750=DIRECTION('',(-6.12303176911189E-17,-1.,0.));
#54760=DIRECTION('',(0.,0.,1.));
#54770=AXIS2_PLACEMENT_3D('',#54740,#54750,#54760);
#54780=CIRCLE('',#54770,0.2);
#54790=CARTESIAN_POINT('',(-7.481087,-4.38730099999999,5.59999999999987)
);
#54800=VERTEX_POINT('',#54790);
#54810=CARTESIAN_POINT('',(-7.681087,-4.38730099999999,5.39999999999987)
);
#54820=VERTEX_POINT('',#54810);
#54830=EDGE_CURVE('',#54800,#54820,#54780,.T.);
#54840=ORIENTED_EDGE('',*,*,#54830,.T.);
#54850=CARTESIAN_POINT('',(-7.481087,-4.38730099999999,5.59999999999987)
);
#54860=DIRECTION('',(1.,0.,0.));
#54870=VECTOR('',#54860,1.);
#54880=LINE('',#54850,#54870);
#54890=CARTESIAN_POINT('',(-6.781087,-4.38730099999999,5.59999999999987)
);
#54900=VERTEX_POINT('',#54890);
#54910=EDGE_CURVE('',#54800,#54900,#54880,.T.);
#54920=ORIENTED_EDGE('',*,*,#54910,.F.);
#54930=CARTESIAN_POINT('',(-6.781087,-4.38730099999999,5.39999999999987)
);
#54940=DIRECTION('',(-8.15751702069521E-31,-1.,-1.83690953073357E-16));
#54950=DIRECTION('',(1.,0.,-4.44089209850062E-15));
#54960=AXIS2_PLACEMENT_3D('',#54930,#54940,#54950);
#54970=CIRCLE('',#54960,0.2);
#54980=EDGE_CURVE('',#52550,#54900,#54970,.T.);
#54990=ORIENTED_EDGE('',*,*,#54980,.T.);
#55000=ORIENTED_EDGE('',*,*,#52560,.F.);
#55010=ORIENTED_EDGE('',*,*,#51120,.T.);
#55020=ORIENTED_EDGE('',*,*,#50470,.T.);
#55030=CARTESIAN_POINT('',(-6.781087,-4.38730099999999,5.39999999999987)
);
#55040=DIRECTION('',(6.12303176911189E-17,1.,-0.));
#55050=DIRECTION('',(0.,0.,1.));
#55060=AXIS2_PLACEMENT_3D('',#55030,#55040,#55050);
#55070=CIRCLE('',#55060,0.4);
#55080=CARTESIAN_POINT('',(-6.781087,-4.38730099999999,5.79999999999987)
);
#55090=VERTEX_POINT('',#55080);
#55100=EDGE_CURVE('',#55090,#50380,#55070,.T.);
#55110=ORIENTED_EDGE('',*,*,#55100,.T.);
#55120=CARTESIAN_POINT('',(-6.781087,-4.38730099999999,5.79999999999987)
);
#55130=DIRECTION('',(-1.,0.,0.));
#55140=VECTOR('',#55130,1.);
#55150=LINE('',#55120,#55140);
#55160=CARTESIAN_POINT('',(-7.481087,-4.38730099999999,5.79999999999987)
);
#55170=VERTEX_POINT('',#55160);
#55180=EDGE_CURVE('',#55090,#55170,#55150,.T.);
#55190=ORIENTED_EDGE('',*,*,#55180,.F.);
#55200=CARTESIAN_POINT('',(-7.481087,-4.38730099999999,5.39999999999987)
);
#55210=DIRECTION('',(-4.0787585103476E-31,1.,1.83690953073357E-16));
#55220=DIRECTION('',(-1.,0.,-2.22044604925031E-15));
#55230=AXIS2_PLACEMENT_3D('',#55200,#55210,#55220);
#55240=CIRCLE('',#55230,0.4);
#55250=EDGE_CURVE('',#54230,#55170,#55240,.T.);
#55260=ORIENTED_EDGE('',*,*,#55250,.T.);
#55270=ORIENTED_EDGE('',*,*,#54240,.F.);
#55280=ORIENTED_EDGE('',*,*,#54640,.F.);
#55290=CARTESIAN_POINT('',(-7.681087,-4.38730099999999,4.69999999999987)
);
#55300=DIRECTION('',(0.,0.,1.));
#55310=VECTOR('',#55300,1.);
#55320=LINE('',#55290,#55310);
#55330=EDGE_CURVE('',#54570,#54820,#55320,.T.);
#55340=ORIENTED_EDGE('',*,*,#55330,.F.);
#55350=EDGE_LOOP('',(#55340,#55280,#55270,#55260,#55190,#55110,#55020,
#55010,#55000,#54990,#54920,#54840));
#55360=FACE_OUTER_BOUND('',#55350,.T.);
#55370=ADVANCED_FACE('',(#55360),#54730,.T.);
#55380=CARTESIAN_POINT('',(-7.681087,-6.98730099999999,5.39999999999987)
);
#55390=DIRECTION('',(-1.,6.12303176911189E-17,-3.74915180455534E-33));
#55400=DIRECTION('',(-1.49966072182214E-32,-1.83690953073357E-16,1.));
#55410=AXIS2_PLACEMENT_3D('',#55380,#55390,#55400);
#55420=PLANE('',#55410);
#55430=ORIENTED_EDGE('',*,*,#54580,.F.);
#55440=ORIENTED_EDGE('',*,*,#53450,.T.);
#55450=CARTESIAN_POINT('',(-7.681087,-6.18730099999999,5.39999999999987)
);
#55460=DIRECTION('',(0.,1.,0.));
#55470=VECTOR('',#55460,1.);
#55480=LINE('',#55450,#55470);
#55490=CARTESIAN_POINT('',(-7.681087,-5.53730099999999,5.39999999999987)
);
#55500=VERTEX_POINT('',#55490);
#55510=EDGE_CURVE('',#53360,#55500,#55480,.T.);
#55520=ORIENTED_EDGE('',*,*,#55510,.F.);
#55530=CARTESIAN_POINT('',(-7.681087,-5.53730099999999,5.39999999999987)
);
#55540=DIRECTION('',(0.,1.,0.));
#55550=VECTOR('',#55540,1.);
#55560=LINE('',#55530,#55550);
#55570=CARTESIAN_POINT('',(-7.681087,-5.03730099999999,5.39999999999987)
);
#55580=VERTEX_POINT('',#55570);
#55590=EDGE_CURVE('',#55500,#55580,#55560,.T.);
#55600=ORIENTED_EDGE('',*,*,#55590,.F.);
#55610=CARTESIAN_POINT('',(-7.681087,-5.03730099999999,5.39999999999987)
);
#55620=DIRECTION('',(0.,1.,1.36642833800019E-15));
#55630=VECTOR('',#55620,1.);
#55640=LINE('',#55610,#55630);
#55650=EDGE_CURVE('',#55580,#54820,#55640,.T.);
#55660=ORIENTED_EDGE('',*,*,#55650,.F.);
#55670=ORIENTED_EDGE('',*,*,#55330,.T.);
#55680=EDGE_LOOP('',(#55670,#55660,#55600,#55520,#55440,#55430));
#55690=FACE_OUTER_BOUND('',#55680,.T.);
#55700=ADVANCED_FACE('',(#55690),#55420,.F.);
#55710=CARTESIAN_POINT('',(-7.481087,-6.98730099999999,5.39999999999987)
);
#55720=DIRECTION('',(-6.12303176911189E-17,-1.,-1.83690953073357E-16));
#55730=DIRECTION('',(-1.49966072182214E-32,-1.83690953073357E-16,1.));
#55740=AXIS2_PLACEMENT_3D('',#55710,#55720,#55730);
#55750=CYLINDRICAL_SURFACE('',#55740,0.2);
#55760=CARTESIAN_POINT('',(-7.481087,-5.53730099999999,5.59999999999987)
);
#55770=DIRECTION('',(0.,-1.,0.));
#55780=VECTOR('',#55770,1.);
#55790=LINE('',#55760,#55780);
#55800=CARTESIAN_POINT('',(-7.481087,-5.53730099999999,5.59999999999987)
);
#55810=VERTEX_POINT('',#55800);
#55820=EDGE_CURVE('',#55810,#53270,#55790,.T.);
#55830=ORIENTED_EDGE('',*,*,#55820,.T.);
#55840=CARTESIAN_POINT('',(-7.481087,-5.53730099999999,5.39999999999987)
);
#55850=DIRECTION('',(-6.12303176911189E-17,-1.,0.));
#55860=DIRECTION('',(0.,0.,1.));
#55870=AXIS2_PLACEMENT_3D('',#55840,#55850,#55860);
#55880=CIRCLE('',#55870,0.2);
#55890=EDGE_CURVE('',#55810,#55500,#55880,.T.);
#55900=ORIENTED_EDGE('',*,*,#55890,.F.);
#55910=ORIENTED_EDGE('',*,*,#55510,.T.);
#55920=ORIENTED_EDGE('',*,*,#53370,.F.);
#55930=EDGE_LOOP('',(#55920,#55910,#55900,#55830));
#55940=FACE_OUTER_BOUND('',#55930,.T.);
#55950=ADVANCED_FACE('',(#55940),#55750,.F.);
#55960=CARTESIAN_POINT('',(-6.781087,-6.98730099999999,5.59999999999987)
);
#55970=DIRECTION('',(-1.1247455413666E-32,-1.83690953073357E-16,1.));
#55980=DIRECTION('',(1.,-6.12303176911188E-17,-4.51590325417177E-47));
#55990=AXIS2_PLACEMENT_3D('',#55960,#55970,#55980);
#56000=PLANE('',#55990);
#56010=CARTESIAN_POINT('',(-6.781087,-6.18730099999999,5.59999999999987)
);
#56020=DIRECTION('',(0.,1.,0.));
#56030=VECTOR('',#56020,1.);
#56040=LINE('',#56010,#56030);
#56050=EDGE_CURVE('',#53190,#54900,#56040,.T.);
#56060=ORIENTED_EDGE('',*,*,#56050,.F.);
#56070=ORIENTED_EDGE('',*,*,#54910,.T.);
#56080=CARTESIAN_POINT('',(-7.481087,-4.38730099999999,5.59999999999987)
);
#56090=DIRECTION('',(0.,-1.,0.));
#56100=VECTOR('',#56090,1.);
#56110=LINE('',#56080,#56100);
#56120=CARTESIAN_POINT('',(-7.481087,-5.03730099999999,5.59999999999987)
);
#56130=VERTEX_POINT('',#56120);
#56140=EDGE_CURVE('',#54800,#56130,#56110,.T.);
#56150=ORIENTED_EDGE('',*,*,#56140,.F.);
#56160=CARTESIAN_POINT('',(-7.081087,-5.03730099999999,5.59999999999987)
);
#56170=DIRECTION('',(-1.,0.,0.));
#56180=VECTOR('',#56170,1.);
#56190=LINE('',#56160,#56180);
#56200=CARTESIAN_POINT('',(-7.081087,-5.03730099999999,5.59999999999987)
);
#56210=VERTEX_POINT('',#56200);
#56220=EDGE_CURVE('',#56210,#56130,#56190,.T.);
#56230=ORIENTED_EDGE('',*,*,#56220,.T.);
#56240=CARTESIAN_POINT('',(-7.081087,-5.53730099999999,5.59999999999987)
);
#56250=DIRECTION('',(0.,1.,0.));
#56260=VECTOR('',#56250,1.);
#56270=LINE('',#56240,#56260);
#56280=CARTESIAN_POINT('',(-7.081087,-5.53730099999999,5.59999999999987)
);
#56290=VERTEX_POINT('',#56280);
#56300=EDGE_CURVE('',#56290,#56210,#56270,.T.);
#56310=ORIENTED_EDGE('',*,*,#56300,.T.);
#56320=CARTESIAN_POINT('',(-7.481087,-5.53730099999999,5.59999999999987)
);
#56330=DIRECTION('',(1.,0.,0.));
#56340=VECTOR('',#56330,1.);
#56350=LINE('',#56320,#56340);
#56360=EDGE_CURVE('',#55810,#56290,#56350,.T.);
#56370=ORIENTED_EDGE('',*,*,#56360,.T.);
#56380=ORIENTED_EDGE('',*,*,#55820,.F.);
#56390=ORIENTED_EDGE('',*,*,#53280,.T.);
#56400=EDGE_LOOP('',(#56390,#56380,#56370,#56310,#56230,#56150,#56070,
#56060));
#56410=FACE_OUTER_BOUND('',#56400,.T.);
#56420=ADVANCED_FACE('',(#56410),#56000,.F.);
#56430=CARTESIAN_POINT('',(-6.781087,-6.98730099999999,5.39999999999987)
);
#56440=DIRECTION('',(-6.12303176911189E-17,-1.,-1.83690953073357E-16));
#56450=DIRECTION('',(-1.49966072182214E-32,-1.83690953073357E-16,1.));
#56460=AXIS2_PLACEMENT_3D('',#56430,#56440,#56450);
#56470=CYLINDRICAL_SURFACE('',#56460,0.2);
#56480=ORIENTED_EDGE('',*,*,#52640,.T.);
#56490=ORIENTED_EDGE('',*,*,#54980,.F.);
#56500=ORIENTED_EDGE('',*,*,#56050,.T.);
#56510=ORIENTED_EDGE('',*,*,#53200,.F.);
#56520=EDGE_LOOP('',(#56510,#56500,#56490,#56480));
#56530=FACE_OUTER_BOUND('',#56520,.T.);
#56540=ADVANCED_FACE('',(#56530),#56470,.F.);
#56550=CARTESIAN_POINT('',(-7.481087,-6.98730099999999,5.39999999999987)
);
#56560=DIRECTION('',(-6.12303176911189E-17,-1.,-1.83690953073357E-16));
#56570=DIRECTION('',(-1.49966072182214E-32,-1.83690953073357E-16,1.));
#56580=AXIS2_PLACEMENT_3D('',#56550,#56560,#56570);
#56590=CYLINDRICAL_SURFACE('',#56580,0.2);
#56600=ORIENTED_EDGE('',*,*,#56140,.T.);
#56610=ORIENTED_EDGE('',*,*,#54830,.F.);
#56620=ORIENTED_EDGE('',*,*,#55650,.T.);
#56630=CARTESIAN_POINT('',(-7.481087,-5.03730099999999,5.39999999999987)
);
#56640=DIRECTION('',(0.,1.,1.83690953073357E-16));
#56650=DIRECTION('',(-1.,0.,0.));
#56660=AXIS2_PLACEMENT_3D('',#56630,#56640,#56650);
#56670=CIRCLE('',#56660,0.2);
#56680=EDGE_CURVE('',#55580,#56130,#56670,.T.);
#56690=ORIENTED_EDGE('',*,*,#56680,.F.);
#56700=EDGE_LOOP('',(#56690,#56620,#56610,#56600));
#56710=FACE_OUTER_BOUND('',#56700,.T.);
#56720=ADVANCED_FACE('',(#56710),#56590,.F.);
#56730=CARTESIAN_POINT('',(-7.881087,-5.03730099999999,5.79999999999987)
);
#56740=DIRECTION('',(-6.12303176911189E-17,-1.,-1.83690953073357E-16));
#56750=DIRECTION('',(-1.49966072182214E-32,-1.83690953073357E-16,1.));
#56760=AXIS2_PLACEMENT_3D('',#56730,#56740,#56750);
#56770=PLANE('',#56760);
#56780=CARTESIAN_POINT('',(-7.081087,-5.03730099999999,5.59999999999987)
);
#56790=DIRECTION('',(0.,0.,1.));
#56800=VECTOR('',#56790,1.);
#56810=LINE('',#56780,#56800);
#56820=CARTESIAN_POINT('',(-7.081087,-5.03730099999999,5.79999999999987)
);
#56830=VERTEX_POINT('',#56820);
#56840=EDGE_CURVE('',#56210,#56830,#56810,.T.);
#56850=ORIENTED_EDGE('',*,*,#56840,.T.);
#56860=ORIENTED_EDGE('',*,*,#56220,.F.);
#56870=ORIENTED_EDGE('',*,*,#56680,.T.);
#56880=CARTESIAN_POINT('',(-7.681087,-5.03730099999999,5.39999999999987)
);
#56890=DIRECTION('',(-1.,0.,0.));
#56900=VECTOR('',#56890,1.);
#56910=LINE('',#56880,#56900);
#56920=EDGE_CURVE('',#55580,#54310,#56910,.T.);
#56930=ORIENTED_EDGE('',*,*,#56920,.F.);
#56940=CARTESIAN_POINT('',(-7.481087,-5.03730099999999,5.39999999999987)
);
#56950=DIRECTION('',(-6.12303176911189E-17,-1.,0.));
#56960=DIRECTION('',(0.,0.,1.));
#56970=AXIS2_PLACEMENT_3D('',#56940,#56950,#56960);
#56980=CIRCLE('',#56970,0.4);
#56990=CARTESIAN_POINT('',(-7.481087,-5.03730099999999,5.79999999999987)
);
#57000=VERTEX_POINT('',#56990);
#57010=EDGE_CURVE('',#57000,#54310,#56980,.T.);
#57020=ORIENTED_EDGE('',*,*,#57010,.T.);
#57030=CARTESIAN_POINT('',(-7.481087,-5.03730099999999,5.79999999999987)
);
#57040=DIRECTION('',(1.,0.,0.));
#57050=VECTOR('',#57040,1.);
#57060=LINE('',#57030,#57050);
#57070=EDGE_CURVE('',#57000,#56830,#57060,.T.);
#57080=ORIENTED_EDGE('',*,*,#57070,.F.);
#57090=EDGE_LOOP('',(#57080,#57020,#56930,#56870,#56860,#56850));
#57100=FACE_OUTER_BOUND('',#57090,.T.);
#57110=ADVANCED_FACE('',(#57100),#56770,.T.);
#57120=CARTESIAN_POINT('',(-7.481087,-6.98730099999999,5.79999999999987)
);
#57130=DIRECTION('',(1.1247455413666E-32,1.83690953073357E-16,-1.));
#57140=DIRECTION('',(-1.,6.12303176911188E-17,4.51590325417177E-47));
#57150=AXIS2_PLACEMENT_3D('',#57120,#57130,#57140);
#57160=PLANE('',#57150);
#57170=ORIENTED_EDGE('',*,*,#53990,.F.);
#57180=CARTESIAN_POINT('',(-7.081087,-5.53730099999999,5.79999999999987)
);
#57190=DIRECTION('',(-1.,0.,0.));
#57200=VECTOR('',#57190,1.);
#57210=LINE('',#57180,#57200);
#57220=CARTESIAN_POINT('',(-7.081087,-5.53730099999999,5.79999999999987)
);
#57230=VERTEX_POINT('',#57220);
#57240=EDGE_CURVE('',#57230,#53920,#57210,.T.);
#57250=ORIENTED_EDGE('',*,*,#57240,.T.);
#57260=CARTESIAN_POINT('',(-7.081087,-5.03730099999999,5.79999999999987)
);
#57270=DIRECTION('',(0.,-1.,0.));
#57280=VECTOR('',#57270,1.);
#57290=LINE('',#57260,#57280);
#57300=EDGE_CURVE('',#56830,#57230,#57290,.T.);
#57310=ORIENTED_EDGE('',*,*,#57300,.T.);
#57320=ORIENTED_EDGE('',*,*,#57070,.T.);
#57330=CARTESIAN_POINT('',(-7.481087,-5.03730099999999,5.79999999999987)
);
#57340=DIRECTION('',(0.,1.,0.));
#57350=VECTOR('',#57340,1.);
#57360=LINE('',#57330,#57350);
#57370=EDGE_CURVE('',#57000,#55170,#57360,.T.);
#57380=ORIENTED_EDGE('',*,*,#57370,.F.);
#57390=ORIENTED_EDGE('',*,*,#55180,.T.);
#57400=CARTESIAN_POINT('',(-6.781087,-4.38730099999999,5.79999999999987)
);
#57410=DIRECTION('',(0.,-1.,0.));
#57420=VECTOR('',#57410,1.);
#57430=LINE('',#57400,#57420);
#57440=EDGE_CURVE('',#55090,#52870,#57430,.T.);
#57450=ORIENTED_EDGE('',*,*,#57440,.F.);
#57460=ORIENTED_EDGE('',*,*,#52880,.T.);
#57470=EDGE_LOOP('',(#57460,#57450,#57390,#57380,#57320,#57310,#57250,
#57170));
#57480=FACE_OUTER_BOUND('',#57470,.T.);
#57490=ADVANCED_FACE('',(#57480),#57160,.F.);
#57500=CARTESIAN_POINT('',(-7.081087,-5.53730099999999,5.79999999999987)
);
#57510=DIRECTION('',(6.12303176911189E-17,1.,1.83690953073357E-16));
#57520=DIRECTION('',(1.49966072182214E-32,1.83690953073357E-16,-1.));
#57530=AXIS2_PLACEMENT_3D('',#57500,#57510,#57520);
#57540=PLANE('',#57530);
#57550=ORIENTED_EDGE('',*,*,#56360,.F.);
#57560=CARTESIAN_POINT('',(-7.081087,-5.53730099999999,5.59999999999987)
);
#57570=DIRECTION('',(0.,0.,1.));
#57580=VECTOR('',#57570,1.);
#57590=LINE('',#57560,#57580);
#57600=EDGE_CURVE('',#56290,#57230,#57590,.T.);
#57610=ORIENTED_EDGE('',*,*,#57600,.F.);
#57620=ORIENTED_EDGE('',*,*,#57240,.F.);
#57630=ORIENTED_EDGE('',*,*,#53930,.T.);
#57640=CARTESIAN_POINT('',(-7.881087,-5.53730099999999,5.39999999999987)
);
#57650=DIRECTION('',(1.,0.,0.));
#57660=VECTOR('',#57650,1.);
#57670=LINE('',#57640,#57660);
#57680=EDGE_CURVE('',#53830,#55500,#57670,.T.);
#57690=ORIENTED_EDGE('',*,*,#57680,.F.);
#57700=ORIENTED_EDGE('',*,*,#55890,.T.);
#57710=EDGE_LOOP('',(#57700,#57690,#57630,#57620,#57610,#57550));
#57720=FACE_OUTER_BOUND('',#57710,.T.);
#57730=ADVANCED_FACE('',(#57720),#57540,.T.);
#57740=CARTESIAN_POINT('',(-7.081087,-5.03730099999999,5.79999999999987)
);
#57750=DIRECTION('',(-1.,6.12303176911189E-17,-3.74915180455534E-33));
#57760=DIRECTION('',(6.12303176911189E-17,1.,1.83690953073357E-16));
#57770=AXIS2_PLACEMENT_3D('',#57740,#57750,#57760);
#57780=PLANE('',#57770);
#57790=ORIENTED_EDGE('',*,*,#57600,.T.);
#57800=ORIENTED_EDGE('',*,*,#56300,.F.);
#57810=ORIENTED_EDGE('',*,*,#56840,.F.);
#57820=ORIENTED_EDGE('',*,*,#57300,.F.);
#57830=EDGE_LOOP('',(#57820,#57810,#57800,#57790));
#57840=FACE_OUTER_BOUND('',#57830,.T.);
#57850=ADVANCED_FACE('',(#57840),#57780,.T.);
#57860=CARTESIAN_POINT('',(-7.23281305561637,-5.51869610235551,
5.39999999999987));
#57870=DIRECTION('',(1.1247455413666E-32,1.83690953073357E-16,-1.));
#57880=DIRECTION('',(1.,-6.12303176911189E-17,-6.43174099836586E-47));
#57890=AXIS2_PLACEMENT_3D('',#57860,#57870,#57880);
#57900=PLANE('',#57890);
#57910=ORIENTED_EDGE('',*,*,#56920,.T.);
#57920=ORIENTED_EDGE('',*,*,#55590,.T.);
#57930=ORIENTED_EDGE('',*,*,#57680,.T.);
#57940=ORIENTED_EDGE('',*,*,#54380,.F.);
#57950=EDGE_LOOP('',(#57940,#57930,#57920,#57910));
#57960=FACE_OUTER_BOUND('',#57950,.T.);
#57970=ADVANCED_FACE('',(#57960),#57900,.F.);
#57980=CARTESIAN_POINT('',(-7.481087,-6.98730099999999,5.39999999999987)
);
#57990=DIRECTION('',(-6.12303176911189E-17,-1.,-1.83690953073357E-16));
#58000=DIRECTION('',(-1.49966072182214E-32,-1.83690953073357E-16,1.));
#58010=AXIS2_PLACEMENT_3D('',#57980,#57990,#58000);
#58020=CYLINDRICAL_SURFACE('',#58010,0.4);
#58030=ORIENTED_EDGE('',*,*,#54320,.T.);
#58040=ORIENTED_EDGE('',*,*,#55250,.F.);
#58050=ORIENTED_EDGE('',*,*,#57370,.T.);
#58060=ORIENTED_EDGE('',*,*,#57010,.F.);
#58070=EDGE_LOOP('',(#58060,#58050,#58040,#58030));
#58080=FACE_OUTER_BOUND('',#58070,.T.);
#58090=ADVANCED_FACE('',(#58080),#58020,.T.);
#58100=CARTESIAN_POINT('',(-6.781087,-6.98730099999999,5.39999999999987)
);
#58110=DIRECTION('',(-6.12303176911189E-17,-1.,-1.83690953073357E-16));
#58120=DIRECTION('',(-1.49966072182214E-32,-1.83690953073357E-16,1.));
#58130=AXIS2_PLACEMENT_3D('',#58100,#58110,#58120);
#58140=CYLINDRICAL_SURFACE('',#58130,0.4);
#58150=ORIENTED_EDGE('',*,*,#57440,.T.);
#58160=ORIENTED_EDGE('',*,*,#55100,.F.);
#58170=ORIENTED_EDGE('',*,*,#50390,.T.);
#58180=CARTESIAN_POINT('',(-6.381087,-6.18730099999999,5.39999999999987)
);
#58190=DIRECTION('',(0.,1.,0.));
#58200=VECTOR('',#58190,1.);
#58210=LINE('',#58180,#58200);
#58220=EDGE_CURVE('',#52960,#50300,#58210,.T.);
#58230=ORIENTED_EDGE('',*,*,#58220,.T.);
#58240=ORIENTED_EDGE('',*,*,#52970,.F.);
#58250=EDGE_LOOP('',(#58240,#58230,#58170,#58160,#58150));
#58260=FACE_OUTER_BOUND('',#58250,.T.);
#58270=ADVANCED_FACE('',(#58260),#58140,.T.);
#58280=CARTESIAN_POINT('',(-6.381087,-3.78730099999999,2.29999999999987)
);
#58290=DIRECTION('',(-1.,6.12303176911189E-17,-3.74915180455534E-33));
#58300=DIRECTION('',(-6.12303176911189E-17,-1.,-1.83690953073357E-16));
#58310=AXIS2_PLACEMENT_3D('',#58280,#58290,#58300);
#58320=PLANE('',#58310);
#58330=ORIENTED_EDGE('',*,*,#53030,.T.);
#58340=ORIENTED_EDGE('',*,*,#58220,.F.);
#58350=CARTESIAN_POINT('',(-6.381087,-5.78730099999999,5.39999999999987)
);
#58360=DIRECTION('',(0.,0.,-1.));
#58370=VECTOR('',#58360,1.);
#58380=LINE('',#58350,#58370);
#58390=EDGE_CURVE('',#50300,#15950,#58380,.T.);
#58400=ORIENTED_EDGE('',*,*,#58390,.F.);
#58410=ORIENTED_EDGE('',*,*,#15960,.T.);
#58420=EDGE_LOOP('',(#58410,#58400,#58340,#58330));
#58430=FACE_OUTER_BOUND('',#58420,.T.);
#58440=ADVANCED_FACE('',(#58430),#58320,.F.);
#58450=CARTESIAN_POINT('',(-5.556087,-5.78730099999999,5.79999999999987)
);
#58460=DIRECTION('',(-0.,1.,-0.));
#58470=DIRECTION('',(0.,-0.,-1.));
#58480=AXIS2_PLACEMENT_3D('',#58450,#58460,#58470);
#58490=PLANE('',#58480);
#58500=CARTESIAN_POINT('',(-6.381087,-5.78730099999999,5.79999999999989)
);
#58510=DIRECTION('',(1.,0.,-1.32459889908182E-14));
#58520=VECTOR('',#58510,1.);
#58530=LINE('',#58500,#58520);
#58540=CARTESIAN_POINT('',(-5.107087,-5.78730099999999,5.79999999999987)
);
#58550=VERTEX_POINT('',#58540);
#58560=EDGE_CURVE('',#50220,#58550,#58530,.T.);
#58570=ORIENTED_EDGE('',*,*,#58560,.F.);
#58580=CARTESIAN_POINT('',(-5.107087,-5.78730099999999,5.29999999999987)
);
#58590=DIRECTION('',(0.,0.,1.));
#58600=VECTOR('',#58590,1.);
#58610=LINE('',#58580,#58600);
#58620=EDGE_CURVE('',#16030,#58550,#58610,.T.);
#58630=ORIENTED_EDGE('',*,*,#58620,.T.);
#58640=ORIENTED_EDGE('',*,*,#16040,.T.);
#58650=ORIENTED_EDGE('',*,*,#58390,.T.);
#58660=ORIENTED_EDGE('',*,*,#50310,.T.);
#58670=EDGE_LOOP('',(#58660,#58650,#58640,#58630,#58570));
#58680=FACE_OUTER_BOUND('',#58670,.T.);
#58690=ADVANCED_FACE('',(#58680),#58490,.F.);
#58700=CARTESIAN_POINT('',(-5.53724056565183,-4.84341141970929,
5.79999999999988));
#58710=DIRECTION('',(1.33226762955017E-14,-0.,1.));
#58720=DIRECTION('',(0.,1.,0.));
#58730=AXIS2_PLACEMENT_3D('',#58700,#58710,#58720);
#58740=PLANE('',#58730);
#58750=ORIENTED_EDGE('',*,*,#10440,.F.);
#58760=CARTESIAN_POINT('',(-5.107087,-5.78730099999999,5.79999999999987)
);
#58770=DIRECTION('',(0.,1.,0.));
#58780=VECTOR('',#58770,1.);
#58790=LINE('',#58760,#58780);
#58800=EDGE_CURVE('',#58550,#10350,#58790,.T.);
#58810=ORIENTED_EDGE('',*,*,#58800,.T.);
#58820=ORIENTED_EDGE('',*,*,#58560,.T.);
#58830=ORIENTED_EDGE('',*,*,#50230,.F.);
#58840=EDGE_LOOP('',(#58830,#58820,#58810,#58750));
#58850=FACE_OUTER_BOUND('',#58840,.T.);
#58860=ADVANCED_FACE('',(#58850),#58740,.T.);
#58870=CARTESIAN_POINT('',(-5.107087,-3.58730099999999,5.69999999999987)
);
#58880=DIRECTION('',(-1.,-0.,1.77635683940027E-14));
#58890=DIRECTION('',(-1.77635683940027E-14,0.,-1.));
#58900=AXIS2_PLACEMENT_3D('',#58870,#58880,#58890);
#58910=PLANE('',#58900);
#58920=ORIENTED_EDGE('',*,*,#10360,.F.);
#58930=ORIENTED_EDGE('',*,*,#14510,.F.);
#58940=CARTESIAN_POINT('',(-5.106087,-4.62230099999999,5.29999999999987)
);
#58950=DIRECTION('',(0.,-1.,0.));
#58960=VECTOR('',#58950,1.);
#58970=LINE('',#58940,#58960);
#58980=EDGE_CURVE('',#14500,#16110,#58970,.T.);
#58990=ORIENTED_EDGE('',*,*,#58980,.F.);
#59000=ORIENTED_EDGE('',*,*,#16120,.F.);
#59010=ORIENTED_EDGE('',*,*,#58620,.F.);
#59020=ORIENTED_EDGE('',*,*,#58800,.F.);
#59030=EDGE_LOOP('',(#59020,#59010,#59000,#58990,#58930,#58920));
#59040=FACE_OUTER_BOUND('',#59030,.T.);
#59050=ADVANCED_FACE('',(#59040),#58910,.F.);
#59060=CARTESIAN_POINT('',(-8.0310894,-6.28745051153779,4.7995016282072)
);
#59070=DIRECTION('',(-1.1247455413666E-32,-1.83690953073357E-16,1.));
#59080=DIRECTION('',(6.12303176911189E-17,1.,1.83690953073357E-16));
#59090=AXIS2_PLACEMENT_3D('',#59060,#59070,#59080);
#59100=PLANE('',#59090);
#59110=ORIENTED_EDGE('',*,*,#22880,.F.);
#59120=ORIENTED_EDGE('',*,*,#51340,.F.);
#59130=ORIENTED_EDGE('',*,*,#53100,.T.);
#59140=ORIENTED_EDGE('',*,*,#22110,.T.);
#59150=EDGE_LOOP('',(#59140,#59130,#59120,#59110));
#59160=FACE_OUTER_BOUND('',#59150,.T.);
#59170=ADVANCED_FACE('',(#59160),#59100,.T.);
#59180=CARTESIAN_POINT('',(-6.381087,-6.53730099999999,4.29999999999987)
);
#59190=DIRECTION('',(1.1247455413666E-32,1.83690953073357E-16,-1.));
#59200=DIRECTION('',(-6.12303176911189E-17,-1.,-1.83690953073357E-16));
#59210=AXIS2_PLACEMENT_3D('',#59180,#59190,#59200);
#59220=PLANE('',#59210);
#59230=CARTESIAN_POINT('',(-6.381087,-6.43730099999999,4.29999999999987)
);
#59240=DIRECTION('',(0.,-1.,0.));
#59250=VECTOR('',#59240,1.);
#59260=LINE('',#59230,#59250);
#59270=CARTESIAN_POINT('',(-6.381087,-6.43730099999999,4.29999999999987)
);
#59280=VERTEX_POINT('',#59270);
#59290=EDGE_CURVE('',#59280,#23700,#59260,.T.);
#59300=ORIENTED_EDGE('',*,*,#59290,.T.);
#59310=CARTESIAN_POINT('',(-6.581087,-6.43730099999999,4.29999999999987)
);
#59320=DIRECTION('',(1.,0.,0.));
#59330=VECTOR('',#59320,1.);
#59340=LINE('',#59310,#59330);
#59350=EDGE_CURVE('',#51440,#59280,#59340,.T.);
#59360=ORIENTED_EDGE('',*,*,#59350,.T.);
#59370=ORIENTED_EDGE('',*,*,#51450,.F.);
#59380=ORIENTED_EDGE('',*,*,#23790,.T.);
#59390=EDGE_LOOP('',(#59380,#59370,#59360,#59300));
#59400=FACE_OUTER_BOUND('',#59390,.T.);
#59410=ADVANCED_FACE('',(#59400),#59220,.T.);
#59420=CARTESIAN_POINT('',(-6.381087,-4.18523468267788,1.2700388663573))
;
#59430=DIRECTION('',(1.,-0.,-0.));
#59440=DIRECTION('',(-0.,-1.,-1.22460635382238E-16));
#59450=AXIS2_PLACEMENT_3D('',#59420,#59430,#59440);
#59460=PLANE('',#59450);
#59470=ORIENTED_EDGE('',*,*,#59290,.F.);
#59480=ORIENTED_EDGE('',*,*,#23710,.F.);
#59490=CARTESIAN_POINT('',(-6.381087,-6.43730099999999,4.29999999999987)
);
#59500=DIRECTION('',(0.,-0.287347885566347,-0.957826285221151));
#59510=VECTOR('',#59500,1.);
#59520=LINE('',#59490,#59510);
#59530=EDGE_CURVE('',#59280,#23620,#59520,.T.);
#59540=ORIENTED_EDGE('',*,*,#59530,.T.);
#59550=EDGE_LOOP('',(#59540,#59480,#59470));
#59560=FACE_OUTER_BOUND('',#59550,.T.);
#59570=ADVANCED_FACE('',(#59560),#59460,.F.);
#59580=CARTESIAN_POINT('',(-6.381087,-6.43730099999999,4.29999999999987)
);
#59590=DIRECTION('',(-5.86480077369953E-17,-0.957826285221152,
0.287347885566345));
#59600=DIRECTION('',(1.75944023210986E-17,0.287347885566345,
0.957826285221152));
#59610=AXIS2_PLACEMENT_3D('',#59580,#59590,#59600);
#59620=PLANE('',#59610);
#59630=ORIENTED_EDGE('',*,*,#23630,.T.);
#59640=ORIENTED_EDGE('',*,*,#51510,.F.);
#59650=ORIENTED_EDGE('',*,*,#59350,.F.);
#59660=ORIENTED_EDGE('',*,*,#59530,.F.);
#59670=EDGE_LOOP('',(#59660,#59650,#59640,#59630));
#59680=FACE_OUTER_BOUND('',#59670,.T.);
#59690=ADVANCED_FACE('',(#59680),#59620,.T.);
#59700=CARTESIAN_POINT('',(-6.381087,-6.58730099999999,3.79999999999987)
);
#59710=DIRECTION('',(1.1247455413666E-32,1.83690953073357E-16,-1.));
#59720=DIRECTION('',(-6.12303176911189E-17,-1.,-1.83690953073357E-16));
#59730=AXIS2_PLACEMENT_3D('',#59700,#59710,#59720);
#59740=PLANE('',#59730);
#59750=CARTESIAN_POINT('',(-6.381087,-6.43730099999999,3.79999999999987)
);
#59760=DIRECTION('',(0.,-1.,0.));
#59770=VECTOR('',#59760,1.);
#59780=LINE('',#59750,#59770);
#59790=CARTESIAN_POINT('',(-6.381087,-6.43730099999999,3.79999999999987)
);
#59800=VERTEX_POINT('',#59790);
#59810=EDGE_CURVE('',#59800,#23380,#59780,.T.);
#59820=ORIENTED_EDGE('',*,*,#59810,.T.);
#59830=CARTESIAN_POINT('',(-6.581087,-6.43730099999999,3.79999999999987)
);
#59840=DIRECTION('',(1.,0.,0.));
#59850=VECTOR('',#59840,1.);
#59860=LINE('',#59830,#59850);
#59870=EDGE_CURVE('',#51590,#59800,#59860,.T.);
#59880=ORIENTED_EDGE('',*,*,#59870,.T.);
#59890=ORIENTED_EDGE('',*,*,#51600,.F.);
#59900=ORIENTED_EDGE('',*,*,#23470,.T.);
#59910=EDGE_LOOP('',(#59900,#59890,#59880,#59820));
#59920=FACE_OUTER_BOUND('',#59910,.T.);
#59930=ADVANCED_FACE('',(#59920),#59740,.T.);
#59940=CARTESIAN_POINT('',(-6.381087,-4.18523468267788,1.2700388663573))
;
#59950=DIRECTION('',(1.,-0.,-0.));
#59960=DIRECTION('',(-0.,-1.,-1.22460635382238E-16));
#59970=AXIS2_PLACEMENT_3D('',#59940,#59950,#59960);
#59980=PLANE('',#59970);
#59990=ORIENTED_EDGE('',*,*,#23390,.F.);
#60000=CARTESIAN_POINT('',(-6.381087,-6.48730099999999,3.09999999999987)
);
#60010=DIRECTION('',(0.,1.,0.));
#60020=VECTOR('',#60010,1.);
#60030=LINE('',#60000,#60020);
#60040=CARTESIAN_POINT('',(-6.381087,-6.43730099999999,3.09999999999987)
);
#60050=VERTEX_POINT('',#60040);
#60060=EDGE_CURVE('',#23300,#60050,#60030,.T.);
#60070=ORIENTED_EDGE('',*,*,#60060,.F.);
#60080=CARTESIAN_POINT('',(-6.381087,-6.43730099999999,3.09999999999987)
);
#60090=DIRECTION('',(0.,0.,1.));
#60100=VECTOR('',#60090,1.);
#60110=LINE('',#60080,#60100);
#60120=EDGE_CURVE('',#60050,#59800,#60110,.T.);
#60130=ORIENTED_EDGE('',*,*,#60120,.F.);
#60140=ORIENTED_EDGE('',*,*,#59810,.F.);
#60150=EDGE_LOOP('',(#60140,#60130,#60070,#59990));
#60160=FACE_OUTER_BOUND('',#60150,.T.);
#60170=ADVANCED_FACE('',(#60160),#59980,.F.);
#60180=CARTESIAN_POINT('',(-6.49657665498549,-6.51295400696028,
3.09999999999987));
#60190=DIRECTION('',(-1.1247455413666E-32,-1.83690953073357E-16,1.));
#60200=DIRECTION('',(-6.12303176911189E-17,-1.,-1.83690953073357E-16));
#60210=AXIS2_PLACEMENT_3D('',#60180,#60190,#60200);
#60220=PLANE('',#60210);
#60230=ORIENTED_EDGE('',*,*,#51740,.T.);
#60240=CARTESIAN_POINT('',(-6.381087,-6.43730099999999,3.09999999999987)
);
#60250=DIRECTION('',(-1.,0.,0.));
#60260=VECTOR('',#60250,1.);
#60270=LINE('',#60240,#60260);
#60280=EDGE_CURVE('',#60050,#51670,#60270,.T.);
#60290=ORIENTED_EDGE('',*,*,#60280,.T.);
#60300=ORIENTED_EDGE('',*,*,#60060,.T.);
#60310=ORIENTED_EDGE('',*,*,#23310,.T.);
#60320=EDGE_LOOP('',(#60310,#60300,#60290,#60230));
#60330=FACE_OUTER_BOUND('',#60320,.T.);
#60340=ADVANCED_FACE('',(#60330),#60220,.T.);
#60350=CARTESIAN_POINT('',(-6.381087,-6.43730099999999,3.79999999999987)
);
#60360=DIRECTION('',(-6.12303176911188E-17,-1.,-1.83690953073357E-16));
#60370=DIRECTION('',(-1.49966072182214E-32,-1.83690953073357E-16,1.));
#60380=AXIS2_PLACEMENT_3D('',#60350,#60360,#60370);
#60390=PLANE('',#60380);
#60400=ORIENTED_EDGE('',*,*,#60280,.F.);
#60410=ORIENTED_EDGE('',*,*,#51680,.F.);
#60420=ORIENTED_EDGE('',*,*,#59870,.F.);
#60430=ORIENTED_EDGE('',*,*,#60120,.T.);
#60440=EDGE_LOOP('',(#60430,#60420,#60410,#60400));
#60450=FACE_OUTER_BOUND('',#60440,.T.);
#60460=ADVANCED_FACE('',(#60450),#60390,.T.);
#60470=CARTESIAN_POINT('',(-6.781087,-6.58730099999999,3.76953099999987)
);
#60480=DIRECTION('',(-8.83363139618221E-33,-1.83690953073357E-16,1.));
#60490=DIRECTION('',(-1.22460635382238E-16,-1.,-1.83690953073357E-16));
#60500=AXIS2_PLACEMENT_3D('',#60470,#60480,#60490);
#60510=CYLINDRICAL_SURFACE('',#60500,0.2);
#60520=ORIENTED_EDGE('',*,*,#26350,.F.);
#60530=ORIENTED_EDGE('',*,*,#51810,.T.);
#60540=ORIENTED_EDGE('',*,*,#24510,.F.);
#60550=CARTESIAN_POINT('',(-6.781087,-6.78730099999999,2.29999999999987)
);
#60560=DIRECTION('',(0.,0.,1.));
#60570=VECTOR('',#60560,1.);
#60580=LINE('',#60550,#60570);
#60590=EDGE_CURVE('',#26340,#24410,#60580,.T.);
#60600=ORIENTED_EDGE('',*,*,#60590,.T.);
#60610=EDGE_LOOP('',(#60600,#60540,#60530,#60520));
#60620=FACE_OUTER_BOUND('',#60610,.T.);
#60630=ADVANCED_FACE('',(#60620),#60510,.F.);
#60640=CARTESIAN_POINT('',(-6.381087,-6.78730099999999,2.29999999999987)
);
#60650=DIRECTION('',(-6.12303176911188E-17,-1.,-1.83690953073357E-16));
#60660=DIRECTION('',(1.,-6.12303176911188E-17,0.));
#60670=AXIS2_PLACEMENT_3D('',#60640,#60650,#60660);
#60680=PLANE('',#60670);
#60690=ORIENTED_EDGE('',*,*,#24420,.F.);
#60700=ORIENTED_EDGE('',*,*,#25730,.F.);
#60710=ORIENTED_EDGE('',*,*,#26410,.T.);
#60720=ORIENTED_EDGE('',*,*,#60590,.F.);
#60730=EDGE_LOOP('',(#60720,#60710,#60700,#60690));
#60740=FACE_OUTER_BOUND('',#60730,.T.);
#60750=ADVANCED_FACE('',(#60740),#60680,.F.);
#60760=CARTESIAN_POINT('',(-6.49657665498549,-6.51295400696028,
3.09999999999987));
#60770=DIRECTION('',(-1.1247455413666E-32,-1.83690953073357E-16,1.));
#60780=DIRECTION('',(-6.12303176911189E-17,-1.,-1.83690953073357E-16));
#60790=AXIS2_PLACEMENT_3D('',#60760,#60770,#60780);
#60800=PLANE('',#60790);
#60810=CARTESIAN_POINT('',(-6.381087,-4.13730099999999,3.09999999999987)
);
#60820=DIRECTION('',(0.,1.,0.));
#60830=VECTOR('',#60820,1.);
#60840=LINE('',#60810,#60830);
#60850=CARTESIAN_POINT('',(-6.381087,-4.13730099999999,3.09999999999987)
);
#60860=VERTEX_POINT('',#60850);
#60870=CARTESIAN_POINT('',(-6.381087,-4.08730099999999,3.09999999999987)
);
#60880=VERTEX_POINT('',#60870);
#60890=EDGE_CURVE('',#60860,#60880,#60840,.T.);
#60900=ORIENTED_EDGE('',*,*,#60890,.T.);
#60910=CARTESIAN_POINT('',(-6.581087,-4.13730099999999,3.09999999999987)
);
#60920=DIRECTION('',(1.,0.,0.));
#60930=VECTOR('',#60920,1.);
#60940=LINE('',#60910,#60930);
#60950=EDGE_CURVE('',#51910,#60860,#60940,.T.);
#60960=ORIENTED_EDGE('',*,*,#60950,.T.);
#60970=ORIENTED_EDGE('',*,*,#51920,.T.);
#60980=CARTESIAN_POINT('',(-6.381087,-4.08730099999999,3.09999999999987)
);
#60990=DIRECTION('',(-1.,0.,0.));
#61000=VECTOR('',#60990,1.);
#61010=LINE('',#60980,#61000);
#61020=EDGE_CURVE('',#60880,#48970,#61010,.T.);
#61030=ORIENTED_EDGE('',*,*,#61020,.T.);
#61040=EDGE_LOOP('',(#61030,#60970,#60960,#60900));
#61050=FACE_OUTER_BOUND('',#61040,.T.);
#61060=ADVANCED_FACE('',(#61050),#60800,.T.);
#61070=CARTESIAN_POINT('',(-6.381087,-4.08730099999999,3.09999999999987)
);
#61080=DIRECTION('',(-0.,1.,4.56335273388287E-15));
#61090=DIRECTION('',(0.,-4.56335273388287E-15,1.));
#61100=AXIS2_PLACEMENT_3D('',#61070,#61080,#61090);
#61110=PLANE('',#61100);
#61120=ORIENTED_EDGE('',*,*,#50130,.T.);
#61130=CARTESIAN_POINT('',(-6.381087,-4.087301,4.5499999999999));
#61140=DIRECTION('',(-1.,0.,0.));
#61150=VECTOR('',#61140,1.);
#61160=LINE('',#61130,#61150);
#61170=EDGE_CURVE('',#50040,#52390,#61160,.T.);
#61180=ORIENTED_EDGE('',*,*,#61170,.F.);
#61190=ORIENTED_EDGE('',*,*,#52400,.T.);
#61200=CARTESIAN_POINT('',(-6.581087,-4.087301,4.29999999999987));
#61210=DIRECTION('',(1.,0.,0.));
#61220=VECTOR('',#61210,1.);
#61230=LINE('',#61200,#61220);
#61240=CARTESIAN_POINT('',(-6.381087,-4.087301,4.29999999999987));
#61250=VERTEX_POINT('',#61240);
#61260=EDGE_CURVE('',#52310,#61250,#61230,.T.);
#61270=ORIENTED_EDGE('',*,*,#61260,.F.);
#61280=CARTESIAN_POINT('',(-6.381087,-4.08730099999999,4.13333333333322)
);
#61290=DIRECTION('',(0.,-5.32907051820128E-15,1.));
#61300=VECTOR('',#61290,1.);
#61310=LINE('',#61280,#61300);
#61320=CARTESIAN_POINT('',(-6.381087,-4.08730099999999,4.13333333333322)
);
#61330=VERTEX_POINT('',#61320);
#61340=EDGE_CURVE('',#61330,#61250,#61310,.T.);
#61350=ORIENTED_EDGE('',*,*,#61340,.T.);
#61360=CARTESIAN_POINT('',(-6.381087,-4.087301,4.13333333333322));
#61370=DIRECTION('',(-1.,0.,0.));
#61380=VECTOR('',#61370,1.);
#61390=LINE('',#61360,#61380);
#61400=EDGE_CURVE('',#61330,#52150,#61390,.T.);
#61410=ORIENTED_EDGE('',*,*,#61400,.F.);
#61420=ORIENTED_EDGE('',*,*,#52160,.T.);
#61430=CARTESIAN_POINT('',(-6.581087,-4.08730099999999,3.79999999999987)
);
#61440=DIRECTION('',(1.,0.,0.));
#61450=VECTOR('',#61440,1.);
#61460=LINE('',#61430,#61450);
#61470=CARTESIAN_POINT('',(-6.381087,-4.08730099999999,3.79999999999987)
);
#61480=VERTEX_POINT('',#61470);
#61490=EDGE_CURVE('',#52070,#61480,#61460,.T.);
#61500=ORIENTED_EDGE('',*,*,#61490,.F.);
#61510=CARTESIAN_POINT('',(-6.381087,-4.08730099999999,3.09999999999987)
);
#61520=DIRECTION('',(0.,-5.07530525542929E-15,1.));
#61530=VECTOR('',#61520,1.);
#61540=LINE('',#61510,#61530);
#61550=EDGE_CURVE('',#60880,#61480,#61540,.T.);
#61560=ORIENTED_EDGE('',*,*,#61550,.T.);
#61570=ORIENTED_EDGE('',*,*,#61020,.F.);
#61580=ORIENTED_EDGE('',*,*,#48980,.T.);
#61590=CARTESIAN_POINT('',(-6.591087,-4.087301,5.09999999999987));
#61600=DIRECTION('',(0.,4.44089209850063E-15,-1.));
#61610=VECTOR('',#61600,1.);
#61620=LINE('',#61590,#61610);
#61630=EDGE_CURVE('',#49730,#48890,#61620,.T.);
#61640=ORIENTED_EDGE('',*,*,#61630,.T.);
#61650=ORIENTED_EDGE('',*,*,#49740,.T.);
#61660=EDGE_LOOP('',(#61650,#61640,#61580,#61570,#61560,#61500,#61420,
#61410,#61350,#61270,#61190,#61180,#61120));
#61670=FACE_OUTER_BOUND('',#61660,.T.);
#61680=ADVANCED_FACE('',(#61670),#61110,.F.);
#61690=CARTESIAN_POINT('',(-6.381087,-4.03730099999999,4.29999999999987)
);
#61700=DIRECTION('',(6.0041266294327E-17,0.98058067569092,
0.196116135138184));
#61710=DIRECTION('',(1.20082532588654E-17,0.196116135138184,
-0.98058067569092));
#61720=AXIS2_PLACEMENT_3D('',#61690,#61700,#61710);
#61730=PLANE('',#61720);
#61740=ORIENTED_EDGE('',*,*,#50070,.F.);
#61750=ORIENTED_EDGE('',*,*,#50930,.F.);
#61760=ORIENTED_EDGE('',*,*,#52460,.F.);
#61770=ORIENTED_EDGE('',*,*,#61170,.T.);
#61780=EDGE_LOOP('',(#61770,#61760,#61750,#61740));
#61790=FACE_OUTER_BOUND('',#61780,.T.);
#61800=ADVANCED_FACE('',(#61790),#61730,.T.);
#61810=CARTESIAN_POINT('',(-6.381087,-4.13730099999999,4.29999999999987)
);
#61820=DIRECTION('',(1.1247455413666E-32,1.83690953073357E-16,-1.));
#61830=DIRECTION('',(-6.12303176911189E-17,-1.,-1.83690953073357E-16));
#61840=AXIS2_PLACEMENT_3D('',#61810,#61820,#61830);
#61850=PLANE('',#61840);
#61860=ORIENTED_EDGE('',*,*,#61260,.T.);
#61870=ORIENTED_EDGE('',*,*,#52320,.F.);
#61880=CARTESIAN_POINT('',(-6.581087,-4.13730099999999,4.29999999999987)
);
#61890=DIRECTION('',(1.,0.,0.));
#61900=VECTOR('',#61890,1.);
#61910=LINE('',#61880,#61900);
#61920=CARTESIAN_POINT('',(-6.381087,-4.13730099999999,4.29999999999987)
);
#61930=VERTEX_POINT('',#61920);
#61940=EDGE_CURVE('',#52230,#61930,#61910,.T.);
#61950=ORIENTED_EDGE('',*,*,#61940,.F.);
#61960=CARTESIAN_POINT('',(-6.381087,-4.087301,4.29999999999987));
#61970=DIRECTION('',(0.,-1.,0.));
#61980=VECTOR('',#61970,1.);
#61990=LINE('',#61960,#61980);
#62000=EDGE_CURVE('',#61250,#61930,#61990,.T.);
#62010=ORIENTED_EDGE('',*,*,#62000,.T.);
#62020=EDGE_LOOP('',(#62010,#61950,#61870,#61860));
#62030=FACE_OUTER_BOUND('',#62020,.T.);
#62040=ADVANCED_FACE('',(#62030),#61850,.T.);
#62050=CARTESIAN_POINT('',(-6.381087,-4.18523468267788,1.2700388663573))
;
#62060=DIRECTION('',(1.,-0.,-0.));
#62070=DIRECTION('',(-0.,-1.,-1.22460635382238E-16));
#62080=AXIS2_PLACEMENT_3D('',#62050,#62060,#62070);
#62090=PLANE('',#62080);
#62100=CARTESIAN_POINT('',(-6.381087,-4.08730099999999,4.1333333333332))
;
#62110=DIRECTION('',(0.,-0.287347885566344,0.957826285221152));
#62120=VECTOR('',#62110,1.);
#62130=LINE('',#62100,#62120);
#62140=EDGE_CURVE('',#61330,#61930,#62130,.T.);
#62150=ORIENTED_EDGE('',*,*,#62140,.T.);
#62160=ORIENTED_EDGE('',*,*,#61340,.F.);
#62170=ORIENTED_EDGE('',*,*,#62000,.F.);
#62180=EDGE_LOOP('',(#62170,#62160,#62150));
#62190=FACE_OUTER_BOUND('',#62180,.T.);
#62200=ADVANCED_FACE('',(#62190),#62090,.F.);
#62210=CARTESIAN_POINT('',(-6.381087,-3.98730099999999,3.79999999999987)
);
#62220=DIRECTION('',(5.86480077369953E-17,0.957826285221152,
0.287347885566345));
#62230=DIRECTION('',(1.75944023210986E-17,0.287347885566345,
-0.957826285221152));
#62240=AXIS2_PLACEMENT_3D('',#62210,#62220,#62230);
#62250=PLANE('',#62240);
#62260=ORIENTED_EDGE('',*,*,#62140,.F.);
#62270=ORIENTED_EDGE('',*,*,#61940,.T.);
#62280=ORIENTED_EDGE('',*,*,#52240,.F.);
#62290=ORIENTED_EDGE('',*,*,#61400,.T.);
#62300=EDGE_LOOP('',(#62290,#62280,#62270,#62260));
#62310=FACE_OUTER_BOUND('',#62300,.T.);
#62320=ADVANCED_FACE('',(#62310),#62250,.T.);
#62330=CARTESIAN_POINT('',(-6.381087,-4.13730099999999,3.79999999999987)
);
#62340=DIRECTION('',(1.1247455413666E-32,1.83690953073357E-16,-1.));
#62350=DIRECTION('',(-6.12303176911189E-17,-1.,-1.83690953073357E-16));
#62360=AXIS2_PLACEMENT_3D('',#62330,#62340,#62350);
#62370=PLANE('',#62360);
#62380=ORIENTED_EDGE('',*,*,#61490,.T.);
#62390=ORIENTED_EDGE('',*,*,#52080,.F.);
#62400=CARTESIAN_POINT('',(-6.581087,-4.13730099999999,3.79999999999987)
);
#62410=DIRECTION('',(1.,0.,0.));
#62420=VECTOR('',#62410,1.);
#62430=LINE('',#62400,#62420);
#62440=CARTESIAN_POINT('',(-6.381087,-4.13730099999999,3.79999999999987)
);
#62450=VERTEX_POINT('',#62440);
#62460=EDGE_CURVE('',#51990,#62450,#62430,.T.);
#62470=ORIENTED_EDGE('',*,*,#62460,.F.);
#62480=CARTESIAN_POINT('',(-6.381087,-4.08730099999999,3.79999999999987)
);
#62490=DIRECTION('',(0.,-1.,0.));
#62500=VECTOR('',#62490,1.);
#62510=LINE('',#62480,#62500);
#62520=EDGE_CURVE('',#61480,#62450,#62510,.T.);
#62530=ORIENTED_EDGE('',*,*,#62520,.T.);
#62540=EDGE_LOOP('',(#62530,#62470,#62390,#62380));
#62550=FACE_OUTER_BOUND('',#62540,.T.);
#62560=ADVANCED_FACE('',(#62550),#62370,.T.);
#62570=CARTESIAN_POINT('',(-6.381087,-4.18523468267788,1.2700388663573))
;
#62580=DIRECTION('',(1.,-0.,-0.));
#62590=DIRECTION('',(-0.,-1.,-1.22460635382238E-16));
#62600=AXIS2_PLACEMENT_3D('',#62570,#62580,#62590);
#62610=PLANE('',#62600);
#62620=ORIENTED_EDGE('',*,*,#61550,.F.);
#62630=ORIENTED_EDGE('',*,*,#62520,.F.);
#62640=CARTESIAN_POINT('',(-6.381087,-4.13730099999999,3.79999999999987)
);
#62650=DIRECTION('',(0.,0.,-1.));
#62660=VECTOR('',#62650,1.);
#62670=LINE('',#62640,#62660);
#62680=EDGE_CURVE('',#62450,#60860,#62670,.T.);
#62690=ORIENTED_EDGE('',*,*,#62680,.F.);
#62700=ORIENTED_EDGE('',*,*,#60890,.F.);
#62710=EDGE_LOOP('',(#62700,#62690,#62630,#62620));
#62720=FACE_OUTER_BOUND('',#62710,.T.);
#62730=ADVANCED_FACE('',(#62720),#62610,.F.);
#62740=CARTESIAN_POINT('',(-6.381087,-4.13730099999999,3.09999999999987)
);
#62750=DIRECTION('',(6.12303176911188E-17,1.,1.83690953073357E-16));
#62760=DIRECTION('',(1.49966072182214E-32,1.83690953073357E-16,-1.));
#62770=AXIS2_PLACEMENT_3D('',#62740,#62750,#62760);
#62780=PLANE('',#62770);
#62790=ORIENTED_EDGE('',*,*,#62460,.T.);
#62800=ORIENTED_EDGE('',*,*,#52000,.F.);
#62810=ORIENTED_EDGE('',*,*,#60950,.F.);
#62820=ORIENTED_EDGE('',*,*,#62680,.T.);
#62830=EDGE_LOOP('',(#62820,#62810,#62800,#62790));
#62840=FACE_OUTER_BOUND('',#62830,.T.);
#62850=ADVANCED_FACE('',(#62840),#62780,.T.);
#62860=CARTESIAN_POINT('',(-6.591087,-4.38730099999999,3.19999999999987)
);
#62870=DIRECTION('',(-1.,-0.,-0.));
#62880=DIRECTION('',(0.,4.3265087693034E-16,1.));
#62890=AXIS2_PLACEMENT_3D('',#62860,#62870,#62880);
#62900=PLANE('',#62890);
#62910=ORIENTED_EDGE('',*,*,#49550,.F.);
#62920=ORIENTED_EDGE('',*,*,#49800,.F.);
#62930=ORIENTED_EDGE('',*,*,#61630,.F.);
#62940=ORIENTED_EDGE('',*,*,#48900,.F.);
#62950=EDGE_LOOP('',(#62940,#62930,#62920,#62910));
#62960=FACE_OUTER_BOUND('',#62950,.T.);
#62970=ADVANCED_FACE('',(#62960),#62900,.F.);
#62980=CARTESIAN_POINT('',(-4.306087,-6.28730099999999,5.29999999999987)
);
#62990=DIRECTION('',(-0.,-1.,-0.));
#63000=DIRECTION('',(0.,0.,1.));
#63010=AXIS2_PLACEMENT_3D('',#62980,#62990,#63000);
#63020=PLANE('',#63010);
#63030=ORIENTED_EDGE('',*,*,#21610,.F.);
#63040=ORIENTED_EDGE('',*,*,#21920,.F.);
#63050=ORIENTED_EDGE('',*,*,#22240,.F.);
#63060=ORIENTED_EDGE('',*,*,#15800,.F.);
#63070=EDGE_LOOP('',(#63060,#63050,#63040,#63030));
#63080=FACE_OUTER_BOUND('',#63070,.T.);
#63090=ADVANCED_FACE('',(#63080),#63020,.F.);
#63100=CARTESIAN_POINT('',(-4.755087,-7.32730339999999,5.79999999999987)
);
#63110=DIRECTION('',(-1.,-0.,-0.));
#63120=DIRECTION('',(0.,0.,-1.));
#63130=AXIS2_PLACEMENT_3D('',#63100,#63110,#63120);
#63140=PLANE('',#63130);
#63150=CARTESIAN_POINT('',(-4.755087,-5.78730099999999,5.29999999999987)
);
#63160=DIRECTION('',(0.,0.,1.));
#63170=VECTOR('',#63160,1.);
#63180=LINE('',#63150,#63170);
#63190=CARTESIAN_POINT('',(-4.755087,-5.78730099999999,5.79999999999987)
);
#63200=VERTEX_POINT('',#63190);
#63210=EDGE_CURVE('',#16270,#63200,#63180,.T.);
#63220=ORIENTED_EDGE('',*,*,#63210,.T.);
#63230=ORIENTED_EDGE('',*,*,#16280,.T.);
#63240=CARTESIAN_POINT('',(-4.755087,-4.62230099999999,5.29999999999987)
);
#63250=DIRECTION('',(0.,-1.,0.));
#63260=VECTOR('',#63250,1.);
#63270=LINE('',#63240,#63260);
#63280=EDGE_CURVE('',#14590,#16190,#63270,.T.);
#63290=ORIENTED_EDGE('',*,*,#63280,.T.);
#63300=ORIENTED_EDGE('',*,*,#14600,.T.);
#63310=ORIENTED_EDGE('',*,*,#10200,.F.);
#63320=CARTESIAN_POINT('',(-4.755087,-5.78730099999999,5.79999999999987)
);
#63330=DIRECTION('',(0.,1.,0.));
#63340=VECTOR('',#63330,1.);
#63350=LINE('',#63320,#63340);
#63360=EDGE_CURVE('',#63200,#10110,#63350,.T.);
#63370=ORIENTED_EDGE('',*,*,#63360,.T.);
#63380=EDGE_LOOP('',(#63370,#63310,#63300,#63290,#63230,#63220));
#63390=FACE_OUTER_BOUND('',#63380,.T.);
#63400=ADVANCED_FACE('',(#63390),#63140,.T.);
#63410=CARTESIAN_POINT('',(-3.857087,-3.58730099999999,5.79999999999987)
);
#63420=DIRECTION('',(-0.,-0.,-1.));
#63430=DIRECTION('',(1.,0.,0.));
#63440=AXIS2_PLACEMENT_3D('',#63410,#63420,#63430);
#63450=PLANE('',#63440);
#63460=ORIENTED_EDGE('',*,*,#10120,.F.);
#63470=CARTESIAN_POINT('',(-3.857087,-5.78730099999999,5.79999999999987)
);
#63480=DIRECTION('',(0.,1.,0.));
#63490=VECTOR('',#63480,1.);
#63500=LINE('',#63470,#63490);
#63510=CARTESIAN_POINT('',(-3.857087,-5.78730099999999,5.79999999999987)
);
#63520=VERTEX_POINT('',#63510);
#63530=EDGE_CURVE('',#63520,#10030,#63500,.T.);
#63540=ORIENTED_EDGE('',*,*,#63530,.T.);
#63550=CARTESIAN_POINT('',(-4.755087,-5.78730099999999,5.79999999999987)
);
#63560=DIRECTION('',(1.,0.,0.));
#63570=VECTOR('',#63560,1.);
#63580=LINE('',#63550,#63570);
#63590=EDGE_CURVE('',#63200,#63520,#63580,.T.);
#63600=ORIENTED_EDGE('',*,*,#63590,.T.);
#63610=ORIENTED_EDGE('',*,*,#63360,.F.);
#63620=EDGE_LOOP('',(#63610,#63600,#63540,#63460));
#63630=FACE_OUTER_BOUND('',#63620,.T.);
#63640=ADVANCED_FACE('',(#63630),#63450,.F.);
#63650=CARTESIAN_POINT('',(-3.857087,-7.32730339999999,5.29999999999987)
);
#63660=DIRECTION('',(1.,-0.,-0.));
#63670=DIRECTION('',(-0.,0.,1.));
#63680=AXIS2_PLACEMENT_3D('',#63650,#63660,#63670);
#63690=PLANE('',#63680);
#63700=ORIENTED_EDGE('',*,*,#10040,.F.);
#63710=ORIENTED_EDGE('',*,*,#14400,.T.);
#63720=CARTESIAN_POINT('',(-3.857087,-4.9931722152522,5.29999999999987))
;
#63730=DIRECTION('',(0.,1.,0.));
#63740=VECTOR('',#63730,1.);
#63750=LINE('',#63720,#63740);
#63760=EDGE_CURVE('',#16430,#14330,#63750,.T.);
#63770=ORIENTED_EDGE('',*,*,#63760,.T.);
#63780=ORIENTED_EDGE('',*,*,#16440,.T.);
#63790=CARTESIAN_POINT('',(-3.857087,-5.78730099999999,5.79999999999987)
);
#63800=DIRECTION('',(0.,0.,-1.));
#63810=VECTOR('',#63800,1.);
#63820=LINE('',#63790,#63810);
#63830=EDGE_CURVE('',#63520,#16350,#63820,.T.);
#63840=ORIENTED_EDGE('',*,*,#63830,.T.);
#63850=ORIENTED_EDGE('',*,*,#63530,.F.);
#63860=EDGE_LOOP('',(#63850,#63840,#63780,#63770,#63710,#63700));
#63870=FACE_OUTER_BOUND('',#63860,.T.);
#63880=ADVANCED_FACE('',(#63870),#63690,.T.);
#63890=CARTESIAN_POINT('',(-5.556087,-5.78730099999999,5.79999999999987)
);
#63900=DIRECTION('',(-0.,1.,-0.));
#63910=DIRECTION('',(0.,-0.,-1.));
#63920=AXIS2_PLACEMENT_3D('',#63890,#63900,#63910);
#63930=PLANE('',#63920);
#63940=ORIENTED_EDGE('',*,*,#63590,.F.);
#63950=ORIENTED_EDGE('',*,*,#63830,.F.);
#63960=ORIENTED_EDGE('',*,*,#16360,.F.);
#63970=ORIENTED_EDGE('',*,*,#63210,.F.);
#63980=EDGE_LOOP('',(#63970,#63960,#63950,#63940));
#63990=FACE_OUTER_BOUND('',#63980,.T.);
#64000=ADVANCED_FACE('',(#63990),#63930,.F.);
#64010=CARTESIAN_POINT('',(-3.505087,-7.32730339999999,5.79999999999987)
);
#64020=DIRECTION('',(-1.,-0.,-0.));
#64030=DIRECTION('',(0.,0.,-1.));
#64040=AXIS2_PLACEMENT_3D('',#64010,#64020,#64030);
#64050=PLANE('',#64040);
#64060=CARTESIAN_POINT('',(-3.505087,-5.78730099999999,5.29999999999987)
);
#64070=DIRECTION('',(0.,0.,1.));
#64080=VECTOR('',#64070,1.);
#64090=LINE('',#64060,#64080);
#64100=CARTESIAN_POINT('',(-3.505087,-5.78730099999999,5.79999999999987)
);
#64110=VERTEX_POINT('',#64100);
#64120=EDGE_CURVE('',#16590,#64110,#64090,.T.);
#64130=ORIENTED_EDGE('',*,*,#64120,.T.);
#64140=ORIENTED_EDGE('',*,*,#16600,.T.);
#64150=CARTESIAN_POINT('',(-3.505087,-4.62230099999999,5.29999999999987)
);
#64160=DIRECTION('',(0.,-1.,0.));
#64170=VECTOR('',#64160,1.);
#64180=LINE('',#64150,#64170);
#64190=EDGE_CURVE('',#14250,#16510,#64180,.T.);
#64200=ORIENTED_EDGE('',*,*,#64190,.T.);
#64210=ORIENTED_EDGE('',*,*,#14260,.T.);
#64220=ORIENTED_EDGE('',*,*,#9880,.F.);
#64230=CARTESIAN_POINT('',(-3.505087,-5.78730099999999,5.79999999999987)
);
#64240=DIRECTION('',(0.,1.,0.));
#64250=VECTOR('',#64240,1.);
#64260=LINE('',#64230,#64250);
#64270=EDGE_CURVE('',#64110,#9790,#64260,.T.);
#64280=ORIENTED_EDGE('',*,*,#64270,.T.);
#64290=EDGE_LOOP('',(#64280,#64220,#64210,#64200,#64140,#64130));
#64300=FACE_OUTER_BOUND('',#64290,.T.);
#64310=ADVANCED_FACE('',(#64300),#64050,.T.);
#64320=CARTESIAN_POINT('',(-3.405087,-3.58730099999999,5.79999999999987)
);
#64330=DIRECTION('',(4.44089209850064E-15,-0.,-1.));
#64340=DIRECTION('',(1.,0.,4.44089209850064E-15));
#64350=AXIS2_PLACEMENT_3D('',#64320,#64330,#64340);
#64360=PLANE('',#64350);
#64370=ORIENTED_EDGE('',*,*,#9800,.T.);
#64380=CARTESIAN_POINT('',(-2.607087,-5.78730099999999,5.79999999999987)
);
#64390=DIRECTION('',(0.,1.,0.));
#64400=VECTOR('',#64390,1.);
#64410=LINE('',#64380,#64400);
#64420=CARTESIAN_POINT('',(-2.607087,-5.78730099999999,5.79999999999987)
);
#64430=VERTEX_POINT('',#64420);
#64440=EDGE_CURVE('',#64430,#9710,#64410,.T.);
#64450=ORIENTED_EDGE('',*,*,#64440,.T.);
#64460=CARTESIAN_POINT('',(-2.607087,-5.78730099999999,5.79999999999987)
);
#64470=DIRECTION('',(-1.,0.,0.));
#64480=VECTOR('',#64470,1.);
#64490=LINE('',#64460,#64480);
#64500=EDGE_CURVE('',#64430,#64110,#64490,.T.);
#64510=ORIENTED_EDGE('',*,*,#64500,.F.);
#64520=ORIENTED_EDGE('',*,*,#64270,.F.);
#64530=EDGE_LOOP('',(#64520,#64510,#64450,#64370));
#64540=FACE_OUTER_BOUND('',#64530,.T.);
#64550=ADVANCED_FACE('',(#64540),#64360,.F.);
#64560=CARTESIAN_POINT('',(-2.607087,-7.32730339999999,5.79999999999987)
);
#64570=DIRECTION('',(-1.,-0.,-0.));
#64580=DIRECTION('',(0.,1.22460635382238E-16,-1.));
#64590=AXIS2_PLACEMENT_3D('',#64560,#64570,#64580);
#64600=PLANE('',#64590);
#64610=ORIENTED_EDGE('',*,*,#64440,.F.);
#64620=ORIENTED_EDGE('',*,*,#9720,.T.);
#64630=ORIENTED_EDGE('',*,*,#14770,.F.);
#64640=CARTESIAN_POINT('',(-2.606087,-4.62230099999999,5.29999999999987)
);
#64650=DIRECTION('',(0.,-1.,0.));
#64660=VECTOR('',#64650,1.);
#64670=LINE('',#64640,#64660);
#64680=EDGE_CURVE('',#14760,#16750,#64670,.T.);
#64690=ORIENTED_EDGE('',*,*,#64680,.F.);
#64700=ORIENTED_EDGE('',*,*,#16760,.F.);
#64710=CARTESIAN_POINT('',(-2.607087,-5.78730099999999,5.29999999999987)
);
#64720=DIRECTION('',(0.,0.,1.));
#64730=VECTOR('',#64720,1.);
#64740=LINE('',#64710,#64730);
#64750=EDGE_CURVE('',#16670,#64430,#64740,.T.);
#64760=ORIENTED_EDGE('',*,*,#64750,.F.);
#64770=EDGE_LOOP('',(#64760,#64700,#64690,#64630,#64620,#64610));
#64780=FACE_OUTER_BOUND('',#64770,.T.);
#64790=ADVANCED_FACE('',(#64780),#64600,.F.);
#64800=CARTESIAN_POINT('',(-0.556086999999998,-5.78730099999999,
5.79999999999987));
#64810=DIRECTION('',(-0.,-1.,-1.22460635382238E-16));
#64820=DIRECTION('',(0.,1.22460635382238E-16,-1.));
#64830=AXIS2_PLACEMENT_3D('',#64800,#64810,#64820);
#64840=PLANE('',#64830);
#64850=ORIENTED_EDGE('',*,*,#16680,.T.);
#64860=ORIENTED_EDGE('',*,*,#64120,.F.);
#64870=ORIENTED_EDGE('',*,*,#64500,.T.);
#64880=ORIENTED_EDGE('',*,*,#64750,.T.);
#64890=EDGE_LOOP('',(#64880,#64870,#64860,#64850));
#64900=FACE_OUTER_BOUND('',#64890,.T.);
#64910=ADVANCED_FACE('',(#64900),#64840,.T.);
#64920=CARTESIAN_POINT('',(-2.255087,-7.32730339999999,5.29999999999987)
);
#64930=DIRECTION('',(1.,-0.,-0.));
#64940=DIRECTION('',(-0.,-1.22460635382238E-16,1.));
#64950=AXIS2_PLACEMENT_3D('',#64920,#64930,#64940);
#64960=PLANE('',#64950);
#64970=CARTESIAN_POINT('',(-2.255087,-5.78730099999999,5.79999999999987)
);
#64980=DIRECTION('',(0.,1.,0.));
#64990=VECTOR('',#64980,1.);
#65000=LINE('',#64970,#64990);
#65010=CARTESIAN_POINT('',(-2.255087,-5.78730099999999,5.79999999999987)
);
#65020=VERTEX_POINT('',#65010);
#65030=EDGE_CURVE('',#65020,#9470,#65000,.T.);
#65040=ORIENTED_EDGE('',*,*,#65030,.T.);
#65050=CARTESIAN_POINT('',(-2.255087,-5.78730099999999,5.79999999999987)
);
#65060=DIRECTION('',(0.,0.,-1.));
#65070=VECTOR('',#65060,1.);
#65080=LINE('',#65050,#65070);
#65090=EDGE_CURVE('',#65020,#16910,#65080,.T.);
#65100=ORIENTED_EDGE('',*,*,#65090,.F.);
#65110=ORIENTED_EDGE('',*,*,#16920,.F.);
#65120=CARTESIAN_POINT('',(-2.256087,-4.9931722152522,5.29999999999987))
;
#65130=DIRECTION('',(0.,1.,0.));
#65140=VECTOR('',#65130,1.);
#65150=LINE('',#65120,#65140);
#65160=EDGE_CURVE('',#16830,#14850,#65150,.T.);
#65170=ORIENTED_EDGE('',*,*,#65160,.F.);
#65180=ORIENTED_EDGE('',*,*,#14860,.F.);
#65190=ORIENTED_EDGE('',*,*,#9560,.T.);
#65200=EDGE_LOOP('',(#65190,#65180,#65170,#65110,#65100,#65040));
#65210=FACE_OUTER_BOUND('',#65200,.T.);
#65220=ADVANCED_FACE('',(#65210),#64960,.F.);
#65230=CARTESIAN_POINT('',(-2.255087,-3.58730099999999,5.79999999999987)
);
#65240=DIRECTION('',(-0.,-1.22460635382238E-16,1.));
#65250=DIRECTION('',(-1.,0.,-0.));
#65260=AXIS2_PLACEMENT_3D('',#65230,#65240,#65250);
#65270=PLANE('',#65260);
#65280=CARTESIAN_POINT('',(-1.357087,-5.78730099999999,5.79999999999987)
);
#65290=DIRECTION('',(-1.,0.,0.));
#65300=VECTOR('',#65290,1.);
#65310=LINE('',#65280,#65300);
#65320=CARTESIAN_POINT('',(-1.357087,-5.78730099999999,5.79999999999987)
);
#65330=VERTEX_POINT('',#65320);
#65340=EDGE_CURVE('',#65330,#65020,#65310,.T.);
#65350=ORIENTED_EDGE('',*,*,#65340,.F.);
#65360=ORIENTED_EDGE('',*,*,#65030,.F.);
#65370=ORIENTED_EDGE('',*,*,#9480,.T.);
#65380=CARTESIAN_POINT('',(-1.357087,-5.78730099999999,5.79999999999987)
);
#65390=DIRECTION('',(0.,1.,0.));
#65400=VECTOR('',#65390,1.);
#65410=LINE('',#65380,#65400);
#65420=EDGE_CURVE('',#65330,#9390,#65410,.T.);
#65430=ORIENTED_EDGE('',*,*,#65420,.T.);
#65440=EDGE_LOOP('',(#65430,#65370,#65360,#65350));
#65450=FACE_OUTER_BOUND('',#65440,.T.);
#65460=ADVANCED_FACE('',(#65450),#65270,.T.);
#65470=CARTESIAN_POINT('',(-1.357087,-7.32730339999999,5.79999999999987)
);
#65480=DIRECTION('',(-1.,-0.,-0.));
#65490=DIRECTION('',(0.,1.22460635382238E-16,-1.));
#65500=AXIS2_PLACEMENT_3D('',#65470,#65480,#65490);
#65510=PLANE('',#65500);
#65520=ORIENTED_EDGE('',*,*,#65420,.F.);
#65530=ORIENTED_EDGE('',*,*,#9400,.T.);
#65540=ORIENTED_EDGE('',*,*,#14140,.F.);
#65550=CARTESIAN_POINT('',(-1.356087,-4.62230099999999,5.29999999999987)
);
#65560=DIRECTION('',(0.,-1.,0.));
#65570=VECTOR('',#65560,1.);
#65580=LINE('',#65550,#65570);
#65590=EDGE_CURVE('',#14070,#17070,#65580,.T.);
#65600=ORIENTED_EDGE('',*,*,#65590,.F.);
#65610=ORIENTED_EDGE('',*,*,#17080,.F.);
#65620=CARTESIAN_POINT('',(-1.357087,-5.78730099999999,5.29999999999987)
);
#65630=DIRECTION('',(0.,0.,1.));
#65640=VECTOR('',#65630,1.);
#65650=LINE('',#65620,#65640);
#65660=EDGE_CURVE('',#16990,#65330,#65650,.T.);
#65670=ORIENTED_EDGE('',*,*,#65660,.F.);
#65680=EDGE_LOOP('',(#65670,#65610,#65600,#65540,#65530,#65520));
#65690=FACE_OUTER_BOUND('',#65680,.T.);
#65700=ADVANCED_FACE('',(#65690),#65510,.F.);
#65710=CARTESIAN_POINT('',(-0.556086999999998,-5.78730099999999,
5.79999999999987));
#65720=DIRECTION('',(-0.,-1.,-1.22460635382238E-16));
#65730=DIRECTION('',(0.,1.22460635382238E-16,-1.));
#65740=AXIS2_PLACEMENT_3D('',#65710,#65720,#65730);
#65750=PLANE('',#65740);
#65760=ORIENTED_EDGE('',*,*,#17000,.T.);
#65770=ORIENTED_EDGE('',*,*,#65090,.T.);
#65780=ORIENTED_EDGE('',*,*,#65340,.T.);
#65790=ORIENTED_EDGE('',*,*,#65660,.T.);
#65800=EDGE_LOOP('',(#65790,#65780,#65770,#65760));
#65810=FACE_OUTER_BOUND('',#65800,.T.);
#65820=ADVANCED_FACE('',(#65810),#65750,.T.);
#65830=CARTESIAN_POINT('',(-1.00508699999999,-7.32730339999999,
5.79999999999987));
#65840=DIRECTION('',(-1.,-0.,-0.));
#65850=DIRECTION('',(0.,0.,-1.));
#65860=AXIS2_PLACEMENT_3D('',#65830,#65840,#65850);
#65870=PLANE('',#65860);
#65880=CARTESIAN_POINT('',(-1.00508699999999,-5.78730099999999,
5.29999999999987));
#65890=DIRECTION('',(0.,0.,1.));
#65900=VECTOR('',#65890,1.);
#65910=LINE('',#65880,#65900);
#65920=CARTESIAN_POINT('',(-1.00508699999999,-5.78730099999999,
5.79999999999987));
#65930=VERTEX_POINT('',#65920);
#65940=EDGE_CURVE('',#17230,#65930,#65910,.T.);
#65950=ORIENTED_EDGE('',*,*,#65940,.T.);
#65960=ORIENTED_EDGE('',*,*,#17240,.T.);
#65970=CARTESIAN_POINT('',(-1.00508699999999,-4.62230099999999,
5.29999999999987));
#65980=DIRECTION('',(0.,-1.,0.));
#65990=VECTOR('',#65980,1.);
#66000=LINE('',#65970,#65990);
#66010=EDGE_CURVE('',#13990,#17150,#66000,.T.);
#66020=ORIENTED_EDGE('',*,*,#66010,.T.);
#66030=ORIENTED_EDGE('',*,*,#14000,.T.);
#66040=ORIENTED_EDGE('',*,*,#12990,.F.);
#66050=CARTESIAN_POINT('',(-1.00508699999999,-5.78730099999999,
5.79999999999987));
#66060=DIRECTION('',(0.,1.,0.));
#66070=VECTOR('',#66060,1.);
#66080=LINE('',#66050,#66070);
#66090=EDGE_CURVE('',#65930,#12900,#66080,.T.);
#66100=ORIENTED_EDGE('',*,*,#66090,.T.);
#66110=EDGE_LOOP('',(#66100,#66040,#66030,#66020,#65960,#65950));
#66120=FACE_OUTER_BOUND('',#66110,.T.);
#66130=ADVANCED_FACE('',(#66120),#65870,.T.);
#66140=CARTESIAN_POINT('',(-0.107086999999995,-3.58730099999999,
5.79999999999987));
#66150=DIRECTION('',(-0.,-0.,-1.));
#66160=DIRECTION('',(1.,0.,0.));
#66170=AXIS2_PLACEMENT_3D('',#66140,#66150,#66160);
#66180=PLANE('',#66170);
#66190=ORIENTED_EDGE('',*,*,#66090,.F.);
#66200=ORIENTED_EDGE('',*,*,#12910,.F.);
#66210=CARTESIAN_POINT('',(-0.107086999999995,-5.78730099999999,
5.79999999999987));
#66220=DIRECTION('',(0.,1.,0.));
#66230=VECTOR('',#66220,1.);
#66240=LINE('',#66210,#66230);
#66250=CARTESIAN_POINT('',(-0.107086999999995,-5.78730099999999,
5.79999999999987));
#66260=VERTEX_POINT('',#66250);
#66270=EDGE_CURVE('',#66260,#12820,#66240,.T.);
#66280=ORIENTED_EDGE('',*,*,#66270,.T.);
#66290=CARTESIAN_POINT('',(-1.00508699999999,-5.78730099999999,
5.79999999999987));
#66300=DIRECTION('',(1.,0.,0.));
#66310=VECTOR('',#66300,1.);
#66320=LINE('',#66290,#66310);
#66330=EDGE_CURVE('',#65930,#66260,#66320,.T.);
#66340=ORIENTED_EDGE('',*,*,#66330,.T.);
#66350=EDGE_LOOP('',(#66340,#66280,#66200,#66190));
#66360=FACE_OUTER_BOUND('',#66350,.T.);
#66370=ADVANCED_FACE('',(#66360),#66180,.F.);
#66380=CARTESIAN_POINT('',(-1.80608699999999,-5.78730099999999,
5.79999999999987));
#66390=DIRECTION('',(-0.,1.,-0.));
#66400=DIRECTION('',(0.,-0.,-1.));
#66410=AXIS2_PLACEMENT_3D('',#66380,#66390,#66400);
#66420=PLANE('',#66410);
#66430=ORIENTED_EDGE('',*,*,#65940,.F.);
#66440=ORIENTED_EDGE('',*,*,#66330,.F.);
#66450=CARTESIAN_POINT('',(-0.107086999999995,-5.78730099999999,
5.79999999999987));
#66460=DIRECTION('',(0.,0.,-1.));
#66470=VECTOR('',#66460,1.);
#66480=LINE('',#66450,#66470);
#66490=EDGE_CURVE('',#66260,#17310,#66480,.T.);
#66500=ORIENTED_EDGE('',*,*,#66490,.F.);
#66510=ORIENTED_EDGE('',*,*,#17320,.F.);
#66520=EDGE_LOOP('',(#66510,#66500,#66440,#66430));
#66530=FACE_OUTER_BOUND('',#66520,.T.);
#66540=ADVANCED_FACE('',(#66530),#66420,.F.);
#66550=CARTESIAN_POINT('',(-0.107086999999995,-7.32730339999999,
5.29999999999987));
#66560=DIRECTION('',(1.,-0.,-0.));
#66570=DIRECTION('',(-0.,0.,1.));
#66580=AXIS2_PLACEMENT_3D('',#66550,#66560,#66570);
#66590=PLANE('',#66580);
#66600=ORIENTED_EDGE('',*,*,#12830,.F.);
#66610=ORIENTED_EDGE('',*,*,#13210,.T.);
#66620=CARTESIAN_POINT('',(-0.107086999999995,-4.9931722152522,
5.29999999999987));
#66630=DIRECTION('',(0.,1.,0.));
#66640=VECTOR('',#66630,1.);
#66650=LINE('',#66620,#66640);
#66660=EDGE_CURVE('',#17390,#13200,#66650,.T.);
#66670=ORIENTED_EDGE('',*,*,#66660,.T.);
#66680=ORIENTED_EDGE('',*,*,#17400,.T.);
#66690=ORIENTED_EDGE('',*,*,#66490,.T.);
#66700=ORIENTED_EDGE('',*,*,#66270,.F.);
#66710=EDGE_LOOP('',(#66700,#66690,#66680,#66670,#66610,#66600));
#66720=FACE_OUTER_BOUND('',#66710,.T.);
#66730=ADVANCED_FACE('',(#66720),#66590,.T.);
#66740=CARTESIAN_POINT('',(0.244913000000006,-7.32730339999999,
5.79999999999987));
#66750=DIRECTION('',(-1.,-0.,-0.));
#66760=DIRECTION('',(0.,0.,-1.));
#66770=AXIS2_PLACEMENT_3D('',#66740,#66750,#66760);
#66780=PLANE('',#66770);
#66790=CARTESIAN_POINT('',(0.244913000000006,-5.78730099999999,
5.29999999999987));
#66800=DIRECTION('',(0.,0.,1.));
#66810=VECTOR('',#66800,1.);
#66820=LINE('',#66790,#66810);
#66830=CARTESIAN_POINT('',(0.244913000000006,-5.78730099999999,
5.79999999999987));
#66840=VERTEX_POINT('',#66830);
#66850=EDGE_CURVE('',#17550,#66840,#66820,.T.);
#66860=ORIENTED_EDGE('',*,*,#66850,.T.);
#66870=ORIENTED_EDGE('',*,*,#17560,.T.);
#66880=CARTESIAN_POINT('',(0.244913000000006,-4.62230099999999,
5.29999999999987));
#66890=DIRECTION('',(0.,-1.,0.));
#66900=VECTOR('',#66890,1.);
#66910=LINE('',#66880,#66900);
#66920=EDGE_CURVE('',#13290,#17470,#66910,.T.);
#66930=ORIENTED_EDGE('',*,*,#66920,.T.);
#66940=ORIENTED_EDGE('',*,*,#13300,.T.);
#66950=ORIENTED_EDGE('',*,*,#12670,.F.);
#66960=CARTESIAN_POINT('',(0.244913000000006,-5.78730099999999,
5.79999999999987));
#66970=DIRECTION('',(0.,1.,0.));
#66980=VECTOR('',#66970,1.);
#66990=LINE('',#66960,#66980);
#67000=EDGE_CURVE('',#66840,#12580,#66990,.T.);
#67010=ORIENTED_EDGE('',*,*,#67000,.T.);
#67020=EDGE_LOOP('',(#67010,#66950,#66940,#66930,#66870,#66860));
#67030=FACE_OUTER_BOUND('',#67020,.T.);
#67040=ADVANCED_FACE('',(#67030),#66780,.T.);
#67050=CARTESIAN_POINT('',(1.04291300000001,-3.58730099999999,
5.79999999999987));
#67060=DIRECTION('',(4.44089209850064E-15,1.22460635382238E-16,1.));
#67070=DIRECTION('',(-1.,5.43834468046348E-31,4.44089209850064E-15));
#67080=AXIS2_PLACEMENT_3D('',#67050,#67060,#67070);
#67090=PLANE('',#67080);
#67100=CARTESIAN_POINT('',(1.14291300000001,-5.78730099999999,
5.79999999999987));
#67110=DIRECTION('',(0.,1.,-4.03717463500057E-16));
#67120=VECTOR('',#67110,1.);
#67130=LINE('',#67100,#67120);
#67140=CARTESIAN_POINT('',(1.14291300000001,-5.78730099999999,
5.79999999999987));
#67150=VERTEX_POINT('',#67140);
#67160=EDGE_CURVE('',#67150,#12500,#67130,.T.);
#67170=ORIENTED_EDGE('',*,*,#67160,.T.);
#67180=CARTESIAN_POINT('',(0.244913000000006,-5.78730099999999,
5.79999999999987));
#67190=DIRECTION('',(1.,0.,-3.95625131269542E-15));
#67200=VECTOR('',#67190,1.);
#67210=LINE('',#67180,#67200);
#67220=EDGE_CURVE('',#66840,#67150,#67210,.T.);
#67230=ORIENTED_EDGE('',*,*,#67220,.T.);
#67240=ORIENTED_EDGE('',*,*,#67000,.F.);
#67250=ORIENTED_EDGE('',*,*,#12590,.F.);
#67260=EDGE_LOOP('',(#67250,#67240,#67230,#67170));
#67270=FACE_OUTER_BOUND('',#67260,.T.);
#67280=ADVANCED_FACE('',(#67270),#67090,.T.);
#67290=CARTESIAN_POINT('',(1.14291300000001,-7.32730339999999,
5.79999999999987));
#67300=DIRECTION('',(-1.,-0.,-0.));
#67310=DIRECTION('',(0.,-1.22460635382238E-16,-1.));
#67320=AXIS2_PLACEMENT_3D('',#67290,#67300,#67310);
#67330=PLANE('',#67320);
#67340=ORIENTED_EDGE('',*,*,#67160,.F.);
#67350=ORIENTED_EDGE('',*,*,#12510,.T.);
#67360=ORIENTED_EDGE('',*,*,#13880,.F.);
#67370=CARTESIAN_POINT('',(1.14391300000001,-4.62230099999999,
5.29999999999987));
#67380=DIRECTION('',(0.,-1.,0.));
#67390=VECTOR('',#67380,1.);
#67400=LINE('',#67370,#67390);
#67410=EDGE_CURVE('',#13810,#17710,#67400,.T.);
#67420=ORIENTED_EDGE('',*,*,#67410,.F.);
#67430=ORIENTED_EDGE('',*,*,#17720,.F.);
#67440=CARTESIAN_POINT('',(1.14291300000001,-5.78730099999999,
5.29999999999987));
#67450=DIRECTION('',(0.,0.,1.));
#67460=VECTOR('',#67450,1.);
#67470=LINE('',#67440,#67460);
#67480=EDGE_CURVE('',#17630,#67150,#67470,.T.);
#67490=ORIENTED_EDGE('',*,*,#67480,.F.);
#67500=EDGE_LOOP('',(#67490,#67430,#67420,#67360,#67350,#67340));
#67510=FACE_OUTER_BOUND('',#67500,.T.);
#67520=ADVANCED_FACE('',(#67510),#67330,.F.);
#67530=CARTESIAN_POINT('',(-1.80608699999999,-5.78730099999999,
5.79999999999987));
#67540=DIRECTION('',(-0.,1.,-0.));
#67550=DIRECTION('',(0.,-0.,-1.));
#67560=AXIS2_PLACEMENT_3D('',#67530,#67540,#67550);
#67570=PLANE('',#67560);
#67580=ORIENTED_EDGE('',*,*,#66850,.F.);
#67590=ORIENTED_EDGE('',*,*,#67220,.F.);
#67600=ORIENTED_EDGE('',*,*,#67480,.T.);
#67610=ORIENTED_EDGE('',*,*,#17640,.F.);
#67620=EDGE_LOOP('',(#67610,#67600,#67590,#67580));
#67630=FACE_OUTER_BOUND('',#67620,.T.);
#67640=ADVANCED_FACE('',(#67630),#67570,.F.);
#67650=CARTESIAN_POINT('',(1.49491300000001,-7.32730339999999,
5.29999999999987));
#67660=DIRECTION('',(1.,-0.,-0.));
#67670=DIRECTION('',(0.,1.22460635382238E-16,1.));
#67680=AXIS2_PLACEMENT_3D('',#67650,#67660,#67670);
#67690=PLANE('',#67680);
#67700=CARTESIAN_POINT('',(1.49491300000001,-5.78730099999999,
5.79999999999987));
#67710=DIRECTION('',(0.,1.,0.));
#67720=VECTOR('',#67710,1.);
#67730=LINE('',#67700,#67720);
#67740=CARTESIAN_POINT('',(1.49491300000001,-5.78730099999999,
5.79999999999987));
#67750=VERTEX_POINT('',#67740);
#67760=EDGE_CURVE('',#67750,#12260,#67730,.T.);
#67770=ORIENTED_EDGE('',*,*,#67760,.T.);
#67780=CARTESIAN_POINT('',(1.49491300000001,-5.78730099999999,
5.79999999999987));
#67790=DIRECTION('',(0.,0.,-1.));
#67800=VECTOR('',#67790,1.);
#67810=LINE('',#67780,#67800);
#67820=EDGE_CURVE('',#67750,#17870,#67810,.T.);
#67830=ORIENTED_EDGE('',*,*,#67820,.F.);
#67840=ORIENTED_EDGE('',*,*,#17880,.F.);
#67850=CARTESIAN_POINT('',(1.49391300000001,-4.9931722152522,
5.29999999999987));
#67860=DIRECTION('',(0.,1.,0.));
#67870=VECTOR('',#67860,1.);
#67880=LINE('',#67850,#67870);
#67890=EDGE_CURVE('',#17790,#13730,#67880,.T.);
#67900=ORIENTED_EDGE('',*,*,#67890,.F.);
#67910=ORIENTED_EDGE('',*,*,#13740,.F.);
#67920=ORIENTED_EDGE('',*,*,#12350,.T.);
#67930=EDGE_LOOP('',(#67920,#67910,#67900,#67840,#67830,#67770));
#67940=FACE_OUTER_BOUND('',#67930,.T.);
#67950=ADVANCED_FACE('',(#67940),#67690,.F.);
#67960=CARTESIAN_POINT('',(1.49491300000001,-3.58730099999999,
5.79999999999987));
#67970=DIRECTION('',(-0.,1.22460635382238E-16,1.));
#67980=DIRECTION('',(-1.,-0.,-0.));
#67990=AXIS2_PLACEMENT_3D('',#67960,#67970,#67980);
#68000=PLANE('',#67990);
#68010=CARTESIAN_POINT('',(2.39291300000001,-5.78730099999999,
5.79999999999987));
#68020=DIRECTION('',(0.,1.,0.));
#68030=VECTOR('',#68020,1.);
#68040=LINE('',#68010,#68030);
#68050=CARTESIAN_POINT('',(2.39291300000001,-5.78730099999999,
5.79999999999987));
#68060=VERTEX_POINT('',#68050);
#68070=EDGE_CURVE('',#68060,#12180,#68040,.T.);
#68080=ORIENTED_EDGE('',*,*,#68070,.T.);
#68090=CARTESIAN_POINT('',(2.39291300000001,-5.78730099999999,
5.79999999999987));
#68100=DIRECTION('',(-1.,0.,0.));
#68110=VECTOR('',#68100,1.);
#68120=LINE('',#68090,#68110);
#68130=EDGE_CURVE('',#68060,#67750,#68120,.T.);
#68140=ORIENTED_EDGE('',*,*,#68130,.F.);
#68150=ORIENTED_EDGE('',*,*,#67760,.F.);
#68160=ORIENTED_EDGE('',*,*,#12270,.T.);
#68170=EDGE_LOOP('',(#68160,#68150,#68140,#68080));
#68180=FACE_OUTER_BOUND('',#68170,.T.);
#68190=ADVANCED_FACE('',(#68180),#68000,.T.);
#68200=CARTESIAN_POINT('',(2.39291300000001,-7.32730339999999,
5.79999999999987));
#68210=DIRECTION('',(-1.,-0.,-0.));
#68220=DIRECTION('',(0.,-1.22460635382238E-16,-1.));
#68230=AXIS2_PLACEMENT_3D('',#68200,#68210,#68220);
#68240=PLANE('',#68230);
#68250=ORIENTED_EDGE('',*,*,#68070,.F.);
#68260=ORIENTED_EDGE('',*,*,#12190,.T.);
#68270=ORIENTED_EDGE('',*,*,#13620,.F.);
#68280=CARTESIAN_POINT('',(2.39391300000001,-4.62230099999999,
5.29999999999987));
#68290=DIRECTION('',(0.,-1.,0.));
#68300=VECTOR('',#68290,1.);
#68310=LINE('',#68280,#68300);
#68320=EDGE_CURVE('',#13550,#18030,#68310,.T.);
#68330=ORIENTED_EDGE('',*,*,#68320,.F.);
#68340=ORIENTED_EDGE('',*,*,#18040,.F.);
#68350=CARTESIAN_POINT('',(2.39291300000001,-5.78730099999999,
5.29999999999987));
#68360=DIRECTION('',(0.,0.,1.));
#68370=VECTOR('',#68360,1.);
#68380=LINE('',#68350,#68370);
#68390=EDGE_CURVE('',#17950,#68060,#68380,.T.);
#68400=ORIENTED_EDGE('',*,*,#68390,.F.);
#68410=EDGE_LOOP('',(#68400,#68340,#68330,#68270,#68260,#68250));
#68420=FACE_OUTER_BOUND('',#68410,.T.);
#68430=ADVANCED_FACE('',(#68420),#68240,.F.);
#68440=CARTESIAN_POINT('',(3.19391300000001,-5.78730099999999,
5.79999999999987));
#68450=DIRECTION('',(-0.,-1.,1.22460635382238E-16));
#68460=DIRECTION('',(0.,-1.22460635382238E-16,-1.));
#68470=AXIS2_PLACEMENT_3D('',#68440,#68450,#68460);
#68480=PLANE('',#68470);
#68490=ORIENTED_EDGE('',*,*,#68390,.T.);
#68500=ORIENTED_EDGE('',*,*,#17960,.T.);
#68510=ORIENTED_EDGE('',*,*,#67820,.T.);
#68520=ORIENTED_EDGE('',*,*,#68130,.T.);
#68530=EDGE_LOOP('',(#68520,#68510,#68500,#68490));
#68540=FACE_OUTER_BOUND('',#68530,.T.);
#68550=ADVANCED_FACE('',(#68540),#68480,.T.);
#68560=CARTESIAN_POINT('',(2.74491300000001,-3.58730099999999,
5.69999999999987));
#68570=DIRECTION('',(-1.,-2.17533787218541E-30,-1.77635683940027E-14));
#68580=DIRECTION('',(1.77635683940027E-14,-1.22460635382238E-16,-1.));
#68590=AXIS2_PLACEMENT_3D('',#68560,#68570,#68580);
#68600=PLANE('',#68590);
#68610=CARTESIAN_POINT('',(2.74491300000001,-5.78730099999999,
5.79999999999987));
#68620=DIRECTION('',(0.,1.,0.));
#68630=VECTOR('',#68620,1.);
#68640=LINE('',#68610,#68630);
#68650=CARTESIAN_POINT('',(2.74491300000001,-5.78730099999999,
5.79999999999987));
#68660=VERTEX_POINT('',#68650);
#68670=EDGE_CURVE('',#68660,#11940,#68640,.T.);
#68680=ORIENTED_EDGE('',*,*,#68670,.T.);
#68690=CARTESIAN_POINT('',(2.74491300000002,-5.78730099999999,
5.29999999999987));
#68700=DIRECTION('',(-1.77635683940025E-14,0.,1.));
#68710=VECTOR('',#68700,1.);
#68720=LINE('',#68690,#68710);
#68730=EDGE_CURVE('',#18190,#68660,#68720,.T.);
#68740=ORIENTED_EDGE('',*,*,#68730,.T.);
#68750=ORIENTED_EDGE('',*,*,#18200,.T.);
#68760=CARTESIAN_POINT('',(2.74491300000002,-4.62230099999999,
5.29999999999987));
#68770=DIRECTION('',(0.,-1.,0.));
#68780=VECTOR('',#68770,1.);
#68790=LINE('',#68760,#68780);
#68800=EDGE_CURVE('',#13470,#18110,#68790,.T.);
#68810=ORIENTED_EDGE('',*,*,#68800,.T.);
#68820=ORIENTED_EDGE('',*,*,#13480,.T.);
#68830=ORIENTED_EDGE('',*,*,#12030,.T.);
#68840=EDGE_LOOP('',(#68830,#68820,#68810,#68750,#68740,#68680));
#68850=FACE_OUTER_BOUND('',#68840,.T.);
#68860=ADVANCED_FACE('',(#68850),#68600,.T.);
#68870=CARTESIAN_POINT('',(2.74491300000001,-3.58730099999999,
5.79999999999987));
#68880=DIRECTION('',(-1.33226762955017E-14,1.22460635382238E-16,1.));
#68890=DIRECTION('',(-1.,-1.63150340413901E-30,-1.33226762955017E-14));
#68900=AXIS2_PLACEMENT_3D('',#68870,#68880,#68890);
#68910=PLANE('',#68900);
#68920=CARTESIAN_POINT('',(4.018913,-5.78730099999999,5.79999999999989))
;
#68930=DIRECTION('',(0.,1.,0.));
#68940=VECTOR('',#68930,1.);
#68950=LINE('',#68920,#68940);
#68960=CARTESIAN_POINT('',(4.018913,-5.78730099999999,5.79999999999989))
;
#68970=VERTEX_POINT('',#68960);
#68980=EDGE_CURVE('',#68970,#11860,#68950,.T.);
#68990=ORIENTED_EDGE('',*,*,#68980,.T.);
#69000=CARTESIAN_POINT('',(4.018913,-5.78730099999999,5.79999999999988))
;
#69010=DIRECTION('',(-1.,0.,0.));
#69020=VECTOR('',#69010,1.);
#69030=LINE('',#69000,#69020);
#69040=EDGE_CURVE('',#68970,#68660,#69030,.T.);
#69050=ORIENTED_EDGE('',*,*,#69040,.F.);
#69060=ORIENTED_EDGE('',*,*,#68670,.F.);
#69070=ORIENTED_EDGE('',*,*,#11950,.T.);
#69080=EDGE_LOOP('',(#69070,#69060,#69050,#68990));
#69090=FACE_OUTER_BOUND('',#69080,.T.);
#69100=ADVANCED_FACE('',(#69090),#68910,.T.);
#69110=CARTESIAN_POINT('',(4.018913,-4.18523468267788,1.27003886635729))
;
#69120=DIRECTION('',(1.,-0.,-0.));
#69130=DIRECTION('',(-0.,-1.,0.));
#69140=AXIS2_PLACEMENT_3D('',#69110,#69120,#69130);
#69150=PLANE('',#69140);
#69160=CARTESIAN_POINT('',(4.018913,-4.28715148846219,4.7995016282072));
#69170=DIRECTION('',(0.,-1.,0.));
#69180=VECTOR('',#69170,1.);
#69190=LINE('',#69160,#69180);
#69200=CARTESIAN_POINT('',(4.018913,-4.2871514884622,4.7995016282072));
#69210=VERTEX_POINT('',#69200);
#69220=CARTESIAN_POINT('',(4.018913,-4.38730099999999,4.7995016282072));
#69230=VERTEX_POINT('',#69220);
#69240=EDGE_CURVE('',#69210,#69230,#69190,.T.);
#69250=ORIENTED_EDGE('',*,*,#69240,.F.);
#69260=CARTESIAN_POINT('',(4.018913,-4.38730099999999,4.7995016282072));
#69270=DIRECTION('',(0.,0.,1.));
#69280=VECTOR('',#69270,1.);
#69290=LINE('',#69260,#69280);
#69300=CARTESIAN_POINT('',(4.01891300000001,-4.38730099999999,
5.39999999999987));
#69310=VERTEX_POINT('',#69300);
#69320=EDGE_CURVE('',#69230,#69310,#69290,.T.);
#69330=ORIENTED_EDGE('',*,*,#69320,.F.);
#69340=CARTESIAN_POINT('',(4.01891300000001,-4.38730099999999,
5.39999999999987));
#69350=DIRECTION('',(-6.34413156928661E-16,-1.,0.));
#69360=VECTOR('',#69350,1.);
#69370=LINE('',#69340,#69360);
#69380=CARTESIAN_POINT('',(4.018913,-5.78730099999999,5.39999999999987))
;
#69390=VERTEX_POINT('',#69380);
#69400=EDGE_CURVE('',#69310,#69390,#69370,.T.);
#69410=ORIENTED_EDGE('',*,*,#69400,.F.);
#69420=CARTESIAN_POINT('',(4.018913,-5.78730099999999,5.79999999999987))
;
#69430=DIRECTION('',(0.,0.,-1.));
#69440=VECTOR('',#69430,1.);
#69450=LINE('',#69420,#69440);
#69460=EDGE_CURVE('',#68970,#69390,#69450,.T.);
#69470=ORIENTED_EDGE('',*,*,#69460,.T.);
#69480=ORIENTED_EDGE('',*,*,#68980,.F.);
#69490=ORIENTED_EDGE('',*,*,#11870,.T.);
#69500=CARTESIAN_POINT('',(4.018913,-4.08730099999999,5.09999999999987))
;
#69510=DIRECTION('',(0.,1.,0.));
#69520=VECTOR('',#69510,1.);
#69530=LINE('',#69500,#69520);
#69540=CARTESIAN_POINT('',(4.018913,-4.087301,5.09999999999987));
#69550=VERTEX_POINT('',#69540);
#69560=EDGE_CURVE('',#69550,#11780,#69530,.T.);
#69570=ORIENTED_EDGE('',*,*,#69560,.T.);
#69580=CARTESIAN_POINT('',(4.018913,-4.08730099999999,4.54999999999988))
;
#69590=DIRECTION('',(0.,0.,1.));
#69600=VECTOR('',#69590,1.);
#69610=LINE('',#69580,#69600);
#69620=CARTESIAN_POINT('',(4.018913,-4.08730099999999,4.54999999999988))
;
#69630=VERTEX_POINT('',#69620);
#69640=EDGE_CURVE('',#69630,#69550,#69610,.T.);
#69650=ORIENTED_EDGE('',*,*,#69640,.T.);
#69660=CARTESIAN_POINT('',(4.018913,-4.1051456454055,4.63922322702744));
#69670=DIRECTION('',(0.,0.196116135138188,-0.98058067569092));
#69680=VECTOR('',#69670,1.);
#69690=LINE('',#69660,#69680);
#69700=CARTESIAN_POINT('',(4.018913,-4.10514564540553,4.63922322702751))
;
#69710=VERTEX_POINT('',#69700);
#69720=EDGE_CURVE('',#69710,#69630,#69690,.T.);
#69730=ORIENTED_EDGE('',*,*,#69720,.T.);
#69740=CARTESIAN_POINT('',(4.018913,-4.30126178054371,4.59999999999987))
;
#69750=DIRECTION('',(-1.,6.09255432603351E-17,-4.30912378185591E-18));
#69760=DIRECTION('',(0.,0.070551460407482,0.997508141036639));
#69770=AXIS2_PLACEMENT_3D('',#69740,#69750,#69760);
#69780=CIRCLE('',#69770,0.2);
#69790=EDGE_CURVE('',#69210,#69710,#69780,.T.);
#69800=ORIENTED_EDGE('',*,*,#69790,.T.);
#69810=EDGE_LOOP('',(#69800,#69730,#69650,#69570,#69490,#69480,#69470,
#69410,#69330,#69250));
#69820=FACE_OUTER_BOUND('',#69810,.T.);
#69830=ADVANCED_FACE('',(#69820),#69150,.T.);
#69840=CARTESIAN_POINT('',(4.01891300000001,-4.30126178054371,
4.59999999999987));
#69850=DIRECTION('',(1.,-6.12303176911188E-17,-0.));
#69860=DIRECTION('',(-6.12303176911188E-17,-1.,-6.12303176911189E-17));
#69870=AXIS2_PLACEMENT_3D('',#69840,#69850,#69860);
#69880=CYLINDRICAL_SURFACE('',#69870,0.2);
#69890=ORIENTED_EDGE('',*,*,#69790,.F.);
#69900=CARTESIAN_POINT('',(4.21891300000001,-4.10514564540553,
4.63922322702751));
#69910=DIRECTION('',(-1.,0.,0.));
#69920=VECTOR('',#69910,1.);
#69930=LINE('',#69900,#69920);
#69940=CARTESIAN_POINT('',(4.21891300000001,-4.10514564540551,
4.63922322702747));
#69950=VERTEX_POINT('',#69940);
#69960=EDGE_CURVE('',#69950,#69710,#69930,.T.);
#69970=ORIENTED_EDGE('',*,*,#69960,.T.);
#69980=CARTESIAN_POINT('',(4.21891300000001,-4.30126178054371,
4.59999999999987));
#69990=DIRECTION('',(1.,-2.35501221888051E-18,1.17750610944251E-17));
#70000=DIRECTION('',(3.85185988877447E-34,0.980580675690993,
0.196116135137823));
#70010=AXIS2_PLACEMENT_3D('',#69980,#69990,#70000);
#70020=CIRCLE('',#70010,0.2);
#70030=CARTESIAN_POINT('',(4.21891300000001,-4.2871514884622,
4.7995016282072));
#70040=VERTEX_POINT('',#70030);
#70050=EDGE_CURVE('',#69950,#70040,#70020,.T.);
#70060=ORIENTED_EDGE('',*,*,#70050,.F.);
#70070=CARTESIAN_POINT('',(4.018913,-4.28715148846219,4.7995016282072));
#70080=DIRECTION('',(1.,0.,0.));
#70090=VECTOR('',#70080,1.);
#70100=LINE('',#70070,#70090);
#70110=EDGE_CURVE('',#69210,#70040,#70100,.T.);
#70120=ORIENTED_EDGE('',*,*,#70110,.T.);
#70130=EDGE_LOOP('',(#70120,#70060,#69970,#69890));
#70140=FACE_OUTER_BOUND('',#70130,.T.);
#70150=ADVANCED_FACE('',(#70140),#69880,.T.);
#70160=CARTESIAN_POINT('',(5.66891540000001,-4.38730099999999,
4.7995016282072));
#70170=DIRECTION('',(3.74915180455534E-33,6.12303176911189E-17,-1.));
#70180=DIRECTION('',(6.12303176911188E-17,1.,6.12303176911189E-17));
#70190=AXIS2_PLACEMENT_3D('',#70160,#70170,#70180);
#70200=PLANE('',#70190);
#70210=CARTESIAN_POINT('',(4.21891300000001,-4.38730099999999,
4.7995016282072));
#70220=DIRECTION('',(0.,1.,0.));
#70230=VECTOR('',#70220,1.);
#70240=LINE('',#70210,#70230);
#70250=CARTESIAN_POINT('',(4.21891300000001,-4.38730099999999,
4.7995016282072));
#70260=VERTEX_POINT('',#70250);
#70270=EDGE_CURVE('',#70260,#70040,#70240,.T.);
#70280=ORIENTED_EDGE('',*,*,#70270,.T.);
#70290=CARTESIAN_POINT('',(4.018913,-4.38730099999999,4.7995016282072));
#70300=DIRECTION('',(1.,0.,0.));
#70310=VECTOR('',#70300,1.);
#70320=LINE('',#70290,#70310);
#70330=EDGE_CURVE('',#69230,#70260,#70320,.T.);
#70340=ORIENTED_EDGE('',*,*,#70330,.T.);
#70350=ORIENTED_EDGE('',*,*,#69240,.T.);
#70360=ORIENTED_EDGE('',*,*,#70110,.F.);
#70370=EDGE_LOOP('',(#70360,#70350,#70340,#70280));
#70380=FACE_OUTER_BOUND('',#70370,.T.);
#70390=ADVANCED_FACE('',(#70380),#70200,.F.);
#70400=CARTESIAN_POINT('',(4.21891300000001,-6.987301,2.29999999999987))
;
#70410=DIRECTION('',(1.,-6.12303176911188E-17,-3.74915180455534E-33));
#70420=DIRECTION('',(-4.10536659470161E-48,6.12303176911188E-17,-1.));
#70430=AXIS2_PLACEMENT_3D('',#70400,#70410,#70420);
#70440=PLANE('',#70430);
#70450=CARTESIAN_POINT('',(4.21891300000001,-6.18730099999999,
4.7995016282072));
#70460=DIRECTION('',(0.,0.,1.));
#70470=VECTOR('',#70460,1.);
#70480=LINE('',#70450,#70470);
#70490=CARTESIAN_POINT('',(4.21891300000001,-6.18730099999999,
4.7995016282072));
#70500=VERTEX_POINT('',#70490);
#70510=CARTESIAN_POINT('',(4.21891300000001,-6.18730099999999,
5.39999999999987));
#70520=VERTEX_POINT('',#70510);
#70530=EDGE_CURVE('',#70500,#70520,#70480,.T.);
#70540=ORIENTED_EDGE('',*,*,#70530,.F.);
#70550=CARTESIAN_POINT('',(4.21891300000001,-6.18730099999999,
5.39999999999987));
#70560=DIRECTION('',(0.,1.,0.));
#70570=VECTOR('',#70560,1.);
#70580=LINE('',#70550,#70570);
#70590=CARTESIAN_POINT('',(4.21891300000001,-4.38730099999999,
5.39999999999987));
#70600=VERTEX_POINT('',#70590);
#70610=EDGE_CURVE('',#70520,#70600,#70580,.T.);
#70620=ORIENTED_EDGE('',*,*,#70610,.F.);
#70630=CARTESIAN_POINT('',(4.21891300000001,-4.38730099999999,
5.39999999999988));
#70640=DIRECTION('',(0.,0.,-1.));
#70650=VECTOR('',#70640,1.);
#70660=LINE('',#70630,#70650);
#70670=EDGE_CURVE('',#70600,#70260,#70660,.T.);
#70680=ORIENTED_EDGE('',*,*,#70670,.F.);
#70690=ORIENTED_EDGE('',*,*,#70270,.F.);
#70700=ORIENTED_EDGE('',*,*,#70050,.T.);
#70710=CARTESIAN_POINT('',(4.21891300000001,-4.08730099999999,
4.54999999999989));
#70720=DIRECTION('',(0.,-0.196116135138188,0.980580675690919));
#70730=VECTOR('',#70720,1.);
#70740=LINE('',#70710,#70730);
#70750=CARTESIAN_POINT('',(4.21891300000001,-4.087301,4.54999999999989))
;
#70760=VERTEX_POINT('',#70750);
#70770=EDGE_CURVE('',#70760,#69950,#70740,.T.);
#70780=ORIENTED_EDGE('',*,*,#70770,.T.);
#70790=CARTESIAN_POINT('',(4.21891300000001,-4.087301,4.54999999999989))
;
#70800=DIRECTION('',(0.,3.55271367880022E-15,-1.));
#70810=VECTOR('',#70800,1.);
#70820=LINE('',#70790,#70810);
#70830=CARTESIAN_POINT('',(4.21891300000001,-4.087301,4.29999999999987))
;
#70840=VERTEX_POINT('',#70830);
#70850=EDGE_CURVE('',#70760,#70840,#70820,.T.);
#70860=ORIENTED_EDGE('',*,*,#70850,.F.);
#70870=CARTESIAN_POINT('',(4.21891300000001,-4.087301,4.29999999999987))
;
#70880=DIRECTION('',(0.,-1.,0.));
#70890=VECTOR('',#70880,1.);
#70900=LINE('',#70870,#70890);
#70910=CARTESIAN_POINT('',(4.21891300000001,-4.13730099999999,
4.29999999999987));
#70920=VERTEX_POINT('',#70910);
#70930=EDGE_CURVE('',#70840,#70920,#70900,.T.);
#70940=ORIENTED_EDGE('',*,*,#70930,.F.);
#70950=CARTESIAN_POINT('',(4.21891300000001,-4.08730099999999,
4.13333333333321));
#70960=DIRECTION('',(0.,-0.287347885566344,0.957826285221152));
#70970=VECTOR('',#70960,1.);
#70980=LINE('',#70950,#70970);
#70990=CARTESIAN_POINT('',(4.21891300000001,-4.08730099999999,
4.13333333333321));
#71000=VERTEX_POINT('',#70990);
#71010=EDGE_CURVE('',#71000,#70920,#70980,.T.);
#71020=ORIENTED_EDGE('',*,*,#71010,.T.);
#71030=CARTESIAN_POINT('',(4.21891300000001,-4.08730099999999,
4.13333333333321));
#71040=DIRECTION('',(0.,2.66453525910032E-15,-1.));
#71050=VECTOR('',#71040,1.);
#71060=LINE('',#71030,#71050);
#71070=CARTESIAN_POINT('',(4.21891300000001,-4.08730099999999,
3.79999999999987));
#71080=VERTEX_POINT('',#71070);
#71090=EDGE_CURVE('',#71000,#71080,#71060,.T.);
#71100=ORIENTED_EDGE('',*,*,#71090,.F.);
#71110=CARTESIAN_POINT('',(4.21891300000001,-4.08730099999999,
3.79999999999987));
#71120=DIRECTION('',(0.,-1.,0.));
#71130=VECTOR('',#71120,1.);
#71140=LINE('',#71110,#71130);
#71150=CARTESIAN_POINT('',(4.21891300000001,-4.13730099999999,
3.79999999999987));
#71160=VERTEX_POINT('',#71150);
#71170=EDGE_CURVE('',#71080,#71160,#71140,.T.);
#71180=ORIENTED_EDGE('',*,*,#71170,.F.);
#71190=CARTESIAN_POINT('',(4.21891300000001,-4.13730099999999,
3.79999999999987));
#71200=DIRECTION('',(0.,0.,-1.));
#71210=VECTOR('',#71200,1.);
#71220=LINE('',#71190,#71210);
#71230=CARTESIAN_POINT('',(4.21891300000001,-4.13730099999999,
3.09999999999987));
#71240=VERTEX_POINT('',#71230);
#71250=EDGE_CURVE('',#71160,#71240,#71220,.T.);
#71260=ORIENTED_EDGE('',*,*,#71250,.F.);
#71270=CARTESIAN_POINT('',(4.21891300000001,-4.08730099999999,
3.09999999999987));
#71280=DIRECTION('',(0.,-1.,0.));
#71290=VECTOR('',#71280,1.);
#71300=LINE('',#71270,#71290);
#71310=CARTESIAN_POINT('',(4.21891300000001,-4.08730099999999,
3.09999999999987));
#71320=VERTEX_POINT('',#71310);
#71330=EDGE_CURVE('',#71320,#71240,#71300,.T.);
#71340=ORIENTED_EDGE('',*,*,#71330,.T.);
#71350=CARTESIAN_POINT('',(4.21891300000001,-4.08730099999999,
3.09999999999987));
#71360=DIRECTION('',(0.,1.,-4.44089209850037E-15));
#71370=VECTOR('',#71360,1.);
#71380=LINE('',#71350,#71370);
#71390=CARTESIAN_POINT('',(4.21891300000001,-3.98730099999999,
3.09999999999987));
#71400=VERTEX_POINT('',#71390);
#71410=EDGE_CURVE('',#71320,#71400,#71380,.T.);
#71420=ORIENTED_EDGE('',*,*,#71410,.F.);
#71430=CARTESIAN_POINT('',(4.21891300000001,-3.98730099999999,
3.09999999999987));
#71440=DIRECTION('',(0.,0.,-1.));
#71450=VECTOR('',#71440,1.);
#71460=LINE('',#71430,#71450);
#71470=CARTESIAN_POINT('',(4.21891300000001,-3.98730099999999,
2.29999999999987));
#71480=VERTEX_POINT('',#71470);
#71490=EDGE_CURVE('',#71400,#71480,#71460,.T.);
#71500=ORIENTED_EDGE('',*,*,#71490,.F.);
#71510=CARTESIAN_POINT('',(4.21891300000001,-3.98730099999998,
2.29999999999987));
#71520=DIRECTION('',(0.,-1.,0.));
#71530=VECTOR('',#71520,1.);
#71540=LINE('',#71510,#71530);
#71550=CARTESIAN_POINT('',(4.21891300000001,-6.58730099999999,
2.29999999999987));
#71560=VERTEX_POINT('',#71550);
#71570=EDGE_CURVE('',#71480,#71560,#71540,.T.);
#71580=ORIENTED_EDGE('',*,*,#71570,.F.);
#71590=CARTESIAN_POINT('',(4.21891300000001,-6.58730099999999,
2.29999999999987));
#71600=DIRECTION('',(0.,0.,1.));
#71610=VECTOR('',#71600,1.);
#71620=LINE('',#71590,#71610);
#71630=CARTESIAN_POINT('',(4.21891300000001,-6.58730099999999,
3.09999999999987));
#71640=VERTEX_POINT('',#71630);
#71650=EDGE_CURVE('',#71560,#71640,#71620,.T.);
#71660=ORIENTED_EDGE('',*,*,#71650,.F.);
#71670=CARTESIAN_POINT('',(4.21891300000001,-6.587301,3.09999999999987))
;
#71680=DIRECTION('',(0.,1.,0.));
#71690=VECTOR('',#71680,1.);
#71700=LINE('',#71670,#71690);
#71710=CARTESIAN_POINT('',(4.21891300000001,-6.48730099999999,
3.09999999999987));
#71720=VERTEX_POINT('',#71710);
#71730=EDGE_CURVE('',#71640,#71720,#71700,.T.);
#71740=ORIENTED_EDGE('',*,*,#71730,.F.);
#71750=CARTESIAN_POINT('',(4.21891300000001,-6.43730099999999,
3.09999999999987));
#71760=DIRECTION('',(0.,-1.,0.));
#71770=VECTOR('',#71760,1.);
#71780=LINE('',#71750,#71770);
#71790=CARTESIAN_POINT('',(4.21891300000001,-6.43730099999999,
3.09999999999987));
#71800=VERTEX_POINT('',#71790);
#71810=EDGE_CURVE('',#71800,#71720,#71780,.T.);
#71820=ORIENTED_EDGE('',*,*,#71810,.T.);
#71830=CARTESIAN_POINT('',(4.21891300000001,-6.43730099999999,
3.09999999999987));
#71840=DIRECTION('',(0.,0.,1.));
#71850=VECTOR('',#71840,1.);
#71860=LINE('',#71830,#71850);
#71870=CARTESIAN_POINT('',(4.21891300000001,-6.43730099999999,
3.79999999999987));
#71880=VERTEX_POINT('',#71870);
#71890=EDGE_CURVE('',#71800,#71880,#71860,.T.);
#71900=ORIENTED_EDGE('',*,*,#71890,.F.);
#71910=CARTESIAN_POINT('',(4.21891300000001,-6.43730099999999,
3.79999999999987));
#71920=DIRECTION('',(0.,-1.,0.));
#71930=VECTOR('',#71920,1.);
#71940=LINE('',#71910,#71930);
#71950=CARTESIAN_POINT('',(4.21891300000001,-6.48730099999999,
3.79999999999987));
#71960=VERTEX_POINT('',#71950);
#71970=EDGE_CURVE('',#71880,#71960,#71940,.T.);
#71980=ORIENTED_EDGE('',*,*,#71970,.F.);
#71990=CARTESIAN_POINT('',(4.21891300000001,-6.48730099999999,
3.79999999999987));
#72000=DIRECTION('',(0.,0.,1.));
#72010=VECTOR('',#72000,1.);
#72020=LINE('',#71990,#72010);
#72030=CARTESIAN_POINT('',(4.21891300000001,-6.48730099999999,
4.13333333333321));
#72040=VERTEX_POINT('',#72030);
#72050=EDGE_CURVE('',#71960,#72040,#72020,.T.);
#72060=ORIENTED_EDGE('',*,*,#72050,.F.);
#72070=CARTESIAN_POINT('',(4.21891300000001,-6.43730099999999,
4.29999999999987));
#72080=DIRECTION('',(0.,-0.287347885566347,-0.957826285221151));
#72090=VECTOR('',#72080,1.);
#72100=LINE('',#72070,#72090);
#72110=CARTESIAN_POINT('',(4.21891300000001,-6.43730099999999,
4.29999999999987));
#72120=VERTEX_POINT('',#72110);
#72130=EDGE_CURVE('',#72120,#72040,#72100,.T.);
#72140=ORIENTED_EDGE('',*,*,#72130,.T.);
#72150=CARTESIAN_POINT('',(4.21891300000001,-6.43730099999999,
4.29999999999987));
#72160=DIRECTION('',(0.,-1.,0.));
#72170=VECTOR('',#72160,1.);
#72180=LINE('',#72150,#72170);
#72190=CARTESIAN_POINT('',(4.21891300000001,-6.48730099999999,
4.29999999999987));
#72200=VERTEX_POINT('',#72190);
#72210=EDGE_CURVE('',#72120,#72200,#72180,.T.);
#72220=ORIENTED_EDGE('',*,*,#72210,.F.);
#72230=CARTESIAN_POINT('',(4.21891300000001,-6.48730099999999,
4.29999999999987));
#72240=DIRECTION('',(0.,0.,1.));
#72250=VECTOR('',#72240,1.);
#72260=LINE('',#72230,#72250);
#72270=CARTESIAN_POINT('',(4.21891300000001,-6.48730099999999,
4.54999999999992));
#72280=VERTEX_POINT('',#72270);
#72290=EDGE_CURVE('',#72200,#72280,#72260,.T.);
#72300=ORIENTED_EDGE('',*,*,#72290,.F.);
#72310=CARTESIAN_POINT('',(4.21891300000001,-6.46945635459446,
4.63922322702751));
#72320=DIRECTION('',(0.,-0.196116135138184,-0.98058067569092));
#72330=VECTOR('',#72320,1.);
#72340=LINE('',#72310,#72330);
#72350=CARTESIAN_POINT('',(4.21891300000001,-6.46945635459446,
4.63922322702751));
#72360=VERTEX_POINT('',#72350);
#72370=EDGE_CURVE('',#72360,#72280,#72340,.T.);
#72380=ORIENTED_EDGE('',*,*,#72370,.T.);
#72390=CARTESIAN_POINT('',(4.21891300000001,-6.27334021945628,
4.59999999999987));
#72400=DIRECTION('',(1.,-6.09255432603351E-17,-4.30912378185618E-18));
#72410=DIRECTION('',(-1.54074395550979E-33,-0.0705514604074864,
0.997508141036639));
#72420=AXIS2_PLACEMENT_3D('',#72390,#72400,#72410);
#72430=CIRCLE('',#72420,0.2);
#72440=CARTESIAN_POINT('',(4.21891300000001,-6.28745051153774,
4.7995016282072));
#72450=VERTEX_POINT('',#72440);
#72460=EDGE_CURVE('',#72450,#72360,#72430,.T.);
#72470=ORIENTED_EDGE('',*,*,#72460,.T.);
#72480=CARTESIAN_POINT('',(4.21891300000001,-6.2874505115378,
4.7995016282072));
#72490=DIRECTION('',(0.,1.,0.));
#72500=VECTOR('',#72490,1.);
#72510=LINE('',#72480,#72500);
#72520=EDGE_CURVE('',#72450,#70500,#72510,.T.);
#72530=ORIENTED_EDGE('',*,*,#72520,.F.);
#72540=EDGE_LOOP('',(#72530,#72470,#72380,#72300,#72220,#72140,#72060,
#71980,#71900,#71820,#71740,#71660,#71580,#71500,#71420,#71340,#71260,
#71180,#71100,#71020,#70940,#70860,#70780,#70700,#70690,#70680,#70620,
#70540));
#72550=FACE_OUTER_BOUND('',#72540,.T.);
#72560=ADVANCED_FACE('',(#72550),#70440,.T.);
#72570=CARTESIAN_POINT('',(5.66891540000001,-6.2874505115378,
4.7995016282072));
#72580=DIRECTION('',(3.74915180455534E-33,6.12303176911189E-17,-1.));
#72590=DIRECTION('',(6.12303176911188E-17,1.,6.12303176911189E-17));
#72600=AXIS2_PLACEMENT_3D('',#72570,#72580,#72590);
#72610=PLANE('',#72600);
#72620=CARTESIAN_POINT('',(4.018913,-6.18730099999999,4.7995016282072));
#72630=DIRECTION('',(0.,-1.,0.));
#72640=VECTOR('',#72630,1.);
#72650=LINE('',#72620,#72640);
#72660=CARTESIAN_POINT('',(4.018913,-6.18730099999999,4.7995016282072));
#72670=VERTEX_POINT('',#72660);
#72680=CARTESIAN_POINT('',(4.018913,-6.28745051153774,4.7995016282072));
#72690=VERTEX_POINT('',#72680);
#72700=EDGE_CURVE('',#72670,#72690,#72650,.T.);
#72710=ORIENTED_EDGE('',*,*,#72700,.T.);
#72720=CARTESIAN_POINT('',(4.018913,-6.18730099999999,4.7995016282072));
#72730=DIRECTION('',(1.,0.,0.));
#72740=VECTOR('',#72730,1.);
#72750=LINE('',#72720,#72740);
#72760=EDGE_CURVE('',#72670,#70500,#72750,.T.);
#72770=ORIENTED_EDGE('',*,*,#72760,.F.);
#72780=ORIENTED_EDGE('',*,*,#72520,.T.);
#72790=CARTESIAN_POINT('',(4.21891300000001,-6.2874505115378,
4.7995016282072));
#72800=DIRECTION('',(-1.,0.,0.));
#72810=VECTOR('',#72800,1.);
#72820=LINE('',#72790,#72810);
#72830=EDGE_CURVE('',#72450,#72690,#72820,.T.);
#72840=ORIENTED_EDGE('',*,*,#72830,.F.);
#72850=EDGE_LOOP('',(#72840,#72780,#72770,#72710));
#72860=FACE_OUTER_BOUND('',#72850,.T.);
#72870=ADVANCED_FACE('',(#72860),#72610,.F.);
#72880=CARTESIAN_POINT('',(4.01891300000001,-6.27334021945628,
4.59999999999987));
#72890=DIRECTION('',(-1.,6.12303176911188E-17,-0.));
#72900=DIRECTION('',(6.12303176911188E-17,1.,6.12303176911189E-17));
#72910=AXIS2_PLACEMENT_3D('',#72880,#72890,#72900);
#72920=CYLINDRICAL_SURFACE('',#72910,0.2);
#72930=CARTESIAN_POINT('',(4.018913,-6.27334021945628,4.59999999999987))
;
#72940=DIRECTION('',(-1.,2.3550122188899E-18,1.17750610944476E-17));
#72950=DIRECTION('',(0.,-0.980580675690914,0.196116135138214));
#72960=AXIS2_PLACEMENT_3D('',#72930,#72940,#72950);
#72970=CIRCLE('',#72960,0.2);
#72980=CARTESIAN_POINT('',(4.018913,-6.46945635459446,4.63922322702751))
;
#72990=VERTEX_POINT('',#72980);
#73000=EDGE_CURVE('',#72990,#72690,#72970,.T.);
#73010=ORIENTED_EDGE('',*,*,#73000,.F.);
#73020=ORIENTED_EDGE('',*,*,#72830,.T.);
#73030=ORIENTED_EDGE('',*,*,#72460,.F.);
#73040=CARTESIAN_POINT('',(4.018913,-6.46945635459446,4.63922322702751))
;
#73050=DIRECTION('',(1.,0.,0.));
#73060=VECTOR('',#73050,1.);
#73070=LINE('',#73040,#73060);
#73080=EDGE_CURVE('',#72990,#72360,#73070,.T.);
#73090=ORIENTED_EDGE('',*,*,#73080,.T.);
#73100=EDGE_LOOP('',(#73090,#73030,#73020,#73010));
#73110=FACE_OUTER_BOUND('',#73100,.T.);
#73120=ADVANCED_FACE('',(#73110),#72920,.T.);
#73130=CARTESIAN_POINT('',(4.01891300000001,-6.46945635459447,
4.63922322702751));
#73140=DIRECTION('',(6.0041266294327E-17,0.98058067569092,
-0.196116135138183));
#73150=DIRECTION('',(1.20082532588654E-17,0.196116135138183,
0.98058067569092));
#73160=AXIS2_PLACEMENT_3D('',#73130,#73140,#73150);
#73170=PLANE('',#73160);
#73180=CARTESIAN_POINT('',(4.018913,-6.48730099999999,4.54999999999988))
;
#73190=DIRECTION('',(0.,0.196116135138192,0.980580675690919));
#73200=VECTOR('',#73190,1.);
#73210=LINE('',#73180,#73200);
#73220=CARTESIAN_POINT('',(4.018913,-6.48730099999999,4.54999999999989))
;
#73230=VERTEX_POINT('',#73220);
#73240=EDGE_CURVE('',#73230,#72990,#73210,.T.);
#73250=ORIENTED_EDGE('',*,*,#73240,.F.);
#73260=ORIENTED_EDGE('',*,*,#73080,.F.);
#73270=ORIENTED_EDGE('',*,*,#72370,.F.);
#73280=CARTESIAN_POINT('',(4.018913,-6.48730099999999,4.54999999999989))
;
#73290=DIRECTION('',(1.,0.,0.));
#73300=VECTOR('',#73290,1.);
#73310=LINE('',#73280,#73300);
#73320=EDGE_CURVE('',#73230,#72280,#73310,.T.);
#73330=ORIENTED_EDGE('',*,*,#73320,.T.);
#73340=EDGE_LOOP('',(#73330,#73270,#73260,#73250));
#73350=FACE_OUTER_BOUND('',#73340,.T.);
#73360=ADVANCED_FACE('',(#73350),#73170,.F.);
#73370=CARTESIAN_POINT('',(4.018913,-6.48730099999999,3.19999999999987))
;
#73380=DIRECTION('',(-0.,1.,-1.38777878078144E-15));
#73390=DIRECTION('',(0.,-1.38777878078144E-15,-1.));
#73400=AXIS2_PLACEMENT_3D('',#73370,#73380,#73390);
#73410=PLANE('',#73400);
#73420=ORIENTED_EDGE('',*,*,#73320,.F.);
#73430=ORIENTED_EDGE('',*,*,#72290,.T.);
#73440=CARTESIAN_POINT('',(4.21891300000001,-6.48730099999999,
4.29999999999987));
#73450=DIRECTION('',(-1.,0.,0.));
#73460=VECTOR('',#73450,1.);
#73470=LINE('',#73440,#73460);
#73480=CARTESIAN_POINT('',(4.018913,-6.48730099999999,4.29999999999987))
;
#73490=VERTEX_POINT('',#73480);
#73500=EDGE_CURVE('',#72200,#73490,#73470,.T.);
#73510=ORIENTED_EDGE('',*,*,#73500,.F.);
#73520=CARTESIAN_POINT('',(4.018913,-6.48730099999999,4.29999999999987))
;
#73530=DIRECTION('',(0.,0.,-1.));
#73540=VECTOR('',#73530,1.);
#73550=LINE('',#73520,#73540);
#73560=CARTESIAN_POINT('',(4.018913,-6.48730099999999,4.13333333333321))
;
#73570=VERTEX_POINT('',#73560);
#73580=EDGE_CURVE('',#73490,#73570,#73550,.T.);
#73590=ORIENTED_EDGE('',*,*,#73580,.F.);
#73600=CARTESIAN_POINT('',(4.01891300000001,-6.48730099999999,
4.13333333333322));
#73610=DIRECTION('',(1.,0.,0.));
#73620=VECTOR('',#73610,1.);
#73630=LINE('',#73600,#73620);
#73640=EDGE_CURVE('',#73570,#72040,#73630,.T.);
#73650=ORIENTED_EDGE('',*,*,#73640,.F.);
#73660=ORIENTED_EDGE('',*,*,#72050,.T.);
#73670=CARTESIAN_POINT('',(4.21891300000001,-6.48730099999999,
3.79999999999987));
#73680=DIRECTION('',(-1.,0.,0.));
#73690=VECTOR('',#73680,1.);
#73700=LINE('',#73670,#73690);
#73710=CARTESIAN_POINT('',(4.018913,-6.48730099999999,3.79999999999987))
;
#73720=VERTEX_POINT('',#73710);
#73730=EDGE_CURVE('',#71960,#73720,#73700,.T.);
#73740=ORIENTED_EDGE('',*,*,#73730,.F.);
#73750=CARTESIAN_POINT('',(4.018913,-6.48730099999999,3.79999999999987))
;
#73760=DIRECTION('',(0.,0.,-1.));
#73770=VECTOR('',#73760,1.);
#73780=LINE('',#73750,#73770);
#73790=CARTESIAN_POINT('',(4.018913,-6.48730099999999,3.09999999999987))
;
#73800=VERTEX_POINT('',#73790);
#73810=EDGE_CURVE('',#73720,#73800,#73780,.T.);
#73820=ORIENTED_EDGE('',*,*,#73810,.F.);
#73830=CARTESIAN_POINT('',(4.018913,-6.48730099999999,3.09999999999987))
;
#73840=DIRECTION('',(1.,0.,0.));
#73850=VECTOR('',#73840,1.);
#73860=LINE('',#73830,#73850);
#73870=EDGE_CURVE('',#73800,#71720,#73860,.T.);
#73880=ORIENTED_EDGE('',*,*,#73870,.F.);
#73890=CARTESIAN_POINT('',(4.22891300000001,-6.48730099999999,
3.09999999999987));
#73900=DIRECTION('',(-1.,0.,0.));
#73910=VECTOR('',#73900,1.);
#73920=LINE('',#73890,#73910);
#73930=CARTESIAN_POINT('',(4.22891300000001,-6.48730099999999,
3.09999999999987));
#73940=VERTEX_POINT('',#73930);
#73950=EDGE_CURVE('',#73940,#71720,#73920,.T.);
#73960=ORIENTED_EDGE('',*,*,#73950,.T.);
#73970=CARTESIAN_POINT('',(4.22891300000001,-6.48730099999999,
5.09999999999987));
#73980=DIRECTION('',(0.,-1.33226762955019E-15,-1.));
#73990=VECTOR('',#73980,1.);
#74000=LINE('',#73970,#73990);
#74010=CARTESIAN_POINT('',(4.22891300000001,-6.48730099999999,
5.09999999999987));
#74020=VERTEX_POINT('',#74010);
#74030=EDGE_CURVE('',#74020,#73940,#74000,.T.);
#74040=ORIENTED_EDGE('',*,*,#74030,.T.);
#74050=CARTESIAN_POINT('',(4.22891300000001,-6.48730099999999,
5.09999999999987));
#74060=DIRECTION('',(-1.,0.,0.));
#74070=VECTOR('',#74060,1.);
#74080=LINE('',#74050,#74070);
#74090=CARTESIAN_POINT('',(4.018913,-6.48730099999999,5.09999999999987))
;
#74100=VERTEX_POINT('',#74090);
#74110=EDGE_CURVE('',#74020,#74100,#74080,.T.);
#74120=ORIENTED_EDGE('',*,*,#74110,.F.);
#74130=CARTESIAN_POINT('',(4.018913,-6.48730099999999,5.09999999999987))
;
#74140=DIRECTION('',(0.,0.,-1.));
#74150=VECTOR('',#74140,1.);
#74160=LINE('',#74130,#74150);
#74170=EDGE_CURVE('',#74100,#73230,#74160,.T.);
#74180=ORIENTED_EDGE('',*,*,#74170,.F.);
#74190=EDGE_LOOP('',(#74180,#74120,#74040,#73960,#73880,#73820,#73740,
#73660,#73650,#73590,#73510,#73430,#73420));
#74200=FACE_OUTER_BOUND('',#74190,.T.);
#74210=ADVANCED_FACE('',(#74200),#73410,.T.);
#74220=CARTESIAN_POINT('',(4.018913,-4.18523468267788,1.27003886635729))
;
#74230=DIRECTION('',(1.,-0.,-0.));
#74240=DIRECTION('',(-0.,-1.,0.));
#74250=AXIS2_PLACEMENT_3D('',#74220,#74230,#74240);
#74260=PLANE('',#74250);
#74270=ORIENTED_EDGE('',*,*,#73000,.T.);
#74280=ORIENTED_EDGE('',*,*,#73240,.T.);
#74290=ORIENTED_EDGE('',*,*,#74170,.T.);
#74300=CARTESIAN_POINT('',(4.018913,-6.98730099999999,5.09999999999987))
;
#74310=DIRECTION('',(0.,1.,0.));
#74320=VECTOR('',#74310,1.);
#74330=LINE('',#74300,#74320);
#74340=EDGE_CURVE('',#4520,#74100,#74330,.T.);
#74350=ORIENTED_EDGE('',*,*,#74340,.T.);
#74360=ORIENTED_EDGE('',*,*,#4530,.T.);
#74370=CARTESIAN_POINT('',(4.018913,-6.98730099999999,5.79999999999988))
;
#74380=DIRECTION('',(0.,1.,0.));
#74390=VECTOR('',#74380,1.);
#74400=LINE('',#74370,#74390);
#74410=CARTESIAN_POINT('',(4.018913,-6.28730099999999,5.79999999999988))
;
#74420=VERTEX_POINT('',#74410);
#74430=EDGE_CURVE('',#4440,#74420,#74400,.T.);
#74440=ORIENTED_EDGE('',*,*,#74430,.F.);
#74450=CARTESIAN_POINT('',(4.018913,-6.28730099999999,5.79999999999987))
;
#74460=DIRECTION('',(0.,0.,-1.));
#74470=VECTOR('',#74460,1.);
#74480=LINE('',#74450,#74470);
#74490=EDGE_CURVE('',#74420,#18430,#74480,.T.);
#74500=ORIENTED_EDGE('',*,*,#74490,.F.);
#74510=ORIENTED_EDGE('',*,*,#18440,.T.);
#74520=CARTESIAN_POINT('',(4.018913,-6.18730099999999,5.29999999999987))
;
#74530=DIRECTION('',(-8.87294015082282E-15,0.,-1.));
#74540=VECTOR('',#74530,1.);
#74550=LINE('',#74520,#74540);
#74560=EDGE_CURVE('',#18350,#72670,#74550,.T.);
#74570=ORIENTED_EDGE('',*,*,#74560,.F.);
#74580=ORIENTED_EDGE('',*,*,#72700,.F.);
#74590=EDGE_LOOP('',(#74580,#74570,#74510,#74500,#74440,#74360,#74350,
#74290,#74280,#74270));
#74600=FACE_OUTER_BOUND('',#74590,.T.);
#74610=ADVANCED_FACE('',(#74600),#74260,.T.);
#74620=CARTESIAN_POINT('',(4.018913,-6.98730099999999,5.09999999999987))
;
#74630=DIRECTION('',(-0.,1.22460635382238E-16,1.));
#74640=DIRECTION('',(0.,1.,-1.22460635382238E-16));
#74650=AXIS2_PLACEMENT_3D('',#74620,#74630,#74640);
#74660=PLANE('',#74650);
#74670=ORIENTED_EDGE('',*,*,#4610,.T.);
#74680=ORIENTED_EDGE('',*,*,#74340,.F.);
#74690=ORIENTED_EDGE('',*,*,#74110,.T.);
#74700=CARTESIAN_POINT('',(4.22891300000001,-6.48730099999999,
5.09999999999987));
#74710=DIRECTION('',(0.,1.,0.));
#74720=VECTOR('',#74710,1.);
#74730=LINE('',#74700,#74720);
#74740=CARTESIAN_POINT('',(4.22891300000001,-6.18730099999999,
5.09999999999987));
#74750=VERTEX_POINT('',#74740);
#74760=EDGE_CURVE('',#74020,#74750,#74730,.T.);
#74770=ORIENTED_EDGE('',*,*,#74760,.F.);
#74780=CARTESIAN_POINT('',(4.768913,-6.18730099999999,5.09999999999987))
;
#74790=DIRECTION('',(-1.,0.,0.));
#74800=VECTOR('',#74790,1.);
#74810=LINE('',#74780,#74800);
#74820=CARTESIAN_POINT('',(4.768913,-6.18730099999999,5.09999999999987))
;
#74830=VERTEX_POINT('',#74820);
#74840=EDGE_CURVE('',#74830,#74750,#74810,.T.);
#74850=ORIENTED_EDGE('',*,*,#74840,.T.);
#74860=CARTESIAN_POINT('',(4.768913,-6.18730099999999,5.09999999999987))
;
#74870=DIRECTION('',(0.,-1.,0.));
#74880=VECTOR('',#74870,1.);
#74890=LINE('',#74860,#74880);
#74900=EDGE_CURVE('',#74830,#4600,#74890,.T.);
#74910=ORIENTED_EDGE('',*,*,#74900,.F.);
#74920=EDGE_LOOP('',(#74910,#74850,#74770,#74690,#74680,#74670));
#74930=FACE_OUTER_BOUND('',#74920,.T.);
#74940=ADVANCED_FACE('',(#74930),#74660,.T.);
#74950=CARTESIAN_POINT('',(4.768913,-6.15638288683163,3.34760511797298))
;
#74960=DIRECTION('',(1.,-0.,-0.));
#74970=DIRECTION('',(-0.,-1.,1.22460635382238E-16));
#74980=AXIS2_PLACEMENT_3D('',#74950,#74960,#74970);
#74990=PLANE('',#74980);
#75000=ORIENTED_EDGE('',*,*,#4690,.T.);
#75010=ORIENTED_EDGE('',*,*,#74900,.T.);
#75020=CARTESIAN_POINT('',(4.768913,-6.18730099999999,3.09999999999987))
;
#75030=DIRECTION('',(0.,0.,1.));
#75040=VECTOR('',#75030,1.);
#75050=LINE('',#75020,#75040);
#75060=CARTESIAN_POINT('',(4.768913,-6.18730099999999,3.09999999999987))
;
#75070=VERTEX_POINT('',#75060);
#75080=EDGE_CURVE('',#75070,#74830,#75050,.T.);
#75090=ORIENTED_EDGE('',*,*,#75080,.T.);
#75100=CARTESIAN_POINT('',(4.768913,-6.18730099999999,3.09999999999987))
;
#75110=DIRECTION('',(0.,-1.,0.));
#75120=VECTOR('',#75110,1.);
#75130=LINE('',#75100,#75120);
#75140=EDGE_CURVE('',#75070,#4680,#75130,.T.);
#75150=ORIENTED_EDGE('',*,*,#75140,.F.);
#75160=EDGE_LOOP('',(#75150,#75090,#75010,#75000));
#75170=FACE_OUTER_BOUND('',#75160,.T.);
#75180=ADVANCED_FACE('',(#75170),#74990,.T.);
#75190=CARTESIAN_POINT('',(4.768913,-6.18730099999999,3.09999999999987))
;
#75200=DIRECTION('',(-0.,-0.,-1.));
#75210=DIRECTION('',(1.,0.,0.));
#75220=AXIS2_PLACEMENT_3D('',#75190,#75200,#75210);
#75230=PLANE('',#75220);
#75240=CARTESIAN_POINT('',(4.22891300000001,-6.18730099999999,
3.09999999999987));
#75250=DIRECTION('',(1.,0.,0.));
#75260=VECTOR('',#75250,1.);
#75270=LINE('',#75240,#75260);
#75280=CARTESIAN_POINT('',(4.22891300000001,-6.18730099999999,
3.09999999999987));
#75290=VERTEX_POINT('',#75280);
#75300=EDGE_CURVE('',#75290,#75070,#75270,.T.);
#75310=ORIENTED_EDGE('',*,*,#75300,.T.);
#75320=CARTESIAN_POINT('',(4.22891300000001,-6.48730099999999,
3.09999999999987));
#75330=DIRECTION('',(0.,1.,0.));
#75340=VECTOR('',#75330,1.);
#75350=LINE('',#75320,#75340);
#75360=EDGE_CURVE('',#73940,#75290,#75350,.T.);
#75370=ORIENTED_EDGE('',*,*,#75360,.T.);
#75380=ORIENTED_EDGE('',*,*,#73950,.F.);
#75390=ORIENTED_EDGE('',*,*,#71730,.T.);
#75400=CARTESIAN_POINT('',(4.41891300000001,-6.58730099999999,
3.09999999999987));
#75410=DIRECTION('',(-1.625340428317E-30,4.33077687929194E-44,-1.));
#75420=DIRECTION('',(-2.66453525910037E-14,-1.,0.));
#75430=AXIS2_PLACEMENT_3D('',#75400,#75410,#75420);
#75440=CIRCLE('',#75430,0.2);
#75450=CARTESIAN_POINT('',(4.41891300000001,-6.78730099999999,
3.09999999999987));
#75460=VERTEX_POINT('',#75450);
#75470=EDGE_CURVE('',#75460,#71640,#75440,.T.);
#75480=ORIENTED_EDGE('',*,*,#75470,.T.);
#75490=CARTESIAN_POINT('',(4.51891300000001,-6.78730099999999,
3.09999999999987));
#75500=DIRECTION('',(-1.,0.,0.));
#75510=VECTOR('',#75500,1.);
#75520=LINE('',#75490,#75510);
#75530=CARTESIAN_POINT('',(4.51891300000001,-6.78730099999999,
3.09999999999987));
#75540=VERTEX_POINT('',#75530);
#75550=EDGE_CURVE('',#75540,#75460,#75520,.T.);
#75560=ORIENTED_EDGE('',*,*,#75550,.T.);
#75570=CARTESIAN_POINT('',(4.51891300000001,-6.98730099999999,
3.09999999999987));
#75580=DIRECTION('',(0.,1.,0.));
#75590=VECTOR('',#75580,1.);
#75600=LINE('',#75570,#75590);
#75610=EDGE_CURVE('',#4760,#75540,#75600,.T.);
#75620=ORIENTED_EDGE('',*,*,#75610,.T.);
#75630=ORIENTED_EDGE('',*,*,#4770,.T.);
#75640=ORIENTED_EDGE('',*,*,#75140,.T.);
#75650=EDGE_LOOP('',(#75640,#75630,#75620,#75560,#75480,#75390,#75380,
#75370,#75310));
#75660=FACE_OUTER_BOUND('',#75650,.T.);
#75670=ADVANCED_FACE('',(#75660),#75230,.T.);
#75680=CARTESIAN_POINT('',(4.768913,-6.18730099999999,3.09999999999987))
;
#75690=DIRECTION('',(-0.,1.,-0.));
#75700=DIRECTION('',(0.,-0.,-1.));
#75710=AXIS2_PLACEMENT_3D('',#75680,#75690,#75700);
#75720=PLANE('',#75710);
#75730=ORIENTED_EDGE('',*,*,#75080,.F.);
#75740=ORIENTED_EDGE('',*,*,#74840,.F.);
#75750=CARTESIAN_POINT('',(4.22891300000001,-6.18730099999999,
5.09999999999987));
#75760=DIRECTION('',(0.,0.,-1.));
#75770=VECTOR('',#75760,1.);
#75780=LINE('',#75750,#75770);
#75790=EDGE_CURVE('',#74750,#75290,#75780,.T.);
#75800=ORIENTED_EDGE('',*,*,#75790,.F.);
#75810=ORIENTED_EDGE('',*,*,#75300,.F.);
#75820=EDGE_LOOP('',(#75810,#75800,#75740,#75730));
#75830=FACE_OUTER_BOUND('',#75820,.T.);
#75840=ADVANCED_FACE('',(#75830),#75720,.T.);
#75850=CARTESIAN_POINT('',(4.22891300000001,-6.48730099999999,
6.28000239999987));
#75860=DIRECTION('',(1.,-0.,-0.));
#75870=DIRECTION('',(-0.,1.,-1.22460635382238E-16));
#75880=AXIS2_PLACEMENT_3D('',#75850,#75860,#75870);
#75890=PLANE('',#75880);
#75900=ORIENTED_EDGE('',*,*,#75360,.F.);
#75910=ORIENTED_EDGE('',*,*,#75790,.T.);
#75920=ORIENTED_EDGE('',*,*,#74760,.T.);
#75930=ORIENTED_EDGE('',*,*,#74030,.F.);
#75940=EDGE_LOOP('',(#75930,#75920,#75910,#75900));
#75950=FACE_OUTER_BOUND('',#75940,.T.);
#75960=ADVANCED_FACE('',(#75950),#75890,.F.);
#75970=CARTESIAN_POINT('',(4.41891300000001,-6.58730099999999,
3.76953099999987));
#75980=DIRECTION('',(-6.16297582203916E-33,-6.12303176911189E-17,1.));
#75990=DIRECTION('',(0.,-1.,-6.12303176911189E-17));
#76000=AXIS2_PLACEMENT_3D('',#75970,#75980,#75990);
#76010=CYLINDRICAL_SURFACE('',#76000,0.2);
#76020=CARTESIAN_POINT('',(4.41891300000001,-6.78730099999999,
3.09999999999987));
#76030=DIRECTION('',(0.,0.,-1.));
#76040=VECTOR('',#76030,1.);
#76050=LINE('',#76020,#76040);
#76060=CARTESIAN_POINT('',(4.41891300000001,-6.78730099999999,
2.29999999999987));
#76070=VERTEX_POINT('',#76060);
#76080=EDGE_CURVE('',#75460,#76070,#76050,.T.);
#76090=ORIENTED_EDGE('',*,*,#76080,.T.);
#76100=ORIENTED_EDGE('',*,*,#75470,.F.);
#76110=ORIENTED_EDGE('',*,*,#71650,.T.);
#76120=CARTESIAN_POINT('',(4.41891300000001,-6.58730099999999,
2.29999999999987));
#76130=DIRECTION('',(1.63150340413904E-30,-6.12303176911189E-17,1.));
#76140=DIRECTION('',(-1.,-2.66453525910037E-14,0.));
#76150=AXIS2_PLACEMENT_3D('',#76120,#76130,#76140);
#76160=CIRCLE('',#76150,0.2);
#76170=EDGE_CURVE('',#71560,#76070,#76160,.T.);
#76180=ORIENTED_EDGE('',*,*,#76170,.F.);
#76190=EDGE_LOOP('',(#76180,#76110,#76100,#76090));
#76200=FACE_OUTER_BOUND('',#76190,.T.);
#76210=ADVANCED_FACE('',(#76200),#76010,.F.);
#76220=CARTESIAN_POINT('',(4.1344026549855,-6.51295400696028,
2.29999999999987));
#76230=DIRECTION('',(3.74915180455534E-33,6.12303176911189E-17,-1.));
#76240=DIRECTION('',(-6.12303176911188E-17,-1.,-6.12303176911189E-17));
#76250=AXIS2_PLACEMENT_3D('',#76220,#76230,#76240);
#76260=PLANE('',#76250);
#76270=ORIENTED_EDGE('',*,*,#7000,.F.);
#76280=CARTESIAN_POINT('',(4.41891300000001,-6.58730099999999,
2.29999999999987));
#76290=DIRECTION('',(-1.08150596027065E-30,1.92114050937891E-44,-1.));
#76300=DIRECTION('',(-1.77635683940025E-14,-1.,0.));
#76310=AXIS2_PLACEMENT_3D('',#76280,#76290,#76300);
#76320=CIRCLE('',#76310,0.4);
#76330=EDGE_CURVE('',#4920,#6910,#76320,.T.);
#76340=ORIENTED_EDGE('',*,*,#76330,.T.);
#76350=ORIENTED_EDGE('',*,*,#4930,.T.);
#76360=CARTESIAN_POINT('',(4.51891300000001,-6.78730099999999,
2.29999999999987));
#76370=DIRECTION('',(0.,-1.,0.));
#76380=VECTOR('',#76370,1.);
#76390=LINE('',#76360,#76380);
#76400=CARTESIAN_POINT('',(4.51891300000001,-6.78730099999999,
2.29999999999987));
#76410=VERTEX_POINT('',#76400);
#76420=EDGE_CURVE('',#76410,#4840,#76390,.T.);
#76430=ORIENTED_EDGE('',*,*,#76420,.T.);
#76440=CARTESIAN_POINT('',(4.418913,-6.78730099999999,2.29999999999987))
;
#76450=DIRECTION('',(1.,0.,0.));
#76460=VECTOR('',#76450,1.);
#76470=LINE('',#76440,#76460);
#76480=EDGE_CURVE('',#76070,#76410,#76470,.T.);
#76490=ORIENTED_EDGE('',*,*,#76480,.T.);
#76500=ORIENTED_EDGE('',*,*,#76170,.T.);
#76510=ORIENTED_EDGE('',*,*,#71570,.T.);
#76520=CARTESIAN_POINT('',(4.41891300000001,-3.98730099999999,
2.29999999999987));
#76530=DIRECTION('',(-6.16297582203916E-33,0.,1.));
#76540=DIRECTION('',(0.,1.,0.));
#76550=AXIS2_PLACEMENT_3D('',#76520,#76530,#76540);
#76560=CIRCLE('',#76550,0.2);
#76570=CARTESIAN_POINT('',(4.41891300000001,-3.78730099999999,
2.29999999999987));
#76580=VERTEX_POINT('',#76570);
#76590=EDGE_CURVE('',#76580,#71480,#76560,.T.);
#76600=ORIENTED_EDGE('',*,*,#76590,.T.);
#76610=CARTESIAN_POINT('',(4.51891300000001,-3.78730099999999,
2.29999999999987));
#76620=DIRECTION('',(-1.,0.,0.));
#76630=VECTOR('',#76620,1.);
#76640=LINE('',#76610,#76630);
#76650=CARTESIAN_POINT('',(4.51891300000001,-3.78730099999999,
2.29999999999987));
#76660=VERTEX_POINT('',#76650);
#76670=EDGE_CURVE('',#76660,#76580,#76640,.T.);
#76680=ORIENTED_EDGE('',*,*,#76670,.T.);
#76690=CARTESIAN_POINT('',(4.51891300000001,-3.58730099999999,
2.29999999999987));
#76700=DIRECTION('',(0.,-1.,0.));
#76710=VECTOR('',#76700,1.);
#76720=LINE('',#76690,#76710);
#76730=EDGE_CURVE('',#11460,#76660,#76720,.T.);
#76740=ORIENTED_EDGE('',*,*,#76730,.T.);
#76750=ORIENTED_EDGE('',*,*,#11470,.T.);
#76760=CARTESIAN_POINT('',(4.41891300000001,-3.98730099999999,
2.29999999999987));
#76770=DIRECTION('',(-1.0196896275869E-29,6.12303176911189E-17,-1.));
#76780=DIRECTION('',(-1.,-1.66533453693773E-13,0.));
#76790=AXIS2_PLACEMENT_3D('',#76760,#76770,#76780);
#76800=CIRCLE('',#76790,0.4);
#76810=EDGE_CURVE('',#6990,#11380,#76800,.T.);
#76820=ORIENTED_EDGE('',*,*,#76810,.T.);
#76830=EDGE_LOOP('',(#76820,#76750,#76740,#76680,#76600,#76510,#76500,
#76490,#76430,#76350,#76340,#76270));
#76840=FACE_OUTER_BOUND('',#76830,.T.);
#76850=ADVANCED_FACE('',(#76840),#76260,.T.);
#76860=CARTESIAN_POINT('',(4.41891300000001,-3.98730099999999,
3.76953099999987));
#76870=DIRECTION('',(-6.16297582203916E-33,-6.12303176911189E-17,1.));
#76880=DIRECTION('',(0.,-1.,-6.12303176911189E-17));
#76890=AXIS2_PLACEMENT_3D('',#76860,#76870,#76880);
#76900=CYLINDRICAL_SURFACE('',#76890,0.4);
#76910=ORIENTED_EDGE('',*,*,#7080,.T.);
#76920=ORIENTED_EDGE('',*,*,#76810,.F.);
#76930=ORIENTED_EDGE('',*,*,#11390,.T.);
#76940=CARTESIAN_POINT('',(4.41891300000001,-3.98730099999999,
3.09999999999987));
#76950=DIRECTION('',(5.37671492224307E-31,-4.77548216281593E-45,1.));
#76960=DIRECTION('',(8.88178419700125E-15,1.,0.));
#76970=AXIS2_PLACEMENT_3D('',#76940,#76950,#76960);
#76980=CIRCLE('',#76970,0.4);
#76990=EDGE_CURVE('',#11300,#7070,#76980,.T.);
#77000=ORIENTED_EDGE('',*,*,#76990,.F.);
#77010=EDGE_LOOP('',(#77000,#76930,#76920,#76910));
#77020=FACE_OUTER_BOUND('',#77010,.T.);
#77030=ADVANCED_FACE('',(#77020),#76900,.T.);
#77040=CARTESIAN_POINT('',(4.22891300000001,-4.38730099999999,
3.09999999999987));
#77050=DIRECTION('',(-0.,-5.55111512312578E-16,-1.));
#77060=DIRECTION('',(-1.,0.,0.));
#77070=AXIS2_PLACEMENT_3D('',#77040,#77050,#77060);
#77080=PLANE('',#77070);
#77090=ORIENTED_EDGE('',*,*,#11310,.F.);
#77100=ORIENTED_EDGE('',*,*,#7160,.F.);
#77110=ORIENTED_EDGE('',*,*,#76990,.T.);
#77120=EDGE_LOOP('',(#77110,#77100,#77090));
#77130=FACE_OUTER_BOUND('',#77120,.T.);
#77140=ADVANCED_FACE('',(#77130),#77080,.T.);
#77150=CARTESIAN_POINT('',(4.41891300000001,-6.58730099999999,
3.76953099999987));
#77160=DIRECTION('',(6.16297582203916E-33,6.12303176911189E-17,-1.));
#77170=DIRECTION('',(-0.,1.,6.12303176911189E-17));
#77180=AXIS2_PLACEMENT_3D('',#77150,#77160,#77170);
#77190=CYLINDRICAL_SURFACE('',#77180,0.4);
#77200=ORIENTED_EDGE('',*,*,#6920,.T.);
#77210=CARTESIAN_POINT('',(4.41891300000001,-6.58730099999999,
3.09999999999987));
#77220=DIRECTION('',(-1.03328548928806E-29,-6.12303176911189E-17,1.));
#77230=DIRECTION('',(-1.,1.68753899743024E-13,0.));
#77240=AXIS2_PLACEMENT_3D('',#77210,#77220,#77230);
#77250=CIRCLE('',#77240,0.4);
#77260=EDGE_CURVE('',#6830,#5000,#77250,.T.);
#77270=ORIENTED_EDGE('',*,*,#77260,.F.);
#77280=ORIENTED_EDGE('',*,*,#5010,.T.);
#77290=ORIENTED_EDGE('',*,*,#76330,.F.);
#77300=EDGE_LOOP('',(#77290,#77280,#77270,#77200));
#77310=FACE_OUTER_BOUND('',#77300,.T.);
#77320=ADVANCED_FACE('',(#77310),#77190,.T.);
#77330=CARTESIAN_POINT('',(4.768913,-6.18730099999999,3.09999999999987))
;
#77340=DIRECTION('',(-0.,-0.,-1.));
#77350=DIRECTION('',(1.,0.,0.));
#77360=AXIS2_PLACEMENT_3D('',#77330,#77340,#77350);
#77370=PLANE('',#77360);
#77380=ORIENTED_EDGE('',*,*,#6840,.F.);
#77390=ORIENTED_EDGE('',*,*,#5090,.T.);
#77400=ORIENTED_EDGE('',*,*,#77260,.T.);
#77410=EDGE_LOOP('',(#77400,#77390,#77380));
#77420=FACE_OUTER_BOUND('',#77410,.T.);
#77430=ADVANCED_FACE('',(#77420),#77370,.T.);
#77440=CARTESIAN_POINT('',(4.51891300000001,-6.78730099999999,
2.29999999999987));
#77450=DIRECTION('',(1.,-6.12303176911188E-17,-3.74915180455534E-33));
#77460=DIRECTION('',(6.12303176911188E-17,1.,6.12303176911189E-17));
#77470=AXIS2_PLACEMENT_3D('',#77440,#77450,#77460);
#77480=PLANE('',#77470);
#77490=ORIENTED_EDGE('',*,*,#4850,.T.);
#77500=ORIENTED_EDGE('',*,*,#75610,.F.);
#77510=CARTESIAN_POINT('',(4.51891300000001,-6.78730099999999,
3.09999999999987));
#77520=DIRECTION('',(0.,0.,-1.));
#77530=VECTOR('',#77520,1.);
#77540=LINE('',#77510,#77530);
#77550=EDGE_CURVE('',#75540,#76410,#77540,.T.);
#77560=ORIENTED_EDGE('',*,*,#77550,.F.);
#77570=ORIENTED_EDGE('',*,*,#76420,.F.);
#77580=EDGE_LOOP('',(#77570,#77560,#77500,#77490));
#77590=FACE_OUTER_BOUND('',#77580,.T.);
#77600=ADVANCED_FACE('',(#77590),#77480,.T.);
#77610=CARTESIAN_POINT('',(4.01891300000001,-6.78730099999999,
2.29999999999987));
#77620=DIRECTION('',(6.12303176911188E-17,1.,6.12303176911188E-17));
#77630=DIRECTION('',(-1.,6.12303176911188E-17,-0.));
#77640=AXIS2_PLACEMENT_3D('',#77610,#77620,#77630);
#77650=PLANE('',#77640);
#77660=ORIENTED_EDGE('',*,*,#76080,.F.);
#77670=ORIENTED_EDGE('',*,*,#76480,.F.);
#77680=ORIENTED_EDGE('',*,*,#77550,.T.);
#77690=ORIENTED_EDGE('',*,*,#75550,.F.);
#77700=EDGE_LOOP('',(#77690,#77680,#77670,#77660));
#77710=FACE_OUTER_BOUND('',#77700,.T.);
#77720=ADVANCED_FACE('',(#77710),#77650,.T.);
#77730=CARTESIAN_POINT('',(4.41891300000001,-3.98730099999999,
3.76953099999987));
#77740=DIRECTION('',(6.16297582203916E-33,6.12303176911189E-17,-1.));
#77750=DIRECTION('',(-0.,1.,6.12303176911189E-17));
#77760=AXIS2_PLACEMENT_3D('',#77730,#77740,#77750);
#77770=CYLINDRICAL_SURFACE('',#77760,0.2);
#77780=CARTESIAN_POINT('',(4.41891300000001,-3.78730099999999,
2.29999999999987));
#77790=DIRECTION('',(0.,0.,1.));
#77800=VECTOR('',#77790,1.);
#77810=LINE('',#77780,#77800);
#77820=CARTESIAN_POINT('',(4.41891300000001,-3.78730099999999,
3.09999999999987));
#77830=VERTEX_POINT('',#77820);
#77840=EDGE_CURVE('',#76580,#77830,#77810,.T.);
#77850=ORIENTED_EDGE('',*,*,#77840,.T.);
#77860=ORIENTED_EDGE('',*,*,#76590,.F.);
#77870=ORIENTED_EDGE('',*,*,#71490,.T.);
#77880=CARTESIAN_POINT('',(4.41891300000001,-3.98730099999999,
3.09999999999987));
#77890=DIRECTION('',(1.76746202115062E-30,6.12303176911189E-17,-1.));
#77900=DIRECTION('',(-1.,2.8865798640254E-14,0.));
#77910=AXIS2_PLACEMENT_3D('',#77880,#77890,#77900);
#77920=CIRCLE('',#77910,0.2);
#77930=EDGE_CURVE('',#71400,#77830,#77920,.T.);
#77940=ORIENTED_EDGE('',*,*,#77930,.F.);
#77950=EDGE_LOOP('',(#77940,#77870,#77860,#77850));
#77960=FACE_OUTER_BOUND('',#77950,.T.);
#77970=ADVANCED_FACE('',(#77960),#77770,.F.);
#77980=CARTESIAN_POINT('',(4.22891300000001,-4.38730099999999,
3.09999999999987));
#77990=DIRECTION('',(-0.,-5.55111512312578E-16,-1.));
#78000=DIRECTION('',(-1.,0.,0.));
#78010=AXIS2_PLACEMENT_3D('',#77980,#77990,#78000);
#78020=PLANE('',#78010);
#78030=ORIENTED_EDGE('',*,*,#11630,.F.);
#78040=CARTESIAN_POINT('',(4.51891300000001,-3.78730099999999,
3.09999999999987));
#78050=DIRECTION('',(0.,1.,0.));
#78060=VECTOR('',#78050,1.);
#78070=LINE('',#78040,#78060);
#78080=CARTESIAN_POINT('',(4.51891300000001,-3.78730099999999,
3.09999999999987));
#78090=VERTEX_POINT('',#78080);
#78100=EDGE_CURVE('',#78090,#11540,#78070,.T.);
#78110=ORIENTED_EDGE('',*,*,#78100,.T.);
#78120=CARTESIAN_POINT('',(4.41891300000001,-3.78730099999999,
3.09999999999987));
#78130=DIRECTION('',(1.,0.,0.));
#78140=VECTOR('',#78130,1.);
#78150=LINE('',#78120,#78140);
#78160=EDGE_CURVE('',#77830,#78090,#78150,.T.);
#78170=ORIENTED_EDGE('',*,*,#78160,.T.);
#78180=ORIENTED_EDGE('',*,*,#77930,.T.);
#78190=ORIENTED_EDGE('',*,*,#71410,.T.);
#78200=CARTESIAN_POINT('',(4.22891300000001,-4.08730099999999,
3.09999999999987));
#78210=DIRECTION('',(-1.,0.,0.));
#78220=VECTOR('',#78210,1.);
#78230=LINE('',#78200,#78220);
#78240=CARTESIAN_POINT('',(4.228913,-4.08730099999999,3.09999999999987))
;
#78250=VERTEX_POINT('',#78240);
#78260=EDGE_CURVE('',#78250,#71320,#78230,.T.);
#78270=ORIENTED_EDGE('',*,*,#78260,.T.);
#78280=CARTESIAN_POINT('',(4.228913,-4.08730099999999,3.09999999999987))
;
#78290=DIRECTION('',(0.,-1.,1.48029736616689E-15));
#78300=VECTOR('',#78290,1.);
#78310=LINE('',#78280,#78300);
#78320=CARTESIAN_POINT('',(4.22891300000001,-4.38730099999999,
3.09999999999987));
#78330=VERTEX_POINT('',#78320);
#78340=EDGE_CURVE('',#78250,#78330,#78310,.T.);
#78350=ORIENTED_EDGE('',*,*,#78340,.F.);
#78360=CARTESIAN_POINT('',(4.768913,-4.38730099999999,3.09999999999987))
;
#78370=DIRECTION('',(-1.,0.,0.));
#78380=VECTOR('',#78370,1.);
#78390=LINE('',#78360,#78380);
#78400=CARTESIAN_POINT('',(4.768913,-4.38730099999999,3.09999999999987))
;
#78410=VERTEX_POINT('',#78400);
#78420=EDGE_CURVE('',#78410,#78330,#78390,.T.);
#78430=ORIENTED_EDGE('',*,*,#78420,.T.);
#78440=CARTESIAN_POINT('',(4.768913,-3.58730099999999,3.09999999999987))
;
#78450=DIRECTION('',(0.,-1.,5.55111512312578E-16));
#78460=VECTOR('',#78450,1.);
#78470=LINE('',#78440,#78460);
#78480=EDGE_CURVE('',#11620,#78410,#78470,.T.);
#78490=ORIENTED_EDGE('',*,*,#78480,.T.);
#78500=EDGE_LOOP('',(#78490,#78430,#78350,#78270,#78190,#78180,#78170,
#78110,#78030));
#78510=FACE_OUTER_BOUND('',#78500,.T.);
#78520=ADVANCED_FACE('',(#78510),#78020,.T.);
#78530=CARTESIAN_POINT('',(4.768913,-6.15638288683163,3.34760511797298))
;
#78540=DIRECTION('',(1.,-0.,-0.));
#78550=DIRECTION('',(-0.,-1.,1.22460635382238E-16));
#78560=AXIS2_PLACEMENT_3D('',#78530,#78540,#78550);
#78570=PLANE('',#78560);
#78580=CARTESIAN_POINT('',(4.768913,-4.38730099999999,5.09999999999987))
;
#78590=DIRECTION('',(0.,0.,-1.));
#78600=VECTOR('',#78590,1.);
#78610=LINE('',#78580,#78600);
#78620=CARTESIAN_POINT('',(4.768913,-4.38730099999999,5.09999999999987))
;
#78630=VERTEX_POINT('',#78620);
#78640=EDGE_CURVE('',#78630,#78410,#78610,.T.);
#78650=ORIENTED_EDGE('',*,*,#78640,.T.);
#78660=CARTESIAN_POINT('',(4.768913,-3.58730099999999,5.09999999999987))
;
#78670=DIRECTION('',(0.,-1.,0.));
#78680=VECTOR('',#78670,1.);
#78690=LINE('',#78660,#78680);
#78700=EDGE_CURVE('',#11700,#78630,#78690,.T.);
#78710=ORIENTED_EDGE('',*,*,#78700,.T.);
#78720=ORIENTED_EDGE('',*,*,#11710,.T.);
#78730=ORIENTED_EDGE('',*,*,#78480,.F.);
#78740=EDGE_LOOP('',(#78730,#78720,#78710,#78650));
#78750=FACE_OUTER_BOUND('',#78740,.T.);
#78760=ADVANCED_FACE('',(#78750),#78570,.T.);
#78770=CARTESIAN_POINT('',(4.44534766751247,-4.38730099999999,
3.93552627720248));
#78780=DIRECTION('',(-0.,-1.,5.55111512312578E-16));
#78790=DIRECTION('',(0.,5.55111512312578E-16,1.));
#78800=AXIS2_PLACEMENT_3D('',#78770,#78780,#78790);
#78810=PLANE('',#78800);
#78820=ORIENTED_EDGE('',*,*,#78420,.F.);
#78830=CARTESIAN_POINT('',(4.228913,-4.38730099999999,3.09999999999987))
;
#78840=DIRECTION('',(0.,8.88178419700125E-16,1.));
#78850=VECTOR('',#78840,1.);
#78860=LINE('',#78830,#78850);
#78870=CARTESIAN_POINT('',(4.22891300000001,-4.38730099999999,
5.09999999999987));
#78880=VERTEX_POINT('',#78870);
#78890=EDGE_CURVE('',#78330,#78880,#78860,.T.);
#78900=ORIENTED_EDGE('',*,*,#78890,.F.);
#78910=CARTESIAN_POINT('',(4.22891300000001,-4.38730099999999,
5.09999999999987));
#78920=DIRECTION('',(1.,0.,0.));
#78930=VECTOR('',#78920,1.);
#78940=LINE('',#78910,#78930);
#78950=EDGE_CURVE('',#78880,#78630,#78940,.T.);
#78960=ORIENTED_EDGE('',*,*,#78950,.F.);
#78970=ORIENTED_EDGE('',*,*,#78640,.F.);
#78980=EDGE_LOOP('',(#78970,#78960,#78900,#78820));
#78990=FACE_OUTER_BOUND('',#78980,.T.);
#79000=ADVANCED_FACE('',(#78990),#78810,.T.);
#79010=CARTESIAN_POINT('',(4.228913,-4.38730099999999,3.19999999999987))
;
#79020=DIRECTION('',(-1.,-0.,-0.));
#79030=DIRECTION('',(0.,5.55111512312578E-16,1.));
#79040=AXIS2_PLACEMENT_3D('',#79010,#79020,#79030);
#79050=PLANE('',#79040);
#79060=ORIENTED_EDGE('',*,*,#78340,.T.);
#79070=CARTESIAN_POINT('',(4.228913,-4.08730099999999,5.09999999999987))
;
#79080=DIRECTION('',(0.,-8.88178419700125E-16,-1.));
#79090=VECTOR('',#79080,1.);
#79100=LINE('',#79070,#79090);
#79110=CARTESIAN_POINT('',(4.228913,-4.08730099999999,5.09999999999987))
;
#79120=VERTEX_POINT('',#79110);
#79130=EDGE_CURVE('',#79120,#78250,#79100,.T.);
#79140=ORIENTED_EDGE('',*,*,#79130,.T.);
#79150=CARTESIAN_POINT('',(4.228913,-4.38730099999999,5.09999999999987))
;
#79160=DIRECTION('',(0.,1.,0.));
#79170=VECTOR('',#79160,1.);
#79180=LINE('',#79150,#79170);
#79190=EDGE_CURVE('',#78880,#79120,#79180,.T.);
#79200=ORIENTED_EDGE('',*,*,#79190,.T.);
#79210=ORIENTED_EDGE('',*,*,#78890,.T.);
#79220=EDGE_LOOP('',(#79210,#79200,#79140,#79060));
#79230=FACE_OUTER_BOUND('',#79220,.T.);
#79240=ADVANCED_FACE('',(#79230),#79050,.T.);
#79250=CARTESIAN_POINT('',(4.018913,-4.08730099999999,3.09999999999987))
;
#79260=DIRECTION('',(-0.,-1.,-4.44089209850063E-15));
#79270=DIRECTION('',(0.,-4.44089209850063E-15,1.));
#79280=AXIS2_PLACEMENT_3D('',#79250,#79260,#79270);
#79290=PLANE('',#79280);
#79300=CARTESIAN_POINT('',(4.018913,-4.08730099999999,3.79999999999987))
;
#79310=DIRECTION('',(1.,0.,0.));
#79320=VECTOR('',#79310,1.);
#79330=LINE('',#79300,#79320);
#79340=CARTESIAN_POINT('',(4.018913,-4.08730099999999,3.79999999999987))
;
#79350=VERTEX_POINT('',#79340);
#79360=EDGE_CURVE('',#79350,#71080,#79330,.T.);
#79370=ORIENTED_EDGE('',*,*,#79360,.F.);
#79380=ORIENTED_EDGE('',*,*,#71090,.T.);
#79390=CARTESIAN_POINT('',(4.21891300000001,-4.08730099999999,
4.13333333333321));
#79400=DIRECTION('',(-1.,0.,0.));
#79410=VECTOR('',#79400,1.);
#79420=LINE('',#79390,#79410);
#79430=CARTESIAN_POINT('',(4.018913,-4.08730099999999,4.13333333333322))
;
#79440=VERTEX_POINT('',#79430);
#79450=EDGE_CURVE('',#71000,#79440,#79420,.T.);
#79460=ORIENTED_EDGE('',*,*,#79450,.F.);
#79470=CARTESIAN_POINT('',(4.018913,-4.08730099999999,4.13333333333321))
;
#79480=DIRECTION('',(0.,0.,1.));
#79490=VECTOR('',#79480,1.);
#79500=LINE('',#79470,#79490);
#79510=CARTESIAN_POINT('',(4.018913,-4.08730099999999,4.29999999999987))
;
#79520=VERTEX_POINT('',#79510);
#79530=EDGE_CURVE('',#79440,#79520,#79500,.T.);
#79540=ORIENTED_EDGE('',*,*,#79530,.F.);
#79550=CARTESIAN_POINT('',(4.018913,-4.087301,4.29999999999987));
#79560=DIRECTION('',(1.,0.,0.));
#79570=VECTOR('',#79560,1.);
#79580=LINE('',#79550,#79570);
#79590=EDGE_CURVE('',#79520,#70840,#79580,.T.);
#79600=ORIENTED_EDGE('',*,*,#79590,.F.);
#79610=ORIENTED_EDGE('',*,*,#70850,.T.);
#79620=CARTESIAN_POINT('',(4.21891300000001,-4.08730099999999,
4.54999999999989));
#79630=DIRECTION('',(-1.,0.,0.));
#79640=VECTOR('',#79630,1.);
#79650=LINE('',#79620,#79640);
#79660=EDGE_CURVE('',#70760,#69630,#79650,.T.);
#79670=ORIENTED_EDGE('',*,*,#79660,.F.);
#79680=ORIENTED_EDGE('',*,*,#69640,.F.);
#79690=CARTESIAN_POINT('',(4.018913,-4.08730099999999,5.09999999999987))
;
#79700=DIRECTION('',(1.,0.,0.));
#79710=VECTOR('',#79700,1.);
#79720=LINE('',#79690,#79710);
#79730=EDGE_CURVE('',#69550,#79120,#79720,.T.);
#79740=ORIENTED_EDGE('',*,*,#79730,.F.);
#79750=ORIENTED_EDGE('',*,*,#79130,.F.);
#79760=ORIENTED_EDGE('',*,*,#78260,.F.);
#79770=CARTESIAN_POINT('',(4.21891300000001,-4.08730099999999,
3.09999999999987));
#79780=DIRECTION('',(-1.,0.,0.));
#79790=VECTOR('',#79780,1.);
#79800=LINE('',#79770,#79790);
#79810=CARTESIAN_POINT('',(4.018913,-4.08730099999999,3.09999999999987))
;
#79820=VERTEX_POINT('',#79810);
#79830=EDGE_CURVE('',#71320,#79820,#79800,.T.);
#79840=ORIENTED_EDGE('',*,*,#79830,.F.);
#79850=CARTESIAN_POINT('',(4.018913,-4.08730099999999,3.09999999999987))
;
#79860=DIRECTION('',(0.,0.,1.));
#79870=VECTOR('',#79860,1.);
#79880=LINE('',#79850,#79870);
#79890=EDGE_CURVE('',#79820,#79350,#79880,.T.);
#79900=ORIENTED_EDGE('',*,*,#79890,.F.);
#79910=EDGE_LOOP('',(#79900,#79840,#79760,#79750,#79740,#79680,#79670,
#79610,#79600,#79540,#79460,#79380,#79370));
#79920=FACE_OUTER_BOUND('',#79910,.T.);
#79930=ADVANCED_FACE('',(#79920),#79290,.T.);
#79940=CARTESIAN_POINT('',(4.018913,-4.18523468267788,1.27003886635729))
;
#79950=DIRECTION('',(1.,-0.,-0.));
#79960=DIRECTION('',(-0.,-1.,0.));
#79970=AXIS2_PLACEMENT_3D('',#79940,#79950,#79960);
#79980=PLANE('',#79970);
#79990=CARTESIAN_POINT('',(4.018913,-4.13730099999999,3.79999999999987))
;
#80000=DIRECTION('',(0.,1.,0.));
#80010=VECTOR('',#80000,1.);
#80020=LINE('',#79990,#80010);
#80030=CARTESIAN_POINT('',(4.018913,-4.13730099999999,3.79999999999987))
;
#80040=VERTEX_POINT('',#80030);
#80050=EDGE_CURVE('',#80040,#79350,#80020,.T.);
#80060=ORIENTED_EDGE('',*,*,#80050,.F.);
#80070=ORIENTED_EDGE('',*,*,#79890,.T.);
#80080=CARTESIAN_POINT('',(4.018913,-4.08730099999999,3.09999999999987))
;
#80090=DIRECTION('',(0.,-1.,0.));
#80100=VECTOR('',#80090,1.);
#80110=LINE('',#80080,#80100);
#80120=CARTESIAN_POINT('',(4.018913,-4.13730099999999,3.09999999999987))
;
#80130=VERTEX_POINT('',#80120);
#80140=EDGE_CURVE('',#79820,#80130,#80110,.T.);
#80150=ORIENTED_EDGE('',*,*,#80140,.F.);
#80160=CARTESIAN_POINT('',(4.018913,-4.13730099999999,3.09999999999987))
;
#80170=DIRECTION('',(0.,0.,1.));
#80180=VECTOR('',#80170,1.);
#80190=LINE('',#80160,#80180);
#80200=EDGE_CURVE('',#80130,#80040,#80190,.T.);
#80210=ORIENTED_EDGE('',*,*,#80200,.F.);
#80220=EDGE_LOOP('',(#80210,#80150,#80070,#80060));
#80230=FACE_OUTER_BOUND('',#80220,.T.);
#80240=ADVANCED_FACE('',(#80230),#79980,.T.);
#80250=CARTESIAN_POINT('',(4.01891300000001,-4.13730099999999,
3.09999999999987));
#80260=DIRECTION('',(-6.12303176911188E-17,-1.,-6.12303176911188E-17));
#80270=DIRECTION('',(0.,6.12303176911188E-17,-1.));
#80280=AXIS2_PLACEMENT_3D('',#80250,#80260,#80270);
#80290=PLANE('',#80280);
#80300=ORIENTED_EDGE('',*,*,#80200,.T.);
#80310=CARTESIAN_POINT('',(4.21891300000001,-4.13730099999999,
3.09999999999987));
#80320=DIRECTION('',(-1.,0.,0.));
#80330=VECTOR('',#80320,1.);
#80340=LINE('',#80310,#80330);
#80350=EDGE_CURVE('',#71240,#80130,#80340,.T.);
#80360=ORIENTED_EDGE('',*,*,#80350,.T.);
#80370=ORIENTED_EDGE('',*,*,#71250,.T.);
#80380=CARTESIAN_POINT('',(4.21891300000001,-4.13730099999999,
3.79999999999987));
#80390=DIRECTION('',(-1.,0.,0.));
#80400=VECTOR('',#80390,1.);
#80410=LINE('',#80380,#80400);
#80420=EDGE_CURVE('',#71160,#80040,#80410,.T.);
#80430=ORIENTED_EDGE('',*,*,#80420,.F.);
#80440=EDGE_LOOP('',(#80430,#80370,#80360,#80300));
#80450=FACE_OUTER_BOUND('',#80440,.T.);
#80460=ADVANCED_FACE('',(#80450),#80290,.F.);
#80470=CARTESIAN_POINT('',(4.01891300000001,-4.13730099999999,
3.79999999999987));
#80480=DIRECTION('',(-3.74915180455534E-33,-6.12303176911189E-17,1.));
#80490=DIRECTION('',(-6.12303176911188E-17,-1.,-6.12303176911189E-17));
#80500=AXIS2_PLACEMENT_3D('',#80470,#80480,#80490);
#80510=PLANE('',#80500);
#80520=ORIENTED_EDGE('',*,*,#80050,.T.);
#80530=ORIENTED_EDGE('',*,*,#80420,.T.);
#80540=ORIENTED_EDGE('',*,*,#71170,.T.);
#80550=ORIENTED_EDGE('',*,*,#79360,.T.);
#80560=EDGE_LOOP('',(#80550,#80540,#80530,#80520));
#80570=FACE_OUTER_BOUND('',#80560,.T.);
#80580=ADVANCED_FACE('',(#80570),#80510,.F.);
#80590=CARTESIAN_POINT('',(4.1344026549855,-6.51295400696028,
3.09999999999987));
#80600=DIRECTION('',(3.74915180455534E-33,6.12303176911189E-17,-1.));
#80610=DIRECTION('',(-6.12303176911188E-17,-1.,-6.12303176911189E-17));
#80620=AXIS2_PLACEMENT_3D('',#80590,#80600,#80610);
#80630=PLANE('',#80620);
#80640=ORIENTED_EDGE('',*,*,#71330,.F.);
#80650=ORIENTED_EDGE('',*,*,#80350,.F.);
#80660=ORIENTED_EDGE('',*,*,#80140,.T.);
#80670=ORIENTED_EDGE('',*,*,#79830,.T.);
#80680=EDGE_LOOP('',(#80670,#80660,#80650,#80640));
#80690=FACE_OUTER_BOUND('',#80680,.T.);
#80700=ADVANCED_FACE('',(#80690),#80630,.F.);
#80710=CARTESIAN_POINT('',(4.01891300000001,-3.98730099999999,
3.79999999999987));
#80720=DIRECTION('',(-5.86480077369953E-17,-0.957826285221152,
-0.287347885566345));
#80730=DIRECTION('',(1.75944023210986E-17,0.287347885566345,
-0.957826285221152));
#80740=AXIS2_PLACEMENT_3D('',#80710,#80720,#80730);
#80750=PLANE('',#80740);
#80760=CARTESIAN_POINT('',(4.018913,-4.13730099999999,4.29999999999987))
;
#80770=DIRECTION('',(0.,0.28734788556635,-0.95782628522115));
#80780=VECTOR('',#80770,1.);
#80790=LINE('',#80760,#80780);
#80800=CARTESIAN_POINT('',(4.018913,-4.13730099999999,4.29999999999987))
;
#80810=VERTEX_POINT('',#80800);
#80820=EDGE_CURVE('',#80810,#79440,#80790,.T.);
#80830=ORIENTED_EDGE('',*,*,#80820,.F.);
#80840=ORIENTED_EDGE('',*,*,#79450,.T.);
#80850=ORIENTED_EDGE('',*,*,#71010,.F.);
#80860=CARTESIAN_POINT('',(4.21891300000001,-4.13730099999999,
4.29999999999987));
#80870=DIRECTION('',(-1.,0.,0.));
#80880=VECTOR('',#80870,1.);
#80890=LINE('',#80860,#80880);
#80900=EDGE_CURVE('',#70920,#80810,#80890,.T.);
#80910=ORIENTED_EDGE('',*,*,#80900,.F.);
#80920=EDGE_LOOP('',(#80910,#80850,#80840,#80830));
#80930=FACE_OUTER_BOUND('',#80920,.T.);
#80940=ADVANCED_FACE('',(#80930),#80750,.F.);
#80950=CARTESIAN_POINT('',(4.01891300000001,-4.13730099999999,
4.29999999999987));
#80960=DIRECTION('',(-3.74915180455534E-33,-6.12303176911189E-17,1.));
#80970=DIRECTION('',(-6.12303176911188E-17,-1.,-6.12303176911189E-17));
#80980=AXIS2_PLACEMENT_3D('',#80950,#80960,#80970);
#80990=PLANE('',#80980);
#81000=CARTESIAN_POINT('',(4.018913,-4.13730099999999,4.29999999999987))
;
#81010=DIRECTION('',(0.,1.,0.));
#81020=VECTOR('',#81010,1.);
#81030=LINE('',#81000,#81020);
#81040=EDGE_CURVE('',#80810,#79520,#81030,.T.);
#81050=ORIENTED_EDGE('',*,*,#81040,.T.);
#81060=ORIENTED_EDGE('',*,*,#80900,.T.);
#81070=ORIENTED_EDGE('',*,*,#70930,.T.);
#81080=ORIENTED_EDGE('',*,*,#79590,.T.);
#81090=EDGE_LOOP('',(#81080,#81070,#81060,#81050));
#81100=FACE_OUTER_BOUND('',#81090,.T.);
#81110=ADVANCED_FACE('',(#81100),#80990,.F.);
#81120=CARTESIAN_POINT('',(4.018913,-4.18523468267788,1.27003886635729))
;
#81130=DIRECTION('',(1.,-0.,-0.));
#81140=DIRECTION('',(-0.,-1.,0.));
#81150=AXIS2_PLACEMENT_3D('',#81120,#81130,#81140);
#81160=PLANE('',#81150);
#81170=ORIENTED_EDGE('',*,*,#79530,.T.);
#81180=ORIENTED_EDGE('',*,*,#80820,.T.);
#81190=ORIENTED_EDGE('',*,*,#81040,.F.);
#81200=EDGE_LOOP('',(#81190,#81180,#81170));
#81210=FACE_OUTER_BOUND('',#81200,.T.);
#81220=ADVANCED_FACE('',(#81210),#81160,.T.);
#81230=CARTESIAN_POINT('',(4.01891300000001,-4.03730099999999,
4.29999999999987));
#81240=DIRECTION('',(-6.0041266294327E-17,-0.98058067569092,
-0.196116135138183));
#81250=DIRECTION('',(1.20082532588654E-17,0.196116135138183,
-0.98058067569092));
#81260=AXIS2_PLACEMENT_3D('',#81230,#81240,#81250);
#81270=PLANE('',#81260);
#81280=ORIENTED_EDGE('',*,*,#69720,.F.);
#81290=ORIENTED_EDGE('',*,*,#79660,.T.);
#81300=ORIENTED_EDGE('',*,*,#70770,.F.);
#81310=ORIENTED_EDGE('',*,*,#69960,.F.);
#81320=EDGE_LOOP('',(#81310,#81300,#81290,#81280));
#81330=FACE_OUTER_BOUND('',#81320,.T.);
#81340=ADVANCED_FACE('',(#81330),#81270,.F.);
#81350=CARTESIAN_POINT('',(4.018913,-4.38730099999999,5.09999999999987))
;
#81360=DIRECTION('',(-0.,1.22460635382238E-16,1.));
#81370=DIRECTION('',(0.,1.,-1.22460635382238E-16));
#81380=AXIS2_PLACEMENT_3D('',#81350,#81360,#81370);
#81390=PLANE('',#81380);
#81400=ORIENTED_EDGE('',*,*,#69560,.F.);
#81410=ORIENTED_EDGE('',*,*,#11790,.T.);
#81420=ORIENTED_EDGE('',*,*,#78700,.F.);
#81430=ORIENTED_EDGE('',*,*,#78950,.T.);
#81440=ORIENTED_EDGE('',*,*,#79190,.F.);
#81450=ORIENTED_EDGE('',*,*,#79730,.T.);
#81460=EDGE_LOOP('',(#81450,#81440,#81430,#81420,#81410,#81400));
#81470=FACE_OUTER_BOUND('',#81460,.T.);
#81480=ADVANCED_FACE('',(#81470),#81390,.T.);
#81490=CARTESIAN_POINT('',(4.51891300000001,-3.58730099999999,
2.29999999999987));
#81500=DIRECTION('',(1.,-6.12303176911188E-17,-3.74915180455534E-33));
#81510=DIRECTION('',(6.12303176911188E-17,1.,6.12303176911189E-17));
#81520=AXIS2_PLACEMENT_3D('',#81490,#81500,#81510);
#81530=PLANE('',#81520);
#81540=CARTESIAN_POINT('',(4.51891300000001,-3.78730099999999,
3.09999999999987));
#81550=DIRECTION('',(0.,0.,-1.));
#81560=VECTOR('',#81550,1.);
#81570=LINE('',#81540,#81560);
#81580=EDGE_CURVE('',#78090,#76660,#81570,.T.);
#81590=ORIENTED_EDGE('',*,*,#81580,.T.);
#81600=ORIENTED_EDGE('',*,*,#78100,.F.);
#81610=ORIENTED_EDGE('',*,*,#11550,.F.);
#81620=ORIENTED_EDGE('',*,*,#76730,.F.);
#81630=EDGE_LOOP('',(#81620,#81610,#81600,#81590));
#81640=FACE_OUTER_BOUND('',#81630,.T.);
#81650=ADVANCED_FACE('',(#81640),#81530,.T.);
#81660=CARTESIAN_POINT('',(4.51891300000001,-3.78730099999999,
2.29999999999987));
#81670=DIRECTION('',(-6.12303176911188E-17,-1.,-6.12303176911188E-17));
#81680=DIRECTION('',(1.,-6.12303176911188E-17,0.));
#81690=AXIS2_PLACEMENT_3D('',#81660,#81670,#81680);
#81700=PLANE('',#81690);
#81710=ORIENTED_EDGE('',*,*,#77840,.F.);
#81720=ORIENTED_EDGE('',*,*,#78160,.F.);
#81730=ORIENTED_EDGE('',*,*,#81580,.F.);
#81740=ORIENTED_EDGE('',*,*,#76670,.F.);
#81750=EDGE_LOOP('',(#81740,#81730,#81720,#81710));
#81760=FACE_OUTER_BOUND('',#81750,.T.);
#81770=ADVANCED_FACE('',(#81760),#81700,.T.);
#81780=CARTESIAN_POINT('',(2.84491300000001,-6.98730099999999,
5.79999999999987));
#81790=DIRECTION('',(-8.88178419700128E-15,-0.,1.));
#81800=DIRECTION('',(1.,0.,8.88178419700128E-15));
#81810=AXIS2_PLACEMENT_3D('',#81780,#81790,#81800);
#81820=PLANE('',#81810);
#81830=CARTESIAN_POINT('',(2.74491300000001,-6.28730099999999,
5.79999999999987));
#81840=DIRECTION('',(0.,-1.,0.));
#81850=VECTOR('',#81840,1.);
#81860=LINE('',#81830,#81850);
#81870=CARTESIAN_POINT('',(2.74491300000001,-6.28730099999999,
5.79999999999987));
#81880=VERTEX_POINT('',#81870);
#81890=EDGE_CURVE('',#81880,#4360,#81860,.T.);
#81900=ORIENTED_EDGE('',*,*,#81890,.T.);
#81910=CARTESIAN_POINT('',(2.74491300000001,-6.28730099999999,
5.79999999999987));
#81920=DIRECTION('',(1.,0.,0.));
#81930=VECTOR('',#81920,1.);
#81940=LINE('',#81910,#81930);
#81950=EDGE_CURVE('',#81880,#74420,#81940,.T.);
#81960=ORIENTED_EDGE('',*,*,#81950,.F.);
#81970=ORIENTED_EDGE('',*,*,#74430,.T.);
#81980=ORIENTED_EDGE('',*,*,#4450,.T.);
#81990=EDGE_LOOP('',(#81980,#81970,#81960,#81900));
#82000=FACE_OUTER_BOUND('',#81990,.T.);
#82010=ADVANCED_FACE('',(#82000),#81820,.T.);
#82020=CARTESIAN_POINT('',(2.74491300000001,-7.32730339999999,
5.29999999999987));
#82030=DIRECTION('',(1.,-0.,-0.));
#82040=DIRECTION('',(0.,1.22460635382238E-16,1.));
#82050=AXIS2_PLACEMENT_3D('',#82020,#82030,#82040);
#82060=PLANE('',#82050);
#82070=ORIENTED_EDGE('',*,*,#81890,.F.);
#82080=ORIENTED_EDGE('',*,*,#4370,.T.);
#82090=ORIENTED_EDGE('',*,*,#18580,.F.);
#82100=CARTESIAN_POINT('',(2.74491300000001,-6.28730099999999,
5.29999999999987));
#82110=DIRECTION('',(0.,0.,1.));
#82120=VECTOR('',#82110,1.);
#82130=LINE('',#82100,#82120);
#82140=EDGE_CURVE('',#18510,#81880,#82130,.T.);
#82150=ORIENTED_EDGE('',*,*,#82140,.F.);
#82160=EDGE_LOOP('',(#82150,#82090,#82080,#82070));
#82170=FACE_OUTER_BOUND('',#82160,.T.);
#82180=ADVANCED_FACE('',(#82170),#82060,.F.);
#82190=CARTESIAN_POINT('',(1.94391300000001,-6.28730099999999,
5.29999999999987));
#82200=DIRECTION('',(-0.,1.,-1.22460635382238E-16));
#82210=DIRECTION('',(0.,1.22460635382238E-16,1.));
#82220=AXIS2_PLACEMENT_3D('',#82190,#82200,#82210);
#82230=PLANE('',#82220);
#82240=ORIENTED_EDGE('',*,*,#18520,.T.);
#82250=ORIENTED_EDGE('',*,*,#74490,.T.);
#82260=ORIENTED_EDGE('',*,*,#81950,.T.);
#82270=ORIENTED_EDGE('',*,*,#82140,.T.);
#82280=EDGE_LOOP('',(#82270,#82260,#82250,#82240));
#82290=FACE_OUTER_BOUND('',#82280,.T.);
#82300=ADVANCED_FACE('',(#82290),#82230,.T.);
#82310=CARTESIAN_POINT('',(5.66891540000001,-6.18730099999999,
5.09999999999987));
#82320=DIRECTION('',(6.12303176911188E-17,1.,6.12303176911188E-17));
#82330=DIRECTION('',(-0.,-6.12303176911188E-17,1.));
#82340=AXIS2_PLACEMENT_3D('',#82310,#82320,#82330);
#82350=PLANE('',#82340);
#82360=CARTESIAN_POINT('',(5.11891300000001,-6.18730099999999,
5.39999999999987));
#82370=DIRECTION('',(0.,-1.,-6.12303176911189E-17));
#82380=DIRECTION('',(1.,0.,0.));
#82390=AXIS2_PLACEMENT_3D('',#82360,#82370,#82380);
#82400=CIRCLE('',#82390,0.4);
#82410=CARTESIAN_POINT('',(5.51891300000001,-6.18730099999999,
5.39999999999987));
#82420=VERTEX_POINT('',#82410);
#82430=CARTESIAN_POINT('',(5.11891300000001,-6.18730099999999,
5.79999999999987));
#82440=VERTEX_POINT('',#82430);
#82450=EDGE_CURVE('',#82420,#82440,#82400,.T.);
#82460=ORIENTED_EDGE('',*,*,#82450,.T.);
#82470=CARTESIAN_POINT('',(5.51891300000001,-6.18730099999999,
4.69999999999987));
#82480=DIRECTION('',(0.,0.,1.));
#82490=VECTOR('',#82480,1.);
#82500=LINE('',#82470,#82490);
#82510=CARTESIAN_POINT('',(5.51891300000001,-6.18730099999999,
4.69999999999987));
#82520=VERTEX_POINT('',#82510);
#82530=EDGE_CURVE('',#82520,#82420,#82500,.T.);
#82540=ORIENTED_EDGE('',*,*,#82530,.T.);
#82550=CARTESIAN_POINT('',(5.31891300000001,-6.18730099999999,
4.69999999999987));
#82560=DIRECTION('',(1.,0.,0.));
#82570=VECTOR('',#82560,1.);
#82580=LINE('',#82550,#82570);
#82590=CARTESIAN_POINT('',(5.31891300000001,-6.18730099999999,
4.69999999999987));
#82600=VERTEX_POINT('',#82590);
#82610=EDGE_CURVE('',#82600,#82520,#82580,.T.);
#82620=ORIENTED_EDGE('',*,*,#82610,.T.);
#82630=CARTESIAN_POINT('',(5.31891300000001,-6.18730099999999,
5.39999999999987));
#82640=DIRECTION('',(0.,0.,-1.));
#82650=VECTOR('',#82640,1.);
#82660=LINE('',#82630,#82650);
#82670=CARTESIAN_POINT('',(5.31891300000001,-6.18730099999999,
5.39999999999987));
#82680=VERTEX_POINT('',#82670);
#82690=EDGE_CURVE('',#82680,#82600,#82660,.T.);
#82700=ORIENTED_EDGE('',*,*,#82690,.T.);
#82710=CARTESIAN_POINT('',(5.11891300000001,-6.18730099999999,
5.39999999999987));
#82720=DIRECTION('',(6.12303176911188E-17,1.,-0.));
#82730=DIRECTION('',(0.,0.,1.));
#82740=AXIS2_PLACEMENT_3D('',#82710,#82720,#82730);
#82750=CIRCLE('',#82740,0.2);
#82760=CARTESIAN_POINT('',(5.11891300000001,-6.18730099999999,
5.59999999999987));
#82770=VERTEX_POINT('',#82760);
#82780=EDGE_CURVE('',#82770,#82680,#82750,.T.);
#82790=ORIENTED_EDGE('',*,*,#82780,.T.);
#82800=CARTESIAN_POINT('',(4.41891300000001,-6.18730099999999,
5.59999999999987));
#82810=DIRECTION('',(1.,0.,0.));
#82820=VECTOR('',#82810,1.);
#82830=LINE('',#82800,#82820);
#82840=CARTESIAN_POINT('',(4.41891300000001,-6.18730099999999,
5.59999999999987));
#82850=VERTEX_POINT('',#82840);
#82860=EDGE_CURVE('',#82850,#82770,#82830,.T.);
#82870=ORIENTED_EDGE('',*,*,#82860,.T.);
#82880=CARTESIAN_POINT('',(4.41891300000001,-6.18730099999999,
5.39999999999987));
#82890=DIRECTION('',(1.63150340413908E-30,1.,6.12303176911205E-17));
#82900=DIRECTION('',(-1.,0.,2.66453525910037E-14));
#82910=AXIS2_PLACEMENT_3D('',#82880,#82890,#82900);
#82920=CIRCLE('',#82910,0.2);
#82930=EDGE_CURVE('',#70520,#82850,#82920,.T.);
#82940=ORIENTED_EDGE('',*,*,#82930,.T.);
#82950=ORIENTED_EDGE('',*,*,#70530,.T.);
#82960=ORIENTED_EDGE('',*,*,#72760,.T.);
#82970=ORIENTED_EDGE('',*,*,#74560,.T.);
#82980=CARTESIAN_POINT('',(4.01891300000001,-6.18730099999999,
5.39999999999988));
#82990=DIRECTION('',(-5.32907051820039E-14,0.,-1.));
#83000=VECTOR('',#82990,1.);
#83010=LINE('',#82980,#83000);
#83020=CARTESIAN_POINT('',(4.01891300000001,-6.18730099999999,
5.39999999999987));
#83030=VERTEX_POINT('',#83020);
#83040=EDGE_CURVE('',#83030,#18350,#83010,.T.);
#83050=ORIENTED_EDGE('',*,*,#83040,.T.);
#83060=CARTESIAN_POINT('',(4.41891300000001,-6.18730099999999,
5.39999999999987));
#83070=DIRECTION('',(-6.12303176911188E-17,-1.,0.));
#83080=DIRECTION('',(0.,0.,1.));
#83090=AXIS2_PLACEMENT_3D('',#83060,#83070,#83080);
#83100=CIRCLE('',#83090,0.4);
#83110=CARTESIAN_POINT('',(4.41891300000001,-6.18730099999999,
5.79999999999987));
#83120=VERTEX_POINT('',#83110);
#83130=EDGE_CURVE('',#83120,#83030,#83100,.T.);
#83140=ORIENTED_EDGE('',*,*,#83130,.T.);
#83150=CARTESIAN_POINT('',(5.11891300000001,-6.18730099999999,
5.79999999999987));
#83160=DIRECTION('',(-1.,0.,0.));
#83170=VECTOR('',#83160,1.);
#83180=LINE('',#83150,#83170);
#83190=EDGE_CURVE('',#82440,#83120,#83180,.T.);
#83200=ORIENTED_EDGE('',*,*,#83190,.T.);
#83210=EDGE_LOOP('',(#83200,#83140,#83050,#82970,#82960,#82950,#82940,
#82870,#82790,#82700,#82620,#82540,#82460));
#83220=FACE_OUTER_BOUND('',#83210,.T.);
#83230=ADVANCED_FACE('',(#83220),#82350,.F.);
#83240=CARTESIAN_POINT('',(5.11891300000001,-6.987301,5.79999999999987))
;
#83250=DIRECTION('',(-3.74915180455534E-33,-6.12303176911189E-17,1.));
#83260=DIRECTION('',(1.,-6.12303176911188E-17,-2.05268329735081E-48));
#83270=AXIS2_PLACEMENT_3D('',#83240,#83250,#83260);
#83280=PLANE('',#83270);
#83290=ORIENTED_EDGE('',*,*,#83190,.F.);
#83300=CARTESIAN_POINT('',(4.41891300000001,-6.18730099999999,
5.79999999999987));
#83310=DIRECTION('',(0.,1.,0.));
#83320=VECTOR('',#83310,1.);
#83330=LINE('',#83300,#83320);
#83340=CARTESIAN_POINT('',(4.41891300000001,-4.38730099999999,
5.79999999999987));
#83350=VERTEX_POINT('',#83340);
#83360=EDGE_CURVE('',#83120,#83350,#83330,.T.);
#83370=ORIENTED_EDGE('',*,*,#83360,.F.);
#83380=CARTESIAN_POINT('',(4.41891300000001,-4.38730099999999,
5.79999999999987));
#83390=DIRECTION('',(1.,0.,0.));
#83400=VECTOR('',#83390,1.);
#83410=LINE('',#83380,#83400);
#83420=CARTESIAN_POINT('',(5.11891300000001,-4.38730099999999,
5.79999999999987));
#83430=VERTEX_POINT('',#83420);
#83440=EDGE_CURVE('',#83350,#83430,#83410,.T.);
#83450=ORIENTED_EDGE('',*,*,#83440,.F.);
#83460=CARTESIAN_POINT('',(5.11891300000001,-4.38730099999999,
5.79999999999987));
#83470=DIRECTION('',(0.,-1.,0.));
#83480=VECTOR('',#83470,1.);
#83490=LINE('',#83460,#83480);
#83500=CARTESIAN_POINT('',(5.11891300000001,-5.03730099999999,
5.79999999999987));
#83510=VERTEX_POINT('',#83500);
#83520=EDGE_CURVE('',#83430,#83510,#83490,.T.);
#83530=ORIENTED_EDGE('',*,*,#83520,.F.);
#83540=CARTESIAN_POINT('',(5.11891300000001,-5.03730099999999,
5.79999999999987));
#83550=DIRECTION('',(-1.,0.,0.));
#83560=VECTOR('',#83550,1.);
#83570=LINE('',#83540,#83560);
#83580=CARTESIAN_POINT('',(4.71891300000001,-5.03730099999999,
5.79999999999987));
#83590=VERTEX_POINT('',#83580);
#83600=EDGE_CURVE('',#83510,#83590,#83570,.T.);
#83610=ORIENTED_EDGE('',*,*,#83600,.F.);
#83620=CARTESIAN_POINT('',(4.71891300000001,-5.03730099999999,
5.79999999999987));
#83630=DIRECTION('',(0.,-1.,0.));
#83640=VECTOR('',#83630,1.);
#83650=LINE('',#83620,#83640);
#83660=CARTESIAN_POINT('',(4.71891300000001,-5.53730099999999,
5.79999999999987));
#83670=VERTEX_POINT('',#83660);
#83680=EDGE_CURVE('',#83590,#83670,#83650,.T.);
#83690=ORIENTED_EDGE('',*,*,#83680,.F.);
#83700=CARTESIAN_POINT('',(4.71891300000001,-5.53730099999999,
5.79999999999987));
#83710=DIRECTION('',(1.,0.,0.));
#83720=VECTOR('',#83710,1.);
#83730=LINE('',#83700,#83720);
#83740=CARTESIAN_POINT('',(5.11891300000001,-5.53730099999999,
5.79999999999987));
#83750=VERTEX_POINT('',#83740);
#83760=EDGE_CURVE('',#83670,#83750,#83730,.T.);
#83770=ORIENTED_EDGE('',*,*,#83760,.F.);
#83780=CARTESIAN_POINT('',(5.11891300000001,-5.53730099999999,
5.79999999999987));
#83790=DIRECTION('',(0.,-1.,0.));
#83800=VECTOR('',#83790,1.);
#83810=LINE('',#83780,#83800);
#83820=EDGE_CURVE('',#83750,#82440,#83810,.T.);
#83830=ORIENTED_EDGE('',*,*,#83820,.F.);
#83840=EDGE_LOOP('',(#83830,#83770,#83690,#83610,#83530,#83450,#83370,
#83290));
#83850=FACE_OUTER_BOUND('',#83840,.T.);
#83860=ADVANCED_FACE('',(#83850),#83280,.T.);
#83870=CARTESIAN_POINT('',(5.11891300000001,-6.987301,5.39999999999987))
;
#83880=DIRECTION('',(-6.12303176911188E-17,-1.,-6.12303176911189E-17));
#83890=DIRECTION('',(-6.03777548009826E-48,-6.12303176911189E-17,1.));
#83900=AXIS2_PLACEMENT_3D('',#83870,#83880,#83890);
#83910=CYLINDRICAL_SURFACE('',#83900,0.4);
#83920=ORIENTED_EDGE('',*,*,#82450,.F.);
#83930=ORIENTED_EDGE('',*,*,#83820,.T.);
#83940=CARTESIAN_POINT('',(5.11891300000001,-5.53730099999999,
5.39999999999987));
#83950=DIRECTION('',(6.12303176911188E-17,1.,-0.));
#83960=DIRECTION('',(0.,0.,1.));
#83970=AXIS2_PLACEMENT_3D('',#83940,#83950,#83960);
#83980=CIRCLE('',#83970,0.4);
#83990=CARTESIAN_POINT('',(5.51891300000001,-5.53730099999999,
5.39999999999987));
#84000=VERTEX_POINT('',#83990);
#84010=EDGE_CURVE('',#83750,#84000,#83980,.T.);
#84020=ORIENTED_EDGE('',*,*,#84010,.F.);
#84030=CARTESIAN_POINT('',(5.51891300000001,-6.18730099999999,
5.39999999999987));
#84040=DIRECTION('',(0.,1.,0.));
#84050=VECTOR('',#84040,1.);
#84060=LINE('',#84030,#84050);
#84070=EDGE_CURVE('',#82420,#84000,#84060,.T.);
#84080=ORIENTED_EDGE('',*,*,#84070,.T.);
#84090=EDGE_LOOP('',(#84080,#84020,#83930,#83920));
#84100=FACE_OUTER_BOUND('',#84090,.T.);
#84110=ADVANCED_FACE('',(#84100),#83910,.T.);
#84120=CARTESIAN_POINT('',(5.51891300000001,-6.987301,4.69999999999987))
;
#84130=DIRECTION('',(1.,-6.12303176911188E-17,-3.74915180455534E-33));
#84140=DIRECTION('',(-4.10536659470161E-48,6.12303176911188E-17,-1.));
#84150=AXIS2_PLACEMENT_3D('',#84120,#84130,#84140);
#84160=PLANE('',#84150);
#84170=ORIENTED_EDGE('',*,*,#82530,.F.);
#84180=ORIENTED_EDGE('',*,*,#84070,.F.);
#84190=CARTESIAN_POINT('',(5.51891300000001,-5.53730099999999,
5.39999999999987));
#84200=DIRECTION('',(0.,1.,0.));
#84210=VECTOR('',#84200,1.);
#84220=LINE('',#84190,#84210);
#84230=CARTESIAN_POINT('',(5.51891300000001,-5.03730099999999,
5.39999999999987));
#84240=VERTEX_POINT('',#84230);
#84250=EDGE_CURVE('',#84000,#84240,#84220,.T.);
#84260=ORIENTED_EDGE('',*,*,#84250,.F.);
#84270=CARTESIAN_POINT('',(5.51891300000001,-5.03730099999999,
5.39999999999987));
#84280=DIRECTION('',(0.,1.,0.));
#84290=VECTOR('',#84280,1.);
#84300=LINE('',#84270,#84290);
#84310=CARTESIAN_POINT('',(5.51891300000001,-4.38730099999999,
5.39999999999987));
#84320=VERTEX_POINT('',#84310);
#84330=EDGE_CURVE('',#84240,#84320,#84300,.T.);
#84340=ORIENTED_EDGE('',*,*,#84330,.F.);
#84350=CARTESIAN_POINT('',(5.51891300000001,-4.38730099999999,
5.39999999999987));
#84360=DIRECTION('',(0.,0.,-1.));
#84370=VECTOR('',#84360,1.);
#84380=LINE('',#84350,#84370);
#84390=CARTESIAN_POINT('',(5.51891300000001,-4.38730099999999,
4.69999999999987));
#84400=VERTEX_POINT('',#84390);
#84410=EDGE_CURVE('',#84320,#84400,#84380,.T.);
#84420=ORIENTED_EDGE('',*,*,#84410,.F.);
#84430=CARTESIAN_POINT('',(5.51891300000001,-4.38730099999999,
4.69999999999987));
#84440=DIRECTION('',(0.,-1.,0.));
#84450=VECTOR('',#84440,1.);
#84460=LINE('',#84430,#84450);
#84470=EDGE_CURVE('',#84400,#82520,#84460,.T.);
#84480=ORIENTED_EDGE('',*,*,#84470,.F.);
#84490=EDGE_LOOP('',(#84480,#84420,#84340,#84260,#84180,#84170));
#84500=FACE_OUTER_BOUND('',#84490,.T.);
#84510=ADVANCED_FACE('',(#84500),#84160,.T.);
#84520=CARTESIAN_POINT('',(5.31891300000001,-6.987301,4.69999999999987))
;
#84530=DIRECTION('',(3.74915180455534E-33,6.12303176911189E-17,-1.));
#84540=DIRECTION('',(-1.,6.12303176911188E-17,2.05268329735081E-48));
#84550=AXIS2_PLACEMENT_3D('',#84520,#84530,#84540);
#84560=PLANE('',#84550);
#84570=CARTESIAN_POINT('',(5.51891300000001,-4.38730099999999,
4.69999999999987));
#84580=DIRECTION('',(-1.,0.,0.));
#84590=VECTOR('',#84580,1.);
#84600=LINE('',#84570,#84590);
#84610=CARTESIAN_POINT('',(5.31891300000001,-4.38730099999999,
4.69999999999987));
#84620=VERTEX_POINT('',#84610);
#84630=EDGE_CURVE('',#84400,#84620,#84600,.T.);
#84640=ORIENTED_EDGE('',*,*,#84630,.F.);
#84650=CARTESIAN_POINT('',(5.31891300000001,-4.38730099999999,
4.69999999999987));
#84660=DIRECTION('',(0.,-1.,0.));
#84670=VECTOR('',#84660,1.);
#84680=LINE('',#84650,#84670);
#84690=EDGE_CURVE('',#84620,#82600,#84680,.T.);
#84700=ORIENTED_EDGE('',*,*,#84690,.F.);
#84710=ORIENTED_EDGE('',*,*,#82610,.F.);
#84720=ORIENTED_EDGE('',*,*,#84470,.T.);
#84730=EDGE_LOOP('',(#84720,#84710,#84700,#84640));
#84740=FACE_OUTER_BOUND('',#84730,.T.);
#84750=ADVANCED_FACE('',(#84740),#84560,.T.);
#84760=CARTESIAN_POINT('',(5.66891540000001,-4.38730099999999,
5.09999999999987));
#84770=DIRECTION('',(-6.12303176911188E-17,-1.,-6.12303176911188E-17));
#84780=DIRECTION('',(0.,6.12303176911188E-17,-1.));
#84790=AXIS2_PLACEMENT_3D('',#84760,#84770,#84780);
#84800=PLANE('',#84790);
#84810=CARTESIAN_POINT('',(5.31891300000001,-4.38730099999999,
4.69999999999987));
#84820=DIRECTION('',(0.,0.,1.));
#84830=VECTOR('',#84820,1.);
#84840=LINE('',#84810,#84830);
#84850=CARTESIAN_POINT('',(5.31891300000001,-4.38730099999999,
5.39999999999987));
#84860=VERTEX_POINT('',#84850);
#84870=EDGE_CURVE('',#84620,#84860,#84840,.T.);
#84880=ORIENTED_EDGE('',*,*,#84870,.T.);
#84890=ORIENTED_EDGE('',*,*,#84630,.T.);
#84900=ORIENTED_EDGE('',*,*,#84410,.T.);
#84910=CARTESIAN_POINT('',(5.11891300000001,-4.38730099999999,
5.39999999999987));
#84920=DIRECTION('',(6.12303176911188E-17,1.,-0.));
#84930=DIRECTION('',(0.,0.,1.));
#84940=AXIS2_PLACEMENT_3D('',#84910,#84920,#84930);
#84950=CIRCLE('',#84940,0.4);
#84960=EDGE_CURVE('',#83430,#84320,#84950,.T.);
#84970=ORIENTED_EDGE('',*,*,#84960,.T.);
#84980=ORIENTED_EDGE('',*,*,#83440,.T.);
#84990=CARTESIAN_POINT('',(4.41891300000001,-4.38730099999999,
5.39999999999987));
#85000=DIRECTION('',(-1.03328548928788E-29,1.,6.12303176911086E-17));
#85010=DIRECTION('',(-1.,0.,-1.68753899743024E-13));
#85020=AXIS2_PLACEMENT_3D('',#84990,#85000,#85010);
#85030=CIRCLE('',#85020,0.4);
#85040=EDGE_CURVE('',#69310,#83350,#85030,.T.);
#85050=ORIENTED_EDGE('',*,*,#85040,.T.);
#85060=ORIENTED_EDGE('',*,*,#69320,.T.);
#85070=ORIENTED_EDGE('',*,*,#70330,.F.);
#85080=ORIENTED_EDGE('',*,*,#70670,.T.);
#85090=CARTESIAN_POINT('',(4.41891300000001,-4.38730099999999,
5.39999999999987));
#85100=DIRECTION('',(-6.12303176911188E-17,-1.,0.));
#85110=DIRECTION('',(0.,0.,1.));
#85120=AXIS2_PLACEMENT_3D('',#85090,#85100,#85110);
#85130=CIRCLE('',#85120,0.2);
#85140=CARTESIAN_POINT('',(4.41891300000001,-4.38730099999999,
5.59999999999987));
#85150=VERTEX_POINT('',#85140);
#85160=EDGE_CURVE('',#85150,#70600,#85130,.T.);
#85170=ORIENTED_EDGE('',*,*,#85160,.T.);
#85180=CARTESIAN_POINT('',(5.11891300000001,-4.38730099999999,
5.59999999999987));
#85190=DIRECTION('',(-1.,0.,0.));
#85200=VECTOR('',#85190,1.);
#85210=LINE('',#85180,#85200);
#85220=CARTESIAN_POINT('',(5.11891300000001,-4.38730099999999,
5.59999999999987));
#85230=VERTEX_POINT('',#85220);
#85240=EDGE_CURVE('',#85230,#85150,#85210,.T.);
#85250=ORIENTED_EDGE('',*,*,#85240,.T.);
#85260=CARTESIAN_POINT('',(5.11891300000001,-4.38730099999999,
5.39999999999987));
#85270=DIRECTION('',(0.,-1.,-6.12303176911189E-17));
#85280=DIRECTION('',(1.,0.,0.));
#85290=AXIS2_PLACEMENT_3D('',#85260,#85270,#85280);
#85300=CIRCLE('',#85290,0.2);
#85310=EDGE_CURVE('',#84860,#85230,#85300,.T.);
#85320=ORIENTED_EDGE('',*,*,#85310,.T.);
#85330=EDGE_LOOP('',(#85320,#85250,#85170,#85080,#85070,#85060,#85050,
#84980,#84970,#84900,#84890,#84880));
#85340=FACE_OUTER_BOUND('',#85330,.T.);
#85350=ADVANCED_FACE('',(#85340),#84800,.F.);
#85360=CARTESIAN_POINT('',(5.11891300000001,-6.987301,5.39999999999987))
;
#85370=DIRECTION('',(-6.12303176911188E-17,-1.,-6.12303176911189E-17));
#85380=DIRECTION('',(-6.03777548009826E-48,-6.12303176911189E-17,1.));
#85390=AXIS2_PLACEMENT_3D('',#85360,#85370,#85380);
#85400=CYLINDRICAL_SURFACE('',#85390,0.2);
#85410=CARTESIAN_POINT('',(5.11891300000001,-5.03730099999999,
5.39999999999987));
#85420=DIRECTION('',(6.12303176911188E-17,1.,-0.));
#85430=DIRECTION('',(0.,0.,1.));
#85440=AXIS2_PLACEMENT_3D('',#85410,#85420,#85430);
#85450=CIRCLE('',#85440,0.2);
#85460=CARTESIAN_POINT('',(5.11891300000001,-5.03730099999999,
5.59999999999987));
#85470=VERTEX_POINT('',#85460);
#85480=CARTESIAN_POINT('',(5.31891300000001,-5.03730099999999,
5.39999999999987));
#85490=VERTEX_POINT('',#85480);
#85500=EDGE_CURVE('',#85470,#85490,#85450,.T.);
#85510=ORIENTED_EDGE('',*,*,#85500,.F.);
#85520=CARTESIAN_POINT('',(5.31891300000001,-4.38730099999999,
5.39999999999987));
#85530=DIRECTION('',(0.,-1.,0.));
#85540=VECTOR('',#85530,1.);
#85550=LINE('',#85520,#85540);
#85560=EDGE_CURVE('',#84860,#85490,#85550,.T.);
#85570=ORIENTED_EDGE('',*,*,#85560,.T.);
#85580=ORIENTED_EDGE('',*,*,#85310,.F.);
#85590=CARTESIAN_POINT('',(5.11891300000001,-5.03730099999999,
5.59999999999987));
#85600=DIRECTION('',(0.,1.,0.));
#85610=VECTOR('',#85600,1.);
#85620=LINE('',#85590,#85610);
#85630=EDGE_CURVE('',#85470,#85230,#85620,.T.);
#85640=ORIENTED_EDGE('',*,*,#85630,.T.);
#85650=EDGE_LOOP('',(#85640,#85580,#85570,#85510));
#85660=FACE_OUTER_BOUND('',#85650,.T.);
#85670=ADVANCED_FACE('',(#85660),#85400,.F.);
#85680=CARTESIAN_POINT('',(4.41891300000001,-6.987301,5.59999999999987))
;
#85690=DIRECTION('',(3.74915180455534E-33,6.12303176911189E-17,-1.));
#85700=DIRECTION('',(-1.,6.12303176911188E-17,2.05268329735081E-48));
#85710=AXIS2_PLACEMENT_3D('',#85680,#85690,#85700);
#85720=PLANE('',#85710);
#85730=ORIENTED_EDGE('',*,*,#82860,.F.);
#85740=CARTESIAN_POINT('',(5.11891300000001,-6.18730099999999,
5.59999999999987));
#85750=DIRECTION('',(0.,1.,0.));
#85760=VECTOR('',#85750,1.);
#85770=LINE('',#85740,#85760);
#85780=CARTESIAN_POINT('',(5.11891300000001,-5.53730099999999,
5.59999999999987));
#85790=VERTEX_POINT('',#85780);
#85800=EDGE_CURVE('',#82770,#85790,#85770,.T.);
#85810=ORIENTED_EDGE('',*,*,#85800,.F.);
#85820=CARTESIAN_POINT('',(5.11891300000001,-5.53730099999999,
5.59999999999987));
#85830=DIRECTION('',(-1.,0.,0.));
#85840=VECTOR('',#85830,1.);
#85850=LINE('',#85820,#85840);
#85860=CARTESIAN_POINT('',(4.71891300000001,-5.53730099999999,
5.59999999999987));
#85870=VERTEX_POINT('',#85860);
#85880=EDGE_CURVE('',#85790,#85870,#85850,.T.);
#85890=ORIENTED_EDGE('',*,*,#85880,.F.);
#85900=CARTESIAN_POINT('',(4.71891300000001,-5.53730099999999,
5.59999999999987));
#85910=DIRECTION('',(0.,1.,0.));
#85920=VECTOR('',#85910,1.);
#85930=LINE('',#85900,#85920);
#85940=CARTESIAN_POINT('',(4.71891300000001,-5.03730099999999,
5.59999999999987));
#85950=VERTEX_POINT('',#85940);
#85960=EDGE_CURVE('',#85870,#85950,#85930,.T.);
#85970=ORIENTED_EDGE('',*,*,#85960,.F.);
#85980=CARTESIAN_POINT('',(4.71891300000001,-5.03730099999999,
5.59999999999987));
#85990=DIRECTION('',(1.,0.,0.));
#86000=VECTOR('',#85990,1.);
#86010=LINE('',#85980,#86000);
#86020=EDGE_CURVE('',#85950,#85470,#86010,.T.);
#86030=ORIENTED_EDGE('',*,*,#86020,.F.);
#86040=ORIENTED_EDGE('',*,*,#85630,.F.);
#86050=ORIENTED_EDGE('',*,*,#85240,.F.);
#86060=CARTESIAN_POINT('',(4.41891300000001,-4.38730099999999,
5.59999999999987));
#86070=DIRECTION('',(0.,-1.,0.));
#86080=VECTOR('',#86070,1.);
#86090=LINE('',#86060,#86080);
#86100=EDGE_CURVE('',#85150,#82850,#86090,.T.);
#86110=ORIENTED_EDGE('',*,*,#86100,.F.);
#86120=EDGE_LOOP('',(#86110,#86050,#86040,#86030,#85970,#85890,#85810,
#85730));
#86130=FACE_OUTER_BOUND('',#86120,.T.);
#86140=ADVANCED_FACE('',(#86130),#85720,.T.);
#86150=CARTESIAN_POINT('',(4.41891300000001,-6.987301,5.39999999999987))
;
#86160=DIRECTION('',(-6.12303176911188E-17,-1.,-6.12303176911189E-17));
#86170=DIRECTION('',(-6.03777548009826E-48,-6.12303176911189E-17,1.));
#86180=AXIS2_PLACEMENT_3D('',#86150,#86160,#86170);
#86190=CYLINDRICAL_SURFACE('',#86180,0.2);
#86200=ORIENTED_EDGE('',*,*,#82930,.F.);
#86210=ORIENTED_EDGE('',*,*,#86100,.T.);
#86220=ORIENTED_EDGE('',*,*,#85160,.F.);
#86230=ORIENTED_EDGE('',*,*,#70610,.T.);
#86240=EDGE_LOOP('',(#86230,#86220,#86210,#86200));
#86250=FACE_OUTER_BOUND('',#86240,.T.);
#86260=ADVANCED_FACE('',(#86250),#86190,.F.);
#86270=CARTESIAN_POINT('',(5.11891300000001,-6.987301,5.39999999999987))
;
#86280=DIRECTION('',(-6.12303176911188E-17,-1.,-6.12303176911189E-17));
#86290=DIRECTION('',(-6.03777548009826E-48,-6.12303176911189E-17,1.));
#86300=AXIS2_PLACEMENT_3D('',#86270,#86280,#86290);
#86310=CYLINDRICAL_SURFACE('',#86300,0.2);
#86320=ORIENTED_EDGE('',*,*,#82780,.F.);
#86330=CARTESIAN_POINT('',(5.31891300000001,-5.53730099999999,
5.39999999999987));
#86340=DIRECTION('',(0.,-1.,0.));
#86350=VECTOR('',#86340,1.);
#86360=LINE('',#86330,#86350);
#86370=CARTESIAN_POINT('',(5.31891300000001,-5.53730099999999,
5.39999999999987));
#86380=VERTEX_POINT('',#86370);
#86390=EDGE_CURVE('',#86380,#82680,#86360,.T.);
#86400=ORIENTED_EDGE('',*,*,#86390,.T.);
#86410=CARTESIAN_POINT('',(5.11891300000001,-5.53730099999999,
5.39999999999987));
#86420=DIRECTION('',(0.,-1.,-6.12303176911189E-17));
#86430=DIRECTION('',(1.,0.,0.));
#86440=AXIS2_PLACEMENT_3D('',#86410,#86420,#86430);
#86450=CIRCLE('',#86440,0.2);
#86460=EDGE_CURVE('',#86380,#85790,#86450,.T.);
#86470=ORIENTED_EDGE('',*,*,#86460,.F.);
#86480=ORIENTED_EDGE('',*,*,#85800,.T.);
#86490=EDGE_LOOP('',(#86480,#86470,#86400,#86320));
#86500=FACE_OUTER_BOUND('',#86490,.T.);
#86510=ADVANCED_FACE('',(#86500),#86310,.F.);
#86520=CARTESIAN_POINT('',(5.31891300000001,-6.987301,5.39999999999987))
;
#86530=DIRECTION('',(-1.,6.12303176911188E-17,3.74915180455534E-33));
#86540=DIRECTION('',(4.10536659470161E-48,-6.12303176911188E-17,1.));
#86550=AXIS2_PLACEMENT_3D('',#86520,#86530,#86540);
#86560=PLANE('',#86550);
#86570=ORIENTED_EDGE('',*,*,#84870,.F.);
#86580=ORIENTED_EDGE('',*,*,#85560,.F.);
#86590=CARTESIAN_POINT('',(5.31891300000001,-5.53730099999999,
5.39999999999987));
#86600=DIRECTION('',(0.,1.,0.));
#86610=VECTOR('',#86600,1.);
#86620=LINE('',#86590,#86610);
#86630=EDGE_CURVE('',#86380,#85490,#86620,.T.);
#86640=ORIENTED_EDGE('',*,*,#86630,.T.);
#86650=ORIENTED_EDGE('',*,*,#86390,.F.);
#86660=ORIENTED_EDGE('',*,*,#82690,.F.);
#86670=ORIENTED_EDGE('',*,*,#84690,.T.);
#86680=EDGE_LOOP('',(#86670,#86660,#86650,#86640,#86580,#86570));
#86690=FACE_OUTER_BOUND('',#86680,.T.);
#86700=ADVANCED_FACE('',(#86690),#86560,.T.);
#86710=CARTESIAN_POINT('',(4.87063905561638,-5.51869610235552,
5.39999999999987));
#86720=DIRECTION('',(-3.74915180455534E-33,-6.12303176911189E-17,1.));
#86730=DIRECTION('',(-1.,6.12303176911188E-17,2.05268329735081E-48));
#86740=AXIS2_PLACEMENT_3D('',#86710,#86720,#86730);
#86750=PLANE('',#86740);
#86760=ORIENTED_EDGE('',*,*,#84250,.T.);
#86770=CARTESIAN_POINT('',(5.51891300000001,-5.53730099999999,
5.39999999999987));
#86780=DIRECTION('',(-1.,0.,0.));
#86790=VECTOR('',#86780,1.);
#86800=LINE('',#86770,#86790);
#86810=EDGE_CURVE('',#84000,#86380,#86800,.T.);
#86820=ORIENTED_EDGE('',*,*,#86810,.F.);
#86830=ORIENTED_EDGE('',*,*,#86630,.F.);
#86840=CARTESIAN_POINT('',(5.31891300000001,-5.03730099999999,
5.39999999999987));
#86850=DIRECTION('',(1.,0.,0.));
#86860=VECTOR('',#86850,1.);
#86870=LINE('',#86840,#86860);
#86880=EDGE_CURVE('',#85490,#84240,#86870,.T.);
#86890=ORIENTED_EDGE('',*,*,#86880,.F.);
#86900=EDGE_LOOP('',(#86890,#86830,#86820,#86760));
#86910=FACE_OUTER_BOUND('',#86900,.T.);
#86920=ADVANCED_FACE('',(#86910),#86750,.T.);
#86930=CARTESIAN_POINT('',(5.51891300000001,-5.03730099999999,
5.79999999999987));
#86940=DIRECTION('',(6.12303176911188E-17,1.,6.12303176911188E-17));
#86950=DIRECTION('',(-1.40561392536006E-65,-6.12303176911188E-17,1.));
#86960=AXIS2_PLACEMENT_3D('',#86930,#86940,#86950);
#86970=PLANE('',#86960);
#86980=ORIENTED_EDGE('',*,*,#83600,.T.);
#86990=CARTESIAN_POINT('',(5.11891300000001,-5.03730099999999,
5.39999999999987));
#87000=DIRECTION('',(0.,-1.,-6.12303176911189E-17));
#87010=DIRECTION('',(1.,0.,0.));
#87020=AXIS2_PLACEMENT_3D('',#86990,#87000,#87010);
#87030=CIRCLE('',#87020,0.4);
#87040=EDGE_CURVE('',#84240,#83510,#87030,.T.);
#87050=ORIENTED_EDGE('',*,*,#87040,.T.);
#87060=ORIENTED_EDGE('',*,*,#86880,.T.);
#87070=ORIENTED_EDGE('',*,*,#85500,.T.);
#87080=ORIENTED_EDGE('',*,*,#86020,.T.);
#87090=CARTESIAN_POINT('',(4.71891300000001,-5.03730099999999,
5.59999999999987));
#87100=DIRECTION('',(0.,0.,1.));
#87110=VECTOR('',#87100,1.);
#87120=LINE('',#87090,#87110);
#87130=EDGE_CURVE('',#85950,#83590,#87120,.T.);
#87140=ORIENTED_EDGE('',*,*,#87130,.F.);
#87150=EDGE_LOOP('',(#87140,#87080,#87070,#87060,#87050,#86980));
#87160=FACE_OUTER_BOUND('',#87150,.T.);
#87170=ADVANCED_FACE('',(#87160),#86970,.F.);
#87180=CARTESIAN_POINT('',(4.71891300000001,-5.03730099999999,
5.79999999999987));
#87190=DIRECTION('',(-1.,6.12303176911188E-17,3.74915180455534E-33));
#87200=DIRECTION('',(6.12303176911188E-17,1.,6.12303176911189E-17));
#87210=AXIS2_PLACEMENT_3D('',#87180,#87190,#87200);
#87220=PLANE('',#87210);
#87230=ORIENTED_EDGE('',*,*,#83680,.T.);
#87240=ORIENTED_EDGE('',*,*,#87130,.T.);
#87250=ORIENTED_EDGE('',*,*,#85960,.T.);
#87260=CARTESIAN_POINT('',(4.71891300000001,-5.53730099999999,
5.59999999999987));
#87270=DIRECTION('',(0.,0.,1.));
#87280=VECTOR('',#87270,1.);
#87290=LINE('',#87260,#87280);
#87300=EDGE_CURVE('',#85870,#83670,#87290,.T.);
#87310=ORIENTED_EDGE('',*,*,#87300,.F.);
#87320=EDGE_LOOP('',(#87310,#87250,#87240,#87230));
#87330=FACE_OUTER_BOUND('',#87320,.T.);
#87340=ADVANCED_FACE('',(#87330),#87220,.F.);
#87350=CARTESIAN_POINT('',(4.71891300000001,-5.53730099999999,
5.79999999999987));
#87360=DIRECTION('',(-6.12303176911188E-17,-1.,-6.12303176911188E-17));
#87370=DIRECTION('',(1.40561392536006E-65,6.12303176911188E-17,-1.));
#87380=AXIS2_PLACEMENT_3D('',#87350,#87360,#87370);
#87390=PLANE('',#87380);
#87400=ORIENTED_EDGE('',*,*,#86460,.T.);
#87410=ORIENTED_EDGE('',*,*,#86810,.T.);
#87420=ORIENTED_EDGE('',*,*,#84010,.T.);
#87430=ORIENTED_EDGE('',*,*,#83760,.T.);
#87440=ORIENTED_EDGE('',*,*,#87300,.T.);
#87450=ORIENTED_EDGE('',*,*,#85880,.T.);
#87460=EDGE_LOOP('',(#87450,#87440,#87430,#87420,#87410,#87400));
#87470=FACE_OUTER_BOUND('',#87460,.T.);
#87480=ADVANCED_FACE('',(#87470),#87390,.F.);
#87490=CARTESIAN_POINT('',(5.11891300000001,-6.987301,5.39999999999987))
;
#87500=DIRECTION('',(-6.12303176911188E-17,-1.,-6.12303176911189E-17));
#87510=DIRECTION('',(-6.03777548009826E-48,-6.12303176911189E-17,1.));
#87520=AXIS2_PLACEMENT_3D('',#87490,#87500,#87510);
#87530=CYLINDRICAL_SURFACE('',#87520,0.4);
#87540=ORIENTED_EDGE('',*,*,#87040,.F.);
#87550=ORIENTED_EDGE('',*,*,#83520,.T.);
#87560=ORIENTED_EDGE('',*,*,#84960,.F.);
#87570=ORIENTED_EDGE('',*,*,#84330,.T.);
#87580=EDGE_LOOP('',(#87570,#87560,#87550,#87540));
#87590=FACE_OUTER_BOUND('',#87580,.T.);
#87600=ADVANCED_FACE('',(#87590),#87530,.T.);
#87610=CARTESIAN_POINT('',(4.41891300000001,-6.987301,5.39999999999987))
;
#87620=DIRECTION('',(-6.12303176911188E-17,-1.,-6.12303176911189E-17));
#87630=DIRECTION('',(-6.03777548009826E-48,-6.12303176911189E-17,1.));
#87640=AXIS2_PLACEMENT_3D('',#87610,#87620,#87630);
#87650=CYLINDRICAL_SURFACE('',#87640,0.4);
#87660=ORIENTED_EDGE('',*,*,#83130,.F.);
#87670=CARTESIAN_POINT('',(4.01891300000001,-5.78730099999999,
5.39999999999987));
#87680=DIRECTION('',(0.,-1.,0.));
#87690=VECTOR('',#87680,1.);
#87700=LINE('',#87670,#87690);
#87710=EDGE_CURVE('',#69390,#83030,#87700,.T.);
#87720=ORIENTED_EDGE('',*,*,#87710,.T.);
#87730=ORIENTED_EDGE('',*,*,#69400,.T.);
#87740=ORIENTED_EDGE('',*,*,#85040,.F.);
#87750=ORIENTED_EDGE('',*,*,#83360,.T.);
#87760=EDGE_LOOP('',(#87750,#87740,#87730,#87720,#87660));
#87770=FACE_OUTER_BOUND('',#87760,.T.);
#87780=ADVANCED_FACE('',(#87770),#87650,.T.);
#87790=CARTESIAN_POINT('',(4.01891300000001,-3.78730099999999,
2.29999999999987));
#87800=DIRECTION('',(-1.,6.12303176911188E-17,3.74915180455534E-33));
#87810=DIRECTION('',(-6.12303176911188E-17,-1.,-6.12303176911189E-17));
#87820=AXIS2_PLACEMENT_3D('',#87790,#87800,#87810);
#87830=PLANE('',#87820);
#87840=ORIENTED_EDGE('',*,*,#87710,.F.);
#87850=ORIENTED_EDGE('',*,*,#83040,.F.);
#87860=ORIENTED_EDGE('',*,*,#18360,.F.);
#87870=CARTESIAN_POINT('',(4.01891300000001,-5.78730099999999,
5.29999999999987));
#87880=DIRECTION('',(-5.32907051820077E-14,0.,1.));
#87890=VECTOR('',#87880,1.);
#87900=LINE('',#87870,#87890);
#87910=EDGE_CURVE('',#18270,#69390,#87900,.T.);
#87920=ORIENTED_EDGE('',*,*,#87910,.F.);
#87930=EDGE_LOOP('',(#87920,#87860,#87850,#87840));
#87940=FACE_OUTER_BOUND('',#87930,.T.);
#87950=ADVANCED_FACE('',(#87940),#87830,.T.);
#87960=CARTESIAN_POINT('',(3.19391300000001,-5.78730099999999,
5.79999999999987));
#87970=DIRECTION('',(-0.,-1.,1.22460635382238E-16));
#87980=DIRECTION('',(0.,-1.22460635382238E-16,-1.));
#87990=AXIS2_PLACEMENT_3D('',#87960,#87970,#87980);
#88000=PLANE('',#87990);
#88010=ORIENTED_EDGE('',*,*,#69460,.F.);
#88020=ORIENTED_EDGE('',*,*,#87910,.T.);
#88030=ORIENTED_EDGE('',*,*,#18280,.F.);
#88040=ORIENTED_EDGE('',*,*,#68730,.F.);
#88050=ORIENTED_EDGE('',*,*,#69040,.T.);
#88060=EDGE_LOOP('',(#88050,#88040,#88030,#88020,#88010));
#88070=FACE_OUTER_BOUND('',#88060,.T.);
#88080=ADVANCED_FACE('',(#88070),#88000,.T.);
#88090=CARTESIAN_POINT('',(4.01891300000001,-6.53730099999999,
4.29999999999987));
#88100=DIRECTION('',(-3.74915180455534E-33,-6.12303176911189E-17,1.));
#88110=DIRECTION('',(-6.12303176911188E-17,-1.,-6.12303176911189E-17));
#88120=AXIS2_PLACEMENT_3D('',#88090,#88100,#88110);
#88130=PLANE('',#88120);
#88140=CARTESIAN_POINT('',(4.018913,-6.48730099999999,4.29999999999987))
;
#88150=DIRECTION('',(0.,1.,0.));
#88160=VECTOR('',#88150,1.);
#88170=LINE('',#88140,#88160);
#88180=CARTESIAN_POINT('',(4.018913,-6.43730099999999,4.29999999999987))
;
#88190=VERTEX_POINT('',#88180);
#88200=EDGE_CURVE('',#73490,#88190,#88170,.T.);
#88210=ORIENTED_EDGE('',*,*,#88200,.T.);
#88220=ORIENTED_EDGE('',*,*,#73500,.T.);
#88230=ORIENTED_EDGE('',*,*,#72210,.T.);
#88240=CARTESIAN_POINT('',(4.21891300000001,-6.43730099999999,
4.29999999999987));
#88250=DIRECTION('',(-1.,0.,0.));
#88260=VECTOR('',#88250,1.);
#88270=LINE('',#88240,#88260);
#88280=EDGE_CURVE('',#72120,#88190,#88270,.T.);
#88290=ORIENTED_EDGE('',*,*,#88280,.F.);
#88300=EDGE_LOOP('',(#88290,#88230,#88220,#88210));
#88310=FACE_OUTER_BOUND('',#88300,.T.);
#88320=ADVANCED_FACE('',(#88310),#88130,.F.);
#88330=CARTESIAN_POINT('',(4.01891300000001,-6.43730099999999,
4.29999999999987));
#88340=DIRECTION('',(5.86480077369953E-17,0.957826285221152,
-0.287347885566345));
#88350=DIRECTION('',(1.75944023210986E-17,0.287347885566345,
0.957826285221152));
#88360=AXIS2_PLACEMENT_3D('',#88330,#88340,#88350);
#88370=PLANE('',#88360);
#88380=CARTESIAN_POINT('',(4.018913,-6.48730099999999,4.13333333333321))
;
#88390=DIRECTION('',(0.,0.287347885566345,0.957826285221151));
#88400=VECTOR('',#88390,1.);
#88410=LINE('',#88380,#88400);
#88420=EDGE_CURVE('',#73570,#88190,#88410,.T.);
#88430=ORIENTED_EDGE('',*,*,#88420,.F.);
#88440=ORIENTED_EDGE('',*,*,#88280,.T.);
#88450=ORIENTED_EDGE('',*,*,#72130,.F.);
#88460=ORIENTED_EDGE('',*,*,#73640,.T.);
#88470=EDGE_LOOP('',(#88460,#88450,#88440,#88430));
#88480=FACE_OUTER_BOUND('',#88470,.T.);
#88490=ADVANCED_FACE('',(#88480),#88370,.F.);
#88500=CARTESIAN_POINT('',(4.018913,-4.18523468267788,1.27003886635729))
;
#88510=DIRECTION('',(1.,-0.,-0.));
#88520=DIRECTION('',(-0.,-1.,0.));
#88530=AXIS2_PLACEMENT_3D('',#88500,#88510,#88520);
#88540=PLANE('',#88530);
#88550=ORIENTED_EDGE('',*,*,#73580,.T.);
#88560=ORIENTED_EDGE('',*,*,#88200,.F.);
#88570=ORIENTED_EDGE('',*,*,#88420,.T.);
#88580=EDGE_LOOP('',(#88570,#88560,#88550));
#88590=FACE_OUTER_BOUND('',#88580,.T.);
#88600=ADVANCED_FACE('',(#88590),#88540,.T.);
#88610=CARTESIAN_POINT('',(4.01891300000001,-6.58730099999999,
3.79999999999987));
#88620=DIRECTION('',(-3.74915180455534E-33,-6.12303176911189E-17,1.));
#88630=DIRECTION('',(-6.12303176911188E-17,-1.,-6.12303176911189E-17));
#88640=AXIS2_PLACEMENT_3D('',#88610,#88620,#88630);
#88650=PLANE('',#88640);
#88660=CARTESIAN_POINT('',(4.018913,-6.48730099999999,3.79999999999987))
;
#88670=DIRECTION('',(0.,1.,0.));
#88680=VECTOR('',#88670,1.);
#88690=LINE('',#88660,#88680);
#88700=CARTESIAN_POINT('',(4.018913,-6.43730099999999,3.79999999999987))
;
#88710=VERTEX_POINT('',#88700);
#88720=EDGE_CURVE('',#73720,#88710,#88690,.T.);
#88730=ORIENTED_EDGE('',*,*,#88720,.T.);
#88740=ORIENTED_EDGE('',*,*,#73730,.T.);
#88750=ORIENTED_EDGE('',*,*,#71970,.T.);
#88760=CARTESIAN_POINT('',(4.21891300000001,-6.43730099999999,
3.79999999999987));
#88770=DIRECTION('',(-1.,0.,0.));
#88780=VECTOR('',#88770,1.);
#88790=LINE('',#88760,#88780);
#88800=EDGE_CURVE('',#71880,#88710,#88790,.T.);
#88810=ORIENTED_EDGE('',*,*,#88800,.F.);
#88820=EDGE_LOOP('',(#88810,#88750,#88740,#88730));
#88830=FACE_OUTER_BOUND('',#88820,.T.);
#88840=ADVANCED_FACE('',(#88830),#88650,.F.);
#88850=CARTESIAN_POINT('',(4.01891300000001,-6.43730099999999,
3.79999999999987));
#88860=DIRECTION('',(6.12303176911188E-17,1.,6.12303176911188E-17));
#88870=DIRECTION('',(-0.,-6.12303176911188E-17,1.));
#88880=AXIS2_PLACEMENT_3D('',#88850,#88860,#88870);
#88890=PLANE('',#88880);
#88900=CARTESIAN_POINT('',(4.018913,-6.43730099999999,3.79999999999987))
;
#88910=DIRECTION('',(0.,0.,-1.));
#88920=VECTOR('',#88910,1.);
#88930=LINE('',#88900,#88920);
#88940=CARTESIAN_POINT('',(4.018913,-6.43730099999999,3.09999999999987))
;
#88950=VERTEX_POINT('',#88940);
#88960=EDGE_CURVE('',#88710,#88950,#88930,.T.);
#88970=ORIENTED_EDGE('',*,*,#88960,.T.);
#88980=ORIENTED_EDGE('',*,*,#88800,.T.);
#88990=ORIENTED_EDGE('',*,*,#71890,.T.);
#89000=CARTESIAN_POINT('',(4.018913,-6.43730099999999,3.09999999999987))
;
#89010=DIRECTION('',(1.,0.,0.));
#89020=VECTOR('',#89010,1.);
#89030=LINE('',#89000,#89020);
#89040=EDGE_CURVE('',#88950,#71800,#89030,.T.);
#89050=ORIENTED_EDGE('',*,*,#89040,.T.);
#89060=EDGE_LOOP('',(#89050,#88990,#88980,#88970));
#89070=FACE_OUTER_BOUND('',#89060,.T.);
#89080=ADVANCED_FACE('',(#89070),#88890,.F.);
#89090=CARTESIAN_POINT('',(4.1344026549855,-6.51295400696028,
3.09999999999987));
#89100=DIRECTION('',(3.74915180455534E-33,6.12303176911189E-17,-1.));
#89110=DIRECTION('',(-6.12303176911188E-17,-1.,-6.12303176911189E-17));
#89120=AXIS2_PLACEMENT_3D('',#89090,#89100,#89110);
#89130=PLANE('',#89120);
#89140=CARTESIAN_POINT('',(4.018913,-6.43730099999999,3.09999999999987))
;
#89150=DIRECTION('',(0.,-1.,0.));
#89160=VECTOR('',#89150,1.);
#89170=LINE('',#89140,#89160);
#89180=EDGE_CURVE('',#88950,#73800,#89170,.T.);
#89190=ORIENTED_EDGE('',*,*,#89180,.T.);
#89200=ORIENTED_EDGE('',*,*,#89040,.F.);
#89210=ORIENTED_EDGE('',*,*,#71810,.F.);
#89220=ORIENTED_EDGE('',*,*,#73870,.T.);
#89230=EDGE_LOOP('',(#89220,#89210,#89200,#89190));
#89240=FACE_OUTER_BOUND('',#89230,.T.);
#89250=ADVANCED_FACE('',(#89240),#89130,.F.);
#89260=CARTESIAN_POINT('',(4.018913,-4.18523468267788,1.27003886635729))
;
#89270=DIRECTION('',(1.,-0.,-0.));
#89280=DIRECTION('',(-0.,-1.,0.));
#89290=AXIS2_PLACEMENT_3D('',#89260,#89270,#89280);
#89300=PLANE('',#89290);
#89310=ORIENTED_EDGE('',*,*,#73810,.T.);
#89320=ORIENTED_EDGE('',*,*,#88720,.F.);
#89330=ORIENTED_EDGE('',*,*,#88960,.F.);
#89340=ORIENTED_EDGE('',*,*,#89180,.F.);
#89350=EDGE_LOOP('',(#89340,#89330,#89320,#89310));
#89360=FACE_OUTER_BOUND('',#89350,.T.);
#89370=ADVANCED_FACE('',(#89360),#89300,.T.);
#89380=CARTESIAN_POINT('',(2.39291300000001,-7.32730339999999,
5.79999999999987));
#89390=DIRECTION('',(-1.,-0.,-0.));
#89400=DIRECTION('',(0.,-1.22460635382238E-16,-1.));
#89410=AXIS2_PLACEMENT_3D('',#89380,#89390,#89400);
#89420=PLANE('',#89410);
#89430=ORIENTED_EDGE('',*,*,#850,.T.);
#89440=ORIENTED_EDGE('',*,*,#610,.F.);
#89450=ORIENTED_EDGE('',*,*,#18650,.F.);
#89460=ORIENTED_EDGE('',*,*,#4210,.F.);
#89470=EDGE_LOOP('',(#89460,#89450,#89440,#89430));
#89480=FACE_OUTER_BOUND('',#89470,.T.);
#89490=ADVANCED_FACE('',(#89480),#89420,.F.);
#89500=CARTESIAN_POINT('',(1.14291300000001,-7.32730339999999,
5.79999999999987));
#89510=DIRECTION('',(-1.,-0.,-0.));
#89520=DIRECTION('',(0.,-1.22460635382238E-16,-1.));
#89530=AXIS2_PLACEMENT_3D('',#89500,#89510,#89520);
#89540=PLANE('',#89530);
#89550=CARTESIAN_POINT('',(1.14291300000001,-6.28730099999999,
5.79999999999987));
#89560=DIRECTION('',(0.,-1.,0.));
#89570=VECTOR('',#89560,1.);
#89580=LINE('',#89550,#89570);
#89590=CARTESIAN_POINT('',(1.14291300000001,-6.28730099999999,
5.79999999999987));
#89600=VERTEX_POINT('',#89590);
#89610=EDGE_CURVE('',#89600,#3960,#89580,.T.);
#89620=ORIENTED_EDGE('',*,*,#89610,.T.);
#89630=CARTESIAN_POINT('',(1.14291300000001,-6.28730099999999,
5.79999999999987));
#89640=DIRECTION('',(0.,0.,-1.));
#89650=VECTOR('',#89640,1.);
#89660=LINE('',#89630,#89650);
#89670=EDGE_CURVE('',#89600,#18750,#89660,.T.);
#89680=ORIENTED_EDGE('',*,*,#89670,.F.);
#89690=ORIENTED_EDGE('',*,*,#18760,.F.);
#89700=ORIENTED_EDGE('',*,*,#4050,.T.);
#89710=EDGE_LOOP('',(#89700,#89690,#89680,#89620));
#89720=FACE_OUTER_BOUND('',#89710,.T.);
#89730=ADVANCED_FACE('',(#89720),#89540,.F.);
#89740=CARTESIAN_POINT('',(0.244913000000006,-6.98730099999999,
5.79999999999987));
#89750=DIRECTION('',(4.44089209850064E-15,1.22460635382238E-16,-1.));
#89760=DIRECTION('',(-1.,5.43834468046348E-31,-4.44089209850064E-15));
#89770=AXIS2_PLACEMENT_3D('',#89740,#89750,#89760);
#89780=PLANE('',#89770);
#89790=ORIENTED_EDGE('',*,*,#89610,.F.);
#89800=ORIENTED_EDGE('',*,*,#3970,.T.);
#89810=CARTESIAN_POINT('',(0.244913000000006,-6.28730099999999,
5.79999999999987));
#89820=DIRECTION('',(0.,-1.,0.));
#89830=VECTOR('',#89820,1.);
#89840=LINE('',#89810,#89830);
#89850=CARTESIAN_POINT('',(0.244913000000006,-6.28730099999999,
5.79999999999987));
#89860=VERTEX_POINT('',#89850);
#89870=EDGE_CURVE('',#89860,#3880,#89840,.T.);
#89880=ORIENTED_EDGE('',*,*,#89870,.T.);
#89890=CARTESIAN_POINT('',(1.14291300000001,-6.28730099999999,
5.79999999999987));
#89900=DIRECTION('',(-1.,0.,-4.94531414086927E-15));
#89910=VECTOR('',#89900,1.);
#89920=LINE('',#89890,#89910);
#89930=EDGE_CURVE('',#89600,#89860,#89920,.T.);
#89940=ORIENTED_EDGE('',*,*,#89930,.T.);
#89950=EDGE_LOOP('',(#89940,#89880,#89800,#89790));
#89960=FACE_OUTER_BOUND('',#89950,.T.);
#89970=ADVANCED_FACE('',(#89960),#89780,.F.);
#89980=CARTESIAN_POINT('',(1.94391300000001,-6.28730099999999,
5.29999999999987));
#89990=DIRECTION('',(-0.,1.,-1.22460635382238E-16));
#90000=DIRECTION('',(0.,1.22460635382238E-16,1.));
#90010=AXIS2_PLACEMENT_3D('',#89980,#89990,#90000);
#90020=PLANE('',#90010);
#90030=CARTESIAN_POINT('',(0.244913000000006,-6.28730099999999,
5.79999999999987));
#90040=DIRECTION('',(0.,0.,-1.));
#90050=VECTOR('',#90040,1.);
#90060=LINE('',#90030,#90050);
#90070=EDGE_CURVE('',#89860,#18830,#90060,.T.);
#90080=ORIENTED_EDGE('',*,*,#90070,.F.);
#90090=ORIENTED_EDGE('',*,*,#18840,.T.);
#90100=ORIENTED_EDGE('',*,*,#89670,.T.);
#90110=ORIENTED_EDGE('',*,*,#89930,.F.);
#90120=EDGE_LOOP('',(#90110,#90100,#90090,#90080));
#90130=FACE_OUTER_BOUND('',#90120,.T.);
#90140=ADVANCED_FACE('',(#90130),#90020,.T.);
#90150=CARTESIAN_POINT('',(0.244913000000006,-7.32730339999999,
5.79999999999987));
#90160=DIRECTION('',(-1.,-0.,-0.));
#90170=DIRECTION('',(0.,0.,-1.));
#90180=AXIS2_PLACEMENT_3D('',#90150,#90160,#90170);
#90190=PLANE('',#90180);
#90200=ORIENTED_EDGE('',*,*,#3890,.F.);
#90210=ORIENTED_EDGE('',*,*,#18900,.T.);
#90220=ORIENTED_EDGE('',*,*,#90070,.T.);
#90230=ORIENTED_EDGE('',*,*,#89870,.F.);
#90240=EDGE_LOOP('',(#90230,#90220,#90210,#90200));
#90250=FACE_OUTER_BOUND('',#90240,.T.);
#90260=ADVANCED_FACE('',(#90250),#90190,.T.);
#90270=CARTESIAN_POINT('',(-0.107086999999995,-7.32730339999999,
5.29999999999987));
#90280=DIRECTION('',(1.,-0.,-0.));
#90290=DIRECTION('',(-0.,0.,1.));
#90300=AXIS2_PLACEMENT_3D('',#90270,#90280,#90290);
#90310=PLANE('',#90300);
#90320=CARTESIAN_POINT('',(-0.107086999999995,-6.28730099999999,
5.29999999999987));
#90330=DIRECTION('',(0.,0.,1.));
#90340=VECTOR('',#90330,1.);
#90350=LINE('',#90320,#90340);
#90360=CARTESIAN_POINT('',(-0.107086999999995,-6.28730099999999,
5.79999999999987));
#90370=VERTEX_POINT('',#90360);
#90380=EDGE_CURVE('',#18980,#90370,#90350,.T.);
#90390=ORIENTED_EDGE('',*,*,#90380,.T.);
#90400=ORIENTED_EDGE('',*,*,#18990,.T.);
#90410=ORIENTED_EDGE('',*,*,#3730,.T.);
#90420=CARTESIAN_POINT('',(-0.107086999999995,-6.28730099999999,
5.79999999999987));
#90430=DIRECTION('',(0.,-1.,0.));
#90440=VECTOR('',#90430,1.);
#90450=LINE('',#90420,#90440);
#90460=EDGE_CURVE('',#90370,#3640,#90450,.T.);
#90470=ORIENTED_EDGE('',*,*,#90460,.T.);
#90480=EDGE_LOOP('',(#90470,#90410,#90400,#90390));
#90490=FACE_OUTER_BOUND('',#90480,.T.);
#90500=ADVANCED_FACE('',(#90490),#90310,.T.);
#90510=CARTESIAN_POINT('',(-0.207086999999994,-6.98730099999999,
5.79999999999987));
#90520=DIRECTION('',(-4.44089209850064E-15,1.22460635382238E-16,-1.));
#90530=DIRECTION('',(-1.,-5.43834468046348E-31,4.44089209850064E-15));
#90540=AXIS2_PLACEMENT_3D('',#90510,#90520,#90530);
#90550=PLANE('',#90540);
#90560=ORIENTED_EDGE('',*,*,#3650,.F.);
#90570=CARTESIAN_POINT('',(-1.00508699999999,-6.28730099999999,
5.79999999999987));
#90580=DIRECTION('',(0.,-1.,0.));
#90590=VECTOR('',#90580,1.);
#90600=LINE('',#90570,#90590);
#90610=CARTESIAN_POINT('',(-1.00508699999999,-6.28730099999999,
5.79999999999987));
#90620=VERTEX_POINT('',#90610);
#90630=EDGE_CURVE('',#90620,#3560,#90600,.T.);
#90640=ORIENTED_EDGE('',*,*,#90630,.T.);
#90650=CARTESIAN_POINT('',(-0.107086999999995,-6.28730099999999,
5.79999999999987));
#90660=DIRECTION('',(-1.,0.,3.95625131269546E-15));
#90670=VECTOR('',#90660,1.);
#90680=LINE('',#90650,#90670);
#90690=EDGE_CURVE('',#90370,#90620,#90680,.T.);
#90700=ORIENTED_EDGE('',*,*,#90690,.T.);
#90710=ORIENTED_EDGE('',*,*,#90460,.F.);
#90720=EDGE_LOOP('',(#90710,#90700,#90640,#90560));
#90730=FACE_OUTER_BOUND('',#90720,.T.);
#90740=ADVANCED_FACE('',(#90730),#90550,.F.);
#90750=CARTESIAN_POINT('',(-1.00508699999999,-7.32730339999999,
5.79999999999987));
#90760=DIRECTION('',(-1.,-0.,-0.));
#90770=DIRECTION('',(0.,0.,-1.));
#90780=AXIS2_PLACEMENT_3D('',#90750,#90760,#90770);
#90790=PLANE('',#90780);
#90800=ORIENTED_EDGE('',*,*,#3570,.F.);
#90810=ORIENTED_EDGE('',*,*,#19130,.T.);
#90820=CARTESIAN_POINT('',(-1.00508699999999,-6.28730099999999,
5.79999999999987));
#90830=DIRECTION('',(0.,0.,-1.));
#90840=VECTOR('',#90830,1.);
#90850=LINE('',#90820,#90840);
#90860=EDGE_CURVE('',#90620,#19060,#90850,.T.);
#90870=ORIENTED_EDGE('',*,*,#90860,.T.);
#90880=ORIENTED_EDGE('',*,*,#90630,.F.);
#90890=EDGE_LOOP('',(#90880,#90870,#90810,#90800));
#90900=FACE_OUTER_BOUND('',#90890,.T.);
#90910=ADVANCED_FACE('',(#90900),#90790,.T.);
#90920=CARTESIAN_POINT('',(-0.556086999999994,-6.28730099999999,
5.29999999999987));
#90930=DIRECTION('',(-0.,-1.,-0.));
#90940=DIRECTION('',(0.,0.,1.));
#90950=AXIS2_PLACEMENT_3D('',#90920,#90930,#90940);
#90960=PLANE('',#90950);
#90970=ORIENTED_EDGE('',*,*,#90690,.F.);
#90980=ORIENTED_EDGE('',*,*,#90860,.F.);
#90990=ORIENTED_EDGE('',*,*,#19070,.F.);
#91000=ORIENTED_EDGE('',*,*,#90380,.F.);
#91010=EDGE_LOOP('',(#91000,#90990,#90980,#90970));
#91020=FACE_OUTER_BOUND('',#91010,.T.);
#91030=ADVANCED_FACE('',(#91020),#90960,.F.);
#91040=CARTESIAN_POINT('',(-1.006087,-5.22230099999999,5.19999999999987)
);
#91050=DIRECTION('',(1.,-0.,-0.));
#91060=DIRECTION('',(-0.,-1.,0.));
#91070=AXIS2_PLACEMENT_3D('',#91040,#91050,#91060);
#91080=CYLINDRICAL_SURFACE('',#91070,0.25);
#91090=CARTESIAN_POINT('',(-1.00608699999999,-5.22230099999999,
5.19999999999987));
#91100=DIRECTION('',(-1.,0.,0.));
#91110=DIRECTION('',(0.,0.,1.));
#91120=AXIS2_PLACEMENT_3D('',#91090,#91100,#91110);
#91130=CIRCLE('',#91120,0.25);
#91140=CARTESIAN_POINT('',(-1.00608699999999,-5.22230099999999,
5.44999999999987));
#91150=VERTEX_POINT('',#91140);
#91160=EDGE_CURVE('',#91150,#17150,#91130,.T.);
#91170=ORIENTED_EDGE('',*,*,#91160,.F.);
#91180=ORIENTED_EDGE('',*,*,#17160,.T.);
#91190=CARTESIAN_POINT('',(-1.356087,-5.22230099999999,5.19999999999987)
);
#91200=DIRECTION('',(1.,0.,-0.));
#91210=DIRECTION('',(0.,0.916515138991167,0.400000000000001));
#91220=AXIS2_PLACEMENT_3D('',#91190,#91200,#91210);
#91230=CIRCLE('',#91220,0.25);
#91240=CARTESIAN_POINT('',(-1.356087,-5.22230099999999,5.44999999999987)
);
#91250=VERTEX_POINT('',#91240);
#91260=EDGE_CURVE('',#17070,#91250,#91230,.T.);
#91270=ORIENTED_EDGE('',*,*,#91260,.F.);
#91280=CARTESIAN_POINT('',(-1.00608699999999,-5.22230099999999,
5.44999999999987));
#91290=DIRECTION('',(-1.,0.,0.));
#91300=VECTOR('',#91290,1.);
#91310=LINE('',#91280,#91300);
#91320=EDGE_CURVE('',#91150,#91250,#91310,.T.);
#91330=ORIENTED_EDGE('',*,*,#91320,.T.);
#91340=EDGE_LOOP('',(#91330,#91270,#91180,#91170));
#91350=FACE_OUTER_BOUND('',#91340,.T.);
#91360=ADVANCED_FACE('',(#91350),#91080,.F.);
#91370=CARTESIAN_POINT('',(-1.00608699999999,-8.18730099999999,
5.44999999999987));
#91380=DIRECTION('',(-0.,-0.,-1.));
#91390=DIRECTION('',(0.,1.,0.));
#91400=AXIS2_PLACEMENT_3D('',#91370,#91380,#91390);
#91410=PLANE('',#91400);
#91420=ORIENTED_EDGE('',*,*,#91320,.F.);
#91430=CARTESIAN_POINT('',(-1.356087,-5.22230099999999,5.44999999999987)
);
#91440=DIRECTION('',(0.,-1.,0.));
#91450=VECTOR('',#91440,1.);
#91460=LINE('',#91430,#91450);
#91470=CARTESIAN_POINT('',(-1.356087,-8.18730099999999,5.44999999999987)
);
#91480=VERTEX_POINT('',#91470);
#91490=EDGE_CURVE('',#91250,#91480,#91460,.T.);
#91500=ORIENTED_EDGE('',*,*,#91490,.F.);
#91510=CARTESIAN_POINT('',(-1.356087,-8.18730099999999,5.44999999999987)
);
#91520=DIRECTION('',(1.,0.,0.));
#91530=VECTOR('',#91520,1.);
#91540=LINE('',#91510,#91530);
#91550=CARTESIAN_POINT('',(-1.00608699999999,-8.18730099999999,
5.44999999999987));
#91560=VERTEX_POINT('',#91550);
#91570=EDGE_CURVE('',#91480,#91560,#91540,.T.);
#91580=ORIENTED_EDGE('',*,*,#91570,.F.);
#91590=CARTESIAN_POINT('',(-1.00608699999999,-5.22230099999999,
5.44999999999987));
#91600=DIRECTION('',(0.,-1.,0.));
#91610=VECTOR('',#91600,1.);
#91620=LINE('',#91590,#91610);
#91630=EDGE_CURVE('',#91150,#91560,#91620,.T.);
#91640=ORIENTED_EDGE('',*,*,#91630,.T.);
#91650=EDGE_LOOP('',(#91640,#91580,#91500,#91420));
#91660=FACE_OUTER_BOUND('',#91650,.T.);
#91670=ADVANCED_FACE('',(#91660),#91410,.T.);
#91680=CARTESIAN_POINT('',(-1.00608699999999,-4.79526773473205,
4.14158443146156));
#91690=DIRECTION('',(-1.,-0.,-0.));
#91700=DIRECTION('',(0.,1.,0.));
#91710=AXIS2_PLACEMENT_3D('',#91680,#91690,#91700);
#91720=PLANE('',#91710);
#91730=ORIENTED_EDGE('',*,*,#91160,.T.);
#91740=ORIENTED_EDGE('',*,*,#91630,.F.);
#91750=CARTESIAN_POINT('',(-1.00608699999999,-8.18730099999999,
5.79999999999987));
#91760=DIRECTION('',(0.,0.,-1.));
#91770=VECTOR('',#91760,1.);
#91780=LINE('',#91750,#91770);
#91790=CARTESIAN_POINT('',(-1.00608699999999,-8.18730099999999,
5.79999999999987));
#91800=VERTEX_POINT('',#91790);
#91810=EDGE_CURVE('',#91800,#91560,#91780,.T.);
#91820=ORIENTED_EDGE('',*,*,#91810,.T.);
#91830=CARTESIAN_POINT('',(-1.00608699999999,-8.18730099999999,
5.79999999999987));
#91840=DIRECTION('',(0.,1.,0.));
#91850=VECTOR('',#91840,1.);
#91860=LINE('',#91830,#91850);
#91870=CARTESIAN_POINT('',(-1.00608699999999,-5.07230099999999,
5.79999999999987));
#91880=VERTEX_POINT('',#91870);
#91890=EDGE_CURVE('',#91800,#91880,#91860,.T.);
#91900=ORIENTED_EDGE('',*,*,#91890,.F.);
#91910=CARTESIAN_POINT('',(-1.00608699999999,-5.07230099999999,
5.34999999999987));
#91920=DIRECTION('',(1.,0.,0.));
#91930=DIRECTION('',(0.,1.,0.));
#91940=AXIS2_PLACEMENT_3D('',#91910,#91920,#91930);
#91950=CIRCLE('',#91940,0.45);
#91960=CARTESIAN_POINT('',(-1.00608699999999,-4.62230099999999,
5.34999999999987));
#91970=VERTEX_POINT('',#91960);
#91980=EDGE_CURVE('',#91970,#91880,#91950,.T.);
#91990=ORIENTED_EDGE('',*,*,#91980,.T.);
#92000=CARTESIAN_POINT('',(-1.00608699999999,-4.62230099999999,
5.29999999999987));
#92010=DIRECTION('',(0.,0.,1.));
#92020=VECTOR('',#92010,1.);
#92030=LINE('',#92000,#92020);
#92040=EDGE_CURVE('',#13990,#91970,#92030,.T.);
#92050=ORIENTED_EDGE('',*,*,#92040,.T.);
#92060=ORIENTED_EDGE('',*,*,#66010,.F.);
#92070=EDGE_LOOP('',(#92060,#92050,#91990,#91900,#91820,#91740,#91730));
#92080=FACE_OUTER_BOUND('',#92070,.T.);
#92090=ADVANCED_FACE('',(#92080),#91720,.F.);
#92100=CARTESIAN_POINT('',(-1.00608699999999,-8.18730099999999,
6.21000239999987));
#92110=DIRECTION('',(-0.970142500145332,0.242535625036334,-0.));
#92120=DIRECTION('',(-0.242535625036334,-0.970142500145332,0.));
#92130=AXIS2_PLACEMENT_3D('',#92100,#92110,#92120);
#92140=PLANE('',#92130);
#92150=CARTESIAN_POINT('',(-1.08108699999999,-8.48730099999999,
5.52499999999987));
#92160=DIRECTION('',(0.,0.,1.));
#92170=VECTOR('',#92160,1.);
#92180=LINE('',#92150,#92170);
#92190=CARTESIAN_POINT('',(-1.08108699999999,-8.48730099999999,
5.52499999999987));
#92200=VERTEX_POINT('',#92190);
#92210=CARTESIAN_POINT('',(-1.08108699999999,-8.48730099999999,
5.72499999999987));
#92220=VERTEX_POINT('',#92210);
#92230=EDGE_CURVE('',#92200,#92220,#92180,.T.);
#92240=ORIENTED_EDGE('',*,*,#92230,.F.);
#92250=CARTESIAN_POINT('',(-1.08108699999999,-8.48730099999999,
5.72499999999987));
#92260=DIRECTION('',(0.235702260395518,0.942809041582063,
0.235702260395517));
#92270=VECTOR('',#92260,1.);
#92280=LINE('',#92250,#92270);
#92290=EDGE_CURVE('',#92220,#91800,#92280,.T.);
#92300=ORIENTED_EDGE('',*,*,#92290,.F.);
#92310=ORIENTED_EDGE('',*,*,#91810,.F.);
#92320=CARTESIAN_POINT('',(-1.00608699999999,-8.18730099999999,
5.44999999999987));
#92330=DIRECTION('',(-0.235702260395516,-0.942809041582063,
0.235702260395517));
#92340=VECTOR('',#92330,1.);
#92350=LINE('',#92320,#92340);
#92360=EDGE_CURVE('',#91560,#92200,#92350,.T.);
#92370=ORIENTED_EDGE('',*,*,#92360,.F.);
#92380=EDGE_LOOP('',(#92370,#92310,#92300,#92240));
#92390=FACE_OUTER_BOUND('',#92380,.T.);
#92400=ADVANCED_FACE('',(#92390),#92140,.F.);
#92410=CARTESIAN_POINT('',(-1.00608699999999,-8.48730099999999,
5.52499999999987));
#92420=DIRECTION('',(-0.,-0.242535625036333,-0.970142500145332));
#92430=DIRECTION('',(0.,0.970142500145332,-0.242535625036333));
#92440=AXIS2_PLACEMENT_3D('',#92410,#92420,#92430);
#92450=PLANE('',#92440);
#92460=CARTESIAN_POINT('',(-1.281087,-8.48730099999999,5.52499999999987)
);
#92470=DIRECTION('',(-0.235702260395517,0.942809041582063,
-0.235702260395517));
#92480=VECTOR('',#92470,1.);
#92490=LINE('',#92460,#92480);
#92500=CARTESIAN_POINT('',(-1.281087,-8.48730099999999,5.52499999999987)
);
#92510=VERTEX_POINT('',#92500);
#92520=EDGE_CURVE('',#92510,#91480,#92490,.T.);
#92530=ORIENTED_EDGE('',*,*,#92520,.T.);
#92540=CARTESIAN_POINT('',(-1.281087,-8.48730099999999,5.52499999999987)
);
#92550=DIRECTION('',(1.,0.,0.));
#92560=VECTOR('',#92550,1.);
#92570=LINE('',#92540,#92560);
#92580=EDGE_CURVE('',#92510,#92200,#92570,.T.);
#92590=ORIENTED_EDGE('',*,*,#92580,.F.);
#92600=ORIENTED_EDGE('',*,*,#92360,.T.);
#92610=ORIENTED_EDGE('',*,*,#91570,.T.);
#92620=EDGE_LOOP('',(#92610,#92600,#92590,#92530));
#92630=FACE_OUTER_BOUND('',#92620,.T.);
#92640=ADVANCED_FACE('',(#92630),#92450,.T.);
#92650=CARTESIAN_POINT('',(-1.281087,-8.48730099999999,6.21000239999987)
);
#92660=DIRECTION('',(0.970142500145332,0.242535625036334,-0.));
#92670=DIRECTION('',(-0.242535625036334,0.970142500145332,0.));
#92680=AXIS2_PLACEMENT_3D('',#92650,#92660,#92670);
#92690=PLANE('',#92680);
#92700=CARTESIAN_POINT('',(-1.281087,-8.48730099999999,5.72499999999987)
);
#92710=DIRECTION('',(0.,0.,-1.));
#92720=VECTOR('',#92710,1.);
#92730=LINE('',#92700,#92720);
#92740=CARTESIAN_POINT('',(-1.281087,-8.48730099999999,5.72499999999987)
);
#92750=VERTEX_POINT('',#92740);
#92760=EDGE_CURVE('',#92750,#92510,#92730,.T.);
#92770=ORIENTED_EDGE('',*,*,#92760,.F.);
#92780=ORIENTED_EDGE('',*,*,#92520,.F.);
#92790=CARTESIAN_POINT('',(-1.356087,-8.18730099999999,5.79999999999986)
);
#92800=DIRECTION('',(0.,0.,-1.));
#92810=VECTOR('',#92800,1.);
#92820=LINE('',#92790,#92810);
#92830=CARTESIAN_POINT('',(-1.356087,-8.18730099999999,5.79999999999987)
);
#92840=VERTEX_POINT('',#92830);
#92850=EDGE_CURVE('',#92840,#91480,#92820,.T.);
#92860=ORIENTED_EDGE('',*,*,#92850,.T.);
#92870=CARTESIAN_POINT('',(-1.356087,-8.18730099999999,5.79999999999987)
);
#92880=DIRECTION('',(0.235702260395517,-0.942809041582063,
-0.235702260395517));
#92890=VECTOR('',#92880,1.);
#92900=LINE('',#92870,#92890);
#92910=EDGE_CURVE('',#92840,#92750,#92900,.T.);
#92920=ORIENTED_EDGE('',*,*,#92910,.F.);
#92930=EDGE_LOOP('',(#92920,#92860,#92780,#92770));
#92940=FACE_OUTER_BOUND('',#92930,.T.);
#92950=ADVANCED_FACE('',(#92940),#92690,.F.);
#92960=CARTESIAN_POINT('',(-1.006087,-8.18730099999999,5.79999999999987)
);
#92970=DIRECTION('',(-0.,-0.242535625036333,0.970142500145332));
#92980=DIRECTION('',(0.,-0.970142500145332,-0.242535625036333));
#92990=AXIS2_PLACEMENT_3D('',#92960,#92970,#92980);
#93000=PLANE('',#92990);
#93010=ORIENTED_EDGE('',*,*,#92290,.T.);
#93020=CARTESIAN_POINT('',(-1.281087,-8.48730099999999,5.72499999999987)
);
#93030=DIRECTION('',(1.,0.,0.));
#93040=VECTOR('',#93030,1.);
#93050=LINE('',#93020,#93040);
#93060=EDGE_CURVE('',#92750,#92220,#93050,.T.);
#93070=ORIENTED_EDGE('',*,*,#93060,.T.);
#93080=ORIENTED_EDGE('',*,*,#92910,.T.);
#93090=CARTESIAN_POINT('',(-1.00608699999999,-8.18730099999999,
5.79999999999987));
#93100=DIRECTION('',(-1.,0.,0.));
#93110=VECTOR('',#93100,1.);
#93120=LINE('',#93090,#93110);
#93130=EDGE_CURVE('',#91800,#92840,#93120,.T.);
#93140=ORIENTED_EDGE('',*,*,#93130,.T.);
#93150=EDGE_LOOP('',(#93140,#93080,#93070,#93010));
#93160=FACE_OUTER_BOUND('',#93150,.T.);
#93170=ADVANCED_FACE('',(#93160),#93000,.T.);
#93180=CARTESIAN_POINT('',(-1.006087,-4.62230099999999,5.79999999999987)
);
#93190=DIRECTION('',(-0.,-0.,1.));
#93200=DIRECTION('',(0.,-1.,-0.));
#93210=AXIS2_PLACEMENT_3D('',#93180,#93190,#93200);
#93220=PLANE('',#93210);
#93230=ORIENTED_EDGE('',*,*,#91890,.T.);
#93240=ORIENTED_EDGE('',*,*,#93130,.F.);
#93250=CARTESIAN_POINT('',(-1.356087,-8.18730099999999,5.79999999999987)
);
#93260=DIRECTION('',(0.,1.,0.));
#93270=VECTOR('',#93260,1.);
#93280=LINE('',#93250,#93270);
#93290=CARTESIAN_POINT('',(-1.356087,-5.07230099999999,5.79999999999987)
);
#93300=VERTEX_POINT('',#93290);
#93310=EDGE_CURVE('',#92840,#93300,#93280,.T.);
#93320=ORIENTED_EDGE('',*,*,#93310,.F.);
#93330=CARTESIAN_POINT('',(-1.356087,-5.07230099999999,5.79999999999987)
);
#93340=DIRECTION('',(1.,0.,0.));
#93350=VECTOR('',#93340,1.);
#93360=LINE('',#93330,#93350);
#93370=EDGE_CURVE('',#93300,#91880,#93360,.T.);
#93380=ORIENTED_EDGE('',*,*,#93370,.F.);
#93390=EDGE_LOOP('',(#93380,#93320,#93240,#93230));
#93400=FACE_OUTER_BOUND('',#93390,.T.);
#93410=ADVANCED_FACE('',(#93400),#93220,.T.);
#93420=CARTESIAN_POINT('',(-1.006087,-5.07230099999999,5.34999999999987)
);
#93430=DIRECTION('',(-1.,-0.,-0.));
#93440=DIRECTION('',(0.,1.,0.));
#93450=AXIS2_PLACEMENT_3D('',#93420,#93430,#93440);
#93460=CYLINDRICAL_SURFACE('',#93450,0.45);
#93470=CARTESIAN_POINT('',(-1.356087,-5.07230099999999,5.34999999999987)
);
#93480=DIRECTION('',(-1.,0.,0.));
#93490=DIRECTION('',(0.,0.,1.));
#93500=AXIS2_PLACEMENT_3D('',#93470,#93480,#93490);
#93510=CIRCLE('',#93500,0.45);
#93520=CARTESIAN_POINT('',(-1.356087,-4.62230099999999,5.34999999999987)
);
#93530=VERTEX_POINT('',#93520);
#93540=EDGE_CURVE('',#93300,#93530,#93510,.T.);
#93550=ORIENTED_EDGE('',*,*,#93540,.F.);
#93560=CARTESIAN_POINT('',(-1.00608699999999,-4.62230099999999,
5.34999999999987));
#93570=DIRECTION('',(-1.,0.,0.));
#93580=VECTOR('',#93570,1.);
#93590=LINE('',#93560,#93580);
#93600=EDGE_CURVE('',#91970,#93530,#93590,.T.);
#93610=ORIENTED_EDGE('',*,*,#93600,.T.);
#93620=ORIENTED_EDGE('',*,*,#91980,.F.);
#93630=ORIENTED_EDGE('',*,*,#93370,.T.);
#93640=EDGE_LOOP('',(#93630,#93620,#93610,#93550));
#93650=FACE_OUTER_BOUND('',#93640,.T.);
#93660=ADVANCED_FACE('',(#93650),#93460,.T.);
#93670=CARTESIAN_POINT('',(-1.356087,-4.79526773473205,4.14158443146156)
);
#93680=DIRECTION('',(-1.,-0.,-0.));
#93690=DIRECTION('',(0.,1.,0.));
#93700=AXIS2_PLACEMENT_3D('',#93670,#93680,#93690);
#93710=PLANE('',#93700);
#93720=CARTESIAN_POINT('',(-1.356087,-4.62230099999999,5.29999999999987)
);
#93730=DIRECTION('',(0.,0.,1.));
#93740=VECTOR('',#93730,1.);
#93750=LINE('',#93720,#93740);
#93760=EDGE_CURVE('',#14070,#93530,#93750,.T.);
#93770=ORIENTED_EDGE('',*,*,#93760,.F.);
#93780=ORIENTED_EDGE('',*,*,#93540,.T.);
#93790=ORIENTED_EDGE('',*,*,#93310,.T.);
#93800=ORIENTED_EDGE('',*,*,#92850,.F.);
#93810=ORIENTED_EDGE('',*,*,#91490,.T.);
#93820=ORIENTED_EDGE('',*,*,#91260,.T.);
#93830=ORIENTED_EDGE('',*,*,#65590,.T.);
#93840=EDGE_LOOP('',(#93830,#93820,#93810,#93800,#93790,#93780,#93770));
#93850=FACE_OUTER_BOUND('',#93840,.T.);
#93860=ADVANCED_FACE('',(#93850),#93710,.T.);
#93870=CARTESIAN_POINT('',(-1.00608699999999,-4.62230099999999,
1.99999999999987));
#93880=DIRECTION('',(-0.,1.,-2.31296463463574E-17));
#93890=DIRECTION('',(0.,2.31296463463574E-17,1.));
#93900=AXIS2_PLACEMENT_3D('',#93870,#93880,#93890);
#93910=PLANE('',#93900);
#93920=ORIENTED_EDGE('',*,*,#93760,.T.);
#93930=ORIENTED_EDGE('',*,*,#14080,.F.);
#93940=ORIENTED_EDGE('',*,*,#92040,.F.);
#93950=ORIENTED_EDGE('',*,*,#93600,.F.);
#93960=EDGE_LOOP('',(#93950,#93940,#93930,#93920));
#93970=FACE_OUTER_BOUND('',#93960,.T.);
#93980=ADVANCED_FACE('',(#93970),#93910,.T.);
#93990=CARTESIAN_POINT('',(-1.006087,-8.48730099999999,5.72499999999987)
);
#94000=DIRECTION('',(-0.,-1.,-0.));
#94010=DIRECTION('',(0.,0.,-1.));
#94020=AXIS2_PLACEMENT_3D('',#93990,#94000,#94010);
#94030=PLANE('',#94020);
#94040=ORIENTED_EDGE('',*,*,#92230,.T.);
#94050=ORIENTED_EDGE('',*,*,#92580,.T.);
#94060=ORIENTED_EDGE('',*,*,#92760,.T.);
#94070=ORIENTED_EDGE('',*,*,#93060,.F.);
#94080=EDGE_LOOP('',(#94070,#94060,#94050,#94040));
#94090=FACE_OUTER_BOUND('',#94080,.T.);
#94100=ADVANCED_FACE('',(#94090),#94030,.T.);
#94110=CARTESIAN_POINT('',(-3.506087,-4.62230099999999,1.99999999999987)
);
#94120=DIRECTION('',(-0.,1.,-2.31296463463574E-17));
#94130=DIRECTION('',(0.,2.31296463463574E-17,1.));
#94140=AXIS2_PLACEMENT_3D('',#94110,#94120,#94130);
#94150=PLANE('',#94140);
#94160=CARTESIAN_POINT('',(-3.506087,-4.62230099999999,5.29999999999987)
);
#94170=DIRECTION('',(0.,0.,1.));
#94180=VECTOR('',#94170,1.);
#94190=LINE('',#94160,#94180);
#94200=CARTESIAN_POINT('',(-3.506087,-4.62230099999999,5.34999999999987)
);
#94210=VERTEX_POINT('',#94200);
#94220=EDGE_CURVE('',#14250,#94210,#94190,.T.);
#94230=ORIENTED_EDGE('',*,*,#94220,.F.);
#94240=CARTESIAN_POINT('',(-3.506087,-4.62230099999999,5.34999999999987)
);
#94250=DIRECTION('',(-1.,0.,0.));
#94260=VECTOR('',#94250,1.);
#94270=LINE('',#94240,#94260);
#94280=CARTESIAN_POINT('',(-3.856087,-4.62230099999999,5.34999999999987)
);
#94290=VERTEX_POINT('',#94280);
#94300=EDGE_CURVE('',#94210,#94290,#94270,.T.);
#94310=ORIENTED_EDGE('',*,*,#94300,.F.);
#94320=CARTESIAN_POINT('',(-3.856087,-4.62230099999999,5.29999999999987)
);
#94330=DIRECTION('',(0.,0.,1.));
#94340=VECTOR('',#94330,1.);
#94350=LINE('',#94320,#94340);
#94360=EDGE_CURVE('',#14330,#94290,#94350,.T.);
#94370=ORIENTED_EDGE('',*,*,#94360,.T.);
#94380=ORIENTED_EDGE('',*,*,#14340,.F.);
#94390=EDGE_LOOP('',(#94380,#94370,#94310,#94230));
#94400=FACE_OUTER_BOUND('',#94390,.T.);
#94410=ADVANCED_FACE('',(#94400),#94150,.T.);
#94420=CARTESIAN_POINT('',(-3.506087,-4.79526773473205,4.14158443146156)
);
#94430=DIRECTION('',(-1.,-0.,-0.));
#94440=DIRECTION('',(0.,1.,0.));
#94450=AXIS2_PLACEMENT_3D('',#94420,#94430,#94440);
#94460=PLANE('',#94450);
#94470=CARTESIAN_POINT('',(-3.506087,-5.22230099999999,5.19999999999987)
);
#94480=DIRECTION('',(-1.,0.,0.));
#94490=DIRECTION('',(0.,0.,1.));
#94500=AXIS2_PLACEMENT_3D('',#94470,#94480,#94490);
#94510=CIRCLE('',#94500,0.25);
#94520=CARTESIAN_POINT('',(-3.506087,-5.22230099999999,5.44999999999987)
);
#94530=VERTEX_POINT('',#94520);
#94540=EDGE_CURVE('',#94530,#16510,#94510,.T.);
#94550=ORIENTED_EDGE('',*,*,#94540,.T.);
#94560=CARTESIAN_POINT('',(-3.506087,-5.22230099999999,5.44999999999987)
);
#94570=DIRECTION('',(0.,-1.,0.));
#94580=VECTOR('',#94570,1.);
#94590=LINE('',#94560,#94580);
#94600=CARTESIAN_POINT('',(-3.506087,-8.18730099999999,5.44999999999987)
);
#94610=VERTEX_POINT('',#94600);
#94620=EDGE_CURVE('',#94530,#94610,#94590,.T.);
#94630=ORIENTED_EDGE('',*,*,#94620,.F.);
#94640=CARTESIAN_POINT('',(-3.506087,-8.18730099999999,5.79999999999987)
);
#94650=DIRECTION('',(0.,0.,-1.));
#94660=VECTOR('',#94650,1.);
#94670=LINE('',#94640,#94660);
#94680=CARTESIAN_POINT('',(-3.506087,-8.18730099999999,5.79999999999987)
);
#94690=VERTEX_POINT('',#94680);
#94700=EDGE_CURVE('',#94690,#94610,#94670,.T.);
#94710=ORIENTED_EDGE('',*,*,#94700,.T.);
#94720=CARTESIAN_POINT('',(-3.506087,-8.18730099999999,5.79999999999987)
);
#94730=DIRECTION('',(0.,1.,0.));
#94740=VECTOR('',#94730,1.);
#94750=LINE('',#94720,#94740);
#94760=CARTESIAN_POINT('',(-3.506087,-5.07230099999999,5.79999999999987)
);
#94770=VERTEX_POINT('',#94760);
#94780=EDGE_CURVE('',#94690,#94770,#94750,.T.);
#94790=ORIENTED_EDGE('',*,*,#94780,.F.);
#94800=CARTESIAN_POINT('',(-3.506087,-5.07230099999999,5.34999999999987)
);
#94810=DIRECTION('',(1.,0.,0.));
#94820=DIRECTION('',(0.,1.,0.));
#94830=AXIS2_PLACEMENT_3D('',#94800,#94810,#94820);
#94840=CIRCLE('',#94830,0.45);
#94850=EDGE_CURVE('',#94210,#94770,#94840,.T.);
#94860=ORIENTED_EDGE('',*,*,#94850,.T.);
#94870=ORIENTED_EDGE('',*,*,#94220,.T.);
#94880=ORIENTED_EDGE('',*,*,#64190,.F.);
#94890=EDGE_LOOP('',(#94880,#94870,#94860,#94790,#94710,#94630,#94550));
#94900=FACE_OUTER_BOUND('',#94890,.T.);
#94910=ADVANCED_FACE('',(#94900),#94460,.F.);
#94920=CARTESIAN_POINT('',(-3.506087,-5.22230099999999,5.19999999999987)
);
#94930=DIRECTION('',(1.,-0.,-0.));
#94940=DIRECTION('',(-0.,-1.,0.));
#94950=AXIS2_PLACEMENT_3D('',#94920,#94930,#94940);
#94960=CYLINDRICAL_SURFACE('',#94950,0.25);
#94970=CARTESIAN_POINT('',(-3.856087,-5.22230099999999,5.19999999999987)
);
#94980=DIRECTION('',(1.,0.,-0.));
#94990=DIRECTION('',(0.,0.916515138991167,0.400000000000001));
#95000=AXIS2_PLACEMENT_3D('',#94970,#94980,#94990);
#95010=CIRCLE('',#95000,0.25);
#95020=CARTESIAN_POINT('',(-3.856087,-5.22230099999999,5.44999999999987)
);
#95030=VERTEX_POINT('',#95020);
#95040=EDGE_CURVE('',#16430,#95030,#95010,.T.);
#95050=ORIENTED_EDGE('',*,*,#95040,.F.);
#95060=CARTESIAN_POINT('',(-3.506087,-5.22230099999999,5.44999999999987)
);
#95070=DIRECTION('',(-1.,0.,0.));
#95080=VECTOR('',#95070,1.);
#95090=LINE('',#95060,#95080);
#95100=EDGE_CURVE('',#94530,#95030,#95090,.T.);
#95110=ORIENTED_EDGE('',*,*,#95100,.T.);
#95120=ORIENTED_EDGE('',*,*,#94540,.F.);
#95130=ORIENTED_EDGE('',*,*,#16520,.T.);
#95140=EDGE_LOOP('',(#95130,#95120,#95110,#95050));
#95150=FACE_OUTER_BOUND('',#95140,.T.);
#95160=ADVANCED_FACE('',(#95150),#94960,.F.);
#95170=CARTESIAN_POINT('',(-3.856087,-4.79526773473205,4.14158443146156)
);
#95180=DIRECTION('',(-1.,-0.,-0.));
#95190=DIRECTION('',(0.,1.,0.));
#95200=AXIS2_PLACEMENT_3D('',#95170,#95180,#95190);
#95210=PLANE('',#95200);
#95220=ORIENTED_EDGE('',*,*,#94360,.F.);
#95230=CARTESIAN_POINT('',(-3.856087,-5.07230099999999,5.34999999999987)
);
#95240=DIRECTION('',(-1.,0.,0.));
#95250=DIRECTION('',(0.,0.,1.));
#95260=AXIS2_PLACEMENT_3D('',#95230,#95240,#95250);
#95270=CIRCLE('',#95260,0.45);
#95280=CARTESIAN_POINT('',(-3.856087,-5.07230099999999,5.79999999999987)
);
#95290=VERTEX_POINT('',#95280);
#95300=EDGE_CURVE('',#95290,#94290,#95270,.T.);
#95310=ORIENTED_EDGE('',*,*,#95300,.T.);
#95320=CARTESIAN_POINT('',(-3.856087,-8.18730099999999,5.79999999999987)
);
#95330=DIRECTION('',(0.,1.,0.));
#95340=VECTOR('',#95330,1.);
#95350=LINE('',#95320,#95340);
#95360=CARTESIAN_POINT('',(-3.856087,-8.18730099999999,5.79999999999987)
);
#95370=VERTEX_POINT('',#95360);
#95380=EDGE_CURVE('',#95370,#95290,#95350,.T.);
#95390=ORIENTED_EDGE('',*,*,#95380,.T.);
#95400=CARTESIAN_POINT('',(-3.856087,-8.18730099999999,5.79999999999986)
);
#95410=DIRECTION('',(0.,0.,-1.));
#95420=VECTOR('',#95410,1.);
#95430=LINE('',#95400,#95420);
#95440=CARTESIAN_POINT('',(-3.856087,-8.18730099999999,5.44999999999987)
);
#95450=VERTEX_POINT('',#95440);
#95460=EDGE_CURVE('',#95370,#95450,#95430,.T.);
#95470=ORIENTED_EDGE('',*,*,#95460,.F.);
#95480=CARTESIAN_POINT('',(-3.856087,-5.22230099999999,5.44999999999987)
);
#95490=DIRECTION('',(0.,-1.,0.));
#95500=VECTOR('',#95490,1.);
#95510=LINE('',#95480,#95500);
#95520=EDGE_CURVE('',#95030,#95450,#95510,.T.);
#95530=ORIENTED_EDGE('',*,*,#95520,.T.);
#95540=ORIENTED_EDGE('',*,*,#95040,.T.);
#95550=ORIENTED_EDGE('',*,*,#63760,.F.);
#95560=EDGE_LOOP('',(#95550,#95540,#95530,#95470,#95390,#95310,#95220));
#95570=FACE_OUTER_BOUND('',#95560,.T.);
#95580=ADVANCED_FACE('',(#95570),#95210,.T.);
#95590=CARTESIAN_POINT('',(-3.506087,-5.07230099999999,5.34999999999987)
);
#95600=DIRECTION('',(-1.,-0.,-0.));
#95610=DIRECTION('',(0.,1.,0.));
#95620=AXIS2_PLACEMENT_3D('',#95590,#95600,#95610);
#95630=CYLINDRICAL_SURFACE('',#95620,0.45);
#95640=ORIENTED_EDGE('',*,*,#95300,.F.);
#95650=ORIENTED_EDGE('',*,*,#94300,.T.);
#95660=ORIENTED_EDGE('',*,*,#94850,.F.);
#95670=CARTESIAN_POINT('',(-3.856087,-5.07230099999999,5.79999999999987)
);
#95680=DIRECTION('',(1.,0.,0.));
#95690=VECTOR('',#95680,1.);
#95700=LINE('',#95670,#95690);
#95710=EDGE_CURVE('',#95290,#94770,#95700,.T.);
#95720=ORIENTED_EDGE('',*,*,#95710,.T.);
#95730=EDGE_LOOP('',(#95720,#95660,#95650,#95640));
#95740=FACE_OUTER_BOUND('',#95730,.T.);
#95750=ADVANCED_FACE('',(#95740),#95630,.T.);
#95760=CARTESIAN_POINT('',(-3.506087,-4.62230099999999,5.79999999999987)
);
#95770=DIRECTION('',(-0.,-0.,1.));
#95780=DIRECTION('',(0.,-1.,-0.));
#95790=AXIS2_PLACEMENT_3D('',#95760,#95770,#95780);
#95800=PLANE('',#95790);
#95810=ORIENTED_EDGE('',*,*,#94780,.T.);
#95820=CARTESIAN_POINT('',(-3.506087,-8.18730099999999,5.79999999999987)
);
#95830=DIRECTION('',(-1.,0.,0.));
#95840=VECTOR('',#95830,1.);
#95850=LINE('',#95820,#95840);
#95860=EDGE_CURVE('',#94690,#95370,#95850,.T.);
#95870=ORIENTED_EDGE('',*,*,#95860,.F.);
#95880=ORIENTED_EDGE('',*,*,#95380,.F.);
#95890=ORIENTED_EDGE('',*,*,#95710,.F.);
#95900=EDGE_LOOP('',(#95890,#95880,#95870,#95810));
#95910=FACE_OUTER_BOUND('',#95900,.T.);
#95920=ADVANCED_FACE('',(#95910),#95800,.T.);
#95930=CARTESIAN_POINT('',(-3.506087,-8.18730099999999,5.79999999999987)
);
#95940=DIRECTION('',(-0.,-0.242535625036333,0.970142500145332));
#95950=DIRECTION('',(0.,-0.970142500145332,-0.242535625036333));
#95960=AXIS2_PLACEMENT_3D('',#95930,#95940,#95950);
#95970=PLANE('',#95960);
#95980=CARTESIAN_POINT('',(-3.781087,-8.48730099999999,5.72499999999987)
);
#95990=DIRECTION('',(1.,0.,0.));
#96000=VECTOR('',#95990,1.);
#96010=LINE('',#95980,#96000);
#96020=CARTESIAN_POINT('',(-3.781087,-8.48730099999999,5.72499999999987)
);
#96030=VERTEX_POINT('',#96020);
#96040=CARTESIAN_POINT('',(-3.58108699999999,-8.48730099999999,
5.72499999999987));
#96050=VERTEX_POINT('',#96040);
#96060=EDGE_CURVE('',#96030,#96050,#96010,.T.);
#96070=ORIENTED_EDGE('',*,*,#96060,.T.);
#96080=CARTESIAN_POINT('',(-3.856087,-8.18730099999999,5.79999999999987)
);
#96090=DIRECTION('',(0.235702260395518,-0.942809041582062,
-0.235702260395517));
#96100=VECTOR('',#96090,1.);
#96110=LINE('',#96080,#96100);
#96120=EDGE_CURVE('',#95370,#96030,#96110,.T.);
#96130=ORIENTED_EDGE('',*,*,#96120,.T.);
#96140=ORIENTED_EDGE('',*,*,#95860,.T.);
#96150=CARTESIAN_POINT('',(-3.581087,-8.48730099999999,5.72499999999987)
);
#96160=DIRECTION('',(0.235702260395517,0.942809041582063,
0.235702260395517));
#96170=VECTOR('',#96160,1.);
#96180=LINE('',#96150,#96170);
#96190=EDGE_CURVE('',#96050,#94690,#96180,.T.);
#96200=ORIENTED_EDGE('',*,*,#96190,.T.);
#96210=EDGE_LOOP('',(#96200,#96140,#96130,#96070));
#96220=FACE_OUTER_BOUND('',#96210,.T.);
#96230=ADVANCED_FACE('',(#96220),#95970,.T.);
#96240=CARTESIAN_POINT('',(-3.506087,-8.18730099999999,6.21000239999987)
);
#96250=DIRECTION('',(-0.970142500145332,0.242535625036334,-0.));
#96260=DIRECTION('',(-0.242535625036334,-0.970142500145332,0.));
#96270=AXIS2_PLACEMENT_3D('',#96240,#96250,#96260);
#96280=PLANE('',#96270);
#96290=CARTESIAN_POINT('',(-3.58108699999999,-8.48730099999999,
5.52499999999987));
#96300=DIRECTION('',(0.,0.,1.));
#96310=VECTOR('',#96300,1.);
#96320=LINE('',#96290,#96310);
#96330=CARTESIAN_POINT('',(-3.581087,-8.48730099999999,5.52499999999987)
);
#96340=VERTEX_POINT('',#96330);
#96350=EDGE_CURVE('',#96340,#96050,#96320,.T.);
#96360=ORIENTED_EDGE('',*,*,#96350,.F.);
#96370=ORIENTED_EDGE('',*,*,#96190,.F.);
#96380=ORIENTED_EDGE('',*,*,#94700,.F.);
#96390=CARTESIAN_POINT('',(-3.506087,-8.18730099999999,5.44999999999987)
);
#96400=DIRECTION('',(-0.235702260395516,-0.942809041582063,
0.235702260395517));
#96410=VECTOR('',#96400,1.);
#96420=LINE('',#96390,#96410);
#96430=EDGE_CURVE('',#94610,#96340,#96420,.T.);
#96440=ORIENTED_EDGE('',*,*,#96430,.F.);
#96450=EDGE_LOOP('',(#96440,#96380,#96370,#96360));
#96460=FACE_OUTER_BOUND('',#96450,.T.);
#96470=ADVANCED_FACE('',(#96460),#96280,.F.);
#96480=CARTESIAN_POINT('',(-3.506087,-8.48730099999999,5.52499999999987)
);
#96490=DIRECTION('',(-0.,-0.242535625036333,-0.970142500145332));
#96500=DIRECTION('',(0.,0.970142500145332,-0.242535625036333));
#96510=AXIS2_PLACEMENT_3D('',#96480,#96490,#96500);
#96520=PLANE('',#96510);
#96530=CARTESIAN_POINT('',(-3.781087,-8.48730099999999,5.52499999999987)
);
#96540=DIRECTION('',(1.,0.,0.));
#96550=VECTOR('',#96540,1.);
#96560=LINE('',#96530,#96550);
#96570=CARTESIAN_POINT('',(-3.781087,-8.48730099999999,5.52499999999987)
);
#96580=VERTEX_POINT('',#96570);
#96590=EDGE_CURVE('',#96580,#96340,#96560,.T.);
#96600=ORIENTED_EDGE('',*,*,#96590,.F.);
#96610=ORIENTED_EDGE('',*,*,#96430,.T.);
#96620=CARTESIAN_POINT('',(-3.856087,-8.18730099999999,5.44999999999987)
);
#96630=DIRECTION('',(1.,0.,0.));
#96640=VECTOR('',#96630,1.);
#96650=LINE('',#96620,#96640);
#96660=EDGE_CURVE('',#95450,#94610,#96650,.T.);
#96670=ORIENTED_EDGE('',*,*,#96660,.T.);
#96680=CARTESIAN_POINT('',(-3.781087,-8.48730099999999,5.52499999999987)
);
#96690=DIRECTION('',(-0.235702260395517,0.942809041582063,
-0.235702260395517));
#96700=VECTOR('',#96690,1.);
#96710=LINE('',#96680,#96700);
#96720=EDGE_CURVE('',#96580,#95450,#96710,.T.);
#96730=ORIENTED_EDGE('',*,*,#96720,.T.);
#96740=EDGE_LOOP('',(#96730,#96670,#96610,#96600));
#96750=FACE_OUTER_BOUND('',#96740,.T.);
#96760=ADVANCED_FACE('',(#96750),#96520,.T.);
#96770=CARTESIAN_POINT('',(-3.781087,-8.48730099999999,6.21000239999987)
);
#96780=DIRECTION('',(0.970142500145332,0.242535625036334,-0.));
#96790=DIRECTION('',(-0.242535625036334,0.970142500145332,0.));
#96800=AXIS2_PLACEMENT_3D('',#96770,#96780,#96790);
#96810=PLANE('',#96800);
#96820=CARTESIAN_POINT('',(-3.781087,-8.48730099999999,5.72499999999987)
);
#96830=DIRECTION('',(0.,0.,-1.));
#96840=VECTOR('',#96830,1.);
#96850=LINE('',#96820,#96840);
#96860=EDGE_CURVE('',#96030,#96580,#96850,.T.);
#96870=ORIENTED_EDGE('',*,*,#96860,.F.);
#96880=ORIENTED_EDGE('',*,*,#96720,.F.);
#96890=ORIENTED_EDGE('',*,*,#95460,.T.);
#96900=ORIENTED_EDGE('',*,*,#96120,.F.);
#96910=EDGE_LOOP('',(#96900,#96890,#96880,#96870));
#96920=FACE_OUTER_BOUND('',#96910,.T.);
#96930=ADVANCED_FACE('',(#96920),#96810,.F.);
#96940=CARTESIAN_POINT('',(-3.506087,-8.48730099999999,5.72499999999987)
);
#96950=DIRECTION('',(-0.,-1.,-0.));
#96960=DIRECTION('',(0.,0.,-1.));
#96970=AXIS2_PLACEMENT_3D('',#96940,#96950,#96960);
#96980=PLANE('',#96970);
#96990=ORIENTED_EDGE('',*,*,#96590,.T.);
#97000=ORIENTED_EDGE('',*,*,#96860,.T.);
#97010=ORIENTED_EDGE('',*,*,#96060,.F.);
#97020=ORIENTED_EDGE('',*,*,#96350,.T.);
#97030=EDGE_LOOP('',(#97020,#97010,#97000,#96990));
#97040=FACE_OUTER_BOUND('',#97030,.T.);
#97050=ADVANCED_FACE('',(#97040),#96980,.T.);
#97060=CARTESIAN_POINT('',(-3.506087,-8.18730099999999,5.44999999999987)
);
#97070=DIRECTION('',(-0.,-0.,-1.));
#97080=DIRECTION('',(0.,1.,0.));
#97090=AXIS2_PLACEMENT_3D('',#97060,#97070,#97080);
#97100=PLANE('',#97090);
#97110=ORIENTED_EDGE('',*,*,#95100,.F.);
#97120=ORIENTED_EDGE('',*,*,#95520,.F.);
#97130=ORIENTED_EDGE('',*,*,#96660,.F.);
#97140=ORIENTED_EDGE('',*,*,#94620,.T.);
#97150=EDGE_LOOP('',(#97140,#97130,#97120,#97110));
#97160=FACE_OUTER_BOUND('',#97150,.T.);
#97170=ADVANCED_FACE('',(#97160),#97100,.T.);
#97180=CARTESIAN_POINT('',(-4.756087,-5.22230099999999,5.19999999999987)
);
#97190=DIRECTION('',(1.,-0.,-0.));
#97200=DIRECTION('',(-0.,-1.,0.));
#97210=AXIS2_PLACEMENT_3D('',#97180,#97190,#97200);
#97220=CYLINDRICAL_SURFACE('',#97210,0.25);
#97230=CARTESIAN_POINT('',(-5.106087,-5.22230099999999,5.19999999999987)
);
#97240=DIRECTION('',(1.,0.,-0.));
#97250=DIRECTION('',(0.,0.916515138991167,0.400000000000001));
#97260=AXIS2_PLACEMENT_3D('',#97230,#97240,#97250);
#97270=CIRCLE('',#97260,0.25);
#97280=CARTESIAN_POINT('',(-5.106087,-5.22230099999999,5.44999999999987)
);
#97290=VERTEX_POINT('',#97280);
#97300=EDGE_CURVE('',#16110,#97290,#97270,.T.);
#97310=ORIENTED_EDGE('',*,*,#97300,.F.);
#97320=CARTESIAN_POINT('',(-4.756087,-5.22230099999999,5.44999999999987)
);
#97330=DIRECTION('',(-1.,0.,0.));
#97340=VECTOR('',#97330,1.);
#97350=LINE('',#97320,#97340);
#97360=CARTESIAN_POINT('',(-4.756087,-5.22230099999999,5.44999999999987)
);
#97370=VERTEX_POINT('',#97360);
#97380=EDGE_CURVE('',#97370,#97290,#97350,.T.);
#97390=ORIENTED_EDGE('',*,*,#97380,.T.);
#97400=CARTESIAN_POINT('',(-4.756087,-5.22230099999999,5.19999999999987)
);
#97410=DIRECTION('',(-1.,0.,0.));
#97420=DIRECTION('',(0.,0.,1.));
#97430=AXIS2_PLACEMENT_3D('',#97400,#97410,#97420);
#97440=CIRCLE('',#97430,0.25);
#97450=EDGE_CURVE('',#97370,#16190,#97440,.T.);
#97460=ORIENTED_EDGE('',*,*,#97450,.F.);
#97470=ORIENTED_EDGE('',*,*,#16200,.T.);
#97480=EDGE_LOOP('',(#97470,#97460,#97390,#97310));
#97490=FACE_OUTER_BOUND('',#97480,.T.);
#97500=ADVANCED_FACE('',(#97490),#97220,.F.);
#97510=CARTESIAN_POINT('',(-5.106087,-4.79526773473205,4.14158443146156)
);
#97520=DIRECTION('',(-1.,-0.,-0.));
#97530=DIRECTION('',(0.,1.,0.));
#97540=AXIS2_PLACEMENT_3D('',#97510,#97520,#97530);
#97550=PLANE('',#97540);
#97560=CARTESIAN_POINT('',(-5.106087,-4.62230099999999,5.29999999999987)
);
#97570=DIRECTION('',(0.,0.,1.));
#97580=VECTOR('',#97570,1.);
#97590=LINE('',#97560,#97580);
#97600=CARTESIAN_POINT('',(-5.106087,-4.62230099999999,5.34999999999987)
);
#97610=VERTEX_POINT('',#97600);
#97620=EDGE_CURVE('',#14500,#97610,#97590,.T.);
#97630=ORIENTED_EDGE('',*,*,#97620,.F.);
#97640=CARTESIAN_POINT('',(-5.106087,-5.07230099999999,5.34999999999987)
);
#97650=DIRECTION('',(-1.,0.,0.));
#97660=DIRECTION('',(0.,0.,1.));
#97670=AXIS2_PLACEMENT_3D('',#97640,#97650,#97660);
#97680=CIRCLE('',#97670,0.45);
#97690=CARTESIAN_POINT('',(-5.106087,-5.07230099999999,5.79999999999987)
);
#97700=VERTEX_POINT('',#97690);
#97710=EDGE_CURVE('',#97700,#97610,#97680,.T.);
#97720=ORIENTED_EDGE('',*,*,#97710,.T.);
#97730=CARTESIAN_POINT('',(-5.106087,-8.18730099999999,5.79999999999987)
);
#97740=DIRECTION('',(0.,1.,0.));
#97750=VECTOR('',#97740,1.);
#97760=LINE('',#97730,#97750);
#97770=CARTESIAN_POINT('',(-5.106087,-8.18730099999999,5.79999999999987)
);
#97780=VERTEX_POINT('',#97770);
#97790=EDGE_CURVE('',#97780,#97700,#97760,.T.);
#97800=ORIENTED_EDGE('',*,*,#97790,.T.);
#97810=CARTESIAN_POINT('',(-5.106087,-8.18730099999999,5.79999999999986)
);
#97820=DIRECTION('',(0.,0.,-1.));
#97830=VECTOR('',#97820,1.);
#97840=LINE('',#97810,#97830);
#97850=CARTESIAN_POINT('',(-5.106087,-8.18730099999999,5.44999999999987)
);
#97860=VERTEX_POINT('',#97850);
#97870=EDGE_CURVE('',#97780,#97860,#97840,.T.);
#97880=ORIENTED_EDGE('',*,*,#97870,.F.);
#97890=CARTESIAN_POINT('',(-5.106087,-5.22230099999999,5.44999999999987)
);
#97900=DIRECTION('',(0.,-1.,0.));
#97910=VECTOR('',#97900,1.);
#97920=LINE('',#97890,#97910);
#97930=EDGE_CURVE('',#97290,#97860,#97920,.T.);
#97940=ORIENTED_EDGE('',*,*,#97930,.T.);
#97950=ORIENTED_EDGE('',*,*,#97300,.T.);
#97960=ORIENTED_EDGE('',*,*,#58980,.T.);
#97970=EDGE_LOOP('',(#97960,#97950,#97940,#97880,#97800,#97720,#97630));
#97980=FACE_OUTER_BOUND('',#97970,.T.);
#97990=ADVANCED_FACE('',(#97980),#97550,.T.);
#98000=CARTESIAN_POINT('',(-4.756087,-4.62230099999999,1.99999999999987)
);
#98010=DIRECTION('',(-0.,1.,-2.31296463463574E-17));
#98020=DIRECTION('',(0.,2.31296463463574E-17,1.));
#98030=AXIS2_PLACEMENT_3D('',#98000,#98010,#98020);
#98040=PLANE('',#98030);
#98050=CARTESIAN_POINT('',(-4.756087,-4.62230099999999,5.29999999999987)
);
#98060=DIRECTION('',(0.,0.,1.));
#98070=VECTOR('',#98060,1.);
#98080=LINE('',#98050,#98070);
#98090=CARTESIAN_POINT('',(-4.756087,-4.62230099999999,5.34999999999987)
);
#98100=VERTEX_POINT('',#98090);
#98110=EDGE_CURVE('',#14590,#98100,#98080,.T.);
#98120=ORIENTED_EDGE('',*,*,#98110,.F.);
#98130=CARTESIAN_POINT('',(-4.756087,-4.62230099999999,5.34999999999987)
);
#98140=DIRECTION('',(-1.,0.,0.));
#98150=VECTOR('',#98140,1.);
#98160=LINE('',#98130,#98150);
#98170=EDGE_CURVE('',#98100,#97610,#98160,.T.);
#98180=ORIENTED_EDGE('',*,*,#98170,.F.);
#98190=ORIENTED_EDGE('',*,*,#97620,.T.);
#98200=ORIENTED_EDGE('',*,*,#14660,.F.);
#98210=EDGE_LOOP('',(#98200,#98190,#98180,#98120));
#98220=FACE_OUTER_BOUND('',#98210,.T.);
#98230=ADVANCED_FACE('',(#98220),#98040,.T.);
#98240=CARTESIAN_POINT('',(-4.756087,-4.79526773473205,4.14158443146156)
);
#98250=DIRECTION('',(-1.,-0.,-0.));
#98260=DIRECTION('',(0.,1.,0.));
#98270=AXIS2_PLACEMENT_3D('',#98240,#98250,#98260);
#98280=PLANE('',#98270);
#98290=ORIENTED_EDGE('',*,*,#97450,.T.);
#98300=CARTESIAN_POINT('',(-4.756087,-5.22230099999999,5.44999999999987)
);
#98310=DIRECTION('',(0.,-1.,0.));
#98320=VECTOR('',#98310,1.);
#98330=LINE('',#98300,#98320);
#98340=CARTESIAN_POINT('',(-4.756087,-8.18730099999999,5.44999999999987)
);
#98350=VERTEX_POINT('',#98340);
#98360=EDGE_CURVE('',#97370,#98350,#98330,.T.);
#98370=ORIENTED_EDGE('',*,*,#98360,.F.);
#98380=CARTESIAN_POINT('',(-4.756087,-8.18730099999999,5.79999999999987)
);
#98390=DIRECTION('',(0.,0.,-1.));
#98400=VECTOR('',#98390,1.);
#98410=LINE('',#98380,#98400);
#98420=CARTESIAN_POINT('',(-4.756087,-8.18730099999999,5.79999999999987)
);
#98430=VERTEX_POINT('',#98420);
#98440=EDGE_CURVE('',#98430,#98350,#98410,.T.);
#98450=ORIENTED_EDGE('',*,*,#98440,.T.);
#98460=CARTESIAN_POINT('',(-4.756087,-8.18730099999999,5.79999999999987)
);
#98470=DIRECTION('',(0.,1.,0.));
#98480=VECTOR('',#98470,1.);
#98490=LINE('',#98460,#98480);
#98500=CARTESIAN_POINT('',(-4.756087,-5.07230099999999,5.79999999999987)
);
#98510=VERTEX_POINT('',#98500);
#98520=EDGE_CURVE('',#98430,#98510,#98490,.T.);
#98530=ORIENTED_EDGE('',*,*,#98520,.F.);
#98540=CARTESIAN_POINT('',(-4.756087,-5.07230099999999,5.34999999999987)
);
#98550=DIRECTION('',(1.,0.,0.));
#98560=DIRECTION('',(0.,1.,0.));
#98570=AXIS2_PLACEMENT_3D('',#98540,#98550,#98560);
#98580=CIRCLE('',#98570,0.45);
#98590=EDGE_CURVE('',#98100,#98510,#98580,.T.);
#98600=ORIENTED_EDGE('',*,*,#98590,.T.);
#98610=ORIENTED_EDGE('',*,*,#98110,.T.);
#98620=ORIENTED_EDGE('',*,*,#63280,.F.);
#98630=EDGE_LOOP('',(#98620,#98610,#98600,#98530,#98450,#98370,#98290));
#98640=FACE_OUTER_BOUND('',#98630,.T.);
#98650=ADVANCED_FACE('',(#98640),#98280,.F.);
#98660=CARTESIAN_POINT('',(-4.756087,-8.18730099999999,5.44999999999987)
);
#98670=DIRECTION('',(-0.,-0.,-1.));
#98680=DIRECTION('',(0.,1.,0.));
#98690=AXIS2_PLACEMENT_3D('',#98660,#98670,#98680);
#98700=PLANE('',#98690);
#98710=ORIENTED_EDGE('',*,*,#97380,.F.);
#98720=ORIENTED_EDGE('',*,*,#97930,.F.);
#98730=CARTESIAN_POINT('',(-5.106087,-8.18730099999999,5.44999999999987)
);
#98740=DIRECTION('',(1.,0.,0.));
#98750=VECTOR('',#98740,1.);
#98760=LINE('',#98730,#98750);
#98770=EDGE_CURVE('',#97860,#98350,#98760,.T.);
#98780=ORIENTED_EDGE('',*,*,#98770,.F.);
#98790=ORIENTED_EDGE('',*,*,#98360,.T.);
#98800=EDGE_LOOP('',(#98790,#98780,#98720,#98710));
#98810=FACE_OUTER_BOUND('',#98800,.T.);
#98820=ADVANCED_FACE('',(#98810),#98700,.T.);
#98830=CARTESIAN_POINT('',(-4.756087,-8.48730099999999,5.52499999999987)
);
#98840=DIRECTION('',(-0.,-0.242535625036333,-0.970142500145332));
#98850=DIRECTION('',(0.,0.970142500145332,-0.242535625036333));
#98860=AXIS2_PLACEMENT_3D('',#98830,#98840,#98850);
#98870=PLANE('',#98860);
#98880=CARTESIAN_POINT('',(-5.031087,-8.48730099999999,5.52499999999987)
);
#98890=DIRECTION('',(1.,0.,0.));
#98900=VECTOR('',#98890,1.);
#98910=LINE('',#98880,#98900);
#98920=CARTESIAN_POINT('',(-5.031087,-8.48730099999999,5.52499999999987)
);
#98930=VERTEX_POINT('',#98920);
#98940=CARTESIAN_POINT('',(-4.831087,-8.48730099999999,5.52499999999987)
);
#98950=VERTEX_POINT('',#98940);
#98960=EDGE_CURVE('',#98930,#98950,#98910,.T.);
#98970=ORIENTED_EDGE('',*,*,#98960,.F.);
#98980=CARTESIAN_POINT('',(-4.756087,-8.18730099999999,5.44999999999987)
);
#98990=DIRECTION('',(-0.235702260395514,-0.942809041582063,
0.235702260395517));
#99000=VECTOR('',#98990,1.);
#99010=LINE('',#98980,#99000);
#99020=EDGE_CURVE('',#98350,#98950,#99010,.T.);
#99030=ORIENTED_EDGE('',*,*,#99020,.T.);
#99040=ORIENTED_EDGE('',*,*,#98770,.T.);
#99050=CARTESIAN_POINT('',(-5.031087,-8.48730099999999,5.52499999999987)
);
#99060=DIRECTION('',(-0.235702260395517,0.942809041582063,
-0.235702260395517));
#99070=VECTOR('',#99060,1.);
#99080=LINE('',#99050,#99070);
#99090=EDGE_CURVE('',#98930,#97860,#99080,.T.);
#99100=ORIENTED_EDGE('',*,*,#99090,.T.);
#99110=EDGE_LOOP('',(#99100,#99040,#99030,#98970));
#99120=FACE_OUTER_BOUND('',#99110,.T.);
#99130=ADVANCED_FACE('',(#99120),#98870,.T.);
#99140=CARTESIAN_POINT('',(-5.031087,-8.48730099999999,6.21000239999987)
);
#99150=DIRECTION('',(0.970142500145332,0.242535625036334,-0.));
#99160=DIRECTION('',(-0.242535625036334,0.970142500145332,0.));
#99170=AXIS2_PLACEMENT_3D('',#99140,#99150,#99160);
#99180=PLANE('',#99170);
#99190=CARTESIAN_POINT('',(-5.031087,-8.48730099999999,5.72499999999987)
);
#99200=DIRECTION('',(0.,0.,-1.));
#99210=VECTOR('',#99200,1.);
#99220=LINE('',#99190,#99210);
#99230=CARTESIAN_POINT('',(-5.031087,-8.48730099999999,5.72499999999987)
);
#99240=VERTEX_POINT('',#99230);
#99250=EDGE_CURVE('',#99240,#98930,#99220,.T.);
#99260=ORIENTED_EDGE('',*,*,#99250,.F.);
#99270=ORIENTED_EDGE('',*,*,#99090,.F.);
#99280=ORIENTED_EDGE('',*,*,#97870,.T.);
#99290=CARTESIAN_POINT('',(-5.106087,-8.18730099999999,5.79999999999987)
);
#99300=DIRECTION('',(0.235702260395517,-0.942809041582063,
-0.235702260395517));
#99310=VECTOR('',#99300,1.);
#99320=LINE('',#99290,#99310);
#99330=EDGE_CURVE('',#97780,#99240,#99320,.T.);
#99340=ORIENTED_EDGE('',*,*,#99330,.F.);
#99350=EDGE_LOOP('',(#99340,#99280,#99270,#99260));
#99360=FACE_OUTER_BOUND('',#99350,.T.);
#99370=ADVANCED_FACE('',(#99360),#99180,.F.);
#99380=CARTESIAN_POINT('',(-4.756087,-8.18730099999999,5.79999999999987)
);
#99390=DIRECTION('',(-0.,-0.242535625036333,0.970142500145332));
#99400=DIRECTION('',(0.,-0.970142500145332,-0.242535625036333));
#99410=AXIS2_PLACEMENT_3D('',#99380,#99390,#99400);
#99420=PLANE('',#99410);
#99430=CARTESIAN_POINT('',(-5.031087,-8.48730099999999,5.72499999999987)
);
#99440=DIRECTION('',(1.,0.,0.));
#99450=VECTOR('',#99440,1.);
#99460=LINE('',#99430,#99450);
#99470=CARTESIAN_POINT('',(-4.83108699999999,-8.48730099999999,
5.72499999999987));
#99480=VERTEX_POINT('',#99470);
#99490=EDGE_CURVE('',#99240,#99480,#99460,.T.);
#99500=ORIENTED_EDGE('',*,*,#99490,.T.);
#99510=ORIENTED_EDGE('',*,*,#99330,.T.);
#99520=CARTESIAN_POINT('',(-4.756087,-8.18730099999999,5.79999999999987)
);
#99530=DIRECTION('',(-1.,0.,0.));
#99540=VECTOR('',#99530,1.);
#99550=LINE('',#99520,#99540);
#99560=EDGE_CURVE('',#98430,#97780,#99550,.T.);
#99570=ORIENTED_EDGE('',*,*,#99560,.T.);
#99580=CARTESIAN_POINT('',(-4.831087,-8.48730099999999,5.72499999999987)
);
#99590=DIRECTION('',(0.23570226039552,0.942809041582062,
0.235702260395517));
#99600=VECTOR('',#99590,1.);
#99610=LINE('',#99580,#99600);
#99620=EDGE_CURVE('',#99480,#98430,#99610,.T.);
#99630=ORIENTED_EDGE('',*,*,#99620,.T.);
#99640=EDGE_LOOP('',(#99630,#99570,#99510,#99500));
#99650=FACE_OUTER_BOUND('',#99640,.T.);
#99660=ADVANCED_FACE('',(#99650),#99420,.T.);
#99670=CARTESIAN_POINT('',(-4.756087,-8.18730099999999,6.21000239999987)
);
#99680=DIRECTION('',(-0.970142500145332,0.242535625036334,-0.));
#99690=DIRECTION('',(-0.242535625036334,-0.970142500145332,0.));
#99700=AXIS2_PLACEMENT_3D('',#99670,#99680,#99690);
#99710=PLANE('',#99700);
#99720=CARTESIAN_POINT('',(-4.83108699999999,-8.48730099999999,
5.52499999999987));
#99730=DIRECTION('',(0.,0.,1.));
#99740=VECTOR('',#99730,1.);
#99750=LINE('',#99720,#99740);
#99760=EDGE_CURVE('',#98950,#99480,#99750,.T.);
#99770=ORIENTED_EDGE('',*,*,#99760,.F.);
#99780=ORIENTED_EDGE('',*,*,#99620,.F.);
#99790=ORIENTED_EDGE('',*,*,#98440,.F.);
#99800=ORIENTED_EDGE('',*,*,#99020,.F.);
#99810=EDGE_LOOP('',(#99800,#99790,#99780,#99770));
#99820=FACE_OUTER_BOUND('',#99810,.T.);
#99830=ADVANCED_FACE('',(#99820),#99710,.F.);
#99840=CARTESIAN_POINT('',(-4.756087,-8.48730099999999,5.72499999999987)
);
#99850=DIRECTION('',(-0.,-1.,-0.));
#99860=DIRECTION('',(0.,0.,-1.));
#99870=AXIS2_PLACEMENT_3D('',#99840,#99850,#99860);
#99880=PLANE('',#99870);
#99890=ORIENTED_EDGE('',*,*,#98960,.T.);
#99900=ORIENTED_EDGE('',*,*,#99250,.T.);
#99910=ORIENTED_EDGE('',*,*,#99490,.F.);
#99920=ORIENTED_EDGE('',*,*,#99760,.T.);
#99930=EDGE_LOOP('',(#99920,#99910,#99900,#99890));
#99940=FACE_OUTER_BOUND('',#99930,.T.);
#99950=ADVANCED_FACE('',(#99940),#99880,.T.);
#99960=CARTESIAN_POINT('',(-4.756087,-4.62230099999999,5.79999999999987)
);
#99970=DIRECTION('',(-0.,-0.,1.));
#99980=DIRECTION('',(0.,-1.,-0.));
#99990=AXIS2_PLACEMENT_3D('',#99960,#99970,#99980);
#100000=PLANE('',#99990);
#100010=ORIENTED_EDGE('',*,*,#98520,.T.);
#100020=ORIENTED_EDGE('',*,*,#99560,.F.);
#100030=ORIENTED_EDGE('',*,*,#97790,.F.);
#100040=CARTESIAN_POINT('',(-5.106087,-5.07230099999999,5.79999999999987
));
#100050=DIRECTION('',(1.,0.,0.));
#100060=VECTOR('',#100050,1.);
#100070=LINE('',#100040,#100060);
#100080=EDGE_CURVE('',#97700,#98510,#100070,.T.);
#100090=ORIENTED_EDGE('',*,*,#100080,.F.);
#100100=EDGE_LOOP('',(#100090,#100030,#100020,#100010));
#100110=FACE_OUTER_BOUND('',#100100,.T.);
#100120=ADVANCED_FACE('',(#100110),#100000,.T.);
#100130=CARTESIAN_POINT('',(-4.756087,-5.07230099999999,5.34999999999987
));
#100140=DIRECTION('',(-1.,-0.,-0.));
#100150=DIRECTION('',(0.,1.,0.));
#100160=AXIS2_PLACEMENT_3D('',#100130,#100140,#100150);
#100170=CYLINDRICAL_SURFACE('',#100160,0.45);
#100180=ORIENTED_EDGE('',*,*,#97710,.F.);
#100190=ORIENTED_EDGE('',*,*,#98170,.T.);
#100200=ORIENTED_EDGE('',*,*,#98590,.F.);
#100210=ORIENTED_EDGE('',*,*,#100080,.T.);
#100220=EDGE_LOOP('',(#100210,#100200,#100190,#100180));
#100230=FACE_OUTER_BOUND('',#100220,.T.);
#100240=ADVANCED_FACE('',(#100230),#100170,.T.);
#100250=CARTESIAN_POINT('',(-2.256087,-5.22230099999999,5.19999999999987
));
#100260=DIRECTION('',(1.,-0.,-0.));
#100270=DIRECTION('',(-0.,-1.,0.));
#100280=AXIS2_PLACEMENT_3D('',#100250,#100260,#100270);
#100290=CYLINDRICAL_SURFACE('',#100280,0.25);
#100300=CARTESIAN_POINT('',(-2.606087,-5.22230099999999,5.19999999999987
));
#100310=DIRECTION('',(1.,0.,-0.));
#100320=DIRECTION('',(0.,0.916515138991167,0.400000000000001));
#100330=AXIS2_PLACEMENT_3D('',#100300,#100310,#100320);
#100340=CIRCLE('',#100330,0.25);
#100350=CARTESIAN_POINT('',(-2.606087,-5.22230099999999,5.44999999999987
));
#100360=VERTEX_POINT('',#100350);
#100370=EDGE_CURVE('',#16750,#100360,#100340,.T.);
#100380=ORIENTED_EDGE('',*,*,#100370,.F.);
#100390=CARTESIAN_POINT('',(-2.256087,-5.22230099999999,5.44999999999987
));
#100400=DIRECTION('',(-1.,0.,0.));
#100410=VECTOR('',#100400,1.);
#100420=LINE('',#100390,#100410);
#100430=CARTESIAN_POINT('',(-2.256087,-5.22230099999999,5.44999999999987
));
#100440=VERTEX_POINT('',#100430);
#100450=EDGE_CURVE('',#100440,#100360,#100420,.T.);
#100460=ORIENTED_EDGE('',*,*,#100450,.T.);
#100470=CARTESIAN_POINT('',(-2.256087,-5.22230099999999,5.19999999999987
));
#100480=DIRECTION('',(-1.,0.,0.));
#100490=DIRECTION('',(0.,0.,1.));
#100500=AXIS2_PLACEMENT_3D('',#100470,#100480,#100490);
#100510=CIRCLE('',#100500,0.25);
#100520=EDGE_CURVE('',#100440,#16830,#100510,.T.);
#100530=ORIENTED_EDGE('',*,*,#100520,.F.);
#100540=ORIENTED_EDGE('',*,*,#16840,.T.);
#100550=EDGE_LOOP('',(#100540,#100530,#100460,#100380));
#100560=FACE_OUTER_BOUND('',#100550,.T.);
#100570=ADVANCED_FACE('',(#100560),#100290,.F.);
#100580=CARTESIAN_POINT('',(-2.606087,-4.79526773473205,4.14158443146156
));
#100590=DIRECTION('',(-1.,-0.,-0.));
#100600=DIRECTION('',(0.,1.,0.));
#100610=AXIS2_PLACEMENT_3D('',#100580,#100590,#100600);
#100620=PLANE('',#100610);
#100630=CARTESIAN_POINT('',(-2.606087,-4.62230099999999,5.29999999999987
));
#100640=DIRECTION('',(0.,0.,1.));
#100650=VECTOR('',#100640,1.);
#100660=LINE('',#100630,#100650);
#100670=CARTESIAN_POINT('',(-2.606087,-4.62230099999999,5.34999999999987
));
#100680=VERTEX_POINT('',#100670);
#100690=EDGE_CURVE('',#14760,#100680,#100660,.T.);
#100700=ORIENTED_EDGE('',*,*,#100690,.F.);
#100710=CARTESIAN_POINT('',(-2.606087,-5.07230099999999,5.34999999999987
));
#100720=DIRECTION('',(-1.,0.,0.));
#100730=DIRECTION('',(0.,0.,1.));
#100740=AXIS2_PLACEMENT_3D('',#100710,#100720,#100730);
#100750=CIRCLE('',#100740,0.45);
#100760=CARTESIAN_POINT('',(-2.606087,-5.07230099999999,5.79999999999987
));
#100770=VERTEX_POINT('',#100760);
#100780=EDGE_CURVE('',#100770,#100680,#100750,.T.);
#100790=ORIENTED_EDGE('',*,*,#100780,.T.);
#100800=CARTESIAN_POINT('',(-2.606087,-8.18730099999999,5.79999999999987
));
#100810=DIRECTION('',(0.,1.,0.));
#100820=VECTOR('',#100810,1.);
#100830=LINE('',#100800,#100820);
#100840=CARTESIAN_POINT('',(-2.606087,-8.18730099999999,5.79999999999987
));
#100850=VERTEX_POINT('',#100840);
#100860=EDGE_CURVE('',#100850,#100770,#100830,.T.);
#100870=ORIENTED_EDGE('',*,*,#100860,.T.);
#100880=CARTESIAN_POINT('',(-2.606087,-8.18730099999999,5.79999999999986
));
#100890=DIRECTION('',(0.,0.,-1.));
#100900=VECTOR('',#100890,1.);
#100910=LINE('',#100880,#100900);
#100920=CARTESIAN_POINT('',(-2.606087,-8.18730099999999,5.44999999999987
));
#100930=VERTEX_POINT('',#100920);
#100940=EDGE_CURVE('',#100850,#100930,#100910,.T.);
#100950=ORIENTED_EDGE('',*,*,#100940,.F.);
#100960=CARTESIAN_POINT('',(-2.606087,-5.22230099999999,5.44999999999987
));
#100970=DIRECTION('',(0.,-1.,0.));
#100980=VECTOR('',#100970,1.);
#100990=LINE('',#100960,#100980);
#101000=EDGE_CURVE('',#100360,#100930,#100990,.T.);
#101010=ORIENTED_EDGE('',*,*,#101000,.T.);
#101020=ORIENTED_EDGE('',*,*,#100370,.T.);
#101030=ORIENTED_EDGE('',*,*,#64680,.T.);
#101040=EDGE_LOOP('',(#101030,#101020,#101010,#100950,#100870,#100790,
#100700));
#101050=FACE_OUTER_BOUND('',#101040,.T.);
#101060=ADVANCED_FACE('',(#101050),#100620,.T.);
#101070=CARTESIAN_POINT('',(-2.256087,-4.62230099999999,1.99999999999987
));
#101080=DIRECTION('',(-0.,1.,-2.31296463463574E-17));
#101090=DIRECTION('',(0.,2.31296463463574E-17,1.));
#101100=AXIS2_PLACEMENT_3D('',#101070,#101080,#101090);
#101110=PLANE('',#101100);
#101120=CARTESIAN_POINT('',(-2.256087,-4.62230099999999,5.29999999999987
));
#101130=DIRECTION('',(0.,0.,1.));
#101140=VECTOR('',#101130,1.);
#101150=LINE('',#101120,#101140);
#101160=CARTESIAN_POINT('',(-2.256087,-4.62230099999999,5.34999999999987
));
#101170=VERTEX_POINT('',#101160);
#101180=EDGE_CURVE('',#14850,#101170,#101150,.T.);
#101190=ORIENTED_EDGE('',*,*,#101180,.F.);
#101200=CARTESIAN_POINT('',(-2.256087,-4.62230099999999,5.34999999999987
));
#101210=DIRECTION('',(-1.,0.,0.));
#101220=VECTOR('',#101210,1.);
#101230=LINE('',#101200,#101220);
#101240=EDGE_CURVE('',#101170,#100680,#101230,.T.);
#101250=ORIENTED_EDGE('',*,*,#101240,.F.);
#101260=ORIENTED_EDGE('',*,*,#100690,.T.);
#101270=ORIENTED_EDGE('',*,*,#14920,.F.);
#101280=EDGE_LOOP('',(#101270,#101260,#101250,#101190));
#101290=FACE_OUTER_BOUND('',#101280,.T.);
#101300=ADVANCED_FACE('',(#101290),#101110,.T.);
#101310=CARTESIAN_POINT('',(-2.256087,-4.79526773473205,4.14158443146156
));
#101320=DIRECTION('',(-1.,-0.,-0.));
#101330=DIRECTION('',(0.,1.,0.));
#101340=AXIS2_PLACEMENT_3D('',#101310,#101320,#101330);
#101350=PLANE('',#101340);
#101360=ORIENTED_EDGE('',*,*,#100520,.T.);
#101370=CARTESIAN_POINT('',(-2.256087,-5.22230099999999,5.44999999999987
));
#101380=DIRECTION('',(0.,-1.,0.));
#101390=VECTOR('',#101380,1.);
#101400=LINE('',#101370,#101390);
#101410=CARTESIAN_POINT('',(-2.256087,-8.18730099999999,5.44999999999987
));
#101420=VERTEX_POINT('',#101410);
#101430=EDGE_CURVE('',#100440,#101420,#101400,.T.);
#101440=ORIENTED_EDGE('',*,*,#101430,.F.);
#101450=CARTESIAN_POINT('',(-2.256087,-8.18730099999999,5.79999999999987
));
#101460=DIRECTION('',(0.,0.,-1.));
#101470=VECTOR('',#101460,1.);
#101480=LINE('',#101450,#101470);
#101490=CARTESIAN_POINT('',(-2.256087,-8.18730099999999,5.79999999999987
));
#101500=VERTEX_POINT('',#101490);
#101510=EDGE_CURVE('',#101500,#101420,#101480,.T.);
#101520=ORIENTED_EDGE('',*,*,#101510,.T.);
#101530=CARTESIAN_POINT('',(-2.256087,-8.18730099999999,5.79999999999987
));
#101540=DIRECTION('',(0.,1.,0.));
#101550=VECTOR('',#101540,1.);
#101560=LINE('',#101530,#101550);
#101570=CARTESIAN_POINT('',(-2.256087,-5.07230099999999,5.79999999999987
));
#101580=VERTEX_POINT('',#101570);
#101590=EDGE_CURVE('',#101500,#101580,#101560,.T.);
#101600=ORIENTED_EDGE('',*,*,#101590,.F.);
#101610=CARTESIAN_POINT('',(-2.256087,-5.07230099999999,5.34999999999987
));
#101620=DIRECTION('',(1.,0.,0.));
#101630=DIRECTION('',(0.,1.,0.));
#101640=AXIS2_PLACEMENT_3D('',#101610,#101620,#101630);
#101650=CIRCLE('',#101640,0.45);
#101660=EDGE_CURVE('',#101170,#101580,#101650,.T.);
#101670=ORIENTED_EDGE('',*,*,#101660,.T.);
#101680=ORIENTED_EDGE('',*,*,#101180,.T.);
#101690=ORIENTED_EDGE('',*,*,#65160,.T.);
#101700=EDGE_LOOP('',(#101690,#101680,#101670,#101600,#101520,#101440,
#101360));
#101710=FACE_OUTER_BOUND('',#101700,.T.);
#101720=ADVANCED_FACE('',(#101710),#101350,.F.);
#101730=CARTESIAN_POINT('',(-2.256087,-8.18730099999999,5.44999999999987
));
#101740=DIRECTION('',(-0.,-0.,-1.));
#101750=DIRECTION('',(0.,1.,0.));
#101760=AXIS2_PLACEMENT_3D('',#101730,#101740,#101750);
#101770=PLANE('',#101760);
#101780=ORIENTED_EDGE('',*,*,#100450,.F.);
#101790=ORIENTED_EDGE('',*,*,#101000,.F.);
#101800=CARTESIAN_POINT('',(-2.606087,-8.18730099999999,5.44999999999987
));
#101810=DIRECTION('',(1.,0.,0.));
#101820=VECTOR('',#101810,1.);
#101830=LINE('',#101800,#101820);
#101840=EDGE_CURVE('',#100930,#101420,#101830,.T.);
#101850=ORIENTED_EDGE('',*,*,#101840,.F.);
#101860=ORIENTED_EDGE('',*,*,#101430,.T.);
#101870=EDGE_LOOP('',(#101860,#101850,#101790,#101780));
#101880=FACE_OUTER_BOUND('',#101870,.T.);
#101890=ADVANCED_FACE('',(#101880),#101770,.T.);
#101900=CARTESIAN_POINT('',(-2.256087,-8.48730099999999,5.52499999999987
));
#101910=DIRECTION('',(-0.,-0.242535625036333,-0.970142500145332));
#101920=DIRECTION('',(0.,0.970142500145332,-0.242535625036333));
#101930=AXIS2_PLACEMENT_3D('',#101900,#101910,#101920);
#101940=PLANE('',#101930);
#101950=CARTESIAN_POINT('',(-2.531087,-8.48730099999999,5.52499999999987
));
#101960=DIRECTION('',(1.,0.,0.));
#101970=VECTOR('',#101960,1.);
#101980=LINE('',#101950,#101970);
#101990=CARTESIAN_POINT('',(-2.531087,-8.48730099999999,5.52499999999987
));
#102000=VERTEX_POINT('',#101990);
#102010=CARTESIAN_POINT('',(-2.331087,-8.48730099999999,5.52499999999987
));
#102020=VERTEX_POINT('',#102010);
#102030=EDGE_CURVE('',#102000,#102020,#101980,.T.);
#102040=ORIENTED_EDGE('',*,*,#102030,.F.);
#102050=CARTESIAN_POINT('',(-2.256087,-8.18730099999999,5.44999999999987
));
#102060=DIRECTION('',(-0.235702260395516,-0.942809041582063,
0.235702260395517));
#102070=VECTOR('',#102060,1.);
#102080=LINE('',#102050,#102070);
#102090=EDGE_CURVE('',#101420,#102020,#102080,.T.);
#102100=ORIENTED_EDGE('',*,*,#102090,.T.);
#102110=ORIENTED_EDGE('',*,*,#101840,.T.);
#102120=CARTESIAN_POINT('',(-2.531087,-8.48730099999999,5.52499999999987
));
#102130=DIRECTION('',(-0.235702260395516,0.942809041582063,
-0.235702260395517));
#102140=VECTOR('',#102130,1.);
#102150=LINE('',#102120,#102140);
#102160=EDGE_CURVE('',#102000,#100930,#102150,.T.);
#102170=ORIENTED_EDGE('',*,*,#102160,.T.);
#102180=EDGE_LOOP('',(#102170,#102110,#102100,#102040));
#102190=FACE_OUTER_BOUND('',#102180,.T.);
#102200=ADVANCED_FACE('',(#102190),#101940,.T.);
#102210=CARTESIAN_POINT('',(-2.531087,-8.48730099999999,6.21000239999987
));
#102220=DIRECTION('',(0.970142500145332,0.242535625036334,-0.));
#102230=DIRECTION('',(-0.242535625036334,0.970142500145332,0.));
#102240=AXIS2_PLACEMENT_3D('',#102210,#102220,#102230);
#102250=PLANE('',#102240);
#102260=CARTESIAN_POINT('',(-2.531087,-8.48730099999999,5.72499999999987
));
#102270=DIRECTION('',(0.,0.,-1.));
#102280=VECTOR('',#102270,1.);
#102290=LINE('',#102260,#102280);
#102300=CARTESIAN_POINT('',(-2.531087,-8.48730099999999,5.72499999999987
));
#102310=VERTEX_POINT('',#102300);
#102320=EDGE_CURVE('',#102310,#102000,#102290,.T.);
#102330=ORIENTED_EDGE('',*,*,#102320,.F.);
#102340=ORIENTED_EDGE('',*,*,#102160,.F.);
#102350=ORIENTED_EDGE('',*,*,#100940,.T.);
#102360=CARTESIAN_POINT('',(-2.606087,-8.18730099999999,5.79999999999987
));
#102370=DIRECTION('',(0.235702260395517,-0.942809041582063,
-0.235702260395517));
#102380=VECTOR('',#102370,1.);
#102390=LINE('',#102360,#102380);
#102400=EDGE_CURVE('',#100850,#102310,#102390,.T.);
#102410=ORIENTED_EDGE('',*,*,#102400,.F.);
#102420=EDGE_LOOP('',(#102410,#102350,#102340,#102330));
#102430=FACE_OUTER_BOUND('',#102420,.T.);
#102440=ADVANCED_FACE('',(#102430),#102250,.F.);
#102450=CARTESIAN_POINT('',(-2.256087,-8.18730099999999,5.79999999999987
));
#102460=DIRECTION('',(-0.,-0.242535625036333,0.970142500145332));
#102470=DIRECTION('',(0.,-0.970142500145332,-0.242535625036333));
#102480=AXIS2_PLACEMENT_3D('',#102450,#102460,#102470);
#102490=PLANE('',#102480);
#102500=CARTESIAN_POINT('',(-2.531087,-8.48730099999999,5.72499999999987
));
#102510=DIRECTION('',(1.,0.,0.));
#102520=VECTOR('',#102510,1.);
#102530=LINE('',#102500,#102520);
#102540=CARTESIAN_POINT('',(-2.33108699999999,-8.48730099999999,
5.72499999999987));
#102550=VERTEX_POINT('',#102540);
#102560=EDGE_CURVE('',#102310,#102550,#102530,.T.);
#102570=ORIENTED_EDGE('',*,*,#102560,.T.);
#102580=ORIENTED_EDGE('',*,*,#102400,.T.);
#102590=CARTESIAN_POINT('',(-2.256087,-8.18730099999999,5.79999999999987
));
#102600=DIRECTION('',(-1.,0.,0.));
#102610=VECTOR('',#102600,1.);
#102620=LINE('',#102590,#102610);
#102630=EDGE_CURVE('',#101500,#100850,#102620,.T.);
#102640=ORIENTED_EDGE('',*,*,#102630,.T.);
#102650=CARTESIAN_POINT('',(-2.331087,-8.48730099999999,5.72499999999987
));
#102660=DIRECTION('',(0.235702260395517,0.942809041582063,
0.235702260395517));
#102670=VECTOR('',#102660,1.);
#102680=LINE('',#102650,#102670);
#102690=EDGE_CURVE('',#102550,#101500,#102680,.T.);
#102700=ORIENTED_EDGE('',*,*,#102690,.T.);
#102710=EDGE_LOOP('',(#102700,#102640,#102580,#102570));
#102720=FACE_OUTER_BOUND('',#102710,.T.);
#102730=ADVANCED_FACE('',(#102720),#102490,.T.);
#102740=CARTESIAN_POINT('',(-2.256087,-8.18730099999999,6.21000239999987
));
#102750=DIRECTION('',(-0.970142500145332,0.242535625036334,-0.));
#102760=DIRECTION('',(-0.242535625036334,-0.970142500145332,0.));
#102770=AXIS2_PLACEMENT_3D('',#102740,#102750,#102760);
#102780=PLANE('',#102770);
#102790=CARTESIAN_POINT('',(-2.33108699999999,-8.48730099999999,
5.52499999999987));
#102800=DIRECTION('',(0.,0.,1.));
#102810=VECTOR('',#102800,1.);
#102820=LINE('',#102790,#102810);
#102830=EDGE_CURVE('',#102020,#102550,#102820,.T.);
#102840=ORIENTED_EDGE('',*,*,#102830,.F.);
#102850=ORIENTED_EDGE('',*,*,#102690,.F.);
#102860=ORIENTED_EDGE('',*,*,#101510,.F.);
#102870=ORIENTED_EDGE('',*,*,#102090,.F.);
#102880=EDGE_LOOP('',(#102870,#102860,#102850,#102840));
#102890=FACE_OUTER_BOUND('',#102880,.T.);
#102900=ADVANCED_FACE('',(#102890),#102780,.F.);
#102910=CARTESIAN_POINT('',(-2.256087,-8.48730099999999,5.72499999999987
));
#102920=DIRECTION('',(-0.,-1.,-0.));
#102930=DIRECTION('',(0.,0.,-1.));
#102940=AXIS2_PLACEMENT_3D('',#102910,#102920,#102930);
#102950=PLANE('',#102940);
#102960=ORIENTED_EDGE('',*,*,#102030,.T.);
#102970=ORIENTED_EDGE('',*,*,#102320,.T.);
#102980=ORIENTED_EDGE('',*,*,#102560,.F.);
#102990=ORIENTED_EDGE('',*,*,#102830,.T.);
#103000=EDGE_LOOP('',(#102990,#102980,#102970,#102960));
#103010=FACE_OUTER_BOUND('',#103000,.T.);
#103020=ADVANCED_FACE('',(#103010),#102950,.T.);
#103030=CARTESIAN_POINT('',(-2.256087,-4.62230099999999,5.79999999999987
));
#103040=DIRECTION('',(-0.,-0.,1.));
#103050=DIRECTION('',(0.,-1.,-0.));
#103060=AXIS2_PLACEMENT_3D('',#103030,#103040,#103050);
#103070=PLANE('',#103060);
#103080=ORIENTED_EDGE('',*,*,#101590,.T.);
#103090=ORIENTED_EDGE('',*,*,#102630,.F.);
#103100=ORIENTED_EDGE('',*,*,#100860,.F.);
#103110=CARTESIAN_POINT('',(-2.606087,-5.07230099999999,5.79999999999987
));
#103120=DIRECTION('',(1.,0.,0.));
#103130=VECTOR('',#103120,1.);
#103140=LINE('',#103110,#103130);
#103150=EDGE_CURVE('',#100770,#101580,#103140,.T.);
#103160=ORIENTED_EDGE('',*,*,#103150,.F.);
#103170=EDGE_LOOP('',(#103160,#103100,#103090,#103080));
#103180=FACE_OUTER_BOUND('',#103170,.T.);
#103190=ADVANCED_FACE('',(#103180),#103070,.T.);
#103200=CARTESIAN_POINT('',(-2.256087,-5.07230099999999,5.34999999999987
));
#103210=DIRECTION('',(-1.,-0.,-0.));
#103220=DIRECTION('',(0.,1.,0.));
#103230=AXIS2_PLACEMENT_3D('',#103200,#103210,#103220);
#103240=CYLINDRICAL_SURFACE('',#103230,0.45);
#103250=ORIENTED_EDGE('',*,*,#100780,.F.);
#103260=ORIENTED_EDGE('',*,*,#101240,.T.);
#103270=ORIENTED_EDGE('',*,*,#101660,.F.);
#103280=ORIENTED_EDGE('',*,*,#103150,.T.);
#103290=EDGE_LOOP('',(#103280,#103270,#103260,#103250));
#103300=FACE_OUTER_BOUND('',#103290,.T.);
#103310=ADVANCED_FACE('',(#103300),#103240,.T.);
#103320=CARTESIAN_POINT('',(1.49391300000001,-4.62230099999999,
1.99999999999987));
#103330=DIRECTION('',(-0.,1.,-2.31296463463574E-17));
#103340=DIRECTION('',(0.,2.31296463463574E-17,1.));
#103350=AXIS2_PLACEMENT_3D('',#103320,#103330,#103340);
#103360=PLANE('',#103350);
#103370=CARTESIAN_POINT('',(1.49391300000001,-4.62230099999999,
5.29999999999987));
#103380=DIRECTION('',(0.,0.,1.));
#103390=VECTOR('',#103380,1.);
#103400=LINE('',#103370,#103390);
#103410=CARTESIAN_POINT('',(1.49391300000001,-4.62230099999999,
5.34999999999987));
#103420=VERTEX_POINT('',#103410);
#103430=EDGE_CURVE('',#13730,#103420,#103400,.T.);
#103440=ORIENTED_EDGE('',*,*,#103430,.F.);
#103450=CARTESIAN_POINT('',(1.49391300000001,-4.62230099999999,
5.34999999999987));
#103460=DIRECTION('',(-1.,0.,0.));
#103470=VECTOR('',#103460,1.);
#103480=LINE('',#103450,#103470);
#103490=CARTESIAN_POINT('',(1.14391300000001,-4.62230099999999,
5.34999999999987));
#103500=VERTEX_POINT('',#103490);
#103510=EDGE_CURVE('',#103420,#103500,#103480,.T.);
#103520=ORIENTED_EDGE('',*,*,#103510,.F.);
#103530=CARTESIAN_POINT('',(1.14391300000001,-4.62230099999999,
5.29999999999987));
#103540=DIRECTION('',(0.,0.,1.));
#103550=VECTOR('',#103540,1.);
#103560=LINE('',#103530,#103550);
#103570=EDGE_CURVE('',#13810,#103500,#103560,.T.);
#103580=ORIENTED_EDGE('',*,*,#103570,.T.);
#103590=ORIENTED_EDGE('',*,*,#13820,.F.);
#103600=EDGE_LOOP('',(#103590,#103580,#103520,#103440));
#103610=FACE_OUTER_BOUND('',#103600,.T.);
#103620=ADVANCED_FACE('',(#103610),#103360,.T.);
#103630=CARTESIAN_POINT('',(1.49391300000001,-4.79526773473205,
4.14158443146156));
#103640=DIRECTION('',(-1.,-0.,-0.));
#103650=DIRECTION('',(0.,1.,0.));
#103660=AXIS2_PLACEMENT_3D('',#103630,#103640,#103650);
#103670=PLANE('',#103660);
#103680=CARTESIAN_POINT('',(1.49391300000001,-5.22230099999999,
5.19999999999987));
#103690=DIRECTION('',(-1.,0.,0.));
#103700=DIRECTION('',(0.,0.,1.));
#103710=AXIS2_PLACEMENT_3D('',#103680,#103690,#103700);
#103720=CIRCLE('',#103710,0.25);
#103730=CARTESIAN_POINT('',(1.49391300000001,-5.22230099999999,
5.44999999999987));
#103740=VERTEX_POINT('',#103730);
#103750=EDGE_CURVE('',#103740,#17790,#103720,.T.);
#103760=ORIENTED_EDGE('',*,*,#103750,.T.);
#103770=CARTESIAN_POINT('',(1.49391300000001,-5.22230099999999,
5.44999999999987));
#103780=DIRECTION('',(0.,-1.,0.));
#103790=VECTOR('',#103780,1.);
#103800=LINE('',#103770,#103790);
#103810=CARTESIAN_POINT('',(1.49391300000001,-8.18730099999999,
5.44999999999987));
#103820=VERTEX_POINT('',#103810);
#103830=EDGE_CURVE('',#103740,#103820,#103800,.T.);
#103840=ORIENTED_EDGE('',*,*,#103830,.F.);
#103850=CARTESIAN_POINT('',(1.49391300000001,-8.18730099999999,
5.79999999999987));
#103860=DIRECTION('',(0.,0.,-1.));
#103870=VECTOR('',#103860,1.);
#103880=LINE('',#103850,#103870);
#103890=CARTESIAN_POINT('',(1.49391300000001,-8.18730099999999,
5.79999999999987));
#103900=VERTEX_POINT('',#103890);
#103910=EDGE_CURVE('',#103900,#103820,#103880,.T.);
#103920=ORIENTED_EDGE('',*,*,#103910,.T.);
#103930=CARTESIAN_POINT('',(1.49391300000001,-8.18730099999999,
5.79999999999987));
#103940=DIRECTION('',(0.,1.,0.));
#103950=VECTOR('',#103940,1.);
#103960=LINE('',#103930,#103950);
#103970=CARTESIAN_POINT('',(1.49391300000001,-5.07230099999999,
5.79999999999987));
#103980=VERTEX_POINT('',#103970);
#103990=EDGE_CURVE('',#103900,#103980,#103960,.T.);
#104000=ORIENTED_EDGE('',*,*,#103990,.F.);
#104010=CARTESIAN_POINT('',(1.49391300000001,-5.07230099999999,
5.34999999999987));
#104020=DIRECTION('',(1.,0.,0.));
#104030=DIRECTION('',(0.,1.,0.));
#104040=AXIS2_PLACEMENT_3D('',#104010,#104020,#104030);
#104050=CIRCLE('',#104040,0.45);
#104060=EDGE_CURVE('',#103420,#103980,#104050,.T.);
#104070=ORIENTED_EDGE('',*,*,#104060,.T.);
#104080=ORIENTED_EDGE('',*,*,#103430,.T.);
#104090=ORIENTED_EDGE('',*,*,#67890,.T.);
#104100=EDGE_LOOP('',(#104090,#104080,#104070,#104000,#103920,#103840,
#103760));
#104110=FACE_OUTER_BOUND('',#104100,.T.);
#104120=ADVANCED_FACE('',(#104110),#103670,.F.);
#104130=CARTESIAN_POINT('',(1.49391300000001,-5.22230099999999,
5.19999999999987));
#104140=DIRECTION('',(1.,-0.,-0.));
#104150=DIRECTION('',(-0.,-1.,0.));
#104160=AXIS2_PLACEMENT_3D('',#104130,#104140,#104150);
#104170=CYLINDRICAL_SURFACE('',#104160,0.25);
#104180=CARTESIAN_POINT('',(1.14391300000001,-5.22230099999999,
5.19999999999987));
#104190=DIRECTION('',(1.,0.,-0.));
#104200=DIRECTION('',(0.,0.916515138991167,0.400000000000001));
#104210=AXIS2_PLACEMENT_3D('',#104180,#104190,#104200);
#104220=CIRCLE('',#104210,0.25);
#104230=CARTESIAN_POINT('',(1.14391300000001,-5.22230099999999,
5.44999999999987));
#104240=VERTEX_POINT('',#104230);
#104250=EDGE_CURVE('',#17710,#104240,#104220,.T.);
#104260=ORIENTED_EDGE('',*,*,#104250,.F.);
#104270=CARTESIAN_POINT('',(1.49391300000001,-5.22230099999999,
5.44999999999987));
#104280=DIRECTION('',(-1.,0.,0.));
#104290=VECTOR('',#104280,1.);
#104300=LINE('',#104270,#104290);
#104310=EDGE_CURVE('',#103740,#104240,#104300,.T.);
#104320=ORIENTED_EDGE('',*,*,#104310,.T.);
#104330=ORIENTED_EDGE('',*,*,#103750,.F.);
#104340=ORIENTED_EDGE('',*,*,#17800,.T.);
#104350=EDGE_LOOP('',(#104340,#104330,#104320,#104260));
#104360=FACE_OUTER_BOUND('',#104350,.T.);
#104370=ADVANCED_FACE('',(#104360),#104170,.F.);
#104380=CARTESIAN_POINT('',(1.14391300000001,-4.79526773473205,
4.14158443146156));
#104390=DIRECTION('',(-1.,-0.,-0.));
#104400=DIRECTION('',(0.,1.,0.));
#104410=AXIS2_PLACEMENT_3D('',#104380,#104390,#104400);
#104420=PLANE('',#104410);
#104430=ORIENTED_EDGE('',*,*,#103570,.F.);
#104440=CARTESIAN_POINT('',(1.14391300000001,-5.07230099999999,
5.34999999999987));
#104450=DIRECTION('',(-1.,0.,0.));
#104460=DIRECTION('',(0.,0.,1.));
#104470=AXIS2_PLACEMENT_3D('',#104440,#104450,#104460);
#104480=CIRCLE('',#104470,0.45);
#104490=CARTESIAN_POINT('',(1.14391300000001,-5.07230099999999,
5.79999999999987));
#104500=VERTEX_POINT('',#104490);
#104510=EDGE_CURVE('',#104500,#103500,#104480,.T.);
#104520=ORIENTED_EDGE('',*,*,#104510,.T.);
#104530=CARTESIAN_POINT('',(1.14391300000001,-8.18730099999999,
5.79999999999987));
#104540=DIRECTION('',(0.,1.,0.));
#104550=VECTOR('',#104540,1.);
#104560=LINE('',#104530,#104550);
#104570=CARTESIAN_POINT('',(1.14391300000001,-8.18730099999999,
5.79999999999987));
#104580=VERTEX_POINT('',#104570);
#104590=EDGE_CURVE('',#104580,#104500,#104560,.T.);
#104600=ORIENTED_EDGE('',*,*,#104590,.T.);
#104610=CARTESIAN_POINT('',(1.14391300000001,-8.18730099999999,
5.79999999999986));
#104620=DIRECTION('',(0.,0.,-1.));
#104630=VECTOR('',#104620,1.);
#104640=LINE('',#104610,#104630);
#104650=CARTESIAN_POINT('',(1.14391300000001,-8.18730099999999,
5.44999999999987));
#104660=VERTEX_POINT('',#104650);
#104670=EDGE_CURVE('',#104580,#104660,#104640,.T.);
#104680=ORIENTED_EDGE('',*,*,#104670,.F.);
#104690=CARTESIAN_POINT('',(1.14391300000001,-5.22230099999999,
5.44999999999987));
#104700=DIRECTION('',(0.,-1.,0.));
#104710=VECTOR('',#104700,1.);
#104720=LINE('',#104690,#104710);
#104730=EDGE_CURVE('',#104240,#104660,#104720,.T.);
#104740=ORIENTED_EDGE('',*,*,#104730,.T.);
#104750=ORIENTED_EDGE('',*,*,#104250,.T.);
#104760=ORIENTED_EDGE('',*,*,#67410,.T.);
#104770=EDGE_LOOP('',(#104760,#104750,#104740,#104680,#104600,#104520,
#104430));
#104780=FACE_OUTER_BOUND('',#104770,.T.);
#104790=ADVANCED_FACE('',(#104780),#104420,.T.);
#104800=CARTESIAN_POINT('',(1.49391300000001,-5.07230099999999,
5.34999999999987));
#104810=DIRECTION('',(-1.,-0.,-0.));
#104820=DIRECTION('',(0.,1.,0.));
#104830=AXIS2_PLACEMENT_3D('',#104800,#104810,#104820);
#104840=CYLINDRICAL_SURFACE('',#104830,0.45);
#104850=ORIENTED_EDGE('',*,*,#104510,.F.);
#104860=ORIENTED_EDGE('',*,*,#103510,.T.);
#104870=ORIENTED_EDGE('',*,*,#104060,.F.);
#104880=CARTESIAN_POINT('',(1.14391300000001,-5.07230099999999,
5.79999999999987));
#104890=DIRECTION('',(1.,0.,0.));
#104900=VECTOR('',#104890,1.);
#104910=LINE('',#104880,#104900);
#104920=EDGE_CURVE('',#104500,#103980,#104910,.T.);
#104930=ORIENTED_EDGE('',*,*,#104920,.T.);
#104940=EDGE_LOOP('',(#104930,#104870,#104860,#104850));
#104950=FACE_OUTER_BOUND('',#104940,.T.);
#104960=ADVANCED_FACE('',(#104950),#104840,.T.);
#104970=CARTESIAN_POINT('',(1.49391300000001,-4.62230099999999,
5.79999999999987));
#104980=DIRECTION('',(-0.,-0.,1.));
#104990=DIRECTION('',(0.,-1.,-0.));
#105000=AXIS2_PLACEMENT_3D('',#104970,#104980,#104990);
#105010=PLANE('',#105000);
#105020=ORIENTED_EDGE('',*,*,#103990,.T.);
#105030=CARTESIAN_POINT('',(1.49391300000001,-8.18730099999999,
5.79999999999987));
#105040=DIRECTION('',(-1.,0.,0.));
#105050=VECTOR('',#105040,1.);
#105060=LINE('',#105030,#105050);
#105070=EDGE_CURVE('',#103900,#104580,#105060,.T.);
#105080=ORIENTED_EDGE('',*,*,#105070,.F.);
#105090=ORIENTED_EDGE('',*,*,#104590,.F.);
#105100=ORIENTED_EDGE('',*,*,#104920,.F.);
#105110=EDGE_LOOP('',(#105100,#105090,#105080,#105020));
#105120=FACE_OUTER_BOUND('',#105110,.T.);
#105130=ADVANCED_FACE('',(#105120),#105010,.T.);
#105140=CARTESIAN_POINT('',(1.49391300000001,-8.18730099999999,
5.79999999999987));
#105150=DIRECTION('',(-0.,-0.242535625036333,0.970142500145332));
#105160=DIRECTION('',(0.,-0.970142500145332,-0.242535625036333));
#105170=AXIS2_PLACEMENT_3D('',#105140,#105150,#105160);
#105180=PLANE('',#105170);
#105190=CARTESIAN_POINT('',(1.21891300000001,-8.48730099999999,
5.72499999999987));
#105200=DIRECTION('',(1.,0.,0.));
#105210=VECTOR('',#105200,1.);
#105220=LINE('',#105190,#105210);
#105230=CARTESIAN_POINT('',(1.21891300000001,-8.48730099999999,
5.72499999999987));
#105240=VERTEX_POINT('',#105230);
#105250=CARTESIAN_POINT('',(1.41891300000001,-8.48730099999999,
5.72499999999987));
#105260=VERTEX_POINT('',#105250);
#105270=EDGE_CURVE('',#105240,#105260,#105220,.T.);
#105280=ORIENTED_EDGE('',*,*,#105270,.T.);
#105290=CARTESIAN_POINT('',(1.14391300000001,-8.18730099999999,
5.79999999999987));
#105300=DIRECTION('',(0.235702260395516,-0.942809041582063,
-0.235702260395517));
#105310=VECTOR('',#105300,1.);
#105320=LINE('',#105290,#105310);
#105330=EDGE_CURVE('',#104580,#105240,#105320,.T.);
#105340=ORIENTED_EDGE('',*,*,#105330,.T.);
#105350=ORIENTED_EDGE('',*,*,#105070,.T.);
#105360=CARTESIAN_POINT('',(1.41891300000001,-8.48730099999999,
5.72499999999987));
#105370=DIRECTION('',(0.235702260395516,0.942809041582063,
0.235702260395517));
#105380=VECTOR('',#105370,1.);
#105390=LINE('',#105360,#105380);
#105400=EDGE_CURVE('',#105260,#103900,#105390,.T.);
#105410=ORIENTED_EDGE('',*,*,#105400,.T.);
#105420=EDGE_LOOP('',(#105410,#105350,#105340,#105280));
#105430=FACE_OUTER_BOUND('',#105420,.T.);
#105440=ADVANCED_FACE('',(#105430),#105180,.T.);
#105450=CARTESIAN_POINT('',(1.49391300000001,-8.18730099999999,
6.21000239999987));
#105460=DIRECTION('',(-0.970142500145332,0.242535625036334,-0.));
#105470=DIRECTION('',(-0.242535625036334,-0.970142500145332,0.));
#105480=AXIS2_PLACEMENT_3D('',#105450,#105460,#105470);
#105490=PLANE('',#105480);
#105500=CARTESIAN_POINT('',(1.41891300000001,-8.48730099999999,
5.52499999999987));
#105510=DIRECTION('',(0.,0.,1.));
#105520=VECTOR('',#105510,1.);
#105530=LINE('',#105500,#105520);
#105540=CARTESIAN_POINT('',(1.41891300000001,-8.48730099999999,
5.52499999999987));
#105550=VERTEX_POINT('',#105540);
#105560=EDGE_CURVE('',#105550,#105260,#105530,.T.);
#105570=ORIENTED_EDGE('',*,*,#105560,.F.);
#105580=ORIENTED_EDGE('',*,*,#105400,.F.);
#105590=ORIENTED_EDGE('',*,*,#103910,.F.);
#105600=CARTESIAN_POINT('',(1.49391300000001,-8.18730099999999,
5.44999999999987));
#105610=DIRECTION('',(-0.235702260395516,-0.942809041582063,
0.235702260395517));
#105620=VECTOR('',#105610,1.);
#105630=LINE('',#105600,#105620);
#105640=EDGE_CURVE('',#103820,#105550,#105630,.T.);
#105650=ORIENTED_EDGE('',*,*,#105640,.F.);
#105660=EDGE_LOOP('',(#105650,#105590,#105580,#105570));
#105670=FACE_OUTER_BOUND('',#105660,.T.);
#105680=ADVANCED_FACE('',(#105670),#105490,.F.);
#105690=CARTESIAN_POINT('',(1.49391300000001,-8.48730099999999,
5.52499999999987));
#105700=DIRECTION('',(-0.,-0.242535625036333,-0.970142500145332));
#105710=DIRECTION('',(0.,0.970142500145332,-0.242535625036333));
#105720=AXIS2_PLACEMENT_3D('',#105690,#105700,#105710);
#105730=PLANE('',#105720);
#105740=CARTESIAN_POINT('',(1.21891300000001,-8.48730099999999,
5.52499999999987));
#105750=DIRECTION('',(1.,0.,0.));
#105760=VECTOR('',#105750,1.);
#105770=LINE('',#105740,#105760);
#105780=CARTESIAN_POINT('',(1.21891300000001,-8.48730099999999,
5.52499999999987));
#105790=VERTEX_POINT('',#105780);
#105800=EDGE_CURVE('',#105790,#105550,#105770,.T.);
#105810=ORIENTED_EDGE('',*,*,#105800,.F.);
#105820=ORIENTED_EDGE('',*,*,#105640,.T.);
#105830=CARTESIAN_POINT('',(1.14391300000001,-8.18730099999999,
5.44999999999987));
#105840=DIRECTION('',(1.,0.,0.));
#105850=VECTOR('',#105840,1.);
#105860=LINE('',#105830,#105850);
#105870=EDGE_CURVE('',#104660,#103820,#105860,.T.);
#105880=ORIENTED_EDGE('',*,*,#105870,.T.);
#105890=CARTESIAN_POINT('',(1.21891300000001,-8.48730099999999,
5.52499999999987));
#105900=DIRECTION('',(-0.235702260395516,0.942809041582063,
-0.235702260395517));
#105910=VECTOR('',#105900,1.);
#105920=LINE('',#105890,#105910);
#105930=EDGE_CURVE('',#105790,#104660,#105920,.T.);
#105940=ORIENTED_EDGE('',*,*,#105930,.T.);
#105950=EDGE_LOOP('',(#105940,#105880,#105820,#105810));
#105960=FACE_OUTER_BOUND('',#105950,.T.);
#105970=ADVANCED_FACE('',(#105960),#105730,.T.);
#105980=CARTESIAN_POINT('',(1.21891300000001,-8.48730099999999,
6.21000239999987));
#105990=DIRECTION('',(0.970142500145332,0.242535625036334,-0.));
#106000=DIRECTION('',(-0.242535625036334,0.970142500145332,0.));
#106010=AXIS2_PLACEMENT_3D('',#105980,#105990,#106000);
#106020=PLANE('',#106010);
#106030=CARTESIAN_POINT('',(1.21891300000001,-8.48730099999999,
5.72499999999987));
#106040=DIRECTION('',(0.,0.,-1.));
#106050=VECTOR('',#106040,1.);
#106060=LINE('',#106030,#106050);
#106070=EDGE_CURVE('',#105240,#105790,#106060,.T.);
#106080=ORIENTED_EDGE('',*,*,#106070,.F.);
#106090=ORIENTED_EDGE('',*,*,#105930,.F.);
#106100=ORIENTED_EDGE('',*,*,#104670,.T.);
#106110=ORIENTED_EDGE('',*,*,#105330,.F.);
#106120=EDGE_LOOP('',(#106110,#106100,#106090,#106080));
#106130=FACE_OUTER_BOUND('',#106120,.T.);
#106140=ADVANCED_FACE('',(#106130),#106020,.F.);
#106150=CARTESIAN_POINT('',(1.49391300000001,-8.48730099999999,
5.72499999999987));
#106160=DIRECTION('',(-0.,-1.,-0.));
#106170=DIRECTION('',(0.,0.,-1.));
#106180=AXIS2_PLACEMENT_3D('',#106150,#106160,#106170);
#106190=PLANE('',#106180);
#106200=ORIENTED_EDGE('',*,*,#105800,.T.);
#106210=ORIENTED_EDGE('',*,*,#106070,.T.);
#106220=ORIENTED_EDGE('',*,*,#105270,.F.);
#106230=ORIENTED_EDGE('',*,*,#105560,.T.);
#106240=EDGE_LOOP('',(#106230,#106220,#106210,#106200));
#106250=FACE_OUTER_BOUND('',#106240,.T.);
#106260=ADVANCED_FACE('',(#106250),#106190,.T.);
#106270=CARTESIAN_POINT('',(1.49391300000001,-8.18730099999999,
5.44999999999987));
#106280=DIRECTION('',(-0.,-0.,-1.));
#106290=DIRECTION('',(0.,1.,0.));
#106300=AXIS2_PLACEMENT_3D('',#106270,#106280,#106290);
#106310=PLANE('',#106300);
#106320=ORIENTED_EDGE('',*,*,#104310,.F.);
#106330=ORIENTED_EDGE('',*,*,#104730,.F.);
#106340=ORIENTED_EDGE('',*,*,#105870,.F.);
#106350=ORIENTED_EDGE('',*,*,#103830,.T.);
#106360=EDGE_LOOP('',(#106350,#106340,#106330,#106320));
#106370=FACE_OUTER_BOUND('',#106360,.T.);
#106380=ADVANCED_FACE('',(#106370),#106310,.T.);
#106390=CARTESIAN_POINT('',(2.74391300000001,-4.62230099999999,
1.99999999999987));
#106400=DIRECTION('',(-0.,1.,-2.31296463463574E-17));
#106410=DIRECTION('',(0.,2.31296463463574E-17,1.));
#106420=AXIS2_PLACEMENT_3D('',#106390,#106400,#106410);
#106430=PLANE('',#106420);
#106440=CARTESIAN_POINT('',(2.74391300000001,-4.62230099999999,
5.29999999999987));
#106450=DIRECTION('',(0.,0.,1.));
#106460=VECTOR('',#106450,1.);
#106470=LINE('',#106440,#106460);
#106480=CARTESIAN_POINT('',(2.74391300000001,-4.62230099999999,
5.34999999999987));
#106490=VERTEX_POINT('',#106480);
#106500=EDGE_CURVE('',#13470,#106490,#106470,.T.);
#106510=ORIENTED_EDGE('',*,*,#106500,.F.);
#106520=CARTESIAN_POINT('',(2.74391300000001,-4.62230099999999,
5.34999999999987));
#106530=DIRECTION('',(-1.,0.,0.));
#106540=VECTOR('',#106530,1.);
#106550=LINE('',#106520,#106540);
#106560=CARTESIAN_POINT('',(2.39391300000001,-4.62230099999999,
5.34999999999987));
#106570=VERTEX_POINT('',#106560);
#106580=EDGE_CURVE('',#106490,#106570,#106550,.T.);
#106590=ORIENTED_EDGE('',*,*,#106580,.F.);
#106600=CARTESIAN_POINT('',(2.39391300000001,-4.62230099999999,
5.29999999999987));
#106610=DIRECTION('',(0.,0.,1.));
#106620=VECTOR('',#106610,1.);
#106630=LINE('',#106600,#106620);
#106640=EDGE_CURVE('',#13550,#106570,#106630,.T.);
#106650=ORIENTED_EDGE('',*,*,#106640,.T.);
#106660=ORIENTED_EDGE('',*,*,#13560,.F.);
#106670=EDGE_LOOP('',(#106660,#106650,#106590,#106510));
#106680=FACE_OUTER_BOUND('',#106670,.T.);
#106690=ADVANCED_FACE('',(#106680),#106430,.T.);
#106700=CARTESIAN_POINT('',(2.74391300000001,-4.79526773473205,
4.14158443146156));
#106710=DIRECTION('',(-1.,-0.,-0.));
#106720=DIRECTION('',(0.,1.,0.));
#106730=AXIS2_PLACEMENT_3D('',#106700,#106710,#106720);
#106740=PLANE('',#106730);
#106750=CARTESIAN_POINT('',(2.74391300000001,-5.22230099999999,
5.19999999999987));
#106760=DIRECTION('',(-1.,0.,0.));
#106770=DIRECTION('',(0.,0.,1.));
#106780=AXIS2_PLACEMENT_3D('',#106750,#106760,#106770);
#106790=CIRCLE('',#106780,0.25);
#106800=CARTESIAN_POINT('',(2.74391300000001,-5.22230099999999,
5.44999999999987));
#106810=VERTEX_POINT('',#106800);
#106820=EDGE_CURVE('',#106810,#18110,#106790,.T.);
#106830=ORIENTED_EDGE('',*,*,#106820,.T.);
#106840=CARTESIAN_POINT('',(2.74391300000001,-5.22230099999999,
5.44999999999987));
#106850=DIRECTION('',(0.,-1.,0.));
#106860=VECTOR('',#106850,1.);
#106870=LINE('',#106840,#106860);
#106880=CARTESIAN_POINT('',(2.74391300000001,-8.18730099999999,
5.44999999999987));
#106890=VERTEX_POINT('',#106880);
#106900=EDGE_CURVE('',#106810,#106890,#106870,.T.);
#106910=ORIENTED_EDGE('',*,*,#106900,.F.);
#106920=CARTESIAN_POINT('',(2.74391300000001,-8.18730099999999,
5.79999999999987));
#106930=DIRECTION('',(0.,0.,-1.));
#106940=VECTOR('',#106930,1.);
#106950=LINE('',#106920,#106940);
#106960=CARTESIAN_POINT('',(2.74391300000001,-8.18730099999999,
5.79999999999987));
#106970=VERTEX_POINT('',#106960);
#106980=EDGE_CURVE('',#106970,#106890,#106950,.T.);
#106990=ORIENTED_EDGE('',*,*,#106980,.T.);
#107000=CARTESIAN_POINT('',(2.74391300000001,-8.18730099999999,
5.79999999999987));
#107010=DIRECTION('',(0.,1.,0.));
#107020=VECTOR('',#107010,1.);
#107030=LINE('',#107000,#107020);
#107040=CARTESIAN_POINT('',(2.74391300000001,-5.07230099999999,
5.79999999999987));
#107050=VERTEX_POINT('',#107040);
#107060=EDGE_CURVE('',#106970,#107050,#107030,.T.);
#107070=ORIENTED_EDGE('',*,*,#107060,.F.);
#107080=CARTESIAN_POINT('',(2.74391300000001,-5.07230099999999,
5.34999999999987));
#107090=DIRECTION('',(1.,0.,0.));
#107100=DIRECTION('',(0.,1.,0.));
#107110=AXIS2_PLACEMENT_3D('',#107080,#107090,#107100);
#107120=CIRCLE('',#107110,0.45);
#107130=EDGE_CURVE('',#106490,#107050,#107120,.T.);
#107140=ORIENTED_EDGE('',*,*,#107130,.T.);
#107150=ORIENTED_EDGE('',*,*,#106500,.T.);
#107160=ORIENTED_EDGE('',*,*,#68800,.F.);
#107170=EDGE_LOOP('',(#107160,#107150,#107140,#107070,#106990,#106910,
#106830));
#107180=FACE_OUTER_BOUND('',#107170,.T.);
#107190=ADVANCED_FACE('',(#107180),#106740,.F.);
#107200=CARTESIAN_POINT('',(2.74391300000001,-5.22230099999999,
5.19999999999987));
#107210=DIRECTION('',(1.,-0.,-0.));
#107220=DIRECTION('',(-0.,-1.,0.));
#107230=AXIS2_PLACEMENT_3D('',#107200,#107210,#107220);
#107240=CYLINDRICAL_SURFACE('',#107230,0.25);
#107250=CARTESIAN_POINT('',(2.39391300000001,-5.22230099999999,
5.19999999999987));
#107260=DIRECTION('',(1.,0.,-0.));
#107270=DIRECTION('',(0.,0.916515138991167,0.400000000000001));
#107280=AXIS2_PLACEMENT_3D('',#107250,#107260,#107270);
#107290=CIRCLE('',#107280,0.25);
#107300=CARTESIAN_POINT('',(2.39391300000001,-5.22230099999999,
5.44999999999987));
#107310=VERTEX_POINT('',#107300);
#107320=EDGE_CURVE('',#18030,#107310,#107290,.T.);
#107330=ORIENTED_EDGE('',*,*,#107320,.F.);
#107340=CARTESIAN_POINT('',(2.74391300000001,-5.22230099999999,
5.44999999999987));
#107350=DIRECTION('',(-1.,0.,0.));
#107360=VECTOR('',#107350,1.);
#107370=LINE('',#107340,#107360);
#107380=EDGE_CURVE('',#106810,#107310,#107370,.T.);
#107390=ORIENTED_EDGE('',*,*,#107380,.T.);
#107400=ORIENTED_EDGE('',*,*,#106820,.F.);
#107410=ORIENTED_EDGE('',*,*,#18120,.T.);
#107420=EDGE_LOOP('',(#107410,#107400,#107390,#107330));
#107430=FACE_OUTER_BOUND('',#107420,.T.);
#107440=ADVANCED_FACE('',(#107430),#107240,.F.);
#107450=CARTESIAN_POINT('',(2.39391300000001,-4.79526773473205,
4.14158443146156));
#107460=DIRECTION('',(-1.,-0.,-0.));
#107470=DIRECTION('',(0.,1.,0.));
#107480=AXIS2_PLACEMENT_3D('',#107450,#107460,#107470);
#107490=PLANE('',#107480);
#107500=ORIENTED_EDGE('',*,*,#106640,.F.);
#107510=CARTESIAN_POINT('',(2.39391300000001,-5.07230099999999,
5.34999999999987));
#107520=DIRECTION('',(-1.,0.,0.));
#107530=DIRECTION('',(0.,0.,1.));
#107540=AXIS2_PLACEMENT_3D('',#107510,#107520,#107530);
#107550=CIRCLE('',#107540,0.45);
#107560=CARTESIAN_POINT('',(2.39391300000001,-5.07230099999999,
5.79999999999987));
#107570=VERTEX_POINT('',#107560);
#107580=EDGE_CURVE('',#107570,#106570,#107550,.T.);
#107590=ORIENTED_EDGE('',*,*,#107580,.T.);
#107600=CARTESIAN_POINT('',(2.39391300000001,-8.18730099999999,
5.79999999999987));
#107610=DIRECTION('',(0.,1.,0.));
#107620=VECTOR('',#107610,1.);
#107630=LINE('',#107600,#107620);
#107640=CARTESIAN_POINT('',(2.39391300000001,-8.18730099999999,
5.79999999999987));
#107650=VERTEX_POINT('',#107640);
#107660=EDGE_CURVE('',#107650,#107570,#107630,.T.);
#107670=ORIENTED_EDGE('',*,*,#107660,.T.);
#107680=CARTESIAN_POINT('',(2.39391300000001,-8.18730099999999,
5.79999999999986));
#107690=DIRECTION('',(0.,0.,-1.));
#107700=VECTOR('',#107690,1.);
#107710=LINE('',#107680,#107700);
#107720=CARTESIAN_POINT('',(2.39391300000001,-8.18730099999999,
5.44999999999987));
#107730=VERTEX_POINT('',#107720);
#107740=EDGE_CURVE('',#107650,#107730,#107710,.T.);
#107750=ORIENTED_EDGE('',*,*,#107740,.F.);
#107760=CARTESIAN_POINT('',(2.39391300000001,-5.22230099999999,
5.44999999999987));
#107770=DIRECTION('',(0.,-1.,0.));
#107780=VECTOR('',#107770,1.);
#107790=LINE('',#107760,#107780);
#107800=EDGE_CURVE('',#107310,#107730,#107790,.T.);
#107810=ORIENTED_EDGE('',*,*,#107800,.T.);
#107820=ORIENTED_EDGE('',*,*,#107320,.T.);
#107830=ORIENTED_EDGE('',*,*,#68320,.T.);
#107840=EDGE_LOOP('',(#107830,#107820,#107810,#107750,#107670,#107590,
#107500));
#107850=FACE_OUTER_BOUND('',#107840,.T.);
#107860=ADVANCED_FACE('',(#107850),#107490,.T.);
#107870=CARTESIAN_POINT('',(2.74391300000001,-5.07230099999999,
5.34999999999987));
#107880=DIRECTION('',(-1.,-0.,-0.));
#107890=DIRECTION('',(0.,1.,0.));
#107900=AXIS2_PLACEMENT_3D('',#107870,#107880,#107890);
#107910=CYLINDRICAL_SURFACE('',#107900,0.45);
#107920=ORIENTED_EDGE('',*,*,#107580,.F.);
#107930=ORIENTED_EDGE('',*,*,#106580,.T.);
#107940=ORIENTED_EDGE('',*,*,#107130,.F.);
#107950=CARTESIAN_POINT('',(2.39391300000001,-5.07230099999999,
5.79999999999987));
#107960=DIRECTION('',(1.,0.,0.));
#107970=VECTOR('',#107960,1.);
#107980=LINE('',#107950,#107970);
#107990=EDGE_CURVE('',#107570,#107050,#107980,.T.);
#108000=ORIENTED_EDGE('',*,*,#107990,.T.);
#108010=EDGE_LOOP('',(#108000,#107940,#107930,#107920));
#108020=FACE_OUTER_BOUND('',#108010,.T.);
#108030=ADVANCED_FACE('',(#108020),#107910,.T.);
#108040=CARTESIAN_POINT('',(2.74391300000001,-4.62230099999999,
5.79999999999987));
#108050=DIRECTION('',(-0.,-0.,1.));
#108060=DIRECTION('',(0.,-1.,-0.));
#108070=AXIS2_PLACEMENT_3D('',#108040,#108050,#108060);
#108080=PLANE('',#108070);
#108090=ORIENTED_EDGE('',*,*,#107060,.T.);
#108100=CARTESIAN_POINT('',(2.74391300000001,-8.18730099999999,
5.79999999999987));
#108110=DIRECTION('',(-1.,0.,0.));
#108120=VECTOR('',#108110,1.);
#108130=LINE('',#108100,#108120);
#108140=EDGE_CURVE('',#106970,#107650,#108130,.T.);
#108150=ORIENTED_EDGE('',*,*,#108140,.F.);
#108160=ORIENTED_EDGE('',*,*,#107660,.F.);
#108170=ORIENTED_EDGE('',*,*,#107990,.F.);
#108180=EDGE_LOOP('',(#108170,#108160,#108150,#108090));
#108190=FACE_OUTER_BOUND('',#108180,.T.);
#108200=ADVANCED_FACE('',(#108190),#108080,.T.);
#108210=CARTESIAN_POINT('',(2.74391300000001,-8.18730099999999,
5.79999999999987));
#108220=DIRECTION('',(-0.,-0.242535625036333,0.970142500145332));
#108230=DIRECTION('',(0.,-0.970142500145332,-0.242535625036333));
#108240=AXIS2_PLACEMENT_3D('',#108210,#108220,#108230);
#108250=PLANE('',#108240);
#108260=CARTESIAN_POINT('',(2.46891300000001,-8.48730099999999,
5.72499999999987));
#108270=DIRECTION('',(1.,0.,0.));
#108280=VECTOR('',#108270,1.);
#108290=LINE('',#108260,#108280);
#108300=CARTESIAN_POINT('',(2.46891300000001,-8.48730099999999,
5.72499999999987));
#108310=VERTEX_POINT('',#108300);
#108320=CARTESIAN_POINT('',(2.66891300000001,-8.48730099999999,
5.72499999999987));
#108330=VERTEX_POINT('',#108320);
#108340=EDGE_CURVE('',#108310,#108330,#108290,.T.);
#108350=ORIENTED_EDGE('',*,*,#108340,.T.);
#108360=CARTESIAN_POINT('',(2.39391300000001,-8.18730099999999,
5.79999999999987));
#108370=DIRECTION('',(0.235702260395516,-0.942809041582063,
-0.235702260395517));
#108380=VECTOR('',#108370,1.);
#108390=LINE('',#108360,#108380);
#108400=EDGE_CURVE('',#107650,#108310,#108390,.T.);
#108410=ORIENTED_EDGE('',*,*,#108400,.T.);
#108420=ORIENTED_EDGE('',*,*,#108140,.T.);
#108430=CARTESIAN_POINT('',(2.66891300000001,-8.48730099999999,
5.72499999999987));
#108440=DIRECTION('',(0.235702260395518,0.942809041582062,
0.235702260395517));
#108450=VECTOR('',#108440,1.);
#108460=LINE('',#108430,#108450);
#108470=EDGE_CURVE('',#108330,#106970,#108460,.T.);
#108480=ORIENTED_EDGE('',*,*,#108470,.T.);
#108490=EDGE_LOOP('',(#108480,#108420,#108410,#108350));
#108500=FACE_OUTER_BOUND('',#108490,.T.);
#108510=ADVANCED_FACE('',(#108500),#108250,.T.);
#108520=CARTESIAN_POINT('',(2.74391300000001,-8.18730099999999,
6.21000239999987));
#108530=DIRECTION('',(-0.970142500145332,0.242535625036334,-0.));
#108540=DIRECTION('',(-0.242535625036334,-0.970142500145332,0.));
#108550=AXIS2_PLACEMENT_3D('',#108520,#108530,#108540);
#108560=PLANE('',#108550);
#108570=CARTESIAN_POINT('',(2.66891300000001,-8.48730099999999,
5.52499999999987));
#108580=DIRECTION('',(0.,0.,1.));
#108590=VECTOR('',#108580,1.);
#108600=LINE('',#108570,#108590);
#108610=CARTESIAN_POINT('',(2.66891300000001,-8.48730099999999,
5.52499999999987));
#108620=VERTEX_POINT('',#108610);
#108630=EDGE_CURVE('',#108620,#108330,#108600,.T.);
#108640=ORIENTED_EDGE('',*,*,#108630,.F.);
#108650=ORIENTED_EDGE('',*,*,#108470,.F.);
#108660=ORIENTED_EDGE('',*,*,#106980,.F.);
#108670=CARTESIAN_POINT('',(2.74391300000001,-8.18730099999999,
5.44999999999987));
#108680=DIRECTION('',(-0.235702260395514,-0.942809041582063,
0.235702260395517));
#108690=VECTOR('',#108680,1.);
#108700=LINE('',#108670,#108690);
#108710=EDGE_CURVE('',#106890,#108620,#108700,.T.);
#108720=ORIENTED_EDGE('',*,*,#108710,.F.);
#108730=EDGE_LOOP('',(#108720,#108660,#108650,#108640));
#108740=FACE_OUTER_BOUND('',#108730,.T.);
#108750=ADVANCED_FACE('',(#108740),#108560,.F.);
#108760=CARTESIAN_POINT('',(2.74391300000001,-8.48730099999999,
5.52499999999987));
#108770=DIRECTION('',(-0.,-0.242535625036333,-0.970142500145332));
#108780=DIRECTION('',(0.,0.970142500145332,-0.242535625036333));
#108790=AXIS2_PLACEMENT_3D('',#108760,#108770,#108780);
#108800=PLANE('',#108790);
#108810=CARTESIAN_POINT('',(2.46891300000001,-8.48730099999999,
5.52499999999987));
#108820=DIRECTION('',(1.,0.,0.));
#108830=VECTOR('',#108820,1.);
#108840=LINE('',#108810,#108830);
#108850=CARTESIAN_POINT('',(2.46891300000001,-8.48730099999999,
5.52499999999987));
#108860=VERTEX_POINT('',#108850);
#108870=EDGE_CURVE('',#108860,#108620,#108840,.T.);
#108880=ORIENTED_EDGE('',*,*,#108870,.F.);
#108890=ORIENTED_EDGE('',*,*,#108710,.T.);
#108900=CARTESIAN_POINT('',(2.39391300000001,-8.18730099999999,
5.44999999999987));
#108910=DIRECTION('',(1.,0.,0.));
#108920=VECTOR('',#108910,1.);
#108930=LINE('',#108900,#108920);
#108940=EDGE_CURVE('',#107730,#106890,#108930,.T.);
#108950=ORIENTED_EDGE('',*,*,#108940,.T.);
#108960=CARTESIAN_POINT('',(2.46891300000001,-8.48730099999999,
5.52499999999987));
#108970=DIRECTION('',(-0.235702260395517,0.942809041582063,
-0.235702260395517));
#108980=VECTOR('',#108970,1.);
#108990=LINE('',#108960,#108980);
#109000=EDGE_CURVE('',#108860,#107730,#108990,.T.);
#109010=ORIENTED_EDGE('',*,*,#109000,.T.);
#109020=EDGE_LOOP('',(#109010,#108950,#108890,#108880));
#109030=FACE_OUTER_BOUND('',#109020,.T.);
#109040=ADVANCED_FACE('',(#109030),#108800,.T.);
#109050=CARTESIAN_POINT('',(2.46891300000001,-8.48730099999999,
6.21000239999987));
#109060=DIRECTION('',(0.970142500145332,0.242535625036334,-0.));
#109070=DIRECTION('',(-0.242535625036334,0.970142500145332,0.));
#109080=AXIS2_PLACEMENT_3D('',#109050,#109060,#109070);
#109090=PLANE('',#109080);
#109100=CARTESIAN_POINT('',(2.46891300000001,-8.48730099999999,
5.72499999999987));
#109110=DIRECTION('',(0.,0.,-1.));
#109120=VECTOR('',#109110,1.);
#109130=LINE('',#109100,#109120);
#109140=EDGE_CURVE('',#108310,#108860,#109130,.T.);
#109150=ORIENTED_EDGE('',*,*,#109140,.F.);
#109160=ORIENTED_EDGE('',*,*,#109000,.F.);
#109170=ORIENTED_EDGE('',*,*,#107740,.T.);
#109180=ORIENTED_EDGE('',*,*,#108400,.F.);
#109190=EDGE_LOOP('',(#109180,#109170,#109160,#109150));
#109200=FACE_OUTER_BOUND('',#109190,.T.);
#109210=ADVANCED_FACE('',(#109200),#109090,.F.);
#109220=CARTESIAN_POINT('',(2.74391300000001,-8.48730099999999,
5.72499999999987));
#109230=DIRECTION('',(-0.,-1.,-0.));
#109240=DIRECTION('',(0.,0.,-1.));
#109250=AXIS2_PLACEMENT_3D('',#109220,#109230,#109240);
#109260=PLANE('',#109250);
#109270=ORIENTED_EDGE('',*,*,#108870,.T.);
#109280=ORIENTED_EDGE('',*,*,#109140,.T.);
#109290=ORIENTED_EDGE('',*,*,#108340,.F.);
#109300=ORIENTED_EDGE('',*,*,#108630,.T.);
#109310=EDGE_LOOP('',(#109300,#109290,#109280,#109270));
#109320=FACE_OUTER_BOUND('',#109310,.T.);
#109330=ADVANCED_FACE('',(#109320),#109260,.T.);
#109340=CARTESIAN_POINT('',(2.74391300000001,-8.18730099999999,
5.44999999999987));
#109350=DIRECTION('',(-0.,-0.,-1.));
#109360=DIRECTION('',(0.,1.,0.));
#109370=AXIS2_PLACEMENT_3D('',#109340,#109350,#109360);
#109380=PLANE('',#109370);
#109390=ORIENTED_EDGE('',*,*,#107380,.F.);
#109400=ORIENTED_EDGE('',*,*,#107800,.F.);
#109410=ORIENTED_EDGE('',*,*,#108940,.F.);
#109420=ORIENTED_EDGE('',*,*,#106900,.T.);
#109430=EDGE_LOOP('',(#109420,#109410,#109400,#109390));
#109440=FACE_OUTER_BOUND('',#109430,.T.);
#109450=ADVANCED_FACE('',(#109440),#109380,.T.);
#109460=CARTESIAN_POINT('',(0.243913000000008,-5.22230099999999,
5.19999999999987));
#109470=DIRECTION('',(1.,-0.,-0.));
#109480=DIRECTION('',(-0.,-1.,0.));
#109490=AXIS2_PLACEMENT_3D('',#109460,#109470,#109480);
#109500=CYLINDRICAL_SURFACE('',#109490,0.25);
#109510=CARTESIAN_POINT('',(-0.106086999999992,-5.22230099999999,
5.19999999999987));
#109520=DIRECTION('',(1.,0.,-0.));
#109530=DIRECTION('',(0.,0.916515138991167,0.400000000000001));
#109540=AXIS2_PLACEMENT_3D('',#109510,#109520,#109530);
#109550=CIRCLE('',#109540,0.25);
#109560=EDGE_CURVE('',#17390,#8990,#109550,.T.);
#109570=ORIENTED_EDGE('',*,*,#109560,.F.);
#109580=ORIENTED_EDGE('',*,*,#9000,.T.);
#109590=CARTESIAN_POINT('',(0.243913000000008,-5.22230099999999,
5.19999999999987));
#109600=DIRECTION('',(-1.,0.,0.));
#109610=DIRECTION('',(0.,0.,1.));
#109620=AXIS2_PLACEMENT_3D('',#109590,#109600,#109610);
#109630=CIRCLE('',#109620,0.25);
#109640=EDGE_CURVE('',#8970,#17470,#109630,.T.);
#109650=ORIENTED_EDGE('',*,*,#109640,.F.);
#109660=ORIENTED_EDGE('',*,*,#17480,.T.);
#109670=EDGE_LOOP('',(#109660,#109650,#109580,#109570));
#109680=FACE_OUTER_BOUND('',#109670,.T.);
#109690=ADVANCED_FACE('',(#109680),#109500,.F.);
#109700=CARTESIAN_POINT('',(-0.106086999999992,-4.79526773473205,
4.14158443146156));
#109710=DIRECTION('',(-1.,-0.,-0.));
#109720=DIRECTION('',(0.,1.,0.));
#109730=AXIS2_PLACEMENT_3D('',#109700,#109710,#109720);
#109740=PLANE('',#109730);
#109750=CARTESIAN_POINT('',(-0.106086999999992,-4.62230099999999,
5.29999999999987));
#109760=DIRECTION('',(0.,0.,1.));
#109770=VECTOR('',#109760,1.);
#109780=LINE('',#109750,#109770);
#109790=EDGE_CURVE('',#13200,#8340,#109780,.T.);
#109800=ORIENTED_EDGE('',*,*,#109790,.F.);
#109810=ORIENTED_EDGE('',*,*,#8350,.T.);
#109820=ORIENTED_EDGE('',*,*,#7600,.T.);
#109830=ORIENTED_EDGE('',*,*,#27590,.F.);
#109840=ORIENTED_EDGE('',*,*,#9080,.T.);
#109850=ORIENTED_EDGE('',*,*,#109560,.T.);
#109860=ORIENTED_EDGE('',*,*,#66660,.F.);
#109870=EDGE_LOOP('',(#109860,#109850,#109840,#109830,#109820,#109810,
#109800));
#109880=FACE_OUTER_BOUND('',#109870,.T.);
#109890=ADVANCED_FACE('',(#109880),#109740,.T.);
#109900=CARTESIAN_POINT('',(0.243913000000008,-4.62230099999999,
1.99999999999987));
#109910=DIRECTION('',(-0.,1.,-2.31296463463574E-17));
#109920=DIRECTION('',(0.,2.31296463463574E-17,1.));
#109930=AXIS2_PLACEMENT_3D('',#109900,#109910,#109920);
#109940=PLANE('',#109930);
#109950=CARTESIAN_POINT('',(0.243913000000008,-4.62230099999999,
5.29999999999987));
#109960=DIRECTION('',(0.,0.,1.));
#109970=VECTOR('',#109960,1.);
#109980=LINE('',#109950,#109970);
#109990=EDGE_CURVE('',#13290,#8420,#109980,.T.);
#110000=ORIENTED_EDGE('',*,*,#109990,.F.);
#110010=ORIENTED_EDGE('',*,*,#8430,.F.);
#110020=ORIENTED_EDGE('',*,*,#109790,.T.);
#110030=ORIENTED_EDGE('',*,*,#13360,.F.);
#110040=EDGE_LOOP('',(#110030,#110020,#110010,#110000));
#110050=FACE_OUTER_BOUND('',#110040,.T.);
#110060=ADVANCED_FACE('',(#110050),#109940,.T.);
#110070=CARTESIAN_POINT('',(0.243913000000008,-4.79526773473205,
4.14158443146156));
#110080=DIRECTION('',(-1.,-0.,-0.));
#110090=DIRECTION('',(0.,1.,0.));
#110100=AXIS2_PLACEMENT_3D('',#110070,#110080,#110090);
#110110=PLANE('',#110100);
#110120=ORIENTED_EDGE('',*,*,#109640,.T.);
#110130=ORIENTED_EDGE('',*,*,#9220,.F.);
#110140=ORIENTED_EDGE('',*,*,#27830,.T.);
#110150=ORIENTED_EDGE('',*,*,#7440,.F.);
#110160=ORIENTED_EDGE('',*,*,#8500,.T.);
#110170=ORIENTED_EDGE('',*,*,#109990,.T.);
#110180=ORIENTED_EDGE('',*,*,#66920,.F.);
#110190=EDGE_LOOP('',(#110180,#110170,#110160,#110150,#110140,#110130,
#110120));
#110200=FACE_OUTER_BOUND('',#110190,.T.);
#110210=ADVANCED_FACE('',(#110200),#110110,.F.);
#110220=ORIENTED_EDGE('',*,*,#32320,.T.);
#110230=ORIENTED_EDGE('',*,*,#32130,.T.);
#110240=ORIENTED_EDGE('',*,*,#8020,.F.);
#110250=CARTESIAN_POINT('',(0.,-4.76230099999999,0.999999999999885));
#110260=DIRECTION('',(-1.,0.,4.44089209850056E-15));
#110270=VECTOR('',#110260,1.);
#110280=LINE('',#110250,#110270);
#110290=EDGE_CURVE('',#6590,#7970,#110280,.T.);
#110300=ORIENTED_EDGE('',*,*,#110290,.T.);
#110310=ORIENTED_EDGE('',*,*,#7260,.F.);
#110320=ORIENTED_EDGE('',*,*,#11220,.F.);
#110330=ORIENTED_EDGE('',*,*,#26980,.F.);
#110340=CARTESIAN_POINT('',(0.,-4.76230099999999,0.999999999999885));
#110350=DIRECTION('',(-1.,0.,4.44089209850056E-15));
#110360=VECTOR('',#110350,1.);
#110370=LINE('',#110340,#110360);
#110380=EDGE_CURVE('',#32310,#26910,#110370,.T.);
#110390=ORIENTED_EDGE('',*,*,#110380,.T.);
#110400=EDGE_LOOP('',(#110390,#110330,#110320,#110310,#110300,#110240,
#110230,#110220));
#110410=FACE_OUTER_BOUND('',#110400,.T.);
#110420=ADVANCED_FACE('',(#110410),#6180,.T.);
#110430=ORIENTED_EDGE('',*,*,#27310,.F.);
#110440=ORIENTED_EDGE('',*,*,#1570,.F.);
#110450=ORIENTED_EDGE('',*,*,#28300,.T.);
#110460=ORIENTED_EDGE('',*,*,#29180,.F.);
#110470=ORIENTED_EDGE('',*,*,#32580,.T.);
#110480=CARTESIAN_POINT('',(0.,-5.56230099999999,0.999999999999886));
#110490=DIRECTION('',(1.,0.,-4.44089209850056E-15));
#110500=VECTOR('',#110490,1.);
#110510=LINE('',#110480,#110500);
#110520=EDGE_CURVE('',#26730,#32550,#110510,.T.);
#110530=ORIENTED_EDGE('',*,*,#110520,.T.);
#110540=EDGE_LOOP('',(#110530,#110470,#110460,#110450,#110440,#110430));
#110550=FACE_OUTER_BOUND('',#110540,.T.);
#110560=ADVANCED_FACE('',(#110550),#6180,.T.);
#110570=CARTESIAN_POINT('',(-5.881087,-4.76230099999999,
0.999999999999912));
#110580=DIRECTION('',(5.43834468046339E-31,-1.,1.22460635382238E-16));
#110590=DIRECTION('',(1.,-0.,-4.44089209850056E-15));
#110600=AXIS2_PLACEMENT_3D('',#110570,#110580,#110590);
#110610=PLANE('',#110600);
#110620=ORIENTED_EDGE('',*,*,#26920,.T.);
#110630=CARTESIAN_POINT('',(-5.881087,-4.76230099999999,1.99999999999991
));
#110640=DIRECTION('',(-1.,0.,4.44089209850056E-15));
#110650=VECTOR('',#110640,1.);
#110660=LINE('',#110630,#110650);
#110670=EDGE_CURVE('',#32390,#26830,#110660,.T.);
#110680=ORIENTED_EDGE('',*,*,#110670,.T.);
#110690=ORIENTED_EDGE('',*,*,#32400,.T.);
#110700=ORIENTED_EDGE('',*,*,#110380,.F.);
#110710=EDGE_LOOP('',(#110700,#110690,#110680,#110620));
#110720=FACE_OUTER_BOUND('',#110710,.T.);
#110730=ADVANCED_FACE('',(#110720),#110610,.T.);
#110740=CARTESIAN_POINT('',(-6.381087,-5.56230099999999,
0.999999999999914));
#110750=DIRECTION('',(-5.43834468046339E-31,1.,-1.22460635382238E-16));
#110760=DIRECTION('',(-1.,0.,4.44089209850056E-15));
#110770=AXIS2_PLACEMENT_3D('',#110740,#110750,#110760);
#110780=PLANE('',#110770);
#110790=ORIENTED_EDGE('',*,*,#32560,.T.);
#110800=CARTESIAN_POINT('',(-6.381087,-5.56230099999999,1.99999999999991
));
#110810=DIRECTION('',(1.,0.,-4.44089209850056E-15));
#110820=VECTOR('',#110810,1.);
#110830=LINE('',#110800,#110820);
#110840=EDGE_CURVE('',#26750,#32470,#110830,.T.);
#110850=ORIENTED_EDGE('',*,*,#110840,.T.);
#110860=ORIENTED_EDGE('',*,*,#26760,.T.);
#110870=ORIENTED_EDGE('',*,*,#110520,.F.);
#110880=EDGE_LOOP('',(#110870,#110860,#110850,#110790));
#110890=FACE_OUTER_BOUND('',#110880,.T.);
#110900=ADVANCED_FACE('',(#110890),#110780,.T.);
#110910=CARTESIAN_POINT('',(-1.181087,-3.78730099999999,1.99999999999989
));
#110920=DIRECTION('',(-4.44089209850056E-15,-1.22460635382238E-16,-1.));
#110930=DIRECTION('',(-1.,0.,4.44089209850056E-15));
#110940=AXIS2_PLACEMENT_3D('',#110910,#110920,#110930);
#110950=PLANE('',#110940);
#110960=ORIENTED_EDGE('',*,*,#32480,.T.);
#110970=ORIENTED_EDGE('',*,*,#110670,.F.);
#110980=ORIENTED_EDGE('',*,*,#26840,.T.);
#110990=ORIENTED_EDGE('',*,*,#110840,.F.);
#111000=EDGE_LOOP('',(#110990,#110980,#110970,#110960));
#111010=FACE_OUTER_BOUND('',#111000,.T.);
#111020=ADVANCED_FACE('',(#111010),#110950,.T.);
#111030=CARTESIAN_POINT('',(4.018913,-4.76230099999999,0.999999999999868
));
#111040=DIRECTION('',(5.43834468046339E-31,-1.,1.22460635382238E-16));
#111050=DIRECTION('',(1.,-0.,-4.44089209850056E-15));
#111060=AXIS2_PLACEMENT_3D('',#111030,#111040,#111050);
#111070=PLANE('',#111060);
#111080=ORIENTED_EDGE('',*,*,#7980,.F.);
#111090=CARTESIAN_POINT('',(4.018913,-4.76230099999999,1.99999999999987)
);
#111100=DIRECTION('',(-1.,0.,4.44089209850056E-15));
#111110=VECTOR('',#111100,1.);
#111120=LINE('',#111090,#111110);
#111130=EDGE_CURVE('',#6570,#7890,#111120,.T.);
#111140=ORIENTED_EDGE('',*,*,#111130,.T.);
#111150=ORIENTED_EDGE('',*,*,#6600,.F.);
#111160=ORIENTED_EDGE('',*,*,#110290,.F.);
#111170=EDGE_LOOP('',(#111160,#111150,#111140,#111080));
#111180=FACE_OUTER_BOUND('',#111170,.T.);
#111190=ADVANCED_FACE('',(#111180),#111070,.T.);
#111200=CARTESIAN_POINT('',(3.518913,-5.56230099999999,0.99999999999987)
);
#111210=DIRECTION('',(-5.43834468046339E-31,1.,-1.22460635382238E-16));
#111220=DIRECTION('',(-1.,0.,4.44089209850056E-15));
#111230=AXIS2_PLACEMENT_3D('',#111200,#111210,#111220);
#111240=PLANE('',#111230);
#111250=ORIENTED_EDGE('',*,*,#6740,.F.);
#111260=CARTESIAN_POINT('',(3.518913,-5.56230099999999,1.99999999999987)
);
#111270=DIRECTION('',(1.,0.,-4.44089209850056E-15));
#111280=VECTOR('',#111270,1.);
#111290=LINE('',#111260,#111280);
#111300=EDGE_CURVE('',#7810,#6670,#111290,.T.);
#111310=ORIENTED_EDGE('',*,*,#111300,.T.);
#111320=ORIENTED_EDGE('',*,*,#7820,.F.);
#111330=ORIENTED_EDGE('',*,*,#6350,.F.);
#111340=EDGE_LOOP('',(#111330,#111320,#111310,#111250));
#111350=FACE_OUTER_BOUND('',#111340,.T.);
#111360=ADVANCED_FACE('',(#111350),#111240,.T.);
#111370=CARTESIAN_POINT('',(-1.181087,-3.78730099999999,1.99999999999989
));
#111380=DIRECTION('',(-4.44089209850056E-15,-1.22460635382238E-16,-1.));
#111390=DIRECTION('',(-1.,0.,4.44089209850056E-15));
#111400=AXIS2_PLACEMENT_3D('',#111370,#111380,#111390);
#111410=PLANE('',#111400);
#111420=ORIENTED_EDGE('',*,*,#6680,.F.);
#111430=ORIENTED_EDGE('',*,*,#111130,.F.);
#111440=ORIENTED_EDGE('',*,*,#7900,.F.);
#111450=ORIENTED_EDGE('',*,*,#111300,.F.);
#111460=EDGE_LOOP('',(#111450,#111440,#111430,#111420));
#111470=FACE_OUTER_BOUND('',#111460,.T.);
#111480=ADVANCED_FACE('',(#111470),#111410,.T.);
#111490=CLOSED_SHELL('',(#400,#710,#950,#5350,#5660,#6130,#6460,#7300,
#7700,#8220,#8550,#8860,#9260,#13090,#13400,#13660,#13920,#14180,#14440,
#14700,#14960,#19180,#19420,#19660,#19830,#19950,#20190,#20430,#20600,
#20720,#20960,#21200,#21370,#21490,#21730,#21970,#22610,#22930,#23170,
#24130,#24760,#25070,#25240,#25430,#25550,#25790,#26620,#27350,#27640,
#27930,#28100,#28410,#28650,#28890,#29220,#31930,#32170,#32620,#32740,
#32910,#33030,#33340,#33580,#33890,#34130,#34370,#34610,#34780,#34950,
#35070,#35380,#35620,#35930,#36170,#36480,#36700,#36870,#36990,#37110,
#37420,#37660,#37970,#38210,#38520,#38740,#38910,#39030,#39150,#39460,
#39700,#40010,#40250,#40560,#40780,#40950,#41070,#41190,#41500,#41740,
#42050,#42290,#42600,#42820,#42990,#43110,#43230,#43540,#43780,#44090,
#44330,#44640,#44860,#45030,#45150,#45270,#45580,#45820,#46130,#46370,
#46680,#46900,#47070,#47190,#47310,#47480,#47600,#47780,#47890,#48130,
#48370,#48620,#49120,#49360,#49600,#49930,#50660,#50980,#51220,#52740,
#53720,#54040,#54440,#54680,#55370,#55700,#55950,#56420,#56540,#56720,
#57110,#57490,#57730,#57850,#57970,#58090,#58270,#58440,#58690,#58860,
#59050,#59170,#59410,#59570,#59690,#59930,#60170,#60340,#60460,#60630,
#60750,#61060,#61680,#61800,#62040,#62200,#62320,#62560,#62730,#62850,
#62970,#63090,#63400,#63640,#63880,#64000,#64310,#64550,#64790,#64910,
#65220,#65460,#65700,#65820,#66130,#66370,#66540,#66730,#67040,#67280,
#67520,#67640,#67950,#68190,#68430,#68550,#68860,#69100,#69830,#70150,
#70390,#72560,#72870,#73120,#73360,#74210,#74610,#74940,#75180,#75670,
#75840,#75960,#76210,#76850,#77030,#77140,#77320,#77430,#77600,#77720,
#77970,#78520,#78760,#79000,#79240,#79930,#80240,#80460,#80580,#80700,
#80940,#81110,#81220,#81340,#81480,#81650,#81770,#82010,#82180,#82300,
#83230,#83860,#84110,#84510,#84750,#85350,#85670,#86140,#86260,#86510,
#86700,#86920,#87170,#87340,#87480,#87600,#87780,#87950,#88080,#88320,
#88490,#88600,#88840,#89080,#89250,#89370,#89490,#89730,#89970,#90140,
#90260,#90500,#90740,#90910,#91030,#91360,#91670,#92090,#92400,#92640,
#92950,#93170,#93410,#93660,#93860,#93980,#94100,#94410,#94910,#95160,
#95580,#95750,#95920,#96230,#96470,#96760,#96930,#97050,#97170,#97500,
#97990,#98230,#98650,#98820,#99130,#99370,#99660,#99830,#99950,#100120,
#100240,#100570,#101060,#101300,#101720,#101890,#102200,#102440,#102730,
#102900,#103020,#103190,#103310,#103620,#104120,#104370,#104790,#104960,
#105130,#105440,#105680,#105970,#106140,#106260,#106380,#106690,#107190,
#107440,#107860,#108030,#108200,#108510,#108750,#109040,#109210,#109330,
#109450,#109690,#109890,#110060,#110210,#110420,#110560,#110730,#110900,
#111020,#111190,#111360,#111480));
#111500=MANIFOLD_SOLID_BREP('',#111490);
#111510=CARTESIAN_POINT('',(10.8775677177542,-6.48730099999999,
3.09999999999987));
#111520=DIRECTION('',(1.,0.,0.));
#111530=DIRECTION('',(0.,1.,0.));
#111540=AXIS2_PLACEMENT_3D('',#111510,#111520,#111530);
#111550=CARTESIAN_POINT('',(10.8775677177542,-6.48730099999999,
3.09999999999987));
#111560=CARTESIAN_POINT('',(10.8775677177542,-6.82202941985963,
3.09999999999987));
#111570=CARTESIAN_POINT('',(4.22391300000001,-6.48730099999999,
3.09999999999987));
#111580=POLYLINE('',(#111550,#111560,#111570));
#111590=COLOUR_RGB('',0.,1.,1.);
#111600=DRAUGHTING_PRE_DEFINED_CURVE_FONT('continuous');
#111610=CURVE_STYLE('',#111600,POSITIVE_LENGTH_MEASURE(0.1),#111590);
#111620=PRESENTATION_STYLE_ASSIGNMENT((#111610));
#111630=(ANNOTATION_CURVE_OCCURRENCE() ANNOTATION_OCCURRENCE() 
DRAUGHTING_ANNOTATION_OCCURRENCE() GEOMETRIC_REPRESENTATION_ITEM() 
LEADER_CURVE() REPRESENTATION_ITEM('') STYLED_ITEM((#111620),#111580));
#111640=DRAUGHTING_PRE_DEFINED_TEXT_FONT('ISO 3098-1 font A');
#111650=TEXT_LITERAL('',
'\X2\8B66544A\X0\: \X2\30A230C930D030A430B6\X0\: \X2\7A1C7DDA304C77ED305
9304E307E3059\X0\',#111540,'baseline left',.RIGHT.,#111640);
#111660=DIMENSIONAL_EXPONENTS(1.,0.,0.,0.,0.,0.,0.);
#111670=DIMENSIONAL_EXPONENTS(0.,0.,0.,0.,0.,0.,0.);
#111680=DIMENSIONAL_EXPONENTS(0.,0.,0.,0.,0.,0.,0.);
#111690=(LENGTH_UNIT() NAMED_UNIT(*) SI_UNIT(.MILLI.,.METRE.));
#111700=(NAMED_UNIT(*) PLANE_ANGLE_UNIT() SI_UNIT($,.RADIAN.));
#111710=(NAMED_UNIT(*) SI_UNIT($,.STERADIAN.) SOLID_ANGLE_UNIT());
#111720=(GEOMETRIC_REPRESENTATION_CONTEXT(3) 
GLOBAL_UNCERTAINTY_ASSIGNED_CONTEXT((#111730)) 
GLOBAL_UNIT_ASSIGNED_CONTEXT((#111690,#111700,#111710)) 
REPRESENTATION_CONTEXT('',''));
#111730=UNCERTAINTY_MEASURE_WITH_UNIT(LENGTH_MEASURE(0.0015),#111690,
'distance_accuracy_value','maximum gap value');
#111740=SHAPE_REPRESENTATION('',(#73950),#111720);
#111750=TEXT_STYLE_FOR_DEFINED_FONT(#111590);
#111760=TEXT_STYLE_WITH_BOX_CHARACTERISTICS('',#111750,(BOX_HEIGHT(
0.334728419859636),BOX_WIDTH(0.223263856046377),BOX_SLANT_ANGLE(0.),
BOX_ROTATE_ANGLE(0.)));
#111770=PRESENTATION_STYLE_ASSIGNMENT((#111760));
#111780=(ANNOTATION_OCCURRENCE() ANNOTATION_TEXT_OCCURRENCE() 
DRAUGHTING_ANNOTATION_OCCURRENCE() GEOMETRIC_REPRESENTATION_ITEM() 
REPRESENTATION_ITEM('') STYLED_ITEM((#111770),#111650));
#111790=ANNOTATION_OCCURRENCE_ASSOCIATIVITY('','',#111780,#111630);
#111800=SYMBOL_COLOUR(#111590);
#111810=SYMBOL_STYLE('',#111800);
#111820=PRESENTATION_STYLE_ASSIGNMENT((#111810));
#111830=PRE_DEFINED_TERMINATOR_SYMBOL('filled arrow');
#111840=CARTESIAN_POINT('',(4.22391300000001,-6.48730099999999,
3.09999999999987));
#111850=DIRECTION('',(0.,1.,0.));
#111860=DIRECTION('',(0.,0.,1.));
#111870=AXIS2_PLACEMENT_3D('',#111840,#111850,#111860);
#111880=SYMBOL_TARGET('',#111870,0.334728419859636,0.334728419859636);
#111890=DEFINED_SYMBOL('',#111830,#111880);
#111900=(ANNOTATION_OCCURRENCE() ANNOTATION_SYMBOL_OCCURRENCE() 
DRAUGHTING_ANNOTATION_OCCURRENCE() GEOMETRIC_REPRESENTATION_ITEM() 
LEADER_TERMINATOR() REPRESENTATION_ITEM('') STYLED_ITEM((#111820),
#111890) TERMINATOR_SYMBOL(#111630));
#111910=LEADER_DIRECTED_CALLOUT('',(#111780,#111630,#111900));
#111920=SHAPE_REPRESENTATION('',(#111910),#111720);
#111930=CARTESIAN_POINT('',(9.53865403831564,-6.58730099999999,
2.69999999999987));
#111940=DIRECTION('',(1.,0.,0.));
#111950=DIRECTION('',(0.,1.,0.));
#111960=AXIS2_PLACEMENT_3D('',#111930,#111940,#111950);
#111970=CARTESIAN_POINT('',(9.53865403831564,-6.58730099999999,
2.69999999999987));
#111980=CARTESIAN_POINT('',(9.53865403831564,-6.92202941985963,
2.69999999999987));
#111990=CARTESIAN_POINT('',(4.01891300000001,-6.58730099999999,
2.69999999999987));
#112000=POLYLINE('',(#111970,#111980,#111990));
#112010=COLOUR_RGB('',0.,1.,1.);
#112020=DRAUGHTING_PRE_DEFINED_CURVE_FONT('continuous');
#112030=CURVE_STYLE('',#112020,POSITIVE_LENGTH_MEASURE(0.1),#112010);
#112040=PRESENTATION_STYLE_ASSIGNMENT((#112030));
#112050=(ANNOTATION_CURVE_OCCURRENCE() ANNOTATION_OCCURRENCE() 
DRAUGHTING_ANNOTATION_OCCURRENCE() GEOMETRIC_REPRESENTATION_ITEM() 
LEADER_CURVE() REPRESENTATION_ITEM('') STYLED_ITEM((#112040),#112000));
#112060=DRAUGHTING_PRE_DEFINED_TEXT_FONT('ISO 3098-1 font A');
#112070=TEXT_LITERAL('',
'\X2\8B66544A\X0\: \X2\5C163063305F7A1C7DDA304C898B3064304B308A307E30573
05F\X0\',#111960,'baseline left',.RIGHT.,#112060);
#112080=DIMENSIONAL_EXPONENTS(1.,0.,0.,0.,0.,0.,0.);
#112090=DIMENSIONAL_EXPONENTS(0.,0.,0.,0.,0.,0.,0.);
#112100=DIMENSIONAL_EXPONENTS(0.,0.,0.,0.,0.,0.,0.);
#112110=(LENGTH_UNIT() NAMED_UNIT(*) SI_UNIT(.MILLI.,.METRE.));
#112120=(NAMED_UNIT(*) PLANE_ANGLE_UNIT() SI_UNIT($,.RADIAN.));
#112130=(NAMED_UNIT(*) SI_UNIT($,.STERADIAN.) SOLID_ANGLE_UNIT());
#112140=(GEOMETRIC_REPRESENTATION_CONTEXT(3) 
GLOBAL_UNCERTAINTY_ASSIGNED_CONTEXT((#112150)) 
GLOBAL_UNIT_ASSIGNED_CONTEXT((#112110,#112120,#112130)) 
REPRESENTATION_CONTEXT('',''));
#112150=UNCERTAINTY_MEASURE_WITH_UNIT(LENGTH_MEASURE(0.0015),#112110,
'distance_accuracy_value','maximum gap value');
#112160=SHAPE_REPRESENTATION('',(#6920),#112140);
#112170=TEXT_STYLE_FOR_DEFINED_FONT(#112010);
#112180=TEXT_STYLE_WITH_BOX_CHARACTERISTICS('',#112170,(BOX_HEIGHT(
0.334728419859636),BOX_WIDTH(0.223263856046377),BOX_SLANT_ANGLE(0.),
BOX_ROTATE_ANGLE(0.)));
#112190=PRESENTATION_STYLE_ASSIGNMENT((#112180));
#112200=(ANNOTATION_OCCURRENCE() ANNOTATION_TEXT_OCCURRENCE() 
DRAUGHTING_ANNOTATION_OCCURRENCE() GEOMETRIC_REPRESENTATION_ITEM() 
REPRESENTATION_ITEM('') STYLED_ITEM((#112190),#112070));
#112210=ANNOTATION_OCCURRENCE_ASSOCIATIVITY('','',#112200,#112050);
#112220=SYMBOL_COLOUR(#112010);
#112230=SYMBOL_STYLE('',#112220);
#112240=PRESENTATION_STYLE_ASSIGNMENT((#112230));
#112250=PRE_DEFINED_TERMINATOR_SYMBOL('filled arrow');
#112260=CARTESIAN_POINT('',(4.01891300000001,-6.58730099999999,
2.69999999999987));
#112270=DIRECTION('',(0.,1.,0.));
#112280=DIRECTION('',(0.,0.,1.));
#112290=AXIS2_PLACEMENT_3D('',#112260,#112270,#112280);
#112300=SYMBOL_TARGET('',#112290,0.334728419859636,0.334728419859636);
#112310=DEFINED_SYMBOL('',#112250,#112300);
#112320=(ANNOTATION_OCCURRENCE() ANNOTATION_SYMBOL_OCCURRENCE() 
DRAUGHTING_ANNOTATION_OCCURRENCE() GEOMETRIC_REPRESENTATION_ITEM() 
LEADER_TERMINATOR() REPRESENTATION_ITEM('') STYLED_ITEM((#112240),
#112310) TERMINATOR_SYMBOL(#112050));
#112330=LEADER_DIRECTED_CALLOUT('',(#112200,#112050,#112320));
#112340=SHAPE_REPRESENTATION('',(#112330),#112140);
#112350=CARTESIAN_POINT('',(-13.2397417177542,-6.48730099999999,
3.09999999999987));
#112360=DIRECTION('',(1.,0.,0.));
#112370=DIRECTION('',(0.,1.,0.));
#112380=AXIS2_PLACEMENT_3D('',#112350,#112360,#112370);
#112390=CARTESIAN_POINT('',(-13.2397417177542,-6.48730099999999,
3.09999999999987));
#112400=CARTESIAN_POINT('',(-13.2397417177542,-6.82202941985963,
3.09999999999987));
#112410=CARTESIAN_POINT('',(-6.586087,-6.48730099999999,3.09999999999987
));
#112420=POLYLINE('',(#112390,#112400,#112410));
#112430=COLOUR_RGB('',0.,1.,1.);
#112440=DRAUGHTING_PRE_DEFINED_CURVE_FONT('continuous');
#112450=CURVE_STYLE('',#112440,POSITIVE_LENGTH_MEASURE(0.1),#112430);
#112460=PRESENTATION_STYLE_ASSIGNMENT((#112450));
#112470=(ANNOTATION_CURVE_OCCURRENCE() ANNOTATION_OCCURRENCE() 
DRAUGHTING_ANNOTATION_OCCURRENCE() GEOMETRIC_REPRESENTATION_ITEM() 
LEADER_CURVE() REPRESENTATION_ITEM('') STYLED_ITEM((#112460),#112420));
#112480=DRAUGHTING_PRE_DEFINED_TEXT_FONT('ISO 3098-1 font A');
#112490=TEXT_LITERAL('',
'\X2\8B66544A\X0\: \X2\30A230C930D030A430B6\X0\: \X2\7A1C7DDA304C77ED305
9304E307E3059\X0\',#112380,'baseline left',.RIGHT.,#112480);
#112500=DIMENSIONAL_EXPONENTS(1.,0.,0.,0.,0.,0.,0.);
#112510=DIMENSIONAL_EXPONENTS(0.,0.,0.,0.,0.,0.,0.);
#112520=DIMENSIONAL_EXPONENTS(0.,0.,0.,0.,0.,0.,0.);
#112530=(LENGTH_UNIT() NAMED_UNIT(*) SI_UNIT(.MILLI.,.METRE.));
#112540=(NAMED_UNIT(*) PLANE_ANGLE_UNIT() SI_UNIT($,.RADIAN.));
#112550=(NAMED_UNIT(*) SI_UNIT($,.STERADIAN.) SOLID_ANGLE_UNIT());
#112560=(GEOMETRIC_REPRESENTATION_CONTEXT(3) 
GLOBAL_UNCERTAINTY_ASSIGNED_CONTEXT((#112570)) 
GLOBAL_UNIT_ASSIGNED_CONTEXT((#112530,#112540,#112550)) 
REPRESENTATION_CONTEXT('',''));
#112570=UNCERTAINTY_MEASURE_WITH_UNIT(LENGTH_MEASURE(0.0015),#112530,
'distance_accuracy_value','maximum gap value');
#112580=SHAPE_REPRESENTATION('',(#24090),#112560);
#112590=TEXT_STYLE_FOR_DEFINED_FONT(#112430);
#112600=TEXT_STYLE_WITH_BOX_CHARACTERISTICS('',#112590,(BOX_HEIGHT(
0.334728419859636),BOX_WIDTH(0.223263856046377),BOX_SLANT_ANGLE(0.),
BOX_ROTATE_ANGLE(0.)));
#112610=PRESENTATION_STYLE_ASSIGNMENT((#112600));
#112620=(ANNOTATION_OCCURRENCE() ANNOTATION_TEXT_OCCURRENCE() 
DRAUGHTING_ANNOTATION_OCCURRENCE() GEOMETRIC_REPRESENTATION_ITEM() 
REPRESENTATION_ITEM('') STYLED_ITEM((#112610),#112490));
#112630=ANNOTATION_OCCURRENCE_ASSOCIATIVITY('','',#112620,#112470);
#112640=SYMBOL_COLOUR(#112430);
#112650=SYMBOL_STYLE('',#112640);
#112660=PRESENTATION_STYLE_ASSIGNMENT((#112650));
#112670=PRE_DEFINED_TERMINATOR_SYMBOL('filled arrow');
#112680=CARTESIAN_POINT('',(-6.586087,-6.48730099999999,3.09999999999987
));
#112690=DIRECTION('',(0.,1.,0.));
#112700=DIRECTION('',(0.,0.,1.));
#112710=AXIS2_PLACEMENT_3D('',#112680,#112690,#112700);
#112720=SYMBOL_TARGET('',#112710,0.334728419859636,0.334728419859636);
#112730=DEFINED_SYMBOL('',#112670,#112720);
#112740=(ANNOTATION_OCCURRENCE() ANNOTATION_SYMBOL_OCCURRENCE() 
DRAUGHTING_ANNOTATION_OCCURRENCE() GEOMETRIC_REPRESENTATION_ITEM() 
LEADER_TERMINATOR() REPRESENTATION_ITEM('') STYLED_ITEM((#112660),
#112730) TERMINATOR_SYMBOL(#112470));
#112750=LEADER_DIRECTED_CALLOUT('',(#112620,#112470,#112740));
#112760=SHAPE_REPRESENTATION('',(#112750),#112560);
#112770=CARTESIAN_POINT('',(-11.9008280383156,-6.58730099999999,
2.69999999999987));
#112780=DIRECTION('',(1.,0.,0.));
#112790=DIRECTION('',(0.,1.,0.));
#112800=AXIS2_PLACEMENT_3D('',#112770,#112780,#112790);
#112810=CARTESIAN_POINT('',(-11.9008280383156,-6.58730099999999,
2.69999999999987));
#112820=CARTESIAN_POINT('',(-11.9008280383156,-6.92202941985963,
2.69999999999987));
#112830=CARTESIAN_POINT('',(-6.381087,-6.58730099999999,2.69999999999987
));
#112840=POLYLINE('',(#112810,#112820,#112830));
#112850=COLOUR_RGB('',0.,1.,1.);
#112860=DRAUGHTING_PRE_DEFINED_CURVE_FONT('continuous');
#112870=CURVE_STYLE('',#112860,POSITIVE_LENGTH_MEASURE(0.1),#112850);
#112880=PRESENTATION_STYLE_ASSIGNMENT((#112870));
#112890=(ANNOTATION_CURVE_OCCURRENCE() ANNOTATION_OCCURRENCE() 
DRAUGHTING_ANNOTATION_OCCURRENCE() GEOMETRIC_REPRESENTATION_ITEM() 
LEADER_CURVE() REPRESENTATION_ITEM('') STYLED_ITEM((#112880),#112840));
#112900=DRAUGHTING_PRE_DEFINED_TEXT_FONT('ISO 3098-1 font A');
#112910=TEXT_LITERAL('',
'\X2\8B66544A\X0\: \X2\5C163063305F7A1C7DDA304C898B3064304B308A307E30573
05F\X0\',#112800,'baseline left',.RIGHT.,#112900);
#112920=DIMENSIONAL_EXPONENTS(1.,0.,0.,0.,0.,0.,0.);
#112930=DIMENSIONAL_EXPONENTS(0.,0.,0.,0.,0.,0.,0.);
#112940=DIMENSIONAL_EXPONENTS(0.,0.,0.,0.,0.,0.,0.);
#112950=(LENGTH_UNIT() NAMED_UNIT(*) SI_UNIT(.MILLI.,.METRE.));
#112960=(NAMED_UNIT(*) PLANE_ANGLE_UNIT() SI_UNIT($,.RADIAN.));
#112970=(NAMED_UNIT(*) SI_UNIT($,.STERADIAN.) SOLID_ANGLE_UNIT());
#112980=(GEOMETRIC_REPRESENTATION_CONTEXT(3) 
GLOBAL_UNCERTAINTY_ASSIGNED_CONTEXT((#112990)) 
GLOBAL_UNIT_ASSIGNED_CONTEXT((#112950,#112960,#112970)) 
REPRESENTATION_CONTEXT('',''));
#112990=UNCERTAINTY_MEASURE_WITH_UNIT(LENGTH_MEASURE(0.0015),#112950,
'distance_accuracy_value','maximum gap value');
#113000=SHAPE_REPRESENTATION('',(#27220),#112980);
#113010=TEXT_STYLE_FOR_DEFINED_FONT(#112850);
#113020=TEXT_STYLE_WITH_BOX_CHARACTERISTICS('',#113010,(BOX_HEIGHT(
0.334728419859636),BOX_WIDTH(0.223263856046377),BOX_SLANT_ANGLE(0.),
BOX_ROTATE_ANGLE(0.)));
#113030=PRESENTATION_STYLE_ASSIGNMENT((#113020));
#113040=(ANNOTATION_OCCURRENCE() ANNOTATION_TEXT_OCCURRENCE() 
DRAUGHTING_ANNOTATION_OCCURRENCE() GEOMETRIC_REPRESENTATION_ITEM() 
REPRESENTATION_ITEM('') STYLED_ITEM((#113030),#112910));
#113050=ANNOTATION_OCCURRENCE_ASSOCIATIVITY('','',#113040,#112890);
#113060=SYMBOL_COLOUR(#112850);
#113070=SYMBOL_STYLE('',#113060);
#113080=PRESENTATION_STYLE_ASSIGNMENT((#113070));
#113090=PRE_DEFINED_TERMINATOR_SYMBOL('filled arrow');
#113100=CARTESIAN_POINT('',(-6.381087,-6.58730099999999,2.69999999999987
));
#113110=DIRECTION('',(0.,1.,0.));
#113120=DIRECTION('',(0.,0.,1.));
#113130=AXIS2_PLACEMENT_3D('',#113100,#113110,#113120);
#113140=SYMBOL_TARGET('',#113130,0.334728419859636,0.334728419859636);
#113150=DEFINED_SYMBOL('',#113090,#113140);
#113160=(ANNOTATION_OCCURRENCE() ANNOTATION_SYMBOL_OCCURRENCE() 
DRAUGHTING_ANNOTATION_OCCURRENCE() GEOMETRIC_REPRESENTATION_ITEM() 
LEADER_TERMINATOR() REPRESENTATION_ITEM('') STYLED_ITEM((#113080),
#113150) TERMINATOR_SYMBOL(#112890));
#113170=LEADER_DIRECTED_CALLOUT('',(#113040,#112890,#113160));
#113180=SHAPE_REPRESENTATION('',(#113170),#112980);
#113190=CARTESIAN_POINT('',(4.223913,0.43244003831564,3.09999999999987))
;
#113200=DIRECTION('',(0.,-1.,0.));
#113210=DIRECTION('',(1.,0.,0.));
#113220=AXIS2_PLACEMENT_3D('',#113190,#113200,#113210);
#113230=CARTESIAN_POINT('',(4.223913,0.43244003831564,3.09999999999987))
;
#113240=CARTESIAN_POINT('',(3.88918458014037,0.43244003831564,
3.09999999999987));
#113250=CARTESIAN_POINT('',(4.223913,-4.08730099999999,3.09999999999987)
);
#113260=POLYLINE('',(#113230,#113240,#113250));
#113270=COLOUR_RGB('',0.,1.,1.);
#113280=DRAUGHTING_PRE_DEFINED_CURVE_FONT('continuous');
#113290=CURVE_STYLE('',#113280,POSITIVE_LENGTH_MEASURE(0.1),#113270);
#113300=PRESENTATION_STYLE_ASSIGNMENT((#113290));
#113310=(ANNOTATION_CURVE_OCCURRENCE() ANNOTATION_OCCURRENCE() 
DRAUGHTING_ANNOTATION_OCCURRENCE() GEOMETRIC_REPRESENTATION_ITEM() 
LEADER_CURVE() REPRESENTATION_ITEM('') STYLED_ITEM((#113300),#113260));
#113320=DRAUGHTING_PRE_DEFINED_TEXT_FONT('ISO 3098-1 font A');
#113330=TEXT_LITERAL('',
'\X2\8B66544A\X0\: \X2\30A230C930D030A430B6\X0\: \X2\7A1C7DDA304C77ED305
9304E307E3059\X0\',#113220,'baseline left',.RIGHT.,#113320);
#113340=DIMENSIONAL_EXPONENTS(1.,0.,0.,0.,0.,0.,0.);
#113350=DIMENSIONAL_EXPONENTS(0.,0.,0.,0.,0.,0.,0.);
#113360=DIMENSIONAL_EXPONENTS(0.,0.,0.,0.,0.,0.,0.);
#113370=(LENGTH_UNIT() NAMED_UNIT(*) SI_UNIT(.MILLI.,.METRE.));
#113380=(NAMED_UNIT(*) PLANE_ANGLE_UNIT() SI_UNIT($,.RADIAN.));
#113390=(NAMED_UNIT(*) SI_UNIT($,.STERADIAN.) SOLID_ANGLE_UNIT());
#113400=(GEOMETRIC_REPRESENTATION_CONTEXT(3) 
GLOBAL_UNCERTAINTY_ASSIGNED_CONTEXT((#113410)) 
GLOBAL_UNIT_ASSIGNED_CONTEXT((#113370,#113380,#113390)) 
REPRESENTATION_CONTEXT('',''));
#113410=UNCERTAINTY_MEASURE_WITH_UNIT(LENGTH_MEASURE(0.0015),#113370,
'distance_accuracy_value','maximum gap value');
#113420=SHAPE_REPRESENTATION('',(#78260,#48980),#113400);
#113430=TEXT_STYLE_FOR_DEFINED_FONT(#113270);
#113440=TEXT_STYLE_WITH_BOX_CHARACTERISTICS('',#113430,(BOX_HEIGHT(
0.334728419859636),BOX_WIDTH(0.223263856046377),BOX_SLANT_ANGLE(0.),
BOX_ROTATE_ANGLE(0.)));
#113450=PRESENTATION_STYLE_ASSIGNMENT((#113440));
#113460=(ANNOTATION_OCCURRENCE() ANNOTATION_TEXT_OCCURRENCE() 
DRAUGHTING_ANNOTATION_OCCURRENCE() GEOMETRIC_REPRESENTATION_ITEM() 
REPRESENTATION_ITEM('') STYLED_ITEM((#113450),#113330));
#113470=ANNOTATION_OCCURRENCE_ASSOCIATIVITY('','',#113460,#113310);
#113480=SYMBOL_COLOUR(#113270);
#113490=SYMBOL_STYLE('',#113480);
#113500=PRESENTATION_STYLE_ASSIGNMENT((#113490));
#113510=PRE_DEFINED_TERMINATOR_SYMBOL('filled arrow');
#113520=CARTESIAN_POINT('',(4.223913,-4.08730099999999,3.09999999999987)
);
#113530=DIRECTION('',(1.,0.,0.));
#113540=DIRECTION('',(-0.,0.,1.));
#113550=AXIS2_PLACEMENT_3D('',#113520,#113530,#113540);
#113560=SYMBOL_TARGET('',#113550,0.334728419859636,0.334728419859636);
#113570=DEFINED_SYMBOL('',#113510,#113560);
#113580=(ANNOTATION_OCCURRENCE() ANNOTATION_SYMBOL_OCCURRENCE() 
DRAUGHTING_ANNOTATION_OCCURRENCE() GEOMETRIC_REPRESENTATION_ITEM() 
LEADER_TERMINATOR() REPRESENTATION_ITEM('') STYLED_ITEM((#113500),
#113570) TERMINATOR_SYMBOL(#113310));
#113590=LEADER_DIRECTED_CALLOUT('',(#113460,#113310,#113580));
#113600=SHAPE_REPRESENTATION('',(#113590),#113400);
#113610=CARTESIAN_POINT('',(-6.381087,1.77135371775418,2.69999999999987)
);
#113620=DIRECTION('',(0.,-1.,0.));
#113630=DIRECTION('',(1.,0.,0.));
#113640=AXIS2_PLACEMENT_3D('',#113610,#113620,#113630);
#113650=CARTESIAN_POINT('',(-6.381087,1.77135371775418,2.69999999999987)
);
#113660=CARTESIAN_POINT('',(-6.71581541985964,1.77135371775418,
2.69999999999987));
#113670=CARTESIAN_POINT('',(-6.381087,-3.98730099999999,2.69999999999987
));
#113680=POLYLINE('',(#113650,#113660,#113670));
#113690=COLOUR_RGB('',0.,1.,1.);
#113700=DRAUGHTING_PRE_DEFINED_CURVE_FONT('continuous');
#113710=CURVE_STYLE('',#113700,POSITIVE_LENGTH_MEASURE(0.1),#113690);
#113720=PRESENTATION_STYLE_ASSIGNMENT((#113710));
#113730=(ANNOTATION_CURVE_OCCURRENCE() ANNOTATION_OCCURRENCE() 
DRAUGHTING_ANNOTATION_OCCURRENCE() GEOMETRIC_REPRESENTATION_ITEM() 
LEADER_CURVE() REPRESENTATION_ITEM('') STYLED_ITEM((#113720),#113680));
#113740=DRAUGHTING_PRE_DEFINED_TEXT_FONT('ISO 3098-1 font A');
#113750=TEXT_LITERAL('',
'\X2\8B66544A\X0\: \X2\5C163063305F7A1C7DDA304C898B3064304B308A307E30573
05F\X0\',#113640,'baseline left',.RIGHT.,#113740);
#113760=DIMENSIONAL_EXPONENTS(1.,0.,0.,0.,0.,0.,0.);
#113770=DIMENSIONAL_EXPONENTS(0.,0.,0.,0.,0.,0.,0.);
#113780=DIMENSIONAL_EXPONENTS(0.,0.,0.,0.,0.,0.,0.);
#113790=(LENGTH_UNIT() NAMED_UNIT(*) SI_UNIT(.MILLI.,.METRE.));
#113800=(NAMED_UNIT(*) PLANE_ANGLE_UNIT() SI_UNIT($,.RADIAN.));
#113810=(NAMED_UNIT(*) SI_UNIT($,.STERADIAN.) SOLID_ANGLE_UNIT());
#113820=(GEOMETRIC_REPRESENTATION_CONTEXT(3) 
GLOBAL_UNCERTAINTY_ASSIGNED_CONTEXT((#113830)) 
GLOBAL_UNIT_ASSIGNED_CONTEXT((#113790,#113800,#113810)) 
REPRESENTATION_CONTEXT('',''));
#113830=UNCERTAINTY_MEASURE_WITH_UNIT(LENGTH_MEASURE(0.0015),#113790,
'distance_accuracy_value','maximum gap value');
#113840=SHAPE_REPRESENTATION('',(#27130,#7080),#113820);
#113850=TEXT_STYLE_FOR_DEFINED_FONT(#113690);
#113860=TEXT_STYLE_WITH_BOX_CHARACTERISTICS('',#113850,(BOX_HEIGHT(
0.334728419859636),BOX_WIDTH(0.223263856046377),BOX_SLANT_ANGLE(0.),
BOX_ROTATE_ANGLE(0.)));
#113870=PRESENTATION_STYLE_ASSIGNMENT((#113860));
#113880=(ANNOTATION_OCCURRENCE() ANNOTATION_TEXT_OCCURRENCE() 
DRAUGHTING_ANNOTATION_OCCURRENCE() GEOMETRIC_REPRESENTATION_ITEM() 
REPRESENTATION_ITEM('') STYLED_ITEM((#113870),#113750));
#113890=ANNOTATION_OCCURRENCE_ASSOCIATIVITY('','',#113880,#113730);
#113900=SYMBOL_COLOUR(#113690);
#113910=SYMBOL_STYLE('',#113900);
#113920=PRESENTATION_STYLE_ASSIGNMENT((#113910));
#113930=PRE_DEFINED_TERMINATOR_SYMBOL('filled arrow');
#113940=CARTESIAN_POINT('',(-6.381087,-3.98730099999999,2.69999999999987
));
#113950=DIRECTION('',(1.,0.,0.));
#113960=DIRECTION('',(-0.,0.,1.));
#113970=AXIS2_PLACEMENT_3D('',#113940,#113950,#113960);
#113980=SYMBOL_TARGET('',#113970,0.334728419859636,0.334728419859636);
#113990=DEFINED_SYMBOL('',#113930,#113980);
#114000=(ANNOTATION_OCCURRENCE() ANNOTATION_SYMBOL_OCCURRENCE() 
DRAUGHTING_ANNOTATION_OCCURRENCE() GEOMETRIC_REPRESENTATION_ITEM() 
LEADER_TERMINATOR() REPRESENTATION_ITEM('') STYLED_ITEM((#113920),
#113990) TERMINATOR_SYMBOL(#113730));
#114010=LEADER_DIRECTED_CALLOUT('',(#113880,#113730,#114000));
#114020=SHAPE_REPRESENTATION('',(#114010),#113820);
#114030=CARTESIAN_POINT('',(2.39391300000001,-4.80773660762609,
11.1586547177541));
#114040=DIRECTION('',(0.,0.,1.));
#114050=DIRECTION('',(1.,0.,0.));
#114060=AXIS2_PLACEMENT_3D('',#114030,#114040,#114050);
#114070=CARTESIAN_POINT('',(2.39391300000001,-4.80773660762609,
11.1586547177541));
#114080=CARTESIAN_POINT('',(2.05918458014037,-4.80773660762609,
11.1586547177541));
#114090=CARTESIAN_POINT('',(2.39391300000001,-4.80773660762609,
5.29999999999987));
#114100=POLYLINE('',(#114070,#114080,#114090));
#114110=COLOUR_RGB('',0.,1.,1.);
#114120=DRAUGHTING_PRE_DEFINED_CURVE_FONT('continuous');
#114130=CURVE_STYLE('',#114120,POSITIVE_LENGTH_MEASURE(0.1),#114110);
#114140=PRESENTATION_STYLE_ASSIGNMENT((#114130));
#114150=(ANNOTATION_CURVE_OCCURRENCE() ANNOTATION_OCCURRENCE() 
DRAUGHTING_ANNOTATION_OCCURRENCE() GEOMETRIC_REPRESENTATION_ITEM() 
LEADER_CURVE() REPRESENTATION_ITEM('') STYLED_ITEM((#114140),#114100));
#114160=DRAUGHTING_PRE_DEFINED_TEXT_FONT('ISO 3098-1 font A');
#114170=TEXT_LITERAL('',
'\X2\8B66544A\X0\: \X2\30DC30C730A3306B4E219762306E3042308B30B730FC30C83
06E981857DF304C3042308A307E3059\X0\',#114060,'baseline left',.RIGHT.,
#114160);
#114180=DIMENSIONAL_EXPONENTS(1.,0.,0.,0.,0.,0.,0.);
#114190=DIMENSIONAL_EXPONENTS(0.,0.,0.,0.,0.,0.,0.);
#114200=DIMENSIONAL_EXPONENTS(0.,0.,0.,0.,0.,0.,0.);
#114210=(LENGTH_UNIT() NAMED_UNIT(*) SI_UNIT(.MILLI.,.METRE.));
#114220=(NAMED_UNIT(*) PLANE_ANGLE_UNIT() SI_UNIT($,.RADIAN.));
#114230=(NAMED_UNIT(*) SI_UNIT($,.STERADIAN.) SOLID_ANGLE_UNIT());
#114240=(GEOMETRIC_REPRESENTATION_CONTEXT(3) 
GLOBAL_UNCERTAINTY_ASSIGNED_CONTEXT((#114250)) 
GLOBAL_UNIT_ASSIGNED_CONTEXT((#114210,#114220,#114230)) 
REPRESENTATION_CONTEXT('',''));
#114250=UNCERTAINTY_MEASURE_WITH_UNIT(LENGTH_MEASURE(0.0015),#114210,
'distance_accuracy_value','maximum gap value');
#114260=SHAPE_REPRESENTATION('',(#68320,#67890,#67410,#66920,#66660,
#66010,#65590,#65160,#64680,#64190,#63760,#63280,#58980,#68800),#114240)
;
#114270=TEXT_STYLE_FOR_DEFINED_FONT(#114110);
#114280=TEXT_STYLE_WITH_BOX_CHARACTERISTICS('',#114270,(BOX_HEIGHT(
0.334728419859636),BOX_WIDTH(0.223263856046377),BOX_SLANT_ANGLE(0.),
BOX_ROTATE_ANGLE(0.)));
#114290=PRESENTATION_STYLE_ASSIGNMENT((#114280));
#114300=(ANNOTATION_OCCURRENCE() ANNOTATION_TEXT_OCCURRENCE() 
DRAUGHTING_ANNOTATION_OCCURRENCE() GEOMETRIC_REPRESENTATION_ITEM() 
REPRESENTATION_ITEM('') STYLED_ITEM((#114290),#114170));
#114310=ANNOTATION_OCCURRENCE_ASSOCIATIVITY('','',#114300,#114150);
#114320=SYMBOL_COLOUR(#114110);
#114330=SYMBOL_STYLE('',#114320);
#114340=PRESENTATION_STYLE_ASSIGNMENT((#114330));
#114350=PRE_DEFINED_TERMINATOR_SYMBOL('filled arrow');
#114360=CARTESIAN_POINT('',(2.39391300000001,-4.80773660762609,
5.29999999999987));
#114370=DIRECTION('',(1.,0.,0.));
#114380=DIRECTION('',(0.,1.,0.));
#114390=AXIS2_PLACEMENT_3D('',#114360,#114370,#114380);
#114400=SYMBOL_TARGET('',#114390,0.334728419859636,0.334728419859636);
#114410=DEFINED_SYMBOL('',#114350,#114400);
#114420=(ANNOTATION_OCCURRENCE() ANNOTATION_SYMBOL_OCCURRENCE() 
DRAUGHTING_ANNOTATION_OCCURRENCE() GEOMETRIC_REPRESENTATION_ITEM() 
LEADER_TERMINATOR() REPRESENTATION_ITEM('') STYLED_ITEM((#114340),
#114410) TERMINATOR_SYMBOL(#114150));
#114430=LEADER_DIRECTED_CALLOUT('',(#114300,#114150,#114420));
#114440=SHAPE_REPRESENTATION('',(#114430),#114240);
#114450=CARTESIAN_POINT('',(4.01891300000001,-5.08730099999999,
9.81974103831552));
#114460=DIRECTION('',(0.,0.,1.));
#114470=DIRECTION('',(1.,0.,0.));
#114480=AXIS2_PLACEMENT_3D('',#114450,#114460,#114470);
#114490=CARTESIAN_POINT('',(4.01891300000001,-5.08730099999999,
9.81974103831552));
#114500=CARTESIAN_POINT('',(3.68418458014037,-5.08730099999999,
9.81974103831552));
#114510=CARTESIAN_POINT('',(4.01891300000001,-5.08730099999999,
5.39999999999987));
#114520=POLYLINE('',(#114490,#114500,#114510));
#114530=COLOUR_RGB('',0.,1.,1.);
#114540=DRAUGHTING_PRE_DEFINED_CURVE_FONT('continuous');
#114550=CURVE_STYLE('',#114540,POSITIVE_LENGTH_MEASURE(0.1),#114530);
#114560=PRESENTATION_STYLE_ASSIGNMENT((#114550));
#114570=(ANNOTATION_CURVE_OCCURRENCE() ANNOTATION_OCCURRENCE() 
DRAUGHTING_ANNOTATION_OCCURRENCE() GEOMETRIC_REPRESENTATION_ITEM() 
LEADER_CURVE() REPRESENTATION_ITEM('') STYLED_ITEM((#114560),#114520));
#114580=DRAUGHTING_PRE_DEFINED_TEXT_FONT('ISO 3098-1 font A');
#114590=TEXT_LITERAL('',
'\X2\8B66544A\X0\: \X2\5C163063305F7A1C7DDA304C898B3064304B308A307E30573
05F\X0\',#114480,'baseline left',.RIGHT.,#114580);
#114600=DIMENSIONAL_EXPONENTS(1.,0.,0.,0.,0.,0.,0.);
#114610=DIMENSIONAL_EXPONENTS(0.,0.,0.,0.,0.,0.,0.);
#114620=DIMENSIONAL_EXPONENTS(0.,0.,0.,0.,0.,0.,0.);
#114630=(LENGTH_UNIT() NAMED_UNIT(*) SI_UNIT(.MILLI.,.METRE.));
#114640=(NAMED_UNIT(*) PLANE_ANGLE_UNIT() SI_UNIT($,.RADIAN.));
#114650=(NAMED_UNIT(*) SI_UNIT($,.STERADIAN.) SOLID_ANGLE_UNIT());
#114660=(GEOMETRIC_REPRESENTATION_CONTEXT(3) 
GLOBAL_UNCERTAINTY_ASSIGNED_CONTEXT((#114670)) 
GLOBAL_UNIT_ASSIGNED_CONTEXT((#114630,#114640,#114650)) 
REPRESENTATION_CONTEXT('',''));
#114670=UNCERTAINTY_MEASURE_WITH_UNIT(LENGTH_MEASURE(0.0015),#114630,
'distance_accuracy_value','maximum gap value');
#114680=SHAPE_REPRESENTATION('',(#69400,#68320,#67890,#67410,#66920,
#66660,#66010,#65590,#65160,#64680,#64190,#63760,#63280,#58980,#50390,
#68800),#114660);
#114690=TEXT_STYLE_FOR_DEFINED_FONT(#114530);
#114700=TEXT_STYLE_WITH_BOX_CHARACTERISTICS('',#114690,(BOX_HEIGHT(
0.334728419859636),BOX_WIDTH(0.223263856046377),BOX_SLANT_ANGLE(0.),
BOX_ROTATE_ANGLE(0.)));
#114710=PRESENTATION_STYLE_ASSIGNMENT((#114700));
#114720=(ANNOTATION_OCCURRENCE() ANNOTATION_TEXT_OCCURRENCE() 
DRAUGHTING_ANNOTATION_OCCURRENCE() GEOMETRIC_REPRESENTATION_ITEM() 
REPRESENTATION_ITEM('') STYLED_ITEM((#114710),#114590));
#114730=ANNOTATION_OCCURRENCE_ASSOCIATIVITY('','',#114720,#114570);
#114740=SYMBOL_COLOUR(#114530);
#114750=SYMBOL_STYLE('',#114740);
#114760=PRESENTATION_STYLE_ASSIGNMENT((#114750));
#114770=PRE_DEFINED_TERMINATOR_SYMBOL('filled arrow');
#114780=CARTESIAN_POINT('',(4.01891300000001,-5.08730099999999,
5.39999999999987));
#114790=DIRECTION('',(1.,0.,0.));
#114800=DIRECTION('',(0.,1.,0.));
#114810=AXIS2_PLACEMENT_3D('',#114780,#114790,#114800);
#114820=SYMBOL_TARGET('',#114810,0.334728419859636,0.334728419859636);
#114830=DEFINED_SYMBOL('',#114770,#114820);
#114840=(ANNOTATION_OCCURRENCE() ANNOTATION_SYMBOL_OCCURRENCE() 
DRAUGHTING_ANNOTATION_OCCURRENCE() GEOMETRIC_REPRESENTATION_ITEM() 
LEADER_TERMINATOR() REPRESENTATION_ITEM('') STYLED_ITEM((#114760),
#114830) TERMINATOR_SYMBOL(#114570));
#114850=LEADER_DIRECTED_CALLOUT('',(#114720,#114570,#114840));
#114860=SHAPE_REPRESENTATION('',(#114850),#114660);
#114870=CARTESIAN_POINT('',(0.,0.,0.));
#114880=DIRECTION('',(0.,0.,1.));
#114890=DIRECTION('',(1.,0.,0.));
#114900=AXIS2_PLACEMENT_3D('',#114870,#114880,#114890);
#114910=APPLICATION_CONTEXT(' ');
#114920=APPLICATION_PROTOCOL_DEFINITION(' ','automotive_design',1998,
#114910);
#114930=PRODUCT_CONTEXT('',#114910,'mechanical');
#114940=PRODUCT_DEFINITION_CONTEXT('part definition',#114910,'design');
#114950=PRODUCT('DF13C-7P-1_25V.prt','DF13C-7P-1_25V.prt','',(#114930));
#114960=PRODUCT_RELATED_PRODUCT_CATEGORY('part',' ',(#114950));
#114970=PRODUCT_DEFINITION_FORMATION_WITH_SPECIFIED_SOURCE('','',#114950
,.BOUGHT.);
#114980=PRODUCT_DEFINITION('',' ',#114970,#114940);
#114990=PRODUCT_DEFINITION_SHAPE('','',#114980);
#115000=DIMENSIONAL_EXPONENTS(1.,0.,0.,0.,0.,0.,0.);
#115010=DIMENSIONAL_EXPONENTS(0.,0.,0.,0.,0.,0.,0.);
#115020=DIMENSIONAL_EXPONENTS(0.,0.,0.,0.,0.,0.,0.);
#115030=(LENGTH_UNIT() NAMED_UNIT(*) SI_UNIT(.MILLI.,.METRE.));
#115040=(NAMED_UNIT(*) PLANE_ANGLE_UNIT() SI_UNIT($,.RADIAN.));
#115050=(NAMED_UNIT(*) SI_UNIT($,.STERADIAN.) SOLID_ANGLE_UNIT());
#115060=(GEOMETRIC_REPRESENTATION_CONTEXT(3) 
GLOBAL_UNCERTAINTY_ASSIGNED_CONTEXT((#115070)) 
GLOBAL_UNIT_ASSIGNED_CONTEXT((#115030,#115040,#115050)) 
REPRESENTATION_CONTEXT('',''));
#115070=UNCERTAINTY_MEASURE_WITH_UNIT(LENGTH_MEASURE(0.0015),#115030,
'distance_accuracy_value','maximum gap value');
#115080=SHAPE_REPRESENTATION('',(#114900,#111500,#111650,#111630,#112070
,#112050,#112490,#112470,#112910,#112890,#113330,#113310,#113750,#113730
,#114170,#114150,#114590,#114570),#115060);
#115090=SHAPE_DEFINITION_REPRESENTATION(#114990,#115080);
#115100=SHAPE_ASPECT('','',#114990,.T.);
#115110=PROPERTY_DEFINITION('','',#115100);
#115120=SHAPE_DEFINITION_REPRESENTATION(#115110,#111740);
#115130=SHAPE_ASPECT('','',#114990,.F.);
#115140=PROPERTY_DEFINITION('','',#115130);
#115150=SHAPE_DEFINITION_REPRESENTATION(#115140,#111920);
#115160=SHAPE_ASPECT_ASSOCIATIVITY('','',#115100,#115130);
#115170=SHAPE_ASPECT('','',#114990,.T.);
#115180=PROPERTY_DEFINITION('','',#115170);
#115190=SHAPE_DEFINITION_REPRESENTATION(#115180,#112160);
#115200=SHAPE_ASPECT('','',#114990,.F.);
#115210=PROPERTY_DEFINITION('','',#115200);
#115220=SHAPE_DEFINITION_REPRESENTATION(#115210,#112340);
#115230=SHAPE_ASPECT_ASSOCIATIVITY('','',#115170,#115200);
#115240=SHAPE_ASPECT('','',#114990,.T.);
#115250=PROPERTY_DEFINITION('','',#115240);
#115260=SHAPE_DEFINITION_REPRESENTATION(#115250,#112580);
#115270=SHAPE_ASPECT('','',#114990,.F.);
#115280=PROPERTY_DEFINITION('','',#115270);
#115290=SHAPE_DEFINITION_REPRESENTATION(#115280,#112760);
#115300=SHAPE_ASPECT_ASSOCIATIVITY('','',#115240,#115270);
#115310=SHAPE_ASPECT('','',#114990,.T.);
#115320=PROPERTY_DEFINITION('','',#115310);
#115330=SHAPE_DEFINITION_REPRESENTATION(#115320,#113000);
#115340=SHAPE_ASPECT('','',#114990,.F.);
#115350=PROPERTY_DEFINITION('','',#115340);
#115360=SHAPE_DEFINITION_REPRESENTATION(#115350,#113180);
#115370=SHAPE_ASPECT_ASSOCIATIVITY('','',#115310,#115340);
#115380=SHAPE_ASPECT('','',#114990,.T.);
#115390=PROPERTY_DEFINITION('','',#115380);
#115400=SHAPE_DEFINITION_REPRESENTATION(#115390,#113420);
#115410=SHAPE_ASPECT('','',#114990,.F.);
#115420=PROPERTY_DEFINITION('','',#115410);
#115430=SHAPE_DEFINITION_REPRESENTATION(#115420,#113600);
#115440=SHAPE_ASPECT_ASSOCIATIVITY('','',#115380,#115410);
#115450=SHAPE_ASPECT('','',#114990,.T.);
#115460=PROPERTY_DEFINITION('','',#115450);
#115470=SHAPE_DEFINITION_REPRESENTATION(#115460,#113840);
#115480=SHAPE_ASPECT('','',#114990,.F.);
#115490=PROPERTY_DEFINITION('','',#115480);
#115500=SHAPE_DEFINITION_REPRESENTATION(#115490,#114020);
#115510=SHAPE_ASPECT_ASSOCIATIVITY('','',#115450,#115480);
#115520=SHAPE_ASPECT('','',#114990,.T.);
#115530=PROPERTY_DEFINITION('','',#115520);
#115540=SHAPE_DEFINITION_REPRESENTATION(#115530,#114260);
#115550=SHAPE_ASPECT('','',#114990,.F.);
#115560=PROPERTY_DEFINITION('','',#115550);
#115570=SHAPE_DEFINITION_REPRESENTATION(#115560,#114440);
#115580=SHAPE_ASPECT_ASSOCIATIVITY('','',#115520,#115550);
#115590=SHAPE_ASPECT('','',#114990,.T.);
#115600=PROPERTY_DEFINITION('','',#115590);
#115610=SHAPE_DEFINITION_REPRESENTATION(#115600,#114680);
#115620=SHAPE_ASPECT('','',#114990,.F.);
#115630=PROPERTY_DEFINITION('','',#115620);
#115640=SHAPE_DEFINITION_REPRESENTATION(#115630,#114860);
#115650=SHAPE_ASPECT_ASSOCIATIVITY('','',#115590,#115620);
#115660=COLOUR_RGB('',1.,1.,0.533333361148834);
#115670=FILL_AREA_STYLE_COLOUR('',#115660);
#115680=FILL_AREA_STYLE('',(#115670));
#115690=SURFACE_STYLE_FILL_AREA(#115680);
#115700=SURFACE_SIDE_STYLE('',(#115690));
#115710=SURFACE_STYLE_USAGE(.BOTH.,#115700);
#115720=PRESENTATION_STYLE_ASSIGNMENT((#115710));
#115730=STYLED_ITEM('',(#115720),#111500);
#115740=DRAUGHTING_MODEL('',(#111780,#111630,#111900,#112200,#112050,
#112320,#112620,#112470,#112740,#113040,#112890,#113160,#113460,#113310,
#113580,#113880,#113730,#114000,#114300,#114150,#114420,#114720,#114570,
#114840,#115730),#115060);
#115750=CARTESIAN_POINT('',(0.,0.,0.));
#115760=DIRECTION('',(0.,0.,1.));
#115770=DIRECTION('',(1.,0.,0.));
#115780=AXIS2_PLACEMENT_3D('',#115750,#115760,#115770);
#115790=ITEM_DEFINED_TRANSFORMATION('DF13C-7P-1_25V.prt','',#114900,
#115780);
#115800=APPLICATION_CONTEXT(' ');
#115810=APPLICATION_PROTOCOL_DEFINITION(' ','automotive_design',1998,
#115800);
#115820=PRODUCT_CONTEXT('',#115800,'mechanical');
#115830=PRODUCT_DEFINITION_CONTEXT('part definition',#115800,'design');
#115840=PRODUCT('DF13C-7P-1_25V.stp','DF13C-7P-1_25V.stp','',(#115820));
#115850=PRODUCT_RELATED_PRODUCT_CATEGORY('part',' ',(#115840));
#115860=PRODUCT_DEFINITION_FORMATION_WITH_SPECIFIED_SOURCE('','',#115840
,.BOUGHT.);
#115870=PRODUCT_DEFINITION('',' ',#115860,#115830);
#115880=PRODUCT_DEFINITION_SHAPE('','',#115870);
#115890=DIMENSIONAL_EXPONENTS(1.,0.,0.,0.,0.,0.,0.);
#115900=DIMENSIONAL_EXPONENTS(0.,0.,0.,0.,0.,0.,0.);
#115910=DIMENSIONAL_EXPONENTS(0.,0.,0.,0.,0.,0.,0.);
#115920=(LENGTH_UNIT() NAMED_UNIT(*) SI_UNIT(.MILLI.,.METRE.));
#115930=(NAMED_UNIT(*) PLANE_ANGLE_UNIT() SI_UNIT($,.RADIAN.));
#115940=(NAMED_UNIT(*) SI_UNIT($,.STERADIAN.) SOLID_ANGLE_UNIT());
#115950=(GEOMETRIC_REPRESENTATION_CONTEXT(3) 
GLOBAL_UNCERTAINTY_ASSIGNED_CONTEXT((#115960)) 
GLOBAL_UNIT_ASSIGNED_CONTEXT((#115920,#115930,#115940)) 
REPRESENTATION_CONTEXT('',''));
#115960=UNCERTAINTY_MEASURE_WITH_UNIT(LENGTH_MEASURE(0.0015),#115920,
'distance_accuracy_value','maximum gap value');
#115970=SHAPE_REPRESENTATION('',(#114900,#115780),#115950);
#115980=SHAPE_DEFINITION_REPRESENTATION(#115880,#115970);
#115990=(REPRESENTATION_RELATIONSHIP('','',#115080,#115970) 
REPRESENTATION_RELATIONSHIP_WITH_TRANSFORMATION(#115790) 
SHAPE_REPRESENTATION_RELATIONSHIP());
#116000=NEXT_ASSEMBLY_USAGE_OCCURRENCE('1','','DF13C-7P-1_25V.prt',
#115870,#114980,'');
#116010=PRODUCT_DEFINITION_SHAPE('','',#116000);
#116020=CONTEXT_DEPENDENT_SHAPE_REPRESENTATION(#115990,#116010);
ENDSEC;
END-ISO-10303-21;
