ISO-10303-21;
HEADER;
FILE_DESCRIPTION(('KiCad electronic assembly'),'2;1');
FILE_NAME('+x-panel.step','2026-02-27T22:53:35',('Pcbnew'),('Kicad'),
  'Open CASCADE STEP processor 7.9','KiCad to STEP converter','Unknown'
  );
FILE_SCHEMA(('AUTOMOTIVE_DESIGN { 1 0 10303 214 1 1 1 1 }'));
ENDSEC;
DATA;
#1 = APPLICATION_PROTOCOL_DEFINITION('international standard',
  'automotive_design',2000,#2);
#2 = APPLICATION_CONTEXT(
  'core data for automotive mechanical design processes');
#3 = SHAPE_DEFINITION_REPRESENTATION(#4,#10);
#4 = PRODUCT_DEFINITION_SHAPE('','',#5);
#5 = PRODUCT_DEFINITION('design','',#6,#9);
#6 = PRODUCT_DEFINITION_FORMATION('','',#7);
#7 = PRODUCT('+x-panel 1','+x-panel 1','',(#8));
#8 = PRODUCT_CONTEXT('',#2,'mechanical');
#9 = PRODUCT_DEFINITION_CONTEXT('part definition',#2,'design');
#10 = SHAPE_REPRESENTATION('',(#11,#15,#19,#23,#27,#31,#35,#39),#43);
#11 = AXIS2_PLACEMENT_3D('',#12,#13,#14);
#12 = CARTESIAN_POINT('',(0.,0.,0.));
#13 = DIRECTION('',(0.,0.,1.));
#14 = DIRECTION('',(1.,0.,-0.));
#15 = AXIS2_PLACEMENT_3D('',#16,#17,#18);
#16 = CARTESIAN_POINT('',(836.11,-119.76,1.595));
#17 = DIRECTION('',(-1.359631073447E-32,1.,-1.110223024625E-16));
#18 = DIRECTION('',(-1.,0.,1.224646799147E-16));
#19 = AXIS2_PLACEMENT_3D('',#20,#21,#22);
#20 = CARTESIAN_POINT('',(836.07,-160.93,1.595));
#21 = DIRECTION('',(-1.359631073447E-32,1.,-1.110223024625E-16));
#22 = DIRECTION('',(-1.,0.,1.224646799147E-16));
#23 = AXIS2_PLACEMENT_3D('',#24,#25,#26);
#24 = CARTESIAN_POINT('',(836.435,-230.365,1.595));
#25 = DIRECTION('',(-1.359631073447E-32,1.,-1.110223024625E-16));
#26 = DIRECTION('',(-1.,0.,1.224646799147E-16));
#27 = AXIS2_PLACEMENT_3D('',#28,#29,#30);
#28 = CARTESIAN_POINT('',(836.08,-78.76,1.595));
#29 = DIRECTION('',(-1.359631073447E-32,1.,-1.110223024625E-16));
#30 = DIRECTION('',(-1.,0.,1.224646799147E-16));
#31 = AXIS2_PLACEMENT_3D('',#32,#33,#34);
#32 = CARTESIAN_POINT('',(835.315,-13.47,1.595));
#33 = DIRECTION('',(-1.359631073447E-32,1.,-1.110223024625E-16));
#34 = DIRECTION('',(-1.,0.,1.224646799147E-16));
#35 = AXIS2_PLACEMENT_3D('',#36,#37,#38);
#36 = CARTESIAN_POINT('',(821.083274,-50.29,22.615));
#37 = DIRECTION('',(-1.110223024625E-16,-1.,1.486666982486E-32));
#38 = DIRECTION('',(-1.144237745222E-17,-1.359631073447E-32,-1.));
#39 = AXIS2_PLACEMENT_3D('',#40,#41,#42);
#40 = CARTESIAN_POINT('',(0.,0.,0.));
#41 = DIRECTION('',(0.,0.,1.));
#42 = DIRECTION('',(1.,0.,-0.));
#43 = ( GEOMETRIC_REPRESENTATION_CONTEXT(3) 
GLOBAL_UNCERTAINTY_ASSIGNED_CONTEXT((#47)) GLOBAL_UNIT_ASSIGNED_CONTEXT(
(#44,#45,#46)) REPRESENTATION_CONTEXT('Context #1',
  '3D Context with UNIT and UNCERTAINTY') );
#44 = ( LENGTH_UNIT() NAMED_UNIT(*) SI_UNIT(.MILLI.,.METRE.) );
#45 = ( NAMED_UNIT(*) PLANE_ANGLE_UNIT() SI_UNIT($,.RADIAN.) );
#46 = ( NAMED_UNIT(*) SI_UNIT($,.STERADIAN.) SOLID_ANGLE_UNIT() );
#47 = UNCERTAINTY_MEASURE_WITH_UNIT(LENGTH_MEASURE(1.E-07),#44,
  'distance_accuracy_value','confusion accuracy');
#48 = PRODUCT_RELATED_PRODUCT_CATEGORY('part',$,(#7));
#49 = SHAPE_DEFINITION_REPRESENTATION(#50,#56);
#50 = PRODUCT_DEFINITION_SHAPE('','',#51);
#51 = PRODUCT_DEFINITION('design','',#52,#55);
#52 = PRODUCT_DEFINITION_FORMATION('','',#53);
#53 = PRODUCT('SolarCellv1v2','SolarCellv1v2','',(#54));
#54 = PRODUCT_CONTEXT('',#2,'mechanical');
#55 = PRODUCT_DEFINITION_CONTEXT('part definition',#2,'design');
#56 = ADVANCED_BREP_SHAPE_REPRESENTATION('',(#11,#57),#768);
#57 = MANIFOLD_SOLID_BREP('',#58);
#58 = CLOSED_SHELL('',(#59,#235,#266,#290,#314,#338,#362,#386,#410,#434,
    #458,#482,#506,#530,#554,#578,#602,#626,#650,#674,#698,#722,#739));
#59 = ADVANCED_FACE('',(#60),#230,.T.);
#60 = FACE_BOUND('',#61,.T.);
#61 = EDGE_LOOP('',(#62,#72,#80,#88,#96,#104,#112,#120,#128,#136,#144,
    #152,#160,#168,#176,#184,#192,#200,#208,#216,#224));
#62 = ORIENTED_EDGE('',*,*,#63,.T.);
#63 = EDGE_CURVE('',#64,#66,#68,.T.);
#64 = VERTEX_POINT('',#65);
#65 = CARTESIAN_POINT('',(0.,0.9,-25.));
#66 = VERTEX_POINT('',#67);
#67 = CARTESIAN_POINT('',(80.15,0.9,-25.));
#68 = LINE('',#69,#70);
#69 = CARTESIAN_POINT('',(0.,0.9,-25.));
#70 = VECTOR('',#71,1.);
#71 = DIRECTION('',(1.,0.,0.));
#72 = ORIENTED_EDGE('',*,*,#73,.T.);
#73 = EDGE_CURVE('',#66,#74,#76,.T.);
#74 = VERTEX_POINT('',#75);
#75 = CARTESIAN_POINT('',(80.15,0.9,-65.15));
#76 = LINE('',#77,#78);
#77 = CARTESIAN_POINT('',(80.15,0.9,-25.));
#78 = VECTOR('',#79,1.);
#79 = DIRECTION('',(0.,0.,-1.));
#80 = ORIENTED_EDGE('',*,*,#81,.T.);
#81 = EDGE_CURVE('',#74,#82,#84,.T.);
#82 = VERTEX_POINT('',#83);
#83 = CARTESIAN_POINT('',(76.75,0.9,-65.15));
#84 = LINE('',#85,#86);
#85 = CARTESIAN_POINT('',(80.15,0.9,-65.15));
#86 = VECTOR('',#87,1.);
#87 = DIRECTION('',(-1.,0.,0.));
#88 = ORIENTED_EDGE('',*,*,#89,.T.);
#89 = EDGE_CURVE('',#82,#90,#92,.T.);
#90 = VERTEX_POINT('',#91);
#91 = CARTESIAN_POINT('',(76.75,0.9,-73.15));
#92 = LINE('',#93,#94);
#93 = CARTESIAN_POINT('',(76.75,0.9,-65.15));
#94 = VECTOR('',#95,1.);
#95 = DIRECTION('',(0.,0.,-1.));
#96 = ORIENTED_EDGE('',*,*,#97,.T.);
#97 = EDGE_CURVE('',#90,#98,#100,.T.);
#98 = VERTEX_POINT('',#99);
#99 = CARTESIAN_POINT('',(72.15,0.9,-73.15));
#100 = LINE('',#101,#102);
#101 = CARTESIAN_POINT('',(76.75,0.9,-73.15));
#102 = VECTOR('',#103,1.);
#103 = DIRECTION('',(-1.,0.,0.));
#104 = ORIENTED_EDGE('',*,*,#105,.T.);
#105 = EDGE_CURVE('',#98,#106,#108,.T.);
#106 = VERTEX_POINT('',#107);
#107 = CARTESIAN_POINT('',(72.15,0.9,-65.15));
#108 = LINE('',#109,#110);
#109 = CARTESIAN_POINT('',(72.15,0.9,-73.15));
#110 = VECTOR('',#111,1.);
#111 = DIRECTION('',(0.,0.,1.));
#112 = ORIENTED_EDGE('',*,*,#113,.T.);
#113 = EDGE_CURVE('',#106,#114,#116,.T.);
#114 = VERTEX_POINT('',#115);
#115 = CARTESIAN_POINT('',(63.73,0.9,-65.15));
#116 = LINE('',#117,#118);
#117 = CARTESIAN_POINT('',(63.73,0.9,-65.15));
#118 = VECTOR('',#119,1.);
#119 = DIRECTION('',(-1.,0.,0.));
#120 = ORIENTED_EDGE('',*,*,#121,.T.);
#121 = EDGE_CURVE('',#114,#122,#124,.T.);
#122 = VERTEX_POINT('',#123);
#123 = CARTESIAN_POINT('',(63.73,0.9,-73.15));
#124 = LINE('',#125,#126);
#125 = CARTESIAN_POINT('',(63.73,0.9,-73.15));
#126 = VECTOR('',#127,1.);
#127 = DIRECTION('',(0.,0.,-1.));
#128 = ORIENTED_EDGE('',*,*,#129,.T.);
#129 = EDGE_CURVE('',#122,#130,#132,.T.);
#130 = VERTEX_POINT('',#131);
#131 = CARTESIAN_POINT('',(57.43,0.9,-73.15));
#132 = LINE('',#133,#134);
#133 = CARTESIAN_POINT('',(57.43,0.9,-73.15));
#134 = VECTOR('',#135,1.);
#135 = DIRECTION('',(-1.,0.,0.));
#136 = ORIENTED_EDGE('',*,*,#137,.T.);
#137 = EDGE_CURVE('',#130,#138,#140,.T.);
#138 = VERTEX_POINT('',#139);
#139 = CARTESIAN_POINT('',(57.43,0.9,-65.15));
#140 = LINE('',#141,#142);
#141 = CARTESIAN_POINT('',(57.43,0.9,-65.15));
#142 = VECTOR('',#143,1.);
#143 = DIRECTION('',(0.,0.,1.));
#144 = ORIENTED_EDGE('',*,*,#145,.T.);
#145 = EDGE_CURVE('',#138,#146,#148,.T.);
#146 = VERTEX_POINT('',#147);
#147 = CARTESIAN_POINT('',(43.23,0.9,-65.15));
#148 = LINE('',#149,#150);
#149 = CARTESIAN_POINT('',(43.23,0.9,-65.15));
#150 = VECTOR('',#151,1.);
#151 = DIRECTION('',(-1.,0.,0.));
#152 = ORIENTED_EDGE('',*,*,#153,.T.);
#153 = EDGE_CURVE('',#146,#154,#156,.T.);
#154 = VERTEX_POINT('',#155);
#155 = CARTESIAN_POINT('',(43.23,0.9,-73.15));
#156 = LINE('',#157,#158);
#157 = CARTESIAN_POINT('',(43.23,0.9,-73.15));
#158 = VECTOR('',#159,1.);
#159 = DIRECTION('',(0.,0.,-1.));
#160 = ORIENTED_EDGE('',*,*,#161,.T.);
#161 = EDGE_CURVE('',#154,#162,#164,.T.);
#162 = VERTEX_POINT('',#163);
#163 = CARTESIAN_POINT('',(36.93,0.9,-73.15));
#164 = LINE('',#165,#166);
#165 = CARTESIAN_POINT('',(36.93,0.9,-73.15));
#166 = VECTOR('',#167,1.);
#167 = DIRECTION('',(-1.,0.,0.));
#168 = ORIENTED_EDGE('',*,*,#169,.T.);
#169 = EDGE_CURVE('',#162,#170,#172,.T.);
#170 = VERTEX_POINT('',#171);
#171 = CARTESIAN_POINT('',(36.93,0.9,-65.15));
#172 = LINE('',#173,#174);
#173 = CARTESIAN_POINT('',(36.93,0.9,-65.15));
#174 = VECTOR('',#175,1.);
#175 = DIRECTION('',(0.,0.,1.));
#176 = ORIENTED_EDGE('',*,*,#177,.T.);
#177 = EDGE_CURVE('',#170,#178,#180,.T.);
#178 = VERTEX_POINT('',#179);
#179 = CARTESIAN_POINT('',(22.73,0.9,-65.15));
#180 = LINE('',#181,#182);
#181 = CARTESIAN_POINT('',(22.73,0.9,-65.15));
#182 = VECTOR('',#183,1.);
#183 = DIRECTION('',(-1.,0.,0.));
#184 = ORIENTED_EDGE('',*,*,#185,.T.);
#185 = EDGE_CURVE('',#178,#186,#188,.T.);
#186 = VERTEX_POINT('',#187);
#187 = CARTESIAN_POINT('',(22.73,0.9,-73.15));
#188 = LINE('',#189,#190);
#189 = CARTESIAN_POINT('',(22.73,0.9,-73.15));
#190 = VECTOR('',#191,1.);
#191 = DIRECTION('',(0.,0.,-1.));
#192 = ORIENTED_EDGE('',*,*,#193,.T.);
#193 = EDGE_CURVE('',#186,#194,#196,.T.);
#194 = VERTEX_POINT('',#195);
#195 = CARTESIAN_POINT('',(16.43,0.9,-73.15));
#196 = LINE('',#197,#198);
#197 = CARTESIAN_POINT('',(16.43,0.9,-73.15));
#198 = VECTOR('',#199,1.);
#199 = DIRECTION('',(-1.,0.,0.));
#200 = ORIENTED_EDGE('',*,*,#201,.T.);
#201 = EDGE_CURVE('',#194,#202,#204,.T.);
#202 = VERTEX_POINT('',#203);
#203 = CARTESIAN_POINT('',(16.43,0.9,-65.15));
#204 = LINE('',#205,#206);
#205 = CARTESIAN_POINT('',(16.43,0.9,-65.15));
#206 = VECTOR('',#207,1.);
#207 = DIRECTION('',(0.,0.,1.));
#208 = ORIENTED_EDGE('',*,*,#209,.T.);
#209 = EDGE_CURVE('',#202,#210,#212,.T.);
#210 = VERTEX_POINT('',#211);
#211 = CARTESIAN_POINT('',(14.987591448949,0.9,-65.15));
#212 = LINE('',#213,#214);
#213 = CARTESIAN_POINT('',(14.987591448949,0.9,-65.15));
#214 = VECTOR('',#215,1.);
#215 = DIRECTION('',(-1.,0.,0.));
#216 = ORIENTED_EDGE('',*,*,#217,.T.);
#217 = EDGE_CURVE('',#210,#218,#220,.T.);
#218 = VERTEX_POINT('',#219);
#219 = CARTESIAN_POINT('',(0.,0.9,-52.55));
#220 = LINE('',#221,#222);
#221 = CARTESIAN_POINT('',(0.,0.9,-52.55));
#222 = VECTOR('',#223,1.);
#223 = DIRECTION('',(-0.765442631022,0.,0.643504140324));
#224 = ORIENTED_EDGE('',*,*,#225,.T.);
#225 = EDGE_CURVE('',#218,#64,#226,.T.);
#226 = LINE('',#227,#228);
#227 = CARTESIAN_POINT('',(0.,0.9,-25.));
#228 = VECTOR('',#229,1.);
#229 = DIRECTION('',(0.,0.,1.));
#230 = PLANE('',#231);
#231 = AXIS2_PLACEMENT_3D('',#232,#233,#234);
#232 = CARTESIAN_POINT('',(40.075,0.9,-49.075));
#233 = DIRECTION('',(0.,1.,0.));
#234 = DIRECTION('',(0.,-0.,1.));
#235 = ADVANCED_FACE('',(#236),#261,.T.);
#236 = FACE_BOUND('',#237,.T.);
#237 = EDGE_LOOP('',(#238,#248,#254,#255));
#238 = ORIENTED_EDGE('',*,*,#239,.F.);
#239 = EDGE_CURVE('',#240,#242,#244,.T.);
#240 = VERTEX_POINT('',#241);
#241 = CARTESIAN_POINT('',(0.,0.,-25.));
#242 = VERTEX_POINT('',#243);
#243 = CARTESIAN_POINT('',(0.,0.,-52.55));
#244 = LINE('',#245,#246);
#245 = CARTESIAN_POINT('',(0.,0.,-25.));
#246 = VECTOR('',#247,1.);
#247 = DIRECTION('',(0.,0.,-1.));
#248 = ORIENTED_EDGE('',*,*,#249,.T.);
#249 = EDGE_CURVE('',#240,#64,#250,.T.);
#250 = LINE('',#251,#252);
#251 = CARTESIAN_POINT('',(0.,0.,-25.));
#252 = VECTOR('',#253,1.);
#253 = DIRECTION('',(0.,1.,0.));
#254 = ORIENTED_EDGE('',*,*,#225,.F.);
#255 = ORIENTED_EDGE('',*,*,#256,.F.);
#256 = EDGE_CURVE('',#242,#218,#257,.T.);
#257 = LINE('',#258,#259);
#258 = CARTESIAN_POINT('',(0.,0.,-52.55));
#259 = VECTOR('',#260,1.);
#260 = DIRECTION('',(0.,1.,0.));
#261 = PLANE('',#262);
#262 = AXIS2_PLACEMENT_3D('',#263,#264,#265);
#263 = CARTESIAN_POINT('',(0.,0.,-52.55));
#264 = DIRECTION('',(-1.,0.,0.));
#265 = DIRECTION('',(0.,0.,1.));
#266 = ADVANCED_FACE('',(#267),#285,.T.);
#267 = FACE_BOUND('',#268,.T.);
#268 = EDGE_LOOP('',(#269,#277,#278,#279));
#269 = ORIENTED_EDGE('',*,*,#270,.F.);
#270 = EDGE_CURVE('',#242,#271,#273,.T.);
#271 = VERTEX_POINT('',#272);
#272 = CARTESIAN_POINT('',(14.987591448949,0.,-65.15));
#273 = LINE('',#274,#275);
#274 = CARTESIAN_POINT('',(0.,0.,-52.55));
#275 = VECTOR('',#276,1.);
#276 = DIRECTION('',(0.765442631022,0.,-0.643504140324));
#277 = ORIENTED_EDGE('',*,*,#256,.T.);
#278 = ORIENTED_EDGE('',*,*,#217,.F.);
#279 = ORIENTED_EDGE('',*,*,#280,.F.);
#280 = EDGE_CURVE('',#271,#210,#281,.T.);
#281 = LINE('',#282,#283);
#282 = CARTESIAN_POINT('',(14.987591448949,0.,-65.15));
#283 = VECTOR('',#284,1.);
#284 = DIRECTION('',(0.,1.,0.));
#285 = PLANE('',#286);
#286 = AXIS2_PLACEMENT_3D('',#287,#288,#289);
#287 = CARTESIAN_POINT('',(14.987591448949,0.,-65.15));
#288 = DIRECTION('',(-0.643504140324,0.,-0.765442631022));
#289 = DIRECTION('',(-0.765442631022,0.,0.643504140324));
#290 = ADVANCED_FACE('',(#291),#309,.T.);
#291 = FACE_BOUND('',#292,.T.);
#292 = EDGE_LOOP('',(#293,#301,#302,#303));
#293 = ORIENTED_EDGE('',*,*,#294,.F.);
#294 = EDGE_CURVE('',#271,#295,#297,.T.);
#295 = VERTEX_POINT('',#296);
#296 = CARTESIAN_POINT('',(16.43,0.,-65.15));
#297 = LINE('',#298,#299);
#298 = CARTESIAN_POINT('',(14.987591448949,0.,-65.15));
#299 = VECTOR('',#300,1.);
#300 = DIRECTION('',(1.,0.,0.));
#301 = ORIENTED_EDGE('',*,*,#280,.T.);
#302 = ORIENTED_EDGE('',*,*,#209,.F.);
#303 = ORIENTED_EDGE('',*,*,#304,.F.);
#304 = EDGE_CURVE('',#295,#202,#305,.T.);
#305 = LINE('',#306,#307);
#306 = CARTESIAN_POINT('',(16.43,0.,-65.15));
#307 = VECTOR('',#308,1.);
#308 = DIRECTION('',(0.,1.,0.));
#309 = PLANE('',#310);
#310 = AXIS2_PLACEMENT_3D('',#311,#312,#313);
#311 = CARTESIAN_POINT('',(16.43,0.,-65.15));
#312 = DIRECTION('',(0.,0.,-1.));
#313 = DIRECTION('',(-1.,0.,0.));
#314 = ADVANCED_FACE('',(#315),#333,.T.);
#315 = FACE_BOUND('',#316,.T.);
#316 = EDGE_LOOP('',(#317,#325,#326,#327));
#317 = ORIENTED_EDGE('',*,*,#318,.F.);
#318 = EDGE_CURVE('',#295,#319,#321,.T.);
#319 = VERTEX_POINT('',#320);
#320 = CARTESIAN_POINT('',(16.43,0.,-73.15));
#321 = LINE('',#322,#323);
#322 = CARTESIAN_POINT('',(16.43,0.,-65.15));
#323 = VECTOR('',#324,1.);
#324 = DIRECTION('',(0.,0.,-1.));
#325 = ORIENTED_EDGE('',*,*,#304,.T.);
#326 = ORIENTED_EDGE('',*,*,#201,.F.);
#327 = ORIENTED_EDGE('',*,*,#328,.F.);
#328 = EDGE_CURVE('',#319,#194,#329,.T.);
#329 = LINE('',#330,#331);
#330 = CARTESIAN_POINT('',(16.43,0.,-73.15));
#331 = VECTOR('',#332,1.);
#332 = DIRECTION('',(0.,1.,0.));
#333 = PLANE('',#334);
#334 = AXIS2_PLACEMENT_3D('',#335,#336,#337);
#335 = CARTESIAN_POINT('',(16.43,0.,-73.15));
#336 = DIRECTION('',(-1.,0.,0.));
#337 = DIRECTION('',(0.,0.,1.));
#338 = ADVANCED_FACE('',(#339),#357,.T.);
#339 = FACE_BOUND('',#340,.T.);
#340 = EDGE_LOOP('',(#341,#349,#350,#351));
#341 = ORIENTED_EDGE('',*,*,#342,.F.);
#342 = EDGE_CURVE('',#319,#343,#345,.T.);
#343 = VERTEX_POINT('',#344);
#344 = CARTESIAN_POINT('',(22.73,0.,-73.15));
#345 = LINE('',#346,#347);
#346 = CARTESIAN_POINT('',(16.43,0.,-73.15));
#347 = VECTOR('',#348,1.);
#348 = DIRECTION('',(1.,0.,0.));
#349 = ORIENTED_EDGE('',*,*,#328,.T.);
#350 = ORIENTED_EDGE('',*,*,#193,.F.);
#351 = ORIENTED_EDGE('',*,*,#352,.F.);
#352 = EDGE_CURVE('',#343,#186,#353,.T.);
#353 = LINE('',#354,#355);
#354 = CARTESIAN_POINT('',(22.73,0.,-73.15));
#355 = VECTOR('',#356,1.);
#356 = DIRECTION('',(0.,1.,0.));
#357 = PLANE('',#358);
#358 = AXIS2_PLACEMENT_3D('',#359,#360,#361);
#359 = CARTESIAN_POINT('',(22.73,0.,-73.15));
#360 = DIRECTION('',(0.,0.,-1.));
#361 = DIRECTION('',(-1.,0.,0.));
#362 = ADVANCED_FACE('',(#363),#381,.T.);
#363 = FACE_BOUND('',#364,.T.);
#364 = EDGE_LOOP('',(#365,#373,#374,#375));
#365 = ORIENTED_EDGE('',*,*,#366,.F.);
#366 = EDGE_CURVE('',#343,#367,#369,.T.);
#367 = VERTEX_POINT('',#368);
#368 = CARTESIAN_POINT('',(22.73,0.,-65.15));
#369 = LINE('',#370,#371);
#370 = CARTESIAN_POINT('',(22.73,0.,-73.15));
#371 = VECTOR('',#372,1.);
#372 = DIRECTION('',(0.,0.,1.));
#373 = ORIENTED_EDGE('',*,*,#352,.T.);
#374 = ORIENTED_EDGE('',*,*,#185,.F.);
#375 = ORIENTED_EDGE('',*,*,#376,.F.);
#376 = EDGE_CURVE('',#367,#178,#377,.T.);
#377 = LINE('',#378,#379);
#378 = CARTESIAN_POINT('',(22.73,0.,-65.15));
#379 = VECTOR('',#380,1.);
#380 = DIRECTION('',(0.,1.,0.));
#381 = PLANE('',#382);
#382 = AXIS2_PLACEMENT_3D('',#383,#384,#385);
#383 = CARTESIAN_POINT('',(22.73,0.,-65.15));
#384 = DIRECTION('',(1.,0.,0.));
#385 = DIRECTION('',(0.,0.,-1.));
#386 = ADVANCED_FACE('',(#387),#405,.T.);
#387 = FACE_BOUND('',#388,.T.);
#388 = EDGE_LOOP('',(#389,#397,#398,#399));
#389 = ORIENTED_EDGE('',*,*,#390,.F.);
#390 = EDGE_CURVE('',#367,#391,#393,.T.);
#391 = VERTEX_POINT('',#392);
#392 = CARTESIAN_POINT('',(36.93,0.,-65.15));
#393 = LINE('',#394,#395);
#394 = CARTESIAN_POINT('',(22.73,0.,-65.15));
#395 = VECTOR('',#396,1.);
#396 = DIRECTION('',(1.,0.,0.));
#397 = ORIENTED_EDGE('',*,*,#376,.T.);
#398 = ORIENTED_EDGE('',*,*,#177,.F.);
#399 = ORIENTED_EDGE('',*,*,#400,.F.);
#400 = EDGE_CURVE('',#391,#170,#401,.T.);
#401 = LINE('',#402,#403);
#402 = CARTESIAN_POINT('',(36.93,0.,-65.15));
#403 = VECTOR('',#404,1.);
#404 = DIRECTION('',(0.,1.,0.));
#405 = PLANE('',#406);
#406 = AXIS2_PLACEMENT_3D('',#407,#408,#409);
#407 = CARTESIAN_POINT('',(36.93,0.,-65.15));
#408 = DIRECTION('',(0.,0.,-1.));
#409 = DIRECTION('',(-1.,0.,0.));
#410 = ADVANCED_FACE('',(#411),#429,.T.);
#411 = FACE_BOUND('',#412,.T.);
#412 = EDGE_LOOP('',(#413,#421,#422,#423));
#413 = ORIENTED_EDGE('',*,*,#414,.F.);
#414 = EDGE_CURVE('',#391,#415,#417,.T.);
#415 = VERTEX_POINT('',#416);
#416 = CARTESIAN_POINT('',(36.93,0.,-73.15));
#417 = LINE('',#418,#419);
#418 = CARTESIAN_POINT('',(36.93,0.,-65.15));
#419 = VECTOR('',#420,1.);
#420 = DIRECTION('',(0.,0.,-1.));
#421 = ORIENTED_EDGE('',*,*,#400,.T.);
#422 = ORIENTED_EDGE('',*,*,#169,.F.);
#423 = ORIENTED_EDGE('',*,*,#424,.F.);
#424 = EDGE_CURVE('',#415,#162,#425,.T.);
#425 = LINE('',#426,#427);
#426 = CARTESIAN_POINT('',(36.93,0.,-73.15));
#427 = VECTOR('',#428,1.);
#428 = DIRECTION('',(0.,1.,0.));
#429 = PLANE('',#430);
#430 = AXIS2_PLACEMENT_3D('',#431,#432,#433);
#431 = CARTESIAN_POINT('',(36.93,0.,-73.15));
#432 = DIRECTION('',(-1.,0.,0.));
#433 = DIRECTION('',(0.,0.,1.));
#434 = ADVANCED_FACE('',(#435),#453,.T.);
#435 = FACE_BOUND('',#436,.T.);
#436 = EDGE_LOOP('',(#437,#445,#446,#447));
#437 = ORIENTED_EDGE('',*,*,#438,.F.);
#438 = EDGE_CURVE('',#415,#439,#441,.T.);
#439 = VERTEX_POINT('',#440);
#440 = CARTESIAN_POINT('',(43.23,0.,-73.15));
#441 = LINE('',#442,#443);
#442 = CARTESIAN_POINT('',(36.93,0.,-73.15));
#443 = VECTOR('',#444,1.);
#444 = DIRECTION('',(1.,0.,0.));
#445 = ORIENTED_EDGE('',*,*,#424,.T.);
#446 = ORIENTED_EDGE('',*,*,#161,.F.);
#447 = ORIENTED_EDGE('',*,*,#448,.F.);
#448 = EDGE_CURVE('',#439,#154,#449,.T.);
#449 = LINE('',#450,#451);
#450 = CARTESIAN_POINT('',(43.23,0.,-73.15));
#451 = VECTOR('',#452,1.);
#452 = DIRECTION('',(0.,1.,0.));
#453 = PLANE('',#454);
#454 = AXIS2_PLACEMENT_3D('',#455,#456,#457);
#455 = CARTESIAN_POINT('',(43.23,0.,-73.15));
#456 = DIRECTION('',(0.,0.,-1.));
#457 = DIRECTION('',(-1.,0.,0.));
#458 = ADVANCED_FACE('',(#459),#477,.T.);
#459 = FACE_BOUND('',#460,.T.);
#460 = EDGE_LOOP('',(#461,#469,#470,#471));
#461 = ORIENTED_EDGE('',*,*,#462,.F.);
#462 = EDGE_CURVE('',#439,#463,#465,.T.);
#463 = VERTEX_POINT('',#464);
#464 = CARTESIAN_POINT('',(43.23,0.,-65.15));
#465 = LINE('',#466,#467);
#466 = CARTESIAN_POINT('',(43.23,0.,-73.15));
#467 = VECTOR('',#468,1.);
#468 = DIRECTION('',(0.,0.,1.));
#469 = ORIENTED_EDGE('',*,*,#448,.T.);
#470 = ORIENTED_EDGE('',*,*,#153,.F.);
#471 = ORIENTED_EDGE('',*,*,#472,.F.);
#472 = EDGE_CURVE('',#463,#146,#473,.T.);
#473 = LINE('',#474,#475);
#474 = CARTESIAN_POINT('',(43.23,0.,-65.15));
#475 = VECTOR('',#476,1.);
#476 = DIRECTION('',(0.,1.,0.));
#477 = PLANE('',#478);
#478 = AXIS2_PLACEMENT_3D('',#479,#480,#481);
#479 = CARTESIAN_POINT('',(43.23,0.,-65.15));
#480 = DIRECTION('',(1.,0.,0.));
#481 = DIRECTION('',(0.,0.,-1.));
#482 = ADVANCED_FACE('',(#483),#501,.T.);
#483 = FACE_BOUND('',#484,.T.);
#484 = EDGE_LOOP('',(#485,#493,#494,#495));
#485 = ORIENTED_EDGE('',*,*,#486,.F.);
#486 = EDGE_CURVE('',#463,#487,#489,.T.);
#487 = VERTEX_POINT('',#488);
#488 = CARTESIAN_POINT('',(57.43,0.,-65.15));
#489 = LINE('',#490,#491);
#490 = CARTESIAN_POINT('',(43.23,0.,-65.15));
#491 = VECTOR('',#492,1.);
#492 = DIRECTION('',(1.,0.,0.));
#493 = ORIENTED_EDGE('',*,*,#472,.T.);
#494 = ORIENTED_EDGE('',*,*,#145,.F.);
#495 = ORIENTED_EDGE('',*,*,#496,.F.);
#496 = EDGE_CURVE('',#487,#138,#497,.T.);
#497 = LINE('',#498,#499);
#498 = CARTESIAN_POINT('',(57.43,0.,-65.15));
#499 = VECTOR('',#500,1.);
#500 = DIRECTION('',(0.,1.,0.));
#501 = PLANE('',#502);
#502 = AXIS2_PLACEMENT_3D('',#503,#504,#505);
#503 = CARTESIAN_POINT('',(57.43,0.,-65.15));
#504 = DIRECTION('',(0.,0.,-1.));
#505 = DIRECTION('',(-1.,0.,0.));
#506 = ADVANCED_FACE('',(#507),#525,.T.);
#507 = FACE_BOUND('',#508,.T.);
#508 = EDGE_LOOP('',(#509,#517,#518,#519));
#509 = ORIENTED_EDGE('',*,*,#510,.F.);
#510 = EDGE_CURVE('',#487,#511,#513,.T.);
#511 = VERTEX_POINT('',#512);
#512 = CARTESIAN_POINT('',(57.43,0.,-73.15));
#513 = LINE('',#514,#515);
#514 = CARTESIAN_POINT('',(57.43,0.,-65.15));
#515 = VECTOR('',#516,1.);
#516 = DIRECTION('',(0.,0.,-1.));
#517 = ORIENTED_EDGE('',*,*,#496,.T.);
#518 = ORIENTED_EDGE('',*,*,#137,.F.);
#519 = ORIENTED_EDGE('',*,*,#520,.F.);
#520 = EDGE_CURVE('',#511,#130,#521,.T.);
#521 = LINE('',#522,#523);
#522 = CARTESIAN_POINT('',(57.43,0.,-73.15));
#523 = VECTOR('',#524,1.);
#524 = DIRECTION('',(0.,1.,0.));
#525 = PLANE('',#526);
#526 = AXIS2_PLACEMENT_3D('',#527,#528,#529);
#527 = CARTESIAN_POINT('',(57.43,0.,-73.15));
#528 = DIRECTION('',(-1.,0.,0.));
#529 = DIRECTION('',(0.,0.,1.));
#530 = ADVANCED_FACE('',(#531),#549,.T.);
#531 = FACE_BOUND('',#532,.T.);
#532 = EDGE_LOOP('',(#533,#541,#542,#543));
#533 = ORIENTED_EDGE('',*,*,#534,.F.);
#534 = EDGE_CURVE('',#511,#535,#537,.T.);
#535 = VERTEX_POINT('',#536);
#536 = CARTESIAN_POINT('',(63.73,0.,-73.15));
#537 = LINE('',#538,#539);
#538 = CARTESIAN_POINT('',(57.43,0.,-73.15));
#539 = VECTOR('',#540,1.);
#540 = DIRECTION('',(1.,0.,0.));
#541 = ORIENTED_EDGE('',*,*,#520,.T.);
#542 = ORIENTED_EDGE('',*,*,#129,.F.);
#543 = ORIENTED_EDGE('',*,*,#544,.F.);
#544 = EDGE_CURVE('',#535,#122,#545,.T.);
#545 = LINE('',#546,#547);
#546 = CARTESIAN_POINT('',(63.73,0.,-73.15));
#547 = VECTOR('',#548,1.);
#548 = DIRECTION('',(0.,1.,0.));
#549 = PLANE('',#550);
#550 = AXIS2_PLACEMENT_3D('',#551,#552,#553);
#551 = CARTESIAN_POINT('',(63.73,0.,-73.15));
#552 = DIRECTION('',(0.,0.,-1.));
#553 = DIRECTION('',(-1.,0.,0.));
#554 = ADVANCED_FACE('',(#555),#573,.T.);
#555 = FACE_BOUND('',#556,.T.);
#556 = EDGE_LOOP('',(#557,#565,#566,#567));
#557 = ORIENTED_EDGE('',*,*,#558,.F.);
#558 = EDGE_CURVE('',#535,#559,#561,.T.);
#559 = VERTEX_POINT('',#560);
#560 = CARTESIAN_POINT('',(63.73,0.,-65.15));
#561 = LINE('',#562,#563);
#562 = CARTESIAN_POINT('',(63.73,0.,-73.15));
#563 = VECTOR('',#564,1.);
#564 = DIRECTION('',(0.,0.,1.));
#565 = ORIENTED_EDGE('',*,*,#544,.T.);
#566 = ORIENTED_EDGE('',*,*,#121,.F.);
#567 = ORIENTED_EDGE('',*,*,#568,.F.);
#568 = EDGE_CURVE('',#559,#114,#569,.T.);
#569 = LINE('',#570,#571);
#570 = CARTESIAN_POINT('',(63.73,0.,-65.15));
#571 = VECTOR('',#572,1.);
#572 = DIRECTION('',(0.,1.,0.));
#573 = PLANE('',#574);
#574 = AXIS2_PLACEMENT_3D('',#575,#576,#577);
#575 = CARTESIAN_POINT('',(63.73,0.,-65.15));
#576 = DIRECTION('',(1.,0.,0.));
#577 = DIRECTION('',(0.,0.,-1.));
#578 = ADVANCED_FACE('',(#579),#597,.T.);
#579 = FACE_BOUND('',#580,.T.);
#580 = EDGE_LOOP('',(#581,#589,#590,#591));
#581 = ORIENTED_EDGE('',*,*,#582,.F.);
#582 = EDGE_CURVE('',#559,#583,#585,.T.);
#583 = VERTEX_POINT('',#584);
#584 = CARTESIAN_POINT('',(72.15,0.,-65.15));
#585 = LINE('',#586,#587);
#586 = CARTESIAN_POINT('',(63.73,0.,-65.15));
#587 = VECTOR('',#588,1.);
#588 = DIRECTION('',(1.,0.,0.));
#589 = ORIENTED_EDGE('',*,*,#568,.T.);
#590 = ORIENTED_EDGE('',*,*,#113,.F.);
#591 = ORIENTED_EDGE('',*,*,#592,.F.);
#592 = EDGE_CURVE('',#583,#106,#593,.T.);
#593 = LINE('',#594,#595);
#594 = CARTESIAN_POINT('',(72.15,0.,-65.15));
#595 = VECTOR('',#596,1.);
#596 = DIRECTION('',(0.,1.,0.));
#597 = PLANE('',#598);
#598 = AXIS2_PLACEMENT_3D('',#599,#600,#601);
#599 = CARTESIAN_POINT('',(72.15,0.,-65.15));
#600 = DIRECTION('',(0.,0.,-1.));
#601 = DIRECTION('',(-1.,0.,0.));
#602 = ADVANCED_FACE('',(#603),#621,.T.);
#603 = FACE_BOUND('',#604,.T.);
#604 = EDGE_LOOP('',(#605,#613,#614,#615));
#605 = ORIENTED_EDGE('',*,*,#606,.T.);
#606 = EDGE_CURVE('',#607,#583,#609,.T.);
#607 = VERTEX_POINT('',#608);
#608 = CARTESIAN_POINT('',(72.15,0.,-73.15));
#609 = LINE('',#610,#611);
#610 = CARTESIAN_POINT('',(72.15,0.,-73.15));
#611 = VECTOR('',#612,1.);
#612 = DIRECTION('',(0.,0.,1.));
#613 = ORIENTED_EDGE('',*,*,#592,.T.);
#614 = ORIENTED_EDGE('',*,*,#105,.F.);
#615 = ORIENTED_EDGE('',*,*,#616,.F.);
#616 = EDGE_CURVE('',#607,#98,#617,.T.);
#617 = LINE('',#618,#619);
#618 = CARTESIAN_POINT('',(72.15,0.,-73.15));
#619 = VECTOR('',#620,1.);
#620 = DIRECTION('',(0.,1.,0.));
#621 = PLANE('',#622);
#622 = AXIS2_PLACEMENT_3D('',#623,#624,#625);
#623 = CARTESIAN_POINT('',(72.15,0.,-73.15));
#624 = DIRECTION('',(-1.,0.,0.));
#625 = DIRECTION('',(0.,0.,1.));
#626 = ADVANCED_FACE('',(#627),#645,.T.);
#627 = FACE_BOUND('',#628,.T.);
#628 = EDGE_LOOP('',(#629,#637,#638,#639));
#629 = ORIENTED_EDGE('',*,*,#630,.T.);
#630 = EDGE_CURVE('',#631,#607,#633,.T.);
#631 = VERTEX_POINT('',#632);
#632 = CARTESIAN_POINT('',(76.75,0.,-73.15));
#633 = LINE('',#634,#635);
#634 = CARTESIAN_POINT('',(76.75,0.,-73.15));
#635 = VECTOR('',#636,1.);
#636 = DIRECTION('',(-1.,0.,0.));
#637 = ORIENTED_EDGE('',*,*,#616,.T.);
#638 = ORIENTED_EDGE('',*,*,#97,.F.);
#639 = ORIENTED_EDGE('',*,*,#640,.F.);
#640 = EDGE_CURVE('',#631,#90,#641,.T.);
#641 = LINE('',#642,#643);
#642 = CARTESIAN_POINT('',(76.75,0.,-73.15));
#643 = VECTOR('',#644,1.);
#644 = DIRECTION('',(0.,1.,0.));
#645 = PLANE('',#646);
#646 = AXIS2_PLACEMENT_3D('',#647,#648,#649);
#647 = CARTESIAN_POINT('',(76.75,0.,-73.15));
#648 = DIRECTION('',(0.,0.,-1.));
#649 = DIRECTION('',(-1.,0.,0.));
#650 = ADVANCED_FACE('',(#651),#669,.T.);
#651 = FACE_BOUND('',#652,.T.);
#652 = EDGE_LOOP('',(#653,#661,#662,#663));
#653 = ORIENTED_EDGE('',*,*,#654,.T.);
#654 = EDGE_CURVE('',#655,#631,#657,.T.);
#655 = VERTEX_POINT('',#656);
#656 = CARTESIAN_POINT('',(76.75,0.,-65.15));
#657 = LINE('',#658,#659);
#658 = CARTESIAN_POINT('',(76.75,0.,-65.15));
#659 = VECTOR('',#660,1.);
#660 = DIRECTION('',(0.,0.,-1.));
#661 = ORIENTED_EDGE('',*,*,#640,.T.);
#662 = ORIENTED_EDGE('',*,*,#89,.F.);
#663 = ORIENTED_EDGE('',*,*,#664,.F.);
#664 = EDGE_CURVE('',#655,#82,#665,.T.);
#665 = LINE('',#666,#667);
#666 = CARTESIAN_POINT('',(76.75,0.,-65.15));
#667 = VECTOR('',#668,1.);
#668 = DIRECTION('',(0.,1.,0.));
#669 = PLANE('',#670);
#670 = AXIS2_PLACEMENT_3D('',#671,#672,#673);
#671 = CARTESIAN_POINT('',(76.75,0.,-65.15));
#672 = DIRECTION('',(1.,0.,0.));
#673 = DIRECTION('',(0.,0.,-1.));
#674 = ADVANCED_FACE('',(#675),#693,.T.);
#675 = FACE_BOUND('',#676,.T.);
#676 = EDGE_LOOP('',(#677,#685,#686,#687));
#677 = ORIENTED_EDGE('',*,*,#678,.T.);
#678 = EDGE_CURVE('',#679,#655,#681,.T.);
#679 = VERTEX_POINT('',#680);
#680 = CARTESIAN_POINT('',(80.15,0.,-65.15));
#681 = LINE('',#682,#683);
#682 = CARTESIAN_POINT('',(80.15,0.,-65.15));
#683 = VECTOR('',#684,1.);
#684 = DIRECTION('',(-1.,0.,0.));
#685 = ORIENTED_EDGE('',*,*,#664,.T.);
#686 = ORIENTED_EDGE('',*,*,#81,.F.);
#687 = ORIENTED_EDGE('',*,*,#688,.F.);
#688 = EDGE_CURVE('',#679,#74,#689,.T.);
#689 = LINE('',#690,#691);
#690 = CARTESIAN_POINT('',(80.15,0.,-65.15));
#691 = VECTOR('',#692,1.);
#692 = DIRECTION('',(0.,1.,0.));
#693 = PLANE('',#694);
#694 = AXIS2_PLACEMENT_3D('',#695,#696,#697);
#695 = CARTESIAN_POINT('',(80.15,0.,-65.15));
#696 = DIRECTION('',(0.,0.,-1.));
#697 = DIRECTION('',(-1.,0.,0.));
#698 = ADVANCED_FACE('',(#699),#717,.T.);
#699 = FACE_BOUND('',#700,.T.);
#700 = EDGE_LOOP('',(#701,#709,#710,#711));
#701 = ORIENTED_EDGE('',*,*,#702,.T.);
#702 = EDGE_CURVE('',#703,#679,#705,.T.);
#703 = VERTEX_POINT('',#704);
#704 = CARTESIAN_POINT('',(80.15,0.,-25.));
#705 = LINE('',#706,#707);
#706 = CARTESIAN_POINT('',(80.15,0.,-25.));
#707 = VECTOR('',#708,1.);
#708 = DIRECTION('',(0.,0.,-1.));
#709 = ORIENTED_EDGE('',*,*,#688,.T.);
#710 = ORIENTED_EDGE('',*,*,#73,.F.);
#711 = ORIENTED_EDGE('',*,*,#712,.F.);
#712 = EDGE_CURVE('',#703,#66,#713,.T.);
#713 = LINE('',#714,#715);
#714 = CARTESIAN_POINT('',(80.15,0.,-25.));
#715 = VECTOR('',#716,1.);
#716 = DIRECTION('',(0.,1.,0.));
#717 = PLANE('',#718);
#718 = AXIS2_PLACEMENT_3D('',#719,#720,#721);
#719 = CARTESIAN_POINT('',(80.15,0.,-25.));
#720 = DIRECTION('',(1.,0.,0.));
#721 = DIRECTION('',(0.,0.,-1.));
#722 = ADVANCED_FACE('',(#723),#734,.T.);
#723 = FACE_BOUND('',#724,.T.);
#724 = EDGE_LOOP('',(#725,#731,#732,#733));
#725 = ORIENTED_EDGE('',*,*,#726,.T.);
#726 = EDGE_CURVE('',#240,#703,#727,.T.);
#727 = LINE('',#728,#729);
#728 = CARTESIAN_POINT('',(0.,0.,-25.));
#729 = VECTOR('',#730,1.);
#730 = DIRECTION('',(1.,0.,0.));
#731 = ORIENTED_EDGE('',*,*,#712,.T.);
#732 = ORIENTED_EDGE('',*,*,#63,.F.);
#733 = ORIENTED_EDGE('',*,*,#249,.F.);
#734 = PLANE('',#735);
#735 = AXIS2_PLACEMENT_3D('',#736,#737,#738);
#736 = CARTESIAN_POINT('',(0.,0.,-25.));
#737 = DIRECTION('',(0.,0.,1.));
#738 = DIRECTION('',(1.,0.,-0.));
#739 = ADVANCED_FACE('',(#740),#763,.F.);
#740 = FACE_BOUND('',#741,.T.);
#741 = EDGE_LOOP('',(#742,#743,#744,#745,#746,#747,#748,#749,#750,#751,
    #752,#753,#754,#755,#756,#757,#758,#759,#760,#761,#762));
#742 = ORIENTED_EDGE('',*,*,#726,.F.);
#743 = ORIENTED_EDGE('',*,*,#239,.T.);
#744 = ORIENTED_EDGE('',*,*,#270,.T.);
#745 = ORIENTED_EDGE('',*,*,#294,.T.);
#746 = ORIENTED_EDGE('',*,*,#318,.T.);
#747 = ORIENTED_EDGE('',*,*,#342,.T.);
#748 = ORIENTED_EDGE('',*,*,#366,.T.);
#749 = ORIENTED_EDGE('',*,*,#390,.T.);
#750 = ORIENTED_EDGE('',*,*,#414,.T.);
#751 = ORIENTED_EDGE('',*,*,#438,.T.);
#752 = ORIENTED_EDGE('',*,*,#462,.T.);
#753 = ORIENTED_EDGE('',*,*,#486,.T.);
#754 = ORIENTED_EDGE('',*,*,#510,.T.);
#755 = ORIENTED_EDGE('',*,*,#534,.T.);
#756 = ORIENTED_EDGE('',*,*,#558,.T.);
#757 = ORIENTED_EDGE('',*,*,#582,.T.);
#758 = ORIENTED_EDGE('',*,*,#606,.F.);
#759 = ORIENTED_EDGE('',*,*,#630,.F.);
#760 = ORIENTED_EDGE('',*,*,#654,.F.);
#761 = ORIENTED_EDGE('',*,*,#678,.F.);
#762 = ORIENTED_EDGE('',*,*,#702,.F.);
#763 = PLANE('',#764);
#764 = AXIS2_PLACEMENT_3D('',#765,#766,#767);
#765 = CARTESIAN_POINT('',(40.075,0.,-49.075));
#766 = DIRECTION('',(0.,1.,0.));
#767 = DIRECTION('',(1.,0.,0.));
#768 = ( GEOMETRIC_REPRESENTATION_CONTEXT(3) 
GLOBAL_UNCERTAINTY_ASSIGNED_CONTEXT((#772)) GLOBAL_UNIT_ASSIGNED_CONTEXT
((#769,#770,#771)) REPRESENTATION_CONTEXT('Context #1',
  '3D Context with UNIT and UNCERTAINTY') );
#769 = ( LENGTH_UNIT() NAMED_UNIT(*) SI_UNIT(.MILLI.,.METRE.) );
#770 = ( NAMED_UNIT(*) PLANE_ANGLE_UNIT() SI_UNIT($,.RADIAN.) );
#771 = ( NAMED_UNIT(*) SI_UNIT($,.STERADIAN.) SOLID_ANGLE_UNIT() );
#772 = UNCERTAINTY_MEASURE_WITH_UNIT(LENGTH_MEASURE(1.E-07),#769,
  'distance_accuracy_value','confusion accuracy');
#773 = CONTEXT_DEPENDENT_SHAPE_REPRESENTATION(#774,#776);
#774 = ( REPRESENTATION_RELATIONSHIP('','',#56,#10) 
REPRESENTATION_RELATIONSHIP_WITH_TRANSFORMATION(#775) 
SHAPE_REPRESENTATION_RELATIONSHIP() );
#775 = ITEM_DEFINED_TRANSFORMATION('','',#11,#15);
#776 = PRODUCT_DEFINITION_SHAPE('Placement','Placement of an item',#777
  );
#777 = NEXT_ASSEMBLY_USAGE_OCCURRENCE('1','SC4','',#5,#51,$);
#778 = PRODUCT_RELATED_PRODUCT_CATEGORY('part',$,(#53));
#779 = CONTEXT_DEPENDENT_SHAPE_REPRESENTATION(#780,#782);
#780 = ( REPRESENTATION_RELATIONSHIP('','',#56,#10) 
REPRESENTATION_RELATIONSHIP_WITH_TRANSFORMATION(#781) 
SHAPE_REPRESENTATION_RELATIONSHIP() );
#781 = ITEM_DEFINED_TRANSFORMATION('','',#11,#19);
#782 = PRODUCT_DEFINITION_SHAPE('Placement','Placement of an item',#783
  );
#783 = NEXT_ASSEMBLY_USAGE_OCCURRENCE('2','SC3','',#5,#51,$);
#784 = CONTEXT_DEPENDENT_SHAPE_REPRESENTATION(#785,#787);
#785 = ( REPRESENTATION_RELATIONSHIP('','',#56,#10) 
REPRESENTATION_RELATIONSHIP_WITH_TRANSFORMATION(#786) 
SHAPE_REPRESENTATION_RELATIONSHIP() );
#786 = ITEM_DEFINED_TRANSFORMATION('','',#11,#23);
#787 = PRODUCT_DEFINITION_SHAPE('Placement','Placement of an item',#788
  );
#788 = NEXT_ASSEMBLY_USAGE_OCCURRENCE('3','SC1','',#5,#51,$);
#789 = CONTEXT_DEPENDENT_SHAPE_REPRESENTATION(#790,#792);
#790 = ( REPRESENTATION_RELATIONSHIP('','',#56,#10) 
REPRESENTATION_RELATIONSHIP_WITH_TRANSFORMATION(#791) 
SHAPE_REPRESENTATION_RELATIONSHIP() );
#791 = ITEM_DEFINED_TRANSFORMATION('','',#11,#27);
#792 = PRODUCT_DEFINITION_SHAPE('Placement','Placement of an item',#793
  );
#793 = NEXT_ASSEMBLY_USAGE_OCCURRENCE('4','SC5','',#5,#51,$);
#794 = CONTEXT_DEPENDENT_SHAPE_REPRESENTATION(#795,#797);
#795 = ( REPRESENTATION_RELATIONSHIP('','',#56,#10) 
REPRESENTATION_RELATIONSHIP_WITH_TRANSFORMATION(#796) 
SHAPE_REPRESENTATION_RELATIONSHIP() );
#796 = ITEM_DEFINED_TRANSFORMATION('','',#11,#31);
#797 = PRODUCT_DEFINITION_SHAPE('Placement','Placement of an item',#798
  );
#798 = NEXT_ASSEMBLY_USAGE_OCCURRENCE('5','SC6','',#5,#51,$);
#799 = SHAPE_DEFINITION_REPRESENTATION(#800,#806);
#800 = PRODUCT_DEFINITION_SHAPE('','',#801);
#801 = PRODUCT_DEFINITION('design','',#802,#805);
#802 = PRODUCT_DEFINITION_FORMATION('','',#803);
#803 = PRODUCT('DF13A-2P-1.25H','DF13A-2P-1.25H','',(#804));
#804 = PRODUCT_CONTEXT('',#2,'mechanical');
#805 = PRODUCT_DEFINITION_CONTEXT('part definition',#2,'design');
#806 = SHAPE_REPRESENTATION('',(#11,#807),#811);
#807 = AXIS2_PLACEMENT_3D('',#808,#809,#810);
#808 = CARTESIAN_POINT('',(25.,0.,0.));
#809 = DIRECTION('',(0.,0.,1.));
#810 = DIRECTION('',(1.,0.,0.));
#811 = ( GEOMETRIC_REPRESENTATION_CONTEXT(3) 
GLOBAL_UNCERTAINTY_ASSIGNED_CONTEXT((#815)) GLOBAL_UNIT_ASSIGNED_CONTEXT
((#812,#813,#814)) REPRESENTATION_CONTEXT('Context #1',
  '3D Context with UNIT and UNCERTAINTY') );
#812 = ( LENGTH_UNIT() NAMED_UNIT(*) SI_UNIT(.MILLI.,.METRE.) );
#813 = ( NAMED_UNIT(*) PLANE_ANGLE_UNIT() SI_UNIT($,.RADIAN.) );
#814 = ( NAMED_UNIT(*) SI_UNIT($,.STERADIAN.) SOLID_ANGLE_UNIT() );
#815 = UNCERTAINTY_MEASURE_WITH_UNIT(LENGTH_MEASURE(1.E-07),#812,
  'distance_accuracy_value','confusion accuracy');
#816 = CONTEXT_DEPENDENT_SHAPE_REPRESENTATION(#817,#819);
#817 = ( REPRESENTATION_RELATIONSHIP('','',#806,#10) 
REPRESENTATION_RELATIONSHIP_WITH_TRANSFORMATION(#818) 
SHAPE_REPRESENTATION_RELATIONSHIP() );
#818 = ITEM_DEFINED_TRANSFORMATION('','',#11,#35);
#819 = PRODUCT_DEFINITION_SHAPE('Placement','Placement of an item',#820
  );
#820 = NEXT_ASSEMBLY_USAGE_OCCURRENCE('7','Buck1','',#5,#801,$);
#821 = PRODUCT_RELATED_PRODUCT_CATEGORY('part',$,(#803));
#822 = SHAPE_DEFINITION_REPRESENTATION(#823,#829);
#823 = PRODUCT_DEFINITION_SHAPE('','',#824);
#824 = PRODUCT_DEFINITION('design','',#825,#828);
#825 = PRODUCT_DEFINITION_FORMATION('','',#826);
#826 = PRODUCT('DF13A-2P-1.25HÈª','DF13A-2P-1.25HÈª','',(
    #827));
#827 = PRODUCT_CONTEXT('',#2,'mechanical');
#828 = PRODUCT_DEFINITION_CONTEXT('part definition',#2,'design');
#829 = ADVANCED_BREP_SHAPE_REPRESENTATION('',(#11,#830),#8188);
#830 = MANIFOLD_SOLID_BREP('',#831);
#831 = CLOSED_SHELL('',(#832,#872,#912,#952,#992,#1032,#1072,#1119,#1157
    ,#1197,#1237,#1261,#1310,#1350,#1399,#1430,#1470,#1510,#1557,#1597,
    #1660,#1723,#1875,#1908,#1999,#2037,#2068,#2092,#2114,#2155,#2179,
    #2219,#2250,#2289,#2311,#2369,#2451,#2482,#2536,#2582,#2682,#2723,
    #2740,#2771,#2803,#2832,#2870,#2892,#2915,#2962,#2995,#3078,#3100,
    #3140,#3178,#3190,#3214,#3284,#3315,#3355,#3387,#3405,#3422,#3484,
    #3524,#3542,#3573,#3604,#3635,#3677,#3708,#3740,#3772,#3810,#3850,
    #3881,#3912,#3936,#3953,#3982,#4023,#4045,#4063,#4080,#4097,#4115,
    #4140,#4157,#4175,#4200,#4212,#4265,#4296,#4313,#4325,#4343,#4419,
    #4445,#4472,#4505,#4531,#4547,#4559,#4576,#4588,#4606,#4618,#4630,
    #4647,#4659,#4671,#4683,#4700,#4719,#4739,#4751,#4793,#4835,#4877,
    #4901,#4941,#4970,#4999,#5035,#5047,#5059,#5081,#5093,#5105,#5232,
    #5263,#5296,#5335,#5412,#5461,#5492,#5521,#5550,#5567,#5584,#5603,
    #5615,#5632,#5671,#5705,#5722,#5734,#5758,#5771,#5796,#5843,#5874,
    #5890,#5914,#5938,#5957,#5983,#5995,#6055,#6111,#6142,#6166,#6190,
    #6286,#6333,#6357,#6403,#6420,#6453,#6469,#6513,#6545,#6570,#6587,
    #6612,#6629,#6656,#6703,#6727,#6751,#6776,#6798,#6896,#6928,#6952,
    #6985,#7027,#7067,#7109,#7172,#7208,#7248,#7272,#7305,#7363,#7380,
    #7399,#7423,#7460,#7484,#7515,#7539,#7666,#7683,#7695,#7718,#7735,
    #7747,#7764,#7776,#7802,#7814,#7828,#7845,#7876,#7907,#7931,#7948,
    #7986,#8010,#8027,#8038,#8050,#8072,#8084,#8100,#8124,#8138,#8159,
    #8176));
#832 = ADVANCED_FACE('',(#833),#867,.T.);
#833 = FACE_BOUND('',#834,.T.);
#834 = EDGE_LOOP('',(#835,#845,#853,#861));
#835 = ORIENTED_EDGE('',*,*,#836,.F.);
#836 = EDGE_CURVE('',#837,#839,#841,.T.);
#837 = VERTEX_POINT('',#838);
#838 = CARTESIAN_POINT('',(-1.717181,-1.630469,14.7));
#839 = VERTEX_POINT('',#840);
#840 = CARTESIAN_POINT('',(-1.717181,-0.830469,14.7));
#841 = LINE('',#842,#843);
#842 = CARTESIAN_POINT('',(-1.717181,-2.030469,14.7));
#843 = VECTOR('',#844,1.);
#844 = DIRECTION('',(0.,1.,0.));
#845 = ORIENTED_EDGE('',*,*,#846,.F.);
#846 = EDGE_CURVE('',#847,#837,#849,.T.);
#847 = VERTEX_POINT('',#848);
#848 = CARTESIAN_POINT('',(0.282819,-1.630469,14.7));
#849 = LINE('',#850,#851);
#850 = CARTESIAN_POINT('',(1.182819,-1.630469,14.7));
#851 = VECTOR('',#852,1.);
#852 = DIRECTION('',(-1.,0.,0.));
#853 = ORIENTED_EDGE('',*,*,#854,.T.);
#854 = EDGE_CURVE('',#847,#855,#857,.T.);
#855 = VERTEX_POINT('',#856);
#856 = CARTESIAN_POINT('',(0.282819,-0.830469,14.7));
#857 = LINE('',#858,#859);
#858 = CARTESIAN_POINT('',(0.282819,-0.930469,14.7));
#859 = VECTOR('',#860,1.);
#860 = DIRECTION('',(3.330669073875E-15,1.,0.));
#861 = ORIENTED_EDGE('',*,*,#862,.F.);
#862 = EDGE_CURVE('',#839,#855,#863,.T.);
#863 = LINE('',#864,#865);
#864 = CARTESIAN_POINT('',(0.,-0.830469,14.7));
#865 = VECTOR('',#866,1.);
#866 = DIRECTION('',(1.,-1.110223024625E-15,0.));
#867 = PLANE('',#868);
#868 = AXIS2_PLACEMENT_3D('',#869,#870,#871);
#869 = CARTESIAN_POINT('',(-0.165186447206,-1.387490615669,14.7));
#870 = DIRECTION('',(0.,0.,1.));
#871 = DIRECTION('',(1.,0.,-0.));
#872 = ADVANCED_FACE('',(#873),#907,.T.);
#873 = FACE_BOUND('',#874,.T.);
#874 = EDGE_LOOP('',(#875,#885,#893,#901));
#875 = ORIENTED_EDGE('',*,*,#876,.F.);
#876 = EDGE_CURVE('',#877,#879,#881,.T.);
#877 = VERTEX_POINT('',#878);
#878 = CARTESIAN_POINT('',(-2.017181,-2.230469,12.324));
#879 = VERTEX_POINT('',#880);
#880 = CARTESIAN_POINT('',(-2.017181,-1.530469,12.324));
#881 = LINE('',#882,#883);
#882 = CARTESIAN_POINT('',(-2.017181,-2.230469,12.324));
#883 = VECTOR('',#884,1.);
#884 = DIRECTION('',(0.,1.,0.));
#885 = ORIENTED_EDGE('',*,*,#886,.T.);
#886 = EDGE_CURVE('',#877,#887,#889,.T.);
#887 = VERTEX_POINT('',#888);
#888 = CARTESIAN_POINT('',(-1.017181,-2.230469,12.324));
#889 = LINE('',#890,#891);
#890 = CARTESIAN_POINT('',(-2.017181,-2.230469,12.324));
#891 = VECTOR('',#892,1.);
#892 = DIRECTION('',(1.,0.,0.));
#893 = ORIENTED_EDGE('',*,*,#894,.T.);
#894 = EDGE_CURVE('',#887,#895,#897,.T.);
#895 = VERTEX_POINT('',#896);
#896 = CARTESIAN_POINT('',(-1.017181,-1.530469,12.324));
#897 = LINE('',#898,#899);
#898 = CARTESIAN_POINT('',(-1.017181,0.,12.324));
#899 = VECTOR('',#900,1.);
#900 = DIRECTION('',(0.,1.,0.));
#901 = ORIENTED_EDGE('',*,*,#902,.F.);
#902 = EDGE_CURVE('',#879,#895,#903,.T.);
#903 = LINE('',#904,#905);
#904 = CARTESIAN_POINT('',(0.,-1.530469,12.324));
#905 = VECTOR('',#906,1.);
#906 = DIRECTION('',(1.,0.,0.));
#907 = PLANE('',#908);
#908 = AXIS2_PLACEMENT_3D('',#909,#910,#911);
#909 = CARTESIAN_POINT('',(-2.017181,-2.230469,12.324));
#910 = DIRECTION('',(0.,0.,1.));
#911 = DIRECTION('',(0.,-1.,0.));
#912 = ADVANCED_FACE('',(#913),#947,.T.);
#913 = FACE_BOUND('',#914,.T.);
#914 = EDGE_LOOP('',(#915,#925,#933,#941));
#915 = ORIENTED_EDGE('',*,*,#916,.T.);
#916 = EDGE_CURVE('',#917,#919,#921,.T.);
#917 = VERTEX_POINT('',#918);
#918 = CARTESIAN_POINT('',(-0.417181,1.269531,13.95));
#919 = VERTEX_POINT('',#920);
#920 = CARTESIAN_POINT('',(-0.417181,1.269531,14.15));
#921 = LINE('',#922,#923);
#922 = CARTESIAN_POINT('',(-0.417181,1.269531,8.125));
#923 = VECTOR('',#924,1.);
#924 = DIRECTION('',(1.124745541367E-32,0.,1.));
#925 = ORIENTED_EDGE('',*,*,#926,.T.);
#926 = EDGE_CURVE('',#919,#927,#929,.T.);
#927 = VERTEX_POINT('',#928);
#928 = CARTESIAN_POINT('',(-0.417181,1.219531,14.15));
#929 = LINE('',#930,#931);
#930 = CARTESIAN_POINT('',(-0.417181,-0.44765,14.15));
#931 = VECTOR('',#932,1.);
#932 = DIRECTION('',(-1.224606353822E-16,-1.,-6.123031769112E-17));
#933 = ORIENTED_EDGE('',*,*,#934,.F.);
#934 = EDGE_CURVE('',#935,#927,#937,.T.);
#935 = VERTEX_POINT('',#936);
#936 = CARTESIAN_POINT('',(-0.417181,1.219531,13.95));
#937 = LINE('',#938,#939);
#938 = CARTESIAN_POINT('',(-0.417181,1.219531,13.95));
#939 = VECTOR('',#940,1.);
#940 = DIRECTION('',(3.749151804555E-33,-6.123031769112E-17,1.));
#941 = ORIENTED_EDGE('',*,*,#942,.T.);
#942 = EDGE_CURVE('',#935,#917,#943,.T.);
#943 = LINE('',#944,#945);
#944 = CARTESIAN_POINT('',(-0.417181,0.,13.95));
#945 = VECTOR('',#946,1.);
#946 = DIRECTION('',(1.224606353822E-16,1.,0.));
#947 = PLANE('',#948);
#948 = AXIS2_PLACEMENT_3D('',#949,#950,#951);
#949 = CARTESIAN_POINT('',(-0.417181,1.369531,13.95));
#950 = DIRECTION('',(1.,-1.224606353822E-16,-1.124745541367E-32));
#951 = DIRECTION('',(1.224606353822E-16,1.,6.123031769112E-17));
#952 = ADVANCED_FACE('',(#953),#987,.T.);
#953 = FACE_BOUND('',#954,.T.);
#954 = EDGE_LOOP('',(#955,#965,#973,#981));
#955 = ORIENTED_EDGE('',*,*,#956,.F.);
#956 = EDGE_CURVE('',#957,#959,#961,.T.);
#957 = VERTEX_POINT('',#958);
#958 = CARTESIAN_POINT('',(-0.202181,-1.530469,12.675));
#959 = VERTEX_POINT('',#960);
#960 = CARTESIAN_POINT('',(-0.202181,-1.680469,12.675));
#961 = LINE('',#962,#963);
#962 = CARTESIAN_POINT('',(-0.202181,-0.398169597608,12.675));
#963 = VECTOR('',#964,1.);
#964 = DIRECTION('',(-3.700743415417E-16,-1.,0.));
#965 = ORIENTED_EDGE('',*,*,#966,.F.);
#966 = EDGE_CURVE('',#967,#957,#969,.T.);
#967 = VERTEX_POINT('',#968);
#968 = CARTESIAN_POINT('',(-0.202181,-1.530469,12.325));
#969 = LINE('',#970,#971);
#970 = CARTESIAN_POINT('',(-0.202181,-1.530469,8.125));
#971 = VECTOR('',#972,1.);
#972 = DIRECTION('',(0.,0.,1.));
#973 = ORIENTED_EDGE('',*,*,#974,.T.);
#974 = EDGE_CURVE('',#967,#975,#977,.T.);
#975 = VERTEX_POINT('',#976);
#976 = CARTESIAN_POINT('',(-0.202181,-1.680469,12.325));
#977 = LINE('',#978,#979);
#978 = CARTESIAN_POINT('',(-0.202181,-0.398169597608,12.325));
#979 = VECTOR('',#980,1.);
#980 = DIRECTION('',(-3.700743415417E-16,-1.,0.));
#981 = ORIENTED_EDGE('',*,*,#982,.F.);
#982 = EDGE_CURVE('',#959,#975,#983,.T.);
#983 = LINE('',#984,#985);
#984 = CARTESIAN_POINT('',(-0.202181,-1.680469,12.675));
#985 = VECTOR('',#986,1.);
#986 = DIRECTION('',(0.,0.,-1.));
#987 = PLANE('',#988);
#988 = AXIS2_PLACEMENT_3D('',#989,#990,#991);
#989 = CARTESIAN_POINT('',(-0.202181,1.769531,12.675));
#990 = DIRECTION('',(-1.,3.700743415417E-16,0.));
#991 = DIRECTION('',(-3.700743415417E-16,-1.,0.));
#992 = ADVANCED_FACE('',(#993),#1027,.T.);
#993 = FACE_BOUND('',#994,.T.);
#994 = EDGE_LOOP('',(#995,#1005,#1013,#1021));
#995 = ORIENTED_EDGE('',*,*,#996,.T.);
#996 = EDGE_CURVE('',#997,#999,#1001,.T.);
#997 = VERTEX_POINT('',#998);
#998 = CARTESIAN_POINT('',(0.582819,-2.030469,12.975));
#999 = VERTEX_POINT('',#1000);
#1000 = CARTESIAN_POINT('',(0.582819,-2.030469,13.95));
#1001 = LINE('',#1002,#1003);
#1002 = CARTESIAN_POINT('',(0.582819,-2.030469,8.125));
#1003 = VECTOR('',#1004,1.);
#1004 = DIRECTION('',(0.,0.,1.));
#1005 = ORIENTED_EDGE('',*,*,#1006,.T.);
#1006 = EDGE_CURVE('',#999,#1007,#1009,.T.);
#1007 = VERTEX_POINT('',#1008);
#1008 = CARTESIAN_POINT('',(0.582819,-1.530469,13.95));
#1009 = LINE('',#1010,#1011);
#1010 = CARTESIAN_POINT('',(0.582819,0.,13.95));
#1011 = VECTOR('',#1012,1.);
#1012 = DIRECTION('',(0.,1.,0.));
#1013 = ORIENTED_EDGE('',*,*,#1014,.F.);
#1014 = EDGE_CURVE('',#1015,#1007,#1017,.T.);
#1015 = VERTEX_POINT('',#1016);
#1016 = CARTESIAN_POINT('',(0.582819,-1.530469,12.975));
#1017 = LINE('',#1018,#1019);
#1018 = CARTESIAN_POINT('',(0.582819,-1.530469,8.125));
#1019 = VECTOR('',#1020,1.);
#1020 = DIRECTION('',(0.,0.,1.));
#1021 = ORIENTED_EDGE('',*,*,#1022,.F.);
#1022 = EDGE_CURVE('',#997,#1015,#1023,.T.);
#1023 = LINE('',#1024,#1025);
#1024 = CARTESIAN_POINT('',(0.582819,0.,12.975));
#1025 = VECTOR('',#1026,1.);
#1026 = DIRECTION('',(0.,1.,0.));
#1027 = PLANE('',#1028);
#1028 = AXIS2_PLACEMENT_3D('',#1029,#1030,#1031);
#1029 = CARTESIAN_POINT('',(0.582819,-1.757510499638,12.594453885581));
#1030 = DIRECTION('',(-1.,0.,0.));
#1031 = DIRECTION('',(0.,-1.,0.));
#1032 = ADVANCED_FACE('',(#1033),#1067,.T.);
#1033 = FACE_BOUND('',#1034,.T.);
#1034 = EDGE_LOOP('',(#1035,#1045,#1053,#1061));
#1035 = ORIENTED_EDGE('',*,*,#1036,.F.);
#1036 = EDGE_CURVE('',#1037,#1039,#1041,.T.);
#1037 = VERTEX_POINT('',#1038);
#1038 = CARTESIAN_POINT('',(-2.417181,-2.230469,12.325));
#1039 = VERTEX_POINT('',#1040);
#1040 = CARTESIAN_POINT('',(-2.417181,-2.230469,12.675));
#1041 = LINE('',#1042,#1043);
#1042 = CARTESIAN_POINT('',(-2.417181,-2.230469,12.675));
#1043 = VECTOR('',#1044,1.);
#1044 = DIRECTION('',(0.,0.,1.));
#1045 = ORIENTED_EDGE('',*,*,#1046,.T.);
#1046 = EDGE_CURVE('',#1037,#1047,#1049,.T.);
#1047 = VERTEX_POINT('',#1048);
#1048 = CARTESIAN_POINT('',(-2.417181,-3.430469,12.325));
#1049 = LINE('',#1050,#1051);
#1050 = CARTESIAN_POINT('',(-2.417181,-0.398169597608,12.325));
#1051 = VECTOR('',#1052,1.);
#1052 = DIRECTION('',(0.,-1.,0.));
#1053 = ORIENTED_EDGE('',*,*,#1054,.F.);
#1054 = EDGE_CURVE('',#1055,#1047,#1057,.T.);
#1055 = VERTEX_POINT('',#1056);
#1056 = CARTESIAN_POINT('',(-2.417181,-3.430469,12.675));
#1057 = LINE('',#1058,#1059);
#1058 = CARTESIAN_POINT('',(-2.417181,-3.430469,12.675));
#1059 = VECTOR('',#1060,1.);
#1060 = DIRECTION('',(0.,0.,-1.));
#1061 = ORIENTED_EDGE('',*,*,#1062,.F.);
#1062 = EDGE_CURVE('',#1039,#1055,#1063,.T.);
#1063 = LINE('',#1064,#1065);
#1064 = CARTESIAN_POINT('',(-2.417181,-0.398169597608,12.675));
#1065 = VECTOR('',#1066,1.);
#1066 = DIRECTION('',(0.,-1.,0.));
#1067 = PLANE('',#1068);
#1068 = AXIS2_PLACEMENT_3D('',#1069,#1070,#1071);
#1069 = CARTESIAN_POINT('',(-2.417181,-1.780469,12.675));
#1070 = DIRECTION('',(-1.,0.,0.));
#1071 = DIRECTION('',(0.,-1.,0.));
#1072 = ADVANCED_FACE('',(#1073),#1114,.F.);
#1073 = FACE_BOUND('',#1074,.T.);
#1074 = EDGE_LOOP('',(#1075,#1085,#1093,#1099,#1100,#1108));
#1075 = ORIENTED_EDGE('',*,*,#1076,.T.);
#1076 = EDGE_CURVE('',#1077,#1079,#1081,.T.);
#1077 = VERTEX_POINT('',#1078);
#1078 = CARTESIAN_POINT('',(-1.717181,-1.130469,14.16));
#1079 = VERTEX_POINT('',#1080);
#1080 = CARTESIAN_POINT('',(-1.717181,-1.130469,13.95));
#1081 = LINE('',#1082,#1083);
#1082 = CARTESIAN_POINT('',(-1.717181,-1.130469,13.95));
#1083 = VECTOR('',#1084,1.);
#1084 = DIRECTION('',(0.,0.,-1.));
#1085 = ORIENTED_EDGE('',*,*,#1086,.T.);
#1086 = EDGE_CURVE('',#1079,#1087,#1089,.T.);
#1087 = VERTEX_POINT('',#1088);
#1088 = CARTESIAN_POINT('',(-1.717181,-1.630469,13.95));
#1089 = LINE('',#1090,#1091);
#1090 = CARTESIAN_POINT('',(-1.717181,0.,13.95));
#1091 = VECTOR('',#1092,1.);
#1092 = DIRECTION('',(0.,-1.,0.));
#1093 = ORIENTED_EDGE('',*,*,#1094,.F.);
#1094 = EDGE_CURVE('',#837,#1087,#1095,.T.);
#1095 = LINE('',#1096,#1097);
#1096 = CARTESIAN_POINT('',(-1.717181,-1.630469,13.95));
#1097 = VECTOR('',#1098,1.);
#1098 = DIRECTION('',(0.,0.,-1.));
#1099 = ORIENTED_EDGE('',*,*,#836,.T.);
#1100 = ORIENTED_EDGE('',*,*,#1101,.F.);
#1101 = EDGE_CURVE('',#1102,#839,#1104,.T.);
#1102 = VERTEX_POINT('',#1103);
#1103 = CARTESIAN_POINT('',(-1.717181,-0.830469,14.16));
#1104 = LINE('',#1105,#1106);
#1105 = CARTESIAN_POINT('',(-1.717181,-0.830469,8.125));
#1106 = VECTOR('',#1107,1.);
#1107 = DIRECTION('',(0.,0.,1.));
#1108 = ORIENTED_EDGE('',*,*,#1109,.F.);
#1109 = EDGE_CURVE('',#1077,#1102,#1110,.T.);
#1110 = LINE('',#1111,#1112);
#1111 = CARTESIAN_POINT('',(-1.717181,0.,14.16));
#1112 = VECTOR('',#1113,1.);
#1113 = DIRECTION('',(1.110223024625E-15,1.,0.));
#1114 = PLANE('',#1115);
#1115 = AXIS2_PLACEMENT_3D('',#1116,#1117,#1118);
#1116 = CARTESIAN_POINT('',(-1.717181,-0.900529677232,6.650206640055));
#1117 = DIRECTION('',(1.,0.,0.));
#1118 = DIRECTION('',(-0.,1.,0.));
#1119 = ADVANCED_FACE('',(#1120),#1152,.F.);
#1120 = FACE_BOUND('',#1121,.T.);
#1121 = EDGE_LOOP('',(#1122,#1132,#1138,#1146));
#1122 = ORIENTED_EDGE('',*,*,#1123,.F.);
#1123 = EDGE_CURVE('',#1124,#1126,#1128,.T.);
#1124 = VERTEX_POINT('',#1125);
#1125 = CARTESIAN_POINT('',(-2.067181,-3.430469,12.675));
#1126 = VERTEX_POINT('',#1127);
#1127 = CARTESIAN_POINT('',(-2.142181,-3.730469,12.6));
#1128 = LINE('',#1129,#1130);
#1129 = CARTESIAN_POINT('',(-1.309106149402,-0.398169597608,
    13.433074850598));
#1130 = VECTOR('',#1131,1.);
#1131 = DIRECTION('',(-0.235702260396,-0.942809041582,-0.235702260396));
#1132 = ORIENTED_EDGE('',*,*,#1133,.T.);
#1133 = EDGE_CURVE('',#1124,#1055,#1134,.T.);
#1134 = LINE('',#1135,#1136);
#1135 = CARTESIAN_POINT('',(-6.453477941594E-03,-3.430469,12.675));
#1136 = VECTOR('',#1137,1.);
#1137 = DIRECTION('',(-1.,0.,0.));
#1138 = ORIENTED_EDGE('',*,*,#1139,.F.);
#1139 = EDGE_CURVE('',#1140,#1055,#1142,.T.);
#1140 = VERTEX_POINT('',#1141);
#1141 = CARTESIAN_POINT('',(-2.342181,-3.730469,12.6));
#1142 = LINE('',#1143,#1144);
#1143 = CARTESIAN_POINT('',(-3.175255850598,-0.398169597608,
    13.433074850598));
#1144 = VECTOR('',#1145,1.);
#1145 = DIRECTION('',(-0.235702260396,0.942809041582,0.235702260396));
#1146 = ORIENTED_EDGE('',*,*,#1147,.T.);
#1147 = EDGE_CURVE('',#1140,#1126,#1148,.T.);
#1148 = LINE('',#1149,#1150);
#1149 = CARTESIAN_POINT('',(-6.453477941594E-03,-3.730469,12.6));
#1150 = VECTOR('',#1151,1.);
#1151 = DIRECTION('',(1.,0.,0.));
#1152 = PLANE('',#1153);
#1153 = AXIS2_PLACEMENT_3D('',#1154,#1155,#1156);
#1154 = CARTESIAN_POINT('',(-2.6736834,-3.430469,12.675));
#1155 = DIRECTION('',(0.,0.242535625036,-0.970142500145));
#1156 = DIRECTION('',(0.,-0.970142500145,-0.242535625036));
#1157 = ADVANCED_FACE('',(#1158),#1192,.T.);
#1158 = FACE_BOUND('',#1159,.T.);
#1159 = EDGE_LOOP('',(#1160,#1170,#1178,#1186));
#1160 = ORIENTED_EDGE('',*,*,#1161,.F.);
#1161 = EDGE_CURVE('',#1162,#1164,#1166,.T.);
#1162 = VERTEX_POINT('',#1163);
#1163 = CARTESIAN_POINT('',(-1.717181,0.969531,14.7));
#1164 = VERTEX_POINT('',#1165);
#1165 = CARTESIAN_POINT('',(-1.717181,1.769531,14.7));
#1166 = LINE('',#1167,#1168);
#1167 = CARTESIAN_POINT('',(-1.717181,-2.030469,14.7));
#1168 = VECTOR('',#1169,1.);
#1169 = DIRECTION('',(0.,1.,0.));
#1170 = ORIENTED_EDGE('',*,*,#1171,.F.);
#1171 = EDGE_CURVE('',#1172,#1162,#1174,.T.);
#1172 = VERTEX_POINT('',#1173);
#1173 = CARTESIAN_POINT('',(0.282819,0.969531,14.7));
#1174 = LINE('',#1175,#1176);
#1175 = CARTESIAN_POINT('',(0.,0.969531,14.7));
#1176 = VECTOR('',#1177,1.);
#1177 = DIRECTION('',(-1.,0.,0.));
#1178 = ORIENTED_EDGE('',*,*,#1179,.T.);
#1179 = EDGE_CURVE('',#1172,#1180,#1182,.T.);
#1180 = VERTEX_POINT('',#1181);
#1181 = CARTESIAN_POINT('',(0.282819,1.769531,14.7));
#1182 = LINE('',#1183,#1184);
#1183 = CARTESIAN_POINT('',(0.282819,0.969531,14.7));
#1184 = VECTOR('',#1185,1.);
#1185 = DIRECTION('',(-3.330669073875E-15,1.,0.));
#1186 = ORIENTED_EDGE('',*,*,#1187,.T.);
#1187 = EDGE_CURVE('',#1180,#1164,#1188,.T.);
#1188 = LINE('',#1189,#1190);
#1189 = CARTESIAN_POINT('',(1.182819,1.769531,14.7));
#1190 = VECTOR('',#1191,1.);
#1191 = DIRECTION('',(-1.,0.,0.));
#1192 = PLANE('',#1193);
#1193 = AXIS2_PLACEMENT_3D('',#1194,#1195,#1196);
#1194 = CARTESIAN_POINT('',(1.182819,1.769531,14.7));
#1195 = DIRECTION('',(0.,0.,1.));
#1196 = DIRECTION('',(0.,1.,0.));
#1197 = ADVANCED_FACE('',(#1198),#1232,.F.);
#1198 = FACE_BOUND('',#1199,.T.);
#1199 = EDGE_LOOP('',(#1200,#1210,#1218,#1226));
#1200 = ORIENTED_EDGE('',*,*,#1201,.T.);
#1201 = EDGE_CURVE('',#1202,#1204,#1206,.T.);
#1202 = VERTEX_POINT('',#1203);
#1203 = CARTESIAN_POINT('',(1.082819,1.769531,14.45));
#1204 = VERTEX_POINT('',#1205);
#1205 = CARTESIAN_POINT('',(0.282819,1.769531,14.45));
#1206 = LINE('',#1207,#1208);
#1207 = CARTESIAN_POINT('',(1.082819,1.769531,14.45));
#1208 = VECTOR('',#1209,1.);
#1209 = DIRECTION('',(-1.,1.224606353822E-16,3.215020689727E-32));
#1210 = ORIENTED_EDGE('',*,*,#1211,.F.);
#1211 = EDGE_CURVE('',#1212,#1204,#1214,.T.);
#1212 = VERTEX_POINT('',#1213);
#1213 = CARTESIAN_POINT('',(0.282819,1.569531,14.45));
#1214 = LINE('',#1215,#1216);
#1215 = CARTESIAN_POINT('',(0.282819,0.,14.45));
#1216 = VECTOR('',#1217,1.);
#1217 = DIRECTION('',(0.,1.,6.123031769112E-17));
#1218 = ORIENTED_EDGE('',*,*,#1219,.F.);
#1219 = EDGE_CURVE('',#1220,#1212,#1222,.T.);
#1220 = VERTEX_POINT('',#1221);
#1221 = CARTESIAN_POINT('',(1.082819,1.569531,14.45));
#1222 = LINE('',#1223,#1224);
#1223 = CARTESIAN_POINT('',(1.082819,1.569531,14.45));
#1224 = VECTOR('',#1225,1.);
#1225 = DIRECTION('',(-1.,1.224606353822E-16,3.215020689727E-32));
#1226 = ORIENTED_EDGE('',*,*,#1227,.F.);
#1227 = EDGE_CURVE('',#1202,#1220,#1228,.T.);
#1228 = LINE('',#1229,#1230);
#1229 = CARTESIAN_POINT('',(1.082819,-0.44765,14.45));
#1230 = VECTOR('',#1231,1.);
#1231 = DIRECTION('',(-1.224606353822E-16,-1.,-6.123031769112E-17));
#1232 = PLANE('',#1233);
#1233 = AXIS2_PLACEMENT_3D('',#1234,#1235,#1236);
#1234 = CARTESIAN_POINT('',(1.082819,1.569531,14.45));
#1235 = DIRECTION('',(-2.465190328816E-32,6.123031769112E-17,-1.));
#1236 = DIRECTION('',(-1.224606353822E-16,-1.,-6.123031769112E-17));
#1237 = ADVANCED_FACE('',(#1238),#1256,.T.);
#1238 = FACE_BOUND('',#1239,.T.);
#1239 = EDGE_LOOP('',(#1240,#1241,#1249,#1255));
#1240 = ORIENTED_EDGE('',*,*,#862,.T.);
#1241 = ORIENTED_EDGE('',*,*,#1242,.T.);
#1242 = EDGE_CURVE('',#855,#1243,#1245,.T.);
#1243 = VERTEX_POINT('',#1244);
#1244 = CARTESIAN_POINT('',(0.282819,-0.830469,14.16));
#1245 = LINE('',#1246,#1247);
#1246 = CARTESIAN_POINT('',(0.282819,-0.830469,8.125));
#1247 = VECTOR('',#1248,1.);
#1248 = DIRECTION('',(0.,0.,-1.));
#1249 = ORIENTED_EDGE('',*,*,#1250,.T.);
#1250 = EDGE_CURVE('',#1243,#1102,#1251,.T.);
#1251 = LINE('',#1252,#1253);
#1252 = CARTESIAN_POINT('',(0.,-0.830469,14.16));
#1253 = VECTOR('',#1254,1.);
#1254 = DIRECTION('',(-1.,1.110223024625E-15,0.));
#1255 = ORIENTED_EDGE('',*,*,#1101,.T.);
#1256 = PLANE('',#1257);
#1257 = AXIS2_PLACEMENT_3D('',#1258,#1259,#1260);
#1258 = CARTESIAN_POINT('',(-4.365896180731E-02,-0.830469,
    14.303516746787));
#1259 = DIRECTION('',(1.110223024625E-15,1.,0.));
#1260 = DIRECTION('',(-1.,1.110223024625E-15,0.));
#1261 = ADVANCED_FACE('',(#1262),#1305,.T.);
#1262 = FACE_BOUND('',#1263,.T.);
#1263 = EDGE_LOOP('',(#1264,#1274,#1282,#1290,#1299));
#1264 = ORIENTED_EDGE('',*,*,#1265,.F.);
#1265 = EDGE_CURVE('',#1266,#1268,#1270,.T.);
#1266 = VERTEX_POINT('',#1267);
#1267 = CARTESIAN_POINT('',(-1.017181,-1.530469,12.675));
#1268 = VERTEX_POINT('',#1269);
#1269 = CARTESIAN_POINT('',(-2.017181,-1.530469,12.675));
#1270 = LINE('',#1271,#1272);
#1271 = CARTESIAN_POINT('',(0.,-1.530469,12.675));
#1272 = VECTOR('',#1273,1.);
#1273 = DIRECTION('',(-1.,0.,0.));
#1274 = ORIENTED_EDGE('',*,*,#1275,.F.);
#1275 = EDGE_CURVE('',#1276,#1266,#1278,.T.);
#1276 = VERTEX_POINT('',#1277);
#1277 = CARTESIAN_POINT('',(-1.017181,-1.780469,12.675));
#1278 = LINE('',#1279,#1280);
#1279 = CARTESIAN_POINT('',(-1.017181,0.,12.675));
#1280 = VECTOR('',#1281,1.);
#1281 = DIRECTION('',(0.,1.,0.));
#1282 = ORIENTED_EDGE('',*,*,#1283,.F.);
#1283 = EDGE_CURVE('',#1284,#1276,#1286,.T.);
#1284 = VERTEX_POINT('',#1285);
#1285 = CARTESIAN_POINT('',(-1.967181,-1.780469,12.675));
#1286 = LINE('',#1287,#1288);
#1287 = CARTESIAN_POINT('',(0.,-1.780469,12.675));
#1288 = VECTOR('',#1289,1.);
#1289 = DIRECTION('',(1.,0.,0.));
#1290 = ORIENTED_EDGE('',*,*,#1291,.T.);
#1291 = EDGE_CURVE('',#1284,#1292,#1294,.T.);
#1292 = VERTEX_POINT('',#1293);
#1293 = CARTESIAN_POINT('',(-2.017181,-1.7832554045,12.675));
#1294 = CIRCLE('',#1295,0.45);
#1295 = AXIS2_PLACEMENT_3D('',#1296,#1297,#1298);
#1296 = CARTESIAN_POINT('',(-1.967181,-2.230469,12.675));
#1297 = DIRECTION('',(0.,0.,1.));
#1298 = DIRECTION('',(1.,0.,-0.));
#1299 = ORIENTED_EDGE('',*,*,#1300,.T.);
#1300 = EDGE_CURVE('',#1292,#1268,#1301,.T.);
#1301 = LINE('',#1302,#1303);
#1302 = CARTESIAN_POINT('',(-2.017181,0.,12.675));
#1303 = VECTOR('',#1304,1.);
#1304 = DIRECTION('',(0.,1.,0.));
#1305 = PLANE('',#1306);
#1306 = AXIS2_PLACEMENT_3D('',#1307,#1308,#1309);
#1307 = CARTESIAN_POINT('',(-2.5571834,-1.530469,12.675));
#1308 = DIRECTION('',(0.,0.,-1.));
#1309 = DIRECTION('',(0.,-1.,0.));
#1310 = ADVANCED_FACE('',(#1311),#1345,.F.);
#1311 = FACE_BOUND('',#1312,.T.);
#1312 = EDGE_LOOP('',(#1313,#1323,#1331,#1339));
#1313 = ORIENTED_EDGE('',*,*,#1314,.T.);
#1314 = EDGE_CURVE('',#1315,#1317,#1319,.T.);
#1315 = VERTEX_POINT('',#1316);
#1316 = CARTESIAN_POINT('',(-0.127181,2.169531,12.6));
#1317 = VERTEX_POINT('',#1318);
#1318 = CARTESIAN_POINT('',(-0.202181,1.869531,12.675));
#1319 = LINE('',#1320,#1321);
#1320 = CARTESIAN_POINT('',(-0.769106149402,-0.398169597608,
    13.241925149402));
#1321 = VECTOR('',#1322,1.);
#1322 = DIRECTION('',(-0.235702260396,-0.942809041582,0.235702260396));
#1323 = ORIENTED_EDGE('',*,*,#1324,.F.);
#1324 = EDGE_CURVE('',#1325,#1317,#1327,.T.);
#1325 = VERTEX_POINT('',#1326);
#1326 = CARTESIAN_POINT('',(0.147819,1.869531,12.675));
#1327 = LINE('',#1328,#1329);
#1328 = CARTESIAN_POINT('',(-6.453477941594E-03,1.869531,12.675));
#1329 = VECTOR('',#1330,1.);
#1330 = DIRECTION('',(-1.,-2.312964634636E-17,0.));
#1331 = ORIENTED_EDGE('',*,*,#1332,.T.);
#1332 = EDGE_CURVE('',#1325,#1333,#1335,.T.);
#1333 = VERTEX_POINT('',#1334);
#1334 = CARTESIAN_POINT('',(7.2819E-02,2.169531,12.6));
#1335 = LINE('',#1336,#1337);
#1336 = CARTESIAN_POINT('',(0.714744149402,-0.398169597608,
    13.241925149402));
#1337 = VECTOR('',#1338,1.);
#1338 = DIRECTION('',(-0.235702260396,0.942809041582,-0.235702260396));
#1339 = ORIENTED_EDGE('',*,*,#1340,.T.);
#1340 = EDGE_CURVE('',#1333,#1315,#1341,.T.);
#1341 = LINE('',#1342,#1343);
#1342 = CARTESIAN_POINT('',(-6.453477941594E-03,2.169531,12.6));
#1343 = VECTOR('',#1344,1.);
#1344 = DIRECTION('',(-1.,0.,-5.782411586589E-18));
#1345 = PLANE('',#1346);
#1346 = AXIS2_PLACEMENT_3D('',#1347,#1348,#1349);
#1347 = CARTESIAN_POINT('',(-2.6736834,2.169531,12.6));
#1348 = DIRECTION('',(5.609763233483E-18,-0.242535625036,-0.970142500145
    ));
#1349 = DIRECTION('',(2.243905293393E-17,-0.970142500145,0.242535625036)
  );
#1350 = ADVANCED_FACE('',(#1351),#1394,.T.);
#1351 = FACE_BOUND('',#1352,.T.);
#1352 = EDGE_LOOP('',(#1353,#1364,#1372,#1380,#1388));
#1353 = ORIENTED_EDGE('',*,*,#1354,.T.);
#1354 = EDGE_CURVE('',#1355,#1357,#1359,.T.);
#1355 = VERTEX_POINT('',#1356);
#1356 = CARTESIAN_POINT('',(-2.017181,-2.143866459622,12.675));
#1357 = VERTEX_POINT('',#1358);
#1358 = CARTESIAN_POINT('',(-1.967181,-2.130469,12.675));
#1359 = CIRCLE('',#1360,0.1);
#1360 = AXIS2_PLACEMENT_3D('',#1361,#1362,#1363);
#1361 = CARTESIAN_POINT('',(-1.967181,-2.230469,12.675));
#1362 = DIRECTION('',(0.,0.,-1.));
#1363 = DIRECTION('',(-1.,0.,0.));
#1364 = ORIENTED_EDGE('',*,*,#1365,.F.);
#1365 = EDGE_CURVE('',#1366,#1357,#1368,.T.);
#1366 = VERTEX_POINT('',#1367);
#1367 = CARTESIAN_POINT('',(-1.017181,-2.130469,12.675));
#1368 = LINE('',#1369,#1370);
#1369 = CARTESIAN_POINT('',(0.,-2.130469,12.675));
#1370 = VECTOR('',#1371,1.);
#1371 = DIRECTION('',(-1.,0.,0.));
#1372 = ORIENTED_EDGE('',*,*,#1373,.F.);
#1373 = EDGE_CURVE('',#1374,#1366,#1376,.T.);
#1374 = VERTEX_POINT('',#1375);
#1375 = CARTESIAN_POINT('',(-1.017181,-2.230469,12.675));
#1376 = LINE('',#1377,#1378);
#1377 = CARTESIAN_POINT('',(-1.017181,0.,12.675));
#1378 = VECTOR('',#1379,1.);
#1379 = DIRECTION('',(0.,1.,0.));
#1380 = ORIENTED_EDGE('',*,*,#1381,.F.);
#1381 = EDGE_CURVE('',#1382,#1374,#1384,.T.);
#1382 = VERTEX_POINT('',#1383);
#1383 = CARTESIAN_POINT('',(-2.017181,-2.230469,12.675));
#1384 = LINE('',#1385,#1386);
#1385 = CARTESIAN_POINT('',(-2.017181,-2.230469,12.675));
#1386 = VECTOR('',#1387,1.);
#1387 = DIRECTION('',(1.,0.,0.));
#1388 = ORIENTED_EDGE('',*,*,#1389,.T.);
#1389 = EDGE_CURVE('',#1382,#1355,#1390,.T.);
#1390 = LINE('',#1391,#1392);
#1391 = CARTESIAN_POINT('',(-2.017181,0.,12.675));
#1392 = VECTOR('',#1393,1.);
#1393 = DIRECTION('',(0.,1.,0.));
#1394 = PLANE('',#1395);
#1395 = AXIS2_PLACEMENT_3D('',#1396,#1397,#1398);
#1396 = CARTESIAN_POINT('',(-2.5571834,-1.530469,12.675));
#1397 = DIRECTION('',(0.,0.,-1.));
#1398 = DIRECTION('',(0.,-1.,0.));
#1399 = ADVANCED_FACE('',(#1400),#1425,.T.);
#1400 = FACE_BOUND('',#1401,.T.);
#1401 = EDGE_LOOP('',(#1402,#1412,#1418,#1419));
#1402 = ORIENTED_EDGE('',*,*,#1403,.F.);
#1403 = EDGE_CURVE('',#1404,#1406,#1408,.T.);
#1404 = VERTEX_POINT('',#1405);
#1405 = CARTESIAN_POINT('',(0.782819,-2.030469,12.975));
#1406 = VERTEX_POINT('',#1407);
#1407 = CARTESIAN_POINT('',(0.782819,-1.530469,12.975));
#1408 = LINE('',#1409,#1410);
#1409 = CARTESIAN_POINT('',(0.782819,0.,12.975));
#1410 = VECTOR('',#1411,1.);
#1411 = DIRECTION('',(0.,1.,0.));
#1412 = ORIENTED_EDGE('',*,*,#1413,.T.);
#1413 = EDGE_CURVE('',#1404,#997,#1414,.T.);
#1414 = LINE('',#1415,#1416);
#1415 = CARTESIAN_POINT('',(0.,-2.030469,12.975));
#1416 = VECTOR('',#1417,1.);
#1417 = DIRECTION('',(-1.,0.,0.));
#1418 = ORIENTED_EDGE('',*,*,#1022,.T.);
#1419 = ORIENTED_EDGE('',*,*,#1420,.F.);
#1420 = EDGE_CURVE('',#1406,#1015,#1421,.T.);
#1421 = LINE('',#1422,#1423);
#1422 = CARTESIAN_POINT('',(0.,-1.530469,12.975));
#1423 = VECTOR('',#1424,1.);
#1424 = DIRECTION('',(-1.,0.,0.));
#1425 = PLANE('',#1426);
#1426 = AXIS2_PLACEMENT_3D('',#1427,#1428,#1429);
#1427 = CARTESIAN_POINT('',(0.782819,-2.030469,12.975));
#1428 = DIRECTION('',(0.,0.,-1.));
#1429 = DIRECTION('',(0.,1.,0.));
#1430 = ADVANCED_FACE('',(#1431),#1465,.T.);
#1431 = FACE_BOUND('',#1432,.T.);
#1432 = EDGE_LOOP('',(#1433,#1443,#1451,#1459));
#1433 = ORIENTED_EDGE('',*,*,#1434,.F.);
#1434 = EDGE_CURVE('',#1435,#1437,#1439,.T.);
#1435 = VERTEX_POINT('',#1436);
#1436 = CARTESIAN_POINT('',(-1.567181,0.969531,10.775));
#1437 = VERTEX_POINT('',#1438);
#1438 = CARTESIAN_POINT('',(-1.567181,0.969531,12.975));
#1439 = LINE('',#1440,#1441);
#1440 = CARTESIAN_POINT('',(-1.567181,0.969531,25.625));
#1441 = VECTOR('',#1442,1.);
#1442 = DIRECTION('',(0.,0.,1.));
#1443 = ORIENTED_EDGE('',*,*,#1444,.F.);
#1444 = EDGE_CURVE('',#1445,#1435,#1447,.T.);
#1445 = VERTEX_POINT('',#1446);
#1446 = CARTESIAN_POINT('',(-2.217181,0.969531,10.775));
#1447 = LINE('',#1448,#1449);
#1448 = CARTESIAN_POINT('',(-2.217181,0.969531,10.775));
#1449 = VECTOR('',#1450,1.);
#1450 = DIRECTION('',(1.,1.224606353822E-16,0.));
#1451 = ORIENTED_EDGE('',*,*,#1452,.F.);
#1452 = EDGE_CURVE('',#1453,#1445,#1455,.T.);
#1453 = VERTEX_POINT('',#1454);
#1454 = CARTESIAN_POINT('',(-2.217181,0.969531,12.975));
#1455 = LINE('',#1456,#1457);
#1456 = CARTESIAN_POINT('',(-2.217181,0.969531,15.625));
#1457 = VECTOR('',#1458,1.);
#1458 = DIRECTION('',(0.,0.,-1.));
#1459 = ORIENTED_EDGE('',*,*,#1460,.T.);
#1460 = EDGE_CURVE('',#1453,#1437,#1461,.T.);
#1461 = LINE('',#1462,#1463);
#1462 = CARTESIAN_POINT('',(-2.217181,0.969531,12.975));
#1463 = VECTOR('',#1464,1.);
#1464 = DIRECTION('',(1.,0.,0.));
#1465 = PLANE('',#1466);
#1466 = AXIS2_PLACEMENT_3D('',#1467,#1468,#1469);
#1467 = CARTESIAN_POINT('',(-1.967181,0.969531,28.425));
#1468 = DIRECTION('',(0.,1.,0.));
#1469 = DIRECTION('',(0.,0.,-1.));
#1470 = ADVANCED_FACE('',(#1471),#1505,.F.);
#1471 = FACE_BOUND('',#1472,.T.);
#1472 = EDGE_LOOP('',(#1473,#1483,#1491,#1499));
#1473 = ORIENTED_EDGE('',*,*,#1474,.T.);
#1474 = EDGE_CURVE('',#1475,#1477,#1479,.T.);
#1475 = VERTEX_POINT('',#1476);
#1476 = CARTESIAN_POINT('',(-0.202181,1.869531,12.325));
#1477 = VERTEX_POINT('',#1478);
#1478 = CARTESIAN_POINT('',(-0.127181,2.169531,12.4));
#1479 = LINE('',#1480,#1481);
#1480 = CARTESIAN_POINT('',(-0.769106149402,-0.398169597608,
    11.758074850598));
#1481 = VECTOR('',#1482,1.);
#1482 = DIRECTION('',(0.235702260396,0.942809041582,0.235702260396));
#1483 = ORIENTED_EDGE('',*,*,#1484,.T.);
#1484 = EDGE_CURVE('',#1477,#1485,#1487,.T.);
#1485 = VERTEX_POINT('',#1486);
#1486 = CARTESIAN_POINT('',(7.2819E-02,2.169531,12.4));
#1487 = LINE('',#1488,#1489);
#1488 = CARTESIAN_POINT('',(-6.453477941594E-03,2.169531,12.4));
#1489 = VECTOR('',#1490,1.);
#1490 = DIRECTION('',(1.,0.,-5.782411586589E-18));
#1491 = ORIENTED_EDGE('',*,*,#1492,.T.);
#1492 = EDGE_CURVE('',#1485,#1493,#1495,.T.);
#1493 = VERTEX_POINT('',#1494);
#1494 = CARTESIAN_POINT('',(0.147819,1.869531,12.325));
#1495 = LINE('',#1496,#1497);
#1496 = CARTESIAN_POINT('',(0.714744149402,-0.398169597608,
    11.758074850598));
#1497 = VECTOR('',#1498,1.);
#1498 = DIRECTION('',(0.235702260396,-0.942809041582,-0.235702260396));
#1499 = ORIENTED_EDGE('',*,*,#1500,.T.);
#1500 = EDGE_CURVE('',#1493,#1475,#1501,.T.);
#1501 = LINE('',#1502,#1503);
#1502 = CARTESIAN_POINT('',(-6.453477941594E-03,1.869531,12.325));
#1503 = VECTOR('',#1504,1.);
#1504 = DIRECTION('',(-1.,-2.312964634636E-17,0.));
#1505 = PLANE('',#1506);
#1506 = AXIS2_PLACEMENT_3D('',#1507,#1508,#1509);
#1507 = CARTESIAN_POINT('',(-2.6736834,1.869531,12.325));
#1508 = DIRECTION('',(5.609763233483E-18,-0.242535625036,0.970142500145)
  );
#1509 = DIRECTION('',(-2.243905293393E-17,0.970142500145,0.242535625036)
  );
#1510 = ADVANCED_FACE('',(#1511),#1552,.F.);
#1511 = FACE_BOUND('',#1512,.T.);
#1512 = EDGE_LOOP('',(#1513,#1521,#1529,#1537,#1545,#1551));
#1513 = ORIENTED_EDGE('',*,*,#1514,.T.);
#1514 = EDGE_CURVE('',#1164,#1515,#1517,.T.);
#1515 = VERTEX_POINT('',#1516);
#1516 = CARTESIAN_POINT('',(-1.717181,1.769531,13.95));
#1517 = LINE('',#1518,#1519);
#1518 = CARTESIAN_POINT('',(-1.717181,1.769531,13.95));
#1519 = VECTOR('',#1520,1.);
#1520 = DIRECTION('',(0.,0.,-1.));
#1521 = ORIENTED_EDGE('',*,*,#1522,.T.);
#1522 = EDGE_CURVE('',#1515,#1523,#1525,.T.);
#1523 = VERTEX_POINT('',#1524);
#1524 = CARTESIAN_POINT('',(-1.717181,1.269531,13.95));
#1525 = LINE('',#1526,#1527);
#1526 = CARTESIAN_POINT('',(-1.717181,0.,13.95));
#1527 = VECTOR('',#1528,1.);
#1528 = DIRECTION('',(0.,-1.,0.));
#1529 = ORIENTED_EDGE('',*,*,#1530,.F.);
#1530 = EDGE_CURVE('',#1531,#1523,#1533,.T.);
#1531 = VERTEX_POINT('',#1532);
#1532 = CARTESIAN_POINT('',(-1.717181,1.269531,14.16));
#1533 = LINE('',#1534,#1535);
#1534 = CARTESIAN_POINT('',(-1.717181,1.269531,13.95));
#1535 = VECTOR('',#1536,1.);
#1536 = DIRECTION('',(0.,0.,-1.));
#1537 = ORIENTED_EDGE('',*,*,#1538,.F.);
#1538 = EDGE_CURVE('',#1539,#1531,#1541,.T.);
#1539 = VERTEX_POINT('',#1540);
#1540 = CARTESIAN_POINT('',(-1.717181,0.969531,14.16));
#1541 = LINE('',#1542,#1543);
#1542 = CARTESIAN_POINT('',(-1.717181,0.,14.16));
#1543 = VECTOR('',#1544,1.);
#1544 = DIRECTION('',(0.,1.,0.));
#1545 = ORIENTED_EDGE('',*,*,#1546,.F.);
#1546 = EDGE_CURVE('',#1162,#1539,#1547,.T.);
#1547 = LINE('',#1548,#1549);
#1548 = CARTESIAN_POINT('',(-1.717181,0.969531,8.125));
#1549 = VECTOR('',#1550,1.);
#1550 = DIRECTION('',(0.,0.,-1.));
#1551 = ORIENTED_EDGE('',*,*,#1161,.T.);
#1552 = PLANE('',#1553);
#1553 = AXIS2_PLACEMENT_3D('',#1554,#1555,#1556);
#1554 = CARTESIAN_POINT('',(-1.717181,-0.900529677232,6.650206640055));
#1555 = DIRECTION('',(1.,0.,0.));
#1556 = DIRECTION('',(-0.,1.,0.));
#1557 = ADVANCED_FACE('',(#1558),#1592,.F.);
#1558 = FACE_BOUND('',#1559,.T.);
#1559 = EDGE_LOOP('',(#1560,#1570,#1578,#1586));
#1560 = ORIENTED_EDGE('',*,*,#1561,.F.);
#1561 = EDGE_CURVE('',#1562,#1564,#1566,.T.);
#1562 = VERTEX_POINT('',#1563);
#1563 = CARTESIAN_POINT('',(7.819E-03,1.769531,13.45));
#1564 = VERTEX_POINT('',#1565);
#1565 = CARTESIAN_POINT('',(7.819E-03,2.769531,13.45));
#1566 = LINE('',#1567,#1568);
#1567 = CARTESIAN_POINT('',(7.819E-03,0.,13.45));
#1568 = VECTOR('',#1569,1.);
#1569 = DIRECTION('',(0.,1.,0.));
#1570 = ORIENTED_EDGE('',*,*,#1571,.F.);
#1571 = EDGE_CURVE('',#1572,#1562,#1574,.T.);
#1572 = VERTEX_POINT('',#1573);
#1573 = CARTESIAN_POINT('',(7.819E-03,1.769531,13.95));
#1574 = LINE('',#1575,#1576);
#1575 = CARTESIAN_POINT('',(7.819E-03,1.769531,13.95));
#1576 = VECTOR('',#1577,1.);
#1577 = DIRECTION('',(0.,0.,-1.));
#1578 = ORIENTED_EDGE('',*,*,#1579,.T.);
#1579 = EDGE_CURVE('',#1572,#1580,#1582,.T.);
#1580 = VERTEX_POINT('',#1581);
#1581 = CARTESIAN_POINT('',(7.819E-03,2.769531,13.95));
#1582 = LINE('',#1583,#1584);
#1583 = CARTESIAN_POINT('',(7.819E-03,0.,13.95));
#1584 = VECTOR('',#1585,1.);
#1585 = DIRECTION('',(0.,1.,0.));
#1586 = ORIENTED_EDGE('',*,*,#1587,.F.);
#1587 = EDGE_CURVE('',#1564,#1580,#1588,.T.);
#1588 = LINE('',#1589,#1590);
#1589 = CARTESIAN_POINT('',(7.819E-03,2.769531,8.125));
#1590 = VECTOR('',#1591,1.);
#1591 = DIRECTION('',(0.,0.,1.));
#1592 = PLANE('',#1593);
#1593 = AXIS2_PLACEMENT_3D('',#1594,#1595,#1596);
#1594 = CARTESIAN_POINT('',(7.819E-03,1.769531,13.95));
#1595 = DIRECTION('',(1.,0.,0.));
#1596 = DIRECTION('',(0.,-1.,0.));
#1597 = ADVANCED_FACE('',(#1598),#1655,.T.);
#1598 = FACE_BOUND('',#1599,.T.);
#1599 = EDGE_LOOP('',(#1600,#1610,#1618,#1627,#1633,#1634,#1640,#1641,
    #1649));
#1600 = ORIENTED_EDGE('',*,*,#1601,.F.);
#1601 = EDGE_CURVE('',#1602,#1604,#1606,.T.);
#1602 = VERTEX_POINT('',#1603);
#1603 = CARTESIAN_POINT('',(0.282819,1.269531,14.15));
#1604 = VERTEX_POINT('',#1605);
#1605 = CARTESIAN_POINT('',(0.282819,1.269531,14.16));
#1606 = LINE('',#1607,#1608);
#1607 = CARTESIAN_POINT('',(0.282819,1.269531,13.95));
#1608 = VECTOR('',#1609,1.);
#1609 = DIRECTION('',(0.,0.,1.));
#1610 = ORIENTED_EDGE('',*,*,#1611,.T.);
#1611 = EDGE_CURVE('',#1602,#1612,#1614,.T.);
#1612 = VERTEX_POINT('',#1613);
#1613 = CARTESIAN_POINT('',(0.282819,1.369531,14.15));
#1614 = LINE('',#1615,#1616);
#1615 = CARTESIAN_POINT('',(0.282819,0.,14.15));
#1616 = VECTOR('',#1617,1.);
#1617 = DIRECTION('',(0.,1.,6.123031769112E-17));
#1618 = ORIENTED_EDGE('',*,*,#1619,.F.);
#1619 = EDGE_CURVE('',#1620,#1612,#1622,.T.);
#1620 = VERTEX_POINT('',#1621);
#1621 = CARTESIAN_POINT('',(0.282819,1.569531,14.35));
#1622 = CIRCLE('',#1623,0.2);
#1623 = AXIS2_PLACEMENT_3D('',#1624,#1625,#1626);
#1624 = CARTESIAN_POINT('',(0.282819,1.369531,14.35));
#1625 = DIRECTION('',(-1.,1.224606353822E-16,2.598723107523E-32));
#1626 = DIRECTION('',(1.224606353822E-16,1.,1.224606353822E-16));
#1627 = ORIENTED_EDGE('',*,*,#1628,.T.);
#1628 = EDGE_CURVE('',#1620,#1212,#1629,.T.);
#1629 = LINE('',#1630,#1631);
#1630 = CARTESIAN_POINT('',(0.282819,1.569531,8.125));
#1631 = VECTOR('',#1632,1.);
#1632 = DIRECTION('',(0.,-6.123031769112E-17,1.));
#1633 = ORIENTED_EDGE('',*,*,#1211,.T.);
#1634 = ORIENTED_EDGE('',*,*,#1635,.F.);
#1635 = EDGE_CURVE('',#1180,#1204,#1636,.T.);
#1636 = LINE('',#1637,#1638);
#1637 = CARTESIAN_POINT('',(0.282819,1.769531,8.125));
#1638 = VECTOR('',#1639,1.);
#1639 = DIRECTION('',(0.,0.,-1.));
#1640 = ORIENTED_EDGE('',*,*,#1179,.F.);
#1641 = ORIENTED_EDGE('',*,*,#1642,.F.);
#1642 = EDGE_CURVE('',#1643,#1172,#1645,.T.);
#1643 = VERTEX_POINT('',#1644);
#1644 = CARTESIAN_POINT('',(0.282819,0.969531,14.16));
#1645 = LINE('',#1646,#1647);
#1646 = CARTESIAN_POINT('',(0.282819,0.969531,8.125));
#1647 = VECTOR('',#1648,1.);
#1648 = DIRECTION('',(0.,0.,1.));
#1649 = ORIENTED_EDGE('',*,*,#1650,.F.);
#1650 = EDGE_CURVE('',#1604,#1643,#1651,.T.);
#1651 = LINE('',#1652,#1653);
#1652 = CARTESIAN_POINT('',(0.282819,0.,14.16));
#1653 = VECTOR('',#1654,1.);
#1654 = DIRECTION('',(0.,-1.,0.));
#1655 = PLANE('',#1656);
#1656 = AXIS2_PLACEMENT_3D('',#1657,#1658,#1659);
#1657 = CARTESIAN_POINT('',(0.282819,-0.900529677232,6.650206640055));
#1658 = DIRECTION('',(1.,0.,0.));
#1659 = DIRECTION('',(-0.,1.,0.));
#1660 = ADVANCED_FACE('',(#1661),#1718,.F.);
#1661 = FACE_BOUND('',#1662,.T.);
#1662 = EDGE_LOOP('',(#1663,#1671,#1672,#1680,#1688,#1696,#1704,#1712));
#1663 = ORIENTED_EDGE('',*,*,#1664,.F.);
#1664 = EDGE_CURVE('',#1437,#1665,#1667,.T.);
#1665 = VERTEX_POINT('',#1666);
#1666 = CARTESIAN_POINT('',(-1.567181,2.769531,12.975));
#1667 = LINE('',#1668,#1669);
#1668 = CARTESIAN_POINT('',(-1.567181,0.,12.975));
#1669 = VECTOR('',#1670,1.);
#1670 = DIRECTION('',(0.,1.,4.440892098501E-15));
#1671 = ORIENTED_EDGE('',*,*,#1460,.F.);
#1672 = ORIENTED_EDGE('',*,*,#1673,.F.);
#1673 = EDGE_CURVE('',#1674,#1453,#1676,.T.);
#1674 = VERTEX_POINT('',#1675);
#1675 = CARTESIAN_POINT('',(-2.217181,-1.330469,12.975));
#1676 = LINE('',#1677,#1678);
#1677 = CARTESIAN_POINT('',(-2.217181,0.,12.975));
#1678 = VECTOR('',#1679,1.);
#1679 = DIRECTION('',(0.,1.,0.));
#1680 = ORIENTED_EDGE('',*,*,#1681,.F.);
#1681 = EDGE_CURVE('',#1682,#1674,#1684,.T.);
#1682 = VERTEX_POINT('',#1683);
#1683 = CARTESIAN_POINT('',(-2.017181,-1.330469,12.975));
#1684 = LINE('',#1685,#1686);
#1685 = CARTESIAN_POINT('',(0.,-1.330469,12.975));
#1686 = VECTOR('',#1687,1.);
#1687 = DIRECTION('',(-1.,0.,0.));
#1688 = ORIENTED_EDGE('',*,*,#1689,.T.);
#1689 = EDGE_CURVE('',#1682,#1690,#1692,.T.);
#1690 = VERTEX_POINT('',#1691);
#1691 = CARTESIAN_POINT('',(-2.017181,-2.230469,12.975));
#1692 = LINE('',#1693,#1694);
#1693 = CARTESIAN_POINT('',(-2.017181,0.,12.975));
#1694 = VECTOR('',#1695,1.);
#1695 = DIRECTION('',(1.224606353822E-16,-1.,0.));
#1696 = ORIENTED_EDGE('',*,*,#1697,.F.);
#1697 = EDGE_CURVE('',#1698,#1690,#1700,.T.);
#1698 = VERTEX_POINT('',#1699);
#1699 = CARTESIAN_POINT('',(-2.417181,-2.230469,12.975));
#1700 = LINE('',#1701,#1702);
#1701 = CARTESIAN_POINT('',(0.,-2.230469,12.975));
#1702 = VECTOR('',#1703,1.);
#1703 = DIRECTION('',(1.,0.,0.));
#1704 = ORIENTED_EDGE('',*,*,#1705,.F.);
#1705 = EDGE_CURVE('',#1706,#1698,#1708,.T.);
#1706 = VERTEX_POINT('',#1707);
#1707 = CARTESIAN_POINT('',(-2.417181,2.769531,12.975));
#1708 = LINE('',#1709,#1710);
#1709 = CARTESIAN_POINT('',(-2.417181,2.769531,12.975));
#1710 = VECTOR('',#1711,1.);
#1711 = DIRECTION('',(0.,-1.,0.));
#1712 = ORIENTED_EDGE('',*,*,#1713,.F.);
#1713 = EDGE_CURVE('',#1665,#1706,#1714,.T.);
#1714 = LINE('',#1715,#1716);
#1715 = CARTESIAN_POINT('',(0.,2.769531,12.975));
#1716 = VECTOR('',#1717,1.);
#1717 = DIRECTION('',(-1.,0.,0.));
#1718 = PLANE('',#1719);
#1719 = AXIS2_PLACEMENT_3D('',#1720,#1721,#1722);
#1720 = CARTESIAN_POINT('',(-2.217181,0.969531,12.975));
#1721 = DIRECTION('',(0.,-4.440892098501E-15,1.));
#1722 = DIRECTION('',(0.,-1.,-4.440892098501E-15));
#1723 = ADVANCED_FACE('',(#1724),#1870,.T.);
#1724 = FACE_BOUND('',#1725,.T.);
#1725 = EDGE_LOOP('',(#1726,#1736,#1742,#1743,#1751,#1759,#1768,#1776,
    #1784,#1792,#1800,#1808,#1817,#1825,#1831,#1832,#1840,#1848,#1856,
    #1864));
#1726 = ORIENTED_EDGE('',*,*,#1727,.T.);
#1727 = EDGE_CURVE('',#1728,#1730,#1732,.T.);
#1728 = VERTEX_POINT('',#1729);
#1729 = CARTESIAN_POINT('',(8.2819E-02,-2.230469,13.95));
#1730 = VERTEX_POINT('',#1731);
#1731 = CARTESIAN_POINT('',(8.2819E-02,-1.630469,13.95));
#1732 = LINE('',#1733,#1734);
#1733 = CARTESIAN_POINT('',(8.2819E-02,0.,13.95));
#1734 = VECTOR('',#1735,1.);
#1735 = DIRECTION('',(0.,1.,0.));
#1736 = ORIENTED_EDGE('',*,*,#1737,.T.);
#1737 = EDGE_CURVE('',#1730,#1087,#1738,.T.);
#1738 = LINE('',#1739,#1740);
#1739 = CARTESIAN_POINT('',(0.,-1.630469,13.95));
#1740 = VECTOR('',#1741,1.);
#1741 = DIRECTION('',(-1.,0.,0.));
#1742 = ORIENTED_EDGE('',*,*,#1086,.F.);
#1743 = ORIENTED_EDGE('',*,*,#1744,.F.);
#1744 = EDGE_CURVE('',#1745,#1079,#1747,.T.);
#1745 = VERTEX_POINT('',#1746);
#1746 = CARTESIAN_POINT('',(-1.167181,-1.130469,13.95));
#1747 = LINE('',#1748,#1749);
#1748 = CARTESIAN_POINT('',(0.,-1.130469,13.95));
#1749 = VECTOR('',#1750,1.);
#1750 = DIRECTION('',(-1.,0.,0.));
#1751 = ORIENTED_EDGE('',*,*,#1752,.F.);
#1752 = EDGE_CURVE('',#1753,#1745,#1755,.T.);
#1753 = VERTEX_POINT('',#1754);
#1754 = CARTESIAN_POINT('',(-1.256404227028,-1.112624354594,13.95));
#1755 = LINE('',#1756,#1757);
#1756 = CARTESIAN_POINT('',(0.,-1.3639052,13.95));
#1757 = VECTOR('',#1758,1.);
#1758 = DIRECTION('',(0.980580675691,-0.196116135138,0.));
#1759 = ORIENTED_EDGE('',*,*,#1760,.T.);
#1760 = EDGE_CURVE('',#1753,#1761,#1763,.T.);
#1761 = VERTEX_POINT('',#1762);
#1762 = CARTESIAN_POINT('',(-1.416682628207,-0.930618511538,13.95));
#1763 = CIRCLE('',#1764,0.2);
#1764 = AXIS2_PLACEMENT_3D('',#1765,#1766,#1767);
#1765 = CARTESIAN_POINT('',(-1.217181,-0.916508219456,13.95));
#1766 = DIRECTION('',(-3.749151804555E-33,6.123031769112E-17,-1.));
#1767 = DIRECTION('',(1.224606353822E-16,1.,6.123031769112E-17));
#1768 = ORIENTED_EDGE('',*,*,#1769,.F.);
#1769 = EDGE_CURVE('',#1770,#1761,#1772,.T.);
#1770 = VERTEX_POINT('',#1771);
#1771 = CARTESIAN_POINT('',(-1.416682628207,-0.830469,13.95));
#1772 = LINE('',#1773,#1774);
#1773 = CARTESIAN_POINT('',(-1.416682628207,0.,13.95));
#1774 = VECTOR('',#1775,1.);
#1775 = DIRECTION('',(-1.224606353822E-16,-1.,0.));
#1776 = ORIENTED_EDGE('',*,*,#1777,.F.);
#1777 = EDGE_CURVE('',#1778,#1770,#1780,.T.);
#1778 = VERTEX_POINT('',#1779);
#1779 = CARTESIAN_POINT('',(-2.017181,-0.830469,13.95));
#1780 = LINE('',#1781,#1782);
#1781 = CARTESIAN_POINT('',(0.,-0.830469,13.95));
#1782 = VECTOR('',#1783,1.);
#1783 = DIRECTION('',(1.,-1.224606353822E-16,0.));
#1784 = ORIENTED_EDGE('',*,*,#1785,.T.);
#1785 = EDGE_CURVE('',#1778,#1786,#1788,.T.);
#1786 = VERTEX_POINT('',#1787);
#1787 = CARTESIAN_POINT('',(-2.017181,0.969531,13.95));
#1788 = LINE('',#1789,#1790);
#1789 = CARTESIAN_POINT('',(-2.017181,1.769531,13.95));
#1790 = VECTOR('',#1791,1.);
#1791 = DIRECTION('',(1.224606353822E-16,1.,3.061515884556E-17));
#1792 = ORIENTED_EDGE('',*,*,#1793,.F.);
#1793 = EDGE_CURVE('',#1794,#1786,#1796,.T.);
#1794 = VERTEX_POINT('',#1795);
#1795 = CARTESIAN_POINT('',(-1.416682628207,0.969531,13.95));
#1796 = LINE('',#1797,#1798);
#1797 = CARTESIAN_POINT('',(0.,0.969531,13.95));
#1798 = VECTOR('',#1799,1.);
#1799 = DIRECTION('',(-1.,1.224606353822E-16,0.));
#1800 = ORIENTED_EDGE('',*,*,#1801,.F.);
#1801 = EDGE_CURVE('',#1802,#1794,#1804,.T.);
#1802 = VERTEX_POINT('',#1803);
#1803 = CARTESIAN_POINT('',(-1.416682628207,1.069680511538,13.95));
#1804 = LINE('',#1805,#1806);
#1805 = CARTESIAN_POINT('',(-1.416682628207,0.,13.95));
#1806 = VECTOR('',#1807,1.);
#1807 = DIRECTION('',(-1.224606353822E-16,-1.,0.));
#1808 = ORIENTED_EDGE('',*,*,#1809,.F.);
#1809 = EDGE_CURVE('',#1810,#1802,#1812,.T.);
#1810 = VERTEX_POINT('',#1811);
#1811 = CARTESIAN_POINT('',(-1.256404227028,1.251686354594,13.95));
#1812 = CIRCLE('',#1813,0.2);
#1813 = AXIS2_PLACEMENT_3D('',#1814,#1815,#1816);
#1814 = CARTESIAN_POINT('',(-1.217181,1.055570219456,13.95));
#1815 = DIRECTION('',(3.749151804555E-33,-6.123031769112E-17,1.));
#1816 = DIRECTION('',(-1.224606353822E-16,-1.,-6.123031769112E-17));
#1817 = ORIENTED_EDGE('',*,*,#1818,.F.);
#1818 = EDGE_CURVE('',#1819,#1810,#1821,.T.);
#1819 = VERTEX_POINT('',#1820);
#1820 = CARTESIAN_POINT('',(-1.167181,1.269531,13.95));
#1821 = LINE('',#1822,#1823);
#1822 = CARTESIAN_POINT('',(0.,1.5029672,13.95));
#1823 = VECTOR('',#1824,1.);
#1824 = DIRECTION('',(-0.980580675691,-0.196116135138,0.));
#1825 = ORIENTED_EDGE('',*,*,#1826,.T.);
#1826 = EDGE_CURVE('',#1819,#1523,#1827,.T.);
#1827 = LINE('',#1828,#1829);
#1828 = CARTESIAN_POINT('',(0.,1.269531,13.95));
#1829 = VECTOR('',#1830,1.);
#1830 = DIRECTION('',(-1.,0.,0.));
#1831 = ORIENTED_EDGE('',*,*,#1522,.F.);
#1832 = ORIENTED_EDGE('',*,*,#1833,.T.);
#1833 = EDGE_CURVE('',#1515,#1834,#1836,.T.);
#1834 = VERTEX_POINT('',#1835);
#1835 = CARTESIAN_POINT('',(-0.792181,1.769531,13.95));
#1836 = LINE('',#1837,#1838);
#1837 = CARTESIAN_POINT('',(0.,1.769531,13.95));
#1838 = VECTOR('',#1839,1.);
#1839 = DIRECTION('',(1.,0.,0.));
#1840 = ORIENTED_EDGE('',*,*,#1841,.T.);
#1841 = EDGE_CURVE('',#1834,#1842,#1844,.T.);
#1842 = VERTEX_POINT('',#1843);
#1843 = CARTESIAN_POINT('',(-0.792181,2.769531,13.95));
#1844 = LINE('',#1845,#1846);
#1845 = CARTESIAN_POINT('',(-0.792181,0.,13.95));
#1846 = VECTOR('',#1847,1.);
#1847 = DIRECTION('',(-8.326672684689E-17,1.,0.));
#1848 = ORIENTED_EDGE('',*,*,#1849,.T.);
#1849 = EDGE_CURVE('',#1842,#1850,#1852,.T.);
#1850 = VERTEX_POINT('',#1851);
#1851 = CARTESIAN_POINT('',(-2.417181,2.769531,13.95));
#1852 = LINE('',#1853,#1854);
#1853 = CARTESIAN_POINT('',(0.,2.769531,13.95));
#1854 = VECTOR('',#1855,1.);
#1855 = DIRECTION('',(-1.,0.,0.));
#1856 = ORIENTED_EDGE('',*,*,#1857,.F.);
#1857 = EDGE_CURVE('',#1858,#1850,#1860,.T.);
#1858 = VERTEX_POINT('',#1859);
#1859 = CARTESIAN_POINT('',(-2.417181,-2.230469,13.95));
#1860 = LINE('',#1861,#1862);
#1861 = CARTESIAN_POINT('',(-2.417181,0.,13.95));
#1862 = VECTOR('',#1863,1.);
#1863 = DIRECTION('',(0.,1.,0.));
#1864 = ORIENTED_EDGE('',*,*,#1865,.T.);
#1865 = EDGE_CURVE('',#1858,#1728,#1866,.T.);
#1866 = LINE('',#1867,#1868);
#1867 = CARTESIAN_POINT('',(-0.117181,-2.230469,13.95));
#1868 = VECTOR('',#1869,1.);
#1869 = DIRECTION('',(1.,0.,0.));
#1870 = PLANE('',#1871);
#1871 = AXIS2_PLACEMENT_3D('',#1872,#1873,#1874);
#1872 = CARTESIAN_POINT('',(-0.111413244036,-1.926413479559,13.95));
#1873 = DIRECTION('',(0.,0.,1.));
#1874 = DIRECTION('',(1.,0.,-0.));
#1875 = ADVANCED_FACE('',(#1876),#1903,.T.);
#1876 = FACE_BOUND('',#1877,.T.);
#1877 = EDGE_LOOP('',(#1878,#1887,#1888,#1897));
#1878 = ORIENTED_EDGE('',*,*,#1879,.T.);
#1879 = EDGE_CURVE('',#1880,#1786,#1882,.T.);
#1880 = VERTEX_POINT('',#1881);
#1881 = CARTESIAN_POINT('',(-2.417181,0.969531,14.35));
#1882 = CIRCLE('',#1883,0.4);
#1883 = AXIS2_PLACEMENT_3D('',#1884,#1885,#1886);
#1884 = CARTESIAN_POINT('',(-2.017181,0.969531,14.35));
#1885 = DIRECTION('',(-1.224606353822E-16,-1.,-6.123031769112E-17));
#1886 = DIRECTION('',(-1.,1.224606353822E-16,3.215020689727E-32));
#1887 = ORIENTED_EDGE('',*,*,#1785,.F.);
#1888 = ORIENTED_EDGE('',*,*,#1889,.F.);
#1889 = EDGE_CURVE('',#1890,#1778,#1892,.T.);
#1890 = VERTEX_POINT('',#1891);
#1891 = CARTESIAN_POINT('',(-2.417181,-0.830469,14.35));
#1892 = CIRCLE('',#1893,0.4);
#1893 = AXIS2_PLACEMENT_3D('',#1894,#1895,#1896);
#1894 = CARTESIAN_POINT('',(-2.017181,-0.830469,14.35));
#1895 = DIRECTION('',(-1.224606353822E-16,-1.,-6.123031769112E-17));
#1896 = DIRECTION('',(-1.,1.224606353822E-16,3.215020689727E-32));
#1897 = ORIENTED_EDGE('',*,*,#1898,.T.);
#1898 = EDGE_CURVE('',#1890,#1880,#1899,.T.);
#1899 = LINE('',#1900,#1901);
#1900 = CARTESIAN_POINT('',(-2.417181,1.769531,14.35));
#1901 = VECTOR('',#1902,1.);
#1902 = DIRECTION('',(1.224606353822E-16,1.,6.123031769112E-17));
#1903 = CYLINDRICAL_SURFACE('',#1904,0.4);
#1904 = AXIS2_PLACEMENT_3D('',#1905,#1906,#1907);
#1905 = CARTESIAN_POINT('',(-2.017181,1.769531,14.35));
#1906 = DIRECTION('',(1.224606353822E-16,1.,6.123031769112E-17));
#1907 = DIRECTION('',(-1.,1.224606353822E-16,3.215020689727E-32));
#1908 = ADVANCED_FACE('',(#1909),#1994,.T.);
#1909 = FACE_BOUND('',#1910,.T.);
#1910 = EDGE_LOOP('',(#1911,#1921,#1929,#1937,#1946,#1952,#1953,#1954,
    #1962,#1970,#1979,#1987));
#1911 = ORIENTED_EDGE('',*,*,#1912,.T.);
#1912 = EDGE_CURVE('',#1913,#1915,#1917,.T.);
#1913 = VERTEX_POINT('',#1914);
#1914 = CARTESIAN_POINT('',(-2.017181,-0.830469,15.25));
#1915 = VERTEX_POINT('',#1916);
#1916 = CARTESIAN_POINT('',(-1.317181,-0.830469,15.25));
#1917 = LINE('',#1918,#1919);
#1918 = CARTESIAN_POINT('',(-0.386712,-0.830469,15.25));
#1919 = VECTOR('',#1920,1.);
#1920 = DIRECTION('',(1.,-1.224606353822E-16,-3.215020689727E-32));
#1921 = ORIENTED_EDGE('',*,*,#1922,.T.);
#1922 = EDGE_CURVE('',#1915,#1923,#1925,.T.);
#1923 = VERTEX_POINT('',#1924);
#1924 = CARTESIAN_POINT('',(-1.317181,-0.830469,15.45));
#1925 = LINE('',#1926,#1927);
#1926 = CARTESIAN_POINT('',(-1.317181,-0.830469,20.386624106157));
#1927 = VECTOR('',#1928,1.);
#1928 = DIRECTION('',(3.749151804555E-33,-6.123031769112E-17,1.));
#1929 = ORIENTED_EDGE('',*,*,#1930,.T.);
#1930 = EDGE_CURVE('',#1923,#1931,#1933,.T.);
#1931 = VERTEX_POINT('',#1932);
#1932 = CARTESIAN_POINT('',(-2.017181,-0.830469,15.45));
#1933 = LINE('',#1934,#1935);
#1934 = CARTESIAN_POINT('',(-0.386712,-0.830469,15.45));
#1935 = VECTOR('',#1936,1.);
#1936 = DIRECTION('',(-1.,1.224606353822E-16,3.215020689727E-32));
#1937 = ORIENTED_EDGE('',*,*,#1938,.T.);
#1938 = EDGE_CURVE('',#1931,#1939,#1941,.T.);
#1939 = VERTEX_POINT('',#1940);
#1940 = CARTESIAN_POINT('',(-2.417181,-0.830469,15.05));
#1941 = CIRCLE('',#1942,0.4);
#1942 = AXIS2_PLACEMENT_3D('',#1943,#1944,#1945);
#1943 = CARTESIAN_POINT('',(-2.017181,-0.830469,15.05));
#1944 = DIRECTION('',(-1.224606353822E-16,-1.,-6.123031769112E-17));
#1945 = DIRECTION('',(-1.,1.224606353822E-16,3.215020689727E-32));
#1946 = ORIENTED_EDGE('',*,*,#1947,.T.);
#1947 = EDGE_CURVE('',#1939,#1890,#1948,.T.);
#1948 = LINE('',#1949,#1950);
#1949 = CARTESIAN_POINT('',(-2.417181,-0.830469,20.386624106157));
#1950 = VECTOR('',#1951,1.);
#1951 = DIRECTION('',(-3.749151804555E-33,6.123031769112E-17,-1.));
#1952 = ORIENTED_EDGE('',*,*,#1889,.T.);
#1953 = ORIENTED_EDGE('',*,*,#1777,.T.);
#1954 = ORIENTED_EDGE('',*,*,#1955,.F.);
#1955 = EDGE_CURVE('',#1956,#1770,#1958,.T.);
#1956 = VERTEX_POINT('',#1957);
#1957 = CARTESIAN_POINT('',(-1.416682628207,-0.830469,14.15));
#1958 = LINE('',#1959,#1960);
#1959 = CARTESIAN_POINT('',(-1.416682628207,-0.830469,15.6000024));
#1960 = VECTOR('',#1961,1.);
#1961 = DIRECTION('',(-3.749151804555E-33,6.123031769112E-17,-1.));
#1962 = ORIENTED_EDGE('',*,*,#1963,.T.);
#1963 = EDGE_CURVE('',#1956,#1964,#1966,.T.);
#1964 = VERTEX_POINT('',#1965);
#1965 = CARTESIAN_POINT('',(-2.017181,-0.830469,14.15));
#1966 = LINE('',#1967,#1968);
#1967 = CARTESIAN_POINT('',(-0.386712,-0.830469,14.15));
#1968 = VECTOR('',#1969,1.);
#1969 = DIRECTION('',(-1.,1.224606353822E-16,3.215020689727E-32));
#1970 = ORIENTED_EDGE('',*,*,#1971,.F.);
#1971 = EDGE_CURVE('',#1972,#1964,#1974,.T.);
#1972 = VERTEX_POINT('',#1973);
#1973 = CARTESIAN_POINT('',(-2.217181,-0.830469,14.35));
#1974 = CIRCLE('',#1975,0.2);
#1975 = AXIS2_PLACEMENT_3D('',#1976,#1977,#1978);
#1976 = CARTESIAN_POINT('',(-2.017181,-0.830469,14.35));
#1977 = DIRECTION('',(-1.224606353822E-16,-1.,-6.123031769112E-17));
#1978 = DIRECTION('',(-1.,1.224606353822E-16,3.215020689727E-32));
#1979 = ORIENTED_EDGE('',*,*,#1980,.T.);
#1980 = EDGE_CURVE('',#1972,#1981,#1983,.T.);
#1981 = VERTEX_POINT('',#1982);
#1982 = CARTESIAN_POINT('',(-2.217181,-0.830469,15.05));
#1983 = LINE('',#1984,#1985);
#1984 = CARTESIAN_POINT('',(-2.217181,-0.830469,20.386624106157));
#1985 = VECTOR('',#1986,1.);
#1986 = DIRECTION('',(3.749151804555E-33,-6.123031769112E-17,1.));
#1987 = ORIENTED_EDGE('',*,*,#1988,.F.);
#1988 = EDGE_CURVE('',#1913,#1981,#1989,.T.);
#1989 = CIRCLE('',#1990,0.2);
#1990 = AXIS2_PLACEMENT_3D('',#1991,#1992,#1993);
#1991 = CARTESIAN_POINT('',(-2.017181,-0.830469,15.05));
#1992 = DIRECTION('',(-1.224606353822E-16,-1.,-6.123031769112E-17));
#1993 = DIRECTION('',(-1.,1.224606353822E-16,3.215020689727E-32));
#1994 = PLANE('',#1995);
#1995 = AXIS2_PLACEMENT_3D('',#1996,#1997,#1998);
#1996 = CARTESIAN_POINT('',(-1.717181,-0.830469,15.6000024));
#1997 = DIRECTION('',(-1.224606353822E-16,-1.,-6.123031769112E-17));
#1998 = DIRECTION('',(1.,-1.224606353822E-16,-3.215020689727E-32));
#1999 = ADVANCED_FACE('',(#2000),#2032,.F.);
#2000 = FACE_BOUND('',#2001,.T.);
#2001 = EDGE_LOOP('',(#2002,#2010,#2011,#2017,#2018,#2026));
#2002 = ORIENTED_EDGE('',*,*,#2003,.T.);
#2003 = EDGE_CURVE('',#2004,#1374,#2006,.T.);
#2004 = VERTEX_POINT('',#2005);
#2005 = CARTESIAN_POINT('',(-1.017181,-2.230469,12.975));
#2006 = LINE('',#2007,#2008);
#2007 = CARTESIAN_POINT('',(-1.017181,-2.230469,8.125));
#2008 = VECTOR('',#2009,1.);
#2009 = DIRECTION('',(0.,0.,-1.));
#2010 = ORIENTED_EDGE('',*,*,#1373,.T.);
#2011 = ORIENTED_EDGE('',*,*,#2012,.F.);
#2012 = EDGE_CURVE('',#1276,#1366,#2013,.T.);
#2013 = LINE('',#2014,#2015);
#2014 = CARTESIAN_POINT('',(-1.017181,0.,12.675));
#2015 = VECTOR('',#2016,1.);
#2016 = DIRECTION('',(0.,-1.,0.));
#2017 = ORIENTED_EDGE('',*,*,#1275,.T.);
#2018 = ORIENTED_EDGE('',*,*,#2019,.F.);
#2019 = EDGE_CURVE('',#2020,#1266,#2022,.T.);
#2020 = VERTEX_POINT('',#2021);
#2021 = CARTESIAN_POINT('',(-1.017181,-1.530469,12.975));
#2022 = LINE('',#2023,#2024);
#2023 = CARTESIAN_POINT('',(-1.017181,-1.530469,8.125));
#2024 = VECTOR('',#2025,1.);
#2025 = DIRECTION('',(0.,0.,-1.));
#2026 = ORIENTED_EDGE('',*,*,#2027,.F.);
#2027 = EDGE_CURVE('',#2004,#2020,#2028,.T.);
#2028 = LINE('',#2029,#2030);
#2029 = CARTESIAN_POINT('',(-1.017181,0.,12.975));
#2030 = VECTOR('',#2031,1.);
#2031 = DIRECTION('',(0.,1.,0.));
#2032 = PLANE('',#2033);
#2033 = AXIS2_PLACEMENT_3D('',#2034,#2035,#2036);
#2034 = CARTESIAN_POINT('',(-1.017181,-2.030469,13.075));
#2035 = DIRECTION('',(-1.,0.,0.));
#2036 = DIRECTION('',(0.,0.,1.));
#2037 = ADVANCED_FACE('',(#2038),#2063,.F.);
#2038 = FACE_BOUND('',#2039,.T.);
#2039 = EDGE_LOOP('',(#2040,#2050,#2056,#2057));
#2040 = ORIENTED_EDGE('',*,*,#2041,.T.);
#2041 = EDGE_CURVE('',#2042,#2044,#2046,.T.);
#2042 = VERTEX_POINT('',#2043);
#2043 = CARTESIAN_POINT('',(-0.202181,-0.230469,12.675));
#2044 = VERTEX_POINT('',#2045);
#2045 = CARTESIAN_POINT('',(0.147819,-0.230469,12.675));
#2046 = LINE('',#2047,#2048);
#2047 = CARTESIAN_POINT('',(0.,-0.230469,12.675));
#2048 = VECTOR('',#2049,1.);
#2049 = DIRECTION('',(1.,3.673819061467E-16,0.));
#2050 = ORIENTED_EDGE('',*,*,#2051,.F.);
#2051 = EDGE_CURVE('',#1325,#2044,#2052,.T.);
#2052 = LINE('',#2053,#2054);
#2053 = CARTESIAN_POINT('',(0.147819,-0.398169597608,12.675));
#2054 = VECTOR('',#2055,1.);
#2055 = DIRECTION('',(2.312964634636E-17,-1.,0.));
#2056 = ORIENTED_EDGE('',*,*,#1324,.T.);
#2057 = ORIENTED_EDGE('',*,*,#2058,.T.);
#2058 = EDGE_CURVE('',#1317,#2042,#2059,.T.);
#2059 = LINE('',#2060,#2061);
#2060 = CARTESIAN_POINT('',(-0.202181,-0.398169597608,12.675));
#2061 = VECTOR('',#2062,1.);
#2062 = DIRECTION('',(-3.700743415417E-16,-1.,0.));
#2063 = PLANE('',#2064);
#2064 = AXIS2_PLACEMENT_3D('',#2065,#2066,#2067);
#2065 = CARTESIAN_POINT('',(-6.453477941594E-03,-0.398169597608,12.675)
  );
#2066 = DIRECTION('',(0.,0.,-1.));
#2067 = DIRECTION('',(-1.,0.,0.));
#2068 = ADVANCED_FACE('',(#2069),#2087,.F.);
#2069 = FACE_BOUND('',#2070,.T.);
#2070 = EDGE_LOOP('',(#2071,#2079,#2080,#2081));
#2071 = ORIENTED_EDGE('',*,*,#2072,.T.);
#2072 = EDGE_CURVE('',#2073,#1674,#2075,.T.);
#2073 = VERTEX_POINT('',#2074);
#2074 = CARTESIAN_POINT('',(-2.217181,-1.330469,10.775));
#2075 = LINE('',#2076,#2077);
#2076 = CARTESIAN_POINT('',(-2.217181,-1.330469,10.625));
#2077 = VECTOR('',#2078,1.);
#2078 = DIRECTION('',(0.,0.,1.));
#2079 = ORIENTED_EDGE('',*,*,#1673,.T.);
#2080 = ORIENTED_EDGE('',*,*,#1452,.T.);
#2081 = ORIENTED_EDGE('',*,*,#2082,.F.);
#2082 = EDGE_CURVE('',#2073,#1445,#2083,.T.);
#2083 = LINE('',#2084,#2085);
#2084 = CARTESIAN_POINT('',(-2.217181,-4.935619989425E-16,10.775));
#2085 = VECTOR('',#2086,1.);
#2086 = DIRECTION('',(-1.224606353822E-16,1.,0.));
#2087 = PLANE('',#2088);
#2088 = AXIS2_PLACEMENT_3D('',#2089,#2090,#2091);
#2089 = CARTESIAN_POINT('',(-2.217181,-0.614329959691,7.212810461496));
#2090 = DIRECTION('',(1.,1.224606353822E-16,0.));
#2091 = DIRECTION('',(1.224606353822E-16,-1.,0.));
#2092 = ADVANCED_FACE('',(#2093),#2109,.T.);
#2093 = FACE_BOUND('',#2094,.T.);
#2094 = EDGE_LOOP('',(#2095,#2101,#2102,#2108));
#2095 = ORIENTED_EDGE('',*,*,#2096,.T.);
#2096 = EDGE_CURVE('',#1850,#1706,#2097,.T.);
#2097 = LINE('',#2098,#2099);
#2098 = CARTESIAN_POINT('',(-2.417181,2.769531,13.075));
#2099 = VECTOR('',#2100,1.);
#2100 = DIRECTION('',(0.,-8.881784197001E-15,-1.));
#2101 = ORIENTED_EDGE('',*,*,#1705,.T.);
#2102 = ORIENTED_EDGE('',*,*,#2103,.T.);
#2103 = EDGE_CURVE('',#1698,#1858,#2104,.T.);
#2104 = LINE('',#2105,#2106);
#2105 = CARTESIAN_POINT('',(-2.417181,-2.230469,8.125));
#2106 = VECTOR('',#2107,1.);
#2107 = DIRECTION('',(0.,0.,1.));
#2108 = ORIENTED_EDGE('',*,*,#1857,.T.);
#2109 = PLANE('',#2110);
#2110 = AXIS2_PLACEMENT_3D('',#2111,#2112,#2113);
#2111 = CARTESIAN_POINT('',(-2.417181,-0.166167241454,12.461391995973));
#2112 = DIRECTION('',(-1.,0.,0.));
#2113 = DIRECTION('',(0.,-1.,0.));
#2114 = ADVANCED_FACE('',(#2115),#2150,.T.);
#2115 = FACE_BOUND('',#2116,.T.);
#2116 = EDGE_LOOP('',(#2117,#2128,#2136,#2144));
#2117 = ORIENTED_EDGE('',*,*,#2118,.T.);
#2118 = EDGE_CURVE('',#2119,#2121,#2123,.T.);
#2119 = VERTEX_POINT('',#2120);
#2120 = CARTESIAN_POINT('',(0.282819,-1.230469,13.95));
#2121 = VERTEX_POINT('',#2122);
#2122 = CARTESIAN_POINT('',(0.282819,-1.630469,14.35));
#2123 = CIRCLE('',#2124,0.4);
#2124 = AXIS2_PLACEMENT_3D('',#2125,#2126,#2127);
#2125 = CARTESIAN_POINT('',(0.282819,-1.230469,14.35));
#2126 = DIRECTION('',(-1.,1.224606353822E-16,2.598723107523E-32));
#2127 = DIRECTION('',(1.224606353822E-16,1.,1.224606353822E-16));
#2128 = ORIENTED_EDGE('',*,*,#2129,.F.);
#2129 = EDGE_CURVE('',#2130,#2121,#2132,.T.);
#2130 = VERTEX_POINT('',#2131);
#2131 = CARTESIAN_POINT('',(0.282819,-1.630469,13.95));
#2132 = LINE('',#2133,#2134);
#2133 = CARTESIAN_POINT('',(0.282819,-1.630469,8.125));
#2134 = VECTOR('',#2135,1.);
#2135 = DIRECTION('',(0.,0.,1.));
#2136 = ORIENTED_EDGE('',*,*,#2137,.F.);
#2137 = EDGE_CURVE('',#2138,#2130,#2140,.T.);
#2138 = VERTEX_POINT('',#2139);
#2139 = CARTESIAN_POINT('',(0.282819,-1.530469,13.95));
#2140 = LINE('',#2141,#2142);
#2141 = CARTESIAN_POINT('',(0.282819,0.,13.95));
#2142 = VECTOR('',#2143,1.);
#2143 = DIRECTION('',(0.,-1.,0.));
#2144 = ORIENTED_EDGE('',*,*,#2145,.T.);
#2145 = EDGE_CURVE('',#2138,#2119,#2146,.T.);
#2146 = LINE('',#2147,#2148);
#2147 = CARTESIAN_POINT('',(0.282819,0.,13.95));
#2148 = VECTOR('',#2149,1.);
#2149 = DIRECTION('',(0.,1.,0.));
#2150 = PLANE('',#2151);
#2151 = AXIS2_PLACEMENT_3D('',#2152,#2153,#2154);
#2152 = CARTESIAN_POINT('',(0.282819,-0.900529677232,6.650206640055));
#2153 = DIRECTION('',(1.,0.,0.));
#2154 = DIRECTION('',(-0.,1.,0.));
#2155 = ADVANCED_FACE('',(#2156),#2174,.T.);
#2156 = FACE_BOUND('',#2157,.T.);
#2157 = EDGE_LOOP('',(#2158,#2159,#2167,#2173));
#2158 = ORIENTED_EDGE('',*,*,#1250,.F.);
#2159 = ORIENTED_EDGE('',*,*,#2160,.T.);
#2160 = EDGE_CURVE('',#1243,#2161,#2163,.T.);
#2161 = VERTEX_POINT('',#2162);
#2162 = CARTESIAN_POINT('',(0.282819,-1.130469,14.16));
#2163 = LINE('',#2164,#2165);
#2164 = CARTESIAN_POINT('',(0.282819,-0.830469,14.16));
#2165 = VECTOR('',#2166,1.);
#2166 = DIRECTION('',(-1.110223024625E-15,-1.,0.));
#2167 = ORIENTED_EDGE('',*,*,#2168,.T.);
#2168 = EDGE_CURVE('',#2161,#1077,#2169,.T.);
#2169 = LINE('',#2170,#2171);
#2170 = CARTESIAN_POINT('',(0.,-1.130469,14.16));
#2171 = VECTOR('',#2172,1.);
#2172 = DIRECTION('',(-1.,0.,0.));
#2173 = ORIENTED_EDGE('',*,*,#1109,.T.);
#2174 = PLANE('',#2175);
#2175 = AXIS2_PLACEMENT_3D('',#2176,#2177,#2178);
#2176 = CARTESIAN_POINT('',(0.282819,-0.830469,14.16));
#2177 = DIRECTION('',(0.,0.,-1.));
#2178 = DIRECTION('',(1.,-1.110223024625E-15,0.));
#2179 = ADVANCED_FACE('',(#2180),#2214,.F.);
#2180 = FACE_BOUND('',#2181,.T.);
#2181 = EDGE_LOOP('',(#2182,#2192,#2200,#2208));
#2182 = ORIENTED_EDGE('',*,*,#2183,.T.);
#2183 = EDGE_CURVE('',#2184,#2186,#2188,.T.);
#2184 = VERTEX_POINT('',#2185);
#2185 = CARTESIAN_POINT('',(-1.717181,-0.830469,9.05));
#2186 = VERTEX_POINT('',#2187);
#2187 = CARTESIAN_POINT('',(0.282819,-0.830469,9.05));
#2188 = LINE('',#2189,#2190);
#2189 = CARTESIAN_POINT('',(-1.203448435198E-16,-0.830469,9.05));
#2190 = VECTOR('',#2191,1.);
#2191 = DIRECTION('',(1.,-9.877623892429E-16,0.));
#2192 = ORIENTED_EDGE('',*,*,#2193,.F.);
#2193 = EDGE_CURVE('',#2194,#2186,#2196,.T.);
#2194 = VERTEX_POINT('',#2195);
#2195 = CARTESIAN_POINT('',(0.282819,-1.630469,9.05));
#2196 = LINE('',#2197,#2198);
#2197 = CARTESIAN_POINT('',(0.282819,-0.930469,9.05));
#2198 = VECTOR('',#2199,1.);
#2199 = DIRECTION('',(3.208208438493E-15,1.,0.));
#2200 = ORIENTED_EDGE('',*,*,#2201,.T.);
#2201 = EDGE_CURVE('',#2194,#2202,#2204,.T.);
#2202 = VERTEX_POINT('',#2203);
#2203 = CARTESIAN_POINT('',(-1.717181,-1.630469,9.05));
#2204 = LINE('',#2205,#2206);
#2205 = CARTESIAN_POINT('',(1.182819,-1.630469,9.05));
#2206 = VECTOR('',#2207,1.);
#2207 = DIRECTION('',(-1.,-1.224606353822E-16,0.));
#2208 = ORIENTED_EDGE('',*,*,#2209,.T.);
#2209 = EDGE_CURVE('',#2202,#2184,#2210,.T.);
#2210 = LINE('',#2211,#2212);
#2211 = CARTESIAN_POINT('',(-1.717181,-2.030469,9.05));
#2212 = VECTOR('',#2213,1.);
#2213 = DIRECTION('',(-1.224606353822E-16,1.,0.));
#2214 = PLANE('',#2215);
#2215 = AXIS2_PLACEMENT_3D('',#2216,#2217,#2218);
#2216 = CARTESIAN_POINT('',(-0.165186447206,-1.387490615669,9.05));
#2217 = DIRECTION('',(0.,0.,1.));
#2218 = DIRECTION('',(1.,1.224606353822E-16,-0.));
#2219 = ADVANCED_FACE('',(#2220),#2245,.T.);
#2220 = FACE_BOUND('',#2221,.T.);
#2221 = EDGE_LOOP('',(#2222,#2223,#2231,#2239));
#2222 = ORIENTED_EDGE('',*,*,#1841,.F.);
#2223 = ORIENTED_EDGE('',*,*,#2224,.T.);
#2224 = EDGE_CURVE('',#1834,#2225,#2227,.T.);
#2225 = VERTEX_POINT('',#2226);
#2226 = CARTESIAN_POINT('',(-0.792181,1.769531,13.45));
#2227 = LINE('',#2228,#2229);
#2228 = CARTESIAN_POINT('',(-0.792181,1.769531,13.95));
#2229 = VECTOR('',#2230,1.);
#2230 = DIRECTION('',(0.,0.,-1.));
#2231 = ORIENTED_EDGE('',*,*,#2232,.T.);
#2232 = EDGE_CURVE('',#2225,#2233,#2235,.T.);
#2233 = VERTEX_POINT('',#2234);
#2234 = CARTESIAN_POINT('',(-0.792181,2.769531,13.45));
#2235 = LINE('',#2236,#2237);
#2236 = CARTESIAN_POINT('',(-0.792181,0.,13.45));
#2237 = VECTOR('',#2238,1.);
#2238 = DIRECTION('',(1.443289932013E-14,1.,-8.881784197001E-15));
#2239 = ORIENTED_EDGE('',*,*,#2240,.T.);
#2240 = EDGE_CURVE('',#2233,#1842,#2241,.T.);
#2241 = LINE('',#2242,#2243);
#2242 = CARTESIAN_POINT('',(-0.792181,2.769531,8.125));
#2243 = VECTOR('',#2244,1.);
#2244 = DIRECTION('',(0.,0.,1.));
#2245 = PLANE('',#2246);
#2246 = AXIS2_PLACEMENT_3D('',#2247,#2248,#2249);
#2247 = CARTESIAN_POINT('',(-0.792181,2.669531,13.95));
#2248 = DIRECTION('',(1.,-1.443289932013E-14,0.));
#2249 = DIRECTION('',(-1.443289932013E-14,-1.,0.));
#2250 = ADVANCED_FACE('',(#2251),#2284,.F.);
#2251 = FACE_BOUND('',#2252,.T.);
#2252 = EDGE_LOOP('',(#2253,#2263,#2271,#2277,#2278));
#2253 = ORIENTED_EDGE('',*,*,#2254,.T.);
#2254 = EDGE_CURVE('',#2255,#2257,#2259,.T.);
#2255 = VERTEX_POINT('',#2256);
#2256 = CARTESIAN_POINT('',(8.2819E-02,-2.230469,12.975));
#2257 = VERTEX_POINT('',#2258);
#2258 = CARTESIAN_POINT('',(8.2819E-02,-1.530469,12.975));
#2259 = LINE('',#2260,#2261);
#2260 = CARTESIAN_POINT('',(8.2819E-02,0.,12.975));
#2261 = VECTOR('',#2262,1.);
#2262 = DIRECTION('',(0.,1.,0.));
#2263 = ORIENTED_EDGE('',*,*,#2264,.F.);
#2264 = EDGE_CURVE('',#2265,#2257,#2267,.T.);
#2265 = VERTEX_POINT('',#2266);
#2266 = CARTESIAN_POINT('',(8.2819E-02,-1.530469,13.95));
#2267 = LINE('',#2268,#2269);
#2268 = CARTESIAN_POINT('',(8.2819E-02,-1.530469,8.125));
#2269 = VECTOR('',#2270,1.);
#2270 = DIRECTION('',(0.,0.,-1.));
#2271 = ORIENTED_EDGE('',*,*,#2272,.F.);
#2272 = EDGE_CURVE('',#1730,#2265,#2273,.T.);
#2273 = LINE('',#2274,#2275);
#2274 = CARTESIAN_POINT('',(8.2819E-02,0.,13.95));
#2275 = VECTOR('',#2276,1.);
#2276 = DIRECTION('',(0.,1.,0.));
#2277 = ORIENTED_EDGE('',*,*,#1727,.F.);
#2278 = ORIENTED_EDGE('',*,*,#2279,.T.);
#2279 = EDGE_CURVE('',#1728,#2255,#2280,.T.);
#2280 = LINE('',#2281,#2282);
#2281 = CARTESIAN_POINT('',(8.2819E-02,-2.230469,13.95));
#2282 = VECTOR('',#2283,1.);
#2283 = DIRECTION('',(0.,0.,-1.));
#2284 = PLANE('',#2285);
#2285 = AXIS2_PLACEMENT_3D('',#2286,#2287,#2288);
#2286 = CARTESIAN_POINT('',(8.2819E-02,-2.030469,13.95));
#2287 = DIRECTION('',(-1.,0.,0.));
#2288 = DIRECTION('',(0.,0.,1.));
#2289 = ADVANCED_FACE('',(#2290),#2306,.F.);
#2290 = FACE_BOUND('',#2291,.T.);
#2291 = EDGE_LOOP('',(#2292,#2293,#2299,#2300));
#2292 = ORIENTED_EDGE('',*,*,#2254,.F.);
#2293 = ORIENTED_EDGE('',*,*,#2294,.F.);
#2294 = EDGE_CURVE('',#2004,#2255,#2295,.T.);
#2295 = LINE('',#2296,#2297);
#2296 = CARTESIAN_POINT('',(0.,-2.230469,12.975));
#2297 = VECTOR('',#2298,1.);
#2298 = DIRECTION('',(1.,0.,0.));
#2299 = ORIENTED_EDGE('',*,*,#2027,.T.);
#2300 = ORIENTED_EDGE('',*,*,#2301,.F.);
#2301 = EDGE_CURVE('',#2257,#2020,#2302,.T.);
#2302 = LINE('',#2303,#2304);
#2303 = CARTESIAN_POINT('',(0.,-1.530469,12.975));
#2304 = VECTOR('',#2305,1.);
#2305 = DIRECTION('',(-1.,0.,0.));
#2306 = PLANE('',#2307);
#2307 = AXIS2_PLACEMENT_3D('',#2308,#2309,#2310);
#2308 = CARTESIAN_POINT('',(1.182819,-2.030469,12.975));
#2309 = DIRECTION('',(0.,0.,1.));
#2310 = DIRECTION('',(1.,0.,-0.));
#2311 = ADVANCED_FACE('',(#2312),#2364,.T.);
#2312 = FACE_BOUND('',#2313,.T.);
#2313 = EDGE_LOOP('',(#2314,#2315,#2316,#2317,#2325,#2333,#2341,#2350,
    #2358));
#2314 = ORIENTED_EDGE('',*,*,#2160,.F.);
#2315 = ORIENTED_EDGE('',*,*,#1242,.F.);
#2316 = ORIENTED_EDGE('',*,*,#854,.F.);
#2317 = ORIENTED_EDGE('',*,*,#2318,.F.);
#2318 = EDGE_CURVE('',#2319,#847,#2321,.T.);
#2319 = VERTEX_POINT('',#2320);
#2320 = CARTESIAN_POINT('',(0.282819,-1.630469,14.45));
#2321 = LINE('',#2322,#2323);
#2322 = CARTESIAN_POINT('',(0.282819,-1.630469,8.125));
#2323 = VECTOR('',#2324,1.);
#2324 = DIRECTION('',(0.,0.,1.));
#2325 = ORIENTED_EDGE('',*,*,#2326,.T.);
#2326 = EDGE_CURVE('',#2319,#2327,#2329,.T.);
#2327 = VERTEX_POINT('',#2328);
#2328 = CARTESIAN_POINT('',(0.282819,-1.430469,14.45));
#2329 = LINE('',#2330,#2331);
#2330 = CARTESIAN_POINT('',(0.282819,0.,14.45));
#2331 = VECTOR('',#2332,1.);
#2332 = DIRECTION('',(0.,1.,6.123031769112E-17));
#2333 = ORIENTED_EDGE('',*,*,#2334,.T.);
#2334 = EDGE_CURVE('',#2327,#2335,#2337,.T.);
#2335 = VERTEX_POINT('',#2336);
#2336 = CARTESIAN_POINT('',(0.282819,-1.430469,14.35));
#2337 = LINE('',#2338,#2339);
#2338 = CARTESIAN_POINT('',(0.282819,-1.430469,8.125));
#2339 = VECTOR('',#2340,1.);
#2340 = DIRECTION('',(0.,6.123031769112E-17,-1.));
#2341 = ORIENTED_EDGE('',*,*,#2342,.T.);
#2342 = EDGE_CURVE('',#2335,#2343,#2345,.T.);
#2343 = VERTEX_POINT('',#2344);
#2344 = CARTESIAN_POINT('',(0.282819,-1.230469,14.15));
#2345 = CIRCLE('',#2346,0.2);
#2346 = AXIS2_PLACEMENT_3D('',#2347,#2348,#2349);
#2347 = CARTESIAN_POINT('',(0.282819,-1.230469,14.35));
#2348 = DIRECTION('',(1.,-1.224606353822E-16,-2.598723107523E-32));
#2349 = DIRECTION('',(-1.224606353822E-16,-1.,-1.224606353822E-16));
#2350 = ORIENTED_EDGE('',*,*,#2351,.T.);
#2351 = EDGE_CURVE('',#2343,#2352,#2354,.T.);
#2352 = VERTEX_POINT('',#2353);
#2353 = CARTESIAN_POINT('',(0.282819,-1.130469,14.15));
#2354 = LINE('',#2355,#2356);
#2355 = CARTESIAN_POINT('',(0.282819,0.,14.15));
#2356 = VECTOR('',#2357,1.);
#2357 = DIRECTION('',(0.,1.,6.123031769112E-17));
#2358 = ORIENTED_EDGE('',*,*,#2359,.T.);
#2359 = EDGE_CURVE('',#2352,#2161,#2360,.T.);
#2360 = LINE('',#2361,#2362);
#2361 = CARTESIAN_POINT('',(0.282819,-1.130469,13.95));
#2362 = VECTOR('',#2363,1.);
#2363 = DIRECTION('',(0.,0.,1.));
#2364 = PLANE('',#2365);
#2365 = AXIS2_PLACEMENT_3D('',#2366,#2367,#2368);
#2366 = CARTESIAN_POINT('',(0.282819,-0.900529677232,6.650206640055));
#2367 = DIRECTION('',(1.,0.,0.));
#2368 = DIRECTION('',(-0.,1.,0.));
#2369 = ADVANCED_FACE('',(#2370),#2446,.T.);
#2370 = FACE_BOUND('',#2371,.T.);
#2371 = EDGE_LOOP('',(#2372,#2373,#2374,#2375,#2376,#2384,#2392,#2400,
    #2408,#2416,#2424,#2432,#2440));
#2372 = ORIENTED_EDGE('',*,*,#1744,.T.);
#2373 = ORIENTED_EDGE('',*,*,#1076,.F.);
#2374 = ORIENTED_EDGE('',*,*,#2168,.F.);
#2375 = ORIENTED_EDGE('',*,*,#2359,.F.);
#2376 = ORIENTED_EDGE('',*,*,#2377,.F.);
#2377 = EDGE_CURVE('',#2378,#2352,#2380,.T.);
#2378 = VERTEX_POINT('',#2379);
#2379 = CARTESIAN_POINT('',(0.282819,-1.130469,13.95));
#2380 = LINE('',#2381,#2382);
#2381 = CARTESIAN_POINT('',(0.282819,-1.130469,8.125));
#2382 = VECTOR('',#2383,1.);
#2383 = DIRECTION('',(1.124745541367E-32,0.,1.));
#2384 = ORIENTED_EDGE('',*,*,#2385,.T.);
#2385 = EDGE_CURVE('',#2378,#2386,#2388,.T.);
#2386 = VERTEX_POINT('',#2387);
#2387 = CARTESIAN_POINT('',(-0.417181,-1.130469,13.95));
#2388 = LINE('',#2389,#2390);
#2389 = CARTESIAN_POINT('',(0.,-1.130469,13.95));
#2390 = VECTOR('',#2391,1.);
#2391 = DIRECTION('',(-1.,0.,0.));
#2392 = ORIENTED_EDGE('',*,*,#2393,.F.);
#2393 = EDGE_CURVE('',#2394,#2386,#2396,.T.);
#2394 = VERTEX_POINT('',#2395);
#2395 = CARTESIAN_POINT('',(-0.417181,-1.130469,14.15));
#2396 = LINE('',#2397,#2398);
#2397 = CARTESIAN_POINT('',(-0.417181,-1.130469,8.125));
#2398 = VECTOR('',#2399,1.);
#2399 = DIRECTION('',(-1.124745541367E-32,0.,-1.));
#2400 = ORIENTED_EDGE('',*,*,#2401,.T.);
#2401 = EDGE_CURVE('',#2394,#2402,#2404,.T.);
#2402 = VERTEX_POINT('',#2403);
#2403 = CARTESIAN_POINT('',(-0.750514333333,-1.130469,14.15));
#2404 = LINE('',#2405,#2406);
#2405 = CARTESIAN_POINT('',(0.,-1.130469,14.15));
#2406 = VECTOR('',#2407,1.);
#2407 = DIRECTION('',(-1.,0.,2.465190328816E-32));
#2408 = ORIENTED_EDGE('',*,*,#2409,.F.);
#2409 = EDGE_CURVE('',#2410,#2402,#2412,.T.);
#2410 = VERTEX_POINT('',#2411);
#2411 = CARTESIAN_POINT('',(-0.750514333333,-1.130469,13.95));
#2412 = LINE('',#2413,#2414);
#2413 = CARTESIAN_POINT('',(-0.750514333333,-1.130469,8.125));
#2414 = VECTOR('',#2415,1.);
#2415 = DIRECTION('',(-2.041010589704E-16,0.,1.));
#2416 = ORIENTED_EDGE('',*,*,#2417,.T.);
#2417 = EDGE_CURVE('',#2410,#2418,#2420,.T.);
#2418 = VERTEX_POINT('',#2419);
#2419 = CARTESIAN_POINT('',(-0.917181,-1.130469,13.95));
#2420 = LINE('',#2421,#2422);
#2421 = CARTESIAN_POINT('',(0.,-1.130469,13.95));
#2422 = VECTOR('',#2423,1.);
#2423 = DIRECTION('',(-1.,0.,0.));
#2424 = ORIENTED_EDGE('',*,*,#2425,.F.);
#2425 = EDGE_CURVE('',#2426,#2418,#2428,.T.);
#2426 = VERTEX_POINT('',#2427);
#2427 = CARTESIAN_POINT('',(-0.917181,-1.130469,14.15));
#2428 = LINE('',#2429,#2430);
#2429 = CARTESIAN_POINT('',(-0.917181,-1.130469,8.125));
#2430 = VECTOR('',#2431,1.);
#2431 = DIRECTION('',(-1.124745541367E-32,0.,-1.));
#2432 = ORIENTED_EDGE('',*,*,#2433,.T.);
#2433 = EDGE_CURVE('',#2426,#2434,#2436,.T.);
#2434 = VERTEX_POINT('',#2435);
#2435 = CARTESIAN_POINT('',(-1.167181,-1.130469,14.15));
#2436 = LINE('',#2437,#2438);
#2437 = CARTESIAN_POINT('',(0.,-1.130469,14.15));
#2438 = VECTOR('',#2439,1.);
#2439 = DIRECTION('',(-1.,0.,2.465190328816E-32));
#2440 = ORIENTED_EDGE('',*,*,#2441,.F.);
#2441 = EDGE_CURVE('',#1745,#2434,#2442,.T.);
#2442 = LINE('',#2443,#2444);
#2443 = CARTESIAN_POINT('',(-1.167181,-1.130469,8.125));
#2444 = VECTOR('',#2445,1.);
#2445 = DIRECTION('',(-3.061515884556E-16,0.,1.));
#2446 = PLANE('',#2447);
#2447 = AXIS2_PLACEMENT_3D('',#2448,#2449,#2450);
#2448 = CARTESIAN_POINT('',(0.182819,-1.130469,13.95));
#2449 = DIRECTION('',(0.,1.,0.));
#2450 = DIRECTION('',(1.,0.,0.));
#2451 = ADVANCED_FACE('',(#2452),#2477,.F.);
#2452 = FACE_BOUND('',#2453,.T.);
#2453 = EDGE_LOOP('',(#2454,#2455,#2463,#2471));
#2454 = ORIENTED_EDGE('',*,*,#1403,.T.);
#2455 = ORIENTED_EDGE('',*,*,#2456,.F.);
#2456 = EDGE_CURVE('',#2457,#1406,#2459,.T.);
#2457 = VERTEX_POINT('',#2458);
#2458 = CARTESIAN_POINT('',(0.782819,-1.530469,10.775));
#2459 = LINE('',#2460,#2461);
#2460 = CARTESIAN_POINT('',(0.782819,-1.530469,6.875));
#2461 = VECTOR('',#2462,1.);
#2462 = DIRECTION('',(0.,0.,1.));
#2463 = ORIENTED_EDGE('',*,*,#2464,.F.);
#2464 = EDGE_CURVE('',#2465,#2457,#2467,.T.);
#2465 = VERTEX_POINT('',#2466);
#2466 = CARTESIAN_POINT('',(0.782819,-2.030469,10.775));
#2467 = LINE('',#2468,#2469);
#2468 = CARTESIAN_POINT('',(0.782819,-1.261800927957E-16,10.775));
#2469 = VECTOR('',#2470,1.);
#2470 = DIRECTION('',(-1.224606353822E-16,1.,0.));
#2471 = ORIENTED_EDGE('',*,*,#2472,.T.);
#2472 = EDGE_CURVE('',#2465,#1404,#2473,.T.);
#2473 = LINE('',#2474,#2475);
#2474 = CARTESIAN_POINT('',(0.782819,-2.030469,24.375));
#2475 = VECTOR('',#2476,1.);
#2476 = DIRECTION('',(0.,0.,1.));
#2477 = PLANE('',#2478);
#2478 = AXIS2_PLACEMENT_3D('',#2479,#2480,#2481);
#2479 = CARTESIAN_POINT('',(0.782819,-2.030469,13.075));
#2480 = DIRECTION('',(1.,0.,0.));
#2481 = DIRECTION('',(0.,0.,-1.));
#2482 = ADVANCED_FACE('',(#2483),#2531,.F.);
#2483 = FACE_BOUND('',#2484,.T.);
#2484 = EDGE_LOOP('',(#2485,#2493,#2501,#2509,#2517,#2523,#2524,#2530));
#2485 = ORIENTED_EDGE('',*,*,#2486,.F.);
#2486 = EDGE_CURVE('',#2487,#1564,#2489,.T.);
#2487 = VERTEX_POINT('',#2488);
#2488 = CARTESIAN_POINT('',(0.782819,2.769531,13.45));
#2489 = LINE('',#2490,#2491);
#2490 = CARTESIAN_POINT('',(0.,2.769531,13.45));
#2491 = VECTOR('',#2492,1.);
#2492 = DIRECTION('',(-1.,-1.224606353822E-16,0.));
#2493 = ORIENTED_EDGE('',*,*,#2494,.T.);
#2494 = EDGE_CURVE('',#2487,#2495,#2497,.T.);
#2495 = VERTEX_POINT('',#2496);
#2496 = CARTESIAN_POINT('',(0.782819,-0.230469,13.45));
#2497 = LINE('',#2498,#2499);
#2498 = CARTESIAN_POINT('',(0.782819,0.,13.45));
#2499 = VECTOR('',#2500,1.);
#2500 = DIRECTION('',(0.,-1.,0.));
#2501 = ORIENTED_EDGE('',*,*,#2502,.F.);
#2502 = EDGE_CURVE('',#2503,#2495,#2505,.T.);
#2503 = VERTEX_POINT('',#2504);
#2504 = CARTESIAN_POINT('',(-1.567181,-0.230469,13.45));
#2505 = LINE('',#2506,#2507);
#2506 = CARTESIAN_POINT('',(0.,-0.230469,13.45));
#2507 = VECTOR('',#2508,1.);
#2508 = DIRECTION('',(1.,1.224606353822E-16,0.));
#2509 = ORIENTED_EDGE('',*,*,#2510,.T.);
#2510 = EDGE_CURVE('',#2503,#2511,#2513,.T.);
#2511 = VERTEX_POINT('',#2512);
#2512 = CARTESIAN_POINT('',(-1.567181,2.769531,13.45));
#2513 = LINE('',#2514,#2515);
#2514 = CARTESIAN_POINT('',(-1.567181,0.,13.45));
#2515 = VECTOR('',#2516,1.);
#2516 = DIRECTION('',(0.,1.,0.));
#2517 = ORIENTED_EDGE('',*,*,#2518,.F.);
#2518 = EDGE_CURVE('',#2233,#2511,#2519,.T.);
#2519 = LINE('',#2520,#2521);
#2520 = CARTESIAN_POINT('',(0.,2.769531,13.45));
#2521 = VECTOR('',#2522,1.);
#2522 = DIRECTION('',(-1.,0.,0.));
#2523 = ORIENTED_EDGE('',*,*,#2232,.F.);
#2524 = ORIENTED_EDGE('',*,*,#2525,.T.);
#2525 = EDGE_CURVE('',#2225,#1562,#2526,.T.);
#2526 = LINE('',#2527,#2528);
#2527 = CARTESIAN_POINT('',(0.,1.769531,13.45));
#2528 = VECTOR('',#2529,1.);
#2529 = DIRECTION('',(1.,0.,0.));
#2530 = ORIENTED_EDGE('',*,*,#1561,.T.);
#2531 = PLANE('',#2532);
#2532 = AXIS2_PLACEMENT_3D('',#2533,#2534,#2535);
#2533 = CARTESIAN_POINT('',(-1.567181,-0.230469,13.45));
#2534 = DIRECTION('',(0.,0.,1.));
#2535 = DIRECTION('',(-1.,0.,0.));
#2536 = ADVANCED_FACE('',(#2537),#2577,.F.);
#2537 = FACE_BOUND('',#2538,.T.);
#2538 = EDGE_LOOP('',(#2539,#2540,#2541,#2542,#2543,#2544,#2545,#2546,
    #2554,#2562,#2570,#2576));
#2539 = ORIENTED_EDGE('',*,*,#2525,.F.);
#2540 = ORIENTED_EDGE('',*,*,#2224,.F.);
#2541 = ORIENTED_EDGE('',*,*,#1833,.F.);
#2542 = ORIENTED_EDGE('',*,*,#1514,.F.);
#2543 = ORIENTED_EDGE('',*,*,#1187,.F.);
#2544 = ORIENTED_EDGE('',*,*,#1635,.T.);
#2545 = ORIENTED_EDGE('',*,*,#1201,.F.);
#2546 = ORIENTED_EDGE('',*,*,#2547,.F.);
#2547 = EDGE_CURVE('',#2548,#1202,#2550,.T.);
#2548 = VERTEX_POINT('',#2549);
#2549 = CARTESIAN_POINT('',(1.082819,1.769531,14.35));
#2550 = LINE('',#2551,#2552);
#2551 = CARTESIAN_POINT('',(1.082819,1.769531,-0.625));
#2552 = VECTOR('',#2553,1.);
#2553 = DIRECTION('',(9.912127626594E-33,-6.123031769112E-17,1.));
#2554 = ORIENTED_EDGE('',*,*,#2555,.F.);
#2555 = EDGE_CURVE('',#2556,#2548,#2558,.T.);
#2556 = VERTEX_POINT('',#2557);
#2557 = CARTESIAN_POINT('',(0.282819,1.769531,14.35));
#2558 = LINE('',#2559,#2560);
#2559 = CARTESIAN_POINT('',(-0.386712,1.769531,14.35));
#2560 = VECTOR('',#2561,1.);
#2561 = DIRECTION('',(1.,-1.224606353822E-16,-2.598723107523E-32));
#2562 = ORIENTED_EDGE('',*,*,#2563,.T.);
#2563 = EDGE_CURVE('',#2556,#2564,#2566,.T.);
#2564 = VERTEX_POINT('',#2565);
#2565 = CARTESIAN_POINT('',(0.282819,1.769531,13.95));
#2566 = LINE('',#2567,#2568);
#2567 = CARTESIAN_POINT('',(0.282819,1.769531,8.125));
#2568 = VECTOR('',#2569,1.);
#2569 = DIRECTION('',(0.,0.,-1.));
#2570 = ORIENTED_EDGE('',*,*,#2571,.F.);
#2571 = EDGE_CURVE('',#1572,#2564,#2572,.T.);
#2572 = LINE('',#2573,#2574);
#2573 = CARTESIAN_POINT('',(0.,1.769531,13.95));
#2574 = VECTOR('',#2575,1.);
#2575 = DIRECTION('',(1.,0.,0.));
#2576 = ORIENTED_EDGE('',*,*,#1571,.T.);
#2577 = PLANE('',#2578);
#2578 = AXIS2_PLACEMENT_3D('',#2579,#2580,#2581);
#2579 = CARTESIAN_POINT('',(-0.792181,1.769531,13.95));
#2580 = DIRECTION('',(0.,-1.,0.));
#2581 = DIRECTION('',(-1.,0.,0.));
#2582 = ADVANCED_FACE('',(#2583),#2677,.F.);
#2583 = FACE_BOUND('',#2584,.T.);
#2584 = EDGE_LOOP('',(#2585,#2593,#2594,#2600,#2601,#2607,#2608,#2614,
    #2615,#2623,#2631,#2639,#2647,#2655,#2663,#2671));
#2585 = ORIENTED_EDGE('',*,*,#2586,.T.);
#2586 = EDGE_CURVE('',#2587,#877,#2589,.T.);
#2587 = VERTEX_POINT('',#2588);
#2588 = CARTESIAN_POINT('',(-2.017181,-2.230469,11.426));
#2589 = LINE('',#2590,#2591);
#2590 = CARTESIAN_POINT('',(-2.017181,-2.230469,12.224));
#2591 = VECTOR('',#2592,1.);
#2592 = DIRECTION('',(0.,0.,1.));
#2593 = ORIENTED_EDGE('',*,*,#876,.T.);
#2594 = ORIENTED_EDGE('',*,*,#2595,.T.);
#2595 = EDGE_CURVE('',#879,#1268,#2596,.T.);
#2596 = LINE('',#2597,#2598);
#2597 = CARTESIAN_POINT('',(-2.017181,-1.530469,11.425));
#2598 = VECTOR('',#2599,1.);
#2599 = DIRECTION('',(0.,0.,1.));
#2600 = ORIENTED_EDGE('',*,*,#1300,.F.);
#2601 = ORIENTED_EDGE('',*,*,#2602,.F.);
#2602 = EDGE_CURVE('',#1355,#1292,#2603,.T.);
#2603 = LINE('',#2604,#2605);
#2604 = CARTESIAN_POINT('',(-2.017181,0.,12.675));
#2605 = VECTOR('',#2606,1.);
#2606 = DIRECTION('',(-1.224606353822E-16,1.,0.));
#2607 = ORIENTED_EDGE('',*,*,#1389,.F.);
#2608 = ORIENTED_EDGE('',*,*,#2609,.F.);
#2609 = EDGE_CURVE('',#1690,#1382,#2610,.T.);
#2610 = LINE('',#2611,#2612);
#2611 = CARTESIAN_POINT('',(-2.017181,-2.230469,12.775));
#2612 = VECTOR('',#2613,1.);
#2613 = DIRECTION('',(0.,0.,-1.));
#2614 = ORIENTED_EDGE('',*,*,#1689,.F.);
#2615 = ORIENTED_EDGE('',*,*,#2616,.T.);
#2616 = EDGE_CURVE('',#1682,#2617,#2619,.T.);
#2617 = VERTEX_POINT('',#2618);
#2618 = CARTESIAN_POINT('',(-2.017181,-1.330469,10.775));
#2619 = LINE('',#2620,#2621);
#2620 = CARTESIAN_POINT('',(-2.017181,-1.330469,23.575));
#2621 = VECTOR('',#2622,1.);
#2622 = DIRECTION('',(0.,0.,-1.));
#2623 = ORIENTED_EDGE('',*,*,#2624,.T.);
#2624 = EDGE_CURVE('',#2617,#2625,#2627,.T.);
#2625 = VERTEX_POINT('',#2626);
#2626 = CARTESIAN_POINT('',(-2.017181,-2.230469,10.775));
#2627 = LINE('',#2628,#2629);
#2628 = CARTESIAN_POINT('',(-2.017181,-4.69069871866E-16,10.775));
#2629 = VECTOR('',#2630,1.);
#2630 = DIRECTION('',(2.449212707645E-16,-1.,0.));
#2631 = ORIENTED_EDGE('',*,*,#2632,.T.);
#2632 = EDGE_CURVE('',#2625,#2633,#2635,.T.);
#2633 = VERTEX_POINT('',#2634);
#2634 = CARTESIAN_POINT('',(-2.017181,-2.230469,11.075));
#2635 = LINE('',#2636,#2637);
#2636 = CARTESIAN_POINT('',(-2.017181,-2.230469,10.975));
#2637 = VECTOR('',#2638,1.);
#2638 = DIRECTION('',(0.,0.,1.));
#2639 = ORIENTED_EDGE('',*,*,#2640,.T.);
#2640 = EDGE_CURVE('',#2633,#2641,#2643,.T.);
#2641 = VERTEX_POINT('',#2642);
#2642 = CARTESIAN_POINT('',(-2.017181,-2.143866459622,11.075));
#2643 = LINE('',#2644,#2645);
#2644 = CARTESIAN_POINT('',(-2.017181,-4.69069871866E-16,11.075));
#2645 = VECTOR('',#2646,1.);
#2646 = DIRECTION('',(-1.224606353822E-16,1.,0.));
#2647 = ORIENTED_EDGE('',*,*,#2648,.T.);
#2648 = EDGE_CURVE('',#2641,#2649,#2651,.T.);
#2649 = VERTEX_POINT('',#2650);
#2650 = CARTESIAN_POINT('',(-2.017181,-1.7832554045,11.075));
#2651 = LINE('',#2652,#2653);
#2652 = CARTESIAN_POINT('',(-2.017181,0.,11.075));
#2653 = VECTOR('',#2654,1.);
#2654 = DIRECTION('',(-1.224606353822E-16,1.,0.));
#2655 = ORIENTED_EDGE('',*,*,#2656,.T.);
#2656 = EDGE_CURVE('',#2649,#2657,#2659,.T.);
#2657 = VERTEX_POINT('',#2658);
#2658 = CARTESIAN_POINT('',(-2.017181,-1.530469,11.075));
#2659 = LINE('',#2660,#2661);
#2660 = CARTESIAN_POINT('',(-2.017181,-4.69069871866E-16,11.075));
#2661 = VECTOR('',#2662,1.);
#2662 = DIRECTION('',(-1.224606353822E-16,1.,0.));
#2663 = ORIENTED_EDGE('',*,*,#2664,.F.);
#2664 = EDGE_CURVE('',#2665,#2657,#2667,.T.);
#2665 = VERTEX_POINT('',#2666);
#2666 = CARTESIAN_POINT('',(-2.017181,-1.530469,11.426));
#2667 = LINE('',#2668,#2669);
#2668 = CARTESIAN_POINT('',(-2.017181,-1.530469,12.325));
#2669 = VECTOR('',#2670,1.);
#2670 = DIRECTION('',(0.,0.,-1.));
#2671 = ORIENTED_EDGE('',*,*,#2672,.F.);
#2672 = EDGE_CURVE('',#2587,#2665,#2673,.T.);
#2673 = LINE('',#2674,#2675);
#2674 = CARTESIAN_POINT('',(-2.017181,-2.230469,11.426));
#2675 = VECTOR('',#2676,1.);
#2676 = DIRECTION('',(-1.224606353822E-16,1.,0.));
#2677 = PLANE('',#2678);
#2678 = AXIS2_PLACEMENT_3D('',#2679,#2680,#2681);
#2679 = CARTESIAN_POINT('',(-2.017181,-2.111657543924,10.960989537098));
#2680 = DIRECTION('',(1.,1.224606353822E-16,0.));
#2681 = DIRECTION('',(1.224606353822E-16,-1.,0.));
#2682 = ADVANCED_FACE('',(#2683),#2718,.T.);
#2683 = FACE_BOUND('',#2684,.T.);
#2684 = EDGE_LOOP('',(#2685,#2686,#2687,#2688,#2689,#2695,#2696,#2704,
    #2712));
#2685 = ORIENTED_EDGE('',*,*,#2318,.T.);
#2686 = ORIENTED_EDGE('',*,*,#846,.T.);
#2687 = ORIENTED_EDGE('',*,*,#1094,.T.);
#2688 = ORIENTED_EDGE('',*,*,#1737,.F.);
#2689 = ORIENTED_EDGE('',*,*,#2690,.F.);
#2690 = EDGE_CURVE('',#2130,#1730,#2691,.T.);
#2691 = LINE('',#2692,#2693);
#2692 = CARTESIAN_POINT('',(1.182819,-1.630469,13.95));
#2693 = VECTOR('',#2694,1.);
#2694 = DIRECTION('',(-1.,0.,0.));
#2695 = ORIENTED_EDGE('',*,*,#2129,.T.);
#2696 = ORIENTED_EDGE('',*,*,#2697,.F.);
#2697 = EDGE_CURVE('',#2698,#2121,#2700,.T.);
#2698 = VERTEX_POINT('',#2699);
#2699 = CARTESIAN_POINT('',(1.082819,-1.630469,14.35));
#2700 = LINE('',#2701,#2702);
#2701 = CARTESIAN_POINT('',(-0.386712,-1.630469,14.35));
#2702 = VECTOR('',#2703,1.);
#2703 = DIRECTION('',(-1.,1.224606353822E-16,2.598723107523E-32));
#2704 = ORIENTED_EDGE('',*,*,#2705,.F.);
#2705 = EDGE_CURVE('',#2706,#2698,#2708,.T.);
#2706 = VERTEX_POINT('',#2707);
#2707 = CARTESIAN_POINT('',(1.082819,-1.630469,14.45));
#2708 = LINE('',#2709,#2710);
#2709 = CARTESIAN_POINT('',(1.082819,-1.630469,-0.625));
#2710 = VECTOR('',#2711,1.);
#2711 = DIRECTION('',(-9.912127626594E-33,6.123031769112E-17,-1.));
#2712 = ORIENTED_EDGE('',*,*,#2713,.T.);
#2713 = EDGE_CURVE('',#2706,#2319,#2714,.T.);
#2714 = LINE('',#2715,#2716);
#2715 = CARTESIAN_POINT('',(1.082819,-1.630469,14.45));
#2716 = VECTOR('',#2717,1.);
#2717 = DIRECTION('',(-1.,1.224606353822E-16,3.215020689727E-32));
#2718 = PLANE('',#2719);
#2719 = AXIS2_PLACEMENT_3D('',#2720,#2721,#2722);
#2720 = CARTESIAN_POINT('',(1.182819,-1.630469,14.7));
#2721 = DIRECTION('',(0.,-1.,0.));
#2722 = DIRECTION('',(0.,0.,1.));
#2723 = ADVANCED_FACE('',(#2724),#2735,.T.);
#2724 = FACE_BOUND('',#2725,.T.);
#2725 = EDGE_LOOP('',(#2726,#2727,#2728,#2729));
#2726 = ORIENTED_EDGE('',*,*,#2137,.T.);
#2727 = ORIENTED_EDGE('',*,*,#2690,.T.);
#2728 = ORIENTED_EDGE('',*,*,#2272,.T.);
#2729 = ORIENTED_EDGE('',*,*,#2730,.T.);
#2730 = EDGE_CURVE('',#2265,#2138,#2731,.T.);
#2731 = LINE('',#2732,#2733);
#2732 = CARTESIAN_POINT('',(0.,-1.530469,13.95));
#2733 = VECTOR('',#2734,1.);
#2734 = DIRECTION('',(1.,0.,0.));
#2735 = PLANE('',#2736);
#2736 = AXIS2_PLACEMENT_3D('',#2737,#2738,#2739);
#2737 = CARTESIAN_POINT('',(1.182819,-1.630469,13.95));
#2738 = DIRECTION('',(0.,0.,-1.));
#2739 = DIRECTION('',(0.,-1.,0.));
#2740 = ADVANCED_FACE('',(#2741),#2766,.T.);
#2741 = FACE_BOUND('',#2742,.T.);
#2742 = EDGE_LOOP('',(#2743,#2751,#2752,#2760));
#2743 = ORIENTED_EDGE('',*,*,#2744,.T.);
#2744 = EDGE_CURVE('',#2745,#2495,#2747,.T.);
#2745 = VERTEX_POINT('',#2746);
#2746 = CARTESIAN_POINT('',(0.782819,-0.230469,10.3));
#2747 = LINE('',#2748,#2749);
#2748 = CARTESIAN_POINT('',(0.782819,-0.230469,24.375));
#2749 = VECTOR('',#2750,1.);
#2750 = DIRECTION('',(0.,0.,1.));
#2751 = ORIENTED_EDGE('',*,*,#2494,.F.);
#2752 = ORIENTED_EDGE('',*,*,#2753,.T.);
#2753 = EDGE_CURVE('',#2487,#2754,#2756,.T.);
#2754 = VERTEX_POINT('',#2755);
#2755 = CARTESIAN_POINT('',(0.782819,2.769531,10.3));
#2756 = LINE('',#2757,#2758);
#2757 = CARTESIAN_POINT('',(0.782819,2.769531,-0.625));
#2758 = VECTOR('',#2759,1.);
#2759 = DIRECTION('',(0.,0.,-1.));
#2760 = ORIENTED_EDGE('',*,*,#2761,.T.);
#2761 = EDGE_CURVE('',#2754,#2745,#2762,.T.);
#2762 = LINE('',#2763,#2764);
#2763 = CARTESIAN_POINT('',(0.782819,-1.261800927957E-16,10.3));
#2764 = VECTOR('',#2765,1.);
#2765 = DIRECTION('',(1.224606353822E-16,-1.,0.));
#2766 = PLANE('',#2767);
#2767 = AXIS2_PLACEMENT_3D('',#2768,#2769,#2770);
#2768 = CARTESIAN_POINT('',(0.782819,2.769531,7.0000024));
#2769 = DIRECTION('',(-1.,-1.224606353822E-16,0.));
#2770 = DIRECTION('',(1.224606353822E-16,-1.,0.));
#2771 = ADVANCED_FACE('',(#2772),#2798,.T.);
#2772 = FACE_BOUND('',#2773,.T.);
#2773 = EDGE_LOOP('',(#2774,#2775,#2783,#2792));
#2774 = ORIENTED_EDGE('',*,*,#1760,.F.);
#2775 = ORIENTED_EDGE('',*,*,#2776,.T.);
#2776 = EDGE_CURVE('',#1753,#2777,#2779,.T.);
#2777 = VERTEX_POINT('',#2778);
#2778 = CARTESIAN_POINT('',(-1.256404227028,-1.112624354594,14.15));
#2779 = LINE('',#2780,#2781);
#2780 = CARTESIAN_POINT('',(-1.256404227028,-1.112624354594,13.95));
#2781 = VECTOR('',#2782,1.);
#2782 = DIRECTION('',(3.749151804555E-33,-6.123031769112E-17,1.));
#2783 = ORIENTED_EDGE('',*,*,#2784,.T.);
#2784 = EDGE_CURVE('',#2777,#2785,#2787,.T.);
#2785 = VERTEX_POINT('',#2786);
#2786 = CARTESIAN_POINT('',(-1.416682628207,-0.930618511538,14.15));
#2787 = CIRCLE('',#2788,0.2);
#2788 = AXIS2_PLACEMENT_3D('',#2789,#2790,#2791);
#2789 = CARTESIAN_POINT('',(-1.217181,-0.916508219456,14.15));
#2790 = DIRECTION('',(-3.749151804555E-33,6.123031769112E-17,-1.));
#2791 = DIRECTION('',(1.224606353822E-16,1.,6.123031769112E-17));
#2792 = ORIENTED_EDGE('',*,*,#2793,.F.);
#2793 = EDGE_CURVE('',#1761,#2785,#2794,.T.);
#2794 = LINE('',#2795,#2796);
#2795 = CARTESIAN_POINT('',(-1.416682628207,-0.930618511538,13.95));
#2796 = VECTOR('',#2797,1.);
#2797 = DIRECTION('',(3.749151804555E-33,-6.123031769112E-17,1.));
#2798 = CYLINDRICAL_SURFACE('',#2799,0.2);
#2799 = AXIS2_PLACEMENT_3D('',#2800,#2801,#2802);
#2800 = CARTESIAN_POINT('',(-1.217181,-0.916508219456,13.95));
#2801 = DIRECTION('',(3.749151804555E-33,-6.123031769112E-17,1.));
#2802 = DIRECTION('',(1.224606353822E-16,1.,6.123031769112E-17));
#2803 = ADVANCED_FACE('',(#2804),#2827,.T.);
#2804 = FACE_BOUND('',#2805,.T.);
#2805 = EDGE_LOOP('',(#2806,#2814,#2820,#2826));
#2806 = ORIENTED_EDGE('',*,*,#2807,.F.);
#2807 = EDGE_CURVE('',#2808,#2044,#2810,.T.);
#2808 = VERTEX_POINT('',#2809);
#2809 = CARTESIAN_POINT('',(0.147819,-0.230469,12.325));
#2810 = LINE('',#2811,#2812);
#2811 = CARTESIAN_POINT('',(0.147819,-0.230469,8.125));
#2812 = VECTOR('',#2813,1.);
#2813 = DIRECTION('',(0.,0.,1.));
#2814 = ORIENTED_EDGE('',*,*,#2815,.F.);
#2815 = EDGE_CURVE('',#1493,#2808,#2816,.T.);
#2816 = LINE('',#2817,#2818);
#2817 = CARTESIAN_POINT('',(0.147819,-0.398169597608,12.325));
#2818 = VECTOR('',#2819,1.);
#2819 = DIRECTION('',(2.312964634636E-17,-1.,0.));
#2820 = ORIENTED_EDGE('',*,*,#2821,.F.);
#2821 = EDGE_CURVE('',#1325,#1493,#2822,.T.);
#2822 = LINE('',#2823,#2824);
#2823 = CARTESIAN_POINT('',(0.147819,1.869531,12.675));
#2824 = VECTOR('',#2825,1.);
#2825 = DIRECTION('',(0.,0.,-1.));
#2826 = ORIENTED_EDGE('',*,*,#2051,.T.);
#2827 = PLANE('',#2828);
#2828 = AXIS2_PLACEMENT_3D('',#2829,#2830,#2831);
#2829 = CARTESIAN_POINT('',(0.147819,-2.130469,12.675));
#2830 = DIRECTION('',(1.,2.312964634636E-17,0.));
#2831 = DIRECTION('',(-2.312964634636E-17,1.,0.));
#2832 = ADVANCED_FACE('',(#2833),#2865,.F.);
#2833 = FACE_BOUND('',#2834,.T.);
#2834 = EDGE_LOOP('',(#2835,#2845,#2853,#2859));
#2835 = ORIENTED_EDGE('',*,*,#2836,.F.);
#2836 = EDGE_CURVE('',#2837,#2839,#2841,.T.);
#2837 = VERTEX_POINT('',#2838);
#2838 = CARTESIAN_POINT('',(-2.142181,-3.730469,12.4));
#2839 = VERTEX_POINT('',#2840);
#2840 = CARTESIAN_POINT('',(-2.067181,-3.430469,12.325));
#2841 = LINE('',#2842,#2843);
#2842 = CARTESIAN_POINT('',(-1.309106149402,-0.398169597608,
    11.566925149402));
#2843 = VECTOR('',#2844,1.);
#2844 = DIRECTION('',(0.235702260396,0.942809041582,-0.235702260396));
#2845 = ORIENTED_EDGE('',*,*,#2846,.T.);
#2846 = EDGE_CURVE('',#2837,#2847,#2849,.T.);
#2847 = VERTEX_POINT('',#2848);
#2848 = CARTESIAN_POINT('',(-2.342181,-3.730469,12.4));
#2849 = LINE('',#2850,#2851);
#2850 = CARTESIAN_POINT('',(-6.453477941594E-03,-3.730469,12.4));
#2851 = VECTOR('',#2852,1.);
#2852 = DIRECTION('',(-1.,0.,0.));
#2853 = ORIENTED_EDGE('',*,*,#2854,.F.);
#2854 = EDGE_CURVE('',#1047,#2847,#2855,.T.);
#2855 = LINE('',#2856,#2857);
#2856 = CARTESIAN_POINT('',(-3.175255850598,-0.398169597608,
    11.566925149402));
#2857 = VECTOR('',#2858,1.);
#2858 = DIRECTION('',(0.235702260396,-0.942809041582,0.235702260396));
#2859 = ORIENTED_EDGE('',*,*,#2860,.F.);
#2860 = EDGE_CURVE('',#2839,#1047,#2861,.T.);
#2861 = LINE('',#2862,#2863);
#2862 = CARTESIAN_POINT('',(-6.453477941594E-03,-3.430469,12.325));
#2863 = VECTOR('',#2864,1.);
#2864 = DIRECTION('',(-1.,0.,0.));
#2865 = PLANE('',#2866);
#2866 = AXIS2_PLACEMENT_3D('',#2867,#2868,#2869);
#2867 = CARTESIAN_POINT('',(-2.6736834,-3.730469,12.4));
#2868 = DIRECTION('',(0.,0.242535625036,0.970142500145));
#2869 = DIRECTION('',(0.,0.970142500145,-0.242535625036));
#2870 = ADVANCED_FACE('',(#2871),#2887,.T.);
#2871 = FACE_BOUND('',#2872,.T.);
#2872 = EDGE_LOOP('',(#2873,#2874,#2880,#2881));
#2873 = ORIENTED_EDGE('',*,*,#1340,.F.);
#2874 = ORIENTED_EDGE('',*,*,#2875,.T.);
#2875 = EDGE_CURVE('',#1333,#1485,#2876,.T.);
#2876 = LINE('',#2877,#2878);
#2877 = CARTESIAN_POINT('',(7.2819E-02,2.169531,12.675));
#2878 = VECTOR('',#2879,1.);
#2879 = DIRECTION('',(0.,0.,-1.));
#2880 = ORIENTED_EDGE('',*,*,#1484,.F.);
#2881 = ORIENTED_EDGE('',*,*,#2882,.F.);
#2882 = EDGE_CURVE('',#1315,#1477,#2883,.T.);
#2883 = LINE('',#2884,#2885);
#2884 = CARTESIAN_POINT('',(-0.127181,2.169531,12.675));
#2885 = VECTOR('',#2886,1.);
#2886 = DIRECTION('',(0.,0.,-1.));
#2887 = PLANE('',#2888);
#2888 = AXIS2_PLACEMENT_3D('',#2889,#2890,#2891);
#2889 = CARTESIAN_POINT('',(7.2819E-02,2.169531,12.675));
#2890 = DIRECTION('',(0.,1.,0.));
#2891 = DIRECTION('',(-1.,0.,0.));
#2892 = ADVANCED_FACE('',(#2893),#2910,.T.);
#2893 = FACE_BOUND('',#2894,.T.);
#2894 = EDGE_LOOP('',(#2895,#2903,#2904));
#2895 = ORIENTED_EDGE('',*,*,#2896,.F.);
#2896 = EDGE_CURVE('',#2418,#2897,#2899,.T.);
#2897 = VERTEX_POINT('',#2898);
#2898 = CARTESIAN_POINT('',(-0.917181,-1.080469,13.95));
#2899 = LINE('',#2900,#2901);
#2900 = CARTESIAN_POINT('',(-0.917181,0.,13.95));
#2901 = VECTOR('',#2902,1.);
#2902 = DIRECTION('',(1.224606353822E-16,1.,0.));
#2903 = ORIENTED_EDGE('',*,*,#2417,.F.);
#2904 = ORIENTED_EDGE('',*,*,#2905,.F.);
#2905 = EDGE_CURVE('',#2897,#2410,#2906,.T.);
#2906 = LINE('',#2907,#2908);
#2907 = CARTESIAN_POINT('',(0.,-1.3556233,13.95));
#2908 = VECTOR('',#2909,1.);
#2909 = DIRECTION('',(0.957826285221,-0.287347885566,0.));
#2910 = PLANE('',#2911);
#2911 = AXIS2_PLACEMENT_3D('',#2912,#2913,#2914);
#2912 = CARTESIAN_POINT('',(-0.111413244036,-1.926413479559,13.95));
#2913 = DIRECTION('',(0.,0.,1.));
#2914 = DIRECTION('',(1.,0.,-0.));
#2915 = ADVANCED_FACE('',(#2916),#2957,.F.);
#2916 = FACE_BOUND('',#2917,.T.);
#2917 = EDGE_LOOP('',(#2918,#2928,#2936,#2942,#2943,#2944,#2950,#2951));
#2918 = ORIENTED_EDGE('',*,*,#2919,.T.);
#2919 = EDGE_CURVE('',#2920,#2922,#2924,.T.);
#2920 = VERTEX_POINT('',#2921);
#2921 = CARTESIAN_POINT('',(-1.567181,-0.230469,10.3));
#2922 = VERTEX_POINT('',#2923);
#2923 = CARTESIAN_POINT('',(-1.567181,2.769531,10.3));
#2924 = LINE('',#2925,#2926);
#2925 = CARTESIAN_POINT('',(-1.567181,-4.13962585944E-16,10.3));
#2926 = VECTOR('',#2927,1.);
#2927 = DIRECTION('',(-1.224606353822E-16,1.,0.));
#2928 = ORIENTED_EDGE('',*,*,#2929,.T.);
#2929 = EDGE_CURVE('',#2922,#2930,#2932,.T.);
#2930 = VERTEX_POINT('',#2931);
#2931 = CARTESIAN_POINT('',(-1.567181,2.769531,10.775));
#2932 = LINE('',#2933,#2934);
#2933 = CARTESIAN_POINT('',(-1.567181,2.769531,10.3));
#2934 = VECTOR('',#2935,1.);
#2935 = DIRECTION('',(0.,0.,1.));
#2936 = ORIENTED_EDGE('',*,*,#2937,.F.);
#2937 = EDGE_CURVE('',#1435,#2930,#2938,.T.);
#2938 = LINE('',#2939,#2940);
#2939 = CARTESIAN_POINT('',(-1.567181,-4.13962585944E-16,10.775));
#2940 = VECTOR('',#2941,1.);
#2941 = DIRECTION('',(-1.224606353822E-16,1.,-4.440892098501E-15));
#2942 = ORIENTED_EDGE('',*,*,#1434,.T.);
#2943 = ORIENTED_EDGE('',*,*,#1664,.T.);
#2944 = ORIENTED_EDGE('',*,*,#2945,.F.);
#2945 = EDGE_CURVE('',#2511,#1665,#2946,.T.);
#2946 = LINE('',#2947,#2948);
#2947 = CARTESIAN_POINT('',(-1.567181,2.769531,13.45));
#2948 = VECTOR('',#2949,1.);
#2949 = DIRECTION('',(0.,0.,-1.));
#2950 = ORIENTED_EDGE('',*,*,#2510,.F.);
#2951 = ORIENTED_EDGE('',*,*,#2952,.T.);
#2952 = EDGE_CURVE('',#2503,#2920,#2953,.T.);
#2953 = LINE('',#2954,#2955);
#2954 = CARTESIAN_POINT('',(-1.567181,-0.230469,24.375));
#2955 = VECTOR('',#2956,1.);
#2956 = DIRECTION('',(0.,0.,-1.));
#2957 = PLANE('',#2958);
#2958 = AXIS2_PLACEMENT_3D('',#2959,#2960,#2961);
#2959 = CARTESIAN_POINT('',(-1.567181,2.669531,16.55));
#2960 = DIRECTION('',(-1.,-1.224606353822E-16,0.));
#2961 = DIRECTION('',(-1.224606353822E-16,1.,0.));
#2962 = ADVANCED_FACE('',(#2963),#2990,.F.);
#2963 = FACE_BOUND('',#2964,.T.);
#2964 = EDGE_LOOP('',(#2965,#2966,#2974,#2981,#2982,#2989));
#2965 = ORIENTED_EDGE('',*,*,#1133,.F.);
#2966 = ORIENTED_EDGE('',*,*,#2967,.T.);
#2967 = EDGE_CURVE('',#1124,#2968,#2970,.T.);
#2968 = VERTEX_POINT('',#2969);
#2969 = CARTESIAN_POINT('',(-2.067181,-2.230469,12.675));
#2970 = LINE('',#2971,#2972);
#2971 = CARTESIAN_POINT('',(-2.067181,-0.398169597608,12.675));
#2972 = VECTOR('',#2973,1.);
#2973 = DIRECTION('',(0.,1.,0.));
#2974 = ORIENTED_EDGE('',*,*,#2975,.T.);
#2975 = EDGE_CURVE('',#2968,#1355,#2976,.T.);
#2976 = CIRCLE('',#2977,0.1);
#2977 = AXIS2_PLACEMENT_3D('',#2978,#2979,#2980);
#2978 = CARTESIAN_POINT('',(-1.967181,-2.230469,12.675));
#2979 = DIRECTION('',(0.,0.,-1.));
#2980 = DIRECTION('',(-1.,0.,0.));
#2981 = ORIENTED_EDGE('',*,*,#2602,.T.);
#2982 = ORIENTED_EDGE('',*,*,#2983,.T.);
#2983 = EDGE_CURVE('',#1292,#1039,#2984,.T.);
#2984 = CIRCLE('',#2985,0.45);
#2985 = AXIS2_PLACEMENT_3D('',#2986,#2987,#2988);
#2986 = CARTESIAN_POINT('',(-1.967181,-2.230469,12.675));
#2987 = DIRECTION('',(0.,0.,1.));
#2988 = DIRECTION('',(1.,0.,-0.));
#2989 = ORIENTED_EDGE('',*,*,#1062,.T.);
#2990 = PLANE('',#2991);
#2991 = AXIS2_PLACEMENT_3D('',#2992,#2993,#2994);
#2992 = CARTESIAN_POINT('',(-6.453477941594E-03,-0.398169597608,12.675)
  );
#2993 = DIRECTION('',(0.,0.,-1.));
#2994 = DIRECTION('',(-1.,0.,0.));
#2995 = ADVANCED_FACE('',(#2996),#3073,.T.);
#2996 = FACE_BOUND('',#2997,.T.);
#2997 = EDGE_LOOP('',(#2998,#2999,#3000,#3009,#3017,#3024,#3025,#3033,
    #3041,#3050,#3058,#3067));
#2998 = ORIENTED_EDGE('',*,*,#2860,.T.);
#2999 = ORIENTED_EDGE('',*,*,#1046,.F.);
#3000 = ORIENTED_EDGE('',*,*,#3001,.F.);
#3001 = EDGE_CURVE('',#3002,#1037,#3004,.T.);
#3002 = VERTEX_POINT('',#3003);
#3003 = CARTESIAN_POINT('',(-1.967181,-1.780469,12.325));
#3004 = CIRCLE('',#3005,0.45);
#3005 = AXIS2_PLACEMENT_3D('',#3006,#3007,#3008);
#3006 = CARTESIAN_POINT('',(-1.967181,-2.230469,12.325));
#3007 = DIRECTION('',(0.,0.,1.));
#3008 = DIRECTION('',(1.,0.,-0.));
#3009 = ORIENTED_EDGE('',*,*,#3010,.F.);
#3010 = EDGE_CURVE('',#3011,#3002,#3013,.T.);
#3011 = VERTEX_POINT('',#3012);
#3012 = CARTESIAN_POINT('',(-0.302181,-1.780469,12.325));
#3013 = LINE('',#3014,#3015);
#3014 = CARTESIAN_POINT('',(-6.453477941594E-03,-1.780469,12.325));
#3015 = VECTOR('',#3016,1.);
#3016 = DIRECTION('',(-1.,0.,0.));
#3017 = ORIENTED_EDGE('',*,*,#3018,.F.);
#3018 = EDGE_CURVE('',#975,#3011,#3019,.T.);
#3019 = CIRCLE('',#3020,0.1);
#3020 = AXIS2_PLACEMENT_3D('',#3021,#3022,#3023);
#3021 = CARTESIAN_POINT('',(-0.302181,-1.680469,12.325));
#3022 = DIRECTION('',(0.,0.,-1.));
#3023 = DIRECTION('',(-1.,0.,0.));
#3024 = ORIENTED_EDGE('',*,*,#974,.F.);
#3025 = ORIENTED_EDGE('',*,*,#3026,.F.);
#3026 = EDGE_CURVE('',#3027,#967,#3029,.T.);
#3027 = VERTEX_POINT('',#3028);
#3028 = CARTESIAN_POINT('',(0.147819,-1.530469,12.325));
#3029 = LINE('',#3030,#3031);
#3030 = CARTESIAN_POINT('',(0.,-1.530469,12.325));
#3031 = VECTOR('',#3032,1.);
#3032 = DIRECTION('',(-1.,2.097985413868E-15,0.));
#3033 = ORIENTED_EDGE('',*,*,#3034,.T.);
#3034 = EDGE_CURVE('',#3027,#3035,#3037,.T.);
#3035 = VERTEX_POINT('',#3036);
#3036 = CARTESIAN_POINT('',(0.147819,-1.680469,12.325));
#3037 = LINE('',#3038,#3039);
#3038 = CARTESIAN_POINT('',(0.147819,-0.398169597608,12.325));
#3039 = VECTOR('',#3040,1.);
#3040 = DIRECTION('',(2.312964634636E-17,-1.,0.));
#3041 = ORIENTED_EDGE('',*,*,#3042,.T.);
#3042 = EDGE_CURVE('',#3035,#3043,#3045,.T.);
#3043 = VERTEX_POINT('',#3044);
#3044 = CARTESIAN_POINT('',(-0.302181,-2.130469,12.325));
#3045 = CIRCLE('',#3046,0.45);
#3046 = AXIS2_PLACEMENT_3D('',#3047,#3048,#3049);
#3047 = CARTESIAN_POINT('',(-0.302181,-1.680469,12.325));
#3048 = DIRECTION('',(0.,0.,-1.));
#3049 = DIRECTION('',(-1.,0.,0.));
#3050 = ORIENTED_EDGE('',*,*,#3051,.F.);
#3051 = EDGE_CURVE('',#3052,#3043,#3054,.T.);
#3052 = VERTEX_POINT('',#3053);
#3053 = CARTESIAN_POINT('',(-1.967181,-2.130469,12.325));
#3054 = LINE('',#3055,#3056);
#3055 = CARTESIAN_POINT('',(-6.453477941594E-03,-2.130469,12.325));
#3056 = VECTOR('',#3057,1.);
#3057 = DIRECTION('',(1.,0.,0.));
#3058 = ORIENTED_EDGE('',*,*,#3059,.F.);
#3059 = EDGE_CURVE('',#3060,#3052,#3062,.T.);
#3060 = VERTEX_POINT('',#3061);
#3061 = CARTESIAN_POINT('',(-2.067181,-2.230469,12.325));
#3062 = CIRCLE('',#3063,0.1);
#3063 = AXIS2_PLACEMENT_3D('',#3064,#3065,#3066);
#3064 = CARTESIAN_POINT('',(-1.967181,-2.230469,12.325));
#3065 = DIRECTION('',(0.,0.,-1.));
#3066 = DIRECTION('',(-1.,0.,0.));
#3067 = ORIENTED_EDGE('',*,*,#3068,.F.);
#3068 = EDGE_CURVE('',#2839,#3060,#3069,.T.);
#3069 = LINE('',#3070,#3071);
#3070 = CARTESIAN_POINT('',(-2.067181,-0.398169597608,12.325));
#3071 = VECTOR('',#3072,1.);
#3072 = DIRECTION('',(0.,1.,0.));
#3073 = PLANE('',#3074);
#3074 = AXIS2_PLACEMENT_3D('',#3075,#3076,#3077);
#3075 = CARTESIAN_POINT('',(-6.453477941594E-03,-0.398169597608,12.325)
  );
#3076 = DIRECTION('',(0.,0.,-1.));
#3077 = DIRECTION('',(-1.,0.,0.));
#3078 = ADVANCED_FACE('',(#3079),#3095,.T.);
#3079 = FACE_BOUND('',#3080,.T.);
#3080 = EDGE_LOOP('',(#3081,#3087,#3088,#3094));
#3081 = ORIENTED_EDGE('',*,*,#3082,.F.);
#3082 = EDGE_CURVE('',#2839,#1124,#3083,.T.);
#3083 = LINE('',#3084,#3085);
#3084 = CARTESIAN_POINT('',(-2.067181,-3.430469,12.675));
#3085 = VECTOR('',#3086,1.);
#3086 = DIRECTION('',(0.,0.,1.));
#3087 = ORIENTED_EDGE('',*,*,#3068,.T.);
#3088 = ORIENTED_EDGE('',*,*,#3089,.F.);
#3089 = EDGE_CURVE('',#2968,#3060,#3090,.T.);
#3090 = LINE('',#3091,#3092);
#3091 = CARTESIAN_POINT('',(-2.067181,-2.230469,12.675));
#3092 = VECTOR('',#3093,1.);
#3093 = DIRECTION('',(0.,0.,-1.));
#3094 = ORIENTED_EDGE('',*,*,#2967,.F.);
#3095 = PLANE('',#3096);
#3096 = AXIS2_PLACEMENT_3D('',#3097,#3098,#3099);
#3097 = CARTESIAN_POINT('',(-2.067181,-3.430469,12.675));
#3098 = DIRECTION('',(1.,0.,0.));
#3099 = DIRECTION('',(-0.,1.,0.));
#3100 = ADVANCED_FACE('',(#3101),#3135,.T.);
#3101 = FACE_BOUND('',#3102,.T.);
#3102 = EDGE_LOOP('',(#3103,#3113,#3121,#3129));
#3103 = ORIENTED_EDGE('',*,*,#3104,.T.);
#3104 = EDGE_CURVE('',#3105,#3107,#3109,.T.);
#3105 = VERTEX_POINT('',#3106);
#3106 = CARTESIAN_POINT('',(-0.917181,1.269531,13.95));
#3107 = VERTEX_POINT('',#3108);
#3108 = CARTESIAN_POINT('',(-0.917181,1.269531,14.15));
#3109 = LINE('',#3110,#3111);
#3110 = CARTESIAN_POINT('',(-0.917181,1.269531,8.125));
#3111 = VECTOR('',#3112,1.);
#3112 = DIRECTION('',(1.124745541367E-32,0.,1.));
#3113 = ORIENTED_EDGE('',*,*,#3114,.T.);
#3114 = EDGE_CURVE('',#3107,#3115,#3117,.T.);
#3115 = VERTEX_POINT('',#3116);
#3116 = CARTESIAN_POINT('',(-0.917181,1.219531,14.15));
#3117 = LINE('',#3118,#3119);
#3118 = CARTESIAN_POINT('',(-0.917181,-0.44765,14.15));
#3119 = VECTOR('',#3120,1.);
#3120 = DIRECTION('',(-1.224606353822E-16,-1.,-6.123031769112E-17));
#3121 = ORIENTED_EDGE('',*,*,#3122,.F.);
#3122 = EDGE_CURVE('',#3123,#3115,#3125,.T.);
#3123 = VERTEX_POINT('',#3124);
#3124 = CARTESIAN_POINT('',(-0.917181,1.219531,13.95));
#3125 = LINE('',#3126,#3127);
#3126 = CARTESIAN_POINT('',(-0.917181,1.219531,13.95));
#3127 = VECTOR('',#3128,1.);
#3128 = DIRECTION('',(3.749151804555E-33,-6.123031769112E-17,1.));
#3129 = ORIENTED_EDGE('',*,*,#3130,.T.);
#3130 = EDGE_CURVE('',#3123,#3105,#3131,.T.);
#3131 = LINE('',#3132,#3133);
#3132 = CARTESIAN_POINT('',(-0.917181,0.,13.95));
#3133 = VECTOR('',#3134,1.);
#3134 = DIRECTION('',(1.224606353822E-16,1.,0.));
#3135 = PLANE('',#3136);
#3136 = AXIS2_PLACEMENT_3D('',#3137,#3138,#3139);
#3137 = CARTESIAN_POINT('',(-0.917181,1.319531,13.95));
#3138 = DIRECTION('',(1.,-1.224606353822E-16,-1.124745541367E-32));
#3139 = DIRECTION('',(1.224606353822E-16,1.,6.123031769112E-17));
#3140 = ADVANCED_FACE('',(#3141),#3173,.T.);
#3141 = FACE_BOUND('',#3142,.T.);
#3142 = EDGE_LOOP('',(#3143,#3151,#3159,#3167));
#3143 = ORIENTED_EDGE('',*,*,#3144,.T.);
#3144 = EDGE_CURVE('',#1602,#3145,#3147,.T.);
#3145 = VERTEX_POINT('',#3146);
#3146 = CARTESIAN_POINT('',(0.282819,1.269531,13.95));
#3147 = LINE('',#3148,#3149);
#3148 = CARTESIAN_POINT('',(0.282819,1.269531,8.125));
#3149 = VECTOR('',#3150,1.);
#3150 = DIRECTION('',(-1.124745541367E-32,0.,-1.));
#3151 = ORIENTED_EDGE('',*,*,#3152,.T.);
#3152 = EDGE_CURVE('',#3145,#3153,#3155,.T.);
#3153 = VERTEX_POINT('',#3154);
#3154 = CARTESIAN_POINT('',(0.282819,1.219531,13.95));
#3155 = LINE('',#3156,#3157);
#3156 = CARTESIAN_POINT('',(0.282819,0.,13.95));
#3157 = VECTOR('',#3158,1.);
#3158 = DIRECTION('',(-1.224606353822E-16,-1.,0.));
#3159 = ORIENTED_EDGE('',*,*,#3160,.F.);
#3160 = EDGE_CURVE('',#3161,#3153,#3163,.T.);
#3161 = VERTEX_POINT('',#3162);
#3162 = CARTESIAN_POINT('',(0.282819,1.219531,14.15));
#3163 = LINE('',#3164,#3165);
#3164 = CARTESIAN_POINT('',(0.282819,1.219531,-0.625));
#3165 = VECTOR('',#3166,1.);
#3166 = DIRECTION('',(-9.912127626594E-33,6.123031769112E-17,-1.));
#3167 = ORIENTED_EDGE('',*,*,#3168,.F.);
#3168 = EDGE_CURVE('',#1602,#3161,#3169,.T.);
#3169 = LINE('',#3170,#3171);
#3170 = CARTESIAN_POINT('',(0.282819,-0.44765,14.15));
#3171 = VECTOR('',#3172,1.);
#3172 = DIRECTION('',(-1.224606353822E-16,-1.,-6.123031769112E-17));
#3173 = PLANE('',#3174);
#3174 = AXIS2_PLACEMENT_3D('',#3175,#3176,#3177);
#3175 = CARTESIAN_POINT('',(0.282819,1.29518400696,14.065489654985));
#3176 = DIRECTION('',(-1.,1.224606353822E-16,1.124745541367E-32));
#3177 = DIRECTION('',(1.224606353822E-16,1.,6.123031769112E-17));
#3178 = ADVANCED_FACE('',(#3179),#3185,.T.);
#3179 = FACE_BOUND('',#3180,.T.);
#3180 = EDGE_LOOP('',(#3181,#3182,#3183,#3184));
#3181 = ORIENTED_EDGE('',*,*,#1492,.F.);
#3182 = ORIENTED_EDGE('',*,*,#2875,.F.);
#3183 = ORIENTED_EDGE('',*,*,#1332,.F.);
#3184 = ORIENTED_EDGE('',*,*,#2821,.T.);
#3185 = PLANE('',#3186);
#3186 = AXIS2_PLACEMENT_3D('',#3187,#3188,#3189);
#3187 = CARTESIAN_POINT('',(0.147819,1.869531,12.675));
#3188 = DIRECTION('',(0.970142500145,0.242535625036,0.));
#3189 = DIRECTION('',(-0.242535625036,0.970142500145,0.));
#3190 = ADVANCED_FACE('',(#3191),#3209,.T.);
#3191 = FACE_BOUND('',#3192,.T.);
#3192 = EDGE_LOOP('',(#3193,#3201,#3207,#3208));
#3193 = ORIENTED_EDGE('',*,*,#3194,.F.);
#3194 = EDGE_CURVE('',#3195,#2808,#3197,.T.);
#3195 = VERTEX_POINT('',#3196);
#3196 = CARTESIAN_POINT('',(-0.202181,-0.230469,12.325));
#3197 = LINE('',#3198,#3199);
#3198 = CARTESIAN_POINT('',(0.,-0.230469,12.325));
#3199 = VECTOR('',#3200,1.);
#3200 = DIRECTION('',(1.,3.673819061467E-16,0.));
#3201 = ORIENTED_EDGE('',*,*,#3202,.F.);
#3202 = EDGE_CURVE('',#1475,#3195,#3203,.T.);
#3203 = LINE('',#3204,#3205);
#3204 = CARTESIAN_POINT('',(-0.202181,-0.398169597608,12.325));
#3205 = VECTOR('',#3206,1.);
#3206 = DIRECTION('',(-3.700743415417E-16,-1.,0.));
#3207 = ORIENTED_EDGE('',*,*,#1500,.F.);
#3208 = ORIENTED_EDGE('',*,*,#2815,.T.);
#3209 = PLANE('',#3210);
#3210 = AXIS2_PLACEMENT_3D('',#3211,#3212,#3213);
#3211 = CARTESIAN_POINT('',(-6.453477941594E-03,-0.398169597608,12.325)
  );
#3212 = DIRECTION('',(0.,0.,-1.));
#3213 = DIRECTION('',(-1.,0.,0.));
#3214 = ADVANCED_FACE('',(#3215),#3279,.T.);
#3215 = FACE_BOUND('',#3216,.T.);
#3216 = EDGE_LOOP('',(#3217,#3227,#3233,#3234,#3240,#3241,#3249,#3257,
    #3263,#3264,#3265,#3273));
#3217 = ORIENTED_EDGE('',*,*,#3218,.T.);
#3218 = EDGE_CURVE('',#3219,#3221,#3223,.T.);
#3219 = VERTEX_POINT('',#3220);
#3220 = CARTESIAN_POINT('',(1.082819,1.369531,13.95));
#3221 = VERTEX_POINT('',#3222);
#3222 = CARTESIAN_POINT('',(1.082819,-1.230469,13.95));
#3223 = LINE('',#3224,#3225);
#3224 = CARTESIAN_POINT('',(1.082819,0.,13.95));
#3225 = VECTOR('',#3226,1.);
#3226 = DIRECTION('',(-1.224606353822E-16,-1.,0.));
#3227 = ORIENTED_EDGE('',*,*,#3228,.T.);
#3228 = EDGE_CURVE('',#3221,#2119,#3229,.T.);
#3229 = LINE('',#3230,#3231);
#3230 = CARTESIAN_POINT('',(-0.386712,-1.230469,13.95));
#3231 = VECTOR('',#3232,1.);
#3232 = DIRECTION('',(-1.,1.224606353822E-16,1.299361553761E-32));
#3233 = ORIENTED_EDGE('',*,*,#2145,.F.);
#3234 = ORIENTED_EDGE('',*,*,#3235,.T.);
#3235 = EDGE_CURVE('',#2138,#1007,#3236,.T.);
#3236 = LINE('',#3237,#3238);
#3237 = CARTESIAN_POINT('',(0.,-1.530469,13.95));
#3238 = VECTOR('',#3239,1.);
#3239 = DIRECTION('',(1.,0.,0.));
#3240 = ORIENTED_EDGE('',*,*,#1006,.F.);
#3241 = ORIENTED_EDGE('',*,*,#3242,.F.);
#3242 = EDGE_CURVE('',#3243,#999,#3245,.T.);
#3243 = VERTEX_POINT('',#3244);
#3244 = CARTESIAN_POINT('',(1.182819,-2.030469,13.95));
#3245 = LINE('',#3246,#3247);
#3246 = CARTESIAN_POINT('',(0.,-2.030469,13.95));
#3247 = VECTOR('',#3248,1.);
#3248 = DIRECTION('',(-1.,0.,0.));
#3249 = ORIENTED_EDGE('',*,*,#3250,.F.);
#3250 = EDGE_CURVE('',#3251,#3243,#3253,.T.);
#3251 = VERTEX_POINT('',#3252);
#3252 = CARTESIAN_POINT('',(1.182819,2.769531,13.95));
#3253 = LINE('',#3254,#3255);
#3254 = CARTESIAN_POINT('',(1.182819,0.,13.95));
#3255 = VECTOR('',#3256,1.);
#3256 = DIRECTION('',(0.,-1.,0.));
#3257 = ORIENTED_EDGE('',*,*,#3258,.F.);
#3258 = EDGE_CURVE('',#1580,#3251,#3259,.T.);
#3259 = LINE('',#3260,#3261);
#3260 = CARTESIAN_POINT('',(0.,2.769531,13.95));
#3261 = VECTOR('',#3262,1.);
#3262 = DIRECTION('',(1.,1.224606353822E-16,0.));
#3263 = ORIENTED_EDGE('',*,*,#1579,.F.);
#3264 = ORIENTED_EDGE('',*,*,#2571,.T.);
#3265 = ORIENTED_EDGE('',*,*,#3266,.T.);
#3266 = EDGE_CURVE('',#2564,#3267,#3269,.T.);
#3267 = VERTEX_POINT('',#3268);
#3268 = CARTESIAN_POINT('',(0.282819,1.369531,13.95));
#3269 = LINE('',#3270,#3271);
#3270 = CARTESIAN_POINT('',(0.282819,0.,13.95));
#3271 = VECTOR('',#3272,1.);
#3272 = DIRECTION('',(0.,-1.,0.));
#3273 = ORIENTED_EDGE('',*,*,#3274,.T.);
#3274 = EDGE_CURVE('',#3267,#3219,#3275,.T.);
#3275 = LINE('',#3276,#3277);
#3276 = CARTESIAN_POINT('',(-0.386712,1.369531,13.95));
#3277 = VECTOR('',#3278,1.);
#3278 = DIRECTION('',(1.,-1.224606353822E-16,-1.299361553761E-32));
#3279 = PLANE('',#3280);
#3280 = AXIS2_PLACEMENT_3D('',#3281,#3282,#3283);
#3281 = CARTESIAN_POINT('',(-0.111413244036,-1.926413479559,13.95));
#3282 = DIRECTION('',(0.,0.,1.));
#3283 = DIRECTION('',(1.,0.,-0.));
#3284 = ADVANCED_FACE('',(#3285),#3310,.T.);
#3285 = FACE_BOUND('',#3286,.T.);
#3286 = EDGE_LOOP('',(#3287,#3295,#3296,#3304));
#3287 = ORIENTED_EDGE('',*,*,#3288,.F.);
#3288 = EDGE_CURVE('',#2386,#3289,#3291,.T.);
#3289 = VERTEX_POINT('',#3290);
#3290 = CARTESIAN_POINT('',(-0.417181,-1.080469,13.95));
#3291 = LINE('',#3292,#3293);
#3292 = CARTESIAN_POINT('',(-0.417181,0.,13.95));
#3293 = VECTOR('',#3294,1.);
#3294 = DIRECTION('',(1.224606353822E-16,1.,0.));
#3295 = ORIENTED_EDGE('',*,*,#2385,.F.);
#3296 = ORIENTED_EDGE('',*,*,#3297,.F.);
#3297 = EDGE_CURVE('',#3298,#2378,#3300,.T.);
#3298 = VERTEX_POINT('',#3299);
#3299 = CARTESIAN_POINT('',(0.282819,-1.080469,13.95));
#3300 = LINE('',#3301,#3302);
#3301 = CARTESIAN_POINT('',(0.282819,0.,13.95));
#3302 = VECTOR('',#3303,1.);
#3303 = DIRECTION('',(-1.224606353822E-16,-1.,0.));
#3304 = ORIENTED_EDGE('',*,*,#3305,.F.);
#3305 = EDGE_CURVE('',#3289,#3298,#3306,.T.);
#3306 = LINE('',#3307,#3308);
#3307 = CARTESIAN_POINT('',(0.,-1.080469,13.95));
#3308 = VECTOR('',#3309,1.);
#3309 = DIRECTION('',(1.,-1.224606353822E-16,0.));
#3310 = PLANE('',#3311);
#3311 = AXIS2_PLACEMENT_3D('',#3312,#3313,#3314);
#3312 = CARTESIAN_POINT('',(-0.111413244036,-1.926413479559,13.95));
#3313 = DIRECTION('',(0.,0.,1.));
#3314 = DIRECTION('',(1.,0.,-0.));
#3315 = ADVANCED_FACE('',(#3316),#3350,.F.);
#3316 = FACE_BOUND('',#3317,.T.);
#3317 = EDGE_LOOP('',(#3318,#3328,#3336,#3344));
#3318 = ORIENTED_EDGE('',*,*,#3319,.F.);
#3319 = EDGE_CURVE('',#3320,#3322,#3324,.T.);
#3320 = VERTEX_POINT('',#3321);
#3321 = CARTESIAN_POINT('',(-2.417181,-2.230469,9.8));
#3322 = VERTEX_POINT('',#3323);
#3323 = CARTESIAN_POINT('',(-2.417181,2.769531,9.8));
#3324 = LINE('',#3325,#3326);
#3325 = CARTESIAN_POINT('',(-2.417181,-5.180541260189E-16,9.8));
#3326 = VECTOR('',#3327,1.);
#3327 = DIRECTION('',(-1.224606353822E-16,1.,0.));
#3328 = ORIENTED_EDGE('',*,*,#3329,.F.);
#3329 = EDGE_CURVE('',#3330,#3320,#3332,.T.);
#3330 = VERTEX_POINT('',#3331);
#3331 = CARTESIAN_POINT('',(-2.417181,-2.230469,10.775));
#3332 = LINE('',#3333,#3334);
#3333 = CARTESIAN_POINT('',(-2.417181,-2.230469,15.625));
#3334 = VECTOR('',#3335,1.);
#3335 = DIRECTION('',(0.,0.,-1.));
#3336 = ORIENTED_EDGE('',*,*,#3337,.F.);
#3337 = EDGE_CURVE('',#3338,#3330,#3340,.T.);
#3338 = VERTEX_POINT('',#3339);
#3339 = CARTESIAN_POINT('',(-2.417181,2.769531,10.775));
#3340 = LINE('',#3341,#3342);
#3341 = CARTESIAN_POINT('',(-2.417181,2.769531,10.775));
#3342 = VECTOR('',#3343,1.);
#3343 = DIRECTION('',(1.224606353822E-16,-1.,0.));
#3344 = ORIENTED_EDGE('',*,*,#3345,.F.);
#3345 = EDGE_CURVE('',#3322,#3338,#3346,.T.);
#3346 = LINE('',#3347,#3348);
#3347 = CARTESIAN_POINT('',(-2.417181,2.769531,10.675));
#3348 = VECTOR('',#3349,1.);
#3349 = DIRECTION('',(1.087668936093E-30,-8.881784197001E-15,1.));
#3350 = PLANE('',#3351);
#3351 = AXIS2_PLACEMENT_3D('',#3352,#3353,#3354);
#3352 = CARTESIAN_POINT('',(-2.417181,-0.166167241454,11.288608004027));
#3353 = DIRECTION('',(1.,1.224606353822E-16,0.));
#3354 = DIRECTION('',(1.224606353822E-16,-1.,0.));
#3355 = ADVANCED_FACE('',(#3356),#3382,.F.);
#3356 = FACE_BOUND('',#3357,.F.);
#3357 = EDGE_LOOP('',(#3358,#3366,#3367,#3375));
#3358 = ORIENTED_EDGE('',*,*,#3359,.F.);
#3359 = EDGE_CURVE('',#1981,#3360,#3362,.T.);
#3360 = VERTEX_POINT('',#3361);
#3361 = CARTESIAN_POINT('',(-2.217181,-0.180469,15.05));
#3362 = LINE('',#3363,#3364);
#3363 = CARTESIAN_POINT('',(-2.217181,1.769531,15.05));
#3364 = VECTOR('',#3365,1.);
#3365 = DIRECTION('',(1.224606353822E-16,1.,6.123031769112E-17));
#3366 = ORIENTED_EDGE('',*,*,#1988,.F.);
#3367 = ORIENTED_EDGE('',*,*,#3368,.F.);
#3368 = EDGE_CURVE('',#3369,#1913,#3371,.T.);
#3369 = VERTEX_POINT('',#3370);
#3370 = CARTESIAN_POINT('',(-2.017181,-0.180469,15.25));
#3371 = LINE('',#3372,#3373);
#3372 = CARTESIAN_POINT('',(-2.017181,1.769531,15.25));
#3373 = VECTOR('',#3374,1.);
#3374 = DIRECTION('',(-1.224606353822E-16,-1.,-6.123031769112E-17));
#3375 = ORIENTED_EDGE('',*,*,#3376,.T.);
#3376 = EDGE_CURVE('',#3369,#3360,#3377,.T.);
#3377 = CIRCLE('',#3378,0.2);
#3378 = AXIS2_PLACEMENT_3D('',#3379,#3380,#3381);
#3379 = CARTESIAN_POINT('',(-2.017181,-0.180469,15.05));
#3380 = DIRECTION('',(-1.224606353822E-16,-1.,-6.123031769112E-17));
#3381 = DIRECTION('',(-1.,1.224606353822E-16,3.215020689727E-32));
#3382 = CYLINDRICAL_SURFACE('',#3383,0.2);
#3383 = AXIS2_PLACEMENT_3D('',#3384,#3385,#3386);
#3384 = CARTESIAN_POINT('',(-2.017181,1.769531,15.05));
#3385 = DIRECTION('',(1.224606353822E-16,1.,6.123031769112E-17));
#3386 = DIRECTION('',(-1.,1.224606353822E-16,3.215020689727E-32));
#3387 = ADVANCED_FACE('',(#3388),#3400,.F.);
#3388 = FACE_BOUND('',#3389,.F.);
#3389 = EDGE_LOOP('',(#3390,#3391,#3392,#3393,#3394));
#3390 = ORIENTED_EDGE('',*,*,#3059,.F.);
#3391 = ORIENTED_EDGE('',*,*,#3089,.F.);
#3392 = ORIENTED_EDGE('',*,*,#2975,.T.);
#3393 = ORIENTED_EDGE('',*,*,#1354,.T.);
#3394 = ORIENTED_EDGE('',*,*,#3395,.T.);
#3395 = EDGE_CURVE('',#1357,#3052,#3396,.T.);
#3396 = LINE('',#3397,#3398);
#3397 = CARTESIAN_POINT('',(-1.967181,-2.130469,12.675));
#3398 = VECTOR('',#3399,1.);
#3399 = DIRECTION('',(0.,0.,-1.));
#3400 = CYLINDRICAL_SURFACE('',#3401,0.1);
#3401 = AXIS2_PLACEMENT_3D('',#3402,#3403,#3404);
#3402 = CARTESIAN_POINT('',(-1.967181,-2.230469,12.675));
#3403 = DIRECTION('',(0.,0.,-1.));
#3404 = DIRECTION('',(-1.,0.,0.));
#3405 = ADVANCED_FACE('',(#3406),#3417,.F.);
#3406 = FACE_BOUND('',#3407,.T.);
#3407 = EDGE_LOOP('',(#3408,#3409,#3410,#3411));
#3408 = ORIENTED_EDGE('',*,*,#2616,.F.);
#3409 = ORIENTED_EDGE('',*,*,#1681,.T.);
#3410 = ORIENTED_EDGE('',*,*,#2072,.F.);
#3411 = ORIENTED_EDGE('',*,*,#3412,.F.);
#3412 = EDGE_CURVE('',#2617,#2073,#3413,.T.);
#3413 = LINE('',#3414,#3415);
#3414 = CARTESIAN_POINT('',(-5.911452582866E-17,-1.330469,10.775));
#3415 = VECTOR('',#3416,1.);
#3416 = DIRECTION('',(-1.,-1.224606353822E-16,0.));
#3417 = PLANE('',#3418);
#3418 = AXIS2_PLACEMENT_3D('',#3419,#3420,#3421);
#3419 = CARTESIAN_POINT('',(-2.217181,-1.330469,15.75));
#3420 = DIRECTION('',(-1.224606353822E-16,1.,0.));
#3421 = DIRECTION('',(0.,0.,1.));
#3422 = ADVANCED_FACE('',(#3423,#3434,#3445),#3479,.F.);
#3423 = FACE_BOUND('',#3424,.T.);
#3424 = EDGE_LOOP('',(#3425,#3426,#3427,#3428));
#3425 = ORIENTED_EDGE('',*,*,#2952,.F.);
#3426 = ORIENTED_EDGE('',*,*,#2502,.T.);
#3427 = ORIENTED_EDGE('',*,*,#2744,.F.);
#3428 = ORIENTED_EDGE('',*,*,#3429,.F.);
#3429 = EDGE_CURVE('',#2920,#2745,#3430,.T.);
#3430 = LINE('',#3431,#3432);
#3431 = CARTESIAN_POINT('',(-1.938212247491E-16,-0.230469,10.3));
#3432 = VECTOR('',#3433,1.);
#3433 = DIRECTION('',(1.,2.449212707645E-16,0.));
#3434 = FACE_BOUND('',#3435,.T.);
#3435 = EDGE_LOOP('',(#3436,#3437,#3438,#3444));
#3436 = ORIENTED_EDGE('',*,*,#2807,.T.);
#3437 = ORIENTED_EDGE('',*,*,#2041,.F.);
#3438 = ORIENTED_EDGE('',*,*,#3439,.T.);
#3439 = EDGE_CURVE('',#2042,#3195,#3440,.T.);
#3440 = LINE('',#3441,#3442);
#3441 = CARTESIAN_POINT('',(-0.202181,-0.230469,8.125));
#3442 = VECTOR('',#3443,1.);
#3443 = DIRECTION('',(0.,0.,-1.));
#3444 = ORIENTED_EDGE('',*,*,#3194,.T.);
#3445 = FACE_BOUND('',#3446,.T.);
#3446 = EDGE_LOOP('',(#3447,#3457,#3465,#3473));
#3447 = ORIENTED_EDGE('',*,*,#3448,.T.);
#3448 = EDGE_CURVE('',#3449,#3451,#3453,.T.);
#3449 = VERTEX_POINT('',#3450);
#3450 = CARTESIAN_POINT('',(-0.202181,-0.230469,11.425));
#3451 = VERTEX_POINT('',#3452);
#3452 = CARTESIAN_POINT('',(-0.202181,-0.230469,11.075));
#3453 = LINE('',#3454,#3455);
#3454 = CARTESIAN_POINT('',(-0.202181,-0.230469,24.375));
#3455 = VECTOR('',#3456,1.);
#3456 = DIRECTION('',(0.,0.,-1.));
#3457 = ORIENTED_EDGE('',*,*,#3458,.T.);
#3458 = EDGE_CURVE('',#3451,#3459,#3461,.T.);
#3459 = VERTEX_POINT('',#3460);
#3460 = CARTESIAN_POINT('',(0.147819,-0.230469,11.075));
#3461 = LINE('',#3462,#3463);
#3462 = CARTESIAN_POINT('',(0.,-0.230469,11.075));
#3463 = VECTOR('',#3464,1.);
#3464 = DIRECTION('',(1.,3.673819061467E-16,0.));
#3465 = ORIENTED_EDGE('',*,*,#3466,.T.);
#3466 = EDGE_CURVE('',#3459,#3467,#3469,.T.);
#3467 = VERTEX_POINT('',#3468);
#3468 = CARTESIAN_POINT('',(0.147819,-0.230469,11.425));
#3469 = LINE('',#3470,#3471);
#3470 = CARTESIAN_POINT('',(0.147819,-0.230469,24.375));
#3471 = VECTOR('',#3472,1.);
#3472 = DIRECTION('',(0.,0.,1.));
#3473 = ORIENTED_EDGE('',*,*,#3474,.F.);
#3474 = EDGE_CURVE('',#3449,#3467,#3475,.T.);
#3475 = LINE('',#3476,#3477);
#3476 = CARTESIAN_POINT('',(0.,-0.230469,11.425));
#3477 = VECTOR('',#3478,1.);
#3478 = DIRECTION('',(1.,3.673819061467E-16,0.));
#3479 = PLANE('',#3480);
#3480 = AXIS2_PLACEMENT_3D('',#3481,#3482,#3483);
#3481 = CARTESIAN_POINT('',(-0.158531789566,-0.230469,-1.920000894538));
#3482 = DIRECTION('',(3.673819061467E-16,-1.,0.));
#3483 = DIRECTION('',(-1.,-3.673819061467E-16,0.));
#3484 = ADVANCED_FACE('',(#3485),#3519,.T.);
#3485 = FACE_BOUND('',#3486,.T.);
#3486 = EDGE_LOOP('',(#3487,#3497,#3505,#3513));
#3487 = ORIENTED_EDGE('',*,*,#3488,.T.);
#3488 = EDGE_CURVE('',#3489,#3491,#3493,.T.);
#3489 = VERTEX_POINT('',#3490);
#3490 = CARTESIAN_POINT('',(1.082819,-1.430469,9.3));
#3491 = VERTEX_POINT('',#3492);
#3492 = CARTESIAN_POINT('',(1.082819,-1.630469,9.3));
#3493 = LINE('',#3494,#3495);
#3494 = CARTESIAN_POINT('',(1.082819,-0.44765,9.3));
#3495 = VECTOR('',#3496,1.);
#3496 = DIRECTION('',(1.232595164408E-32,-1.,6.123031769112E-17));
#3497 = ORIENTED_EDGE('',*,*,#3498,.T.);
#3498 = EDGE_CURVE('',#3491,#3499,#3501,.T.);
#3499 = VERTEX_POINT('',#3500);
#3500 = CARTESIAN_POINT('',(0.282819,-1.630469,9.3));
#3501 = LINE('',#3502,#3503);
#3502 = CARTESIAN_POINT('',(1.082819,-1.630469,9.3));
#3503 = VECTOR('',#3504,1.);
#3504 = DIRECTION('',(-1.,-2.465190328816E-32,1.224606353822E-16));
#3505 = ORIENTED_EDGE('',*,*,#3506,.F.);
#3506 = EDGE_CURVE('',#3507,#3499,#3509,.T.);
#3507 = VERTEX_POINT('',#3508);
#3508 = CARTESIAN_POINT('',(0.282819,-1.430469,9.3));
#3509 = LINE('',#3510,#3511);
#3510 = CARTESIAN_POINT('',(0.282819,0.,9.3));
#3511 = VECTOR('',#3512,1.);
#3512 = DIRECTION('',(1.224606353822E-16,-1.,6.123031769112E-17));
#3513 = ORIENTED_EDGE('',*,*,#3514,.F.);
#3514 = EDGE_CURVE('',#3489,#3507,#3515,.T.);
#3515 = LINE('',#3516,#3517);
#3516 = CARTESIAN_POINT('',(1.082819,-1.430469,9.3));
#3517 = VECTOR('',#3518,1.);
#3518 = DIRECTION('',(-1.,-2.465190328816E-32,1.224606353822E-16));
#3519 = PLANE('',#3520);
#3520 = AXIS2_PLACEMENT_3D('',#3521,#3522,#3523);
#3521 = CARTESIAN_POINT('',(1.082819,-1.630469,9.3));
#3522 = DIRECTION('',(-1.224606353822E-16,-6.123031769112E-17,-1.));
#3523 = DIRECTION('',(1.232595164408E-32,-1.,6.123031769112E-17));
#3524 = ADVANCED_FACE('',(#3525),#3537,.T.);
#3525 = FACE_BOUND('',#3526,.T.);
#3526 = EDGE_LOOP('',(#3527,#3528,#3535,#3536));
#3527 = ORIENTED_EDGE('',*,*,#3228,.F.);
#3528 = ORIENTED_EDGE('',*,*,#3529,.T.);
#3529 = EDGE_CURVE('',#3221,#2698,#3530,.T.);
#3530 = CIRCLE('',#3531,0.4);
#3531 = AXIS2_PLACEMENT_3D('',#3532,#3533,#3534);
#3532 = CARTESIAN_POINT('',(1.082819,-1.230469,14.35));
#3533 = DIRECTION('',(-1.,1.224606353822E-16,2.598723107523E-32));
#3534 = DIRECTION('',(1.224606353822E-16,1.,1.224606353822E-16));
#3535 = ORIENTED_EDGE('',*,*,#2697,.T.);
#3536 = ORIENTED_EDGE('',*,*,#2118,.F.);
#3537 = CYLINDRICAL_SURFACE('',#3538,0.4);
#3538 = AXIS2_PLACEMENT_3D('',#3539,#3540,#3541);
#3539 = CARTESIAN_POINT('',(-0.386712,-1.230469,14.35));
#3540 = DIRECTION('',(-1.,1.224606353822E-16,2.598723107523E-32));
#3541 = DIRECTION('',(1.224606353822E-16,1.,1.224606353822E-16));
#3542 = ADVANCED_FACE('',(#3543),#3568,.F.);
#3543 = FACE_BOUND('',#3544,.T.);
#3544 = EDGE_LOOP('',(#3545,#3553,#3554,#3562));
#3545 = ORIENTED_EDGE('',*,*,#3546,.F.);
#3546 = EDGE_CURVE('',#2335,#3547,#3549,.T.);
#3547 = VERTEX_POINT('',#3548);
#3548 = CARTESIAN_POINT('',(1.082819,-1.430469,14.35));
#3549 = LINE('',#3550,#3551);
#3550 = CARTESIAN_POINT('',(-0.386712,-1.430469,14.35));
#3551 = VECTOR('',#3552,1.);
#3552 = DIRECTION('',(1.,-1.224606353822E-16,-2.598723107523E-32));
#3553 = ORIENTED_EDGE('',*,*,#2334,.F.);
#3554 = ORIENTED_EDGE('',*,*,#3555,.F.);
#3555 = EDGE_CURVE('',#3556,#2327,#3558,.T.);
#3556 = VERTEX_POINT('',#3557);
#3557 = CARTESIAN_POINT('',(1.082819,-1.430469,14.45));
#3558 = LINE('',#3559,#3560);
#3559 = CARTESIAN_POINT('',(1.082819,-1.430469,14.45));
#3560 = VECTOR('',#3561,1.);
#3561 = DIRECTION('',(-1.,1.224606353822E-16,3.215020689727E-32));
#3562 = ORIENTED_EDGE('',*,*,#3563,.F.);
#3563 = EDGE_CURVE('',#3547,#3556,#3564,.T.);
#3564 = LINE('',#3565,#3566);
#3565 = CARTESIAN_POINT('',(1.082819,-1.430469,-0.625));
#3566 = VECTOR('',#3567,1.);
#3567 = DIRECTION('',(9.912127626594E-33,-6.123031769112E-17,1.));
#3568 = PLANE('',#3569);
#3569 = AXIS2_PLACEMENT_3D('',#3570,#3571,#3572);
#3570 = CARTESIAN_POINT('',(1.082819,-1.430469,14.45));
#3571 = DIRECTION('',(-1.224606353822E-16,-1.,-6.123031769112E-17));
#3572 = DIRECTION('',(3.749151804555E-33,-6.123031769112E-17,1.));
#3573 = ADVANCED_FACE('',(#3574),#3599,.F.);
#3574 = FACE_BOUND('',#3575,.T.);
#3575 = EDGE_LOOP('',(#3576,#3577,#3585,#3593));
#3576 = ORIENTED_EDGE('',*,*,#1922,.F.);
#3577 = ORIENTED_EDGE('',*,*,#3578,.F.);
#3578 = EDGE_CURVE('',#3579,#1915,#3581,.T.);
#3579 = VERTEX_POINT('',#3580);
#3580 = CARTESIAN_POINT('',(-1.317181,0.969531,15.25));
#3581 = LINE('',#3582,#3583);
#3582 = CARTESIAN_POINT('',(-1.317181,1.769531,15.25));
#3583 = VECTOR('',#3584,1.);
#3584 = DIRECTION('',(-1.224606353822E-16,-1.,-6.123031769112E-17));
#3585 = ORIENTED_EDGE('',*,*,#3586,.F.);
#3586 = EDGE_CURVE('',#3587,#3579,#3589,.T.);
#3587 = VERTEX_POINT('',#3588);
#3588 = CARTESIAN_POINT('',(-1.317181,0.969531,15.45));
#3589 = LINE('',#3590,#3591);
#3590 = CARTESIAN_POINT('',(-1.317181,0.969531,20.386624106157));
#3591 = VECTOR('',#3592,1.);
#3592 = DIRECTION('',(-3.749151804555E-33,6.123031769112E-17,-1.));
#3593 = ORIENTED_EDGE('',*,*,#3594,.T.);
#3594 = EDGE_CURVE('',#3587,#1923,#3595,.T.);
#3595 = LINE('',#3596,#3597);
#3596 = CARTESIAN_POINT('',(-1.317181,1.769531,15.45));
#3597 = VECTOR('',#3598,1.);
#3598 = DIRECTION('',(-1.224606353822E-16,-1.,-6.123031769112E-17));
#3599 = PLANE('',#3600);
#3600 = AXIS2_PLACEMENT_3D('',#3601,#3602,#3603);
#3601 = CARTESIAN_POINT('',(-1.317181,1.769531,15.25));
#3602 = DIRECTION('',(-1.,1.224606353822E-16,1.124745541367E-32));
#3603 = DIRECTION('',(-3.749151804555E-33,6.123031769112E-17,-1.));
#3604 = ADVANCED_FACE('',(#3605),#3630,.T.);
#3605 = FACE_BOUND('',#3606,.T.);
#3606 = EDGE_LOOP('',(#3607,#3615,#3616,#3624));
#3607 = ORIENTED_EDGE('',*,*,#3608,.T.);
#3608 = EDGE_CURVE('',#3609,#3035,#3611,.T.);
#3609 = VERTEX_POINT('',#3610);
#3610 = CARTESIAN_POINT('',(0.147819,-1.680469,12.675));
#3611 = LINE('',#3612,#3613);
#3612 = CARTESIAN_POINT('',(0.147819,-1.680469,12.675));
#3613 = VECTOR('',#3614,1.);
#3614 = DIRECTION('',(0.,0.,-1.));
#3615 = ORIENTED_EDGE('',*,*,#3034,.F.);
#3616 = ORIENTED_EDGE('',*,*,#3617,.F.);
#3617 = EDGE_CURVE('',#3618,#3027,#3620,.T.);
#3618 = VERTEX_POINT('',#3619);
#3619 = CARTESIAN_POINT('',(0.147819,-1.530469,12.675));
#3620 = LINE('',#3621,#3622);
#3621 = CARTESIAN_POINT('',(0.147819,-1.530469,8.125));
#3622 = VECTOR('',#3623,1.);
#3623 = DIRECTION('',(0.,0.,-1.));
#3624 = ORIENTED_EDGE('',*,*,#3625,.T.);
#3625 = EDGE_CURVE('',#3618,#3609,#3626,.T.);
#3626 = LINE('',#3627,#3628);
#3627 = CARTESIAN_POINT('',(0.147819,-0.398169597608,12.675));
#3628 = VECTOR('',#3629,1.);
#3629 = DIRECTION('',(2.312964634636E-17,-1.,0.));
#3630 = PLANE('',#3631);
#3631 = AXIS2_PLACEMENT_3D('',#3632,#3633,#3634);
#3632 = CARTESIAN_POINT('',(0.147819,-2.130469,12.675));
#3633 = DIRECTION('',(1.,2.312964634636E-17,0.));
#3634 = DIRECTION('',(-2.312964634636E-17,1.,0.));
#3635 = ADVANCED_FACE('',(#3636),#3672,.F.);
#3636 = FACE_BOUND('',#3637,.F.);
#3637 = EDGE_LOOP('',(#3638,#3648,#3657,#3665));
#3638 = ORIENTED_EDGE('',*,*,#3639,.F.);
#3639 = EDGE_CURVE('',#3640,#3642,#3644,.T.);
#3640 = VERTEX_POINT('',#3641);
#3641 = CARTESIAN_POINT('',(-2.217181,0.319531,15.05));
#3642 = VERTEX_POINT('',#3643);
#3643 = CARTESIAN_POINT('',(-2.217181,0.969531,15.05));
#3644 = LINE('',#3645,#3646);
#3645 = CARTESIAN_POINT('',(-2.217181,1.769531,15.05));
#3646 = VECTOR('',#3647,1.);
#3647 = DIRECTION('',(1.224606353822E-16,1.,6.123031769112E-17));
#3648 = ORIENTED_EDGE('',*,*,#3649,.F.);
#3649 = EDGE_CURVE('',#3650,#3640,#3652,.T.);
#3650 = VERTEX_POINT('',#3651);
#3651 = CARTESIAN_POINT('',(-2.017181,0.319531,15.25));
#3652 = CIRCLE('',#3653,0.2);
#3653 = AXIS2_PLACEMENT_3D('',#3654,#3655,#3656);
#3654 = CARTESIAN_POINT('',(-2.017181,0.319531,15.05));
#3655 = DIRECTION('',(-1.224606353822E-16,-1.,-6.123031769112E-17));
#3656 = DIRECTION('',(-1.,1.224606353822E-16,3.215020689727E-32));
#3657 = ORIENTED_EDGE('',*,*,#3658,.F.);
#3658 = EDGE_CURVE('',#3659,#3650,#3661,.T.);
#3659 = VERTEX_POINT('',#3660);
#3660 = CARTESIAN_POINT('',(-2.017181,0.969531,15.25));
#3661 = LINE('',#3662,#3663);
#3662 = CARTESIAN_POINT('',(-2.017181,1.769531,15.25));
#3663 = VECTOR('',#3664,1.);
#3664 = DIRECTION('',(-1.224606353822E-16,-1.,-6.123031769112E-17));
#3665 = ORIENTED_EDGE('',*,*,#3666,.T.);
#3666 = EDGE_CURVE('',#3659,#3642,#3667,.T.);
#3667 = CIRCLE('',#3668,0.2);
#3668 = AXIS2_PLACEMENT_3D('',#3669,#3670,#3671);
#3669 = CARTESIAN_POINT('',(-2.017181,0.969531,15.05));
#3670 = DIRECTION('',(-1.224606353822E-16,-1.,-6.123031769112E-17));
#3671 = DIRECTION('',(-1.,1.224606353822E-16,3.215020689727E-32));
#3672 = CYLINDRICAL_SURFACE('',#3673,0.2);
#3673 = AXIS2_PLACEMENT_3D('',#3674,#3675,#3676);
#3674 = CARTESIAN_POINT('',(-2.017181,1.769531,15.05));
#3675 = DIRECTION('',(1.224606353822E-16,1.,6.123031769112E-17));
#3676 = DIRECTION('',(-1.,1.224606353822E-16,3.215020689727E-32));
#3677 = ADVANCED_FACE('',(#3678),#3703,.T.);
#3678 = FACE_BOUND('',#3679,.T.);
#3679 = EDGE_LOOP('',(#3680,#3681,#3689,#3697));
#3680 = ORIENTED_EDGE('',*,*,#3305,.T.);
#3681 = ORIENTED_EDGE('',*,*,#3682,.T.);
#3682 = EDGE_CURVE('',#3298,#3683,#3685,.T.);
#3683 = VERTEX_POINT('',#3684);
#3684 = CARTESIAN_POINT('',(0.282819,-1.080469,14.15));
#3685 = LINE('',#3686,#3687);
#3686 = CARTESIAN_POINT('',(0.282819,-1.080469,-0.625));
#3687 = VECTOR('',#3688,1.);
#3688 = DIRECTION('',(9.912127626594E-33,-6.123031769112E-17,1.));
#3689 = ORIENTED_EDGE('',*,*,#3690,.T.);
#3690 = EDGE_CURVE('',#3683,#3691,#3693,.T.);
#3691 = VERTEX_POINT('',#3692);
#3692 = CARTESIAN_POINT('',(-0.417181,-1.080469,14.15));
#3693 = LINE('',#3694,#3695);
#3694 = CARTESIAN_POINT('',(-0.386712,-1.080469,14.15));
#3695 = VECTOR('',#3696,1.);
#3696 = DIRECTION('',(-1.,1.224606353822E-16,3.215020689727E-32));
#3697 = ORIENTED_EDGE('',*,*,#3698,.F.);
#3698 = EDGE_CURVE('',#3289,#3691,#3699,.T.);
#3699 = LINE('',#3700,#3701);
#3700 = CARTESIAN_POINT('',(-0.417181,-1.080469,13.95));
#3701 = VECTOR('',#3702,1.);
#3702 = DIRECTION('',(3.749151804555E-33,-6.123031769112E-17,1.));
#3703 = PLANE('',#3704);
#3704 = AXIS2_PLACEMENT_3D('',#3705,#3706,#3707);
#3705 = CARTESIAN_POINT('',(0.282819,-1.080469,13.95));
#3706 = DIRECTION('',(-1.224606353822E-16,-1.,-6.123031769112E-17));
#3707 = DIRECTION('',(1.,-1.224606353822E-16,-3.215020689727E-32));
#3708 = ADVANCED_FACE('',(#3709),#3735,.F.);
#3709 = FACE_BOUND('',#3710,.F.);
#3710 = EDGE_LOOP('',(#3711,#3719,#3720,#3728));
#3711 = ORIENTED_EDGE('',*,*,#3712,.T.);
#3712 = EDGE_CURVE('',#3713,#1964,#3715,.T.);
#3713 = VERTEX_POINT('',#3714);
#3714 = CARTESIAN_POINT('',(-2.017181,0.969531,14.15));
#3715 = LINE('',#3716,#3717);
#3716 = CARTESIAN_POINT('',(-2.017181,1.769531,14.15));
#3717 = VECTOR('',#3718,1.);
#3718 = DIRECTION('',(-1.224606353822E-16,-1.,-6.123031769112E-17));
#3719 = ORIENTED_EDGE('',*,*,#1971,.F.);
#3720 = ORIENTED_EDGE('',*,*,#3721,.T.);
#3721 = EDGE_CURVE('',#1972,#3722,#3724,.T.);
#3722 = VERTEX_POINT('',#3723);
#3723 = CARTESIAN_POINT('',(-2.217181,0.969531,14.35));
#3724 = LINE('',#3725,#3726);
#3725 = CARTESIAN_POINT('',(-2.217181,1.769531,14.35));
#3726 = VECTOR('',#3727,1.);
#3727 = DIRECTION('',(1.224606353822E-16,1.,6.123031769112E-17));
#3728 = ORIENTED_EDGE('',*,*,#3729,.T.);
#3729 = EDGE_CURVE('',#3722,#3713,#3730,.T.);
#3730 = CIRCLE('',#3731,0.2);
#3731 = AXIS2_PLACEMENT_3D('',#3732,#3733,#3734);
#3732 = CARTESIAN_POINT('',(-2.017181,0.969531,14.35));
#3733 = DIRECTION('',(-1.224606353822E-16,-1.,-6.123031769112E-17));
#3734 = DIRECTION('',(-1.,1.224606353822E-16,3.215020689727E-32));
#3735 = CYLINDRICAL_SURFACE('',#3736,0.2);
#3736 = AXIS2_PLACEMENT_3D('',#3737,#3738,#3739);
#3737 = CARTESIAN_POINT('',(-2.017181,1.769531,14.35));
#3738 = DIRECTION('',(1.224606353822E-16,1.,6.123031769112E-17));
#3739 = DIRECTION('',(-1.,1.224606353822E-16,3.215020689727E-32));
#3740 = ADVANCED_FACE('',(#3741),#3767,.T.);
#3741 = FACE_BOUND('',#3742,.T.);
#3742 = EDGE_LOOP('',(#3743,#3754,#3760,#3761));
#3743 = ORIENTED_EDGE('',*,*,#3744,.T.);
#3744 = EDGE_CURVE('',#3745,#3747,#3749,.T.);
#3745 = VERTEX_POINT('',#3746);
#3746 = CARTESIAN_POINT('',(-2.017181,-0.180469,15.45));
#3747 = VERTEX_POINT('',#3748);
#3748 = CARTESIAN_POINT('',(-2.417181,-0.180469,15.05));
#3749 = CIRCLE('',#3750,0.4);
#3750 = AXIS2_PLACEMENT_3D('',#3751,#3752,#3753);
#3751 = CARTESIAN_POINT('',(-2.017181,-0.180469,15.05));
#3752 = DIRECTION('',(-1.224606353822E-16,-1.,-6.123031769112E-17));
#3753 = DIRECTION('',(-1.,1.224606353822E-16,3.215020689727E-32));
#3754 = ORIENTED_EDGE('',*,*,#3755,.F.);
#3755 = EDGE_CURVE('',#1939,#3747,#3756,.T.);
#3756 = LINE('',#3757,#3758);
#3757 = CARTESIAN_POINT('',(-2.417181,1.769531,15.05));
#3758 = VECTOR('',#3759,1.);
#3759 = DIRECTION('',(1.224606353822E-16,1.,6.123031769112E-17));
#3760 = ORIENTED_EDGE('',*,*,#1938,.F.);
#3761 = ORIENTED_EDGE('',*,*,#3762,.F.);
#3762 = EDGE_CURVE('',#3745,#1931,#3763,.T.);
#3763 = LINE('',#3764,#3765);
#3764 = CARTESIAN_POINT('',(-2.017181,1.769531,15.45));
#3765 = VECTOR('',#3766,1.);
#3766 = DIRECTION('',(-1.224606353822E-16,-1.,-6.123031769112E-17));
#3767 = CYLINDRICAL_SURFACE('',#3768,0.4);
#3768 = AXIS2_PLACEMENT_3D('',#3769,#3770,#3771);
#3769 = CARTESIAN_POINT('',(-2.017181,1.769531,15.05));
#3770 = DIRECTION('',(1.224606353822E-16,1.,6.123031769112E-17));
#3771 = DIRECTION('',(-1.,1.224606353822E-16,3.215020689727E-32));
#3772 = ADVANCED_FACE('',(#3773),#3805,.T.);
#3773 = FACE_BOUND('',#3774,.T.);
#3774 = EDGE_LOOP('',(#3775,#3783,#3784,#3790,#3791,#3799));
#3775 = ORIENTED_EDGE('',*,*,#3776,.T.);
#3776 = EDGE_CURVE('',#3777,#3747,#3779,.T.);
#3777 = VERTEX_POINT('',#3778);
#3778 = CARTESIAN_POINT('',(-2.417181,-0.180469,14.65));
#3779 = LINE('',#3780,#3781);
#3780 = CARTESIAN_POINT('',(-2.417181,-0.180469,20.386624106157));
#3781 = VECTOR('',#3782,1.);
#3782 = DIRECTION('',(3.749151804555E-33,-6.123031769112E-17,1.));
#3783 = ORIENTED_EDGE('',*,*,#3744,.F.);
#3784 = ORIENTED_EDGE('',*,*,#3785,.T.);
#3785 = EDGE_CURVE('',#3745,#3369,#3786,.T.);
#3786 = LINE('',#3787,#3788);
#3787 = CARTESIAN_POINT('',(-2.017181,-0.180469,15.05));
#3788 = VECTOR('',#3789,1.);
#3789 = DIRECTION('',(-3.749151804555E-33,6.123031769112E-17,-1.));
#3790 = ORIENTED_EDGE('',*,*,#3376,.T.);
#3791 = ORIENTED_EDGE('',*,*,#3792,.T.);
#3792 = EDGE_CURVE('',#3360,#3793,#3795,.T.);
#3793 = VERTEX_POINT('',#3794);
#3794 = CARTESIAN_POINT('',(-2.217181,-0.180469,14.65));
#3795 = LINE('',#3796,#3797);
#3796 = CARTESIAN_POINT('',(-2.217181,-0.180469,20.386624106157));
#3797 = VECTOR('',#3798,1.);
#3798 = DIRECTION('',(-3.749151804555E-33,6.123031769112E-17,-1.));
#3799 = ORIENTED_EDGE('',*,*,#3800,.F.);
#3800 = EDGE_CURVE('',#3777,#3793,#3801,.T.);
#3801 = LINE('',#3802,#3803);
#3802 = CARTESIAN_POINT('',(-2.417181,-0.180469,14.65));
#3803 = VECTOR('',#3804,1.);
#3804 = DIRECTION('',(1.,-1.224606353822E-16,-3.215020689727E-32));
#3805 = PLANE('',#3806);
#3806 = AXIS2_PLACEMENT_3D('',#3807,#3808,#3809);
#3807 = CARTESIAN_POINT('',(-2.417181,-0.180469,15.45));
#3808 = DIRECTION('',(1.224606353822E-16,1.,6.123031769112E-17));
#3809 = DIRECTION('',(-1.,1.224606353822E-16,3.215020689727E-32));
#3810 = ADVANCED_FACE('',(#3811),#3845,.F.);
#3811 = FACE_BOUND('',#3812,.T.);
#3812 = EDGE_LOOP('',(#3813,#3823,#3831,#3839));
#3813 = ORIENTED_EDGE('',*,*,#3814,.T.);
#3814 = EDGE_CURVE('',#3815,#3817,#3819,.T.);
#3815 = VERTEX_POINT('',#3816);
#3816 = CARTESIAN_POINT('',(0.582819,-2.030469,10.775));
#3817 = VERTEX_POINT('',#3818);
#3818 = CARTESIAN_POINT('',(0.582819,-1.530469,10.775));
#3819 = LINE('',#3820,#3821);
#3820 = CARTESIAN_POINT('',(0.582819,-1.506722198722E-16,10.775));
#3821 = VECTOR('',#3822,1.);
#3822 = DIRECTION('',(-1.224606353822E-16,1.,0.));
#3823 = ORIENTED_EDGE('',*,*,#3824,.T.);
#3824 = EDGE_CURVE('',#3817,#3825,#3827,.T.);
#3825 = VERTEX_POINT('',#3826);
#3826 = CARTESIAN_POINT('',(0.582819,-1.530469,9.8));
#3827 = LINE('',#3828,#3829);
#3828 = CARTESIAN_POINT('',(0.582819,-1.530469,15.625));
#3829 = VECTOR('',#3830,1.);
#3830 = DIRECTION('',(0.,0.,-1.));
#3831 = ORIENTED_EDGE('',*,*,#3832,.F.);
#3832 = EDGE_CURVE('',#3833,#3825,#3835,.T.);
#3833 = VERTEX_POINT('',#3834);
#3834 = CARTESIAN_POINT('',(0.582819,-2.030469,9.8));
#3835 = LINE('',#3836,#3837);
#3836 = CARTESIAN_POINT('',(0.582819,-1.506722198722E-16,9.8));
#3837 = VECTOR('',#3838,1.);
#3838 = DIRECTION('',(-1.224606353822E-16,1.,0.));
#3839 = ORIENTED_EDGE('',*,*,#3840,.F.);
#3840 = EDGE_CURVE('',#3815,#3833,#3841,.T.);
#3841 = LINE('',#3842,#3843);
#3842 = CARTESIAN_POINT('',(0.582819,-2.030469,15.625));
#3843 = VECTOR('',#3844,1.);
#3844 = DIRECTION('',(0.,0.,-1.));
#3845 = PLANE('',#3846);
#3846 = AXIS2_PLACEMENT_3D('',#3847,#3848,#3849);
#3847 = CARTESIAN_POINT('',(0.582819,-1.757510499638,11.155546114419));
#3848 = DIRECTION('',(1.,1.224606353822E-16,0.));
#3849 = DIRECTION('',(1.224606353822E-16,-1.,0.));
#3850 = ADVANCED_FACE('',(#3851),#3876,.T.);
#3851 = FACE_BOUND('',#3852,.T.);
#3852 = EDGE_LOOP('',(#3853,#3854,#3862,#3870));
#3853 = ORIENTED_EDGE('',*,*,#1801,.T.);
#3854 = ORIENTED_EDGE('',*,*,#3855,.F.);
#3855 = EDGE_CURVE('',#3856,#1794,#3858,.T.);
#3856 = VERTEX_POINT('',#3857);
#3857 = CARTESIAN_POINT('',(-1.416682628207,0.969531,14.15));
#3858 = LINE('',#3859,#3860);
#3859 = CARTESIAN_POINT('',(-1.416682628207,0.969531,15.6000024));
#3860 = VECTOR('',#3861,1.);
#3861 = DIRECTION('',(-3.749151804555E-33,6.123031769112E-17,-1.));
#3862 = ORIENTED_EDGE('',*,*,#3863,.T.);
#3863 = EDGE_CURVE('',#3856,#3864,#3866,.T.);
#3864 = VERTEX_POINT('',#3865);
#3865 = CARTESIAN_POINT('',(-1.416682628207,1.069680511538,14.15));
#3866 = LINE('',#3867,#3868);
#3867 = CARTESIAN_POINT('',(-1.416682628207,-0.44765,14.15));
#3868 = VECTOR('',#3869,1.);
#3869 = DIRECTION('',(1.224606353822E-16,1.,6.123031769112E-17));
#3870 = ORIENTED_EDGE('',*,*,#3871,.T.);
#3871 = EDGE_CURVE('',#3864,#1802,#3872,.T.);
#3872 = LINE('',#3873,#3874);
#3873 = CARTESIAN_POINT('',(-1.416682628207,1.069680511538,13.95));
#3874 = VECTOR('',#3875,1.);
#3875 = DIRECTION('',(-3.749151804555E-33,6.123031769112E-17,-1.));
#3876 = PLANE('',#3877);
#3877 = AXIS2_PLACEMENT_3D('',#3878,#3879,#3880);
#3878 = CARTESIAN_POINT('',(-1.416682628207,1.069680511538,15.6000024));
#3879 = DIRECTION('',(-1.,1.224606353822E-16,1.124745541367E-32));
#3880 = DIRECTION('',(-1.224606353822E-16,-1.,-6.123031769112E-17));
#3881 = ADVANCED_FACE('',(#3882),#3907,.T.);
#3882 = FACE_BOUND('',#3883,.T.);
#3883 = EDGE_LOOP('',(#3884,#3885,#3893,#3901));
#3884 = ORIENTED_EDGE('',*,*,#1818,.T.);
#3885 = ORIENTED_EDGE('',*,*,#3886,.T.);
#3886 = EDGE_CURVE('',#1810,#3887,#3889,.T.);
#3887 = VERTEX_POINT('',#3888);
#3888 = CARTESIAN_POINT('',(-1.256404227028,1.251686354594,14.15));
#3889 = LINE('',#3890,#3891);
#3890 = CARTESIAN_POINT('',(-1.256404227028,1.251686354594,13.95));
#3891 = VECTOR('',#3892,1.);
#3892 = DIRECTION('',(3.749151804555E-33,-6.123031769112E-17,1.));
#3893 = ORIENTED_EDGE('',*,*,#3894,.T.);
#3894 = EDGE_CURVE('',#3887,#3895,#3897,.T.);
#3895 = VERTEX_POINT('',#3896);
#3896 = CARTESIAN_POINT('',(-1.167181,1.269531,14.15));
#3897 = LINE('',#3898,#3899);
#3898 = CARTESIAN_POINT('',(-0.386712,1.4256248,14.15));
#3899 = VECTOR('',#3900,1.);
#3900 = DIRECTION('',(0.980580675691,0.196116135138,1.200825325887E-17)
  );
#3901 = ORIENTED_EDGE('',*,*,#3902,.T.);
#3902 = EDGE_CURVE('',#3895,#1819,#3903,.T.);
#3903 = LINE('',#3904,#3905);
#3904 = CARTESIAN_POINT('',(-1.167181,1.269531,8.125));
#3905 = VECTOR('',#3906,1.);
#3906 = DIRECTION('',(-3.061515884556E-16,0.,-1.));
#3907 = PLANE('',#3908);
#3908 = AXIS2_PLACEMENT_3D('',#3909,#3910,#3911);
#3909 = CARTESIAN_POINT('',(-1.256404227028,1.251686354594,13.95));
#3910 = DIRECTION('',(-0.196116135138,0.980580675691,6.004126629433E-17)
  );
#3911 = DIRECTION('',(-0.980580675691,-0.196116135138,
    -1.200825325887E-17));
#3912 = ADVANCED_FACE('',(#3913),#3931,.T.);
#3913 = FACE_BOUND('',#3914,.T.);
#3914 = EDGE_LOOP('',(#3915,#3916,#3924,#3930));
#3915 = ORIENTED_EDGE('',*,*,#2896,.T.);
#3916 = ORIENTED_EDGE('',*,*,#3917,.T.);
#3917 = EDGE_CURVE('',#2897,#3918,#3920,.T.);
#3918 = VERTEX_POINT('',#3919);
#3919 = CARTESIAN_POINT('',(-0.917181,-1.080469,14.15));
#3920 = LINE('',#3921,#3922);
#3921 = CARTESIAN_POINT('',(-0.917181,-1.080469,13.95));
#3922 = VECTOR('',#3923,1.);
#3923 = DIRECTION('',(3.749151804555E-33,-6.123031769112E-17,1.));
#3924 = ORIENTED_EDGE('',*,*,#3925,.T.);
#3925 = EDGE_CURVE('',#3918,#2426,#3926,.T.);
#3926 = LINE('',#3927,#3928);
#3927 = CARTESIAN_POINT('',(-0.917181,-0.44765,14.15));
#3928 = VECTOR('',#3929,1.);
#3929 = DIRECTION('',(-1.224606353822E-16,-1.,-6.123031769112E-17));
#3930 = ORIENTED_EDGE('',*,*,#2425,.T.);
#3931 = PLANE('',#3932);
#3932 = AXIS2_PLACEMENT_3D('',#3933,#3934,#3935);
#3933 = CARTESIAN_POINT('',(-0.917181,-1.080469,13.95));
#3934 = DIRECTION('',(1.,-1.224606353822E-16,-1.124745541367E-32));
#3935 = DIRECTION('',(1.224606353822E-16,1.,6.123031769112E-17));
#3936 = ADVANCED_FACE('',(#3937),#3948,.T.);
#3937 = FACE_BOUND('',#3938,.T.);
#3938 = EDGE_LOOP('',(#3939,#3940,#3946,#3947));
#3939 = ORIENTED_EDGE('',*,*,#2377,.T.);
#3940 = ORIENTED_EDGE('',*,*,#3941,.F.);
#3941 = EDGE_CURVE('',#3683,#2352,#3942,.T.);
#3942 = LINE('',#3943,#3944);
#3943 = CARTESIAN_POINT('',(0.282819,-0.44765,14.15));
#3944 = VECTOR('',#3945,1.);
#3945 = DIRECTION('',(-1.224606353822E-16,-1.,-6.123031769112E-17));
#3946 = ORIENTED_EDGE('',*,*,#3682,.F.);
#3947 = ORIENTED_EDGE('',*,*,#3297,.T.);
#3948 = PLANE('',#3949);
#3949 = AXIS2_PLACEMENT_3D('',#3950,#3951,#3952);
#3950 = CARTESIAN_POINT('',(0.282819,1.29518400696,14.065489654985));
#3951 = DIRECTION('',(-1.,1.224606353822E-16,1.124745541367E-32));
#3952 = DIRECTION('',(1.224606353822E-16,1.,6.123031769112E-17));
#3953 = ADVANCED_FACE('',(#3954),#3977,.F.);
#3954 = FACE_BOUND('',#3955,.T.);
#3955 = EDGE_LOOP('',(#3956,#3964,#3970,#3976));
#3956 = ORIENTED_EDGE('',*,*,#3957,.T.);
#3957 = EDGE_CURVE('',#3745,#3958,#3960,.T.);
#3958 = VERTEX_POINT('',#3959);
#3959 = CARTESIAN_POINT('',(-2.017181,0.319531,15.45));
#3960 = LINE('',#3961,#3962);
#3961 = CARTESIAN_POINT('',(-2.017181,1.769531,15.45));
#3962 = VECTOR('',#3963,1.);
#3963 = DIRECTION('',(1.224606353822E-16,1.,6.123031769112E-17));
#3964 = ORIENTED_EDGE('',*,*,#3965,.F.);
#3965 = EDGE_CURVE('',#3650,#3958,#3966,.T.);
#3966 = LINE('',#3967,#3968);
#3967 = CARTESIAN_POINT('',(-2.017181,0.319531,14.35));
#3968 = VECTOR('',#3969,1.);
#3969 = DIRECTION('',(3.749151804555E-33,-6.123031769112E-17,1.));
#3970 = ORIENTED_EDGE('',*,*,#3971,.F.);
#3971 = EDGE_CURVE('',#3369,#3650,#3972,.T.);
#3972 = LINE('',#3973,#3974);
#3973 = CARTESIAN_POINT('',(-2.017181,1.769531,15.25));
#3974 = VECTOR('',#3975,1.);
#3975 = DIRECTION('',(1.224606353822E-16,1.,6.123031769112E-17));
#3976 = ORIENTED_EDGE('',*,*,#3785,.F.);
#3977 = PLANE('',#3978);
#3978 = AXIS2_PLACEMENT_3D('',#3979,#3980,#3981);
#3979 = CARTESIAN_POINT('',(-2.017181,0.300926102356,14.801726055616));
#3980 = DIRECTION('',(1.,-1.224606353822E-16,-1.124745541367E-32));
#3981 = DIRECTION('',(-3.749151804555E-33,6.123031769112E-17,-1.));
#3982 = ADVANCED_FACE('',(#3983),#4018,.T.);
#3983 = FACE_BOUND('',#3984,.T.);
#3984 = EDGE_LOOP('',(#3985,#3986,#3987,#3996,#4004,#4012));
#3985 = ORIENTED_EDGE('',*,*,#3649,.F.);
#3986 = ORIENTED_EDGE('',*,*,#3965,.T.);
#3987 = ORIENTED_EDGE('',*,*,#3988,.T.);
#3988 = EDGE_CURVE('',#3958,#3989,#3991,.T.);
#3989 = VERTEX_POINT('',#3990);
#3990 = CARTESIAN_POINT('',(-2.417181,0.319531,15.05));
#3991 = CIRCLE('',#3992,0.4);
#3992 = AXIS2_PLACEMENT_3D('',#3993,#3994,#3995);
#3993 = CARTESIAN_POINT('',(-2.017181,0.319531,15.05));
#3994 = DIRECTION('',(-1.224606353822E-16,-1.,-6.123031769112E-17));
#3995 = DIRECTION('',(-1.,1.224606353822E-16,3.215020689727E-32));
#3996 = ORIENTED_EDGE('',*,*,#3997,.T.);
#3997 = EDGE_CURVE('',#3989,#3998,#4000,.T.);
#3998 = VERTEX_POINT('',#3999);
#3999 = CARTESIAN_POINT('',(-2.417181,0.319531,14.65));
#4000 = LINE('',#4001,#4002);
#4001 = CARTESIAN_POINT('',(-2.417181,0.319531,20.386624106157));
#4002 = VECTOR('',#4003,1.);
#4003 = DIRECTION('',(-3.749151804555E-33,6.123031769112E-17,-1.));
#4004 = ORIENTED_EDGE('',*,*,#4005,.T.);
#4005 = EDGE_CURVE('',#3998,#4006,#4008,.T.);
#4006 = VERTEX_POINT('',#4007);
#4007 = CARTESIAN_POINT('',(-2.217181,0.319531,14.65));
#4008 = LINE('',#4009,#4010);
#4009 = CARTESIAN_POINT('',(-2.417181,0.319531,14.65));
#4010 = VECTOR('',#4011,1.);
#4011 = DIRECTION('',(1.,-1.224606353822E-16,-3.215020689727E-32));
#4012 = ORIENTED_EDGE('',*,*,#4013,.T.);
#4013 = EDGE_CURVE('',#4006,#3640,#4014,.T.);
#4014 = LINE('',#4015,#4016);
#4015 = CARTESIAN_POINT('',(-2.217181,0.319531,20.386624106157));
#4016 = VECTOR('',#4017,1.);
#4017 = DIRECTION('',(3.749151804555E-33,-6.123031769112E-17,1.));
#4018 = PLANE('',#4019);
#4019 = AXIS2_PLACEMENT_3D('',#4020,#4021,#4022);
#4020 = CARTESIAN_POINT('',(-2.417181,0.319531,14.65));
#4021 = DIRECTION('',(-1.224606353822E-16,-1.,-6.123031769112E-17));
#4022 = DIRECTION('',(1.,-1.224606353822E-16,-3.215020689727E-32));
#4023 = ADVANCED_FACE('',(#4024),#4040,.T.);
#4024 = FACE_BOUND('',#4025,.T.);
#4025 = EDGE_LOOP('',(#4026,#4027,#4033,#4034));
#4026 = ORIENTED_EDGE('',*,*,#1147,.F.);
#4027 = ORIENTED_EDGE('',*,*,#4028,.F.);
#4028 = EDGE_CURVE('',#2847,#1140,#4029,.T.);
#4029 = LINE('',#4030,#4031);
#4030 = CARTESIAN_POINT('',(-2.342181,-3.730469,12.675));
#4031 = VECTOR('',#4032,1.);
#4032 = DIRECTION('',(0.,0.,1.));
#4033 = ORIENTED_EDGE('',*,*,#2846,.F.);
#4034 = ORIENTED_EDGE('',*,*,#4035,.F.);
#4035 = EDGE_CURVE('',#1126,#2837,#4036,.T.);
#4036 = LINE('',#4037,#4038);
#4037 = CARTESIAN_POINT('',(-2.142181,-3.730469,12.675));
#4038 = VECTOR('',#4039,1.);
#4039 = DIRECTION('',(0.,0.,-1.));
#4040 = PLANE('',#4041);
#4041 = AXIS2_PLACEMENT_3D('',#4042,#4043,#4044);
#4042 = CARTESIAN_POINT('',(-2.167181,-3.730469,12.675));
#4043 = DIRECTION('',(0.,-1.,0.));
#4044 = DIRECTION('',(1.,0.,0.));
#4045 = ADVANCED_FACE('',(#4046),#4058,.T.);
#4046 = FACE_BOUND('',#4047,.T.);
#4047 = EDGE_LOOP('',(#4048,#4049,#4050,#4051,#4057));
#4048 = ORIENTED_EDGE('',*,*,#1036,.T.);
#4049 = ORIENTED_EDGE('',*,*,#2983,.F.);
#4050 = ORIENTED_EDGE('',*,*,#1291,.F.);
#4051 = ORIENTED_EDGE('',*,*,#4052,.F.);
#4052 = EDGE_CURVE('',#3002,#1284,#4053,.T.);
#4053 = LINE('',#4054,#4055);
#4054 = CARTESIAN_POINT('',(-1.967181,-1.780469,12.675));
#4055 = VECTOR('',#4056,1.);
#4056 = DIRECTION('',(0.,0.,1.));
#4057 = ORIENTED_EDGE('',*,*,#3001,.T.);
#4058 = CYLINDRICAL_SURFACE('',#4059,0.45);
#4059 = AXIS2_PLACEMENT_3D('',#4060,#4061,#4062);
#4060 = CARTESIAN_POINT('',(-1.967181,-2.230469,12.675));
#4061 = DIRECTION('',(0.,0.,1.));
#4062 = DIRECTION('',(1.,0.,-0.));
#4063 = ADVANCED_FACE('',(#4064),#4075,.T.);
#4064 = FACE_BOUND('',#4065,.T.);
#4065 = EDGE_LOOP('',(#4066,#4072,#4073,#4074));
#4066 = ORIENTED_EDGE('',*,*,#4067,.T.);
#4067 = EDGE_CURVE('',#2785,#1956,#4068,.T.);
#4068 = LINE('',#4069,#4070);
#4069 = CARTESIAN_POINT('',(-1.416682628207,-0.44765,14.15));
#4070 = VECTOR('',#4071,1.);
#4071 = DIRECTION('',(1.224606353822E-16,1.,6.123031769112E-17));
#4072 = ORIENTED_EDGE('',*,*,#1955,.T.);
#4073 = ORIENTED_EDGE('',*,*,#1769,.T.);
#4074 = ORIENTED_EDGE('',*,*,#2793,.T.);
#4075 = PLANE('',#4076);
#4076 = AXIS2_PLACEMENT_3D('',#4077,#4078,#4079);
#4077 = CARTESIAN_POINT('',(-1.416682628207,-0.830469,15.6000024));
#4078 = DIRECTION('',(-1.,1.224606353822E-16,1.124745541367E-32));
#4079 = DIRECTION('',(-1.224606353822E-16,-1.,-6.123031769112E-17));
#4080 = ADVANCED_FACE('',(#4081),#4092,.T.);
#4081 = FACE_BOUND('',#4082,.T.);
#4082 = EDGE_LOOP('',(#4083,#4090,#4091));
#4083 = ORIENTED_EDGE('',*,*,#4084,.F.);
#4084 = EDGE_CURVE('',#3267,#2556,#4085,.T.);
#4085 = CIRCLE('',#4086,0.4);
#4086 = AXIS2_PLACEMENT_3D('',#4087,#4088,#4089);
#4087 = CARTESIAN_POINT('',(0.282819,1.369531,14.35));
#4088 = DIRECTION('',(1.,-1.224606353822E-16,-2.598723107523E-32));
#4089 = DIRECTION('',(-1.224606353822E-16,-1.,-1.224606353822E-16));
#4090 = ORIENTED_EDGE('',*,*,#3266,.F.);
#4091 = ORIENTED_EDGE('',*,*,#2563,.F.);
#4092 = PLANE('',#4093);
#4093 = AXIS2_PLACEMENT_3D('',#4094,#4095,#4096);
#4094 = CARTESIAN_POINT('',(0.282819,-0.900529677232,6.650206640055));
#4095 = DIRECTION('',(1.,0.,0.));
#4096 = DIRECTION('',(-0.,1.,0.));
#4097 = ADVANCED_FACE('',(#4098),#4110,.T.);
#4098 = FACE_BOUND('',#4099,.T.);
#4099 = EDGE_LOOP('',(#4100,#4101,#4102,#4109));
#4100 = ORIENTED_EDGE('',*,*,#1809,.T.);
#4101 = ORIENTED_EDGE('',*,*,#3871,.F.);
#4102 = ORIENTED_EDGE('',*,*,#4103,.F.);
#4103 = EDGE_CURVE('',#3887,#3864,#4104,.T.);
#4104 = CIRCLE('',#4105,0.2);
#4105 = AXIS2_PLACEMENT_3D('',#4106,#4107,#4108);
#4106 = CARTESIAN_POINT('',(-1.217181,1.055570219456,14.15));
#4107 = DIRECTION('',(3.749151804555E-33,-6.123031769112E-17,1.));
#4108 = DIRECTION('',(-1.224606353822E-16,-1.,-6.123031769112E-17));
#4109 = ORIENTED_EDGE('',*,*,#3886,.F.);
#4110 = CYLINDRICAL_SURFACE('',#4111,0.2);
#4111 = AXIS2_PLACEMENT_3D('',#4112,#4113,#4114);
#4112 = CARTESIAN_POINT('',(-1.217181,1.055570219456,13.95));
#4113 = DIRECTION('',(-3.749151804555E-33,6.123031769112E-17,-1.));
#4114 = DIRECTION('',(-1.224606353822E-16,-1.,-6.123031769112E-17));
#4115 = ADVANCED_FACE('',(#4116),#4135,.T.);
#4116 = FACE_BOUND('',#4117,.T.);
#4117 = EDGE_LOOP('',(#4118,#4126,#4127,#4128,#4129));
#4118 = ORIENTED_EDGE('',*,*,#4119,.T.);
#4119 = EDGE_CURVE('',#4120,#3011,#4122,.T.);
#4120 = VERTEX_POINT('',#4121);
#4121 = CARTESIAN_POINT('',(-0.302181,-1.780469,12.675));
#4122 = LINE('',#4123,#4124);
#4123 = CARTESIAN_POINT('',(-0.302181,-1.780469,12.675));
#4124 = VECTOR('',#4125,1.);
#4125 = DIRECTION('',(0.,0.,-1.));
#4126 = ORIENTED_EDGE('',*,*,#3010,.T.);
#4127 = ORIENTED_EDGE('',*,*,#4052,.T.);
#4128 = ORIENTED_EDGE('',*,*,#1283,.T.);
#4129 = ORIENTED_EDGE('',*,*,#4130,.F.);
#4130 = EDGE_CURVE('',#4120,#1276,#4131,.T.);
#4131 = LINE('',#4132,#4133);
#4132 = CARTESIAN_POINT('',(-6.453477941594E-03,-1.780469,12.675));
#4133 = VECTOR('',#4134,1.);
#4134 = DIRECTION('',(-1.,0.,0.));
#4135 = PLANE('',#4136);
#4136 = AXIS2_PLACEMENT_3D('',#4137,#4138,#4139);
#4137 = CARTESIAN_POINT('',(-1.089681,-1.780469,12.675));
#4138 = DIRECTION('',(0.,1.,0.));
#4139 = DIRECTION('',(-1.,0.,0.));
#4140 = ADVANCED_FACE('',(#4141),#4152,.T.);
#4141 = FACE_BOUND('',#4142,.T.);
#4142 = EDGE_LOOP('',(#4143,#4144,#4150,#4151));
#4143 = ORIENTED_EDGE('',*,*,#2441,.T.);
#4144 = ORIENTED_EDGE('',*,*,#4145,.T.);
#4145 = EDGE_CURVE('',#2434,#2777,#4146,.T.);
#4146 = LINE('',#4147,#4148);
#4147 = CARTESIAN_POINT('',(-0.386712,-1.2865628,14.15));
#4148 = VECTOR('',#4149,1.);
#4149 = DIRECTION('',(-0.980580675691,0.196116135138,1.200825325887E-17)
  );
#4150 = ORIENTED_EDGE('',*,*,#2776,.F.);
#4151 = ORIENTED_EDGE('',*,*,#1752,.T.);
#4152 = PLANE('',#4153);
#4153 = AXIS2_PLACEMENT_3D('',#4154,#4155,#4156);
#4154 = CARTESIAN_POINT('',(-0.917181,-1.180469,13.95));
#4155 = DIRECTION('',(-0.196116135138,-0.980580675691,
    -6.004126629433E-17));
#4156 = DIRECTION('',(0.980580675691,-0.196116135138,-1.200825325887E-17
    ));
#4157 = ADVANCED_FACE('',(#4158),#4170,.T.);
#4158 = FACE_BOUND('',#4159,.T.);
#4159 = EDGE_LOOP('',(#4160,#4161,#4162,#4163));
#4160 = ORIENTED_EDGE('',*,*,#3274,.F.);
#4161 = ORIENTED_EDGE('',*,*,#4084,.T.);
#4162 = ORIENTED_EDGE('',*,*,#2555,.T.);
#4163 = ORIENTED_EDGE('',*,*,#4164,.F.);
#4164 = EDGE_CURVE('',#3219,#2548,#4165,.T.);
#4165 = CIRCLE('',#4166,0.4);
#4166 = AXIS2_PLACEMENT_3D('',#4167,#4168,#4169);
#4167 = CARTESIAN_POINT('',(1.082819,1.369531,14.35));
#4168 = DIRECTION('',(1.,-1.224606353822E-16,-2.598723107523E-32));
#4169 = DIRECTION('',(-1.224606353822E-16,-1.,-1.224606353822E-16));
#4170 = CYLINDRICAL_SURFACE('',#4171,0.4);
#4171 = AXIS2_PLACEMENT_3D('',#4172,#4173,#4174);
#4172 = CARTESIAN_POINT('',(-0.386712,1.369531,14.35));
#4173 = DIRECTION('',(1.,-1.224606353822E-16,-2.598723107523E-32));
#4174 = DIRECTION('',(-1.224606353822E-16,-1.,-1.224606353822E-16));
#4175 = ADVANCED_FACE('',(#4176),#4195,.T.);
#4176 = FACE_BOUND('',#4177,.T.);
#4177 = EDGE_LOOP('',(#4178,#4179,#4180,#4188,#4194));
#4178 = ORIENTED_EDGE('',*,*,#3395,.T.);
#4179 = ORIENTED_EDGE('',*,*,#3051,.T.);
#4180 = ORIENTED_EDGE('',*,*,#4181,.F.);
#4181 = EDGE_CURVE('',#4182,#3043,#4184,.T.);
#4182 = VERTEX_POINT('',#4183);
#4183 = CARTESIAN_POINT('',(-0.302181,-2.130469,12.675));
#4184 = LINE('',#4185,#4186);
#4185 = CARTESIAN_POINT('',(-0.302181,-2.130469,12.675));
#4186 = VECTOR('',#4187,1.);
#4187 = DIRECTION('',(0.,0.,-1.));
#4188 = ORIENTED_EDGE('',*,*,#4189,.F.);
#4189 = EDGE_CURVE('',#1366,#4182,#4190,.T.);
#4190 = LINE('',#4191,#4192);
#4191 = CARTESIAN_POINT('',(-6.453477941594E-03,-2.130469,12.675));
#4192 = VECTOR('',#4193,1.);
#4193 = DIRECTION('',(1.,0.,0.));
#4194 = ORIENTED_EDGE('',*,*,#1365,.T.);
#4195 = PLANE('',#4196);
#4196 = AXIS2_PLACEMENT_3D('',#4197,#4198,#4199);
#4197 = CARTESIAN_POINT('',(-1.892181,-2.130469,12.675));
#4198 = DIRECTION('',(0.,-1.,0.));
#4199 = DIRECTION('',(1.,0.,0.));
#4200 = ADVANCED_FACE('',(#4201),#4207,.F.);
#4201 = FACE_BOUND('',#4202,.T.);
#4202 = EDGE_LOOP('',(#4203,#4204,#4205,#4206));
#4203 = ORIENTED_EDGE('',*,*,#2854,.T.);
#4204 = ORIENTED_EDGE('',*,*,#4028,.T.);
#4205 = ORIENTED_EDGE('',*,*,#1139,.T.);
#4206 = ORIENTED_EDGE('',*,*,#1054,.T.);
#4207 = PLANE('',#4208);
#4208 = AXIS2_PLACEMENT_3D('',#4209,#4210,#4211);
#4209 = CARTESIAN_POINT('',(-2.417181,-3.430469,12.2899976));
#4210 = DIRECTION('',(0.970142500145,0.242535625036,0.));
#4211 = DIRECTION('',(0.242535625036,-0.970142500145,0.));
#4212 = ADVANCED_FACE('',(#4213),#4260,.F.);
#4213 = FACE_BOUND('',#4214,.T.);
#4214 = EDGE_LOOP('',(#4215,#4216,#4217,#4218,#4219,#4227,#4236,#4244,
    #4251,#4252,#4258,#4259));
#4215 = ORIENTED_EDGE('',*,*,#3218,.F.);
#4216 = ORIENTED_EDGE('',*,*,#4164,.T.);
#4217 = ORIENTED_EDGE('',*,*,#2547,.T.);
#4218 = ORIENTED_EDGE('',*,*,#1227,.T.);
#4219 = ORIENTED_EDGE('',*,*,#4220,.T.);
#4220 = EDGE_CURVE('',#1220,#4221,#4223,.T.);
#4221 = VERTEX_POINT('',#4222);
#4222 = CARTESIAN_POINT('',(1.082819,1.569531,14.35));
#4223 = LINE('',#4224,#4225);
#4224 = CARTESIAN_POINT('',(1.082819,1.569531,-0.625));
#4225 = VECTOR('',#4226,1.);
#4226 = DIRECTION('',(-9.912127626594E-33,6.123031769112E-17,-1.));
#4227 = ORIENTED_EDGE('',*,*,#4228,.T.);
#4228 = EDGE_CURVE('',#4221,#4229,#4231,.T.);
#4229 = VERTEX_POINT('',#4230);
#4230 = CARTESIAN_POINT('',(1.082819,1.369531,14.15));
#4231 = CIRCLE('',#4232,0.2);
#4232 = AXIS2_PLACEMENT_3D('',#4233,#4234,#4235);
#4233 = CARTESIAN_POINT('',(1.082819,1.369531,14.35));
#4234 = DIRECTION('',(-1.,1.224606353822E-16,2.598723107523E-32));
#4235 = DIRECTION('',(1.224606353822E-16,1.,1.224606353822E-16));
#4236 = ORIENTED_EDGE('',*,*,#4237,.T.);
#4237 = EDGE_CURVE('',#4229,#4238,#4240,.T.);
#4238 = VERTEX_POINT('',#4239);
#4239 = CARTESIAN_POINT('',(1.082819,-1.230469,14.15));
#4240 = LINE('',#4241,#4242);
#4241 = CARTESIAN_POINT('',(1.082819,-0.44765,14.15));
#4242 = VECTOR('',#4243,1.);
#4243 = DIRECTION('',(-1.224606353822E-16,-1.,-6.123031769112E-17));
#4244 = ORIENTED_EDGE('',*,*,#4245,.F.);
#4245 = EDGE_CURVE('',#3547,#4238,#4246,.T.);
#4246 = CIRCLE('',#4247,0.2);
#4247 = AXIS2_PLACEMENT_3D('',#4248,#4249,#4250);
#4248 = CARTESIAN_POINT('',(1.082819,-1.230469,14.35));
#4249 = DIRECTION('',(1.,-1.224606353822E-16,-2.598723107523E-32));
#4250 = DIRECTION('',(-1.224606353822E-16,-1.,-1.224606353822E-16));
#4251 = ORIENTED_EDGE('',*,*,#3563,.T.);
#4252 = ORIENTED_EDGE('',*,*,#4253,.T.);
#4253 = EDGE_CURVE('',#3556,#2706,#4254,.T.);
#4254 = LINE('',#4255,#4256);
#4255 = CARTESIAN_POINT('',(1.082819,-0.44765,14.45));
#4256 = VECTOR('',#4257,1.);
#4257 = DIRECTION('',(-1.224606353822E-16,-1.,-6.123031769112E-17));
#4258 = ORIENTED_EDGE('',*,*,#2705,.T.);
#4259 = ORIENTED_EDGE('',*,*,#3529,.F.);
#4260 = PLANE('',#4261);
#4261 = AXIS2_PLACEMENT_3D('',#4262,#4263,#4264);
#4262 = CARTESIAN_POINT('',(1.082819,1.29518400696,14.065489654985));
#4263 = DIRECTION('',(-1.,1.224606353822E-16,1.124745541367E-32));
#4264 = DIRECTION('',(1.224606353822E-16,1.,6.123031769112E-17));
#4265 = ADVANCED_FACE('',(#4266),#4291,.T.);
#4266 = FACE_BOUND('',#4267,.T.);
#4267 = EDGE_LOOP('',(#4268,#4276,#4277,#4285));
#4268 = ORIENTED_EDGE('',*,*,#4269,.T.);
#4269 = EDGE_CURVE('',#4270,#3123,#4272,.T.);
#4270 = VERTEX_POINT('',#4271);
#4271 = CARTESIAN_POINT('',(-0.750514333333,1.269531,13.95));
#4272 = LINE('',#4273,#4274);
#4273 = CARTESIAN_POINT('',(0.,1.4946853,13.95));
#4274 = VECTOR('',#4275,1.);
#4275 = DIRECTION('',(-0.957826285221,-0.287347885566,0.));
#4276 = ORIENTED_EDGE('',*,*,#3122,.T.);
#4277 = ORIENTED_EDGE('',*,*,#4278,.T.);
#4278 = EDGE_CURVE('',#3115,#4279,#4281,.T.);
#4279 = VERTEX_POINT('',#4280);
#4280 = CARTESIAN_POINT('',(-0.750514333333,1.269531,14.15));
#4281 = LINE('',#4282,#4283);
#4282 = CARTESIAN_POINT('',(-0.386712,1.3786717,14.15));
#4283 = VECTOR('',#4284,1.);
#4284 = DIRECTION('',(0.957826285221,0.287347885566,1.75944023211E-17));
#4285 = ORIENTED_EDGE('',*,*,#4286,.T.);
#4286 = EDGE_CURVE('',#4279,#4270,#4287,.T.);
#4287 = LINE('',#4288,#4289);
#4288 = CARTESIAN_POINT('',(-0.750514333333,1.269531,8.125));
#4289 = VECTOR('',#4290,1.);
#4290 = DIRECTION('',(-2.041010589704E-16,0.,-1.));
#4291 = PLANE('',#4292);
#4292 = AXIS2_PLACEMENT_3D('',#4293,#4294,#4295);
#4293 = CARTESIAN_POINT('',(-0.917181,1.219531,13.95));
#4294 = DIRECTION('',(-0.287347885566,0.957826285221,5.8648007737E-17));
#4295 = DIRECTION('',(-0.957826285221,-0.287347885566,-1.75944023211E-17
    ));
#4296 = ADVANCED_FACE('',(#4297),#4308,.T.);
#4297 = FACE_BOUND('',#4298,.T.);
#4298 = EDGE_LOOP('',(#4299,#4300,#4301,#4302));
#4299 = ORIENTED_EDGE('',*,*,#1314,.F.);
#4300 = ORIENTED_EDGE('',*,*,#2882,.T.);
#4301 = ORIENTED_EDGE('',*,*,#1474,.F.);
#4302 = ORIENTED_EDGE('',*,*,#4303,.T.);
#4303 = EDGE_CURVE('',#1475,#1317,#4304,.T.);
#4304 = LINE('',#4305,#4306);
#4305 = CARTESIAN_POINT('',(-0.202181,1.869531,12.675));
#4306 = VECTOR('',#4307,1.);
#4307 = DIRECTION('',(0.,0.,1.));
#4308 = PLANE('',#4309);
#4309 = AXIS2_PLACEMENT_3D('',#4310,#4311,#4312);
#4310 = CARTESIAN_POINT('',(-0.127181,2.169531,12.675));
#4311 = DIRECTION('',(-0.970142500145,0.242535625036,0.));
#4312 = DIRECTION('',(-0.242535625036,-0.970142500145,0.));
#4313 = ADVANCED_FACE('',(#4314),#4320,.F.);
#4314 = FACE_BOUND('',#4315,.T.);
#4315 = EDGE_LOOP('',(#4316,#4317,#4318,#4319));
#4316 = ORIENTED_EDGE('',*,*,#3555,.T.);
#4317 = ORIENTED_EDGE('',*,*,#2326,.F.);
#4318 = ORIENTED_EDGE('',*,*,#2713,.F.);
#4319 = ORIENTED_EDGE('',*,*,#4253,.F.);
#4320 = PLANE('',#4321);
#4321 = AXIS2_PLACEMENT_3D('',#4322,#4323,#4324);
#4322 = CARTESIAN_POINT('',(1.082819,-1.630469,14.45));
#4323 = DIRECTION('',(-2.465190328816E-32,6.123031769112E-17,-1.));
#4324 = DIRECTION('',(-1.224606353822E-16,-1.,-6.123031769112E-17));
#4325 = ADVANCED_FACE('',(#4326),#4338,.F.);
#4326 = FACE_BOUND('',#4327,.F.);
#4327 = EDGE_LOOP('',(#4328,#4329,#4330,#4337));
#4328 = ORIENTED_EDGE('',*,*,#3018,.F.);
#4329 = ORIENTED_EDGE('',*,*,#982,.F.);
#4330 = ORIENTED_EDGE('',*,*,#4331,.T.);
#4331 = EDGE_CURVE('',#959,#4120,#4332,.T.);
#4332 = CIRCLE('',#4333,0.1);
#4333 = AXIS2_PLACEMENT_3D('',#4334,#4335,#4336);
#4334 = CARTESIAN_POINT('',(-0.302181,-1.680469,12.675));
#4335 = DIRECTION('',(0.,0.,-1.));
#4336 = DIRECTION('',(-1.,0.,0.));
#4337 = ORIENTED_EDGE('',*,*,#4119,.T.);
#4338 = CYLINDRICAL_SURFACE('',#4339,0.1);
#4339 = AXIS2_PLACEMENT_3D('',#4340,#4341,#4342);
#4340 = CARTESIAN_POINT('',(-0.302181,-1.680469,12.675));
#4341 = DIRECTION('',(0.,0.,-1.));
#4342 = DIRECTION('',(-1.,0.,0.));
#4343 = ADVANCED_FACE('',(#4344),#4414,.F.);
#4344 = FACE_BOUND('',#4345,.T.);
#4345 = EDGE_LOOP('',(#4346,#4352,#4353,#4354,#4355,#4356,#4357,#4358,
    #4359,#4365,#4366,#4372,#4373,#4374,#4375,#4381,#4382,#4388,#4389,
    #4390,#4396,#4397,#4403,#4404,#4405,#4411,#4412,#4413));
#4346 = ORIENTED_EDGE('',*,*,#4347,.F.);
#4347 = EDGE_CURVE('',#3713,#3856,#4348,.T.);
#4348 = LINE('',#4349,#4350);
#4349 = CARTESIAN_POINT('',(-0.386712,0.969531,14.15));
#4350 = VECTOR('',#4351,1.);
#4351 = DIRECTION('',(1.,-1.224606353822E-16,-3.215020689727E-32));
#4352 = ORIENTED_EDGE('',*,*,#3712,.T.);
#4353 = ORIENTED_EDGE('',*,*,#1963,.F.);
#4354 = ORIENTED_EDGE('',*,*,#4067,.F.);
#4355 = ORIENTED_EDGE('',*,*,#2784,.F.);
#4356 = ORIENTED_EDGE('',*,*,#4145,.F.);
#4357 = ORIENTED_EDGE('',*,*,#2433,.F.);
#4358 = ORIENTED_EDGE('',*,*,#3925,.F.);
#4359 = ORIENTED_EDGE('',*,*,#4360,.F.);
#4360 = EDGE_CURVE('',#2402,#3918,#4361,.T.);
#4361 = LINE('',#4362,#4363);
#4362 = CARTESIAN_POINT('',(-0.386712,-1.2396097,14.15));
#4363 = VECTOR('',#4364,1.);
#4364 = DIRECTION('',(-0.957826285221,0.287347885566,1.75944023211E-17)
  );
#4365 = ORIENTED_EDGE('',*,*,#2401,.F.);
#4366 = ORIENTED_EDGE('',*,*,#4367,.F.);
#4367 = EDGE_CURVE('',#3691,#2394,#4368,.T.);
#4368 = LINE('',#4369,#4370);
#4369 = CARTESIAN_POINT('',(-0.417181,-0.44765,14.15));
#4370 = VECTOR('',#4371,1.);
#4371 = DIRECTION('',(-1.224606353822E-16,-1.,-6.123031769112E-17));
#4372 = ORIENTED_EDGE('',*,*,#3690,.F.);
#4373 = ORIENTED_EDGE('',*,*,#3941,.T.);
#4374 = ORIENTED_EDGE('',*,*,#2351,.F.);
#4375 = ORIENTED_EDGE('',*,*,#4376,.T.);
#4376 = EDGE_CURVE('',#2343,#4238,#4377,.T.);
#4377 = LINE('',#4378,#4379);
#4378 = CARTESIAN_POINT('',(-0.386712,-1.230469,14.15));
#4379 = VECTOR('',#4380,1.);
#4380 = DIRECTION('',(1.,-1.224606353822E-16,-2.598723107523E-32));
#4381 = ORIENTED_EDGE('',*,*,#4237,.F.);
#4382 = ORIENTED_EDGE('',*,*,#4383,.T.);
#4383 = EDGE_CURVE('',#4229,#1612,#4384,.T.);
#4384 = LINE('',#4385,#4386);
#4385 = CARTESIAN_POINT('',(-0.386712,1.369531,14.15));
#4386 = VECTOR('',#4387,1.);
#4387 = DIRECTION('',(-1.,1.224606353822E-16,2.598723107523E-32));
#4388 = ORIENTED_EDGE('',*,*,#1611,.F.);
#4389 = ORIENTED_EDGE('',*,*,#3168,.T.);
#4390 = ORIENTED_EDGE('',*,*,#4391,.F.);
#4391 = EDGE_CURVE('',#927,#3161,#4392,.T.);
#4392 = LINE('',#4393,#4394);
#4393 = CARTESIAN_POINT('',(-0.386712,1.219531,14.15));
#4394 = VECTOR('',#4395,1.);
#4395 = DIRECTION('',(1.,-1.224606353822E-16,-3.215020689727E-32));
#4396 = ORIENTED_EDGE('',*,*,#926,.F.);
#4397 = ORIENTED_EDGE('',*,*,#4398,.F.);
#4398 = EDGE_CURVE('',#4279,#919,#4399,.T.);
#4399 = LINE('',#4400,#4401);
#4400 = CARTESIAN_POINT('',(0.,1.269531,14.15));
#4401 = VECTOR('',#4402,1.);
#4402 = DIRECTION('',(1.,0.,-2.465190328816E-32));
#4403 = ORIENTED_EDGE('',*,*,#4278,.F.);
#4404 = ORIENTED_EDGE('',*,*,#3114,.F.);
#4405 = ORIENTED_EDGE('',*,*,#4406,.F.);
#4406 = EDGE_CURVE('',#3895,#3107,#4407,.T.);
#4407 = LINE('',#4408,#4409);
#4408 = CARTESIAN_POINT('',(0.,1.269531,14.15));
#4409 = VECTOR('',#4410,1.);
#4410 = DIRECTION('',(1.,0.,-2.465190328816E-32));
#4411 = ORIENTED_EDGE('',*,*,#3894,.F.);
#4412 = ORIENTED_EDGE('',*,*,#4103,.T.);
#4413 = ORIENTED_EDGE('',*,*,#3863,.F.);
#4414 = PLANE('',#4415);
#4415 = AXIS2_PLACEMENT_3D('',#4416,#4417,#4418);
#4416 = CARTESIAN_POINT('',(1.082819,1.769531,14.15));
#4417 = DIRECTION('',(-2.465190328816E-32,6.123031769112E-17,-1.));
#4418 = DIRECTION('',(1.,-1.224606353822E-16,-3.215020689727E-32));
#4419 = ADVANCED_FACE('',(#4420),#4440,.F.);
#4420 = FACE_BOUND('',#4421,.T.);
#4421 = EDGE_LOOP('',(#4422,#4428,#4429,#4430,#4436,#4437,#4438,#4439));
#4422 = ORIENTED_EDGE('',*,*,#4423,.F.);
#4423 = EDGE_CURVE('',#3642,#3722,#4424,.T.);
#4424 = LINE('',#4425,#4426);
#4425 = CARTESIAN_POINT('',(-2.217181,0.969531,20.386624106157));
#4426 = VECTOR('',#4427,1.);
#4427 = DIRECTION('',(-3.749151804555E-33,6.123031769112E-17,-1.));
#4428 = ORIENTED_EDGE('',*,*,#3639,.F.);
#4429 = ORIENTED_EDGE('',*,*,#4013,.F.);
#4430 = ORIENTED_EDGE('',*,*,#4431,.F.);
#4431 = EDGE_CURVE('',#3793,#4006,#4432,.T.);
#4432 = LINE('',#4433,#4434);
#4433 = CARTESIAN_POINT('',(-2.217181,-0.44765,14.65));
#4434 = VECTOR('',#4435,1.);
#4435 = DIRECTION('',(1.224606353822E-16,1.,6.123031769112E-17));
#4436 = ORIENTED_EDGE('',*,*,#3792,.F.);
#4437 = ORIENTED_EDGE('',*,*,#3359,.F.);
#4438 = ORIENTED_EDGE('',*,*,#1980,.F.);
#4439 = ORIENTED_EDGE('',*,*,#3721,.T.);
#4440 = PLANE('',#4441);
#4441 = AXIS2_PLACEMENT_3D('',#4442,#4443,#4444);
#4442 = CARTESIAN_POINT('',(-2.217181,1.769531,14.35));
#4443 = DIRECTION('',(-1.,1.224606353822E-16,1.124745541367E-32));
#4444 = DIRECTION('',(-3.749151804555E-33,6.123031769112E-17,-1.));
#4445 = ADVANCED_FACE('',(#4446),#4467,.F.);
#4446 = FACE_BOUND('',#4447,.T.);
#4447 = EDGE_LOOP('',(#4448,#4449,#4450,#4457,#4458,#4464,#4465,#4466));
#4448 = ORIENTED_EDGE('',*,*,#2012,.T.);
#4449 = ORIENTED_EDGE('',*,*,#4189,.T.);
#4450 = ORIENTED_EDGE('',*,*,#4451,.F.);
#4451 = EDGE_CURVE('',#3609,#4182,#4452,.T.);
#4452 = CIRCLE('',#4453,0.45);
#4453 = AXIS2_PLACEMENT_3D('',#4454,#4455,#4456);
#4454 = CARTESIAN_POINT('',(-0.302181,-1.680469,12.675));
#4455 = DIRECTION('',(0.,0.,-1.));
#4456 = DIRECTION('',(-1.,0.,0.));
#4457 = ORIENTED_EDGE('',*,*,#3625,.F.);
#4458 = ORIENTED_EDGE('',*,*,#4459,.T.);
#4459 = EDGE_CURVE('',#3618,#957,#4460,.T.);
#4460 = LINE('',#4461,#4462);
#4461 = CARTESIAN_POINT('',(0.,-1.530469,12.675));
#4462 = VECTOR('',#4463,1.);
#4463 = DIRECTION('',(-1.,2.097985413868E-15,0.));
#4464 = ORIENTED_EDGE('',*,*,#956,.T.);
#4465 = ORIENTED_EDGE('',*,*,#4331,.T.);
#4466 = ORIENTED_EDGE('',*,*,#4130,.T.);
#4467 = PLANE('',#4468);
#4468 = AXIS2_PLACEMENT_3D('',#4469,#4470,#4471);
#4469 = CARTESIAN_POINT('',(-6.453477941594E-03,-0.398169597608,12.675)
  );
#4470 = DIRECTION('',(0.,0.,-1.));
#4471 = DIRECTION('',(-1.,0.,0.));
#4472 = ADVANCED_FACE('',(#4473),#4500,.F.);
#4473 = FACE_BOUND('',#4474,.T.);
#4474 = EDGE_LOOP('',(#4475,#4483,#4484,#4485,#4486,#4487,#4493,#4494));
#4475 = ORIENTED_EDGE('',*,*,#4476,.F.);
#4476 = EDGE_CURVE('',#1880,#4477,#4479,.T.);
#4477 = VERTEX_POINT('',#4478);
#4478 = CARTESIAN_POINT('',(-2.417181,0.969531,15.05));
#4479 = LINE('',#4480,#4481);
#4480 = CARTESIAN_POINT('',(-2.417181,0.969531,20.386624106157));
#4481 = VECTOR('',#4482,1.);
#4482 = DIRECTION('',(3.749151804555E-33,-6.123031769112E-17,1.));
#4483 = ORIENTED_EDGE('',*,*,#1898,.F.);
#4484 = ORIENTED_EDGE('',*,*,#1947,.F.);
#4485 = ORIENTED_EDGE('',*,*,#3755,.T.);
#4486 = ORIENTED_EDGE('',*,*,#3776,.F.);
#4487 = ORIENTED_EDGE('',*,*,#4488,.F.);
#4488 = EDGE_CURVE('',#3998,#3777,#4489,.T.);
#4489 = LINE('',#4490,#4491);
#4490 = CARTESIAN_POINT('',(-2.417181,-0.44765,14.65));
#4491 = VECTOR('',#4492,1.);
#4492 = DIRECTION('',(-1.224606353822E-16,-1.,-6.123031769112E-17));
#4493 = ORIENTED_EDGE('',*,*,#3997,.F.);
#4494 = ORIENTED_EDGE('',*,*,#4495,.T.);
#4495 = EDGE_CURVE('',#3989,#4477,#4496,.T.);
#4496 = LINE('',#4497,#4498);
#4497 = CARTESIAN_POINT('',(-2.417181,1.769531,15.05));
#4498 = VECTOR('',#4499,1.);
#4499 = DIRECTION('',(1.224606353822E-16,1.,6.123031769112E-17));
#4500 = PLANE('',#4501);
#4501 = AXIS2_PLACEMENT_3D('',#4502,#4503,#4504);
#4502 = CARTESIAN_POINT('',(-2.417181,1.769531,15.05));
#4503 = DIRECTION('',(1.,-1.224606353822E-16,-1.124745541367E-32));
#4504 = DIRECTION('',(3.749151804555E-33,-6.123031769112E-17,1.));
#4505 = ADVANCED_FACE('',(#4506),#4526,.F.);
#4506 = FACE_BOUND('',#4507,.T.);
#4507 = EDGE_LOOP('',(#4508,#4516,#4522,#4523,#4524,#4525));
#4508 = ORIENTED_EDGE('',*,*,#4509,.F.);
#4509 = EDGE_CURVE('',#4510,#3587,#4512,.T.);
#4510 = VERTEX_POINT('',#4511);
#4511 = CARTESIAN_POINT('',(-2.017181,0.969531,15.45));
#4512 = LINE('',#4513,#4514);
#4513 = CARTESIAN_POINT('',(-0.386712,0.969531,15.45));
#4514 = VECTOR('',#4515,1.);
#4515 = DIRECTION('',(1.,-1.224606353822E-16,-3.215020689727E-32));
#4516 = ORIENTED_EDGE('',*,*,#4517,.T.);
#4517 = EDGE_CURVE('',#4510,#3958,#4518,.T.);
#4518 = LINE('',#4519,#4520);
#4519 = CARTESIAN_POINT('',(-2.017181,1.769531,15.45));
#4520 = VECTOR('',#4521,1.);
#4521 = DIRECTION('',(-1.224606353822E-16,-1.,-6.123031769112E-17));
#4522 = ORIENTED_EDGE('',*,*,#3957,.F.);
#4523 = ORIENTED_EDGE('',*,*,#3762,.T.);
#4524 = ORIENTED_EDGE('',*,*,#1930,.F.);
#4525 = ORIENTED_EDGE('',*,*,#3594,.F.);
#4526 = PLANE('',#4527);
#4527 = AXIS2_PLACEMENT_3D('',#4528,#4529,#4530);
#4528 = CARTESIAN_POINT('',(-1.317181,1.769531,15.45));
#4529 = DIRECTION('',(-2.465190328816E-32,6.123031769112E-17,-1.));
#4530 = DIRECTION('',(1.,-1.224606353822E-16,-3.215020689727E-32));
#4531 = ADVANCED_FACE('',(#4532),#4542,.T.);
#4532 = FACE_BOUND('',#4533,.T.);
#4533 = EDGE_LOOP('',(#4534,#4535,#4541));
#4534 = ORIENTED_EDGE('',*,*,#4269,.F.);
#4535 = ORIENTED_EDGE('',*,*,#4536,.T.);
#4536 = EDGE_CURVE('',#4270,#3105,#4537,.T.);
#4537 = LINE('',#4538,#4539);
#4538 = CARTESIAN_POINT('',(0.,1.269531,13.95));
#4539 = VECTOR('',#4540,1.);
#4540 = DIRECTION('',(-1.,0.,0.));
#4541 = ORIENTED_EDGE('',*,*,#3130,.F.);
#4542 = PLANE('',#4543);
#4543 = AXIS2_PLACEMENT_3D('',#4544,#4545,#4546);
#4544 = CARTESIAN_POINT('',(-0.111413244036,-1.926413479559,13.95));
#4545 = DIRECTION('',(0.,0.,1.));
#4546 = DIRECTION('',(1.,0.,-0.));
#4547 = ADVANCED_FACE('',(#4548),#4554,.T.);
#4548 = FACE_BOUND('',#4549,.T.);
#4549 = EDGE_LOOP('',(#4550,#4551,#4552,#4553));
#4550 = ORIENTED_EDGE('',*,*,#3608,.F.);
#4551 = ORIENTED_EDGE('',*,*,#4451,.T.);
#4552 = ORIENTED_EDGE('',*,*,#4181,.T.);
#4553 = ORIENTED_EDGE('',*,*,#3042,.F.);
#4554 = CYLINDRICAL_SURFACE('',#4555,0.45);
#4555 = AXIS2_PLACEMENT_3D('',#4556,#4557,#4558);
#4556 = CARTESIAN_POINT('',(-0.302181,-1.680469,12.675));
#4557 = DIRECTION('',(0.,0.,-1.));
#4558 = DIRECTION('',(-1.,0.,0.));
#4559 = ADVANCED_FACE('',(#4560),#4571,.F.);
#4560 = FACE_BOUND('',#4561,.T.);
#4561 = EDGE_LOOP('',(#4562,#4568,#4569,#4570));
#4562 = ORIENTED_EDGE('',*,*,#4563,.F.);
#4563 = EDGE_CURVE('',#4221,#1620,#4564,.T.);
#4564 = LINE('',#4565,#4566);
#4565 = CARTESIAN_POINT('',(-0.386712,1.569531,14.35));
#4566 = VECTOR('',#4567,1.);
#4567 = DIRECTION('',(-1.,1.224606353822E-16,2.598723107523E-32));
#4568 = ORIENTED_EDGE('',*,*,#4220,.F.);
#4569 = ORIENTED_EDGE('',*,*,#1219,.T.);
#4570 = ORIENTED_EDGE('',*,*,#1628,.F.);
#4571 = PLANE('',#4572);
#4572 = AXIS2_PLACEMENT_3D('',#4573,#4574,#4575);
#4573 = CARTESIAN_POINT('',(1.082819,1.569531,13.95));
#4574 = DIRECTION('',(1.224606353822E-16,1.,6.123031769112E-17));
#4575 = DIRECTION('',(-3.749151804555E-33,6.123031769112E-17,-1.));
#4576 = ADVANCED_FACE('',(#4577),#4583,.F.);
#4577 = FACE_BOUND('',#4578,.F.);
#4578 = EDGE_LOOP('',(#4579,#4580,#4581,#4582));
#4579 = ORIENTED_EDGE('',*,*,#4228,.T.);
#4580 = ORIENTED_EDGE('',*,*,#4383,.T.);
#4581 = ORIENTED_EDGE('',*,*,#1619,.F.);
#4582 = ORIENTED_EDGE('',*,*,#4563,.F.);
#4583 = CYLINDRICAL_SURFACE('',#4584,0.2);
#4584 = AXIS2_PLACEMENT_3D('',#4585,#4586,#4587);
#4585 = CARTESIAN_POINT('',(-0.386712,1.369531,14.35));
#4586 = DIRECTION('',(-1.,1.224606353822E-16,2.598723107523E-32));
#4587 = DIRECTION('',(1.224606353822E-16,1.,1.224606353822E-16));
#4588 = ADVANCED_FACE('',(#4589),#4601,.T.);
#4589 = FACE_BOUND('',#4590,.T.);
#4590 = EDGE_LOOP('',(#4591,#4598,#4599,#4600));
#4591 = ORIENTED_EDGE('',*,*,#4592,.T.);
#4592 = EDGE_CURVE('',#4510,#4477,#4593,.T.);
#4593 = CIRCLE('',#4594,0.4);
#4594 = AXIS2_PLACEMENT_3D('',#4595,#4596,#4597);
#4595 = CARTESIAN_POINT('',(-2.017181,0.969531,15.05));
#4596 = DIRECTION('',(-1.224606353822E-16,-1.,-6.123031769112E-17));
#4597 = DIRECTION('',(-1.,1.224606353822E-16,3.215020689727E-32));
#4598 = ORIENTED_EDGE('',*,*,#4495,.F.);
#4599 = ORIENTED_EDGE('',*,*,#3988,.F.);
#4600 = ORIENTED_EDGE('',*,*,#4517,.F.);
#4601 = CYLINDRICAL_SURFACE('',#4602,0.4);
#4602 = AXIS2_PLACEMENT_3D('',#4603,#4604,#4605);
#4603 = CARTESIAN_POINT('',(-2.017181,1.769531,15.05));
#4604 = DIRECTION('',(1.224606353822E-16,1.,6.123031769112E-17));
#4605 = DIRECTION('',(-1.,1.224606353822E-16,3.215020689727E-32));
#4606 = ADVANCED_FACE('',(#4607),#4613,.F.);
#4607 = FACE_BOUND('',#4608,.F.);
#4608 = EDGE_LOOP('',(#4609,#4610,#4611,#4612));
#4609 = ORIENTED_EDGE('',*,*,#2342,.T.);
#4610 = ORIENTED_EDGE('',*,*,#4376,.T.);
#4611 = ORIENTED_EDGE('',*,*,#4245,.F.);
#4612 = ORIENTED_EDGE('',*,*,#3546,.F.);
#4613 = CYLINDRICAL_SURFACE('',#4614,0.2);
#4614 = AXIS2_PLACEMENT_3D('',#4615,#4616,#4617);
#4615 = CARTESIAN_POINT('',(-0.386712,-1.230469,14.35));
#4616 = DIRECTION('',(1.,-1.224606353822E-16,-2.598723107523E-32));
#4617 = DIRECTION('',(-1.224606353822E-16,-1.,-1.224606353822E-16));
#4618 = ADVANCED_FACE('',(#4619),#4625,.T.);
#4619 = FACE_BOUND('',#4620,.T.);
#4620 = EDGE_LOOP('',(#4621,#4622,#4623,#4624));
#4621 = ORIENTED_EDGE('',*,*,#2409,.T.);
#4622 = ORIENTED_EDGE('',*,*,#4360,.T.);
#4623 = ORIENTED_EDGE('',*,*,#3917,.F.);
#4624 = ORIENTED_EDGE('',*,*,#2905,.T.);
#4625 = PLANE('',#4626);
#4626 = AXIS2_PLACEMENT_3D('',#4627,#4628,#4629);
#4627 = CARTESIAN_POINT('',(-0.417181,-1.230469,13.95));
#4628 = DIRECTION('',(-0.287347885566,-0.957826285221,-5.8648007737E-17)
  );
#4629 = DIRECTION('',(0.957826285221,-0.287347885566,-1.75944023211E-17)
  );
#4630 = ADVANCED_FACE('',(#4631),#4642,.T.);
#4631 = FACE_BOUND('',#4632,.T.);
#4632 = EDGE_LOOP('',(#4633,#4639,#4640,#4641));
#4633 = ORIENTED_EDGE('',*,*,#4634,.T.);
#4634 = EDGE_CURVE('',#3153,#935,#4635,.T.);
#4635 = LINE('',#4636,#4637);
#4636 = CARTESIAN_POINT('',(0.,1.219531,13.95));
#4637 = VECTOR('',#4638,1.);
#4638 = DIRECTION('',(-1.,1.224606353822E-16,0.));
#4639 = ORIENTED_EDGE('',*,*,#934,.T.);
#4640 = ORIENTED_EDGE('',*,*,#4391,.T.);
#4641 = ORIENTED_EDGE('',*,*,#3160,.T.);
#4642 = PLANE('',#4643);
#4643 = AXIS2_PLACEMENT_3D('',#4644,#4645,#4646);
#4644 = CARTESIAN_POINT('',(-0.417181,1.219531,13.95));
#4645 = DIRECTION('',(1.224606353822E-16,1.,6.123031769112E-17));
#4646 = DIRECTION('',(-1.,1.224606353822E-16,3.215020689727E-32));
#4647 = ADVANCED_FACE('',(#4648),#4654,.T.);
#4648 = FACE_BOUND('',#4649,.T.);
#4649 = EDGE_LOOP('',(#4650,#4651,#4652,#4653));
#4650 = ORIENTED_EDGE('',*,*,#3288,.T.);
#4651 = ORIENTED_EDGE('',*,*,#3698,.T.);
#4652 = ORIENTED_EDGE('',*,*,#4367,.T.);
#4653 = ORIENTED_EDGE('',*,*,#2393,.T.);
#4654 = PLANE('',#4655);
#4655 = AXIS2_PLACEMENT_3D('',#4656,#4657,#4658);
#4656 = CARTESIAN_POINT('',(-0.417181,-1.080469,13.95));
#4657 = DIRECTION('',(1.,-1.224606353822E-16,-1.124745541367E-32));
#4658 = DIRECTION('',(1.224606353822E-16,1.,6.123031769112E-17));
#4659 = ADVANCED_FACE('',(#4660),#4666,.T.);
#4660 = FACE_BOUND('',#4661,.T.);
#4661 = EDGE_LOOP('',(#4662,#4663,#4664,#4665));
#4662 = ORIENTED_EDGE('',*,*,#3439,.F.);
#4663 = ORIENTED_EDGE('',*,*,#2058,.F.);
#4664 = ORIENTED_EDGE('',*,*,#4303,.F.);
#4665 = ORIENTED_EDGE('',*,*,#3202,.T.);
#4666 = PLANE('',#4667);
#4667 = AXIS2_PLACEMENT_3D('',#4668,#4669,#4670);
#4668 = CARTESIAN_POINT('',(-0.202181,1.769531,12.675));
#4669 = DIRECTION('',(-1.,3.700743415417E-16,0.));
#4670 = DIRECTION('',(-3.700743415417E-16,-1.,0.));
#4671 = ADVANCED_FACE('',(#4672),#4678,.T.);
#4672 = FACE_BOUND('',#4673,.T.);
#4673 = EDGE_LOOP('',(#4674,#4675,#4676,#4677));
#4674 = ORIENTED_EDGE('',*,*,#4488,.T.);
#4675 = ORIENTED_EDGE('',*,*,#3800,.T.);
#4676 = ORIENTED_EDGE('',*,*,#4431,.T.);
#4677 = ORIENTED_EDGE('',*,*,#4005,.F.);
#4678 = PLANE('',#4679);
#4679 = AXIS2_PLACEMENT_3D('',#4680,#4681,#4682);
#4680 = CARTESIAN_POINT('',(-2.417181,-0.180469,14.65));
#4681 = DIRECTION('',(2.465190328816E-32,-6.123031769112E-17,1.));
#4682 = DIRECTION('',(-1.224606353822E-16,-1.,-6.123031769112E-17));
#4683 = ADVANCED_FACE('',(#4684),#4695,.T.);
#4684 = FACE_BOUND('',#4685,.T.);
#4685 = EDGE_LOOP('',(#4686,#4687,#4693,#4694));
#4686 = ORIENTED_EDGE('',*,*,#3152,.F.);
#4687 = ORIENTED_EDGE('',*,*,#4688,.T.);
#4688 = EDGE_CURVE('',#3145,#917,#4689,.T.);
#4689 = LINE('',#4690,#4691);
#4690 = CARTESIAN_POINT('',(0.,1.269531,13.95));
#4691 = VECTOR('',#4692,1.);
#4692 = DIRECTION('',(-1.,0.,0.));
#4693 = ORIENTED_EDGE('',*,*,#942,.F.);
#4694 = ORIENTED_EDGE('',*,*,#4634,.F.);
#4695 = PLANE('',#4696);
#4696 = AXIS2_PLACEMENT_3D('',#4697,#4698,#4699);
#4697 = CARTESIAN_POINT('',(-0.111413244036,-1.926413479559,13.95));
#4698 = DIRECTION('',(0.,0.,1.));
#4699 = DIRECTION('',(1.,0.,-0.));
#4700 = ADVANCED_FACE('',(#4701),#4714,.F.);
#4701 = FACE_BOUND('',#4702,.T.);
#4702 = EDGE_LOOP('',(#4703,#4704,#4705,#4706,#4707,#4713));
#4703 = ORIENTED_EDGE('',*,*,#1912,.F.);
#4704 = ORIENTED_EDGE('',*,*,#3368,.F.);
#4705 = ORIENTED_EDGE('',*,*,#3971,.T.);
#4706 = ORIENTED_EDGE('',*,*,#3658,.F.);
#4707 = ORIENTED_EDGE('',*,*,#4708,.F.);
#4708 = EDGE_CURVE('',#3579,#3659,#4709,.T.);
#4709 = LINE('',#4710,#4711);
#4710 = CARTESIAN_POINT('',(-0.386712,0.969531,15.25));
#4711 = VECTOR('',#4712,1.);
#4712 = DIRECTION('',(-1.,1.224606353822E-16,3.215020689727E-32));
#4713 = ORIENTED_EDGE('',*,*,#3578,.T.);
#4714 = PLANE('',#4715);
#4715 = AXIS2_PLACEMENT_3D('',#4716,#4717,#4718);
#4716 = CARTESIAN_POINT('',(-2.017181,1.769531,15.25));
#4717 = DIRECTION('',(2.465190328816E-32,-6.123031769112E-17,1.));
#4718 = DIRECTION('',(-1.,1.224606353822E-16,3.215020689727E-32));
#4719 = ADVANCED_FACE('',(#4720),#4734,.T.);
#4720 = FACE_BOUND('',#4721,.T.);
#4721 = EDGE_LOOP('',(#4722,#4723,#4724,#4725,#4726,#4727,#4728,#4729,
    #4730,#4731,#4732,#4733));
#4722 = ORIENTED_EDGE('',*,*,#4592,.F.);
#4723 = ORIENTED_EDGE('',*,*,#4509,.T.);
#4724 = ORIENTED_EDGE('',*,*,#3586,.T.);
#4725 = ORIENTED_EDGE('',*,*,#4708,.T.);
#4726 = ORIENTED_EDGE('',*,*,#3666,.T.);
#4727 = ORIENTED_EDGE('',*,*,#4423,.T.);
#4728 = ORIENTED_EDGE('',*,*,#3729,.T.);
#4729 = ORIENTED_EDGE('',*,*,#4347,.T.);
#4730 = ORIENTED_EDGE('',*,*,#3855,.T.);
#4731 = ORIENTED_EDGE('',*,*,#1793,.T.);
#4732 = ORIENTED_EDGE('',*,*,#1879,.F.);
#4733 = ORIENTED_EDGE('',*,*,#4476,.T.);
#4734 = PLANE('',#4735);
#4735 = AXIS2_PLACEMENT_3D('',#4736,#4737,#4738);
#4736 = CARTESIAN_POINT('',(-1.717181,0.969531,15.6000024));
#4737 = DIRECTION('',(1.224606353822E-16,1.,6.123031769112E-17));
#4738 = DIRECTION('',(-1.,1.224606353822E-16,3.215020689727E-32));
#4739 = ADVANCED_FACE('',(#4740),#4746,.F.);
#4740 = FACE_BOUND('',#4741,.T.);
#4741 = EDGE_LOOP('',(#4742,#4743,#4744,#4745));
#4742 = ORIENTED_EDGE('',*,*,#2836,.T.);
#4743 = ORIENTED_EDGE('',*,*,#3082,.T.);
#4744 = ORIENTED_EDGE('',*,*,#1123,.T.);
#4745 = ORIENTED_EDGE('',*,*,#4035,.T.);
#4746 = PLANE('',#4747);
#4747 = AXIS2_PLACEMENT_3D('',#4748,#4749,#4750);
#4748 = CARTESIAN_POINT('',(-2.142181,-3.730469,12.2899976));
#4749 = DIRECTION('',(-0.970142500145,0.242535625036,0.));
#4750 = DIRECTION('',(0.242535625036,0.970142500145,0.));
#4751 = ADVANCED_FACE('',(#4752),#4788,.T.);
#4752 = FACE_BOUND('',#4753,.T.);
#4753 = EDGE_LOOP('',(#4754,#4755,#4756,#4757,#4758,#4766,#4774,#4782));
#4754 = ORIENTED_EDGE('',*,*,#2753,.F.);
#4755 = ORIENTED_EDGE('',*,*,#2486,.T.);
#4756 = ORIENTED_EDGE('',*,*,#1587,.T.);
#4757 = ORIENTED_EDGE('',*,*,#3258,.T.);
#4758 = ORIENTED_EDGE('',*,*,#4759,.F.);
#4759 = EDGE_CURVE('',#4760,#3251,#4762,.T.);
#4760 = VERTEX_POINT('',#4761);
#4761 = CARTESIAN_POINT('',(1.182819,2.769531,9.8));
#4762 = LINE('',#4763,#4764);
#4763 = CARTESIAN_POINT('',(1.182819,2.769531,-5.625));
#4764 = VECTOR('',#4765,1.);
#4765 = DIRECTION('',(0.,0.,1.));
#4766 = ORIENTED_EDGE('',*,*,#4767,.F.);
#4767 = EDGE_CURVE('',#4768,#4760,#4770,.T.);
#4768 = VERTEX_POINT('',#4769);
#4769 = CARTESIAN_POINT('',(7.818999999999E-03,2.769531,9.8));
#4770 = LINE('',#4771,#4772);
#4771 = CARTESIAN_POINT('',(-5.612031308958E-16,2.769531,9.8));
#4772 = VECTOR('',#4773,1.);
#4773 = DIRECTION('',(1.,2.449212707645E-16,0.));
#4774 = ORIENTED_EDGE('',*,*,#4775,.F.);
#4775 = EDGE_CURVE('',#4776,#4768,#4778,.T.);
#4776 = VERTEX_POINT('',#4777);
#4777 = CARTESIAN_POINT('',(7.818999999999E-03,2.769531,10.3));
#4778 = LINE('',#4779,#4780);
#4779 = CARTESIAN_POINT('',(7.818999999999E-03,2.769531,15.625));
#4780 = VECTOR('',#4781,1.);
#4781 = DIRECTION('',(0.,0.,-1.));
#4782 = ORIENTED_EDGE('',*,*,#4783,.F.);
#4783 = EDGE_CURVE('',#2754,#4776,#4784,.T.);
#4784 = LINE('',#4785,#4786);
#4785 = CARTESIAN_POINT('',(-5.612031308958E-16,2.769531,10.3));
#4786 = VECTOR('',#4787,1.);
#4787 = DIRECTION('',(-1.,-2.449212707645E-16,0.));
#4788 = PLANE('',#4789);
#4789 = AXIS2_PLACEMENT_3D('',#4790,#4791,#4792);
#4790 = CARTESIAN_POINT('',(-2.217181,2.769531,23.125));
#4791 = DIRECTION('',(-1.224606353822E-16,1.,0.));
#4792 = DIRECTION('',(1.,1.224606353822E-16,0.));
#4793 = ADVANCED_FACE('',(#4794),#4830,.T.);
#4794 = FACE_BOUND('',#4795,.T.);
#4795 = EDGE_LOOP('',(#4796,#4804,#4812,#4820,#4826,#4827,#4828,#4829));
#4796 = ORIENTED_EDGE('',*,*,#4797,.F.);
#4797 = EDGE_CURVE('',#4798,#4776,#4800,.T.);
#4798 = VERTEX_POINT('',#4799);
#4799 = CARTESIAN_POINT('',(7.818999999999E-03,1.769531,10.3));
#4800 = LINE('',#4801,#4802);
#4801 = CARTESIAN_POINT('',(7.818999999999E-03,-2.21087085217E-16,10.3)
  );
#4802 = VECTOR('',#4803,1.);
#4803 = DIRECTION('',(-1.224606353822E-16,1.,0.));
#4804 = ORIENTED_EDGE('',*,*,#4805,.F.);
#4805 = EDGE_CURVE('',#4806,#4798,#4808,.T.);
#4806 = VERTEX_POINT('',#4807);
#4807 = CARTESIAN_POINT('',(-0.792181,1.769531,10.3));
#4808 = LINE('',#4809,#4810);
#4809 = CARTESIAN_POINT('',(-4.387424955136E-16,1.769531,10.3));
#4810 = VECTOR('',#4811,1.);
#4811 = DIRECTION('',(1.,1.224606353822E-16,0.));
#4812 = ORIENTED_EDGE('',*,*,#4813,.T.);
#4813 = EDGE_CURVE('',#4806,#4814,#4816,.T.);
#4814 = VERTEX_POINT('',#4815);
#4815 = CARTESIAN_POINT('',(-0.792181,2.769531,10.3));
#4816 = LINE('',#4817,#4818);
#4817 = CARTESIAN_POINT('',(-0.792181,-3.190555935228E-16,10.3));
#4818 = VECTOR('',#4819,1.);
#4819 = DIRECTION('',(1.431043868474E-14,1.,8.881784197001E-15));
#4820 = ORIENTED_EDGE('',*,*,#4821,.T.);
#4821 = EDGE_CURVE('',#4814,#2922,#4822,.T.);
#4822 = LINE('',#4823,#4824);
#4823 = CARTESIAN_POINT('',(-5.612031308958E-16,2.769531,10.3));
#4824 = VECTOR('',#4825,1.);
#4825 = DIRECTION('',(-1.,-1.224606353822E-16,0.));
#4826 = ORIENTED_EDGE('',*,*,#2919,.F.);
#4827 = ORIENTED_EDGE('',*,*,#3429,.T.);
#4828 = ORIENTED_EDGE('',*,*,#2761,.F.);
#4829 = ORIENTED_EDGE('',*,*,#4783,.T.);
#4830 = PLANE('',#4831);
#4831 = AXIS2_PLACEMENT_3D('',#4832,#4833,#4834);
#4832 = CARTESIAN_POINT('',(-1.567181,-0.230469,10.3));
#4833 = DIRECTION('',(0.,0.,1.));
#4834 = DIRECTION('',(-1.,-1.224606353822E-16,0.));
#4835 = ADVANCED_FACE('',(#4836),#4872,.F.);
#4836 = FACE_BOUND('',#4837,.F.);
#4837 = EDGE_LOOP('',(#4838,#4848,#4857,#4865));
#4838 = ORIENTED_EDGE('',*,*,#4839,.T.);
#4839 = EDGE_CURVE('',#4840,#4842,#4844,.T.);
#4840 = VERTEX_POINT('',#4841);
#4841 = CARTESIAN_POINT('',(0.282819,-1.430469,9.4));
#4842 = VERTEX_POINT('',#4843);
#4843 = CARTESIAN_POINT('',(1.082819,-1.430469,9.4));
#4844 = LINE('',#4845,#4846);
#4845 = CARTESIAN_POINT('',(-0.386712,-1.430469,9.4));
#4846 = VECTOR('',#4847,1.);
#4847 = DIRECTION('',(1.,1.232595164408E-32,-1.224606353822E-16));
#4848 = ORIENTED_EDGE('',*,*,#4849,.T.);
#4849 = EDGE_CURVE('',#4842,#4850,#4852,.T.);
#4850 = VERTEX_POINT('',#4851);
#4851 = CARTESIAN_POINT('',(1.082819,-1.230469,9.6));
#4852 = CIRCLE('',#4853,0.2);
#4853 = AXIS2_PLACEMENT_3D('',#4854,#4855,#4856);
#4854 = CARTESIAN_POINT('',(1.082819,-1.230469,9.4));
#4855 = DIRECTION('',(-1.,-1.232595164408E-32,1.224606353822E-16));
#4856 = DIRECTION('',(2.73225588623E-32,-1.,1.224606353822E-16));
#4857 = ORIENTED_EDGE('',*,*,#4858,.F.);
#4858 = EDGE_CURVE('',#4859,#4850,#4861,.T.);
#4859 = VERTEX_POINT('',#4860);
#4860 = CARTESIAN_POINT('',(0.282819,-1.230469,9.6));
#4861 = LINE('',#4862,#4863);
#4862 = CARTESIAN_POINT('',(-0.386712,-1.230469,9.6));
#4863 = VECTOR('',#4864,1.);
#4864 = DIRECTION('',(1.,1.232595164408E-32,-1.224606353822E-16));
#4865 = ORIENTED_EDGE('',*,*,#4866,.F.);
#4866 = EDGE_CURVE('',#4840,#4859,#4867,.T.);
#4867 = CIRCLE('',#4868,0.2);
#4868 = AXIS2_PLACEMENT_3D('',#4869,#4870,#4871);
#4869 = CARTESIAN_POINT('',(0.282819,-1.230469,9.4));
#4870 = DIRECTION('',(-1.,-1.232595164408E-32,1.224606353822E-16));
#4871 = DIRECTION('',(2.73225588623E-32,-1.,1.224606353822E-16));
#4872 = CYLINDRICAL_SURFACE('',#4873,0.2);
#4873 = AXIS2_PLACEMENT_3D('',#4874,#4875,#4876);
#4874 = CARTESIAN_POINT('',(-0.386712,-1.230469,9.4));
#4875 = DIRECTION('',(1.,1.232595164408E-32,-1.224606353822E-16));
#4876 = DIRECTION('',(2.73225588623E-32,-1.,1.224606353822E-16));
#4877 = ADVANCED_FACE('',(#4878),#4896,.T.);
#4878 = FACE_BOUND('',#4879,.T.);
#4879 = EDGE_LOOP('',(#4880,#4881,#4889,#4895));
#4880 = ORIENTED_EDGE('',*,*,#4775,.T.);
#4881 = ORIENTED_EDGE('',*,*,#4882,.F.);
#4882 = EDGE_CURVE('',#4883,#4768,#4885,.T.);
#4883 = VERTEX_POINT('',#4884);
#4884 = CARTESIAN_POINT('',(7.818999999999E-03,1.769531,9.8));
#4885 = LINE('',#4886,#4887);
#4886 = CARTESIAN_POINT('',(7.818999999999E-03,-2.21087085217E-16,9.8));
#4887 = VECTOR('',#4888,1.);
#4888 = DIRECTION('',(-1.224606353822E-16,1.,0.));
#4889 = ORIENTED_EDGE('',*,*,#4890,.T.);
#4890 = EDGE_CURVE('',#4883,#4798,#4891,.T.);
#4891 = LINE('',#4892,#4893);
#4892 = CARTESIAN_POINT('',(7.818999999999E-03,1.769531,9.8));
#4893 = VECTOR('',#4894,1.);
#4894 = DIRECTION('',(0.,0.,1.));
#4895 = ORIENTED_EDGE('',*,*,#4797,.T.);
#4896 = PLANE('',#4897);
#4897 = AXIS2_PLACEMENT_3D('',#4898,#4899,#4900);
#4898 = CARTESIAN_POINT('',(7.818999999999E-03,1.769531,9.8));
#4899 = DIRECTION('',(-1.,-1.224606353822E-16,0.));
#4900 = DIRECTION('',(1.224606353822E-16,-1.,0.));
#4901 = ADVANCED_FACE('',(#4902),#4936,.T.);
#4902 = FACE_BOUND('',#4903,.T.);
#4903 = EDGE_LOOP('',(#4904,#4914,#4922,#4930));
#4904 = ORIENTED_EDGE('',*,*,#4905,.F.);
#4905 = EDGE_CURVE('',#4906,#4908,#4910,.T.);
#4906 = VERTEX_POINT('',#4907);
#4907 = CARTESIAN_POINT('',(7.2819E-02,2.169531,11.15));
#4908 = VERTEX_POINT('',#4909);
#4909 = CARTESIAN_POINT('',(0.147819,1.869531,11.075));
#4910 = LINE('',#4911,#4912);
#4911 = CARTESIAN_POINT('',(0.714744149402,-0.398169597608,
    10.508074850598));
#4912 = VECTOR('',#4913,1.);
#4913 = DIRECTION('',(0.235702260396,-0.942809041582,-0.235702260396));
#4914 = ORIENTED_EDGE('',*,*,#4915,.F.);
#4915 = EDGE_CURVE('',#4916,#4906,#4918,.T.);
#4916 = VERTEX_POINT('',#4917);
#4917 = CARTESIAN_POINT('',(7.2819E-02,2.169531,11.35));
#4918 = LINE('',#4919,#4920);
#4919 = CARTESIAN_POINT('',(7.2819E-02,2.169531,11.425));
#4920 = VECTOR('',#4921,1.);
#4921 = DIRECTION('',(0.,0.,-1.));
#4922 = ORIENTED_EDGE('',*,*,#4923,.F.);
#4923 = EDGE_CURVE('',#4924,#4916,#4926,.T.);
#4924 = VERTEX_POINT('',#4925);
#4925 = CARTESIAN_POINT('',(0.147819,1.869531,11.425));
#4926 = LINE('',#4927,#4928);
#4927 = CARTESIAN_POINT('',(0.714744149402,-0.398169597608,
    11.991925149402));
#4928 = VECTOR('',#4929,1.);
#4929 = DIRECTION('',(-0.235702260396,0.942809041582,-0.235702260396));
#4930 = ORIENTED_EDGE('',*,*,#4931,.T.);
#4931 = EDGE_CURVE('',#4924,#4908,#4932,.T.);
#4932 = LINE('',#4933,#4934);
#4933 = CARTESIAN_POINT('',(0.147819,1.869531,11.425));
#4934 = VECTOR('',#4935,1.);
#4935 = DIRECTION('',(0.,0.,-1.));
#4936 = PLANE('',#4937);
#4937 = AXIS2_PLACEMENT_3D('',#4938,#4939,#4940);
#4938 = CARTESIAN_POINT('',(0.147819,1.869531,11.425));
#4939 = DIRECTION('',(0.970142500145,0.242535625036,0.));
#4940 = DIRECTION('',(-0.242535625036,0.970142500145,0.));
#4941 = ADVANCED_FACE('',(#4942),#4965,.T.);
#4942 = FACE_BOUND('',#4943,.T.);
#4943 = EDGE_LOOP('',(#4944,#4945,#4953,#4959));
#4944 = ORIENTED_EDGE('',*,*,#3458,.F.);
#4945 = ORIENTED_EDGE('',*,*,#4946,.F.);
#4946 = EDGE_CURVE('',#4947,#3451,#4949,.T.);
#4947 = VERTEX_POINT('',#4948);
#4948 = CARTESIAN_POINT('',(-0.202181,1.869531,11.075));
#4949 = LINE('',#4950,#4951);
#4950 = CARTESIAN_POINT('',(-0.202181,-0.398169597608,11.075));
#4951 = VECTOR('',#4952,1.);
#4952 = DIRECTION('',(-3.700743415417E-16,-1.,0.));
#4953 = ORIENTED_EDGE('',*,*,#4954,.F.);
#4954 = EDGE_CURVE('',#4908,#4947,#4955,.T.);
#4955 = LINE('',#4956,#4957);
#4956 = CARTESIAN_POINT('',(-6.453477941594E-03,1.869531,11.075));
#4957 = VECTOR('',#4958,1.);
#4958 = DIRECTION('',(-1.,-2.312964634636E-17,0.));
#4959 = ORIENTED_EDGE('',*,*,#4960,.T.);
#4960 = EDGE_CURVE('',#4908,#3459,#4961,.T.);
#4961 = LINE('',#4962,#4963);
#4962 = CARTESIAN_POINT('',(0.147819,-0.398169597608,11.075));
#4963 = VECTOR('',#4964,1.);
#4964 = DIRECTION('',(2.312964634636E-17,-1.,0.));
#4965 = PLANE('',#4966);
#4966 = AXIS2_PLACEMENT_3D('',#4967,#4968,#4969);
#4967 = CARTESIAN_POINT('',(-6.453477941594E-03,-0.398169597608,11.075)
  );
#4968 = DIRECTION('',(0.,0.,-1.));
#4969 = DIRECTION('',(-1.,0.,0.));
#4970 = ADVANCED_FACE('',(#4971),#4994,.F.);
#4971 = FACE_BOUND('',#4972,.T.);
#4972 = EDGE_LOOP('',(#4973,#4974,#4980,#4988));
#4973 = ORIENTED_EDGE('',*,*,#3474,.T.);
#4974 = ORIENTED_EDGE('',*,*,#4975,.F.);
#4975 = EDGE_CURVE('',#4924,#3467,#4976,.T.);
#4976 = LINE('',#4977,#4978);
#4977 = CARTESIAN_POINT('',(0.147819,-0.398169597608,11.425));
#4978 = VECTOR('',#4979,1.);
#4979 = DIRECTION('',(2.312964634636E-17,-1.,0.));
#4980 = ORIENTED_EDGE('',*,*,#4981,.T.);
#4981 = EDGE_CURVE('',#4924,#4982,#4984,.T.);
#4982 = VERTEX_POINT('',#4983);
#4983 = CARTESIAN_POINT('',(-0.202181,1.869531,11.425));
#4984 = LINE('',#4985,#4986);
#4985 = CARTESIAN_POINT('',(-6.453477941594E-03,1.869531,11.425));
#4986 = VECTOR('',#4987,1.);
#4987 = DIRECTION('',(-1.,-2.312964634636E-17,0.));
#4988 = ORIENTED_EDGE('',*,*,#4989,.T.);
#4989 = EDGE_CURVE('',#4982,#3449,#4990,.T.);
#4990 = LINE('',#4991,#4992);
#4991 = CARTESIAN_POINT('',(-0.202181,-0.398169597608,11.425));
#4992 = VECTOR('',#4993,1.);
#4993 = DIRECTION('',(-3.700743415417E-16,-1.,0.));
#4994 = PLANE('',#4995);
#4995 = AXIS2_PLACEMENT_3D('',#4996,#4997,#4998);
#4996 = CARTESIAN_POINT('',(-6.453477941594E-03,-0.398169597608,11.425)
  );
#4997 = DIRECTION('',(0.,0.,-1.));
#4998 = DIRECTION('',(-1.,0.,0.));
#4999 = ADVANCED_FACE('',(#5000),#5030,.T.);
#5000 = FACE_BOUND('',#5001,.T.);
#5001 = EDGE_LOOP('',(#5002,#5010,#5018,#5024));
#5002 = ORIENTED_EDGE('',*,*,#5003,.F.);
#5003 = EDGE_CURVE('',#5004,#4982,#5006,.T.);
#5004 = VERTEX_POINT('',#5005);
#5005 = CARTESIAN_POINT('',(-0.127181,2.169531,11.35));
#5006 = LINE('',#5007,#5008);
#5007 = CARTESIAN_POINT('',(-0.769106149402,-0.398169597608,
    11.991925149402));
#5008 = VECTOR('',#5009,1.);
#5009 = DIRECTION('',(-0.235702260396,-0.942809041582,0.235702260396));
#5010 = ORIENTED_EDGE('',*,*,#5011,.T.);
#5011 = EDGE_CURVE('',#5004,#5012,#5014,.T.);
#5012 = VERTEX_POINT('',#5013);
#5013 = CARTESIAN_POINT('',(-0.127181,2.169531,11.15));
#5014 = LINE('',#5015,#5016);
#5015 = CARTESIAN_POINT('',(-0.127181,2.169531,11.425));
#5016 = VECTOR('',#5017,1.);
#5017 = DIRECTION('',(0.,0.,-1.));
#5018 = ORIENTED_EDGE('',*,*,#5019,.F.);
#5019 = EDGE_CURVE('',#4947,#5012,#5020,.T.);
#5020 = LINE('',#5021,#5022);
#5021 = CARTESIAN_POINT('',(-0.769106149402,-0.398169597608,
    10.508074850598));
#5022 = VECTOR('',#5023,1.);
#5023 = DIRECTION('',(0.235702260396,0.942809041582,0.235702260396));
#5024 = ORIENTED_EDGE('',*,*,#5025,.T.);
#5025 = EDGE_CURVE('',#4947,#4982,#5026,.T.);
#5026 = LINE('',#5027,#5028);
#5027 = CARTESIAN_POINT('',(-0.202181,1.869531,11.425));
#5028 = VECTOR('',#5029,1.);
#5029 = DIRECTION('',(0.,0.,1.));
#5030 = PLANE('',#5031);
#5031 = AXIS2_PLACEMENT_3D('',#5032,#5033,#5034);
#5032 = CARTESIAN_POINT('',(-0.127181,2.169531,11.425));
#5033 = DIRECTION('',(-0.970142500145,0.242535625036,0.));
#5034 = DIRECTION('',(-0.242535625036,-0.970142500145,0.));
#5035 = ADVANCED_FACE('',(#5036),#5042,.T.);
#5036 = FACE_BOUND('',#5037,.T.);
#5037 = EDGE_LOOP('',(#5038,#5039,#5040,#5041));
#5038 = ORIENTED_EDGE('',*,*,#3448,.F.);
#5039 = ORIENTED_EDGE('',*,*,#4989,.F.);
#5040 = ORIENTED_EDGE('',*,*,#5025,.F.);
#5041 = ORIENTED_EDGE('',*,*,#4946,.T.);
#5042 = PLANE('',#5043);
#5043 = AXIS2_PLACEMENT_3D('',#5044,#5045,#5046);
#5044 = CARTESIAN_POINT('',(-0.202181,1.769531,11.425));
#5045 = DIRECTION('',(-1.,3.700743415417E-16,0.));
#5046 = DIRECTION('',(-3.700743415417E-16,-1.,0.));
#5047 = ADVANCED_FACE('',(#5048),#5054,.T.);
#5048 = FACE_BOUND('',#5049,.T.);
#5049 = EDGE_LOOP('',(#5050,#5051,#5052,#5053));
#5050 = ORIENTED_EDGE('',*,*,#3466,.F.);
#5051 = ORIENTED_EDGE('',*,*,#4960,.F.);
#5052 = ORIENTED_EDGE('',*,*,#4931,.F.);
#5053 = ORIENTED_EDGE('',*,*,#4975,.T.);
#5054 = PLANE('',#5055);
#5055 = AXIS2_PLACEMENT_3D('',#5056,#5057,#5058);
#5056 = CARTESIAN_POINT('',(0.147819,-2.130469,11.425));
#5057 = DIRECTION('',(1.,2.312964634636E-17,0.));
#5058 = DIRECTION('',(-2.312964634636E-17,1.,0.));
#5059 = ADVANCED_FACE('',(#5060),#5076,.T.);
#5060 = FACE_BOUND('',#5061,.T.);
#5061 = EDGE_LOOP('',(#5062,#5068,#5069,#5075));
#5062 = ORIENTED_EDGE('',*,*,#5063,.F.);
#5063 = EDGE_CURVE('',#4916,#5004,#5064,.T.);
#5064 = LINE('',#5065,#5066);
#5065 = CARTESIAN_POINT('',(-6.453477941594E-03,2.169531,11.35));
#5066 = VECTOR('',#5067,1.);
#5067 = DIRECTION('',(-1.,0.,-5.782411586589E-18));
#5068 = ORIENTED_EDGE('',*,*,#4915,.T.);
#5069 = ORIENTED_EDGE('',*,*,#5070,.F.);
#5070 = EDGE_CURVE('',#5012,#4906,#5071,.T.);
#5071 = LINE('',#5072,#5073);
#5072 = CARTESIAN_POINT('',(-6.453477941594E-03,2.169531,11.15));
#5073 = VECTOR('',#5074,1.);
#5074 = DIRECTION('',(1.,0.,-5.782411586589E-18));
#5075 = ORIENTED_EDGE('',*,*,#5011,.F.);
#5076 = PLANE('',#5077);
#5077 = AXIS2_PLACEMENT_3D('',#5078,#5079,#5080);
#5078 = CARTESIAN_POINT('',(7.2819E-02,2.169531,11.425));
#5079 = DIRECTION('',(0.,1.,0.));
#5080 = DIRECTION('',(-1.,0.,0.));
#5081 = ADVANCED_FACE('',(#5082),#5088,.F.);
#5082 = FACE_BOUND('',#5083,.T.);
#5083 = EDGE_LOOP('',(#5084,#5085,#5086,#5087));
#5084 = ORIENTED_EDGE('',*,*,#5019,.T.);
#5085 = ORIENTED_EDGE('',*,*,#5070,.T.);
#5086 = ORIENTED_EDGE('',*,*,#4905,.T.);
#5087 = ORIENTED_EDGE('',*,*,#4954,.T.);
#5088 = PLANE('',#5089);
#5089 = AXIS2_PLACEMENT_3D('',#5090,#5091,#5092);
#5090 = CARTESIAN_POINT('',(-2.6736834,1.869531,11.075));
#5091 = DIRECTION('',(5.609763233483E-18,-0.242535625036,0.970142500145)
  );
#5092 = DIRECTION('',(-2.243905293393E-17,0.970142500145,0.242535625036)
  );
#5093 = ADVANCED_FACE('',(#5094),#5100,.F.);
#5094 = FACE_BOUND('',#5095,.T.);
#5095 = EDGE_LOOP('',(#5096,#5097,#5098,#5099));
#5096 = ORIENTED_EDGE('',*,*,#5003,.T.);
#5097 = ORIENTED_EDGE('',*,*,#4981,.F.);
#5098 = ORIENTED_EDGE('',*,*,#4923,.T.);
#5099 = ORIENTED_EDGE('',*,*,#5063,.T.);
#5100 = PLANE('',#5101);
#5101 = AXIS2_PLACEMENT_3D('',#5102,#5103,#5104);
#5102 = CARTESIAN_POINT('',(-2.6736834,2.169531,11.35));
#5103 = DIRECTION('',(5.609763233483E-18,-0.242535625036,-0.970142500145
    ));
#5104 = DIRECTION('',(2.243905293393E-17,-0.970142500145,0.242535625036)
  );
#5105 = ADVANCED_FACE('',(#5106,#5187,#5221),#5227,.F.);
#5106 = FACE_BOUND('',#5107,.T.);
#5107 = EDGE_LOOP('',(#5108,#5116,#5122,#5123,#5131,#5139,#5147,#5155,
    #5163,#5169,#5170,#5176,#5177,#5178,#5179,#5180,#5181,#5182,#5183,
    #5184,#5185,#5186));
#5108 = ORIENTED_EDGE('',*,*,#5109,.T.);
#5109 = EDGE_CURVE('',#895,#5110,#5112,.T.);
#5110 = VERTEX_POINT('',#5111);
#5111 = CARTESIAN_POINT('',(-1.017181,-1.530469,11.426));
#5112 = LINE('',#5113,#5114);
#5113 = CARTESIAN_POINT('',(-1.017181,-1.530469,15.625));
#5114 = VECTOR('',#5115,1.);
#5115 = DIRECTION('',(0.,0.,-1.));
#5116 = ORIENTED_EDGE('',*,*,#5117,.F.);
#5117 = EDGE_CURVE('',#2665,#5110,#5118,.T.);
#5118 = LINE('',#5119,#5120);
#5119 = CARTESIAN_POINT('',(-3.462239875221E-17,-1.530469,11.426));
#5120 = VECTOR('',#5121,1.);
#5121 = DIRECTION('',(1.,1.224606353822E-16,0.));
#5122 = ORIENTED_EDGE('',*,*,#2664,.T.);
#5123 = ORIENTED_EDGE('',*,*,#5124,.F.);
#5124 = EDGE_CURVE('',#5125,#2657,#5127,.T.);
#5125 = VERTEX_POINT('',#5126);
#5126 = CARTESIAN_POINT('',(-1.017181,-1.530469,11.075));
#5127 = LINE('',#5128,#5129);
#5128 = CARTESIAN_POINT('',(-3.462239875221E-17,-1.530469,11.075));
#5129 = VECTOR('',#5130,1.);
#5130 = DIRECTION('',(-1.,-1.224606353822E-16,0.));
#5131 = ORIENTED_EDGE('',*,*,#5132,.F.);
#5132 = EDGE_CURVE('',#5133,#5125,#5135,.T.);
#5133 = VERTEX_POINT('',#5134);
#5134 = CARTESIAN_POINT('',(-1.017181,-1.530469,10.775));
#5135 = LINE('',#5136,#5137);
#5136 = CARTESIAN_POINT('',(-1.017181,-1.530469,15.625));
#5137 = VECTOR('',#5138,1.);
#5138 = DIRECTION('',(0.,0.,1.));
#5139 = ORIENTED_EDGE('',*,*,#5140,.F.);
#5140 = EDGE_CURVE('',#5141,#5133,#5143,.T.);
#5141 = VERTEX_POINT('',#5142);
#5142 = CARTESIAN_POINT('',(8.2819E-02,-1.530469,10.775));
#5143 = LINE('',#5144,#5145);
#5144 = CARTESIAN_POINT('',(-3.462239875221E-17,-1.530469,10.775));
#5145 = VECTOR('',#5146,1.);
#5146 = DIRECTION('',(-1.,-1.224606353822E-16,0.));
#5147 = ORIENTED_EDGE('',*,*,#5148,.F.);
#5148 = EDGE_CURVE('',#5149,#5141,#5151,.T.);
#5149 = VERTEX_POINT('',#5150);
#5150 = CARTESIAN_POINT('',(8.2819E-02,-1.530469,9.8));
#5151 = LINE('',#5152,#5153);
#5152 = CARTESIAN_POINT('',(8.2819E-02,-1.530469,15.625));
#5153 = VECTOR('',#5154,1.);
#5154 = DIRECTION('',(0.,0.,1.));
#5155 = ORIENTED_EDGE('',*,*,#5156,.T.);
#5156 = EDGE_CURVE('',#5149,#5157,#5159,.T.);
#5157 = VERTEX_POINT('',#5158);
#5158 = CARTESIAN_POINT('',(0.282819,-1.530469,9.8));
#5159 = LINE('',#5160,#5161);
#5160 = CARTESIAN_POINT('',(-3.462239875221E-17,-1.530469,9.8));
#5161 = VECTOR('',#5162,1.);
#5162 = DIRECTION('',(1.,1.224606353822E-16,0.));
#5163 = ORIENTED_EDGE('',*,*,#5164,.T.);
#5164 = EDGE_CURVE('',#5157,#3825,#5165,.T.);
#5165 = LINE('',#5166,#5167);
#5166 = CARTESIAN_POINT('',(-3.462239875221E-17,-1.530469,9.8));
#5167 = VECTOR('',#5168,1.);
#5168 = DIRECTION('',(1.,1.224606353822E-16,0.));
#5169 = ORIENTED_EDGE('',*,*,#3824,.F.);
#5170 = ORIENTED_EDGE('',*,*,#5171,.F.);
#5171 = EDGE_CURVE('',#2457,#3817,#5172,.T.);
#5172 = LINE('',#5173,#5174);
#5173 = CARTESIAN_POINT('',(-3.462239875221E-17,-1.530469,10.775));
#5174 = VECTOR('',#5175,1.);
#5175 = DIRECTION('',(-1.,-1.224606353822E-16,0.));
#5176 = ORIENTED_EDGE('',*,*,#2456,.T.);
#5177 = ORIENTED_EDGE('',*,*,#1420,.T.);
#5178 = ORIENTED_EDGE('',*,*,#1014,.T.);
#5179 = ORIENTED_EDGE('',*,*,#3235,.F.);
#5180 = ORIENTED_EDGE('',*,*,#2730,.F.);
#5181 = ORIENTED_EDGE('',*,*,#2264,.T.);
#5182 = ORIENTED_EDGE('',*,*,#2301,.T.);
#5183 = ORIENTED_EDGE('',*,*,#2019,.T.);
#5184 = ORIENTED_EDGE('',*,*,#1265,.T.);
#5185 = ORIENTED_EDGE('',*,*,#2595,.F.);
#5186 = ORIENTED_EDGE('',*,*,#902,.T.);
#5187 = FACE_BOUND('',#5188,.T.);
#5188 = EDGE_LOOP('',(#5189,#5199,#5207,#5215));
#5189 = ORIENTED_EDGE('',*,*,#5190,.T.);
#5190 = EDGE_CURVE('',#5191,#5193,#5195,.T.);
#5191 = VERTEX_POINT('',#5192);
#5192 = CARTESIAN_POINT('',(0.147819,-1.530469,11.425));
#5193 = VERTEX_POINT('',#5194);
#5194 = CARTESIAN_POINT('',(0.147819,-1.530469,11.075));
#5195 = LINE('',#5196,#5197);
#5196 = CARTESIAN_POINT('',(0.147819,-1.530469,24.375));
#5197 = VECTOR('',#5198,1.);
#5198 = DIRECTION('',(0.,0.,-1.));
#5199 = ORIENTED_EDGE('',*,*,#5200,.T.);
#5200 = EDGE_CURVE('',#5193,#5201,#5203,.T.);
#5201 = VERTEX_POINT('',#5202);
#5202 = CARTESIAN_POINT('',(-0.202181,-1.530469,11.075));
#5203 = LINE('',#5204,#5205);
#5204 = CARTESIAN_POINT('',(0.,-1.530469,11.075));
#5205 = VECTOR('',#5206,1.);
#5206 = DIRECTION('',(-1.,2.097985413868E-15,0.));
#5207 = ORIENTED_EDGE('',*,*,#5208,.T.);
#5208 = EDGE_CURVE('',#5201,#5209,#5211,.T.);
#5209 = VERTEX_POINT('',#5210);
#5210 = CARTESIAN_POINT('',(-0.202181,-1.530469,11.425));
#5211 = LINE('',#5212,#5213);
#5212 = CARTESIAN_POINT('',(-0.202181,-1.530469,24.375));
#5213 = VECTOR('',#5214,1.);
#5214 = DIRECTION('',(0.,0.,1.));
#5215 = ORIENTED_EDGE('',*,*,#5216,.F.);
#5216 = EDGE_CURVE('',#5191,#5209,#5217,.T.);
#5217 = LINE('',#5218,#5219);
#5218 = CARTESIAN_POINT('',(0.,-1.530469,11.425));
#5219 = VECTOR('',#5220,1.);
#5220 = DIRECTION('',(-1.,2.097985413868E-15,0.));
#5221 = FACE_BOUND('',#5222,.T.);
#5222 = EDGE_LOOP('',(#5223,#5224,#5225,#5226));
#5223 = ORIENTED_EDGE('',*,*,#3617,.T.);
#5224 = ORIENTED_EDGE('',*,*,#3026,.T.);
#5225 = ORIENTED_EDGE('',*,*,#966,.T.);
#5226 = ORIENTED_EDGE('',*,*,#4459,.F.);
#5227 = PLANE('',#5228);
#5228 = AXIS2_PLACEMENT_3D('',#5229,#5230,#5231);
#5229 = CARTESIAN_POINT('',(0.122819,-1.530469,19.85));
#5230 = DIRECTION('',(2.097985413868E-15,1.,0.));
#5231 = DIRECTION('',(1.,-2.097985413868E-15,0.));
#5232 = ADVANCED_FACE('',(#5233),#5258,.T.);
#5233 = FACE_BOUND('',#5234,.T.);
#5234 = EDGE_LOOP('',(#5235,#5245,#5251,#5252));
#5235 = ORIENTED_EDGE('',*,*,#5236,.T.);
#5236 = EDGE_CURVE('',#5237,#5239,#5241,.T.);
#5237 = VERTEX_POINT('',#5238);
#5238 = CARTESIAN_POINT('',(0.147819,-1.680469,11.425));
#5239 = VERTEX_POINT('',#5240);
#5240 = CARTESIAN_POINT('',(0.147819,-1.680469,11.075));
#5241 = LINE('',#5242,#5243);
#5242 = CARTESIAN_POINT('',(0.147819,-1.680469,11.425));
#5243 = VECTOR('',#5244,1.);
#5244 = DIRECTION('',(0.,0.,-1.));
#5245 = ORIENTED_EDGE('',*,*,#5246,.F.);
#5246 = EDGE_CURVE('',#5193,#5239,#5247,.T.);
#5247 = LINE('',#5248,#5249);
#5248 = CARTESIAN_POINT('',(0.147819,-0.398169597608,11.075));
#5249 = VECTOR('',#5250,1.);
#5250 = DIRECTION('',(2.312964634636E-17,-1.,0.));
#5251 = ORIENTED_EDGE('',*,*,#5190,.F.);
#5252 = ORIENTED_EDGE('',*,*,#5253,.T.);
#5253 = EDGE_CURVE('',#5191,#5237,#5254,.T.);
#5254 = LINE('',#5255,#5256);
#5255 = CARTESIAN_POINT('',(0.147819,-0.398169597608,11.425));
#5256 = VECTOR('',#5257,1.);
#5257 = DIRECTION('',(2.312964634636E-17,-1.,0.));
#5258 = PLANE('',#5259);
#5259 = AXIS2_PLACEMENT_3D('',#5260,#5261,#5262);
#5260 = CARTESIAN_POINT('',(0.147819,-2.130469,11.425));
#5261 = DIRECTION('',(1.,2.312964634636E-17,0.));
#5262 = DIRECTION('',(-2.312964634636E-17,1.,0.));
#5263 = ADVANCED_FACE('',(#5264),#5291,.T.);
#5264 = FACE_BOUND('',#5265,.T.);
#5265 = EDGE_LOOP('',(#5266,#5267,#5276,#5284));
#5266 = ORIENTED_EDGE('',*,*,#5236,.F.);
#5267 = ORIENTED_EDGE('',*,*,#5268,.T.);
#5268 = EDGE_CURVE('',#5237,#5269,#5271,.T.);
#5269 = VERTEX_POINT('',#5270);
#5270 = CARTESIAN_POINT('',(-0.302181,-2.130469,11.425));
#5271 = CIRCLE('',#5272,0.45);
#5272 = AXIS2_PLACEMENT_3D('',#5273,#5274,#5275);
#5273 = CARTESIAN_POINT('',(-0.302181,-1.680469,11.425));
#5274 = DIRECTION('',(0.,0.,-1.));
#5275 = DIRECTION('',(-1.,0.,0.));
#5276 = ORIENTED_EDGE('',*,*,#5277,.T.);
#5277 = EDGE_CURVE('',#5269,#5278,#5280,.T.);
#5278 = VERTEX_POINT('',#5279);
#5279 = CARTESIAN_POINT('',(-0.302181,-2.130469,11.075));
#5280 = LINE('',#5281,#5282);
#5281 = CARTESIAN_POINT('',(-0.302181,-2.130469,11.425));
#5282 = VECTOR('',#5283,1.);
#5283 = DIRECTION('',(0.,0.,-1.));
#5284 = ORIENTED_EDGE('',*,*,#5285,.F.);
#5285 = EDGE_CURVE('',#5239,#5278,#5286,.T.);
#5286 = CIRCLE('',#5287,0.45);
#5287 = AXIS2_PLACEMENT_3D('',#5288,#5289,#5290);
#5288 = CARTESIAN_POINT('',(-0.302181,-1.680469,11.075));
#5289 = DIRECTION('',(0.,0.,-1.));
#5290 = DIRECTION('',(-1.,0.,0.));
#5291 = CYLINDRICAL_SURFACE('',#5292,0.45);
#5292 = AXIS2_PLACEMENT_3D('',#5293,#5294,#5295);
#5293 = CARTESIAN_POINT('',(-0.302181,-1.680469,11.425));
#5294 = DIRECTION('',(0.,0.,-1.));
#5295 = DIRECTION('',(-1.,0.,0.));
#5296 = ADVANCED_FACE('',(#5297),#5330,.T.);
#5297 = FACE_BOUND('',#5298,.T.);
#5298 = EDGE_LOOP('',(#5299,#5309,#5317,#5323,#5324));
#5299 = ORIENTED_EDGE('',*,*,#5300,.T.);
#5300 = EDGE_CURVE('',#5301,#5303,#5305,.T.);
#5301 = VERTEX_POINT('',#5302);
#5302 = CARTESIAN_POINT('',(-1.967181,-2.130469,11.425));
#5303 = VERTEX_POINT('',#5304);
#5304 = CARTESIAN_POINT('',(-1.967181,-2.130469,11.075));
#5305 = LINE('',#5306,#5307);
#5306 = CARTESIAN_POINT('',(-1.967181,-2.130469,11.425));
#5307 = VECTOR('',#5308,1.);
#5308 = DIRECTION('',(0.,0.,-1.));
#5309 = ORIENTED_EDGE('',*,*,#5310,.F.);
#5310 = EDGE_CURVE('',#5311,#5303,#5313,.T.);
#5311 = VERTEX_POINT('',#5312);
#5312 = CARTESIAN_POINT('',(-1.017181,-2.130469,11.075));
#5313 = LINE('',#5314,#5315);
#5314 = CARTESIAN_POINT('',(0.,-2.130469,11.075));
#5315 = VECTOR('',#5316,1.);
#5316 = DIRECTION('',(-1.,0.,0.));
#5317 = ORIENTED_EDGE('',*,*,#5318,.T.);
#5318 = EDGE_CURVE('',#5311,#5278,#5319,.T.);
#5319 = LINE('',#5320,#5321);
#5320 = CARTESIAN_POINT('',(-6.453477941594E-03,-2.130469,11.075));
#5321 = VECTOR('',#5322,1.);
#5322 = DIRECTION('',(1.,0.,0.));
#5323 = ORIENTED_EDGE('',*,*,#5277,.F.);
#5324 = ORIENTED_EDGE('',*,*,#5325,.F.);
#5325 = EDGE_CURVE('',#5301,#5269,#5326,.T.);
#5326 = LINE('',#5327,#5328);
#5327 = CARTESIAN_POINT('',(-6.453477941594E-03,-2.130469,11.425));
#5328 = VECTOR('',#5329,1.);
#5329 = DIRECTION('',(1.,0.,0.));
#5330 = PLANE('',#5331);
#5331 = AXIS2_PLACEMENT_3D('',#5332,#5333,#5334);
#5332 = CARTESIAN_POINT('',(-1.892181,-2.130469,11.425));
#5333 = DIRECTION('',(0.,-1.,0.));
#5334 = DIRECTION('',(1.,0.,0.));
#5335 = ADVANCED_FACE('',(#5336),#5407,.F.);
#5336 = FACE_BOUND('',#5337,.T.);
#5337 = EDGE_LOOP('',(#5338,#5348,#5356,#5363,#5364,#5365,#5366,#5367,
    #5375,#5384,#5392,#5401));
#5338 = ORIENTED_EDGE('',*,*,#5339,.F.);
#5339 = EDGE_CURVE('',#5340,#5342,#5344,.T.);
#5340 = VERTEX_POINT('',#5341);
#5341 = CARTESIAN_POINT('',(-2.067181,-3.430469,11.425));
#5342 = VERTEX_POINT('',#5343);
#5343 = CARTESIAN_POINT('',(-2.417181,-3.430469,11.425));
#5344 = LINE('',#5345,#5346);
#5345 = CARTESIAN_POINT('',(-6.453477941594E-03,-3.430469,11.425));
#5346 = VECTOR('',#5347,1.);
#5347 = DIRECTION('',(-1.,0.,0.));
#5348 = ORIENTED_EDGE('',*,*,#5349,.T.);
#5349 = EDGE_CURVE('',#5340,#5350,#5352,.T.);
#5350 = VERTEX_POINT('',#5351);
#5351 = CARTESIAN_POINT('',(-2.067181,-2.230469,11.425));
#5352 = LINE('',#5353,#5354);
#5353 = CARTESIAN_POINT('',(-2.067181,-0.398169597608,11.425));
#5354 = VECTOR('',#5355,1.);
#5355 = DIRECTION('',(0.,1.,0.));
#5356 = ORIENTED_EDGE('',*,*,#5357,.T.);
#5357 = EDGE_CURVE('',#5350,#5301,#5358,.T.);
#5358 = CIRCLE('',#5359,0.1);
#5359 = AXIS2_PLACEMENT_3D('',#5360,#5361,#5362);
#5360 = CARTESIAN_POINT('',(-1.967181,-2.230469,11.425));
#5361 = DIRECTION('',(0.,0.,-1.));
#5362 = DIRECTION('',(-1.,0.,0.));
#5363 = ORIENTED_EDGE('',*,*,#5325,.T.);
#5364 = ORIENTED_EDGE('',*,*,#5268,.F.);
#5365 = ORIENTED_EDGE('',*,*,#5253,.F.);
#5366 = ORIENTED_EDGE('',*,*,#5216,.T.);
#5367 = ORIENTED_EDGE('',*,*,#5368,.T.);
#5368 = EDGE_CURVE('',#5209,#5369,#5371,.T.);
#5369 = VERTEX_POINT('',#5370);
#5370 = CARTESIAN_POINT('',(-0.202181,-1.680469,11.425));
#5371 = LINE('',#5372,#5373);
#5372 = CARTESIAN_POINT('',(-0.202181,-0.398169597608,11.425));
#5373 = VECTOR('',#5374,1.);
#5374 = DIRECTION('',(-3.700743415417E-16,-1.,0.));
#5375 = ORIENTED_EDGE('',*,*,#5376,.T.);
#5376 = EDGE_CURVE('',#5369,#5377,#5379,.T.);
#5377 = VERTEX_POINT('',#5378);
#5378 = CARTESIAN_POINT('',(-0.302181,-1.780469,11.425));
#5379 = CIRCLE('',#5380,0.1);
#5380 = AXIS2_PLACEMENT_3D('',#5381,#5382,#5383);
#5381 = CARTESIAN_POINT('',(-0.302181,-1.680469,11.425));
#5382 = DIRECTION('',(0.,0.,-1.));
#5383 = DIRECTION('',(-1.,0.,0.));
#5384 = ORIENTED_EDGE('',*,*,#5385,.T.);
#5385 = EDGE_CURVE('',#5377,#5386,#5388,.T.);
#5386 = VERTEX_POINT('',#5387);
#5387 = CARTESIAN_POINT('',(-1.967181,-1.780469,11.425));
#5388 = LINE('',#5389,#5390);
#5389 = CARTESIAN_POINT('',(-6.453477941594E-03,-1.780469,11.425));
#5390 = VECTOR('',#5391,1.);
#5391 = DIRECTION('',(-1.,0.,0.));
#5392 = ORIENTED_EDGE('',*,*,#5393,.T.);
#5393 = EDGE_CURVE('',#5386,#5394,#5396,.T.);
#5394 = VERTEX_POINT('',#5395);
#5395 = CARTESIAN_POINT('',(-2.417181,-2.230469,11.425));
#5396 = CIRCLE('',#5397,0.45);
#5397 = AXIS2_PLACEMENT_3D('',#5398,#5399,#5400);
#5398 = CARTESIAN_POINT('',(-1.967181,-2.230469,11.425));
#5399 = DIRECTION('',(0.,0.,1.));
#5400 = DIRECTION('',(1.,0.,-0.));
#5401 = ORIENTED_EDGE('',*,*,#5402,.T.);
#5402 = EDGE_CURVE('',#5394,#5342,#5403,.T.);
#5403 = LINE('',#5404,#5405);
#5404 = CARTESIAN_POINT('',(-2.417181,-0.398169597608,11.425));
#5405 = VECTOR('',#5406,1.);
#5406 = DIRECTION('',(0.,-1.,0.));
#5407 = PLANE('',#5408);
#5408 = AXIS2_PLACEMENT_3D('',#5409,#5410,#5411);
#5409 = CARTESIAN_POINT('',(-6.453477941594E-03,-0.398169597608,11.425)
  );
#5410 = DIRECTION('',(0.,0.,-1.));
#5411 = DIRECTION('',(-1.,0.,0.));
#5412 = ADVANCED_FACE('',(#5413),#5456,.T.);
#5413 = FACE_BOUND('',#5414,.T.);
#5414 = EDGE_LOOP('',(#5415,#5425,#5433,#5440,#5441,#5450));
#5415 = ORIENTED_EDGE('',*,*,#5416,.T.);
#5416 = EDGE_CURVE('',#5417,#5419,#5421,.T.);
#5417 = VERTEX_POINT('',#5418);
#5418 = CARTESIAN_POINT('',(-2.067181,-3.430469,11.075));
#5419 = VERTEX_POINT('',#5420);
#5420 = CARTESIAN_POINT('',(-2.417181,-3.430469,11.075));
#5421 = LINE('',#5422,#5423);
#5422 = CARTESIAN_POINT('',(-6.453477941594E-03,-3.430469,11.075));
#5423 = VECTOR('',#5424,1.);
#5424 = DIRECTION('',(-1.,0.,0.));
#5425 = ORIENTED_EDGE('',*,*,#5426,.F.);
#5426 = EDGE_CURVE('',#5427,#5419,#5429,.T.);
#5427 = VERTEX_POINT('',#5428);
#5428 = CARTESIAN_POINT('',(-2.417181,-2.230469,11.075));
#5429 = LINE('',#5430,#5431);
#5430 = CARTESIAN_POINT('',(-2.417181,-0.398169597608,11.075));
#5431 = VECTOR('',#5432,1.);
#5432 = DIRECTION('',(0.,-1.,0.));
#5433 = ORIENTED_EDGE('',*,*,#5434,.F.);
#5434 = EDGE_CURVE('',#2649,#5427,#5435,.T.);
#5435 = CIRCLE('',#5436,0.45);
#5436 = AXIS2_PLACEMENT_3D('',#5437,#5438,#5439);
#5437 = CARTESIAN_POINT('',(-1.967181,-2.230469,11.075));
#5438 = DIRECTION('',(0.,0.,1.));
#5439 = DIRECTION('',(1.,0.,-0.));
#5440 = ORIENTED_EDGE('',*,*,#2648,.F.);
#5441 = ORIENTED_EDGE('',*,*,#5442,.F.);
#5442 = EDGE_CURVE('',#5443,#2641,#5445,.T.);
#5443 = VERTEX_POINT('',#5444);
#5444 = CARTESIAN_POINT('',(-2.067181,-2.230469,11.075));
#5445 = CIRCLE('',#5446,0.1);
#5446 = AXIS2_PLACEMENT_3D('',#5447,#5448,#5449);
#5447 = CARTESIAN_POINT('',(-1.967181,-2.230469,11.075));
#5448 = DIRECTION('',(0.,0.,-1.));
#5449 = DIRECTION('',(-1.,0.,0.));
#5450 = ORIENTED_EDGE('',*,*,#5451,.F.);
#5451 = EDGE_CURVE('',#5417,#5443,#5452,.T.);
#5452 = LINE('',#5453,#5454);
#5453 = CARTESIAN_POINT('',(-2.067181,-0.398169597608,11.075));
#5454 = VECTOR('',#5455,1.);
#5455 = DIRECTION('',(0.,1.,0.));
#5456 = PLANE('',#5457);
#5457 = AXIS2_PLACEMENT_3D('',#5458,#5459,#5460);
#5458 = CARTESIAN_POINT('',(-6.453477941594E-03,-0.398169597608,11.075)
  );
#5459 = DIRECTION('',(0.,0.,-1.));
#5460 = DIRECTION('',(-1.,0.,0.));
#5461 = ADVANCED_FACE('',(#5462),#5487,.F.);
#5462 = FACE_BOUND('',#5463,.T.);
#5463 = EDGE_LOOP('',(#5464,#5472,#5480,#5486));
#5464 = ORIENTED_EDGE('',*,*,#5465,.F.);
#5465 = EDGE_CURVE('',#5466,#5417,#5468,.T.);
#5466 = VERTEX_POINT('',#5467);
#5467 = CARTESIAN_POINT('',(-2.142181,-3.730469,11.15));
#5468 = LINE('',#5469,#5470);
#5469 = CARTESIAN_POINT('',(-1.309106149402,-0.398169597608,
    10.316925149402));
#5470 = VECTOR('',#5471,1.);
#5471 = DIRECTION('',(0.235702260396,0.942809041582,-0.235702260396));
#5472 = ORIENTED_EDGE('',*,*,#5473,.T.);
#5473 = EDGE_CURVE('',#5466,#5474,#5476,.T.);
#5474 = VERTEX_POINT('',#5475);
#5475 = CARTESIAN_POINT('',(-2.342181,-3.730469,11.15));
#5476 = LINE('',#5477,#5478);
#5477 = CARTESIAN_POINT('',(-6.453477941594E-03,-3.730469,11.15));
#5478 = VECTOR('',#5479,1.);
#5479 = DIRECTION('',(-1.,0.,0.));
#5480 = ORIENTED_EDGE('',*,*,#5481,.F.);
#5481 = EDGE_CURVE('',#5419,#5474,#5482,.T.);
#5482 = LINE('',#5483,#5484);
#5483 = CARTESIAN_POINT('',(-3.175255850598,-0.398169597608,
    10.316925149402));
#5484 = VECTOR('',#5485,1.);
#5485 = DIRECTION('',(0.235702260396,-0.942809041582,0.235702260396));
#5486 = ORIENTED_EDGE('',*,*,#5416,.F.);
#5487 = PLANE('',#5488);
#5488 = AXIS2_PLACEMENT_3D('',#5489,#5490,#5491);
#5489 = CARTESIAN_POINT('',(-2.6736834,-3.730469,11.15));
#5490 = DIRECTION('',(0.,0.242535625036,0.970142500145));
#5491 = DIRECTION('',(0.,0.970142500145,-0.242535625036));
#5492 = ADVANCED_FACE('',(#5493),#5516,.F.);
#5493 = FACE_BOUND('',#5494,.T.);
#5494 = EDGE_LOOP('',(#5495,#5496,#5502,#5510));
#5495 = ORIENTED_EDGE('',*,*,#5465,.T.);
#5496 = ORIENTED_EDGE('',*,*,#5497,.T.);
#5497 = EDGE_CURVE('',#5417,#5340,#5498,.T.);
#5498 = LINE('',#5499,#5500);
#5499 = CARTESIAN_POINT('',(-2.067181,-3.430469,11.425));
#5500 = VECTOR('',#5501,1.);
#5501 = DIRECTION('',(0.,0.,1.));
#5502 = ORIENTED_EDGE('',*,*,#5503,.T.);
#5503 = EDGE_CURVE('',#5340,#5504,#5506,.T.);
#5504 = VERTEX_POINT('',#5505);
#5505 = CARTESIAN_POINT('',(-2.142181,-3.730469,11.35));
#5506 = LINE('',#5507,#5508);
#5507 = CARTESIAN_POINT('',(-1.309106149402,-0.398169597608,
    12.183074850598));
#5508 = VECTOR('',#5509,1.);
#5509 = DIRECTION('',(-0.235702260396,-0.942809041582,-0.235702260396));
#5510 = ORIENTED_EDGE('',*,*,#5511,.T.);
#5511 = EDGE_CURVE('',#5504,#5466,#5512,.T.);
#5512 = LINE('',#5513,#5514);
#5513 = CARTESIAN_POINT('',(-2.142181,-3.730469,11.425));
#5514 = VECTOR('',#5515,1.);
#5515 = DIRECTION('',(0.,0.,-1.));
#5516 = PLANE('',#5517);
#5517 = AXIS2_PLACEMENT_3D('',#5518,#5519,#5520);
#5518 = CARTESIAN_POINT('',(-2.142181,-3.730469,11.0399976));
#5519 = DIRECTION('',(-0.970142500145,0.242535625036,0.));
#5520 = DIRECTION('',(0.242535625036,0.970142500145,0.));
#5521 = ADVANCED_FACE('',(#5522),#5545,.F.);
#5522 = FACE_BOUND('',#5523,.T.);
#5523 = EDGE_LOOP('',(#5524,#5525,#5533,#5539));
#5524 = ORIENTED_EDGE('',*,*,#5481,.T.);
#5525 = ORIENTED_EDGE('',*,*,#5526,.T.);
#5526 = EDGE_CURVE('',#5474,#5527,#5529,.T.);
#5527 = VERTEX_POINT('',#5528);
#5528 = CARTESIAN_POINT('',(-2.342181,-3.730469,11.35));
#5529 = LINE('',#5530,#5531);
#5530 = CARTESIAN_POINT('',(-2.342181,-3.730469,11.425));
#5531 = VECTOR('',#5532,1.);
#5532 = DIRECTION('',(0.,0.,1.));
#5533 = ORIENTED_EDGE('',*,*,#5534,.T.);
#5534 = EDGE_CURVE('',#5527,#5342,#5535,.T.);
#5535 = LINE('',#5536,#5537);
#5536 = CARTESIAN_POINT('',(-3.175255850598,-0.398169597608,
    12.183074850598));
#5537 = VECTOR('',#5538,1.);
#5538 = DIRECTION('',(-0.235702260396,0.942809041582,0.235702260396));
#5539 = ORIENTED_EDGE('',*,*,#5540,.T.);
#5540 = EDGE_CURVE('',#5342,#5419,#5541,.T.);
#5541 = LINE('',#5542,#5543);
#5542 = CARTESIAN_POINT('',(-2.417181,-3.430469,11.425));
#5543 = VECTOR('',#5544,1.);
#5544 = DIRECTION('',(0.,0.,-1.));
#5545 = PLANE('',#5546);
#5546 = AXIS2_PLACEMENT_3D('',#5547,#5548,#5549);
#5547 = CARTESIAN_POINT('',(-2.417181,-3.430469,11.0399976));
#5548 = DIRECTION('',(0.970142500145,0.242535625036,0.));
#5549 = DIRECTION('',(0.242535625036,-0.970142500145,0.));
#5550 = ADVANCED_FACE('',(#5551),#5562,.T.);
#5551 = FACE_BOUND('',#5552,.T.);
#5552 = EDGE_LOOP('',(#5553,#5559,#5560,#5561));
#5553 = ORIENTED_EDGE('',*,*,#5554,.F.);
#5554 = EDGE_CURVE('',#5527,#5504,#5555,.T.);
#5555 = LINE('',#5556,#5557);
#5556 = CARTESIAN_POINT('',(-6.453477941594E-03,-3.730469,11.35));
#5557 = VECTOR('',#5558,1.);
#5558 = DIRECTION('',(1.,0.,0.));
#5559 = ORIENTED_EDGE('',*,*,#5526,.F.);
#5560 = ORIENTED_EDGE('',*,*,#5473,.F.);
#5561 = ORIENTED_EDGE('',*,*,#5511,.F.);
#5562 = PLANE('',#5563);
#5563 = AXIS2_PLACEMENT_3D('',#5564,#5565,#5566);
#5564 = CARTESIAN_POINT('',(-2.167181,-3.730469,11.425));
#5565 = DIRECTION('',(0.,-1.,0.));
#5566 = DIRECTION('',(1.,0.,0.));
#5567 = ADVANCED_FACE('',(#5568),#5579,.T.);
#5568 = FACE_BOUND('',#5569,.T.);
#5569 = EDGE_LOOP('',(#5570,#5571,#5572,#5578));
#5570 = ORIENTED_EDGE('',*,*,#5497,.F.);
#5571 = ORIENTED_EDGE('',*,*,#5451,.T.);
#5572 = ORIENTED_EDGE('',*,*,#5573,.F.);
#5573 = EDGE_CURVE('',#5350,#5443,#5574,.T.);
#5574 = LINE('',#5575,#5576);
#5575 = CARTESIAN_POINT('',(-2.067181,-2.230469,11.425));
#5576 = VECTOR('',#5577,1.);
#5577 = DIRECTION('',(0.,0.,-1.));
#5578 = ORIENTED_EDGE('',*,*,#5349,.F.);
#5579 = PLANE('',#5580);
#5580 = AXIS2_PLACEMENT_3D('',#5581,#5582,#5583);
#5581 = CARTESIAN_POINT('',(-2.067181,-3.430469,11.425));
#5582 = DIRECTION('',(1.,0.,0.));
#5583 = DIRECTION('',(-0.,1.,0.));
#5584 = ADVANCED_FACE('',(#5585),#5598,.F.);
#5585 = FACE_BOUND('',#5586,.F.);
#5586 = EDGE_LOOP('',(#5587,#5594,#5595,#5596,#5597));
#5587 = ORIENTED_EDGE('',*,*,#5588,.F.);
#5588 = EDGE_CURVE('',#2641,#5303,#5589,.T.);
#5589 = CIRCLE('',#5590,0.1);
#5590 = AXIS2_PLACEMENT_3D('',#5591,#5592,#5593);
#5591 = CARTESIAN_POINT('',(-1.967181,-2.230469,11.075));
#5592 = DIRECTION('',(0.,0.,-1.));
#5593 = DIRECTION('',(-1.,0.,0.));
#5594 = ORIENTED_EDGE('',*,*,#5442,.F.);
#5595 = ORIENTED_EDGE('',*,*,#5573,.F.);
#5596 = ORIENTED_EDGE('',*,*,#5357,.T.);
#5597 = ORIENTED_EDGE('',*,*,#5300,.T.);
#5598 = CYLINDRICAL_SURFACE('',#5599,0.1);
#5599 = AXIS2_PLACEMENT_3D('',#5600,#5601,#5602);
#5600 = CARTESIAN_POINT('',(-1.967181,-2.230469,11.425));
#5601 = DIRECTION('',(0.,0.,-1.));
#5602 = DIRECTION('',(-1.,0.,0.));
#5603 = ADVANCED_FACE('',(#5604),#5610,.F.);
#5604 = FACE_BOUND('',#5605,.T.);
#5605 = EDGE_LOOP('',(#5606,#5607,#5608,#5609));
#5606 = ORIENTED_EDGE('',*,*,#5503,.F.);
#5607 = ORIENTED_EDGE('',*,*,#5339,.T.);
#5608 = ORIENTED_EDGE('',*,*,#5534,.F.);
#5609 = ORIENTED_EDGE('',*,*,#5554,.T.);
#5610 = PLANE('',#5611);
#5611 = AXIS2_PLACEMENT_3D('',#5612,#5613,#5614);
#5612 = CARTESIAN_POINT('',(-2.6736834,-3.430469,11.425));
#5613 = DIRECTION('',(0.,0.242535625036,-0.970142500145));
#5614 = DIRECTION('',(0.,-0.970142500145,-0.242535625036));
#5615 = ADVANCED_FACE('',(#5616),#5627,.T.);
#5616 = FACE_BOUND('',#5617,.T.);
#5617 = EDGE_LOOP('',(#5618,#5624,#5625,#5626));
#5618 = ORIENTED_EDGE('',*,*,#5619,.F.);
#5619 = EDGE_CURVE('',#5427,#5394,#5620,.T.);
#5620 = LINE('',#5621,#5622);
#5621 = CARTESIAN_POINT('',(-2.417181,-2.230469,11.425));
#5622 = VECTOR('',#5623,1.);
#5623 = DIRECTION('',(0.,0.,1.));
#5624 = ORIENTED_EDGE('',*,*,#5426,.T.);
#5625 = ORIENTED_EDGE('',*,*,#5540,.F.);
#5626 = ORIENTED_EDGE('',*,*,#5402,.F.);
#5627 = PLANE('',#5628);
#5628 = AXIS2_PLACEMENT_3D('',#5629,#5630,#5631);
#5629 = CARTESIAN_POINT('',(-2.417181,-1.780469,11.425));
#5630 = DIRECTION('',(-1.,0.,0.));
#5631 = DIRECTION('',(0.,-1.,0.));
#5632 = ADVANCED_FACE('',(#5633),#5666,.T.);
#5633 = FACE_BOUND('',#5634,.T.);
#5634 = EDGE_LOOP('',(#5635,#5643,#5651,#5659,#5665));
#5635 = ORIENTED_EDGE('',*,*,#5636,.T.);
#5636 = EDGE_CURVE('',#5377,#5637,#5639,.T.);
#5637 = VERTEX_POINT('',#5638);
#5638 = CARTESIAN_POINT('',(-0.302181,-1.780469,11.075));
#5639 = LINE('',#5640,#5641);
#5640 = CARTESIAN_POINT('',(-0.302181,-1.780469,11.425));
#5641 = VECTOR('',#5642,1.);
#5642 = DIRECTION('',(0.,0.,-1.));
#5643 = ORIENTED_EDGE('',*,*,#5644,.T.);
#5644 = EDGE_CURVE('',#5637,#5645,#5647,.T.);
#5645 = VERTEX_POINT('',#5646);
#5646 = CARTESIAN_POINT('',(-1.017181,-1.780469,11.075));
#5647 = LINE('',#5648,#5649);
#5648 = CARTESIAN_POINT('',(-6.453477941594E-03,-1.780469,11.075));
#5649 = VECTOR('',#5650,1.);
#5650 = DIRECTION('',(-1.,0.,0.));
#5651 = ORIENTED_EDGE('',*,*,#5652,.F.);
#5652 = EDGE_CURVE('',#5653,#5645,#5655,.T.);
#5653 = VERTEX_POINT('',#5654);
#5654 = CARTESIAN_POINT('',(-1.967181,-1.780469,11.075));
#5655 = LINE('',#5656,#5657);
#5656 = CARTESIAN_POINT('',(0.,-1.780469,11.075));
#5657 = VECTOR('',#5658,1.);
#5658 = DIRECTION('',(1.,0.,0.));
#5659 = ORIENTED_EDGE('',*,*,#5660,.T.);
#5660 = EDGE_CURVE('',#5653,#5386,#5661,.T.);
#5661 = LINE('',#5662,#5663);
#5662 = CARTESIAN_POINT('',(-1.967181,-1.780469,11.425));
#5663 = VECTOR('',#5664,1.);
#5664 = DIRECTION('',(0.,0.,1.));
#5665 = ORIENTED_EDGE('',*,*,#5385,.F.);
#5666 = PLANE('',#5667);
#5667 = AXIS2_PLACEMENT_3D('',#5668,#5669,#5670);
#5668 = CARTESIAN_POINT('',(-1.089681,-1.780469,11.425));
#5669 = DIRECTION('',(0.,1.,0.));
#5670 = DIRECTION('',(-1.,0.,0.));
#5671 = ADVANCED_FACE('',(#5672),#5700,.T.);
#5672 = FACE_BOUND('',#5673,.T.);
#5673 = EDGE_LOOP('',(#5674,#5675,#5676,#5677,#5678,#5684,#5685,#5694));
#5674 = ORIENTED_EDGE('',*,*,#5200,.F.);
#5675 = ORIENTED_EDGE('',*,*,#5246,.T.);
#5676 = ORIENTED_EDGE('',*,*,#5285,.T.);
#5677 = ORIENTED_EDGE('',*,*,#5318,.F.);
#5678 = ORIENTED_EDGE('',*,*,#5679,.T.);
#5679 = EDGE_CURVE('',#5311,#5645,#5680,.T.);
#5680 = LINE('',#5681,#5682);
#5681 = CARTESIAN_POINT('',(-1.017181,0.,11.075));
#5682 = VECTOR('',#5683,1.);
#5683 = DIRECTION('',(-1.224606353822E-16,1.,0.));
#5684 = ORIENTED_EDGE('',*,*,#5644,.F.);
#5685 = ORIENTED_EDGE('',*,*,#5686,.F.);
#5686 = EDGE_CURVE('',#5687,#5637,#5689,.T.);
#5687 = VERTEX_POINT('',#5688);
#5688 = CARTESIAN_POINT('',(-0.202181,-1.680469,11.075));
#5689 = CIRCLE('',#5690,0.1);
#5690 = AXIS2_PLACEMENT_3D('',#5691,#5692,#5693);
#5691 = CARTESIAN_POINT('',(-0.302181,-1.680469,11.075));
#5692 = DIRECTION('',(0.,0.,-1.));
#5693 = DIRECTION('',(-1.,0.,0.));
#5694 = ORIENTED_EDGE('',*,*,#5695,.F.);
#5695 = EDGE_CURVE('',#5201,#5687,#5696,.T.);
#5696 = LINE('',#5697,#5698);
#5697 = CARTESIAN_POINT('',(-0.202181,-0.398169597608,11.075));
#5698 = VECTOR('',#5699,1.);
#5699 = DIRECTION('',(-3.700743415417E-16,-1.,0.));
#5700 = PLANE('',#5701);
#5701 = AXIS2_PLACEMENT_3D('',#5702,#5703,#5704);
#5702 = CARTESIAN_POINT('',(-6.453477941594E-03,-0.398169597608,11.075)
  );
#5703 = DIRECTION('',(0.,0.,-1.));
#5704 = DIRECTION('',(-1.,0.,0.));
#5705 = ADVANCED_FACE('',(#5706),#5717,.F.);
#5706 = FACE_BOUND('',#5707,.F.);
#5707 = EDGE_LOOP('',(#5708,#5709,#5715,#5716));
#5708 = ORIENTED_EDGE('',*,*,#5686,.F.);
#5709 = ORIENTED_EDGE('',*,*,#5710,.F.);
#5710 = EDGE_CURVE('',#5369,#5687,#5711,.T.);
#5711 = LINE('',#5712,#5713);
#5712 = CARTESIAN_POINT('',(-0.202181,-1.680469,11.425));
#5713 = VECTOR('',#5714,1.);
#5714 = DIRECTION('',(0.,0.,-1.));
#5715 = ORIENTED_EDGE('',*,*,#5376,.T.);
#5716 = ORIENTED_EDGE('',*,*,#5636,.T.);
#5717 = CYLINDRICAL_SURFACE('',#5718,0.1);
#5718 = AXIS2_PLACEMENT_3D('',#5719,#5720,#5721);
#5719 = CARTESIAN_POINT('',(-0.302181,-1.680469,11.425));
#5720 = DIRECTION('',(0.,0.,-1.));
#5721 = DIRECTION('',(-1.,0.,0.));
#5722 = ADVANCED_FACE('',(#5723),#5729,.T.);
#5723 = FACE_BOUND('',#5724,.T.);
#5724 = EDGE_LOOP('',(#5725,#5726,#5727,#5728));
#5725 = ORIENTED_EDGE('',*,*,#5368,.F.);
#5726 = ORIENTED_EDGE('',*,*,#5208,.F.);
#5727 = ORIENTED_EDGE('',*,*,#5695,.T.);
#5728 = ORIENTED_EDGE('',*,*,#5710,.F.);
#5729 = PLANE('',#5730);
#5730 = AXIS2_PLACEMENT_3D('',#5731,#5732,#5733);
#5731 = CARTESIAN_POINT('',(-0.202181,1.769531,11.425));
#5732 = DIRECTION('',(-1.,3.700743415417E-16,0.));
#5733 = DIRECTION('',(-3.700743415417E-16,-1.,0.));
#5734 = ADVANCED_FACE('',(#5735),#5753,.F.);
#5735 = FACE_BOUND('',#5736,.T.);
#5736 = EDGE_LOOP('',(#5737,#5738,#5745,#5746,#5752));
#5737 = ORIENTED_EDGE('',*,*,#2656,.F.);
#5738 = ORIENTED_EDGE('',*,*,#5739,.F.);
#5739 = EDGE_CURVE('',#5653,#2649,#5740,.T.);
#5740 = CIRCLE('',#5741,0.45);
#5741 = AXIS2_PLACEMENT_3D('',#5742,#5743,#5744);
#5742 = CARTESIAN_POINT('',(-1.967181,-2.230469,11.075));
#5743 = DIRECTION('',(0.,0.,1.));
#5744 = DIRECTION('',(1.,0.,-0.));
#5745 = ORIENTED_EDGE('',*,*,#5652,.T.);
#5746 = ORIENTED_EDGE('',*,*,#5747,.T.);
#5747 = EDGE_CURVE('',#5645,#5125,#5748,.T.);
#5748 = LINE('',#5749,#5750);
#5749 = CARTESIAN_POINT('',(-1.017181,-3.466092364838E-16,11.075));
#5750 = VECTOR('',#5751,1.);
#5751 = DIRECTION('',(-1.224606353822E-16,1.,0.));
#5752 = ORIENTED_EDGE('',*,*,#5124,.T.);
#5753 = PLANE('',#5754);
#5754 = AXIS2_PLACEMENT_3D('',#5755,#5756,#5757);
#5755 = CARTESIAN_POINT('',(-2.5571834,-1.530469,11.075));
#5756 = DIRECTION('',(0.,0.,-1.));
#5757 = DIRECTION('',(1.224606353822E-16,-1.,0.));
#5758 = ADVANCED_FACE('',(#5759),#5766,.T.);
#5759 = FACE_BOUND('',#5760,.T.);
#5760 = EDGE_LOOP('',(#5761,#5762,#5763,#5764,#5765));
#5761 = ORIENTED_EDGE('',*,*,#5619,.T.);
#5762 = ORIENTED_EDGE('',*,*,#5393,.F.);
#5763 = ORIENTED_EDGE('',*,*,#5660,.F.);
#5764 = ORIENTED_EDGE('',*,*,#5739,.T.);
#5765 = ORIENTED_EDGE('',*,*,#5434,.T.);
#5766 = CYLINDRICAL_SURFACE('',#5767,0.45);
#5767 = AXIS2_PLACEMENT_3D('',#5768,#5769,#5770);
#5768 = CARTESIAN_POINT('',(-1.967181,-2.230469,11.425));
#5769 = DIRECTION('',(0.,0.,1.));
#5770 = DIRECTION('',(1.,0.,-0.));
#5771 = ADVANCED_FACE('',(#5772),#5791,.F.);
#5772 = FACE_BOUND('',#5773,.T.);
#5773 = EDGE_LOOP('',(#5774,#5775,#5776,#5784,#5790));
#5774 = ORIENTED_EDGE('',*,*,#5588,.F.);
#5775 = ORIENTED_EDGE('',*,*,#2640,.F.);
#5776 = ORIENTED_EDGE('',*,*,#5777,.T.);
#5777 = EDGE_CURVE('',#2633,#5778,#5780,.T.);
#5778 = VERTEX_POINT('',#5779);
#5779 = CARTESIAN_POINT('',(-1.017181,-2.230469,11.075));
#5780 = LINE('',#5781,#5782);
#5781 = CARTESIAN_POINT('',(-2.017181,-2.230469,11.075));
#5782 = VECTOR('',#5783,1.);
#5783 = DIRECTION('',(1.,1.224606353822E-16,0.));
#5784 = ORIENTED_EDGE('',*,*,#5785,.T.);
#5785 = EDGE_CURVE('',#5778,#5311,#5786,.T.);
#5786 = LINE('',#5787,#5788);
#5787 = CARTESIAN_POINT('',(-1.017181,-3.466092364838E-16,11.075));
#5788 = VECTOR('',#5789,1.);
#5789 = DIRECTION('',(-1.224606353822E-16,1.,0.));
#5790 = ORIENTED_EDGE('',*,*,#5310,.T.);
#5791 = PLANE('',#5792);
#5792 = AXIS2_PLACEMENT_3D('',#5793,#5794,#5795);
#5793 = CARTESIAN_POINT('',(-2.5571834,-1.530469,11.075));
#5794 = DIRECTION('',(0.,0.,-1.));
#5795 = DIRECTION('',(1.224606353822E-16,-1.,0.));
#5796 = ADVANCED_FACE('',(#5797),#5838,.T.);
#5797 = FACE_BOUND('',#5798,.T.);
#5798 = EDGE_LOOP('',(#5799,#5809,#5817,#5823,#5824,#5825,#5831,#5832));
#5799 = ORIENTED_EDGE('',*,*,#5800,.T.);
#5800 = EDGE_CURVE('',#5801,#5803,#5805,.T.);
#5801 = VERTEX_POINT('',#5802);
#5802 = CARTESIAN_POINT('',(8.2819E-02,-2.230469,9.8));
#5803 = VERTEX_POINT('',#5804);
#5804 = CARTESIAN_POINT('',(8.2819E-02,-2.230469,10.775));
#5805 = LINE('',#5806,#5807);
#5806 = CARTESIAN_POINT('',(8.2819E-02,-2.230469,9.8));
#5807 = VECTOR('',#5808,1.);
#5808 = DIRECTION('',(0.,0.,1.));
#5809 = ORIENTED_EDGE('',*,*,#5810,.F.);
#5810 = EDGE_CURVE('',#5811,#5803,#5813,.T.);
#5811 = VERTEX_POINT('',#5812);
#5812 = CARTESIAN_POINT('',(-1.017181,-2.230469,10.775));
#5813 = LINE('',#5814,#5815);
#5814 = CARTESIAN_POINT('',(5.110004601535E-17,-2.230469,10.775));
#5815 = VECTOR('',#5816,1.);
#5816 = DIRECTION('',(1.,1.224606353822E-16,0.));
#5817 = ORIENTED_EDGE('',*,*,#5818,.T.);
#5818 = EDGE_CURVE('',#5811,#5778,#5819,.T.);
#5819 = LINE('',#5820,#5821);
#5820 = CARTESIAN_POINT('',(-1.017181,-2.230469,15.625));
#5821 = VECTOR('',#5822,1.);
#5822 = DIRECTION('',(0.,0.,1.));
#5823 = ORIENTED_EDGE('',*,*,#5777,.F.);
#5824 = ORIENTED_EDGE('',*,*,#2632,.F.);
#5825 = ORIENTED_EDGE('',*,*,#5826,.F.);
#5826 = EDGE_CURVE('',#3330,#2625,#5827,.T.);
#5827 = LINE('',#5828,#5829);
#5828 = CARTESIAN_POINT('',(5.110004601535E-17,-2.230469,10.775));
#5829 = VECTOR('',#5830,1.);
#5830 = DIRECTION('',(1.,1.224606353822E-16,0.));
#5831 = ORIENTED_EDGE('',*,*,#3329,.T.);
#5832 = ORIENTED_EDGE('',*,*,#5833,.T.);
#5833 = EDGE_CURVE('',#3320,#5801,#5834,.T.);
#5834 = LINE('',#5835,#5836);
#5835 = CARTESIAN_POINT('',(-0.117181,-2.230469,9.8));
#5836 = VECTOR('',#5837,1.);
#5837 = DIRECTION('',(1.,1.224606353822E-16,0.));
#5838 = PLANE('',#5839);
#5839 = AXIS2_PLACEMENT_3D('',#5840,#5841,#5842);
#5840 = CARTESIAN_POINT('',(-0.268395264475,-2.230469,10.753176035988));
#5841 = DIRECTION('',(1.224606353822E-16,-1.,0.));
#5842 = DIRECTION('',(1.,1.224606353822E-16,0.));
#5843 = ADVANCED_FACE('',(#5844),#5869,.F.);
#5844 = FACE_BOUND('',#5845,.T.);
#5845 = EDGE_LOOP('',(#5846,#5847,#5855,#5861,#5862,#5868));
#5846 = ORIENTED_EDGE('',*,*,#4821,.F.);
#5847 = ORIENTED_EDGE('',*,*,#5848,.T.);
#5848 = EDGE_CURVE('',#4814,#5849,#5851,.T.);
#5849 = VERTEX_POINT('',#5850);
#5850 = CARTESIAN_POINT('',(-0.792181,2.769531,9.8));
#5851 = LINE('',#5852,#5853);
#5852 = CARTESIAN_POINT('',(-0.792181,2.769531,15.625));
#5853 = VECTOR('',#5854,1.);
#5854 = DIRECTION('',(0.,0.,-1.));
#5855 = ORIENTED_EDGE('',*,*,#5856,.T.);
#5856 = EDGE_CURVE('',#5849,#3322,#5857,.T.);
#5857 = LINE('',#5858,#5859);
#5858 = CARTESIAN_POINT('',(-5.612031308958E-16,2.769531,9.8));
#5859 = VECTOR('',#5860,1.);
#5860 = DIRECTION('',(-1.,-1.224606353822E-16,0.));
#5861 = ORIENTED_EDGE('',*,*,#3345,.T.);
#5862 = ORIENTED_EDGE('',*,*,#5863,.F.);
#5863 = EDGE_CURVE('',#2930,#3338,#5864,.T.);
#5864 = LINE('',#5865,#5866);
#5865 = CARTESIAN_POINT('',(-5.612031308958E-16,2.769531,10.775));
#5866 = VECTOR('',#5867,1.);
#5867 = DIRECTION('',(-1.,-1.224606353822E-16,0.));
#5868 = ORIENTED_EDGE('',*,*,#2929,.F.);
#5869 = PLANE('',#5870);
#5870 = AXIS2_PLACEMENT_3D('',#5871,#5872,#5873);
#5871 = CARTESIAN_POINT('',(-2.417181,2.769531,10.675));
#5872 = DIRECTION('',(1.224606353822E-16,-1.,-8.881784197001E-15));
#5873 = DIRECTION('',(-1.087668936093E-30,8.881784197001E-15,-1.));
#5874 = ADVANCED_FACE('',(#5875),#5885,.T.);
#5875 = FACE_BOUND('',#5876,.T.);
#5876 = EDGE_LOOP('',(#5877,#5878,#5879,#5880,#5881,#5882,#5883,#5884));
#5877 = ORIENTED_EDGE('',*,*,#5863,.T.);
#5878 = ORIENTED_EDGE('',*,*,#3337,.T.);
#5879 = ORIENTED_EDGE('',*,*,#5826,.T.);
#5880 = ORIENTED_EDGE('',*,*,#2624,.F.);
#5881 = ORIENTED_EDGE('',*,*,#3412,.T.);
#5882 = ORIENTED_EDGE('',*,*,#2082,.T.);
#5883 = ORIENTED_EDGE('',*,*,#1444,.T.);
#5884 = ORIENTED_EDGE('',*,*,#2937,.T.);
#5885 = PLANE('',#5886);
#5886 = AXIS2_PLACEMENT_3D('',#5887,#5888,#5889);
#5887 = CARTESIAN_POINT('',(-2.217181,0.969531,10.775));
#5888 = DIRECTION('',(-5.438344680463E-31,4.440892098501E-15,1.));
#5889 = DIRECTION('',(1.224606353822E-16,-1.,4.440892098501E-15));
#5890 = ADVANCED_FACE('',(#5891),#5909,.F.);
#5891 = FACE_BOUND('',#5892,.T.);
#5892 = EDGE_LOOP('',(#5893,#5894,#5895,#5903));
#5893 = ORIENTED_EDGE('',*,*,#5848,.F.);
#5894 = ORIENTED_EDGE('',*,*,#4813,.F.);
#5895 = ORIENTED_EDGE('',*,*,#5896,.F.);
#5896 = EDGE_CURVE('',#5897,#4806,#5899,.T.);
#5897 = VERTEX_POINT('',#5898);
#5898 = CARTESIAN_POINT('',(-0.792181,1.769531,9.8));
#5899 = LINE('',#5900,#5901);
#5900 = CARTESIAN_POINT('',(-0.792181,1.769531,9.8));
#5901 = VECTOR('',#5902,1.);
#5902 = DIRECTION('',(0.,0.,1.));
#5903 = ORIENTED_EDGE('',*,*,#5904,.T.);
#5904 = EDGE_CURVE('',#5897,#5849,#5905,.T.);
#5905 = LINE('',#5906,#5907);
#5906 = CARTESIAN_POINT('',(-0.792181,-3.190555935228E-16,9.8));
#5907 = VECTOR('',#5908,1.);
#5908 = DIRECTION('',(-2.057273622291E-16,1.,0.));
#5909 = PLANE('',#5910);
#5910 = AXIS2_PLACEMENT_3D('',#5911,#5912,#5913);
#5911 = CARTESIAN_POINT('',(-0.792181,2.669531,9.8));
#5912 = DIRECTION('',(-1.,1.431043868474E-14,0.));
#5913 = DIRECTION('',(-1.431043868474E-14,-1.,0.));
#5914 = ADVANCED_FACE('',(#5915),#5933,.F.);
#5915 = FACE_BOUND('',#5916,.T.);
#5916 = EDGE_LOOP('',(#5917,#5925,#5931,#5932));
#5917 = ORIENTED_EDGE('',*,*,#5918,.F.);
#5918 = EDGE_CURVE('',#5919,#3243,#5921,.T.);
#5919 = VERTEX_POINT('',#5920);
#5920 = CARTESIAN_POINT('',(1.182819,-2.030469,9.8));
#5921 = LINE('',#5922,#5923);
#5922 = CARTESIAN_POINT('',(1.182819,-2.030469,8.125));
#5923 = VECTOR('',#5924,1.);
#5924 = DIRECTION('',(0.,0.,1.));
#5925 = ORIENTED_EDGE('',*,*,#5926,.F.);
#5926 = EDGE_CURVE('',#4760,#5919,#5927,.T.);
#5927 = LINE('',#5928,#5929);
#5928 = CARTESIAN_POINT('',(1.182819,-7.719583864285E-17,9.8));
#5929 = VECTOR('',#5930,1.);
#5930 = DIRECTION('',(1.224606353822E-16,-1.,0.));
#5931 = ORIENTED_EDGE('',*,*,#4759,.T.);
#5932 = ORIENTED_EDGE('',*,*,#3250,.T.);
#5933 = PLANE('',#5934);
#5934 = AXIS2_PLACEMENT_3D('',#5935,#5936,#5937);
#5935 = CARTESIAN_POINT('',(1.182819,-0.192308457999,11.851723802384));
#5936 = DIRECTION('',(-1.,-1.224606353822E-16,0.));
#5937 = DIRECTION('',(-1.224606353822E-16,1.,0.));
#5938 = ADVANCED_FACE('',(#5939),#5952,.T.);
#5939 = FACE_BOUND('',#5940,.T.);
#5940 = EDGE_LOOP('',(#5941,#5947,#5948,#5949,#5950,#5951));
#5941 = ORIENTED_EDGE('',*,*,#5942,.T.);
#5942 = EDGE_CURVE('',#5811,#5133,#5943,.T.);
#5943 = LINE('',#5944,#5945);
#5944 = CARTESIAN_POINT('',(-1.017181,-3.466092364838E-16,10.775));
#5945 = VECTOR('',#5946,1.);
#5946 = DIRECTION('',(-1.224606353822E-16,1.,0.));
#5947 = ORIENTED_EDGE('',*,*,#5132,.T.);
#5948 = ORIENTED_EDGE('',*,*,#5747,.F.);
#5949 = ORIENTED_EDGE('',*,*,#5679,.F.);
#5950 = ORIENTED_EDGE('',*,*,#5785,.F.);
#5951 = ORIENTED_EDGE('',*,*,#5818,.F.);
#5952 = PLANE('',#5953);
#5953 = AXIS2_PLACEMENT_3D('',#5954,#5955,#5956);
#5954 = CARTESIAN_POINT('',(-1.017181,-2.030469,10.675));
#5955 = DIRECTION('',(1.,1.224606353822E-16,0.));
#5956 = DIRECTION('',(0.,0.,-1.));
#5957 = ADVANCED_FACE('',(#5958),#5978,.F.);
#5958 = FACE_BOUND('',#5959,.T.);
#5959 = EDGE_LOOP('',(#5960,#5961,#5967,#5968,#5974,#5975,#5976,#5977));
#5960 = ORIENTED_EDGE('',*,*,#2472,.F.);
#5961 = ORIENTED_EDGE('',*,*,#5962,.T.);
#5962 = EDGE_CURVE('',#2465,#3815,#5963,.T.);
#5963 = LINE('',#5964,#5965);
#5964 = CARTESIAN_POINT('',(2.660791893891E-17,-2.030469,10.775));
#5965 = VECTOR('',#5966,1.);
#5966 = DIRECTION('',(-1.,-1.224606353822E-16,0.));
#5967 = ORIENTED_EDGE('',*,*,#3840,.T.);
#5968 = ORIENTED_EDGE('',*,*,#5969,.F.);
#5969 = EDGE_CURVE('',#5919,#3833,#5970,.T.);
#5970 = LINE('',#5971,#5972);
#5971 = CARTESIAN_POINT('',(2.660791893891E-17,-2.030469,9.8));
#5972 = VECTOR('',#5973,1.);
#5973 = DIRECTION('',(-1.,-1.224606353822E-16,0.));
#5974 = ORIENTED_EDGE('',*,*,#5918,.T.);
#5975 = ORIENTED_EDGE('',*,*,#3242,.T.);
#5976 = ORIENTED_EDGE('',*,*,#996,.F.);
#5977 = ORIENTED_EDGE('',*,*,#1413,.F.);
#5978 = PLANE('',#5979);
#5979 = AXIS2_PLACEMENT_3D('',#5980,#5981,#5982);
#5980 = CARTESIAN_POINT('',(0.782819,-2.030469,24.8));
#5981 = DIRECTION('',(-1.224606353822E-16,1.,0.));
#5982 = DIRECTION('',(0.,0.,1.));
#5983 = ADVANCED_FACE('',(#5984),#5990,.F.);
#5984 = FACE_BOUND('',#5985,.T.);
#5985 = EDGE_LOOP('',(#5986,#5987,#5988,#5989));
#5986 = ORIENTED_EDGE('',*,*,#5171,.T.);
#5987 = ORIENTED_EDGE('',*,*,#3814,.F.);
#5988 = ORIENTED_EDGE('',*,*,#5962,.F.);
#5989 = ORIENTED_EDGE('',*,*,#2464,.T.);
#5990 = PLANE('',#5991);
#5991 = AXIS2_PLACEMENT_3D('',#5992,#5993,#5994);
#5992 = CARTESIAN_POINT('',(0.782819,-2.030469,10.775));
#5993 = DIRECTION('',(0.,0.,-1.));
#5994 = DIRECTION('',(-1.224606353822E-16,1.,0.));
#5995 = ADVANCED_FACE('',(#5996),#6050,.F.);
#5996 = FACE_BOUND('',#5997,.T.);
#5997 = EDGE_LOOP('',(#5998,#6008,#6016,#6024,#6030,#6031,#6032,#6033,
    #6034,#6035,#6036,#6044));
#5998 = ORIENTED_EDGE('',*,*,#5999,.T.);
#5999 = EDGE_CURVE('',#6000,#6002,#6004,.T.);
#6000 = VERTEX_POINT('',#6001);
#6001 = CARTESIAN_POINT('',(1.082819,-1.230469,9.8));
#6002 = VERTEX_POINT('',#6003);
#6003 = CARTESIAN_POINT('',(1.082819,1.369531,9.8));
#6004 = LINE('',#6005,#6006);
#6005 = CARTESIAN_POINT('',(1.082819,0.,9.8));
#6006 = VECTOR('',#6007,1.);
#6007 = DIRECTION('',(-4.827648034968E-33,1.,0.));
#6008 = ORIENTED_EDGE('',*,*,#6009,.F.);
#6009 = EDGE_CURVE('',#6010,#6002,#6012,.T.);
#6010 = VERTEX_POINT('',#6011);
#6011 = CARTESIAN_POINT('',(0.282819,1.369531,9.8));
#6012 = LINE('',#6013,#6014);
#6013 = CARTESIAN_POINT('',(-0.386712,1.369531,9.8));
#6014 = VECTOR('',#6015,1.);
#6015 = DIRECTION('',(1.,1.232595164408E-32,-6.123031769112E-17));
#6016 = ORIENTED_EDGE('',*,*,#6017,.F.);
#6017 = EDGE_CURVE('',#6018,#6010,#6020,.T.);
#6018 = VERTEX_POINT('',#6019);
#6019 = CARTESIAN_POINT('',(0.282819,1.769531,9.8));
#6020 = LINE('',#6021,#6022);
#6021 = CARTESIAN_POINT('',(0.282819,-1.874104104869E-16,9.8));
#6022 = VECTOR('',#6023,1.);
#6023 = DIRECTION('',(1.224606353822E-16,-1.,0.));
#6024 = ORIENTED_EDGE('',*,*,#6025,.F.);
#6025 = EDGE_CURVE('',#4883,#6018,#6026,.T.);
#6026 = LINE('',#6027,#6028);
#6027 = CARTESIAN_POINT('',(-4.387424955136E-16,1.769531,9.8));
#6028 = VECTOR('',#6029,1.);
#6029 = DIRECTION('',(1.,1.224606353822E-16,0.));
#6030 = ORIENTED_EDGE('',*,*,#4882,.T.);
#6031 = ORIENTED_EDGE('',*,*,#4767,.T.);
#6032 = ORIENTED_EDGE('',*,*,#5926,.T.);
#6033 = ORIENTED_EDGE('',*,*,#5969,.T.);
#6034 = ORIENTED_EDGE('',*,*,#3832,.T.);
#6035 = ORIENTED_EDGE('',*,*,#5164,.F.);
#6036 = ORIENTED_EDGE('',*,*,#6037,.T.);
#6037 = EDGE_CURVE('',#5157,#6038,#6040,.T.);
#6038 = VERTEX_POINT('',#6039);
#6039 = CARTESIAN_POINT('',(0.282819,-1.230469,9.8));
#6040 = LINE('',#6041,#6042);
#6041 = CARTESIAN_POINT('',(0.282819,-1.874104104869E-16,9.8));
#6042 = VECTOR('',#6043,1.);
#6043 = DIRECTION('',(-1.224606353822E-16,1.,0.));
#6044 = ORIENTED_EDGE('',*,*,#6045,.F.);
#6045 = EDGE_CURVE('',#6000,#6038,#6046,.T.);
#6046 = LINE('',#6047,#6048);
#6047 = CARTESIAN_POINT('',(-0.386712,-1.230469,9.8));
#6048 = VECTOR('',#6049,1.);
#6049 = DIRECTION('',(-1.,-1.232595164408E-32,6.123031769112E-17));
#6050 = PLANE('',#6051);
#6051 = AXIS2_PLACEMENT_3D('',#6052,#6053,#6054);
#6052 = CARTESIAN_POINT('',(-0.111413244036,-1.926413479559,9.8));
#6053 = DIRECTION('',(0.,0.,1.));
#6054 = DIRECTION('',(1.,1.224606353822E-16,-0.));
#6055 = ADVANCED_FACE('',(#6056),#6106,.T.);
#6056 = FACE_BOUND('',#6057,.T.);
#6057 = EDGE_LOOP('',(#6058,#6068,#6076,#6084,#6092,#6100));
#6058 = ORIENTED_EDGE('',*,*,#6059,.F.);
#6059 = EDGE_CURVE('',#6060,#6062,#6064,.T.);
#6060 = VERTEX_POINT('',#6061);
#6061 = CARTESIAN_POINT('',(-1.717181,0.969531,9.05));
#6062 = VERTEX_POINT('',#6063);
#6063 = CARTESIAN_POINT('',(-1.717181,1.769531,9.05));
#6064 = LINE('',#6065,#6066);
#6065 = CARTESIAN_POINT('',(-1.717181,-2.030469,9.05));
#6066 = VECTOR('',#6067,1.);
#6067 = DIRECTION('',(-1.224606353822E-16,1.,0.));
#6068 = ORIENTED_EDGE('',*,*,#6069,.T.);
#6069 = EDGE_CURVE('',#6060,#6070,#6072,.T.);
#6070 = VERTEX_POINT('',#6071);
#6071 = CARTESIAN_POINT('',(-1.717181,0.969531,9.59));
#6072 = LINE('',#6073,#6074);
#6073 = CARTESIAN_POINT('',(-1.717181,0.969531,15.625));
#6074 = VECTOR('',#6075,1.);
#6075 = DIRECTION('',(0.,0.,1.));
#6076 = ORIENTED_EDGE('',*,*,#6077,.T.);
#6077 = EDGE_CURVE('',#6070,#6078,#6080,.T.);
#6078 = VERTEX_POINT('',#6079);
#6079 = CARTESIAN_POINT('',(-1.717181,1.269531,9.59));
#6080 = LINE('',#6081,#6082);
#6081 = CARTESIAN_POINT('',(-1.717181,-4.323316812513E-16,9.59));
#6082 = VECTOR('',#6083,1.);
#6083 = DIRECTION('',(-1.224606353822E-16,1.,0.));
#6084 = ORIENTED_EDGE('',*,*,#6085,.T.);
#6085 = EDGE_CURVE('',#6078,#6086,#6088,.T.);
#6086 = VERTEX_POINT('',#6087);
#6087 = CARTESIAN_POINT('',(-1.717181,1.269531,9.8));
#6088 = LINE('',#6089,#6090);
#6089 = CARTESIAN_POINT('',(-1.717181,1.269531,9.8));
#6090 = VECTOR('',#6091,1.);
#6091 = DIRECTION('',(0.,0.,1.));
#6092 = ORIENTED_EDGE('',*,*,#6093,.F.);
#6093 = EDGE_CURVE('',#6094,#6086,#6096,.T.);
#6094 = VERTEX_POINT('',#6095);
#6095 = CARTESIAN_POINT('',(-1.717181,1.769531,9.8));
#6096 = LINE('',#6097,#6098);
#6097 = CARTESIAN_POINT('',(-1.717181,-4.323316812513E-16,9.8));
#6098 = VECTOR('',#6099,1.);
#6099 = DIRECTION('',(1.224606353822E-16,-1.,0.));
#6100 = ORIENTED_EDGE('',*,*,#6101,.F.);
#6101 = EDGE_CURVE('',#6062,#6094,#6102,.T.);
#6102 = LINE('',#6103,#6104);
#6103 = CARTESIAN_POINT('',(-1.717181,1.769531,9.8));
#6104 = VECTOR('',#6105,1.);
#6105 = DIRECTION('',(0.,0.,1.));
#6106 = PLANE('',#6107);
#6107 = AXIS2_PLACEMENT_3D('',#6108,#6109,#6110);
#6108 = CARTESIAN_POINT('',(-1.717181,-0.900529677232,17.099793359945));
#6109 = DIRECTION('',(-1.,-1.224606353822E-16,0.));
#6110 = DIRECTION('',(-1.224606353822E-16,1.,0.));
#6111 = ADVANCED_FACE('',(#6112),#6137,.F.);
#6112 = FACE_BOUND('',#6113,.T.);
#6113 = EDGE_LOOP('',(#6114,#6122,#6130,#6136));
#6114 = ORIENTED_EDGE('',*,*,#6115,.F.);
#6115 = EDGE_CURVE('',#6116,#6062,#6118,.T.);
#6116 = VERTEX_POINT('',#6117);
#6117 = CARTESIAN_POINT('',(0.282819,1.769531,9.05));
#6118 = LINE('',#6119,#6120);
#6119 = CARTESIAN_POINT('',(1.182819,1.769531,9.05));
#6120 = VECTOR('',#6121,1.);
#6121 = DIRECTION('',(-1.,-1.224606353822E-16,0.));
#6122 = ORIENTED_EDGE('',*,*,#6123,.F.);
#6123 = EDGE_CURVE('',#6124,#6116,#6126,.T.);
#6124 = VERTEX_POINT('',#6125);
#6125 = CARTESIAN_POINT('',(0.282819,0.969531,9.05));
#6126 = LINE('',#6127,#6128);
#6127 = CARTESIAN_POINT('',(0.282819,0.969531,9.05));
#6128 = VECTOR('',#6129,1.);
#6129 = DIRECTION('',(-3.453129709258E-15,1.,0.));
#6130 = ORIENTED_EDGE('',*,*,#6131,.T.);
#6131 = EDGE_CURVE('',#6124,#6060,#6132,.T.);
#6132 = LINE('',#6133,#6134);
#6133 = CARTESIAN_POINT('',(-3.407739872078E-16,0.969531,9.05));
#6134 = VECTOR('',#6135,1.);
#6135 = DIRECTION('',(-1.,-1.224606353822E-16,0.));
#6136 = ORIENTED_EDGE('',*,*,#6059,.T.);
#6137 = PLANE('',#6138);
#6138 = AXIS2_PLACEMENT_3D('',#6139,#6140,#6141);
#6139 = CARTESIAN_POINT('',(1.182819,1.769531,9.05));
#6140 = DIRECTION('',(0.,0.,1.));
#6141 = DIRECTION('',(-1.224606353822E-16,1.,0.));
#6142 = ADVANCED_FACE('',(#6143),#6161,.F.);
#6143 = FACE_BOUND('',#6144,.T.);
#6144 = EDGE_LOOP('',(#6145,#6153,#6159,#6160));
#6145 = ORIENTED_EDGE('',*,*,#6146,.F.);
#6146 = EDGE_CURVE('',#6147,#6124,#6149,.T.);
#6147 = VERTEX_POINT('',#6148);
#6148 = CARTESIAN_POINT('',(0.282819,0.969531,9.59));
#6149 = LINE('',#6150,#6151);
#6150 = CARTESIAN_POINT('',(0.282819,0.969531,15.625));
#6151 = VECTOR('',#6152,1.);
#6152 = DIRECTION('',(0.,0.,-1.));
#6153 = ORIENTED_EDGE('',*,*,#6154,.F.);
#6154 = EDGE_CURVE('',#6070,#6147,#6155,.T.);
#6155 = LINE('',#6156,#6157);
#6156 = CARTESIAN_POINT('',(-3.407739872078E-16,0.969531,9.59));
#6157 = VECTOR('',#6158,1.);
#6158 = DIRECTION('',(1.,1.224606353822E-16,0.));
#6159 = ORIENTED_EDGE('',*,*,#6069,.F.);
#6160 = ORIENTED_EDGE('',*,*,#6131,.F.);
#6161 = PLANE('',#6162);
#6162 = AXIS2_PLACEMENT_3D('',#6163,#6164,#6165);
#6163 = CARTESIAN_POINT('',(0.182819,0.969531,9.05));
#6164 = DIRECTION('',(-1.224606353822E-16,1.,0.));
#6165 = DIRECTION('',(-1.,-1.224606353822E-16,0.));
#6166 = ADVANCED_FACE('',(#6167),#6185,.F.);
#6167 = FACE_BOUND('',#6168,.T.);
#6168 = EDGE_LOOP('',(#6169,#6177,#6178,#6179));
#6169 = ORIENTED_EDGE('',*,*,#6170,.F.);
#6170 = EDGE_CURVE('',#6078,#6171,#6173,.T.);
#6171 = VERTEX_POINT('',#6172);
#6172 = CARTESIAN_POINT('',(0.282819,1.269531,9.59));
#6173 = LINE('',#6174,#6175);
#6174 = CARTESIAN_POINT('',(-3.775121778225E-16,1.269531,9.59));
#6175 = VECTOR('',#6176,1.);
#6176 = DIRECTION('',(1.,1.224606353822E-16,0.));
#6177 = ORIENTED_EDGE('',*,*,#6077,.F.);
#6178 = ORIENTED_EDGE('',*,*,#6154,.T.);
#6179 = ORIENTED_EDGE('',*,*,#6180,.F.);
#6180 = EDGE_CURVE('',#6171,#6147,#6181,.T.);
#6181 = LINE('',#6182,#6183);
#6182 = CARTESIAN_POINT('',(0.282819,-1.874104104869E-16,9.59));
#6183 = VECTOR('',#6184,1.);
#6184 = DIRECTION('',(1.224606353822E-16,-1.,0.));
#6185 = PLANE('',#6186);
#6186 = AXIS2_PLACEMENT_3D('',#6187,#6188,#6189);
#6187 = CARTESIAN_POINT('',(1.182819,0.969531,9.59));
#6188 = DIRECTION('',(0.,0.,-1.));
#6189 = DIRECTION('',(1.224606353822E-16,-1.,0.));
#6190 = ADVANCED_FACE('',(#6191),#6281,.F.);
#6191 = FACE_BOUND('',#6192,.T.);
#6192 = EDGE_LOOP('',(#6193,#6194,#6195,#6203,#6211,#6219,#6227,#6235,
    #6243,#6251,#6259,#6267,#6275));
#6193 = ORIENTED_EDGE('',*,*,#6085,.F.);
#6194 = ORIENTED_EDGE('',*,*,#6170,.T.);
#6195 = ORIENTED_EDGE('',*,*,#6196,.F.);
#6196 = EDGE_CURVE('',#6197,#6171,#6199,.T.);
#6197 = VERTEX_POINT('',#6198);
#6198 = CARTESIAN_POINT('',(0.282819,1.269531,9.6));
#6199 = LINE('',#6200,#6201);
#6200 = CARTESIAN_POINT('',(0.282819,1.269531,9.8));
#6201 = VECTOR('',#6202,1.);
#6202 = DIRECTION('',(0.,0.,-1.));
#6203 = ORIENTED_EDGE('',*,*,#6204,.F.);
#6204 = EDGE_CURVE('',#6205,#6197,#6207,.T.);
#6205 = VERTEX_POINT('',#6206);
#6206 = CARTESIAN_POINT('',(0.282819,1.269531,9.8));
#6207 = LINE('',#6208,#6209);
#6208 = CARTESIAN_POINT('',(0.282819,1.269531,24.375));
#6209 = VECTOR('',#6210,1.);
#6210 = DIRECTION('',(-1.224606353822E-16,-2.465190328816E-32,-1.));
#6211 = ORIENTED_EDGE('',*,*,#6212,.T.);
#6212 = EDGE_CURVE('',#6205,#6213,#6215,.T.);
#6213 = VERTEX_POINT('',#6214);
#6214 = CARTESIAN_POINT('',(-0.417181,1.269531,9.8));
#6215 = LINE('',#6216,#6217);
#6216 = CARTESIAN_POINT('',(-3.775121778225E-16,1.269531,9.8));
#6217 = VECTOR('',#6218,1.);
#6218 = DIRECTION('',(-1.,-1.224606353822E-16,0.));
#6219 = ORIENTED_EDGE('',*,*,#6220,.F.);
#6220 = EDGE_CURVE('',#6221,#6213,#6223,.T.);
#6221 = VERTEX_POINT('',#6222);
#6222 = CARTESIAN_POINT('',(-0.417181,1.269531,9.6));
#6223 = LINE('',#6224,#6225);
#6224 = CARTESIAN_POINT('',(-0.417181,1.269531,24.375));
#6225 = VECTOR('',#6226,1.);
#6226 = DIRECTION('',(1.224606353822E-16,2.465190328816E-32,1.));
#6227 = ORIENTED_EDGE('',*,*,#6228,.T.);
#6228 = EDGE_CURVE('',#6221,#6229,#6231,.T.);
#6229 = VERTEX_POINT('',#6230);
#6230 = CARTESIAN_POINT('',(-0.750514333333,1.269531,9.6));
#6231 = LINE('',#6232,#6233);
#6232 = CARTESIAN_POINT('',(0.,1.269531,9.6));
#6233 = VECTOR('',#6234,1.);
#6234 = DIRECTION('',(-1.,-1.224606353822E-16,1.224606353822E-16));
#6235 = ORIENTED_EDGE('',*,*,#6236,.F.);
#6236 = EDGE_CURVE('',#6237,#6229,#6239,.T.);
#6237 = VERTEX_POINT('',#6238);
#6238 = CARTESIAN_POINT('',(-0.750514333333,1.269531,9.8));
#6239 = LINE('',#6240,#6241);
#6240 = CARTESIAN_POINT('',(-0.750514333333,1.269531,24.375));
#6241 = VECTOR('',#6242,1.);
#6242 = DIRECTION('',(8.164042358816E-17,9.383406169243E-33,-1.));
#6243 = ORIENTED_EDGE('',*,*,#6244,.T.);
#6244 = EDGE_CURVE('',#6237,#6245,#6247,.T.);
#6245 = VERTEX_POINT('',#6246);
#6246 = CARTESIAN_POINT('',(-0.917181,1.269531,9.8));
#6247 = LINE('',#6248,#6249);
#6248 = CARTESIAN_POINT('',(-3.775121778225E-16,1.269531,9.8));
#6249 = VECTOR('',#6250,1.);
#6250 = DIRECTION('',(-1.,-1.224606353822E-16,0.));
#6251 = ORIENTED_EDGE('',*,*,#6252,.F.);
#6252 = EDGE_CURVE('',#6253,#6245,#6255,.T.);
#6253 = VERTEX_POINT('',#6254);
#6254 = CARTESIAN_POINT('',(-0.917181,1.269531,9.6));
#6255 = LINE('',#6256,#6257);
#6256 = CARTESIAN_POINT('',(-0.917181,1.269531,24.375));
#6257 = VECTOR('',#6258,1.);
#6258 = DIRECTION('',(1.224606353822E-16,2.465190328816E-32,1.));
#6259 = ORIENTED_EDGE('',*,*,#6260,.T.);
#6260 = EDGE_CURVE('',#6253,#6261,#6263,.T.);
#6261 = VERTEX_POINT('',#6262);
#6262 = CARTESIAN_POINT('',(-1.167181,1.269531,9.6));
#6263 = LINE('',#6264,#6265);
#6264 = CARTESIAN_POINT('',(0.,1.269531,9.6));
#6265 = VECTOR('',#6266,1.);
#6266 = DIRECTION('',(-1.,-1.224606353822E-16,1.224606353822E-16));
#6267 = ORIENTED_EDGE('',*,*,#6268,.F.);
#6268 = EDGE_CURVE('',#6269,#6261,#6271,.T.);
#6269 = VERTEX_POINT('',#6270);
#6270 = CARTESIAN_POINT('',(-1.167181,1.269531,9.8));
#6271 = LINE('',#6272,#6273);
#6272 = CARTESIAN_POINT('',(-1.167181,1.269531,24.375));
#6273 = VECTOR('',#6274,1.);
#6274 = DIRECTION('',(1.836909530734E-16,1.964070873649E-32,-1.));
#6275 = ORIENTED_EDGE('',*,*,#6276,.T.);
#6276 = EDGE_CURVE('',#6269,#6086,#6277,.T.);
#6277 = LINE('',#6278,#6279);
#6278 = CARTESIAN_POINT('',(-3.775121778225E-16,1.269531,9.8));
#6279 = VECTOR('',#6280,1.);
#6280 = DIRECTION('',(-1.,-1.224606353822E-16,0.));
#6281 = PLANE('',#6282);
#6282 = AXIS2_PLACEMENT_3D('',#6283,#6284,#6285);
#6283 = CARTESIAN_POINT('',(0.282819,1.269531,9.8));
#6284 = DIRECTION('',(-1.224606353822E-16,1.,0.));
#6285 = DIRECTION('',(-1.,-1.224606353822E-16,0.));
#6286 = ADVANCED_FACE('',(#6287),#6328,.T.);
#6287 = FACE_BOUND('',#6288,.T.);
#6288 = EDGE_LOOP('',(#6289,#6299,#6305,#6306,#6314,#6322));
#6289 = ORIENTED_EDGE('',*,*,#6290,.T.);
#6290 = EDGE_CURVE('',#6291,#6293,#6295,.T.);
#6291 = VERTEX_POINT('',#6292);
#6292 = CARTESIAN_POINT('',(-1.717181,-1.130469,9.59));
#6293 = VERTEX_POINT('',#6294);
#6294 = CARTESIAN_POINT('',(-1.717181,-0.830469,9.59));
#6295 = LINE('',#6296,#6297);
#6296 = CARTESIAN_POINT('',(-1.717181,-4.323316812513E-16,9.59));
#6297 = VECTOR('',#6298,1.);
#6298 = DIRECTION('',(9.877623892429E-16,1.,0.));
#6299 = ORIENTED_EDGE('',*,*,#6300,.T.);
#6300 = EDGE_CURVE('',#6293,#2184,#6301,.T.);
#6301 = LINE('',#6302,#6303);
#6302 = CARTESIAN_POINT('',(-1.717181,-0.830469,15.625));
#6303 = VECTOR('',#6304,1.);
#6304 = DIRECTION('',(0.,0.,-1.));
#6305 = ORIENTED_EDGE('',*,*,#2209,.F.);
#6306 = ORIENTED_EDGE('',*,*,#6307,.T.);
#6307 = EDGE_CURVE('',#2202,#6308,#6310,.T.);
#6308 = VERTEX_POINT('',#6309);
#6309 = CARTESIAN_POINT('',(-1.717181,-1.630469,9.8));
#6310 = LINE('',#6311,#6312);
#6311 = CARTESIAN_POINT('',(-1.717181,-1.630469,9.8));
#6312 = VECTOR('',#6313,1.);
#6313 = DIRECTION('',(0.,0.,1.));
#6314 = ORIENTED_EDGE('',*,*,#6315,.F.);
#6315 = EDGE_CURVE('',#6316,#6308,#6318,.T.);
#6316 = VERTEX_POINT('',#6317);
#6317 = CARTESIAN_POINT('',(-1.717181,-1.130469,9.8));
#6318 = LINE('',#6319,#6320);
#6319 = CARTESIAN_POINT('',(-1.717181,-4.323316812513E-16,9.8));
#6320 = VECTOR('',#6321,1.);
#6321 = DIRECTION('',(1.224606353822E-16,-1.,0.));
#6322 = ORIENTED_EDGE('',*,*,#6323,.F.);
#6323 = EDGE_CURVE('',#6291,#6316,#6324,.T.);
#6324 = LINE('',#6325,#6326);
#6325 = CARTESIAN_POINT('',(-1.717181,-1.130469,9.8));
#6326 = VECTOR('',#6327,1.);
#6327 = DIRECTION('',(0.,0.,1.));
#6328 = PLANE('',#6329);
#6329 = AXIS2_PLACEMENT_3D('',#6330,#6331,#6332);
#6330 = CARTESIAN_POINT('',(-1.717181,-0.900529677232,17.099793359945));
#6331 = DIRECTION('',(-1.,-1.224606353822E-16,0.));
#6332 = DIRECTION('',(-1.224606353822E-16,1.,0.));
#6333 = ADVANCED_FACE('',(#6334),#6352,.F.);
#6334 = FACE_BOUND('',#6335,.T.);
#6335 = EDGE_LOOP('',(#6336,#6337,#6345,#6351));
#6336 = ORIENTED_EDGE('',*,*,#6300,.F.);
#6337 = ORIENTED_EDGE('',*,*,#6338,.F.);
#6338 = EDGE_CURVE('',#6339,#6293,#6341,.T.);
#6339 = VERTEX_POINT('',#6340);
#6340 = CARTESIAN_POINT('',(0.282819,-0.830469,9.59));
#6341 = LINE('',#6342,#6343);
#6342 = CARTESIAN_POINT('',(-1.203448435198E-16,-0.830469,9.59));
#6343 = VECTOR('',#6344,1.);
#6344 = DIRECTION('',(-1.,9.877623892429E-16,0.));
#6345 = ORIENTED_EDGE('',*,*,#6346,.F.);
#6346 = EDGE_CURVE('',#2186,#6339,#6347,.T.);
#6347 = LINE('',#6348,#6349);
#6348 = CARTESIAN_POINT('',(0.282819,-0.830469,15.625));
#6349 = VECTOR('',#6350,1.);
#6350 = DIRECTION('',(0.,0.,1.));
#6351 = ORIENTED_EDGE('',*,*,#2183,.F.);
#6352 = PLANE('',#6353);
#6353 = AXIS2_PLACEMENT_3D('',#6354,#6355,#6356);
#6354 = CARTESIAN_POINT('',(-4.365896180731E-02,-0.830469,9.446483253213
    ));
#6355 = DIRECTION('',(-9.877623892429E-16,-1.,0.));
#6356 = DIRECTION('',(-1.,9.877623892429E-16,0.));
#6357 = ADVANCED_FACE('',(#6358),#6398,.F.);
#6358 = FACE_BOUND('',#6359,.T.);
#6359 = EDGE_LOOP('',(#6360,#6370,#6376,#6377,#6383,#6384,#6390,#6391,
    #6392));
#6360 = ORIENTED_EDGE('',*,*,#6361,.F.);
#6361 = EDGE_CURVE('',#6362,#6364,#6366,.T.);
#6362 = VERTEX_POINT('',#6363);
#6363 = CARTESIAN_POINT('',(0.282819,-1.130469,9.6));
#6364 = VERTEX_POINT('',#6365);
#6365 = CARTESIAN_POINT('',(0.282819,-1.130469,9.59));
#6366 = LINE('',#6367,#6368);
#6367 = CARTESIAN_POINT('',(0.282819,-1.130469,9.8));
#6368 = VECTOR('',#6369,1.);
#6369 = DIRECTION('',(0.,0.,-1.));
#6370 = ORIENTED_EDGE('',*,*,#6371,.T.);
#6371 = EDGE_CURVE('',#6362,#4859,#6372,.T.);
#6372 = LINE('',#6373,#6374);
#6373 = CARTESIAN_POINT('',(0.282819,0.,9.6));
#6374 = VECTOR('',#6375,1.);
#6375 = DIRECTION('',(1.224606353822E-16,-1.,6.123031769112E-17));
#6376 = ORIENTED_EDGE('',*,*,#4866,.F.);
#6377 = ORIENTED_EDGE('',*,*,#6378,.T.);
#6378 = EDGE_CURVE('',#4840,#3507,#6379,.T.);
#6379 = LINE('',#6380,#6381);
#6380 = CARTESIAN_POINT('',(0.282819,-1.430469,24.375));
#6381 = VECTOR('',#6382,1.);
#6382 = DIRECTION('',(1.232595164408E-32,-6.123031769112E-17,-1.));
#6383 = ORIENTED_EDGE('',*,*,#3506,.T.);
#6384 = ORIENTED_EDGE('',*,*,#6385,.T.);
#6385 = EDGE_CURVE('',#3499,#2194,#6386,.T.);
#6386 = LINE('',#6387,#6388);
#6387 = CARTESIAN_POINT('',(0.282819,-1.630469,15.625));
#6388 = VECTOR('',#6389,1.);
#6389 = DIRECTION('',(0.,0.,-1.));
#6390 = ORIENTED_EDGE('',*,*,#2193,.T.);
#6391 = ORIENTED_EDGE('',*,*,#6346,.T.);
#6392 = ORIENTED_EDGE('',*,*,#6393,.T.);
#6393 = EDGE_CURVE('',#6339,#6364,#6394,.T.);
#6394 = LINE('',#6395,#6396);
#6395 = CARTESIAN_POINT('',(0.282819,-0.830469,9.59));
#6396 = VECTOR('',#6397,1.);
#6397 = DIRECTION('',(-9.877623892429E-16,-1.,0.));
#6398 = PLANE('',#6399);
#6399 = AXIS2_PLACEMENT_3D('',#6400,#6401,#6402);
#6400 = CARTESIAN_POINT('',(0.282819,-0.900529677232,17.099793359945));
#6401 = DIRECTION('',(-1.,-1.224606353822E-16,0.));
#6402 = DIRECTION('',(-1.224606353822E-16,1.,0.));
#6403 = ADVANCED_FACE('',(#6404),#6415,.T.);
#6404 = FACE_BOUND('',#6405,.T.);
#6405 = EDGE_LOOP('',(#6406,#6412,#6413,#6414));
#6406 = ORIENTED_EDGE('',*,*,#6407,.T.);
#6407 = EDGE_CURVE('',#4842,#3489,#6408,.T.);
#6408 = LINE('',#6409,#6410);
#6409 = CARTESIAN_POINT('',(1.082819,-1.430469,24.375));
#6410 = VECTOR('',#6411,1.);
#6411 = DIRECTION('',(-1.224606353822E-16,-6.123031769112E-17,-1.));
#6412 = ORIENTED_EDGE('',*,*,#3514,.T.);
#6413 = ORIENTED_EDGE('',*,*,#6378,.F.);
#6414 = ORIENTED_EDGE('',*,*,#4839,.T.);
#6415 = PLANE('',#6416);
#6416 = AXIS2_PLACEMENT_3D('',#6417,#6418,#6419);
#6417 = CARTESIAN_POINT('',(1.082819,-1.430469,9.3));
#6418 = DIRECTION('',(-3.215020689727E-32,1.,-6.123031769112E-17));
#6419 = DIRECTION('',(-1.224606353822E-16,-6.123031769112E-17,-1.));
#6420 = ADVANCED_FACE('',(#6421),#6448,.T.);
#6421 = FACE_BOUND('',#6422,.T.);
#6422 = EDGE_LOOP('',(#6423,#6432,#6440,#6447));
#6423 = ORIENTED_EDGE('',*,*,#6424,.T.);
#6424 = EDGE_CURVE('',#6002,#6425,#6427,.T.);
#6425 = VERTEX_POINT('',#6426);
#6426 = CARTESIAN_POINT('',(1.082819,1.769531,9.4));
#6427 = CIRCLE('',#6428,0.4);
#6428 = AXIS2_PLACEMENT_3D('',#6429,#6430,#6431);
#6429 = CARTESIAN_POINT('',(1.082819,1.369531,9.4));
#6430 = DIRECTION('',(-1.,-1.232595164408E-32,1.224606353822E-16));
#6431 = DIRECTION('',(2.73225588623E-32,-1.,1.224606353822E-16));
#6432 = ORIENTED_EDGE('',*,*,#6433,.F.);
#6433 = EDGE_CURVE('',#6434,#6425,#6436,.T.);
#6434 = VERTEX_POINT('',#6435);
#6435 = CARTESIAN_POINT('',(0.282819,1.769531,9.4));
#6436 = LINE('',#6437,#6438);
#6437 = CARTESIAN_POINT('',(-0.386712,1.769531,9.4));
#6438 = VECTOR('',#6439,1.);
#6439 = DIRECTION('',(1.,1.232595164408E-32,-1.224606353822E-16));
#6440 = ORIENTED_EDGE('',*,*,#6441,.F.);
#6441 = EDGE_CURVE('',#6010,#6434,#6442,.T.);
#6442 = CIRCLE('',#6443,0.4);
#6443 = AXIS2_PLACEMENT_3D('',#6444,#6445,#6446);
#6444 = CARTESIAN_POINT('',(0.282819,1.369531,9.4));
#6445 = DIRECTION('',(-1.,-1.232595164408E-32,1.224606353822E-16));
#6446 = DIRECTION('',(2.73225588623E-32,-1.,1.224606353822E-16));
#6447 = ORIENTED_EDGE('',*,*,#6009,.T.);
#6448 = CYLINDRICAL_SURFACE('',#6449,0.4);
#6449 = AXIS2_PLACEMENT_3D('',#6450,#6451,#6452);
#6450 = CARTESIAN_POINT('',(-0.386712,1.369531,9.4));
#6451 = DIRECTION('',(1.,1.232595164408E-32,-1.224606353822E-16));
#6452 = DIRECTION('',(2.73225588623E-32,-1.,1.224606353822E-16));
#6453 = ADVANCED_FACE('',(#6454),#6464,.F.);
#6454 = FACE_BOUND('',#6455,.T.);
#6455 = EDGE_LOOP('',(#6456,#6457,#6463));
#6456 = ORIENTED_EDGE('',*,*,#6441,.T.);
#6457 = ORIENTED_EDGE('',*,*,#6458,.T.);
#6458 = EDGE_CURVE('',#6434,#6018,#6459,.T.);
#6459 = LINE('',#6460,#6461);
#6460 = CARTESIAN_POINT('',(0.282819,1.769531,15.625));
#6461 = VECTOR('',#6462,1.);
#6462 = DIRECTION('',(0.,0.,1.));
#6463 = ORIENTED_EDGE('',*,*,#6017,.T.);
#6464 = PLANE('',#6465);
#6465 = AXIS2_PLACEMENT_3D('',#6466,#6467,#6468);
#6466 = CARTESIAN_POINT('',(0.282819,-0.900529677232,17.099793359945));
#6467 = DIRECTION('',(-1.,-1.224606353822E-16,0.));
#6468 = DIRECTION('',(-1.224606353822E-16,1.,0.));
#6469 = ADVANCED_FACE('',(#6470),#6508,.T.);
#6470 = FACE_BOUND('',#6471,.T.);
#6471 = EDGE_LOOP('',(#6472,#6473,#6474,#6475,#6476,#6484,#6492,#6498,
    #6499,#6500,#6506,#6507));
#6472 = ORIENTED_EDGE('',*,*,#4890,.F.);
#6473 = ORIENTED_EDGE('',*,*,#6025,.T.);
#6474 = ORIENTED_EDGE('',*,*,#6458,.F.);
#6475 = ORIENTED_EDGE('',*,*,#6433,.T.);
#6476 = ORIENTED_EDGE('',*,*,#6477,.T.);
#6477 = EDGE_CURVE('',#6425,#6478,#6480,.T.);
#6478 = VERTEX_POINT('',#6479);
#6479 = CARTESIAN_POINT('',(1.082819,1.769531,9.3));
#6480 = LINE('',#6481,#6482);
#6481 = CARTESIAN_POINT('',(1.082819,1.769531,24.375));
#6482 = VECTOR('',#6483,1.);
#6483 = DIRECTION('',(-1.224606353822E-16,-6.123031769112E-17,-1.));
#6484 = ORIENTED_EDGE('',*,*,#6485,.T.);
#6485 = EDGE_CURVE('',#6478,#6486,#6488,.T.);
#6486 = VERTEX_POINT('',#6487);
#6487 = CARTESIAN_POINT('',(0.282819,1.769531,9.3));
#6488 = LINE('',#6489,#6490);
#6489 = CARTESIAN_POINT('',(1.082819,1.769531,9.3));
#6490 = VECTOR('',#6491,1.);
#6491 = DIRECTION('',(-1.,-2.465190328816E-32,1.224606353822E-16));
#6492 = ORIENTED_EDGE('',*,*,#6493,.F.);
#6493 = EDGE_CURVE('',#6116,#6486,#6494,.T.);
#6494 = LINE('',#6495,#6496);
#6495 = CARTESIAN_POINT('',(0.282819,1.769531,15.625));
#6496 = VECTOR('',#6497,1.);
#6497 = DIRECTION('',(0.,0.,1.));
#6498 = ORIENTED_EDGE('',*,*,#6115,.T.);
#6499 = ORIENTED_EDGE('',*,*,#6101,.T.);
#6500 = ORIENTED_EDGE('',*,*,#6501,.T.);
#6501 = EDGE_CURVE('',#6094,#5897,#6502,.T.);
#6502 = LINE('',#6503,#6504);
#6503 = CARTESIAN_POINT('',(-4.387424955136E-16,1.769531,9.8));
#6504 = VECTOR('',#6505,1.);
#6505 = DIRECTION('',(1.,1.224606353822E-16,0.));
#6506 = ORIENTED_EDGE('',*,*,#5896,.T.);
#6507 = ORIENTED_EDGE('',*,*,#4805,.T.);
#6508 = PLANE('',#6509);
#6509 = AXIS2_PLACEMENT_3D('',#6510,#6511,#6512);
#6510 = CARTESIAN_POINT('',(-0.792181,1.769531,9.8));
#6511 = DIRECTION('',(-1.224606353822E-16,1.,0.));
#6512 = DIRECTION('',(-1.,-1.224606353822E-16,0.));
#6513 = ADVANCED_FACE('',(#6514),#6540,.F.);
#6514 = FACE_BOUND('',#6515,.T.);
#6515 = EDGE_LOOP('',(#6516,#6525,#6526,#6534));
#6516 = ORIENTED_EDGE('',*,*,#6517,.F.);
#6517 = EDGE_CURVE('',#6038,#6518,#6520,.T.);
#6518 = VERTEX_POINT('',#6519);
#6519 = CARTESIAN_POINT('',(0.282819,-1.630469,9.4));
#6520 = CIRCLE('',#6521,0.4);
#6521 = AXIS2_PLACEMENT_3D('',#6522,#6523,#6524);
#6522 = CARTESIAN_POINT('',(0.282819,-1.230469,9.4));
#6523 = DIRECTION('',(1.,1.232595164408E-32,-1.224606353822E-16));
#6524 = DIRECTION('',(-2.73225588623E-32,1.,-1.224606353822E-16));
#6525 = ORIENTED_EDGE('',*,*,#6037,.F.);
#6526 = ORIENTED_EDGE('',*,*,#6527,.T.);
#6527 = EDGE_CURVE('',#5157,#6528,#6530,.T.);
#6528 = VERTEX_POINT('',#6529);
#6529 = CARTESIAN_POINT('',(0.282819,-1.630469,9.8));
#6530 = LINE('',#6531,#6532);
#6531 = CARTESIAN_POINT('',(0.282819,-1.874104104869E-16,9.8));
#6532 = VECTOR('',#6533,1.);
#6533 = DIRECTION('',(1.224606353822E-16,-1.,0.));
#6534 = ORIENTED_EDGE('',*,*,#6535,.T.);
#6535 = EDGE_CURVE('',#6528,#6518,#6536,.T.);
#6536 = LINE('',#6537,#6538);
#6537 = CARTESIAN_POINT('',(0.282819,-1.630469,15.625));
#6538 = VECTOR('',#6539,1.);
#6539 = DIRECTION('',(0.,0.,-1.));
#6540 = PLANE('',#6541);
#6541 = AXIS2_PLACEMENT_3D('',#6542,#6543,#6544);
#6542 = CARTESIAN_POINT('',(0.282819,-0.900529677232,17.099793359945));
#6543 = DIRECTION('',(-1.,-1.224606353822E-16,0.));
#6544 = DIRECTION('',(-1.224606353822E-16,1.,0.));
#6545 = ADVANCED_FACE('',(#6546),#6565,.T.);
#6546 = FACE_BOUND('',#6547,.T.);
#6547 = EDGE_LOOP('',(#6548,#6549,#6557,#6564));
#6548 = ORIENTED_EDGE('',*,*,#6517,.T.);
#6549 = ORIENTED_EDGE('',*,*,#6550,.F.);
#6550 = EDGE_CURVE('',#6551,#6518,#6553,.T.);
#6551 = VERTEX_POINT('',#6552);
#6552 = CARTESIAN_POINT('',(1.082819,-1.630469,9.4));
#6553 = LINE('',#6554,#6555);
#6554 = CARTESIAN_POINT('',(-0.386712,-1.630469,9.4));
#6555 = VECTOR('',#6556,1.);
#6556 = DIRECTION('',(-1.,-1.232595164408E-32,1.224606353822E-16));
#6557 = ORIENTED_EDGE('',*,*,#6558,.F.);
#6558 = EDGE_CURVE('',#6000,#6551,#6559,.T.);
#6559 = CIRCLE('',#6560,0.4);
#6560 = AXIS2_PLACEMENT_3D('',#6561,#6562,#6563);
#6561 = CARTESIAN_POINT('',(1.082819,-1.230469,9.4));
#6562 = DIRECTION('',(1.,1.232595164408E-32,-1.224606353822E-16));
#6563 = DIRECTION('',(-2.73225588623E-32,1.,-1.224606353822E-16));
#6564 = ORIENTED_EDGE('',*,*,#6045,.T.);
#6565 = CYLINDRICAL_SURFACE('',#6566,0.4);
#6566 = AXIS2_PLACEMENT_3D('',#6567,#6568,#6569);
#6567 = CARTESIAN_POINT('',(-0.386712,-1.230469,9.4));
#6568 = DIRECTION('',(-1.,-1.232595164408E-32,1.224606353822E-16));
#6569 = DIRECTION('',(-2.73225588623E-32,1.,-1.224606353822E-16));
#6570 = ADVANCED_FACE('',(#6571),#6582,.T.);
#6571 = FACE_BOUND('',#6572,.T.);
#6572 = EDGE_LOOP('',(#6573,#6574,#6575,#6576));
#6573 = ORIENTED_EDGE('',*,*,#5140,.T.);
#6574 = ORIENTED_EDGE('',*,*,#5942,.F.);
#6575 = ORIENTED_EDGE('',*,*,#5810,.T.);
#6576 = ORIENTED_EDGE('',*,*,#6577,.T.);
#6577 = EDGE_CURVE('',#5803,#5141,#6578,.T.);
#6578 = LINE('',#6579,#6580);
#6579 = CARTESIAN_POINT('',(8.2819E-02,-2.119025375633E-16,10.775));
#6580 = VECTOR('',#6581,1.);
#6581 = DIRECTION('',(-1.224606353822E-16,1.,0.));
#6582 = PLANE('',#6583);
#6583 = AXIS2_PLACEMENT_3D('',#6584,#6585,#6586);
#6584 = CARTESIAN_POINT('',(1.182819,-2.030469,10.775));
#6585 = DIRECTION('',(0.,0.,1.));
#6586 = DIRECTION('',(1.,1.224606353822E-16,-0.));
#6587 = ADVANCED_FACE('',(#6588),#6607,.T.);
#6588 = FACE_BOUND('',#6589,.T.);
#6589 = EDGE_LOOP('',(#6590,#6591,#6599,#6605,#6606));
#6590 = ORIENTED_EDGE('',*,*,#5800,.F.);
#6591 = ORIENTED_EDGE('',*,*,#6592,.T.);
#6592 = EDGE_CURVE('',#5801,#6593,#6595,.T.);
#6593 = VERTEX_POINT('',#6594);
#6594 = CARTESIAN_POINT('',(8.2819E-02,-1.630469,9.8));
#6595 = LINE('',#6596,#6597);
#6596 = CARTESIAN_POINT('',(8.2819E-02,-2.119025375633E-16,9.8));
#6597 = VECTOR('',#6598,1.);
#6598 = DIRECTION('',(-1.224606353822E-16,1.,0.));
#6599 = ORIENTED_EDGE('',*,*,#6600,.T.);
#6600 = EDGE_CURVE('',#6593,#5149,#6601,.T.);
#6601 = LINE('',#6602,#6603);
#6602 = CARTESIAN_POINT('',(8.2819E-02,-2.119025375633E-16,9.8));
#6603 = VECTOR('',#6604,1.);
#6604 = DIRECTION('',(-1.224606353822E-16,1.,0.));
#6605 = ORIENTED_EDGE('',*,*,#5148,.T.);
#6606 = ORIENTED_EDGE('',*,*,#6577,.F.);
#6607 = PLANE('',#6608);
#6608 = AXIS2_PLACEMENT_3D('',#6609,#6610,#6611);
#6609 = CARTESIAN_POINT('',(8.2819E-02,-2.030469,9.8));
#6610 = DIRECTION('',(1.,1.224606353822E-16,0.));
#6611 = DIRECTION('',(0.,0.,-1.));
#6612 = ADVANCED_FACE('',(#6613),#6624,.F.);
#6613 = FACE_BOUND('',#6614,.T.);
#6614 = EDGE_LOOP('',(#6615,#6616,#6617,#6623));
#6615 = ORIENTED_EDGE('',*,*,#5156,.F.);
#6616 = ORIENTED_EDGE('',*,*,#6600,.F.);
#6617 = ORIENTED_EDGE('',*,*,#6618,.F.);
#6618 = EDGE_CURVE('',#6528,#6593,#6619,.T.);
#6619 = LINE('',#6620,#6621);
#6620 = CARTESIAN_POINT('',(1.182819,-1.630469,9.8));
#6621 = VECTOR('',#6622,1.);
#6622 = DIRECTION('',(-1.,-1.224606353822E-16,0.));
#6623 = ORIENTED_EDGE('',*,*,#6527,.F.);
#6624 = PLANE('',#6625);
#6625 = AXIS2_PLACEMENT_3D('',#6626,#6627,#6628);
#6626 = CARTESIAN_POINT('',(1.182819,-1.630469,9.8));
#6627 = DIRECTION('',(0.,0.,-1.));
#6628 = DIRECTION('',(1.224606353822E-16,-1.,0.));
#6629 = ADVANCED_FACE('',(#6630),#6651,.F.);
#6630 = FACE_BOUND('',#6631,.T.);
#6631 = EDGE_LOOP('',(#6632,#6633,#6639,#6640,#6641,#6642,#6643,#6649,
    #6650));
#6632 = ORIENTED_EDGE('',*,*,#6618,.T.);
#6633 = ORIENTED_EDGE('',*,*,#6634,.T.);
#6634 = EDGE_CURVE('',#6593,#6308,#6635,.T.);
#6635 = LINE('',#6636,#6637);
#6636 = CARTESIAN_POINT('',(-2.237633521399E-17,-1.630469,9.8));
#6637 = VECTOR('',#6638,1.);
#6638 = DIRECTION('',(-1.,-1.224606353822E-16,0.));
#6639 = ORIENTED_EDGE('',*,*,#6307,.F.);
#6640 = ORIENTED_EDGE('',*,*,#2201,.F.);
#6641 = ORIENTED_EDGE('',*,*,#6385,.F.);
#6642 = ORIENTED_EDGE('',*,*,#3498,.F.);
#6643 = ORIENTED_EDGE('',*,*,#6644,.T.);
#6644 = EDGE_CURVE('',#3491,#6551,#6645,.T.);
#6645 = LINE('',#6646,#6647);
#6646 = CARTESIAN_POINT('',(1.082819,-1.630469,24.375));
#6647 = VECTOR('',#6648,1.);
#6648 = DIRECTION('',(1.224606353822E-16,6.123031769112E-17,1.));
#6649 = ORIENTED_EDGE('',*,*,#6550,.T.);
#6650 = ORIENTED_EDGE('',*,*,#6535,.F.);
#6651 = PLANE('',#6652);
#6652 = AXIS2_PLACEMENT_3D('',#6653,#6654,#6655);
#6653 = CARTESIAN_POINT('',(1.182819,-1.630469,9.05));
#6654 = DIRECTION('',(-1.224606353822E-16,1.,0.));
#6655 = DIRECTION('',(0.,0.,-1.));
#6656 = ADVANCED_FACE('',(#6657),#6698,.T.);
#6657 = FACE_BOUND('',#6658,.T.);
#6658 = EDGE_LOOP('',(#6659,#6660,#6661,#6662,#6663,#6664,#6672,#6681,
    #6689,#6695,#6696,#6697));
#6659 = ORIENTED_EDGE('',*,*,#6558,.T.);
#6660 = ORIENTED_EDGE('',*,*,#6644,.F.);
#6661 = ORIENTED_EDGE('',*,*,#3488,.F.);
#6662 = ORIENTED_EDGE('',*,*,#6407,.F.);
#6663 = ORIENTED_EDGE('',*,*,#4849,.T.);
#6664 = ORIENTED_EDGE('',*,*,#6665,.F.);
#6665 = EDGE_CURVE('',#6666,#4850,#6668,.T.);
#6666 = VERTEX_POINT('',#6667);
#6667 = CARTESIAN_POINT('',(1.082819,1.369531,9.6));
#6668 = LINE('',#6669,#6670);
#6669 = CARTESIAN_POINT('',(1.082819,-0.44765,9.6));
#6670 = VECTOR('',#6671,1.);
#6671 = DIRECTION('',(1.232595164408E-32,-1.,6.123031769112E-17));
#6672 = ORIENTED_EDGE('',*,*,#6673,.F.);
#6673 = EDGE_CURVE('',#6674,#6666,#6676,.T.);
#6674 = VERTEX_POINT('',#6675);
#6675 = CARTESIAN_POINT('',(1.082819,1.569531,9.4));
#6676 = CIRCLE('',#6677,0.2);
#6677 = AXIS2_PLACEMENT_3D('',#6678,#6679,#6680);
#6678 = CARTESIAN_POINT('',(1.082819,1.369531,9.4));
#6679 = DIRECTION('',(1.,1.232595164408E-32,-1.224606353822E-16));
#6680 = DIRECTION('',(-2.73225588623E-32,1.,-1.224606353822E-16));
#6681 = ORIENTED_EDGE('',*,*,#6682,.F.);
#6682 = EDGE_CURVE('',#6683,#6674,#6685,.T.);
#6683 = VERTEX_POINT('',#6684);
#6684 = CARTESIAN_POINT('',(1.082819,1.569531,9.3));
#6685 = LINE('',#6686,#6687);
#6686 = CARTESIAN_POINT('',(1.082819,1.569531,24.375));
#6687 = VECTOR('',#6688,1.);
#6688 = DIRECTION('',(1.224606353822E-16,6.123031769112E-17,1.));
#6689 = ORIENTED_EDGE('',*,*,#6690,.F.);
#6690 = EDGE_CURVE('',#6478,#6683,#6691,.T.);
#6691 = LINE('',#6692,#6693);
#6692 = CARTESIAN_POINT('',(1.082819,-0.44765,9.3));
#6693 = VECTOR('',#6694,1.);
#6694 = DIRECTION('',(1.232595164408E-32,-1.,6.123031769112E-17));
#6695 = ORIENTED_EDGE('',*,*,#6477,.F.);
#6696 = ORIENTED_EDGE('',*,*,#6424,.F.);
#6697 = ORIENTED_EDGE('',*,*,#5999,.F.);
#6698 = PLANE('',#6699);
#6699 = AXIS2_PLACEMENT_3D('',#6700,#6701,#6702);
#6700 = CARTESIAN_POINT('',(1.082819,1.29518400696,9.684510345015));
#6701 = DIRECTION('',(1.,4.827648034968E-33,-1.224606353822E-16));
#6702 = DIRECTION('',(-1.232595164408E-32,1.,-6.123031769112E-17));
#6703 = ADVANCED_FACE('',(#6704),#6722,.T.);
#6704 = FACE_BOUND('',#6705,.T.);
#6705 = EDGE_LOOP('',(#6706,#6707,#6715,#6721));
#6706 = ORIENTED_EDGE('',*,*,#6690,.T.);
#6707 = ORIENTED_EDGE('',*,*,#6708,.T.);
#6708 = EDGE_CURVE('',#6683,#6709,#6711,.T.);
#6709 = VERTEX_POINT('',#6710);
#6710 = CARTESIAN_POINT('',(0.282819,1.569531,9.3));
#6711 = LINE('',#6712,#6713);
#6712 = CARTESIAN_POINT('',(1.082819,1.569531,9.3));
#6713 = VECTOR('',#6714,1.);
#6714 = DIRECTION('',(-1.,-2.465190328816E-32,1.224606353822E-16));
#6715 = ORIENTED_EDGE('',*,*,#6716,.F.);
#6716 = EDGE_CURVE('',#6486,#6709,#6717,.T.);
#6717 = LINE('',#6718,#6719);
#6718 = CARTESIAN_POINT('',(0.282819,0.,9.3));
#6719 = VECTOR('',#6720,1.);
#6720 = DIRECTION('',(1.224606353822E-16,-1.,6.123031769112E-17));
#6721 = ORIENTED_EDGE('',*,*,#6485,.F.);
#6722 = PLANE('',#6723);
#6723 = AXIS2_PLACEMENT_3D('',#6724,#6725,#6726);
#6724 = CARTESIAN_POINT('',(1.082819,1.569531,9.3));
#6725 = DIRECTION('',(-1.224606353822E-16,-6.123031769112E-17,-1.));
#6726 = DIRECTION('',(1.232595164408E-32,-1.,6.123031769112E-17));
#6727 = ADVANCED_FACE('',(#6728),#6746,.T.);
#6728 = FACE_BOUND('',#6729,.T.);
#6729 = EDGE_LOOP('',(#6730,#6738,#6739,#6740));
#6730 = ORIENTED_EDGE('',*,*,#6731,.F.);
#6731 = EDGE_CURVE('',#6709,#6732,#6734,.T.);
#6732 = VERTEX_POINT('',#6733);
#6733 = CARTESIAN_POINT('',(0.282819,1.569531,9.4));
#6734 = LINE('',#6735,#6736);
#6735 = CARTESIAN_POINT('',(0.282819,1.569531,24.375));
#6736 = VECTOR('',#6737,1.);
#6737 = DIRECTION('',(-1.232595164408E-32,6.123031769112E-17,1.));
#6738 = ORIENTED_EDGE('',*,*,#6708,.F.);
#6739 = ORIENTED_EDGE('',*,*,#6682,.T.);
#6740 = ORIENTED_EDGE('',*,*,#6741,.T.);
#6741 = EDGE_CURVE('',#6674,#6732,#6742,.T.);
#6742 = LINE('',#6743,#6744);
#6743 = CARTESIAN_POINT('',(-0.386712,1.569531,9.4));
#6744 = VECTOR('',#6745,1.);
#6745 = DIRECTION('',(-1.,-1.232595164408E-32,1.224606353822E-16));
#6746 = PLANE('',#6747);
#6747 = AXIS2_PLACEMENT_3D('',#6748,#6749,#6750);
#6748 = CARTESIAN_POINT('',(1.082819,1.569531,9.8));
#6749 = DIRECTION('',(3.215020689727E-32,-1.,6.123031769112E-17));
#6750 = DIRECTION('',(1.224606353822E-16,6.123031769112E-17,1.));
#6751 = ADVANCED_FACE('',(#6752),#6771,.F.);
#6752 = FACE_BOUND('',#6753,.F.);
#6753 = EDGE_LOOP('',(#6754,#6755,#6764,#6770));
#6754 = ORIENTED_EDGE('',*,*,#6741,.T.);
#6755 = ORIENTED_EDGE('',*,*,#6756,.T.);
#6756 = EDGE_CURVE('',#6732,#6757,#6759,.T.);
#6757 = VERTEX_POINT('',#6758);
#6758 = CARTESIAN_POINT('',(0.282819,1.369531,9.6));
#6759 = CIRCLE('',#6760,0.2);
#6760 = AXIS2_PLACEMENT_3D('',#6761,#6762,#6763);
#6761 = CARTESIAN_POINT('',(0.282819,1.369531,9.4));
#6762 = DIRECTION('',(1.,1.232595164408E-32,-1.224606353822E-16));
#6763 = DIRECTION('',(-2.73225588623E-32,1.,-1.224606353822E-16));
#6764 = ORIENTED_EDGE('',*,*,#6765,.F.);
#6765 = EDGE_CURVE('',#6666,#6757,#6766,.T.);
#6766 = LINE('',#6767,#6768);
#6767 = CARTESIAN_POINT('',(-0.386712,1.369531,9.6));
#6768 = VECTOR('',#6769,1.);
#6769 = DIRECTION('',(-1.,-1.232595164408E-32,1.224606353822E-16));
#6770 = ORIENTED_EDGE('',*,*,#6673,.F.);
#6771 = CYLINDRICAL_SURFACE('',#6772,0.2);
#6772 = AXIS2_PLACEMENT_3D('',#6773,#6774,#6775);
#6773 = CARTESIAN_POINT('',(-0.386712,1.369531,9.4));
#6774 = DIRECTION('',(-1.,-1.232595164408E-32,1.224606353822E-16));
#6775 = DIRECTION('',(-2.73225588623E-32,1.,-1.224606353822E-16));
#6776 = ADVANCED_FACE('',(#6777),#6793,.F.);
#6777 = FACE_BOUND('',#6778,.T.);
#6778 = EDGE_LOOP('',(#6779,#6780,#6781,#6782,#6783,#6784,#6785,#6786,
    #6792));
#6779 = ORIENTED_EDGE('',*,*,#6180,.T.);
#6780 = ORIENTED_EDGE('',*,*,#6146,.T.);
#6781 = ORIENTED_EDGE('',*,*,#6123,.T.);
#6782 = ORIENTED_EDGE('',*,*,#6493,.T.);
#6783 = ORIENTED_EDGE('',*,*,#6716,.T.);
#6784 = ORIENTED_EDGE('',*,*,#6731,.T.);
#6785 = ORIENTED_EDGE('',*,*,#6756,.T.);
#6786 = ORIENTED_EDGE('',*,*,#6787,.T.);
#6787 = EDGE_CURVE('',#6757,#6197,#6788,.T.);
#6788 = LINE('',#6789,#6790);
#6789 = CARTESIAN_POINT('',(0.282819,0.,9.6));
#6790 = VECTOR('',#6791,1.);
#6791 = DIRECTION('',(1.224606353822E-16,-1.,6.123031769112E-17));
#6792 = ORIENTED_EDGE('',*,*,#6196,.T.);
#6793 = PLANE('',#6794);
#6794 = AXIS2_PLACEMENT_3D('',#6795,#6796,#6797);
#6795 = CARTESIAN_POINT('',(0.282819,-0.900529677232,17.099793359945));
#6796 = DIRECTION('',(-1.,-1.224606353822E-16,0.));
#6797 = DIRECTION('',(-1.224606353822E-16,1.,0.));
#6798 = ADVANCED_FACE('',(#6799),#6891,.F.);
#6799 = FACE_BOUND('',#6800,.T.);
#6800 = EDGE_LOOP('',(#6801,#6802,#6803,#6804,#6805,#6806,#6807,#6808,
    #6816,#6825,#6833,#6841,#6849,#6857,#6865,#6874,#6882,#6888,#6889,
    #6890));
#6801 = ORIENTED_EDGE('',*,*,#5833,.F.);
#6802 = ORIENTED_EDGE('',*,*,#3319,.T.);
#6803 = ORIENTED_EDGE('',*,*,#5856,.F.);
#6804 = ORIENTED_EDGE('',*,*,#5904,.F.);
#6805 = ORIENTED_EDGE('',*,*,#6501,.F.);
#6806 = ORIENTED_EDGE('',*,*,#6093,.T.);
#6807 = ORIENTED_EDGE('',*,*,#6276,.F.);
#6808 = ORIENTED_EDGE('',*,*,#6809,.F.);
#6809 = EDGE_CURVE('',#6810,#6269,#6812,.T.);
#6810 = VERTEX_POINT('',#6811);
#6811 = CARTESIAN_POINT('',(-1.256404227028,1.251686354594,9.8));
#6812 = LINE('',#6813,#6814);
#6813 = CARTESIAN_POINT('',(0.,1.5029672,9.8));
#6814 = VECTOR('',#6815,1.);
#6815 = DIRECTION('',(0.980580675691,0.196116135138,0.));
#6816 = ORIENTED_EDGE('',*,*,#6817,.T.);
#6817 = EDGE_CURVE('',#6810,#6818,#6820,.T.);
#6818 = VERTEX_POINT('',#6819);
#6819 = CARTESIAN_POINT('',(-1.416682628207,1.069680511538,9.8));
#6820 = CIRCLE('',#6821,0.2);
#6821 = AXIS2_PLACEMENT_3D('',#6822,#6823,#6824);
#6822 = CARTESIAN_POINT('',(-1.217181,1.055570219456,9.8));
#6823 = DIRECTION('',(1.224606353822E-16,6.123031769112E-17,1.));
#6824 = DIRECTION('',(1.232595164408E-32,-1.,6.123031769112E-17));
#6825 = ORIENTED_EDGE('',*,*,#6826,.F.);
#6826 = EDGE_CURVE('',#6827,#6818,#6829,.T.);
#6827 = VERTEX_POINT('',#6828);
#6828 = CARTESIAN_POINT('',(-1.416682628207,0.969531,9.8));
#6829 = LINE('',#6830,#6831);
#6830 = CARTESIAN_POINT('',(-1.416682628207,0.,9.8));
#6831 = VECTOR('',#6832,1.);
#6832 = DIRECTION('',(-4.827648034968E-33,1.,0.));
#6833 = ORIENTED_EDGE('',*,*,#6834,.F.);
#6834 = EDGE_CURVE('',#6835,#6827,#6837,.T.);
#6835 = VERTEX_POINT('',#6836);
#6836 = CARTESIAN_POINT('',(-2.017181,0.969531,9.8));
#6837 = LINE('',#6838,#6839);
#6838 = CARTESIAN_POINT('',(0.,0.969531,9.8));
#6839 = VECTOR('',#6840,1.);
#6840 = DIRECTION('',(1.,3.215020689727E-32,0.));
#6841 = ORIENTED_EDGE('',*,*,#6842,.F.);
#6842 = EDGE_CURVE('',#6843,#6835,#6845,.T.);
#6843 = VERTEX_POINT('',#6844);
#6844 = CARTESIAN_POINT('',(-2.017181,-0.830469,9.8));
#6845 = LINE('',#6846,#6847);
#6846 = CARTESIAN_POINT('',(-2.017181,1.769531,9.8));
#6847 = VECTOR('',#6848,1.);
#6848 = DIRECTION('',(-1.232595164408E-32,1.,-3.061515884556E-17));
#6849 = ORIENTED_EDGE('',*,*,#6850,.F.);
#6850 = EDGE_CURVE('',#6851,#6843,#6853,.T.);
#6851 = VERTEX_POINT('',#6852);
#6852 = CARTESIAN_POINT('',(-1.416682628207,-0.830469,9.8));
#6853 = LINE('',#6854,#6855);
#6854 = CARTESIAN_POINT('',(0.,-0.830469,9.8));
#6855 = VECTOR('',#6856,1.);
#6856 = DIRECTION('',(-1.,-3.215020689727E-32,0.));
#6857 = ORIENTED_EDGE('',*,*,#6858,.F.);
#6858 = EDGE_CURVE('',#6859,#6851,#6861,.T.);
#6859 = VERTEX_POINT('',#6860);
#6860 = CARTESIAN_POINT('',(-1.416682628207,-0.930618511538,9.8));
#6861 = LINE('',#6862,#6863);
#6862 = CARTESIAN_POINT('',(-1.416682628207,0.,9.8));
#6863 = VECTOR('',#6864,1.);
#6864 = DIRECTION('',(-4.827648034968E-33,1.,0.));
#6865 = ORIENTED_EDGE('',*,*,#6866,.F.);
#6866 = EDGE_CURVE('',#6867,#6859,#6869,.T.);
#6867 = VERTEX_POINT('',#6868);
#6868 = CARTESIAN_POINT('',(-1.256404227028,-1.112624354594,9.8));
#6869 = CIRCLE('',#6870,0.2);
#6870 = AXIS2_PLACEMENT_3D('',#6871,#6872,#6873);
#6871 = CARTESIAN_POINT('',(-1.217181,-0.916508219456,9.8));
#6872 = DIRECTION('',(-1.224606353822E-16,-6.123031769112E-17,-1.));
#6873 = DIRECTION('',(-1.232595164408E-32,1.,-6.123031769112E-17));
#6874 = ORIENTED_EDGE('',*,*,#6875,.F.);
#6875 = EDGE_CURVE('',#6876,#6867,#6878,.T.);
#6876 = VERTEX_POINT('',#6877);
#6877 = CARTESIAN_POINT('',(-1.167181,-1.130469,9.8));
#6878 = LINE('',#6879,#6880);
#6879 = CARTESIAN_POINT('',(0.,-1.3639052,9.8));
#6880 = VECTOR('',#6881,1.);
#6881 = DIRECTION('',(-0.980580675691,0.196116135138,0.));
#6882 = ORIENTED_EDGE('',*,*,#6883,.T.);
#6883 = EDGE_CURVE('',#6876,#6316,#6884,.T.);
#6884 = LINE('',#6885,#6886);
#6885 = CARTESIAN_POINT('',(-8.360665290511E-17,-1.130469,9.8));
#6886 = VECTOR('',#6887,1.);
#6887 = DIRECTION('',(-1.,-1.224606353822E-16,0.));
#6888 = ORIENTED_EDGE('',*,*,#6315,.T.);
#6889 = ORIENTED_EDGE('',*,*,#6634,.F.);
#6890 = ORIENTED_EDGE('',*,*,#6592,.F.);
#6891 = PLANE('',#6892);
#6892 = AXIS2_PLACEMENT_3D('',#6893,#6894,#6895);
#6893 = CARTESIAN_POINT('',(-0.111413244036,-1.926413479559,9.8));
#6894 = DIRECTION('',(0.,0.,1.));
#6895 = DIRECTION('',(1.,1.224606353822E-16,-0.));
#6896 = ADVANCED_FACE('',(#6897),#6923,.T.);
#6897 = FACE_BOUND('',#6898,.T.);
#6898 = EDGE_LOOP('',(#6899,#6907,#6916,#6922));
#6899 = ORIENTED_EDGE('',*,*,#6900,.T.);
#6900 = EDGE_CURVE('',#6859,#6901,#6903,.T.);
#6901 = VERTEX_POINT('',#6902);
#6902 = CARTESIAN_POINT('',(-1.416682628207,-0.930618511538,9.6));
#6903 = LINE('',#6904,#6905);
#6904 = CARTESIAN_POINT('',(-1.416682628207,-0.930618511538,9.8));
#6905 = VECTOR('',#6906,1.);
#6906 = DIRECTION('',(-1.224606353822E-16,-6.123031769112E-17,-1.));
#6907 = ORIENTED_EDGE('',*,*,#6908,.F.);
#6908 = EDGE_CURVE('',#6909,#6901,#6911,.T.);
#6909 = VERTEX_POINT('',#6910);
#6910 = CARTESIAN_POINT('',(-1.256404227028,-1.112624354594,9.6));
#6911 = CIRCLE('',#6912,0.2);
#6912 = AXIS2_PLACEMENT_3D('',#6913,#6914,#6915);
#6913 = CARTESIAN_POINT('',(-1.217181,-0.916508219456,9.6));
#6914 = DIRECTION('',(-1.224606353822E-16,-6.123031769112E-17,-1.));
#6915 = DIRECTION('',(-1.232595164408E-32,1.,-6.123031769112E-17));
#6916 = ORIENTED_EDGE('',*,*,#6917,.F.);
#6917 = EDGE_CURVE('',#6867,#6909,#6918,.T.);
#6918 = LINE('',#6919,#6920);
#6919 = CARTESIAN_POINT('',(-1.256404227028,-1.112624354594,9.8));
#6920 = VECTOR('',#6921,1.);
#6921 = DIRECTION('',(-1.224606353822E-16,-6.123031769112E-17,-1.));
#6922 = ORIENTED_EDGE('',*,*,#6866,.T.);
#6923 = CYLINDRICAL_SURFACE('',#6924,0.2);
#6924 = AXIS2_PLACEMENT_3D('',#6925,#6926,#6927);
#6925 = CARTESIAN_POINT('',(-1.217181,-0.916508219456,9.8));
#6926 = DIRECTION('',(-1.224606353822E-16,-6.123031769112E-17,-1.));
#6927 = DIRECTION('',(-1.232595164408E-32,1.,-6.123031769112E-17));
#6928 = ADVANCED_FACE('',(#6929),#6947,.F.);
#6929 = FACE_BOUND('',#6930,.T.);
#6930 = EDGE_LOOP('',(#6931,#6932,#6933,#6941));
#6931 = ORIENTED_EDGE('',*,*,#6900,.F.);
#6932 = ORIENTED_EDGE('',*,*,#6858,.T.);
#6933 = ORIENTED_EDGE('',*,*,#6934,.F.);
#6934 = EDGE_CURVE('',#6935,#6851,#6937,.T.);
#6935 = VERTEX_POINT('',#6936);
#6936 = CARTESIAN_POINT('',(-1.416682628207,-0.830469,9.6));
#6937 = LINE('',#6938,#6939);
#6938 = CARTESIAN_POINT('',(-1.416682628207,-0.830469,8.1499976));
#6939 = VECTOR('',#6940,1.);
#6940 = DIRECTION('',(1.224606353822E-16,6.123031769112E-17,1.));
#6941 = ORIENTED_EDGE('',*,*,#6942,.F.);
#6942 = EDGE_CURVE('',#6901,#6935,#6943,.T.);
#6943 = LINE('',#6944,#6945);
#6944 = CARTESIAN_POINT('',(-1.416682628207,-0.44765,9.6));
#6945 = VECTOR('',#6946,1.);
#6946 = DIRECTION('',(-1.232595164408E-32,1.,-6.123031769112E-17));
#6947 = PLANE('',#6948);
#6948 = AXIS2_PLACEMENT_3D('',#6949,#6950,#6951);
#6949 = CARTESIAN_POINT('',(-1.416682628207,-0.830469,8.1499976));
#6950 = DIRECTION('',(1.,4.827648034968E-33,-1.224606353822E-16));
#6951 = DIRECTION('',(1.232595164408E-32,-1.,6.123031769112E-17));
#6952 = ADVANCED_FACE('',(#6953),#6980,.T.);
#6953 = FACE_BOUND('',#6954,.T.);
#6954 = EDGE_LOOP('',(#6955,#6965,#6972,#6973));
#6955 = ORIENTED_EDGE('',*,*,#6956,.F.);
#6956 = EDGE_CURVE('',#6957,#6959,#6961,.T.);
#6957 = VERTEX_POINT('',#6958);
#6958 = CARTESIAN_POINT('',(-2.417181,-0.830469,9.4));
#6959 = VERTEX_POINT('',#6960);
#6960 = CARTESIAN_POINT('',(-2.417181,0.969531,9.4));
#6961 = LINE('',#6962,#6963);
#6962 = CARTESIAN_POINT('',(-2.417181,1.769531,9.4));
#6963 = VECTOR('',#6964,1.);
#6964 = DIRECTION('',(-1.232595164408E-32,1.,-6.123031769112E-17));
#6965 = ORIENTED_EDGE('',*,*,#6966,.T.);
#6966 = EDGE_CURVE('',#6957,#6843,#6967,.T.);
#6967 = CIRCLE('',#6968,0.4);
#6968 = AXIS2_PLACEMENT_3D('',#6969,#6970,#6971);
#6969 = CARTESIAN_POINT('',(-2.017181,-0.830469,9.4));
#6970 = DIRECTION('',(-1.232595164408E-32,1.,-6.123031769112E-17));
#6971 = DIRECTION('',(-1.,-4.827648034968E-33,1.224606353822E-16));
#6972 = ORIENTED_EDGE('',*,*,#6842,.T.);
#6973 = ORIENTED_EDGE('',*,*,#6974,.F.);
#6974 = EDGE_CURVE('',#6959,#6835,#6975,.T.);
#6975 = CIRCLE('',#6976,0.4);
#6976 = AXIS2_PLACEMENT_3D('',#6977,#6978,#6979);
#6977 = CARTESIAN_POINT('',(-2.017181,0.969531,9.4));
#6978 = DIRECTION('',(-1.232595164408E-32,1.,-6.123031769112E-17));
#6979 = DIRECTION('',(-1.,-4.827648034968E-33,1.224606353822E-16));
#6980 = CYLINDRICAL_SURFACE('',#6981,0.4);
#6981 = AXIS2_PLACEMENT_3D('',#6982,#6983,#6984);
#6982 = CARTESIAN_POINT('',(-2.017181,1.769531,9.4));
#6983 = DIRECTION('',(-1.232595164408E-32,1.,-6.123031769112E-17));
#6984 = DIRECTION('',(-1.,-4.827648034968E-33,1.224606353822E-16));
#6985 = ADVANCED_FACE('',(#6986),#7022,.T.);
#6986 = FACE_BOUND('',#6987,.T.);
#6987 = EDGE_LOOP('',(#6988,#6998,#7007,#7015));
#6988 = ORIENTED_EDGE('',*,*,#6989,.T.);
#6989 = EDGE_CURVE('',#6990,#6992,#6994,.T.);
#6990 = VERTEX_POINT('',#6991);
#6991 = CARTESIAN_POINT('',(-2.017181,0.969531,8.3));
#6992 = VERTEX_POINT('',#6993);
#6993 = CARTESIAN_POINT('',(-2.017181,0.319531,8.3));
#6994 = LINE('',#6995,#6996);
#6995 = CARTESIAN_POINT('',(-2.017181,1.769531,8.3));
#6996 = VECTOR('',#6997,1.);
#6997 = DIRECTION('',(1.232595164408E-32,-1.,6.123031769112E-17));
#6998 = ORIENTED_EDGE('',*,*,#6999,.T.);
#6999 = EDGE_CURVE('',#6992,#7000,#7002,.T.);
#7000 = VERTEX_POINT('',#7001);
#7001 = CARTESIAN_POINT('',(-2.417181,0.319531,8.7));
#7002 = CIRCLE('',#7003,0.4);
#7003 = AXIS2_PLACEMENT_3D('',#7004,#7005,#7006);
#7004 = CARTESIAN_POINT('',(-2.017181,0.319531,8.7));
#7005 = DIRECTION('',(-1.232595164408E-32,1.,-6.123031769112E-17));
#7006 = DIRECTION('',(-1.,-4.827648034968E-33,1.224606353822E-16));
#7007 = ORIENTED_EDGE('',*,*,#7008,.T.);
#7008 = EDGE_CURVE('',#7000,#7009,#7011,.T.);
#7009 = VERTEX_POINT('',#7010);
#7010 = CARTESIAN_POINT('',(-2.417181,0.969531,8.7));
#7011 = LINE('',#7012,#7013);
#7012 = CARTESIAN_POINT('',(-2.417181,1.769531,8.7));
#7013 = VECTOR('',#7014,1.);
#7014 = DIRECTION('',(-1.232595164408E-32,1.,-6.123031769112E-17));
#7015 = ORIENTED_EDGE('',*,*,#7016,.F.);
#7016 = EDGE_CURVE('',#6990,#7009,#7017,.T.);
#7017 = CIRCLE('',#7018,0.4);
#7018 = AXIS2_PLACEMENT_3D('',#7019,#7020,#7021);
#7019 = CARTESIAN_POINT('',(-2.017181,0.969531,8.7));
#7020 = DIRECTION('',(-1.232595164408E-32,1.,-6.123031769112E-17));
#7021 = DIRECTION('',(-1.,-4.827648034968E-33,1.224606353822E-16));
#7022 = CYLINDRICAL_SURFACE('',#7023,0.4);
#7023 = AXIS2_PLACEMENT_3D('',#7024,#7025,#7026);
#7024 = CARTESIAN_POINT('',(-2.017181,1.769531,8.7));
#7025 = DIRECTION('',(-1.232595164408E-32,1.,-6.123031769112E-17));
#7026 = DIRECTION('',(-1.,-4.827648034968E-33,1.224606353822E-16));
#7027 = ADVANCED_FACE('',(#7028),#7062,.T.);
#7028 = FACE_BOUND('',#7029,.T.);
#7029 = EDGE_LOOP('',(#7030,#7040,#7048,#7056));
#7030 = ORIENTED_EDGE('',*,*,#7031,.F.);
#7031 = EDGE_CURVE('',#7032,#7034,#7036,.T.);
#7032 = VERTEX_POINT('',#7033);
#7033 = CARTESIAN_POINT('',(-1.317181,0.969531,8.3));
#7034 = VERTEX_POINT('',#7035);
#7035 = CARTESIAN_POINT('',(-1.317181,-0.830469,8.3));
#7036 = LINE('',#7037,#7038);
#7037 = CARTESIAN_POINT('',(-1.317181,1.769531,8.3));
#7038 = VECTOR('',#7039,1.);
#7039 = DIRECTION('',(1.232595164408E-32,-1.,6.123031769112E-17));
#7040 = ORIENTED_EDGE('',*,*,#7041,.T.);
#7041 = EDGE_CURVE('',#7032,#7042,#7044,.T.);
#7042 = VERTEX_POINT('',#7043);
#7043 = CARTESIAN_POINT('',(-1.317181,0.969531,8.5));
#7044 = LINE('',#7045,#7046);
#7045 = CARTESIAN_POINT('',(-1.317181,0.969531,3.363375893843));
#7046 = VECTOR('',#7047,1.);
#7047 = DIRECTION('',(1.224606353822E-16,6.123031769112E-17,1.));
#7048 = ORIENTED_EDGE('',*,*,#7049,.T.);
#7049 = EDGE_CURVE('',#7042,#7050,#7052,.T.);
#7050 = VERTEX_POINT('',#7051);
#7051 = CARTESIAN_POINT('',(-1.317181,-0.830469,8.5));
#7052 = LINE('',#7053,#7054);
#7053 = CARTESIAN_POINT('',(-1.317181,1.769531,8.5));
#7054 = VECTOR('',#7055,1.);
#7055 = DIRECTION('',(1.232595164408E-32,-1.,6.123031769112E-17));
#7056 = ORIENTED_EDGE('',*,*,#7057,.T.);
#7057 = EDGE_CURVE('',#7050,#7034,#7058,.T.);
#7058 = LINE('',#7059,#7060);
#7059 = CARTESIAN_POINT('',(-1.317181,-0.830469,3.363375893843));
#7060 = VECTOR('',#7061,1.);
#7061 = DIRECTION('',(-1.224606353822E-16,-6.123031769112E-17,-1.));
#7062 = PLANE('',#7063);
#7063 = AXIS2_PLACEMENT_3D('',#7064,#7065,#7066);
#7064 = CARTESIAN_POINT('',(-1.317181,1.769531,8.5));
#7065 = DIRECTION('',(1.,4.827648034968E-33,-1.224606353822E-16));
#7066 = DIRECTION('',(1.224606353822E-16,6.123031769112E-17,1.));
#7067 = ADVANCED_FACE('',(#7068),#7104,.F.);
#7068 = FACE_BOUND('',#7069,.F.);
#7069 = EDGE_LOOP('',(#7070,#7081,#7089,#7098));
#7070 = ORIENTED_EDGE('',*,*,#7071,.F.);
#7071 = EDGE_CURVE('',#7072,#7074,#7076,.T.);
#7072 = VERTEX_POINT('',#7073);
#7073 = CARTESIAN_POINT('',(-2.017181,0.969531,8.5));
#7074 = VERTEX_POINT('',#7075);
#7075 = CARTESIAN_POINT('',(-2.217181,0.969531,8.7));
#7076 = CIRCLE('',#7077,0.2);
#7077 = AXIS2_PLACEMENT_3D('',#7078,#7079,#7080);
#7078 = CARTESIAN_POINT('',(-2.017181,0.969531,8.7));
#7079 = DIRECTION('',(-1.232595164408E-32,1.,-6.123031769112E-17));
#7080 = DIRECTION('',(-1.,-4.827648034968E-33,1.224606353822E-16));
#7081 = ORIENTED_EDGE('',*,*,#7082,.T.);
#7082 = EDGE_CURVE('',#7072,#7083,#7085,.T.);
#7083 = VERTEX_POINT('',#7084);
#7084 = CARTESIAN_POINT('',(-2.017181,0.319531,8.5));
#7085 = LINE('',#7086,#7087);
#7086 = CARTESIAN_POINT('',(-2.017181,1.769531,8.5));
#7087 = VECTOR('',#7088,1.);
#7088 = DIRECTION('',(1.232595164408E-32,-1.,6.123031769112E-17));
#7089 = ORIENTED_EDGE('',*,*,#7090,.T.);
#7090 = EDGE_CURVE('',#7083,#7091,#7093,.T.);
#7091 = VERTEX_POINT('',#7092);
#7092 = CARTESIAN_POINT('',(-2.217181,0.319531,8.7));
#7093 = CIRCLE('',#7094,0.2);
#7094 = AXIS2_PLACEMENT_3D('',#7095,#7096,#7097);
#7095 = CARTESIAN_POINT('',(-2.017181,0.319531,8.7));
#7096 = DIRECTION('',(-1.232595164408E-32,1.,-6.123031769112E-17));
#7097 = DIRECTION('',(-1.,-4.827648034968E-33,1.224606353822E-16));
#7098 = ORIENTED_EDGE('',*,*,#7099,.T.);
#7099 = EDGE_CURVE('',#7091,#7074,#7100,.T.);
#7100 = LINE('',#7101,#7102);
#7101 = CARTESIAN_POINT('',(-2.217181,1.769531,8.7));
#7102 = VECTOR('',#7103,1.);
#7103 = DIRECTION('',(-1.232595164408E-32,1.,-6.123031769112E-17));
#7104 = CYLINDRICAL_SURFACE('',#7105,0.2);
#7105 = AXIS2_PLACEMENT_3D('',#7106,#7107,#7108);
#7106 = CARTESIAN_POINT('',(-2.017181,1.769531,8.7));
#7107 = DIRECTION('',(-1.232595164408E-32,1.,-6.123031769112E-17));
#7108 = DIRECTION('',(-1.,-4.827648034968E-33,1.224606353822E-16));
#7109 = ADVANCED_FACE('',(#7110),#7167,.T.);
#7110 = FACE_BOUND('',#7111,.T.);
#7111 = EDGE_LOOP('',(#7112,#7122,#7130,#7138,#7146,#7154,#7160,#7161));
#7112 = ORIENTED_EDGE('',*,*,#7113,.F.);
#7113 = EDGE_CURVE('',#7114,#7116,#7118,.T.);
#7114 = VERTEX_POINT('',#7115);
#7115 = CARTESIAN_POINT('',(-2.217181,-0.830469,9.4));
#7116 = VERTEX_POINT('',#7117);
#7117 = CARTESIAN_POINT('',(-2.217181,0.969531,9.4));
#7118 = LINE('',#7119,#7120);
#7119 = CARTESIAN_POINT('',(-2.217181,1.769531,9.4));
#7120 = VECTOR('',#7121,1.);
#7121 = DIRECTION('',(-1.232595164408E-32,1.,-6.123031769112E-17));
#7122 = ORIENTED_EDGE('',*,*,#7123,.T.);
#7123 = EDGE_CURVE('',#7114,#7124,#7126,.T.);
#7124 = VERTEX_POINT('',#7125);
#7125 = CARTESIAN_POINT('',(-2.217181,-0.830469,8.7));
#7126 = LINE('',#7127,#7128);
#7127 = CARTESIAN_POINT('',(-2.217181,-0.830469,3.363375893843));
#7128 = VECTOR('',#7129,1.);
#7129 = DIRECTION('',(-1.224606353822E-16,-6.123031769112E-17,-1.));
#7130 = ORIENTED_EDGE('',*,*,#7131,.T.);
#7131 = EDGE_CURVE('',#7124,#7132,#7134,.T.);
#7132 = VERTEX_POINT('',#7133);
#7133 = CARTESIAN_POINT('',(-2.217181,-0.180469,8.7));
#7134 = LINE('',#7135,#7136);
#7135 = CARTESIAN_POINT('',(-2.217181,1.769531,8.7));
#7136 = VECTOR('',#7137,1.);
#7137 = DIRECTION('',(-1.232595164408E-32,1.,-6.123031769112E-17));
#7138 = ORIENTED_EDGE('',*,*,#7139,.T.);
#7139 = EDGE_CURVE('',#7132,#7140,#7142,.T.);
#7140 = VERTEX_POINT('',#7141);
#7141 = CARTESIAN_POINT('',(-2.217181,-0.180469,9.1));
#7142 = LINE('',#7143,#7144);
#7143 = CARTESIAN_POINT('',(-2.217181,-0.180469,3.363375893843));
#7144 = VECTOR('',#7145,1.);
#7145 = DIRECTION('',(1.224606353822E-16,6.123031769112E-17,1.));
#7146 = ORIENTED_EDGE('',*,*,#7147,.T.);
#7147 = EDGE_CURVE('',#7140,#7148,#7150,.T.);
#7148 = VERTEX_POINT('',#7149);
#7149 = CARTESIAN_POINT('',(-2.217181,0.319531,9.1));
#7150 = LINE('',#7151,#7152);
#7151 = CARTESIAN_POINT('',(-2.217181,-0.44765,9.1));
#7152 = VECTOR('',#7153,1.);
#7153 = DIRECTION('',(-1.232595164408E-32,1.,-6.123031769112E-17));
#7154 = ORIENTED_EDGE('',*,*,#7155,.T.);
#7155 = EDGE_CURVE('',#7148,#7091,#7156,.T.);
#7156 = LINE('',#7157,#7158);
#7157 = CARTESIAN_POINT('',(-2.217181,0.319531,3.363375893843));
#7158 = VECTOR('',#7159,1.);
#7159 = DIRECTION('',(-1.224606353822E-16,-6.123031769112E-17,-1.));
#7160 = ORIENTED_EDGE('',*,*,#7099,.T.);
#7161 = ORIENTED_EDGE('',*,*,#7162,.T.);
#7162 = EDGE_CURVE('',#7074,#7116,#7163,.T.);
#7163 = LINE('',#7164,#7165);
#7164 = CARTESIAN_POINT('',(-2.217181,0.969531,3.363375893843));
#7165 = VECTOR('',#7166,1.);
#7166 = DIRECTION('',(1.224606353822E-16,6.123031769112E-17,1.));
#7167 = PLANE('',#7168);
#7168 = AXIS2_PLACEMENT_3D('',#7169,#7170,#7171);
#7169 = CARTESIAN_POINT('',(-2.217181,1.769531,9.4));
#7170 = DIRECTION('',(1.,4.827648034968E-33,-1.224606353822E-16));
#7171 = DIRECTION('',(1.224606353822E-16,6.123031769112E-17,1.));
#7172 = ADVANCED_FACE('',(#7173),#7203,.T.);
#7173 = FACE_BOUND('',#7174,.T.);
#7174 = EDGE_LOOP('',(#7175,#7185,#7191,#7197));
#7175 = ORIENTED_EDGE('',*,*,#7176,.T.);
#7176 = EDGE_CURVE('',#7177,#7179,#7181,.T.);
#7177 = VERTEX_POINT('',#7178);
#7178 = CARTESIAN_POINT('',(-2.017181,-0.180469,8.3));
#7179 = VERTEX_POINT('',#7180);
#7180 = CARTESIAN_POINT('',(-2.017181,-0.180469,8.5));
#7181 = LINE('',#7182,#7183);
#7182 = CARTESIAN_POINT('',(-2.017181,-0.180469,8.7));
#7183 = VECTOR('',#7184,1.);
#7184 = DIRECTION('',(1.224606353822E-16,6.123031769112E-17,1.));
#7185 = ORIENTED_EDGE('',*,*,#7186,.T.);
#7186 = EDGE_CURVE('',#7179,#7083,#7187,.T.);
#7187 = LINE('',#7188,#7189);
#7188 = CARTESIAN_POINT('',(-2.017181,1.769531,8.5));
#7189 = VECTOR('',#7190,1.);
#7190 = DIRECTION('',(-1.232595164408E-32,1.,-6.123031769112E-17));
#7191 = ORIENTED_EDGE('',*,*,#7192,.T.);
#7192 = EDGE_CURVE('',#7083,#6992,#7193,.T.);
#7193 = LINE('',#7194,#7195);
#7194 = CARTESIAN_POINT('',(-2.017181,0.319531,9.4));
#7195 = VECTOR('',#7196,1.);
#7196 = DIRECTION('',(-1.224606353822E-16,-6.123031769112E-17,-1.));
#7197 = ORIENTED_EDGE('',*,*,#7198,.F.);
#7198 = EDGE_CURVE('',#7177,#6992,#7199,.T.);
#7199 = LINE('',#7200,#7201);
#7200 = CARTESIAN_POINT('',(-2.017181,1.769531,8.3));
#7201 = VECTOR('',#7202,1.);
#7202 = DIRECTION('',(-1.232595164408E-32,1.,-6.123031769112E-17));
#7203 = PLANE('',#7204);
#7204 = AXIS2_PLACEMENT_3D('',#7205,#7206,#7207);
#7205 = CARTESIAN_POINT('',(-2.017181,0.300926102356,8.948273944384));
#7206 = DIRECTION('',(-1.,-4.827648034968E-33,1.224606353822E-16));
#7207 = DIRECTION('',(1.224606353822E-16,6.123031769112E-17,1.));
#7208 = ADVANCED_FACE('',(#7209),#7243,.F.);
#7209 = FACE_BOUND('',#7210,.T.);
#7210 = EDGE_LOOP('',(#7211,#7219,#7220,#7227,#7228,#7237));
#7211 = ORIENTED_EDGE('',*,*,#7212,.T.);
#7212 = EDGE_CURVE('',#7213,#7140,#7215,.T.);
#7213 = VERTEX_POINT('',#7214);
#7214 = CARTESIAN_POINT('',(-2.417181,-0.180469,9.1));
#7215 = LINE('',#7216,#7217);
#7216 = CARTESIAN_POINT('',(-2.417181,-0.180469,9.1));
#7217 = VECTOR('',#7218,1.);
#7218 = DIRECTION('',(1.,2.465190328816E-32,-1.224606353822E-16));
#7219 = ORIENTED_EDGE('',*,*,#7139,.F.);
#7220 = ORIENTED_EDGE('',*,*,#7221,.F.);
#7221 = EDGE_CURVE('',#7179,#7132,#7222,.T.);
#7222 = CIRCLE('',#7223,0.2);
#7223 = AXIS2_PLACEMENT_3D('',#7224,#7225,#7226);
#7224 = CARTESIAN_POINT('',(-2.017181,-0.180469,8.7));
#7225 = DIRECTION('',(-1.232595164408E-32,1.,-6.123031769112E-17));
#7226 = DIRECTION('',(-1.,-4.827648034968E-33,1.224606353822E-16));
#7227 = ORIENTED_EDGE('',*,*,#7176,.F.);
#7228 = ORIENTED_EDGE('',*,*,#7229,.T.);
#7229 = EDGE_CURVE('',#7177,#7230,#7232,.T.);
#7230 = VERTEX_POINT('',#7231);
#7231 = CARTESIAN_POINT('',(-2.417181,-0.180469,8.7));
#7232 = CIRCLE('',#7233,0.4);
#7233 = AXIS2_PLACEMENT_3D('',#7234,#7235,#7236);
#7234 = CARTESIAN_POINT('',(-2.017181,-0.180469,8.7));
#7235 = DIRECTION('',(-1.232595164408E-32,1.,-6.123031769112E-17));
#7236 = DIRECTION('',(-1.,-4.827648034968E-33,1.224606353822E-16));
#7237 = ORIENTED_EDGE('',*,*,#7238,.F.);
#7238 = EDGE_CURVE('',#7213,#7230,#7239,.T.);
#7239 = LINE('',#7240,#7241);
#7240 = CARTESIAN_POINT('',(-2.417181,-0.180469,3.363375893843));
#7241 = VECTOR('',#7242,1.);
#7242 = DIRECTION('',(-1.224606353822E-16,-6.123031769112E-17,-1.));
#7243 = PLANE('',#7244);
#7244 = AXIS2_PLACEMENT_3D('',#7245,#7246,#7247);
#7245 = CARTESIAN_POINT('',(-2.417181,-0.180469,8.3));
#7246 = DIRECTION('',(3.215020689727E-32,-1.,6.123031769112E-17));
#7247 = DIRECTION('',(-1.,-2.465190328816E-32,1.224606353822E-16));
#7248 = ADVANCED_FACE('',(#7249),#7267,.F.);
#7249 = FACE_BOUND('',#7250,.T.);
#7250 = EDGE_LOOP('',(#7251,#7259,#7260,#7261));
#7251 = ORIENTED_EDGE('',*,*,#7252,.T.);
#7252 = EDGE_CURVE('',#7253,#7148,#7255,.T.);
#7253 = VERTEX_POINT('',#7254);
#7254 = CARTESIAN_POINT('',(-2.417181,0.319531,9.1));
#7255 = LINE('',#7256,#7257);
#7256 = CARTESIAN_POINT('',(-2.417181,0.319531,9.1));
#7257 = VECTOR('',#7258,1.);
#7258 = DIRECTION('',(1.,2.465190328816E-32,-1.224606353822E-16));
#7259 = ORIENTED_EDGE('',*,*,#7147,.F.);
#7260 = ORIENTED_EDGE('',*,*,#7212,.F.);
#7261 = ORIENTED_EDGE('',*,*,#7262,.F.);
#7262 = EDGE_CURVE('',#7253,#7213,#7263,.T.);
#7263 = LINE('',#7264,#7265);
#7264 = CARTESIAN_POINT('',(-2.417181,-0.44765,9.1));
#7265 = VECTOR('',#7266,1.);
#7266 = DIRECTION('',(1.232595164408E-32,-1.,6.123031769112E-17));
#7267 = PLANE('',#7268);
#7268 = AXIS2_PLACEMENT_3D('',#7269,#7270,#7271);
#7269 = CARTESIAN_POINT('',(-2.417181,-0.180469,9.1));
#7270 = DIRECTION('',(1.224606353822E-16,6.123031769112E-17,1.));
#7271 = DIRECTION('',(1.232595164408E-32,-1.,6.123031769112E-17));
#7272 = ADVANCED_FACE('',(#7273),#7300,.F.);
#7273 = FACE_BOUND('',#7274,.F.);
#7274 = EDGE_LOOP('',(#7275,#7284,#7285,#7294));
#7275 = ORIENTED_EDGE('',*,*,#7276,.F.);
#7276 = EDGE_CURVE('',#7116,#7277,#7279,.T.);
#7277 = VERTEX_POINT('',#7278);
#7278 = CARTESIAN_POINT('',(-2.017181,0.969531,9.6));
#7279 = CIRCLE('',#7280,0.2);
#7280 = AXIS2_PLACEMENT_3D('',#7281,#7282,#7283);
#7281 = CARTESIAN_POINT('',(-2.017181,0.969531,9.4));
#7282 = DIRECTION('',(-1.232595164408E-32,1.,-6.123031769112E-17));
#7283 = DIRECTION('',(-1.,-4.827648034968E-33,1.224606353822E-16));
#7284 = ORIENTED_EDGE('',*,*,#7113,.F.);
#7285 = ORIENTED_EDGE('',*,*,#7286,.T.);
#7286 = EDGE_CURVE('',#7114,#7287,#7289,.T.);
#7287 = VERTEX_POINT('',#7288);
#7288 = CARTESIAN_POINT('',(-2.017181,-0.830469,9.6));
#7289 = CIRCLE('',#7290,0.2);
#7290 = AXIS2_PLACEMENT_3D('',#7291,#7292,#7293);
#7291 = CARTESIAN_POINT('',(-2.017181,-0.830469,9.4));
#7292 = DIRECTION('',(-1.232595164408E-32,1.,-6.123031769112E-17));
#7293 = DIRECTION('',(-1.,-4.827648034968E-33,1.224606353822E-16));
#7294 = ORIENTED_EDGE('',*,*,#7295,.F.);
#7295 = EDGE_CURVE('',#7277,#7287,#7296,.T.);
#7296 = LINE('',#7297,#7298);
#7297 = CARTESIAN_POINT('',(-2.017181,1.769531,9.6));
#7298 = VECTOR('',#7299,1.);
#7299 = DIRECTION('',(1.232595164408E-32,-1.,6.123031769112E-17));
#7300 = CYLINDRICAL_SURFACE('',#7301,0.2);
#7301 = AXIS2_PLACEMENT_3D('',#7302,#7303,#7304);
#7302 = CARTESIAN_POINT('',(-2.017181,1.769531,9.4));
#7303 = DIRECTION('',(-1.232595164408E-32,1.,-6.123031769112E-17));
#7304 = DIRECTION('',(-1.,-4.827648034968E-33,1.224606353822E-16));
#7305 = ADVANCED_FACE('',(#7306),#7358,.F.);
#7306 = FACE_BOUND('',#7307,.T.);
#7307 = EDGE_LOOP('',(#7308,#7317,#7318,#7319,#7325,#7326,#7327,#7328,
    #7336,#7345,#7351,#7352));
#7308 = ORIENTED_EDGE('',*,*,#7309,.T.);
#7309 = EDGE_CURVE('',#7310,#7124,#7312,.T.);
#7310 = VERTEX_POINT('',#7311);
#7311 = CARTESIAN_POINT('',(-2.017181,-0.830469,8.5));
#7312 = CIRCLE('',#7313,0.2);
#7313 = AXIS2_PLACEMENT_3D('',#7314,#7315,#7316);
#7314 = CARTESIAN_POINT('',(-2.017181,-0.830469,8.7));
#7315 = DIRECTION('',(-1.232595164408E-32,1.,-6.123031769112E-17));
#7316 = DIRECTION('',(-1.,-4.827648034968E-33,1.224606353822E-16));
#7317 = ORIENTED_EDGE('',*,*,#7123,.F.);
#7318 = ORIENTED_EDGE('',*,*,#7286,.T.);
#7319 = ORIENTED_EDGE('',*,*,#7320,.F.);
#7320 = EDGE_CURVE('',#6935,#7287,#7321,.T.);
#7321 = LINE('',#7322,#7323);
#7322 = CARTESIAN_POINT('',(-0.386712,-0.830469,9.6));
#7323 = VECTOR('',#7324,1.);
#7324 = DIRECTION('',(-1.,-2.465190328816E-32,1.224606353822E-16));
#7325 = ORIENTED_EDGE('',*,*,#6934,.T.);
#7326 = ORIENTED_EDGE('',*,*,#6850,.T.);
#7327 = ORIENTED_EDGE('',*,*,#6966,.F.);
#7328 = ORIENTED_EDGE('',*,*,#7329,.F.);
#7329 = EDGE_CURVE('',#7330,#6957,#7332,.T.);
#7330 = VERTEX_POINT('',#7331);
#7331 = CARTESIAN_POINT('',(-2.417181,-0.830469,8.7));
#7332 = LINE('',#7333,#7334);
#7333 = CARTESIAN_POINT('',(-2.417181,-0.830469,3.363375893843));
#7334 = VECTOR('',#7335,1.);
#7335 = DIRECTION('',(1.224606353822E-16,6.123031769112E-17,1.));
#7336 = ORIENTED_EDGE('',*,*,#7337,.F.);
#7337 = EDGE_CURVE('',#7338,#7330,#7340,.T.);
#7338 = VERTEX_POINT('',#7339);
#7339 = CARTESIAN_POINT('',(-2.017181,-0.830469,8.3));
#7340 = CIRCLE('',#7341,0.4);
#7341 = AXIS2_PLACEMENT_3D('',#7342,#7343,#7344);
#7342 = CARTESIAN_POINT('',(-2.017181,-0.830469,8.7));
#7343 = DIRECTION('',(-1.232595164408E-32,1.,-6.123031769112E-17));
#7344 = DIRECTION('',(-1.,-4.827648034968E-33,1.224606353822E-16));
#7345 = ORIENTED_EDGE('',*,*,#7346,.F.);
#7346 = EDGE_CURVE('',#7034,#7338,#7347,.T.);
#7347 = LINE('',#7348,#7349);
#7348 = CARTESIAN_POINT('',(-0.386712,-0.830469,8.3));
#7349 = VECTOR('',#7350,1.);
#7350 = DIRECTION('',(-1.,-2.465190328816E-32,1.224606353822E-16));
#7351 = ORIENTED_EDGE('',*,*,#7057,.F.);
#7352 = ORIENTED_EDGE('',*,*,#7353,.F.);
#7353 = EDGE_CURVE('',#7310,#7050,#7354,.T.);
#7354 = LINE('',#7355,#7356);
#7355 = CARTESIAN_POINT('',(-0.386712,-0.830469,8.5));
#7356 = VECTOR('',#7357,1.);
#7357 = DIRECTION('',(1.,2.465190328816E-32,-1.224606353822E-16));
#7358 = PLANE('',#7359);
#7359 = AXIS2_PLACEMENT_3D('',#7360,#7361,#7362);
#7360 = CARTESIAN_POINT('',(-1.717181,-0.830469,8.1499976));
#7361 = DIRECTION('',(-3.215020689727E-32,1.,-6.123031769112E-17));
#7362 = DIRECTION('',(1.,2.465190328816E-32,-1.224606353822E-16));
#7363 = ADVANCED_FACE('',(#7364),#7375,.F.);
#7364 = FACE_BOUND('',#7365,.F.);
#7365 = EDGE_LOOP('',(#7366,#7367,#7373,#7374));
#7366 = ORIENTED_EDGE('',*,*,#7221,.F.);
#7367 = ORIENTED_EDGE('',*,*,#7368,.T.);
#7368 = EDGE_CURVE('',#7179,#7310,#7369,.T.);
#7369 = LINE('',#7370,#7371);
#7370 = CARTESIAN_POINT('',(-2.017181,1.769531,8.5));
#7371 = VECTOR('',#7372,1.);
#7372 = DIRECTION('',(1.232595164408E-32,-1.,6.123031769112E-17));
#7373 = ORIENTED_EDGE('',*,*,#7309,.T.);
#7374 = ORIENTED_EDGE('',*,*,#7131,.T.);
#7375 = CYLINDRICAL_SURFACE('',#7376,0.2);
#7376 = AXIS2_PLACEMENT_3D('',#7377,#7378,#7379);
#7377 = CARTESIAN_POINT('',(-2.017181,1.769531,8.7));
#7378 = DIRECTION('',(-1.232595164408E-32,1.,-6.123031769112E-17));
#7379 = DIRECTION('',(-1.,-4.827648034968E-33,1.224606353822E-16));
#7380 = ADVANCED_FACE('',(#7381),#7394,.T.);
#7381 = FACE_BOUND('',#7382,.T.);
#7382 = EDGE_LOOP('',(#7383,#7384,#7390,#7391,#7392,#7393));
#7383 = ORIENTED_EDGE('',*,*,#7049,.F.);
#7384 = ORIENTED_EDGE('',*,*,#7385,.T.);
#7385 = EDGE_CURVE('',#7042,#7072,#7386,.T.);
#7386 = LINE('',#7387,#7388);
#7387 = CARTESIAN_POINT('',(-0.386712,0.969531,8.5));
#7388 = VECTOR('',#7389,1.);
#7389 = DIRECTION('',(-1.,-2.465190328816E-32,1.224606353822E-16));
#7390 = ORIENTED_EDGE('',*,*,#7082,.T.);
#7391 = ORIENTED_EDGE('',*,*,#7186,.F.);
#7392 = ORIENTED_EDGE('',*,*,#7368,.T.);
#7393 = ORIENTED_EDGE('',*,*,#7353,.T.);
#7394 = PLANE('',#7395);
#7395 = AXIS2_PLACEMENT_3D('',#7396,#7397,#7398);
#7396 = CARTESIAN_POINT('',(-2.017181,1.769531,8.5));
#7397 = DIRECTION('',(1.224606353822E-16,6.123031769112E-17,1.));
#7398 = DIRECTION('',(-1.,-2.465190328816E-32,1.224606353822E-16));
#7399 = ADVANCED_FACE('',(#7400),#7418,.T.);
#7400 = FACE_BOUND('',#7401,.T.);
#7401 = EDGE_LOOP('',(#7402,#7403,#7404,#7410,#7411,#7412));
#7402 = ORIENTED_EDGE('',*,*,#7031,.T.);
#7403 = ORIENTED_EDGE('',*,*,#7346,.T.);
#7404 = ORIENTED_EDGE('',*,*,#7405,.F.);
#7405 = EDGE_CURVE('',#7177,#7338,#7406,.T.);
#7406 = LINE('',#7407,#7408);
#7407 = CARTESIAN_POINT('',(-2.017181,1.769531,8.3));
#7408 = VECTOR('',#7409,1.);
#7409 = DIRECTION('',(1.232595164408E-32,-1.,6.123031769112E-17));
#7410 = ORIENTED_EDGE('',*,*,#7198,.T.);
#7411 = ORIENTED_EDGE('',*,*,#6989,.F.);
#7412 = ORIENTED_EDGE('',*,*,#7413,.T.);
#7413 = EDGE_CURVE('',#6990,#7032,#7414,.T.);
#7414 = LINE('',#7415,#7416);
#7415 = CARTESIAN_POINT('',(-0.386712,0.969531,8.3));
#7416 = VECTOR('',#7417,1.);
#7417 = DIRECTION('',(1.,2.465190328816E-32,-1.224606353822E-16));
#7418 = PLANE('',#7419);
#7419 = AXIS2_PLACEMENT_3D('',#7420,#7421,#7422);
#7420 = CARTESIAN_POINT('',(-1.317181,1.769531,8.3));
#7421 = DIRECTION('',(-1.224606353822E-16,-6.123031769112E-17,-1.));
#7422 = DIRECTION('',(1.,2.465190328816E-32,-1.224606353822E-16));
#7423 = ADVANCED_FACE('',(#7424),#7455,.F.);
#7424 = FACE_BOUND('',#7425,.T.);
#7425 = EDGE_LOOP('',(#7426,#7432,#7433,#7434,#7442,#7448,#7449,#7450,
    #7451,#7452,#7453,#7454));
#7426 = ORIENTED_EDGE('',*,*,#7427,.F.);
#7427 = EDGE_CURVE('',#6959,#7009,#7428,.T.);
#7428 = LINE('',#7429,#7430);
#7429 = CARTESIAN_POINT('',(-2.417181,0.969531,3.363375893843));
#7430 = VECTOR('',#7431,1.);
#7431 = DIRECTION('',(-1.224606353822E-16,-6.123031769112E-17,-1.));
#7432 = ORIENTED_EDGE('',*,*,#6974,.T.);
#7433 = ORIENTED_EDGE('',*,*,#6834,.T.);
#7434 = ORIENTED_EDGE('',*,*,#7435,.F.);
#7435 = EDGE_CURVE('',#7436,#6827,#7438,.T.);
#7436 = VERTEX_POINT('',#7437);
#7437 = CARTESIAN_POINT('',(-1.416682628207,0.969531,9.6));
#7438 = LINE('',#7439,#7440);
#7439 = CARTESIAN_POINT('',(-1.416682628207,0.969531,8.1499976));
#7440 = VECTOR('',#7441,1.);
#7441 = DIRECTION('',(1.224606353822E-16,6.123031769112E-17,1.));
#7442 = ORIENTED_EDGE('',*,*,#7443,.F.);
#7443 = EDGE_CURVE('',#7277,#7436,#7444,.T.);
#7444 = LINE('',#7445,#7446);
#7445 = CARTESIAN_POINT('',(-0.386712,0.969531,9.6));
#7446 = VECTOR('',#7447,1.);
#7447 = DIRECTION('',(1.,2.465190328816E-32,-1.224606353822E-16));
#7448 = ORIENTED_EDGE('',*,*,#7276,.F.);
#7449 = ORIENTED_EDGE('',*,*,#7162,.F.);
#7450 = ORIENTED_EDGE('',*,*,#7071,.F.);
#7451 = ORIENTED_EDGE('',*,*,#7385,.F.);
#7452 = ORIENTED_EDGE('',*,*,#7041,.F.);
#7453 = ORIENTED_EDGE('',*,*,#7413,.F.);
#7454 = ORIENTED_EDGE('',*,*,#7016,.T.);
#7455 = PLANE('',#7456);
#7456 = AXIS2_PLACEMENT_3D('',#7457,#7458,#7459);
#7457 = CARTESIAN_POINT('',(-1.717181,0.969531,8.1499976));
#7458 = DIRECTION('',(3.215020689727E-32,-1.,6.123031769112E-17));
#7459 = DIRECTION('',(-1.,-2.465190328816E-32,1.224606353822E-16));
#7460 = ADVANCED_FACE('',(#7461),#7479,.F.);
#7461 = FACE_BOUND('',#7462,.T.);
#7462 = EDGE_LOOP('',(#7463,#7471,#7477,#7478));
#7463 = ORIENTED_EDGE('',*,*,#7464,.F.);
#7464 = EDGE_CURVE('',#7465,#6818,#7467,.T.);
#7465 = VERTEX_POINT('',#7466);
#7466 = CARTESIAN_POINT('',(-1.416682628207,1.069680511538,9.6));
#7467 = LINE('',#7468,#7469);
#7468 = CARTESIAN_POINT('',(-1.416682628207,1.069680511538,9.8));
#7469 = VECTOR('',#7470,1.);
#7470 = DIRECTION('',(1.224606353822E-16,6.123031769112E-17,1.));
#7471 = ORIENTED_EDGE('',*,*,#7472,.F.);
#7472 = EDGE_CURVE('',#7436,#7465,#7473,.T.);
#7473 = LINE('',#7474,#7475);
#7474 = CARTESIAN_POINT('',(-1.416682628207,-0.44765,9.6));
#7475 = VECTOR('',#7476,1.);
#7476 = DIRECTION('',(-1.232595164408E-32,1.,-6.123031769112E-17));
#7477 = ORIENTED_EDGE('',*,*,#7435,.T.);
#7478 = ORIENTED_EDGE('',*,*,#6826,.T.);
#7479 = PLANE('',#7480);
#7480 = AXIS2_PLACEMENT_3D('',#7481,#7482,#7483);
#7481 = CARTESIAN_POINT('',(-1.416682628207,1.069680511538,8.1499976));
#7482 = DIRECTION('',(1.,4.827648034968E-33,-1.224606353822E-16));
#7483 = DIRECTION('',(1.232595164408E-32,-1.,6.123031769112E-17));
#7484 = ADVANCED_FACE('',(#7485),#7510,.F.);
#7485 = FACE_BOUND('',#7486,.T.);
#7486 = EDGE_LOOP('',(#7487,#7488,#7496,#7504));
#7487 = ORIENTED_EDGE('',*,*,#6204,.T.);
#7488 = ORIENTED_EDGE('',*,*,#7489,.T.);
#7489 = EDGE_CURVE('',#6197,#7490,#7492,.T.);
#7490 = VERTEX_POINT('',#7491);
#7491 = CARTESIAN_POINT('',(0.282819,1.219531,9.6));
#7492 = LINE('',#7493,#7494);
#7493 = CARTESIAN_POINT('',(0.282819,-0.44765,9.6));
#7494 = VECTOR('',#7495,1.);
#7495 = DIRECTION('',(1.232595164408E-32,-1.,6.123031769112E-17));
#7496 = ORIENTED_EDGE('',*,*,#7497,.T.);
#7497 = EDGE_CURVE('',#7490,#7498,#7500,.T.);
#7498 = VERTEX_POINT('',#7499);
#7499 = CARTESIAN_POINT('',(0.282819,1.219531,9.8));
#7500 = LINE('',#7501,#7502);
#7501 = CARTESIAN_POINT('',(0.282819,1.219531,24.375));
#7502 = VECTOR('',#7503,1.);
#7503 = DIRECTION('',(1.224606353822E-16,6.123031769112E-17,1.));
#7504 = ORIENTED_EDGE('',*,*,#7505,.T.);
#7505 = EDGE_CURVE('',#7498,#6205,#7506,.T.);
#7506 = LINE('',#7507,#7508);
#7507 = CARTESIAN_POINT('',(0.282819,0.,9.8));
#7508 = VECTOR('',#7509,1.);
#7509 = DIRECTION('',(-4.827648034968E-33,1.,0.));
#7510 = PLANE('',#7511);
#7511 = AXIS2_PLACEMENT_3D('',#7512,#7513,#7514);
#7512 = CARTESIAN_POINT('',(0.282819,1.29518400696,9.684510345015));
#7513 = DIRECTION('',(1.,4.827648034968E-33,-1.224606353822E-16));
#7514 = DIRECTION('',(-1.232595164408E-32,1.,-6.123031769112E-17));
#7515 = ADVANCED_FACE('',(#7516),#7534,.F.);
#7516 = FACE_BOUND('',#7517,.T.);
#7517 = EDGE_LOOP('',(#7518,#7526,#7532,#7533));
#7518 = ORIENTED_EDGE('',*,*,#7519,.F.);
#7519 = EDGE_CURVE('',#7520,#7498,#7522,.T.);
#7520 = VERTEX_POINT('',#7521);
#7521 = CARTESIAN_POINT('',(-0.417181,1.219531,9.8));
#7522 = LINE('',#7523,#7524);
#7523 = CARTESIAN_POINT('',(0.,1.219531,9.8));
#7524 = VECTOR('',#7525,1.);
#7525 = DIRECTION('',(1.,3.215020689727E-32,0.));
#7526 = ORIENTED_EDGE('',*,*,#7527,.F.);
#7527 = EDGE_CURVE('',#6213,#7520,#7528,.T.);
#7528 = LINE('',#7529,#7530);
#7529 = CARTESIAN_POINT('',(-0.417181,0.,9.8));
#7530 = VECTOR('',#7531,1.);
#7531 = DIRECTION('',(4.827648034968E-33,-1.,0.));
#7532 = ORIENTED_EDGE('',*,*,#6212,.F.);
#7533 = ORIENTED_EDGE('',*,*,#7505,.F.);
#7534 = PLANE('',#7535);
#7535 = AXIS2_PLACEMENT_3D('',#7536,#7537,#7538);
#7536 = CARTESIAN_POINT('',(-0.111413244036,-1.926413479559,9.8));
#7537 = DIRECTION('',(0.,0.,1.));
#7538 = DIRECTION('',(1.,1.224606353822E-16,-0.));
#7539 = ADVANCED_FACE('',(#7540),#7661,.T.);
#7540 = FACE_BOUND('',#7541,.T.);
#7541 = EDGE_LOOP('',(#7542,#7543,#7552,#7558,#7559,#7567,#7573,#7574,
    #7582,#7588,#7589,#7590,#7591,#7592,#7593,#7594,#7602,#7610,#7618,
    #7626,#7634,#7642,#7650,#7656,#7657,#7658,#7659,#7660));
#7542 = ORIENTED_EDGE('',*,*,#7472,.T.);
#7543 = ORIENTED_EDGE('',*,*,#7544,.F.);
#7544 = EDGE_CURVE('',#7545,#7465,#7547,.T.);
#7545 = VERTEX_POINT('',#7546);
#7546 = CARTESIAN_POINT('',(-1.256404227028,1.251686354594,9.6));
#7547 = CIRCLE('',#7548,0.2);
#7548 = AXIS2_PLACEMENT_3D('',#7549,#7550,#7551);
#7549 = CARTESIAN_POINT('',(-1.217181,1.055570219456,9.6));
#7550 = DIRECTION('',(1.224606353822E-16,6.123031769112E-17,1.));
#7551 = DIRECTION('',(1.232595164408E-32,-1.,6.123031769112E-17));
#7552 = ORIENTED_EDGE('',*,*,#7553,.T.);
#7553 = EDGE_CURVE('',#7545,#6261,#7554,.T.);
#7554 = LINE('',#7555,#7556);
#7555 = CARTESIAN_POINT('',(-0.386712,1.4256248,9.6));
#7556 = VECTOR('',#7557,1.);
#7557 = DIRECTION('',(0.980580675691,0.196116135138,-1.320907858475E-16)
  );
#7558 = ORIENTED_EDGE('',*,*,#6260,.F.);
#7559 = ORIENTED_EDGE('',*,*,#7560,.T.);
#7560 = EDGE_CURVE('',#6253,#7561,#7563,.T.);
#7561 = VERTEX_POINT('',#7562);
#7562 = CARTESIAN_POINT('',(-0.917181,1.219531,9.6));
#7563 = LINE('',#7564,#7565);
#7564 = CARTESIAN_POINT('',(-0.917181,-0.44765,9.6));
#7565 = VECTOR('',#7566,1.);
#7566 = DIRECTION('',(1.232595164408E-32,-1.,6.123031769112E-17));
#7567 = ORIENTED_EDGE('',*,*,#7568,.T.);
#7568 = EDGE_CURVE('',#7561,#6229,#7569,.T.);
#7569 = LINE('',#7570,#7571);
#7570 = CARTESIAN_POINT('',(-0.386712,1.3786717,9.6));
#7571 = VECTOR('',#7572,1.);
#7572 = DIRECTION('',(0.957826285221,0.287347885566,-1.348904177951E-16)
  );
#7573 = ORIENTED_EDGE('',*,*,#6228,.F.);
#7574 = ORIENTED_EDGE('',*,*,#7575,.T.);
#7575 = EDGE_CURVE('',#6221,#7576,#7578,.T.);
#7576 = VERTEX_POINT('',#7577);
#7577 = CARTESIAN_POINT('',(-0.417181,1.219531,9.6));
#7578 = LINE('',#7579,#7580);
#7579 = CARTESIAN_POINT('',(-0.417181,-0.44765,9.6));
#7580 = VECTOR('',#7581,1.);
#7581 = DIRECTION('',(1.232595164408E-32,-1.,6.123031769112E-17));
#7582 = ORIENTED_EDGE('',*,*,#7583,.T.);
#7583 = EDGE_CURVE('',#7576,#7490,#7584,.T.);
#7584 = LINE('',#7585,#7586);
#7585 = CARTESIAN_POINT('',(-0.386712,1.219531,9.6));
#7586 = VECTOR('',#7587,1.);
#7587 = DIRECTION('',(1.,2.465190328816E-32,-1.224606353822E-16));
#7588 = ORIENTED_EDGE('',*,*,#7489,.F.);
#7589 = ORIENTED_EDGE('',*,*,#6787,.F.);
#7590 = ORIENTED_EDGE('',*,*,#6765,.F.);
#7591 = ORIENTED_EDGE('',*,*,#6665,.T.);
#7592 = ORIENTED_EDGE('',*,*,#4858,.F.);
#7593 = ORIENTED_EDGE('',*,*,#6371,.F.);
#7594 = ORIENTED_EDGE('',*,*,#7595,.F.);
#7595 = EDGE_CURVE('',#7596,#6362,#7598,.T.);
#7596 = VERTEX_POINT('',#7597);
#7597 = CARTESIAN_POINT('',(0.282819,-1.080469,9.6));
#7598 = LINE('',#7599,#7600);
#7599 = CARTESIAN_POINT('',(0.282819,-0.44765,9.6));
#7600 = VECTOR('',#7601,1.);
#7601 = DIRECTION('',(1.232595164408E-32,-1.,6.123031769112E-17));
#7602 = ORIENTED_EDGE('',*,*,#7603,.T.);
#7603 = EDGE_CURVE('',#7596,#7604,#7606,.T.);
#7604 = VERTEX_POINT('',#7605);
#7605 = CARTESIAN_POINT('',(-0.417181,-1.080469,9.6));
#7606 = LINE('',#7607,#7608);
#7607 = CARTESIAN_POINT('',(-0.386712,-1.080469,9.6));
#7608 = VECTOR('',#7609,1.);
#7609 = DIRECTION('',(-1.,-2.465190328816E-32,1.224606353822E-16));
#7610 = ORIENTED_EDGE('',*,*,#7611,.T.);
#7611 = EDGE_CURVE('',#7604,#7612,#7614,.T.);
#7612 = VERTEX_POINT('',#7613);
#7613 = CARTESIAN_POINT('',(-0.417181,-1.130469,9.6));
#7614 = LINE('',#7615,#7616);
#7615 = CARTESIAN_POINT('',(-0.417181,-0.44765,9.6));
#7616 = VECTOR('',#7617,1.);
#7617 = DIRECTION('',(1.232595164408E-32,-1.,6.123031769112E-17));
#7618 = ORIENTED_EDGE('',*,*,#7619,.F.);
#7619 = EDGE_CURVE('',#7620,#7612,#7622,.T.);
#7620 = VERTEX_POINT('',#7621);
#7621 = CARTESIAN_POINT('',(-0.750514333333,-1.130469,9.6));
#7622 = LINE('',#7623,#7624);
#7623 = CARTESIAN_POINT('',(0.,-1.130469,9.6));
#7624 = VECTOR('',#7625,1.);
#7625 = DIRECTION('',(1.,1.224606353822E-16,-1.224606353822E-16));
#7626 = ORIENTED_EDGE('',*,*,#7627,.T.);
#7627 = EDGE_CURVE('',#7620,#7628,#7630,.T.);
#7628 = VERTEX_POINT('',#7629);
#7629 = CARTESIAN_POINT('',(-0.917181,-1.080469,9.6));
#7630 = LINE('',#7631,#7632);
#7631 = CARTESIAN_POINT('',(-0.386712,-1.2396097,9.6));
#7632 = VECTOR('',#7633,1.);
#7633 = DIRECTION('',(-0.957826285221,0.287347885566,9.970161315289E-17)
  );
#7634 = ORIENTED_EDGE('',*,*,#7635,.T.);
#7635 = EDGE_CURVE('',#7628,#7636,#7638,.T.);
#7636 = VERTEX_POINT('',#7637);
#7637 = CARTESIAN_POINT('',(-0.917181,-1.130469,9.6));
#7638 = LINE('',#7639,#7640);
#7639 = CARTESIAN_POINT('',(-0.917181,-0.44765,9.6));
#7640 = VECTOR('',#7641,1.);
#7641 = DIRECTION('',(1.232595164408E-32,-1.,6.123031769112E-17));
#7642 = ORIENTED_EDGE('',*,*,#7643,.F.);
#7643 = EDGE_CURVE('',#7644,#7636,#7646,.T.);
#7644 = VERTEX_POINT('',#7645);
#7645 = CARTESIAN_POINT('',(-1.167181,-1.130469,9.6));
#7646 = LINE('',#7647,#7648);
#7647 = CARTESIAN_POINT('',(0.,-1.130469,9.6));
#7648 = VECTOR('',#7649,1.);
#7649 = DIRECTION('',(1.,1.224606353822E-16,-1.224606353822E-16));
#7650 = ORIENTED_EDGE('',*,*,#7651,.T.);
#7651 = EDGE_CURVE('',#7644,#6909,#7652,.T.);
#7652 = LINE('',#7653,#7654);
#7653 = CARTESIAN_POINT('',(-0.386712,-1.2865628,9.6));
#7654 = VECTOR('',#7655,1.);
#7655 = DIRECTION('',(-0.980580675691,0.196116135138,1.080742793298E-16)
  );
#7656 = ORIENTED_EDGE('',*,*,#6908,.T.);
#7657 = ORIENTED_EDGE('',*,*,#6942,.T.);
#7658 = ORIENTED_EDGE('',*,*,#7320,.T.);
#7659 = ORIENTED_EDGE('',*,*,#7295,.F.);
#7660 = ORIENTED_EDGE('',*,*,#7443,.T.);
#7661 = PLANE('',#7662);
#7662 = AXIS2_PLACEMENT_3D('',#7663,#7664,#7665);
#7663 = CARTESIAN_POINT('',(1.082819,1.769531,9.6));
#7664 = DIRECTION('',(-1.224606353822E-16,-6.123031769112E-17,-1.));
#7665 = DIRECTION('',(1.,2.465190328816E-32,-1.224606353822E-16));
#7666 = ADVANCED_FACE('',(#7667),#7678,.F.);
#7667 = FACE_BOUND('',#7668,.T.);
#7668 = EDGE_LOOP('',(#7669,#7670,#7671,#7677));
#7669 = ORIENTED_EDGE('',*,*,#7497,.F.);
#7670 = ORIENTED_EDGE('',*,*,#7583,.F.);
#7671 = ORIENTED_EDGE('',*,*,#7672,.F.);
#7672 = EDGE_CURVE('',#7520,#7576,#7673,.T.);
#7673 = LINE('',#7674,#7675);
#7674 = CARTESIAN_POINT('',(-0.417181,1.219531,9.8));
#7675 = VECTOR('',#7676,1.);
#7676 = DIRECTION('',(-1.224606353822E-16,-6.123031769112E-17,-1.));
#7677 = ORIENTED_EDGE('',*,*,#7519,.T.);
#7678 = PLANE('',#7679);
#7679 = AXIS2_PLACEMENT_3D('',#7680,#7681,#7682);
#7680 = CARTESIAN_POINT('',(-0.417181,1.219531,9.8));
#7681 = DIRECTION('',(3.215020689727E-32,-1.,6.123031769112E-17));
#7682 = DIRECTION('',(-1.,-2.465190328816E-32,1.224606353822E-16));
#7683 = ADVANCED_FACE('',(#7684),#7690,.F.);
#7684 = FACE_BOUND('',#7685,.T.);
#7685 = EDGE_LOOP('',(#7686,#7687,#7688,#7689));
#7686 = ORIENTED_EDGE('',*,*,#7672,.T.);
#7687 = ORIENTED_EDGE('',*,*,#7575,.F.);
#7688 = ORIENTED_EDGE('',*,*,#6220,.T.);
#7689 = ORIENTED_EDGE('',*,*,#7527,.T.);
#7690 = PLANE('',#7691);
#7691 = AXIS2_PLACEMENT_3D('',#7692,#7693,#7694);
#7692 = CARTESIAN_POINT('',(-0.417181,1.369531,9.8));
#7693 = DIRECTION('',(-1.,-4.827648034968E-33,1.224606353822E-16));
#7694 = DIRECTION('',(-1.232595164408E-32,1.,-6.123031769112E-17));
#7695 = ADVANCED_FACE('',(#7696),#7713,.F.);
#7696 = FACE_BOUND('',#7697,.T.);
#7697 = EDGE_LOOP('',(#7698,#7706,#7712));
#7698 = ORIENTED_EDGE('',*,*,#7699,.F.);
#7699 = EDGE_CURVE('',#7700,#6237,#7702,.T.);
#7700 = VERTEX_POINT('',#7701);
#7701 = CARTESIAN_POINT('',(-0.917181,1.219531,9.8));
#7702 = LINE('',#7703,#7704);
#7703 = CARTESIAN_POINT('',(0.,1.4946853,9.8));
#7704 = VECTOR('',#7705,1.);
#7705 = DIRECTION('',(0.957826285221,0.287347885566,0.));
#7706 = ORIENTED_EDGE('',*,*,#7707,.F.);
#7707 = EDGE_CURVE('',#6245,#7700,#7708,.T.);
#7708 = LINE('',#7709,#7710);
#7709 = CARTESIAN_POINT('',(-0.917181,0.,9.8));
#7710 = VECTOR('',#7711,1.);
#7711 = DIRECTION('',(4.827648034968E-33,-1.,0.));
#7712 = ORIENTED_EDGE('',*,*,#6244,.F.);
#7713 = PLANE('',#7714);
#7714 = AXIS2_PLACEMENT_3D('',#7715,#7716,#7717);
#7715 = CARTESIAN_POINT('',(-0.111413244036,-1.926413479559,9.8));
#7716 = DIRECTION('',(0.,0.,1.));
#7717 = DIRECTION('',(1.,1.224606353822E-16,-0.));
#7718 = ADVANCED_FACE('',(#7719),#7730,.F.);
#7719 = FACE_BOUND('',#7720,.T.);
#7720 = EDGE_LOOP('',(#7721,#7727,#7728,#7729));
#7721 = ORIENTED_EDGE('',*,*,#7722,.T.);
#7722 = EDGE_CURVE('',#7700,#7561,#7723,.T.);
#7723 = LINE('',#7724,#7725);
#7724 = CARTESIAN_POINT('',(-0.917181,1.219531,9.8));
#7725 = VECTOR('',#7726,1.);
#7726 = DIRECTION('',(-1.224606353822E-16,-6.123031769112E-17,-1.));
#7727 = ORIENTED_EDGE('',*,*,#7560,.F.);
#7728 = ORIENTED_EDGE('',*,*,#6252,.T.);
#7729 = ORIENTED_EDGE('',*,*,#7707,.T.);
#7730 = PLANE('',#7731);
#7731 = AXIS2_PLACEMENT_3D('',#7732,#7733,#7734);
#7732 = CARTESIAN_POINT('',(-0.917181,1.319531,9.8));
#7733 = DIRECTION('',(-1.,-4.827648034968E-33,1.224606353822E-16));
#7734 = DIRECTION('',(-1.232595164408E-32,1.,-6.123031769112E-17));
#7735 = ADVANCED_FACE('',(#7736),#7742,.F.);
#7736 = FACE_BOUND('',#7737,.T.);
#7737 = EDGE_LOOP('',(#7738,#7739,#7740,#7741));
#7738 = ORIENTED_EDGE('',*,*,#6236,.T.);
#7739 = ORIENTED_EDGE('',*,*,#7568,.F.);
#7740 = ORIENTED_EDGE('',*,*,#7722,.F.);
#7741 = ORIENTED_EDGE('',*,*,#7699,.T.);
#7742 = PLANE('',#7743);
#7743 = AXIS2_PLACEMENT_3D('',#7744,#7745,#7746);
#7744 = CARTESIAN_POINT('',(-0.917181,1.219531,9.8));
#7745 = DIRECTION('',(0.287347885566,-0.957826285221,2.34592030948E-17)
  );
#7746 = DIRECTION('',(-0.957826285221,-0.287347885566,1.348904177951E-16
    ));
#7747 = ADVANCED_FACE('',(#7748),#7759,.F.);
#7748 = FACE_BOUND('',#7749,.T.);
#7749 = EDGE_LOOP('',(#7750,#7751,#7752,#7758));
#7750 = ORIENTED_EDGE('',*,*,#6268,.T.);
#7751 = ORIENTED_EDGE('',*,*,#7553,.F.);
#7752 = ORIENTED_EDGE('',*,*,#7753,.F.);
#7753 = EDGE_CURVE('',#6810,#7545,#7754,.T.);
#7754 = LINE('',#7755,#7756);
#7755 = CARTESIAN_POINT('',(-1.256404227028,1.251686354594,9.8));
#7756 = VECTOR('',#7757,1.);
#7757 = DIRECTION('',(-1.224606353822E-16,-6.123031769112E-17,-1.));
#7758 = ORIENTED_EDGE('',*,*,#6809,.T.);
#7759 = PLANE('',#7760);
#7760 = AXIS2_PLACEMENT_3D('',#7761,#7762,#7763);
#7761 = CARTESIAN_POINT('',(-1.256404227028,1.251686354594,9.8));
#7762 = DIRECTION('',(0.196116135138,-0.980580675691,3.60247597766E-17)
  );
#7763 = DIRECTION('',(-0.980580675691,-0.196116135138,1.320907858475E-16
    ));
#7764 = ADVANCED_FACE('',(#7765),#7771,.T.);
#7765 = FACE_BOUND('',#7766,.T.);
#7766 = EDGE_LOOP('',(#7767,#7768,#7769,#7770));
#7767 = ORIENTED_EDGE('',*,*,#7753,.T.);
#7768 = ORIENTED_EDGE('',*,*,#7544,.T.);
#7769 = ORIENTED_EDGE('',*,*,#7464,.T.);
#7770 = ORIENTED_EDGE('',*,*,#6817,.F.);
#7771 = CYLINDRICAL_SURFACE('',#7772,0.2);
#7772 = AXIS2_PLACEMENT_3D('',#7773,#7774,#7775);
#7773 = CARTESIAN_POINT('',(-1.217181,1.055570219456,9.8));
#7774 = DIRECTION('',(1.224606353822E-16,6.123031769112E-17,1.));
#7775 = DIRECTION('',(1.232595164408E-32,-1.,6.123031769112E-17));
#7776 = ADVANCED_FACE('',(#7777),#7797,.T.);
#7777 = FACE_BOUND('',#7778,.T.);
#7778 = EDGE_LOOP('',(#7779,#7780,#7786,#7787,#7788,#7794,#7795,#7796));
#7779 = ORIENTED_EDGE('',*,*,#7008,.F.);
#7780 = ORIENTED_EDGE('',*,*,#7781,.T.);
#7781 = EDGE_CURVE('',#7000,#7253,#7782,.T.);
#7782 = LINE('',#7783,#7784);
#7783 = CARTESIAN_POINT('',(-2.417181,0.319531,3.363375893843));
#7784 = VECTOR('',#7785,1.);
#7785 = DIRECTION('',(1.224606353822E-16,6.123031769112E-17,1.));
#7786 = ORIENTED_EDGE('',*,*,#7262,.T.);
#7787 = ORIENTED_EDGE('',*,*,#7238,.T.);
#7788 = ORIENTED_EDGE('',*,*,#7789,.F.);
#7789 = EDGE_CURVE('',#7330,#7230,#7790,.T.);
#7790 = LINE('',#7791,#7792);
#7791 = CARTESIAN_POINT('',(-2.417181,1.769531,8.7));
#7792 = VECTOR('',#7793,1.);
#7793 = DIRECTION('',(-1.232595164408E-32,1.,-6.123031769112E-17));
#7794 = ORIENTED_EDGE('',*,*,#7329,.T.);
#7795 = ORIENTED_EDGE('',*,*,#6956,.T.);
#7796 = ORIENTED_EDGE('',*,*,#7427,.T.);
#7797 = PLANE('',#7798);
#7798 = AXIS2_PLACEMENT_3D('',#7799,#7800,#7801);
#7799 = CARTESIAN_POINT('',(-2.417181,1.769531,8.7));
#7800 = DIRECTION('',(-1.,-4.827648034968E-33,1.224606353822E-16));
#7801 = DIRECTION('',(-1.224606353822E-16,-6.123031769112E-17,-1.));
#7802 = ADVANCED_FACE('',(#7803),#7809,.T.);
#7803 = FACE_BOUND('',#7804,.T.);
#7804 = EDGE_LOOP('',(#7805,#7806,#7807,#7808));
#7805 = ORIENTED_EDGE('',*,*,#7405,.T.);
#7806 = ORIENTED_EDGE('',*,*,#7337,.T.);
#7807 = ORIENTED_EDGE('',*,*,#7789,.T.);
#7808 = ORIENTED_EDGE('',*,*,#7229,.F.);
#7809 = CYLINDRICAL_SURFACE('',#7810,0.4);
#7810 = AXIS2_PLACEMENT_3D('',#7811,#7812,#7813);
#7811 = CARTESIAN_POINT('',(-2.017181,1.769531,8.7));
#7812 = DIRECTION('',(-1.232595164408E-32,1.,-6.123031769112E-17));
#7813 = DIRECTION('',(-1.,-4.827648034968E-33,1.224606353822E-16));
#7814 = ADVANCED_FACE('',(#7815),#7823,.F.);
#7815 = FACE_BOUND('',#7816,.T.);
#7816 = EDGE_LOOP('',(#7817,#7818,#7819,#7820,#7821,#7822));
#7817 = ORIENTED_EDGE('',*,*,#7155,.F.);
#7818 = ORIENTED_EDGE('',*,*,#7252,.F.);
#7819 = ORIENTED_EDGE('',*,*,#7781,.F.);
#7820 = ORIENTED_EDGE('',*,*,#6999,.F.);
#7821 = ORIENTED_EDGE('',*,*,#7192,.F.);
#7822 = ORIENTED_EDGE('',*,*,#7090,.T.);
#7823 = PLANE('',#7824);
#7824 = AXIS2_PLACEMENT_3D('',#7825,#7826,#7827);
#7825 = CARTESIAN_POINT('',(-2.417181,0.319531,9.1));
#7826 = DIRECTION('',(-3.215020689727E-32,1.,-6.123031769112E-17));
#7827 = DIRECTION('',(1.,2.465190328816E-32,-1.224606353822E-16));
#7828 = ADVANCED_FACE('',(#7829),#7840,.F.);
#7829 = FACE_BOUND('',#7830,.T.);
#7830 = EDGE_LOOP('',(#7831,#7832,#7833,#7839));
#7831 = ORIENTED_EDGE('',*,*,#6917,.T.);
#7832 = ORIENTED_EDGE('',*,*,#7651,.F.);
#7833 = ORIENTED_EDGE('',*,*,#7834,.T.);
#7834 = EDGE_CURVE('',#7644,#6876,#7835,.T.);
#7835 = LINE('',#7836,#7837);
#7836 = CARTESIAN_POINT('',(-1.167181,-1.130469,24.375));
#7837 = VECTOR('',#7838,1.);
#7838 = DIRECTION('',(4.286122238378E-16,4.713770096757E-32,1.));
#7839 = ORIENTED_EDGE('',*,*,#6875,.T.);
#7840 = PLANE('',#7841);
#7841 = AXIS2_PLACEMENT_3D('',#7842,#7843,#7844);
#7842 = CARTESIAN_POINT('',(-0.917181,-1.180469,9.8));
#7843 = DIRECTION('',(0.196116135138,0.980580675691,-8.405777281206E-17)
  );
#7844 = DIRECTION('',(0.980580675691,-0.196116135138,-1.080742793298E-16
    ));
#7845 = ADVANCED_FACE('',(#7846),#7871,.F.);
#7846 = FACE_BOUND('',#7847,.T.);
#7847 = EDGE_LOOP('',(#7848,#7856,#7857,#7865));
#7848 = ORIENTED_EDGE('',*,*,#7849,.T.);
#7849 = EDGE_CURVE('',#7850,#7612,#7852,.T.);
#7850 = VERTEX_POINT('',#7851);
#7851 = CARTESIAN_POINT('',(-0.417181,-1.130469,9.8));
#7852 = LINE('',#7853,#7854);
#7853 = CARTESIAN_POINT('',(-0.417181,-1.130469,24.375));
#7854 = VECTOR('',#7855,1.);
#7855 = DIRECTION('',(-1.224606353822E-16,-2.465190328816E-32,-1.));
#7856 = ORIENTED_EDGE('',*,*,#7611,.F.);
#7857 = ORIENTED_EDGE('',*,*,#7858,.F.);
#7858 = EDGE_CURVE('',#7859,#7604,#7861,.T.);
#7859 = VERTEX_POINT('',#7860);
#7860 = CARTESIAN_POINT('',(-0.417181,-1.080469,9.8));
#7861 = LINE('',#7862,#7863);
#7862 = CARTESIAN_POINT('',(-0.417181,-1.080469,9.8));
#7863 = VECTOR('',#7864,1.);
#7864 = DIRECTION('',(-1.224606353822E-16,-6.123031769112E-17,-1.));
#7865 = ORIENTED_EDGE('',*,*,#7866,.T.);
#7866 = EDGE_CURVE('',#7859,#7850,#7867,.T.);
#7867 = LINE('',#7868,#7869);
#7868 = CARTESIAN_POINT('',(-0.417181,0.,9.8));
#7869 = VECTOR('',#7870,1.);
#7870 = DIRECTION('',(4.827648034968E-33,-1.,0.));
#7871 = PLANE('',#7872);
#7872 = AXIS2_PLACEMENT_3D('',#7873,#7874,#7875);
#7873 = CARTESIAN_POINT('',(-0.417181,-1.080469,9.8));
#7874 = DIRECTION('',(-1.,-4.827648034968E-33,1.224606353822E-16));
#7875 = DIRECTION('',(-1.232595164408E-32,1.,-6.123031769112E-17));
#7876 = ADVANCED_FACE('',(#7877),#7902,.F.);
#7877 = FACE_BOUND('',#7878,.T.);
#7878 = EDGE_LOOP('',(#7879,#7887,#7888,#7896));
#7879 = ORIENTED_EDGE('',*,*,#7880,.T.);
#7880 = EDGE_CURVE('',#7881,#7628,#7883,.T.);
#7881 = VERTEX_POINT('',#7882);
#7882 = CARTESIAN_POINT('',(-0.917181,-1.080469,9.8));
#7883 = LINE('',#7884,#7885);
#7884 = CARTESIAN_POINT('',(-0.917181,-1.080469,9.8));
#7885 = VECTOR('',#7886,1.);
#7886 = DIRECTION('',(-1.224606353822E-16,-6.123031769112E-17,-1.));
#7887 = ORIENTED_EDGE('',*,*,#7627,.F.);
#7888 = ORIENTED_EDGE('',*,*,#7889,.T.);
#7889 = EDGE_CURVE('',#7620,#7890,#7892,.T.);
#7890 = VERTEX_POINT('',#7891);
#7891 = CARTESIAN_POINT('',(-0.750514333333,-1.130469,9.8));
#7892 = LINE('',#7893,#7894);
#7893 = CARTESIAN_POINT('',(-0.750514333333,-1.130469,24.375));
#7894 = VECTOR('',#7895,1.);
#7895 = DIRECTION('',(3.265616943526E-16,3.753362467697E-32,1.));
#7896 = ORIENTED_EDGE('',*,*,#7897,.T.);
#7897 = EDGE_CURVE('',#7890,#7881,#7898,.T.);
#7898 = LINE('',#7899,#7900);
#7899 = CARTESIAN_POINT('',(0.,-1.3556233,9.8));
#7900 = VECTOR('',#7901,1.);
#7901 = DIRECTION('',(-0.957826285221,0.287347885566,0.));
#7902 = PLANE('',#7903);
#7903 = AXIS2_PLACEMENT_3D('',#7904,#7905,#7906);
#7904 = CARTESIAN_POINT('',(-0.417181,-1.230469,9.8));
#7905 = DIRECTION('',(0.287347885566,0.957826285221,-9.383681237919E-17)
  );
#7906 = DIRECTION('',(0.957826285221,-0.287347885566,-9.970161315289E-17
    ));
#7907 = ADVANCED_FACE('',(#7908),#7926,.F.);
#7908 = FACE_BOUND('',#7909,.T.);
#7909 = EDGE_LOOP('',(#7910,#7918,#7919,#7920));
#7910 = ORIENTED_EDGE('',*,*,#7911,.T.);
#7911 = EDGE_CURVE('',#7912,#7636,#7914,.T.);
#7912 = VERTEX_POINT('',#7913);
#7913 = CARTESIAN_POINT('',(-0.917181,-1.130469,9.8));
#7914 = LINE('',#7915,#7916);
#7915 = CARTESIAN_POINT('',(-0.917181,-1.130469,24.375));
#7916 = VECTOR('',#7917,1.);
#7917 = DIRECTION('',(-1.224606353822E-16,-2.465190328816E-32,-1.));
#7918 = ORIENTED_EDGE('',*,*,#7635,.F.);
#7919 = ORIENTED_EDGE('',*,*,#7880,.F.);
#7920 = ORIENTED_EDGE('',*,*,#7921,.T.);
#7921 = EDGE_CURVE('',#7881,#7912,#7922,.T.);
#7922 = LINE('',#7923,#7924);
#7923 = CARTESIAN_POINT('',(-0.917181,0.,9.8));
#7924 = VECTOR('',#7925,1.);
#7925 = DIRECTION('',(4.827648034968E-33,-1.,0.));
#7926 = PLANE('',#7927);
#7927 = AXIS2_PLACEMENT_3D('',#7928,#7929,#7930);
#7928 = CARTESIAN_POINT('',(-0.917181,-1.080469,9.8));
#7929 = DIRECTION('',(-1.,-4.827648034968E-33,1.224606353822E-16));
#7930 = DIRECTION('',(-1.232595164408E-32,1.,-6.123031769112E-17));
#7931 = ADVANCED_FACE('',(#7932),#7943,.F.);
#7932 = FACE_BOUND('',#7933,.T.);
#7933 = EDGE_LOOP('',(#7934,#7935,#7941,#7942));
#7934 = ORIENTED_EDGE('',*,*,#6290,.F.);
#7935 = ORIENTED_EDGE('',*,*,#7936,.F.);
#7936 = EDGE_CURVE('',#6364,#6291,#7937,.T.);
#7937 = LINE('',#7938,#7939);
#7938 = CARTESIAN_POINT('',(-8.360665290511E-17,-1.130469,9.59));
#7939 = VECTOR('',#7940,1.);
#7940 = DIRECTION('',(-1.,-1.224606353822E-16,0.));
#7941 = ORIENTED_EDGE('',*,*,#6393,.F.);
#7942 = ORIENTED_EDGE('',*,*,#6338,.T.);
#7943 = PLANE('',#7944);
#7944 = AXIS2_PLACEMENT_3D('',#7945,#7946,#7947);
#7945 = CARTESIAN_POINT('',(0.282819,-0.830469,9.59));
#7946 = DIRECTION('',(0.,0.,-1.));
#7947 = DIRECTION('',(1.,-9.877623892429E-16,0.));
#7948 = ADVANCED_FACE('',(#7949),#7981,.F.);
#7949 = FACE_BOUND('',#7950,.T.);
#7950 = EDGE_LOOP('',(#7951,#7952,#7953,#7954,#7955,#7956,#7957,#7958,
    #7964,#7965,#7966,#7967,#7975));
#7951 = ORIENTED_EDGE('',*,*,#6361,.T.);
#7952 = ORIENTED_EDGE('',*,*,#7936,.T.);
#7953 = ORIENTED_EDGE('',*,*,#6323,.T.);
#7954 = ORIENTED_EDGE('',*,*,#6883,.F.);
#7955 = ORIENTED_EDGE('',*,*,#7834,.F.);
#7956 = ORIENTED_EDGE('',*,*,#7643,.T.);
#7957 = ORIENTED_EDGE('',*,*,#7911,.F.);
#7958 = ORIENTED_EDGE('',*,*,#7959,.F.);
#7959 = EDGE_CURVE('',#7890,#7912,#7960,.T.);
#7960 = LINE('',#7961,#7962);
#7961 = CARTESIAN_POINT('',(-8.360665290511E-17,-1.130469,9.8));
#7962 = VECTOR('',#7963,1.);
#7963 = DIRECTION('',(-1.,-1.224606353822E-16,0.));
#7964 = ORIENTED_EDGE('',*,*,#7889,.F.);
#7965 = ORIENTED_EDGE('',*,*,#7619,.T.);
#7966 = ORIENTED_EDGE('',*,*,#7849,.F.);
#7967 = ORIENTED_EDGE('',*,*,#7968,.F.);
#7968 = EDGE_CURVE('',#7969,#7850,#7971,.T.);
#7969 = VERTEX_POINT('',#7970);
#7970 = CARTESIAN_POINT('',(0.282819,-1.130469,9.8));
#7971 = LINE('',#7972,#7973);
#7972 = CARTESIAN_POINT('',(-8.360665290511E-17,-1.130469,9.8));
#7973 = VECTOR('',#7974,1.);
#7974 = DIRECTION('',(-1.,-1.224606353822E-16,0.));
#7975 = ORIENTED_EDGE('',*,*,#7976,.F.);
#7976 = EDGE_CURVE('',#6362,#7969,#7977,.T.);
#7977 = LINE('',#7978,#7979);
#7978 = CARTESIAN_POINT('',(0.282819,-1.130469,24.375));
#7979 = VECTOR('',#7980,1.);
#7980 = DIRECTION('',(1.224606353822E-16,2.465190328816E-32,1.));
#7981 = PLANE('',#7982);
#7982 = AXIS2_PLACEMENT_3D('',#7983,#7984,#7985);
#7983 = CARTESIAN_POINT('',(0.182819,-1.130469,9.8));
#7984 = DIRECTION('',(1.224606353822E-16,-1.,0.));
#7985 = DIRECTION('',(1.,1.224606353822E-16,0.));
#7986 = ADVANCED_FACE('',(#7987),#8005,.F.);
#7987 = FACE_BOUND('',#7988,.T.);
#7988 = EDGE_LOOP('',(#7989,#7990,#7998,#8004));
#7989 = ORIENTED_EDGE('',*,*,#7976,.T.);
#7990 = ORIENTED_EDGE('',*,*,#7991,.T.);
#7991 = EDGE_CURVE('',#7969,#7992,#7994,.T.);
#7992 = VERTEX_POINT('',#7993);
#7993 = CARTESIAN_POINT('',(0.282819,-1.080469,9.8));
#7994 = LINE('',#7995,#7996);
#7995 = CARTESIAN_POINT('',(0.282819,0.,9.8));
#7996 = VECTOR('',#7997,1.);
#7997 = DIRECTION('',(-4.827648034968E-33,1.,0.));
#7998 = ORIENTED_EDGE('',*,*,#7999,.T.);
#7999 = EDGE_CURVE('',#7992,#7596,#8000,.T.);
#8000 = LINE('',#8001,#8002);
#8001 = CARTESIAN_POINT('',(0.282819,-1.080469,24.375));
#8002 = VECTOR('',#8003,1.);
#8003 = DIRECTION('',(-1.224606353822E-16,-6.123031769112E-17,-1.));
#8004 = ORIENTED_EDGE('',*,*,#7595,.T.);
#8005 = PLANE('',#8006);
#8006 = AXIS2_PLACEMENT_3D('',#8007,#8008,#8009);
#8007 = CARTESIAN_POINT('',(0.282819,1.29518400696,9.684510345015));
#8008 = DIRECTION('',(1.,4.827648034968E-33,-1.224606353822E-16));
#8009 = DIRECTION('',(-1.232595164408E-32,1.,-6.123031769112E-17));
#8010 = ADVANCED_FACE('',(#8011),#8022,.F.);
#8011 = FACE_BOUND('',#8012,.T.);
#8012 = EDGE_LOOP('',(#8013,#8014,#8015,#8016));
#8013 = ORIENTED_EDGE('',*,*,#7858,.T.);
#8014 = ORIENTED_EDGE('',*,*,#7603,.F.);
#8015 = ORIENTED_EDGE('',*,*,#7999,.F.);
#8016 = ORIENTED_EDGE('',*,*,#8017,.T.);
#8017 = EDGE_CURVE('',#7992,#7859,#8018,.T.);
#8018 = LINE('',#8019,#8020);
#8019 = CARTESIAN_POINT('',(0.,-1.080469,9.8));
#8020 = VECTOR('',#8021,1.);
#8021 = DIRECTION('',(-1.,-3.215020689727E-32,0.));
#8022 = PLANE('',#8023);
#8023 = AXIS2_PLACEMENT_3D('',#8024,#8025,#8026);
#8024 = CARTESIAN_POINT('',(0.282819,-1.080469,9.8));
#8025 = DIRECTION('',(-3.215020689727E-32,1.,-6.123031769112E-17));
#8026 = DIRECTION('',(1.,2.465190328816E-32,-1.224606353822E-16));
#8027 = ADVANCED_FACE('',(#8028),#8033,.F.);
#8028 = FACE_BOUND('',#8029,.T.);
#8029 = EDGE_LOOP('',(#8030,#8031,#8032));
#8030 = ORIENTED_EDGE('',*,*,#7897,.F.);
#8031 = ORIENTED_EDGE('',*,*,#7959,.T.);
#8032 = ORIENTED_EDGE('',*,*,#7921,.F.);
#8033 = PLANE('',#8034);
#8034 = AXIS2_PLACEMENT_3D('',#8035,#8036,#8037);
#8035 = CARTESIAN_POINT('',(-0.111413244036,-1.926413479559,9.8));
#8036 = DIRECTION('',(0.,0.,1.));
#8037 = DIRECTION('',(1.,1.224606353822E-16,-0.));
#8038 = ADVANCED_FACE('',(#8039),#8045,.F.);
#8039 = FACE_BOUND('',#8040,.T.);
#8040 = EDGE_LOOP('',(#8041,#8042,#8043,#8044));
#8041 = ORIENTED_EDGE('',*,*,#7866,.F.);
#8042 = ORIENTED_EDGE('',*,*,#8017,.F.);
#8043 = ORIENTED_EDGE('',*,*,#7991,.F.);
#8044 = ORIENTED_EDGE('',*,*,#7968,.T.);
#8045 = PLANE('',#8046);
#8046 = AXIS2_PLACEMENT_3D('',#8047,#8048,#8049);
#8047 = CARTESIAN_POINT('',(-0.111413244036,-1.926413479559,9.8));
#8048 = DIRECTION('',(0.,0.,1.));
#8049 = DIRECTION('',(1.,1.224606353822E-16,-0.));
#8050 = ADVANCED_FACE('',(#8051),#8067,.T.);
#8051 = FACE_BOUND('',#8052,.T.);
#8052 = EDGE_LOOP('',(#8053,#8054,#8060,#8061));
#8053 = ORIENTED_EDGE('',*,*,#1650,.T.);
#8054 = ORIENTED_EDGE('',*,*,#8055,.F.);
#8055 = EDGE_CURVE('',#1539,#1643,#8056,.T.);
#8056 = LINE('',#8057,#8058);
#8057 = CARTESIAN_POINT('',(0.,0.969531,14.16));
#8058 = VECTOR('',#8059,1.);
#8059 = DIRECTION('',(1.,0.,0.));
#8060 = ORIENTED_EDGE('',*,*,#1538,.T.);
#8061 = ORIENTED_EDGE('',*,*,#8062,.T.);
#8062 = EDGE_CURVE('',#1531,#1604,#8063,.T.);
#8063 = LINE('',#8064,#8065);
#8064 = CARTESIAN_POINT('',(0.,1.269531,14.16));
#8065 = VECTOR('',#8066,1.);
#8066 = DIRECTION('',(1.,0.,0.));
#8067 = PLANE('',#8068);
#8068 = AXIS2_PLACEMENT_3D('',#8069,#8070,#8071);
#8069 = CARTESIAN_POINT('',(1.182819,0.969531,14.16));
#8070 = DIRECTION('',(0.,0.,-1.));
#8071 = DIRECTION('',(0.,-1.,0.));
#8072 = ADVANCED_FACE('',(#8073),#8079,.T.);
#8073 = FACE_BOUND('',#8074,.T.);
#8074 = EDGE_LOOP('',(#8075,#8076,#8077,#8078));
#8075 = ORIENTED_EDGE('',*,*,#1171,.T.);
#8076 = ORIENTED_EDGE('',*,*,#1546,.T.);
#8077 = ORIENTED_EDGE('',*,*,#8055,.T.);
#8078 = ORIENTED_EDGE('',*,*,#1642,.T.);
#8079 = PLANE('',#8080);
#8080 = AXIS2_PLACEMENT_3D('',#8081,#8082,#8083);
#8081 = CARTESIAN_POINT('',(0.182819,0.969531,14.7));
#8082 = DIRECTION('',(0.,-1.,0.));
#8083 = DIRECTION('',(-1.,0.,0.));
#8084 = ADVANCED_FACE('',(#8085),#8095,.F.);
#8085 = FACE_BOUND('',#8086,.T.);
#8086 = EDGE_LOOP('',(#8087,#8088,#8089,#8090,#8091,#8092,#8093,#8094));
#8087 = ORIENTED_EDGE('',*,*,#1865,.F.);
#8088 = ORIENTED_EDGE('',*,*,#2103,.F.);
#8089 = ORIENTED_EDGE('',*,*,#1697,.T.);
#8090 = ORIENTED_EDGE('',*,*,#2609,.T.);
#8091 = ORIENTED_EDGE('',*,*,#1381,.T.);
#8092 = ORIENTED_EDGE('',*,*,#2003,.F.);
#8093 = ORIENTED_EDGE('',*,*,#2294,.T.);
#8094 = ORIENTED_EDGE('',*,*,#2279,.F.);
#8095 = PLANE('',#8096);
#8096 = AXIS2_PLACEMENT_3D('',#8097,#8098,#8099);
#8097 = CARTESIAN_POINT('',(-0.268395264475,-2.230469,12.996823964012));
#8098 = DIRECTION('',(0.,1.,0.));
#8099 = DIRECTION('',(1.,0.,0.));
#8100 = ADVANCED_FACE('',(#8101),#8119,.F.);
#8101 = FACE_BOUND('',#8102,.T.);
#8102 = EDGE_LOOP('',(#8103,#8104,#8112,#8118));
#8103 = ORIENTED_EDGE('',*,*,#5117,.T.);
#8104 = ORIENTED_EDGE('',*,*,#8105,.F.);
#8105 = EDGE_CURVE('',#8106,#5110,#8108,.T.);
#8106 = VERTEX_POINT('',#8107);
#8107 = CARTESIAN_POINT('',(-1.017181,-2.230469,11.426));
#8108 = LINE('',#8109,#8110);
#8109 = CARTESIAN_POINT('',(-1.017181,-3.466092364838E-16,11.426));
#8110 = VECTOR('',#8111,1.);
#8111 = DIRECTION('',(-1.224606353822E-16,1.,0.));
#8112 = ORIENTED_EDGE('',*,*,#8113,.F.);
#8113 = EDGE_CURVE('',#2587,#8106,#8114,.T.);
#8114 = LINE('',#8115,#8116);
#8115 = CARTESIAN_POINT('',(-2.017181,-2.230469,11.426));
#8116 = VECTOR('',#8117,1.);
#8117 = DIRECTION('',(1.,1.224606353822E-16,0.));
#8118 = ORIENTED_EDGE('',*,*,#2672,.T.);
#8119 = PLANE('',#8120);
#8120 = AXIS2_PLACEMENT_3D('',#8121,#8122,#8123);
#8121 = CARTESIAN_POINT('',(-2.017181,-2.230469,11.426));
#8122 = DIRECTION('',(0.,0.,1.));
#8123 = DIRECTION('',(1.224606353822E-16,-1.,0.));
#8124 = ADVANCED_FACE('',(#8125),#8133,.T.);
#8125 = FACE_BOUND('',#8126,.T.);
#8126 = EDGE_LOOP('',(#8127,#8128,#8129,#8130,#8131,#8132));
#8127 = ORIENTED_EDGE('',*,*,#2945,.T.);
#8128 = ORIENTED_EDGE('',*,*,#1713,.T.);
#8129 = ORIENTED_EDGE('',*,*,#2096,.F.);
#8130 = ORIENTED_EDGE('',*,*,#1849,.F.);
#8131 = ORIENTED_EDGE('',*,*,#2240,.F.);
#8132 = ORIENTED_EDGE('',*,*,#2518,.T.);
#8133 = PLANE('',#8134);
#8134 = AXIS2_PLACEMENT_3D('',#8135,#8136,#8137);
#8135 = CARTESIAN_POINT('',(-2.417181,2.769531,13.075));
#8136 = DIRECTION('',(0.,1.,-8.881784197001E-15));
#8137 = DIRECTION('',(0.,8.881784197001E-15,1.));
#8138 = ADVANCED_FACE('',(#8139),#8154,.T.);
#8139 = FACE_BOUND('',#8140,.T.);
#8140 = EDGE_LOOP('',(#8141,#8142,#8143,#8144,#8145,#8146,#8147,#8148,
    #8149,#8150,#8151,#8152,#8153));
#8141 = ORIENTED_EDGE('',*,*,#1826,.F.);
#8142 = ORIENTED_EDGE('',*,*,#3902,.F.);
#8143 = ORIENTED_EDGE('',*,*,#4406,.T.);
#8144 = ORIENTED_EDGE('',*,*,#3104,.F.);
#8145 = ORIENTED_EDGE('',*,*,#4536,.F.);
#8146 = ORIENTED_EDGE('',*,*,#4286,.F.);
#8147 = ORIENTED_EDGE('',*,*,#4398,.T.);
#8148 = ORIENTED_EDGE('',*,*,#916,.F.);
#8149 = ORIENTED_EDGE('',*,*,#4688,.F.);
#8150 = ORIENTED_EDGE('',*,*,#3144,.F.);
#8151 = ORIENTED_EDGE('',*,*,#1601,.T.);
#8152 = ORIENTED_EDGE('',*,*,#8062,.F.);
#8153 = ORIENTED_EDGE('',*,*,#1530,.T.);
#8154 = PLANE('',#8155);
#8155 = AXIS2_PLACEMENT_3D('',#8156,#8157,#8158);
#8156 = CARTESIAN_POINT('',(0.282819,1.269531,13.95));
#8157 = DIRECTION('',(0.,-1.,0.));
#8158 = DIRECTION('',(-1.,0.,0.));
#8159 = ADVANCED_FACE('',(#8160),#8171,.F.);
#8160 = FACE_BOUND('',#8161,.T.);
#8161 = EDGE_LOOP('',(#8162,#8163,#8164,#8170));
#8162 = ORIENTED_EDGE('',*,*,#5109,.F.);
#8163 = ORIENTED_EDGE('',*,*,#894,.F.);
#8164 = ORIENTED_EDGE('',*,*,#8165,.F.);
#8165 = EDGE_CURVE('',#8106,#887,#8166,.T.);
#8166 = LINE('',#8167,#8168);
#8167 = CARTESIAN_POINT('',(-1.017181,-2.230469,15.625));
#8168 = VECTOR('',#8169,1.);
#8169 = DIRECTION('',(0.,0.,1.));
#8170 = ORIENTED_EDGE('',*,*,#8105,.T.);
#8171 = PLANE('',#8172);
#8172 = AXIS2_PLACEMENT_3D('',#8173,#8174,#8175);
#8173 = CARTESIAN_POINT('',(-1.017181,-2.030469,13.075));
#8174 = DIRECTION('',(-1.,0.,0.));
#8175 = DIRECTION('',(0.,0.,1.));
#8176 = ADVANCED_FACE('',(#8177),#8183,.F.);
#8177 = FACE_BOUND('',#8178,.T.);
#8178 = EDGE_LOOP('',(#8179,#8180,#8181,#8182));
#8179 = ORIENTED_EDGE('',*,*,#8113,.T.);
#8180 = ORIENTED_EDGE('',*,*,#8165,.T.);
#8181 = ORIENTED_EDGE('',*,*,#886,.F.);
#8182 = ORIENTED_EDGE('',*,*,#2586,.F.);
#8183 = PLANE('',#8184);
#8184 = AXIS2_PLACEMENT_3D('',#8185,#8186,#8187);
#8185 = CARTESIAN_POINT('',(-2.017181,-2.230469,12.324));
#8186 = DIRECTION('',(-1.224606353822E-16,1.,0.));
#8187 = DIRECTION('',(0.,0.,1.));
#8188 = ( GEOMETRIC_REPRESENTATION_CONTEXT(3) 
GLOBAL_UNCERTAINTY_ASSIGNED_CONTEXT((#8192)) 
GLOBAL_UNIT_ASSIGNED_CONTEXT((#8189,#8190,#8191)) REPRESENTATION_CONTEXT
('Context #1','3D Context with UNIT and UNCERTAINTY') );
#8189 = ( LENGTH_UNIT() NAMED_UNIT(*) SI_UNIT(.MILLI.,.METRE.) );
#8190 = ( NAMED_UNIT(*) PLANE_ANGLE_UNIT() SI_UNIT($,.RADIAN.) );
#8191 = ( NAMED_UNIT(*) SI_UNIT($,.STERADIAN.) SOLID_ANGLE_UNIT() );
#8192 = UNCERTAINTY_MEASURE_WITH_UNIT(LENGTH_MEASURE(1.E-07),#8189,
  'distance_accuracy_value','confusion accuracy');
#8193 = CONTEXT_DEPENDENT_SHAPE_REPRESENTATION(#8194,#8196);
#8194 = ( REPRESENTATION_RELATIONSHIP('','',#829,#806) 
REPRESENTATION_RELATIONSHIP_WITH_TRANSFORMATION(#8195) 
SHAPE_REPRESENTATION_RELATIONSHIP() );
#8195 = ITEM_DEFINED_TRANSFORMATION('','',#11,#807);
#8196 = PRODUCT_DEFINITION_SHAPE('Placement','Placement of an item',
  #8197);
#8197 = NEXT_ASSEMBLY_USAGE_OCCURRENCE('6','DF13A-2P-1.25HÈª','',
  #801,#824,$);
#8198 = PRODUCT_RELATED_PRODUCT_CATEGORY('part',$,(#826));
#8199 = SHAPE_DEFINITION_REPRESENTATION(#8200,#8206);
#8200 = PRODUCT_DEFINITION_SHAPE('','',#8201);
#8201 = PRODUCT_DEFINITION('design','',#8202,#8205);
#8202 = PRODUCT_DEFINITION_FORMATION('','',#8203);
#8203 = PRODUCT('left-panel_PCB','left-panel_PCB','',(#8204));
#8204 = PRODUCT_CONTEXT('',#2,'mechanical');
#8205 = PRODUCT_DEFINITION_CONTEXT('part definition',#2,'design');
#8206 = ADVANCED_BREP_SHAPE_REPRESENTATION('',(#11,#8207),#8825);
#8207 = MANIFOLD_SOLID_BREP('',#8208);
#8208 = CLOSED_SHELL('',(#8209,#8249,#8280,#8311,#8460,#8609,#8621,#8638
    ,#8655,#8672,#8689,#8706,#8723,#8740,#8757,#8774,#8791,#8808));
#8209 = ADVANCED_FACE('',(#8210),#8244,.T.);
#8210 = FACE_BOUND('',#8211,.T.);
#8211 = EDGE_LOOP('',(#8212,#8222,#8230,#8238));
#8212 = ORIENTED_EDGE('',*,*,#8213,.T.);
#8213 = EDGE_CURVE('',#8214,#8216,#8218,.T.);
#8214 = VERTEX_POINT('',#8215);
#8215 = CARTESIAN_POINT('',(838.95,-305.4,0.));
#8216 = VERTEX_POINT('',#8217);
#8217 = CARTESIAN_POINT('',(838.95,-305.4,1.51));
#8218 = LINE('',#8219,#8220);
#8219 = CARTESIAN_POINT('',(838.95,-305.4,0.));
#8220 = VECTOR('',#8221,1.);
#8221 = DIRECTION('',(0.,0.,1.));
#8222 = ORIENTED_EDGE('',*,*,#8223,.T.);
#8223 = EDGE_CURVE('',#8216,#8224,#8226,.T.);
#8224 = VERTEX_POINT('',#8225);
#8225 = CARTESIAN_POINT('',(753.95,-305.4,1.51));
#8226 = LINE('',#8227,#8228);
#8227 = CARTESIAN_POINT('',(838.95,-305.4,1.51));
#8228 = VECTOR('',#8229,1.);
#8229 = DIRECTION('',(-1.,0.,0.));
#8230 = ORIENTED_EDGE('',*,*,#8231,.F.);
#8231 = EDGE_CURVE('',#8232,#8224,#8234,.T.);
#8232 = VERTEX_POINT('',#8233);
#8233 = CARTESIAN_POINT('',(753.95,-305.4,0.));
#8234 = LINE('',#8235,#8236);
#8235 = CARTESIAN_POINT('',(753.95,-305.4,0.));
#8236 = VECTOR('',#8237,1.);
#8237 = DIRECTION('',(0.,0.,1.));
#8238 = ORIENTED_EDGE('',*,*,#8239,.F.);
#8239 = EDGE_CURVE('',#8214,#8232,#8240,.T.);
#8240 = LINE('',#8241,#8242);
#8241 = CARTESIAN_POINT('',(838.95,-305.4,0.));
#8242 = VECTOR('',#8243,1.);
#8243 = DIRECTION('',(-1.,0.,0.));
#8244 = PLANE('',#8245);
#8245 = AXIS2_PLACEMENT_3D('',#8246,#8247,#8248);
#8246 = CARTESIAN_POINT('',(838.95,-305.4,0.));
#8247 = DIRECTION('',(0.,-1.,0.));
#8248 = DIRECTION('',(-1.,0.,0.));
#8249 = ADVANCED_FACE('',(#8250),#8275,.T.);
#8250 = FACE_BOUND('',#8251,.T.);
#8251 = EDGE_LOOP('',(#8252,#8262,#8268,#8269));
#8252 = ORIENTED_EDGE('',*,*,#8253,.T.);
#8253 = EDGE_CURVE('',#8254,#8256,#8258,.T.);
#8254 = VERTEX_POINT('',#8255);
#8255 = CARTESIAN_POINT('',(838.95,-35.4,0.));
#8256 = VERTEX_POINT('',#8257);
#8257 = CARTESIAN_POINT('',(838.95,-35.4,1.51));
#8258 = LINE('',#8259,#8260);
#8259 = CARTESIAN_POINT('',(838.95,-35.4,0.));
#8260 = VECTOR('',#8261,1.);
#8261 = DIRECTION('',(0.,0.,1.));
#8262 = ORIENTED_EDGE('',*,*,#8263,.T.);
#8263 = EDGE_CURVE('',#8256,#8216,#8264,.T.);
#8264 = LINE('',#8265,#8266);
#8265 = CARTESIAN_POINT('',(838.95,-35.4,1.51));
#8266 = VECTOR('',#8267,1.);
#8267 = DIRECTION('',(0.,-1.,0.));
#8268 = ORIENTED_EDGE('',*,*,#8213,.F.);
#8269 = ORIENTED_EDGE('',*,*,#8270,.F.);
#8270 = EDGE_CURVE('',#8254,#8214,#8271,.T.);
#8271 = LINE('',#8272,#8273);
#8272 = CARTESIAN_POINT('',(838.95,-35.4,0.));
#8273 = VECTOR('',#8274,1.);
#8274 = DIRECTION('',(0.,-1.,0.));
#8275 = PLANE('',#8276);
#8276 = AXIS2_PLACEMENT_3D('',#8277,#8278,#8279);
#8277 = CARTESIAN_POINT('',(838.95,-35.4,0.));
#8278 = DIRECTION('',(1.,0.,-0.));
#8279 = DIRECTION('',(0.,-1.,0.));
#8280 = ADVANCED_FACE('',(#8281),#8306,.T.);
#8281 = FACE_BOUND('',#8282,.T.);
#8282 = EDGE_LOOP('',(#8283,#8284,#8292,#8300));
#8283 = ORIENTED_EDGE('',*,*,#8231,.T.);
#8284 = ORIENTED_EDGE('',*,*,#8285,.T.);
#8285 = EDGE_CURVE('',#8224,#8286,#8288,.T.);
#8286 = VERTEX_POINT('',#8287);
#8287 = CARTESIAN_POINT('',(753.95,-35.4,1.51));
#8288 = LINE('',#8289,#8290);
#8289 = CARTESIAN_POINT('',(753.95,-305.4,1.51));
#8290 = VECTOR('',#8291,1.);
#8291 = DIRECTION('',(0.,1.,0.));
#8292 = ORIENTED_EDGE('',*,*,#8293,.F.);
#8293 = EDGE_CURVE('',#8294,#8286,#8296,.T.);
#8294 = VERTEX_POINT('',#8295);
#8295 = CARTESIAN_POINT('',(753.95,-35.4,0.));
#8296 = LINE('',#8297,#8298);
#8297 = CARTESIAN_POINT('',(753.95,-35.4,0.));
#8298 = VECTOR('',#8299,1.);
#8299 = DIRECTION('',(0.,0.,1.));
#8300 = ORIENTED_EDGE('',*,*,#8301,.F.);
#8301 = EDGE_CURVE('',#8232,#8294,#8302,.T.);
#8302 = LINE('',#8303,#8304);
#8303 = CARTESIAN_POINT('',(753.95,-305.4,0.));
#8304 = VECTOR('',#8305,1.);
#8305 = DIRECTION('',(0.,1.,0.));
#8306 = PLANE('',#8307);
#8307 = AXIS2_PLACEMENT_3D('',#8308,#8309,#8310);
#8308 = CARTESIAN_POINT('',(753.95,-305.4,0.));
#8309 = DIRECTION('',(-1.,0.,0.));
#8310 = DIRECTION('',(0.,1.,0.));
#8311 = ADVANCED_FACE('',(#8312,#8323,#8334,#8345,#8356,#8367,#8378,
    #8389,#8400,#8411,#8422,#8433,#8444),#8455,.F.);
#8312 = FACE_BOUND('',#8313,.F.);
#8313 = EDGE_LOOP('',(#8314,#8315,#8316,#8322));
#8314 = ORIENTED_EDGE('',*,*,#8239,.F.);
#8315 = ORIENTED_EDGE('',*,*,#8270,.F.);
#8316 = ORIENTED_EDGE('',*,*,#8317,.F.);
#8317 = EDGE_CURVE('',#8294,#8254,#8318,.T.);
#8318 = LINE('',#8319,#8320);
#8319 = CARTESIAN_POINT('',(753.95,-35.4,0.));
#8320 = VECTOR('',#8321,1.);
#8321 = DIRECTION('',(1.,0.,0.));
#8322 = ORIENTED_EDGE('',*,*,#8301,.F.);
#8323 = FACE_BOUND('',#8324,.F.);
#8324 = EDGE_LOOP('',(#8325));
#8325 = ORIENTED_EDGE('',*,*,#8326,.F.);
#8326 = EDGE_CURVE('',#8327,#8327,#8329,.T.);
#8327 = VERTEX_POINT('',#8328);
#8328 = CARTESIAN_POINT('',(762.95,-243.9,0.));
#8329 = CIRCLE('',#8330,1.);
#8330 = AXIS2_PLACEMENT_3D('',#8331,#8332,#8333);
#8331 = CARTESIAN_POINT('',(761.95,-243.9,0.));
#8332 = DIRECTION('',(0.,0.,1.));
#8333 = DIRECTION('',(1.,0.,-0.));
#8334 = FACE_BOUND('',#8335,.F.);
#8335 = EDGE_LOOP('',(#8336));
#8336 = ORIENTED_EDGE('',*,*,#8337,.F.);
#8337 = EDGE_CURVE('',#8338,#8338,#8340,.T.);
#8338 = VERTEX_POINT('',#8339);
#8339 = CARTESIAN_POINT('',(770.95,-243.9,0.));
#8340 = CIRCLE('',#8341,1.);
#8341 = AXIS2_PLACEMENT_3D('',#8342,#8343,#8344);
#8342 = CARTESIAN_POINT('',(769.95,-243.9,0.));
#8343 = DIRECTION('',(0.,0.,1.));
#8344 = DIRECTION('',(1.,0.,-0.));
#8345 = FACE_BOUND('',#8346,.F.);
#8346 = EDGE_LOOP('',(#8347));
#8347 = ORIENTED_EDGE('',*,*,#8348,.T.);
#8348 = EDGE_CURVE('',#8349,#8349,#8351,.T.);
#8349 = VERTEX_POINT('',#8350);
#8350 = CARTESIAN_POINT('',(822.182238,-249.249219,0.));
#8351 = CIRCLE('',#8352,1.35);
#8352 = AXIS2_PLACEMENT_3D('',#8353,#8354,#8355);
#8353 = CARTESIAN_POINT('',(822.182238,-247.899219,0.));
#8354 = DIRECTION('',(-0.,0.,-1.));
#8355 = DIRECTION('',(-0.,-1.,0.));
#8356 = FACE_BOUND('',#8357,.F.);
#8357 = EDGE_LOOP('',(#8358));
#8358 = ORIENTED_EDGE('',*,*,#8359,.T.);
#8359 = EDGE_CURVE('',#8360,#8360,#8362,.T.);
#8360 = VERTEX_POINT('',#8361);
#8361 = CARTESIAN_POINT('',(822.175686,-239.705633,0.));
#8362 = CIRCLE('',#8363,1.35);
#8363 = AXIS2_PLACEMENT_3D('',#8364,#8365,#8366);
#8364 = CARTESIAN_POINT('',(822.175686,-238.355633,0.));
#8365 = DIRECTION('',(-0.,0.,-1.));
#8366 = DIRECTION('',(-0.,-1.,0.));
#8367 = FACE_BOUND('',#8368,.F.);
#8368 = EDGE_LOOP('',(#8369));
#8369 = ORIENTED_EDGE('',*,*,#8370,.T.);
#8370 = EDGE_CURVE('',#8371,#8371,#8373,.T.);
#8371 = VERTEX_POINT('',#8372);
#8372 = CARTESIAN_POINT('',(832.225982,-249.22505,0.));
#8373 = CIRCLE('',#8374,1.35);
#8374 = AXIS2_PLACEMENT_3D('',#8375,#8376,#8377);
#8375 = CARTESIAN_POINT('',(832.225982,-247.87505,0.));
#8376 = DIRECTION('',(-0.,0.,-1.));
#8377 = DIRECTION('',(8.421247238638E-14,-1.,-0.));
#8378 = FACE_BOUND('',#8379,.F.);
#8379 = EDGE_LOOP('',(#8380));
#8380 = ORIENTED_EDGE('',*,*,#8381,.T.);
#8381 = EDGE_CURVE('',#8382,#8382,#8384,.T.);
#8382 = VERTEX_POINT('',#8383);
#8383 = CARTESIAN_POINT('',(832.187269,-229.74481,0.));
#8384 = CIRCLE('',#8385,1.35);
#8385 = AXIS2_PLACEMENT_3D('',#8386,#8387,#8388);
#8386 = CARTESIAN_POINT('',(832.187269,-228.39481,0.));
#8387 = DIRECTION('',(-0.,0.,-1.));
#8388 = DIRECTION('',(-0.,-1.,0.));
#8389 = FACE_BOUND('',#8390,.F.);
#8390 = EDGE_LOOP('',(#8391));
#8391 = ORIENTED_EDGE('',*,*,#8392,.F.);
#8392 = EDGE_CURVE('',#8393,#8393,#8395,.T.);
#8393 = VERTEX_POINT('',#8394);
#8394 = CARTESIAN_POINT('',(762.95,-90.9,0.));
#8395 = CIRCLE('',#8396,1.);
#8396 = AXIS2_PLACEMENT_3D('',#8397,#8398,#8399);
#8397 = CARTESIAN_POINT('',(761.95,-90.9,0.));
#8398 = DIRECTION('',(0.,0.,1.));
#8399 = DIRECTION('',(1.,0.,-0.));
#8400 = FACE_BOUND('',#8401,.F.);
#8401 = EDGE_LOOP('',(#8402));
#8402 = ORIENTED_EDGE('',*,*,#8403,.F.);
#8403 = EDGE_CURVE('',#8404,#8404,#8406,.T.);
#8404 = VERTEX_POINT('',#8405);
#8405 = CARTESIAN_POINT('',(770.95,-90.9,0.));
#8406 = CIRCLE('',#8407,1.);
#8407 = AXIS2_PLACEMENT_3D('',#8408,#8409,#8410);
#8408 = CARTESIAN_POINT('',(769.95,-90.9,0.));
#8409 = DIRECTION('',(0.,0.,1.));
#8410 = DIRECTION('',(1.,0.,-0.));
#8411 = FACE_BOUND('',#8412,.F.);
#8412 = EDGE_LOOP('',(#8413));
#8413 = ORIENTED_EDGE('',*,*,#8414,.T.);
#8414 = EDGE_CURVE('',#8415,#8415,#8417,.T.);
#8415 = VERTEX_POINT('',#8416);
#8416 = CARTESIAN_POINT('',(822.175863,-101.239019,0.));
#8417 = CIRCLE('',#8418,1.35);
#8418 = AXIS2_PLACEMENT_3D('',#8419,#8420,#8421);
#8419 = CARTESIAN_POINT('',(822.175863,-99.889019,0.));
#8420 = DIRECTION('',(-0.,0.,-1.));
#8421 = DIRECTION('',(8.421247238638E-14,-1.,-0.));
#8422 = FACE_BOUND('',#8423,.F.);
#8423 = EDGE_LOOP('',(#8424));
#8424 = ORIENTED_EDGE('',*,*,#8425,.T.);
#8425 = EDGE_CURVE('',#8426,#8426,#8428,.T.);
#8426 = VERTEX_POINT('',#8427);
#8427 = CARTESIAN_POINT('',(822.186445,-91.694174,0.));
#8428 = CIRCLE('',#8429,1.35);
#8429 = AXIS2_PLACEMENT_3D('',#8430,#8431,#8432);
#8430 = CARTESIAN_POINT('',(822.186445,-90.344174,0.));
#8431 = DIRECTION('',(-0.,0.,-1.));
#8432 = DIRECTION('',(-0.,-1.,0.));
#8433 = FACE_BOUND('',#8434,.F.);
#8434 = EDGE_LOOP('',(#8435));
#8435 = ORIENTED_EDGE('',*,*,#8436,.T.);
#8436 = EDGE_CURVE('',#8437,#8437,#8439,.T.);
#8437 = VERTEX_POINT('',#8438);
#8438 = CARTESIAN_POINT('',(832.193925,-101.254828,0.));
#8439 = CIRCLE('',#8440,1.35);
#8440 = AXIS2_PLACEMENT_3D('',#8441,#8442,#8443);
#8441 = CARTESIAN_POINT('',(832.193925,-99.904828,0.));
#8442 = DIRECTION('',(-0.,0.,-1.));
#8443 = DIRECTION('',(-0.,-1.,0.));
#8444 = FACE_BOUND('',#8445,.F.);
#8445 = EDGE_LOOP('',(#8446));
#8446 = ORIENTED_EDGE('',*,*,#8447,.T.);
#8447 = EDGE_CURVE('',#8448,#8448,#8450,.T.);
#8448 = VERTEX_POINT('',#8449);
#8449 = CARTESIAN_POINT('',(832.1926,-81.732494,0.));
#8450 = CIRCLE('',#8451,1.35);
#8451 = AXIS2_PLACEMENT_3D('',#8452,#8453,#8454);
#8452 = CARTESIAN_POINT('',(832.1926,-80.382494,0.));
#8453 = DIRECTION('',(-0.,0.,-1.));
#8454 = DIRECTION('',(-0.,-1.,0.));
#8455 = PLANE('',#8456);
#8456 = AXIS2_PLACEMENT_3D('',#8457,#8458,#8459);
#8457 = CARTESIAN_POINT('',(0.,0.,0.));
#8458 = DIRECTION('',(0.,0.,1.));
#8459 = DIRECTION('',(1.,0.,-0.));
#8460 = ADVANCED_FACE('',(#8461,#8472,#8483,#8494,#8505,#8516,#8527,
    #8538,#8549,#8560,#8571,#8582,#8593),#8604,.T.);
#8461 = FACE_BOUND('',#8462,.T.);
#8462 = EDGE_LOOP('',(#8463,#8464,#8465,#8471));
#8463 = ORIENTED_EDGE('',*,*,#8223,.F.);
#8464 = ORIENTED_EDGE('',*,*,#8263,.F.);
#8465 = ORIENTED_EDGE('',*,*,#8466,.F.);
#8466 = EDGE_CURVE('',#8286,#8256,#8467,.T.);
#8467 = LINE('',#8468,#8469);
#8468 = CARTESIAN_POINT('',(753.95,-35.4,1.51));
#8469 = VECTOR('',#8470,1.);
#8470 = DIRECTION('',(1.,0.,0.));
#8471 = ORIENTED_EDGE('',*,*,#8285,.F.);
#8472 = FACE_BOUND('',#8473,.T.);
#8473 = EDGE_LOOP('',(#8474));
#8474 = ORIENTED_EDGE('',*,*,#8475,.F.);
#8475 = EDGE_CURVE('',#8476,#8476,#8478,.T.);
#8476 = VERTEX_POINT('',#8477);
#8477 = CARTESIAN_POINT('',(762.95,-243.9,1.51));
#8478 = CIRCLE('',#8479,1.);
#8479 = AXIS2_PLACEMENT_3D('',#8480,#8481,#8482);
#8480 = CARTESIAN_POINT('',(761.95,-243.9,1.51));
#8481 = DIRECTION('',(0.,0.,1.));
#8482 = DIRECTION('',(1.,0.,-0.));
#8483 = FACE_BOUND('',#8484,.T.);
#8484 = EDGE_LOOP('',(#8485));
#8485 = ORIENTED_EDGE('',*,*,#8486,.F.);
#8486 = EDGE_CURVE('',#8487,#8487,#8489,.T.);
#8487 = VERTEX_POINT('',#8488);
#8488 = CARTESIAN_POINT('',(770.95,-243.9,1.51));
#8489 = CIRCLE('',#8490,1.);
#8490 = AXIS2_PLACEMENT_3D('',#8491,#8492,#8493);
#8491 = CARTESIAN_POINT('',(769.95,-243.9,1.51));
#8492 = DIRECTION('',(0.,0.,1.));
#8493 = DIRECTION('',(1.,0.,-0.));
#8494 = FACE_BOUND('',#8495,.T.);
#8495 = EDGE_LOOP('',(#8496));
#8496 = ORIENTED_EDGE('',*,*,#8497,.T.);
#8497 = EDGE_CURVE('',#8498,#8498,#8500,.T.);
#8498 = VERTEX_POINT('',#8499);
#8499 = CARTESIAN_POINT('',(822.182238,-249.249219,1.51));
#8500 = CIRCLE('',#8501,1.35);
#8501 = AXIS2_PLACEMENT_3D('',#8502,#8503,#8504);
#8502 = CARTESIAN_POINT('',(822.182238,-247.899219,1.51));
#8503 = DIRECTION('',(-0.,0.,-1.));
#8504 = DIRECTION('',(-0.,-1.,0.));
#8505 = FACE_BOUND('',#8506,.T.);
#8506 = EDGE_LOOP('',(#8507));
#8507 = ORIENTED_EDGE('',*,*,#8508,.T.);
#8508 = EDGE_CURVE('',#8509,#8509,#8511,.T.);
#8509 = VERTEX_POINT('',#8510);
#8510 = CARTESIAN_POINT('',(822.175686,-239.705633,1.51));
#8511 = CIRCLE('',#8512,1.35);
#8512 = AXIS2_PLACEMENT_3D('',#8513,#8514,#8515);
#8513 = CARTESIAN_POINT('',(822.175686,-238.355633,1.51));
#8514 = DIRECTION('',(-0.,0.,-1.));
#8515 = DIRECTION('',(-0.,-1.,0.));
#8516 = FACE_BOUND('',#8517,.T.);
#8517 = EDGE_LOOP('',(#8518));
#8518 = ORIENTED_EDGE('',*,*,#8519,.T.);
#8519 = EDGE_CURVE('',#8520,#8520,#8522,.T.);
#8520 = VERTEX_POINT('',#8521);
#8521 = CARTESIAN_POINT('',(832.225982,-249.22505,1.51));
#8522 = CIRCLE('',#8523,1.35);
#8523 = AXIS2_PLACEMENT_3D('',#8524,#8525,#8526);
#8524 = CARTESIAN_POINT('',(832.225982,-247.87505,1.51));
#8525 = DIRECTION('',(-0.,0.,-1.));
#8526 = DIRECTION('',(8.421247238638E-14,-1.,-0.));
#8527 = FACE_BOUND('',#8528,.T.);
#8528 = EDGE_LOOP('',(#8529));
#8529 = ORIENTED_EDGE('',*,*,#8530,.T.);
#8530 = EDGE_CURVE('',#8531,#8531,#8533,.T.);
#8531 = VERTEX_POINT('',#8532);
#8532 = CARTESIAN_POINT('',(832.187269,-229.74481,1.51));
#8533 = CIRCLE('',#8534,1.35);
#8534 = AXIS2_PLACEMENT_3D('',#8535,#8536,#8537);
#8535 = CARTESIAN_POINT('',(832.187269,-228.39481,1.51));
#8536 = DIRECTION('',(-0.,0.,-1.));
#8537 = DIRECTION('',(-0.,-1.,0.));
#8538 = FACE_BOUND('',#8539,.T.);
#8539 = EDGE_LOOP('',(#8540));
#8540 = ORIENTED_EDGE('',*,*,#8541,.F.);
#8541 = EDGE_CURVE('',#8542,#8542,#8544,.T.);
#8542 = VERTEX_POINT('',#8543);
#8543 = CARTESIAN_POINT('',(762.95,-90.9,1.51));
#8544 = CIRCLE('',#8545,1.);
#8545 = AXIS2_PLACEMENT_3D('',#8546,#8547,#8548);
#8546 = CARTESIAN_POINT('',(761.95,-90.9,1.51));
#8547 = DIRECTION('',(0.,0.,1.));
#8548 = DIRECTION('',(1.,0.,-0.));
#8549 = FACE_BOUND('',#8550,.T.);
#8550 = EDGE_LOOP('',(#8551));
#8551 = ORIENTED_EDGE('',*,*,#8552,.F.);
#8552 = EDGE_CURVE('',#8553,#8553,#8555,.T.);
#8553 = VERTEX_POINT('',#8554);
#8554 = CARTESIAN_POINT('',(770.95,-90.9,1.51));
#8555 = CIRCLE('',#8556,1.);
#8556 = AXIS2_PLACEMENT_3D('',#8557,#8558,#8559);
#8557 = CARTESIAN_POINT('',(769.95,-90.9,1.51));
#8558 = DIRECTION('',(0.,0.,1.));
#8559 = DIRECTION('',(1.,0.,-0.));
#8560 = FACE_BOUND('',#8561,.T.);
#8561 = EDGE_LOOP('',(#8562));
#8562 = ORIENTED_EDGE('',*,*,#8563,.T.);
#8563 = EDGE_CURVE('',#8564,#8564,#8566,.T.);
#8564 = VERTEX_POINT('',#8565);
#8565 = CARTESIAN_POINT('',(822.175863,-101.239019,1.51));
#8566 = CIRCLE('',#8567,1.35);
#8567 = AXIS2_PLACEMENT_3D('',#8568,#8569,#8570);
#8568 = CARTESIAN_POINT('',(822.175863,-99.889019,1.51));
#8569 = DIRECTION('',(-0.,0.,-1.));
#8570 = DIRECTION('',(8.421247238638E-14,-1.,-0.));
#8571 = FACE_BOUND('',#8572,.T.);
#8572 = EDGE_LOOP('',(#8573));
#8573 = ORIENTED_EDGE('',*,*,#8574,.T.);
#8574 = EDGE_CURVE('',#8575,#8575,#8577,.T.);
#8575 = VERTEX_POINT('',#8576);
#8576 = CARTESIAN_POINT('',(822.186445,-91.694174,1.51));
#8577 = CIRCLE('',#8578,1.35);
#8578 = AXIS2_PLACEMENT_3D('',#8579,#8580,#8581);
#8579 = CARTESIAN_POINT('',(822.186445,-90.344174,1.51));
#8580 = DIRECTION('',(-0.,0.,-1.));
#8581 = DIRECTION('',(-0.,-1.,0.));
#8582 = FACE_BOUND('',#8583,.T.);
#8583 = EDGE_LOOP('',(#8584));
#8584 = ORIENTED_EDGE('',*,*,#8585,.T.);
#8585 = EDGE_CURVE('',#8586,#8586,#8588,.T.);
#8586 = VERTEX_POINT('',#8587);
#8587 = CARTESIAN_POINT('',(832.193925,-101.254828,1.51));
#8588 = CIRCLE('',#8589,1.35);
#8589 = AXIS2_PLACEMENT_3D('',#8590,#8591,#8592);
#8590 = CARTESIAN_POINT('',(832.193925,-99.904828,1.51));
#8591 = DIRECTION('',(-0.,0.,-1.));
#8592 = DIRECTION('',(-0.,-1.,0.));
#8593 = FACE_BOUND('',#8594,.T.);
#8594 = EDGE_LOOP('',(#8595));
#8595 = ORIENTED_EDGE('',*,*,#8596,.T.);
#8596 = EDGE_CURVE('',#8597,#8597,#8599,.T.);
#8597 = VERTEX_POINT('',#8598);
#8598 = CARTESIAN_POINT('',(832.1926,-81.732494,1.51));
#8599 = CIRCLE('',#8600,1.35);
#8600 = AXIS2_PLACEMENT_3D('',#8601,#8602,#8603);
#8601 = CARTESIAN_POINT('',(832.1926,-80.382494,1.51));
#8602 = DIRECTION('',(-0.,0.,-1.));
#8603 = DIRECTION('',(-0.,-1.,0.));
#8604 = PLANE('',#8605);
#8605 = AXIS2_PLACEMENT_3D('',#8606,#8607,#8608);
#8606 = CARTESIAN_POINT('',(0.,0.,1.51));
#8607 = DIRECTION('',(0.,0.,1.));
#8608 = DIRECTION('',(1.,0.,-0.));
#8609 = ADVANCED_FACE('',(#8610),#8616,.T.);
#8610 = FACE_BOUND('',#8611,.T.);
#8611 = EDGE_LOOP('',(#8612,#8613,#8614,#8615));
#8612 = ORIENTED_EDGE('',*,*,#8293,.T.);
#8613 = ORIENTED_EDGE('',*,*,#8466,.T.);
#8614 = ORIENTED_EDGE('',*,*,#8253,.F.);
#8615 = ORIENTED_EDGE('',*,*,#8317,.F.);
#8616 = PLANE('',#8617);
#8617 = AXIS2_PLACEMENT_3D('',#8618,#8619,#8620);
#8618 = CARTESIAN_POINT('',(753.95,-35.4,0.));
#8619 = DIRECTION('',(0.,1.,0.));
#8620 = DIRECTION('',(1.,0.,0.));
#8621 = ADVANCED_FACE('',(#8622),#8633,.F.);
#8622 = FACE_BOUND('',#8623,.T.);
#8623 = EDGE_LOOP('',(#8624,#8630,#8631,#8632));
#8624 = ORIENTED_EDGE('',*,*,#8625,.T.);
#8625 = EDGE_CURVE('',#8327,#8476,#8626,.T.);
#8626 = LINE('',#8627,#8628);
#8627 = CARTESIAN_POINT('',(762.95,-243.9,0.));
#8628 = VECTOR('',#8629,1.);
#8629 = DIRECTION('',(0.,0.,1.));
#8630 = ORIENTED_EDGE('',*,*,#8475,.T.);
#8631 = ORIENTED_EDGE('',*,*,#8625,.F.);
#8632 = ORIENTED_EDGE('',*,*,#8326,.F.);
#8633 = CYLINDRICAL_SURFACE('',#8634,1.);
#8634 = AXIS2_PLACEMENT_3D('',#8635,#8636,#8637);
#8635 = CARTESIAN_POINT('',(761.95,-243.9,0.));
#8636 = DIRECTION('',(-0.,-0.,-1.));
#8637 = DIRECTION('',(1.,0.,-0.));
#8638 = ADVANCED_FACE('',(#8639),#8650,.F.);
#8639 = FACE_BOUND('',#8640,.T.);
#8640 = EDGE_LOOP('',(#8641,#8647,#8648,#8649));
#8641 = ORIENTED_EDGE('',*,*,#8642,.T.);
#8642 = EDGE_CURVE('',#8338,#8487,#8643,.T.);
#8643 = LINE('',#8644,#8645);
#8644 = CARTESIAN_POINT('',(770.95,-243.9,0.));
#8645 = VECTOR('',#8646,1.);
#8646 = DIRECTION('',(0.,0.,1.));
#8647 = ORIENTED_EDGE('',*,*,#8486,.T.);
#8648 = ORIENTED_EDGE('',*,*,#8642,.F.);
#8649 = ORIENTED_EDGE('',*,*,#8337,.F.);
#8650 = CYLINDRICAL_SURFACE('',#8651,1.);
#8651 = AXIS2_PLACEMENT_3D('',#8652,#8653,#8654);
#8652 = CARTESIAN_POINT('',(769.95,-243.9,0.));
#8653 = DIRECTION('',(-0.,-0.,-1.));
#8654 = DIRECTION('',(1.,0.,-0.));
#8655 = ADVANCED_FACE('',(#8656),#8667,.F.);
#8656 = FACE_BOUND('',#8657,.T.);
#8657 = EDGE_LOOP('',(#8658,#8659,#8665,#8666));
#8658 = ORIENTED_EDGE('',*,*,#8348,.T.);
#8659 = ORIENTED_EDGE('',*,*,#8660,.T.);
#8660 = EDGE_CURVE('',#8349,#8498,#8661,.T.);
#8661 = LINE('',#8662,#8663);
#8662 = CARTESIAN_POINT('',(822.182238,-249.249219,-4.6E-02));
#8663 = VECTOR('',#8664,1.);
#8664 = DIRECTION('',(0.,0.,1.));
#8665 = ORIENTED_EDGE('',*,*,#8497,.F.);
#8666 = ORIENTED_EDGE('',*,*,#8660,.F.);
#8667 = CYLINDRICAL_SURFACE('',#8668,1.35);
#8668 = AXIS2_PLACEMENT_3D('',#8669,#8670,#8671);
#8669 = CARTESIAN_POINT('',(822.182238,-247.899219,-4.6E-02));
#8670 = DIRECTION('',(-0.,-0.,-1.));
#8671 = DIRECTION('',(-0.,-1.,0.));
#8672 = ADVANCED_FACE('',(#8673),#8684,.F.);
#8673 = FACE_BOUND('',#8674,.T.);
#8674 = EDGE_LOOP('',(#8675,#8676,#8682,#8683));
#8675 = ORIENTED_EDGE('',*,*,#8359,.T.);
#8676 = ORIENTED_EDGE('',*,*,#8677,.T.);
#8677 = EDGE_CURVE('',#8360,#8509,#8678,.T.);
#8678 = LINE('',#8679,#8680);
#8679 = CARTESIAN_POINT('',(822.175686,-239.705633,-4.6E-02));
#8680 = VECTOR('',#8681,1.);
#8681 = DIRECTION('',(0.,0.,1.));
#8682 = ORIENTED_EDGE('',*,*,#8508,.F.);
#8683 = ORIENTED_EDGE('',*,*,#8677,.F.);
#8684 = CYLINDRICAL_SURFACE('',#8685,1.35);
#8685 = AXIS2_PLACEMENT_3D('',#8686,#8687,#8688);
#8686 = CARTESIAN_POINT('',(822.175686,-238.355633,-4.6E-02));
#8687 = DIRECTION('',(-0.,-0.,-1.));
#8688 = DIRECTION('',(-0.,-1.,0.));
#8689 = ADVANCED_FACE('',(#8690),#8701,.F.);
#8690 = FACE_BOUND('',#8691,.T.);
#8691 = EDGE_LOOP('',(#8692,#8693,#8699,#8700));
#8692 = ORIENTED_EDGE('',*,*,#8370,.T.);
#8693 = ORIENTED_EDGE('',*,*,#8694,.T.);
#8694 = EDGE_CURVE('',#8371,#8520,#8695,.T.);
#8695 = LINE('',#8696,#8697);
#8696 = CARTESIAN_POINT('',(832.225982,-249.22505,-4.6E-02));
#8697 = VECTOR('',#8698,1.);
#8698 = DIRECTION('',(0.,0.,1.));
#8699 = ORIENTED_EDGE('',*,*,#8519,.F.);
#8700 = ORIENTED_EDGE('',*,*,#8694,.F.);
#8701 = CYLINDRICAL_SURFACE('',#8702,1.35);
#8702 = AXIS2_PLACEMENT_3D('',#8703,#8704,#8705);
#8703 = CARTESIAN_POINT('',(832.225982,-247.87505,-4.6E-02));
#8704 = DIRECTION('',(-0.,0.,-1.));
#8705 = DIRECTION('',(8.421247238638E-14,-1.,-0.));
#8706 = ADVANCED_FACE('',(#8707),#8718,.F.);
#8707 = FACE_BOUND('',#8708,.T.);
#8708 = EDGE_LOOP('',(#8709,#8710,#8716,#8717));
#8709 = ORIENTED_EDGE('',*,*,#8381,.T.);
#8710 = ORIENTED_EDGE('',*,*,#8711,.T.);
#8711 = EDGE_CURVE('',#8382,#8531,#8712,.T.);
#8712 = LINE('',#8713,#8714);
#8713 = CARTESIAN_POINT('',(832.187269,-229.74481,-4.6E-02));
#8714 = VECTOR('',#8715,1.);
#8715 = DIRECTION('',(0.,0.,1.));
#8716 = ORIENTED_EDGE('',*,*,#8530,.F.);
#8717 = ORIENTED_EDGE('',*,*,#8711,.F.);
#8718 = CYLINDRICAL_SURFACE('',#8719,1.35);
#8719 = AXIS2_PLACEMENT_3D('',#8720,#8721,#8722);
#8720 = CARTESIAN_POINT('',(832.187269,-228.39481,-4.6E-02));
#8721 = DIRECTION('',(-0.,-0.,-1.));
#8722 = DIRECTION('',(-0.,-1.,0.));
#8723 = ADVANCED_FACE('',(#8724),#8735,.F.);
#8724 = FACE_BOUND('',#8725,.T.);
#8725 = EDGE_LOOP('',(#8726,#8732,#8733,#8734));
#8726 = ORIENTED_EDGE('',*,*,#8727,.T.);
#8727 = EDGE_CURVE('',#8393,#8542,#8728,.T.);
#8728 = LINE('',#8729,#8730);
#8729 = CARTESIAN_POINT('',(762.95,-90.9,0.));
#8730 = VECTOR('',#8731,1.);
#8731 = DIRECTION('',(0.,0.,1.));
#8732 = ORIENTED_EDGE('',*,*,#8541,.T.);
#8733 = ORIENTED_EDGE('',*,*,#8727,.F.);
#8734 = ORIENTED_EDGE('',*,*,#8392,.F.);
#8735 = CYLINDRICAL_SURFACE('',#8736,1.);
#8736 = AXIS2_PLACEMENT_3D('',#8737,#8738,#8739);
#8737 = CARTESIAN_POINT('',(761.95,-90.9,0.));
#8738 = DIRECTION('',(-0.,-0.,-1.));
#8739 = DIRECTION('',(1.,0.,-0.));
#8740 = ADVANCED_FACE('',(#8741),#8752,.F.);
#8741 = FACE_BOUND('',#8742,.T.);
#8742 = EDGE_LOOP('',(#8743,#8749,#8750,#8751));
#8743 = ORIENTED_EDGE('',*,*,#8744,.T.);
#8744 = EDGE_CURVE('',#8404,#8553,#8745,.T.);
#8745 = LINE('',#8746,#8747);
#8746 = CARTESIAN_POINT('',(770.95,-90.9,0.));
#8747 = VECTOR('',#8748,1.);
#8748 = DIRECTION('',(0.,0.,1.));
#8749 = ORIENTED_EDGE('',*,*,#8552,.T.);
#8750 = ORIENTED_EDGE('',*,*,#8744,.F.);
#8751 = ORIENTED_EDGE('',*,*,#8403,.F.);
#8752 = CYLINDRICAL_SURFACE('',#8753,1.);
#8753 = AXIS2_PLACEMENT_3D('',#8754,#8755,#8756);
#8754 = CARTESIAN_POINT('',(769.95,-90.9,0.));
#8755 = DIRECTION('',(-0.,-0.,-1.));
#8756 = DIRECTION('',(1.,0.,-0.));
#8757 = ADVANCED_FACE('',(#8758),#8769,.F.);
#8758 = FACE_BOUND('',#8759,.T.);
#8759 = EDGE_LOOP('',(#8760,#8761,#8767,#8768));
#8760 = ORIENTED_EDGE('',*,*,#8414,.T.);
#8761 = ORIENTED_EDGE('',*,*,#8762,.T.);
#8762 = EDGE_CURVE('',#8415,#8564,#8763,.T.);
#8763 = LINE('',#8764,#8765);
#8764 = CARTESIAN_POINT('',(822.175863,-101.239019,-4.6E-02));
#8765 = VECTOR('',#8766,1.);
#8766 = DIRECTION('',(0.,0.,1.));
#8767 = ORIENTED_EDGE('',*,*,#8563,.F.);
#8768 = ORIENTED_EDGE('',*,*,#8762,.F.);
#8769 = CYLINDRICAL_SURFACE('',#8770,1.35);
#8770 = AXIS2_PLACEMENT_3D('',#8771,#8772,#8773);
#8771 = CARTESIAN_POINT('',(822.175863,-99.889019,-4.6E-02));
#8772 = DIRECTION('',(-0.,0.,-1.));
#8773 = DIRECTION('',(8.421247238638E-14,-1.,-0.));
#8774 = ADVANCED_FACE('',(#8775),#8786,.F.);
#8775 = FACE_BOUND('',#8776,.T.);
#8776 = EDGE_LOOP('',(#8777,#8778,#8784,#8785));
#8777 = ORIENTED_EDGE('',*,*,#8425,.T.);
#8778 = ORIENTED_EDGE('',*,*,#8779,.T.);
#8779 = EDGE_CURVE('',#8426,#8575,#8780,.T.);
#8780 = LINE('',#8781,#8782);
#8781 = CARTESIAN_POINT('',(822.186445,-91.694174,-4.6E-02));
#8782 = VECTOR('',#8783,1.);
#8783 = DIRECTION('',(0.,0.,1.));
#8784 = ORIENTED_EDGE('',*,*,#8574,.F.);
#8785 = ORIENTED_EDGE('',*,*,#8779,.F.);
#8786 = CYLINDRICAL_SURFACE('',#8787,1.35);
#8787 = AXIS2_PLACEMENT_3D('',#8788,#8789,#8790);
#8788 = CARTESIAN_POINT('',(822.186445,-90.344174,-4.6E-02));
#8789 = DIRECTION('',(-0.,-0.,-1.));
#8790 = DIRECTION('',(-0.,-1.,0.));
#8791 = ADVANCED_FACE('',(#8792),#8803,.F.);
#8792 = FACE_BOUND('',#8793,.T.);
#8793 = EDGE_LOOP('',(#8794,#8795,#8801,#8802));
#8794 = ORIENTED_EDGE('',*,*,#8436,.T.);
#8795 = ORIENTED_EDGE('',*,*,#8796,.T.);
#8796 = EDGE_CURVE('',#8437,#8586,#8797,.T.);
#8797 = LINE('',#8798,#8799);
#8798 = CARTESIAN_POINT('',(832.193925,-101.254828,-4.6E-02));
#8799 = VECTOR('',#8800,1.);
#8800 = DIRECTION('',(0.,0.,1.));
#8801 = ORIENTED_EDGE('',*,*,#8585,.F.);
#8802 = ORIENTED_EDGE('',*,*,#8796,.F.);
#8803 = CYLINDRICAL_SURFACE('',#8804,1.35);
#8804 = AXIS2_PLACEMENT_3D('',#8805,#8806,#8807);
#8805 = CARTESIAN_POINT('',(832.193925,-99.904828,-4.6E-02));
#8806 = DIRECTION('',(-0.,-0.,-1.));
#8807 = DIRECTION('',(-0.,-1.,0.));
#8808 = ADVANCED_FACE('',(#8809),#8820,.F.);
#8809 = FACE_BOUND('',#8810,.T.);
#8810 = EDGE_LOOP('',(#8811,#8812,#8818,#8819));
#8811 = ORIENTED_EDGE('',*,*,#8447,.T.);
#8812 = ORIENTED_EDGE('',*,*,#8813,.T.);
#8813 = EDGE_CURVE('',#8448,#8597,#8814,.T.);
#8814 = LINE('',#8815,#8816);
#8815 = CARTESIAN_POINT('',(832.1926,-81.732494,-4.6E-02));
#8816 = VECTOR('',#8817,1.);
#8817 = DIRECTION('',(0.,0.,1.));
#8818 = ORIENTED_EDGE('',*,*,#8596,.F.);
#8819 = ORIENTED_EDGE('',*,*,#8813,.F.);
#8820 = CYLINDRICAL_SURFACE('',#8821,1.35);
#8821 = AXIS2_PLACEMENT_3D('',#8822,#8823,#8824);
#8822 = CARTESIAN_POINT('',(832.1926,-80.382494,-4.6E-02));
#8823 = DIRECTION('',(-0.,-0.,-1.));
#8824 = DIRECTION('',(-0.,-1.,0.));
#8825 = ( GEOMETRIC_REPRESENTATION_CONTEXT(3) 
GLOBAL_UNCERTAINTY_ASSIGNED_CONTEXT((#8829)) 
GLOBAL_UNIT_ASSIGNED_CONTEXT((#8826,#8827,#8828)) REPRESENTATION_CONTEXT
('Context #1','3D Context with UNIT and UNCERTAINTY') );
#8826 = ( LENGTH_UNIT() NAMED_UNIT(*) SI_UNIT(.MILLI.,.METRE.) );
#8827 = ( NAMED_UNIT(*) PLANE_ANGLE_UNIT() SI_UNIT($,.RADIAN.) );
#8828 = ( NAMED_UNIT(*) SI_UNIT($,.STERADIAN.) SOLID_ANGLE_UNIT() );
#8829 = UNCERTAINTY_MEASURE_WITH_UNIT(LENGTH_MEASURE(1.E-07),#8826,
  'distance_accuracy_value','confusion accuracy');
#8830 = CONTEXT_DEPENDENT_SHAPE_REPRESENTATION(#8831,#8833);
#8831 = ( REPRESENTATION_RELATIONSHIP('','',#8206,#10) 
REPRESENTATION_RELATIONSHIP_WITH_TRANSFORMATION(#8832) 
SHAPE_REPRESENTATION_RELATIONSHIP() );
#8832 = ITEM_DEFINED_TRANSFORMATION('','',#11,#39);
#8833 = PRODUCT_DEFINITION_SHAPE('Placement','Placement of an item',
  #8834);
#8834 = NEXT_ASSEMBLY_USAGE_OCCURRENCE('8','=>[0:1:1:4]','',#5,#8201,$);
#8835 = PRODUCT_RELATED_PRODUCT_CATEGORY('part',$,(#8203));
#8836 = REPRESENTATION('material name',(#8837),#768);
#8837 = DESCRIPTIVE_REPRESENTATION_ITEM('Steel','Steel');
#8838 = DERIVED_UNIT((#8839,#8841));
#8839 = DERIVED_UNIT_ELEMENT(#8840,3.);
#8840 = ( MASS_UNIT() NAMED_UNIT(*) SI_UNIT($,.GRAM.) );
#8841 = DERIVED_UNIT_ELEMENT(#8842,2.);
#8842 = ( LENGTH_UNIT() NAMED_UNIT(*) SI_UNIT(.CENTI.,.METRE.) );
#8843 = REPRESENTATION('density',(#8844),#768);
#8844 = MEASURE_REPRESENTATION_ITEM('density measure',
  POSITIVE_RATIO_MEASURE(7.85E-03),#8838);
#8845 = PROPERTY_DEFINITION('material property','material name',#51);
#8846 = PROPERTY_DEFINITION_REPRESENTATION(#8845,#8836);
#8847 = PROPERTY_DEFINITION('material property','density',#51);
#8848 = PROPERTY_DEFINITION_REPRESENTATION(#8847,#8843);
#8849 = MECHANICAL_DESIGN_GEOMETRIC_PRESENTATION_REPRESENTATION('',(
    #8850),#8188);
#8850 = STYLED_ITEM('color',(#8851),#830);
#8851 = PRESENTATION_STYLE_ASSIGNMENT((#8852));
#8852 = SURFACE_STYLE_USAGE(.BOTH.,#8853);
#8853 = SURFACE_SIDE_STYLE('',(#8854));
#8854 = SURFACE_STYLE_FILL_AREA(#8855);
#8855 = FILL_AREA_STYLE('',(#8856));
#8856 = FILL_AREA_STYLE_COLOUR('',#8857);
#8857 = COLOUR_RGB('',1.,1.,0.533333357804);
#8858 = MECHANICAL_DESIGN_GEOMETRIC_PRESENTATION_REPRESENTATION('',(
    #8859),#8825);
#8859 = STYLED_ITEM('color',(#8860),#8207);
#8860 = PRESENTATION_STYLE_ASSIGNMENT((#8861));
#8861 = SURFACE_STYLE_USAGE(.BOTH.,#8862);
#8862 = SURFACE_SIDE_STYLE('',(#8863));
#8863 = SURFACE_STYLE_FILL_AREA(#8864);
#8864 = FILL_AREA_STYLE('',(#8865));
#8865 = FILL_AREA_STYLE_COLOUR('',#8866);
#8866 = COLOUR_RGB('',0.313304153717,0.484529207832,0.410020903123);
#8867 = MECHANICAL_DESIGN_GEOMETRIC_PRESENTATION_REPRESENTATION('',(
    #8868),#768);
#8868 = STYLED_ITEM('color',(#8869),#57);
#8869 = PRESENTATION_STYLE_ASSIGNMENT((#8870));
#8870 = SURFACE_STYLE_USAGE(.BOTH.,#8871);
#8871 = SURFACE_SIDE_STYLE('',(#8872));
#8872 = SURFACE_STYLE_FILL_AREA(#8873);
#8873 = FILL_AREA_STYLE('',(#8874));
#8874 = FILL_AREA_STYLE_COLOUR('',#8875);
#8875 = COLOUR_RGB('',9.803921802644E-02,9.803921802644E-02,
  9.803921802644E-02);
ENDSEC;
END-ISO-10303-21;
