ISO-10303-21;
HEADER;
FILE_DESCRIPTION(('KiCad electronic assembly'),'2;1');
FILE_NAME('right-panel.step','2026-04-04T11:44:16',('Pcbnew'),('Kicad'),
  'Open CASCADE STEP processor 7.9','KiCad to STEP converter','Unknown'
  );
FILE_SCHEMA(('AUTOMOTIVE_DESIGN { 1 0 10303 214 1 1 1 1 }'));
ENDSEC;
DATA;
#1 = APPLICATION_PROTOCOL_DEFINITION('international standard',
  'automotive_design',2000,#2);
#2 = APPLICATION_CONTEXT(
  'core data for automotive mechanical design processes');
#3 = SHAPE_DEFINITION_REPRESENTATION(#4,#10);
#4 = PRODUCT_DEFINITION_SHAPE('','',#5);
#5 = PRODUCT_DEFINITION('design','',#6,#9);
#6 = PRODUCT_DEFINITION_FORMATION('','',#7);
#7 = PRODUCT('right-panel 1','right-panel 1','',(#8));
#8 = PRODUCT_CONTEXT('',#2,'mechanical');
#9 = PRODUCT_DEFINITION_CONTEXT('part definition',#2,'design');
#10 = SHAPE_REPRESENTATION('',(#11,#15,#19,#23,#27,#31),#35);
#11 = AXIS2_PLACEMENT_3D('',#12,#13,#14);
#12 = CARTESIAN_POINT('',(0.,0.,0.));
#13 = DIRECTION('',(0.,0.,1.));
#14 = DIRECTION('',(1.,0.,-0.));
#15 = AXIS2_PLACEMENT_3D('',#16,#17,#18);
#16 = CARTESIAN_POINT('',(937.79,-161.26,1.595));
#17 = DIRECTION('',(2.22044604925E-16,-1.,-1.110223024625E-16));
#18 = DIRECTION('',(1.,2.22044604925E-16,1.224646799147E-16));
#19 = AXIS2_PLACEMENT_3D('',#20,#21,#22);
#20 = CARTESIAN_POINT('',(937.85,-202.59,1.595));
#21 = DIRECTION('',(2.22044604925E-16,-1.,-1.110223024625E-16));
#22 = DIRECTION('',(1.,2.22044604925E-16,1.224646799147E-16));
#23 = AXIS2_PLACEMENT_3D('',#24,#25,#26);
#24 = CARTESIAN_POINT('',(937.81,-243.82,1.595));
#25 = DIRECTION('',(2.22044604925E-16,-1.,-1.110223024625E-16));
#26 = DIRECTION('',(1.,2.22044604925E-16,1.224646799147E-16));
#27 = AXIS2_PLACEMENT_3D('',#28,#29,#30);
#28 = CARTESIAN_POINT('',(951.906726,-67.98,22.615));
#29 = DIRECTION('',(3.330669073875E-16,1.,1.486666982486E-32));
#30 = DIRECTION('',(1.144237745222E-17,1.105559255369E-32,-1.));
#31 = AXIS2_PLACEMENT_3D('',#32,#33,#34);
#32 = CARTESIAN_POINT('',(0.,0.,0.));
#33 = DIRECTION('',(0.,0.,1.));
#34 = DIRECTION('',(1.,0.,-0.));
#35 = ( GEOMETRIC_REPRESENTATION_CONTEXT(3) 
GLOBAL_UNCERTAINTY_ASSIGNED_CONTEXT((#39)) GLOBAL_UNIT_ASSIGNED_CONTEXT(
(#36,#37,#38)) REPRESENTATION_CONTEXT('Context #1',
  '3D Context with UNIT and UNCERTAINTY') );
#36 = ( LENGTH_UNIT() NAMED_UNIT(*) SI_UNIT(.MILLI.,.METRE.) );
#37 = ( NAMED_UNIT(*) PLANE_ANGLE_UNIT() SI_UNIT($,.RADIAN.) );
#38 = ( NAMED_UNIT(*) SI_UNIT($,.STERADIAN.) SOLID_ANGLE_UNIT() );
#39 = UNCERTAINTY_MEASURE_WITH_UNIT(LENGTH_MEASURE(1.E-07),#36,
  'distance_accuracy_value','confusion accuracy');
#40 = PRODUCT_RELATED_PRODUCT_CATEGORY('part',$,(#7));
#41 = SHAPE_DEFINITION_REPRESENTATION(#42,#48);
#42 = PRODUCT_DEFINITION_SHAPE('','',#43);
#43 = PRODUCT_DEFINITION('design','',#44,#47);
#44 = PRODUCT_DEFINITION_FORMATION('','',#45);
#45 = PRODUCT('SolarCellv1v2','SolarCellv1v2','',(#46));
#46 = PRODUCT_CONTEXT('',#2,'mechanical');
#47 = PRODUCT_DEFINITION_CONTEXT('part definition',#2,'design');
#48 = ADVANCED_BREP_SHAPE_REPRESENTATION('',(#11,#49),#760);
#49 = MANIFOLD_SOLID_BREP('',#50);
#50 = CLOSED_SHELL('',(#51,#227,#258,#282,#306,#330,#354,#378,#402,#426,
    #450,#474,#498,#522,#546,#570,#594,#618,#642,#666,#690,#714,#731));
#51 = ADVANCED_FACE('',(#52),#222,.T.);
#52 = FACE_BOUND('',#53,.T.);
#53 = EDGE_LOOP('',(#54,#64,#72,#80,#88,#96,#104,#112,#120,#128,#136,
    #144,#152,#160,#168,#176,#184,#192,#200,#208,#216));
#54 = ORIENTED_EDGE('',*,*,#55,.T.);
#55 = EDGE_CURVE('',#56,#58,#60,.T.);
#56 = VERTEX_POINT('',#57);
#57 = CARTESIAN_POINT('',(0.,0.9,-25.));
#58 = VERTEX_POINT('',#59);
#59 = CARTESIAN_POINT('',(80.15,0.9,-25.));
#60 = LINE('',#61,#62);
#61 = CARTESIAN_POINT('',(0.,0.9,-25.));
#62 = VECTOR('',#63,1.);
#63 = DIRECTION('',(1.,0.,0.));
#64 = ORIENTED_EDGE('',*,*,#65,.T.);
#65 = EDGE_CURVE('',#58,#66,#68,.T.);
#66 = VERTEX_POINT('',#67);
#67 = CARTESIAN_POINT('',(80.15,0.9,-65.15));
#68 = LINE('',#69,#70);
#69 = CARTESIAN_POINT('',(80.15,0.9,-25.));
#70 = VECTOR('',#71,1.);
#71 = DIRECTION('',(0.,0.,-1.));
#72 = ORIENTED_EDGE('',*,*,#73,.T.);
#73 = EDGE_CURVE('',#66,#74,#76,.T.);
#74 = VERTEX_POINT('',#75);
#75 = CARTESIAN_POINT('',(76.75,0.9,-65.15));
#76 = LINE('',#77,#78);
#77 = CARTESIAN_POINT('',(80.15,0.9,-65.15));
#78 = VECTOR('',#79,1.);
#79 = DIRECTION('',(-1.,0.,0.));
#80 = ORIENTED_EDGE('',*,*,#81,.T.);
#81 = EDGE_CURVE('',#74,#82,#84,.T.);
#82 = VERTEX_POINT('',#83);
#83 = CARTESIAN_POINT('',(76.75,0.9,-73.15));
#84 = LINE('',#85,#86);
#85 = CARTESIAN_POINT('',(76.75,0.9,-65.15));
#86 = VECTOR('',#87,1.);
#87 = DIRECTION('',(0.,0.,-1.));
#88 = ORIENTED_EDGE('',*,*,#89,.T.);
#89 = EDGE_CURVE('',#82,#90,#92,.T.);
#90 = VERTEX_POINT('',#91);
#91 = CARTESIAN_POINT('',(72.15,0.9,-73.15));
#92 = LINE('',#93,#94);
#93 = CARTESIAN_POINT('',(76.75,0.9,-73.15));
#94 = VECTOR('',#95,1.);
#95 = DIRECTION('',(-1.,0.,0.));
#96 = ORIENTED_EDGE('',*,*,#97,.T.);
#97 = EDGE_CURVE('',#90,#98,#100,.T.);
#98 = VERTEX_POINT('',#99);
#99 = CARTESIAN_POINT('',(72.15,0.9,-65.15));
#100 = LINE('',#101,#102);
#101 = CARTESIAN_POINT('',(72.15,0.9,-73.15));
#102 = VECTOR('',#103,1.);
#103 = DIRECTION('',(0.,0.,1.));
#104 = ORIENTED_EDGE('',*,*,#105,.T.);
#105 = EDGE_CURVE('',#98,#106,#108,.T.);
#106 = VERTEX_POINT('',#107);
#107 = CARTESIAN_POINT('',(63.73,0.9,-65.15));
#108 = LINE('',#109,#110);
#109 = CARTESIAN_POINT('',(63.73,0.9,-65.15));
#110 = VECTOR('',#111,1.);
#111 = DIRECTION('',(-1.,0.,0.));
#112 = ORIENTED_EDGE('',*,*,#113,.T.);
#113 = EDGE_CURVE('',#106,#114,#116,.T.);
#114 = VERTEX_POINT('',#115);
#115 = CARTESIAN_POINT('',(63.73,0.9,-73.15));
#116 = LINE('',#117,#118);
#117 = CARTESIAN_POINT('',(63.73,0.9,-73.15));
#118 = VECTOR('',#119,1.);
#119 = DIRECTION('',(0.,0.,-1.));
#120 = ORIENTED_EDGE('',*,*,#121,.T.);
#121 = EDGE_CURVE('',#114,#122,#124,.T.);
#122 = VERTEX_POINT('',#123);
#123 = CARTESIAN_POINT('',(57.43,0.9,-73.15));
#124 = LINE('',#125,#126);
#125 = CARTESIAN_POINT('',(57.43,0.9,-73.15));
#126 = VECTOR('',#127,1.);
#127 = DIRECTION('',(-1.,0.,0.));
#128 = ORIENTED_EDGE('',*,*,#129,.T.);
#129 = EDGE_CURVE('',#122,#130,#132,.T.);
#130 = VERTEX_POINT('',#131);
#131 = CARTESIAN_POINT('',(57.43,0.9,-65.15));
#132 = LINE('',#133,#134);
#133 = CARTESIAN_POINT('',(57.43,0.9,-65.15));
#134 = VECTOR('',#135,1.);
#135 = DIRECTION('',(0.,0.,1.));
#136 = ORIENTED_EDGE('',*,*,#137,.T.);
#137 = EDGE_CURVE('',#130,#138,#140,.T.);
#138 = VERTEX_POINT('',#139);
#139 = CARTESIAN_POINT('',(43.23,0.9,-65.15));
#140 = LINE('',#141,#142);
#141 = CARTESIAN_POINT('',(43.23,0.9,-65.15));
#142 = VECTOR('',#143,1.);
#143 = DIRECTION('',(-1.,0.,0.));
#144 = ORIENTED_EDGE('',*,*,#145,.T.);
#145 = EDGE_CURVE('',#138,#146,#148,.T.);
#146 = VERTEX_POINT('',#147);
#147 = CARTESIAN_POINT('',(43.23,0.9,-73.15));
#148 = LINE('',#149,#150);
#149 = CARTESIAN_POINT('',(43.23,0.9,-73.15));
#150 = VECTOR('',#151,1.);
#151 = DIRECTION('',(0.,0.,-1.));
#152 = ORIENTED_EDGE('',*,*,#153,.T.);
#153 = EDGE_CURVE('',#146,#154,#156,.T.);
#154 = VERTEX_POINT('',#155);
#155 = CARTESIAN_POINT('',(36.93,0.9,-73.15));
#156 = LINE('',#157,#158);
#157 = CARTESIAN_POINT('',(36.93,0.9,-73.15));
#158 = VECTOR('',#159,1.);
#159 = DIRECTION('',(-1.,0.,0.));
#160 = ORIENTED_EDGE('',*,*,#161,.T.);
#161 = EDGE_CURVE('',#154,#162,#164,.T.);
#162 = VERTEX_POINT('',#163);
#163 = CARTESIAN_POINT('',(36.93,0.9,-65.15));
#164 = LINE('',#165,#166);
#165 = CARTESIAN_POINT('',(36.93,0.9,-65.15));
#166 = VECTOR('',#167,1.);
#167 = DIRECTION('',(0.,0.,1.));
#168 = ORIENTED_EDGE('',*,*,#169,.T.);
#169 = EDGE_CURVE('',#162,#170,#172,.T.);
#170 = VERTEX_POINT('',#171);
#171 = CARTESIAN_POINT('',(22.73,0.9,-65.15));
#172 = LINE('',#173,#174);
#173 = CARTESIAN_POINT('',(22.73,0.9,-65.15));
#174 = VECTOR('',#175,1.);
#175 = DIRECTION('',(-1.,0.,0.));
#176 = ORIENTED_EDGE('',*,*,#177,.T.);
#177 = EDGE_CURVE('',#170,#178,#180,.T.);
#178 = VERTEX_POINT('',#179);
#179 = CARTESIAN_POINT('',(22.73,0.9,-73.15));
#180 = LINE('',#181,#182);
#181 = CARTESIAN_POINT('',(22.73,0.9,-73.15));
#182 = VECTOR('',#183,1.);
#183 = DIRECTION('',(0.,0.,-1.));
#184 = ORIENTED_EDGE('',*,*,#185,.T.);
#185 = EDGE_CURVE('',#178,#186,#188,.T.);
#186 = VERTEX_POINT('',#187);
#187 = CARTESIAN_POINT('',(16.43,0.9,-73.15));
#188 = LINE('',#189,#190);
#189 = CARTESIAN_POINT('',(16.43,0.9,-73.15));
#190 = VECTOR('',#191,1.);
#191 = DIRECTION('',(-1.,0.,0.));
#192 = ORIENTED_EDGE('',*,*,#193,.T.);
#193 = EDGE_CURVE('',#186,#194,#196,.T.);
#194 = VERTEX_POINT('',#195);
#195 = CARTESIAN_POINT('',(16.43,0.9,-65.15));
#196 = LINE('',#197,#198);
#197 = CARTESIAN_POINT('',(16.43,0.9,-65.15));
#198 = VECTOR('',#199,1.);
#199 = DIRECTION('',(0.,0.,1.));
#200 = ORIENTED_EDGE('',*,*,#201,.T.);
#201 = EDGE_CURVE('',#194,#202,#204,.T.);
#202 = VERTEX_POINT('',#203);
#203 = CARTESIAN_POINT('',(14.987591448949,0.9,-65.15));
#204 = LINE('',#205,#206);
#205 = CARTESIAN_POINT('',(14.987591448949,0.9,-65.15));
#206 = VECTOR('',#207,1.);
#207 = DIRECTION('',(-1.,0.,0.));
#208 = ORIENTED_EDGE('',*,*,#209,.T.);
#209 = EDGE_CURVE('',#202,#210,#212,.T.);
#210 = VERTEX_POINT('',#211);
#211 = CARTESIAN_POINT('',(0.,0.9,-52.55));
#212 = LINE('',#213,#214);
#213 = CARTESIAN_POINT('',(0.,0.9,-52.55));
#214 = VECTOR('',#215,1.);
#215 = DIRECTION('',(-0.765442631022,0.,0.643504140324));
#216 = ORIENTED_EDGE('',*,*,#217,.T.);
#217 = EDGE_CURVE('',#210,#56,#218,.T.);
#218 = LINE('',#219,#220);
#219 = CARTESIAN_POINT('',(0.,0.9,-25.));
#220 = VECTOR('',#221,1.);
#221 = DIRECTION('',(0.,0.,1.));
#222 = PLANE('',#223);
#223 = AXIS2_PLACEMENT_3D('',#224,#225,#226);
#224 = CARTESIAN_POINT('',(40.075,0.9,-49.075));
#225 = DIRECTION('',(0.,1.,0.));
#226 = DIRECTION('',(0.,-0.,1.));
#227 = ADVANCED_FACE('',(#228),#253,.T.);
#228 = FACE_BOUND('',#229,.T.);
#229 = EDGE_LOOP('',(#230,#240,#246,#247));
#230 = ORIENTED_EDGE('',*,*,#231,.F.);
#231 = EDGE_CURVE('',#232,#234,#236,.T.);
#232 = VERTEX_POINT('',#233);
#233 = CARTESIAN_POINT('',(0.,0.,-25.));
#234 = VERTEX_POINT('',#235);
#235 = CARTESIAN_POINT('',(0.,0.,-52.55));
#236 = LINE('',#237,#238);
#237 = CARTESIAN_POINT('',(0.,0.,-25.));
#238 = VECTOR('',#239,1.);
#239 = DIRECTION('',(0.,0.,-1.));
#240 = ORIENTED_EDGE('',*,*,#241,.T.);
#241 = EDGE_CURVE('',#232,#56,#242,.T.);
#242 = LINE('',#243,#244);
#243 = CARTESIAN_POINT('',(0.,0.,-25.));
#244 = VECTOR('',#245,1.);
#245 = DIRECTION('',(0.,1.,0.));
#246 = ORIENTED_EDGE('',*,*,#217,.F.);
#247 = ORIENTED_EDGE('',*,*,#248,.F.);
#248 = EDGE_CURVE('',#234,#210,#249,.T.);
#249 = LINE('',#250,#251);
#250 = CARTESIAN_POINT('',(0.,0.,-52.55));
#251 = VECTOR('',#252,1.);
#252 = DIRECTION('',(0.,1.,0.));
#253 = PLANE('',#254);
#254 = AXIS2_PLACEMENT_3D('',#255,#256,#257);
#255 = CARTESIAN_POINT('',(0.,0.,-52.55));
#256 = DIRECTION('',(-1.,0.,0.));
#257 = DIRECTION('',(0.,0.,1.));
#258 = ADVANCED_FACE('',(#259),#277,.T.);
#259 = FACE_BOUND('',#260,.T.);
#260 = EDGE_LOOP('',(#261,#269,#270,#271));
#261 = ORIENTED_EDGE('',*,*,#262,.F.);
#262 = EDGE_CURVE('',#234,#263,#265,.T.);
#263 = VERTEX_POINT('',#264);
#264 = CARTESIAN_POINT('',(14.987591448949,0.,-65.15));
#265 = LINE('',#266,#267);
#266 = CARTESIAN_POINT('',(0.,0.,-52.55));
#267 = VECTOR('',#268,1.);
#268 = DIRECTION('',(0.765442631022,0.,-0.643504140324));
#269 = ORIENTED_EDGE('',*,*,#248,.T.);
#270 = ORIENTED_EDGE('',*,*,#209,.F.);
#271 = ORIENTED_EDGE('',*,*,#272,.F.);
#272 = EDGE_CURVE('',#263,#202,#273,.T.);
#273 = LINE('',#274,#275);
#274 = CARTESIAN_POINT('',(14.987591448949,0.,-65.15));
#275 = VECTOR('',#276,1.);
#276 = DIRECTION('',(0.,1.,0.));
#277 = PLANE('',#278);
#278 = AXIS2_PLACEMENT_3D('',#279,#280,#281);
#279 = CARTESIAN_POINT('',(14.987591448949,0.,-65.15));
#280 = DIRECTION('',(-0.643504140324,0.,-0.765442631022));
#281 = DIRECTION('',(-0.765442631022,0.,0.643504140324));
#282 = ADVANCED_FACE('',(#283),#301,.T.);
#283 = FACE_BOUND('',#284,.T.);
#284 = EDGE_LOOP('',(#285,#293,#294,#295));
#285 = ORIENTED_EDGE('',*,*,#286,.F.);
#286 = EDGE_CURVE('',#263,#287,#289,.T.);
#287 = VERTEX_POINT('',#288);
#288 = CARTESIAN_POINT('',(16.43,0.,-65.15));
#289 = LINE('',#290,#291);
#290 = CARTESIAN_POINT('',(14.987591448949,0.,-65.15));
#291 = VECTOR('',#292,1.);
#292 = DIRECTION('',(1.,0.,0.));
#293 = ORIENTED_EDGE('',*,*,#272,.T.);
#294 = ORIENTED_EDGE('',*,*,#201,.F.);
#295 = ORIENTED_EDGE('',*,*,#296,.F.);
#296 = EDGE_CURVE('',#287,#194,#297,.T.);
#297 = LINE('',#298,#299);
#298 = CARTESIAN_POINT('',(16.43,0.,-65.15));
#299 = VECTOR('',#300,1.);
#300 = DIRECTION('',(0.,1.,0.));
#301 = PLANE('',#302);
#302 = AXIS2_PLACEMENT_3D('',#303,#304,#305);
#303 = CARTESIAN_POINT('',(16.43,0.,-65.15));
#304 = DIRECTION('',(0.,0.,-1.));
#305 = DIRECTION('',(-1.,0.,0.));
#306 = ADVANCED_FACE('',(#307),#325,.T.);
#307 = FACE_BOUND('',#308,.T.);
#308 = EDGE_LOOP('',(#309,#317,#318,#319));
#309 = ORIENTED_EDGE('',*,*,#310,.F.);
#310 = EDGE_CURVE('',#287,#311,#313,.T.);
#311 = VERTEX_POINT('',#312);
#312 = CARTESIAN_POINT('',(16.43,0.,-73.15));
#313 = LINE('',#314,#315);
#314 = CARTESIAN_POINT('',(16.43,0.,-65.15));
#315 = VECTOR('',#316,1.);
#316 = DIRECTION('',(0.,0.,-1.));
#317 = ORIENTED_EDGE('',*,*,#296,.T.);
#318 = ORIENTED_EDGE('',*,*,#193,.F.);
#319 = ORIENTED_EDGE('',*,*,#320,.F.);
#320 = EDGE_CURVE('',#311,#186,#321,.T.);
#321 = LINE('',#322,#323);
#322 = CARTESIAN_POINT('',(16.43,0.,-73.15));
#323 = VECTOR('',#324,1.);
#324 = DIRECTION('',(0.,1.,0.));
#325 = PLANE('',#326);
#326 = AXIS2_PLACEMENT_3D('',#327,#328,#329);
#327 = CARTESIAN_POINT('',(16.43,0.,-73.15));
#328 = DIRECTION('',(-1.,0.,0.));
#329 = DIRECTION('',(0.,0.,1.));
#330 = ADVANCED_FACE('',(#331),#349,.T.);
#331 = FACE_BOUND('',#332,.T.);
#332 = EDGE_LOOP('',(#333,#341,#342,#343));
#333 = ORIENTED_EDGE('',*,*,#334,.F.);
#334 = EDGE_CURVE('',#311,#335,#337,.T.);
#335 = VERTEX_POINT('',#336);
#336 = CARTESIAN_POINT('',(22.73,0.,-73.15));
#337 = LINE('',#338,#339);
#338 = CARTESIAN_POINT('',(16.43,0.,-73.15));
#339 = VECTOR('',#340,1.);
#340 = DIRECTION('',(1.,0.,0.));
#341 = ORIENTED_EDGE('',*,*,#320,.T.);
#342 = ORIENTED_EDGE('',*,*,#185,.F.);
#343 = ORIENTED_EDGE('',*,*,#344,.F.);
#344 = EDGE_CURVE('',#335,#178,#345,.T.);
#345 = LINE('',#346,#347);
#346 = CARTESIAN_POINT('',(22.73,0.,-73.15));
#347 = VECTOR('',#348,1.);
#348 = DIRECTION('',(0.,1.,0.));
#349 = PLANE('',#350);
#350 = AXIS2_PLACEMENT_3D('',#351,#352,#353);
#351 = CARTESIAN_POINT('',(22.73,0.,-73.15));
#352 = DIRECTION('',(0.,0.,-1.));
#353 = DIRECTION('',(-1.,0.,0.));
#354 = ADVANCED_FACE('',(#355),#373,.T.);
#355 = FACE_BOUND('',#356,.T.);
#356 = EDGE_LOOP('',(#357,#365,#366,#367));
#357 = ORIENTED_EDGE('',*,*,#358,.F.);
#358 = EDGE_CURVE('',#335,#359,#361,.T.);
#359 = VERTEX_POINT('',#360);
#360 = CARTESIAN_POINT('',(22.73,0.,-65.15));
#361 = LINE('',#362,#363);
#362 = CARTESIAN_POINT('',(22.73,0.,-73.15));
#363 = VECTOR('',#364,1.);
#364 = DIRECTION('',(0.,0.,1.));
#365 = ORIENTED_EDGE('',*,*,#344,.T.);
#366 = ORIENTED_EDGE('',*,*,#177,.F.);
#367 = ORIENTED_EDGE('',*,*,#368,.F.);
#368 = EDGE_CURVE('',#359,#170,#369,.T.);
#369 = LINE('',#370,#371);
#370 = CARTESIAN_POINT('',(22.73,0.,-65.15));
#371 = VECTOR('',#372,1.);
#372 = DIRECTION('',(0.,1.,0.));
#373 = PLANE('',#374);
#374 = AXIS2_PLACEMENT_3D('',#375,#376,#377);
#375 = CARTESIAN_POINT('',(22.73,0.,-65.15));
#376 = DIRECTION('',(1.,0.,0.));
#377 = DIRECTION('',(0.,0.,-1.));
#378 = ADVANCED_FACE('',(#379),#397,.T.);
#379 = FACE_BOUND('',#380,.T.);
#380 = EDGE_LOOP('',(#381,#389,#390,#391));
#381 = ORIENTED_EDGE('',*,*,#382,.F.);
#382 = EDGE_CURVE('',#359,#383,#385,.T.);
#383 = VERTEX_POINT('',#384);
#384 = CARTESIAN_POINT('',(36.93,0.,-65.15));
#385 = LINE('',#386,#387);
#386 = CARTESIAN_POINT('',(22.73,0.,-65.15));
#387 = VECTOR('',#388,1.);
#388 = DIRECTION('',(1.,0.,0.));
#389 = ORIENTED_EDGE('',*,*,#368,.T.);
#390 = ORIENTED_EDGE('',*,*,#169,.F.);
#391 = ORIENTED_EDGE('',*,*,#392,.F.);
#392 = EDGE_CURVE('',#383,#162,#393,.T.);
#393 = LINE('',#394,#395);
#394 = CARTESIAN_POINT('',(36.93,0.,-65.15));
#395 = VECTOR('',#396,1.);
#396 = DIRECTION('',(0.,1.,0.));
#397 = PLANE('',#398);
#398 = AXIS2_PLACEMENT_3D('',#399,#400,#401);
#399 = CARTESIAN_POINT('',(36.93,0.,-65.15));
#400 = DIRECTION('',(0.,0.,-1.));
#401 = DIRECTION('',(-1.,0.,0.));
#402 = ADVANCED_FACE('',(#403),#421,.T.);
#403 = FACE_BOUND('',#404,.T.);
#404 = EDGE_LOOP('',(#405,#413,#414,#415));
#405 = ORIENTED_EDGE('',*,*,#406,.F.);
#406 = EDGE_CURVE('',#383,#407,#409,.T.);
#407 = VERTEX_POINT('',#408);
#408 = CARTESIAN_POINT('',(36.93,0.,-73.15));
#409 = LINE('',#410,#411);
#410 = CARTESIAN_POINT('',(36.93,0.,-65.15));
#411 = VECTOR('',#412,1.);
#412 = DIRECTION('',(0.,0.,-1.));
#413 = ORIENTED_EDGE('',*,*,#392,.T.);
#414 = ORIENTED_EDGE('',*,*,#161,.F.);
#415 = ORIENTED_EDGE('',*,*,#416,.F.);
#416 = EDGE_CURVE('',#407,#154,#417,.T.);
#417 = LINE('',#418,#419);
#418 = CARTESIAN_POINT('',(36.93,0.,-73.15));
#419 = VECTOR('',#420,1.);
#420 = DIRECTION('',(0.,1.,0.));
#421 = PLANE('',#422);
#422 = AXIS2_PLACEMENT_3D('',#423,#424,#425);
#423 = CARTESIAN_POINT('',(36.93,0.,-73.15));
#424 = DIRECTION('',(-1.,0.,0.));
#425 = DIRECTION('',(0.,0.,1.));
#426 = ADVANCED_FACE('',(#427),#445,.T.);
#427 = FACE_BOUND('',#428,.T.);
#428 = EDGE_LOOP('',(#429,#437,#438,#439));
#429 = ORIENTED_EDGE('',*,*,#430,.F.);
#430 = EDGE_CURVE('',#407,#431,#433,.T.);
#431 = VERTEX_POINT('',#432);
#432 = CARTESIAN_POINT('',(43.23,0.,-73.15));
#433 = LINE('',#434,#435);
#434 = CARTESIAN_POINT('',(36.93,0.,-73.15));
#435 = VECTOR('',#436,1.);
#436 = DIRECTION('',(1.,0.,0.));
#437 = ORIENTED_EDGE('',*,*,#416,.T.);
#438 = ORIENTED_EDGE('',*,*,#153,.F.);
#439 = ORIENTED_EDGE('',*,*,#440,.F.);
#440 = EDGE_CURVE('',#431,#146,#441,.T.);
#441 = LINE('',#442,#443);
#442 = CARTESIAN_POINT('',(43.23,0.,-73.15));
#443 = VECTOR('',#444,1.);
#444 = DIRECTION('',(0.,1.,0.));
#445 = PLANE('',#446);
#446 = AXIS2_PLACEMENT_3D('',#447,#448,#449);
#447 = CARTESIAN_POINT('',(43.23,0.,-73.15));
#448 = DIRECTION('',(0.,0.,-1.));
#449 = DIRECTION('',(-1.,0.,0.));
#450 = ADVANCED_FACE('',(#451),#469,.T.);
#451 = FACE_BOUND('',#452,.T.);
#452 = EDGE_LOOP('',(#453,#461,#462,#463));
#453 = ORIENTED_EDGE('',*,*,#454,.F.);
#454 = EDGE_CURVE('',#431,#455,#457,.T.);
#455 = VERTEX_POINT('',#456);
#456 = CARTESIAN_POINT('',(43.23,0.,-65.15));
#457 = LINE('',#458,#459);
#458 = CARTESIAN_POINT('',(43.23,0.,-73.15));
#459 = VECTOR('',#460,1.);
#460 = DIRECTION('',(0.,0.,1.));
#461 = ORIENTED_EDGE('',*,*,#440,.T.);
#462 = ORIENTED_EDGE('',*,*,#145,.F.);
#463 = ORIENTED_EDGE('',*,*,#464,.F.);
#464 = EDGE_CURVE('',#455,#138,#465,.T.);
#465 = LINE('',#466,#467);
#466 = CARTESIAN_POINT('',(43.23,0.,-65.15));
#467 = VECTOR('',#468,1.);
#468 = DIRECTION('',(0.,1.,0.));
#469 = PLANE('',#470);
#470 = AXIS2_PLACEMENT_3D('',#471,#472,#473);
#471 = CARTESIAN_POINT('',(43.23,0.,-65.15));
#472 = DIRECTION('',(1.,0.,0.));
#473 = DIRECTION('',(0.,0.,-1.));
#474 = ADVANCED_FACE('',(#475),#493,.T.);
#475 = FACE_BOUND('',#476,.T.);
#476 = EDGE_LOOP('',(#477,#485,#486,#487));
#477 = ORIENTED_EDGE('',*,*,#478,.F.);
#478 = EDGE_CURVE('',#455,#479,#481,.T.);
#479 = VERTEX_POINT('',#480);
#480 = CARTESIAN_POINT('',(57.43,0.,-65.15));
#481 = LINE('',#482,#483);
#482 = CARTESIAN_POINT('',(43.23,0.,-65.15));
#483 = VECTOR('',#484,1.);
#484 = DIRECTION('',(1.,0.,0.));
#485 = ORIENTED_EDGE('',*,*,#464,.T.);
#486 = ORIENTED_EDGE('',*,*,#137,.F.);
#487 = ORIENTED_EDGE('',*,*,#488,.F.);
#488 = EDGE_CURVE('',#479,#130,#489,.T.);
#489 = LINE('',#490,#491);
#490 = CARTESIAN_POINT('',(57.43,0.,-65.15));
#491 = VECTOR('',#492,1.);
#492 = DIRECTION('',(0.,1.,0.));
#493 = PLANE('',#494);
#494 = AXIS2_PLACEMENT_3D('',#495,#496,#497);
#495 = CARTESIAN_POINT('',(57.43,0.,-65.15));
#496 = DIRECTION('',(0.,0.,-1.));
#497 = DIRECTION('',(-1.,0.,0.));
#498 = ADVANCED_FACE('',(#499),#517,.T.);
#499 = FACE_BOUND('',#500,.T.);
#500 = EDGE_LOOP('',(#501,#509,#510,#511));
#501 = ORIENTED_EDGE('',*,*,#502,.F.);
#502 = EDGE_CURVE('',#479,#503,#505,.T.);
#503 = VERTEX_POINT('',#504);
#504 = CARTESIAN_POINT('',(57.43,0.,-73.15));
#505 = LINE('',#506,#507);
#506 = CARTESIAN_POINT('',(57.43,0.,-65.15));
#507 = VECTOR('',#508,1.);
#508 = DIRECTION('',(0.,0.,-1.));
#509 = ORIENTED_EDGE('',*,*,#488,.T.);
#510 = ORIENTED_EDGE('',*,*,#129,.F.);
#511 = ORIENTED_EDGE('',*,*,#512,.F.);
#512 = EDGE_CURVE('',#503,#122,#513,.T.);
#513 = LINE('',#514,#515);
#514 = CARTESIAN_POINT('',(57.43,0.,-73.15));
#515 = VECTOR('',#516,1.);
#516 = DIRECTION('',(0.,1.,0.));
#517 = PLANE('',#518);
#518 = AXIS2_PLACEMENT_3D('',#519,#520,#521);
#519 = CARTESIAN_POINT('',(57.43,0.,-73.15));
#520 = DIRECTION('',(-1.,0.,0.));
#521 = DIRECTION('',(0.,0.,1.));
#522 = ADVANCED_FACE('',(#523),#541,.T.);
#523 = FACE_BOUND('',#524,.T.);
#524 = EDGE_LOOP('',(#525,#533,#534,#535));
#525 = ORIENTED_EDGE('',*,*,#526,.F.);
#526 = EDGE_CURVE('',#503,#527,#529,.T.);
#527 = VERTEX_POINT('',#528);
#528 = CARTESIAN_POINT('',(63.73,0.,-73.15));
#529 = LINE('',#530,#531);
#530 = CARTESIAN_POINT('',(57.43,0.,-73.15));
#531 = VECTOR('',#532,1.);
#532 = DIRECTION('',(1.,0.,0.));
#533 = ORIENTED_EDGE('',*,*,#512,.T.);
#534 = ORIENTED_EDGE('',*,*,#121,.F.);
#535 = ORIENTED_EDGE('',*,*,#536,.F.);
#536 = EDGE_CURVE('',#527,#114,#537,.T.);
#537 = LINE('',#538,#539);
#538 = CARTESIAN_POINT('',(63.73,0.,-73.15));
#539 = VECTOR('',#540,1.);
#540 = DIRECTION('',(0.,1.,0.));
#541 = PLANE('',#542);
#542 = AXIS2_PLACEMENT_3D('',#543,#544,#545);
#543 = CARTESIAN_POINT('',(63.73,0.,-73.15));
#544 = DIRECTION('',(0.,0.,-1.));
#545 = DIRECTION('',(-1.,0.,0.));
#546 = ADVANCED_FACE('',(#547),#565,.T.);
#547 = FACE_BOUND('',#548,.T.);
#548 = EDGE_LOOP('',(#549,#557,#558,#559));
#549 = ORIENTED_EDGE('',*,*,#550,.F.);
#550 = EDGE_CURVE('',#527,#551,#553,.T.);
#551 = VERTEX_POINT('',#552);
#552 = CARTESIAN_POINT('',(63.73,0.,-65.15));
#553 = LINE('',#554,#555);
#554 = CARTESIAN_POINT('',(63.73,0.,-73.15));
#555 = VECTOR('',#556,1.);
#556 = DIRECTION('',(0.,0.,1.));
#557 = ORIENTED_EDGE('',*,*,#536,.T.);
#558 = ORIENTED_EDGE('',*,*,#113,.F.);
#559 = ORIENTED_EDGE('',*,*,#560,.F.);
#560 = EDGE_CURVE('',#551,#106,#561,.T.);
#561 = LINE('',#562,#563);
#562 = CARTESIAN_POINT('',(63.73,0.,-65.15));
#563 = VECTOR('',#564,1.);
#564 = DIRECTION('',(0.,1.,0.));
#565 = PLANE('',#566);
#566 = AXIS2_PLACEMENT_3D('',#567,#568,#569);
#567 = CARTESIAN_POINT('',(63.73,0.,-65.15));
#568 = DIRECTION('',(1.,0.,0.));
#569 = DIRECTION('',(0.,0.,-1.));
#570 = ADVANCED_FACE('',(#571),#589,.T.);
#571 = FACE_BOUND('',#572,.T.);
#572 = EDGE_LOOP('',(#573,#581,#582,#583));
#573 = ORIENTED_EDGE('',*,*,#574,.F.);
#574 = EDGE_CURVE('',#551,#575,#577,.T.);
#575 = VERTEX_POINT('',#576);
#576 = CARTESIAN_POINT('',(72.15,0.,-65.15));
#577 = LINE('',#578,#579);
#578 = CARTESIAN_POINT('',(63.73,0.,-65.15));
#579 = VECTOR('',#580,1.);
#580 = DIRECTION('',(1.,0.,0.));
#581 = ORIENTED_EDGE('',*,*,#560,.T.);
#582 = ORIENTED_EDGE('',*,*,#105,.F.);
#583 = ORIENTED_EDGE('',*,*,#584,.F.);
#584 = EDGE_CURVE('',#575,#98,#585,.T.);
#585 = LINE('',#586,#587);
#586 = CARTESIAN_POINT('',(72.15,0.,-65.15));
#587 = VECTOR('',#588,1.);
#588 = DIRECTION('',(0.,1.,0.));
#589 = PLANE('',#590);
#590 = AXIS2_PLACEMENT_3D('',#591,#592,#593);
#591 = CARTESIAN_POINT('',(72.15,0.,-65.15));
#592 = DIRECTION('',(0.,0.,-1.));
#593 = DIRECTION('',(-1.,0.,0.));
#594 = ADVANCED_FACE('',(#595),#613,.T.);
#595 = FACE_BOUND('',#596,.T.);
#596 = EDGE_LOOP('',(#597,#605,#606,#607));
#597 = ORIENTED_EDGE('',*,*,#598,.T.);
#598 = EDGE_CURVE('',#599,#575,#601,.T.);
#599 = VERTEX_POINT('',#600);
#600 = CARTESIAN_POINT('',(72.15,0.,-73.15));
#601 = LINE('',#602,#603);
#602 = CARTESIAN_POINT('',(72.15,0.,-73.15));
#603 = VECTOR('',#604,1.);
#604 = DIRECTION('',(0.,0.,1.));
#605 = ORIENTED_EDGE('',*,*,#584,.T.);
#606 = ORIENTED_EDGE('',*,*,#97,.F.);
#607 = ORIENTED_EDGE('',*,*,#608,.F.);
#608 = EDGE_CURVE('',#599,#90,#609,.T.);
#609 = LINE('',#610,#611);
#610 = CARTESIAN_POINT('',(72.15,0.,-73.15));
#611 = VECTOR('',#612,1.);
#612 = DIRECTION('',(0.,1.,0.));
#613 = PLANE('',#614);
#614 = AXIS2_PLACEMENT_3D('',#615,#616,#617);
#615 = CARTESIAN_POINT('',(72.15,0.,-73.15));
#616 = DIRECTION('',(-1.,0.,0.));
#617 = DIRECTION('',(0.,0.,1.));
#618 = ADVANCED_FACE('',(#619),#637,.T.);
#619 = FACE_BOUND('',#620,.T.);
#620 = EDGE_LOOP('',(#621,#629,#630,#631));
#621 = ORIENTED_EDGE('',*,*,#622,.T.);
#622 = EDGE_CURVE('',#623,#599,#625,.T.);
#623 = VERTEX_POINT('',#624);
#624 = CARTESIAN_POINT('',(76.75,0.,-73.15));
#625 = LINE('',#626,#627);
#626 = CARTESIAN_POINT('',(76.75,0.,-73.15));
#627 = VECTOR('',#628,1.);
#628 = DIRECTION('',(-1.,0.,0.));
#629 = ORIENTED_EDGE('',*,*,#608,.T.);
#630 = ORIENTED_EDGE('',*,*,#89,.F.);
#631 = ORIENTED_EDGE('',*,*,#632,.F.);
#632 = EDGE_CURVE('',#623,#82,#633,.T.);
#633 = LINE('',#634,#635);
#634 = CARTESIAN_POINT('',(76.75,0.,-73.15));
#635 = VECTOR('',#636,1.);
#636 = DIRECTION('',(0.,1.,0.));
#637 = PLANE('',#638);
#638 = AXIS2_PLACEMENT_3D('',#639,#640,#641);
#639 = CARTESIAN_POINT('',(76.75,0.,-73.15));
#640 = DIRECTION('',(0.,0.,-1.));
#641 = DIRECTION('',(-1.,0.,0.));
#642 = ADVANCED_FACE('',(#643),#661,.T.);
#643 = FACE_BOUND('',#644,.T.);
#644 = EDGE_LOOP('',(#645,#653,#654,#655));
#645 = ORIENTED_EDGE('',*,*,#646,.T.);
#646 = EDGE_CURVE('',#647,#623,#649,.T.);
#647 = VERTEX_POINT('',#648);
#648 = CARTESIAN_POINT('',(76.75,0.,-65.15));
#649 = LINE('',#650,#651);
#650 = CARTESIAN_POINT('',(76.75,0.,-65.15));
#651 = VECTOR('',#652,1.);
#652 = DIRECTION('',(0.,0.,-1.));
#653 = ORIENTED_EDGE('',*,*,#632,.T.);
#654 = ORIENTED_EDGE('',*,*,#81,.F.);
#655 = ORIENTED_EDGE('',*,*,#656,.F.);
#656 = EDGE_CURVE('',#647,#74,#657,.T.);
#657 = LINE('',#658,#659);
#658 = CARTESIAN_POINT('',(76.75,0.,-65.15));
#659 = VECTOR('',#660,1.);
#660 = DIRECTION('',(0.,1.,0.));
#661 = PLANE('',#662);
#662 = AXIS2_PLACEMENT_3D('',#663,#664,#665);
#663 = CARTESIAN_POINT('',(76.75,0.,-65.15));
#664 = DIRECTION('',(1.,0.,0.));
#665 = DIRECTION('',(0.,0.,-1.));
#666 = ADVANCED_FACE('',(#667),#685,.T.);
#667 = FACE_BOUND('',#668,.T.);
#668 = EDGE_LOOP('',(#669,#677,#678,#679));
#669 = ORIENTED_EDGE('',*,*,#670,.T.);
#670 = EDGE_CURVE('',#671,#647,#673,.T.);
#671 = VERTEX_POINT('',#672);
#672 = CARTESIAN_POINT('',(80.15,0.,-65.15));
#673 = LINE('',#674,#675);
#674 = CARTESIAN_POINT('',(80.15,0.,-65.15));
#675 = VECTOR('',#676,1.);
#676 = DIRECTION('',(-1.,0.,0.));
#677 = ORIENTED_EDGE('',*,*,#656,.T.);
#678 = ORIENTED_EDGE('',*,*,#73,.F.);
#679 = ORIENTED_EDGE('',*,*,#680,.F.);
#680 = EDGE_CURVE('',#671,#66,#681,.T.);
#681 = LINE('',#682,#683);
#682 = CARTESIAN_POINT('',(80.15,0.,-65.15));
#683 = VECTOR('',#684,1.);
#684 = DIRECTION('',(0.,1.,0.));
#685 = PLANE('',#686);
#686 = AXIS2_PLACEMENT_3D('',#687,#688,#689);
#687 = CARTESIAN_POINT('',(80.15,0.,-65.15));
#688 = DIRECTION('',(0.,0.,-1.));
#689 = DIRECTION('',(-1.,0.,0.));
#690 = ADVANCED_FACE('',(#691),#709,.T.);
#691 = FACE_BOUND('',#692,.T.);
#692 = EDGE_LOOP('',(#693,#701,#702,#703));
#693 = ORIENTED_EDGE('',*,*,#694,.T.);
#694 = EDGE_CURVE('',#695,#671,#697,.T.);
#695 = VERTEX_POINT('',#696);
#696 = CARTESIAN_POINT('',(80.15,0.,-25.));
#697 = LINE('',#698,#699);
#698 = CARTESIAN_POINT('',(80.15,0.,-25.));
#699 = VECTOR('',#700,1.);
#700 = DIRECTION('',(0.,0.,-1.));
#701 = ORIENTED_EDGE('',*,*,#680,.T.);
#702 = ORIENTED_EDGE('',*,*,#65,.F.);
#703 = ORIENTED_EDGE('',*,*,#704,.F.);
#704 = EDGE_CURVE('',#695,#58,#705,.T.);
#705 = LINE('',#706,#707);
#706 = CARTESIAN_POINT('',(80.15,0.,-25.));
#707 = VECTOR('',#708,1.);
#708 = DIRECTION('',(0.,1.,0.));
#709 = PLANE('',#710);
#710 = AXIS2_PLACEMENT_3D('',#711,#712,#713);
#711 = CARTESIAN_POINT('',(80.15,0.,-25.));
#712 = DIRECTION('',(1.,0.,0.));
#713 = DIRECTION('',(0.,0.,-1.));
#714 = ADVANCED_FACE('',(#715),#726,.T.);
#715 = FACE_BOUND('',#716,.T.);
#716 = EDGE_LOOP('',(#717,#723,#724,#725));
#717 = ORIENTED_EDGE('',*,*,#718,.T.);
#718 = EDGE_CURVE('',#232,#695,#719,.T.);
#719 = LINE('',#720,#721);
#720 = CARTESIAN_POINT('',(0.,0.,-25.));
#721 = VECTOR('',#722,1.);
#722 = DIRECTION('',(1.,0.,0.));
#723 = ORIENTED_EDGE('',*,*,#704,.T.);
#724 = ORIENTED_EDGE('',*,*,#55,.F.);
#725 = ORIENTED_EDGE('',*,*,#241,.F.);
#726 = PLANE('',#727);
#727 = AXIS2_PLACEMENT_3D('',#728,#729,#730);
#728 = CARTESIAN_POINT('',(0.,0.,-25.));
#729 = DIRECTION('',(0.,0.,1.));
#730 = DIRECTION('',(1.,0.,-0.));
#731 = ADVANCED_FACE('',(#732),#755,.F.);
#732 = FACE_BOUND('',#733,.T.);
#733 = EDGE_LOOP('',(#734,#735,#736,#737,#738,#739,#740,#741,#742,#743,
    #744,#745,#746,#747,#748,#749,#750,#751,#752,#753,#754));
#734 = ORIENTED_EDGE('',*,*,#718,.F.);
#735 = ORIENTED_EDGE('',*,*,#231,.T.);
#736 = ORIENTED_EDGE('',*,*,#262,.T.);
#737 = ORIENTED_EDGE('',*,*,#286,.T.);
#738 = ORIENTED_EDGE('',*,*,#310,.T.);
#739 = ORIENTED_EDGE('',*,*,#334,.T.);
#740 = ORIENTED_EDGE('',*,*,#358,.T.);
#741 = ORIENTED_EDGE('',*,*,#382,.T.);
#742 = ORIENTED_EDGE('',*,*,#406,.T.);
#743 = ORIENTED_EDGE('',*,*,#430,.T.);
#744 = ORIENTED_EDGE('',*,*,#454,.T.);
#745 = ORIENTED_EDGE('',*,*,#478,.T.);
#746 = ORIENTED_EDGE('',*,*,#502,.T.);
#747 = ORIENTED_EDGE('',*,*,#526,.T.);
#748 = ORIENTED_EDGE('',*,*,#550,.T.);
#749 = ORIENTED_EDGE('',*,*,#574,.T.);
#750 = ORIENTED_EDGE('',*,*,#598,.F.);
#751 = ORIENTED_EDGE('',*,*,#622,.F.);
#752 = ORIENTED_EDGE('',*,*,#646,.F.);
#753 = ORIENTED_EDGE('',*,*,#670,.F.);
#754 = ORIENTED_EDGE('',*,*,#694,.F.);
#755 = PLANE('',#756);
#756 = AXIS2_PLACEMENT_3D('',#757,#758,#759);
#757 = CARTESIAN_POINT('',(40.075,0.,-49.075));
#758 = DIRECTION('',(0.,1.,0.));
#759 = DIRECTION('',(1.,0.,0.));
#760 = ( GEOMETRIC_REPRESENTATION_CONTEXT(3) 
GLOBAL_UNCERTAINTY_ASSIGNED_CONTEXT((#764)) GLOBAL_UNIT_ASSIGNED_CONTEXT
((#761,#762,#763)) REPRESENTATION_CONTEXT('Context #1',
  '3D Context with UNIT and UNCERTAINTY') );
#761 = ( LENGTH_UNIT() NAMED_UNIT(*) SI_UNIT(.MILLI.,.METRE.) );
#762 = ( NAMED_UNIT(*) PLANE_ANGLE_UNIT() SI_UNIT($,.RADIAN.) );
#763 = ( NAMED_UNIT(*) SI_UNIT($,.STERADIAN.) SOLID_ANGLE_UNIT() );
#764 = UNCERTAINTY_MEASURE_WITH_UNIT(LENGTH_MEASURE(1.E-07),#761,
  'distance_accuracy_value','confusion accuracy');
#765 = CONTEXT_DEPENDENT_SHAPE_REPRESENTATION(#766,#768);
#766 = ( REPRESENTATION_RELATIONSHIP('','',#48,#10) 
REPRESENTATION_RELATIONSHIP_WITH_TRANSFORMATION(#767) 
SHAPE_REPRESENTATION_RELATIONSHIP() );
#767 = ITEM_DEFINED_TRANSFORMATION('','',#11,#15);
#768 = PRODUCT_DEFINITION_SHAPE('Placement','Placement of an item',#769
  );
#769 = NEXT_ASSEMBLY_USAGE_OCCURRENCE('1','SC2','',#5,#43,$);
#770 = PRODUCT_RELATED_PRODUCT_CATEGORY('part',$,(#45));
#771 = CONTEXT_DEPENDENT_SHAPE_REPRESENTATION(#772,#774);
#772 = ( REPRESENTATION_RELATIONSHIP('','',#48,#10) 
REPRESENTATION_RELATIONSHIP_WITH_TRANSFORMATION(#773) 
SHAPE_REPRESENTATION_RELATIONSHIP() );
#773 = ITEM_DEFINED_TRANSFORMATION('','',#11,#19);
#774 = PRODUCT_DEFINITION_SHAPE('Placement','Placement of an item',#775
  );
#775 = NEXT_ASSEMBLY_USAGE_OCCURRENCE('2','SC12','',#5,#43,$);
#776 = CONTEXT_DEPENDENT_SHAPE_REPRESENTATION(#777,#779);
#777 = ( REPRESENTATION_RELATIONSHIP('','',#48,#10) 
REPRESENTATION_RELATIONSHIP_WITH_TRANSFORMATION(#778) 
SHAPE_REPRESENTATION_RELATIONSHIP() );
#778 = ITEM_DEFINED_TRANSFORMATION('','',#11,#23);
#779 = PRODUCT_DEFINITION_SHAPE('Placement','Placement of an item',#780
  );
#780 = NEXT_ASSEMBLY_USAGE_OCCURRENCE('3','SC13','',#5,#43,$);
#781 = SHAPE_DEFINITION_REPRESENTATION(#782,#788);
#782 = PRODUCT_DEFINITION_SHAPE('','',#783);
#783 = PRODUCT_DEFINITION('design','',#784,#787);
#784 = PRODUCT_DEFINITION_FORMATION('','',#785);
#785 = PRODUCT('DF13A-2P-1.25H','DF13A-2P-1.25H','',(#786));
#786 = PRODUCT_CONTEXT('',#2,'mechanical');
#787 = PRODUCT_DEFINITION_CONTEXT('part definition',#2,'design');
#788 = SHAPE_REPRESENTATION('',(#11,#789),#793);
#789 = AXIS2_PLACEMENT_3D('',#790,#791,#792);
#790 = CARTESIAN_POINT('',(25.,0.,0.));
#791 = DIRECTION('',(0.,0.,1.));
#792 = DIRECTION('',(1.,0.,0.));
#793 = ( GEOMETRIC_REPRESENTATION_CONTEXT(3) 
GLOBAL_UNCERTAINTY_ASSIGNED_CONTEXT((#797)) GLOBAL_UNIT_ASSIGNED_CONTEXT
((#794,#795,#796)) REPRESENTATION_CONTEXT('Context #1',
  '3D Context with UNIT and UNCERTAINTY') );
#794 = ( LENGTH_UNIT() NAMED_UNIT(*) SI_UNIT(.MILLI.,.METRE.) );
#795 = ( NAMED_UNIT(*) PLANE_ANGLE_UNIT() SI_UNIT($,.RADIAN.) );
#796 = ( NAMED_UNIT(*) SI_UNIT($,.STERADIAN.) SOLID_ANGLE_UNIT() );
#797 = UNCERTAINTY_MEASURE_WITH_UNIT(LENGTH_MEASURE(1.E-07),#794,
  'distance_accuracy_value','confusion accuracy');
#798 = CONTEXT_DEPENDENT_SHAPE_REPRESENTATION(#799,#801);
#799 = ( REPRESENTATION_RELATIONSHIP('','',#788,#10) 
REPRESENTATION_RELATIONSHIP_WITH_TRANSFORMATION(#800) 
SHAPE_REPRESENTATION_RELATIONSHIP() );
#800 = ITEM_DEFINED_TRANSFORMATION('','',#11,#27);
#801 = PRODUCT_DEFINITION_SHAPE('Placement','Placement of an item',#802
  );
#802 = NEXT_ASSEMBLY_USAGE_OCCURRENCE('5','Sepic1','',#5,#783,$);
#803 = PRODUCT_RELATED_PRODUCT_CATEGORY('part',$,(#785));
#804 = SHAPE_DEFINITION_REPRESENTATION(#805,#811);
#805 = PRODUCT_DEFINITION_SHAPE('','',#806);
#806 = PRODUCT_DEFINITION('design','',#807,#810);
#807 = PRODUCT_DEFINITION_FORMATION('','',#808);
#808 = PRODUCT('DF13A-2P-1.25HÈª','DF13A-2P-1.25HÈª','',(
    #809));
#809 = PRODUCT_CONTEXT('',#2,'mechanical');
#810 = PRODUCT_DEFINITION_CONTEXT('part definition',#2,'design');
#811 = ADVANCED_BREP_SHAPE_REPRESENTATION('',(#11,#812),#8170);
#812 = MANIFOLD_SOLID_BREP('',#813);
#813 = CLOSED_SHELL('',(#814,#854,#894,#934,#974,#1014,#1054,#1101,#1139
    ,#1179,#1219,#1243,#1292,#1332,#1381,#1412,#1452,#1492,#1539,#1579,
    #1642,#1705,#1857,#1890,#1981,#2019,#2050,#2074,#2096,#2137,#2161,
    #2201,#2232,#2271,#2293,#2351,#2433,#2464,#2518,#2564,#2664,#2705,
    #2722,#2753,#2785,#2814,#2852,#2874,#2897,#2944,#2977,#3060,#3082,
    #3122,#3160,#3172,#3196,#3266,#3297,#3337,#3369,#3387,#3404,#3466,
    #3506,#3524,#3555,#3586,#3617,#3659,#3690,#3722,#3754,#3792,#3832,
    #3863,#3894,#3918,#3935,#3964,#4005,#4027,#4045,#4062,#4079,#4097,
    #4122,#4139,#4157,#4182,#4194,#4247,#4278,#4295,#4307,#4325,#4401,
    #4427,#4454,#4487,#4513,#4529,#4541,#4558,#4570,#4588,#4600,#4612,
    #4629,#4641,#4653,#4665,#4682,#4701,#4721,#4733,#4775,#4817,#4859,
    #4883,#4923,#4952,#4981,#5017,#5029,#5041,#5063,#5075,#5087,#5214,
    #5245,#5278,#5317,#5394,#5443,#5474,#5503,#5532,#5549,#5566,#5585,
    #5597,#5614,#5653,#5687,#5704,#5716,#5740,#5753,#5778,#5825,#5856,
    #5872,#5896,#5920,#5939,#5965,#5977,#6037,#6093,#6124,#6148,#6172,
    #6268,#6315,#6339,#6385,#6402,#6435,#6451,#6495,#6527,#6552,#6569,
    #6594,#6611,#6638,#6685,#6709,#6733,#6758,#6780,#6878,#6910,#6934,
    #6967,#7009,#7049,#7091,#7154,#7190,#7230,#7254,#7287,#7345,#7362,
    #7381,#7405,#7442,#7466,#7497,#7521,#7648,#7665,#7677,#7700,#7717,
    #7729,#7746,#7758,#7784,#7796,#7810,#7827,#7858,#7889,#7913,#7930,
    #7968,#7992,#8009,#8020,#8032,#8054,#8066,#8082,#8106,#8120,#8141,
    #8158));
#814 = ADVANCED_FACE('',(#815),#849,.T.);
#815 = FACE_BOUND('',#816,.T.);
#816 = EDGE_LOOP('',(#817,#827,#835,#843));
#817 = ORIENTED_EDGE('',*,*,#818,.F.);
#818 = EDGE_CURVE('',#819,#821,#823,.T.);
#819 = VERTEX_POINT('',#820);
#820 = CARTESIAN_POINT('',(-1.717181,-1.630469,14.7));
#821 = VERTEX_POINT('',#822);
#822 = CARTESIAN_POINT('',(-1.717181,-0.830469,14.7));
#823 = LINE('',#824,#825);
#824 = CARTESIAN_POINT('',(-1.717181,-2.030469,14.7));
#825 = VECTOR('',#826,1.);
#826 = DIRECTION('',(0.,1.,0.));
#827 = ORIENTED_EDGE('',*,*,#828,.F.);
#828 = EDGE_CURVE('',#829,#819,#831,.T.);
#829 = VERTEX_POINT('',#830);
#830 = CARTESIAN_POINT('',(0.282819,-1.630469,14.7));
#831 = LINE('',#832,#833);
#832 = CARTESIAN_POINT('',(1.182819,-1.630469,14.7));
#833 = VECTOR('',#834,1.);
#834 = DIRECTION('',(-1.,0.,0.));
#835 = ORIENTED_EDGE('',*,*,#836,.T.);
#836 = EDGE_CURVE('',#829,#837,#839,.T.);
#837 = VERTEX_POINT('',#838);
#838 = CARTESIAN_POINT('',(0.282819,-0.830469,14.7));
#839 = LINE('',#840,#841);
#840 = CARTESIAN_POINT('',(0.282819,-0.930469,14.7));
#841 = VECTOR('',#842,1.);
#842 = DIRECTION('',(3.330669073875E-15,1.,0.));
#843 = ORIENTED_EDGE('',*,*,#844,.F.);
#844 = EDGE_CURVE('',#821,#837,#845,.T.);
#845 = LINE('',#846,#847);
#846 = CARTESIAN_POINT('',(0.,-0.830469,14.7));
#847 = VECTOR('',#848,1.);
#848 = DIRECTION('',(1.,-1.110223024625E-15,0.));
#849 = PLANE('',#850);
#850 = AXIS2_PLACEMENT_3D('',#851,#852,#853);
#851 = CARTESIAN_POINT('',(-0.165186447206,-1.387490615669,14.7));
#852 = DIRECTION('',(0.,0.,1.));
#853 = DIRECTION('',(1.,0.,-0.));
#854 = ADVANCED_FACE('',(#855),#889,.T.);
#855 = FACE_BOUND('',#856,.T.);
#856 = EDGE_LOOP('',(#857,#867,#875,#883));
#857 = ORIENTED_EDGE('',*,*,#858,.F.);
#858 = EDGE_CURVE('',#859,#861,#863,.T.);
#859 = VERTEX_POINT('',#860);
#860 = CARTESIAN_POINT('',(-2.017181,-2.230469,12.324));
#861 = VERTEX_POINT('',#862);
#862 = CARTESIAN_POINT('',(-2.017181,-1.530469,12.324));
#863 = LINE('',#864,#865);
#864 = CARTESIAN_POINT('',(-2.017181,-2.230469,12.324));
#865 = VECTOR('',#866,1.);
#866 = DIRECTION('',(0.,1.,0.));
#867 = ORIENTED_EDGE('',*,*,#868,.T.);
#868 = EDGE_CURVE('',#859,#869,#871,.T.);
#869 = VERTEX_POINT('',#870);
#870 = CARTESIAN_POINT('',(-1.017181,-2.230469,12.324));
#871 = LINE('',#872,#873);
#872 = CARTESIAN_POINT('',(-2.017181,-2.230469,12.324));
#873 = VECTOR('',#874,1.);
#874 = DIRECTION('',(1.,0.,0.));
#875 = ORIENTED_EDGE('',*,*,#876,.T.);
#876 = EDGE_CURVE('',#869,#877,#879,.T.);
#877 = VERTEX_POINT('',#878);
#878 = CARTESIAN_POINT('',(-1.017181,-1.530469,12.324));
#879 = LINE('',#880,#881);
#880 = CARTESIAN_POINT('',(-1.017181,0.,12.324));
#881 = VECTOR('',#882,1.);
#882 = DIRECTION('',(0.,1.,0.));
#883 = ORIENTED_EDGE('',*,*,#884,.F.);
#884 = EDGE_CURVE('',#861,#877,#885,.T.);
#885 = LINE('',#886,#887);
#886 = CARTESIAN_POINT('',(0.,-1.530469,12.324));
#887 = VECTOR('',#888,1.);
#888 = DIRECTION('',(1.,0.,0.));
#889 = PLANE('',#890);
#890 = AXIS2_PLACEMENT_3D('',#891,#892,#893);
#891 = CARTESIAN_POINT('',(-2.017181,-2.230469,12.324));
#892 = DIRECTION('',(0.,0.,1.));
#893 = DIRECTION('',(0.,-1.,0.));
#894 = ADVANCED_FACE('',(#895),#929,.T.);
#895 = FACE_BOUND('',#896,.T.);
#896 = EDGE_LOOP('',(#897,#907,#915,#923));
#897 = ORIENTED_EDGE('',*,*,#898,.T.);
#898 = EDGE_CURVE('',#899,#901,#903,.T.);
#899 = VERTEX_POINT('',#900);
#900 = CARTESIAN_POINT('',(-0.417181,1.269531,13.95));
#901 = VERTEX_POINT('',#902);
#902 = CARTESIAN_POINT('',(-0.417181,1.269531,14.15));
#903 = LINE('',#904,#905);
#904 = CARTESIAN_POINT('',(-0.417181,1.269531,8.125));
#905 = VECTOR('',#906,1.);
#906 = DIRECTION('',(1.124745541367E-32,0.,1.));
#907 = ORIENTED_EDGE('',*,*,#908,.T.);
#908 = EDGE_CURVE('',#901,#909,#911,.T.);
#909 = VERTEX_POINT('',#910);
#910 = CARTESIAN_POINT('',(-0.417181,1.219531,14.15));
#911 = LINE('',#912,#913);
#912 = CARTESIAN_POINT('',(-0.417181,-0.44765,14.15));
#913 = VECTOR('',#914,1.);
#914 = DIRECTION('',(-1.224606353822E-16,-1.,-6.123031769112E-17));
#915 = ORIENTED_EDGE('',*,*,#916,.F.);
#916 = EDGE_CURVE('',#917,#909,#919,.T.);
#917 = VERTEX_POINT('',#918);
#918 = CARTESIAN_POINT('',(-0.417181,1.219531,13.95));
#919 = LINE('',#920,#921);
#920 = CARTESIAN_POINT('',(-0.417181,1.219531,13.95));
#921 = VECTOR('',#922,1.);
#922 = DIRECTION('',(3.749151804555E-33,-6.123031769112E-17,1.));
#923 = ORIENTED_EDGE('',*,*,#924,.T.);
#924 = EDGE_CURVE('',#917,#899,#925,.T.);
#925 = LINE('',#926,#927);
#926 = CARTESIAN_POINT('',(-0.417181,0.,13.95));
#927 = VECTOR('',#928,1.);
#928 = DIRECTION('',(1.224606353822E-16,1.,0.));
#929 = PLANE('',#930);
#930 = AXIS2_PLACEMENT_3D('',#931,#932,#933);
#931 = CARTESIAN_POINT('',(-0.417181,1.369531,13.95));
#932 = DIRECTION('',(1.,-1.224606353822E-16,-1.124745541367E-32));
#933 = DIRECTION('',(1.224606353822E-16,1.,6.123031769112E-17));
#934 = ADVANCED_FACE('',(#935),#969,.T.);
#935 = FACE_BOUND('',#936,.T.);
#936 = EDGE_LOOP('',(#937,#947,#955,#963));
#937 = ORIENTED_EDGE('',*,*,#938,.F.);
#938 = EDGE_CURVE('',#939,#941,#943,.T.);
#939 = VERTEX_POINT('',#940);
#940 = CARTESIAN_POINT('',(-0.202181,-1.530469,12.675));
#941 = VERTEX_POINT('',#942);
#942 = CARTESIAN_POINT('',(-0.202181,-1.680469,12.675));
#943 = LINE('',#944,#945);
#944 = CARTESIAN_POINT('',(-0.202181,-0.398169597608,12.675));
#945 = VECTOR('',#946,1.);
#946 = DIRECTION('',(-3.700743415417E-16,-1.,0.));
#947 = ORIENTED_EDGE('',*,*,#948,.F.);
#948 = EDGE_CURVE('',#949,#939,#951,.T.);
#949 = VERTEX_POINT('',#950);
#950 = CARTESIAN_POINT('',(-0.202181,-1.530469,12.325));
#951 = LINE('',#952,#953);
#952 = CARTESIAN_POINT('',(-0.202181,-1.530469,8.125));
#953 = VECTOR('',#954,1.);
#954 = DIRECTION('',(0.,0.,1.));
#955 = ORIENTED_EDGE('',*,*,#956,.T.);
#956 = EDGE_CURVE('',#949,#957,#959,.T.);
#957 = VERTEX_POINT('',#958);
#958 = CARTESIAN_POINT('',(-0.202181,-1.680469,12.325));
#959 = LINE('',#960,#961);
#960 = CARTESIAN_POINT('',(-0.202181,-0.398169597608,12.325));
#961 = VECTOR('',#962,1.);
#962 = DIRECTION('',(-3.700743415417E-16,-1.,0.));
#963 = ORIENTED_EDGE('',*,*,#964,.F.);
#964 = EDGE_CURVE('',#941,#957,#965,.T.);
#965 = LINE('',#966,#967);
#966 = CARTESIAN_POINT('',(-0.202181,-1.680469,12.675));
#967 = VECTOR('',#968,1.);
#968 = DIRECTION('',(0.,0.,-1.));
#969 = PLANE('',#970);
#970 = AXIS2_PLACEMENT_3D('',#971,#972,#973);
#971 = CARTESIAN_POINT('',(-0.202181,1.769531,12.675));
#972 = DIRECTION('',(-1.,3.700743415417E-16,0.));
#973 = DIRECTION('',(-3.700743415417E-16,-1.,0.));
#974 = ADVANCED_FACE('',(#975),#1009,.T.);
#975 = FACE_BOUND('',#976,.T.);
#976 = EDGE_LOOP('',(#977,#987,#995,#1003));
#977 = ORIENTED_EDGE('',*,*,#978,.T.);
#978 = EDGE_CURVE('',#979,#981,#983,.T.);
#979 = VERTEX_POINT('',#980);
#980 = CARTESIAN_POINT('',(0.582819,-2.030469,12.975));
#981 = VERTEX_POINT('',#982);
#982 = CARTESIAN_POINT('',(0.582819,-2.030469,13.95));
#983 = LINE('',#984,#985);
#984 = CARTESIAN_POINT('',(0.582819,-2.030469,8.125));
#985 = VECTOR('',#986,1.);
#986 = DIRECTION('',(0.,0.,1.));
#987 = ORIENTED_EDGE('',*,*,#988,.T.);
#988 = EDGE_CURVE('',#981,#989,#991,.T.);
#989 = VERTEX_POINT('',#990);
#990 = CARTESIAN_POINT('',(0.582819,-1.530469,13.95));
#991 = LINE('',#992,#993);
#992 = CARTESIAN_POINT('',(0.582819,0.,13.95));
#993 = VECTOR('',#994,1.);
#994 = DIRECTION('',(0.,1.,0.));
#995 = ORIENTED_EDGE('',*,*,#996,.F.);
#996 = EDGE_CURVE('',#997,#989,#999,.T.);
#997 = VERTEX_POINT('',#998);
#998 = CARTESIAN_POINT('',(0.582819,-1.530469,12.975));
#999 = LINE('',#1000,#1001);
#1000 = CARTESIAN_POINT('',(0.582819,-1.530469,8.125));
#1001 = VECTOR('',#1002,1.);
#1002 = DIRECTION('',(0.,0.,1.));
#1003 = ORIENTED_EDGE('',*,*,#1004,.F.);
#1004 = EDGE_CURVE('',#979,#997,#1005,.T.);
#1005 = LINE('',#1006,#1007);
#1006 = CARTESIAN_POINT('',(0.582819,0.,12.975));
#1007 = VECTOR('',#1008,1.);
#1008 = DIRECTION('',(0.,1.,0.));
#1009 = PLANE('',#1010);
#1010 = AXIS2_PLACEMENT_3D('',#1011,#1012,#1013);
#1011 = CARTESIAN_POINT('',(0.582819,-1.757510499638,12.594453885581));
#1012 = DIRECTION('',(-1.,0.,0.));
#1013 = DIRECTION('',(0.,-1.,0.));
#1014 = ADVANCED_FACE('',(#1015),#1049,.T.);
#1015 = FACE_BOUND('',#1016,.T.);
#1016 = EDGE_LOOP('',(#1017,#1027,#1035,#1043));
#1017 = ORIENTED_EDGE('',*,*,#1018,.F.);
#1018 = EDGE_CURVE('',#1019,#1021,#1023,.T.);
#1019 = VERTEX_POINT('',#1020);
#1020 = CARTESIAN_POINT('',(-2.417181,-2.230469,12.325));
#1021 = VERTEX_POINT('',#1022);
#1022 = CARTESIAN_POINT('',(-2.417181,-2.230469,12.675));
#1023 = LINE('',#1024,#1025);
#1024 = CARTESIAN_POINT('',(-2.417181,-2.230469,12.675));
#1025 = VECTOR('',#1026,1.);
#1026 = DIRECTION('',(0.,0.,1.));
#1027 = ORIENTED_EDGE('',*,*,#1028,.T.);
#1028 = EDGE_CURVE('',#1019,#1029,#1031,.T.);
#1029 = VERTEX_POINT('',#1030);
#1030 = CARTESIAN_POINT('',(-2.417181,-3.430469,12.325));
#1031 = LINE('',#1032,#1033);
#1032 = CARTESIAN_POINT('',(-2.417181,-0.398169597608,12.325));
#1033 = VECTOR('',#1034,1.);
#1034 = DIRECTION('',(0.,-1.,0.));
#1035 = ORIENTED_EDGE('',*,*,#1036,.F.);
#1036 = EDGE_CURVE('',#1037,#1029,#1039,.T.);
#1037 = VERTEX_POINT('',#1038);
#1038 = CARTESIAN_POINT('',(-2.417181,-3.430469,12.675));
#1039 = LINE('',#1040,#1041);
#1040 = CARTESIAN_POINT('',(-2.417181,-3.430469,12.675));
#1041 = VECTOR('',#1042,1.);
#1042 = DIRECTION('',(0.,0.,-1.));
#1043 = ORIENTED_EDGE('',*,*,#1044,.F.);
#1044 = EDGE_CURVE('',#1021,#1037,#1045,.T.);
#1045 = LINE('',#1046,#1047);
#1046 = CARTESIAN_POINT('',(-2.417181,-0.398169597608,12.675));
#1047 = VECTOR('',#1048,1.);
#1048 = DIRECTION('',(0.,-1.,0.));
#1049 = PLANE('',#1050);
#1050 = AXIS2_PLACEMENT_3D('',#1051,#1052,#1053);
#1051 = CARTESIAN_POINT('',(-2.417181,-1.780469,12.675));
#1052 = DIRECTION('',(-1.,0.,0.));
#1053 = DIRECTION('',(0.,-1.,0.));
#1054 = ADVANCED_FACE('',(#1055),#1096,.F.);
#1055 = FACE_BOUND('',#1056,.T.);
#1056 = EDGE_LOOP('',(#1057,#1067,#1075,#1081,#1082,#1090));
#1057 = ORIENTED_EDGE('',*,*,#1058,.T.);
#1058 = EDGE_CURVE('',#1059,#1061,#1063,.T.);
#1059 = VERTEX_POINT('',#1060);
#1060 = CARTESIAN_POINT('',(-1.717181,-1.130469,14.16));
#1061 = VERTEX_POINT('',#1062);
#1062 = CARTESIAN_POINT('',(-1.717181,-1.130469,13.95));
#1063 = LINE('',#1064,#1065);
#1064 = CARTESIAN_POINT('',(-1.717181,-1.130469,13.95));
#1065 = VECTOR('',#1066,1.);
#1066 = DIRECTION('',(0.,0.,-1.));
#1067 = ORIENTED_EDGE('',*,*,#1068,.T.);
#1068 = EDGE_CURVE('',#1061,#1069,#1071,.T.);
#1069 = VERTEX_POINT('',#1070);
#1070 = CARTESIAN_POINT('',(-1.717181,-1.630469,13.95));
#1071 = LINE('',#1072,#1073);
#1072 = CARTESIAN_POINT('',(-1.717181,0.,13.95));
#1073 = VECTOR('',#1074,1.);
#1074 = DIRECTION('',(0.,-1.,0.));
#1075 = ORIENTED_EDGE('',*,*,#1076,.F.);
#1076 = EDGE_CURVE('',#819,#1069,#1077,.T.);
#1077 = LINE('',#1078,#1079);
#1078 = CARTESIAN_POINT('',(-1.717181,-1.630469,13.95));
#1079 = VECTOR('',#1080,1.);
#1080 = DIRECTION('',(0.,0.,-1.));
#1081 = ORIENTED_EDGE('',*,*,#818,.T.);
#1082 = ORIENTED_EDGE('',*,*,#1083,.F.);
#1083 = EDGE_CURVE('',#1084,#821,#1086,.T.);
#1084 = VERTEX_POINT('',#1085);
#1085 = CARTESIAN_POINT('',(-1.717181,-0.830469,14.16));
#1086 = LINE('',#1087,#1088);
#1087 = CARTESIAN_POINT('',(-1.717181,-0.830469,8.125));
#1088 = VECTOR('',#1089,1.);
#1089 = DIRECTION('',(0.,0.,1.));
#1090 = ORIENTED_EDGE('',*,*,#1091,.F.);
#1091 = EDGE_CURVE('',#1059,#1084,#1092,.T.);
#1092 = LINE('',#1093,#1094);
#1093 = CARTESIAN_POINT('',(-1.717181,0.,14.16));
#1094 = VECTOR('',#1095,1.);
#1095 = DIRECTION('',(1.110223024625E-15,1.,0.));
#1096 = PLANE('',#1097);
#1097 = AXIS2_PLACEMENT_3D('',#1098,#1099,#1100);
#1098 = CARTESIAN_POINT('',(-1.717181,-0.900529677232,6.650206640055));
#1099 = DIRECTION('',(1.,0.,0.));
#1100 = DIRECTION('',(-0.,1.,0.));
#1101 = ADVANCED_FACE('',(#1102),#1134,.F.);
#1102 = FACE_BOUND('',#1103,.T.);
#1103 = EDGE_LOOP('',(#1104,#1114,#1120,#1128));
#1104 = ORIENTED_EDGE('',*,*,#1105,.F.);
#1105 = EDGE_CURVE('',#1106,#1108,#1110,.T.);
#1106 = VERTEX_POINT('',#1107);
#1107 = CARTESIAN_POINT('',(-2.067181,-3.430469,12.675));
#1108 = VERTEX_POINT('',#1109);
#1109 = CARTESIAN_POINT('',(-2.142181,-3.730469,12.6));
#1110 = LINE('',#1111,#1112);
#1111 = CARTESIAN_POINT('',(-1.309106149402,-0.398169597608,
    13.433074850598));
#1112 = VECTOR('',#1113,1.);
#1113 = DIRECTION('',(-0.235702260396,-0.942809041582,-0.235702260396));
#1114 = ORIENTED_EDGE('',*,*,#1115,.T.);
#1115 = EDGE_CURVE('',#1106,#1037,#1116,.T.);
#1116 = LINE('',#1117,#1118);
#1117 = CARTESIAN_POINT('',(-6.453477941594E-03,-3.430469,12.675));
#1118 = VECTOR('',#1119,1.);
#1119 = DIRECTION('',(-1.,0.,0.));
#1120 = ORIENTED_EDGE('',*,*,#1121,.F.);
#1121 = EDGE_CURVE('',#1122,#1037,#1124,.T.);
#1122 = VERTEX_POINT('',#1123);
#1123 = CARTESIAN_POINT('',(-2.342181,-3.730469,12.6));
#1124 = LINE('',#1125,#1126);
#1125 = CARTESIAN_POINT('',(-3.175255850598,-0.398169597608,
    13.433074850598));
#1126 = VECTOR('',#1127,1.);
#1127 = DIRECTION('',(-0.235702260396,0.942809041582,0.235702260396));
#1128 = ORIENTED_EDGE('',*,*,#1129,.T.);
#1129 = EDGE_CURVE('',#1122,#1108,#1130,.T.);
#1130 = LINE('',#1131,#1132);
#1131 = CARTESIAN_POINT('',(-6.453477941594E-03,-3.730469,12.6));
#1132 = VECTOR('',#1133,1.);
#1133 = DIRECTION('',(1.,0.,0.));
#1134 = PLANE('',#1135);
#1135 = AXIS2_PLACEMENT_3D('',#1136,#1137,#1138);
#1136 = CARTESIAN_POINT('',(-2.6736834,-3.430469,12.675));
#1137 = DIRECTION('',(0.,0.242535625036,-0.970142500145));
#1138 = DIRECTION('',(0.,-0.970142500145,-0.242535625036));
#1139 = ADVANCED_FACE('',(#1140),#1174,.T.);
#1140 = FACE_BOUND('',#1141,.T.);
#1141 = EDGE_LOOP('',(#1142,#1152,#1160,#1168));
#1142 = ORIENTED_EDGE('',*,*,#1143,.F.);
#1143 = EDGE_CURVE('',#1144,#1146,#1148,.T.);
#1144 = VERTEX_POINT('',#1145);
#1145 = CARTESIAN_POINT('',(-1.717181,0.969531,14.7));
#1146 = VERTEX_POINT('',#1147);
#1147 = CARTESIAN_POINT('',(-1.717181,1.769531,14.7));
#1148 = LINE('',#1149,#1150);
#1149 = CARTESIAN_POINT('',(-1.717181,-2.030469,14.7));
#1150 = VECTOR('',#1151,1.);
#1151 = DIRECTION('',(0.,1.,0.));
#1152 = ORIENTED_EDGE('',*,*,#1153,.F.);
#1153 = EDGE_CURVE('',#1154,#1144,#1156,.T.);
#1154 = VERTEX_POINT('',#1155);
#1155 = CARTESIAN_POINT('',(0.282819,0.969531,14.7));
#1156 = LINE('',#1157,#1158);
#1157 = CARTESIAN_POINT('',(0.,0.969531,14.7));
#1158 = VECTOR('',#1159,1.);
#1159 = DIRECTION('',(-1.,0.,0.));
#1160 = ORIENTED_EDGE('',*,*,#1161,.T.);
#1161 = EDGE_CURVE('',#1154,#1162,#1164,.T.);
#1162 = VERTEX_POINT('',#1163);
#1163 = CARTESIAN_POINT('',(0.282819,1.769531,14.7));
#1164 = LINE('',#1165,#1166);
#1165 = CARTESIAN_POINT('',(0.282819,0.969531,14.7));
#1166 = VECTOR('',#1167,1.);
#1167 = DIRECTION('',(-3.330669073875E-15,1.,0.));
#1168 = ORIENTED_EDGE('',*,*,#1169,.T.);
#1169 = EDGE_CURVE('',#1162,#1146,#1170,.T.);
#1170 = LINE('',#1171,#1172);
#1171 = CARTESIAN_POINT('',(1.182819,1.769531,14.7));
#1172 = VECTOR('',#1173,1.);
#1173 = DIRECTION('',(-1.,0.,0.));
#1174 = PLANE('',#1175);
#1175 = AXIS2_PLACEMENT_3D('',#1176,#1177,#1178);
#1176 = CARTESIAN_POINT('',(1.182819,1.769531,14.7));
#1177 = DIRECTION('',(0.,0.,1.));
#1178 = DIRECTION('',(0.,1.,0.));
#1179 = ADVANCED_FACE('',(#1180),#1214,.F.);
#1180 = FACE_BOUND('',#1181,.T.);
#1181 = EDGE_LOOP('',(#1182,#1192,#1200,#1208));
#1182 = ORIENTED_EDGE('',*,*,#1183,.T.);
#1183 = EDGE_CURVE('',#1184,#1186,#1188,.T.);
#1184 = VERTEX_POINT('',#1185);
#1185 = CARTESIAN_POINT('',(1.082819,1.769531,14.45));
#1186 = VERTEX_POINT('',#1187);
#1187 = CARTESIAN_POINT('',(0.282819,1.769531,14.45));
#1188 = LINE('',#1189,#1190);
#1189 = CARTESIAN_POINT('',(1.082819,1.769531,14.45));
#1190 = VECTOR('',#1191,1.);
#1191 = DIRECTION('',(-1.,1.224606353822E-16,3.215020689727E-32));
#1192 = ORIENTED_EDGE('',*,*,#1193,.F.);
#1193 = EDGE_CURVE('',#1194,#1186,#1196,.T.);
#1194 = VERTEX_POINT('',#1195);
#1195 = CARTESIAN_POINT('',(0.282819,1.569531,14.45));
#1196 = LINE('',#1197,#1198);
#1197 = CARTESIAN_POINT('',(0.282819,0.,14.45));
#1198 = VECTOR('',#1199,1.);
#1199 = DIRECTION('',(0.,1.,6.123031769112E-17));
#1200 = ORIENTED_EDGE('',*,*,#1201,.F.);
#1201 = EDGE_CURVE('',#1202,#1194,#1204,.T.);
#1202 = VERTEX_POINT('',#1203);
#1203 = CARTESIAN_POINT('',(1.082819,1.569531,14.45));
#1204 = LINE('',#1205,#1206);
#1205 = CARTESIAN_POINT('',(1.082819,1.569531,14.45));
#1206 = VECTOR('',#1207,1.);
#1207 = DIRECTION('',(-1.,1.224606353822E-16,3.215020689727E-32));
#1208 = ORIENTED_EDGE('',*,*,#1209,.F.);
#1209 = EDGE_CURVE('',#1184,#1202,#1210,.T.);
#1210 = LINE('',#1211,#1212);
#1211 = CARTESIAN_POINT('',(1.082819,-0.44765,14.45));
#1212 = VECTOR('',#1213,1.);
#1213 = DIRECTION('',(-1.224606353822E-16,-1.,-6.123031769112E-17));
#1214 = PLANE('',#1215);
#1215 = AXIS2_PLACEMENT_3D('',#1216,#1217,#1218);
#1216 = CARTESIAN_POINT('',(1.082819,1.569531,14.45));
#1217 = DIRECTION('',(-2.465190328816E-32,6.123031769112E-17,-1.));
#1218 = DIRECTION('',(-1.224606353822E-16,-1.,-6.123031769112E-17));
#1219 = ADVANCED_FACE('',(#1220),#1238,.T.);
#1220 = FACE_BOUND('',#1221,.T.);
#1221 = EDGE_LOOP('',(#1222,#1223,#1231,#1237));
#1222 = ORIENTED_EDGE('',*,*,#844,.T.);
#1223 = ORIENTED_EDGE('',*,*,#1224,.T.);
#1224 = EDGE_CURVE('',#837,#1225,#1227,.T.);
#1225 = VERTEX_POINT('',#1226);
#1226 = CARTESIAN_POINT('',(0.282819,-0.830469,14.16));
#1227 = LINE('',#1228,#1229);
#1228 = CARTESIAN_POINT('',(0.282819,-0.830469,8.125));
#1229 = VECTOR('',#1230,1.);
#1230 = DIRECTION('',(0.,0.,-1.));
#1231 = ORIENTED_EDGE('',*,*,#1232,.T.);
#1232 = EDGE_CURVE('',#1225,#1084,#1233,.T.);
#1233 = LINE('',#1234,#1235);
#1234 = CARTESIAN_POINT('',(0.,-0.830469,14.16));
#1235 = VECTOR('',#1236,1.);
#1236 = DIRECTION('',(-1.,1.110223024625E-15,0.));
#1237 = ORIENTED_EDGE('',*,*,#1083,.T.);
#1238 = PLANE('',#1239);
#1239 = AXIS2_PLACEMENT_3D('',#1240,#1241,#1242);
#1240 = CARTESIAN_POINT('',(-4.365896180731E-02,-0.830469,
    14.303516746787));
#1241 = DIRECTION('',(1.110223024625E-15,1.,0.));
#1242 = DIRECTION('',(-1.,1.110223024625E-15,0.));
#1243 = ADVANCED_FACE('',(#1244),#1287,.T.);
#1244 = FACE_BOUND('',#1245,.T.);
#1245 = EDGE_LOOP('',(#1246,#1256,#1264,#1272,#1281));
#1246 = ORIENTED_EDGE('',*,*,#1247,.F.);
#1247 = EDGE_CURVE('',#1248,#1250,#1252,.T.);
#1248 = VERTEX_POINT('',#1249);
#1249 = CARTESIAN_POINT('',(-1.017181,-1.530469,12.675));
#1250 = VERTEX_POINT('',#1251);
#1251 = CARTESIAN_POINT('',(-2.017181,-1.530469,12.675));
#1252 = LINE('',#1253,#1254);
#1253 = CARTESIAN_POINT('',(0.,-1.530469,12.675));
#1254 = VECTOR('',#1255,1.);
#1255 = DIRECTION('',(-1.,0.,0.));
#1256 = ORIENTED_EDGE('',*,*,#1257,.F.);
#1257 = EDGE_CURVE('',#1258,#1248,#1260,.T.);
#1258 = VERTEX_POINT('',#1259);
#1259 = CARTESIAN_POINT('',(-1.017181,-1.780469,12.675));
#1260 = LINE('',#1261,#1262);
#1261 = CARTESIAN_POINT('',(-1.017181,0.,12.675));
#1262 = VECTOR('',#1263,1.);
#1263 = DIRECTION('',(0.,1.,0.));
#1264 = ORIENTED_EDGE('',*,*,#1265,.F.);
#1265 = EDGE_CURVE('',#1266,#1258,#1268,.T.);
#1266 = VERTEX_POINT('',#1267);
#1267 = CARTESIAN_POINT('',(-1.967181,-1.780469,12.675));
#1268 = LINE('',#1269,#1270);
#1269 = CARTESIAN_POINT('',(0.,-1.780469,12.675));
#1270 = VECTOR('',#1271,1.);
#1271 = DIRECTION('',(1.,0.,0.));
#1272 = ORIENTED_EDGE('',*,*,#1273,.T.);
#1273 = EDGE_CURVE('',#1266,#1274,#1276,.T.);
#1274 = VERTEX_POINT('',#1275);
#1275 = CARTESIAN_POINT('',(-2.017181,-1.7832554045,12.675));
#1276 = CIRCLE('',#1277,0.45);
#1277 = AXIS2_PLACEMENT_3D('',#1278,#1279,#1280);
#1278 = CARTESIAN_POINT('',(-1.967181,-2.230469,12.675));
#1279 = DIRECTION('',(0.,0.,1.));
#1280 = DIRECTION('',(1.,0.,-0.));
#1281 = ORIENTED_EDGE('',*,*,#1282,.T.);
#1282 = EDGE_CURVE('',#1274,#1250,#1283,.T.);
#1283 = LINE('',#1284,#1285);
#1284 = CARTESIAN_POINT('',(-2.017181,0.,12.675));
#1285 = VECTOR('',#1286,1.);
#1286 = DIRECTION('',(0.,1.,0.));
#1287 = PLANE('',#1288);
#1288 = AXIS2_PLACEMENT_3D('',#1289,#1290,#1291);
#1289 = CARTESIAN_POINT('',(-2.5571834,-1.530469,12.675));
#1290 = DIRECTION('',(0.,0.,-1.));
#1291 = DIRECTION('',(0.,-1.,0.));
#1292 = ADVANCED_FACE('',(#1293),#1327,.F.);
#1293 = FACE_BOUND('',#1294,.T.);
#1294 = EDGE_LOOP('',(#1295,#1305,#1313,#1321));
#1295 = ORIENTED_EDGE('',*,*,#1296,.T.);
#1296 = EDGE_CURVE('',#1297,#1299,#1301,.T.);
#1297 = VERTEX_POINT('',#1298);
#1298 = CARTESIAN_POINT('',(-0.127181,2.169531,12.6));
#1299 = VERTEX_POINT('',#1300);
#1300 = CARTESIAN_POINT('',(-0.202181,1.869531,12.675));
#1301 = LINE('',#1302,#1303);
#1302 = CARTESIAN_POINT('',(-0.769106149402,-0.398169597608,
    13.241925149402));
#1303 = VECTOR('',#1304,1.);
#1304 = DIRECTION('',(-0.235702260396,-0.942809041582,0.235702260396));
#1305 = ORIENTED_EDGE('',*,*,#1306,.F.);
#1306 = EDGE_CURVE('',#1307,#1299,#1309,.T.);
#1307 = VERTEX_POINT('',#1308);
#1308 = CARTESIAN_POINT('',(0.147819,1.869531,12.675));
#1309 = LINE('',#1310,#1311);
#1310 = CARTESIAN_POINT('',(-6.453477941594E-03,1.869531,12.675));
#1311 = VECTOR('',#1312,1.);
#1312 = DIRECTION('',(-1.,-2.312964634636E-17,0.));
#1313 = ORIENTED_EDGE('',*,*,#1314,.T.);
#1314 = EDGE_CURVE('',#1307,#1315,#1317,.T.);
#1315 = VERTEX_POINT('',#1316);
#1316 = CARTESIAN_POINT('',(7.2819E-02,2.169531,12.6));
#1317 = LINE('',#1318,#1319);
#1318 = CARTESIAN_POINT('',(0.714744149402,-0.398169597608,
    13.241925149402));
#1319 = VECTOR('',#1320,1.);
#1320 = DIRECTION('',(-0.235702260396,0.942809041582,-0.235702260396));
#1321 = ORIENTED_EDGE('',*,*,#1322,.T.);
#1322 = EDGE_CURVE('',#1315,#1297,#1323,.T.);
#1323 = LINE('',#1324,#1325);
#1324 = CARTESIAN_POINT('',(-6.453477941594E-03,2.169531,12.6));
#1325 = VECTOR('',#1326,1.);
#1326 = DIRECTION('',(-1.,0.,-5.782411586589E-18));
#1327 = PLANE('',#1328);
#1328 = AXIS2_PLACEMENT_3D('',#1329,#1330,#1331);
#1329 = CARTESIAN_POINT('',(-2.6736834,2.169531,12.6));
#1330 = DIRECTION('',(5.609763233483E-18,-0.242535625036,-0.970142500145
    ));
#1331 = DIRECTION('',(2.243905293393E-17,-0.970142500145,0.242535625036)
  );
#1332 = ADVANCED_FACE('',(#1333),#1376,.T.);
#1333 = FACE_BOUND('',#1334,.T.);
#1334 = EDGE_LOOP('',(#1335,#1346,#1354,#1362,#1370));
#1335 = ORIENTED_EDGE('',*,*,#1336,.T.);
#1336 = EDGE_CURVE('',#1337,#1339,#1341,.T.);
#1337 = VERTEX_POINT('',#1338);
#1338 = CARTESIAN_POINT('',(-2.017181,-2.143866459622,12.675));
#1339 = VERTEX_POINT('',#1340);
#1340 = CARTESIAN_POINT('',(-1.967181,-2.130469,12.675));
#1341 = CIRCLE('',#1342,0.1);
#1342 = AXIS2_PLACEMENT_3D('',#1343,#1344,#1345);
#1343 = CARTESIAN_POINT('',(-1.967181,-2.230469,12.675));
#1344 = DIRECTION('',(0.,0.,-1.));
#1345 = DIRECTION('',(-1.,0.,0.));
#1346 = ORIENTED_EDGE('',*,*,#1347,.F.);
#1347 = EDGE_CURVE('',#1348,#1339,#1350,.T.);
#1348 = VERTEX_POINT('',#1349);
#1349 = CARTESIAN_POINT('',(-1.017181,-2.130469,12.675));
#1350 = LINE('',#1351,#1352);
#1351 = CARTESIAN_POINT('',(0.,-2.130469,12.675));
#1352 = VECTOR('',#1353,1.);
#1353 = DIRECTION('',(-1.,0.,0.));
#1354 = ORIENTED_EDGE('',*,*,#1355,.F.);
#1355 = EDGE_CURVE('',#1356,#1348,#1358,.T.);
#1356 = VERTEX_POINT('',#1357);
#1357 = CARTESIAN_POINT('',(-1.017181,-2.230469,12.675));
#1358 = LINE('',#1359,#1360);
#1359 = CARTESIAN_POINT('',(-1.017181,0.,12.675));
#1360 = VECTOR('',#1361,1.);
#1361 = DIRECTION('',(0.,1.,0.));
#1362 = ORIENTED_EDGE('',*,*,#1363,.F.);
#1363 = EDGE_CURVE('',#1364,#1356,#1366,.T.);
#1364 = VERTEX_POINT('',#1365);
#1365 = CARTESIAN_POINT('',(-2.017181,-2.230469,12.675));
#1366 = LINE('',#1367,#1368);
#1367 = CARTESIAN_POINT('',(-2.017181,-2.230469,12.675));
#1368 = VECTOR('',#1369,1.);
#1369 = DIRECTION('',(1.,0.,0.));
#1370 = ORIENTED_EDGE('',*,*,#1371,.T.);
#1371 = EDGE_CURVE('',#1364,#1337,#1372,.T.);
#1372 = LINE('',#1373,#1374);
#1373 = CARTESIAN_POINT('',(-2.017181,0.,12.675));
#1374 = VECTOR('',#1375,1.);
#1375 = DIRECTION('',(0.,1.,0.));
#1376 = PLANE('',#1377);
#1377 = AXIS2_PLACEMENT_3D('',#1378,#1379,#1380);
#1378 = CARTESIAN_POINT('',(-2.5571834,-1.530469,12.675));
#1379 = DIRECTION('',(0.,0.,-1.));
#1380 = DIRECTION('',(0.,-1.,0.));
#1381 = ADVANCED_FACE('',(#1382),#1407,.T.);
#1382 = FACE_BOUND('',#1383,.T.);
#1383 = EDGE_LOOP('',(#1384,#1394,#1400,#1401));
#1384 = ORIENTED_EDGE('',*,*,#1385,.F.);
#1385 = EDGE_CURVE('',#1386,#1388,#1390,.T.);
#1386 = VERTEX_POINT('',#1387);
#1387 = CARTESIAN_POINT('',(0.782819,-2.030469,12.975));
#1388 = VERTEX_POINT('',#1389);
#1389 = CARTESIAN_POINT('',(0.782819,-1.530469,12.975));
#1390 = LINE('',#1391,#1392);
#1391 = CARTESIAN_POINT('',(0.782819,0.,12.975));
#1392 = VECTOR('',#1393,1.);
#1393 = DIRECTION('',(0.,1.,0.));
#1394 = ORIENTED_EDGE('',*,*,#1395,.T.);
#1395 = EDGE_CURVE('',#1386,#979,#1396,.T.);
#1396 = LINE('',#1397,#1398);
#1397 = CARTESIAN_POINT('',(0.,-2.030469,12.975));
#1398 = VECTOR('',#1399,1.);
#1399 = DIRECTION('',(-1.,0.,0.));
#1400 = ORIENTED_EDGE('',*,*,#1004,.T.);
#1401 = ORIENTED_EDGE('',*,*,#1402,.F.);
#1402 = EDGE_CURVE('',#1388,#997,#1403,.T.);
#1403 = LINE('',#1404,#1405);
#1404 = CARTESIAN_POINT('',(0.,-1.530469,12.975));
#1405 = VECTOR('',#1406,1.);
#1406 = DIRECTION('',(-1.,0.,0.));
#1407 = PLANE('',#1408);
#1408 = AXIS2_PLACEMENT_3D('',#1409,#1410,#1411);
#1409 = CARTESIAN_POINT('',(0.782819,-2.030469,12.975));
#1410 = DIRECTION('',(0.,0.,-1.));
#1411 = DIRECTION('',(0.,1.,0.));
#1412 = ADVANCED_FACE('',(#1413),#1447,.T.);
#1413 = FACE_BOUND('',#1414,.T.);
#1414 = EDGE_LOOP('',(#1415,#1425,#1433,#1441));
#1415 = ORIENTED_EDGE('',*,*,#1416,.F.);
#1416 = EDGE_CURVE('',#1417,#1419,#1421,.T.);
#1417 = VERTEX_POINT('',#1418);
#1418 = CARTESIAN_POINT('',(-1.567181,0.969531,10.775));
#1419 = VERTEX_POINT('',#1420);
#1420 = CARTESIAN_POINT('',(-1.567181,0.969531,12.975));
#1421 = LINE('',#1422,#1423);
#1422 = CARTESIAN_POINT('',(-1.567181,0.969531,25.625));
#1423 = VECTOR('',#1424,1.);
#1424 = DIRECTION('',(0.,0.,1.));
#1425 = ORIENTED_EDGE('',*,*,#1426,.F.);
#1426 = EDGE_CURVE('',#1427,#1417,#1429,.T.);
#1427 = VERTEX_POINT('',#1428);
#1428 = CARTESIAN_POINT('',(-2.217181,0.969531,10.775));
#1429 = LINE('',#1430,#1431);
#1430 = CARTESIAN_POINT('',(-2.217181,0.969531,10.775));
#1431 = VECTOR('',#1432,1.);
#1432 = DIRECTION('',(1.,1.224606353822E-16,0.));
#1433 = ORIENTED_EDGE('',*,*,#1434,.F.);
#1434 = EDGE_CURVE('',#1435,#1427,#1437,.T.);
#1435 = VERTEX_POINT('',#1436);
#1436 = CARTESIAN_POINT('',(-2.217181,0.969531,12.975));
#1437 = LINE('',#1438,#1439);
#1438 = CARTESIAN_POINT('',(-2.217181,0.969531,15.625));
#1439 = VECTOR('',#1440,1.);
#1440 = DIRECTION('',(0.,0.,-1.));
#1441 = ORIENTED_EDGE('',*,*,#1442,.T.);
#1442 = EDGE_CURVE('',#1435,#1419,#1443,.T.);
#1443 = LINE('',#1444,#1445);
#1444 = CARTESIAN_POINT('',(-2.217181,0.969531,12.975));
#1445 = VECTOR('',#1446,1.);
#1446 = DIRECTION('',(1.,0.,0.));
#1447 = PLANE('',#1448);
#1448 = AXIS2_PLACEMENT_3D('',#1449,#1450,#1451);
#1449 = CARTESIAN_POINT('',(-1.967181,0.969531,28.425));
#1450 = DIRECTION('',(0.,1.,0.));
#1451 = DIRECTION('',(0.,0.,-1.));
#1452 = ADVANCED_FACE('',(#1453),#1487,.F.);
#1453 = FACE_BOUND('',#1454,.T.);
#1454 = EDGE_LOOP('',(#1455,#1465,#1473,#1481));
#1455 = ORIENTED_EDGE('',*,*,#1456,.T.);
#1456 = EDGE_CURVE('',#1457,#1459,#1461,.T.);
#1457 = VERTEX_POINT('',#1458);
#1458 = CARTESIAN_POINT('',(-0.202181,1.869531,12.325));
#1459 = VERTEX_POINT('',#1460);
#1460 = CARTESIAN_POINT('',(-0.127181,2.169531,12.4));
#1461 = LINE('',#1462,#1463);
#1462 = CARTESIAN_POINT('',(-0.769106149402,-0.398169597608,
    11.758074850598));
#1463 = VECTOR('',#1464,1.);
#1464 = DIRECTION('',(0.235702260396,0.942809041582,0.235702260396));
#1465 = ORIENTED_EDGE('',*,*,#1466,.T.);
#1466 = EDGE_CURVE('',#1459,#1467,#1469,.T.);
#1467 = VERTEX_POINT('',#1468);
#1468 = CARTESIAN_POINT('',(7.2819E-02,2.169531,12.4));
#1469 = LINE('',#1470,#1471);
#1470 = CARTESIAN_POINT('',(-6.453477941594E-03,2.169531,12.4));
#1471 = VECTOR('',#1472,1.);
#1472 = DIRECTION('',(1.,0.,-5.782411586589E-18));
#1473 = ORIENTED_EDGE('',*,*,#1474,.T.);
#1474 = EDGE_CURVE('',#1467,#1475,#1477,.T.);
#1475 = VERTEX_POINT('',#1476);
#1476 = CARTESIAN_POINT('',(0.147819,1.869531,12.325));
#1477 = LINE('',#1478,#1479);
#1478 = CARTESIAN_POINT('',(0.714744149402,-0.398169597608,
    11.758074850598));
#1479 = VECTOR('',#1480,1.);
#1480 = DIRECTION('',(0.235702260396,-0.942809041582,-0.235702260396));
#1481 = ORIENTED_EDGE('',*,*,#1482,.T.);
#1482 = EDGE_CURVE('',#1475,#1457,#1483,.T.);
#1483 = LINE('',#1484,#1485);
#1484 = CARTESIAN_POINT('',(-6.453477941594E-03,1.869531,12.325));
#1485 = VECTOR('',#1486,1.);
#1486 = DIRECTION('',(-1.,-2.312964634636E-17,0.));
#1487 = PLANE('',#1488);
#1488 = AXIS2_PLACEMENT_3D('',#1489,#1490,#1491);
#1489 = CARTESIAN_POINT('',(-2.6736834,1.869531,12.325));
#1490 = DIRECTION('',(5.609763233483E-18,-0.242535625036,0.970142500145)
  );
#1491 = DIRECTION('',(-2.243905293393E-17,0.970142500145,0.242535625036)
  );
#1492 = ADVANCED_FACE('',(#1493),#1534,.F.);
#1493 = FACE_BOUND('',#1494,.T.);
#1494 = EDGE_LOOP('',(#1495,#1503,#1511,#1519,#1527,#1533));
#1495 = ORIENTED_EDGE('',*,*,#1496,.T.);
#1496 = EDGE_CURVE('',#1146,#1497,#1499,.T.);
#1497 = VERTEX_POINT('',#1498);
#1498 = CARTESIAN_POINT('',(-1.717181,1.769531,13.95));
#1499 = LINE('',#1500,#1501);
#1500 = CARTESIAN_POINT('',(-1.717181,1.769531,13.95));
#1501 = VECTOR('',#1502,1.);
#1502 = DIRECTION('',(0.,0.,-1.));
#1503 = ORIENTED_EDGE('',*,*,#1504,.T.);
#1504 = EDGE_CURVE('',#1497,#1505,#1507,.T.);
#1505 = VERTEX_POINT('',#1506);
#1506 = CARTESIAN_POINT('',(-1.717181,1.269531,13.95));
#1507 = LINE('',#1508,#1509);
#1508 = CARTESIAN_POINT('',(-1.717181,0.,13.95));
#1509 = VECTOR('',#1510,1.);
#1510 = DIRECTION('',(0.,-1.,0.));
#1511 = ORIENTED_EDGE('',*,*,#1512,.F.);
#1512 = EDGE_CURVE('',#1513,#1505,#1515,.T.);
#1513 = VERTEX_POINT('',#1514);
#1514 = CARTESIAN_POINT('',(-1.717181,1.269531,14.16));
#1515 = LINE('',#1516,#1517);
#1516 = CARTESIAN_POINT('',(-1.717181,1.269531,13.95));
#1517 = VECTOR('',#1518,1.);
#1518 = DIRECTION('',(0.,0.,-1.));
#1519 = ORIENTED_EDGE('',*,*,#1520,.F.);
#1520 = EDGE_CURVE('',#1521,#1513,#1523,.T.);
#1521 = VERTEX_POINT('',#1522);
#1522 = CARTESIAN_POINT('',(-1.717181,0.969531,14.16));
#1523 = LINE('',#1524,#1525);
#1524 = CARTESIAN_POINT('',(-1.717181,0.,14.16));
#1525 = VECTOR('',#1526,1.);
#1526 = DIRECTION('',(0.,1.,0.));
#1527 = ORIENTED_EDGE('',*,*,#1528,.F.);
#1528 = EDGE_CURVE('',#1144,#1521,#1529,.T.);
#1529 = LINE('',#1530,#1531);
#1530 = CARTESIAN_POINT('',(-1.717181,0.969531,8.125));
#1531 = VECTOR('',#1532,1.);
#1532 = DIRECTION('',(0.,0.,-1.));
#1533 = ORIENTED_EDGE('',*,*,#1143,.T.);
#1534 = PLANE('',#1535);
#1535 = AXIS2_PLACEMENT_3D('',#1536,#1537,#1538);
#1536 = CARTESIAN_POINT('',(-1.717181,-0.900529677232,6.650206640055));
#1537 = DIRECTION('',(1.,0.,0.));
#1538 = DIRECTION('',(-0.,1.,0.));
#1539 = ADVANCED_FACE('',(#1540),#1574,.F.);
#1540 = FACE_BOUND('',#1541,.T.);
#1541 = EDGE_LOOP('',(#1542,#1552,#1560,#1568));
#1542 = ORIENTED_EDGE('',*,*,#1543,.F.);
#1543 = EDGE_CURVE('',#1544,#1546,#1548,.T.);
#1544 = VERTEX_POINT('',#1545);
#1545 = CARTESIAN_POINT('',(7.819E-03,1.769531,13.45));
#1546 = VERTEX_POINT('',#1547);
#1547 = CARTESIAN_POINT('',(7.819E-03,2.769531,13.45));
#1548 = LINE('',#1549,#1550);
#1549 = CARTESIAN_POINT('',(7.819E-03,0.,13.45));
#1550 = VECTOR('',#1551,1.);
#1551 = DIRECTION('',(0.,1.,0.));
#1552 = ORIENTED_EDGE('',*,*,#1553,.F.);
#1553 = EDGE_CURVE('',#1554,#1544,#1556,.T.);
#1554 = VERTEX_POINT('',#1555);
#1555 = CARTESIAN_POINT('',(7.819E-03,1.769531,13.95));
#1556 = LINE('',#1557,#1558);
#1557 = CARTESIAN_POINT('',(7.819E-03,1.769531,13.95));
#1558 = VECTOR('',#1559,1.);
#1559 = DIRECTION('',(0.,0.,-1.));
#1560 = ORIENTED_EDGE('',*,*,#1561,.T.);
#1561 = EDGE_CURVE('',#1554,#1562,#1564,.T.);
#1562 = VERTEX_POINT('',#1563);
#1563 = CARTESIAN_POINT('',(7.819E-03,2.769531,13.95));
#1564 = LINE('',#1565,#1566);
#1565 = CARTESIAN_POINT('',(7.819E-03,0.,13.95));
#1566 = VECTOR('',#1567,1.);
#1567 = DIRECTION('',(0.,1.,0.));
#1568 = ORIENTED_EDGE('',*,*,#1569,.F.);
#1569 = EDGE_CURVE('',#1546,#1562,#1570,.T.);
#1570 = LINE('',#1571,#1572);
#1571 = CARTESIAN_POINT('',(7.819E-03,2.769531,8.125));
#1572 = VECTOR('',#1573,1.);
#1573 = DIRECTION('',(0.,0.,1.));
#1574 = PLANE('',#1575);
#1575 = AXIS2_PLACEMENT_3D('',#1576,#1577,#1578);
#1576 = CARTESIAN_POINT('',(7.819E-03,1.769531,13.95));
#1577 = DIRECTION('',(1.,0.,0.));
#1578 = DIRECTION('',(0.,-1.,0.));
#1579 = ADVANCED_FACE('',(#1580),#1637,.T.);
#1580 = FACE_BOUND('',#1581,.T.);
#1581 = EDGE_LOOP('',(#1582,#1592,#1600,#1609,#1615,#1616,#1622,#1623,
    #1631));
#1582 = ORIENTED_EDGE('',*,*,#1583,.F.);
#1583 = EDGE_CURVE('',#1584,#1586,#1588,.T.);
#1584 = VERTEX_POINT('',#1585);
#1585 = CARTESIAN_POINT('',(0.282819,1.269531,14.15));
#1586 = VERTEX_POINT('',#1587);
#1587 = CARTESIAN_POINT('',(0.282819,1.269531,14.16));
#1588 = LINE('',#1589,#1590);
#1589 = CARTESIAN_POINT('',(0.282819,1.269531,13.95));
#1590 = VECTOR('',#1591,1.);
#1591 = DIRECTION('',(0.,0.,1.));
#1592 = ORIENTED_EDGE('',*,*,#1593,.T.);
#1593 = EDGE_CURVE('',#1584,#1594,#1596,.T.);
#1594 = VERTEX_POINT('',#1595);
#1595 = CARTESIAN_POINT('',(0.282819,1.369531,14.15));
#1596 = LINE('',#1597,#1598);
#1597 = CARTESIAN_POINT('',(0.282819,0.,14.15));
#1598 = VECTOR('',#1599,1.);
#1599 = DIRECTION('',(0.,1.,6.123031769112E-17));
#1600 = ORIENTED_EDGE('',*,*,#1601,.F.);
#1601 = EDGE_CURVE('',#1602,#1594,#1604,.T.);
#1602 = VERTEX_POINT('',#1603);
#1603 = CARTESIAN_POINT('',(0.282819,1.569531,14.35));
#1604 = CIRCLE('',#1605,0.2);
#1605 = AXIS2_PLACEMENT_3D('',#1606,#1607,#1608);
#1606 = CARTESIAN_POINT('',(0.282819,1.369531,14.35));
#1607 = DIRECTION('',(-1.,1.224606353822E-16,2.598723107523E-32));
#1608 = DIRECTION('',(1.224606353822E-16,1.,1.224606353822E-16));
#1609 = ORIENTED_EDGE('',*,*,#1610,.T.);
#1610 = EDGE_CURVE('',#1602,#1194,#1611,.T.);
#1611 = LINE('',#1612,#1613);
#1612 = CARTESIAN_POINT('',(0.282819,1.569531,8.125));
#1613 = VECTOR('',#1614,1.);
#1614 = DIRECTION('',(0.,-6.123031769112E-17,1.));
#1615 = ORIENTED_EDGE('',*,*,#1193,.T.);
#1616 = ORIENTED_EDGE('',*,*,#1617,.F.);
#1617 = EDGE_CURVE('',#1162,#1186,#1618,.T.);
#1618 = LINE('',#1619,#1620);
#1619 = CARTESIAN_POINT('',(0.282819,1.769531,8.125));
#1620 = VECTOR('',#1621,1.);
#1621 = DIRECTION('',(0.,0.,-1.));
#1622 = ORIENTED_EDGE('',*,*,#1161,.F.);
#1623 = ORIENTED_EDGE('',*,*,#1624,.F.);
#1624 = EDGE_CURVE('',#1625,#1154,#1627,.T.);
#1625 = VERTEX_POINT('',#1626);
#1626 = CARTESIAN_POINT('',(0.282819,0.969531,14.16));
#1627 = LINE('',#1628,#1629);
#1628 = CARTESIAN_POINT('',(0.282819,0.969531,8.125));
#1629 = VECTOR('',#1630,1.);
#1630 = DIRECTION('',(0.,0.,1.));
#1631 = ORIENTED_EDGE('',*,*,#1632,.F.);
#1632 = EDGE_CURVE('',#1586,#1625,#1633,.T.);
#1633 = LINE('',#1634,#1635);
#1634 = CARTESIAN_POINT('',(0.282819,0.,14.16));
#1635 = VECTOR('',#1636,1.);
#1636 = DIRECTION('',(0.,-1.,0.));
#1637 = PLANE('',#1638);
#1638 = AXIS2_PLACEMENT_3D('',#1639,#1640,#1641);
#1639 = CARTESIAN_POINT('',(0.282819,-0.900529677232,6.650206640055));
#1640 = DIRECTION('',(1.,0.,0.));
#1641 = DIRECTION('',(-0.,1.,0.));
#1642 = ADVANCED_FACE('',(#1643),#1700,.F.);
#1643 = FACE_BOUND('',#1644,.T.);
#1644 = EDGE_LOOP('',(#1645,#1653,#1654,#1662,#1670,#1678,#1686,#1694));
#1645 = ORIENTED_EDGE('',*,*,#1646,.F.);
#1646 = EDGE_CURVE('',#1419,#1647,#1649,.T.);
#1647 = VERTEX_POINT('',#1648);
#1648 = CARTESIAN_POINT('',(-1.567181,2.769531,12.975));
#1649 = LINE('',#1650,#1651);
#1650 = CARTESIAN_POINT('',(-1.567181,0.,12.975));
#1651 = VECTOR('',#1652,1.);
#1652 = DIRECTION('',(0.,1.,4.440892098501E-15));
#1653 = ORIENTED_EDGE('',*,*,#1442,.F.);
#1654 = ORIENTED_EDGE('',*,*,#1655,.F.);
#1655 = EDGE_CURVE('',#1656,#1435,#1658,.T.);
#1656 = VERTEX_POINT('',#1657);
#1657 = CARTESIAN_POINT('',(-2.217181,-1.330469,12.975));
#1658 = LINE('',#1659,#1660);
#1659 = CARTESIAN_POINT('',(-2.217181,0.,12.975));
#1660 = VECTOR('',#1661,1.);
#1661 = DIRECTION('',(0.,1.,0.));
#1662 = ORIENTED_EDGE('',*,*,#1663,.F.);
#1663 = EDGE_CURVE('',#1664,#1656,#1666,.T.);
#1664 = VERTEX_POINT('',#1665);
#1665 = CARTESIAN_POINT('',(-2.017181,-1.330469,12.975));
#1666 = LINE('',#1667,#1668);
#1667 = CARTESIAN_POINT('',(0.,-1.330469,12.975));
#1668 = VECTOR('',#1669,1.);
#1669 = DIRECTION('',(-1.,0.,0.));
#1670 = ORIENTED_EDGE('',*,*,#1671,.T.);
#1671 = EDGE_CURVE('',#1664,#1672,#1674,.T.);
#1672 = VERTEX_POINT('',#1673);
#1673 = CARTESIAN_POINT('',(-2.017181,-2.230469,12.975));
#1674 = LINE('',#1675,#1676);
#1675 = CARTESIAN_POINT('',(-2.017181,0.,12.975));
#1676 = VECTOR('',#1677,1.);
#1677 = DIRECTION('',(1.224606353822E-16,-1.,0.));
#1678 = ORIENTED_EDGE('',*,*,#1679,.F.);
#1679 = EDGE_CURVE('',#1680,#1672,#1682,.T.);
#1680 = VERTEX_POINT('',#1681);
#1681 = CARTESIAN_POINT('',(-2.417181,-2.230469,12.975));
#1682 = LINE('',#1683,#1684);
#1683 = CARTESIAN_POINT('',(0.,-2.230469,12.975));
#1684 = VECTOR('',#1685,1.);
#1685 = DIRECTION('',(1.,0.,0.));
#1686 = ORIENTED_EDGE('',*,*,#1687,.F.);
#1687 = EDGE_CURVE('',#1688,#1680,#1690,.T.);
#1688 = VERTEX_POINT('',#1689);
#1689 = CARTESIAN_POINT('',(-2.417181,2.769531,12.975));
#1690 = LINE('',#1691,#1692);
#1691 = CARTESIAN_POINT('',(-2.417181,2.769531,12.975));
#1692 = VECTOR('',#1693,1.);
#1693 = DIRECTION('',(0.,-1.,0.));
#1694 = ORIENTED_EDGE('',*,*,#1695,.F.);
#1695 = EDGE_CURVE('',#1647,#1688,#1696,.T.);
#1696 = LINE('',#1697,#1698);
#1697 = CARTESIAN_POINT('',(0.,2.769531,12.975));
#1698 = VECTOR('',#1699,1.);
#1699 = DIRECTION('',(-1.,0.,0.));
#1700 = PLANE('',#1701);
#1701 = AXIS2_PLACEMENT_3D('',#1702,#1703,#1704);
#1702 = CARTESIAN_POINT('',(-2.217181,0.969531,12.975));
#1703 = DIRECTION('',(0.,-4.440892098501E-15,1.));
#1704 = DIRECTION('',(0.,-1.,-4.440892098501E-15));
#1705 = ADVANCED_FACE('',(#1706),#1852,.T.);
#1706 = FACE_BOUND('',#1707,.T.);
#1707 = EDGE_LOOP('',(#1708,#1718,#1724,#1725,#1733,#1741,#1750,#1758,
    #1766,#1774,#1782,#1790,#1799,#1807,#1813,#1814,#1822,#1830,#1838,
    #1846));
#1708 = ORIENTED_EDGE('',*,*,#1709,.T.);
#1709 = EDGE_CURVE('',#1710,#1712,#1714,.T.);
#1710 = VERTEX_POINT('',#1711);
#1711 = CARTESIAN_POINT('',(8.2819E-02,-2.230469,13.95));
#1712 = VERTEX_POINT('',#1713);
#1713 = CARTESIAN_POINT('',(8.2819E-02,-1.630469,13.95));
#1714 = LINE('',#1715,#1716);
#1715 = CARTESIAN_POINT('',(8.2819E-02,0.,13.95));
#1716 = VECTOR('',#1717,1.);
#1717 = DIRECTION('',(0.,1.,0.));
#1718 = ORIENTED_EDGE('',*,*,#1719,.T.);
#1719 = EDGE_CURVE('',#1712,#1069,#1720,.T.);
#1720 = LINE('',#1721,#1722);
#1721 = CARTESIAN_POINT('',(0.,-1.630469,13.95));
#1722 = VECTOR('',#1723,1.);
#1723 = DIRECTION('',(-1.,0.,0.));
#1724 = ORIENTED_EDGE('',*,*,#1068,.F.);
#1725 = ORIENTED_EDGE('',*,*,#1726,.F.);
#1726 = EDGE_CURVE('',#1727,#1061,#1729,.T.);
#1727 = VERTEX_POINT('',#1728);
#1728 = CARTESIAN_POINT('',(-1.167181,-1.130469,13.95));
#1729 = LINE('',#1730,#1731);
#1730 = CARTESIAN_POINT('',(0.,-1.130469,13.95));
#1731 = VECTOR('',#1732,1.);
#1732 = DIRECTION('',(-1.,0.,0.));
#1733 = ORIENTED_EDGE('',*,*,#1734,.F.);
#1734 = EDGE_CURVE('',#1735,#1727,#1737,.T.);
#1735 = VERTEX_POINT('',#1736);
#1736 = CARTESIAN_POINT('',(-1.256404227028,-1.112624354594,13.95));
#1737 = LINE('',#1738,#1739);
#1738 = CARTESIAN_POINT('',(0.,-1.3639052,13.95));
#1739 = VECTOR('',#1740,1.);
#1740 = DIRECTION('',(0.980580675691,-0.196116135138,0.));
#1741 = ORIENTED_EDGE('',*,*,#1742,.T.);
#1742 = EDGE_CURVE('',#1735,#1743,#1745,.T.);
#1743 = VERTEX_POINT('',#1744);
#1744 = CARTESIAN_POINT('',(-1.416682628207,-0.930618511538,13.95));
#1745 = CIRCLE('',#1746,0.2);
#1746 = AXIS2_PLACEMENT_3D('',#1747,#1748,#1749);
#1747 = CARTESIAN_POINT('',(-1.217181,-0.916508219456,13.95));
#1748 = DIRECTION('',(-3.749151804555E-33,6.123031769112E-17,-1.));
#1749 = DIRECTION('',(1.224606353822E-16,1.,6.123031769112E-17));
#1750 = ORIENTED_EDGE('',*,*,#1751,.F.);
#1751 = EDGE_CURVE('',#1752,#1743,#1754,.T.);
#1752 = VERTEX_POINT('',#1753);
#1753 = CARTESIAN_POINT('',(-1.416682628207,-0.830469,13.95));
#1754 = LINE('',#1755,#1756);
#1755 = CARTESIAN_POINT('',(-1.416682628207,0.,13.95));
#1756 = VECTOR('',#1757,1.);
#1757 = DIRECTION('',(-1.224606353822E-16,-1.,0.));
#1758 = ORIENTED_EDGE('',*,*,#1759,.F.);
#1759 = EDGE_CURVE('',#1760,#1752,#1762,.T.);
#1760 = VERTEX_POINT('',#1761);
#1761 = CARTESIAN_POINT('',(-2.017181,-0.830469,13.95));
#1762 = LINE('',#1763,#1764);
#1763 = CARTESIAN_POINT('',(0.,-0.830469,13.95));
#1764 = VECTOR('',#1765,1.);
#1765 = DIRECTION('',(1.,-1.224606353822E-16,0.));
#1766 = ORIENTED_EDGE('',*,*,#1767,.T.);
#1767 = EDGE_CURVE('',#1760,#1768,#1770,.T.);
#1768 = VERTEX_POINT('',#1769);
#1769 = CARTESIAN_POINT('',(-2.017181,0.969531,13.95));
#1770 = LINE('',#1771,#1772);
#1771 = CARTESIAN_POINT('',(-2.017181,1.769531,13.95));
#1772 = VECTOR('',#1773,1.);
#1773 = DIRECTION('',(1.224606353822E-16,1.,3.061515884556E-17));
#1774 = ORIENTED_EDGE('',*,*,#1775,.F.);
#1775 = EDGE_CURVE('',#1776,#1768,#1778,.T.);
#1776 = VERTEX_POINT('',#1777);
#1777 = CARTESIAN_POINT('',(-1.416682628207,0.969531,13.95));
#1778 = LINE('',#1779,#1780);
#1779 = CARTESIAN_POINT('',(0.,0.969531,13.95));
#1780 = VECTOR('',#1781,1.);
#1781 = DIRECTION('',(-1.,1.224606353822E-16,0.));
#1782 = ORIENTED_EDGE('',*,*,#1783,.F.);
#1783 = EDGE_CURVE('',#1784,#1776,#1786,.T.);
#1784 = VERTEX_POINT('',#1785);
#1785 = CARTESIAN_POINT('',(-1.416682628207,1.069680511538,13.95));
#1786 = LINE('',#1787,#1788);
#1787 = CARTESIAN_POINT('',(-1.416682628207,0.,13.95));
#1788 = VECTOR('',#1789,1.);
#1789 = DIRECTION('',(-1.224606353822E-16,-1.,0.));
#1790 = ORIENTED_EDGE('',*,*,#1791,.F.);
#1791 = EDGE_CURVE('',#1792,#1784,#1794,.T.);
#1792 = VERTEX_POINT('',#1793);
#1793 = CARTESIAN_POINT('',(-1.256404227028,1.251686354594,13.95));
#1794 = CIRCLE('',#1795,0.2);
#1795 = AXIS2_PLACEMENT_3D('',#1796,#1797,#1798);
#1796 = CARTESIAN_POINT('',(-1.217181,1.055570219456,13.95));
#1797 = DIRECTION('',(3.749151804555E-33,-6.123031769112E-17,1.));
#1798 = DIRECTION('',(-1.224606353822E-16,-1.,-6.123031769112E-17));
#1799 = ORIENTED_EDGE('',*,*,#1800,.F.);
#1800 = EDGE_CURVE('',#1801,#1792,#1803,.T.);
#1801 = VERTEX_POINT('',#1802);
#1802 = CARTESIAN_POINT('',(-1.167181,1.269531,13.95));
#1803 = LINE('',#1804,#1805);
#1804 = CARTESIAN_POINT('',(0.,1.5029672,13.95));
#1805 = VECTOR('',#1806,1.);
#1806 = DIRECTION('',(-0.980580675691,-0.196116135138,0.));
#1807 = ORIENTED_EDGE('',*,*,#1808,.T.);
#1808 = EDGE_CURVE('',#1801,#1505,#1809,.T.);
#1809 = LINE('',#1810,#1811);
#1810 = CARTESIAN_POINT('',(0.,1.269531,13.95));
#1811 = VECTOR('',#1812,1.);
#1812 = DIRECTION('',(-1.,0.,0.));
#1813 = ORIENTED_EDGE('',*,*,#1504,.F.);
#1814 = ORIENTED_EDGE('',*,*,#1815,.T.);
#1815 = EDGE_CURVE('',#1497,#1816,#1818,.T.);
#1816 = VERTEX_POINT('',#1817);
#1817 = CARTESIAN_POINT('',(-0.792181,1.769531,13.95));
#1818 = LINE('',#1819,#1820);
#1819 = CARTESIAN_POINT('',(0.,1.769531,13.95));
#1820 = VECTOR('',#1821,1.);
#1821 = DIRECTION('',(1.,0.,0.));
#1822 = ORIENTED_EDGE('',*,*,#1823,.T.);
#1823 = EDGE_CURVE('',#1816,#1824,#1826,.T.);
#1824 = VERTEX_POINT('',#1825);
#1825 = CARTESIAN_POINT('',(-0.792181,2.769531,13.95));
#1826 = LINE('',#1827,#1828);
#1827 = CARTESIAN_POINT('',(-0.792181,0.,13.95));
#1828 = VECTOR('',#1829,1.);
#1829 = DIRECTION('',(-8.326672684689E-17,1.,0.));
#1830 = ORIENTED_EDGE('',*,*,#1831,.T.);
#1831 = EDGE_CURVE('',#1824,#1832,#1834,.T.);
#1832 = VERTEX_POINT('',#1833);
#1833 = CARTESIAN_POINT('',(-2.417181,2.769531,13.95));
#1834 = LINE('',#1835,#1836);
#1835 = CARTESIAN_POINT('',(0.,2.769531,13.95));
#1836 = VECTOR('',#1837,1.);
#1837 = DIRECTION('',(-1.,0.,0.));
#1838 = ORIENTED_EDGE('',*,*,#1839,.F.);
#1839 = EDGE_CURVE('',#1840,#1832,#1842,.T.);
#1840 = VERTEX_POINT('',#1841);
#1841 = CARTESIAN_POINT('',(-2.417181,-2.230469,13.95));
#1842 = LINE('',#1843,#1844);
#1843 = CARTESIAN_POINT('',(-2.417181,0.,13.95));
#1844 = VECTOR('',#1845,1.);
#1845 = DIRECTION('',(0.,1.,0.));
#1846 = ORIENTED_EDGE('',*,*,#1847,.T.);
#1847 = EDGE_CURVE('',#1840,#1710,#1848,.T.);
#1848 = LINE('',#1849,#1850);
#1849 = CARTESIAN_POINT('',(-0.117181,-2.230469,13.95));
#1850 = VECTOR('',#1851,1.);
#1851 = DIRECTION('',(1.,0.,0.));
#1852 = PLANE('',#1853);
#1853 = AXIS2_PLACEMENT_3D('',#1854,#1855,#1856);
#1854 = CARTESIAN_POINT('',(-0.111413244036,-1.926413479559,13.95));
#1855 = DIRECTION('',(0.,0.,1.));
#1856 = DIRECTION('',(1.,0.,-0.));
#1857 = ADVANCED_FACE('',(#1858),#1885,.T.);
#1858 = FACE_BOUND('',#1859,.T.);
#1859 = EDGE_LOOP('',(#1860,#1869,#1870,#1879));
#1860 = ORIENTED_EDGE('',*,*,#1861,.T.);
#1861 = EDGE_CURVE('',#1862,#1768,#1864,.T.);
#1862 = VERTEX_POINT('',#1863);
#1863 = CARTESIAN_POINT('',(-2.417181,0.969531,14.35));
#1864 = CIRCLE('',#1865,0.4);
#1865 = AXIS2_PLACEMENT_3D('',#1866,#1867,#1868);
#1866 = CARTESIAN_POINT('',(-2.017181,0.969531,14.35));
#1867 = DIRECTION('',(-1.224606353822E-16,-1.,-6.123031769112E-17));
#1868 = DIRECTION('',(-1.,1.224606353822E-16,3.215020689727E-32));
#1869 = ORIENTED_EDGE('',*,*,#1767,.F.);
#1870 = ORIENTED_EDGE('',*,*,#1871,.F.);
#1871 = EDGE_CURVE('',#1872,#1760,#1874,.T.);
#1872 = VERTEX_POINT('',#1873);
#1873 = CARTESIAN_POINT('',(-2.417181,-0.830469,14.35));
#1874 = CIRCLE('',#1875,0.4);
#1875 = AXIS2_PLACEMENT_3D('',#1876,#1877,#1878);
#1876 = CARTESIAN_POINT('',(-2.017181,-0.830469,14.35));
#1877 = DIRECTION('',(-1.224606353822E-16,-1.,-6.123031769112E-17));
#1878 = DIRECTION('',(-1.,1.224606353822E-16,3.215020689727E-32));
#1879 = ORIENTED_EDGE('',*,*,#1880,.T.);
#1880 = EDGE_CURVE('',#1872,#1862,#1881,.T.);
#1881 = LINE('',#1882,#1883);
#1882 = CARTESIAN_POINT('',(-2.417181,1.769531,14.35));
#1883 = VECTOR('',#1884,1.);
#1884 = DIRECTION('',(1.224606353822E-16,1.,6.123031769112E-17));
#1885 = CYLINDRICAL_SURFACE('',#1886,0.4);
#1886 = AXIS2_PLACEMENT_3D('',#1887,#1888,#1889);
#1887 = CARTESIAN_POINT('',(-2.017181,1.769531,14.35));
#1888 = DIRECTION('',(1.224606353822E-16,1.,6.123031769112E-17));
#1889 = DIRECTION('',(-1.,1.224606353822E-16,3.215020689727E-32));
#1890 = ADVANCED_FACE('',(#1891),#1976,.T.);
#1891 = FACE_BOUND('',#1892,.T.);
#1892 = EDGE_LOOP('',(#1893,#1903,#1911,#1919,#1928,#1934,#1935,#1936,
    #1944,#1952,#1961,#1969));
#1893 = ORIENTED_EDGE('',*,*,#1894,.T.);
#1894 = EDGE_CURVE('',#1895,#1897,#1899,.T.);
#1895 = VERTEX_POINT('',#1896);
#1896 = CARTESIAN_POINT('',(-2.017181,-0.830469,15.25));
#1897 = VERTEX_POINT('',#1898);
#1898 = CARTESIAN_POINT('',(-1.317181,-0.830469,15.25));
#1899 = LINE('',#1900,#1901);
#1900 = CARTESIAN_POINT('',(-0.386712,-0.830469,15.25));
#1901 = VECTOR('',#1902,1.);
#1902 = DIRECTION('',(1.,-1.224606353822E-16,-3.215020689727E-32));
#1903 = ORIENTED_EDGE('',*,*,#1904,.T.);
#1904 = EDGE_CURVE('',#1897,#1905,#1907,.T.);
#1905 = VERTEX_POINT('',#1906);
#1906 = CARTESIAN_POINT('',(-1.317181,-0.830469,15.45));
#1907 = LINE('',#1908,#1909);
#1908 = CARTESIAN_POINT('',(-1.317181,-0.830469,20.386624106157));
#1909 = VECTOR('',#1910,1.);
#1910 = DIRECTION('',(3.749151804555E-33,-6.123031769112E-17,1.));
#1911 = ORIENTED_EDGE('',*,*,#1912,.T.);
#1912 = EDGE_CURVE('',#1905,#1913,#1915,.T.);
#1913 = VERTEX_POINT('',#1914);
#1914 = CARTESIAN_POINT('',(-2.017181,-0.830469,15.45));
#1915 = LINE('',#1916,#1917);
#1916 = CARTESIAN_POINT('',(-0.386712,-0.830469,15.45));
#1917 = VECTOR('',#1918,1.);
#1918 = DIRECTION('',(-1.,1.224606353822E-16,3.215020689727E-32));
#1919 = ORIENTED_EDGE('',*,*,#1920,.T.);
#1920 = EDGE_CURVE('',#1913,#1921,#1923,.T.);
#1921 = VERTEX_POINT('',#1922);
#1922 = CARTESIAN_POINT('',(-2.417181,-0.830469,15.05));
#1923 = CIRCLE('',#1924,0.4);
#1924 = AXIS2_PLACEMENT_3D('',#1925,#1926,#1927);
#1925 = CARTESIAN_POINT('',(-2.017181,-0.830469,15.05));
#1926 = DIRECTION('',(-1.224606353822E-16,-1.,-6.123031769112E-17));
#1927 = DIRECTION('',(-1.,1.224606353822E-16,3.215020689727E-32));
#1928 = ORIENTED_EDGE('',*,*,#1929,.T.);
#1929 = EDGE_CURVE('',#1921,#1872,#1930,.T.);
#1930 = LINE('',#1931,#1932);
#1931 = CARTESIAN_POINT('',(-2.417181,-0.830469,20.386624106157));
#1932 = VECTOR('',#1933,1.);
#1933 = DIRECTION('',(-3.749151804555E-33,6.123031769112E-17,-1.));
#1934 = ORIENTED_EDGE('',*,*,#1871,.T.);
#1935 = ORIENTED_EDGE('',*,*,#1759,.T.);
#1936 = ORIENTED_EDGE('',*,*,#1937,.F.);
#1937 = EDGE_CURVE('',#1938,#1752,#1940,.T.);
#1938 = VERTEX_POINT('',#1939);
#1939 = CARTESIAN_POINT('',(-1.416682628207,-0.830469,14.15));
#1940 = LINE('',#1941,#1942);
#1941 = CARTESIAN_POINT('',(-1.416682628207,-0.830469,15.6000024));
#1942 = VECTOR('',#1943,1.);
#1943 = DIRECTION('',(-3.749151804555E-33,6.123031769112E-17,-1.));
#1944 = ORIENTED_EDGE('',*,*,#1945,.T.);
#1945 = EDGE_CURVE('',#1938,#1946,#1948,.T.);
#1946 = VERTEX_POINT('',#1947);
#1947 = CARTESIAN_POINT('',(-2.017181,-0.830469,14.15));
#1948 = LINE('',#1949,#1950);
#1949 = CARTESIAN_POINT('',(-0.386712,-0.830469,14.15));
#1950 = VECTOR('',#1951,1.);
#1951 = DIRECTION('',(-1.,1.224606353822E-16,3.215020689727E-32));
#1952 = ORIENTED_EDGE('',*,*,#1953,.F.);
#1953 = EDGE_CURVE('',#1954,#1946,#1956,.T.);
#1954 = VERTEX_POINT('',#1955);
#1955 = CARTESIAN_POINT('',(-2.217181,-0.830469,14.35));
#1956 = CIRCLE('',#1957,0.2);
#1957 = AXIS2_PLACEMENT_3D('',#1958,#1959,#1960);
#1958 = CARTESIAN_POINT('',(-2.017181,-0.830469,14.35));
#1959 = DIRECTION('',(-1.224606353822E-16,-1.,-6.123031769112E-17));
#1960 = DIRECTION('',(-1.,1.224606353822E-16,3.215020689727E-32));
#1961 = ORIENTED_EDGE('',*,*,#1962,.T.);
#1962 = EDGE_CURVE('',#1954,#1963,#1965,.T.);
#1963 = VERTEX_POINT('',#1964);
#1964 = CARTESIAN_POINT('',(-2.217181,-0.830469,15.05));
#1965 = LINE('',#1966,#1967);
#1966 = CARTESIAN_POINT('',(-2.217181,-0.830469,20.386624106157));
#1967 = VECTOR('',#1968,1.);
#1968 = DIRECTION('',(3.749151804555E-33,-6.123031769112E-17,1.));
#1969 = ORIENTED_EDGE('',*,*,#1970,.F.);
#1970 = EDGE_CURVE('',#1895,#1963,#1971,.T.);
#1971 = CIRCLE('',#1972,0.2);
#1972 = AXIS2_PLACEMENT_3D('',#1973,#1974,#1975);
#1973 = CARTESIAN_POINT('',(-2.017181,-0.830469,15.05));
#1974 = DIRECTION('',(-1.224606353822E-16,-1.,-6.123031769112E-17));
#1975 = DIRECTION('',(-1.,1.224606353822E-16,3.215020689727E-32));
#1976 = PLANE('',#1977);
#1977 = AXIS2_PLACEMENT_3D('',#1978,#1979,#1980);
#1978 = CARTESIAN_POINT('',(-1.717181,-0.830469,15.6000024));
#1979 = DIRECTION('',(-1.224606353822E-16,-1.,-6.123031769112E-17));
#1980 = DIRECTION('',(1.,-1.224606353822E-16,-3.215020689727E-32));
#1981 = ADVANCED_FACE('',(#1982),#2014,.F.);
#1982 = FACE_BOUND('',#1983,.T.);
#1983 = EDGE_LOOP('',(#1984,#1992,#1993,#1999,#2000,#2008));
#1984 = ORIENTED_EDGE('',*,*,#1985,.T.);
#1985 = EDGE_CURVE('',#1986,#1356,#1988,.T.);
#1986 = VERTEX_POINT('',#1987);
#1987 = CARTESIAN_POINT('',(-1.017181,-2.230469,12.975));
#1988 = LINE('',#1989,#1990);
#1989 = CARTESIAN_POINT('',(-1.017181,-2.230469,8.125));
#1990 = VECTOR('',#1991,1.);
#1991 = DIRECTION('',(0.,0.,-1.));
#1992 = ORIENTED_EDGE('',*,*,#1355,.T.);
#1993 = ORIENTED_EDGE('',*,*,#1994,.F.);
#1994 = EDGE_CURVE('',#1258,#1348,#1995,.T.);
#1995 = LINE('',#1996,#1997);
#1996 = CARTESIAN_POINT('',(-1.017181,0.,12.675));
#1997 = VECTOR('',#1998,1.);
#1998 = DIRECTION('',(0.,-1.,0.));
#1999 = ORIENTED_EDGE('',*,*,#1257,.T.);
#2000 = ORIENTED_EDGE('',*,*,#2001,.F.);
#2001 = EDGE_CURVE('',#2002,#1248,#2004,.T.);
#2002 = VERTEX_POINT('',#2003);
#2003 = CARTESIAN_POINT('',(-1.017181,-1.530469,12.975));
#2004 = LINE('',#2005,#2006);
#2005 = CARTESIAN_POINT('',(-1.017181,-1.530469,8.125));
#2006 = VECTOR('',#2007,1.);
#2007 = DIRECTION('',(0.,0.,-1.));
#2008 = ORIENTED_EDGE('',*,*,#2009,.F.);
#2009 = EDGE_CURVE('',#1986,#2002,#2010,.T.);
#2010 = LINE('',#2011,#2012);
#2011 = CARTESIAN_POINT('',(-1.017181,0.,12.975));
#2012 = VECTOR('',#2013,1.);
#2013 = DIRECTION('',(0.,1.,0.));
#2014 = PLANE('',#2015);
#2015 = AXIS2_PLACEMENT_3D('',#2016,#2017,#2018);
#2016 = CARTESIAN_POINT('',(-1.017181,-2.030469,13.075));
#2017 = DIRECTION('',(-1.,0.,0.));
#2018 = DIRECTION('',(0.,0.,1.));
#2019 = ADVANCED_FACE('',(#2020),#2045,.F.);
#2020 = FACE_BOUND('',#2021,.T.);
#2021 = EDGE_LOOP('',(#2022,#2032,#2038,#2039));
#2022 = ORIENTED_EDGE('',*,*,#2023,.T.);
#2023 = EDGE_CURVE('',#2024,#2026,#2028,.T.);
#2024 = VERTEX_POINT('',#2025);
#2025 = CARTESIAN_POINT('',(-0.202181,-0.230469,12.675));
#2026 = VERTEX_POINT('',#2027);
#2027 = CARTESIAN_POINT('',(0.147819,-0.230469,12.675));
#2028 = LINE('',#2029,#2030);
#2029 = CARTESIAN_POINT('',(0.,-0.230469,12.675));
#2030 = VECTOR('',#2031,1.);
#2031 = DIRECTION('',(1.,3.673819061467E-16,0.));
#2032 = ORIENTED_EDGE('',*,*,#2033,.F.);
#2033 = EDGE_CURVE('',#1307,#2026,#2034,.T.);
#2034 = LINE('',#2035,#2036);
#2035 = CARTESIAN_POINT('',(0.147819,-0.398169597608,12.675));
#2036 = VECTOR('',#2037,1.);
#2037 = DIRECTION('',(2.312964634636E-17,-1.,0.));
#2038 = ORIENTED_EDGE('',*,*,#1306,.T.);
#2039 = ORIENTED_EDGE('',*,*,#2040,.T.);
#2040 = EDGE_CURVE('',#1299,#2024,#2041,.T.);
#2041 = LINE('',#2042,#2043);
#2042 = CARTESIAN_POINT('',(-0.202181,-0.398169597608,12.675));
#2043 = VECTOR('',#2044,1.);
#2044 = DIRECTION('',(-3.700743415417E-16,-1.,0.));
#2045 = PLANE('',#2046);
#2046 = AXIS2_PLACEMENT_3D('',#2047,#2048,#2049);
#2047 = CARTESIAN_POINT('',(-6.453477941594E-03,-0.398169597608,12.675)
  );
#2048 = DIRECTION('',(0.,0.,-1.));
#2049 = DIRECTION('',(-1.,0.,0.));
#2050 = ADVANCED_FACE('',(#2051),#2069,.F.);
#2051 = FACE_BOUND('',#2052,.T.);
#2052 = EDGE_LOOP('',(#2053,#2061,#2062,#2063));
#2053 = ORIENTED_EDGE('',*,*,#2054,.T.);
#2054 = EDGE_CURVE('',#2055,#1656,#2057,.T.);
#2055 = VERTEX_POINT('',#2056);
#2056 = CARTESIAN_POINT('',(-2.217181,-1.330469,10.775));
#2057 = LINE('',#2058,#2059);
#2058 = CARTESIAN_POINT('',(-2.217181,-1.330469,10.625));
#2059 = VECTOR('',#2060,1.);
#2060 = DIRECTION('',(0.,0.,1.));
#2061 = ORIENTED_EDGE('',*,*,#1655,.T.);
#2062 = ORIENTED_EDGE('',*,*,#1434,.T.);
#2063 = ORIENTED_EDGE('',*,*,#2064,.F.);
#2064 = EDGE_CURVE('',#2055,#1427,#2065,.T.);
#2065 = LINE('',#2066,#2067);
#2066 = CARTESIAN_POINT('',(-2.217181,-4.935619989425E-16,10.775));
#2067 = VECTOR('',#2068,1.);
#2068 = DIRECTION('',(-1.224606353822E-16,1.,0.));
#2069 = PLANE('',#2070);
#2070 = AXIS2_PLACEMENT_3D('',#2071,#2072,#2073);
#2071 = CARTESIAN_POINT('',(-2.217181,-0.614329959691,7.212810461496));
#2072 = DIRECTION('',(1.,1.224606353822E-16,0.));
#2073 = DIRECTION('',(1.224606353822E-16,-1.,0.));
#2074 = ADVANCED_FACE('',(#2075),#2091,.T.);
#2075 = FACE_BOUND('',#2076,.T.);
#2076 = EDGE_LOOP('',(#2077,#2083,#2084,#2090));
#2077 = ORIENTED_EDGE('',*,*,#2078,.T.);
#2078 = EDGE_CURVE('',#1832,#1688,#2079,.T.);
#2079 = LINE('',#2080,#2081);
#2080 = CARTESIAN_POINT('',(-2.417181,2.769531,13.075));
#2081 = VECTOR('',#2082,1.);
#2082 = DIRECTION('',(0.,-8.881784197001E-15,-1.));
#2083 = ORIENTED_EDGE('',*,*,#1687,.T.);
#2084 = ORIENTED_EDGE('',*,*,#2085,.T.);
#2085 = EDGE_CURVE('',#1680,#1840,#2086,.T.);
#2086 = LINE('',#2087,#2088);
#2087 = CARTESIAN_POINT('',(-2.417181,-2.230469,8.125));
#2088 = VECTOR('',#2089,1.);
#2089 = DIRECTION('',(0.,0.,1.));
#2090 = ORIENTED_EDGE('',*,*,#1839,.T.);
#2091 = PLANE('',#2092);
#2092 = AXIS2_PLACEMENT_3D('',#2093,#2094,#2095);
#2093 = CARTESIAN_POINT('',(-2.417181,-0.166167241454,12.461391995973));
#2094 = DIRECTION('',(-1.,0.,0.));
#2095 = DIRECTION('',(0.,-1.,0.));
#2096 = ADVANCED_FACE('',(#2097),#2132,.T.);
#2097 = FACE_BOUND('',#2098,.T.);
#2098 = EDGE_LOOP('',(#2099,#2110,#2118,#2126));
#2099 = ORIENTED_EDGE('',*,*,#2100,.T.);
#2100 = EDGE_CURVE('',#2101,#2103,#2105,.T.);
#2101 = VERTEX_POINT('',#2102);
#2102 = CARTESIAN_POINT('',(0.282819,-1.230469,13.95));
#2103 = VERTEX_POINT('',#2104);
#2104 = CARTESIAN_POINT('',(0.282819,-1.630469,14.35));
#2105 = CIRCLE('',#2106,0.4);
#2106 = AXIS2_PLACEMENT_3D('',#2107,#2108,#2109);
#2107 = CARTESIAN_POINT('',(0.282819,-1.230469,14.35));
#2108 = DIRECTION('',(-1.,1.224606353822E-16,2.598723107523E-32));
#2109 = DIRECTION('',(1.224606353822E-16,1.,1.224606353822E-16));
#2110 = ORIENTED_EDGE('',*,*,#2111,.F.);
#2111 = EDGE_CURVE('',#2112,#2103,#2114,.T.);
#2112 = VERTEX_POINT('',#2113);
#2113 = CARTESIAN_POINT('',(0.282819,-1.630469,13.95));
#2114 = LINE('',#2115,#2116);
#2115 = CARTESIAN_POINT('',(0.282819,-1.630469,8.125));
#2116 = VECTOR('',#2117,1.);
#2117 = DIRECTION('',(0.,0.,1.));
#2118 = ORIENTED_EDGE('',*,*,#2119,.F.);
#2119 = EDGE_CURVE('',#2120,#2112,#2122,.T.);
#2120 = VERTEX_POINT('',#2121);
#2121 = CARTESIAN_POINT('',(0.282819,-1.530469,13.95));
#2122 = LINE('',#2123,#2124);
#2123 = CARTESIAN_POINT('',(0.282819,0.,13.95));
#2124 = VECTOR('',#2125,1.);
#2125 = DIRECTION('',(0.,-1.,0.));
#2126 = ORIENTED_EDGE('',*,*,#2127,.T.);
#2127 = EDGE_CURVE('',#2120,#2101,#2128,.T.);
#2128 = LINE('',#2129,#2130);
#2129 = CARTESIAN_POINT('',(0.282819,0.,13.95));
#2130 = VECTOR('',#2131,1.);
#2131 = DIRECTION('',(0.,1.,0.));
#2132 = PLANE('',#2133);
#2133 = AXIS2_PLACEMENT_3D('',#2134,#2135,#2136);
#2134 = CARTESIAN_POINT('',(0.282819,-0.900529677232,6.650206640055));
#2135 = DIRECTION('',(1.,0.,0.));
#2136 = DIRECTION('',(-0.,1.,0.));
#2137 = ADVANCED_FACE('',(#2138),#2156,.T.);
#2138 = FACE_BOUND('',#2139,.T.);
#2139 = EDGE_LOOP('',(#2140,#2141,#2149,#2155));
#2140 = ORIENTED_EDGE('',*,*,#1232,.F.);
#2141 = ORIENTED_EDGE('',*,*,#2142,.T.);
#2142 = EDGE_CURVE('',#1225,#2143,#2145,.T.);
#2143 = VERTEX_POINT('',#2144);
#2144 = CARTESIAN_POINT('',(0.282819,-1.130469,14.16));
#2145 = LINE('',#2146,#2147);
#2146 = CARTESIAN_POINT('',(0.282819,-0.830469,14.16));
#2147 = VECTOR('',#2148,1.);
#2148 = DIRECTION('',(-1.110223024625E-15,-1.,0.));
#2149 = ORIENTED_EDGE('',*,*,#2150,.T.);
#2150 = EDGE_CURVE('',#2143,#1059,#2151,.T.);
#2151 = LINE('',#2152,#2153);
#2152 = CARTESIAN_POINT('',(0.,-1.130469,14.16));
#2153 = VECTOR('',#2154,1.);
#2154 = DIRECTION('',(-1.,0.,0.));
#2155 = ORIENTED_EDGE('',*,*,#1091,.T.);
#2156 = PLANE('',#2157);
#2157 = AXIS2_PLACEMENT_3D('',#2158,#2159,#2160);
#2158 = CARTESIAN_POINT('',(0.282819,-0.830469,14.16));
#2159 = DIRECTION('',(0.,0.,-1.));
#2160 = DIRECTION('',(1.,-1.110223024625E-15,0.));
#2161 = ADVANCED_FACE('',(#2162),#2196,.F.);
#2162 = FACE_BOUND('',#2163,.T.);
#2163 = EDGE_LOOP('',(#2164,#2174,#2182,#2190));
#2164 = ORIENTED_EDGE('',*,*,#2165,.T.);
#2165 = EDGE_CURVE('',#2166,#2168,#2170,.T.);
#2166 = VERTEX_POINT('',#2167);
#2167 = CARTESIAN_POINT('',(-1.717181,-0.830469,9.05));
#2168 = VERTEX_POINT('',#2169);
#2169 = CARTESIAN_POINT('',(0.282819,-0.830469,9.05));
#2170 = LINE('',#2171,#2172);
#2171 = CARTESIAN_POINT('',(-1.203448435198E-16,-0.830469,9.05));
#2172 = VECTOR('',#2173,1.);
#2173 = DIRECTION('',(1.,-9.877623892429E-16,0.));
#2174 = ORIENTED_EDGE('',*,*,#2175,.F.);
#2175 = EDGE_CURVE('',#2176,#2168,#2178,.T.);
#2176 = VERTEX_POINT('',#2177);
#2177 = CARTESIAN_POINT('',(0.282819,-1.630469,9.05));
#2178 = LINE('',#2179,#2180);
#2179 = CARTESIAN_POINT('',(0.282819,-0.930469,9.05));
#2180 = VECTOR('',#2181,1.);
#2181 = DIRECTION('',(3.208208438493E-15,1.,0.));
#2182 = ORIENTED_EDGE('',*,*,#2183,.T.);
#2183 = EDGE_CURVE('',#2176,#2184,#2186,.T.);
#2184 = VERTEX_POINT('',#2185);
#2185 = CARTESIAN_POINT('',(-1.717181,-1.630469,9.05));
#2186 = LINE('',#2187,#2188);
#2187 = CARTESIAN_POINT('',(1.182819,-1.630469,9.05));
#2188 = VECTOR('',#2189,1.);
#2189 = DIRECTION('',(-1.,-1.224606353822E-16,0.));
#2190 = ORIENTED_EDGE('',*,*,#2191,.T.);
#2191 = EDGE_CURVE('',#2184,#2166,#2192,.T.);
#2192 = LINE('',#2193,#2194);
#2193 = CARTESIAN_POINT('',(-1.717181,-2.030469,9.05));
#2194 = VECTOR('',#2195,1.);
#2195 = DIRECTION('',(-1.224606353822E-16,1.,0.));
#2196 = PLANE('',#2197);
#2197 = AXIS2_PLACEMENT_3D('',#2198,#2199,#2200);
#2198 = CARTESIAN_POINT('',(-0.165186447206,-1.387490615669,9.05));
#2199 = DIRECTION('',(0.,0.,1.));
#2200 = DIRECTION('',(1.,1.224606353822E-16,-0.));
#2201 = ADVANCED_FACE('',(#2202),#2227,.T.);
#2202 = FACE_BOUND('',#2203,.T.);
#2203 = EDGE_LOOP('',(#2204,#2205,#2213,#2221));
#2204 = ORIENTED_EDGE('',*,*,#1823,.F.);
#2205 = ORIENTED_EDGE('',*,*,#2206,.T.);
#2206 = EDGE_CURVE('',#1816,#2207,#2209,.T.);
#2207 = VERTEX_POINT('',#2208);
#2208 = CARTESIAN_POINT('',(-0.792181,1.769531,13.45));
#2209 = LINE('',#2210,#2211);
#2210 = CARTESIAN_POINT('',(-0.792181,1.769531,13.95));
#2211 = VECTOR('',#2212,1.);
#2212 = DIRECTION('',(0.,0.,-1.));
#2213 = ORIENTED_EDGE('',*,*,#2214,.T.);
#2214 = EDGE_CURVE('',#2207,#2215,#2217,.T.);
#2215 = VERTEX_POINT('',#2216);
#2216 = CARTESIAN_POINT('',(-0.792181,2.769531,13.45));
#2217 = LINE('',#2218,#2219);
#2218 = CARTESIAN_POINT('',(-0.792181,0.,13.45));
#2219 = VECTOR('',#2220,1.);
#2220 = DIRECTION('',(1.443289932013E-14,1.,-8.881784197001E-15));
#2221 = ORIENTED_EDGE('',*,*,#2222,.T.);
#2222 = EDGE_CURVE('',#2215,#1824,#2223,.T.);
#2223 = LINE('',#2224,#2225);
#2224 = CARTESIAN_POINT('',(-0.792181,2.769531,8.125));
#2225 = VECTOR('',#2226,1.);
#2226 = DIRECTION('',(0.,0.,1.));
#2227 = PLANE('',#2228);
#2228 = AXIS2_PLACEMENT_3D('',#2229,#2230,#2231);
#2229 = CARTESIAN_POINT('',(-0.792181,2.669531,13.95));
#2230 = DIRECTION('',(1.,-1.443289932013E-14,0.));
#2231 = DIRECTION('',(-1.443289932013E-14,-1.,0.));
#2232 = ADVANCED_FACE('',(#2233),#2266,.F.);
#2233 = FACE_BOUND('',#2234,.T.);
#2234 = EDGE_LOOP('',(#2235,#2245,#2253,#2259,#2260));
#2235 = ORIENTED_EDGE('',*,*,#2236,.T.);
#2236 = EDGE_CURVE('',#2237,#2239,#2241,.T.);
#2237 = VERTEX_POINT('',#2238);
#2238 = CARTESIAN_POINT('',(8.2819E-02,-2.230469,12.975));
#2239 = VERTEX_POINT('',#2240);
#2240 = CARTESIAN_POINT('',(8.2819E-02,-1.530469,12.975));
#2241 = LINE('',#2242,#2243);
#2242 = CARTESIAN_POINT('',(8.2819E-02,0.,12.975));
#2243 = VECTOR('',#2244,1.);
#2244 = DIRECTION('',(0.,1.,0.));
#2245 = ORIENTED_EDGE('',*,*,#2246,.F.);
#2246 = EDGE_CURVE('',#2247,#2239,#2249,.T.);
#2247 = VERTEX_POINT('',#2248);
#2248 = CARTESIAN_POINT('',(8.2819E-02,-1.530469,13.95));
#2249 = LINE('',#2250,#2251);
#2250 = CARTESIAN_POINT('',(8.2819E-02,-1.530469,8.125));
#2251 = VECTOR('',#2252,1.);
#2252 = DIRECTION('',(0.,0.,-1.));
#2253 = ORIENTED_EDGE('',*,*,#2254,.F.);
#2254 = EDGE_CURVE('',#1712,#2247,#2255,.T.);
#2255 = LINE('',#2256,#2257);
#2256 = CARTESIAN_POINT('',(8.2819E-02,0.,13.95));
#2257 = VECTOR('',#2258,1.);
#2258 = DIRECTION('',(0.,1.,0.));
#2259 = ORIENTED_EDGE('',*,*,#1709,.F.);
#2260 = ORIENTED_EDGE('',*,*,#2261,.T.);
#2261 = EDGE_CURVE('',#1710,#2237,#2262,.T.);
#2262 = LINE('',#2263,#2264);
#2263 = CARTESIAN_POINT('',(8.2819E-02,-2.230469,13.95));
#2264 = VECTOR('',#2265,1.);
#2265 = DIRECTION('',(0.,0.,-1.));
#2266 = PLANE('',#2267);
#2267 = AXIS2_PLACEMENT_3D('',#2268,#2269,#2270);
#2268 = CARTESIAN_POINT('',(8.2819E-02,-2.030469,13.95));
#2269 = DIRECTION('',(-1.,0.,0.));
#2270 = DIRECTION('',(0.,0.,1.));
#2271 = ADVANCED_FACE('',(#2272),#2288,.F.);
#2272 = FACE_BOUND('',#2273,.T.);
#2273 = EDGE_LOOP('',(#2274,#2275,#2281,#2282));
#2274 = ORIENTED_EDGE('',*,*,#2236,.F.);
#2275 = ORIENTED_EDGE('',*,*,#2276,.F.);
#2276 = EDGE_CURVE('',#1986,#2237,#2277,.T.);
#2277 = LINE('',#2278,#2279);
#2278 = CARTESIAN_POINT('',(0.,-2.230469,12.975));
#2279 = VECTOR('',#2280,1.);
#2280 = DIRECTION('',(1.,0.,0.));
#2281 = ORIENTED_EDGE('',*,*,#2009,.T.);
#2282 = ORIENTED_EDGE('',*,*,#2283,.F.);
#2283 = EDGE_CURVE('',#2239,#2002,#2284,.T.);
#2284 = LINE('',#2285,#2286);
#2285 = CARTESIAN_POINT('',(0.,-1.530469,12.975));
#2286 = VECTOR('',#2287,1.);
#2287 = DIRECTION('',(-1.,0.,0.));
#2288 = PLANE('',#2289);
#2289 = AXIS2_PLACEMENT_3D('',#2290,#2291,#2292);
#2290 = CARTESIAN_POINT('',(1.182819,-2.030469,12.975));
#2291 = DIRECTION('',(0.,0.,1.));
#2292 = DIRECTION('',(1.,0.,-0.));
#2293 = ADVANCED_FACE('',(#2294),#2346,.T.);
#2294 = FACE_BOUND('',#2295,.T.);
#2295 = EDGE_LOOP('',(#2296,#2297,#2298,#2299,#2307,#2315,#2323,#2332,
    #2340));
#2296 = ORIENTED_EDGE('',*,*,#2142,.F.);
#2297 = ORIENTED_EDGE('',*,*,#1224,.F.);
#2298 = ORIENTED_EDGE('',*,*,#836,.F.);
#2299 = ORIENTED_EDGE('',*,*,#2300,.F.);
#2300 = EDGE_CURVE('',#2301,#829,#2303,.T.);
#2301 = VERTEX_POINT('',#2302);
#2302 = CARTESIAN_POINT('',(0.282819,-1.630469,14.45));
#2303 = LINE('',#2304,#2305);
#2304 = CARTESIAN_POINT('',(0.282819,-1.630469,8.125));
#2305 = VECTOR('',#2306,1.);
#2306 = DIRECTION('',(0.,0.,1.));
#2307 = ORIENTED_EDGE('',*,*,#2308,.T.);
#2308 = EDGE_CURVE('',#2301,#2309,#2311,.T.);
#2309 = VERTEX_POINT('',#2310);
#2310 = CARTESIAN_POINT('',(0.282819,-1.430469,14.45));
#2311 = LINE('',#2312,#2313);
#2312 = CARTESIAN_POINT('',(0.282819,0.,14.45));
#2313 = VECTOR('',#2314,1.);
#2314 = DIRECTION('',(0.,1.,6.123031769112E-17));
#2315 = ORIENTED_EDGE('',*,*,#2316,.T.);
#2316 = EDGE_CURVE('',#2309,#2317,#2319,.T.);
#2317 = VERTEX_POINT('',#2318);
#2318 = CARTESIAN_POINT('',(0.282819,-1.430469,14.35));
#2319 = LINE('',#2320,#2321);
#2320 = CARTESIAN_POINT('',(0.282819,-1.430469,8.125));
#2321 = VECTOR('',#2322,1.);
#2322 = DIRECTION('',(0.,6.123031769112E-17,-1.));
#2323 = ORIENTED_EDGE('',*,*,#2324,.T.);
#2324 = EDGE_CURVE('',#2317,#2325,#2327,.T.);
#2325 = VERTEX_POINT('',#2326);
#2326 = CARTESIAN_POINT('',(0.282819,-1.230469,14.15));
#2327 = CIRCLE('',#2328,0.2);
#2328 = AXIS2_PLACEMENT_3D('',#2329,#2330,#2331);
#2329 = CARTESIAN_POINT('',(0.282819,-1.230469,14.35));
#2330 = DIRECTION('',(1.,-1.224606353822E-16,-2.598723107523E-32));
#2331 = DIRECTION('',(-1.224606353822E-16,-1.,-1.224606353822E-16));
#2332 = ORIENTED_EDGE('',*,*,#2333,.T.);
#2333 = EDGE_CURVE('',#2325,#2334,#2336,.T.);
#2334 = VERTEX_POINT('',#2335);
#2335 = CARTESIAN_POINT('',(0.282819,-1.130469,14.15));
#2336 = LINE('',#2337,#2338);
#2337 = CARTESIAN_POINT('',(0.282819,0.,14.15));
#2338 = VECTOR('',#2339,1.);
#2339 = DIRECTION('',(0.,1.,6.123031769112E-17));
#2340 = ORIENTED_EDGE('',*,*,#2341,.T.);
#2341 = EDGE_CURVE('',#2334,#2143,#2342,.T.);
#2342 = LINE('',#2343,#2344);
#2343 = CARTESIAN_POINT('',(0.282819,-1.130469,13.95));
#2344 = VECTOR('',#2345,1.);
#2345 = DIRECTION('',(0.,0.,1.));
#2346 = PLANE('',#2347);
#2347 = AXIS2_PLACEMENT_3D('',#2348,#2349,#2350);
#2348 = CARTESIAN_POINT('',(0.282819,-0.900529677232,6.650206640055));
#2349 = DIRECTION('',(1.,0.,0.));
#2350 = DIRECTION('',(-0.,1.,0.));
#2351 = ADVANCED_FACE('',(#2352),#2428,.T.);
#2352 = FACE_BOUND('',#2353,.T.);
#2353 = EDGE_LOOP('',(#2354,#2355,#2356,#2357,#2358,#2366,#2374,#2382,
    #2390,#2398,#2406,#2414,#2422));
#2354 = ORIENTED_EDGE('',*,*,#1726,.T.);
#2355 = ORIENTED_EDGE('',*,*,#1058,.F.);
#2356 = ORIENTED_EDGE('',*,*,#2150,.F.);
#2357 = ORIENTED_EDGE('',*,*,#2341,.F.);
#2358 = ORIENTED_EDGE('',*,*,#2359,.F.);
#2359 = EDGE_CURVE('',#2360,#2334,#2362,.T.);
#2360 = VERTEX_POINT('',#2361);
#2361 = CARTESIAN_POINT('',(0.282819,-1.130469,13.95));
#2362 = LINE('',#2363,#2364);
#2363 = CARTESIAN_POINT('',(0.282819,-1.130469,8.125));
#2364 = VECTOR('',#2365,1.);
#2365 = DIRECTION('',(1.124745541367E-32,0.,1.));
#2366 = ORIENTED_EDGE('',*,*,#2367,.T.);
#2367 = EDGE_CURVE('',#2360,#2368,#2370,.T.);
#2368 = VERTEX_POINT('',#2369);
#2369 = CARTESIAN_POINT('',(-0.417181,-1.130469,13.95));
#2370 = LINE('',#2371,#2372);
#2371 = CARTESIAN_POINT('',(0.,-1.130469,13.95));
#2372 = VECTOR('',#2373,1.);
#2373 = DIRECTION('',(-1.,0.,0.));
#2374 = ORIENTED_EDGE('',*,*,#2375,.F.);
#2375 = EDGE_CURVE('',#2376,#2368,#2378,.T.);
#2376 = VERTEX_POINT('',#2377);
#2377 = CARTESIAN_POINT('',(-0.417181,-1.130469,14.15));
#2378 = LINE('',#2379,#2380);
#2379 = CARTESIAN_POINT('',(-0.417181,-1.130469,8.125));
#2380 = VECTOR('',#2381,1.);
#2381 = DIRECTION('',(-1.124745541367E-32,0.,-1.));
#2382 = ORIENTED_EDGE('',*,*,#2383,.T.);
#2383 = EDGE_CURVE('',#2376,#2384,#2386,.T.);
#2384 = VERTEX_POINT('',#2385);
#2385 = CARTESIAN_POINT('',(-0.750514333333,-1.130469,14.15));
#2386 = LINE('',#2387,#2388);
#2387 = CARTESIAN_POINT('',(0.,-1.130469,14.15));
#2388 = VECTOR('',#2389,1.);
#2389 = DIRECTION('',(-1.,0.,2.465190328816E-32));
#2390 = ORIENTED_EDGE('',*,*,#2391,.F.);
#2391 = EDGE_CURVE('',#2392,#2384,#2394,.T.);
#2392 = VERTEX_POINT('',#2393);
#2393 = CARTESIAN_POINT('',(-0.750514333333,-1.130469,13.95));
#2394 = LINE('',#2395,#2396);
#2395 = CARTESIAN_POINT('',(-0.750514333333,-1.130469,8.125));
#2396 = VECTOR('',#2397,1.);
#2397 = DIRECTION('',(-2.041010589704E-16,0.,1.));
#2398 = ORIENTED_EDGE('',*,*,#2399,.T.);
#2399 = EDGE_CURVE('',#2392,#2400,#2402,.T.);
#2400 = VERTEX_POINT('',#2401);
#2401 = CARTESIAN_POINT('',(-0.917181,-1.130469,13.95));
#2402 = LINE('',#2403,#2404);
#2403 = CARTESIAN_POINT('',(0.,-1.130469,13.95));
#2404 = VECTOR('',#2405,1.);
#2405 = DIRECTION('',(-1.,0.,0.));
#2406 = ORIENTED_EDGE('',*,*,#2407,.F.);
#2407 = EDGE_CURVE('',#2408,#2400,#2410,.T.);
#2408 = VERTEX_POINT('',#2409);
#2409 = CARTESIAN_POINT('',(-0.917181,-1.130469,14.15));
#2410 = LINE('',#2411,#2412);
#2411 = CARTESIAN_POINT('',(-0.917181,-1.130469,8.125));
#2412 = VECTOR('',#2413,1.);
#2413 = DIRECTION('',(-1.124745541367E-32,0.,-1.));
#2414 = ORIENTED_EDGE('',*,*,#2415,.T.);
#2415 = EDGE_CURVE('',#2408,#2416,#2418,.T.);
#2416 = VERTEX_POINT('',#2417);
#2417 = CARTESIAN_POINT('',(-1.167181,-1.130469,14.15));
#2418 = LINE('',#2419,#2420);
#2419 = CARTESIAN_POINT('',(0.,-1.130469,14.15));
#2420 = VECTOR('',#2421,1.);
#2421 = DIRECTION('',(-1.,0.,2.465190328816E-32));
#2422 = ORIENTED_EDGE('',*,*,#2423,.F.);
#2423 = EDGE_CURVE('',#1727,#2416,#2424,.T.);
#2424 = LINE('',#2425,#2426);
#2425 = CARTESIAN_POINT('',(-1.167181,-1.130469,8.125));
#2426 = VECTOR('',#2427,1.);
#2427 = DIRECTION('',(-3.061515884556E-16,0.,1.));
#2428 = PLANE('',#2429);
#2429 = AXIS2_PLACEMENT_3D('',#2430,#2431,#2432);
#2430 = CARTESIAN_POINT('',(0.182819,-1.130469,13.95));
#2431 = DIRECTION('',(0.,1.,0.));
#2432 = DIRECTION('',(1.,0.,0.));
#2433 = ADVANCED_FACE('',(#2434),#2459,.F.);
#2434 = FACE_BOUND('',#2435,.T.);
#2435 = EDGE_LOOP('',(#2436,#2437,#2445,#2453));
#2436 = ORIENTED_EDGE('',*,*,#1385,.T.);
#2437 = ORIENTED_EDGE('',*,*,#2438,.F.);
#2438 = EDGE_CURVE('',#2439,#1388,#2441,.T.);
#2439 = VERTEX_POINT('',#2440);
#2440 = CARTESIAN_POINT('',(0.782819,-1.530469,10.775));
#2441 = LINE('',#2442,#2443);
#2442 = CARTESIAN_POINT('',(0.782819,-1.530469,6.875));
#2443 = VECTOR('',#2444,1.);
#2444 = DIRECTION('',(0.,0.,1.));
#2445 = ORIENTED_EDGE('',*,*,#2446,.F.);
#2446 = EDGE_CURVE('',#2447,#2439,#2449,.T.);
#2447 = VERTEX_POINT('',#2448);
#2448 = CARTESIAN_POINT('',(0.782819,-2.030469,10.775));
#2449 = LINE('',#2450,#2451);
#2450 = CARTESIAN_POINT('',(0.782819,-1.261800927957E-16,10.775));
#2451 = VECTOR('',#2452,1.);
#2452 = DIRECTION('',(-1.224606353822E-16,1.,0.));
#2453 = ORIENTED_EDGE('',*,*,#2454,.T.);
#2454 = EDGE_CURVE('',#2447,#1386,#2455,.T.);
#2455 = LINE('',#2456,#2457);
#2456 = CARTESIAN_POINT('',(0.782819,-2.030469,24.375));
#2457 = VECTOR('',#2458,1.);
#2458 = DIRECTION('',(0.,0.,1.));
#2459 = PLANE('',#2460);
#2460 = AXIS2_PLACEMENT_3D('',#2461,#2462,#2463);
#2461 = CARTESIAN_POINT('',(0.782819,-2.030469,13.075));
#2462 = DIRECTION('',(1.,0.,0.));
#2463 = DIRECTION('',(0.,0.,-1.));
#2464 = ADVANCED_FACE('',(#2465),#2513,.F.);
#2465 = FACE_BOUND('',#2466,.T.);
#2466 = EDGE_LOOP('',(#2467,#2475,#2483,#2491,#2499,#2505,#2506,#2512));
#2467 = ORIENTED_EDGE('',*,*,#2468,.F.);
#2468 = EDGE_CURVE('',#2469,#1546,#2471,.T.);
#2469 = VERTEX_POINT('',#2470);
#2470 = CARTESIAN_POINT('',(0.782819,2.769531,13.45));
#2471 = LINE('',#2472,#2473);
#2472 = CARTESIAN_POINT('',(0.,2.769531,13.45));
#2473 = VECTOR('',#2474,1.);
#2474 = DIRECTION('',(-1.,-1.224606353822E-16,0.));
#2475 = ORIENTED_EDGE('',*,*,#2476,.T.);
#2476 = EDGE_CURVE('',#2469,#2477,#2479,.T.);
#2477 = VERTEX_POINT('',#2478);
#2478 = CARTESIAN_POINT('',(0.782819,-0.230469,13.45));
#2479 = LINE('',#2480,#2481);
#2480 = CARTESIAN_POINT('',(0.782819,0.,13.45));
#2481 = VECTOR('',#2482,1.);
#2482 = DIRECTION('',(0.,-1.,0.));
#2483 = ORIENTED_EDGE('',*,*,#2484,.F.);
#2484 = EDGE_CURVE('',#2485,#2477,#2487,.T.);
#2485 = VERTEX_POINT('',#2486);
#2486 = CARTESIAN_POINT('',(-1.567181,-0.230469,13.45));
#2487 = LINE('',#2488,#2489);
#2488 = CARTESIAN_POINT('',(0.,-0.230469,13.45));
#2489 = VECTOR('',#2490,1.);
#2490 = DIRECTION('',(1.,1.224606353822E-16,0.));
#2491 = ORIENTED_EDGE('',*,*,#2492,.T.);
#2492 = EDGE_CURVE('',#2485,#2493,#2495,.T.);
#2493 = VERTEX_POINT('',#2494);
#2494 = CARTESIAN_POINT('',(-1.567181,2.769531,13.45));
#2495 = LINE('',#2496,#2497);
#2496 = CARTESIAN_POINT('',(-1.567181,0.,13.45));
#2497 = VECTOR('',#2498,1.);
#2498 = DIRECTION('',(0.,1.,0.));
#2499 = ORIENTED_EDGE('',*,*,#2500,.F.);
#2500 = EDGE_CURVE('',#2215,#2493,#2501,.T.);
#2501 = LINE('',#2502,#2503);
#2502 = CARTESIAN_POINT('',(0.,2.769531,13.45));
#2503 = VECTOR('',#2504,1.);
#2504 = DIRECTION('',(-1.,0.,0.));
#2505 = ORIENTED_EDGE('',*,*,#2214,.F.);
#2506 = ORIENTED_EDGE('',*,*,#2507,.T.);
#2507 = EDGE_CURVE('',#2207,#1544,#2508,.T.);
#2508 = LINE('',#2509,#2510);
#2509 = CARTESIAN_POINT('',(0.,1.769531,13.45));
#2510 = VECTOR('',#2511,1.);
#2511 = DIRECTION('',(1.,0.,0.));
#2512 = ORIENTED_EDGE('',*,*,#1543,.T.);
#2513 = PLANE('',#2514);
#2514 = AXIS2_PLACEMENT_3D('',#2515,#2516,#2517);
#2515 = CARTESIAN_POINT('',(-1.567181,-0.230469,13.45));
#2516 = DIRECTION('',(0.,0.,1.));
#2517 = DIRECTION('',(-1.,0.,0.));
#2518 = ADVANCED_FACE('',(#2519),#2559,.F.);
#2519 = FACE_BOUND('',#2520,.T.);
#2520 = EDGE_LOOP('',(#2521,#2522,#2523,#2524,#2525,#2526,#2527,#2528,
    #2536,#2544,#2552,#2558));
#2521 = ORIENTED_EDGE('',*,*,#2507,.F.);
#2522 = ORIENTED_EDGE('',*,*,#2206,.F.);
#2523 = ORIENTED_EDGE('',*,*,#1815,.F.);
#2524 = ORIENTED_EDGE('',*,*,#1496,.F.);
#2525 = ORIENTED_EDGE('',*,*,#1169,.F.);
#2526 = ORIENTED_EDGE('',*,*,#1617,.T.);
#2527 = ORIENTED_EDGE('',*,*,#1183,.F.);
#2528 = ORIENTED_EDGE('',*,*,#2529,.F.);
#2529 = EDGE_CURVE('',#2530,#1184,#2532,.T.);
#2530 = VERTEX_POINT('',#2531);
#2531 = CARTESIAN_POINT('',(1.082819,1.769531,14.35));
#2532 = LINE('',#2533,#2534);
#2533 = CARTESIAN_POINT('',(1.082819,1.769531,-0.625));
#2534 = VECTOR('',#2535,1.);
#2535 = DIRECTION('',(9.912127626594E-33,-6.123031769112E-17,1.));
#2536 = ORIENTED_EDGE('',*,*,#2537,.F.);
#2537 = EDGE_CURVE('',#2538,#2530,#2540,.T.);
#2538 = VERTEX_POINT('',#2539);
#2539 = CARTESIAN_POINT('',(0.282819,1.769531,14.35));
#2540 = LINE('',#2541,#2542);
#2541 = CARTESIAN_POINT('',(-0.386712,1.769531,14.35));
#2542 = VECTOR('',#2543,1.);
#2543 = DIRECTION('',(1.,-1.224606353822E-16,-2.598723107523E-32));
#2544 = ORIENTED_EDGE('',*,*,#2545,.T.);
#2545 = EDGE_CURVE('',#2538,#2546,#2548,.T.);
#2546 = VERTEX_POINT('',#2547);
#2547 = CARTESIAN_POINT('',(0.282819,1.769531,13.95));
#2548 = LINE('',#2549,#2550);
#2549 = CARTESIAN_POINT('',(0.282819,1.769531,8.125));
#2550 = VECTOR('',#2551,1.);
#2551 = DIRECTION('',(0.,0.,-1.));
#2552 = ORIENTED_EDGE('',*,*,#2553,.F.);
#2553 = EDGE_CURVE('',#1554,#2546,#2554,.T.);
#2554 = LINE('',#2555,#2556);
#2555 = CARTESIAN_POINT('',(0.,1.769531,13.95));
#2556 = VECTOR('',#2557,1.);
#2557 = DIRECTION('',(1.,0.,0.));
#2558 = ORIENTED_EDGE('',*,*,#1553,.T.);
#2559 = PLANE('',#2560);
#2560 = AXIS2_PLACEMENT_3D('',#2561,#2562,#2563);
#2561 = CARTESIAN_POINT('',(-0.792181,1.769531,13.95));
#2562 = DIRECTION('',(0.,-1.,0.));
#2563 = DIRECTION('',(-1.,0.,0.));
#2564 = ADVANCED_FACE('',(#2565),#2659,.F.);
#2565 = FACE_BOUND('',#2566,.T.);
#2566 = EDGE_LOOP('',(#2567,#2575,#2576,#2582,#2583,#2589,#2590,#2596,
    #2597,#2605,#2613,#2621,#2629,#2637,#2645,#2653));
#2567 = ORIENTED_EDGE('',*,*,#2568,.T.);
#2568 = EDGE_CURVE('',#2569,#859,#2571,.T.);
#2569 = VERTEX_POINT('',#2570);
#2570 = CARTESIAN_POINT('',(-2.017181,-2.230469,11.426));
#2571 = LINE('',#2572,#2573);
#2572 = CARTESIAN_POINT('',(-2.017181,-2.230469,12.224));
#2573 = VECTOR('',#2574,1.);
#2574 = DIRECTION('',(0.,0.,1.));
#2575 = ORIENTED_EDGE('',*,*,#858,.T.);
#2576 = ORIENTED_EDGE('',*,*,#2577,.T.);
#2577 = EDGE_CURVE('',#861,#1250,#2578,.T.);
#2578 = LINE('',#2579,#2580);
#2579 = CARTESIAN_POINT('',(-2.017181,-1.530469,11.425));
#2580 = VECTOR('',#2581,1.);
#2581 = DIRECTION('',(0.,0.,1.));
#2582 = ORIENTED_EDGE('',*,*,#1282,.F.);
#2583 = ORIENTED_EDGE('',*,*,#2584,.F.);
#2584 = EDGE_CURVE('',#1337,#1274,#2585,.T.);
#2585 = LINE('',#2586,#2587);
#2586 = CARTESIAN_POINT('',(-2.017181,0.,12.675));
#2587 = VECTOR('',#2588,1.);
#2588 = DIRECTION('',(-1.224606353822E-16,1.,0.));
#2589 = ORIENTED_EDGE('',*,*,#1371,.F.);
#2590 = ORIENTED_EDGE('',*,*,#2591,.F.);
#2591 = EDGE_CURVE('',#1672,#1364,#2592,.T.);
#2592 = LINE('',#2593,#2594);
#2593 = CARTESIAN_POINT('',(-2.017181,-2.230469,12.775));
#2594 = VECTOR('',#2595,1.);
#2595 = DIRECTION('',(0.,0.,-1.));
#2596 = ORIENTED_EDGE('',*,*,#1671,.F.);
#2597 = ORIENTED_EDGE('',*,*,#2598,.T.);
#2598 = EDGE_CURVE('',#1664,#2599,#2601,.T.);
#2599 = VERTEX_POINT('',#2600);
#2600 = CARTESIAN_POINT('',(-2.017181,-1.330469,10.775));
#2601 = LINE('',#2602,#2603);
#2602 = CARTESIAN_POINT('',(-2.017181,-1.330469,23.575));
#2603 = VECTOR('',#2604,1.);
#2604 = DIRECTION('',(0.,0.,-1.));
#2605 = ORIENTED_EDGE('',*,*,#2606,.T.);
#2606 = EDGE_CURVE('',#2599,#2607,#2609,.T.);
#2607 = VERTEX_POINT('',#2608);
#2608 = CARTESIAN_POINT('',(-2.017181,-2.230469,10.775));
#2609 = LINE('',#2610,#2611);
#2610 = CARTESIAN_POINT('',(-2.017181,-4.69069871866E-16,10.775));
#2611 = VECTOR('',#2612,1.);
#2612 = DIRECTION('',(2.449212707645E-16,-1.,0.));
#2613 = ORIENTED_EDGE('',*,*,#2614,.T.);
#2614 = EDGE_CURVE('',#2607,#2615,#2617,.T.);
#2615 = VERTEX_POINT('',#2616);
#2616 = CARTESIAN_POINT('',(-2.017181,-2.230469,11.075));
#2617 = LINE('',#2618,#2619);
#2618 = CARTESIAN_POINT('',(-2.017181,-2.230469,10.975));
#2619 = VECTOR('',#2620,1.);
#2620 = DIRECTION('',(0.,0.,1.));
#2621 = ORIENTED_EDGE('',*,*,#2622,.T.);
#2622 = EDGE_CURVE('',#2615,#2623,#2625,.T.);
#2623 = VERTEX_POINT('',#2624);
#2624 = CARTESIAN_POINT('',(-2.017181,-2.143866459622,11.075));
#2625 = LINE('',#2626,#2627);
#2626 = CARTESIAN_POINT('',(-2.017181,-4.69069871866E-16,11.075));
#2627 = VECTOR('',#2628,1.);
#2628 = DIRECTION('',(-1.224606353822E-16,1.,0.));
#2629 = ORIENTED_EDGE('',*,*,#2630,.T.);
#2630 = EDGE_CURVE('',#2623,#2631,#2633,.T.);
#2631 = VERTEX_POINT('',#2632);
#2632 = CARTESIAN_POINT('',(-2.017181,-1.7832554045,11.075));
#2633 = LINE('',#2634,#2635);
#2634 = CARTESIAN_POINT('',(-2.017181,0.,11.075));
#2635 = VECTOR('',#2636,1.);
#2636 = DIRECTION('',(-1.224606353822E-16,1.,0.));
#2637 = ORIENTED_EDGE('',*,*,#2638,.T.);
#2638 = EDGE_CURVE('',#2631,#2639,#2641,.T.);
#2639 = VERTEX_POINT('',#2640);
#2640 = CARTESIAN_POINT('',(-2.017181,-1.530469,11.075));
#2641 = LINE('',#2642,#2643);
#2642 = CARTESIAN_POINT('',(-2.017181,-4.69069871866E-16,11.075));
#2643 = VECTOR('',#2644,1.);
#2644 = DIRECTION('',(-1.224606353822E-16,1.,0.));
#2645 = ORIENTED_EDGE('',*,*,#2646,.F.);
#2646 = EDGE_CURVE('',#2647,#2639,#2649,.T.);
#2647 = VERTEX_POINT('',#2648);
#2648 = CARTESIAN_POINT('',(-2.017181,-1.530469,11.426));
#2649 = LINE('',#2650,#2651);
#2650 = CARTESIAN_POINT('',(-2.017181,-1.530469,12.325));
#2651 = VECTOR('',#2652,1.);
#2652 = DIRECTION('',(0.,0.,-1.));
#2653 = ORIENTED_EDGE('',*,*,#2654,.F.);
#2654 = EDGE_CURVE('',#2569,#2647,#2655,.T.);
#2655 = LINE('',#2656,#2657);
#2656 = CARTESIAN_POINT('',(-2.017181,-2.230469,11.426));
#2657 = VECTOR('',#2658,1.);
#2658 = DIRECTION('',(-1.224606353822E-16,1.,0.));
#2659 = PLANE('',#2660);
#2660 = AXIS2_PLACEMENT_3D('',#2661,#2662,#2663);
#2661 = CARTESIAN_POINT('',(-2.017181,-2.111657543924,10.960989537098));
#2662 = DIRECTION('',(1.,1.224606353822E-16,0.));
#2663 = DIRECTION('',(1.224606353822E-16,-1.,0.));
#2664 = ADVANCED_FACE('',(#2665),#2700,.T.);
#2665 = FACE_BOUND('',#2666,.T.);
#2666 = EDGE_LOOP('',(#2667,#2668,#2669,#2670,#2671,#2677,#2678,#2686,
    #2694));
#2667 = ORIENTED_EDGE('',*,*,#2300,.T.);
#2668 = ORIENTED_EDGE('',*,*,#828,.T.);
#2669 = ORIENTED_EDGE('',*,*,#1076,.T.);
#2670 = ORIENTED_EDGE('',*,*,#1719,.F.);
#2671 = ORIENTED_EDGE('',*,*,#2672,.F.);
#2672 = EDGE_CURVE('',#2112,#1712,#2673,.T.);
#2673 = LINE('',#2674,#2675);
#2674 = CARTESIAN_POINT('',(1.182819,-1.630469,13.95));
#2675 = VECTOR('',#2676,1.);
#2676 = DIRECTION('',(-1.,0.,0.));
#2677 = ORIENTED_EDGE('',*,*,#2111,.T.);
#2678 = ORIENTED_EDGE('',*,*,#2679,.F.);
#2679 = EDGE_CURVE('',#2680,#2103,#2682,.T.);
#2680 = VERTEX_POINT('',#2681);
#2681 = CARTESIAN_POINT('',(1.082819,-1.630469,14.35));
#2682 = LINE('',#2683,#2684);
#2683 = CARTESIAN_POINT('',(-0.386712,-1.630469,14.35));
#2684 = VECTOR('',#2685,1.);
#2685 = DIRECTION('',(-1.,1.224606353822E-16,2.598723107523E-32));
#2686 = ORIENTED_EDGE('',*,*,#2687,.F.);
#2687 = EDGE_CURVE('',#2688,#2680,#2690,.T.);
#2688 = VERTEX_POINT('',#2689);
#2689 = CARTESIAN_POINT('',(1.082819,-1.630469,14.45));
#2690 = LINE('',#2691,#2692);
#2691 = CARTESIAN_POINT('',(1.082819,-1.630469,-0.625));
#2692 = VECTOR('',#2693,1.);
#2693 = DIRECTION('',(-9.912127626594E-33,6.123031769112E-17,-1.));
#2694 = ORIENTED_EDGE('',*,*,#2695,.T.);
#2695 = EDGE_CURVE('',#2688,#2301,#2696,.T.);
#2696 = LINE('',#2697,#2698);
#2697 = CARTESIAN_POINT('',(1.082819,-1.630469,14.45));
#2698 = VECTOR('',#2699,1.);
#2699 = DIRECTION('',(-1.,1.224606353822E-16,3.215020689727E-32));
#2700 = PLANE('',#2701);
#2701 = AXIS2_PLACEMENT_3D('',#2702,#2703,#2704);
#2702 = CARTESIAN_POINT('',(1.182819,-1.630469,14.7));
#2703 = DIRECTION('',(0.,-1.,0.));
#2704 = DIRECTION('',(0.,0.,1.));
#2705 = ADVANCED_FACE('',(#2706),#2717,.T.);
#2706 = FACE_BOUND('',#2707,.T.);
#2707 = EDGE_LOOP('',(#2708,#2709,#2710,#2711));
#2708 = ORIENTED_EDGE('',*,*,#2119,.T.);
#2709 = ORIENTED_EDGE('',*,*,#2672,.T.);
#2710 = ORIENTED_EDGE('',*,*,#2254,.T.);
#2711 = ORIENTED_EDGE('',*,*,#2712,.T.);
#2712 = EDGE_CURVE('',#2247,#2120,#2713,.T.);
#2713 = LINE('',#2714,#2715);
#2714 = CARTESIAN_POINT('',(0.,-1.530469,13.95));
#2715 = VECTOR('',#2716,1.);
#2716 = DIRECTION('',(1.,0.,0.));
#2717 = PLANE('',#2718);
#2718 = AXIS2_PLACEMENT_3D('',#2719,#2720,#2721);
#2719 = CARTESIAN_POINT('',(1.182819,-1.630469,13.95));
#2720 = DIRECTION('',(0.,0.,-1.));
#2721 = DIRECTION('',(0.,-1.,0.));
#2722 = ADVANCED_FACE('',(#2723),#2748,.T.);
#2723 = FACE_BOUND('',#2724,.T.);
#2724 = EDGE_LOOP('',(#2725,#2733,#2734,#2742));
#2725 = ORIENTED_EDGE('',*,*,#2726,.T.);
#2726 = EDGE_CURVE('',#2727,#2477,#2729,.T.);
#2727 = VERTEX_POINT('',#2728);
#2728 = CARTESIAN_POINT('',(0.782819,-0.230469,10.3));
#2729 = LINE('',#2730,#2731);
#2730 = CARTESIAN_POINT('',(0.782819,-0.230469,24.375));
#2731 = VECTOR('',#2732,1.);
#2732 = DIRECTION('',(0.,0.,1.));
#2733 = ORIENTED_EDGE('',*,*,#2476,.F.);
#2734 = ORIENTED_EDGE('',*,*,#2735,.T.);
#2735 = EDGE_CURVE('',#2469,#2736,#2738,.T.);
#2736 = VERTEX_POINT('',#2737);
#2737 = CARTESIAN_POINT('',(0.782819,2.769531,10.3));
#2738 = LINE('',#2739,#2740);
#2739 = CARTESIAN_POINT('',(0.782819,2.769531,-0.625));
#2740 = VECTOR('',#2741,1.);
#2741 = DIRECTION('',(0.,0.,-1.));
#2742 = ORIENTED_EDGE('',*,*,#2743,.T.);
#2743 = EDGE_CURVE('',#2736,#2727,#2744,.T.);
#2744 = LINE('',#2745,#2746);
#2745 = CARTESIAN_POINT('',(0.782819,-1.261800927957E-16,10.3));
#2746 = VECTOR('',#2747,1.);
#2747 = DIRECTION('',(1.224606353822E-16,-1.,0.));
#2748 = PLANE('',#2749);
#2749 = AXIS2_PLACEMENT_3D('',#2750,#2751,#2752);
#2750 = CARTESIAN_POINT('',(0.782819,2.769531,7.0000024));
#2751 = DIRECTION('',(-1.,-1.224606353822E-16,0.));
#2752 = DIRECTION('',(1.224606353822E-16,-1.,0.));
#2753 = ADVANCED_FACE('',(#2754),#2780,.T.);
#2754 = FACE_BOUND('',#2755,.T.);
#2755 = EDGE_LOOP('',(#2756,#2757,#2765,#2774));
#2756 = ORIENTED_EDGE('',*,*,#1742,.F.);
#2757 = ORIENTED_EDGE('',*,*,#2758,.T.);
#2758 = EDGE_CURVE('',#1735,#2759,#2761,.T.);
#2759 = VERTEX_POINT('',#2760);
#2760 = CARTESIAN_POINT('',(-1.256404227028,-1.112624354594,14.15));
#2761 = LINE('',#2762,#2763);
#2762 = CARTESIAN_POINT('',(-1.256404227028,-1.112624354594,13.95));
#2763 = VECTOR('',#2764,1.);
#2764 = DIRECTION('',(3.749151804555E-33,-6.123031769112E-17,1.));
#2765 = ORIENTED_EDGE('',*,*,#2766,.T.);
#2766 = EDGE_CURVE('',#2759,#2767,#2769,.T.);
#2767 = VERTEX_POINT('',#2768);
#2768 = CARTESIAN_POINT('',(-1.416682628207,-0.930618511538,14.15));
#2769 = CIRCLE('',#2770,0.2);
#2770 = AXIS2_PLACEMENT_3D('',#2771,#2772,#2773);
#2771 = CARTESIAN_POINT('',(-1.217181,-0.916508219456,14.15));
#2772 = DIRECTION('',(-3.749151804555E-33,6.123031769112E-17,-1.));
#2773 = DIRECTION('',(1.224606353822E-16,1.,6.123031769112E-17));
#2774 = ORIENTED_EDGE('',*,*,#2775,.F.);
#2775 = EDGE_CURVE('',#1743,#2767,#2776,.T.);
#2776 = LINE('',#2777,#2778);
#2777 = CARTESIAN_POINT('',(-1.416682628207,-0.930618511538,13.95));
#2778 = VECTOR('',#2779,1.);
#2779 = DIRECTION('',(3.749151804555E-33,-6.123031769112E-17,1.));
#2780 = CYLINDRICAL_SURFACE('',#2781,0.2);
#2781 = AXIS2_PLACEMENT_3D('',#2782,#2783,#2784);
#2782 = CARTESIAN_POINT('',(-1.217181,-0.916508219456,13.95));
#2783 = DIRECTION('',(3.749151804555E-33,-6.123031769112E-17,1.));
#2784 = DIRECTION('',(1.224606353822E-16,1.,6.123031769112E-17));
#2785 = ADVANCED_FACE('',(#2786),#2809,.T.);
#2786 = FACE_BOUND('',#2787,.T.);
#2787 = EDGE_LOOP('',(#2788,#2796,#2802,#2808));
#2788 = ORIENTED_EDGE('',*,*,#2789,.F.);
#2789 = EDGE_CURVE('',#2790,#2026,#2792,.T.);
#2790 = VERTEX_POINT('',#2791);
#2791 = CARTESIAN_POINT('',(0.147819,-0.230469,12.325));
#2792 = LINE('',#2793,#2794);
#2793 = CARTESIAN_POINT('',(0.147819,-0.230469,8.125));
#2794 = VECTOR('',#2795,1.);
#2795 = DIRECTION('',(0.,0.,1.));
#2796 = ORIENTED_EDGE('',*,*,#2797,.F.);
#2797 = EDGE_CURVE('',#1475,#2790,#2798,.T.);
#2798 = LINE('',#2799,#2800);
#2799 = CARTESIAN_POINT('',(0.147819,-0.398169597608,12.325));
#2800 = VECTOR('',#2801,1.);
#2801 = DIRECTION('',(2.312964634636E-17,-1.,0.));
#2802 = ORIENTED_EDGE('',*,*,#2803,.F.);
#2803 = EDGE_CURVE('',#1307,#1475,#2804,.T.);
#2804 = LINE('',#2805,#2806);
#2805 = CARTESIAN_POINT('',(0.147819,1.869531,12.675));
#2806 = VECTOR('',#2807,1.);
#2807 = DIRECTION('',(0.,0.,-1.));
#2808 = ORIENTED_EDGE('',*,*,#2033,.T.);
#2809 = PLANE('',#2810);
#2810 = AXIS2_PLACEMENT_3D('',#2811,#2812,#2813);
#2811 = CARTESIAN_POINT('',(0.147819,-2.130469,12.675));
#2812 = DIRECTION('',(1.,2.312964634636E-17,0.));
#2813 = DIRECTION('',(-2.312964634636E-17,1.,0.));
#2814 = ADVANCED_FACE('',(#2815),#2847,.F.);
#2815 = FACE_BOUND('',#2816,.T.);
#2816 = EDGE_LOOP('',(#2817,#2827,#2835,#2841));
#2817 = ORIENTED_EDGE('',*,*,#2818,.F.);
#2818 = EDGE_CURVE('',#2819,#2821,#2823,.T.);
#2819 = VERTEX_POINT('',#2820);
#2820 = CARTESIAN_POINT('',(-2.142181,-3.730469,12.4));
#2821 = VERTEX_POINT('',#2822);
#2822 = CARTESIAN_POINT('',(-2.067181,-3.430469,12.325));
#2823 = LINE('',#2824,#2825);
#2824 = CARTESIAN_POINT('',(-1.309106149402,-0.398169597608,
    11.566925149402));
#2825 = VECTOR('',#2826,1.);
#2826 = DIRECTION('',(0.235702260396,0.942809041582,-0.235702260396));
#2827 = ORIENTED_EDGE('',*,*,#2828,.T.);
#2828 = EDGE_CURVE('',#2819,#2829,#2831,.T.);
#2829 = VERTEX_POINT('',#2830);
#2830 = CARTESIAN_POINT('',(-2.342181,-3.730469,12.4));
#2831 = LINE('',#2832,#2833);
#2832 = CARTESIAN_POINT('',(-6.453477941594E-03,-3.730469,12.4));
#2833 = VECTOR('',#2834,1.);
#2834 = DIRECTION('',(-1.,0.,0.));
#2835 = ORIENTED_EDGE('',*,*,#2836,.F.);
#2836 = EDGE_CURVE('',#1029,#2829,#2837,.T.);
#2837 = LINE('',#2838,#2839);
#2838 = CARTESIAN_POINT('',(-3.175255850598,-0.398169597608,
    11.566925149402));
#2839 = VECTOR('',#2840,1.);
#2840 = DIRECTION('',(0.235702260396,-0.942809041582,0.235702260396));
#2841 = ORIENTED_EDGE('',*,*,#2842,.F.);
#2842 = EDGE_CURVE('',#2821,#1029,#2843,.T.);
#2843 = LINE('',#2844,#2845);
#2844 = CARTESIAN_POINT('',(-6.453477941594E-03,-3.430469,12.325));
#2845 = VECTOR('',#2846,1.);
#2846 = DIRECTION('',(-1.,0.,0.));
#2847 = PLANE('',#2848);
#2848 = AXIS2_PLACEMENT_3D('',#2849,#2850,#2851);
#2849 = CARTESIAN_POINT('',(-2.6736834,-3.730469,12.4));
#2850 = DIRECTION('',(0.,0.242535625036,0.970142500145));
#2851 = DIRECTION('',(0.,0.970142500145,-0.242535625036));
#2852 = ADVANCED_FACE('',(#2853),#2869,.T.);
#2853 = FACE_BOUND('',#2854,.T.);
#2854 = EDGE_LOOP('',(#2855,#2856,#2862,#2863));
#2855 = ORIENTED_EDGE('',*,*,#1322,.F.);
#2856 = ORIENTED_EDGE('',*,*,#2857,.T.);
#2857 = EDGE_CURVE('',#1315,#1467,#2858,.T.);
#2858 = LINE('',#2859,#2860);
#2859 = CARTESIAN_POINT('',(7.2819E-02,2.169531,12.675));
#2860 = VECTOR('',#2861,1.);
#2861 = DIRECTION('',(0.,0.,-1.));
#2862 = ORIENTED_EDGE('',*,*,#1466,.F.);
#2863 = ORIENTED_EDGE('',*,*,#2864,.F.);
#2864 = EDGE_CURVE('',#1297,#1459,#2865,.T.);
#2865 = LINE('',#2866,#2867);
#2866 = CARTESIAN_POINT('',(-0.127181,2.169531,12.675));
#2867 = VECTOR('',#2868,1.);
#2868 = DIRECTION('',(0.,0.,-1.));
#2869 = PLANE('',#2870);
#2870 = AXIS2_PLACEMENT_3D('',#2871,#2872,#2873);
#2871 = CARTESIAN_POINT('',(7.2819E-02,2.169531,12.675));
#2872 = DIRECTION('',(0.,1.,0.));
#2873 = DIRECTION('',(-1.,0.,0.));
#2874 = ADVANCED_FACE('',(#2875),#2892,.T.);
#2875 = FACE_BOUND('',#2876,.T.);
#2876 = EDGE_LOOP('',(#2877,#2885,#2886));
#2877 = ORIENTED_EDGE('',*,*,#2878,.F.);
#2878 = EDGE_CURVE('',#2400,#2879,#2881,.T.);
#2879 = VERTEX_POINT('',#2880);
#2880 = CARTESIAN_POINT('',(-0.917181,-1.080469,13.95));
#2881 = LINE('',#2882,#2883);
#2882 = CARTESIAN_POINT('',(-0.917181,0.,13.95));
#2883 = VECTOR('',#2884,1.);
#2884 = DIRECTION('',(1.224606353822E-16,1.,0.));
#2885 = ORIENTED_EDGE('',*,*,#2399,.F.);
#2886 = ORIENTED_EDGE('',*,*,#2887,.F.);
#2887 = EDGE_CURVE('',#2879,#2392,#2888,.T.);
#2888 = LINE('',#2889,#2890);
#2889 = CARTESIAN_POINT('',(0.,-1.3556233,13.95));
#2890 = VECTOR('',#2891,1.);
#2891 = DIRECTION('',(0.957826285221,-0.287347885566,0.));
#2892 = PLANE('',#2893);
#2893 = AXIS2_PLACEMENT_3D('',#2894,#2895,#2896);
#2894 = CARTESIAN_POINT('',(-0.111413244036,-1.926413479559,13.95));
#2895 = DIRECTION('',(0.,0.,1.));
#2896 = DIRECTION('',(1.,0.,-0.));
#2897 = ADVANCED_FACE('',(#2898),#2939,.F.);
#2898 = FACE_BOUND('',#2899,.T.);
#2899 = EDGE_LOOP('',(#2900,#2910,#2918,#2924,#2925,#2926,#2932,#2933));
#2900 = ORIENTED_EDGE('',*,*,#2901,.T.);
#2901 = EDGE_CURVE('',#2902,#2904,#2906,.T.);
#2902 = VERTEX_POINT('',#2903);
#2903 = CARTESIAN_POINT('',(-1.567181,-0.230469,10.3));
#2904 = VERTEX_POINT('',#2905);
#2905 = CARTESIAN_POINT('',(-1.567181,2.769531,10.3));
#2906 = LINE('',#2907,#2908);
#2907 = CARTESIAN_POINT('',(-1.567181,-4.13962585944E-16,10.3));
#2908 = VECTOR('',#2909,1.);
#2909 = DIRECTION('',(-1.224606353822E-16,1.,0.));
#2910 = ORIENTED_EDGE('',*,*,#2911,.T.);
#2911 = EDGE_CURVE('',#2904,#2912,#2914,.T.);
#2912 = VERTEX_POINT('',#2913);
#2913 = CARTESIAN_POINT('',(-1.567181,2.769531,10.775));
#2914 = LINE('',#2915,#2916);
#2915 = CARTESIAN_POINT('',(-1.567181,2.769531,10.3));
#2916 = VECTOR('',#2917,1.);
#2917 = DIRECTION('',(0.,0.,1.));
#2918 = ORIENTED_EDGE('',*,*,#2919,.F.);
#2919 = EDGE_CURVE('',#1417,#2912,#2920,.T.);
#2920 = LINE('',#2921,#2922);
#2921 = CARTESIAN_POINT('',(-1.567181,-4.13962585944E-16,10.775));
#2922 = VECTOR('',#2923,1.);
#2923 = DIRECTION('',(-1.224606353822E-16,1.,-4.440892098501E-15));
#2924 = ORIENTED_EDGE('',*,*,#1416,.T.);
#2925 = ORIENTED_EDGE('',*,*,#1646,.T.);
#2926 = ORIENTED_EDGE('',*,*,#2927,.F.);
#2927 = EDGE_CURVE('',#2493,#1647,#2928,.T.);
#2928 = LINE('',#2929,#2930);
#2929 = CARTESIAN_POINT('',(-1.567181,2.769531,13.45));
#2930 = VECTOR('',#2931,1.);
#2931 = DIRECTION('',(0.,0.,-1.));
#2932 = ORIENTED_EDGE('',*,*,#2492,.F.);
#2933 = ORIENTED_EDGE('',*,*,#2934,.T.);
#2934 = EDGE_CURVE('',#2485,#2902,#2935,.T.);
#2935 = LINE('',#2936,#2937);
#2936 = CARTESIAN_POINT('',(-1.567181,-0.230469,24.375));
#2937 = VECTOR('',#2938,1.);
#2938 = DIRECTION('',(0.,0.,-1.));
#2939 = PLANE('',#2940);
#2940 = AXIS2_PLACEMENT_3D('',#2941,#2942,#2943);
#2941 = CARTESIAN_POINT('',(-1.567181,2.669531,16.55));
#2942 = DIRECTION('',(-1.,-1.224606353822E-16,0.));
#2943 = DIRECTION('',(-1.224606353822E-16,1.,0.));
#2944 = ADVANCED_FACE('',(#2945),#2972,.F.);
#2945 = FACE_BOUND('',#2946,.T.);
#2946 = EDGE_LOOP('',(#2947,#2948,#2956,#2963,#2964,#2971));
#2947 = ORIENTED_EDGE('',*,*,#1115,.F.);
#2948 = ORIENTED_EDGE('',*,*,#2949,.T.);
#2949 = EDGE_CURVE('',#1106,#2950,#2952,.T.);
#2950 = VERTEX_POINT('',#2951);
#2951 = CARTESIAN_POINT('',(-2.067181,-2.230469,12.675));
#2952 = LINE('',#2953,#2954);
#2953 = CARTESIAN_POINT('',(-2.067181,-0.398169597608,12.675));
#2954 = VECTOR('',#2955,1.);
#2955 = DIRECTION('',(0.,1.,0.));
#2956 = ORIENTED_EDGE('',*,*,#2957,.T.);
#2957 = EDGE_CURVE('',#2950,#1337,#2958,.T.);
#2958 = CIRCLE('',#2959,0.1);
#2959 = AXIS2_PLACEMENT_3D('',#2960,#2961,#2962);
#2960 = CARTESIAN_POINT('',(-1.967181,-2.230469,12.675));
#2961 = DIRECTION('',(0.,0.,-1.));
#2962 = DIRECTION('',(-1.,0.,0.));
#2963 = ORIENTED_EDGE('',*,*,#2584,.T.);
#2964 = ORIENTED_EDGE('',*,*,#2965,.T.);
#2965 = EDGE_CURVE('',#1274,#1021,#2966,.T.);
#2966 = CIRCLE('',#2967,0.45);
#2967 = AXIS2_PLACEMENT_3D('',#2968,#2969,#2970);
#2968 = CARTESIAN_POINT('',(-1.967181,-2.230469,12.675));
#2969 = DIRECTION('',(0.,0.,1.));
#2970 = DIRECTION('',(1.,0.,-0.));
#2971 = ORIENTED_EDGE('',*,*,#1044,.T.);
#2972 = PLANE('',#2973);
#2973 = AXIS2_PLACEMENT_3D('',#2974,#2975,#2976);
#2974 = CARTESIAN_POINT('',(-6.453477941594E-03,-0.398169597608,12.675)
  );
#2975 = DIRECTION('',(0.,0.,-1.));
#2976 = DIRECTION('',(-1.,0.,0.));
#2977 = ADVANCED_FACE('',(#2978),#3055,.T.);
#2978 = FACE_BOUND('',#2979,.T.);
#2979 = EDGE_LOOP('',(#2980,#2981,#2982,#2991,#2999,#3006,#3007,#3015,
    #3023,#3032,#3040,#3049));
#2980 = ORIENTED_EDGE('',*,*,#2842,.T.);
#2981 = ORIENTED_EDGE('',*,*,#1028,.F.);
#2982 = ORIENTED_EDGE('',*,*,#2983,.F.);
#2983 = EDGE_CURVE('',#2984,#1019,#2986,.T.);
#2984 = VERTEX_POINT('',#2985);
#2985 = CARTESIAN_POINT('',(-1.967181,-1.780469,12.325));
#2986 = CIRCLE('',#2987,0.45);
#2987 = AXIS2_PLACEMENT_3D('',#2988,#2989,#2990);
#2988 = CARTESIAN_POINT('',(-1.967181,-2.230469,12.325));
#2989 = DIRECTION('',(0.,0.,1.));
#2990 = DIRECTION('',(1.,0.,-0.));
#2991 = ORIENTED_EDGE('',*,*,#2992,.F.);
#2992 = EDGE_CURVE('',#2993,#2984,#2995,.T.);
#2993 = VERTEX_POINT('',#2994);
#2994 = CARTESIAN_POINT('',(-0.302181,-1.780469,12.325));
#2995 = LINE('',#2996,#2997);
#2996 = CARTESIAN_POINT('',(-6.453477941594E-03,-1.780469,12.325));
#2997 = VECTOR('',#2998,1.);
#2998 = DIRECTION('',(-1.,0.,0.));
#2999 = ORIENTED_EDGE('',*,*,#3000,.F.);
#3000 = EDGE_CURVE('',#957,#2993,#3001,.T.);
#3001 = CIRCLE('',#3002,0.1);
#3002 = AXIS2_PLACEMENT_3D('',#3003,#3004,#3005);
#3003 = CARTESIAN_POINT('',(-0.302181,-1.680469,12.325));
#3004 = DIRECTION('',(0.,0.,-1.));
#3005 = DIRECTION('',(-1.,0.,0.));
#3006 = ORIENTED_EDGE('',*,*,#956,.F.);
#3007 = ORIENTED_EDGE('',*,*,#3008,.F.);
#3008 = EDGE_CURVE('',#3009,#949,#3011,.T.);
#3009 = VERTEX_POINT('',#3010);
#3010 = CARTESIAN_POINT('',(0.147819,-1.530469,12.325));
#3011 = LINE('',#3012,#3013);
#3012 = CARTESIAN_POINT('',(0.,-1.530469,12.325));
#3013 = VECTOR('',#3014,1.);
#3014 = DIRECTION('',(-1.,2.097985413868E-15,0.));
#3015 = ORIENTED_EDGE('',*,*,#3016,.T.);
#3016 = EDGE_CURVE('',#3009,#3017,#3019,.T.);
#3017 = VERTEX_POINT('',#3018);
#3018 = CARTESIAN_POINT('',(0.147819,-1.680469,12.325));
#3019 = LINE('',#3020,#3021);
#3020 = CARTESIAN_POINT('',(0.147819,-0.398169597608,12.325));
#3021 = VECTOR('',#3022,1.);
#3022 = DIRECTION('',(2.312964634636E-17,-1.,0.));
#3023 = ORIENTED_EDGE('',*,*,#3024,.T.);
#3024 = EDGE_CURVE('',#3017,#3025,#3027,.T.);
#3025 = VERTEX_POINT('',#3026);
#3026 = CARTESIAN_POINT('',(-0.302181,-2.130469,12.325));
#3027 = CIRCLE('',#3028,0.45);
#3028 = AXIS2_PLACEMENT_3D('',#3029,#3030,#3031);
#3029 = CARTESIAN_POINT('',(-0.302181,-1.680469,12.325));
#3030 = DIRECTION('',(0.,0.,-1.));
#3031 = DIRECTION('',(-1.,0.,0.));
#3032 = ORIENTED_EDGE('',*,*,#3033,.F.);
#3033 = EDGE_CURVE('',#3034,#3025,#3036,.T.);
#3034 = VERTEX_POINT('',#3035);
#3035 = CARTESIAN_POINT('',(-1.967181,-2.130469,12.325));
#3036 = LINE('',#3037,#3038);
#3037 = CARTESIAN_POINT('',(-6.453477941594E-03,-2.130469,12.325));
#3038 = VECTOR('',#3039,1.);
#3039 = DIRECTION('',(1.,0.,0.));
#3040 = ORIENTED_EDGE('',*,*,#3041,.F.);
#3041 = EDGE_CURVE('',#3042,#3034,#3044,.T.);
#3042 = VERTEX_POINT('',#3043);
#3043 = CARTESIAN_POINT('',(-2.067181,-2.230469,12.325));
#3044 = CIRCLE('',#3045,0.1);
#3045 = AXIS2_PLACEMENT_3D('',#3046,#3047,#3048);
#3046 = CARTESIAN_POINT('',(-1.967181,-2.230469,12.325));
#3047 = DIRECTION('',(0.,0.,-1.));
#3048 = DIRECTION('',(-1.,0.,0.));
#3049 = ORIENTED_EDGE('',*,*,#3050,.F.);
#3050 = EDGE_CURVE('',#2821,#3042,#3051,.T.);
#3051 = LINE('',#3052,#3053);
#3052 = CARTESIAN_POINT('',(-2.067181,-0.398169597608,12.325));
#3053 = VECTOR('',#3054,1.);
#3054 = DIRECTION('',(0.,1.,0.));
#3055 = PLANE('',#3056);
#3056 = AXIS2_PLACEMENT_3D('',#3057,#3058,#3059);
#3057 = CARTESIAN_POINT('',(-6.453477941594E-03,-0.398169597608,12.325)
  );
#3058 = DIRECTION('',(0.,0.,-1.));
#3059 = DIRECTION('',(-1.,0.,0.));
#3060 = ADVANCED_FACE('',(#3061),#3077,.T.);
#3061 = FACE_BOUND('',#3062,.T.);
#3062 = EDGE_LOOP('',(#3063,#3069,#3070,#3076));
#3063 = ORIENTED_EDGE('',*,*,#3064,.F.);
#3064 = EDGE_CURVE('',#2821,#1106,#3065,.T.);
#3065 = LINE('',#3066,#3067);
#3066 = CARTESIAN_POINT('',(-2.067181,-3.430469,12.675));
#3067 = VECTOR('',#3068,1.);
#3068 = DIRECTION('',(0.,0.,1.));
#3069 = ORIENTED_EDGE('',*,*,#3050,.T.);
#3070 = ORIENTED_EDGE('',*,*,#3071,.F.);
#3071 = EDGE_CURVE('',#2950,#3042,#3072,.T.);
#3072 = LINE('',#3073,#3074);
#3073 = CARTESIAN_POINT('',(-2.067181,-2.230469,12.675));
#3074 = VECTOR('',#3075,1.);
#3075 = DIRECTION('',(0.,0.,-1.));
#3076 = ORIENTED_EDGE('',*,*,#2949,.F.);
#3077 = PLANE('',#3078);
#3078 = AXIS2_PLACEMENT_3D('',#3079,#3080,#3081);
#3079 = CARTESIAN_POINT('',(-2.067181,-3.430469,12.675));
#3080 = DIRECTION('',(1.,0.,0.));
#3081 = DIRECTION('',(-0.,1.,0.));
#3082 = ADVANCED_FACE('',(#3083),#3117,.T.);
#3083 = FACE_BOUND('',#3084,.T.);
#3084 = EDGE_LOOP('',(#3085,#3095,#3103,#3111));
#3085 = ORIENTED_EDGE('',*,*,#3086,.T.);
#3086 = EDGE_CURVE('',#3087,#3089,#3091,.T.);
#3087 = VERTEX_POINT('',#3088);
#3088 = CARTESIAN_POINT('',(-0.917181,1.269531,13.95));
#3089 = VERTEX_POINT('',#3090);
#3090 = CARTESIAN_POINT('',(-0.917181,1.269531,14.15));
#3091 = LINE('',#3092,#3093);
#3092 = CARTESIAN_POINT('',(-0.917181,1.269531,8.125));
#3093 = VECTOR('',#3094,1.);
#3094 = DIRECTION('',(1.124745541367E-32,0.,1.));
#3095 = ORIENTED_EDGE('',*,*,#3096,.T.);
#3096 = EDGE_CURVE('',#3089,#3097,#3099,.T.);
#3097 = VERTEX_POINT('',#3098);
#3098 = CARTESIAN_POINT('',(-0.917181,1.219531,14.15));
#3099 = LINE('',#3100,#3101);
#3100 = CARTESIAN_POINT('',(-0.917181,-0.44765,14.15));
#3101 = VECTOR('',#3102,1.);
#3102 = DIRECTION('',(-1.224606353822E-16,-1.,-6.123031769112E-17));
#3103 = ORIENTED_EDGE('',*,*,#3104,.F.);
#3104 = EDGE_CURVE('',#3105,#3097,#3107,.T.);
#3105 = VERTEX_POINT('',#3106);
#3106 = CARTESIAN_POINT('',(-0.917181,1.219531,13.95));
#3107 = LINE('',#3108,#3109);
#3108 = CARTESIAN_POINT('',(-0.917181,1.219531,13.95));
#3109 = VECTOR('',#3110,1.);
#3110 = DIRECTION('',(3.749151804555E-33,-6.123031769112E-17,1.));
#3111 = ORIENTED_EDGE('',*,*,#3112,.T.);
#3112 = EDGE_CURVE('',#3105,#3087,#3113,.T.);
#3113 = LINE('',#3114,#3115);
#3114 = CARTESIAN_POINT('',(-0.917181,0.,13.95));
#3115 = VECTOR('',#3116,1.);
#3116 = DIRECTION('',(1.224606353822E-16,1.,0.));
#3117 = PLANE('',#3118);
#3118 = AXIS2_PLACEMENT_3D('',#3119,#3120,#3121);
#3119 = CARTESIAN_POINT('',(-0.917181,1.319531,13.95));
#3120 = DIRECTION('',(1.,-1.224606353822E-16,-1.124745541367E-32));
#3121 = DIRECTION('',(1.224606353822E-16,1.,6.123031769112E-17));
#3122 = ADVANCED_FACE('',(#3123),#3155,.T.);
#3123 = FACE_BOUND('',#3124,.T.);
#3124 = EDGE_LOOP('',(#3125,#3133,#3141,#3149));
#3125 = ORIENTED_EDGE('',*,*,#3126,.T.);
#3126 = EDGE_CURVE('',#1584,#3127,#3129,.T.);
#3127 = VERTEX_POINT('',#3128);
#3128 = CARTESIAN_POINT('',(0.282819,1.269531,13.95));
#3129 = LINE('',#3130,#3131);
#3130 = CARTESIAN_POINT('',(0.282819,1.269531,8.125));
#3131 = VECTOR('',#3132,1.);
#3132 = DIRECTION('',(-1.124745541367E-32,0.,-1.));
#3133 = ORIENTED_EDGE('',*,*,#3134,.T.);
#3134 = EDGE_CURVE('',#3127,#3135,#3137,.T.);
#3135 = VERTEX_POINT('',#3136);
#3136 = CARTESIAN_POINT('',(0.282819,1.219531,13.95));
#3137 = LINE('',#3138,#3139);
#3138 = CARTESIAN_POINT('',(0.282819,0.,13.95));
#3139 = VECTOR('',#3140,1.);
#3140 = DIRECTION('',(-1.224606353822E-16,-1.,0.));
#3141 = ORIENTED_EDGE('',*,*,#3142,.F.);
#3142 = EDGE_CURVE('',#3143,#3135,#3145,.T.);
#3143 = VERTEX_POINT('',#3144);
#3144 = CARTESIAN_POINT('',(0.282819,1.219531,14.15));
#3145 = LINE('',#3146,#3147);
#3146 = CARTESIAN_POINT('',(0.282819,1.219531,-0.625));
#3147 = VECTOR('',#3148,1.);
#3148 = DIRECTION('',(-9.912127626594E-33,6.123031769112E-17,-1.));
#3149 = ORIENTED_EDGE('',*,*,#3150,.F.);
#3150 = EDGE_CURVE('',#1584,#3143,#3151,.T.);
#3151 = LINE('',#3152,#3153);
#3152 = CARTESIAN_POINT('',(0.282819,-0.44765,14.15));
#3153 = VECTOR('',#3154,1.);
#3154 = DIRECTION('',(-1.224606353822E-16,-1.,-6.123031769112E-17));
#3155 = PLANE('',#3156);
#3156 = AXIS2_PLACEMENT_3D('',#3157,#3158,#3159);
#3157 = CARTESIAN_POINT('',(0.282819,1.29518400696,14.065489654985));
#3158 = DIRECTION('',(-1.,1.224606353822E-16,1.124745541367E-32));
#3159 = DIRECTION('',(1.224606353822E-16,1.,6.123031769112E-17));
#3160 = ADVANCED_FACE('',(#3161),#3167,.T.);
#3161 = FACE_BOUND('',#3162,.T.);
#3162 = EDGE_LOOP('',(#3163,#3164,#3165,#3166));
#3163 = ORIENTED_EDGE('',*,*,#1474,.F.);
#3164 = ORIENTED_EDGE('',*,*,#2857,.F.);
#3165 = ORIENTED_EDGE('',*,*,#1314,.F.);
#3166 = ORIENTED_EDGE('',*,*,#2803,.T.);
#3167 = PLANE('',#3168);
#3168 = AXIS2_PLACEMENT_3D('',#3169,#3170,#3171);
#3169 = CARTESIAN_POINT('',(0.147819,1.869531,12.675));
#3170 = DIRECTION('',(0.970142500145,0.242535625036,0.));
#3171 = DIRECTION('',(-0.242535625036,0.970142500145,0.));
#3172 = ADVANCED_FACE('',(#3173),#3191,.T.);
#3173 = FACE_BOUND('',#3174,.T.);
#3174 = EDGE_LOOP('',(#3175,#3183,#3189,#3190));
#3175 = ORIENTED_EDGE('',*,*,#3176,.F.);
#3176 = EDGE_CURVE('',#3177,#2790,#3179,.T.);
#3177 = VERTEX_POINT('',#3178);
#3178 = CARTESIAN_POINT('',(-0.202181,-0.230469,12.325));
#3179 = LINE('',#3180,#3181);
#3180 = CARTESIAN_POINT('',(0.,-0.230469,12.325));
#3181 = VECTOR('',#3182,1.);
#3182 = DIRECTION('',(1.,3.673819061467E-16,0.));
#3183 = ORIENTED_EDGE('',*,*,#3184,.F.);
#3184 = EDGE_CURVE('',#1457,#3177,#3185,.T.);
#3185 = LINE('',#3186,#3187);
#3186 = CARTESIAN_POINT('',(-0.202181,-0.398169597608,12.325));
#3187 = VECTOR('',#3188,1.);
#3188 = DIRECTION('',(-3.700743415417E-16,-1.,0.));
#3189 = ORIENTED_EDGE('',*,*,#1482,.F.);
#3190 = ORIENTED_EDGE('',*,*,#2797,.T.);
#3191 = PLANE('',#3192);
#3192 = AXIS2_PLACEMENT_3D('',#3193,#3194,#3195);
#3193 = CARTESIAN_POINT('',(-6.453477941594E-03,-0.398169597608,12.325)
  );
#3194 = DIRECTION('',(0.,0.,-1.));
#3195 = DIRECTION('',(-1.,0.,0.));
#3196 = ADVANCED_FACE('',(#3197),#3261,.T.);
#3197 = FACE_BOUND('',#3198,.T.);
#3198 = EDGE_LOOP('',(#3199,#3209,#3215,#3216,#3222,#3223,#3231,#3239,
    #3245,#3246,#3247,#3255));
#3199 = ORIENTED_EDGE('',*,*,#3200,.T.);
#3200 = EDGE_CURVE('',#3201,#3203,#3205,.T.);
#3201 = VERTEX_POINT('',#3202);
#3202 = CARTESIAN_POINT('',(1.082819,1.369531,13.95));
#3203 = VERTEX_POINT('',#3204);
#3204 = CARTESIAN_POINT('',(1.082819,-1.230469,13.95));
#3205 = LINE('',#3206,#3207);
#3206 = CARTESIAN_POINT('',(1.082819,0.,13.95));
#3207 = VECTOR('',#3208,1.);
#3208 = DIRECTION('',(-1.224606353822E-16,-1.,0.));
#3209 = ORIENTED_EDGE('',*,*,#3210,.T.);
#3210 = EDGE_CURVE('',#3203,#2101,#3211,.T.);
#3211 = LINE('',#3212,#3213);
#3212 = CARTESIAN_POINT('',(-0.386712,-1.230469,13.95));
#3213 = VECTOR('',#3214,1.);
#3214 = DIRECTION('',(-1.,1.224606353822E-16,1.299361553761E-32));
#3215 = ORIENTED_EDGE('',*,*,#2127,.F.);
#3216 = ORIENTED_EDGE('',*,*,#3217,.T.);
#3217 = EDGE_CURVE('',#2120,#989,#3218,.T.);
#3218 = LINE('',#3219,#3220);
#3219 = CARTESIAN_POINT('',(0.,-1.530469,13.95));
#3220 = VECTOR('',#3221,1.);
#3221 = DIRECTION('',(1.,0.,0.));
#3222 = ORIENTED_EDGE('',*,*,#988,.F.);
#3223 = ORIENTED_EDGE('',*,*,#3224,.F.);
#3224 = EDGE_CURVE('',#3225,#981,#3227,.T.);
#3225 = VERTEX_POINT('',#3226);
#3226 = CARTESIAN_POINT('',(1.182819,-2.030469,13.95));
#3227 = LINE('',#3228,#3229);
#3228 = CARTESIAN_POINT('',(0.,-2.030469,13.95));
#3229 = VECTOR('',#3230,1.);
#3230 = DIRECTION('',(-1.,0.,0.));
#3231 = ORIENTED_EDGE('',*,*,#3232,.F.);
#3232 = EDGE_CURVE('',#3233,#3225,#3235,.T.);
#3233 = VERTEX_POINT('',#3234);
#3234 = CARTESIAN_POINT('',(1.182819,2.769531,13.95));
#3235 = LINE('',#3236,#3237);
#3236 = CARTESIAN_POINT('',(1.182819,0.,13.95));
#3237 = VECTOR('',#3238,1.);
#3238 = DIRECTION('',(0.,-1.,0.));
#3239 = ORIENTED_EDGE('',*,*,#3240,.F.);
#3240 = EDGE_CURVE('',#1562,#3233,#3241,.T.);
#3241 = LINE('',#3242,#3243);
#3242 = CARTESIAN_POINT('',(0.,2.769531,13.95));
#3243 = VECTOR('',#3244,1.);
#3244 = DIRECTION('',(1.,1.224606353822E-16,0.));
#3245 = ORIENTED_EDGE('',*,*,#1561,.F.);
#3246 = ORIENTED_EDGE('',*,*,#2553,.T.);
#3247 = ORIENTED_EDGE('',*,*,#3248,.T.);
#3248 = EDGE_CURVE('',#2546,#3249,#3251,.T.);
#3249 = VERTEX_POINT('',#3250);
#3250 = CARTESIAN_POINT('',(0.282819,1.369531,13.95));
#3251 = LINE('',#3252,#3253);
#3252 = CARTESIAN_POINT('',(0.282819,0.,13.95));
#3253 = VECTOR('',#3254,1.);
#3254 = DIRECTION('',(0.,-1.,0.));
#3255 = ORIENTED_EDGE('',*,*,#3256,.T.);
#3256 = EDGE_CURVE('',#3249,#3201,#3257,.T.);
#3257 = LINE('',#3258,#3259);
#3258 = CARTESIAN_POINT('',(-0.386712,1.369531,13.95));
#3259 = VECTOR('',#3260,1.);
#3260 = DIRECTION('',(1.,-1.224606353822E-16,-1.299361553761E-32));
#3261 = PLANE('',#3262);
#3262 = AXIS2_PLACEMENT_3D('',#3263,#3264,#3265);
#3263 = CARTESIAN_POINT('',(-0.111413244036,-1.926413479559,13.95));
#3264 = DIRECTION('',(0.,0.,1.));
#3265 = DIRECTION('',(1.,0.,-0.));
#3266 = ADVANCED_FACE('',(#3267),#3292,.T.);
#3267 = FACE_BOUND('',#3268,.T.);
#3268 = EDGE_LOOP('',(#3269,#3277,#3278,#3286));
#3269 = ORIENTED_EDGE('',*,*,#3270,.F.);
#3270 = EDGE_CURVE('',#2368,#3271,#3273,.T.);
#3271 = VERTEX_POINT('',#3272);
#3272 = CARTESIAN_POINT('',(-0.417181,-1.080469,13.95));
#3273 = LINE('',#3274,#3275);
#3274 = CARTESIAN_POINT('',(-0.417181,0.,13.95));
#3275 = VECTOR('',#3276,1.);
#3276 = DIRECTION('',(1.224606353822E-16,1.,0.));
#3277 = ORIENTED_EDGE('',*,*,#2367,.F.);
#3278 = ORIENTED_EDGE('',*,*,#3279,.F.);
#3279 = EDGE_CURVE('',#3280,#2360,#3282,.T.);
#3280 = VERTEX_POINT('',#3281);
#3281 = CARTESIAN_POINT('',(0.282819,-1.080469,13.95));
#3282 = LINE('',#3283,#3284);
#3283 = CARTESIAN_POINT('',(0.282819,0.,13.95));
#3284 = VECTOR('',#3285,1.);
#3285 = DIRECTION('',(-1.224606353822E-16,-1.,0.));
#3286 = ORIENTED_EDGE('',*,*,#3287,.F.);
#3287 = EDGE_CURVE('',#3271,#3280,#3288,.T.);
#3288 = LINE('',#3289,#3290);
#3289 = CARTESIAN_POINT('',(0.,-1.080469,13.95));
#3290 = VECTOR('',#3291,1.);
#3291 = DIRECTION('',(1.,-1.224606353822E-16,0.));
#3292 = PLANE('',#3293);
#3293 = AXIS2_PLACEMENT_3D('',#3294,#3295,#3296);
#3294 = CARTESIAN_POINT('',(-0.111413244036,-1.926413479559,13.95));
#3295 = DIRECTION('',(0.,0.,1.));
#3296 = DIRECTION('',(1.,0.,-0.));
#3297 = ADVANCED_FACE('',(#3298),#3332,.F.);
#3298 = FACE_BOUND('',#3299,.T.);
#3299 = EDGE_LOOP('',(#3300,#3310,#3318,#3326));
#3300 = ORIENTED_EDGE('',*,*,#3301,.F.);
#3301 = EDGE_CURVE('',#3302,#3304,#3306,.T.);
#3302 = VERTEX_POINT('',#3303);
#3303 = CARTESIAN_POINT('',(-2.417181,-2.230469,9.8));
#3304 = VERTEX_POINT('',#3305);
#3305 = CARTESIAN_POINT('',(-2.417181,2.769531,9.8));
#3306 = LINE('',#3307,#3308);
#3307 = CARTESIAN_POINT('',(-2.417181,-5.180541260189E-16,9.8));
#3308 = VECTOR('',#3309,1.);
#3309 = DIRECTION('',(-1.224606353822E-16,1.,0.));
#3310 = ORIENTED_EDGE('',*,*,#3311,.F.);
#3311 = EDGE_CURVE('',#3312,#3302,#3314,.T.);
#3312 = VERTEX_POINT('',#3313);
#3313 = CARTESIAN_POINT('',(-2.417181,-2.230469,10.775));
#3314 = LINE('',#3315,#3316);
#3315 = CARTESIAN_POINT('',(-2.417181,-2.230469,15.625));
#3316 = VECTOR('',#3317,1.);
#3317 = DIRECTION('',(0.,0.,-1.));
#3318 = ORIENTED_EDGE('',*,*,#3319,.F.);
#3319 = EDGE_CURVE('',#3320,#3312,#3322,.T.);
#3320 = VERTEX_POINT('',#3321);
#3321 = CARTESIAN_POINT('',(-2.417181,2.769531,10.775));
#3322 = LINE('',#3323,#3324);
#3323 = CARTESIAN_POINT('',(-2.417181,2.769531,10.775));
#3324 = VECTOR('',#3325,1.);
#3325 = DIRECTION('',(1.224606353822E-16,-1.,0.));
#3326 = ORIENTED_EDGE('',*,*,#3327,.F.);
#3327 = EDGE_CURVE('',#3304,#3320,#3328,.T.);
#3328 = LINE('',#3329,#3330);
#3329 = CARTESIAN_POINT('',(-2.417181,2.769531,10.675));
#3330 = VECTOR('',#3331,1.);
#3331 = DIRECTION('',(1.087668936093E-30,-8.881784197001E-15,1.));
#3332 = PLANE('',#3333);
#3333 = AXIS2_PLACEMENT_3D('',#3334,#3335,#3336);
#3334 = CARTESIAN_POINT('',(-2.417181,-0.166167241454,11.288608004027));
#3335 = DIRECTION('',(1.,1.224606353822E-16,0.));
#3336 = DIRECTION('',(1.224606353822E-16,-1.,0.));
#3337 = ADVANCED_FACE('',(#3338),#3364,.F.);
#3338 = FACE_BOUND('',#3339,.F.);
#3339 = EDGE_LOOP('',(#3340,#3348,#3349,#3357));
#3340 = ORIENTED_EDGE('',*,*,#3341,.F.);
#3341 = EDGE_CURVE('',#1963,#3342,#3344,.T.);
#3342 = VERTEX_POINT('',#3343);
#3343 = CARTESIAN_POINT('',(-2.217181,-0.180469,15.05));
#3344 = LINE('',#3345,#3346);
#3345 = CARTESIAN_POINT('',(-2.217181,1.769531,15.05));
#3346 = VECTOR('',#3347,1.);
#3347 = DIRECTION('',(1.224606353822E-16,1.,6.123031769112E-17));
#3348 = ORIENTED_EDGE('',*,*,#1970,.F.);
#3349 = ORIENTED_EDGE('',*,*,#3350,.F.);
#3350 = EDGE_CURVE('',#3351,#1895,#3353,.T.);
#3351 = VERTEX_POINT('',#3352);
#3352 = CARTESIAN_POINT('',(-2.017181,-0.180469,15.25));
#3353 = LINE('',#3354,#3355);
#3354 = CARTESIAN_POINT('',(-2.017181,1.769531,15.25));
#3355 = VECTOR('',#3356,1.);
#3356 = DIRECTION('',(-1.224606353822E-16,-1.,-6.123031769112E-17));
#3357 = ORIENTED_EDGE('',*,*,#3358,.T.);
#3358 = EDGE_CURVE('',#3351,#3342,#3359,.T.);
#3359 = CIRCLE('',#3360,0.2);
#3360 = AXIS2_PLACEMENT_3D('',#3361,#3362,#3363);
#3361 = CARTESIAN_POINT('',(-2.017181,-0.180469,15.05));
#3362 = DIRECTION('',(-1.224606353822E-16,-1.,-6.123031769112E-17));
#3363 = DIRECTION('',(-1.,1.224606353822E-16,3.215020689727E-32));
#3364 = CYLINDRICAL_SURFACE('',#3365,0.2);
#3365 = AXIS2_PLACEMENT_3D('',#3366,#3367,#3368);
#3366 = CARTESIAN_POINT('',(-2.017181,1.769531,15.05));
#3367 = DIRECTION('',(1.224606353822E-16,1.,6.123031769112E-17));
#3368 = DIRECTION('',(-1.,1.224606353822E-16,3.215020689727E-32));
#3369 = ADVANCED_FACE('',(#3370),#3382,.F.);
#3370 = FACE_BOUND('',#3371,.F.);
#3371 = EDGE_LOOP('',(#3372,#3373,#3374,#3375,#3376));
#3372 = ORIENTED_EDGE('',*,*,#3041,.F.);
#3373 = ORIENTED_EDGE('',*,*,#3071,.F.);
#3374 = ORIENTED_EDGE('',*,*,#2957,.T.);
#3375 = ORIENTED_EDGE('',*,*,#1336,.T.);
#3376 = ORIENTED_EDGE('',*,*,#3377,.T.);
#3377 = EDGE_CURVE('',#1339,#3034,#3378,.T.);
#3378 = LINE('',#3379,#3380);
#3379 = CARTESIAN_POINT('',(-1.967181,-2.130469,12.675));
#3380 = VECTOR('',#3381,1.);
#3381 = DIRECTION('',(0.,0.,-1.));
#3382 = CYLINDRICAL_SURFACE('',#3383,0.1);
#3383 = AXIS2_PLACEMENT_3D('',#3384,#3385,#3386);
#3384 = CARTESIAN_POINT('',(-1.967181,-2.230469,12.675));
#3385 = DIRECTION('',(0.,0.,-1.));
#3386 = DIRECTION('',(-1.,0.,0.));
#3387 = ADVANCED_FACE('',(#3388),#3399,.F.);
#3388 = FACE_BOUND('',#3389,.T.);
#3389 = EDGE_LOOP('',(#3390,#3391,#3392,#3393));
#3390 = ORIENTED_EDGE('',*,*,#2598,.F.);
#3391 = ORIENTED_EDGE('',*,*,#1663,.T.);
#3392 = ORIENTED_EDGE('',*,*,#2054,.F.);
#3393 = ORIENTED_EDGE('',*,*,#3394,.F.);
#3394 = EDGE_CURVE('',#2599,#2055,#3395,.T.);
#3395 = LINE('',#3396,#3397);
#3396 = CARTESIAN_POINT('',(-5.911452582866E-17,-1.330469,10.775));
#3397 = VECTOR('',#3398,1.);
#3398 = DIRECTION('',(-1.,-1.224606353822E-16,0.));
#3399 = PLANE('',#3400);
#3400 = AXIS2_PLACEMENT_3D('',#3401,#3402,#3403);
#3401 = CARTESIAN_POINT('',(-2.217181,-1.330469,15.75));
#3402 = DIRECTION('',(-1.224606353822E-16,1.,0.));
#3403 = DIRECTION('',(0.,0.,1.));
#3404 = ADVANCED_FACE('',(#3405,#3416,#3427),#3461,.F.);
#3405 = FACE_BOUND('',#3406,.T.);
#3406 = EDGE_LOOP('',(#3407,#3408,#3409,#3410));
#3407 = ORIENTED_EDGE('',*,*,#2934,.F.);
#3408 = ORIENTED_EDGE('',*,*,#2484,.T.);
#3409 = ORIENTED_EDGE('',*,*,#2726,.F.);
#3410 = ORIENTED_EDGE('',*,*,#3411,.F.);
#3411 = EDGE_CURVE('',#2902,#2727,#3412,.T.);
#3412 = LINE('',#3413,#3414);
#3413 = CARTESIAN_POINT('',(-1.938212247491E-16,-0.230469,10.3));
#3414 = VECTOR('',#3415,1.);
#3415 = DIRECTION('',(1.,2.449212707645E-16,0.));
#3416 = FACE_BOUND('',#3417,.T.);
#3417 = EDGE_LOOP('',(#3418,#3419,#3420,#3426));
#3418 = ORIENTED_EDGE('',*,*,#2789,.T.);
#3419 = ORIENTED_EDGE('',*,*,#2023,.F.);
#3420 = ORIENTED_EDGE('',*,*,#3421,.T.);
#3421 = EDGE_CURVE('',#2024,#3177,#3422,.T.);
#3422 = LINE('',#3423,#3424);
#3423 = CARTESIAN_POINT('',(-0.202181,-0.230469,8.125));
#3424 = VECTOR('',#3425,1.);
#3425 = DIRECTION('',(0.,0.,-1.));
#3426 = ORIENTED_EDGE('',*,*,#3176,.T.);
#3427 = FACE_BOUND('',#3428,.T.);
#3428 = EDGE_LOOP('',(#3429,#3439,#3447,#3455));
#3429 = ORIENTED_EDGE('',*,*,#3430,.T.);
#3430 = EDGE_CURVE('',#3431,#3433,#3435,.T.);
#3431 = VERTEX_POINT('',#3432);
#3432 = CARTESIAN_POINT('',(-0.202181,-0.230469,11.425));
#3433 = VERTEX_POINT('',#3434);
#3434 = CARTESIAN_POINT('',(-0.202181,-0.230469,11.075));
#3435 = LINE('',#3436,#3437);
#3436 = CARTESIAN_POINT('',(-0.202181,-0.230469,24.375));
#3437 = VECTOR('',#3438,1.);
#3438 = DIRECTION('',(0.,0.,-1.));
#3439 = ORIENTED_EDGE('',*,*,#3440,.T.);
#3440 = EDGE_CURVE('',#3433,#3441,#3443,.T.);
#3441 = VERTEX_POINT('',#3442);
#3442 = CARTESIAN_POINT('',(0.147819,-0.230469,11.075));
#3443 = LINE('',#3444,#3445);
#3444 = CARTESIAN_POINT('',(0.,-0.230469,11.075));
#3445 = VECTOR('',#3446,1.);
#3446 = DIRECTION('',(1.,3.673819061467E-16,0.));
#3447 = ORIENTED_EDGE('',*,*,#3448,.T.);
#3448 = EDGE_CURVE('',#3441,#3449,#3451,.T.);
#3449 = VERTEX_POINT('',#3450);
#3450 = CARTESIAN_POINT('',(0.147819,-0.230469,11.425));
#3451 = LINE('',#3452,#3453);
#3452 = CARTESIAN_POINT('',(0.147819,-0.230469,24.375));
#3453 = VECTOR('',#3454,1.);
#3454 = DIRECTION('',(0.,0.,1.));
#3455 = ORIENTED_EDGE('',*,*,#3456,.F.);
#3456 = EDGE_CURVE('',#3431,#3449,#3457,.T.);
#3457 = LINE('',#3458,#3459);
#3458 = CARTESIAN_POINT('',(0.,-0.230469,11.425));
#3459 = VECTOR('',#3460,1.);
#3460 = DIRECTION('',(1.,3.673819061467E-16,0.));
#3461 = PLANE('',#3462);
#3462 = AXIS2_PLACEMENT_3D('',#3463,#3464,#3465);
#3463 = CARTESIAN_POINT('',(-0.158531789566,-0.230469,-1.920000894538));
#3464 = DIRECTION('',(3.673819061467E-16,-1.,0.));
#3465 = DIRECTION('',(-1.,-3.673819061467E-16,0.));
#3466 = ADVANCED_FACE('',(#3467),#3501,.T.);
#3467 = FACE_BOUND('',#3468,.T.);
#3468 = EDGE_LOOP('',(#3469,#3479,#3487,#3495));
#3469 = ORIENTED_EDGE('',*,*,#3470,.T.);
#3470 = EDGE_CURVE('',#3471,#3473,#3475,.T.);
#3471 = VERTEX_POINT('',#3472);
#3472 = CARTESIAN_POINT('',(1.082819,-1.430469,9.3));
#3473 = VERTEX_POINT('',#3474);
#3474 = CARTESIAN_POINT('',(1.082819,-1.630469,9.3));
#3475 = LINE('',#3476,#3477);
#3476 = CARTESIAN_POINT('',(1.082819,-0.44765,9.3));
#3477 = VECTOR('',#3478,1.);
#3478 = DIRECTION('',(1.232595164408E-32,-1.,6.123031769112E-17));
#3479 = ORIENTED_EDGE('',*,*,#3480,.T.);
#3480 = EDGE_CURVE('',#3473,#3481,#3483,.T.);
#3481 = VERTEX_POINT('',#3482);
#3482 = CARTESIAN_POINT('',(0.282819,-1.630469,9.3));
#3483 = LINE('',#3484,#3485);
#3484 = CARTESIAN_POINT('',(1.082819,-1.630469,9.3));
#3485 = VECTOR('',#3486,1.);
#3486 = DIRECTION('',(-1.,-2.465190328816E-32,1.224606353822E-16));
#3487 = ORIENTED_EDGE('',*,*,#3488,.F.);
#3488 = EDGE_CURVE('',#3489,#3481,#3491,.T.);
#3489 = VERTEX_POINT('',#3490);
#3490 = CARTESIAN_POINT('',(0.282819,-1.430469,9.3));
#3491 = LINE('',#3492,#3493);
#3492 = CARTESIAN_POINT('',(0.282819,0.,9.3));
#3493 = VECTOR('',#3494,1.);
#3494 = DIRECTION('',(1.224606353822E-16,-1.,6.123031769112E-17));
#3495 = ORIENTED_EDGE('',*,*,#3496,.F.);
#3496 = EDGE_CURVE('',#3471,#3489,#3497,.T.);
#3497 = LINE('',#3498,#3499);
#3498 = CARTESIAN_POINT('',(1.082819,-1.430469,9.3));
#3499 = VECTOR('',#3500,1.);
#3500 = DIRECTION('',(-1.,-2.465190328816E-32,1.224606353822E-16));
#3501 = PLANE('',#3502);
#3502 = AXIS2_PLACEMENT_3D('',#3503,#3504,#3505);
#3503 = CARTESIAN_POINT('',(1.082819,-1.630469,9.3));
#3504 = DIRECTION('',(-1.224606353822E-16,-6.123031769112E-17,-1.));
#3505 = DIRECTION('',(1.232595164408E-32,-1.,6.123031769112E-17));
#3506 = ADVANCED_FACE('',(#3507),#3519,.T.);
#3507 = FACE_BOUND('',#3508,.T.);
#3508 = EDGE_LOOP('',(#3509,#3510,#3517,#3518));
#3509 = ORIENTED_EDGE('',*,*,#3210,.F.);
#3510 = ORIENTED_EDGE('',*,*,#3511,.T.);
#3511 = EDGE_CURVE('',#3203,#2680,#3512,.T.);
#3512 = CIRCLE('',#3513,0.4);
#3513 = AXIS2_PLACEMENT_3D('',#3514,#3515,#3516);
#3514 = CARTESIAN_POINT('',(1.082819,-1.230469,14.35));
#3515 = DIRECTION('',(-1.,1.224606353822E-16,2.598723107523E-32));
#3516 = DIRECTION('',(1.224606353822E-16,1.,1.224606353822E-16));
#3517 = ORIENTED_EDGE('',*,*,#2679,.T.);
#3518 = ORIENTED_EDGE('',*,*,#2100,.F.);
#3519 = CYLINDRICAL_SURFACE('',#3520,0.4);
#3520 = AXIS2_PLACEMENT_3D('',#3521,#3522,#3523);
#3521 = CARTESIAN_POINT('',(-0.386712,-1.230469,14.35));
#3522 = DIRECTION('',(-1.,1.224606353822E-16,2.598723107523E-32));
#3523 = DIRECTION('',(1.224606353822E-16,1.,1.224606353822E-16));
#3524 = ADVANCED_FACE('',(#3525),#3550,.F.);
#3525 = FACE_BOUND('',#3526,.T.);
#3526 = EDGE_LOOP('',(#3527,#3535,#3536,#3544));
#3527 = ORIENTED_EDGE('',*,*,#3528,.F.);
#3528 = EDGE_CURVE('',#2317,#3529,#3531,.T.);
#3529 = VERTEX_POINT('',#3530);
#3530 = CARTESIAN_POINT('',(1.082819,-1.430469,14.35));
#3531 = LINE('',#3532,#3533);
#3532 = CARTESIAN_POINT('',(-0.386712,-1.430469,14.35));
#3533 = VECTOR('',#3534,1.);
#3534 = DIRECTION('',(1.,-1.224606353822E-16,-2.598723107523E-32));
#3535 = ORIENTED_EDGE('',*,*,#2316,.F.);
#3536 = ORIENTED_EDGE('',*,*,#3537,.F.);
#3537 = EDGE_CURVE('',#3538,#2309,#3540,.T.);
#3538 = VERTEX_POINT('',#3539);
#3539 = CARTESIAN_POINT('',(1.082819,-1.430469,14.45));
#3540 = LINE('',#3541,#3542);
#3541 = CARTESIAN_POINT('',(1.082819,-1.430469,14.45));
#3542 = VECTOR('',#3543,1.);
#3543 = DIRECTION('',(-1.,1.224606353822E-16,3.215020689727E-32));
#3544 = ORIENTED_EDGE('',*,*,#3545,.F.);
#3545 = EDGE_CURVE('',#3529,#3538,#3546,.T.);
#3546 = LINE('',#3547,#3548);
#3547 = CARTESIAN_POINT('',(1.082819,-1.430469,-0.625));
#3548 = VECTOR('',#3549,1.);
#3549 = DIRECTION('',(9.912127626594E-33,-6.123031769112E-17,1.));
#3550 = PLANE('',#3551);
#3551 = AXIS2_PLACEMENT_3D('',#3552,#3553,#3554);
#3552 = CARTESIAN_POINT('',(1.082819,-1.430469,14.45));
#3553 = DIRECTION('',(-1.224606353822E-16,-1.,-6.123031769112E-17));
#3554 = DIRECTION('',(3.749151804555E-33,-6.123031769112E-17,1.));
#3555 = ADVANCED_FACE('',(#3556),#3581,.F.);
#3556 = FACE_BOUND('',#3557,.T.);
#3557 = EDGE_LOOP('',(#3558,#3559,#3567,#3575));
#3558 = ORIENTED_EDGE('',*,*,#1904,.F.);
#3559 = ORIENTED_EDGE('',*,*,#3560,.F.);
#3560 = EDGE_CURVE('',#3561,#1897,#3563,.T.);
#3561 = VERTEX_POINT('',#3562);
#3562 = CARTESIAN_POINT('',(-1.317181,0.969531,15.25));
#3563 = LINE('',#3564,#3565);
#3564 = CARTESIAN_POINT('',(-1.317181,1.769531,15.25));
#3565 = VECTOR('',#3566,1.);
#3566 = DIRECTION('',(-1.224606353822E-16,-1.,-6.123031769112E-17));
#3567 = ORIENTED_EDGE('',*,*,#3568,.F.);
#3568 = EDGE_CURVE('',#3569,#3561,#3571,.T.);
#3569 = VERTEX_POINT('',#3570);
#3570 = CARTESIAN_POINT('',(-1.317181,0.969531,15.45));
#3571 = LINE('',#3572,#3573);
#3572 = CARTESIAN_POINT('',(-1.317181,0.969531,20.386624106157));
#3573 = VECTOR('',#3574,1.);
#3574 = DIRECTION('',(-3.749151804555E-33,6.123031769112E-17,-1.));
#3575 = ORIENTED_EDGE('',*,*,#3576,.T.);
#3576 = EDGE_CURVE('',#3569,#1905,#3577,.T.);
#3577 = LINE('',#3578,#3579);
#3578 = CARTESIAN_POINT('',(-1.317181,1.769531,15.45));
#3579 = VECTOR('',#3580,1.);
#3580 = DIRECTION('',(-1.224606353822E-16,-1.,-6.123031769112E-17));
#3581 = PLANE('',#3582);
#3582 = AXIS2_PLACEMENT_3D('',#3583,#3584,#3585);
#3583 = CARTESIAN_POINT('',(-1.317181,1.769531,15.25));
#3584 = DIRECTION('',(-1.,1.224606353822E-16,1.124745541367E-32));
#3585 = DIRECTION('',(-3.749151804555E-33,6.123031769112E-17,-1.));
#3586 = ADVANCED_FACE('',(#3587),#3612,.T.);
#3587 = FACE_BOUND('',#3588,.T.);
#3588 = EDGE_LOOP('',(#3589,#3597,#3598,#3606));
#3589 = ORIENTED_EDGE('',*,*,#3590,.T.);
#3590 = EDGE_CURVE('',#3591,#3017,#3593,.T.);
#3591 = VERTEX_POINT('',#3592);
#3592 = CARTESIAN_POINT('',(0.147819,-1.680469,12.675));
#3593 = LINE('',#3594,#3595);
#3594 = CARTESIAN_POINT('',(0.147819,-1.680469,12.675));
#3595 = VECTOR('',#3596,1.);
#3596 = DIRECTION('',(0.,0.,-1.));
#3597 = ORIENTED_EDGE('',*,*,#3016,.F.);
#3598 = ORIENTED_EDGE('',*,*,#3599,.F.);
#3599 = EDGE_CURVE('',#3600,#3009,#3602,.T.);
#3600 = VERTEX_POINT('',#3601);
#3601 = CARTESIAN_POINT('',(0.147819,-1.530469,12.675));
#3602 = LINE('',#3603,#3604);
#3603 = CARTESIAN_POINT('',(0.147819,-1.530469,8.125));
#3604 = VECTOR('',#3605,1.);
#3605 = DIRECTION('',(0.,0.,-1.));
#3606 = ORIENTED_EDGE('',*,*,#3607,.T.);
#3607 = EDGE_CURVE('',#3600,#3591,#3608,.T.);
#3608 = LINE('',#3609,#3610);
#3609 = CARTESIAN_POINT('',(0.147819,-0.398169597608,12.675));
#3610 = VECTOR('',#3611,1.);
#3611 = DIRECTION('',(2.312964634636E-17,-1.,0.));
#3612 = PLANE('',#3613);
#3613 = AXIS2_PLACEMENT_3D('',#3614,#3615,#3616);
#3614 = CARTESIAN_POINT('',(0.147819,-2.130469,12.675));
#3615 = DIRECTION('',(1.,2.312964634636E-17,0.));
#3616 = DIRECTION('',(-2.312964634636E-17,1.,0.));
#3617 = ADVANCED_FACE('',(#3618),#3654,.F.);
#3618 = FACE_BOUND('',#3619,.F.);
#3619 = EDGE_LOOP('',(#3620,#3630,#3639,#3647));
#3620 = ORIENTED_EDGE('',*,*,#3621,.F.);
#3621 = EDGE_CURVE('',#3622,#3624,#3626,.T.);
#3622 = VERTEX_POINT('',#3623);
#3623 = CARTESIAN_POINT('',(-2.217181,0.319531,15.05));
#3624 = VERTEX_POINT('',#3625);
#3625 = CARTESIAN_POINT('',(-2.217181,0.969531,15.05));
#3626 = LINE('',#3627,#3628);
#3627 = CARTESIAN_POINT('',(-2.217181,1.769531,15.05));
#3628 = VECTOR('',#3629,1.);
#3629 = DIRECTION('',(1.224606353822E-16,1.,6.123031769112E-17));
#3630 = ORIENTED_EDGE('',*,*,#3631,.F.);
#3631 = EDGE_CURVE('',#3632,#3622,#3634,.T.);
#3632 = VERTEX_POINT('',#3633);
#3633 = CARTESIAN_POINT('',(-2.017181,0.319531,15.25));
#3634 = CIRCLE('',#3635,0.2);
#3635 = AXIS2_PLACEMENT_3D('',#3636,#3637,#3638);
#3636 = CARTESIAN_POINT('',(-2.017181,0.319531,15.05));
#3637 = DIRECTION('',(-1.224606353822E-16,-1.,-6.123031769112E-17));
#3638 = DIRECTION('',(-1.,1.224606353822E-16,3.215020689727E-32));
#3639 = ORIENTED_EDGE('',*,*,#3640,.F.);
#3640 = EDGE_CURVE('',#3641,#3632,#3643,.T.);
#3641 = VERTEX_POINT('',#3642);
#3642 = CARTESIAN_POINT('',(-2.017181,0.969531,15.25));
#3643 = LINE('',#3644,#3645);
#3644 = CARTESIAN_POINT('',(-2.017181,1.769531,15.25));
#3645 = VECTOR('',#3646,1.);
#3646 = DIRECTION('',(-1.224606353822E-16,-1.,-6.123031769112E-17));
#3647 = ORIENTED_EDGE('',*,*,#3648,.T.);
#3648 = EDGE_CURVE('',#3641,#3624,#3649,.T.);
#3649 = CIRCLE('',#3650,0.2);
#3650 = AXIS2_PLACEMENT_3D('',#3651,#3652,#3653);
#3651 = CARTESIAN_POINT('',(-2.017181,0.969531,15.05));
#3652 = DIRECTION('',(-1.224606353822E-16,-1.,-6.123031769112E-17));
#3653 = DIRECTION('',(-1.,1.224606353822E-16,3.215020689727E-32));
#3654 = CYLINDRICAL_SURFACE('',#3655,0.2);
#3655 = AXIS2_PLACEMENT_3D('',#3656,#3657,#3658);
#3656 = CARTESIAN_POINT('',(-2.017181,1.769531,15.05));
#3657 = DIRECTION('',(1.224606353822E-16,1.,6.123031769112E-17));
#3658 = DIRECTION('',(-1.,1.224606353822E-16,3.215020689727E-32));
#3659 = ADVANCED_FACE('',(#3660),#3685,.T.);
#3660 = FACE_BOUND('',#3661,.T.);
#3661 = EDGE_LOOP('',(#3662,#3663,#3671,#3679));
#3662 = ORIENTED_EDGE('',*,*,#3287,.T.);
#3663 = ORIENTED_EDGE('',*,*,#3664,.T.);
#3664 = EDGE_CURVE('',#3280,#3665,#3667,.T.);
#3665 = VERTEX_POINT('',#3666);
#3666 = CARTESIAN_POINT('',(0.282819,-1.080469,14.15));
#3667 = LINE('',#3668,#3669);
#3668 = CARTESIAN_POINT('',(0.282819,-1.080469,-0.625));
#3669 = VECTOR('',#3670,1.);
#3670 = DIRECTION('',(9.912127626594E-33,-6.123031769112E-17,1.));
#3671 = ORIENTED_EDGE('',*,*,#3672,.T.);
#3672 = EDGE_CURVE('',#3665,#3673,#3675,.T.);
#3673 = VERTEX_POINT('',#3674);
#3674 = CARTESIAN_POINT('',(-0.417181,-1.080469,14.15));
#3675 = LINE('',#3676,#3677);
#3676 = CARTESIAN_POINT('',(-0.386712,-1.080469,14.15));
#3677 = VECTOR('',#3678,1.);
#3678 = DIRECTION('',(-1.,1.224606353822E-16,3.215020689727E-32));
#3679 = ORIENTED_EDGE('',*,*,#3680,.F.);
#3680 = EDGE_CURVE('',#3271,#3673,#3681,.T.);
#3681 = LINE('',#3682,#3683);
#3682 = CARTESIAN_POINT('',(-0.417181,-1.080469,13.95));
#3683 = VECTOR('',#3684,1.);
#3684 = DIRECTION('',(3.749151804555E-33,-6.123031769112E-17,1.));
#3685 = PLANE('',#3686);
#3686 = AXIS2_PLACEMENT_3D('',#3687,#3688,#3689);
#3687 = CARTESIAN_POINT('',(0.282819,-1.080469,13.95));
#3688 = DIRECTION('',(-1.224606353822E-16,-1.,-6.123031769112E-17));
#3689 = DIRECTION('',(1.,-1.224606353822E-16,-3.215020689727E-32));
#3690 = ADVANCED_FACE('',(#3691),#3717,.F.);
#3691 = FACE_BOUND('',#3692,.F.);
#3692 = EDGE_LOOP('',(#3693,#3701,#3702,#3710));
#3693 = ORIENTED_EDGE('',*,*,#3694,.T.);
#3694 = EDGE_CURVE('',#3695,#1946,#3697,.T.);
#3695 = VERTEX_POINT('',#3696);
#3696 = CARTESIAN_POINT('',(-2.017181,0.969531,14.15));
#3697 = LINE('',#3698,#3699);
#3698 = CARTESIAN_POINT('',(-2.017181,1.769531,14.15));
#3699 = VECTOR('',#3700,1.);
#3700 = DIRECTION('',(-1.224606353822E-16,-1.,-6.123031769112E-17));
#3701 = ORIENTED_EDGE('',*,*,#1953,.F.);
#3702 = ORIENTED_EDGE('',*,*,#3703,.T.);
#3703 = EDGE_CURVE('',#1954,#3704,#3706,.T.);
#3704 = VERTEX_POINT('',#3705);
#3705 = CARTESIAN_POINT('',(-2.217181,0.969531,14.35));
#3706 = LINE('',#3707,#3708);
#3707 = CARTESIAN_POINT('',(-2.217181,1.769531,14.35));
#3708 = VECTOR('',#3709,1.);
#3709 = DIRECTION('',(1.224606353822E-16,1.,6.123031769112E-17));
#3710 = ORIENTED_EDGE('',*,*,#3711,.T.);
#3711 = EDGE_CURVE('',#3704,#3695,#3712,.T.);
#3712 = CIRCLE('',#3713,0.2);
#3713 = AXIS2_PLACEMENT_3D('',#3714,#3715,#3716);
#3714 = CARTESIAN_POINT('',(-2.017181,0.969531,14.35));
#3715 = DIRECTION('',(-1.224606353822E-16,-1.,-6.123031769112E-17));
#3716 = DIRECTION('',(-1.,1.224606353822E-16,3.215020689727E-32));
#3717 = CYLINDRICAL_SURFACE('',#3718,0.2);
#3718 = AXIS2_PLACEMENT_3D('',#3719,#3720,#3721);
#3719 = CARTESIAN_POINT('',(-2.017181,1.769531,14.35));
#3720 = DIRECTION('',(1.224606353822E-16,1.,6.123031769112E-17));
#3721 = DIRECTION('',(-1.,1.224606353822E-16,3.215020689727E-32));
#3722 = ADVANCED_FACE('',(#3723),#3749,.T.);
#3723 = FACE_BOUND('',#3724,.T.);
#3724 = EDGE_LOOP('',(#3725,#3736,#3742,#3743));
#3725 = ORIENTED_EDGE('',*,*,#3726,.T.);
#3726 = EDGE_CURVE('',#3727,#3729,#3731,.T.);
#3727 = VERTEX_POINT('',#3728);
#3728 = CARTESIAN_POINT('',(-2.017181,-0.180469,15.45));
#3729 = VERTEX_POINT('',#3730);
#3730 = CARTESIAN_POINT('',(-2.417181,-0.180469,15.05));
#3731 = CIRCLE('',#3732,0.4);
#3732 = AXIS2_PLACEMENT_3D('',#3733,#3734,#3735);
#3733 = CARTESIAN_POINT('',(-2.017181,-0.180469,15.05));
#3734 = DIRECTION('',(-1.224606353822E-16,-1.,-6.123031769112E-17));
#3735 = DIRECTION('',(-1.,1.224606353822E-16,3.215020689727E-32));
#3736 = ORIENTED_EDGE('',*,*,#3737,.F.);
#3737 = EDGE_CURVE('',#1921,#3729,#3738,.T.);
#3738 = LINE('',#3739,#3740);
#3739 = CARTESIAN_POINT('',(-2.417181,1.769531,15.05));
#3740 = VECTOR('',#3741,1.);
#3741 = DIRECTION('',(1.224606353822E-16,1.,6.123031769112E-17));
#3742 = ORIENTED_EDGE('',*,*,#1920,.F.);
#3743 = ORIENTED_EDGE('',*,*,#3744,.F.);
#3744 = EDGE_CURVE('',#3727,#1913,#3745,.T.);
#3745 = LINE('',#3746,#3747);
#3746 = CARTESIAN_POINT('',(-2.017181,1.769531,15.45));
#3747 = VECTOR('',#3748,1.);
#3748 = DIRECTION('',(-1.224606353822E-16,-1.,-6.123031769112E-17));
#3749 = CYLINDRICAL_SURFACE('',#3750,0.4);
#3750 = AXIS2_PLACEMENT_3D('',#3751,#3752,#3753);
#3751 = CARTESIAN_POINT('',(-2.017181,1.769531,15.05));
#3752 = DIRECTION('',(1.224606353822E-16,1.,6.123031769112E-17));
#3753 = DIRECTION('',(-1.,1.224606353822E-16,3.215020689727E-32));
#3754 = ADVANCED_FACE('',(#3755),#3787,.T.);
#3755 = FACE_BOUND('',#3756,.T.);
#3756 = EDGE_LOOP('',(#3757,#3765,#3766,#3772,#3773,#3781));
#3757 = ORIENTED_EDGE('',*,*,#3758,.T.);
#3758 = EDGE_CURVE('',#3759,#3729,#3761,.T.);
#3759 = VERTEX_POINT('',#3760);
#3760 = CARTESIAN_POINT('',(-2.417181,-0.180469,14.65));
#3761 = LINE('',#3762,#3763);
#3762 = CARTESIAN_POINT('',(-2.417181,-0.180469,20.386624106157));
#3763 = VECTOR('',#3764,1.);
#3764 = DIRECTION('',(3.749151804555E-33,-6.123031769112E-17,1.));
#3765 = ORIENTED_EDGE('',*,*,#3726,.F.);
#3766 = ORIENTED_EDGE('',*,*,#3767,.T.);
#3767 = EDGE_CURVE('',#3727,#3351,#3768,.T.);
#3768 = LINE('',#3769,#3770);
#3769 = CARTESIAN_POINT('',(-2.017181,-0.180469,15.05));
#3770 = VECTOR('',#3771,1.);
#3771 = DIRECTION('',(-3.749151804555E-33,6.123031769112E-17,-1.));
#3772 = ORIENTED_EDGE('',*,*,#3358,.T.);
#3773 = ORIENTED_EDGE('',*,*,#3774,.T.);
#3774 = EDGE_CURVE('',#3342,#3775,#3777,.T.);
#3775 = VERTEX_POINT('',#3776);
#3776 = CARTESIAN_POINT('',(-2.217181,-0.180469,14.65));
#3777 = LINE('',#3778,#3779);
#3778 = CARTESIAN_POINT('',(-2.217181,-0.180469,20.386624106157));
#3779 = VECTOR('',#3780,1.);
#3780 = DIRECTION('',(-3.749151804555E-33,6.123031769112E-17,-1.));
#3781 = ORIENTED_EDGE('',*,*,#3782,.F.);
#3782 = EDGE_CURVE('',#3759,#3775,#3783,.T.);
#3783 = LINE('',#3784,#3785);
#3784 = CARTESIAN_POINT('',(-2.417181,-0.180469,14.65));
#3785 = VECTOR('',#3786,1.);
#3786 = DIRECTION('',(1.,-1.224606353822E-16,-3.215020689727E-32));
#3787 = PLANE('',#3788);
#3788 = AXIS2_PLACEMENT_3D('',#3789,#3790,#3791);
#3789 = CARTESIAN_POINT('',(-2.417181,-0.180469,15.45));
#3790 = DIRECTION('',(1.224606353822E-16,1.,6.123031769112E-17));
#3791 = DIRECTION('',(-1.,1.224606353822E-16,3.215020689727E-32));
#3792 = ADVANCED_FACE('',(#3793),#3827,.F.);
#3793 = FACE_BOUND('',#3794,.T.);
#3794 = EDGE_LOOP('',(#3795,#3805,#3813,#3821));
#3795 = ORIENTED_EDGE('',*,*,#3796,.T.);
#3796 = EDGE_CURVE('',#3797,#3799,#3801,.T.);
#3797 = VERTEX_POINT('',#3798);
#3798 = CARTESIAN_POINT('',(0.582819,-2.030469,10.775));
#3799 = VERTEX_POINT('',#3800);
#3800 = CARTESIAN_POINT('',(0.582819,-1.530469,10.775));
#3801 = LINE('',#3802,#3803);
#3802 = CARTESIAN_POINT('',(0.582819,-1.506722198722E-16,10.775));
#3803 = VECTOR('',#3804,1.);
#3804 = DIRECTION('',(-1.224606353822E-16,1.,0.));
#3805 = ORIENTED_EDGE('',*,*,#3806,.T.);
#3806 = EDGE_CURVE('',#3799,#3807,#3809,.T.);
#3807 = VERTEX_POINT('',#3808);
#3808 = CARTESIAN_POINT('',(0.582819,-1.530469,9.8));
#3809 = LINE('',#3810,#3811);
#3810 = CARTESIAN_POINT('',(0.582819,-1.530469,15.625));
#3811 = VECTOR('',#3812,1.);
#3812 = DIRECTION('',(0.,0.,-1.));
#3813 = ORIENTED_EDGE('',*,*,#3814,.F.);
#3814 = EDGE_CURVE('',#3815,#3807,#3817,.T.);
#3815 = VERTEX_POINT('',#3816);
#3816 = CARTESIAN_POINT('',(0.582819,-2.030469,9.8));
#3817 = LINE('',#3818,#3819);
#3818 = CARTESIAN_POINT('',(0.582819,-1.506722198722E-16,9.8));
#3819 = VECTOR('',#3820,1.);
#3820 = DIRECTION('',(-1.224606353822E-16,1.,0.));
#3821 = ORIENTED_EDGE('',*,*,#3822,.F.);
#3822 = EDGE_CURVE('',#3797,#3815,#3823,.T.);
#3823 = LINE('',#3824,#3825);
#3824 = CARTESIAN_POINT('',(0.582819,-2.030469,15.625));
#3825 = VECTOR('',#3826,1.);
#3826 = DIRECTION('',(0.,0.,-1.));
#3827 = PLANE('',#3828);
#3828 = AXIS2_PLACEMENT_3D('',#3829,#3830,#3831);
#3829 = CARTESIAN_POINT('',(0.582819,-1.757510499638,11.155546114419));
#3830 = DIRECTION('',(1.,1.224606353822E-16,0.));
#3831 = DIRECTION('',(1.224606353822E-16,-1.,0.));
#3832 = ADVANCED_FACE('',(#3833),#3858,.T.);
#3833 = FACE_BOUND('',#3834,.T.);
#3834 = EDGE_LOOP('',(#3835,#3836,#3844,#3852));
#3835 = ORIENTED_EDGE('',*,*,#1783,.T.);
#3836 = ORIENTED_EDGE('',*,*,#3837,.F.);
#3837 = EDGE_CURVE('',#3838,#1776,#3840,.T.);
#3838 = VERTEX_POINT('',#3839);
#3839 = CARTESIAN_POINT('',(-1.416682628207,0.969531,14.15));
#3840 = LINE('',#3841,#3842);
#3841 = CARTESIAN_POINT('',(-1.416682628207,0.969531,15.6000024));
#3842 = VECTOR('',#3843,1.);
#3843 = DIRECTION('',(-3.749151804555E-33,6.123031769112E-17,-1.));
#3844 = ORIENTED_EDGE('',*,*,#3845,.T.);
#3845 = EDGE_CURVE('',#3838,#3846,#3848,.T.);
#3846 = VERTEX_POINT('',#3847);
#3847 = CARTESIAN_POINT('',(-1.416682628207,1.069680511538,14.15));
#3848 = LINE('',#3849,#3850);
#3849 = CARTESIAN_POINT('',(-1.416682628207,-0.44765,14.15));
#3850 = VECTOR('',#3851,1.);
#3851 = DIRECTION('',(1.224606353822E-16,1.,6.123031769112E-17));
#3852 = ORIENTED_EDGE('',*,*,#3853,.T.);
#3853 = EDGE_CURVE('',#3846,#1784,#3854,.T.);
#3854 = LINE('',#3855,#3856);
#3855 = CARTESIAN_POINT('',(-1.416682628207,1.069680511538,13.95));
#3856 = VECTOR('',#3857,1.);
#3857 = DIRECTION('',(-3.749151804555E-33,6.123031769112E-17,-1.));
#3858 = PLANE('',#3859);
#3859 = AXIS2_PLACEMENT_3D('',#3860,#3861,#3862);
#3860 = CARTESIAN_POINT('',(-1.416682628207,1.069680511538,15.6000024));
#3861 = DIRECTION('',(-1.,1.224606353822E-16,1.124745541367E-32));
#3862 = DIRECTION('',(-1.224606353822E-16,-1.,-6.123031769112E-17));
#3863 = ADVANCED_FACE('',(#3864),#3889,.T.);
#3864 = FACE_BOUND('',#3865,.T.);
#3865 = EDGE_LOOP('',(#3866,#3867,#3875,#3883));
#3866 = ORIENTED_EDGE('',*,*,#1800,.T.);
#3867 = ORIENTED_EDGE('',*,*,#3868,.T.);
#3868 = EDGE_CURVE('',#1792,#3869,#3871,.T.);
#3869 = VERTEX_POINT('',#3870);
#3870 = CARTESIAN_POINT('',(-1.256404227028,1.251686354594,14.15));
#3871 = LINE('',#3872,#3873);
#3872 = CARTESIAN_POINT('',(-1.256404227028,1.251686354594,13.95));
#3873 = VECTOR('',#3874,1.);
#3874 = DIRECTION('',(3.749151804555E-33,-6.123031769112E-17,1.));
#3875 = ORIENTED_EDGE('',*,*,#3876,.T.);
#3876 = EDGE_CURVE('',#3869,#3877,#3879,.T.);
#3877 = VERTEX_POINT('',#3878);
#3878 = CARTESIAN_POINT('',(-1.167181,1.269531,14.15));
#3879 = LINE('',#3880,#3881);
#3880 = CARTESIAN_POINT('',(-0.386712,1.4256248,14.15));
#3881 = VECTOR('',#3882,1.);
#3882 = DIRECTION('',(0.980580675691,0.196116135138,1.200825325887E-17)
  );
#3883 = ORIENTED_EDGE('',*,*,#3884,.T.);
#3884 = EDGE_CURVE('',#3877,#1801,#3885,.T.);
#3885 = LINE('',#3886,#3887);
#3886 = CARTESIAN_POINT('',(-1.167181,1.269531,8.125));
#3887 = VECTOR('',#3888,1.);
#3888 = DIRECTION('',(-3.061515884556E-16,0.,-1.));
#3889 = PLANE('',#3890);
#3890 = AXIS2_PLACEMENT_3D('',#3891,#3892,#3893);
#3891 = CARTESIAN_POINT('',(-1.256404227028,1.251686354594,13.95));
#3892 = DIRECTION('',(-0.196116135138,0.980580675691,6.004126629433E-17)
  );
#3893 = DIRECTION('',(-0.980580675691,-0.196116135138,
    -1.200825325887E-17));
#3894 = ADVANCED_FACE('',(#3895),#3913,.T.);
#3895 = FACE_BOUND('',#3896,.T.);
#3896 = EDGE_LOOP('',(#3897,#3898,#3906,#3912));
#3897 = ORIENTED_EDGE('',*,*,#2878,.T.);
#3898 = ORIENTED_EDGE('',*,*,#3899,.T.);
#3899 = EDGE_CURVE('',#2879,#3900,#3902,.T.);
#3900 = VERTEX_POINT('',#3901);
#3901 = CARTESIAN_POINT('',(-0.917181,-1.080469,14.15));
#3902 = LINE('',#3903,#3904);
#3903 = CARTESIAN_POINT('',(-0.917181,-1.080469,13.95));
#3904 = VECTOR('',#3905,1.);
#3905 = DIRECTION('',(3.749151804555E-33,-6.123031769112E-17,1.));
#3906 = ORIENTED_EDGE('',*,*,#3907,.T.);
#3907 = EDGE_CURVE('',#3900,#2408,#3908,.T.);
#3908 = LINE('',#3909,#3910);
#3909 = CARTESIAN_POINT('',(-0.917181,-0.44765,14.15));
#3910 = VECTOR('',#3911,1.);
#3911 = DIRECTION('',(-1.224606353822E-16,-1.,-6.123031769112E-17));
#3912 = ORIENTED_EDGE('',*,*,#2407,.T.);
#3913 = PLANE('',#3914);
#3914 = AXIS2_PLACEMENT_3D('',#3915,#3916,#3917);
#3915 = CARTESIAN_POINT('',(-0.917181,-1.080469,13.95));
#3916 = DIRECTION('',(1.,-1.224606353822E-16,-1.124745541367E-32));
#3917 = DIRECTION('',(1.224606353822E-16,1.,6.123031769112E-17));
#3918 = ADVANCED_FACE('',(#3919),#3930,.T.);
#3919 = FACE_BOUND('',#3920,.T.);
#3920 = EDGE_LOOP('',(#3921,#3922,#3928,#3929));
#3921 = ORIENTED_EDGE('',*,*,#2359,.T.);
#3922 = ORIENTED_EDGE('',*,*,#3923,.F.);
#3923 = EDGE_CURVE('',#3665,#2334,#3924,.T.);
#3924 = LINE('',#3925,#3926);
#3925 = CARTESIAN_POINT('',(0.282819,-0.44765,14.15));
#3926 = VECTOR('',#3927,1.);
#3927 = DIRECTION('',(-1.224606353822E-16,-1.,-6.123031769112E-17));
#3928 = ORIENTED_EDGE('',*,*,#3664,.F.);
#3929 = ORIENTED_EDGE('',*,*,#3279,.T.);
#3930 = PLANE('',#3931);
#3931 = AXIS2_PLACEMENT_3D('',#3932,#3933,#3934);
#3932 = CARTESIAN_POINT('',(0.282819,1.29518400696,14.065489654985));
#3933 = DIRECTION('',(-1.,1.224606353822E-16,1.124745541367E-32));
#3934 = DIRECTION('',(1.224606353822E-16,1.,6.123031769112E-17));
#3935 = ADVANCED_FACE('',(#3936),#3959,.F.);
#3936 = FACE_BOUND('',#3937,.T.);
#3937 = EDGE_LOOP('',(#3938,#3946,#3952,#3958));
#3938 = ORIENTED_EDGE('',*,*,#3939,.T.);
#3939 = EDGE_CURVE('',#3727,#3940,#3942,.T.);
#3940 = VERTEX_POINT('',#3941);
#3941 = CARTESIAN_POINT('',(-2.017181,0.319531,15.45));
#3942 = LINE('',#3943,#3944);
#3943 = CARTESIAN_POINT('',(-2.017181,1.769531,15.45));
#3944 = VECTOR('',#3945,1.);
#3945 = DIRECTION('',(1.224606353822E-16,1.,6.123031769112E-17));
#3946 = ORIENTED_EDGE('',*,*,#3947,.F.);
#3947 = EDGE_CURVE('',#3632,#3940,#3948,.T.);
#3948 = LINE('',#3949,#3950);
#3949 = CARTESIAN_POINT('',(-2.017181,0.319531,14.35));
#3950 = VECTOR('',#3951,1.);
#3951 = DIRECTION('',(3.749151804555E-33,-6.123031769112E-17,1.));
#3952 = ORIENTED_EDGE('',*,*,#3953,.F.);
#3953 = EDGE_CURVE('',#3351,#3632,#3954,.T.);
#3954 = LINE('',#3955,#3956);
#3955 = CARTESIAN_POINT('',(-2.017181,1.769531,15.25));
#3956 = VECTOR('',#3957,1.);
#3957 = DIRECTION('',(1.224606353822E-16,1.,6.123031769112E-17));
#3958 = ORIENTED_EDGE('',*,*,#3767,.F.);
#3959 = PLANE('',#3960);
#3960 = AXIS2_PLACEMENT_3D('',#3961,#3962,#3963);
#3961 = CARTESIAN_POINT('',(-2.017181,0.300926102356,14.801726055616));
#3962 = DIRECTION('',(1.,-1.224606353822E-16,-1.124745541367E-32));
#3963 = DIRECTION('',(-3.749151804555E-33,6.123031769112E-17,-1.));
#3964 = ADVANCED_FACE('',(#3965),#4000,.T.);
#3965 = FACE_BOUND('',#3966,.T.);
#3966 = EDGE_LOOP('',(#3967,#3968,#3969,#3978,#3986,#3994));
#3967 = ORIENTED_EDGE('',*,*,#3631,.F.);
#3968 = ORIENTED_EDGE('',*,*,#3947,.T.);
#3969 = ORIENTED_EDGE('',*,*,#3970,.T.);
#3970 = EDGE_CURVE('',#3940,#3971,#3973,.T.);
#3971 = VERTEX_POINT('',#3972);
#3972 = CARTESIAN_POINT('',(-2.417181,0.319531,15.05));
#3973 = CIRCLE('',#3974,0.4);
#3974 = AXIS2_PLACEMENT_3D('',#3975,#3976,#3977);
#3975 = CARTESIAN_POINT('',(-2.017181,0.319531,15.05));
#3976 = DIRECTION('',(-1.224606353822E-16,-1.,-6.123031769112E-17));
#3977 = DIRECTION('',(-1.,1.224606353822E-16,3.215020689727E-32));
#3978 = ORIENTED_EDGE('',*,*,#3979,.T.);
#3979 = EDGE_CURVE('',#3971,#3980,#3982,.T.);
#3980 = VERTEX_POINT('',#3981);
#3981 = CARTESIAN_POINT('',(-2.417181,0.319531,14.65));
#3982 = LINE('',#3983,#3984);
#3983 = CARTESIAN_POINT('',(-2.417181,0.319531,20.386624106157));
#3984 = VECTOR('',#3985,1.);
#3985 = DIRECTION('',(-3.749151804555E-33,6.123031769112E-17,-1.));
#3986 = ORIENTED_EDGE('',*,*,#3987,.T.);
#3987 = EDGE_CURVE('',#3980,#3988,#3990,.T.);
#3988 = VERTEX_POINT('',#3989);
#3989 = CARTESIAN_POINT('',(-2.217181,0.319531,14.65));
#3990 = LINE('',#3991,#3992);
#3991 = CARTESIAN_POINT('',(-2.417181,0.319531,14.65));
#3992 = VECTOR('',#3993,1.);
#3993 = DIRECTION('',(1.,-1.224606353822E-16,-3.215020689727E-32));
#3994 = ORIENTED_EDGE('',*,*,#3995,.T.);
#3995 = EDGE_CURVE('',#3988,#3622,#3996,.T.);
#3996 = LINE('',#3997,#3998);
#3997 = CARTESIAN_POINT('',(-2.217181,0.319531,20.386624106157));
#3998 = VECTOR('',#3999,1.);
#3999 = DIRECTION('',(3.749151804555E-33,-6.123031769112E-17,1.));
#4000 = PLANE('',#4001);
#4001 = AXIS2_PLACEMENT_3D('',#4002,#4003,#4004);
#4002 = CARTESIAN_POINT('',(-2.417181,0.319531,14.65));
#4003 = DIRECTION('',(-1.224606353822E-16,-1.,-6.123031769112E-17));
#4004 = DIRECTION('',(1.,-1.224606353822E-16,-3.215020689727E-32));
#4005 = ADVANCED_FACE('',(#4006),#4022,.T.);
#4006 = FACE_BOUND('',#4007,.T.);
#4007 = EDGE_LOOP('',(#4008,#4009,#4015,#4016));
#4008 = ORIENTED_EDGE('',*,*,#1129,.F.);
#4009 = ORIENTED_EDGE('',*,*,#4010,.F.);
#4010 = EDGE_CURVE('',#2829,#1122,#4011,.T.);
#4011 = LINE('',#4012,#4013);
#4012 = CARTESIAN_POINT('',(-2.342181,-3.730469,12.675));
#4013 = VECTOR('',#4014,1.);
#4014 = DIRECTION('',(0.,0.,1.));
#4015 = ORIENTED_EDGE('',*,*,#2828,.F.);
#4016 = ORIENTED_EDGE('',*,*,#4017,.F.);
#4017 = EDGE_CURVE('',#1108,#2819,#4018,.T.);
#4018 = LINE('',#4019,#4020);
#4019 = CARTESIAN_POINT('',(-2.142181,-3.730469,12.675));
#4020 = VECTOR('',#4021,1.);
#4021 = DIRECTION('',(0.,0.,-1.));
#4022 = PLANE('',#4023);
#4023 = AXIS2_PLACEMENT_3D('',#4024,#4025,#4026);
#4024 = CARTESIAN_POINT('',(-2.167181,-3.730469,12.675));
#4025 = DIRECTION('',(0.,-1.,0.));
#4026 = DIRECTION('',(1.,0.,0.));
#4027 = ADVANCED_FACE('',(#4028),#4040,.T.);
#4028 = FACE_BOUND('',#4029,.T.);
#4029 = EDGE_LOOP('',(#4030,#4031,#4032,#4033,#4039));
#4030 = ORIENTED_EDGE('',*,*,#1018,.T.);
#4031 = ORIENTED_EDGE('',*,*,#2965,.F.);
#4032 = ORIENTED_EDGE('',*,*,#1273,.F.);
#4033 = ORIENTED_EDGE('',*,*,#4034,.F.);
#4034 = EDGE_CURVE('',#2984,#1266,#4035,.T.);
#4035 = LINE('',#4036,#4037);
#4036 = CARTESIAN_POINT('',(-1.967181,-1.780469,12.675));
#4037 = VECTOR('',#4038,1.);
#4038 = DIRECTION('',(0.,0.,1.));
#4039 = ORIENTED_EDGE('',*,*,#2983,.T.);
#4040 = CYLINDRICAL_SURFACE('',#4041,0.45);
#4041 = AXIS2_PLACEMENT_3D('',#4042,#4043,#4044);
#4042 = CARTESIAN_POINT('',(-1.967181,-2.230469,12.675));
#4043 = DIRECTION('',(0.,0.,1.));
#4044 = DIRECTION('',(1.,0.,-0.));
#4045 = ADVANCED_FACE('',(#4046),#4057,.T.);
#4046 = FACE_BOUND('',#4047,.T.);
#4047 = EDGE_LOOP('',(#4048,#4054,#4055,#4056));
#4048 = ORIENTED_EDGE('',*,*,#4049,.T.);
#4049 = EDGE_CURVE('',#2767,#1938,#4050,.T.);
#4050 = LINE('',#4051,#4052);
#4051 = CARTESIAN_POINT('',(-1.416682628207,-0.44765,14.15));
#4052 = VECTOR('',#4053,1.);
#4053 = DIRECTION('',(1.224606353822E-16,1.,6.123031769112E-17));
#4054 = ORIENTED_EDGE('',*,*,#1937,.T.);
#4055 = ORIENTED_EDGE('',*,*,#1751,.T.);
#4056 = ORIENTED_EDGE('',*,*,#2775,.T.);
#4057 = PLANE('',#4058);
#4058 = AXIS2_PLACEMENT_3D('',#4059,#4060,#4061);
#4059 = CARTESIAN_POINT('',(-1.416682628207,-0.830469,15.6000024));
#4060 = DIRECTION('',(-1.,1.224606353822E-16,1.124745541367E-32));
#4061 = DIRECTION('',(-1.224606353822E-16,-1.,-6.123031769112E-17));
#4062 = ADVANCED_FACE('',(#4063),#4074,.T.);
#4063 = FACE_BOUND('',#4064,.T.);
#4064 = EDGE_LOOP('',(#4065,#4072,#4073));
#4065 = ORIENTED_EDGE('',*,*,#4066,.F.);
#4066 = EDGE_CURVE('',#3249,#2538,#4067,.T.);
#4067 = CIRCLE('',#4068,0.4);
#4068 = AXIS2_PLACEMENT_3D('',#4069,#4070,#4071);
#4069 = CARTESIAN_POINT('',(0.282819,1.369531,14.35));
#4070 = DIRECTION('',(1.,-1.224606353822E-16,-2.598723107523E-32));
#4071 = DIRECTION('',(-1.224606353822E-16,-1.,-1.224606353822E-16));
#4072 = ORIENTED_EDGE('',*,*,#3248,.F.);
#4073 = ORIENTED_EDGE('',*,*,#2545,.F.);
#4074 = PLANE('',#4075);
#4075 = AXIS2_PLACEMENT_3D('',#4076,#4077,#4078);
#4076 = CARTESIAN_POINT('',(0.282819,-0.900529677232,6.650206640055));
#4077 = DIRECTION('',(1.,0.,0.));
#4078 = DIRECTION('',(-0.,1.,0.));
#4079 = ADVANCED_FACE('',(#4080),#4092,.T.);
#4080 = FACE_BOUND('',#4081,.T.);
#4081 = EDGE_LOOP('',(#4082,#4083,#4084,#4091));
#4082 = ORIENTED_EDGE('',*,*,#1791,.T.);
#4083 = ORIENTED_EDGE('',*,*,#3853,.F.);
#4084 = ORIENTED_EDGE('',*,*,#4085,.F.);
#4085 = EDGE_CURVE('',#3869,#3846,#4086,.T.);
#4086 = CIRCLE('',#4087,0.2);
#4087 = AXIS2_PLACEMENT_3D('',#4088,#4089,#4090);
#4088 = CARTESIAN_POINT('',(-1.217181,1.055570219456,14.15));
#4089 = DIRECTION('',(3.749151804555E-33,-6.123031769112E-17,1.));
#4090 = DIRECTION('',(-1.224606353822E-16,-1.,-6.123031769112E-17));
#4091 = ORIENTED_EDGE('',*,*,#3868,.F.);
#4092 = CYLINDRICAL_SURFACE('',#4093,0.2);
#4093 = AXIS2_PLACEMENT_3D('',#4094,#4095,#4096);
#4094 = CARTESIAN_POINT('',(-1.217181,1.055570219456,13.95));
#4095 = DIRECTION('',(-3.749151804555E-33,6.123031769112E-17,-1.));
#4096 = DIRECTION('',(-1.224606353822E-16,-1.,-6.123031769112E-17));
#4097 = ADVANCED_FACE('',(#4098),#4117,.T.);
#4098 = FACE_BOUND('',#4099,.T.);
#4099 = EDGE_LOOP('',(#4100,#4108,#4109,#4110,#4111));
#4100 = ORIENTED_EDGE('',*,*,#4101,.T.);
#4101 = EDGE_CURVE('',#4102,#2993,#4104,.T.);
#4102 = VERTEX_POINT('',#4103);
#4103 = CARTESIAN_POINT('',(-0.302181,-1.780469,12.675));
#4104 = LINE('',#4105,#4106);
#4105 = CARTESIAN_POINT('',(-0.302181,-1.780469,12.675));
#4106 = VECTOR('',#4107,1.);
#4107 = DIRECTION('',(0.,0.,-1.));
#4108 = ORIENTED_EDGE('',*,*,#2992,.T.);
#4109 = ORIENTED_EDGE('',*,*,#4034,.T.);
#4110 = ORIENTED_EDGE('',*,*,#1265,.T.);
#4111 = ORIENTED_EDGE('',*,*,#4112,.F.);
#4112 = EDGE_CURVE('',#4102,#1258,#4113,.T.);
#4113 = LINE('',#4114,#4115);
#4114 = CARTESIAN_POINT('',(-6.453477941594E-03,-1.780469,12.675));
#4115 = VECTOR('',#4116,1.);
#4116 = DIRECTION('',(-1.,0.,0.));
#4117 = PLANE('',#4118);
#4118 = AXIS2_PLACEMENT_3D('',#4119,#4120,#4121);
#4119 = CARTESIAN_POINT('',(-1.089681,-1.780469,12.675));
#4120 = DIRECTION('',(0.,1.,0.));
#4121 = DIRECTION('',(-1.,0.,0.));
#4122 = ADVANCED_FACE('',(#4123),#4134,.T.);
#4123 = FACE_BOUND('',#4124,.T.);
#4124 = EDGE_LOOP('',(#4125,#4126,#4132,#4133));
#4125 = ORIENTED_EDGE('',*,*,#2423,.T.);
#4126 = ORIENTED_EDGE('',*,*,#4127,.T.);
#4127 = EDGE_CURVE('',#2416,#2759,#4128,.T.);
#4128 = LINE('',#4129,#4130);
#4129 = CARTESIAN_POINT('',(-0.386712,-1.2865628,14.15));
#4130 = VECTOR('',#4131,1.);
#4131 = DIRECTION('',(-0.980580675691,0.196116135138,1.200825325887E-17)
  );
#4132 = ORIENTED_EDGE('',*,*,#2758,.F.);
#4133 = ORIENTED_EDGE('',*,*,#1734,.T.);
#4134 = PLANE('',#4135);
#4135 = AXIS2_PLACEMENT_3D('',#4136,#4137,#4138);
#4136 = CARTESIAN_POINT('',(-0.917181,-1.180469,13.95));
#4137 = DIRECTION('',(-0.196116135138,-0.980580675691,
    -6.004126629433E-17));
#4138 = DIRECTION('',(0.980580675691,-0.196116135138,-1.200825325887E-17
    ));
#4139 = ADVANCED_FACE('',(#4140),#4152,.T.);
#4140 = FACE_BOUND('',#4141,.T.);
#4141 = EDGE_LOOP('',(#4142,#4143,#4144,#4145));
#4142 = ORIENTED_EDGE('',*,*,#3256,.F.);
#4143 = ORIENTED_EDGE('',*,*,#4066,.T.);
#4144 = ORIENTED_EDGE('',*,*,#2537,.T.);
#4145 = ORIENTED_EDGE('',*,*,#4146,.F.);
#4146 = EDGE_CURVE('',#3201,#2530,#4147,.T.);
#4147 = CIRCLE('',#4148,0.4);
#4148 = AXIS2_PLACEMENT_3D('',#4149,#4150,#4151);
#4149 = CARTESIAN_POINT('',(1.082819,1.369531,14.35));
#4150 = DIRECTION('',(1.,-1.224606353822E-16,-2.598723107523E-32));
#4151 = DIRECTION('',(-1.224606353822E-16,-1.,-1.224606353822E-16));
#4152 = CYLINDRICAL_SURFACE('',#4153,0.4);
#4153 = AXIS2_PLACEMENT_3D('',#4154,#4155,#4156);
#4154 = CARTESIAN_POINT('',(-0.386712,1.369531,14.35));
#4155 = DIRECTION('',(1.,-1.224606353822E-16,-2.598723107523E-32));
#4156 = DIRECTION('',(-1.224606353822E-16,-1.,-1.224606353822E-16));
#4157 = ADVANCED_FACE('',(#4158),#4177,.T.);
#4158 = FACE_BOUND('',#4159,.T.);
#4159 = EDGE_LOOP('',(#4160,#4161,#4162,#4170,#4176));
#4160 = ORIENTED_EDGE('',*,*,#3377,.T.);
#4161 = ORIENTED_EDGE('',*,*,#3033,.T.);
#4162 = ORIENTED_EDGE('',*,*,#4163,.F.);
#4163 = EDGE_CURVE('',#4164,#3025,#4166,.T.);
#4164 = VERTEX_POINT('',#4165);
#4165 = CARTESIAN_POINT('',(-0.302181,-2.130469,12.675));
#4166 = LINE('',#4167,#4168);
#4167 = CARTESIAN_POINT('',(-0.302181,-2.130469,12.675));
#4168 = VECTOR('',#4169,1.);
#4169 = DIRECTION('',(0.,0.,-1.));
#4170 = ORIENTED_EDGE('',*,*,#4171,.F.);
#4171 = EDGE_CURVE('',#1348,#4164,#4172,.T.);
#4172 = LINE('',#4173,#4174);
#4173 = CARTESIAN_POINT('',(-6.453477941594E-03,-2.130469,12.675));
#4174 = VECTOR('',#4175,1.);
#4175 = DIRECTION('',(1.,0.,0.));
#4176 = ORIENTED_EDGE('',*,*,#1347,.T.);
#4177 = PLANE('',#4178);
#4178 = AXIS2_PLACEMENT_3D('',#4179,#4180,#4181);
#4179 = CARTESIAN_POINT('',(-1.892181,-2.130469,12.675));
#4180 = DIRECTION('',(0.,-1.,0.));
#4181 = DIRECTION('',(1.,0.,0.));
#4182 = ADVANCED_FACE('',(#4183),#4189,.F.);
#4183 = FACE_BOUND('',#4184,.T.);
#4184 = EDGE_LOOP('',(#4185,#4186,#4187,#4188));
#4185 = ORIENTED_EDGE('',*,*,#2836,.T.);
#4186 = ORIENTED_EDGE('',*,*,#4010,.T.);
#4187 = ORIENTED_EDGE('',*,*,#1121,.T.);
#4188 = ORIENTED_EDGE('',*,*,#1036,.T.);
#4189 = PLANE('',#4190);
#4190 = AXIS2_PLACEMENT_3D('',#4191,#4192,#4193);
#4191 = CARTESIAN_POINT('',(-2.417181,-3.430469,12.2899976));
#4192 = DIRECTION('',(0.970142500145,0.242535625036,0.));
#4193 = DIRECTION('',(0.242535625036,-0.970142500145,0.));
#4194 = ADVANCED_FACE('',(#4195),#4242,.F.);
#4195 = FACE_BOUND('',#4196,.T.);
#4196 = EDGE_LOOP('',(#4197,#4198,#4199,#4200,#4201,#4209,#4218,#4226,
    #4233,#4234,#4240,#4241));
#4197 = ORIENTED_EDGE('',*,*,#3200,.F.);
#4198 = ORIENTED_EDGE('',*,*,#4146,.T.);
#4199 = ORIENTED_EDGE('',*,*,#2529,.T.);
#4200 = ORIENTED_EDGE('',*,*,#1209,.T.);
#4201 = ORIENTED_EDGE('',*,*,#4202,.T.);
#4202 = EDGE_CURVE('',#1202,#4203,#4205,.T.);
#4203 = VERTEX_POINT('',#4204);
#4204 = CARTESIAN_POINT('',(1.082819,1.569531,14.35));
#4205 = LINE('',#4206,#4207);
#4206 = CARTESIAN_POINT('',(1.082819,1.569531,-0.625));
#4207 = VECTOR('',#4208,1.);
#4208 = DIRECTION('',(-9.912127626594E-33,6.123031769112E-17,-1.));
#4209 = ORIENTED_EDGE('',*,*,#4210,.T.);
#4210 = EDGE_CURVE('',#4203,#4211,#4213,.T.);
#4211 = VERTEX_POINT('',#4212);
#4212 = CARTESIAN_POINT('',(1.082819,1.369531,14.15));
#4213 = CIRCLE('',#4214,0.2);
#4214 = AXIS2_PLACEMENT_3D('',#4215,#4216,#4217);
#4215 = CARTESIAN_POINT('',(1.082819,1.369531,14.35));
#4216 = DIRECTION('',(-1.,1.224606353822E-16,2.598723107523E-32));
#4217 = DIRECTION('',(1.224606353822E-16,1.,1.224606353822E-16));
#4218 = ORIENTED_EDGE('',*,*,#4219,.T.);
#4219 = EDGE_CURVE('',#4211,#4220,#4222,.T.);
#4220 = VERTEX_POINT('',#4221);
#4221 = CARTESIAN_POINT('',(1.082819,-1.230469,14.15));
#4222 = LINE('',#4223,#4224);
#4223 = CARTESIAN_POINT('',(1.082819,-0.44765,14.15));
#4224 = VECTOR('',#4225,1.);
#4225 = DIRECTION('',(-1.224606353822E-16,-1.,-6.123031769112E-17));
#4226 = ORIENTED_EDGE('',*,*,#4227,.F.);
#4227 = EDGE_CURVE('',#3529,#4220,#4228,.T.);
#4228 = CIRCLE('',#4229,0.2);
#4229 = AXIS2_PLACEMENT_3D('',#4230,#4231,#4232);
#4230 = CARTESIAN_POINT('',(1.082819,-1.230469,14.35));
#4231 = DIRECTION('',(1.,-1.224606353822E-16,-2.598723107523E-32));
#4232 = DIRECTION('',(-1.224606353822E-16,-1.,-1.224606353822E-16));
#4233 = ORIENTED_EDGE('',*,*,#3545,.T.);
#4234 = ORIENTED_EDGE('',*,*,#4235,.T.);
#4235 = EDGE_CURVE('',#3538,#2688,#4236,.T.);
#4236 = LINE('',#4237,#4238);
#4237 = CARTESIAN_POINT('',(1.082819,-0.44765,14.45));
#4238 = VECTOR('',#4239,1.);
#4239 = DIRECTION('',(-1.224606353822E-16,-1.,-6.123031769112E-17));
#4240 = ORIENTED_EDGE('',*,*,#2687,.T.);
#4241 = ORIENTED_EDGE('',*,*,#3511,.F.);
#4242 = PLANE('',#4243);
#4243 = AXIS2_PLACEMENT_3D('',#4244,#4245,#4246);
#4244 = CARTESIAN_POINT('',(1.082819,1.29518400696,14.065489654985));
#4245 = DIRECTION('',(-1.,1.224606353822E-16,1.124745541367E-32));
#4246 = DIRECTION('',(1.224606353822E-16,1.,6.123031769112E-17));
#4247 = ADVANCED_FACE('',(#4248),#4273,.T.);
#4248 = FACE_BOUND('',#4249,.T.);
#4249 = EDGE_LOOP('',(#4250,#4258,#4259,#4267));
#4250 = ORIENTED_EDGE('',*,*,#4251,.T.);
#4251 = EDGE_CURVE('',#4252,#3105,#4254,.T.);
#4252 = VERTEX_POINT('',#4253);
#4253 = CARTESIAN_POINT('',(-0.750514333333,1.269531,13.95));
#4254 = LINE('',#4255,#4256);
#4255 = CARTESIAN_POINT('',(0.,1.4946853,13.95));
#4256 = VECTOR('',#4257,1.);
#4257 = DIRECTION('',(-0.957826285221,-0.287347885566,0.));
#4258 = ORIENTED_EDGE('',*,*,#3104,.T.);
#4259 = ORIENTED_EDGE('',*,*,#4260,.T.);
#4260 = EDGE_CURVE('',#3097,#4261,#4263,.T.);
#4261 = VERTEX_POINT('',#4262);
#4262 = CARTESIAN_POINT('',(-0.750514333333,1.269531,14.15));
#4263 = LINE('',#4264,#4265);
#4264 = CARTESIAN_POINT('',(-0.386712,1.3786717,14.15));
#4265 = VECTOR('',#4266,1.);
#4266 = DIRECTION('',(0.957826285221,0.287347885566,1.75944023211E-17));
#4267 = ORIENTED_EDGE('',*,*,#4268,.T.);
#4268 = EDGE_CURVE('',#4261,#4252,#4269,.T.);
#4269 = LINE('',#4270,#4271);
#4270 = CARTESIAN_POINT('',(-0.750514333333,1.269531,8.125));
#4271 = VECTOR('',#4272,1.);
#4272 = DIRECTION('',(-2.041010589704E-16,0.,-1.));
#4273 = PLANE('',#4274);
#4274 = AXIS2_PLACEMENT_3D('',#4275,#4276,#4277);
#4275 = CARTESIAN_POINT('',(-0.917181,1.219531,13.95));
#4276 = DIRECTION('',(-0.287347885566,0.957826285221,5.8648007737E-17));
#4277 = DIRECTION('',(-0.957826285221,-0.287347885566,-1.75944023211E-17
    ));
#4278 = ADVANCED_FACE('',(#4279),#4290,.T.);
#4279 = FACE_BOUND('',#4280,.T.);
#4280 = EDGE_LOOP('',(#4281,#4282,#4283,#4284));
#4281 = ORIENTED_EDGE('',*,*,#1296,.F.);
#4282 = ORIENTED_EDGE('',*,*,#2864,.T.);
#4283 = ORIENTED_EDGE('',*,*,#1456,.F.);
#4284 = ORIENTED_EDGE('',*,*,#4285,.T.);
#4285 = EDGE_CURVE('',#1457,#1299,#4286,.T.);
#4286 = LINE('',#4287,#4288);
#4287 = CARTESIAN_POINT('',(-0.202181,1.869531,12.675));
#4288 = VECTOR('',#4289,1.);
#4289 = DIRECTION('',(0.,0.,1.));
#4290 = PLANE('',#4291);
#4291 = AXIS2_PLACEMENT_3D('',#4292,#4293,#4294);
#4292 = CARTESIAN_POINT('',(-0.127181,2.169531,12.675));
#4293 = DIRECTION('',(-0.970142500145,0.242535625036,0.));
#4294 = DIRECTION('',(-0.242535625036,-0.970142500145,0.));
#4295 = ADVANCED_FACE('',(#4296),#4302,.F.);
#4296 = FACE_BOUND('',#4297,.T.);
#4297 = EDGE_LOOP('',(#4298,#4299,#4300,#4301));
#4298 = ORIENTED_EDGE('',*,*,#3537,.T.);
#4299 = ORIENTED_EDGE('',*,*,#2308,.F.);
#4300 = ORIENTED_EDGE('',*,*,#2695,.F.);
#4301 = ORIENTED_EDGE('',*,*,#4235,.F.);
#4302 = PLANE('',#4303);
#4303 = AXIS2_PLACEMENT_3D('',#4304,#4305,#4306);
#4304 = CARTESIAN_POINT('',(1.082819,-1.630469,14.45));
#4305 = DIRECTION('',(-2.465190328816E-32,6.123031769112E-17,-1.));
#4306 = DIRECTION('',(-1.224606353822E-16,-1.,-6.123031769112E-17));
#4307 = ADVANCED_FACE('',(#4308),#4320,.F.);
#4308 = FACE_BOUND('',#4309,.F.);
#4309 = EDGE_LOOP('',(#4310,#4311,#4312,#4319));
#4310 = ORIENTED_EDGE('',*,*,#3000,.F.);
#4311 = ORIENTED_EDGE('',*,*,#964,.F.);
#4312 = ORIENTED_EDGE('',*,*,#4313,.T.);
#4313 = EDGE_CURVE('',#941,#4102,#4314,.T.);
#4314 = CIRCLE('',#4315,0.1);
#4315 = AXIS2_PLACEMENT_3D('',#4316,#4317,#4318);
#4316 = CARTESIAN_POINT('',(-0.302181,-1.680469,12.675));
#4317 = DIRECTION('',(0.,0.,-1.));
#4318 = DIRECTION('',(-1.,0.,0.));
#4319 = ORIENTED_EDGE('',*,*,#4101,.T.);
#4320 = CYLINDRICAL_SURFACE('',#4321,0.1);
#4321 = AXIS2_PLACEMENT_3D('',#4322,#4323,#4324);
#4322 = CARTESIAN_POINT('',(-0.302181,-1.680469,12.675));
#4323 = DIRECTION('',(0.,0.,-1.));
#4324 = DIRECTION('',(-1.,0.,0.));
#4325 = ADVANCED_FACE('',(#4326),#4396,.F.);
#4326 = FACE_BOUND('',#4327,.T.);
#4327 = EDGE_LOOP('',(#4328,#4334,#4335,#4336,#4337,#4338,#4339,#4340,
    #4341,#4347,#4348,#4354,#4355,#4356,#4357,#4363,#4364,#4370,#4371,
    #4372,#4378,#4379,#4385,#4386,#4387,#4393,#4394,#4395));
#4328 = ORIENTED_EDGE('',*,*,#4329,.F.);
#4329 = EDGE_CURVE('',#3695,#3838,#4330,.T.);
#4330 = LINE('',#4331,#4332);
#4331 = CARTESIAN_POINT('',(-0.386712,0.969531,14.15));
#4332 = VECTOR('',#4333,1.);
#4333 = DIRECTION('',(1.,-1.224606353822E-16,-3.215020689727E-32));
#4334 = ORIENTED_EDGE('',*,*,#3694,.T.);
#4335 = ORIENTED_EDGE('',*,*,#1945,.F.);
#4336 = ORIENTED_EDGE('',*,*,#4049,.F.);
#4337 = ORIENTED_EDGE('',*,*,#2766,.F.);
#4338 = ORIENTED_EDGE('',*,*,#4127,.F.);
#4339 = ORIENTED_EDGE('',*,*,#2415,.F.);
#4340 = ORIENTED_EDGE('',*,*,#3907,.F.);
#4341 = ORIENTED_EDGE('',*,*,#4342,.F.);
#4342 = EDGE_CURVE('',#2384,#3900,#4343,.T.);
#4343 = LINE('',#4344,#4345);
#4344 = CARTESIAN_POINT('',(-0.386712,-1.2396097,14.15));
#4345 = VECTOR('',#4346,1.);
#4346 = DIRECTION('',(-0.957826285221,0.287347885566,1.75944023211E-17)
  );
#4347 = ORIENTED_EDGE('',*,*,#2383,.F.);
#4348 = ORIENTED_EDGE('',*,*,#4349,.F.);
#4349 = EDGE_CURVE('',#3673,#2376,#4350,.T.);
#4350 = LINE('',#4351,#4352);
#4351 = CARTESIAN_POINT('',(-0.417181,-0.44765,14.15));
#4352 = VECTOR('',#4353,1.);
#4353 = DIRECTION('',(-1.224606353822E-16,-1.,-6.123031769112E-17));
#4354 = ORIENTED_EDGE('',*,*,#3672,.F.);
#4355 = ORIENTED_EDGE('',*,*,#3923,.T.);
#4356 = ORIENTED_EDGE('',*,*,#2333,.F.);
#4357 = ORIENTED_EDGE('',*,*,#4358,.T.);
#4358 = EDGE_CURVE('',#2325,#4220,#4359,.T.);
#4359 = LINE('',#4360,#4361);
#4360 = CARTESIAN_POINT('',(-0.386712,-1.230469,14.15));
#4361 = VECTOR('',#4362,1.);
#4362 = DIRECTION('',(1.,-1.224606353822E-16,-2.598723107523E-32));
#4363 = ORIENTED_EDGE('',*,*,#4219,.F.);
#4364 = ORIENTED_EDGE('',*,*,#4365,.T.);
#4365 = EDGE_CURVE('',#4211,#1594,#4366,.T.);
#4366 = LINE('',#4367,#4368);
#4367 = CARTESIAN_POINT('',(-0.386712,1.369531,14.15));
#4368 = VECTOR('',#4369,1.);
#4369 = DIRECTION('',(-1.,1.224606353822E-16,2.598723107523E-32));
#4370 = ORIENTED_EDGE('',*,*,#1593,.F.);
#4371 = ORIENTED_EDGE('',*,*,#3150,.T.);
#4372 = ORIENTED_EDGE('',*,*,#4373,.F.);
#4373 = EDGE_CURVE('',#909,#3143,#4374,.T.);
#4374 = LINE('',#4375,#4376);
#4375 = CARTESIAN_POINT('',(-0.386712,1.219531,14.15));
#4376 = VECTOR('',#4377,1.);
#4377 = DIRECTION('',(1.,-1.224606353822E-16,-3.215020689727E-32));
#4378 = ORIENTED_EDGE('',*,*,#908,.F.);
#4379 = ORIENTED_EDGE('',*,*,#4380,.F.);
#4380 = EDGE_CURVE('',#4261,#901,#4381,.T.);
#4381 = LINE('',#4382,#4383);
#4382 = CARTESIAN_POINT('',(0.,1.269531,14.15));
#4383 = VECTOR('',#4384,1.);
#4384 = DIRECTION('',(1.,0.,-2.465190328816E-32));
#4385 = ORIENTED_EDGE('',*,*,#4260,.F.);
#4386 = ORIENTED_EDGE('',*,*,#3096,.F.);
#4387 = ORIENTED_EDGE('',*,*,#4388,.F.);
#4388 = EDGE_CURVE('',#3877,#3089,#4389,.T.);
#4389 = LINE('',#4390,#4391);
#4390 = CARTESIAN_POINT('',(0.,1.269531,14.15));
#4391 = VECTOR('',#4392,1.);
#4392 = DIRECTION('',(1.,0.,-2.465190328816E-32));
#4393 = ORIENTED_EDGE('',*,*,#3876,.F.);
#4394 = ORIENTED_EDGE('',*,*,#4085,.T.);
#4395 = ORIENTED_EDGE('',*,*,#3845,.F.);
#4396 = PLANE('',#4397);
#4397 = AXIS2_PLACEMENT_3D('',#4398,#4399,#4400);
#4398 = CARTESIAN_POINT('',(1.082819,1.769531,14.15));
#4399 = DIRECTION('',(-2.465190328816E-32,6.123031769112E-17,-1.));
#4400 = DIRECTION('',(1.,-1.224606353822E-16,-3.215020689727E-32));
#4401 = ADVANCED_FACE('',(#4402),#4422,.F.);
#4402 = FACE_BOUND('',#4403,.T.);
#4403 = EDGE_LOOP('',(#4404,#4410,#4411,#4412,#4418,#4419,#4420,#4421));
#4404 = ORIENTED_EDGE('',*,*,#4405,.F.);
#4405 = EDGE_CURVE('',#3624,#3704,#4406,.T.);
#4406 = LINE('',#4407,#4408);
#4407 = CARTESIAN_POINT('',(-2.217181,0.969531,20.386624106157));
#4408 = VECTOR('',#4409,1.);
#4409 = DIRECTION('',(-3.749151804555E-33,6.123031769112E-17,-1.));
#4410 = ORIENTED_EDGE('',*,*,#3621,.F.);
#4411 = ORIENTED_EDGE('',*,*,#3995,.F.);
#4412 = ORIENTED_EDGE('',*,*,#4413,.F.);
#4413 = EDGE_CURVE('',#3775,#3988,#4414,.T.);
#4414 = LINE('',#4415,#4416);
#4415 = CARTESIAN_POINT('',(-2.217181,-0.44765,14.65));
#4416 = VECTOR('',#4417,1.);
#4417 = DIRECTION('',(1.224606353822E-16,1.,6.123031769112E-17));
#4418 = ORIENTED_EDGE('',*,*,#3774,.F.);
#4419 = ORIENTED_EDGE('',*,*,#3341,.F.);
#4420 = ORIENTED_EDGE('',*,*,#1962,.F.);
#4421 = ORIENTED_EDGE('',*,*,#3703,.T.);
#4422 = PLANE('',#4423);
#4423 = AXIS2_PLACEMENT_3D('',#4424,#4425,#4426);
#4424 = CARTESIAN_POINT('',(-2.217181,1.769531,14.35));
#4425 = DIRECTION('',(-1.,1.224606353822E-16,1.124745541367E-32));
#4426 = DIRECTION('',(-3.749151804555E-33,6.123031769112E-17,-1.));
#4427 = ADVANCED_FACE('',(#4428),#4449,.F.);
#4428 = FACE_BOUND('',#4429,.T.);
#4429 = EDGE_LOOP('',(#4430,#4431,#4432,#4439,#4440,#4446,#4447,#4448));
#4430 = ORIENTED_EDGE('',*,*,#1994,.T.);
#4431 = ORIENTED_EDGE('',*,*,#4171,.T.);
#4432 = ORIENTED_EDGE('',*,*,#4433,.F.);
#4433 = EDGE_CURVE('',#3591,#4164,#4434,.T.);
#4434 = CIRCLE('',#4435,0.45);
#4435 = AXIS2_PLACEMENT_3D('',#4436,#4437,#4438);
#4436 = CARTESIAN_POINT('',(-0.302181,-1.680469,12.675));
#4437 = DIRECTION('',(0.,0.,-1.));
#4438 = DIRECTION('',(-1.,0.,0.));
#4439 = ORIENTED_EDGE('',*,*,#3607,.F.);
#4440 = ORIENTED_EDGE('',*,*,#4441,.T.);
#4441 = EDGE_CURVE('',#3600,#939,#4442,.T.);
#4442 = LINE('',#4443,#4444);
#4443 = CARTESIAN_POINT('',(0.,-1.530469,12.675));
#4444 = VECTOR('',#4445,1.);
#4445 = DIRECTION('',(-1.,2.097985413868E-15,0.));
#4446 = ORIENTED_EDGE('',*,*,#938,.T.);
#4447 = ORIENTED_EDGE('',*,*,#4313,.T.);
#4448 = ORIENTED_EDGE('',*,*,#4112,.T.);
#4449 = PLANE('',#4450);
#4450 = AXIS2_PLACEMENT_3D('',#4451,#4452,#4453);
#4451 = CARTESIAN_POINT('',(-6.453477941594E-03,-0.398169597608,12.675)
  );
#4452 = DIRECTION('',(0.,0.,-1.));
#4453 = DIRECTION('',(-1.,0.,0.));
#4454 = ADVANCED_FACE('',(#4455),#4482,.F.);
#4455 = FACE_BOUND('',#4456,.T.);
#4456 = EDGE_LOOP('',(#4457,#4465,#4466,#4467,#4468,#4469,#4475,#4476));
#4457 = ORIENTED_EDGE('',*,*,#4458,.F.);
#4458 = EDGE_CURVE('',#1862,#4459,#4461,.T.);
#4459 = VERTEX_POINT('',#4460);
#4460 = CARTESIAN_POINT('',(-2.417181,0.969531,15.05));
#4461 = LINE('',#4462,#4463);
#4462 = CARTESIAN_POINT('',(-2.417181,0.969531,20.386624106157));
#4463 = VECTOR('',#4464,1.);
#4464 = DIRECTION('',(3.749151804555E-33,-6.123031769112E-17,1.));
#4465 = ORIENTED_EDGE('',*,*,#1880,.F.);
#4466 = ORIENTED_EDGE('',*,*,#1929,.F.);
#4467 = ORIENTED_EDGE('',*,*,#3737,.T.);
#4468 = ORIENTED_EDGE('',*,*,#3758,.F.);
#4469 = ORIENTED_EDGE('',*,*,#4470,.F.);
#4470 = EDGE_CURVE('',#3980,#3759,#4471,.T.);
#4471 = LINE('',#4472,#4473);
#4472 = CARTESIAN_POINT('',(-2.417181,-0.44765,14.65));
#4473 = VECTOR('',#4474,1.);
#4474 = DIRECTION('',(-1.224606353822E-16,-1.,-6.123031769112E-17));
#4475 = ORIENTED_EDGE('',*,*,#3979,.F.);
#4476 = ORIENTED_EDGE('',*,*,#4477,.T.);
#4477 = EDGE_CURVE('',#3971,#4459,#4478,.T.);
#4478 = LINE('',#4479,#4480);
#4479 = CARTESIAN_POINT('',(-2.417181,1.769531,15.05));
#4480 = VECTOR('',#4481,1.);
#4481 = DIRECTION('',(1.224606353822E-16,1.,6.123031769112E-17));
#4482 = PLANE('',#4483);
#4483 = AXIS2_PLACEMENT_3D('',#4484,#4485,#4486);
#4484 = CARTESIAN_POINT('',(-2.417181,1.769531,15.05));
#4485 = DIRECTION('',(1.,-1.224606353822E-16,-1.124745541367E-32));
#4486 = DIRECTION('',(3.749151804555E-33,-6.123031769112E-17,1.));
#4487 = ADVANCED_FACE('',(#4488),#4508,.F.);
#4488 = FACE_BOUND('',#4489,.T.);
#4489 = EDGE_LOOP('',(#4490,#4498,#4504,#4505,#4506,#4507));
#4490 = ORIENTED_EDGE('',*,*,#4491,.F.);
#4491 = EDGE_CURVE('',#4492,#3569,#4494,.T.);
#4492 = VERTEX_POINT('',#4493);
#4493 = CARTESIAN_POINT('',(-2.017181,0.969531,15.45));
#4494 = LINE('',#4495,#4496);
#4495 = CARTESIAN_POINT('',(-0.386712,0.969531,15.45));
#4496 = VECTOR('',#4497,1.);
#4497 = DIRECTION('',(1.,-1.224606353822E-16,-3.215020689727E-32));
#4498 = ORIENTED_EDGE('',*,*,#4499,.T.);
#4499 = EDGE_CURVE('',#4492,#3940,#4500,.T.);
#4500 = LINE('',#4501,#4502);
#4501 = CARTESIAN_POINT('',(-2.017181,1.769531,15.45));
#4502 = VECTOR('',#4503,1.);
#4503 = DIRECTION('',(-1.224606353822E-16,-1.,-6.123031769112E-17));
#4504 = ORIENTED_EDGE('',*,*,#3939,.F.);
#4505 = ORIENTED_EDGE('',*,*,#3744,.T.);
#4506 = ORIENTED_EDGE('',*,*,#1912,.F.);
#4507 = ORIENTED_EDGE('',*,*,#3576,.F.);
#4508 = PLANE('',#4509);
#4509 = AXIS2_PLACEMENT_3D('',#4510,#4511,#4512);
#4510 = CARTESIAN_POINT('',(-1.317181,1.769531,15.45));
#4511 = DIRECTION('',(-2.465190328816E-32,6.123031769112E-17,-1.));
#4512 = DIRECTION('',(1.,-1.224606353822E-16,-3.215020689727E-32));
#4513 = ADVANCED_FACE('',(#4514),#4524,.T.);
#4514 = FACE_BOUND('',#4515,.T.);
#4515 = EDGE_LOOP('',(#4516,#4517,#4523));
#4516 = ORIENTED_EDGE('',*,*,#4251,.F.);
#4517 = ORIENTED_EDGE('',*,*,#4518,.T.);
#4518 = EDGE_CURVE('',#4252,#3087,#4519,.T.);
#4519 = LINE('',#4520,#4521);
#4520 = CARTESIAN_POINT('',(0.,1.269531,13.95));
#4521 = VECTOR('',#4522,1.);
#4522 = DIRECTION('',(-1.,0.,0.));
#4523 = ORIENTED_EDGE('',*,*,#3112,.F.);
#4524 = PLANE('',#4525);
#4525 = AXIS2_PLACEMENT_3D('',#4526,#4527,#4528);
#4526 = CARTESIAN_POINT('',(-0.111413244036,-1.926413479559,13.95));
#4527 = DIRECTION('',(0.,0.,1.));
#4528 = DIRECTION('',(1.,0.,-0.));
#4529 = ADVANCED_FACE('',(#4530),#4536,.T.);
#4530 = FACE_BOUND('',#4531,.T.);
#4531 = EDGE_LOOP('',(#4532,#4533,#4534,#4535));
#4532 = ORIENTED_EDGE('',*,*,#3590,.F.);
#4533 = ORIENTED_EDGE('',*,*,#4433,.T.);
#4534 = ORIENTED_EDGE('',*,*,#4163,.T.);
#4535 = ORIENTED_EDGE('',*,*,#3024,.F.);
#4536 = CYLINDRICAL_SURFACE('',#4537,0.45);
#4537 = AXIS2_PLACEMENT_3D('',#4538,#4539,#4540);
#4538 = CARTESIAN_POINT('',(-0.302181,-1.680469,12.675));
#4539 = DIRECTION('',(0.,0.,-1.));
#4540 = DIRECTION('',(-1.,0.,0.));
#4541 = ADVANCED_FACE('',(#4542),#4553,.F.);
#4542 = FACE_BOUND('',#4543,.T.);
#4543 = EDGE_LOOP('',(#4544,#4550,#4551,#4552));
#4544 = ORIENTED_EDGE('',*,*,#4545,.F.);
#4545 = EDGE_CURVE('',#4203,#1602,#4546,.T.);
#4546 = LINE('',#4547,#4548);
#4547 = CARTESIAN_POINT('',(-0.386712,1.569531,14.35));
#4548 = VECTOR('',#4549,1.);
#4549 = DIRECTION('',(-1.,1.224606353822E-16,2.598723107523E-32));
#4550 = ORIENTED_EDGE('',*,*,#4202,.F.);
#4551 = ORIENTED_EDGE('',*,*,#1201,.T.);
#4552 = ORIENTED_EDGE('',*,*,#1610,.F.);
#4553 = PLANE('',#4554);
#4554 = AXIS2_PLACEMENT_3D('',#4555,#4556,#4557);
#4555 = CARTESIAN_POINT('',(1.082819,1.569531,13.95));
#4556 = DIRECTION('',(1.224606353822E-16,1.,6.123031769112E-17));
#4557 = DIRECTION('',(-3.749151804555E-33,6.123031769112E-17,-1.));
#4558 = ADVANCED_FACE('',(#4559),#4565,.F.);
#4559 = FACE_BOUND('',#4560,.F.);
#4560 = EDGE_LOOP('',(#4561,#4562,#4563,#4564));
#4561 = ORIENTED_EDGE('',*,*,#4210,.T.);
#4562 = ORIENTED_EDGE('',*,*,#4365,.T.);
#4563 = ORIENTED_EDGE('',*,*,#1601,.F.);
#4564 = ORIENTED_EDGE('',*,*,#4545,.F.);
#4565 = CYLINDRICAL_SURFACE('',#4566,0.2);
#4566 = AXIS2_PLACEMENT_3D('',#4567,#4568,#4569);
#4567 = CARTESIAN_POINT('',(-0.386712,1.369531,14.35));
#4568 = DIRECTION('',(-1.,1.224606353822E-16,2.598723107523E-32));
#4569 = DIRECTION('',(1.224606353822E-16,1.,1.224606353822E-16));
#4570 = ADVANCED_FACE('',(#4571),#4583,.T.);
#4571 = FACE_BOUND('',#4572,.T.);
#4572 = EDGE_LOOP('',(#4573,#4580,#4581,#4582));
#4573 = ORIENTED_EDGE('',*,*,#4574,.T.);
#4574 = EDGE_CURVE('',#4492,#4459,#4575,.T.);
#4575 = CIRCLE('',#4576,0.4);
#4576 = AXIS2_PLACEMENT_3D('',#4577,#4578,#4579);
#4577 = CARTESIAN_POINT('',(-2.017181,0.969531,15.05));
#4578 = DIRECTION('',(-1.224606353822E-16,-1.,-6.123031769112E-17));
#4579 = DIRECTION('',(-1.,1.224606353822E-16,3.215020689727E-32));
#4580 = ORIENTED_EDGE('',*,*,#4477,.F.);
#4581 = ORIENTED_EDGE('',*,*,#3970,.F.);
#4582 = ORIENTED_EDGE('',*,*,#4499,.F.);
#4583 = CYLINDRICAL_SURFACE('',#4584,0.4);
#4584 = AXIS2_PLACEMENT_3D('',#4585,#4586,#4587);
#4585 = CARTESIAN_POINT('',(-2.017181,1.769531,15.05));
#4586 = DIRECTION('',(1.224606353822E-16,1.,6.123031769112E-17));
#4587 = DIRECTION('',(-1.,1.224606353822E-16,3.215020689727E-32));
#4588 = ADVANCED_FACE('',(#4589),#4595,.F.);
#4589 = FACE_BOUND('',#4590,.F.);
#4590 = EDGE_LOOP('',(#4591,#4592,#4593,#4594));
#4591 = ORIENTED_EDGE('',*,*,#2324,.T.);
#4592 = ORIENTED_EDGE('',*,*,#4358,.T.);
#4593 = ORIENTED_EDGE('',*,*,#4227,.F.);
#4594 = ORIENTED_EDGE('',*,*,#3528,.F.);
#4595 = CYLINDRICAL_SURFACE('',#4596,0.2);
#4596 = AXIS2_PLACEMENT_3D('',#4597,#4598,#4599);
#4597 = CARTESIAN_POINT('',(-0.386712,-1.230469,14.35));
#4598 = DIRECTION('',(1.,-1.224606353822E-16,-2.598723107523E-32));
#4599 = DIRECTION('',(-1.224606353822E-16,-1.,-1.224606353822E-16));
#4600 = ADVANCED_FACE('',(#4601),#4607,.T.);
#4601 = FACE_BOUND('',#4602,.T.);
#4602 = EDGE_LOOP('',(#4603,#4604,#4605,#4606));
#4603 = ORIENTED_EDGE('',*,*,#2391,.T.);
#4604 = ORIENTED_EDGE('',*,*,#4342,.T.);
#4605 = ORIENTED_EDGE('',*,*,#3899,.F.);
#4606 = ORIENTED_EDGE('',*,*,#2887,.T.);
#4607 = PLANE('',#4608);
#4608 = AXIS2_PLACEMENT_3D('',#4609,#4610,#4611);
#4609 = CARTESIAN_POINT('',(-0.417181,-1.230469,13.95));
#4610 = DIRECTION('',(-0.287347885566,-0.957826285221,-5.8648007737E-17)
  );
#4611 = DIRECTION('',(0.957826285221,-0.287347885566,-1.75944023211E-17)
  );
#4612 = ADVANCED_FACE('',(#4613),#4624,.T.);
#4613 = FACE_BOUND('',#4614,.T.);
#4614 = EDGE_LOOP('',(#4615,#4621,#4622,#4623));
#4615 = ORIENTED_EDGE('',*,*,#4616,.T.);
#4616 = EDGE_CURVE('',#3135,#917,#4617,.T.);
#4617 = LINE('',#4618,#4619);
#4618 = CARTESIAN_POINT('',(0.,1.219531,13.95));
#4619 = VECTOR('',#4620,1.);
#4620 = DIRECTION('',(-1.,1.224606353822E-16,0.));
#4621 = ORIENTED_EDGE('',*,*,#916,.T.);
#4622 = ORIENTED_EDGE('',*,*,#4373,.T.);
#4623 = ORIENTED_EDGE('',*,*,#3142,.T.);
#4624 = PLANE('',#4625);
#4625 = AXIS2_PLACEMENT_3D('',#4626,#4627,#4628);
#4626 = CARTESIAN_POINT('',(-0.417181,1.219531,13.95));
#4627 = DIRECTION('',(1.224606353822E-16,1.,6.123031769112E-17));
#4628 = DIRECTION('',(-1.,1.224606353822E-16,3.215020689727E-32));
#4629 = ADVANCED_FACE('',(#4630),#4636,.T.);
#4630 = FACE_BOUND('',#4631,.T.);
#4631 = EDGE_LOOP('',(#4632,#4633,#4634,#4635));
#4632 = ORIENTED_EDGE('',*,*,#3270,.T.);
#4633 = ORIENTED_EDGE('',*,*,#3680,.T.);
#4634 = ORIENTED_EDGE('',*,*,#4349,.T.);
#4635 = ORIENTED_EDGE('',*,*,#2375,.T.);
#4636 = PLANE('',#4637);
#4637 = AXIS2_PLACEMENT_3D('',#4638,#4639,#4640);
#4638 = CARTESIAN_POINT('',(-0.417181,-1.080469,13.95));
#4639 = DIRECTION('',(1.,-1.224606353822E-16,-1.124745541367E-32));
#4640 = DIRECTION('',(1.224606353822E-16,1.,6.123031769112E-17));
#4641 = ADVANCED_FACE('',(#4642),#4648,.T.);
#4642 = FACE_BOUND('',#4643,.T.);
#4643 = EDGE_LOOP('',(#4644,#4645,#4646,#4647));
#4644 = ORIENTED_EDGE('',*,*,#3421,.F.);
#4645 = ORIENTED_EDGE('',*,*,#2040,.F.);
#4646 = ORIENTED_EDGE('',*,*,#4285,.F.);
#4647 = ORIENTED_EDGE('',*,*,#3184,.T.);
#4648 = PLANE('',#4649);
#4649 = AXIS2_PLACEMENT_3D('',#4650,#4651,#4652);
#4650 = CARTESIAN_POINT('',(-0.202181,1.769531,12.675));
#4651 = DIRECTION('',(-1.,3.700743415417E-16,0.));
#4652 = DIRECTION('',(-3.700743415417E-16,-1.,0.));
#4653 = ADVANCED_FACE('',(#4654),#4660,.T.);
#4654 = FACE_BOUND('',#4655,.T.);
#4655 = EDGE_LOOP('',(#4656,#4657,#4658,#4659));
#4656 = ORIENTED_EDGE('',*,*,#4470,.T.);
#4657 = ORIENTED_EDGE('',*,*,#3782,.T.);
#4658 = ORIENTED_EDGE('',*,*,#4413,.T.);
#4659 = ORIENTED_EDGE('',*,*,#3987,.F.);
#4660 = PLANE('',#4661);
#4661 = AXIS2_PLACEMENT_3D('',#4662,#4663,#4664);
#4662 = CARTESIAN_POINT('',(-2.417181,-0.180469,14.65));
#4663 = DIRECTION('',(2.465190328816E-32,-6.123031769112E-17,1.));
#4664 = DIRECTION('',(-1.224606353822E-16,-1.,-6.123031769112E-17));
#4665 = ADVANCED_FACE('',(#4666),#4677,.T.);
#4666 = FACE_BOUND('',#4667,.T.);
#4667 = EDGE_LOOP('',(#4668,#4669,#4675,#4676));
#4668 = ORIENTED_EDGE('',*,*,#3134,.F.);
#4669 = ORIENTED_EDGE('',*,*,#4670,.T.);
#4670 = EDGE_CURVE('',#3127,#899,#4671,.T.);
#4671 = LINE('',#4672,#4673);
#4672 = CARTESIAN_POINT('',(0.,1.269531,13.95));
#4673 = VECTOR('',#4674,1.);
#4674 = DIRECTION('',(-1.,0.,0.));
#4675 = ORIENTED_EDGE('',*,*,#924,.F.);
#4676 = ORIENTED_EDGE('',*,*,#4616,.F.);
#4677 = PLANE('',#4678);
#4678 = AXIS2_PLACEMENT_3D('',#4679,#4680,#4681);
#4679 = CARTESIAN_POINT('',(-0.111413244036,-1.926413479559,13.95));
#4680 = DIRECTION('',(0.,0.,1.));
#4681 = DIRECTION('',(1.,0.,-0.));
#4682 = ADVANCED_FACE('',(#4683),#4696,.F.);
#4683 = FACE_BOUND('',#4684,.T.);
#4684 = EDGE_LOOP('',(#4685,#4686,#4687,#4688,#4689,#4695));
#4685 = ORIENTED_EDGE('',*,*,#1894,.F.);
#4686 = ORIENTED_EDGE('',*,*,#3350,.F.);
#4687 = ORIENTED_EDGE('',*,*,#3953,.T.);
#4688 = ORIENTED_EDGE('',*,*,#3640,.F.);
#4689 = ORIENTED_EDGE('',*,*,#4690,.F.);
#4690 = EDGE_CURVE('',#3561,#3641,#4691,.T.);
#4691 = LINE('',#4692,#4693);
#4692 = CARTESIAN_POINT('',(-0.386712,0.969531,15.25));
#4693 = VECTOR('',#4694,1.);
#4694 = DIRECTION('',(-1.,1.224606353822E-16,3.215020689727E-32));
#4695 = ORIENTED_EDGE('',*,*,#3560,.T.);
#4696 = PLANE('',#4697);
#4697 = AXIS2_PLACEMENT_3D('',#4698,#4699,#4700);
#4698 = CARTESIAN_POINT('',(-2.017181,1.769531,15.25));
#4699 = DIRECTION('',(2.465190328816E-32,-6.123031769112E-17,1.));
#4700 = DIRECTION('',(-1.,1.224606353822E-16,3.215020689727E-32));
#4701 = ADVANCED_FACE('',(#4702),#4716,.T.);
#4702 = FACE_BOUND('',#4703,.T.);
#4703 = EDGE_LOOP('',(#4704,#4705,#4706,#4707,#4708,#4709,#4710,#4711,
    #4712,#4713,#4714,#4715));
#4704 = ORIENTED_EDGE('',*,*,#4574,.F.);
#4705 = ORIENTED_EDGE('',*,*,#4491,.T.);
#4706 = ORIENTED_EDGE('',*,*,#3568,.T.);
#4707 = ORIENTED_EDGE('',*,*,#4690,.T.);
#4708 = ORIENTED_EDGE('',*,*,#3648,.T.);
#4709 = ORIENTED_EDGE('',*,*,#4405,.T.);
#4710 = ORIENTED_EDGE('',*,*,#3711,.T.);
#4711 = ORIENTED_EDGE('',*,*,#4329,.T.);
#4712 = ORIENTED_EDGE('',*,*,#3837,.T.);
#4713 = ORIENTED_EDGE('',*,*,#1775,.T.);
#4714 = ORIENTED_EDGE('',*,*,#1861,.F.);
#4715 = ORIENTED_EDGE('',*,*,#4458,.T.);
#4716 = PLANE('',#4717);
#4717 = AXIS2_PLACEMENT_3D('',#4718,#4719,#4720);
#4718 = CARTESIAN_POINT('',(-1.717181,0.969531,15.6000024));
#4719 = DIRECTION('',(1.224606353822E-16,1.,6.123031769112E-17));
#4720 = DIRECTION('',(-1.,1.224606353822E-16,3.215020689727E-32));
#4721 = ADVANCED_FACE('',(#4722),#4728,.F.);
#4722 = FACE_BOUND('',#4723,.T.);
#4723 = EDGE_LOOP('',(#4724,#4725,#4726,#4727));
#4724 = ORIENTED_EDGE('',*,*,#2818,.T.);
#4725 = ORIENTED_EDGE('',*,*,#3064,.T.);
#4726 = ORIENTED_EDGE('',*,*,#1105,.T.);
#4727 = ORIENTED_EDGE('',*,*,#4017,.T.);
#4728 = PLANE('',#4729);
#4729 = AXIS2_PLACEMENT_3D('',#4730,#4731,#4732);
#4730 = CARTESIAN_POINT('',(-2.142181,-3.730469,12.2899976));
#4731 = DIRECTION('',(-0.970142500145,0.242535625036,0.));
#4732 = DIRECTION('',(0.242535625036,0.970142500145,0.));
#4733 = ADVANCED_FACE('',(#4734),#4770,.T.);
#4734 = FACE_BOUND('',#4735,.T.);
#4735 = EDGE_LOOP('',(#4736,#4737,#4738,#4739,#4740,#4748,#4756,#4764));
#4736 = ORIENTED_EDGE('',*,*,#2735,.F.);
#4737 = ORIENTED_EDGE('',*,*,#2468,.T.);
#4738 = ORIENTED_EDGE('',*,*,#1569,.T.);
#4739 = ORIENTED_EDGE('',*,*,#3240,.T.);
#4740 = ORIENTED_EDGE('',*,*,#4741,.F.);
#4741 = EDGE_CURVE('',#4742,#3233,#4744,.T.);
#4742 = VERTEX_POINT('',#4743);
#4743 = CARTESIAN_POINT('',(1.182819,2.769531,9.8));
#4744 = LINE('',#4745,#4746);
#4745 = CARTESIAN_POINT('',(1.182819,2.769531,-5.625));
#4746 = VECTOR('',#4747,1.);
#4747 = DIRECTION('',(0.,0.,1.));
#4748 = ORIENTED_EDGE('',*,*,#4749,.F.);
#4749 = EDGE_CURVE('',#4750,#4742,#4752,.T.);
#4750 = VERTEX_POINT('',#4751);
#4751 = CARTESIAN_POINT('',(7.818999999999E-03,2.769531,9.8));
#4752 = LINE('',#4753,#4754);
#4753 = CARTESIAN_POINT('',(-5.612031308958E-16,2.769531,9.8));
#4754 = VECTOR('',#4755,1.);
#4755 = DIRECTION('',(1.,2.449212707645E-16,0.));
#4756 = ORIENTED_EDGE('',*,*,#4757,.F.);
#4757 = EDGE_CURVE('',#4758,#4750,#4760,.T.);
#4758 = VERTEX_POINT('',#4759);
#4759 = CARTESIAN_POINT('',(7.818999999999E-03,2.769531,10.3));
#4760 = LINE('',#4761,#4762);
#4761 = CARTESIAN_POINT('',(7.818999999999E-03,2.769531,15.625));
#4762 = VECTOR('',#4763,1.);
#4763 = DIRECTION('',(0.,0.,-1.));
#4764 = ORIENTED_EDGE('',*,*,#4765,.F.);
#4765 = EDGE_CURVE('',#2736,#4758,#4766,.T.);
#4766 = LINE('',#4767,#4768);
#4767 = CARTESIAN_POINT('',(-5.612031308958E-16,2.769531,10.3));
#4768 = VECTOR('',#4769,1.);
#4769 = DIRECTION('',(-1.,-2.449212707645E-16,0.));
#4770 = PLANE('',#4771);
#4771 = AXIS2_PLACEMENT_3D('',#4772,#4773,#4774);
#4772 = CARTESIAN_POINT('',(-2.217181,2.769531,23.125));
#4773 = DIRECTION('',(-1.224606353822E-16,1.,0.));
#4774 = DIRECTION('',(1.,1.224606353822E-16,0.));
#4775 = ADVANCED_FACE('',(#4776),#4812,.T.);
#4776 = FACE_BOUND('',#4777,.T.);
#4777 = EDGE_LOOP('',(#4778,#4786,#4794,#4802,#4808,#4809,#4810,#4811));
#4778 = ORIENTED_EDGE('',*,*,#4779,.F.);
#4779 = EDGE_CURVE('',#4780,#4758,#4782,.T.);
#4780 = VERTEX_POINT('',#4781);
#4781 = CARTESIAN_POINT('',(7.818999999999E-03,1.769531,10.3));
#4782 = LINE('',#4783,#4784);
#4783 = CARTESIAN_POINT('',(7.818999999999E-03,-2.21087085217E-16,10.3)
  );
#4784 = VECTOR('',#4785,1.);
#4785 = DIRECTION('',(-1.224606353822E-16,1.,0.));
#4786 = ORIENTED_EDGE('',*,*,#4787,.F.);
#4787 = EDGE_CURVE('',#4788,#4780,#4790,.T.);
#4788 = VERTEX_POINT('',#4789);
#4789 = CARTESIAN_POINT('',(-0.792181,1.769531,10.3));
#4790 = LINE('',#4791,#4792);
#4791 = CARTESIAN_POINT('',(-4.387424955136E-16,1.769531,10.3));
#4792 = VECTOR('',#4793,1.);
#4793 = DIRECTION('',(1.,1.224606353822E-16,0.));
#4794 = ORIENTED_EDGE('',*,*,#4795,.T.);
#4795 = EDGE_CURVE('',#4788,#4796,#4798,.T.);
#4796 = VERTEX_POINT('',#4797);
#4797 = CARTESIAN_POINT('',(-0.792181,2.769531,10.3));
#4798 = LINE('',#4799,#4800);
#4799 = CARTESIAN_POINT('',(-0.792181,-3.190555935228E-16,10.3));
#4800 = VECTOR('',#4801,1.);
#4801 = DIRECTION('',(1.431043868474E-14,1.,8.881784197001E-15));
#4802 = ORIENTED_EDGE('',*,*,#4803,.T.);
#4803 = EDGE_CURVE('',#4796,#2904,#4804,.T.);
#4804 = LINE('',#4805,#4806);
#4805 = CARTESIAN_POINT('',(-5.612031308958E-16,2.769531,10.3));
#4806 = VECTOR('',#4807,1.);
#4807 = DIRECTION('',(-1.,-1.224606353822E-16,0.));
#4808 = ORIENTED_EDGE('',*,*,#2901,.F.);
#4809 = ORIENTED_EDGE('',*,*,#3411,.T.);
#4810 = ORIENTED_EDGE('',*,*,#2743,.F.);
#4811 = ORIENTED_EDGE('',*,*,#4765,.T.);
#4812 = PLANE('',#4813);
#4813 = AXIS2_PLACEMENT_3D('',#4814,#4815,#4816);
#4814 = CARTESIAN_POINT('',(-1.567181,-0.230469,10.3));
#4815 = DIRECTION('',(0.,0.,1.));
#4816 = DIRECTION('',(-1.,-1.224606353822E-16,0.));
#4817 = ADVANCED_FACE('',(#4818),#4854,.F.);
#4818 = FACE_BOUND('',#4819,.F.);
#4819 = EDGE_LOOP('',(#4820,#4830,#4839,#4847));
#4820 = ORIENTED_EDGE('',*,*,#4821,.T.);
#4821 = EDGE_CURVE('',#4822,#4824,#4826,.T.);
#4822 = VERTEX_POINT('',#4823);
#4823 = CARTESIAN_POINT('',(0.282819,-1.430469,9.4));
#4824 = VERTEX_POINT('',#4825);
#4825 = CARTESIAN_POINT('',(1.082819,-1.430469,9.4));
#4826 = LINE('',#4827,#4828);
#4827 = CARTESIAN_POINT('',(-0.386712,-1.430469,9.4));
#4828 = VECTOR('',#4829,1.);
#4829 = DIRECTION('',(1.,1.232595164408E-32,-1.224606353822E-16));
#4830 = ORIENTED_EDGE('',*,*,#4831,.T.);
#4831 = EDGE_CURVE('',#4824,#4832,#4834,.T.);
#4832 = VERTEX_POINT('',#4833);
#4833 = CARTESIAN_POINT('',(1.082819,-1.230469,9.6));
#4834 = CIRCLE('',#4835,0.2);
#4835 = AXIS2_PLACEMENT_3D('',#4836,#4837,#4838);
#4836 = CARTESIAN_POINT('',(1.082819,-1.230469,9.4));
#4837 = DIRECTION('',(-1.,-1.232595164408E-32,1.224606353822E-16));
#4838 = DIRECTION('',(2.73225588623E-32,-1.,1.224606353822E-16));
#4839 = ORIENTED_EDGE('',*,*,#4840,.F.);
#4840 = EDGE_CURVE('',#4841,#4832,#4843,.T.);
#4841 = VERTEX_POINT('',#4842);
#4842 = CARTESIAN_POINT('',(0.282819,-1.230469,9.6));
#4843 = LINE('',#4844,#4845);
#4844 = CARTESIAN_POINT('',(-0.386712,-1.230469,9.6));
#4845 = VECTOR('',#4846,1.);
#4846 = DIRECTION('',(1.,1.232595164408E-32,-1.224606353822E-16));
#4847 = ORIENTED_EDGE('',*,*,#4848,.F.);
#4848 = EDGE_CURVE('',#4822,#4841,#4849,.T.);
#4849 = CIRCLE('',#4850,0.2);
#4850 = AXIS2_PLACEMENT_3D('',#4851,#4852,#4853);
#4851 = CARTESIAN_POINT('',(0.282819,-1.230469,9.4));
#4852 = DIRECTION('',(-1.,-1.232595164408E-32,1.224606353822E-16));
#4853 = DIRECTION('',(2.73225588623E-32,-1.,1.224606353822E-16));
#4854 = CYLINDRICAL_SURFACE('',#4855,0.2);
#4855 = AXIS2_PLACEMENT_3D('',#4856,#4857,#4858);
#4856 = CARTESIAN_POINT('',(-0.386712,-1.230469,9.4));
#4857 = DIRECTION('',(1.,1.232595164408E-32,-1.224606353822E-16));
#4858 = DIRECTION('',(2.73225588623E-32,-1.,1.224606353822E-16));
#4859 = ADVANCED_FACE('',(#4860),#4878,.T.);
#4860 = FACE_BOUND('',#4861,.T.);
#4861 = EDGE_LOOP('',(#4862,#4863,#4871,#4877));
#4862 = ORIENTED_EDGE('',*,*,#4757,.T.);
#4863 = ORIENTED_EDGE('',*,*,#4864,.F.);
#4864 = EDGE_CURVE('',#4865,#4750,#4867,.T.);
#4865 = VERTEX_POINT('',#4866);
#4866 = CARTESIAN_POINT('',(7.818999999999E-03,1.769531,9.8));
#4867 = LINE('',#4868,#4869);
#4868 = CARTESIAN_POINT('',(7.818999999999E-03,-2.21087085217E-16,9.8));
#4869 = VECTOR('',#4870,1.);
#4870 = DIRECTION('',(-1.224606353822E-16,1.,0.));
#4871 = ORIENTED_EDGE('',*,*,#4872,.T.);
#4872 = EDGE_CURVE('',#4865,#4780,#4873,.T.);
#4873 = LINE('',#4874,#4875);
#4874 = CARTESIAN_POINT('',(7.818999999999E-03,1.769531,9.8));
#4875 = VECTOR('',#4876,1.);
#4876 = DIRECTION('',(0.,0.,1.));
#4877 = ORIENTED_EDGE('',*,*,#4779,.T.);
#4878 = PLANE('',#4879);
#4879 = AXIS2_PLACEMENT_3D('',#4880,#4881,#4882);
#4880 = CARTESIAN_POINT('',(7.818999999999E-03,1.769531,9.8));
#4881 = DIRECTION('',(-1.,-1.224606353822E-16,0.));
#4882 = DIRECTION('',(1.224606353822E-16,-1.,0.));
#4883 = ADVANCED_FACE('',(#4884),#4918,.T.);
#4884 = FACE_BOUND('',#4885,.T.);
#4885 = EDGE_LOOP('',(#4886,#4896,#4904,#4912));
#4886 = ORIENTED_EDGE('',*,*,#4887,.F.);
#4887 = EDGE_CURVE('',#4888,#4890,#4892,.T.);
#4888 = VERTEX_POINT('',#4889);
#4889 = CARTESIAN_POINT('',(7.2819E-02,2.169531,11.15));
#4890 = VERTEX_POINT('',#4891);
#4891 = CARTESIAN_POINT('',(0.147819,1.869531,11.075));
#4892 = LINE('',#4893,#4894);
#4893 = CARTESIAN_POINT('',(0.714744149402,-0.398169597608,
    10.508074850598));
#4894 = VECTOR('',#4895,1.);
#4895 = DIRECTION('',(0.235702260396,-0.942809041582,-0.235702260396));
#4896 = ORIENTED_EDGE('',*,*,#4897,.F.);
#4897 = EDGE_CURVE('',#4898,#4888,#4900,.T.);
#4898 = VERTEX_POINT('',#4899);
#4899 = CARTESIAN_POINT('',(7.2819E-02,2.169531,11.35));
#4900 = LINE('',#4901,#4902);
#4901 = CARTESIAN_POINT('',(7.2819E-02,2.169531,11.425));
#4902 = VECTOR('',#4903,1.);
#4903 = DIRECTION('',(0.,0.,-1.));
#4904 = ORIENTED_EDGE('',*,*,#4905,.F.);
#4905 = EDGE_CURVE('',#4906,#4898,#4908,.T.);
#4906 = VERTEX_POINT('',#4907);
#4907 = CARTESIAN_POINT('',(0.147819,1.869531,11.425));
#4908 = LINE('',#4909,#4910);
#4909 = CARTESIAN_POINT('',(0.714744149402,-0.398169597608,
    11.991925149402));
#4910 = VECTOR('',#4911,1.);
#4911 = DIRECTION('',(-0.235702260396,0.942809041582,-0.235702260396));
#4912 = ORIENTED_EDGE('',*,*,#4913,.T.);
#4913 = EDGE_CURVE('',#4906,#4890,#4914,.T.);
#4914 = LINE('',#4915,#4916);
#4915 = CARTESIAN_POINT('',(0.147819,1.869531,11.425));
#4916 = VECTOR('',#4917,1.);
#4917 = DIRECTION('',(0.,0.,-1.));
#4918 = PLANE('',#4919);
#4919 = AXIS2_PLACEMENT_3D('',#4920,#4921,#4922);
#4920 = CARTESIAN_POINT('',(0.147819,1.869531,11.425));
#4921 = DIRECTION('',(0.970142500145,0.242535625036,0.));
#4922 = DIRECTION('',(-0.242535625036,0.970142500145,0.));
#4923 = ADVANCED_FACE('',(#4924),#4947,.T.);
#4924 = FACE_BOUND('',#4925,.T.);
#4925 = EDGE_LOOP('',(#4926,#4927,#4935,#4941));
#4926 = ORIENTED_EDGE('',*,*,#3440,.F.);
#4927 = ORIENTED_EDGE('',*,*,#4928,.F.);
#4928 = EDGE_CURVE('',#4929,#3433,#4931,.T.);
#4929 = VERTEX_POINT('',#4930);
#4930 = CARTESIAN_POINT('',(-0.202181,1.869531,11.075));
#4931 = LINE('',#4932,#4933);
#4932 = CARTESIAN_POINT('',(-0.202181,-0.398169597608,11.075));
#4933 = VECTOR('',#4934,1.);
#4934 = DIRECTION('',(-3.700743415417E-16,-1.,0.));
#4935 = ORIENTED_EDGE('',*,*,#4936,.F.);
#4936 = EDGE_CURVE('',#4890,#4929,#4937,.T.);
#4937 = LINE('',#4938,#4939);
#4938 = CARTESIAN_POINT('',(-6.453477941594E-03,1.869531,11.075));
#4939 = VECTOR('',#4940,1.);
#4940 = DIRECTION('',(-1.,-2.312964634636E-17,0.));
#4941 = ORIENTED_EDGE('',*,*,#4942,.T.);
#4942 = EDGE_CURVE('',#4890,#3441,#4943,.T.);
#4943 = LINE('',#4944,#4945);
#4944 = CARTESIAN_POINT('',(0.147819,-0.398169597608,11.075));
#4945 = VECTOR('',#4946,1.);
#4946 = DIRECTION('',(2.312964634636E-17,-1.,0.));
#4947 = PLANE('',#4948);
#4948 = AXIS2_PLACEMENT_3D('',#4949,#4950,#4951);
#4949 = CARTESIAN_POINT('',(-6.453477941594E-03,-0.398169597608,11.075)
  );
#4950 = DIRECTION('',(0.,0.,-1.));
#4951 = DIRECTION('',(-1.,0.,0.));
#4952 = ADVANCED_FACE('',(#4953),#4976,.F.);
#4953 = FACE_BOUND('',#4954,.T.);
#4954 = EDGE_LOOP('',(#4955,#4956,#4962,#4970));
#4955 = ORIENTED_EDGE('',*,*,#3456,.T.);
#4956 = ORIENTED_EDGE('',*,*,#4957,.F.);
#4957 = EDGE_CURVE('',#4906,#3449,#4958,.T.);
#4958 = LINE('',#4959,#4960);
#4959 = CARTESIAN_POINT('',(0.147819,-0.398169597608,11.425));
#4960 = VECTOR('',#4961,1.);
#4961 = DIRECTION('',(2.312964634636E-17,-1.,0.));
#4962 = ORIENTED_EDGE('',*,*,#4963,.T.);
#4963 = EDGE_CURVE('',#4906,#4964,#4966,.T.);
#4964 = VERTEX_POINT('',#4965);
#4965 = CARTESIAN_POINT('',(-0.202181,1.869531,11.425));
#4966 = LINE('',#4967,#4968);
#4967 = CARTESIAN_POINT('',(-6.453477941594E-03,1.869531,11.425));
#4968 = VECTOR('',#4969,1.);
#4969 = DIRECTION('',(-1.,-2.312964634636E-17,0.));
#4970 = ORIENTED_EDGE('',*,*,#4971,.T.);
#4971 = EDGE_CURVE('',#4964,#3431,#4972,.T.);
#4972 = LINE('',#4973,#4974);
#4973 = CARTESIAN_POINT('',(-0.202181,-0.398169597608,11.425));
#4974 = VECTOR('',#4975,1.);
#4975 = DIRECTION('',(-3.700743415417E-16,-1.,0.));
#4976 = PLANE('',#4977);
#4977 = AXIS2_PLACEMENT_3D('',#4978,#4979,#4980);
#4978 = CARTESIAN_POINT('',(-6.453477941594E-03,-0.398169597608,11.425)
  );
#4979 = DIRECTION('',(0.,0.,-1.));
#4980 = DIRECTION('',(-1.,0.,0.));
#4981 = ADVANCED_FACE('',(#4982),#5012,.T.);
#4982 = FACE_BOUND('',#4983,.T.);
#4983 = EDGE_LOOP('',(#4984,#4992,#5000,#5006));
#4984 = ORIENTED_EDGE('',*,*,#4985,.F.);
#4985 = EDGE_CURVE('',#4986,#4964,#4988,.T.);
#4986 = VERTEX_POINT('',#4987);
#4987 = CARTESIAN_POINT('',(-0.127181,2.169531,11.35));
#4988 = LINE('',#4989,#4990);
#4989 = CARTESIAN_POINT('',(-0.769106149402,-0.398169597608,
    11.991925149402));
#4990 = VECTOR('',#4991,1.);
#4991 = DIRECTION('',(-0.235702260396,-0.942809041582,0.235702260396));
#4992 = ORIENTED_EDGE('',*,*,#4993,.T.);
#4993 = EDGE_CURVE('',#4986,#4994,#4996,.T.);
#4994 = VERTEX_POINT('',#4995);
#4995 = CARTESIAN_POINT('',(-0.127181,2.169531,11.15));
#4996 = LINE('',#4997,#4998);
#4997 = CARTESIAN_POINT('',(-0.127181,2.169531,11.425));
#4998 = VECTOR('',#4999,1.);
#4999 = DIRECTION('',(0.,0.,-1.));
#5000 = ORIENTED_EDGE('',*,*,#5001,.F.);
#5001 = EDGE_CURVE('',#4929,#4994,#5002,.T.);
#5002 = LINE('',#5003,#5004);
#5003 = CARTESIAN_POINT('',(-0.769106149402,-0.398169597608,
    10.508074850598));
#5004 = VECTOR('',#5005,1.);
#5005 = DIRECTION('',(0.235702260396,0.942809041582,0.235702260396));
#5006 = ORIENTED_EDGE('',*,*,#5007,.T.);
#5007 = EDGE_CURVE('',#4929,#4964,#5008,.T.);
#5008 = LINE('',#5009,#5010);
#5009 = CARTESIAN_POINT('',(-0.202181,1.869531,11.425));
#5010 = VECTOR('',#5011,1.);
#5011 = DIRECTION('',(0.,0.,1.));
#5012 = PLANE('',#5013);
#5013 = AXIS2_PLACEMENT_3D('',#5014,#5015,#5016);
#5014 = CARTESIAN_POINT('',(-0.127181,2.169531,11.425));
#5015 = DIRECTION('',(-0.970142500145,0.242535625036,0.));
#5016 = DIRECTION('',(-0.242535625036,-0.970142500145,0.));
#5017 = ADVANCED_FACE('',(#5018),#5024,.T.);
#5018 = FACE_BOUND('',#5019,.T.);
#5019 = EDGE_LOOP('',(#5020,#5021,#5022,#5023));
#5020 = ORIENTED_EDGE('',*,*,#3430,.F.);
#5021 = ORIENTED_EDGE('',*,*,#4971,.F.);
#5022 = ORIENTED_EDGE('',*,*,#5007,.F.);
#5023 = ORIENTED_EDGE('',*,*,#4928,.T.);
#5024 = PLANE('',#5025);
#5025 = AXIS2_PLACEMENT_3D('',#5026,#5027,#5028);
#5026 = CARTESIAN_POINT('',(-0.202181,1.769531,11.425));
#5027 = DIRECTION('',(-1.,3.700743415417E-16,0.));
#5028 = DIRECTION('',(-3.700743415417E-16,-1.,0.));
#5029 = ADVANCED_FACE('',(#5030),#5036,.T.);
#5030 = FACE_BOUND('',#5031,.T.);
#5031 = EDGE_LOOP('',(#5032,#5033,#5034,#5035));
#5032 = ORIENTED_EDGE('',*,*,#3448,.F.);
#5033 = ORIENTED_EDGE('',*,*,#4942,.F.);
#5034 = ORIENTED_EDGE('',*,*,#4913,.F.);
#5035 = ORIENTED_EDGE('',*,*,#4957,.T.);
#5036 = PLANE('',#5037);
#5037 = AXIS2_PLACEMENT_3D('',#5038,#5039,#5040);
#5038 = CARTESIAN_POINT('',(0.147819,-2.130469,11.425));
#5039 = DIRECTION('',(1.,2.312964634636E-17,0.));
#5040 = DIRECTION('',(-2.312964634636E-17,1.,0.));
#5041 = ADVANCED_FACE('',(#5042),#5058,.T.);
#5042 = FACE_BOUND('',#5043,.T.);
#5043 = EDGE_LOOP('',(#5044,#5050,#5051,#5057));
#5044 = ORIENTED_EDGE('',*,*,#5045,.F.);
#5045 = EDGE_CURVE('',#4898,#4986,#5046,.T.);
#5046 = LINE('',#5047,#5048);
#5047 = CARTESIAN_POINT('',(-6.453477941594E-03,2.169531,11.35));
#5048 = VECTOR('',#5049,1.);
#5049 = DIRECTION('',(-1.,0.,-5.782411586589E-18));
#5050 = ORIENTED_EDGE('',*,*,#4897,.T.);
#5051 = ORIENTED_EDGE('',*,*,#5052,.F.);
#5052 = EDGE_CURVE('',#4994,#4888,#5053,.T.);
#5053 = LINE('',#5054,#5055);
#5054 = CARTESIAN_POINT('',(-6.453477941594E-03,2.169531,11.15));
#5055 = VECTOR('',#5056,1.);
#5056 = DIRECTION('',(1.,0.,-5.782411586589E-18));
#5057 = ORIENTED_EDGE('',*,*,#4993,.F.);
#5058 = PLANE('',#5059);
#5059 = AXIS2_PLACEMENT_3D('',#5060,#5061,#5062);
#5060 = CARTESIAN_POINT('',(7.2819E-02,2.169531,11.425));
#5061 = DIRECTION('',(0.,1.,0.));
#5062 = DIRECTION('',(-1.,0.,0.));
#5063 = ADVANCED_FACE('',(#5064),#5070,.F.);
#5064 = FACE_BOUND('',#5065,.T.);
#5065 = EDGE_LOOP('',(#5066,#5067,#5068,#5069));
#5066 = ORIENTED_EDGE('',*,*,#5001,.T.);
#5067 = ORIENTED_EDGE('',*,*,#5052,.T.);
#5068 = ORIENTED_EDGE('',*,*,#4887,.T.);
#5069 = ORIENTED_EDGE('',*,*,#4936,.T.);
#5070 = PLANE('',#5071);
#5071 = AXIS2_PLACEMENT_3D('',#5072,#5073,#5074);
#5072 = CARTESIAN_POINT('',(-2.6736834,1.869531,11.075));
#5073 = DIRECTION('',(5.609763233483E-18,-0.242535625036,0.970142500145)
  );
#5074 = DIRECTION('',(-2.243905293393E-17,0.970142500145,0.242535625036)
  );
#5075 = ADVANCED_FACE('',(#5076),#5082,.F.);
#5076 = FACE_BOUND('',#5077,.T.);
#5077 = EDGE_LOOP('',(#5078,#5079,#5080,#5081));
#5078 = ORIENTED_EDGE('',*,*,#4985,.T.);
#5079 = ORIENTED_EDGE('',*,*,#4963,.F.);
#5080 = ORIENTED_EDGE('',*,*,#4905,.T.);
#5081 = ORIENTED_EDGE('',*,*,#5045,.T.);
#5082 = PLANE('',#5083);
#5083 = AXIS2_PLACEMENT_3D('',#5084,#5085,#5086);
#5084 = CARTESIAN_POINT('',(-2.6736834,2.169531,11.35));
#5085 = DIRECTION('',(5.609763233483E-18,-0.242535625036,-0.970142500145
    ));
#5086 = DIRECTION('',(2.243905293393E-17,-0.970142500145,0.242535625036)
  );
#5087 = ADVANCED_FACE('',(#5088,#5169,#5203),#5209,.F.);
#5088 = FACE_BOUND('',#5089,.T.);
#5089 = EDGE_LOOP('',(#5090,#5098,#5104,#5105,#5113,#5121,#5129,#5137,
    #5145,#5151,#5152,#5158,#5159,#5160,#5161,#5162,#5163,#5164,#5165,
    #5166,#5167,#5168));
#5090 = ORIENTED_EDGE('',*,*,#5091,.T.);
#5091 = EDGE_CURVE('',#877,#5092,#5094,.T.);
#5092 = VERTEX_POINT('',#5093);
#5093 = CARTESIAN_POINT('',(-1.017181,-1.530469,11.426));
#5094 = LINE('',#5095,#5096);
#5095 = CARTESIAN_POINT('',(-1.017181,-1.530469,15.625));
#5096 = VECTOR('',#5097,1.);
#5097 = DIRECTION('',(0.,0.,-1.));
#5098 = ORIENTED_EDGE('',*,*,#5099,.F.);
#5099 = EDGE_CURVE('',#2647,#5092,#5100,.T.);
#5100 = LINE('',#5101,#5102);
#5101 = CARTESIAN_POINT('',(-3.462239875221E-17,-1.530469,11.426));
#5102 = VECTOR('',#5103,1.);
#5103 = DIRECTION('',(1.,1.224606353822E-16,0.));
#5104 = ORIENTED_EDGE('',*,*,#2646,.T.);
#5105 = ORIENTED_EDGE('',*,*,#5106,.F.);
#5106 = EDGE_CURVE('',#5107,#2639,#5109,.T.);
#5107 = VERTEX_POINT('',#5108);
#5108 = CARTESIAN_POINT('',(-1.017181,-1.530469,11.075));
#5109 = LINE('',#5110,#5111);
#5110 = CARTESIAN_POINT('',(-3.462239875221E-17,-1.530469,11.075));
#5111 = VECTOR('',#5112,1.);
#5112 = DIRECTION('',(-1.,-1.224606353822E-16,0.));
#5113 = ORIENTED_EDGE('',*,*,#5114,.F.);
#5114 = EDGE_CURVE('',#5115,#5107,#5117,.T.);
#5115 = VERTEX_POINT('',#5116);
#5116 = CARTESIAN_POINT('',(-1.017181,-1.530469,10.775));
#5117 = LINE('',#5118,#5119);
#5118 = CARTESIAN_POINT('',(-1.017181,-1.530469,15.625));
#5119 = VECTOR('',#5120,1.);
#5120 = DIRECTION('',(0.,0.,1.));
#5121 = ORIENTED_EDGE('',*,*,#5122,.F.);
#5122 = EDGE_CURVE('',#5123,#5115,#5125,.T.);
#5123 = VERTEX_POINT('',#5124);
#5124 = CARTESIAN_POINT('',(8.2819E-02,-1.530469,10.775));
#5125 = LINE('',#5126,#5127);
#5126 = CARTESIAN_POINT('',(-3.462239875221E-17,-1.530469,10.775));
#5127 = VECTOR('',#5128,1.);
#5128 = DIRECTION('',(-1.,-1.224606353822E-16,0.));
#5129 = ORIENTED_EDGE('',*,*,#5130,.F.);
#5130 = EDGE_CURVE('',#5131,#5123,#5133,.T.);
#5131 = VERTEX_POINT('',#5132);
#5132 = CARTESIAN_POINT('',(8.2819E-02,-1.530469,9.8));
#5133 = LINE('',#5134,#5135);
#5134 = CARTESIAN_POINT('',(8.2819E-02,-1.530469,15.625));
#5135 = VECTOR('',#5136,1.);
#5136 = DIRECTION('',(0.,0.,1.));
#5137 = ORIENTED_EDGE('',*,*,#5138,.T.);
#5138 = EDGE_CURVE('',#5131,#5139,#5141,.T.);
#5139 = VERTEX_POINT('',#5140);
#5140 = CARTESIAN_POINT('',(0.282819,-1.530469,9.8));
#5141 = LINE('',#5142,#5143);
#5142 = CARTESIAN_POINT('',(-3.462239875221E-17,-1.530469,9.8));
#5143 = VECTOR('',#5144,1.);
#5144 = DIRECTION('',(1.,1.224606353822E-16,0.));
#5145 = ORIENTED_EDGE('',*,*,#5146,.T.);
#5146 = EDGE_CURVE('',#5139,#3807,#5147,.T.);
#5147 = LINE('',#5148,#5149);
#5148 = CARTESIAN_POINT('',(-3.462239875221E-17,-1.530469,9.8));
#5149 = VECTOR('',#5150,1.);
#5150 = DIRECTION('',(1.,1.224606353822E-16,0.));
#5151 = ORIENTED_EDGE('',*,*,#3806,.F.);
#5152 = ORIENTED_EDGE('',*,*,#5153,.F.);
#5153 = EDGE_CURVE('',#2439,#3799,#5154,.T.);
#5154 = LINE('',#5155,#5156);
#5155 = CARTESIAN_POINT('',(-3.462239875221E-17,-1.530469,10.775));
#5156 = VECTOR('',#5157,1.);
#5157 = DIRECTION('',(-1.,-1.224606353822E-16,0.));
#5158 = ORIENTED_EDGE('',*,*,#2438,.T.);
#5159 = ORIENTED_EDGE('',*,*,#1402,.T.);
#5160 = ORIENTED_EDGE('',*,*,#996,.T.);
#5161 = ORIENTED_EDGE('',*,*,#3217,.F.);
#5162 = ORIENTED_EDGE('',*,*,#2712,.F.);
#5163 = ORIENTED_EDGE('',*,*,#2246,.T.);
#5164 = ORIENTED_EDGE('',*,*,#2283,.T.);
#5165 = ORIENTED_EDGE('',*,*,#2001,.T.);
#5166 = ORIENTED_EDGE('',*,*,#1247,.T.);
#5167 = ORIENTED_EDGE('',*,*,#2577,.F.);
#5168 = ORIENTED_EDGE('',*,*,#884,.T.);
#5169 = FACE_BOUND('',#5170,.T.);
#5170 = EDGE_LOOP('',(#5171,#5181,#5189,#5197));
#5171 = ORIENTED_EDGE('',*,*,#5172,.T.);
#5172 = EDGE_CURVE('',#5173,#5175,#5177,.T.);
#5173 = VERTEX_POINT('',#5174);
#5174 = CARTESIAN_POINT('',(0.147819,-1.530469,11.425));
#5175 = VERTEX_POINT('',#5176);
#5176 = CARTESIAN_POINT('',(0.147819,-1.530469,11.075));
#5177 = LINE('',#5178,#5179);
#5178 = CARTESIAN_POINT('',(0.147819,-1.530469,24.375));
#5179 = VECTOR('',#5180,1.);
#5180 = DIRECTION('',(0.,0.,-1.));
#5181 = ORIENTED_EDGE('',*,*,#5182,.T.);
#5182 = EDGE_CURVE('',#5175,#5183,#5185,.T.);
#5183 = VERTEX_POINT('',#5184);
#5184 = CARTESIAN_POINT('',(-0.202181,-1.530469,11.075));
#5185 = LINE('',#5186,#5187);
#5186 = CARTESIAN_POINT('',(0.,-1.530469,11.075));
#5187 = VECTOR('',#5188,1.);
#5188 = DIRECTION('',(-1.,2.097985413868E-15,0.));
#5189 = ORIENTED_EDGE('',*,*,#5190,.T.);
#5190 = EDGE_CURVE('',#5183,#5191,#5193,.T.);
#5191 = VERTEX_POINT('',#5192);
#5192 = CARTESIAN_POINT('',(-0.202181,-1.530469,11.425));
#5193 = LINE('',#5194,#5195);
#5194 = CARTESIAN_POINT('',(-0.202181,-1.530469,24.375));
#5195 = VECTOR('',#5196,1.);
#5196 = DIRECTION('',(0.,0.,1.));
#5197 = ORIENTED_EDGE('',*,*,#5198,.F.);
#5198 = EDGE_CURVE('',#5173,#5191,#5199,.T.);
#5199 = LINE('',#5200,#5201);
#5200 = CARTESIAN_POINT('',(0.,-1.530469,11.425));
#5201 = VECTOR('',#5202,1.);
#5202 = DIRECTION('',(-1.,2.097985413868E-15,0.));
#5203 = FACE_BOUND('',#5204,.T.);
#5204 = EDGE_LOOP('',(#5205,#5206,#5207,#5208));
#5205 = ORIENTED_EDGE('',*,*,#3599,.T.);
#5206 = ORIENTED_EDGE('',*,*,#3008,.T.);
#5207 = ORIENTED_EDGE('',*,*,#948,.T.);
#5208 = ORIENTED_EDGE('',*,*,#4441,.F.);
#5209 = PLANE('',#5210);
#5210 = AXIS2_PLACEMENT_3D('',#5211,#5212,#5213);
#5211 = CARTESIAN_POINT('',(0.122819,-1.530469,19.85));
#5212 = DIRECTION('',(2.097985413868E-15,1.,0.));
#5213 = DIRECTION('',(1.,-2.097985413868E-15,0.));
#5214 = ADVANCED_FACE('',(#5215),#5240,.T.);
#5215 = FACE_BOUND('',#5216,.T.);
#5216 = EDGE_LOOP('',(#5217,#5227,#5233,#5234));
#5217 = ORIENTED_EDGE('',*,*,#5218,.T.);
#5218 = EDGE_CURVE('',#5219,#5221,#5223,.T.);
#5219 = VERTEX_POINT('',#5220);
#5220 = CARTESIAN_POINT('',(0.147819,-1.680469,11.425));
#5221 = VERTEX_POINT('',#5222);
#5222 = CARTESIAN_POINT('',(0.147819,-1.680469,11.075));
#5223 = LINE('',#5224,#5225);
#5224 = CARTESIAN_POINT('',(0.147819,-1.680469,11.425));
#5225 = VECTOR('',#5226,1.);
#5226 = DIRECTION('',(0.,0.,-1.));
#5227 = ORIENTED_EDGE('',*,*,#5228,.F.);
#5228 = EDGE_CURVE('',#5175,#5221,#5229,.T.);
#5229 = LINE('',#5230,#5231);
#5230 = CARTESIAN_POINT('',(0.147819,-0.398169597608,11.075));
#5231 = VECTOR('',#5232,1.);
#5232 = DIRECTION('',(2.312964634636E-17,-1.,0.));
#5233 = ORIENTED_EDGE('',*,*,#5172,.F.);
#5234 = ORIENTED_EDGE('',*,*,#5235,.T.);
#5235 = EDGE_CURVE('',#5173,#5219,#5236,.T.);
#5236 = LINE('',#5237,#5238);
#5237 = CARTESIAN_POINT('',(0.147819,-0.398169597608,11.425));
#5238 = VECTOR('',#5239,1.);
#5239 = DIRECTION('',(2.312964634636E-17,-1.,0.));
#5240 = PLANE('',#5241);
#5241 = AXIS2_PLACEMENT_3D('',#5242,#5243,#5244);
#5242 = CARTESIAN_POINT('',(0.147819,-2.130469,11.425));
#5243 = DIRECTION('',(1.,2.312964634636E-17,0.));
#5244 = DIRECTION('',(-2.312964634636E-17,1.,0.));
#5245 = ADVANCED_FACE('',(#5246),#5273,.T.);
#5246 = FACE_BOUND('',#5247,.T.);
#5247 = EDGE_LOOP('',(#5248,#5249,#5258,#5266));
#5248 = ORIENTED_EDGE('',*,*,#5218,.F.);
#5249 = ORIENTED_EDGE('',*,*,#5250,.T.);
#5250 = EDGE_CURVE('',#5219,#5251,#5253,.T.);
#5251 = VERTEX_POINT('',#5252);
#5252 = CARTESIAN_POINT('',(-0.302181,-2.130469,11.425));
#5253 = CIRCLE('',#5254,0.45);
#5254 = AXIS2_PLACEMENT_3D('',#5255,#5256,#5257);
#5255 = CARTESIAN_POINT('',(-0.302181,-1.680469,11.425));
#5256 = DIRECTION('',(0.,0.,-1.));
#5257 = DIRECTION('',(-1.,0.,0.));
#5258 = ORIENTED_EDGE('',*,*,#5259,.T.);
#5259 = EDGE_CURVE('',#5251,#5260,#5262,.T.);
#5260 = VERTEX_POINT('',#5261);
#5261 = CARTESIAN_POINT('',(-0.302181,-2.130469,11.075));
#5262 = LINE('',#5263,#5264);
#5263 = CARTESIAN_POINT('',(-0.302181,-2.130469,11.425));
#5264 = VECTOR('',#5265,1.);
#5265 = DIRECTION('',(0.,0.,-1.));
#5266 = ORIENTED_EDGE('',*,*,#5267,.F.);
#5267 = EDGE_CURVE('',#5221,#5260,#5268,.T.);
#5268 = CIRCLE('',#5269,0.45);
#5269 = AXIS2_PLACEMENT_3D('',#5270,#5271,#5272);
#5270 = CARTESIAN_POINT('',(-0.302181,-1.680469,11.075));
#5271 = DIRECTION('',(0.,0.,-1.));
#5272 = DIRECTION('',(-1.,0.,0.));
#5273 = CYLINDRICAL_SURFACE('',#5274,0.45);
#5274 = AXIS2_PLACEMENT_3D('',#5275,#5276,#5277);
#5275 = CARTESIAN_POINT('',(-0.302181,-1.680469,11.425));
#5276 = DIRECTION('',(0.,0.,-1.));
#5277 = DIRECTION('',(-1.,0.,0.));
#5278 = ADVANCED_FACE('',(#5279),#5312,.T.);
#5279 = FACE_BOUND('',#5280,.T.);
#5280 = EDGE_LOOP('',(#5281,#5291,#5299,#5305,#5306));
#5281 = ORIENTED_EDGE('',*,*,#5282,.T.);
#5282 = EDGE_CURVE('',#5283,#5285,#5287,.T.);
#5283 = VERTEX_POINT('',#5284);
#5284 = CARTESIAN_POINT('',(-1.967181,-2.130469,11.425));
#5285 = VERTEX_POINT('',#5286);
#5286 = CARTESIAN_POINT('',(-1.967181,-2.130469,11.075));
#5287 = LINE('',#5288,#5289);
#5288 = CARTESIAN_POINT('',(-1.967181,-2.130469,11.425));
#5289 = VECTOR('',#5290,1.);
#5290 = DIRECTION('',(0.,0.,-1.));
#5291 = ORIENTED_EDGE('',*,*,#5292,.F.);
#5292 = EDGE_CURVE('',#5293,#5285,#5295,.T.);
#5293 = VERTEX_POINT('',#5294);
#5294 = CARTESIAN_POINT('',(-1.017181,-2.130469,11.075));
#5295 = LINE('',#5296,#5297);
#5296 = CARTESIAN_POINT('',(0.,-2.130469,11.075));
#5297 = VECTOR('',#5298,1.);
#5298 = DIRECTION('',(-1.,0.,0.));
#5299 = ORIENTED_EDGE('',*,*,#5300,.T.);
#5300 = EDGE_CURVE('',#5293,#5260,#5301,.T.);
#5301 = LINE('',#5302,#5303);
#5302 = CARTESIAN_POINT('',(-6.453477941594E-03,-2.130469,11.075));
#5303 = VECTOR('',#5304,1.);
#5304 = DIRECTION('',(1.,0.,0.));
#5305 = ORIENTED_EDGE('',*,*,#5259,.F.);
#5306 = ORIENTED_EDGE('',*,*,#5307,.F.);
#5307 = EDGE_CURVE('',#5283,#5251,#5308,.T.);
#5308 = LINE('',#5309,#5310);
#5309 = CARTESIAN_POINT('',(-6.453477941594E-03,-2.130469,11.425));
#5310 = VECTOR('',#5311,1.);
#5311 = DIRECTION('',(1.,0.,0.));
#5312 = PLANE('',#5313);
#5313 = AXIS2_PLACEMENT_3D('',#5314,#5315,#5316);
#5314 = CARTESIAN_POINT('',(-1.892181,-2.130469,11.425));
#5315 = DIRECTION('',(0.,-1.,0.));
#5316 = DIRECTION('',(1.,0.,0.));
#5317 = ADVANCED_FACE('',(#5318),#5389,.F.);
#5318 = FACE_BOUND('',#5319,.T.);
#5319 = EDGE_LOOP('',(#5320,#5330,#5338,#5345,#5346,#5347,#5348,#5349,
    #5357,#5366,#5374,#5383));
#5320 = ORIENTED_EDGE('',*,*,#5321,.F.);
#5321 = EDGE_CURVE('',#5322,#5324,#5326,.T.);
#5322 = VERTEX_POINT('',#5323);
#5323 = CARTESIAN_POINT('',(-2.067181,-3.430469,11.425));
#5324 = VERTEX_POINT('',#5325);
#5325 = CARTESIAN_POINT('',(-2.417181,-3.430469,11.425));
#5326 = LINE('',#5327,#5328);
#5327 = CARTESIAN_POINT('',(-6.453477941594E-03,-3.430469,11.425));
#5328 = VECTOR('',#5329,1.);
#5329 = DIRECTION('',(-1.,0.,0.));
#5330 = ORIENTED_EDGE('',*,*,#5331,.T.);
#5331 = EDGE_CURVE('',#5322,#5332,#5334,.T.);
#5332 = VERTEX_POINT('',#5333);
#5333 = CARTESIAN_POINT('',(-2.067181,-2.230469,11.425));
#5334 = LINE('',#5335,#5336);
#5335 = CARTESIAN_POINT('',(-2.067181,-0.398169597608,11.425));
#5336 = VECTOR('',#5337,1.);
#5337 = DIRECTION('',(0.,1.,0.));
#5338 = ORIENTED_EDGE('',*,*,#5339,.T.);
#5339 = EDGE_CURVE('',#5332,#5283,#5340,.T.);
#5340 = CIRCLE('',#5341,0.1);
#5341 = AXIS2_PLACEMENT_3D('',#5342,#5343,#5344);
#5342 = CARTESIAN_POINT('',(-1.967181,-2.230469,11.425));
#5343 = DIRECTION('',(0.,0.,-1.));
#5344 = DIRECTION('',(-1.,0.,0.));
#5345 = ORIENTED_EDGE('',*,*,#5307,.T.);
#5346 = ORIENTED_EDGE('',*,*,#5250,.F.);
#5347 = ORIENTED_EDGE('',*,*,#5235,.F.);
#5348 = ORIENTED_EDGE('',*,*,#5198,.T.);
#5349 = ORIENTED_EDGE('',*,*,#5350,.T.);
#5350 = EDGE_CURVE('',#5191,#5351,#5353,.T.);
#5351 = VERTEX_POINT('',#5352);
#5352 = CARTESIAN_POINT('',(-0.202181,-1.680469,11.425));
#5353 = LINE('',#5354,#5355);
#5354 = CARTESIAN_POINT('',(-0.202181,-0.398169597608,11.425));
#5355 = VECTOR('',#5356,1.);
#5356 = DIRECTION('',(-3.700743415417E-16,-1.,0.));
#5357 = ORIENTED_EDGE('',*,*,#5358,.T.);
#5358 = EDGE_CURVE('',#5351,#5359,#5361,.T.);
#5359 = VERTEX_POINT('',#5360);
#5360 = CARTESIAN_POINT('',(-0.302181,-1.780469,11.425));
#5361 = CIRCLE('',#5362,0.1);
#5362 = AXIS2_PLACEMENT_3D('',#5363,#5364,#5365);
#5363 = CARTESIAN_POINT('',(-0.302181,-1.680469,11.425));
#5364 = DIRECTION('',(0.,0.,-1.));
#5365 = DIRECTION('',(-1.,0.,0.));
#5366 = ORIENTED_EDGE('',*,*,#5367,.T.);
#5367 = EDGE_CURVE('',#5359,#5368,#5370,.T.);
#5368 = VERTEX_POINT('',#5369);
#5369 = CARTESIAN_POINT('',(-1.967181,-1.780469,11.425));
#5370 = LINE('',#5371,#5372);
#5371 = CARTESIAN_POINT('',(-6.453477941594E-03,-1.780469,11.425));
#5372 = VECTOR('',#5373,1.);
#5373 = DIRECTION('',(-1.,0.,0.));
#5374 = ORIENTED_EDGE('',*,*,#5375,.T.);
#5375 = EDGE_CURVE('',#5368,#5376,#5378,.T.);
#5376 = VERTEX_POINT('',#5377);
#5377 = CARTESIAN_POINT('',(-2.417181,-2.230469,11.425));
#5378 = CIRCLE('',#5379,0.45);
#5379 = AXIS2_PLACEMENT_3D('',#5380,#5381,#5382);
#5380 = CARTESIAN_POINT('',(-1.967181,-2.230469,11.425));
#5381 = DIRECTION('',(0.,0.,1.));
#5382 = DIRECTION('',(1.,0.,-0.));
#5383 = ORIENTED_EDGE('',*,*,#5384,.T.);
#5384 = EDGE_CURVE('',#5376,#5324,#5385,.T.);
#5385 = LINE('',#5386,#5387);
#5386 = CARTESIAN_POINT('',(-2.417181,-0.398169597608,11.425));
#5387 = VECTOR('',#5388,1.);
#5388 = DIRECTION('',(0.,-1.,0.));
#5389 = PLANE('',#5390);
#5390 = AXIS2_PLACEMENT_3D('',#5391,#5392,#5393);
#5391 = CARTESIAN_POINT('',(-6.453477941594E-03,-0.398169597608,11.425)
  );
#5392 = DIRECTION('',(0.,0.,-1.));
#5393 = DIRECTION('',(-1.,0.,0.));
#5394 = ADVANCED_FACE('',(#5395),#5438,.T.);
#5395 = FACE_BOUND('',#5396,.T.);
#5396 = EDGE_LOOP('',(#5397,#5407,#5415,#5422,#5423,#5432));
#5397 = ORIENTED_EDGE('',*,*,#5398,.T.);
#5398 = EDGE_CURVE('',#5399,#5401,#5403,.T.);
#5399 = VERTEX_POINT('',#5400);
#5400 = CARTESIAN_POINT('',(-2.067181,-3.430469,11.075));
#5401 = VERTEX_POINT('',#5402);
#5402 = CARTESIAN_POINT('',(-2.417181,-3.430469,11.075));
#5403 = LINE('',#5404,#5405);
#5404 = CARTESIAN_POINT('',(-6.453477941594E-03,-3.430469,11.075));
#5405 = VECTOR('',#5406,1.);
#5406 = DIRECTION('',(-1.,0.,0.));
#5407 = ORIENTED_EDGE('',*,*,#5408,.F.);
#5408 = EDGE_CURVE('',#5409,#5401,#5411,.T.);
#5409 = VERTEX_POINT('',#5410);
#5410 = CARTESIAN_POINT('',(-2.417181,-2.230469,11.075));
#5411 = LINE('',#5412,#5413);
#5412 = CARTESIAN_POINT('',(-2.417181,-0.398169597608,11.075));
#5413 = VECTOR('',#5414,1.);
#5414 = DIRECTION('',(0.,-1.,0.));
#5415 = ORIENTED_EDGE('',*,*,#5416,.F.);
#5416 = EDGE_CURVE('',#2631,#5409,#5417,.T.);
#5417 = CIRCLE('',#5418,0.45);
#5418 = AXIS2_PLACEMENT_3D('',#5419,#5420,#5421);
#5419 = CARTESIAN_POINT('',(-1.967181,-2.230469,11.075));
#5420 = DIRECTION('',(0.,0.,1.));
#5421 = DIRECTION('',(1.,0.,-0.));
#5422 = ORIENTED_EDGE('',*,*,#2630,.F.);
#5423 = ORIENTED_EDGE('',*,*,#5424,.F.);
#5424 = EDGE_CURVE('',#5425,#2623,#5427,.T.);
#5425 = VERTEX_POINT('',#5426);
#5426 = CARTESIAN_POINT('',(-2.067181,-2.230469,11.075));
#5427 = CIRCLE('',#5428,0.1);
#5428 = AXIS2_PLACEMENT_3D('',#5429,#5430,#5431);
#5429 = CARTESIAN_POINT('',(-1.967181,-2.230469,11.075));
#5430 = DIRECTION('',(0.,0.,-1.));
#5431 = DIRECTION('',(-1.,0.,0.));
#5432 = ORIENTED_EDGE('',*,*,#5433,.F.);
#5433 = EDGE_CURVE('',#5399,#5425,#5434,.T.);
#5434 = LINE('',#5435,#5436);
#5435 = CARTESIAN_POINT('',(-2.067181,-0.398169597608,11.075));
#5436 = VECTOR('',#5437,1.);
#5437 = DIRECTION('',(0.,1.,0.));
#5438 = PLANE('',#5439);
#5439 = AXIS2_PLACEMENT_3D('',#5440,#5441,#5442);
#5440 = CARTESIAN_POINT('',(-6.453477941594E-03,-0.398169597608,11.075)
  );
#5441 = DIRECTION('',(0.,0.,-1.));
#5442 = DIRECTION('',(-1.,0.,0.));
#5443 = ADVANCED_FACE('',(#5444),#5469,.F.);
#5444 = FACE_BOUND('',#5445,.T.);
#5445 = EDGE_LOOP('',(#5446,#5454,#5462,#5468));
#5446 = ORIENTED_EDGE('',*,*,#5447,.F.);
#5447 = EDGE_CURVE('',#5448,#5399,#5450,.T.);
#5448 = VERTEX_POINT('',#5449);
#5449 = CARTESIAN_POINT('',(-2.142181,-3.730469,11.15));
#5450 = LINE('',#5451,#5452);
#5451 = CARTESIAN_POINT('',(-1.309106149402,-0.398169597608,
    10.316925149402));
#5452 = VECTOR('',#5453,1.);
#5453 = DIRECTION('',(0.235702260396,0.942809041582,-0.235702260396));
#5454 = ORIENTED_EDGE('',*,*,#5455,.T.);
#5455 = EDGE_CURVE('',#5448,#5456,#5458,.T.);
#5456 = VERTEX_POINT('',#5457);
#5457 = CARTESIAN_POINT('',(-2.342181,-3.730469,11.15));
#5458 = LINE('',#5459,#5460);
#5459 = CARTESIAN_POINT('',(-6.453477941594E-03,-3.730469,11.15));
#5460 = VECTOR('',#5461,1.);
#5461 = DIRECTION('',(-1.,0.,0.));
#5462 = ORIENTED_EDGE('',*,*,#5463,.F.);
#5463 = EDGE_CURVE('',#5401,#5456,#5464,.T.);
#5464 = LINE('',#5465,#5466);
#5465 = CARTESIAN_POINT('',(-3.175255850598,-0.398169597608,
    10.316925149402));
#5466 = VECTOR('',#5467,1.);
#5467 = DIRECTION('',(0.235702260396,-0.942809041582,0.235702260396));
#5468 = ORIENTED_EDGE('',*,*,#5398,.F.);
#5469 = PLANE('',#5470);
#5470 = AXIS2_PLACEMENT_3D('',#5471,#5472,#5473);
#5471 = CARTESIAN_POINT('',(-2.6736834,-3.730469,11.15));
#5472 = DIRECTION('',(0.,0.242535625036,0.970142500145));
#5473 = DIRECTION('',(0.,0.970142500145,-0.242535625036));
#5474 = ADVANCED_FACE('',(#5475),#5498,.F.);
#5475 = FACE_BOUND('',#5476,.T.);
#5476 = EDGE_LOOP('',(#5477,#5478,#5484,#5492));
#5477 = ORIENTED_EDGE('',*,*,#5447,.T.);
#5478 = ORIENTED_EDGE('',*,*,#5479,.T.);
#5479 = EDGE_CURVE('',#5399,#5322,#5480,.T.);
#5480 = LINE('',#5481,#5482);
#5481 = CARTESIAN_POINT('',(-2.067181,-3.430469,11.425));
#5482 = VECTOR('',#5483,1.);
#5483 = DIRECTION('',(0.,0.,1.));
#5484 = ORIENTED_EDGE('',*,*,#5485,.T.);
#5485 = EDGE_CURVE('',#5322,#5486,#5488,.T.);
#5486 = VERTEX_POINT('',#5487);
#5487 = CARTESIAN_POINT('',(-2.142181,-3.730469,11.35));
#5488 = LINE('',#5489,#5490);
#5489 = CARTESIAN_POINT('',(-1.309106149402,-0.398169597608,
    12.183074850598));
#5490 = VECTOR('',#5491,1.);
#5491 = DIRECTION('',(-0.235702260396,-0.942809041582,-0.235702260396));
#5492 = ORIENTED_EDGE('',*,*,#5493,.T.);
#5493 = EDGE_CURVE('',#5486,#5448,#5494,.T.);
#5494 = LINE('',#5495,#5496);
#5495 = CARTESIAN_POINT('',(-2.142181,-3.730469,11.425));
#5496 = VECTOR('',#5497,1.);
#5497 = DIRECTION('',(0.,0.,-1.));
#5498 = PLANE('',#5499);
#5499 = AXIS2_PLACEMENT_3D('',#5500,#5501,#5502);
#5500 = CARTESIAN_POINT('',(-2.142181,-3.730469,11.0399976));
#5501 = DIRECTION('',(-0.970142500145,0.242535625036,0.));
#5502 = DIRECTION('',(0.242535625036,0.970142500145,0.));
#5503 = ADVANCED_FACE('',(#5504),#5527,.F.);
#5504 = FACE_BOUND('',#5505,.T.);
#5505 = EDGE_LOOP('',(#5506,#5507,#5515,#5521));
#5506 = ORIENTED_EDGE('',*,*,#5463,.T.);
#5507 = ORIENTED_EDGE('',*,*,#5508,.T.);
#5508 = EDGE_CURVE('',#5456,#5509,#5511,.T.);
#5509 = VERTEX_POINT('',#5510);
#5510 = CARTESIAN_POINT('',(-2.342181,-3.730469,11.35));
#5511 = LINE('',#5512,#5513);
#5512 = CARTESIAN_POINT('',(-2.342181,-3.730469,11.425));
#5513 = VECTOR('',#5514,1.);
#5514 = DIRECTION('',(0.,0.,1.));
#5515 = ORIENTED_EDGE('',*,*,#5516,.T.);
#5516 = EDGE_CURVE('',#5509,#5324,#5517,.T.);
#5517 = LINE('',#5518,#5519);
#5518 = CARTESIAN_POINT('',(-3.175255850598,-0.398169597608,
    12.183074850598));
#5519 = VECTOR('',#5520,1.);
#5520 = DIRECTION('',(-0.235702260396,0.942809041582,0.235702260396));
#5521 = ORIENTED_EDGE('',*,*,#5522,.T.);
#5522 = EDGE_CURVE('',#5324,#5401,#5523,.T.);
#5523 = LINE('',#5524,#5525);
#5524 = CARTESIAN_POINT('',(-2.417181,-3.430469,11.425));
#5525 = VECTOR('',#5526,1.);
#5526 = DIRECTION('',(0.,0.,-1.));
#5527 = PLANE('',#5528);
#5528 = AXIS2_PLACEMENT_3D('',#5529,#5530,#5531);
#5529 = CARTESIAN_POINT('',(-2.417181,-3.430469,11.0399976));
#5530 = DIRECTION('',(0.970142500145,0.242535625036,0.));
#5531 = DIRECTION('',(0.242535625036,-0.970142500145,0.));
#5532 = ADVANCED_FACE('',(#5533),#5544,.T.);
#5533 = FACE_BOUND('',#5534,.T.);
#5534 = EDGE_LOOP('',(#5535,#5541,#5542,#5543));
#5535 = ORIENTED_EDGE('',*,*,#5536,.F.);
#5536 = EDGE_CURVE('',#5509,#5486,#5537,.T.);
#5537 = LINE('',#5538,#5539);
#5538 = CARTESIAN_POINT('',(-6.453477941594E-03,-3.730469,11.35));
#5539 = VECTOR('',#5540,1.);
#5540 = DIRECTION('',(1.,0.,0.));
#5541 = ORIENTED_EDGE('',*,*,#5508,.F.);
#5542 = ORIENTED_EDGE('',*,*,#5455,.F.);
#5543 = ORIENTED_EDGE('',*,*,#5493,.F.);
#5544 = PLANE('',#5545);
#5545 = AXIS2_PLACEMENT_3D('',#5546,#5547,#5548);
#5546 = CARTESIAN_POINT('',(-2.167181,-3.730469,11.425));
#5547 = DIRECTION('',(0.,-1.,0.));
#5548 = DIRECTION('',(1.,0.,0.));
#5549 = ADVANCED_FACE('',(#5550),#5561,.T.);
#5550 = FACE_BOUND('',#5551,.T.);
#5551 = EDGE_LOOP('',(#5552,#5553,#5554,#5560));
#5552 = ORIENTED_EDGE('',*,*,#5479,.F.);
#5553 = ORIENTED_EDGE('',*,*,#5433,.T.);
#5554 = ORIENTED_EDGE('',*,*,#5555,.F.);
#5555 = EDGE_CURVE('',#5332,#5425,#5556,.T.);
#5556 = LINE('',#5557,#5558);
#5557 = CARTESIAN_POINT('',(-2.067181,-2.230469,11.425));
#5558 = VECTOR('',#5559,1.);
#5559 = DIRECTION('',(0.,0.,-1.));
#5560 = ORIENTED_EDGE('',*,*,#5331,.F.);
#5561 = PLANE('',#5562);
#5562 = AXIS2_PLACEMENT_3D('',#5563,#5564,#5565);
#5563 = CARTESIAN_POINT('',(-2.067181,-3.430469,11.425));
#5564 = DIRECTION('',(1.,0.,0.));
#5565 = DIRECTION('',(-0.,1.,0.));
#5566 = ADVANCED_FACE('',(#5567),#5580,.F.);
#5567 = FACE_BOUND('',#5568,.F.);
#5568 = EDGE_LOOP('',(#5569,#5576,#5577,#5578,#5579));
#5569 = ORIENTED_EDGE('',*,*,#5570,.F.);
#5570 = EDGE_CURVE('',#2623,#5285,#5571,.T.);
#5571 = CIRCLE('',#5572,0.1);
#5572 = AXIS2_PLACEMENT_3D('',#5573,#5574,#5575);
#5573 = CARTESIAN_POINT('',(-1.967181,-2.230469,11.075));
#5574 = DIRECTION('',(0.,0.,-1.));
#5575 = DIRECTION('',(-1.,0.,0.));
#5576 = ORIENTED_EDGE('',*,*,#5424,.F.);
#5577 = ORIENTED_EDGE('',*,*,#5555,.F.);
#5578 = ORIENTED_EDGE('',*,*,#5339,.T.);
#5579 = ORIENTED_EDGE('',*,*,#5282,.T.);
#5580 = CYLINDRICAL_SURFACE('',#5581,0.1);
#5581 = AXIS2_PLACEMENT_3D('',#5582,#5583,#5584);
#5582 = CARTESIAN_POINT('',(-1.967181,-2.230469,11.425));
#5583 = DIRECTION('',(0.,0.,-1.));
#5584 = DIRECTION('',(-1.,0.,0.));
#5585 = ADVANCED_FACE('',(#5586),#5592,.F.);
#5586 = FACE_BOUND('',#5587,.T.);
#5587 = EDGE_LOOP('',(#5588,#5589,#5590,#5591));
#5588 = ORIENTED_EDGE('',*,*,#5485,.F.);
#5589 = ORIENTED_EDGE('',*,*,#5321,.T.);
#5590 = ORIENTED_EDGE('',*,*,#5516,.F.);
#5591 = ORIENTED_EDGE('',*,*,#5536,.T.);
#5592 = PLANE('',#5593);
#5593 = AXIS2_PLACEMENT_3D('',#5594,#5595,#5596);
#5594 = CARTESIAN_POINT('',(-2.6736834,-3.430469,11.425));
#5595 = DIRECTION('',(0.,0.242535625036,-0.970142500145));
#5596 = DIRECTION('',(0.,-0.970142500145,-0.242535625036));
#5597 = ADVANCED_FACE('',(#5598),#5609,.T.);
#5598 = FACE_BOUND('',#5599,.T.);
#5599 = EDGE_LOOP('',(#5600,#5606,#5607,#5608));
#5600 = ORIENTED_EDGE('',*,*,#5601,.F.);
#5601 = EDGE_CURVE('',#5409,#5376,#5602,.T.);
#5602 = LINE('',#5603,#5604);
#5603 = CARTESIAN_POINT('',(-2.417181,-2.230469,11.425));
#5604 = VECTOR('',#5605,1.);
#5605 = DIRECTION('',(0.,0.,1.));
#5606 = ORIENTED_EDGE('',*,*,#5408,.T.);
#5607 = ORIENTED_EDGE('',*,*,#5522,.F.);
#5608 = ORIENTED_EDGE('',*,*,#5384,.F.);
#5609 = PLANE('',#5610);
#5610 = AXIS2_PLACEMENT_3D('',#5611,#5612,#5613);
#5611 = CARTESIAN_POINT('',(-2.417181,-1.780469,11.425));
#5612 = DIRECTION('',(-1.,0.,0.));
#5613 = DIRECTION('',(0.,-1.,0.));
#5614 = ADVANCED_FACE('',(#5615),#5648,.T.);
#5615 = FACE_BOUND('',#5616,.T.);
#5616 = EDGE_LOOP('',(#5617,#5625,#5633,#5641,#5647));
#5617 = ORIENTED_EDGE('',*,*,#5618,.T.);
#5618 = EDGE_CURVE('',#5359,#5619,#5621,.T.);
#5619 = VERTEX_POINT('',#5620);
#5620 = CARTESIAN_POINT('',(-0.302181,-1.780469,11.075));
#5621 = LINE('',#5622,#5623);
#5622 = CARTESIAN_POINT('',(-0.302181,-1.780469,11.425));
#5623 = VECTOR('',#5624,1.);
#5624 = DIRECTION('',(0.,0.,-1.));
#5625 = ORIENTED_EDGE('',*,*,#5626,.T.);
#5626 = EDGE_CURVE('',#5619,#5627,#5629,.T.);
#5627 = VERTEX_POINT('',#5628);
#5628 = CARTESIAN_POINT('',(-1.017181,-1.780469,11.075));
#5629 = LINE('',#5630,#5631);
#5630 = CARTESIAN_POINT('',(-6.453477941594E-03,-1.780469,11.075));
#5631 = VECTOR('',#5632,1.);
#5632 = DIRECTION('',(-1.,0.,0.));
#5633 = ORIENTED_EDGE('',*,*,#5634,.F.);
#5634 = EDGE_CURVE('',#5635,#5627,#5637,.T.);
#5635 = VERTEX_POINT('',#5636);
#5636 = CARTESIAN_POINT('',(-1.967181,-1.780469,11.075));
#5637 = LINE('',#5638,#5639);
#5638 = CARTESIAN_POINT('',(0.,-1.780469,11.075));
#5639 = VECTOR('',#5640,1.);
#5640 = DIRECTION('',(1.,0.,0.));
#5641 = ORIENTED_EDGE('',*,*,#5642,.T.);
#5642 = EDGE_CURVE('',#5635,#5368,#5643,.T.);
#5643 = LINE('',#5644,#5645);
#5644 = CARTESIAN_POINT('',(-1.967181,-1.780469,11.425));
#5645 = VECTOR('',#5646,1.);
#5646 = DIRECTION('',(0.,0.,1.));
#5647 = ORIENTED_EDGE('',*,*,#5367,.F.);
#5648 = PLANE('',#5649);
#5649 = AXIS2_PLACEMENT_3D('',#5650,#5651,#5652);
#5650 = CARTESIAN_POINT('',(-1.089681,-1.780469,11.425));
#5651 = DIRECTION('',(0.,1.,0.));
#5652 = DIRECTION('',(-1.,0.,0.));
#5653 = ADVANCED_FACE('',(#5654),#5682,.T.);
#5654 = FACE_BOUND('',#5655,.T.);
#5655 = EDGE_LOOP('',(#5656,#5657,#5658,#5659,#5660,#5666,#5667,#5676));
#5656 = ORIENTED_EDGE('',*,*,#5182,.F.);
#5657 = ORIENTED_EDGE('',*,*,#5228,.T.);
#5658 = ORIENTED_EDGE('',*,*,#5267,.T.);
#5659 = ORIENTED_EDGE('',*,*,#5300,.F.);
#5660 = ORIENTED_EDGE('',*,*,#5661,.T.);
#5661 = EDGE_CURVE('',#5293,#5627,#5662,.T.);
#5662 = LINE('',#5663,#5664);
#5663 = CARTESIAN_POINT('',(-1.017181,0.,11.075));
#5664 = VECTOR('',#5665,1.);
#5665 = DIRECTION('',(-1.224606353822E-16,1.,0.));
#5666 = ORIENTED_EDGE('',*,*,#5626,.F.);
#5667 = ORIENTED_EDGE('',*,*,#5668,.F.);
#5668 = EDGE_CURVE('',#5669,#5619,#5671,.T.);
#5669 = VERTEX_POINT('',#5670);
#5670 = CARTESIAN_POINT('',(-0.202181,-1.680469,11.075));
#5671 = CIRCLE('',#5672,0.1);
#5672 = AXIS2_PLACEMENT_3D('',#5673,#5674,#5675);
#5673 = CARTESIAN_POINT('',(-0.302181,-1.680469,11.075));
#5674 = DIRECTION('',(0.,0.,-1.));
#5675 = DIRECTION('',(-1.,0.,0.));
#5676 = ORIENTED_EDGE('',*,*,#5677,.F.);
#5677 = EDGE_CURVE('',#5183,#5669,#5678,.T.);
#5678 = LINE('',#5679,#5680);
#5679 = CARTESIAN_POINT('',(-0.202181,-0.398169597608,11.075));
#5680 = VECTOR('',#5681,1.);
#5681 = DIRECTION('',(-3.700743415417E-16,-1.,0.));
#5682 = PLANE('',#5683);
#5683 = AXIS2_PLACEMENT_3D('',#5684,#5685,#5686);
#5684 = CARTESIAN_POINT('',(-6.453477941594E-03,-0.398169597608,11.075)
  );
#5685 = DIRECTION('',(0.,0.,-1.));
#5686 = DIRECTION('',(-1.,0.,0.));
#5687 = ADVANCED_FACE('',(#5688),#5699,.F.);
#5688 = FACE_BOUND('',#5689,.F.);
#5689 = EDGE_LOOP('',(#5690,#5691,#5697,#5698));
#5690 = ORIENTED_EDGE('',*,*,#5668,.F.);
#5691 = ORIENTED_EDGE('',*,*,#5692,.F.);
#5692 = EDGE_CURVE('',#5351,#5669,#5693,.T.);
#5693 = LINE('',#5694,#5695);
#5694 = CARTESIAN_POINT('',(-0.202181,-1.680469,11.425));
#5695 = VECTOR('',#5696,1.);
#5696 = DIRECTION('',(0.,0.,-1.));
#5697 = ORIENTED_EDGE('',*,*,#5358,.T.);
#5698 = ORIENTED_EDGE('',*,*,#5618,.T.);
#5699 = CYLINDRICAL_SURFACE('',#5700,0.1);
#5700 = AXIS2_PLACEMENT_3D('',#5701,#5702,#5703);
#5701 = CARTESIAN_POINT('',(-0.302181,-1.680469,11.425));
#5702 = DIRECTION('',(0.,0.,-1.));
#5703 = DIRECTION('',(-1.,0.,0.));
#5704 = ADVANCED_FACE('',(#5705),#5711,.T.);
#5705 = FACE_BOUND('',#5706,.T.);
#5706 = EDGE_LOOP('',(#5707,#5708,#5709,#5710));
#5707 = ORIENTED_EDGE('',*,*,#5350,.F.);
#5708 = ORIENTED_EDGE('',*,*,#5190,.F.);
#5709 = ORIENTED_EDGE('',*,*,#5677,.T.);
#5710 = ORIENTED_EDGE('',*,*,#5692,.F.);
#5711 = PLANE('',#5712);
#5712 = AXIS2_PLACEMENT_3D('',#5713,#5714,#5715);
#5713 = CARTESIAN_POINT('',(-0.202181,1.769531,11.425));
#5714 = DIRECTION('',(-1.,3.700743415417E-16,0.));
#5715 = DIRECTION('',(-3.700743415417E-16,-1.,0.));
#5716 = ADVANCED_FACE('',(#5717),#5735,.F.);
#5717 = FACE_BOUND('',#5718,.T.);
#5718 = EDGE_LOOP('',(#5719,#5720,#5727,#5728,#5734));
#5719 = ORIENTED_EDGE('',*,*,#2638,.F.);
#5720 = ORIENTED_EDGE('',*,*,#5721,.F.);
#5721 = EDGE_CURVE('',#5635,#2631,#5722,.T.);
#5722 = CIRCLE('',#5723,0.45);
#5723 = AXIS2_PLACEMENT_3D('',#5724,#5725,#5726);
#5724 = CARTESIAN_POINT('',(-1.967181,-2.230469,11.075));
#5725 = DIRECTION('',(0.,0.,1.));
#5726 = DIRECTION('',(1.,0.,-0.));
#5727 = ORIENTED_EDGE('',*,*,#5634,.T.);
#5728 = ORIENTED_EDGE('',*,*,#5729,.T.);
#5729 = EDGE_CURVE('',#5627,#5107,#5730,.T.);
#5730 = LINE('',#5731,#5732);
#5731 = CARTESIAN_POINT('',(-1.017181,-3.466092364838E-16,11.075));
#5732 = VECTOR('',#5733,1.);
#5733 = DIRECTION('',(-1.224606353822E-16,1.,0.));
#5734 = ORIENTED_EDGE('',*,*,#5106,.T.);
#5735 = PLANE('',#5736);
#5736 = AXIS2_PLACEMENT_3D('',#5737,#5738,#5739);
#5737 = CARTESIAN_POINT('',(-2.5571834,-1.530469,11.075));
#5738 = DIRECTION('',(0.,0.,-1.));
#5739 = DIRECTION('',(1.224606353822E-16,-1.,0.));
#5740 = ADVANCED_FACE('',(#5741),#5748,.T.);
#5741 = FACE_BOUND('',#5742,.T.);
#5742 = EDGE_LOOP('',(#5743,#5744,#5745,#5746,#5747));
#5743 = ORIENTED_EDGE('',*,*,#5601,.T.);
#5744 = ORIENTED_EDGE('',*,*,#5375,.F.);
#5745 = ORIENTED_EDGE('',*,*,#5642,.F.);
#5746 = ORIENTED_EDGE('',*,*,#5721,.T.);
#5747 = ORIENTED_EDGE('',*,*,#5416,.T.);
#5748 = CYLINDRICAL_SURFACE('',#5749,0.45);
#5749 = AXIS2_PLACEMENT_3D('',#5750,#5751,#5752);
#5750 = CARTESIAN_POINT('',(-1.967181,-2.230469,11.425));
#5751 = DIRECTION('',(0.,0.,1.));
#5752 = DIRECTION('',(1.,0.,-0.));
#5753 = ADVANCED_FACE('',(#5754),#5773,.F.);
#5754 = FACE_BOUND('',#5755,.T.);
#5755 = EDGE_LOOP('',(#5756,#5757,#5758,#5766,#5772));
#5756 = ORIENTED_EDGE('',*,*,#5570,.F.);
#5757 = ORIENTED_EDGE('',*,*,#2622,.F.);
#5758 = ORIENTED_EDGE('',*,*,#5759,.T.);
#5759 = EDGE_CURVE('',#2615,#5760,#5762,.T.);
#5760 = VERTEX_POINT('',#5761);
#5761 = CARTESIAN_POINT('',(-1.017181,-2.230469,11.075));
#5762 = LINE('',#5763,#5764);
#5763 = CARTESIAN_POINT('',(-2.017181,-2.230469,11.075));
#5764 = VECTOR('',#5765,1.);
#5765 = DIRECTION('',(1.,1.224606353822E-16,0.));
#5766 = ORIENTED_EDGE('',*,*,#5767,.T.);
#5767 = EDGE_CURVE('',#5760,#5293,#5768,.T.);
#5768 = LINE('',#5769,#5770);
#5769 = CARTESIAN_POINT('',(-1.017181,-3.466092364838E-16,11.075));
#5770 = VECTOR('',#5771,1.);
#5771 = DIRECTION('',(-1.224606353822E-16,1.,0.));
#5772 = ORIENTED_EDGE('',*,*,#5292,.T.);
#5773 = PLANE('',#5774);
#5774 = AXIS2_PLACEMENT_3D('',#5775,#5776,#5777);
#5775 = CARTESIAN_POINT('',(-2.5571834,-1.530469,11.075));
#5776 = DIRECTION('',(0.,0.,-1.));
#5777 = DIRECTION('',(1.224606353822E-16,-1.,0.));
#5778 = ADVANCED_FACE('',(#5779),#5820,.T.);
#5779 = FACE_BOUND('',#5780,.T.);
#5780 = EDGE_LOOP('',(#5781,#5791,#5799,#5805,#5806,#5807,#5813,#5814));
#5781 = ORIENTED_EDGE('',*,*,#5782,.T.);
#5782 = EDGE_CURVE('',#5783,#5785,#5787,.T.);
#5783 = VERTEX_POINT('',#5784);
#5784 = CARTESIAN_POINT('',(8.2819E-02,-2.230469,9.8));
#5785 = VERTEX_POINT('',#5786);
#5786 = CARTESIAN_POINT('',(8.2819E-02,-2.230469,10.775));
#5787 = LINE('',#5788,#5789);
#5788 = CARTESIAN_POINT('',(8.2819E-02,-2.230469,9.8));
#5789 = VECTOR('',#5790,1.);
#5790 = DIRECTION('',(0.,0.,1.));
#5791 = ORIENTED_EDGE('',*,*,#5792,.F.);
#5792 = EDGE_CURVE('',#5793,#5785,#5795,.T.);
#5793 = VERTEX_POINT('',#5794);
#5794 = CARTESIAN_POINT('',(-1.017181,-2.230469,10.775));
#5795 = LINE('',#5796,#5797);
#5796 = CARTESIAN_POINT('',(5.110004601535E-17,-2.230469,10.775));
#5797 = VECTOR('',#5798,1.);
#5798 = DIRECTION('',(1.,1.224606353822E-16,0.));
#5799 = ORIENTED_EDGE('',*,*,#5800,.T.);
#5800 = EDGE_CURVE('',#5793,#5760,#5801,.T.);
#5801 = LINE('',#5802,#5803);
#5802 = CARTESIAN_POINT('',(-1.017181,-2.230469,15.625));
#5803 = VECTOR('',#5804,1.);
#5804 = DIRECTION('',(0.,0.,1.));
#5805 = ORIENTED_EDGE('',*,*,#5759,.F.);
#5806 = ORIENTED_EDGE('',*,*,#2614,.F.);
#5807 = ORIENTED_EDGE('',*,*,#5808,.F.);
#5808 = EDGE_CURVE('',#3312,#2607,#5809,.T.);
#5809 = LINE('',#5810,#5811);
#5810 = CARTESIAN_POINT('',(5.110004601535E-17,-2.230469,10.775));
#5811 = VECTOR('',#5812,1.);
#5812 = DIRECTION('',(1.,1.224606353822E-16,0.));
#5813 = ORIENTED_EDGE('',*,*,#3311,.T.);
#5814 = ORIENTED_EDGE('',*,*,#5815,.T.);
#5815 = EDGE_CURVE('',#3302,#5783,#5816,.T.);
#5816 = LINE('',#5817,#5818);
#5817 = CARTESIAN_POINT('',(-0.117181,-2.230469,9.8));
#5818 = VECTOR('',#5819,1.);
#5819 = DIRECTION('',(1.,1.224606353822E-16,0.));
#5820 = PLANE('',#5821);
#5821 = AXIS2_PLACEMENT_3D('',#5822,#5823,#5824);
#5822 = CARTESIAN_POINT('',(-0.268395264475,-2.230469,10.753176035988));
#5823 = DIRECTION('',(1.224606353822E-16,-1.,0.));
#5824 = DIRECTION('',(1.,1.224606353822E-16,0.));
#5825 = ADVANCED_FACE('',(#5826),#5851,.F.);
#5826 = FACE_BOUND('',#5827,.T.);
#5827 = EDGE_LOOP('',(#5828,#5829,#5837,#5843,#5844,#5850));
#5828 = ORIENTED_EDGE('',*,*,#4803,.F.);
#5829 = ORIENTED_EDGE('',*,*,#5830,.T.);
#5830 = EDGE_CURVE('',#4796,#5831,#5833,.T.);
#5831 = VERTEX_POINT('',#5832);
#5832 = CARTESIAN_POINT('',(-0.792181,2.769531,9.8));
#5833 = LINE('',#5834,#5835);
#5834 = CARTESIAN_POINT('',(-0.792181,2.769531,15.625));
#5835 = VECTOR('',#5836,1.);
#5836 = DIRECTION('',(0.,0.,-1.));
#5837 = ORIENTED_EDGE('',*,*,#5838,.T.);
#5838 = EDGE_CURVE('',#5831,#3304,#5839,.T.);
#5839 = LINE('',#5840,#5841);
#5840 = CARTESIAN_POINT('',(-5.612031308958E-16,2.769531,9.8));
#5841 = VECTOR('',#5842,1.);
#5842 = DIRECTION('',(-1.,-1.224606353822E-16,0.));
#5843 = ORIENTED_EDGE('',*,*,#3327,.T.);
#5844 = ORIENTED_EDGE('',*,*,#5845,.F.);
#5845 = EDGE_CURVE('',#2912,#3320,#5846,.T.);
#5846 = LINE('',#5847,#5848);
#5847 = CARTESIAN_POINT('',(-5.612031308958E-16,2.769531,10.775));
#5848 = VECTOR('',#5849,1.);
#5849 = DIRECTION('',(-1.,-1.224606353822E-16,0.));
#5850 = ORIENTED_EDGE('',*,*,#2911,.F.);
#5851 = PLANE('',#5852);
#5852 = AXIS2_PLACEMENT_3D('',#5853,#5854,#5855);
#5853 = CARTESIAN_POINT('',(-2.417181,2.769531,10.675));
#5854 = DIRECTION('',(1.224606353822E-16,-1.,-8.881784197001E-15));
#5855 = DIRECTION('',(-1.087668936093E-30,8.881784197001E-15,-1.));
#5856 = ADVANCED_FACE('',(#5857),#5867,.T.);
#5857 = FACE_BOUND('',#5858,.T.);
#5858 = EDGE_LOOP('',(#5859,#5860,#5861,#5862,#5863,#5864,#5865,#5866));
#5859 = ORIENTED_EDGE('',*,*,#5845,.T.);
#5860 = ORIENTED_EDGE('',*,*,#3319,.T.);
#5861 = ORIENTED_EDGE('',*,*,#5808,.T.);
#5862 = ORIENTED_EDGE('',*,*,#2606,.F.);
#5863 = ORIENTED_EDGE('',*,*,#3394,.T.);
#5864 = ORIENTED_EDGE('',*,*,#2064,.T.);
#5865 = ORIENTED_EDGE('',*,*,#1426,.T.);
#5866 = ORIENTED_EDGE('',*,*,#2919,.T.);
#5867 = PLANE('',#5868);
#5868 = AXIS2_PLACEMENT_3D('',#5869,#5870,#5871);
#5869 = CARTESIAN_POINT('',(-2.217181,0.969531,10.775));
#5870 = DIRECTION('',(-5.438344680463E-31,4.440892098501E-15,1.));
#5871 = DIRECTION('',(1.224606353822E-16,-1.,4.440892098501E-15));
#5872 = ADVANCED_FACE('',(#5873),#5891,.F.);
#5873 = FACE_BOUND('',#5874,.T.);
#5874 = EDGE_LOOP('',(#5875,#5876,#5877,#5885));
#5875 = ORIENTED_EDGE('',*,*,#5830,.F.);
#5876 = ORIENTED_EDGE('',*,*,#4795,.F.);
#5877 = ORIENTED_EDGE('',*,*,#5878,.F.);
#5878 = EDGE_CURVE('',#5879,#4788,#5881,.T.);
#5879 = VERTEX_POINT('',#5880);
#5880 = CARTESIAN_POINT('',(-0.792181,1.769531,9.8));
#5881 = LINE('',#5882,#5883);
#5882 = CARTESIAN_POINT('',(-0.792181,1.769531,9.8));
#5883 = VECTOR('',#5884,1.);
#5884 = DIRECTION('',(0.,0.,1.));
#5885 = ORIENTED_EDGE('',*,*,#5886,.T.);
#5886 = EDGE_CURVE('',#5879,#5831,#5887,.T.);
#5887 = LINE('',#5888,#5889);
#5888 = CARTESIAN_POINT('',(-0.792181,-3.190555935228E-16,9.8));
#5889 = VECTOR('',#5890,1.);
#5890 = DIRECTION('',(-2.057273622291E-16,1.,0.));
#5891 = PLANE('',#5892);
#5892 = AXIS2_PLACEMENT_3D('',#5893,#5894,#5895);
#5893 = CARTESIAN_POINT('',(-0.792181,2.669531,9.8));
#5894 = DIRECTION('',(-1.,1.431043868474E-14,0.));
#5895 = DIRECTION('',(-1.431043868474E-14,-1.,0.));
#5896 = ADVANCED_FACE('',(#5897),#5915,.F.);
#5897 = FACE_BOUND('',#5898,.T.);
#5898 = EDGE_LOOP('',(#5899,#5907,#5913,#5914));
#5899 = ORIENTED_EDGE('',*,*,#5900,.F.);
#5900 = EDGE_CURVE('',#5901,#3225,#5903,.T.);
#5901 = VERTEX_POINT('',#5902);
#5902 = CARTESIAN_POINT('',(1.182819,-2.030469,9.8));
#5903 = LINE('',#5904,#5905);
#5904 = CARTESIAN_POINT('',(1.182819,-2.030469,8.125));
#5905 = VECTOR('',#5906,1.);
#5906 = DIRECTION('',(0.,0.,1.));
#5907 = ORIENTED_EDGE('',*,*,#5908,.F.);
#5908 = EDGE_CURVE('',#4742,#5901,#5909,.T.);
#5909 = LINE('',#5910,#5911);
#5910 = CARTESIAN_POINT('',(1.182819,-7.719583864285E-17,9.8));
#5911 = VECTOR('',#5912,1.);
#5912 = DIRECTION('',(1.224606353822E-16,-1.,0.));
#5913 = ORIENTED_EDGE('',*,*,#4741,.T.);
#5914 = ORIENTED_EDGE('',*,*,#3232,.T.);
#5915 = PLANE('',#5916);
#5916 = AXIS2_PLACEMENT_3D('',#5917,#5918,#5919);
#5917 = CARTESIAN_POINT('',(1.182819,-0.192308457999,11.851723802384));
#5918 = DIRECTION('',(-1.,-1.224606353822E-16,0.));
#5919 = DIRECTION('',(-1.224606353822E-16,1.,0.));
#5920 = ADVANCED_FACE('',(#5921),#5934,.T.);
#5921 = FACE_BOUND('',#5922,.T.);
#5922 = EDGE_LOOP('',(#5923,#5929,#5930,#5931,#5932,#5933));
#5923 = ORIENTED_EDGE('',*,*,#5924,.T.);
#5924 = EDGE_CURVE('',#5793,#5115,#5925,.T.);
#5925 = LINE('',#5926,#5927);
#5926 = CARTESIAN_POINT('',(-1.017181,-3.466092364838E-16,10.775));
#5927 = VECTOR('',#5928,1.);
#5928 = DIRECTION('',(-1.224606353822E-16,1.,0.));
#5929 = ORIENTED_EDGE('',*,*,#5114,.T.);
#5930 = ORIENTED_EDGE('',*,*,#5729,.F.);
#5931 = ORIENTED_EDGE('',*,*,#5661,.F.);
#5932 = ORIENTED_EDGE('',*,*,#5767,.F.);
#5933 = ORIENTED_EDGE('',*,*,#5800,.F.);
#5934 = PLANE('',#5935);
#5935 = AXIS2_PLACEMENT_3D('',#5936,#5937,#5938);
#5936 = CARTESIAN_POINT('',(-1.017181,-2.030469,10.675));
#5937 = DIRECTION('',(1.,1.224606353822E-16,0.));
#5938 = DIRECTION('',(0.,0.,-1.));
#5939 = ADVANCED_FACE('',(#5940),#5960,.F.);
#5940 = FACE_BOUND('',#5941,.T.);
#5941 = EDGE_LOOP('',(#5942,#5943,#5949,#5950,#5956,#5957,#5958,#5959));
#5942 = ORIENTED_EDGE('',*,*,#2454,.F.);
#5943 = ORIENTED_EDGE('',*,*,#5944,.T.);
#5944 = EDGE_CURVE('',#2447,#3797,#5945,.T.);
#5945 = LINE('',#5946,#5947);
#5946 = CARTESIAN_POINT('',(2.660791893891E-17,-2.030469,10.775));
#5947 = VECTOR('',#5948,1.);
#5948 = DIRECTION('',(-1.,-1.224606353822E-16,0.));
#5949 = ORIENTED_EDGE('',*,*,#3822,.T.);
#5950 = ORIENTED_EDGE('',*,*,#5951,.F.);
#5951 = EDGE_CURVE('',#5901,#3815,#5952,.T.);
#5952 = LINE('',#5953,#5954);
#5953 = CARTESIAN_POINT('',(2.660791893891E-17,-2.030469,9.8));
#5954 = VECTOR('',#5955,1.);
#5955 = DIRECTION('',(-1.,-1.224606353822E-16,0.));
#5956 = ORIENTED_EDGE('',*,*,#5900,.T.);
#5957 = ORIENTED_EDGE('',*,*,#3224,.T.);
#5958 = ORIENTED_EDGE('',*,*,#978,.F.);
#5959 = ORIENTED_EDGE('',*,*,#1395,.F.);
#5960 = PLANE('',#5961);
#5961 = AXIS2_PLACEMENT_3D('',#5962,#5963,#5964);
#5962 = CARTESIAN_POINT('',(0.782819,-2.030469,24.8));
#5963 = DIRECTION('',(-1.224606353822E-16,1.,0.));
#5964 = DIRECTION('',(0.,0.,1.));
#5965 = ADVANCED_FACE('',(#5966),#5972,.F.);
#5966 = FACE_BOUND('',#5967,.T.);
#5967 = EDGE_LOOP('',(#5968,#5969,#5970,#5971));
#5968 = ORIENTED_EDGE('',*,*,#5153,.T.);
#5969 = ORIENTED_EDGE('',*,*,#3796,.F.);
#5970 = ORIENTED_EDGE('',*,*,#5944,.F.);
#5971 = ORIENTED_EDGE('',*,*,#2446,.T.);
#5972 = PLANE('',#5973);
#5973 = AXIS2_PLACEMENT_3D('',#5974,#5975,#5976);
#5974 = CARTESIAN_POINT('',(0.782819,-2.030469,10.775));
#5975 = DIRECTION('',(0.,0.,-1.));
#5976 = DIRECTION('',(-1.224606353822E-16,1.,0.));
#5977 = ADVANCED_FACE('',(#5978),#6032,.F.);
#5978 = FACE_BOUND('',#5979,.T.);
#5979 = EDGE_LOOP('',(#5980,#5990,#5998,#6006,#6012,#6013,#6014,#6015,
    #6016,#6017,#6018,#6026));
#5980 = ORIENTED_EDGE('',*,*,#5981,.T.);
#5981 = EDGE_CURVE('',#5982,#5984,#5986,.T.);
#5982 = VERTEX_POINT('',#5983);
#5983 = CARTESIAN_POINT('',(1.082819,-1.230469,9.8));
#5984 = VERTEX_POINT('',#5985);
#5985 = CARTESIAN_POINT('',(1.082819,1.369531,9.8));
#5986 = LINE('',#5987,#5988);
#5987 = CARTESIAN_POINT('',(1.082819,0.,9.8));
#5988 = VECTOR('',#5989,1.);
#5989 = DIRECTION('',(-4.827648034968E-33,1.,0.));
#5990 = ORIENTED_EDGE('',*,*,#5991,.F.);
#5991 = EDGE_CURVE('',#5992,#5984,#5994,.T.);
#5992 = VERTEX_POINT('',#5993);
#5993 = CARTESIAN_POINT('',(0.282819,1.369531,9.8));
#5994 = LINE('',#5995,#5996);
#5995 = CARTESIAN_POINT('',(-0.386712,1.369531,9.8));
#5996 = VECTOR('',#5997,1.);
#5997 = DIRECTION('',(1.,1.232595164408E-32,-6.123031769112E-17));
#5998 = ORIENTED_EDGE('',*,*,#5999,.F.);
#5999 = EDGE_CURVE('',#6000,#5992,#6002,.T.);
#6000 = VERTEX_POINT('',#6001);
#6001 = CARTESIAN_POINT('',(0.282819,1.769531,9.8));
#6002 = LINE('',#6003,#6004);
#6003 = CARTESIAN_POINT('',(0.282819,-1.874104104869E-16,9.8));
#6004 = VECTOR('',#6005,1.);
#6005 = DIRECTION('',(1.224606353822E-16,-1.,0.));
#6006 = ORIENTED_EDGE('',*,*,#6007,.F.);
#6007 = EDGE_CURVE('',#4865,#6000,#6008,.T.);
#6008 = LINE('',#6009,#6010);
#6009 = CARTESIAN_POINT('',(-4.387424955136E-16,1.769531,9.8));
#6010 = VECTOR('',#6011,1.);
#6011 = DIRECTION('',(1.,1.224606353822E-16,0.));
#6012 = ORIENTED_EDGE('',*,*,#4864,.T.);
#6013 = ORIENTED_EDGE('',*,*,#4749,.T.);
#6014 = ORIENTED_EDGE('',*,*,#5908,.T.);
#6015 = ORIENTED_EDGE('',*,*,#5951,.T.);
#6016 = ORIENTED_EDGE('',*,*,#3814,.T.);
#6017 = ORIENTED_EDGE('',*,*,#5146,.F.);
#6018 = ORIENTED_EDGE('',*,*,#6019,.T.);
#6019 = EDGE_CURVE('',#5139,#6020,#6022,.T.);
#6020 = VERTEX_POINT('',#6021);
#6021 = CARTESIAN_POINT('',(0.282819,-1.230469,9.8));
#6022 = LINE('',#6023,#6024);
#6023 = CARTESIAN_POINT('',(0.282819,-1.874104104869E-16,9.8));
#6024 = VECTOR('',#6025,1.);
#6025 = DIRECTION('',(-1.224606353822E-16,1.,0.));
#6026 = ORIENTED_EDGE('',*,*,#6027,.F.);
#6027 = EDGE_CURVE('',#5982,#6020,#6028,.T.);
#6028 = LINE('',#6029,#6030);
#6029 = CARTESIAN_POINT('',(-0.386712,-1.230469,9.8));
#6030 = VECTOR('',#6031,1.);
#6031 = DIRECTION('',(-1.,-1.232595164408E-32,6.123031769112E-17));
#6032 = PLANE('',#6033);
#6033 = AXIS2_PLACEMENT_3D('',#6034,#6035,#6036);
#6034 = CARTESIAN_POINT('',(-0.111413244036,-1.926413479559,9.8));
#6035 = DIRECTION('',(0.,0.,1.));
#6036 = DIRECTION('',(1.,1.224606353822E-16,-0.));
#6037 = ADVANCED_FACE('',(#6038),#6088,.T.);
#6038 = FACE_BOUND('',#6039,.T.);
#6039 = EDGE_LOOP('',(#6040,#6050,#6058,#6066,#6074,#6082));
#6040 = ORIENTED_EDGE('',*,*,#6041,.F.);
#6041 = EDGE_CURVE('',#6042,#6044,#6046,.T.);
#6042 = VERTEX_POINT('',#6043);
#6043 = CARTESIAN_POINT('',(-1.717181,0.969531,9.05));
#6044 = VERTEX_POINT('',#6045);
#6045 = CARTESIAN_POINT('',(-1.717181,1.769531,9.05));
#6046 = LINE('',#6047,#6048);
#6047 = CARTESIAN_POINT('',(-1.717181,-2.030469,9.05));
#6048 = VECTOR('',#6049,1.);
#6049 = DIRECTION('',(-1.224606353822E-16,1.,0.));
#6050 = ORIENTED_EDGE('',*,*,#6051,.T.);
#6051 = EDGE_CURVE('',#6042,#6052,#6054,.T.);
#6052 = VERTEX_POINT('',#6053);
#6053 = CARTESIAN_POINT('',(-1.717181,0.969531,9.59));
#6054 = LINE('',#6055,#6056);
#6055 = CARTESIAN_POINT('',(-1.717181,0.969531,15.625));
#6056 = VECTOR('',#6057,1.);
#6057 = DIRECTION('',(0.,0.,1.));
#6058 = ORIENTED_EDGE('',*,*,#6059,.T.);
#6059 = EDGE_CURVE('',#6052,#6060,#6062,.T.);
#6060 = VERTEX_POINT('',#6061);
#6061 = CARTESIAN_POINT('',(-1.717181,1.269531,9.59));
#6062 = LINE('',#6063,#6064);
#6063 = CARTESIAN_POINT('',(-1.717181,-4.323316812513E-16,9.59));
#6064 = VECTOR('',#6065,1.);
#6065 = DIRECTION('',(-1.224606353822E-16,1.,0.));
#6066 = ORIENTED_EDGE('',*,*,#6067,.T.);
#6067 = EDGE_CURVE('',#6060,#6068,#6070,.T.);
#6068 = VERTEX_POINT('',#6069);
#6069 = CARTESIAN_POINT('',(-1.717181,1.269531,9.8));
#6070 = LINE('',#6071,#6072);
#6071 = CARTESIAN_POINT('',(-1.717181,1.269531,9.8));
#6072 = VECTOR('',#6073,1.);
#6073 = DIRECTION('',(0.,0.,1.));
#6074 = ORIENTED_EDGE('',*,*,#6075,.F.);
#6075 = EDGE_CURVE('',#6076,#6068,#6078,.T.);
#6076 = VERTEX_POINT('',#6077);
#6077 = CARTESIAN_POINT('',(-1.717181,1.769531,9.8));
#6078 = LINE('',#6079,#6080);
#6079 = CARTESIAN_POINT('',(-1.717181,-4.323316812513E-16,9.8));
#6080 = VECTOR('',#6081,1.);
#6081 = DIRECTION('',(1.224606353822E-16,-1.,0.));
#6082 = ORIENTED_EDGE('',*,*,#6083,.F.);
#6083 = EDGE_CURVE('',#6044,#6076,#6084,.T.);
#6084 = LINE('',#6085,#6086);
#6085 = CARTESIAN_POINT('',(-1.717181,1.769531,9.8));
#6086 = VECTOR('',#6087,1.);
#6087 = DIRECTION('',(0.,0.,1.));
#6088 = PLANE('',#6089);
#6089 = AXIS2_PLACEMENT_3D('',#6090,#6091,#6092);
#6090 = CARTESIAN_POINT('',(-1.717181,-0.900529677232,17.099793359945));
#6091 = DIRECTION('',(-1.,-1.224606353822E-16,0.));
#6092 = DIRECTION('',(-1.224606353822E-16,1.,0.));
#6093 = ADVANCED_FACE('',(#6094),#6119,.F.);
#6094 = FACE_BOUND('',#6095,.T.);
#6095 = EDGE_LOOP('',(#6096,#6104,#6112,#6118));
#6096 = ORIENTED_EDGE('',*,*,#6097,.F.);
#6097 = EDGE_CURVE('',#6098,#6044,#6100,.T.);
#6098 = VERTEX_POINT('',#6099);
#6099 = CARTESIAN_POINT('',(0.282819,1.769531,9.05));
#6100 = LINE('',#6101,#6102);
#6101 = CARTESIAN_POINT('',(1.182819,1.769531,9.05));
#6102 = VECTOR('',#6103,1.);
#6103 = DIRECTION('',(-1.,-1.224606353822E-16,0.));
#6104 = ORIENTED_EDGE('',*,*,#6105,.F.);
#6105 = EDGE_CURVE('',#6106,#6098,#6108,.T.);
#6106 = VERTEX_POINT('',#6107);
#6107 = CARTESIAN_POINT('',(0.282819,0.969531,9.05));
#6108 = LINE('',#6109,#6110);
#6109 = CARTESIAN_POINT('',(0.282819,0.969531,9.05));
#6110 = VECTOR('',#6111,1.);
#6111 = DIRECTION('',(-3.453129709258E-15,1.,0.));
#6112 = ORIENTED_EDGE('',*,*,#6113,.T.);
#6113 = EDGE_CURVE('',#6106,#6042,#6114,.T.);
#6114 = LINE('',#6115,#6116);
#6115 = CARTESIAN_POINT('',(-3.407739872078E-16,0.969531,9.05));
#6116 = VECTOR('',#6117,1.);
#6117 = DIRECTION('',(-1.,-1.224606353822E-16,0.));
#6118 = ORIENTED_EDGE('',*,*,#6041,.T.);
#6119 = PLANE('',#6120);
#6120 = AXIS2_PLACEMENT_3D('',#6121,#6122,#6123);
#6121 = CARTESIAN_POINT('',(1.182819,1.769531,9.05));
#6122 = DIRECTION('',(0.,0.,1.));
#6123 = DIRECTION('',(-1.224606353822E-16,1.,0.));
#6124 = ADVANCED_FACE('',(#6125),#6143,.F.);
#6125 = FACE_BOUND('',#6126,.T.);
#6126 = EDGE_LOOP('',(#6127,#6135,#6141,#6142));
#6127 = ORIENTED_EDGE('',*,*,#6128,.F.);
#6128 = EDGE_CURVE('',#6129,#6106,#6131,.T.);
#6129 = VERTEX_POINT('',#6130);
#6130 = CARTESIAN_POINT('',(0.282819,0.969531,9.59));
#6131 = LINE('',#6132,#6133);
#6132 = CARTESIAN_POINT('',(0.282819,0.969531,15.625));
#6133 = VECTOR('',#6134,1.);
#6134 = DIRECTION('',(0.,0.,-1.));
#6135 = ORIENTED_EDGE('',*,*,#6136,.F.);
#6136 = EDGE_CURVE('',#6052,#6129,#6137,.T.);
#6137 = LINE('',#6138,#6139);
#6138 = CARTESIAN_POINT('',(-3.407739872078E-16,0.969531,9.59));
#6139 = VECTOR('',#6140,1.);
#6140 = DIRECTION('',(1.,1.224606353822E-16,0.));
#6141 = ORIENTED_EDGE('',*,*,#6051,.F.);
#6142 = ORIENTED_EDGE('',*,*,#6113,.F.);
#6143 = PLANE('',#6144);
#6144 = AXIS2_PLACEMENT_3D('',#6145,#6146,#6147);
#6145 = CARTESIAN_POINT('',(0.182819,0.969531,9.05));
#6146 = DIRECTION('',(-1.224606353822E-16,1.,0.));
#6147 = DIRECTION('',(-1.,-1.224606353822E-16,0.));
#6148 = ADVANCED_FACE('',(#6149),#6167,.F.);
#6149 = FACE_BOUND('',#6150,.T.);
#6150 = EDGE_LOOP('',(#6151,#6159,#6160,#6161));
#6151 = ORIENTED_EDGE('',*,*,#6152,.F.);
#6152 = EDGE_CURVE('',#6060,#6153,#6155,.T.);
#6153 = VERTEX_POINT('',#6154);
#6154 = CARTESIAN_POINT('',(0.282819,1.269531,9.59));
#6155 = LINE('',#6156,#6157);
#6156 = CARTESIAN_POINT('',(-3.775121778225E-16,1.269531,9.59));
#6157 = VECTOR('',#6158,1.);
#6158 = DIRECTION('',(1.,1.224606353822E-16,0.));
#6159 = ORIENTED_EDGE('',*,*,#6059,.F.);
#6160 = ORIENTED_EDGE('',*,*,#6136,.T.);
#6161 = ORIENTED_EDGE('',*,*,#6162,.F.);
#6162 = EDGE_CURVE('',#6153,#6129,#6163,.T.);
#6163 = LINE('',#6164,#6165);
#6164 = CARTESIAN_POINT('',(0.282819,-1.874104104869E-16,9.59));
#6165 = VECTOR('',#6166,1.);
#6166 = DIRECTION('',(1.224606353822E-16,-1.,0.));
#6167 = PLANE('',#6168);
#6168 = AXIS2_PLACEMENT_3D('',#6169,#6170,#6171);
#6169 = CARTESIAN_POINT('',(1.182819,0.969531,9.59));
#6170 = DIRECTION('',(0.,0.,-1.));
#6171 = DIRECTION('',(1.224606353822E-16,-1.,0.));
#6172 = ADVANCED_FACE('',(#6173),#6263,.F.);
#6173 = FACE_BOUND('',#6174,.T.);
#6174 = EDGE_LOOP('',(#6175,#6176,#6177,#6185,#6193,#6201,#6209,#6217,
    #6225,#6233,#6241,#6249,#6257));
#6175 = ORIENTED_EDGE('',*,*,#6067,.F.);
#6176 = ORIENTED_EDGE('',*,*,#6152,.T.);
#6177 = ORIENTED_EDGE('',*,*,#6178,.F.);
#6178 = EDGE_CURVE('',#6179,#6153,#6181,.T.);
#6179 = VERTEX_POINT('',#6180);
#6180 = CARTESIAN_POINT('',(0.282819,1.269531,9.6));
#6181 = LINE('',#6182,#6183);
#6182 = CARTESIAN_POINT('',(0.282819,1.269531,9.8));
#6183 = VECTOR('',#6184,1.);
#6184 = DIRECTION('',(0.,0.,-1.));
#6185 = ORIENTED_EDGE('',*,*,#6186,.F.);
#6186 = EDGE_CURVE('',#6187,#6179,#6189,.T.);
#6187 = VERTEX_POINT('',#6188);
#6188 = CARTESIAN_POINT('',(0.282819,1.269531,9.8));
#6189 = LINE('',#6190,#6191);
#6190 = CARTESIAN_POINT('',(0.282819,1.269531,24.375));
#6191 = VECTOR('',#6192,1.);
#6192 = DIRECTION('',(-1.224606353822E-16,-2.465190328816E-32,-1.));
#6193 = ORIENTED_EDGE('',*,*,#6194,.T.);
#6194 = EDGE_CURVE('',#6187,#6195,#6197,.T.);
#6195 = VERTEX_POINT('',#6196);
#6196 = CARTESIAN_POINT('',(-0.417181,1.269531,9.8));
#6197 = LINE('',#6198,#6199);
#6198 = CARTESIAN_POINT('',(-3.775121778225E-16,1.269531,9.8));
#6199 = VECTOR('',#6200,1.);
#6200 = DIRECTION('',(-1.,-1.224606353822E-16,0.));
#6201 = ORIENTED_EDGE('',*,*,#6202,.F.);
#6202 = EDGE_CURVE('',#6203,#6195,#6205,.T.);
#6203 = VERTEX_POINT('',#6204);
#6204 = CARTESIAN_POINT('',(-0.417181,1.269531,9.6));
#6205 = LINE('',#6206,#6207);
#6206 = CARTESIAN_POINT('',(-0.417181,1.269531,24.375));
#6207 = VECTOR('',#6208,1.);
#6208 = DIRECTION('',(1.224606353822E-16,2.465190328816E-32,1.));
#6209 = ORIENTED_EDGE('',*,*,#6210,.T.);
#6210 = EDGE_CURVE('',#6203,#6211,#6213,.T.);
#6211 = VERTEX_POINT('',#6212);
#6212 = CARTESIAN_POINT('',(-0.750514333333,1.269531,9.6));
#6213 = LINE('',#6214,#6215);
#6214 = CARTESIAN_POINT('',(0.,1.269531,9.6));
#6215 = VECTOR('',#6216,1.);
#6216 = DIRECTION('',(-1.,-1.224606353822E-16,1.224606353822E-16));
#6217 = ORIENTED_EDGE('',*,*,#6218,.F.);
#6218 = EDGE_CURVE('',#6219,#6211,#6221,.T.);
#6219 = VERTEX_POINT('',#6220);
#6220 = CARTESIAN_POINT('',(-0.750514333333,1.269531,9.8));
#6221 = LINE('',#6222,#6223);
#6222 = CARTESIAN_POINT('',(-0.750514333333,1.269531,24.375));
#6223 = VECTOR('',#6224,1.);
#6224 = DIRECTION('',(8.164042358816E-17,9.383406169243E-33,-1.));
#6225 = ORIENTED_EDGE('',*,*,#6226,.T.);
#6226 = EDGE_CURVE('',#6219,#6227,#6229,.T.);
#6227 = VERTEX_POINT('',#6228);
#6228 = CARTESIAN_POINT('',(-0.917181,1.269531,9.8));
#6229 = LINE('',#6230,#6231);
#6230 = CARTESIAN_POINT('',(-3.775121778225E-16,1.269531,9.8));
#6231 = VECTOR('',#6232,1.);
#6232 = DIRECTION('',(-1.,-1.224606353822E-16,0.));
#6233 = ORIENTED_EDGE('',*,*,#6234,.F.);
#6234 = EDGE_CURVE('',#6235,#6227,#6237,.T.);
#6235 = VERTEX_POINT('',#6236);
#6236 = CARTESIAN_POINT('',(-0.917181,1.269531,9.6));
#6237 = LINE('',#6238,#6239);
#6238 = CARTESIAN_POINT('',(-0.917181,1.269531,24.375));
#6239 = VECTOR('',#6240,1.);
#6240 = DIRECTION('',(1.224606353822E-16,2.465190328816E-32,1.));
#6241 = ORIENTED_EDGE('',*,*,#6242,.T.);
#6242 = EDGE_CURVE('',#6235,#6243,#6245,.T.);
#6243 = VERTEX_POINT('',#6244);
#6244 = CARTESIAN_POINT('',(-1.167181,1.269531,9.6));
#6245 = LINE('',#6246,#6247);
#6246 = CARTESIAN_POINT('',(0.,1.269531,9.6));
#6247 = VECTOR('',#6248,1.);
#6248 = DIRECTION('',(-1.,-1.224606353822E-16,1.224606353822E-16));
#6249 = ORIENTED_EDGE('',*,*,#6250,.F.);
#6250 = EDGE_CURVE('',#6251,#6243,#6253,.T.);
#6251 = VERTEX_POINT('',#6252);
#6252 = CARTESIAN_POINT('',(-1.167181,1.269531,9.8));
#6253 = LINE('',#6254,#6255);
#6254 = CARTESIAN_POINT('',(-1.167181,1.269531,24.375));
#6255 = VECTOR('',#6256,1.);
#6256 = DIRECTION('',(1.836909530734E-16,1.964070873649E-32,-1.));
#6257 = ORIENTED_EDGE('',*,*,#6258,.T.);
#6258 = EDGE_CURVE('',#6251,#6068,#6259,.T.);
#6259 = LINE('',#6260,#6261);
#6260 = CARTESIAN_POINT('',(-3.775121778225E-16,1.269531,9.8));
#6261 = VECTOR('',#6262,1.);
#6262 = DIRECTION('',(-1.,-1.224606353822E-16,0.));
#6263 = PLANE('',#6264);
#6264 = AXIS2_PLACEMENT_3D('',#6265,#6266,#6267);
#6265 = CARTESIAN_POINT('',(0.282819,1.269531,9.8));
#6266 = DIRECTION('',(-1.224606353822E-16,1.,0.));
#6267 = DIRECTION('',(-1.,-1.224606353822E-16,0.));
#6268 = ADVANCED_FACE('',(#6269),#6310,.T.);
#6269 = FACE_BOUND('',#6270,.T.);
#6270 = EDGE_LOOP('',(#6271,#6281,#6287,#6288,#6296,#6304));
#6271 = ORIENTED_EDGE('',*,*,#6272,.T.);
#6272 = EDGE_CURVE('',#6273,#6275,#6277,.T.);
#6273 = VERTEX_POINT('',#6274);
#6274 = CARTESIAN_POINT('',(-1.717181,-1.130469,9.59));
#6275 = VERTEX_POINT('',#6276);
#6276 = CARTESIAN_POINT('',(-1.717181,-0.830469,9.59));
#6277 = LINE('',#6278,#6279);
#6278 = CARTESIAN_POINT('',(-1.717181,-4.323316812513E-16,9.59));
#6279 = VECTOR('',#6280,1.);
#6280 = DIRECTION('',(9.877623892429E-16,1.,0.));
#6281 = ORIENTED_EDGE('',*,*,#6282,.T.);
#6282 = EDGE_CURVE('',#6275,#2166,#6283,.T.);
#6283 = LINE('',#6284,#6285);
#6284 = CARTESIAN_POINT('',(-1.717181,-0.830469,15.625));
#6285 = VECTOR('',#6286,1.);
#6286 = DIRECTION('',(0.,0.,-1.));
#6287 = ORIENTED_EDGE('',*,*,#2191,.F.);
#6288 = ORIENTED_EDGE('',*,*,#6289,.T.);
#6289 = EDGE_CURVE('',#2184,#6290,#6292,.T.);
#6290 = VERTEX_POINT('',#6291);
#6291 = CARTESIAN_POINT('',(-1.717181,-1.630469,9.8));
#6292 = LINE('',#6293,#6294);
#6293 = CARTESIAN_POINT('',(-1.717181,-1.630469,9.8));
#6294 = VECTOR('',#6295,1.);
#6295 = DIRECTION('',(0.,0.,1.));
#6296 = ORIENTED_EDGE('',*,*,#6297,.F.);
#6297 = EDGE_CURVE('',#6298,#6290,#6300,.T.);
#6298 = VERTEX_POINT('',#6299);
#6299 = CARTESIAN_POINT('',(-1.717181,-1.130469,9.8));
#6300 = LINE('',#6301,#6302);
#6301 = CARTESIAN_POINT('',(-1.717181,-4.323316812513E-16,9.8));
#6302 = VECTOR('',#6303,1.);
#6303 = DIRECTION('',(1.224606353822E-16,-1.,0.));
#6304 = ORIENTED_EDGE('',*,*,#6305,.F.);
#6305 = EDGE_CURVE('',#6273,#6298,#6306,.T.);
#6306 = LINE('',#6307,#6308);
#6307 = CARTESIAN_POINT('',(-1.717181,-1.130469,9.8));
#6308 = VECTOR('',#6309,1.);
#6309 = DIRECTION('',(0.,0.,1.));
#6310 = PLANE('',#6311);
#6311 = AXIS2_PLACEMENT_3D('',#6312,#6313,#6314);
#6312 = CARTESIAN_POINT('',(-1.717181,-0.900529677232,17.099793359945));
#6313 = DIRECTION('',(-1.,-1.224606353822E-16,0.));
#6314 = DIRECTION('',(-1.224606353822E-16,1.,0.));
#6315 = ADVANCED_FACE('',(#6316),#6334,.F.);
#6316 = FACE_BOUND('',#6317,.T.);
#6317 = EDGE_LOOP('',(#6318,#6319,#6327,#6333));
#6318 = ORIENTED_EDGE('',*,*,#6282,.F.);
#6319 = ORIENTED_EDGE('',*,*,#6320,.F.);
#6320 = EDGE_CURVE('',#6321,#6275,#6323,.T.);
#6321 = VERTEX_POINT('',#6322);
#6322 = CARTESIAN_POINT('',(0.282819,-0.830469,9.59));
#6323 = LINE('',#6324,#6325);
#6324 = CARTESIAN_POINT('',(-1.203448435198E-16,-0.830469,9.59));
#6325 = VECTOR('',#6326,1.);
#6326 = DIRECTION('',(-1.,9.877623892429E-16,0.));
#6327 = ORIENTED_EDGE('',*,*,#6328,.F.);
#6328 = EDGE_CURVE('',#2168,#6321,#6329,.T.);
#6329 = LINE('',#6330,#6331);
#6330 = CARTESIAN_POINT('',(0.282819,-0.830469,15.625));
#6331 = VECTOR('',#6332,1.);
#6332 = DIRECTION('',(0.,0.,1.));
#6333 = ORIENTED_EDGE('',*,*,#2165,.F.);
#6334 = PLANE('',#6335);
#6335 = AXIS2_PLACEMENT_3D('',#6336,#6337,#6338);
#6336 = CARTESIAN_POINT('',(-4.365896180731E-02,-0.830469,9.446483253213
    ));
#6337 = DIRECTION('',(-9.877623892429E-16,-1.,0.));
#6338 = DIRECTION('',(-1.,9.877623892429E-16,0.));
#6339 = ADVANCED_FACE('',(#6340),#6380,.F.);
#6340 = FACE_BOUND('',#6341,.T.);
#6341 = EDGE_LOOP('',(#6342,#6352,#6358,#6359,#6365,#6366,#6372,#6373,
    #6374));
#6342 = ORIENTED_EDGE('',*,*,#6343,.F.);
#6343 = EDGE_CURVE('',#6344,#6346,#6348,.T.);
#6344 = VERTEX_POINT('',#6345);
#6345 = CARTESIAN_POINT('',(0.282819,-1.130469,9.6));
#6346 = VERTEX_POINT('',#6347);
#6347 = CARTESIAN_POINT('',(0.282819,-1.130469,9.59));
#6348 = LINE('',#6349,#6350);
#6349 = CARTESIAN_POINT('',(0.282819,-1.130469,9.8));
#6350 = VECTOR('',#6351,1.);
#6351 = DIRECTION('',(0.,0.,-1.));
#6352 = ORIENTED_EDGE('',*,*,#6353,.T.);
#6353 = EDGE_CURVE('',#6344,#4841,#6354,.T.);
#6354 = LINE('',#6355,#6356);
#6355 = CARTESIAN_POINT('',(0.282819,0.,9.6));
#6356 = VECTOR('',#6357,1.);
#6357 = DIRECTION('',(1.224606353822E-16,-1.,6.123031769112E-17));
#6358 = ORIENTED_EDGE('',*,*,#4848,.F.);
#6359 = ORIENTED_EDGE('',*,*,#6360,.T.);
#6360 = EDGE_CURVE('',#4822,#3489,#6361,.T.);
#6361 = LINE('',#6362,#6363);
#6362 = CARTESIAN_POINT('',(0.282819,-1.430469,24.375));
#6363 = VECTOR('',#6364,1.);
#6364 = DIRECTION('',(1.232595164408E-32,-6.123031769112E-17,-1.));
#6365 = ORIENTED_EDGE('',*,*,#3488,.T.);
#6366 = ORIENTED_EDGE('',*,*,#6367,.T.);
#6367 = EDGE_CURVE('',#3481,#2176,#6368,.T.);
#6368 = LINE('',#6369,#6370);
#6369 = CARTESIAN_POINT('',(0.282819,-1.630469,15.625));
#6370 = VECTOR('',#6371,1.);
#6371 = DIRECTION('',(0.,0.,-1.));
#6372 = ORIENTED_EDGE('',*,*,#2175,.T.);
#6373 = ORIENTED_EDGE('',*,*,#6328,.T.);
#6374 = ORIENTED_EDGE('',*,*,#6375,.T.);
#6375 = EDGE_CURVE('',#6321,#6346,#6376,.T.);
#6376 = LINE('',#6377,#6378);
#6377 = CARTESIAN_POINT('',(0.282819,-0.830469,9.59));
#6378 = VECTOR('',#6379,1.);
#6379 = DIRECTION('',(-9.877623892429E-16,-1.,0.));
#6380 = PLANE('',#6381);
#6381 = AXIS2_PLACEMENT_3D('',#6382,#6383,#6384);
#6382 = CARTESIAN_POINT('',(0.282819,-0.900529677232,17.099793359945));
#6383 = DIRECTION('',(-1.,-1.224606353822E-16,0.));
#6384 = DIRECTION('',(-1.224606353822E-16,1.,0.));
#6385 = ADVANCED_FACE('',(#6386),#6397,.T.);
#6386 = FACE_BOUND('',#6387,.T.);
#6387 = EDGE_LOOP('',(#6388,#6394,#6395,#6396));
#6388 = ORIENTED_EDGE('',*,*,#6389,.T.);
#6389 = EDGE_CURVE('',#4824,#3471,#6390,.T.);
#6390 = LINE('',#6391,#6392);
#6391 = CARTESIAN_POINT('',(1.082819,-1.430469,24.375));
#6392 = VECTOR('',#6393,1.);
#6393 = DIRECTION('',(-1.224606353822E-16,-6.123031769112E-17,-1.));
#6394 = ORIENTED_EDGE('',*,*,#3496,.T.);
#6395 = ORIENTED_EDGE('',*,*,#6360,.F.);
#6396 = ORIENTED_EDGE('',*,*,#4821,.T.);
#6397 = PLANE('',#6398);
#6398 = AXIS2_PLACEMENT_3D('',#6399,#6400,#6401);
#6399 = CARTESIAN_POINT('',(1.082819,-1.430469,9.3));
#6400 = DIRECTION('',(-3.215020689727E-32,1.,-6.123031769112E-17));
#6401 = DIRECTION('',(-1.224606353822E-16,-6.123031769112E-17,-1.));
#6402 = ADVANCED_FACE('',(#6403),#6430,.T.);
#6403 = FACE_BOUND('',#6404,.T.);
#6404 = EDGE_LOOP('',(#6405,#6414,#6422,#6429));
#6405 = ORIENTED_EDGE('',*,*,#6406,.T.);
#6406 = EDGE_CURVE('',#5984,#6407,#6409,.T.);
#6407 = VERTEX_POINT('',#6408);
#6408 = CARTESIAN_POINT('',(1.082819,1.769531,9.4));
#6409 = CIRCLE('',#6410,0.4);
#6410 = AXIS2_PLACEMENT_3D('',#6411,#6412,#6413);
#6411 = CARTESIAN_POINT('',(1.082819,1.369531,9.4));
#6412 = DIRECTION('',(-1.,-1.232595164408E-32,1.224606353822E-16));
#6413 = DIRECTION('',(2.73225588623E-32,-1.,1.224606353822E-16));
#6414 = ORIENTED_EDGE('',*,*,#6415,.F.);
#6415 = EDGE_CURVE('',#6416,#6407,#6418,.T.);
#6416 = VERTEX_POINT('',#6417);
#6417 = CARTESIAN_POINT('',(0.282819,1.769531,9.4));
#6418 = LINE('',#6419,#6420);
#6419 = CARTESIAN_POINT('',(-0.386712,1.769531,9.4));
#6420 = VECTOR('',#6421,1.);
#6421 = DIRECTION('',(1.,1.232595164408E-32,-1.224606353822E-16));
#6422 = ORIENTED_EDGE('',*,*,#6423,.F.);
#6423 = EDGE_CURVE('',#5992,#6416,#6424,.T.);
#6424 = CIRCLE('',#6425,0.4);
#6425 = AXIS2_PLACEMENT_3D('',#6426,#6427,#6428);
#6426 = CARTESIAN_POINT('',(0.282819,1.369531,9.4));
#6427 = DIRECTION('',(-1.,-1.232595164408E-32,1.224606353822E-16));
#6428 = DIRECTION('',(2.73225588623E-32,-1.,1.224606353822E-16));
#6429 = ORIENTED_EDGE('',*,*,#5991,.T.);
#6430 = CYLINDRICAL_SURFACE('',#6431,0.4);
#6431 = AXIS2_PLACEMENT_3D('',#6432,#6433,#6434);
#6432 = CARTESIAN_POINT('',(-0.386712,1.369531,9.4));
#6433 = DIRECTION('',(1.,1.232595164408E-32,-1.224606353822E-16));
#6434 = DIRECTION('',(2.73225588623E-32,-1.,1.224606353822E-16));
#6435 = ADVANCED_FACE('',(#6436),#6446,.F.);
#6436 = FACE_BOUND('',#6437,.T.);
#6437 = EDGE_LOOP('',(#6438,#6439,#6445));
#6438 = ORIENTED_EDGE('',*,*,#6423,.T.);
#6439 = ORIENTED_EDGE('',*,*,#6440,.T.);
#6440 = EDGE_CURVE('',#6416,#6000,#6441,.T.);
#6441 = LINE('',#6442,#6443);
#6442 = CARTESIAN_POINT('',(0.282819,1.769531,15.625));
#6443 = VECTOR('',#6444,1.);
#6444 = DIRECTION('',(0.,0.,1.));
#6445 = ORIENTED_EDGE('',*,*,#5999,.T.);
#6446 = PLANE('',#6447);
#6447 = AXIS2_PLACEMENT_3D('',#6448,#6449,#6450);
#6448 = CARTESIAN_POINT('',(0.282819,-0.900529677232,17.099793359945));
#6449 = DIRECTION('',(-1.,-1.224606353822E-16,0.));
#6450 = DIRECTION('',(-1.224606353822E-16,1.,0.));
#6451 = ADVANCED_FACE('',(#6452),#6490,.T.);
#6452 = FACE_BOUND('',#6453,.T.);
#6453 = EDGE_LOOP('',(#6454,#6455,#6456,#6457,#6458,#6466,#6474,#6480,
    #6481,#6482,#6488,#6489));
#6454 = ORIENTED_EDGE('',*,*,#4872,.F.);
#6455 = ORIENTED_EDGE('',*,*,#6007,.T.);
#6456 = ORIENTED_EDGE('',*,*,#6440,.F.);
#6457 = ORIENTED_EDGE('',*,*,#6415,.T.);
#6458 = ORIENTED_EDGE('',*,*,#6459,.T.);
#6459 = EDGE_CURVE('',#6407,#6460,#6462,.T.);
#6460 = VERTEX_POINT('',#6461);
#6461 = CARTESIAN_POINT('',(1.082819,1.769531,9.3));
#6462 = LINE('',#6463,#6464);
#6463 = CARTESIAN_POINT('',(1.082819,1.769531,24.375));
#6464 = VECTOR('',#6465,1.);
#6465 = DIRECTION('',(-1.224606353822E-16,-6.123031769112E-17,-1.));
#6466 = ORIENTED_EDGE('',*,*,#6467,.T.);
#6467 = EDGE_CURVE('',#6460,#6468,#6470,.T.);
#6468 = VERTEX_POINT('',#6469);
#6469 = CARTESIAN_POINT('',(0.282819,1.769531,9.3));
#6470 = LINE('',#6471,#6472);
#6471 = CARTESIAN_POINT('',(1.082819,1.769531,9.3));
#6472 = VECTOR('',#6473,1.);
#6473 = DIRECTION('',(-1.,-2.465190328816E-32,1.224606353822E-16));
#6474 = ORIENTED_EDGE('',*,*,#6475,.F.);
#6475 = EDGE_CURVE('',#6098,#6468,#6476,.T.);
#6476 = LINE('',#6477,#6478);
#6477 = CARTESIAN_POINT('',(0.282819,1.769531,15.625));
#6478 = VECTOR('',#6479,1.);
#6479 = DIRECTION('',(0.,0.,1.));
#6480 = ORIENTED_EDGE('',*,*,#6097,.T.);
#6481 = ORIENTED_EDGE('',*,*,#6083,.T.);
#6482 = ORIENTED_EDGE('',*,*,#6483,.T.);
#6483 = EDGE_CURVE('',#6076,#5879,#6484,.T.);
#6484 = LINE('',#6485,#6486);
#6485 = CARTESIAN_POINT('',(-4.387424955136E-16,1.769531,9.8));
#6486 = VECTOR('',#6487,1.);
#6487 = DIRECTION('',(1.,1.224606353822E-16,0.));
#6488 = ORIENTED_EDGE('',*,*,#5878,.T.);
#6489 = ORIENTED_EDGE('',*,*,#4787,.T.);
#6490 = PLANE('',#6491);
#6491 = AXIS2_PLACEMENT_3D('',#6492,#6493,#6494);
#6492 = CARTESIAN_POINT('',(-0.792181,1.769531,9.8));
#6493 = DIRECTION('',(-1.224606353822E-16,1.,0.));
#6494 = DIRECTION('',(-1.,-1.224606353822E-16,0.));
#6495 = ADVANCED_FACE('',(#6496),#6522,.F.);
#6496 = FACE_BOUND('',#6497,.T.);
#6497 = EDGE_LOOP('',(#6498,#6507,#6508,#6516));
#6498 = ORIENTED_EDGE('',*,*,#6499,.F.);
#6499 = EDGE_CURVE('',#6020,#6500,#6502,.T.);
#6500 = VERTEX_POINT('',#6501);
#6501 = CARTESIAN_POINT('',(0.282819,-1.630469,9.4));
#6502 = CIRCLE('',#6503,0.4);
#6503 = AXIS2_PLACEMENT_3D('',#6504,#6505,#6506);
#6504 = CARTESIAN_POINT('',(0.282819,-1.230469,9.4));
#6505 = DIRECTION('',(1.,1.232595164408E-32,-1.224606353822E-16));
#6506 = DIRECTION('',(-2.73225588623E-32,1.,-1.224606353822E-16));
#6507 = ORIENTED_EDGE('',*,*,#6019,.F.);
#6508 = ORIENTED_EDGE('',*,*,#6509,.T.);
#6509 = EDGE_CURVE('',#5139,#6510,#6512,.T.);
#6510 = VERTEX_POINT('',#6511);
#6511 = CARTESIAN_POINT('',(0.282819,-1.630469,9.8));
#6512 = LINE('',#6513,#6514);
#6513 = CARTESIAN_POINT('',(0.282819,-1.874104104869E-16,9.8));
#6514 = VECTOR('',#6515,1.);
#6515 = DIRECTION('',(1.224606353822E-16,-1.,0.));
#6516 = ORIENTED_EDGE('',*,*,#6517,.T.);
#6517 = EDGE_CURVE('',#6510,#6500,#6518,.T.);
#6518 = LINE('',#6519,#6520);
#6519 = CARTESIAN_POINT('',(0.282819,-1.630469,15.625));
#6520 = VECTOR('',#6521,1.);
#6521 = DIRECTION('',(0.,0.,-1.));
#6522 = PLANE('',#6523);
#6523 = AXIS2_PLACEMENT_3D('',#6524,#6525,#6526);
#6524 = CARTESIAN_POINT('',(0.282819,-0.900529677232,17.099793359945));
#6525 = DIRECTION('',(-1.,-1.224606353822E-16,0.));
#6526 = DIRECTION('',(-1.224606353822E-16,1.,0.));
#6527 = ADVANCED_FACE('',(#6528),#6547,.T.);
#6528 = FACE_BOUND('',#6529,.T.);
#6529 = EDGE_LOOP('',(#6530,#6531,#6539,#6546));
#6530 = ORIENTED_EDGE('',*,*,#6499,.T.);
#6531 = ORIENTED_EDGE('',*,*,#6532,.F.);
#6532 = EDGE_CURVE('',#6533,#6500,#6535,.T.);
#6533 = VERTEX_POINT('',#6534);
#6534 = CARTESIAN_POINT('',(1.082819,-1.630469,9.4));
#6535 = LINE('',#6536,#6537);
#6536 = CARTESIAN_POINT('',(-0.386712,-1.630469,9.4));
#6537 = VECTOR('',#6538,1.);
#6538 = DIRECTION('',(-1.,-1.232595164408E-32,1.224606353822E-16));
#6539 = ORIENTED_EDGE('',*,*,#6540,.F.);
#6540 = EDGE_CURVE('',#5982,#6533,#6541,.T.);
#6541 = CIRCLE('',#6542,0.4);
#6542 = AXIS2_PLACEMENT_3D('',#6543,#6544,#6545);
#6543 = CARTESIAN_POINT('',(1.082819,-1.230469,9.4));
#6544 = DIRECTION('',(1.,1.232595164408E-32,-1.224606353822E-16));
#6545 = DIRECTION('',(-2.73225588623E-32,1.,-1.224606353822E-16));
#6546 = ORIENTED_EDGE('',*,*,#6027,.T.);
#6547 = CYLINDRICAL_SURFACE('',#6548,0.4);
#6548 = AXIS2_PLACEMENT_3D('',#6549,#6550,#6551);
#6549 = CARTESIAN_POINT('',(-0.386712,-1.230469,9.4));
#6550 = DIRECTION('',(-1.,-1.232595164408E-32,1.224606353822E-16));
#6551 = DIRECTION('',(-2.73225588623E-32,1.,-1.224606353822E-16));
#6552 = ADVANCED_FACE('',(#6553),#6564,.T.);
#6553 = FACE_BOUND('',#6554,.T.);
#6554 = EDGE_LOOP('',(#6555,#6556,#6557,#6558));
#6555 = ORIENTED_EDGE('',*,*,#5122,.T.);
#6556 = ORIENTED_EDGE('',*,*,#5924,.F.);
#6557 = ORIENTED_EDGE('',*,*,#5792,.T.);
#6558 = ORIENTED_EDGE('',*,*,#6559,.T.);
#6559 = EDGE_CURVE('',#5785,#5123,#6560,.T.);
#6560 = LINE('',#6561,#6562);
#6561 = CARTESIAN_POINT('',(8.2819E-02,-2.119025375633E-16,10.775));
#6562 = VECTOR('',#6563,1.);
#6563 = DIRECTION('',(-1.224606353822E-16,1.,0.));
#6564 = PLANE('',#6565);
#6565 = AXIS2_PLACEMENT_3D('',#6566,#6567,#6568);
#6566 = CARTESIAN_POINT('',(1.182819,-2.030469,10.775));
#6567 = DIRECTION('',(0.,0.,1.));
#6568 = DIRECTION('',(1.,1.224606353822E-16,-0.));
#6569 = ADVANCED_FACE('',(#6570),#6589,.T.);
#6570 = FACE_BOUND('',#6571,.T.);
#6571 = EDGE_LOOP('',(#6572,#6573,#6581,#6587,#6588));
#6572 = ORIENTED_EDGE('',*,*,#5782,.F.);
#6573 = ORIENTED_EDGE('',*,*,#6574,.T.);
#6574 = EDGE_CURVE('',#5783,#6575,#6577,.T.);
#6575 = VERTEX_POINT('',#6576);
#6576 = CARTESIAN_POINT('',(8.2819E-02,-1.630469,9.8));
#6577 = LINE('',#6578,#6579);
#6578 = CARTESIAN_POINT('',(8.2819E-02,-2.119025375633E-16,9.8));
#6579 = VECTOR('',#6580,1.);
#6580 = DIRECTION('',(-1.224606353822E-16,1.,0.));
#6581 = ORIENTED_EDGE('',*,*,#6582,.T.);
#6582 = EDGE_CURVE('',#6575,#5131,#6583,.T.);
#6583 = LINE('',#6584,#6585);
#6584 = CARTESIAN_POINT('',(8.2819E-02,-2.119025375633E-16,9.8));
#6585 = VECTOR('',#6586,1.);
#6586 = DIRECTION('',(-1.224606353822E-16,1.,0.));
#6587 = ORIENTED_EDGE('',*,*,#5130,.T.);
#6588 = ORIENTED_EDGE('',*,*,#6559,.F.);
#6589 = PLANE('',#6590);
#6590 = AXIS2_PLACEMENT_3D('',#6591,#6592,#6593);
#6591 = CARTESIAN_POINT('',(8.2819E-02,-2.030469,9.8));
#6592 = DIRECTION('',(1.,1.224606353822E-16,0.));
#6593 = DIRECTION('',(0.,0.,-1.));
#6594 = ADVANCED_FACE('',(#6595),#6606,.F.);
#6595 = FACE_BOUND('',#6596,.T.);
#6596 = EDGE_LOOP('',(#6597,#6598,#6599,#6605));
#6597 = ORIENTED_EDGE('',*,*,#5138,.F.);
#6598 = ORIENTED_EDGE('',*,*,#6582,.F.);
#6599 = ORIENTED_EDGE('',*,*,#6600,.F.);
#6600 = EDGE_CURVE('',#6510,#6575,#6601,.T.);
#6601 = LINE('',#6602,#6603);
#6602 = CARTESIAN_POINT('',(1.182819,-1.630469,9.8));
#6603 = VECTOR('',#6604,1.);
#6604 = DIRECTION('',(-1.,-1.224606353822E-16,0.));
#6605 = ORIENTED_EDGE('',*,*,#6509,.F.);
#6606 = PLANE('',#6607);
#6607 = AXIS2_PLACEMENT_3D('',#6608,#6609,#6610);
#6608 = CARTESIAN_POINT('',(1.182819,-1.630469,9.8));
#6609 = DIRECTION('',(0.,0.,-1.));
#6610 = DIRECTION('',(1.224606353822E-16,-1.,0.));
#6611 = ADVANCED_FACE('',(#6612),#6633,.F.);
#6612 = FACE_BOUND('',#6613,.T.);
#6613 = EDGE_LOOP('',(#6614,#6615,#6621,#6622,#6623,#6624,#6625,#6631,
    #6632));
#6614 = ORIENTED_EDGE('',*,*,#6600,.T.);
#6615 = ORIENTED_EDGE('',*,*,#6616,.T.);
#6616 = EDGE_CURVE('',#6575,#6290,#6617,.T.);
#6617 = LINE('',#6618,#6619);
#6618 = CARTESIAN_POINT('',(-2.237633521399E-17,-1.630469,9.8));
#6619 = VECTOR('',#6620,1.);
#6620 = DIRECTION('',(-1.,-1.224606353822E-16,0.));
#6621 = ORIENTED_EDGE('',*,*,#6289,.F.);
#6622 = ORIENTED_EDGE('',*,*,#2183,.F.);
#6623 = ORIENTED_EDGE('',*,*,#6367,.F.);
#6624 = ORIENTED_EDGE('',*,*,#3480,.F.);
#6625 = ORIENTED_EDGE('',*,*,#6626,.T.);
#6626 = EDGE_CURVE('',#3473,#6533,#6627,.T.);
#6627 = LINE('',#6628,#6629);
#6628 = CARTESIAN_POINT('',(1.082819,-1.630469,24.375));
#6629 = VECTOR('',#6630,1.);
#6630 = DIRECTION('',(1.224606353822E-16,6.123031769112E-17,1.));
#6631 = ORIENTED_EDGE('',*,*,#6532,.T.);
#6632 = ORIENTED_EDGE('',*,*,#6517,.F.);
#6633 = PLANE('',#6634);
#6634 = AXIS2_PLACEMENT_3D('',#6635,#6636,#6637);
#6635 = CARTESIAN_POINT('',(1.182819,-1.630469,9.05));
#6636 = DIRECTION('',(-1.224606353822E-16,1.,0.));
#6637 = DIRECTION('',(0.,0.,-1.));
#6638 = ADVANCED_FACE('',(#6639),#6680,.T.);
#6639 = FACE_BOUND('',#6640,.T.);
#6640 = EDGE_LOOP('',(#6641,#6642,#6643,#6644,#6645,#6646,#6654,#6663,
    #6671,#6677,#6678,#6679));
#6641 = ORIENTED_EDGE('',*,*,#6540,.T.);
#6642 = ORIENTED_EDGE('',*,*,#6626,.F.);
#6643 = ORIENTED_EDGE('',*,*,#3470,.F.);
#6644 = ORIENTED_EDGE('',*,*,#6389,.F.);
#6645 = ORIENTED_EDGE('',*,*,#4831,.T.);
#6646 = ORIENTED_EDGE('',*,*,#6647,.F.);
#6647 = EDGE_CURVE('',#6648,#4832,#6650,.T.);
#6648 = VERTEX_POINT('',#6649);
#6649 = CARTESIAN_POINT('',(1.082819,1.369531,9.6));
#6650 = LINE('',#6651,#6652);
#6651 = CARTESIAN_POINT('',(1.082819,-0.44765,9.6));
#6652 = VECTOR('',#6653,1.);
#6653 = DIRECTION('',(1.232595164408E-32,-1.,6.123031769112E-17));
#6654 = ORIENTED_EDGE('',*,*,#6655,.F.);
#6655 = EDGE_CURVE('',#6656,#6648,#6658,.T.);
#6656 = VERTEX_POINT('',#6657);
#6657 = CARTESIAN_POINT('',(1.082819,1.569531,9.4));
#6658 = CIRCLE('',#6659,0.2);
#6659 = AXIS2_PLACEMENT_3D('',#6660,#6661,#6662);
#6660 = CARTESIAN_POINT('',(1.082819,1.369531,9.4));
#6661 = DIRECTION('',(1.,1.232595164408E-32,-1.224606353822E-16));
#6662 = DIRECTION('',(-2.73225588623E-32,1.,-1.224606353822E-16));
#6663 = ORIENTED_EDGE('',*,*,#6664,.F.);
#6664 = EDGE_CURVE('',#6665,#6656,#6667,.T.);
#6665 = VERTEX_POINT('',#6666);
#6666 = CARTESIAN_POINT('',(1.082819,1.569531,9.3));
#6667 = LINE('',#6668,#6669);
#6668 = CARTESIAN_POINT('',(1.082819,1.569531,24.375));
#6669 = VECTOR('',#6670,1.);
#6670 = DIRECTION('',(1.224606353822E-16,6.123031769112E-17,1.));
#6671 = ORIENTED_EDGE('',*,*,#6672,.F.);
#6672 = EDGE_CURVE('',#6460,#6665,#6673,.T.);
#6673 = LINE('',#6674,#6675);
#6674 = CARTESIAN_POINT('',(1.082819,-0.44765,9.3));
#6675 = VECTOR('',#6676,1.);
#6676 = DIRECTION('',(1.232595164408E-32,-1.,6.123031769112E-17));
#6677 = ORIENTED_EDGE('',*,*,#6459,.F.);
#6678 = ORIENTED_EDGE('',*,*,#6406,.F.);
#6679 = ORIENTED_EDGE('',*,*,#5981,.F.);
#6680 = PLANE('',#6681);
#6681 = AXIS2_PLACEMENT_3D('',#6682,#6683,#6684);
#6682 = CARTESIAN_POINT('',(1.082819,1.29518400696,9.684510345015));
#6683 = DIRECTION('',(1.,4.827648034968E-33,-1.224606353822E-16));
#6684 = DIRECTION('',(-1.232595164408E-32,1.,-6.123031769112E-17));
#6685 = ADVANCED_FACE('',(#6686),#6704,.T.);
#6686 = FACE_BOUND('',#6687,.T.);
#6687 = EDGE_LOOP('',(#6688,#6689,#6697,#6703));
#6688 = ORIENTED_EDGE('',*,*,#6672,.T.);
#6689 = ORIENTED_EDGE('',*,*,#6690,.T.);
#6690 = EDGE_CURVE('',#6665,#6691,#6693,.T.);
#6691 = VERTEX_POINT('',#6692);
#6692 = CARTESIAN_POINT('',(0.282819,1.569531,9.3));
#6693 = LINE('',#6694,#6695);
#6694 = CARTESIAN_POINT('',(1.082819,1.569531,9.3));
#6695 = VECTOR('',#6696,1.);
#6696 = DIRECTION('',(-1.,-2.465190328816E-32,1.224606353822E-16));
#6697 = ORIENTED_EDGE('',*,*,#6698,.F.);
#6698 = EDGE_CURVE('',#6468,#6691,#6699,.T.);
#6699 = LINE('',#6700,#6701);
#6700 = CARTESIAN_POINT('',(0.282819,0.,9.3));
#6701 = VECTOR('',#6702,1.);
#6702 = DIRECTION('',(1.224606353822E-16,-1.,6.123031769112E-17));
#6703 = ORIENTED_EDGE('',*,*,#6467,.F.);
#6704 = PLANE('',#6705);
#6705 = AXIS2_PLACEMENT_3D('',#6706,#6707,#6708);
#6706 = CARTESIAN_POINT('',(1.082819,1.569531,9.3));
#6707 = DIRECTION('',(-1.224606353822E-16,-6.123031769112E-17,-1.));
#6708 = DIRECTION('',(1.232595164408E-32,-1.,6.123031769112E-17));
#6709 = ADVANCED_FACE('',(#6710),#6728,.T.);
#6710 = FACE_BOUND('',#6711,.T.);
#6711 = EDGE_LOOP('',(#6712,#6720,#6721,#6722));
#6712 = ORIENTED_EDGE('',*,*,#6713,.F.);
#6713 = EDGE_CURVE('',#6691,#6714,#6716,.T.);
#6714 = VERTEX_POINT('',#6715);
#6715 = CARTESIAN_POINT('',(0.282819,1.569531,9.4));
#6716 = LINE('',#6717,#6718);
#6717 = CARTESIAN_POINT('',(0.282819,1.569531,24.375));
#6718 = VECTOR('',#6719,1.);
#6719 = DIRECTION('',(-1.232595164408E-32,6.123031769112E-17,1.));
#6720 = ORIENTED_EDGE('',*,*,#6690,.F.);
#6721 = ORIENTED_EDGE('',*,*,#6664,.T.);
#6722 = ORIENTED_EDGE('',*,*,#6723,.T.);
#6723 = EDGE_CURVE('',#6656,#6714,#6724,.T.);
#6724 = LINE('',#6725,#6726);
#6725 = CARTESIAN_POINT('',(-0.386712,1.569531,9.4));
#6726 = VECTOR('',#6727,1.);
#6727 = DIRECTION('',(-1.,-1.232595164408E-32,1.224606353822E-16));
#6728 = PLANE('',#6729);
#6729 = AXIS2_PLACEMENT_3D('',#6730,#6731,#6732);
#6730 = CARTESIAN_POINT('',(1.082819,1.569531,9.8));
#6731 = DIRECTION('',(3.215020689727E-32,-1.,6.123031769112E-17));
#6732 = DIRECTION('',(1.224606353822E-16,6.123031769112E-17,1.));
#6733 = ADVANCED_FACE('',(#6734),#6753,.F.);
#6734 = FACE_BOUND('',#6735,.F.);
#6735 = EDGE_LOOP('',(#6736,#6737,#6746,#6752));
#6736 = ORIENTED_EDGE('',*,*,#6723,.T.);
#6737 = ORIENTED_EDGE('',*,*,#6738,.T.);
#6738 = EDGE_CURVE('',#6714,#6739,#6741,.T.);
#6739 = VERTEX_POINT('',#6740);
#6740 = CARTESIAN_POINT('',(0.282819,1.369531,9.6));
#6741 = CIRCLE('',#6742,0.2);
#6742 = AXIS2_PLACEMENT_3D('',#6743,#6744,#6745);
#6743 = CARTESIAN_POINT('',(0.282819,1.369531,9.4));
#6744 = DIRECTION('',(1.,1.232595164408E-32,-1.224606353822E-16));
#6745 = DIRECTION('',(-2.73225588623E-32,1.,-1.224606353822E-16));
#6746 = ORIENTED_EDGE('',*,*,#6747,.F.);
#6747 = EDGE_CURVE('',#6648,#6739,#6748,.T.);
#6748 = LINE('',#6749,#6750);
#6749 = CARTESIAN_POINT('',(-0.386712,1.369531,9.6));
#6750 = VECTOR('',#6751,1.);
#6751 = DIRECTION('',(-1.,-1.232595164408E-32,1.224606353822E-16));
#6752 = ORIENTED_EDGE('',*,*,#6655,.F.);
#6753 = CYLINDRICAL_SURFACE('',#6754,0.2);
#6754 = AXIS2_PLACEMENT_3D('',#6755,#6756,#6757);
#6755 = CARTESIAN_POINT('',(-0.386712,1.369531,9.4));
#6756 = DIRECTION('',(-1.,-1.232595164408E-32,1.224606353822E-16));
#6757 = DIRECTION('',(-2.73225588623E-32,1.,-1.224606353822E-16));
#6758 = ADVANCED_FACE('',(#6759),#6775,.F.);
#6759 = FACE_BOUND('',#6760,.T.);
#6760 = EDGE_LOOP('',(#6761,#6762,#6763,#6764,#6765,#6766,#6767,#6768,
    #6774));
#6761 = ORIENTED_EDGE('',*,*,#6162,.T.);
#6762 = ORIENTED_EDGE('',*,*,#6128,.T.);
#6763 = ORIENTED_EDGE('',*,*,#6105,.T.);
#6764 = ORIENTED_EDGE('',*,*,#6475,.T.);
#6765 = ORIENTED_EDGE('',*,*,#6698,.T.);
#6766 = ORIENTED_EDGE('',*,*,#6713,.T.);
#6767 = ORIENTED_EDGE('',*,*,#6738,.T.);
#6768 = ORIENTED_EDGE('',*,*,#6769,.T.);
#6769 = EDGE_CURVE('',#6739,#6179,#6770,.T.);
#6770 = LINE('',#6771,#6772);
#6771 = CARTESIAN_POINT('',(0.282819,0.,9.6));
#6772 = VECTOR('',#6773,1.);
#6773 = DIRECTION('',(1.224606353822E-16,-1.,6.123031769112E-17));
#6774 = ORIENTED_EDGE('',*,*,#6178,.T.);
#6775 = PLANE('',#6776);
#6776 = AXIS2_PLACEMENT_3D('',#6777,#6778,#6779);
#6777 = CARTESIAN_POINT('',(0.282819,-0.900529677232,17.099793359945));
#6778 = DIRECTION('',(-1.,-1.224606353822E-16,0.));
#6779 = DIRECTION('',(-1.224606353822E-16,1.,0.));
#6780 = ADVANCED_FACE('',(#6781),#6873,.F.);
#6781 = FACE_BOUND('',#6782,.T.);
#6782 = EDGE_LOOP('',(#6783,#6784,#6785,#6786,#6787,#6788,#6789,#6790,
    #6798,#6807,#6815,#6823,#6831,#6839,#6847,#6856,#6864,#6870,#6871,
    #6872));
#6783 = ORIENTED_EDGE('',*,*,#5815,.F.);
#6784 = ORIENTED_EDGE('',*,*,#3301,.T.);
#6785 = ORIENTED_EDGE('',*,*,#5838,.F.);
#6786 = ORIENTED_EDGE('',*,*,#5886,.F.);
#6787 = ORIENTED_EDGE('',*,*,#6483,.F.);
#6788 = ORIENTED_EDGE('',*,*,#6075,.T.);
#6789 = ORIENTED_EDGE('',*,*,#6258,.F.);
#6790 = ORIENTED_EDGE('',*,*,#6791,.F.);
#6791 = EDGE_CURVE('',#6792,#6251,#6794,.T.);
#6792 = VERTEX_POINT('',#6793);
#6793 = CARTESIAN_POINT('',(-1.256404227028,1.251686354594,9.8));
#6794 = LINE('',#6795,#6796);
#6795 = CARTESIAN_POINT('',(0.,1.5029672,9.8));
#6796 = VECTOR('',#6797,1.);
#6797 = DIRECTION('',(0.980580675691,0.196116135138,0.));
#6798 = ORIENTED_EDGE('',*,*,#6799,.T.);
#6799 = EDGE_CURVE('',#6792,#6800,#6802,.T.);
#6800 = VERTEX_POINT('',#6801);
#6801 = CARTESIAN_POINT('',(-1.416682628207,1.069680511538,9.8));
#6802 = CIRCLE('',#6803,0.2);
#6803 = AXIS2_PLACEMENT_3D('',#6804,#6805,#6806);
#6804 = CARTESIAN_POINT('',(-1.217181,1.055570219456,9.8));
#6805 = DIRECTION('',(1.224606353822E-16,6.123031769112E-17,1.));
#6806 = DIRECTION('',(1.232595164408E-32,-1.,6.123031769112E-17));
#6807 = ORIENTED_EDGE('',*,*,#6808,.F.);
#6808 = EDGE_CURVE('',#6809,#6800,#6811,.T.);
#6809 = VERTEX_POINT('',#6810);
#6810 = CARTESIAN_POINT('',(-1.416682628207,0.969531,9.8));
#6811 = LINE('',#6812,#6813);
#6812 = CARTESIAN_POINT('',(-1.416682628207,0.,9.8));
#6813 = VECTOR('',#6814,1.);
#6814 = DIRECTION('',(-4.827648034968E-33,1.,0.));
#6815 = ORIENTED_EDGE('',*,*,#6816,.F.);
#6816 = EDGE_CURVE('',#6817,#6809,#6819,.T.);
#6817 = VERTEX_POINT('',#6818);
#6818 = CARTESIAN_POINT('',(-2.017181,0.969531,9.8));
#6819 = LINE('',#6820,#6821);
#6820 = CARTESIAN_POINT('',(0.,0.969531,9.8));
#6821 = VECTOR('',#6822,1.);
#6822 = DIRECTION('',(1.,3.215020689727E-32,0.));
#6823 = ORIENTED_EDGE('',*,*,#6824,.F.);
#6824 = EDGE_CURVE('',#6825,#6817,#6827,.T.);
#6825 = VERTEX_POINT('',#6826);
#6826 = CARTESIAN_POINT('',(-2.017181,-0.830469,9.8));
#6827 = LINE('',#6828,#6829);
#6828 = CARTESIAN_POINT('',(-2.017181,1.769531,9.8));
#6829 = VECTOR('',#6830,1.);
#6830 = DIRECTION('',(-1.232595164408E-32,1.,-3.061515884556E-17));
#6831 = ORIENTED_EDGE('',*,*,#6832,.F.);
#6832 = EDGE_CURVE('',#6833,#6825,#6835,.T.);
#6833 = VERTEX_POINT('',#6834);
#6834 = CARTESIAN_POINT('',(-1.416682628207,-0.830469,9.8));
#6835 = LINE('',#6836,#6837);
#6836 = CARTESIAN_POINT('',(0.,-0.830469,9.8));
#6837 = VECTOR('',#6838,1.);
#6838 = DIRECTION('',(-1.,-3.215020689727E-32,0.));
#6839 = ORIENTED_EDGE('',*,*,#6840,.F.);
#6840 = EDGE_CURVE('',#6841,#6833,#6843,.T.);
#6841 = VERTEX_POINT('',#6842);
#6842 = CARTESIAN_POINT('',(-1.416682628207,-0.930618511538,9.8));
#6843 = LINE('',#6844,#6845);
#6844 = CARTESIAN_POINT('',(-1.416682628207,0.,9.8));
#6845 = VECTOR('',#6846,1.);
#6846 = DIRECTION('',(-4.827648034968E-33,1.,0.));
#6847 = ORIENTED_EDGE('',*,*,#6848,.F.);
#6848 = EDGE_CURVE('',#6849,#6841,#6851,.T.);
#6849 = VERTEX_POINT('',#6850);
#6850 = CARTESIAN_POINT('',(-1.256404227028,-1.112624354594,9.8));
#6851 = CIRCLE('',#6852,0.2);
#6852 = AXIS2_PLACEMENT_3D('',#6853,#6854,#6855);
#6853 = CARTESIAN_POINT('',(-1.217181,-0.916508219456,9.8));
#6854 = DIRECTION('',(-1.224606353822E-16,-6.123031769112E-17,-1.));
#6855 = DIRECTION('',(-1.232595164408E-32,1.,-6.123031769112E-17));
#6856 = ORIENTED_EDGE('',*,*,#6857,.F.);
#6857 = EDGE_CURVE('',#6858,#6849,#6860,.T.);
#6858 = VERTEX_POINT('',#6859);
#6859 = CARTESIAN_POINT('',(-1.167181,-1.130469,9.8));
#6860 = LINE('',#6861,#6862);
#6861 = CARTESIAN_POINT('',(0.,-1.3639052,9.8));
#6862 = VECTOR('',#6863,1.);
#6863 = DIRECTION('',(-0.980580675691,0.196116135138,0.));
#6864 = ORIENTED_EDGE('',*,*,#6865,.T.);
#6865 = EDGE_CURVE('',#6858,#6298,#6866,.T.);
#6866 = LINE('',#6867,#6868);
#6867 = CARTESIAN_POINT('',(-8.360665290511E-17,-1.130469,9.8));
#6868 = VECTOR('',#6869,1.);
#6869 = DIRECTION('',(-1.,-1.224606353822E-16,0.));
#6870 = ORIENTED_EDGE('',*,*,#6297,.T.);
#6871 = ORIENTED_EDGE('',*,*,#6616,.F.);
#6872 = ORIENTED_EDGE('',*,*,#6574,.F.);
#6873 = PLANE('',#6874);
#6874 = AXIS2_PLACEMENT_3D('',#6875,#6876,#6877);
#6875 = CARTESIAN_POINT('',(-0.111413244036,-1.926413479559,9.8));
#6876 = DIRECTION('',(0.,0.,1.));
#6877 = DIRECTION('',(1.,1.224606353822E-16,-0.));
#6878 = ADVANCED_FACE('',(#6879),#6905,.T.);
#6879 = FACE_BOUND('',#6880,.T.);
#6880 = EDGE_LOOP('',(#6881,#6889,#6898,#6904));
#6881 = ORIENTED_EDGE('',*,*,#6882,.T.);
#6882 = EDGE_CURVE('',#6841,#6883,#6885,.T.);
#6883 = VERTEX_POINT('',#6884);
#6884 = CARTESIAN_POINT('',(-1.416682628207,-0.930618511538,9.6));
#6885 = LINE('',#6886,#6887);
#6886 = CARTESIAN_POINT('',(-1.416682628207,-0.930618511538,9.8));
#6887 = VECTOR('',#6888,1.);
#6888 = DIRECTION('',(-1.224606353822E-16,-6.123031769112E-17,-1.));
#6889 = ORIENTED_EDGE('',*,*,#6890,.F.);
#6890 = EDGE_CURVE('',#6891,#6883,#6893,.T.);
#6891 = VERTEX_POINT('',#6892);
#6892 = CARTESIAN_POINT('',(-1.256404227028,-1.112624354594,9.6));
#6893 = CIRCLE('',#6894,0.2);
#6894 = AXIS2_PLACEMENT_3D('',#6895,#6896,#6897);
#6895 = CARTESIAN_POINT('',(-1.217181,-0.916508219456,9.6));
#6896 = DIRECTION('',(-1.224606353822E-16,-6.123031769112E-17,-1.));
#6897 = DIRECTION('',(-1.232595164408E-32,1.,-6.123031769112E-17));
#6898 = ORIENTED_EDGE('',*,*,#6899,.F.);
#6899 = EDGE_CURVE('',#6849,#6891,#6900,.T.);
#6900 = LINE('',#6901,#6902);
#6901 = CARTESIAN_POINT('',(-1.256404227028,-1.112624354594,9.8));
#6902 = VECTOR('',#6903,1.);
#6903 = DIRECTION('',(-1.224606353822E-16,-6.123031769112E-17,-1.));
#6904 = ORIENTED_EDGE('',*,*,#6848,.T.);
#6905 = CYLINDRICAL_SURFACE('',#6906,0.2);
#6906 = AXIS2_PLACEMENT_3D('',#6907,#6908,#6909);
#6907 = CARTESIAN_POINT('',(-1.217181,-0.916508219456,9.8));
#6908 = DIRECTION('',(-1.224606353822E-16,-6.123031769112E-17,-1.));
#6909 = DIRECTION('',(-1.232595164408E-32,1.,-6.123031769112E-17));
#6910 = ADVANCED_FACE('',(#6911),#6929,.F.);
#6911 = FACE_BOUND('',#6912,.T.);
#6912 = EDGE_LOOP('',(#6913,#6914,#6915,#6923));
#6913 = ORIENTED_EDGE('',*,*,#6882,.F.);
#6914 = ORIENTED_EDGE('',*,*,#6840,.T.);
#6915 = ORIENTED_EDGE('',*,*,#6916,.F.);
#6916 = EDGE_CURVE('',#6917,#6833,#6919,.T.);
#6917 = VERTEX_POINT('',#6918);
#6918 = CARTESIAN_POINT('',(-1.416682628207,-0.830469,9.6));
#6919 = LINE('',#6920,#6921);
#6920 = CARTESIAN_POINT('',(-1.416682628207,-0.830469,8.1499976));
#6921 = VECTOR('',#6922,1.);
#6922 = DIRECTION('',(1.224606353822E-16,6.123031769112E-17,1.));
#6923 = ORIENTED_EDGE('',*,*,#6924,.F.);
#6924 = EDGE_CURVE('',#6883,#6917,#6925,.T.);
#6925 = LINE('',#6926,#6927);
#6926 = CARTESIAN_POINT('',(-1.416682628207,-0.44765,9.6));
#6927 = VECTOR('',#6928,1.);
#6928 = DIRECTION('',(-1.232595164408E-32,1.,-6.123031769112E-17));
#6929 = PLANE('',#6930);
#6930 = AXIS2_PLACEMENT_3D('',#6931,#6932,#6933);
#6931 = CARTESIAN_POINT('',(-1.416682628207,-0.830469,8.1499976));
#6932 = DIRECTION('',(1.,4.827648034968E-33,-1.224606353822E-16));
#6933 = DIRECTION('',(1.232595164408E-32,-1.,6.123031769112E-17));
#6934 = ADVANCED_FACE('',(#6935),#6962,.T.);
#6935 = FACE_BOUND('',#6936,.T.);
#6936 = EDGE_LOOP('',(#6937,#6947,#6954,#6955));
#6937 = ORIENTED_EDGE('',*,*,#6938,.F.);
#6938 = EDGE_CURVE('',#6939,#6941,#6943,.T.);
#6939 = VERTEX_POINT('',#6940);
#6940 = CARTESIAN_POINT('',(-2.417181,-0.830469,9.4));
#6941 = VERTEX_POINT('',#6942);
#6942 = CARTESIAN_POINT('',(-2.417181,0.969531,9.4));
#6943 = LINE('',#6944,#6945);
#6944 = CARTESIAN_POINT('',(-2.417181,1.769531,9.4));
#6945 = VECTOR('',#6946,1.);
#6946 = DIRECTION('',(-1.232595164408E-32,1.,-6.123031769112E-17));
#6947 = ORIENTED_EDGE('',*,*,#6948,.T.);
#6948 = EDGE_CURVE('',#6939,#6825,#6949,.T.);
#6949 = CIRCLE('',#6950,0.4);
#6950 = AXIS2_PLACEMENT_3D('',#6951,#6952,#6953);
#6951 = CARTESIAN_POINT('',(-2.017181,-0.830469,9.4));
#6952 = DIRECTION('',(-1.232595164408E-32,1.,-6.123031769112E-17));
#6953 = DIRECTION('',(-1.,-4.827648034968E-33,1.224606353822E-16));
#6954 = ORIENTED_EDGE('',*,*,#6824,.T.);
#6955 = ORIENTED_EDGE('',*,*,#6956,.F.);
#6956 = EDGE_CURVE('',#6941,#6817,#6957,.T.);
#6957 = CIRCLE('',#6958,0.4);
#6958 = AXIS2_PLACEMENT_3D('',#6959,#6960,#6961);
#6959 = CARTESIAN_POINT('',(-2.017181,0.969531,9.4));
#6960 = DIRECTION('',(-1.232595164408E-32,1.,-6.123031769112E-17));
#6961 = DIRECTION('',(-1.,-4.827648034968E-33,1.224606353822E-16));
#6962 = CYLINDRICAL_SURFACE('',#6963,0.4);
#6963 = AXIS2_PLACEMENT_3D('',#6964,#6965,#6966);
#6964 = CARTESIAN_POINT('',(-2.017181,1.769531,9.4));
#6965 = DIRECTION('',(-1.232595164408E-32,1.,-6.123031769112E-17));
#6966 = DIRECTION('',(-1.,-4.827648034968E-33,1.224606353822E-16));
#6967 = ADVANCED_FACE('',(#6968),#7004,.T.);
#6968 = FACE_BOUND('',#6969,.T.);
#6969 = EDGE_LOOP('',(#6970,#6980,#6989,#6997));
#6970 = ORIENTED_EDGE('',*,*,#6971,.T.);
#6971 = EDGE_CURVE('',#6972,#6974,#6976,.T.);
#6972 = VERTEX_POINT('',#6973);
#6973 = CARTESIAN_POINT('',(-2.017181,0.969531,8.3));
#6974 = VERTEX_POINT('',#6975);
#6975 = CARTESIAN_POINT('',(-2.017181,0.319531,8.3));
#6976 = LINE('',#6977,#6978);
#6977 = CARTESIAN_POINT('',(-2.017181,1.769531,8.3));
#6978 = VECTOR('',#6979,1.);
#6979 = DIRECTION('',(1.232595164408E-32,-1.,6.123031769112E-17));
#6980 = ORIENTED_EDGE('',*,*,#6981,.T.);
#6981 = EDGE_CURVE('',#6974,#6982,#6984,.T.);
#6982 = VERTEX_POINT('',#6983);
#6983 = CARTESIAN_POINT('',(-2.417181,0.319531,8.7));
#6984 = CIRCLE('',#6985,0.4);
#6985 = AXIS2_PLACEMENT_3D('',#6986,#6987,#6988);
#6986 = CARTESIAN_POINT('',(-2.017181,0.319531,8.7));
#6987 = DIRECTION('',(-1.232595164408E-32,1.,-6.123031769112E-17));
#6988 = DIRECTION('',(-1.,-4.827648034968E-33,1.224606353822E-16));
#6989 = ORIENTED_EDGE('',*,*,#6990,.T.);
#6990 = EDGE_CURVE('',#6982,#6991,#6993,.T.);
#6991 = VERTEX_POINT('',#6992);
#6992 = CARTESIAN_POINT('',(-2.417181,0.969531,8.7));
#6993 = LINE('',#6994,#6995);
#6994 = CARTESIAN_POINT('',(-2.417181,1.769531,8.7));
#6995 = VECTOR('',#6996,1.);
#6996 = DIRECTION('',(-1.232595164408E-32,1.,-6.123031769112E-17));
#6997 = ORIENTED_EDGE('',*,*,#6998,.F.);
#6998 = EDGE_CURVE('',#6972,#6991,#6999,.T.);
#6999 = CIRCLE('',#7000,0.4);
#7000 = AXIS2_PLACEMENT_3D('',#7001,#7002,#7003);
#7001 = CARTESIAN_POINT('',(-2.017181,0.969531,8.7));
#7002 = DIRECTION('',(-1.232595164408E-32,1.,-6.123031769112E-17));
#7003 = DIRECTION('',(-1.,-4.827648034968E-33,1.224606353822E-16));
#7004 = CYLINDRICAL_SURFACE('',#7005,0.4);
#7005 = AXIS2_PLACEMENT_3D('',#7006,#7007,#7008);
#7006 = CARTESIAN_POINT('',(-2.017181,1.769531,8.7));
#7007 = DIRECTION('',(-1.232595164408E-32,1.,-6.123031769112E-17));
#7008 = DIRECTION('',(-1.,-4.827648034968E-33,1.224606353822E-16));
#7009 = ADVANCED_FACE('',(#7010),#7044,.T.);
#7010 = FACE_BOUND('',#7011,.T.);
#7011 = EDGE_LOOP('',(#7012,#7022,#7030,#7038));
#7012 = ORIENTED_EDGE('',*,*,#7013,.F.);
#7013 = EDGE_CURVE('',#7014,#7016,#7018,.T.);
#7014 = VERTEX_POINT('',#7015);
#7015 = CARTESIAN_POINT('',(-1.317181,0.969531,8.3));
#7016 = VERTEX_POINT('',#7017);
#7017 = CARTESIAN_POINT('',(-1.317181,-0.830469,8.3));
#7018 = LINE('',#7019,#7020);
#7019 = CARTESIAN_POINT('',(-1.317181,1.769531,8.3));
#7020 = VECTOR('',#7021,1.);
#7021 = DIRECTION('',(1.232595164408E-32,-1.,6.123031769112E-17));
#7022 = ORIENTED_EDGE('',*,*,#7023,.T.);
#7023 = EDGE_CURVE('',#7014,#7024,#7026,.T.);
#7024 = VERTEX_POINT('',#7025);
#7025 = CARTESIAN_POINT('',(-1.317181,0.969531,8.5));
#7026 = LINE('',#7027,#7028);
#7027 = CARTESIAN_POINT('',(-1.317181,0.969531,3.363375893843));
#7028 = VECTOR('',#7029,1.);
#7029 = DIRECTION('',(1.224606353822E-16,6.123031769112E-17,1.));
#7030 = ORIENTED_EDGE('',*,*,#7031,.T.);
#7031 = EDGE_CURVE('',#7024,#7032,#7034,.T.);
#7032 = VERTEX_POINT('',#7033);
#7033 = CARTESIAN_POINT('',(-1.317181,-0.830469,8.5));
#7034 = LINE('',#7035,#7036);
#7035 = CARTESIAN_POINT('',(-1.317181,1.769531,8.5));
#7036 = VECTOR('',#7037,1.);
#7037 = DIRECTION('',(1.232595164408E-32,-1.,6.123031769112E-17));
#7038 = ORIENTED_EDGE('',*,*,#7039,.T.);
#7039 = EDGE_CURVE('',#7032,#7016,#7040,.T.);
#7040 = LINE('',#7041,#7042);
#7041 = CARTESIAN_POINT('',(-1.317181,-0.830469,3.363375893843));
#7042 = VECTOR('',#7043,1.);
#7043 = DIRECTION('',(-1.224606353822E-16,-6.123031769112E-17,-1.));
#7044 = PLANE('',#7045);
#7045 = AXIS2_PLACEMENT_3D('',#7046,#7047,#7048);
#7046 = CARTESIAN_POINT('',(-1.317181,1.769531,8.5));
#7047 = DIRECTION('',(1.,4.827648034968E-33,-1.224606353822E-16));
#7048 = DIRECTION('',(1.224606353822E-16,6.123031769112E-17,1.));
#7049 = ADVANCED_FACE('',(#7050),#7086,.F.);
#7050 = FACE_BOUND('',#7051,.F.);
#7051 = EDGE_LOOP('',(#7052,#7063,#7071,#7080));
#7052 = ORIENTED_EDGE('',*,*,#7053,.F.);
#7053 = EDGE_CURVE('',#7054,#7056,#7058,.T.);
#7054 = VERTEX_POINT('',#7055);
#7055 = CARTESIAN_POINT('',(-2.017181,0.969531,8.5));
#7056 = VERTEX_POINT('',#7057);
#7057 = CARTESIAN_POINT('',(-2.217181,0.969531,8.7));
#7058 = CIRCLE('',#7059,0.2);
#7059 = AXIS2_PLACEMENT_3D('',#7060,#7061,#7062);
#7060 = CARTESIAN_POINT('',(-2.017181,0.969531,8.7));
#7061 = DIRECTION('',(-1.232595164408E-32,1.,-6.123031769112E-17));
#7062 = DIRECTION('',(-1.,-4.827648034968E-33,1.224606353822E-16));
#7063 = ORIENTED_EDGE('',*,*,#7064,.T.);
#7064 = EDGE_CURVE('',#7054,#7065,#7067,.T.);
#7065 = VERTEX_POINT('',#7066);
#7066 = CARTESIAN_POINT('',(-2.017181,0.319531,8.5));
#7067 = LINE('',#7068,#7069);
#7068 = CARTESIAN_POINT('',(-2.017181,1.769531,8.5));
#7069 = VECTOR('',#7070,1.);
#7070 = DIRECTION('',(1.232595164408E-32,-1.,6.123031769112E-17));
#7071 = ORIENTED_EDGE('',*,*,#7072,.T.);
#7072 = EDGE_CURVE('',#7065,#7073,#7075,.T.);
#7073 = VERTEX_POINT('',#7074);
#7074 = CARTESIAN_POINT('',(-2.217181,0.319531,8.7));
#7075 = CIRCLE('',#7076,0.2);
#7076 = AXIS2_PLACEMENT_3D('',#7077,#7078,#7079);
#7077 = CARTESIAN_POINT('',(-2.017181,0.319531,8.7));
#7078 = DIRECTION('',(-1.232595164408E-32,1.,-6.123031769112E-17));
#7079 = DIRECTION('',(-1.,-4.827648034968E-33,1.224606353822E-16));
#7080 = ORIENTED_EDGE('',*,*,#7081,.T.);
#7081 = EDGE_CURVE('',#7073,#7056,#7082,.T.);
#7082 = LINE('',#7083,#7084);
#7083 = CARTESIAN_POINT('',(-2.217181,1.769531,8.7));
#7084 = VECTOR('',#7085,1.);
#7085 = DIRECTION('',(-1.232595164408E-32,1.,-6.123031769112E-17));
#7086 = CYLINDRICAL_SURFACE('',#7087,0.2);
#7087 = AXIS2_PLACEMENT_3D('',#7088,#7089,#7090);
#7088 = CARTESIAN_POINT('',(-2.017181,1.769531,8.7));
#7089 = DIRECTION('',(-1.232595164408E-32,1.,-6.123031769112E-17));
#7090 = DIRECTION('',(-1.,-4.827648034968E-33,1.224606353822E-16));
#7091 = ADVANCED_FACE('',(#7092),#7149,.T.);
#7092 = FACE_BOUND('',#7093,.T.);
#7093 = EDGE_LOOP('',(#7094,#7104,#7112,#7120,#7128,#7136,#7142,#7143));
#7094 = ORIENTED_EDGE('',*,*,#7095,.F.);
#7095 = EDGE_CURVE('',#7096,#7098,#7100,.T.);
#7096 = VERTEX_POINT('',#7097);
#7097 = CARTESIAN_POINT('',(-2.217181,-0.830469,9.4));
#7098 = VERTEX_POINT('',#7099);
#7099 = CARTESIAN_POINT('',(-2.217181,0.969531,9.4));
#7100 = LINE('',#7101,#7102);
#7101 = CARTESIAN_POINT('',(-2.217181,1.769531,9.4));
#7102 = VECTOR('',#7103,1.);
#7103 = DIRECTION('',(-1.232595164408E-32,1.,-6.123031769112E-17));
#7104 = ORIENTED_EDGE('',*,*,#7105,.T.);
#7105 = EDGE_CURVE('',#7096,#7106,#7108,.T.);
#7106 = VERTEX_POINT('',#7107);
#7107 = CARTESIAN_POINT('',(-2.217181,-0.830469,8.7));
#7108 = LINE('',#7109,#7110);
#7109 = CARTESIAN_POINT('',(-2.217181,-0.830469,3.363375893843));
#7110 = VECTOR('',#7111,1.);
#7111 = DIRECTION('',(-1.224606353822E-16,-6.123031769112E-17,-1.));
#7112 = ORIENTED_EDGE('',*,*,#7113,.T.);
#7113 = EDGE_CURVE('',#7106,#7114,#7116,.T.);
#7114 = VERTEX_POINT('',#7115);
#7115 = CARTESIAN_POINT('',(-2.217181,-0.180469,8.7));
#7116 = LINE('',#7117,#7118);
#7117 = CARTESIAN_POINT('',(-2.217181,1.769531,8.7));
#7118 = VECTOR('',#7119,1.);
#7119 = DIRECTION('',(-1.232595164408E-32,1.,-6.123031769112E-17));
#7120 = ORIENTED_EDGE('',*,*,#7121,.T.);
#7121 = EDGE_CURVE('',#7114,#7122,#7124,.T.);
#7122 = VERTEX_POINT('',#7123);
#7123 = CARTESIAN_POINT('',(-2.217181,-0.180469,9.1));
#7124 = LINE('',#7125,#7126);
#7125 = CARTESIAN_POINT('',(-2.217181,-0.180469,3.363375893843));
#7126 = VECTOR('',#7127,1.);
#7127 = DIRECTION('',(1.224606353822E-16,6.123031769112E-17,1.));
#7128 = ORIENTED_EDGE('',*,*,#7129,.T.);
#7129 = EDGE_CURVE('',#7122,#7130,#7132,.T.);
#7130 = VERTEX_POINT('',#7131);
#7131 = CARTESIAN_POINT('',(-2.217181,0.319531,9.1));
#7132 = LINE('',#7133,#7134);
#7133 = CARTESIAN_POINT('',(-2.217181,-0.44765,9.1));
#7134 = VECTOR('',#7135,1.);
#7135 = DIRECTION('',(-1.232595164408E-32,1.,-6.123031769112E-17));
#7136 = ORIENTED_EDGE('',*,*,#7137,.T.);
#7137 = EDGE_CURVE('',#7130,#7073,#7138,.T.);
#7138 = LINE('',#7139,#7140);
#7139 = CARTESIAN_POINT('',(-2.217181,0.319531,3.363375893843));
#7140 = VECTOR('',#7141,1.);
#7141 = DIRECTION('',(-1.224606353822E-16,-6.123031769112E-17,-1.));
#7142 = ORIENTED_EDGE('',*,*,#7081,.T.);
#7143 = ORIENTED_EDGE('',*,*,#7144,.T.);
#7144 = EDGE_CURVE('',#7056,#7098,#7145,.T.);
#7145 = LINE('',#7146,#7147);
#7146 = CARTESIAN_POINT('',(-2.217181,0.969531,3.363375893843));
#7147 = VECTOR('',#7148,1.);
#7148 = DIRECTION('',(1.224606353822E-16,6.123031769112E-17,1.));
#7149 = PLANE('',#7150);
#7150 = AXIS2_PLACEMENT_3D('',#7151,#7152,#7153);
#7151 = CARTESIAN_POINT('',(-2.217181,1.769531,9.4));
#7152 = DIRECTION('',(1.,4.827648034968E-33,-1.224606353822E-16));
#7153 = DIRECTION('',(1.224606353822E-16,6.123031769112E-17,1.));
#7154 = ADVANCED_FACE('',(#7155),#7185,.T.);
#7155 = FACE_BOUND('',#7156,.T.);
#7156 = EDGE_LOOP('',(#7157,#7167,#7173,#7179));
#7157 = ORIENTED_EDGE('',*,*,#7158,.T.);
#7158 = EDGE_CURVE('',#7159,#7161,#7163,.T.);
#7159 = VERTEX_POINT('',#7160);
#7160 = CARTESIAN_POINT('',(-2.017181,-0.180469,8.3));
#7161 = VERTEX_POINT('',#7162);
#7162 = CARTESIAN_POINT('',(-2.017181,-0.180469,8.5));
#7163 = LINE('',#7164,#7165);
#7164 = CARTESIAN_POINT('',(-2.017181,-0.180469,8.7));
#7165 = VECTOR('',#7166,1.);
#7166 = DIRECTION('',(1.224606353822E-16,6.123031769112E-17,1.));
#7167 = ORIENTED_EDGE('',*,*,#7168,.T.);
#7168 = EDGE_CURVE('',#7161,#7065,#7169,.T.);
#7169 = LINE('',#7170,#7171);
#7170 = CARTESIAN_POINT('',(-2.017181,1.769531,8.5));
#7171 = VECTOR('',#7172,1.);
#7172 = DIRECTION('',(-1.232595164408E-32,1.,-6.123031769112E-17));
#7173 = ORIENTED_EDGE('',*,*,#7174,.T.);
#7174 = EDGE_CURVE('',#7065,#6974,#7175,.T.);
#7175 = LINE('',#7176,#7177);
#7176 = CARTESIAN_POINT('',(-2.017181,0.319531,9.4));
#7177 = VECTOR('',#7178,1.);
#7178 = DIRECTION('',(-1.224606353822E-16,-6.123031769112E-17,-1.));
#7179 = ORIENTED_EDGE('',*,*,#7180,.F.);
#7180 = EDGE_CURVE('',#7159,#6974,#7181,.T.);
#7181 = LINE('',#7182,#7183);
#7182 = CARTESIAN_POINT('',(-2.017181,1.769531,8.3));
#7183 = VECTOR('',#7184,1.);
#7184 = DIRECTION('',(-1.232595164408E-32,1.,-6.123031769112E-17));
#7185 = PLANE('',#7186);
#7186 = AXIS2_PLACEMENT_3D('',#7187,#7188,#7189);
#7187 = CARTESIAN_POINT('',(-2.017181,0.300926102356,8.948273944384));
#7188 = DIRECTION('',(-1.,-4.827648034968E-33,1.224606353822E-16));
#7189 = DIRECTION('',(1.224606353822E-16,6.123031769112E-17,1.));
#7190 = ADVANCED_FACE('',(#7191),#7225,.F.);
#7191 = FACE_BOUND('',#7192,.T.);
#7192 = EDGE_LOOP('',(#7193,#7201,#7202,#7209,#7210,#7219));
#7193 = ORIENTED_EDGE('',*,*,#7194,.T.);
#7194 = EDGE_CURVE('',#7195,#7122,#7197,.T.);
#7195 = VERTEX_POINT('',#7196);
#7196 = CARTESIAN_POINT('',(-2.417181,-0.180469,9.1));
#7197 = LINE('',#7198,#7199);
#7198 = CARTESIAN_POINT('',(-2.417181,-0.180469,9.1));
#7199 = VECTOR('',#7200,1.);
#7200 = DIRECTION('',(1.,2.465190328816E-32,-1.224606353822E-16));
#7201 = ORIENTED_EDGE('',*,*,#7121,.F.);
#7202 = ORIENTED_EDGE('',*,*,#7203,.F.);
#7203 = EDGE_CURVE('',#7161,#7114,#7204,.T.);
#7204 = CIRCLE('',#7205,0.2);
#7205 = AXIS2_PLACEMENT_3D('',#7206,#7207,#7208);
#7206 = CARTESIAN_POINT('',(-2.017181,-0.180469,8.7));
#7207 = DIRECTION('',(-1.232595164408E-32,1.,-6.123031769112E-17));
#7208 = DIRECTION('',(-1.,-4.827648034968E-33,1.224606353822E-16));
#7209 = ORIENTED_EDGE('',*,*,#7158,.F.);
#7210 = ORIENTED_EDGE('',*,*,#7211,.T.);
#7211 = EDGE_CURVE('',#7159,#7212,#7214,.T.);
#7212 = VERTEX_POINT('',#7213);
#7213 = CARTESIAN_POINT('',(-2.417181,-0.180469,8.7));
#7214 = CIRCLE('',#7215,0.4);
#7215 = AXIS2_PLACEMENT_3D('',#7216,#7217,#7218);
#7216 = CARTESIAN_POINT('',(-2.017181,-0.180469,8.7));
#7217 = DIRECTION('',(-1.232595164408E-32,1.,-6.123031769112E-17));
#7218 = DIRECTION('',(-1.,-4.827648034968E-33,1.224606353822E-16));
#7219 = ORIENTED_EDGE('',*,*,#7220,.F.);
#7220 = EDGE_CURVE('',#7195,#7212,#7221,.T.);
#7221 = LINE('',#7222,#7223);
#7222 = CARTESIAN_POINT('',(-2.417181,-0.180469,3.363375893843));
#7223 = VECTOR('',#7224,1.);
#7224 = DIRECTION('',(-1.224606353822E-16,-6.123031769112E-17,-1.));
#7225 = PLANE('',#7226);
#7226 = AXIS2_PLACEMENT_3D('',#7227,#7228,#7229);
#7227 = CARTESIAN_POINT('',(-2.417181,-0.180469,8.3));
#7228 = DIRECTION('',(3.215020689727E-32,-1.,6.123031769112E-17));
#7229 = DIRECTION('',(-1.,-2.465190328816E-32,1.224606353822E-16));
#7230 = ADVANCED_FACE('',(#7231),#7249,.F.);
#7231 = FACE_BOUND('',#7232,.T.);
#7232 = EDGE_LOOP('',(#7233,#7241,#7242,#7243));
#7233 = ORIENTED_EDGE('',*,*,#7234,.T.);
#7234 = EDGE_CURVE('',#7235,#7130,#7237,.T.);
#7235 = VERTEX_POINT('',#7236);
#7236 = CARTESIAN_POINT('',(-2.417181,0.319531,9.1));
#7237 = LINE('',#7238,#7239);
#7238 = CARTESIAN_POINT('',(-2.417181,0.319531,9.1));
#7239 = VECTOR('',#7240,1.);
#7240 = DIRECTION('',(1.,2.465190328816E-32,-1.224606353822E-16));
#7241 = ORIENTED_EDGE('',*,*,#7129,.F.);
#7242 = ORIENTED_EDGE('',*,*,#7194,.F.);
#7243 = ORIENTED_EDGE('',*,*,#7244,.F.);
#7244 = EDGE_CURVE('',#7235,#7195,#7245,.T.);
#7245 = LINE('',#7246,#7247);
#7246 = CARTESIAN_POINT('',(-2.417181,-0.44765,9.1));
#7247 = VECTOR('',#7248,1.);
#7248 = DIRECTION('',(1.232595164408E-32,-1.,6.123031769112E-17));
#7249 = PLANE('',#7250);
#7250 = AXIS2_PLACEMENT_3D('',#7251,#7252,#7253);
#7251 = CARTESIAN_POINT('',(-2.417181,-0.180469,9.1));
#7252 = DIRECTION('',(1.224606353822E-16,6.123031769112E-17,1.));
#7253 = DIRECTION('',(1.232595164408E-32,-1.,6.123031769112E-17));
#7254 = ADVANCED_FACE('',(#7255),#7282,.F.);
#7255 = FACE_BOUND('',#7256,.F.);
#7256 = EDGE_LOOP('',(#7257,#7266,#7267,#7276));
#7257 = ORIENTED_EDGE('',*,*,#7258,.F.);
#7258 = EDGE_CURVE('',#7098,#7259,#7261,.T.);
#7259 = VERTEX_POINT('',#7260);
#7260 = CARTESIAN_POINT('',(-2.017181,0.969531,9.6));
#7261 = CIRCLE('',#7262,0.2);
#7262 = AXIS2_PLACEMENT_3D('',#7263,#7264,#7265);
#7263 = CARTESIAN_POINT('',(-2.017181,0.969531,9.4));
#7264 = DIRECTION('',(-1.232595164408E-32,1.,-6.123031769112E-17));
#7265 = DIRECTION('',(-1.,-4.827648034968E-33,1.224606353822E-16));
#7266 = ORIENTED_EDGE('',*,*,#7095,.F.);
#7267 = ORIENTED_EDGE('',*,*,#7268,.T.);
#7268 = EDGE_CURVE('',#7096,#7269,#7271,.T.);
#7269 = VERTEX_POINT('',#7270);
#7270 = CARTESIAN_POINT('',(-2.017181,-0.830469,9.6));
#7271 = CIRCLE('',#7272,0.2);
#7272 = AXIS2_PLACEMENT_3D('',#7273,#7274,#7275);
#7273 = CARTESIAN_POINT('',(-2.017181,-0.830469,9.4));
#7274 = DIRECTION('',(-1.232595164408E-32,1.,-6.123031769112E-17));
#7275 = DIRECTION('',(-1.,-4.827648034968E-33,1.224606353822E-16));
#7276 = ORIENTED_EDGE('',*,*,#7277,.F.);
#7277 = EDGE_CURVE('',#7259,#7269,#7278,.T.);
#7278 = LINE('',#7279,#7280);
#7279 = CARTESIAN_POINT('',(-2.017181,1.769531,9.6));
#7280 = VECTOR('',#7281,1.);
#7281 = DIRECTION('',(1.232595164408E-32,-1.,6.123031769112E-17));
#7282 = CYLINDRICAL_SURFACE('',#7283,0.2);
#7283 = AXIS2_PLACEMENT_3D('',#7284,#7285,#7286);
#7284 = CARTESIAN_POINT('',(-2.017181,1.769531,9.4));
#7285 = DIRECTION('',(-1.232595164408E-32,1.,-6.123031769112E-17));
#7286 = DIRECTION('',(-1.,-4.827648034968E-33,1.224606353822E-16));
#7287 = ADVANCED_FACE('',(#7288),#7340,.F.);
#7288 = FACE_BOUND('',#7289,.T.);
#7289 = EDGE_LOOP('',(#7290,#7299,#7300,#7301,#7307,#7308,#7309,#7310,
    #7318,#7327,#7333,#7334));
#7290 = ORIENTED_EDGE('',*,*,#7291,.T.);
#7291 = EDGE_CURVE('',#7292,#7106,#7294,.T.);
#7292 = VERTEX_POINT('',#7293);
#7293 = CARTESIAN_POINT('',(-2.017181,-0.830469,8.5));
#7294 = CIRCLE('',#7295,0.2);
#7295 = AXIS2_PLACEMENT_3D('',#7296,#7297,#7298);
#7296 = CARTESIAN_POINT('',(-2.017181,-0.830469,8.7));
#7297 = DIRECTION('',(-1.232595164408E-32,1.,-6.123031769112E-17));
#7298 = DIRECTION('',(-1.,-4.827648034968E-33,1.224606353822E-16));
#7299 = ORIENTED_EDGE('',*,*,#7105,.F.);
#7300 = ORIENTED_EDGE('',*,*,#7268,.T.);
#7301 = ORIENTED_EDGE('',*,*,#7302,.F.);
#7302 = EDGE_CURVE('',#6917,#7269,#7303,.T.);
#7303 = LINE('',#7304,#7305);
#7304 = CARTESIAN_POINT('',(-0.386712,-0.830469,9.6));
#7305 = VECTOR('',#7306,1.);
#7306 = DIRECTION('',(-1.,-2.465190328816E-32,1.224606353822E-16));
#7307 = ORIENTED_EDGE('',*,*,#6916,.T.);
#7308 = ORIENTED_EDGE('',*,*,#6832,.T.);
#7309 = ORIENTED_EDGE('',*,*,#6948,.F.);
#7310 = ORIENTED_EDGE('',*,*,#7311,.F.);
#7311 = EDGE_CURVE('',#7312,#6939,#7314,.T.);
#7312 = VERTEX_POINT('',#7313);
#7313 = CARTESIAN_POINT('',(-2.417181,-0.830469,8.7));
#7314 = LINE('',#7315,#7316);
#7315 = CARTESIAN_POINT('',(-2.417181,-0.830469,3.363375893843));
#7316 = VECTOR('',#7317,1.);
#7317 = DIRECTION('',(1.224606353822E-16,6.123031769112E-17,1.));
#7318 = ORIENTED_EDGE('',*,*,#7319,.F.);
#7319 = EDGE_CURVE('',#7320,#7312,#7322,.T.);
#7320 = VERTEX_POINT('',#7321);
#7321 = CARTESIAN_POINT('',(-2.017181,-0.830469,8.3));
#7322 = CIRCLE('',#7323,0.4);
#7323 = AXIS2_PLACEMENT_3D('',#7324,#7325,#7326);
#7324 = CARTESIAN_POINT('',(-2.017181,-0.830469,8.7));
#7325 = DIRECTION('',(-1.232595164408E-32,1.,-6.123031769112E-17));
#7326 = DIRECTION('',(-1.,-4.827648034968E-33,1.224606353822E-16));
#7327 = ORIENTED_EDGE('',*,*,#7328,.F.);
#7328 = EDGE_CURVE('',#7016,#7320,#7329,.T.);
#7329 = LINE('',#7330,#7331);
#7330 = CARTESIAN_POINT('',(-0.386712,-0.830469,8.3));
#7331 = VECTOR('',#7332,1.);
#7332 = DIRECTION('',(-1.,-2.465190328816E-32,1.224606353822E-16));
#7333 = ORIENTED_EDGE('',*,*,#7039,.F.);
#7334 = ORIENTED_EDGE('',*,*,#7335,.F.);
#7335 = EDGE_CURVE('',#7292,#7032,#7336,.T.);
#7336 = LINE('',#7337,#7338);
#7337 = CARTESIAN_POINT('',(-0.386712,-0.830469,8.5));
#7338 = VECTOR('',#7339,1.);
#7339 = DIRECTION('',(1.,2.465190328816E-32,-1.224606353822E-16));
#7340 = PLANE('',#7341);
#7341 = AXIS2_PLACEMENT_3D('',#7342,#7343,#7344);
#7342 = CARTESIAN_POINT('',(-1.717181,-0.830469,8.1499976));
#7343 = DIRECTION('',(-3.215020689727E-32,1.,-6.123031769112E-17));
#7344 = DIRECTION('',(1.,2.465190328816E-32,-1.224606353822E-16));
#7345 = ADVANCED_FACE('',(#7346),#7357,.F.);
#7346 = FACE_BOUND('',#7347,.F.);
#7347 = EDGE_LOOP('',(#7348,#7349,#7355,#7356));
#7348 = ORIENTED_EDGE('',*,*,#7203,.F.);
#7349 = ORIENTED_EDGE('',*,*,#7350,.T.);
#7350 = EDGE_CURVE('',#7161,#7292,#7351,.T.);
#7351 = LINE('',#7352,#7353);
#7352 = CARTESIAN_POINT('',(-2.017181,1.769531,8.5));
#7353 = VECTOR('',#7354,1.);
#7354 = DIRECTION('',(1.232595164408E-32,-1.,6.123031769112E-17));
#7355 = ORIENTED_EDGE('',*,*,#7291,.T.);
#7356 = ORIENTED_EDGE('',*,*,#7113,.T.);
#7357 = CYLINDRICAL_SURFACE('',#7358,0.2);
#7358 = AXIS2_PLACEMENT_3D('',#7359,#7360,#7361);
#7359 = CARTESIAN_POINT('',(-2.017181,1.769531,8.7));
#7360 = DIRECTION('',(-1.232595164408E-32,1.,-6.123031769112E-17));
#7361 = DIRECTION('',(-1.,-4.827648034968E-33,1.224606353822E-16));
#7362 = ADVANCED_FACE('',(#7363),#7376,.T.);
#7363 = FACE_BOUND('',#7364,.T.);
#7364 = EDGE_LOOP('',(#7365,#7366,#7372,#7373,#7374,#7375));
#7365 = ORIENTED_EDGE('',*,*,#7031,.F.);
#7366 = ORIENTED_EDGE('',*,*,#7367,.T.);
#7367 = EDGE_CURVE('',#7024,#7054,#7368,.T.);
#7368 = LINE('',#7369,#7370);
#7369 = CARTESIAN_POINT('',(-0.386712,0.969531,8.5));
#7370 = VECTOR('',#7371,1.);
#7371 = DIRECTION('',(-1.,-2.465190328816E-32,1.224606353822E-16));
#7372 = ORIENTED_EDGE('',*,*,#7064,.T.);
#7373 = ORIENTED_EDGE('',*,*,#7168,.F.);
#7374 = ORIENTED_EDGE('',*,*,#7350,.T.);
#7375 = ORIENTED_EDGE('',*,*,#7335,.T.);
#7376 = PLANE('',#7377);
#7377 = AXIS2_PLACEMENT_3D('',#7378,#7379,#7380);
#7378 = CARTESIAN_POINT('',(-2.017181,1.769531,8.5));
#7379 = DIRECTION('',(1.224606353822E-16,6.123031769112E-17,1.));
#7380 = DIRECTION('',(-1.,-2.465190328816E-32,1.224606353822E-16));
#7381 = ADVANCED_FACE('',(#7382),#7400,.T.);
#7382 = FACE_BOUND('',#7383,.T.);
#7383 = EDGE_LOOP('',(#7384,#7385,#7386,#7392,#7393,#7394));
#7384 = ORIENTED_EDGE('',*,*,#7013,.T.);
#7385 = ORIENTED_EDGE('',*,*,#7328,.T.);
#7386 = ORIENTED_EDGE('',*,*,#7387,.F.);
#7387 = EDGE_CURVE('',#7159,#7320,#7388,.T.);
#7388 = LINE('',#7389,#7390);
#7389 = CARTESIAN_POINT('',(-2.017181,1.769531,8.3));
#7390 = VECTOR('',#7391,1.);
#7391 = DIRECTION('',(1.232595164408E-32,-1.,6.123031769112E-17));
#7392 = ORIENTED_EDGE('',*,*,#7180,.T.);
#7393 = ORIENTED_EDGE('',*,*,#6971,.F.);
#7394 = ORIENTED_EDGE('',*,*,#7395,.T.);
#7395 = EDGE_CURVE('',#6972,#7014,#7396,.T.);
#7396 = LINE('',#7397,#7398);
#7397 = CARTESIAN_POINT('',(-0.386712,0.969531,8.3));
#7398 = VECTOR('',#7399,1.);
#7399 = DIRECTION('',(1.,2.465190328816E-32,-1.224606353822E-16));
#7400 = PLANE('',#7401);
#7401 = AXIS2_PLACEMENT_3D('',#7402,#7403,#7404);
#7402 = CARTESIAN_POINT('',(-1.317181,1.769531,8.3));
#7403 = DIRECTION('',(-1.224606353822E-16,-6.123031769112E-17,-1.));
#7404 = DIRECTION('',(1.,2.465190328816E-32,-1.224606353822E-16));
#7405 = ADVANCED_FACE('',(#7406),#7437,.F.);
#7406 = FACE_BOUND('',#7407,.T.);
#7407 = EDGE_LOOP('',(#7408,#7414,#7415,#7416,#7424,#7430,#7431,#7432,
    #7433,#7434,#7435,#7436));
#7408 = ORIENTED_EDGE('',*,*,#7409,.F.);
#7409 = EDGE_CURVE('',#6941,#6991,#7410,.T.);
#7410 = LINE('',#7411,#7412);
#7411 = CARTESIAN_POINT('',(-2.417181,0.969531,3.363375893843));
#7412 = VECTOR('',#7413,1.);
#7413 = DIRECTION('',(-1.224606353822E-16,-6.123031769112E-17,-1.));
#7414 = ORIENTED_EDGE('',*,*,#6956,.T.);
#7415 = ORIENTED_EDGE('',*,*,#6816,.T.);
#7416 = ORIENTED_EDGE('',*,*,#7417,.F.);
#7417 = EDGE_CURVE('',#7418,#6809,#7420,.T.);
#7418 = VERTEX_POINT('',#7419);
#7419 = CARTESIAN_POINT('',(-1.416682628207,0.969531,9.6));
#7420 = LINE('',#7421,#7422);
#7421 = CARTESIAN_POINT('',(-1.416682628207,0.969531,8.1499976));
#7422 = VECTOR('',#7423,1.);
#7423 = DIRECTION('',(1.224606353822E-16,6.123031769112E-17,1.));
#7424 = ORIENTED_EDGE('',*,*,#7425,.F.);
#7425 = EDGE_CURVE('',#7259,#7418,#7426,.T.);
#7426 = LINE('',#7427,#7428);
#7427 = CARTESIAN_POINT('',(-0.386712,0.969531,9.6));
#7428 = VECTOR('',#7429,1.);
#7429 = DIRECTION('',(1.,2.465190328816E-32,-1.224606353822E-16));
#7430 = ORIENTED_EDGE('',*,*,#7258,.F.);
#7431 = ORIENTED_EDGE('',*,*,#7144,.F.);
#7432 = ORIENTED_EDGE('',*,*,#7053,.F.);
#7433 = ORIENTED_EDGE('',*,*,#7367,.F.);
#7434 = ORIENTED_EDGE('',*,*,#7023,.F.);
#7435 = ORIENTED_EDGE('',*,*,#7395,.F.);
#7436 = ORIENTED_EDGE('',*,*,#6998,.T.);
#7437 = PLANE('',#7438);
#7438 = AXIS2_PLACEMENT_3D('',#7439,#7440,#7441);
#7439 = CARTESIAN_POINT('',(-1.717181,0.969531,8.1499976));
#7440 = DIRECTION('',(3.215020689727E-32,-1.,6.123031769112E-17));
#7441 = DIRECTION('',(-1.,-2.465190328816E-32,1.224606353822E-16));
#7442 = ADVANCED_FACE('',(#7443),#7461,.F.);
#7443 = FACE_BOUND('',#7444,.T.);
#7444 = EDGE_LOOP('',(#7445,#7453,#7459,#7460));
#7445 = ORIENTED_EDGE('',*,*,#7446,.F.);
#7446 = EDGE_CURVE('',#7447,#6800,#7449,.T.);
#7447 = VERTEX_POINT('',#7448);
#7448 = CARTESIAN_POINT('',(-1.416682628207,1.069680511538,9.6));
#7449 = LINE('',#7450,#7451);
#7450 = CARTESIAN_POINT('',(-1.416682628207,1.069680511538,9.8));
#7451 = VECTOR('',#7452,1.);
#7452 = DIRECTION('',(1.224606353822E-16,6.123031769112E-17,1.));
#7453 = ORIENTED_EDGE('',*,*,#7454,.F.);
#7454 = EDGE_CURVE('',#7418,#7447,#7455,.T.);
#7455 = LINE('',#7456,#7457);
#7456 = CARTESIAN_POINT('',(-1.416682628207,-0.44765,9.6));
#7457 = VECTOR('',#7458,1.);
#7458 = DIRECTION('',(-1.232595164408E-32,1.,-6.123031769112E-17));
#7459 = ORIENTED_EDGE('',*,*,#7417,.T.);
#7460 = ORIENTED_EDGE('',*,*,#6808,.T.);
#7461 = PLANE('',#7462);
#7462 = AXIS2_PLACEMENT_3D('',#7463,#7464,#7465);
#7463 = CARTESIAN_POINT('',(-1.416682628207,1.069680511538,8.1499976));
#7464 = DIRECTION('',(1.,4.827648034968E-33,-1.224606353822E-16));
#7465 = DIRECTION('',(1.232595164408E-32,-1.,6.123031769112E-17));
#7466 = ADVANCED_FACE('',(#7467),#7492,.F.);
#7467 = FACE_BOUND('',#7468,.T.);
#7468 = EDGE_LOOP('',(#7469,#7470,#7478,#7486));
#7469 = ORIENTED_EDGE('',*,*,#6186,.T.);
#7470 = ORIENTED_EDGE('',*,*,#7471,.T.);
#7471 = EDGE_CURVE('',#6179,#7472,#7474,.T.);
#7472 = VERTEX_POINT('',#7473);
#7473 = CARTESIAN_POINT('',(0.282819,1.219531,9.6));
#7474 = LINE('',#7475,#7476);
#7475 = CARTESIAN_POINT('',(0.282819,-0.44765,9.6));
#7476 = VECTOR('',#7477,1.);
#7477 = DIRECTION('',(1.232595164408E-32,-1.,6.123031769112E-17));
#7478 = ORIENTED_EDGE('',*,*,#7479,.T.);
#7479 = EDGE_CURVE('',#7472,#7480,#7482,.T.);
#7480 = VERTEX_POINT('',#7481);
#7481 = CARTESIAN_POINT('',(0.282819,1.219531,9.8));
#7482 = LINE('',#7483,#7484);
#7483 = CARTESIAN_POINT('',(0.282819,1.219531,24.375));
#7484 = VECTOR('',#7485,1.);
#7485 = DIRECTION('',(1.224606353822E-16,6.123031769112E-17,1.));
#7486 = ORIENTED_EDGE('',*,*,#7487,.T.);
#7487 = EDGE_CURVE('',#7480,#6187,#7488,.T.);
#7488 = LINE('',#7489,#7490);
#7489 = CARTESIAN_POINT('',(0.282819,0.,9.8));
#7490 = VECTOR('',#7491,1.);
#7491 = DIRECTION('',(-4.827648034968E-33,1.,0.));
#7492 = PLANE('',#7493);
#7493 = AXIS2_PLACEMENT_3D('',#7494,#7495,#7496);
#7494 = CARTESIAN_POINT('',(0.282819,1.29518400696,9.684510345015));
#7495 = DIRECTION('',(1.,4.827648034968E-33,-1.224606353822E-16));
#7496 = DIRECTION('',(-1.232595164408E-32,1.,-6.123031769112E-17));
#7497 = ADVANCED_FACE('',(#7498),#7516,.F.);
#7498 = FACE_BOUND('',#7499,.T.);
#7499 = EDGE_LOOP('',(#7500,#7508,#7514,#7515));
#7500 = ORIENTED_EDGE('',*,*,#7501,.F.);
#7501 = EDGE_CURVE('',#7502,#7480,#7504,.T.);
#7502 = VERTEX_POINT('',#7503);
#7503 = CARTESIAN_POINT('',(-0.417181,1.219531,9.8));
#7504 = LINE('',#7505,#7506);
#7505 = CARTESIAN_POINT('',(0.,1.219531,9.8));
#7506 = VECTOR('',#7507,1.);
#7507 = DIRECTION('',(1.,3.215020689727E-32,0.));
#7508 = ORIENTED_EDGE('',*,*,#7509,.F.);
#7509 = EDGE_CURVE('',#6195,#7502,#7510,.T.);
#7510 = LINE('',#7511,#7512);
#7511 = CARTESIAN_POINT('',(-0.417181,0.,9.8));
#7512 = VECTOR('',#7513,1.);
#7513 = DIRECTION('',(4.827648034968E-33,-1.,0.));
#7514 = ORIENTED_EDGE('',*,*,#6194,.F.);
#7515 = ORIENTED_EDGE('',*,*,#7487,.F.);
#7516 = PLANE('',#7517);
#7517 = AXIS2_PLACEMENT_3D('',#7518,#7519,#7520);
#7518 = CARTESIAN_POINT('',(-0.111413244036,-1.926413479559,9.8));
#7519 = DIRECTION('',(0.,0.,1.));
#7520 = DIRECTION('',(1.,1.224606353822E-16,-0.));
#7521 = ADVANCED_FACE('',(#7522),#7643,.T.);
#7522 = FACE_BOUND('',#7523,.T.);
#7523 = EDGE_LOOP('',(#7524,#7525,#7534,#7540,#7541,#7549,#7555,#7556,
    #7564,#7570,#7571,#7572,#7573,#7574,#7575,#7576,#7584,#7592,#7600,
    #7608,#7616,#7624,#7632,#7638,#7639,#7640,#7641,#7642));
#7524 = ORIENTED_EDGE('',*,*,#7454,.T.);
#7525 = ORIENTED_EDGE('',*,*,#7526,.F.);
#7526 = EDGE_CURVE('',#7527,#7447,#7529,.T.);
#7527 = VERTEX_POINT('',#7528);
#7528 = CARTESIAN_POINT('',(-1.256404227028,1.251686354594,9.6));
#7529 = CIRCLE('',#7530,0.2);
#7530 = AXIS2_PLACEMENT_3D('',#7531,#7532,#7533);
#7531 = CARTESIAN_POINT('',(-1.217181,1.055570219456,9.6));
#7532 = DIRECTION('',(1.224606353822E-16,6.123031769112E-17,1.));
#7533 = DIRECTION('',(1.232595164408E-32,-1.,6.123031769112E-17));
#7534 = ORIENTED_EDGE('',*,*,#7535,.T.);
#7535 = EDGE_CURVE('',#7527,#6243,#7536,.T.);
#7536 = LINE('',#7537,#7538);
#7537 = CARTESIAN_POINT('',(-0.386712,1.4256248,9.6));
#7538 = VECTOR('',#7539,1.);
#7539 = DIRECTION('',(0.980580675691,0.196116135138,-1.320907858475E-16)
  );
#7540 = ORIENTED_EDGE('',*,*,#6242,.F.);
#7541 = ORIENTED_EDGE('',*,*,#7542,.T.);
#7542 = EDGE_CURVE('',#6235,#7543,#7545,.T.);
#7543 = VERTEX_POINT('',#7544);
#7544 = CARTESIAN_POINT('',(-0.917181,1.219531,9.6));
#7545 = LINE('',#7546,#7547);
#7546 = CARTESIAN_POINT('',(-0.917181,-0.44765,9.6));
#7547 = VECTOR('',#7548,1.);
#7548 = DIRECTION('',(1.232595164408E-32,-1.,6.123031769112E-17));
#7549 = ORIENTED_EDGE('',*,*,#7550,.T.);
#7550 = EDGE_CURVE('',#7543,#6211,#7551,.T.);
#7551 = LINE('',#7552,#7553);
#7552 = CARTESIAN_POINT('',(-0.386712,1.3786717,9.6));
#7553 = VECTOR('',#7554,1.);
#7554 = DIRECTION('',(0.957826285221,0.287347885566,-1.348904177951E-16)
  );
#7555 = ORIENTED_EDGE('',*,*,#6210,.F.);
#7556 = ORIENTED_EDGE('',*,*,#7557,.T.);
#7557 = EDGE_CURVE('',#6203,#7558,#7560,.T.);
#7558 = VERTEX_POINT('',#7559);
#7559 = CARTESIAN_POINT('',(-0.417181,1.219531,9.6));
#7560 = LINE('',#7561,#7562);
#7561 = CARTESIAN_POINT('',(-0.417181,-0.44765,9.6));
#7562 = VECTOR('',#7563,1.);
#7563 = DIRECTION('',(1.232595164408E-32,-1.,6.123031769112E-17));
#7564 = ORIENTED_EDGE('',*,*,#7565,.T.);
#7565 = EDGE_CURVE('',#7558,#7472,#7566,.T.);
#7566 = LINE('',#7567,#7568);
#7567 = CARTESIAN_POINT('',(-0.386712,1.219531,9.6));
#7568 = VECTOR('',#7569,1.);
#7569 = DIRECTION('',(1.,2.465190328816E-32,-1.224606353822E-16));
#7570 = ORIENTED_EDGE('',*,*,#7471,.F.);
#7571 = ORIENTED_EDGE('',*,*,#6769,.F.);
#7572 = ORIENTED_EDGE('',*,*,#6747,.F.);
#7573 = ORIENTED_EDGE('',*,*,#6647,.T.);
#7574 = ORIENTED_EDGE('',*,*,#4840,.F.);
#7575 = ORIENTED_EDGE('',*,*,#6353,.F.);
#7576 = ORIENTED_EDGE('',*,*,#7577,.F.);
#7577 = EDGE_CURVE('',#7578,#6344,#7580,.T.);
#7578 = VERTEX_POINT('',#7579);
#7579 = CARTESIAN_POINT('',(0.282819,-1.080469,9.6));
#7580 = LINE('',#7581,#7582);
#7581 = CARTESIAN_POINT('',(0.282819,-0.44765,9.6));
#7582 = VECTOR('',#7583,1.);
#7583 = DIRECTION('',(1.232595164408E-32,-1.,6.123031769112E-17));
#7584 = ORIENTED_EDGE('',*,*,#7585,.T.);
#7585 = EDGE_CURVE('',#7578,#7586,#7588,.T.);
#7586 = VERTEX_POINT('',#7587);
#7587 = CARTESIAN_POINT('',(-0.417181,-1.080469,9.6));
#7588 = LINE('',#7589,#7590);
#7589 = CARTESIAN_POINT('',(-0.386712,-1.080469,9.6));
#7590 = VECTOR('',#7591,1.);
#7591 = DIRECTION('',(-1.,-2.465190328816E-32,1.224606353822E-16));
#7592 = ORIENTED_EDGE('',*,*,#7593,.T.);
#7593 = EDGE_CURVE('',#7586,#7594,#7596,.T.);
#7594 = VERTEX_POINT('',#7595);
#7595 = CARTESIAN_POINT('',(-0.417181,-1.130469,9.6));
#7596 = LINE('',#7597,#7598);
#7597 = CARTESIAN_POINT('',(-0.417181,-0.44765,9.6));
#7598 = VECTOR('',#7599,1.);
#7599 = DIRECTION('',(1.232595164408E-32,-1.,6.123031769112E-17));
#7600 = ORIENTED_EDGE('',*,*,#7601,.F.);
#7601 = EDGE_CURVE('',#7602,#7594,#7604,.T.);
#7602 = VERTEX_POINT('',#7603);
#7603 = CARTESIAN_POINT('',(-0.750514333333,-1.130469,9.6));
#7604 = LINE('',#7605,#7606);
#7605 = CARTESIAN_POINT('',(0.,-1.130469,9.6));
#7606 = VECTOR('',#7607,1.);
#7607 = DIRECTION('',(1.,1.224606353822E-16,-1.224606353822E-16));
#7608 = ORIENTED_EDGE('',*,*,#7609,.T.);
#7609 = EDGE_CURVE('',#7602,#7610,#7612,.T.);
#7610 = VERTEX_POINT('',#7611);
#7611 = CARTESIAN_POINT('',(-0.917181,-1.080469,9.6));
#7612 = LINE('',#7613,#7614);
#7613 = CARTESIAN_POINT('',(-0.386712,-1.2396097,9.6));
#7614 = VECTOR('',#7615,1.);
#7615 = DIRECTION('',(-0.957826285221,0.287347885566,9.970161315289E-17)
  );
#7616 = ORIENTED_EDGE('',*,*,#7617,.T.);
#7617 = EDGE_CURVE('',#7610,#7618,#7620,.T.);
#7618 = VERTEX_POINT('',#7619);
#7619 = CARTESIAN_POINT('',(-0.917181,-1.130469,9.6));
#7620 = LINE('',#7621,#7622);
#7621 = CARTESIAN_POINT('',(-0.917181,-0.44765,9.6));
#7622 = VECTOR('',#7623,1.);
#7623 = DIRECTION('',(1.232595164408E-32,-1.,6.123031769112E-17));
#7624 = ORIENTED_EDGE('',*,*,#7625,.F.);
#7625 = EDGE_CURVE('',#7626,#7618,#7628,.T.);
#7626 = VERTEX_POINT('',#7627);
#7627 = CARTESIAN_POINT('',(-1.167181,-1.130469,9.6));
#7628 = LINE('',#7629,#7630);
#7629 = CARTESIAN_POINT('',(0.,-1.130469,9.6));
#7630 = VECTOR('',#7631,1.);
#7631 = DIRECTION('',(1.,1.224606353822E-16,-1.224606353822E-16));
#7632 = ORIENTED_EDGE('',*,*,#7633,.T.);
#7633 = EDGE_CURVE('',#7626,#6891,#7634,.T.);
#7634 = LINE('',#7635,#7636);
#7635 = CARTESIAN_POINT('',(-0.386712,-1.2865628,9.6));
#7636 = VECTOR('',#7637,1.);
#7637 = DIRECTION('',(-0.980580675691,0.196116135138,1.080742793298E-16)
  );
#7638 = ORIENTED_EDGE('',*,*,#6890,.T.);
#7639 = ORIENTED_EDGE('',*,*,#6924,.T.);
#7640 = ORIENTED_EDGE('',*,*,#7302,.T.);
#7641 = ORIENTED_EDGE('',*,*,#7277,.F.);
#7642 = ORIENTED_EDGE('',*,*,#7425,.T.);
#7643 = PLANE('',#7644);
#7644 = AXIS2_PLACEMENT_3D('',#7645,#7646,#7647);
#7645 = CARTESIAN_POINT('',(1.082819,1.769531,9.6));
#7646 = DIRECTION('',(-1.224606353822E-16,-6.123031769112E-17,-1.));
#7647 = DIRECTION('',(1.,2.465190328816E-32,-1.224606353822E-16));
#7648 = ADVANCED_FACE('',(#7649),#7660,.F.);
#7649 = FACE_BOUND('',#7650,.T.);
#7650 = EDGE_LOOP('',(#7651,#7652,#7653,#7659));
#7651 = ORIENTED_EDGE('',*,*,#7479,.F.);
#7652 = ORIENTED_EDGE('',*,*,#7565,.F.);
#7653 = ORIENTED_EDGE('',*,*,#7654,.F.);
#7654 = EDGE_CURVE('',#7502,#7558,#7655,.T.);
#7655 = LINE('',#7656,#7657);
#7656 = CARTESIAN_POINT('',(-0.417181,1.219531,9.8));
#7657 = VECTOR('',#7658,1.);
#7658 = DIRECTION('',(-1.224606353822E-16,-6.123031769112E-17,-1.));
#7659 = ORIENTED_EDGE('',*,*,#7501,.T.);
#7660 = PLANE('',#7661);
#7661 = AXIS2_PLACEMENT_3D('',#7662,#7663,#7664);
#7662 = CARTESIAN_POINT('',(-0.417181,1.219531,9.8));
#7663 = DIRECTION('',(3.215020689727E-32,-1.,6.123031769112E-17));
#7664 = DIRECTION('',(-1.,-2.465190328816E-32,1.224606353822E-16));
#7665 = ADVANCED_FACE('',(#7666),#7672,.F.);
#7666 = FACE_BOUND('',#7667,.T.);
#7667 = EDGE_LOOP('',(#7668,#7669,#7670,#7671));
#7668 = ORIENTED_EDGE('',*,*,#7654,.T.);
#7669 = ORIENTED_EDGE('',*,*,#7557,.F.);
#7670 = ORIENTED_EDGE('',*,*,#6202,.T.);
#7671 = ORIENTED_EDGE('',*,*,#7509,.T.);
#7672 = PLANE('',#7673);
#7673 = AXIS2_PLACEMENT_3D('',#7674,#7675,#7676);
#7674 = CARTESIAN_POINT('',(-0.417181,1.369531,9.8));
#7675 = DIRECTION('',(-1.,-4.827648034968E-33,1.224606353822E-16));
#7676 = DIRECTION('',(-1.232595164408E-32,1.,-6.123031769112E-17));
#7677 = ADVANCED_FACE('',(#7678),#7695,.F.);
#7678 = FACE_BOUND('',#7679,.T.);
#7679 = EDGE_LOOP('',(#7680,#7688,#7694));
#7680 = ORIENTED_EDGE('',*,*,#7681,.F.);
#7681 = EDGE_CURVE('',#7682,#6219,#7684,.T.);
#7682 = VERTEX_POINT('',#7683);
#7683 = CARTESIAN_POINT('',(-0.917181,1.219531,9.8));
#7684 = LINE('',#7685,#7686);
#7685 = CARTESIAN_POINT('',(0.,1.4946853,9.8));
#7686 = VECTOR('',#7687,1.);
#7687 = DIRECTION('',(0.957826285221,0.287347885566,0.));
#7688 = ORIENTED_EDGE('',*,*,#7689,.F.);
#7689 = EDGE_CURVE('',#6227,#7682,#7690,.T.);
#7690 = LINE('',#7691,#7692);
#7691 = CARTESIAN_POINT('',(-0.917181,0.,9.8));
#7692 = VECTOR('',#7693,1.);
#7693 = DIRECTION('',(4.827648034968E-33,-1.,0.));
#7694 = ORIENTED_EDGE('',*,*,#6226,.F.);
#7695 = PLANE('',#7696);
#7696 = AXIS2_PLACEMENT_3D('',#7697,#7698,#7699);
#7697 = CARTESIAN_POINT('',(-0.111413244036,-1.926413479559,9.8));
#7698 = DIRECTION('',(0.,0.,1.));
#7699 = DIRECTION('',(1.,1.224606353822E-16,-0.));
#7700 = ADVANCED_FACE('',(#7701),#7712,.F.);
#7701 = FACE_BOUND('',#7702,.T.);
#7702 = EDGE_LOOP('',(#7703,#7709,#7710,#7711));
#7703 = ORIENTED_EDGE('',*,*,#7704,.T.);
#7704 = EDGE_CURVE('',#7682,#7543,#7705,.T.);
#7705 = LINE('',#7706,#7707);
#7706 = CARTESIAN_POINT('',(-0.917181,1.219531,9.8));
#7707 = VECTOR('',#7708,1.);
#7708 = DIRECTION('',(-1.224606353822E-16,-6.123031769112E-17,-1.));
#7709 = ORIENTED_EDGE('',*,*,#7542,.F.);
#7710 = ORIENTED_EDGE('',*,*,#6234,.T.);
#7711 = ORIENTED_EDGE('',*,*,#7689,.T.);
#7712 = PLANE('',#7713);
#7713 = AXIS2_PLACEMENT_3D('',#7714,#7715,#7716);
#7714 = CARTESIAN_POINT('',(-0.917181,1.319531,9.8));
#7715 = DIRECTION('',(-1.,-4.827648034968E-33,1.224606353822E-16));
#7716 = DIRECTION('',(-1.232595164408E-32,1.,-6.123031769112E-17));
#7717 = ADVANCED_FACE('',(#7718),#7724,.F.);
#7718 = FACE_BOUND('',#7719,.T.);
#7719 = EDGE_LOOP('',(#7720,#7721,#7722,#7723));
#7720 = ORIENTED_EDGE('',*,*,#6218,.T.);
#7721 = ORIENTED_EDGE('',*,*,#7550,.F.);
#7722 = ORIENTED_EDGE('',*,*,#7704,.F.);
#7723 = ORIENTED_EDGE('',*,*,#7681,.T.);
#7724 = PLANE('',#7725);
#7725 = AXIS2_PLACEMENT_3D('',#7726,#7727,#7728);
#7726 = CARTESIAN_POINT('',(-0.917181,1.219531,9.8));
#7727 = DIRECTION('',(0.287347885566,-0.957826285221,2.34592030948E-17)
  );
#7728 = DIRECTION('',(-0.957826285221,-0.287347885566,1.348904177951E-16
    ));
#7729 = ADVANCED_FACE('',(#7730),#7741,.F.);
#7730 = FACE_BOUND('',#7731,.T.);
#7731 = EDGE_LOOP('',(#7732,#7733,#7734,#7740));
#7732 = ORIENTED_EDGE('',*,*,#6250,.T.);
#7733 = ORIENTED_EDGE('',*,*,#7535,.F.);
#7734 = ORIENTED_EDGE('',*,*,#7735,.F.);
#7735 = EDGE_CURVE('',#6792,#7527,#7736,.T.);
#7736 = LINE('',#7737,#7738);
#7737 = CARTESIAN_POINT('',(-1.256404227028,1.251686354594,9.8));
#7738 = VECTOR('',#7739,1.);
#7739 = DIRECTION('',(-1.224606353822E-16,-6.123031769112E-17,-1.));
#7740 = ORIENTED_EDGE('',*,*,#6791,.T.);
#7741 = PLANE('',#7742);
#7742 = AXIS2_PLACEMENT_3D('',#7743,#7744,#7745);
#7743 = CARTESIAN_POINT('',(-1.256404227028,1.251686354594,9.8));
#7744 = DIRECTION('',(0.196116135138,-0.980580675691,3.60247597766E-17)
  );
#7745 = DIRECTION('',(-0.980580675691,-0.196116135138,1.320907858475E-16
    ));
#7746 = ADVANCED_FACE('',(#7747),#7753,.T.);
#7747 = FACE_BOUND('',#7748,.T.);
#7748 = EDGE_LOOP('',(#7749,#7750,#7751,#7752));
#7749 = ORIENTED_EDGE('',*,*,#7735,.T.);
#7750 = ORIENTED_EDGE('',*,*,#7526,.T.);
#7751 = ORIENTED_EDGE('',*,*,#7446,.T.);
#7752 = ORIENTED_EDGE('',*,*,#6799,.F.);
#7753 = CYLINDRICAL_SURFACE('',#7754,0.2);
#7754 = AXIS2_PLACEMENT_3D('',#7755,#7756,#7757);
#7755 = CARTESIAN_POINT('',(-1.217181,1.055570219456,9.8));
#7756 = DIRECTION('',(1.224606353822E-16,6.123031769112E-17,1.));
#7757 = DIRECTION('',(1.232595164408E-32,-1.,6.123031769112E-17));
#7758 = ADVANCED_FACE('',(#7759),#7779,.T.);
#7759 = FACE_BOUND('',#7760,.T.);
#7760 = EDGE_LOOP('',(#7761,#7762,#7768,#7769,#7770,#7776,#7777,#7778));
#7761 = ORIENTED_EDGE('',*,*,#6990,.F.);
#7762 = ORIENTED_EDGE('',*,*,#7763,.T.);
#7763 = EDGE_CURVE('',#6982,#7235,#7764,.T.);
#7764 = LINE('',#7765,#7766);
#7765 = CARTESIAN_POINT('',(-2.417181,0.319531,3.363375893843));
#7766 = VECTOR('',#7767,1.);
#7767 = DIRECTION('',(1.224606353822E-16,6.123031769112E-17,1.));
#7768 = ORIENTED_EDGE('',*,*,#7244,.T.);
#7769 = ORIENTED_EDGE('',*,*,#7220,.T.);
#7770 = ORIENTED_EDGE('',*,*,#7771,.F.);
#7771 = EDGE_CURVE('',#7312,#7212,#7772,.T.);
#7772 = LINE('',#7773,#7774);
#7773 = CARTESIAN_POINT('',(-2.417181,1.769531,8.7));
#7774 = VECTOR('',#7775,1.);
#7775 = DIRECTION('',(-1.232595164408E-32,1.,-6.123031769112E-17));
#7776 = ORIENTED_EDGE('',*,*,#7311,.T.);
#7777 = ORIENTED_EDGE('',*,*,#6938,.T.);
#7778 = ORIENTED_EDGE('',*,*,#7409,.T.);
#7779 = PLANE('',#7780);
#7780 = AXIS2_PLACEMENT_3D('',#7781,#7782,#7783);
#7781 = CARTESIAN_POINT('',(-2.417181,1.769531,8.7));
#7782 = DIRECTION('',(-1.,-4.827648034968E-33,1.224606353822E-16));
#7783 = DIRECTION('',(-1.224606353822E-16,-6.123031769112E-17,-1.));
#7784 = ADVANCED_FACE('',(#7785),#7791,.T.);
#7785 = FACE_BOUND('',#7786,.T.);
#7786 = EDGE_LOOP('',(#7787,#7788,#7789,#7790));
#7787 = ORIENTED_EDGE('',*,*,#7387,.T.);
#7788 = ORIENTED_EDGE('',*,*,#7319,.T.);
#7789 = ORIENTED_EDGE('',*,*,#7771,.T.);
#7790 = ORIENTED_EDGE('',*,*,#7211,.F.);
#7791 = CYLINDRICAL_SURFACE('',#7792,0.4);
#7792 = AXIS2_PLACEMENT_3D('',#7793,#7794,#7795);
#7793 = CARTESIAN_POINT('',(-2.017181,1.769531,8.7));
#7794 = DIRECTION('',(-1.232595164408E-32,1.,-6.123031769112E-17));
#7795 = DIRECTION('',(-1.,-4.827648034968E-33,1.224606353822E-16));
#7796 = ADVANCED_FACE('',(#7797),#7805,.F.);
#7797 = FACE_BOUND('',#7798,.T.);
#7798 = EDGE_LOOP('',(#7799,#7800,#7801,#7802,#7803,#7804));
#7799 = ORIENTED_EDGE('',*,*,#7137,.F.);
#7800 = ORIENTED_EDGE('',*,*,#7234,.F.);
#7801 = ORIENTED_EDGE('',*,*,#7763,.F.);
#7802 = ORIENTED_EDGE('',*,*,#6981,.F.);
#7803 = ORIENTED_EDGE('',*,*,#7174,.F.);
#7804 = ORIENTED_EDGE('',*,*,#7072,.T.);
#7805 = PLANE('',#7806);
#7806 = AXIS2_PLACEMENT_3D('',#7807,#7808,#7809);
#7807 = CARTESIAN_POINT('',(-2.417181,0.319531,9.1));
#7808 = DIRECTION('',(-3.215020689727E-32,1.,-6.123031769112E-17));
#7809 = DIRECTION('',(1.,2.465190328816E-32,-1.224606353822E-16));
#7810 = ADVANCED_FACE('',(#7811),#7822,.F.);
#7811 = FACE_BOUND('',#7812,.T.);
#7812 = EDGE_LOOP('',(#7813,#7814,#7815,#7821));
#7813 = ORIENTED_EDGE('',*,*,#6899,.T.);
#7814 = ORIENTED_EDGE('',*,*,#7633,.F.);
#7815 = ORIENTED_EDGE('',*,*,#7816,.T.);
#7816 = EDGE_CURVE('',#7626,#6858,#7817,.T.);
#7817 = LINE('',#7818,#7819);
#7818 = CARTESIAN_POINT('',(-1.167181,-1.130469,24.375));
#7819 = VECTOR('',#7820,1.);
#7820 = DIRECTION('',(4.286122238378E-16,4.713770096757E-32,1.));
#7821 = ORIENTED_EDGE('',*,*,#6857,.T.);
#7822 = PLANE('',#7823);
#7823 = AXIS2_PLACEMENT_3D('',#7824,#7825,#7826);
#7824 = CARTESIAN_POINT('',(-0.917181,-1.180469,9.8));
#7825 = DIRECTION('',(0.196116135138,0.980580675691,-8.405777281206E-17)
  );
#7826 = DIRECTION('',(0.980580675691,-0.196116135138,-1.080742793298E-16
    ));
#7827 = ADVANCED_FACE('',(#7828),#7853,.F.);
#7828 = FACE_BOUND('',#7829,.T.);
#7829 = EDGE_LOOP('',(#7830,#7838,#7839,#7847));
#7830 = ORIENTED_EDGE('',*,*,#7831,.T.);
#7831 = EDGE_CURVE('',#7832,#7594,#7834,.T.);
#7832 = VERTEX_POINT('',#7833);
#7833 = CARTESIAN_POINT('',(-0.417181,-1.130469,9.8));
#7834 = LINE('',#7835,#7836);
#7835 = CARTESIAN_POINT('',(-0.417181,-1.130469,24.375));
#7836 = VECTOR('',#7837,1.);
#7837 = DIRECTION('',(-1.224606353822E-16,-2.465190328816E-32,-1.));
#7838 = ORIENTED_EDGE('',*,*,#7593,.F.);
#7839 = ORIENTED_EDGE('',*,*,#7840,.F.);
#7840 = EDGE_CURVE('',#7841,#7586,#7843,.T.);
#7841 = VERTEX_POINT('',#7842);
#7842 = CARTESIAN_POINT('',(-0.417181,-1.080469,9.8));
#7843 = LINE('',#7844,#7845);
#7844 = CARTESIAN_POINT('',(-0.417181,-1.080469,9.8));
#7845 = VECTOR('',#7846,1.);
#7846 = DIRECTION('',(-1.224606353822E-16,-6.123031769112E-17,-1.));
#7847 = ORIENTED_EDGE('',*,*,#7848,.T.);
#7848 = EDGE_CURVE('',#7841,#7832,#7849,.T.);
#7849 = LINE('',#7850,#7851);
#7850 = CARTESIAN_POINT('',(-0.417181,0.,9.8));
#7851 = VECTOR('',#7852,1.);
#7852 = DIRECTION('',(4.827648034968E-33,-1.,0.));
#7853 = PLANE('',#7854);
#7854 = AXIS2_PLACEMENT_3D('',#7855,#7856,#7857);
#7855 = CARTESIAN_POINT('',(-0.417181,-1.080469,9.8));
#7856 = DIRECTION('',(-1.,-4.827648034968E-33,1.224606353822E-16));
#7857 = DIRECTION('',(-1.232595164408E-32,1.,-6.123031769112E-17));
#7858 = ADVANCED_FACE('',(#7859),#7884,.F.);
#7859 = FACE_BOUND('',#7860,.T.);
#7860 = EDGE_LOOP('',(#7861,#7869,#7870,#7878));
#7861 = ORIENTED_EDGE('',*,*,#7862,.T.);
#7862 = EDGE_CURVE('',#7863,#7610,#7865,.T.);
#7863 = VERTEX_POINT('',#7864);
#7864 = CARTESIAN_POINT('',(-0.917181,-1.080469,9.8));
#7865 = LINE('',#7866,#7867);
#7866 = CARTESIAN_POINT('',(-0.917181,-1.080469,9.8));
#7867 = VECTOR('',#7868,1.);
#7868 = DIRECTION('',(-1.224606353822E-16,-6.123031769112E-17,-1.));
#7869 = ORIENTED_EDGE('',*,*,#7609,.F.);
#7870 = ORIENTED_EDGE('',*,*,#7871,.T.);
#7871 = EDGE_CURVE('',#7602,#7872,#7874,.T.);
#7872 = VERTEX_POINT('',#7873);
#7873 = CARTESIAN_POINT('',(-0.750514333333,-1.130469,9.8));
#7874 = LINE('',#7875,#7876);
#7875 = CARTESIAN_POINT('',(-0.750514333333,-1.130469,24.375));
#7876 = VECTOR('',#7877,1.);
#7877 = DIRECTION('',(3.265616943526E-16,3.753362467697E-32,1.));
#7878 = ORIENTED_EDGE('',*,*,#7879,.T.);
#7879 = EDGE_CURVE('',#7872,#7863,#7880,.T.);
#7880 = LINE('',#7881,#7882);
#7881 = CARTESIAN_POINT('',(0.,-1.3556233,9.8));
#7882 = VECTOR('',#7883,1.);
#7883 = DIRECTION('',(-0.957826285221,0.287347885566,0.));
#7884 = PLANE('',#7885);
#7885 = AXIS2_PLACEMENT_3D('',#7886,#7887,#7888);
#7886 = CARTESIAN_POINT('',(-0.417181,-1.230469,9.8));
#7887 = DIRECTION('',(0.287347885566,0.957826285221,-9.383681237919E-17)
  );
#7888 = DIRECTION('',(0.957826285221,-0.287347885566,-9.970161315289E-17
    ));
#7889 = ADVANCED_FACE('',(#7890),#7908,.F.);
#7890 = FACE_BOUND('',#7891,.T.);
#7891 = EDGE_LOOP('',(#7892,#7900,#7901,#7902));
#7892 = ORIENTED_EDGE('',*,*,#7893,.T.);
#7893 = EDGE_CURVE('',#7894,#7618,#7896,.T.);
#7894 = VERTEX_POINT('',#7895);
#7895 = CARTESIAN_POINT('',(-0.917181,-1.130469,9.8));
#7896 = LINE('',#7897,#7898);
#7897 = CARTESIAN_POINT('',(-0.917181,-1.130469,24.375));
#7898 = VECTOR('',#7899,1.);
#7899 = DIRECTION('',(-1.224606353822E-16,-2.465190328816E-32,-1.));
#7900 = ORIENTED_EDGE('',*,*,#7617,.F.);
#7901 = ORIENTED_EDGE('',*,*,#7862,.F.);
#7902 = ORIENTED_EDGE('',*,*,#7903,.T.);
#7903 = EDGE_CURVE('',#7863,#7894,#7904,.T.);
#7904 = LINE('',#7905,#7906);
#7905 = CARTESIAN_POINT('',(-0.917181,0.,9.8));
#7906 = VECTOR('',#7907,1.);
#7907 = DIRECTION('',(4.827648034968E-33,-1.,0.));
#7908 = PLANE('',#7909);
#7909 = AXIS2_PLACEMENT_3D('',#7910,#7911,#7912);
#7910 = CARTESIAN_POINT('',(-0.917181,-1.080469,9.8));
#7911 = DIRECTION('',(-1.,-4.827648034968E-33,1.224606353822E-16));
#7912 = DIRECTION('',(-1.232595164408E-32,1.,-6.123031769112E-17));
#7913 = ADVANCED_FACE('',(#7914),#7925,.F.);
#7914 = FACE_BOUND('',#7915,.T.);
#7915 = EDGE_LOOP('',(#7916,#7917,#7923,#7924));
#7916 = ORIENTED_EDGE('',*,*,#6272,.F.);
#7917 = ORIENTED_EDGE('',*,*,#7918,.F.);
#7918 = EDGE_CURVE('',#6346,#6273,#7919,.T.);
#7919 = LINE('',#7920,#7921);
#7920 = CARTESIAN_POINT('',(-8.360665290511E-17,-1.130469,9.59));
#7921 = VECTOR('',#7922,1.);
#7922 = DIRECTION('',(-1.,-1.224606353822E-16,0.));
#7923 = ORIENTED_EDGE('',*,*,#6375,.F.);
#7924 = ORIENTED_EDGE('',*,*,#6320,.T.);
#7925 = PLANE('',#7926);
#7926 = AXIS2_PLACEMENT_3D('',#7927,#7928,#7929);
#7927 = CARTESIAN_POINT('',(0.282819,-0.830469,9.59));
#7928 = DIRECTION('',(0.,0.,-1.));
#7929 = DIRECTION('',(1.,-9.877623892429E-16,0.));
#7930 = ADVANCED_FACE('',(#7931),#7963,.F.);
#7931 = FACE_BOUND('',#7932,.T.);
#7932 = EDGE_LOOP('',(#7933,#7934,#7935,#7936,#7937,#7938,#7939,#7940,
    #7946,#7947,#7948,#7949,#7957));
#7933 = ORIENTED_EDGE('',*,*,#6343,.T.);
#7934 = ORIENTED_EDGE('',*,*,#7918,.T.);
#7935 = ORIENTED_EDGE('',*,*,#6305,.T.);
#7936 = ORIENTED_EDGE('',*,*,#6865,.F.);
#7937 = ORIENTED_EDGE('',*,*,#7816,.F.);
#7938 = ORIENTED_EDGE('',*,*,#7625,.T.);
#7939 = ORIENTED_EDGE('',*,*,#7893,.F.);
#7940 = ORIENTED_EDGE('',*,*,#7941,.F.);
#7941 = EDGE_CURVE('',#7872,#7894,#7942,.T.);
#7942 = LINE('',#7943,#7944);
#7943 = CARTESIAN_POINT('',(-8.360665290511E-17,-1.130469,9.8));
#7944 = VECTOR('',#7945,1.);
#7945 = DIRECTION('',(-1.,-1.224606353822E-16,0.));
#7946 = ORIENTED_EDGE('',*,*,#7871,.F.);
#7947 = ORIENTED_EDGE('',*,*,#7601,.T.);
#7948 = ORIENTED_EDGE('',*,*,#7831,.F.);
#7949 = ORIENTED_EDGE('',*,*,#7950,.F.);
#7950 = EDGE_CURVE('',#7951,#7832,#7953,.T.);
#7951 = VERTEX_POINT('',#7952);
#7952 = CARTESIAN_POINT('',(0.282819,-1.130469,9.8));
#7953 = LINE('',#7954,#7955);
#7954 = CARTESIAN_POINT('',(-8.360665290511E-17,-1.130469,9.8));
#7955 = VECTOR('',#7956,1.);
#7956 = DIRECTION('',(-1.,-1.224606353822E-16,0.));
#7957 = ORIENTED_EDGE('',*,*,#7958,.F.);
#7958 = EDGE_CURVE('',#6344,#7951,#7959,.T.);
#7959 = LINE('',#7960,#7961);
#7960 = CARTESIAN_POINT('',(0.282819,-1.130469,24.375));
#7961 = VECTOR('',#7962,1.);
#7962 = DIRECTION('',(1.224606353822E-16,2.465190328816E-32,1.));
#7963 = PLANE('',#7964);
#7964 = AXIS2_PLACEMENT_3D('',#7965,#7966,#7967);
#7965 = CARTESIAN_POINT('',(0.182819,-1.130469,9.8));
#7966 = DIRECTION('',(1.224606353822E-16,-1.,0.));
#7967 = DIRECTION('',(1.,1.224606353822E-16,0.));
#7968 = ADVANCED_FACE('',(#7969),#7987,.F.);
#7969 = FACE_BOUND('',#7970,.T.);
#7970 = EDGE_LOOP('',(#7971,#7972,#7980,#7986));
#7971 = ORIENTED_EDGE('',*,*,#7958,.T.);
#7972 = ORIENTED_EDGE('',*,*,#7973,.T.);
#7973 = EDGE_CURVE('',#7951,#7974,#7976,.T.);
#7974 = VERTEX_POINT('',#7975);
#7975 = CARTESIAN_POINT('',(0.282819,-1.080469,9.8));
#7976 = LINE('',#7977,#7978);
#7977 = CARTESIAN_POINT('',(0.282819,0.,9.8));
#7978 = VECTOR('',#7979,1.);
#7979 = DIRECTION('',(-4.827648034968E-33,1.,0.));
#7980 = ORIENTED_EDGE('',*,*,#7981,.T.);
#7981 = EDGE_CURVE('',#7974,#7578,#7982,.T.);
#7982 = LINE('',#7983,#7984);
#7983 = CARTESIAN_POINT('',(0.282819,-1.080469,24.375));
#7984 = VECTOR('',#7985,1.);
#7985 = DIRECTION('',(-1.224606353822E-16,-6.123031769112E-17,-1.));
#7986 = ORIENTED_EDGE('',*,*,#7577,.T.);
#7987 = PLANE('',#7988);
#7988 = AXIS2_PLACEMENT_3D('',#7989,#7990,#7991);
#7989 = CARTESIAN_POINT('',(0.282819,1.29518400696,9.684510345015));
#7990 = DIRECTION('',(1.,4.827648034968E-33,-1.224606353822E-16));
#7991 = DIRECTION('',(-1.232595164408E-32,1.,-6.123031769112E-17));
#7992 = ADVANCED_FACE('',(#7993),#8004,.F.);
#7993 = FACE_BOUND('',#7994,.T.);
#7994 = EDGE_LOOP('',(#7995,#7996,#7997,#7998));
#7995 = ORIENTED_EDGE('',*,*,#7840,.T.);
#7996 = ORIENTED_EDGE('',*,*,#7585,.F.);
#7997 = ORIENTED_EDGE('',*,*,#7981,.F.);
#7998 = ORIENTED_EDGE('',*,*,#7999,.T.);
#7999 = EDGE_CURVE('',#7974,#7841,#8000,.T.);
#8000 = LINE('',#8001,#8002);
#8001 = CARTESIAN_POINT('',(0.,-1.080469,9.8));
#8002 = VECTOR('',#8003,1.);
#8003 = DIRECTION('',(-1.,-3.215020689727E-32,0.));
#8004 = PLANE('',#8005);
#8005 = AXIS2_PLACEMENT_3D('',#8006,#8007,#8008);
#8006 = CARTESIAN_POINT('',(0.282819,-1.080469,9.8));
#8007 = DIRECTION('',(-3.215020689727E-32,1.,-6.123031769112E-17));
#8008 = DIRECTION('',(1.,2.465190328816E-32,-1.224606353822E-16));
#8009 = ADVANCED_FACE('',(#8010),#8015,.F.);
#8010 = FACE_BOUND('',#8011,.T.);
#8011 = EDGE_LOOP('',(#8012,#8013,#8014));
#8012 = ORIENTED_EDGE('',*,*,#7879,.F.);
#8013 = ORIENTED_EDGE('',*,*,#7941,.T.);
#8014 = ORIENTED_EDGE('',*,*,#7903,.F.);
#8015 = PLANE('',#8016);
#8016 = AXIS2_PLACEMENT_3D('',#8017,#8018,#8019);
#8017 = CARTESIAN_POINT('',(-0.111413244036,-1.926413479559,9.8));
#8018 = DIRECTION('',(0.,0.,1.));
#8019 = DIRECTION('',(1.,1.224606353822E-16,-0.));
#8020 = ADVANCED_FACE('',(#8021),#8027,.F.);
#8021 = FACE_BOUND('',#8022,.T.);
#8022 = EDGE_LOOP('',(#8023,#8024,#8025,#8026));
#8023 = ORIENTED_EDGE('',*,*,#7848,.F.);
#8024 = ORIENTED_EDGE('',*,*,#7999,.F.);
#8025 = ORIENTED_EDGE('',*,*,#7973,.F.);
#8026 = ORIENTED_EDGE('',*,*,#7950,.T.);
#8027 = PLANE('',#8028);
#8028 = AXIS2_PLACEMENT_3D('',#8029,#8030,#8031);
#8029 = CARTESIAN_POINT('',(-0.111413244036,-1.926413479559,9.8));
#8030 = DIRECTION('',(0.,0.,1.));
#8031 = DIRECTION('',(1.,1.224606353822E-16,-0.));
#8032 = ADVANCED_FACE('',(#8033),#8049,.T.);
#8033 = FACE_BOUND('',#8034,.T.);
#8034 = EDGE_LOOP('',(#8035,#8036,#8042,#8043));
#8035 = ORIENTED_EDGE('',*,*,#1632,.T.);
#8036 = ORIENTED_EDGE('',*,*,#8037,.F.);
#8037 = EDGE_CURVE('',#1521,#1625,#8038,.T.);
#8038 = LINE('',#8039,#8040);
#8039 = CARTESIAN_POINT('',(0.,0.969531,14.16));
#8040 = VECTOR('',#8041,1.);
#8041 = DIRECTION('',(1.,0.,0.));
#8042 = ORIENTED_EDGE('',*,*,#1520,.T.);
#8043 = ORIENTED_EDGE('',*,*,#8044,.T.);
#8044 = EDGE_CURVE('',#1513,#1586,#8045,.T.);
#8045 = LINE('',#8046,#8047);
#8046 = CARTESIAN_POINT('',(0.,1.269531,14.16));
#8047 = VECTOR('',#8048,1.);
#8048 = DIRECTION('',(1.,0.,0.));
#8049 = PLANE('',#8050);
#8050 = AXIS2_PLACEMENT_3D('',#8051,#8052,#8053);
#8051 = CARTESIAN_POINT('',(1.182819,0.969531,14.16));
#8052 = DIRECTION('',(0.,0.,-1.));
#8053 = DIRECTION('',(0.,-1.,0.));
#8054 = ADVANCED_FACE('',(#8055),#8061,.T.);
#8055 = FACE_BOUND('',#8056,.T.);
#8056 = EDGE_LOOP('',(#8057,#8058,#8059,#8060));
#8057 = ORIENTED_EDGE('',*,*,#1153,.T.);
#8058 = ORIENTED_EDGE('',*,*,#1528,.T.);
#8059 = ORIENTED_EDGE('',*,*,#8037,.T.);
#8060 = ORIENTED_EDGE('',*,*,#1624,.T.);
#8061 = PLANE('',#8062);
#8062 = AXIS2_PLACEMENT_3D('',#8063,#8064,#8065);
#8063 = CARTESIAN_POINT('',(0.182819,0.969531,14.7));
#8064 = DIRECTION('',(0.,-1.,0.));
#8065 = DIRECTION('',(-1.,0.,0.));
#8066 = ADVANCED_FACE('',(#8067),#8077,.F.);
#8067 = FACE_BOUND('',#8068,.T.);
#8068 = EDGE_LOOP('',(#8069,#8070,#8071,#8072,#8073,#8074,#8075,#8076));
#8069 = ORIENTED_EDGE('',*,*,#1847,.F.);
#8070 = ORIENTED_EDGE('',*,*,#2085,.F.);
#8071 = ORIENTED_EDGE('',*,*,#1679,.T.);
#8072 = ORIENTED_EDGE('',*,*,#2591,.T.);
#8073 = ORIENTED_EDGE('',*,*,#1363,.T.);
#8074 = ORIENTED_EDGE('',*,*,#1985,.F.);
#8075 = ORIENTED_EDGE('',*,*,#2276,.T.);
#8076 = ORIENTED_EDGE('',*,*,#2261,.F.);
#8077 = PLANE('',#8078);
#8078 = AXIS2_PLACEMENT_3D('',#8079,#8080,#8081);
#8079 = CARTESIAN_POINT('',(-0.268395264475,-2.230469,12.996823964012));
#8080 = DIRECTION('',(0.,1.,0.));
#8081 = DIRECTION('',(1.,0.,0.));
#8082 = ADVANCED_FACE('',(#8083),#8101,.F.);
#8083 = FACE_BOUND('',#8084,.T.);
#8084 = EDGE_LOOP('',(#8085,#8086,#8094,#8100));
#8085 = ORIENTED_EDGE('',*,*,#5099,.T.);
#8086 = ORIENTED_EDGE('',*,*,#8087,.F.);
#8087 = EDGE_CURVE('',#8088,#5092,#8090,.T.);
#8088 = VERTEX_POINT('',#8089);
#8089 = CARTESIAN_POINT('',(-1.017181,-2.230469,11.426));
#8090 = LINE('',#8091,#8092);
#8091 = CARTESIAN_POINT('',(-1.017181,-3.466092364838E-16,11.426));
#8092 = VECTOR('',#8093,1.);
#8093 = DIRECTION('',(-1.224606353822E-16,1.,0.));
#8094 = ORIENTED_EDGE('',*,*,#8095,.F.);
#8095 = EDGE_CURVE('',#2569,#8088,#8096,.T.);
#8096 = LINE('',#8097,#8098);
#8097 = CARTESIAN_POINT('',(-2.017181,-2.230469,11.426));
#8098 = VECTOR('',#8099,1.);
#8099 = DIRECTION('',(1.,1.224606353822E-16,0.));
#8100 = ORIENTED_EDGE('',*,*,#2654,.T.);
#8101 = PLANE('',#8102);
#8102 = AXIS2_PLACEMENT_3D('',#8103,#8104,#8105);
#8103 = CARTESIAN_POINT('',(-2.017181,-2.230469,11.426));
#8104 = DIRECTION('',(0.,0.,1.));
#8105 = DIRECTION('',(1.224606353822E-16,-1.,0.));
#8106 = ADVANCED_FACE('',(#8107),#8115,.T.);
#8107 = FACE_BOUND('',#8108,.T.);
#8108 = EDGE_LOOP('',(#8109,#8110,#8111,#8112,#8113,#8114));
#8109 = ORIENTED_EDGE('',*,*,#2927,.T.);
#8110 = ORIENTED_EDGE('',*,*,#1695,.T.);
#8111 = ORIENTED_EDGE('',*,*,#2078,.F.);
#8112 = ORIENTED_EDGE('',*,*,#1831,.F.);
#8113 = ORIENTED_EDGE('',*,*,#2222,.F.);
#8114 = ORIENTED_EDGE('',*,*,#2500,.T.);
#8115 = PLANE('',#8116);
#8116 = AXIS2_PLACEMENT_3D('',#8117,#8118,#8119);
#8117 = CARTESIAN_POINT('',(-2.417181,2.769531,13.075));
#8118 = DIRECTION('',(0.,1.,-8.881784197001E-15));
#8119 = DIRECTION('',(0.,8.881784197001E-15,1.));
#8120 = ADVANCED_FACE('',(#8121),#8136,.T.);
#8121 = FACE_BOUND('',#8122,.T.);
#8122 = EDGE_LOOP('',(#8123,#8124,#8125,#8126,#8127,#8128,#8129,#8130,
    #8131,#8132,#8133,#8134,#8135));
#8123 = ORIENTED_EDGE('',*,*,#1808,.F.);
#8124 = ORIENTED_EDGE('',*,*,#3884,.F.);
#8125 = ORIENTED_EDGE('',*,*,#4388,.T.);
#8126 = ORIENTED_EDGE('',*,*,#3086,.F.);
#8127 = ORIENTED_EDGE('',*,*,#4518,.F.);
#8128 = ORIENTED_EDGE('',*,*,#4268,.F.);
#8129 = ORIENTED_EDGE('',*,*,#4380,.T.);
#8130 = ORIENTED_EDGE('',*,*,#898,.F.);
#8131 = ORIENTED_EDGE('',*,*,#4670,.F.);
#8132 = ORIENTED_EDGE('',*,*,#3126,.F.);
#8133 = ORIENTED_EDGE('',*,*,#1583,.T.);
#8134 = ORIENTED_EDGE('',*,*,#8044,.F.);
#8135 = ORIENTED_EDGE('',*,*,#1512,.T.);
#8136 = PLANE('',#8137);
#8137 = AXIS2_PLACEMENT_3D('',#8138,#8139,#8140);
#8138 = CARTESIAN_POINT('',(0.282819,1.269531,13.95));
#8139 = DIRECTION('',(0.,-1.,0.));
#8140 = DIRECTION('',(-1.,0.,0.));
#8141 = ADVANCED_FACE('',(#8142),#8153,.F.);
#8142 = FACE_BOUND('',#8143,.T.);
#8143 = EDGE_LOOP('',(#8144,#8145,#8146,#8152));
#8144 = ORIENTED_EDGE('',*,*,#5091,.F.);
#8145 = ORIENTED_EDGE('',*,*,#876,.F.);
#8146 = ORIENTED_EDGE('',*,*,#8147,.F.);
#8147 = EDGE_CURVE('',#8088,#869,#8148,.T.);
#8148 = LINE('',#8149,#8150);
#8149 = CARTESIAN_POINT('',(-1.017181,-2.230469,15.625));
#8150 = VECTOR('',#8151,1.);
#8151 = DIRECTION('',(0.,0.,1.));
#8152 = ORIENTED_EDGE('',*,*,#8087,.T.);
#8153 = PLANE('',#8154);
#8154 = AXIS2_PLACEMENT_3D('',#8155,#8156,#8157);
#8155 = CARTESIAN_POINT('',(-1.017181,-2.030469,13.075));
#8156 = DIRECTION('',(-1.,0.,0.));
#8157 = DIRECTION('',(0.,0.,1.));
#8158 = ADVANCED_FACE('',(#8159),#8165,.F.);
#8159 = FACE_BOUND('',#8160,.T.);
#8160 = EDGE_LOOP('',(#8161,#8162,#8163,#8164));
#8161 = ORIENTED_EDGE('',*,*,#8095,.T.);
#8162 = ORIENTED_EDGE('',*,*,#8147,.T.);
#8163 = ORIENTED_EDGE('',*,*,#868,.F.);
#8164 = ORIENTED_EDGE('',*,*,#2568,.F.);
#8165 = PLANE('',#8166);
#8166 = AXIS2_PLACEMENT_3D('',#8167,#8168,#8169);
#8167 = CARTESIAN_POINT('',(-2.017181,-2.230469,12.324));
#8168 = DIRECTION('',(-1.224606353822E-16,1.,0.));
#8169 = DIRECTION('',(0.,0.,1.));
#8170 = ( GEOMETRIC_REPRESENTATION_CONTEXT(3) 
GLOBAL_UNCERTAINTY_ASSIGNED_CONTEXT((#8174)) 
GLOBAL_UNIT_ASSIGNED_CONTEXT((#8171,#8172,#8173)) REPRESENTATION_CONTEXT
('Context #1','3D Context with UNIT and UNCERTAINTY') );
#8171 = ( LENGTH_UNIT() NAMED_UNIT(*) SI_UNIT(.MILLI.,.METRE.) );
#8172 = ( NAMED_UNIT(*) PLANE_ANGLE_UNIT() SI_UNIT($,.RADIAN.) );
#8173 = ( NAMED_UNIT(*) SI_UNIT($,.STERADIAN.) SOLID_ANGLE_UNIT() );
#8174 = UNCERTAINTY_MEASURE_WITH_UNIT(LENGTH_MEASURE(1.E-07),#8171,
  'distance_accuracy_value','confusion accuracy');
#8175 = CONTEXT_DEPENDENT_SHAPE_REPRESENTATION(#8176,#8178);
#8176 = ( REPRESENTATION_RELATIONSHIP('','',#811,#788) 
REPRESENTATION_RELATIONSHIP_WITH_TRANSFORMATION(#8177) 
SHAPE_REPRESENTATION_RELATIONSHIP() );
#8177 = ITEM_DEFINED_TRANSFORMATION('','',#11,#789);
#8178 = PRODUCT_DEFINITION_SHAPE('Placement','Placement of an item',
  #8179);
#8179 = NEXT_ASSEMBLY_USAGE_OCCURRENCE('4','DF13A-2P-1.25HÈª','',
  #783,#806,$);
#8180 = PRODUCT_RELATED_PRODUCT_CATEGORY('part',$,(#808));
#8181 = SHAPE_DEFINITION_REPRESENTATION(#8182,#8188);
#8182 = PRODUCT_DEFINITION_SHAPE('','',#8183);
#8183 = PRODUCT_DEFINITION('design','',#8184,#8187);
#8184 = PRODUCT_DEFINITION_FORMATION('','',#8185);
#8185 = PRODUCT('right-panel_PCB','right-panel_PCB','',(#8186));
#8186 = PRODUCT_CONTEXT('',#2,'mechanical');
#8187 = PRODUCT_DEFINITION_CONTEXT('part definition',#2,'design');
#8188 = ADVANCED_BREP_SHAPE_REPRESENTATION('',(#11,#8189),#8807);
#8189 = MANIFOLD_SOLID_BREP('',#8190);
#8190 = CLOSED_SHELL('',(#8191,#8231,#8262,#8293,#8442,#8591,#8603,#8620
    ,#8637,#8654,#8671,#8688,#8705,#8722,#8739,#8756,#8773,#8790));
#8191 = ADVANCED_FACE('',(#8192),#8226,.T.);
#8192 = FACE_BOUND('',#8193,.T.);
#8193 = EDGE_LOOP('',(#8194,#8204,#8212,#8220));
#8194 = ORIENTED_EDGE('',*,*,#8195,.T.);
#8195 = EDGE_CURVE('',#8196,#8198,#8200,.T.);
#8196 = VERTEX_POINT('',#8197);
#8197 = CARTESIAN_POINT('',(1.01902E+03,-299.26,0.));
#8198 = VERTEX_POINT('',#8199);
#8199 = CARTESIAN_POINT('',(1.01902E+03,-299.26,1.51));
#8200 = LINE('',#8201,#8202);
#8201 = CARTESIAN_POINT('',(1.01902E+03,-299.26,0.));
#8202 = VECTOR('',#8203,1.);
#8203 = DIRECTION('',(0.,0.,1.));
#8204 = ORIENTED_EDGE('',*,*,#8205,.T.);
#8205 = EDGE_CURVE('',#8198,#8206,#8208,.T.);
#8206 = VERTEX_POINT('',#8207);
#8207 = CARTESIAN_POINT('',(934.02,-299.26,1.51));
#8208 = LINE('',#8209,#8210);
#8209 = CARTESIAN_POINT('',(1.01902E+03,-299.26,1.51));
#8210 = VECTOR('',#8211,1.);
#8211 = DIRECTION('',(-1.,0.,0.));
#8212 = ORIENTED_EDGE('',*,*,#8213,.F.);
#8213 = EDGE_CURVE('',#8214,#8206,#8216,.T.);
#8214 = VERTEX_POINT('',#8215);
#8215 = CARTESIAN_POINT('',(934.02,-299.26,0.));
#8216 = LINE('',#8217,#8218);
#8217 = CARTESIAN_POINT('',(934.02,-299.26,0.));
#8218 = VECTOR('',#8219,1.);
#8219 = DIRECTION('',(0.,0.,1.));
#8220 = ORIENTED_EDGE('',*,*,#8221,.F.);
#8221 = EDGE_CURVE('',#8196,#8214,#8222,.T.);
#8222 = LINE('',#8223,#8224);
#8223 = CARTESIAN_POINT('',(1.01902E+03,-299.26,0.));
#8224 = VECTOR('',#8225,1.);
#8225 = DIRECTION('',(-1.,0.,0.));
#8226 = PLANE('',#8227);
#8227 = AXIS2_PLACEMENT_3D('',#8228,#8229,#8230);
#8228 = CARTESIAN_POINT('',(1.01902E+03,-299.26,0.));
#8229 = DIRECTION('',(0.,-1.,0.));
#8230 = DIRECTION('',(-1.,0.,0.));
#8231 = ADVANCED_FACE('',(#8232),#8257,.T.);
#8232 = FACE_BOUND('',#8233,.T.);
#8233 = EDGE_LOOP('',(#8234,#8244,#8250,#8251));
#8234 = ORIENTED_EDGE('',*,*,#8235,.T.);
#8235 = EDGE_CURVE('',#8236,#8238,#8240,.T.);
#8236 = VERTEX_POINT('',#8237);
#8237 = CARTESIAN_POINT('',(1.01902E+03,-29.26,0.));
#8238 = VERTEX_POINT('',#8239);
#8239 = CARTESIAN_POINT('',(1.01902E+03,-29.26,1.51));
#8240 = LINE('',#8241,#8242);
#8241 = CARTESIAN_POINT('',(1.01902E+03,-29.26,0.));
#8242 = VECTOR('',#8243,1.);
#8243 = DIRECTION('',(0.,0.,1.));
#8244 = ORIENTED_EDGE('',*,*,#8245,.T.);
#8245 = EDGE_CURVE('',#8238,#8198,#8246,.T.);
#8246 = LINE('',#8247,#8248);
#8247 = CARTESIAN_POINT('',(1.01902E+03,-29.26,1.51));
#8248 = VECTOR('',#8249,1.);
#8249 = DIRECTION('',(0.,-1.,0.));
#8250 = ORIENTED_EDGE('',*,*,#8195,.F.);
#8251 = ORIENTED_EDGE('',*,*,#8252,.F.);
#8252 = EDGE_CURVE('',#8236,#8196,#8253,.T.);
#8253 = LINE('',#8254,#8255);
#8254 = CARTESIAN_POINT('',(1.01902E+03,-29.26,0.));
#8255 = VECTOR('',#8256,1.);
#8256 = DIRECTION('',(0.,-1.,0.));
#8257 = PLANE('',#8258);
#8258 = AXIS2_PLACEMENT_3D('',#8259,#8260,#8261);
#8259 = CARTESIAN_POINT('',(1.01902E+03,-29.26,0.));
#8260 = DIRECTION('',(1.,0.,-0.));
#8261 = DIRECTION('',(0.,-1.,0.));
#8262 = ADVANCED_FACE('',(#8263),#8288,.T.);
#8263 = FACE_BOUND('',#8264,.T.);
#8264 = EDGE_LOOP('',(#8265,#8266,#8274,#8282));
#8265 = ORIENTED_EDGE('',*,*,#8213,.T.);
#8266 = ORIENTED_EDGE('',*,*,#8267,.T.);
#8267 = EDGE_CURVE('',#8206,#8268,#8270,.T.);
#8268 = VERTEX_POINT('',#8269);
#8269 = CARTESIAN_POINT('',(934.02,-29.26,1.51));
#8270 = LINE('',#8271,#8272);
#8271 = CARTESIAN_POINT('',(934.02,-299.26,1.51));
#8272 = VECTOR('',#8273,1.);
#8273 = DIRECTION('',(0.,1.,0.));
#8274 = ORIENTED_EDGE('',*,*,#8275,.F.);
#8275 = EDGE_CURVE('',#8276,#8268,#8278,.T.);
#8276 = VERTEX_POINT('',#8277);
#8277 = CARTESIAN_POINT('',(934.02,-29.26,0.));
#8278 = LINE('',#8279,#8280);
#8279 = CARTESIAN_POINT('',(934.02,-29.26,0.));
#8280 = VECTOR('',#8281,1.);
#8281 = DIRECTION('',(0.,0.,1.));
#8282 = ORIENTED_EDGE('',*,*,#8283,.F.);
#8283 = EDGE_CURVE('',#8214,#8276,#8284,.T.);
#8284 = LINE('',#8285,#8286);
#8285 = CARTESIAN_POINT('',(934.02,-299.26,0.));
#8286 = VECTOR('',#8287,1.);
#8287 = DIRECTION('',(0.,1.,0.));
#8288 = PLANE('',#8289);
#8289 = AXIS2_PLACEMENT_3D('',#8290,#8291,#8292);
#8290 = CARTESIAN_POINT('',(934.02,-299.26,0.));
#8291 = DIRECTION('',(-1.,0.,0.));
#8292 = DIRECTION('',(0.,1.,0.));
#8293 = ADVANCED_FACE('',(#8294,#8305,#8316,#8327,#8338,#8349,#8360,
    #8371,#8382,#8393,#8404,#8415,#8426),#8437,.F.);
#8294 = FACE_BOUND('',#8295,.F.);
#8295 = EDGE_LOOP('',(#8296,#8297,#8298,#8304));
#8296 = ORIENTED_EDGE('',*,*,#8221,.F.);
#8297 = ORIENTED_EDGE('',*,*,#8252,.F.);
#8298 = ORIENTED_EDGE('',*,*,#8299,.F.);
#8299 = EDGE_CURVE('',#8276,#8236,#8300,.T.);
#8300 = LINE('',#8301,#8302);
#8301 = CARTESIAN_POINT('',(934.02,-29.26,0.));
#8302 = VECTOR('',#8303,1.);
#8303 = DIRECTION('',(1.,0.,0.));
#8304 = ORIENTED_EDGE('',*,*,#8283,.F.);
#8305 = FACE_BOUND('',#8306,.F.);
#8306 = EDGE_LOOP('',(#8307));
#8307 = ORIENTED_EDGE('',*,*,#8308,.T.);
#8308 = EDGE_CURVE('',#8309,#8309,#8311,.T.);
#8309 = VERTEX_POINT('',#8310);
#8310 = CARTESIAN_POINT('',(940.77,-243.08,0.));
#8311 = CIRCLE('',#8312,1.35);
#8312 = AXIS2_PLACEMENT_3D('',#8313,#8314,#8315);
#8313 = CARTESIAN_POINT('',(940.77,-241.73,0.));
#8314 = DIRECTION('',(-0.,0.,-1.));
#8315 = DIRECTION('',(-0.,-1.,0.));
#8316 = FACE_BOUND('',#8317,.F.);
#8317 = EDGE_LOOP('',(#8318));
#8318 = ORIENTED_EDGE('',*,*,#8319,.T.);
#8319 = EDGE_CURVE('',#8320,#8320,#8322,.T.);
#8320 = VERTEX_POINT('',#8321);
#8321 = CARTESIAN_POINT('',(940.76,-223.59,0.));
#8322 = CIRCLE('',#8323,1.35);
#8323 = AXIS2_PLACEMENT_3D('',#8324,#8325,#8326);
#8324 = CARTESIAN_POINT('',(940.76,-222.24,0.));
#8325 = DIRECTION('',(-0.,0.,-1.));
#8326 = DIRECTION('',(-0.,-1.,0.));
#8327 = FACE_BOUND('',#8328,.F.);
#8328 = EDGE_LOOP('',(#8329));
#8329 = ORIENTED_EDGE('',*,*,#8330,.T.);
#8330 = EDGE_CURVE('',#8331,#8331,#8333,.T.);
#8331 = VERTEX_POINT('',#8332);
#8332 = CARTESIAN_POINT('',(950.75,-233.13,0.));
#8333 = CIRCLE('',#8334,1.35);
#8334 = AXIS2_PLACEMENT_3D('',#8335,#8336,#8337);
#8335 = CARTESIAN_POINT('',(950.75,-231.78,0.));
#8336 = DIRECTION('',(-0.,0.,-1.));
#8337 = DIRECTION('',(-0.,-1.,0.));
#8338 = FACE_BOUND('',#8339,.F.);
#8339 = EDGE_LOOP('',(#8340));
#8340 = ORIENTED_EDGE('',*,*,#8341,.T.);
#8341 = EDGE_CURVE('',#8342,#8342,#8344,.T.);
#8342 = VERTEX_POINT('',#8343);
#8343 = CARTESIAN_POINT('',(950.75,-223.58,0.));
#8344 = CIRCLE('',#8345,1.35);
#8345 = AXIS2_PLACEMENT_3D('',#8346,#8347,#8348);
#8346 = CARTESIAN_POINT('',(950.75,-222.23,0.));
#8347 = DIRECTION('',(-0.,0.,-1.));
#8348 = DIRECTION('',(-0.,-1.,0.));
#8349 = FACE_BOUND('',#8350,.F.);
#8350 = EDGE_LOOP('',(#8351));
#8351 = ORIENTED_EDGE('',*,*,#8352,.F.);
#8352 = EDGE_CURVE('',#8353,#8353,#8355,.T.);
#8353 = VERTEX_POINT('',#8354);
#8354 = CARTESIAN_POINT('',(1.00402E+03,-228.76,0.));
#8355 = CIRCLE('',#8356,1.);
#8356 = AXIS2_PLACEMENT_3D('',#8357,#8358,#8359);
#8357 = CARTESIAN_POINT('',(1.00302E+03,-228.76,0.));
#8358 = DIRECTION('',(0.,0.,1.));
#8359 = DIRECTION('',(1.,0.,-0.));
#8360 = FACE_BOUND('',#8361,.F.);
#8361 = EDGE_LOOP('',(#8362));
#8362 = ORIENTED_EDGE('',*,*,#8363,.F.);
#8363 = EDGE_CURVE('',#8364,#8364,#8366,.T.);
#8364 = VERTEX_POINT('',#8365);
#8365 = CARTESIAN_POINT('',(1.01202E+03,-228.76,0.));
#8366 = CIRCLE('',#8367,1.);
#8367 = AXIS2_PLACEMENT_3D('',#8368,#8369,#8370);
#8368 = CARTESIAN_POINT('',(1.01102E+03,-228.76,0.));
#8369 = DIRECTION('',(0.,0.,1.));
#8370 = DIRECTION('',(1.,0.,-0.));
#8371 = FACE_BOUND('',#8372,.F.);
#8372 = EDGE_LOOP('',(#8373));
#8373 = ORIENTED_EDGE('',*,*,#8374,.T.);
#8374 = EDGE_CURVE('',#8375,#8375,#8377,.T.);
#8375 = VERTEX_POINT('',#8376);
#8376 = CARTESIAN_POINT('',(940.78,-95.1,0.));
#8377 = CIRCLE('',#8378,1.35);
#8378 = AXIS2_PLACEMENT_3D('',#8379,#8380,#8381);
#8379 = CARTESIAN_POINT('',(940.78,-93.75,0.));
#8380 = DIRECTION('',(-0.,0.,-1.));
#8381 = DIRECTION('',(-0.,-1.,0.));
#8382 = FACE_BOUND('',#8383,.F.);
#8383 = EDGE_LOOP('',(#8384));
#8384 = ORIENTED_EDGE('',*,*,#8385,.T.);
#8385 = EDGE_CURVE('',#8386,#8386,#8388,.T.);
#8386 = VERTEX_POINT('',#8387);
#8387 = CARTESIAN_POINT('',(940.78,-75.61,0.));
#8388 = CIRCLE('',#8389,1.35);
#8389 = AXIS2_PLACEMENT_3D('',#8390,#8391,#8392);
#8390 = CARTESIAN_POINT('',(940.78,-74.26,0.));
#8391 = DIRECTION('',(-0.,0.,-1.));
#8392 = DIRECTION('',(-0.,-1.,0.));
#8393 = FACE_BOUND('',#8394,.F.);
#8394 = EDGE_LOOP('',(#8395));
#8395 = ORIENTED_EDGE('',*,*,#8396,.T.);
#8396 = EDGE_CURVE('',#8397,#8397,#8399,.T.);
#8397 = VERTEX_POINT('',#8398);
#8398 = CARTESIAN_POINT('',(950.77,-85.15,0.));
#8399 = CIRCLE('',#8400,1.35);
#8400 = AXIS2_PLACEMENT_3D('',#8401,#8402,#8403);
#8401 = CARTESIAN_POINT('',(950.77,-83.8,0.));
#8402 = DIRECTION('',(-0.,0.,-1.));
#8403 = DIRECTION('',(-0.,-1.,0.));
#8404 = FACE_BOUND('',#8405,.F.);
#8405 = EDGE_LOOP('',(#8406));
#8406 = ORIENTED_EDGE('',*,*,#8407,.T.);
#8407 = EDGE_CURVE('',#8408,#8408,#8410,.T.);
#8408 = VERTEX_POINT('',#8409);
#8409 = CARTESIAN_POINT('',(950.78,-75.61,0.));
#8410 = CIRCLE('',#8411,1.35);
#8411 = AXIS2_PLACEMENT_3D('',#8412,#8413,#8414);
#8412 = CARTESIAN_POINT('',(950.78,-74.26,0.));
#8413 = DIRECTION('',(-0.,0.,-1.));
#8414 = DIRECTION('',(-0.,-1.,0.));
#8415 = FACE_BOUND('',#8416,.F.);
#8416 = EDGE_LOOP('',(#8417));
#8417 = ORIENTED_EDGE('',*,*,#8418,.F.);
#8418 = EDGE_CURVE('',#8419,#8419,#8421,.T.);
#8419 = VERTEX_POINT('',#8420);
#8420 = CARTESIAN_POINT('',(1.00402E+03,-85.76,0.));
#8421 = CIRCLE('',#8422,1.);
#8422 = AXIS2_PLACEMENT_3D('',#8423,#8424,#8425);
#8423 = CARTESIAN_POINT('',(1.00302E+03,-85.76,0.));
#8424 = DIRECTION('',(0.,0.,1.));
#8425 = DIRECTION('',(1.,0.,-0.));
#8426 = FACE_BOUND('',#8427,.F.);
#8427 = EDGE_LOOP('',(#8428));
#8428 = ORIENTED_EDGE('',*,*,#8429,.F.);
#8429 = EDGE_CURVE('',#8430,#8430,#8432,.T.);
#8430 = VERTEX_POINT('',#8431);
#8431 = CARTESIAN_POINT('',(1.01202E+03,-85.76,0.));
#8432 = CIRCLE('',#8433,1.);
#8433 = AXIS2_PLACEMENT_3D('',#8434,#8435,#8436);
#8434 = CARTESIAN_POINT('',(1.01102E+03,-85.76,0.));
#8435 = DIRECTION('',(0.,0.,1.));
#8436 = DIRECTION('',(1.,0.,-0.));
#8437 = PLANE('',#8438);
#8438 = AXIS2_PLACEMENT_3D('',#8439,#8440,#8441);
#8439 = CARTESIAN_POINT('',(0.,0.,0.));
#8440 = DIRECTION('',(0.,0.,1.));
#8441 = DIRECTION('',(1.,0.,-0.));
#8442 = ADVANCED_FACE('',(#8443,#8454,#8465,#8476,#8487,#8498,#8509,
    #8520,#8531,#8542,#8553,#8564,#8575),#8586,.T.);
#8443 = FACE_BOUND('',#8444,.T.);
#8444 = EDGE_LOOP('',(#8445,#8446,#8447,#8453));
#8445 = ORIENTED_EDGE('',*,*,#8205,.F.);
#8446 = ORIENTED_EDGE('',*,*,#8245,.F.);
#8447 = ORIENTED_EDGE('',*,*,#8448,.F.);
#8448 = EDGE_CURVE('',#8268,#8238,#8449,.T.);
#8449 = LINE('',#8450,#8451);
#8450 = CARTESIAN_POINT('',(934.02,-29.26,1.51));
#8451 = VECTOR('',#8452,1.);
#8452 = DIRECTION('',(1.,0.,0.));
#8453 = ORIENTED_EDGE('',*,*,#8267,.F.);
#8454 = FACE_BOUND('',#8455,.T.);
#8455 = EDGE_LOOP('',(#8456));
#8456 = ORIENTED_EDGE('',*,*,#8457,.T.);
#8457 = EDGE_CURVE('',#8458,#8458,#8460,.T.);
#8458 = VERTEX_POINT('',#8459);
#8459 = CARTESIAN_POINT('',(940.77,-243.08,1.51));
#8460 = CIRCLE('',#8461,1.35);
#8461 = AXIS2_PLACEMENT_3D('',#8462,#8463,#8464);
#8462 = CARTESIAN_POINT('',(940.77,-241.73,1.51));
#8463 = DIRECTION('',(-0.,0.,-1.));
#8464 = DIRECTION('',(-0.,-1.,0.));
#8465 = FACE_BOUND('',#8466,.T.);
#8466 = EDGE_LOOP('',(#8467));
#8467 = ORIENTED_EDGE('',*,*,#8468,.T.);
#8468 = EDGE_CURVE('',#8469,#8469,#8471,.T.);
#8469 = VERTEX_POINT('',#8470);
#8470 = CARTESIAN_POINT('',(940.76,-223.59,1.51));
#8471 = CIRCLE('',#8472,1.35);
#8472 = AXIS2_PLACEMENT_3D('',#8473,#8474,#8475);
#8473 = CARTESIAN_POINT('',(940.76,-222.24,1.51));
#8474 = DIRECTION('',(-0.,0.,-1.));
#8475 = DIRECTION('',(-0.,-1.,0.));
#8476 = FACE_BOUND('',#8477,.T.);
#8477 = EDGE_LOOP('',(#8478));
#8478 = ORIENTED_EDGE('',*,*,#8479,.T.);
#8479 = EDGE_CURVE('',#8480,#8480,#8482,.T.);
#8480 = VERTEX_POINT('',#8481);
#8481 = CARTESIAN_POINT('',(950.75,-233.13,1.51));
#8482 = CIRCLE('',#8483,1.35);
#8483 = AXIS2_PLACEMENT_3D('',#8484,#8485,#8486);
#8484 = CARTESIAN_POINT('',(950.75,-231.78,1.51));
#8485 = DIRECTION('',(-0.,0.,-1.));
#8486 = DIRECTION('',(-0.,-1.,0.));
#8487 = FACE_BOUND('',#8488,.T.);
#8488 = EDGE_LOOP('',(#8489));
#8489 = ORIENTED_EDGE('',*,*,#8490,.T.);
#8490 = EDGE_CURVE('',#8491,#8491,#8493,.T.);
#8491 = VERTEX_POINT('',#8492);
#8492 = CARTESIAN_POINT('',(950.75,-223.58,1.51));
#8493 = CIRCLE('',#8494,1.35);
#8494 = AXIS2_PLACEMENT_3D('',#8495,#8496,#8497);
#8495 = CARTESIAN_POINT('',(950.75,-222.23,1.51));
#8496 = DIRECTION('',(-0.,0.,-1.));
#8497 = DIRECTION('',(-0.,-1.,0.));
#8498 = FACE_BOUND('',#8499,.T.);
#8499 = EDGE_LOOP('',(#8500));
#8500 = ORIENTED_EDGE('',*,*,#8501,.F.);
#8501 = EDGE_CURVE('',#8502,#8502,#8504,.T.);
#8502 = VERTEX_POINT('',#8503);
#8503 = CARTESIAN_POINT('',(1.00402E+03,-228.76,1.51));
#8504 = CIRCLE('',#8505,1.);
#8505 = AXIS2_PLACEMENT_3D('',#8506,#8507,#8508);
#8506 = CARTESIAN_POINT('',(1.00302E+03,-228.76,1.51));
#8507 = DIRECTION('',(0.,0.,1.));
#8508 = DIRECTION('',(1.,0.,-0.));
#8509 = FACE_BOUND('',#8510,.T.);
#8510 = EDGE_LOOP('',(#8511));
#8511 = ORIENTED_EDGE('',*,*,#8512,.F.);
#8512 = EDGE_CURVE('',#8513,#8513,#8515,.T.);
#8513 = VERTEX_POINT('',#8514);
#8514 = CARTESIAN_POINT('',(1.01202E+03,-228.76,1.51));
#8515 = CIRCLE('',#8516,1.);
#8516 = AXIS2_PLACEMENT_3D('',#8517,#8518,#8519);
#8517 = CARTESIAN_POINT('',(1.01102E+03,-228.76,1.51));
#8518 = DIRECTION('',(0.,0.,1.));
#8519 = DIRECTION('',(1.,0.,-0.));
#8520 = FACE_BOUND('',#8521,.T.);
#8521 = EDGE_LOOP('',(#8522));
#8522 = ORIENTED_EDGE('',*,*,#8523,.T.);
#8523 = EDGE_CURVE('',#8524,#8524,#8526,.T.);
#8524 = VERTEX_POINT('',#8525);
#8525 = CARTESIAN_POINT('',(940.78,-95.1,1.51));
#8526 = CIRCLE('',#8527,1.35);
#8527 = AXIS2_PLACEMENT_3D('',#8528,#8529,#8530);
#8528 = CARTESIAN_POINT('',(940.78,-93.75,1.51));
#8529 = DIRECTION('',(-0.,0.,-1.));
#8530 = DIRECTION('',(-0.,-1.,0.));
#8531 = FACE_BOUND('',#8532,.T.);
#8532 = EDGE_LOOP('',(#8533));
#8533 = ORIENTED_EDGE('',*,*,#8534,.T.);
#8534 = EDGE_CURVE('',#8535,#8535,#8537,.T.);
#8535 = VERTEX_POINT('',#8536);
#8536 = CARTESIAN_POINT('',(940.78,-75.61,1.51));
#8537 = CIRCLE('',#8538,1.35);
#8538 = AXIS2_PLACEMENT_3D('',#8539,#8540,#8541);
#8539 = CARTESIAN_POINT('',(940.78,-74.26,1.51));
#8540 = DIRECTION('',(-0.,0.,-1.));
#8541 = DIRECTION('',(-0.,-1.,0.));
#8542 = FACE_BOUND('',#8543,.T.);
#8543 = EDGE_LOOP('',(#8544));
#8544 = ORIENTED_EDGE('',*,*,#8545,.T.);
#8545 = EDGE_CURVE('',#8546,#8546,#8548,.T.);
#8546 = VERTEX_POINT('',#8547);
#8547 = CARTESIAN_POINT('',(950.77,-85.15,1.51));
#8548 = CIRCLE('',#8549,1.35);
#8549 = AXIS2_PLACEMENT_3D('',#8550,#8551,#8552);
#8550 = CARTESIAN_POINT('',(950.77,-83.8,1.51));
#8551 = DIRECTION('',(-0.,0.,-1.));
#8552 = DIRECTION('',(-0.,-1.,0.));
#8553 = FACE_BOUND('',#8554,.T.);
#8554 = EDGE_LOOP('',(#8555));
#8555 = ORIENTED_EDGE('',*,*,#8556,.T.);
#8556 = EDGE_CURVE('',#8557,#8557,#8559,.T.);
#8557 = VERTEX_POINT('',#8558);
#8558 = CARTESIAN_POINT('',(950.78,-75.61,1.51));
#8559 = CIRCLE('',#8560,1.35);
#8560 = AXIS2_PLACEMENT_3D('',#8561,#8562,#8563);
#8561 = CARTESIAN_POINT('',(950.78,-74.26,1.51));
#8562 = DIRECTION('',(-0.,0.,-1.));
#8563 = DIRECTION('',(-0.,-1.,0.));
#8564 = FACE_BOUND('',#8565,.T.);
#8565 = EDGE_LOOP('',(#8566));
#8566 = ORIENTED_EDGE('',*,*,#8567,.F.);
#8567 = EDGE_CURVE('',#8568,#8568,#8570,.T.);
#8568 = VERTEX_POINT('',#8569);
#8569 = CARTESIAN_POINT('',(1.00402E+03,-85.76,1.51));
#8570 = CIRCLE('',#8571,1.);
#8571 = AXIS2_PLACEMENT_3D('',#8572,#8573,#8574);
#8572 = CARTESIAN_POINT('',(1.00302E+03,-85.76,1.51));
#8573 = DIRECTION('',(0.,0.,1.));
#8574 = DIRECTION('',(1.,0.,-0.));
#8575 = FACE_BOUND('',#8576,.T.);
#8576 = EDGE_LOOP('',(#8577));
#8577 = ORIENTED_EDGE('',*,*,#8578,.F.);
#8578 = EDGE_CURVE('',#8579,#8579,#8581,.T.);
#8579 = VERTEX_POINT('',#8580);
#8580 = CARTESIAN_POINT('',(1.01202E+03,-85.76,1.51));
#8581 = CIRCLE('',#8582,1.);
#8582 = AXIS2_PLACEMENT_3D('',#8583,#8584,#8585);
#8583 = CARTESIAN_POINT('',(1.01102E+03,-85.76,1.51));
#8584 = DIRECTION('',(0.,0.,1.));
#8585 = DIRECTION('',(1.,0.,-0.));
#8586 = PLANE('',#8587);
#8587 = AXIS2_PLACEMENT_3D('',#8588,#8589,#8590);
#8588 = CARTESIAN_POINT('',(0.,0.,1.51));
#8589 = DIRECTION('',(0.,0.,1.));
#8590 = DIRECTION('',(1.,0.,-0.));
#8591 = ADVANCED_FACE('',(#8592),#8598,.T.);
#8592 = FACE_BOUND('',#8593,.T.);
#8593 = EDGE_LOOP('',(#8594,#8595,#8596,#8597));
#8594 = ORIENTED_EDGE('',*,*,#8275,.T.);
#8595 = ORIENTED_EDGE('',*,*,#8448,.T.);
#8596 = ORIENTED_EDGE('',*,*,#8235,.F.);
#8597 = ORIENTED_EDGE('',*,*,#8299,.F.);
#8598 = PLANE('',#8599);
#8599 = AXIS2_PLACEMENT_3D('',#8600,#8601,#8602);
#8600 = CARTESIAN_POINT('',(934.02,-29.26,0.));
#8601 = DIRECTION('',(0.,1.,0.));
#8602 = DIRECTION('',(1.,0.,0.));
#8603 = ADVANCED_FACE('',(#8604),#8615,.F.);
#8604 = FACE_BOUND('',#8605,.T.);
#8605 = EDGE_LOOP('',(#8606,#8607,#8613,#8614));
#8606 = ORIENTED_EDGE('',*,*,#8308,.T.);
#8607 = ORIENTED_EDGE('',*,*,#8608,.T.);
#8608 = EDGE_CURVE('',#8309,#8458,#8609,.T.);
#8609 = LINE('',#8610,#8611);
#8610 = CARTESIAN_POINT('',(940.77,-243.08,-4.6E-02));
#8611 = VECTOR('',#8612,1.);
#8612 = DIRECTION('',(0.,0.,1.));
#8613 = ORIENTED_EDGE('',*,*,#8457,.F.);
#8614 = ORIENTED_EDGE('',*,*,#8608,.F.);
#8615 = CYLINDRICAL_SURFACE('',#8616,1.35);
#8616 = AXIS2_PLACEMENT_3D('',#8617,#8618,#8619);
#8617 = CARTESIAN_POINT('',(940.77,-241.73,-4.6E-02));
#8618 = DIRECTION('',(-0.,-0.,-1.));
#8619 = DIRECTION('',(-0.,-1.,0.));
#8620 = ADVANCED_FACE('',(#8621),#8632,.F.);
#8621 = FACE_BOUND('',#8622,.T.);
#8622 = EDGE_LOOP('',(#8623,#8624,#8630,#8631));
#8623 = ORIENTED_EDGE('',*,*,#8319,.T.);
#8624 = ORIENTED_EDGE('',*,*,#8625,.T.);
#8625 = EDGE_CURVE('',#8320,#8469,#8626,.T.);
#8626 = LINE('',#8627,#8628);
#8627 = CARTESIAN_POINT('',(940.76,-223.59,-4.6E-02));
#8628 = VECTOR('',#8629,1.);
#8629 = DIRECTION('',(0.,0.,1.));
#8630 = ORIENTED_EDGE('',*,*,#8468,.F.);
#8631 = ORIENTED_EDGE('',*,*,#8625,.F.);
#8632 = CYLINDRICAL_SURFACE('',#8633,1.35);
#8633 = AXIS2_PLACEMENT_3D('',#8634,#8635,#8636);
#8634 = CARTESIAN_POINT('',(940.76,-222.24,-4.6E-02));
#8635 = DIRECTION('',(-0.,-0.,-1.));
#8636 = DIRECTION('',(-0.,-1.,0.));
#8637 = ADVANCED_FACE('',(#8638),#8649,.F.);
#8638 = FACE_BOUND('',#8639,.T.);
#8639 = EDGE_LOOP('',(#8640,#8641,#8647,#8648));
#8640 = ORIENTED_EDGE('',*,*,#8330,.T.);
#8641 = ORIENTED_EDGE('',*,*,#8642,.T.);
#8642 = EDGE_CURVE('',#8331,#8480,#8643,.T.);
#8643 = LINE('',#8644,#8645);
#8644 = CARTESIAN_POINT('',(950.75,-233.13,-4.6E-02));
#8645 = VECTOR('',#8646,1.);
#8646 = DIRECTION('',(0.,0.,1.));
#8647 = ORIENTED_EDGE('',*,*,#8479,.F.);
#8648 = ORIENTED_EDGE('',*,*,#8642,.F.);
#8649 = CYLINDRICAL_SURFACE('',#8650,1.35);
#8650 = AXIS2_PLACEMENT_3D('',#8651,#8652,#8653);
#8651 = CARTESIAN_POINT('',(950.75,-231.78,-4.6E-02));
#8652 = DIRECTION('',(-0.,-0.,-1.));
#8653 = DIRECTION('',(-0.,-1.,0.));
#8654 = ADVANCED_FACE('',(#8655),#8666,.F.);
#8655 = FACE_BOUND('',#8656,.T.);
#8656 = EDGE_LOOP('',(#8657,#8658,#8664,#8665));
#8657 = ORIENTED_EDGE('',*,*,#8341,.T.);
#8658 = ORIENTED_EDGE('',*,*,#8659,.T.);
#8659 = EDGE_CURVE('',#8342,#8491,#8660,.T.);
#8660 = LINE('',#8661,#8662);
#8661 = CARTESIAN_POINT('',(950.75,-223.58,-4.6E-02));
#8662 = VECTOR('',#8663,1.);
#8663 = DIRECTION('',(0.,0.,1.));
#8664 = ORIENTED_EDGE('',*,*,#8490,.F.);
#8665 = ORIENTED_EDGE('',*,*,#8659,.F.);
#8666 = CYLINDRICAL_SURFACE('',#8667,1.35);
#8667 = AXIS2_PLACEMENT_3D('',#8668,#8669,#8670);
#8668 = CARTESIAN_POINT('',(950.75,-222.23,-4.6E-02));
#8669 = DIRECTION('',(-0.,-0.,-1.));
#8670 = DIRECTION('',(-0.,-1.,0.));
#8671 = ADVANCED_FACE('',(#8672),#8683,.F.);
#8672 = FACE_BOUND('',#8673,.T.);
#8673 = EDGE_LOOP('',(#8674,#8680,#8681,#8682));
#8674 = ORIENTED_EDGE('',*,*,#8675,.T.);
#8675 = EDGE_CURVE('',#8353,#8502,#8676,.T.);
#8676 = LINE('',#8677,#8678);
#8677 = CARTESIAN_POINT('',(1.00402E+03,-228.76,0.));
#8678 = VECTOR('',#8679,1.);
#8679 = DIRECTION('',(0.,0.,1.));
#8680 = ORIENTED_EDGE('',*,*,#8501,.T.);
#8681 = ORIENTED_EDGE('',*,*,#8675,.F.);
#8682 = ORIENTED_EDGE('',*,*,#8352,.F.);
#8683 = CYLINDRICAL_SURFACE('',#8684,1.);
#8684 = AXIS2_PLACEMENT_3D('',#8685,#8686,#8687);
#8685 = CARTESIAN_POINT('',(1.00302E+03,-228.76,0.));
#8686 = DIRECTION('',(-0.,-0.,-1.));
#8687 = DIRECTION('',(1.,0.,-0.));
#8688 = ADVANCED_FACE('',(#8689),#8700,.F.);
#8689 = FACE_BOUND('',#8690,.T.);
#8690 = EDGE_LOOP('',(#8691,#8697,#8698,#8699));
#8691 = ORIENTED_EDGE('',*,*,#8692,.T.);
#8692 = EDGE_CURVE('',#8364,#8513,#8693,.T.);
#8693 = LINE('',#8694,#8695);
#8694 = CARTESIAN_POINT('',(1.01202E+03,-228.76,0.));
#8695 = VECTOR('',#8696,1.);
#8696 = DIRECTION('',(0.,0.,1.));
#8697 = ORIENTED_EDGE('',*,*,#8512,.T.);
#8698 = ORIENTED_EDGE('',*,*,#8692,.F.);
#8699 = ORIENTED_EDGE('',*,*,#8363,.F.);
#8700 = CYLINDRICAL_SURFACE('',#8701,1.);
#8701 = AXIS2_PLACEMENT_3D('',#8702,#8703,#8704);
#8702 = CARTESIAN_POINT('',(1.01102E+03,-228.76,0.));
#8703 = DIRECTION('',(-0.,-0.,-1.));
#8704 = DIRECTION('',(1.,0.,-0.));
#8705 = ADVANCED_FACE('',(#8706),#8717,.F.);
#8706 = FACE_BOUND('',#8707,.T.);
#8707 = EDGE_LOOP('',(#8708,#8709,#8715,#8716));
#8708 = ORIENTED_EDGE('',*,*,#8374,.T.);
#8709 = ORIENTED_EDGE('',*,*,#8710,.T.);
#8710 = EDGE_CURVE('',#8375,#8524,#8711,.T.);
#8711 = LINE('',#8712,#8713);
#8712 = CARTESIAN_POINT('',(940.78,-95.1,-4.6E-02));
#8713 = VECTOR('',#8714,1.);
#8714 = DIRECTION('',(0.,0.,1.));
#8715 = ORIENTED_EDGE('',*,*,#8523,.F.);
#8716 = ORIENTED_EDGE('',*,*,#8710,.F.);
#8717 = CYLINDRICAL_SURFACE('',#8718,1.35);
#8718 = AXIS2_PLACEMENT_3D('',#8719,#8720,#8721);
#8719 = CARTESIAN_POINT('',(940.78,-93.75,-4.6E-02));
#8720 = DIRECTION('',(-0.,-0.,-1.));
#8721 = DIRECTION('',(-0.,-1.,0.));
#8722 = ADVANCED_FACE('',(#8723),#8734,.F.);
#8723 = FACE_BOUND('',#8724,.T.);
#8724 = EDGE_LOOP('',(#8725,#8726,#8732,#8733));
#8725 = ORIENTED_EDGE('',*,*,#8385,.T.);
#8726 = ORIENTED_EDGE('',*,*,#8727,.T.);
#8727 = EDGE_CURVE('',#8386,#8535,#8728,.T.);
#8728 = LINE('',#8729,#8730);
#8729 = CARTESIAN_POINT('',(940.78,-75.61,-4.6E-02));
#8730 = VECTOR('',#8731,1.);
#8731 = DIRECTION('',(0.,0.,1.));
#8732 = ORIENTED_EDGE('',*,*,#8534,.F.);
#8733 = ORIENTED_EDGE('',*,*,#8727,.F.);
#8734 = CYLINDRICAL_SURFACE('',#8735,1.35);
#8735 = AXIS2_PLACEMENT_3D('',#8736,#8737,#8738);
#8736 = CARTESIAN_POINT('',(940.78,-74.26,-4.6E-02));
#8737 = DIRECTION('',(-0.,-0.,-1.));
#8738 = DIRECTION('',(-0.,-1.,0.));
#8739 = ADVANCED_FACE('',(#8740),#8751,.F.);
#8740 = FACE_BOUND('',#8741,.T.);
#8741 = EDGE_LOOP('',(#8742,#8743,#8749,#8750));
#8742 = ORIENTED_EDGE('',*,*,#8396,.T.);
#8743 = ORIENTED_EDGE('',*,*,#8744,.T.);
#8744 = EDGE_CURVE('',#8397,#8546,#8745,.T.);
#8745 = LINE('',#8746,#8747);
#8746 = CARTESIAN_POINT('',(950.77,-85.15,-4.6E-02));
#8747 = VECTOR('',#8748,1.);
#8748 = DIRECTION('',(0.,0.,1.));
#8749 = ORIENTED_EDGE('',*,*,#8545,.F.);
#8750 = ORIENTED_EDGE('',*,*,#8744,.F.);
#8751 = CYLINDRICAL_SURFACE('',#8752,1.35);
#8752 = AXIS2_PLACEMENT_3D('',#8753,#8754,#8755);
#8753 = CARTESIAN_POINT('',(950.77,-83.8,-4.6E-02));
#8754 = DIRECTION('',(-0.,-0.,-1.));
#8755 = DIRECTION('',(-0.,-1.,0.));
#8756 = ADVANCED_FACE('',(#8757),#8768,.F.);
#8757 = FACE_BOUND('',#8758,.T.);
#8758 = EDGE_LOOP('',(#8759,#8760,#8766,#8767));
#8759 = ORIENTED_EDGE('',*,*,#8407,.T.);
#8760 = ORIENTED_EDGE('',*,*,#8761,.T.);
#8761 = EDGE_CURVE('',#8408,#8557,#8762,.T.);
#8762 = LINE('',#8763,#8764);
#8763 = CARTESIAN_POINT('',(950.78,-75.61,-4.6E-02));
#8764 = VECTOR('',#8765,1.);
#8765 = DIRECTION('',(0.,0.,1.));
#8766 = ORIENTED_EDGE('',*,*,#8556,.F.);
#8767 = ORIENTED_EDGE('',*,*,#8761,.F.);
#8768 = CYLINDRICAL_SURFACE('',#8769,1.35);
#8769 = AXIS2_PLACEMENT_3D('',#8770,#8771,#8772);
#8770 = CARTESIAN_POINT('',(950.78,-74.26,-4.6E-02));
#8771 = DIRECTION('',(-0.,-0.,-1.));
#8772 = DIRECTION('',(-0.,-1.,0.));
#8773 = ADVANCED_FACE('',(#8774),#8785,.F.);
#8774 = FACE_BOUND('',#8775,.T.);
#8775 = EDGE_LOOP('',(#8776,#8782,#8783,#8784));
#8776 = ORIENTED_EDGE('',*,*,#8777,.T.);
#8777 = EDGE_CURVE('',#8419,#8568,#8778,.T.);
#8778 = LINE('',#8779,#8780);
#8779 = CARTESIAN_POINT('',(1.00402E+03,-85.76,0.));
#8780 = VECTOR('',#8781,1.);
#8781 = DIRECTION('',(0.,0.,1.));
#8782 = ORIENTED_EDGE('',*,*,#8567,.T.);
#8783 = ORIENTED_EDGE('',*,*,#8777,.F.);
#8784 = ORIENTED_EDGE('',*,*,#8418,.F.);
#8785 = CYLINDRICAL_SURFACE('',#8786,1.);
#8786 = AXIS2_PLACEMENT_3D('',#8787,#8788,#8789);
#8787 = CARTESIAN_POINT('',(1.00302E+03,-85.76,0.));
#8788 = DIRECTION('',(-0.,-0.,-1.));
#8789 = DIRECTION('',(1.,0.,-0.));
#8790 = ADVANCED_FACE('',(#8791),#8802,.F.);
#8791 = FACE_BOUND('',#8792,.T.);
#8792 = EDGE_LOOP('',(#8793,#8799,#8800,#8801));
#8793 = ORIENTED_EDGE('',*,*,#8794,.T.);
#8794 = EDGE_CURVE('',#8430,#8579,#8795,.T.);
#8795 = LINE('',#8796,#8797);
#8796 = CARTESIAN_POINT('',(1.01202E+03,-85.76,0.));
#8797 = VECTOR('',#8798,1.);
#8798 = DIRECTION('',(0.,0.,1.));
#8799 = ORIENTED_EDGE('',*,*,#8578,.T.);
#8800 = ORIENTED_EDGE('',*,*,#8794,.F.);
#8801 = ORIENTED_EDGE('',*,*,#8429,.F.);
#8802 = CYLINDRICAL_SURFACE('',#8803,1.);
#8803 = AXIS2_PLACEMENT_3D('',#8804,#8805,#8806);
#8804 = CARTESIAN_POINT('',(1.01102E+03,-85.76,0.));
#8805 = DIRECTION('',(-0.,-0.,-1.));
#8806 = DIRECTION('',(1.,0.,-0.));
#8807 = ( GEOMETRIC_REPRESENTATION_CONTEXT(3) 
GLOBAL_UNCERTAINTY_ASSIGNED_CONTEXT((#8811)) 
GLOBAL_UNIT_ASSIGNED_CONTEXT((#8808,#8809,#8810)) REPRESENTATION_CONTEXT
('Context #1','3D Context with UNIT and UNCERTAINTY') );
#8808 = ( LENGTH_UNIT() NAMED_UNIT(*) SI_UNIT(.MILLI.,.METRE.) );
#8809 = ( NAMED_UNIT(*) PLANE_ANGLE_UNIT() SI_UNIT($,.RADIAN.) );
#8810 = ( NAMED_UNIT(*) SI_UNIT($,.STERADIAN.) SOLID_ANGLE_UNIT() );
#8811 = UNCERTAINTY_MEASURE_WITH_UNIT(LENGTH_MEASURE(1.E-07),#8808,
  'distance_accuracy_value','confusion accuracy');
#8812 = CONTEXT_DEPENDENT_SHAPE_REPRESENTATION(#8813,#8815);
#8813 = ( REPRESENTATION_RELATIONSHIP('','',#8188,#10) 
REPRESENTATION_RELATIONSHIP_WITH_TRANSFORMATION(#8814) 
SHAPE_REPRESENTATION_RELATIONSHIP() );
#8814 = ITEM_DEFINED_TRANSFORMATION('','',#11,#31);
#8815 = PRODUCT_DEFINITION_SHAPE('Placement','Placement of an item',
  #8816);
#8816 = NEXT_ASSEMBLY_USAGE_OCCURRENCE('6','=>[0:1:1:4]','',#5,#8183,$);
#8817 = PRODUCT_RELATED_PRODUCT_CATEGORY('part',$,(#8185));
#8818 = REPRESENTATION('material name',(#8819),#760);
#8819 = DESCRIPTIVE_REPRESENTATION_ITEM('Steel','Steel');
#8820 = DERIVED_UNIT((#8821,#8823));
#8821 = DERIVED_UNIT_ELEMENT(#8822,3.);
#8822 = ( MASS_UNIT() NAMED_UNIT(*) SI_UNIT($,.GRAM.) );
#8823 = DERIVED_UNIT_ELEMENT(#8824,2.);
#8824 = ( LENGTH_UNIT() NAMED_UNIT(*) SI_UNIT(.CENTI.,.METRE.) );
#8825 = REPRESENTATION('density',(#8826),#760);
#8826 = MEASURE_REPRESENTATION_ITEM('density measure',
  POSITIVE_RATIO_MEASURE(7.85E-03),#8820);
#8827 = PROPERTY_DEFINITION('material property','material name',#43);
#8828 = PROPERTY_DEFINITION_REPRESENTATION(#8827,#8818);
#8829 = PROPERTY_DEFINITION('material property','density',#43);
#8830 = PROPERTY_DEFINITION_REPRESENTATION(#8829,#8825);
#8831 = MECHANICAL_DESIGN_GEOMETRIC_PRESENTATION_REPRESENTATION('',(
    #8832),#760);
#8832 = STYLED_ITEM('color',(#8833),#49);
#8833 = PRESENTATION_STYLE_ASSIGNMENT((#8834));
#8834 = SURFACE_STYLE_USAGE(.BOTH.,#8835);
#8835 = SURFACE_SIDE_STYLE('',(#8836));
#8836 = SURFACE_STYLE_FILL_AREA(#8837);
#8837 = FILL_AREA_STYLE('',(#8838));
#8838 = FILL_AREA_STYLE_COLOUR('',#8839);
#8839 = COLOUR_RGB('',9.803921802644E-02,9.803921802644E-02,
  9.803921802644E-02);
#8840 = MECHANICAL_DESIGN_GEOMETRIC_PRESENTATION_REPRESENTATION('',(
    #8841),#8807);
#8841 = STYLED_ITEM('color',(#8842),#8189);
#8842 = PRESENTATION_STYLE_ASSIGNMENT((#8843));
#8843 = SURFACE_STYLE_USAGE(.BOTH.,#8844);
#8844 = SURFACE_SIDE_STYLE('',(#8845));
#8845 = SURFACE_STYLE_FILL_AREA(#8846);
#8846 = FILL_AREA_STYLE('',(#8847));
#8847 = FILL_AREA_STYLE_COLOUR('',#8848);
#8848 = COLOUR_RGB('',0.313304153717,0.484529207832,0.410020903123);
#8849 = MECHANICAL_DESIGN_GEOMETRIC_PRESENTATION_REPRESENTATION('',(
    #8850),#8170);
#8850 = STYLED_ITEM('color',(#8851),#812);
#8851 = PRESENTATION_STYLE_ASSIGNMENT((#8852));
#8852 = SURFACE_STYLE_USAGE(.BOTH.,#8853);
#8853 = SURFACE_SIDE_STYLE('',(#8854));
#8854 = SURFACE_STYLE_FILL_AREA(#8855);
#8855 = FILL_AREA_STYLE('',(#8856));
#8856 = FILL_AREA_STYLE_COLOUR('',#8857);
#8857 = COLOUR_RGB('',1.,1.,0.533333357804);
ENDSEC;
END-ISO-10303-21;
