ISO-10303-21;
HEADER;
FILE_DESCRIPTION(('KiCad electronic assembly'),'2;1');
FILE_NAME('front-panel.step','2026-04-05T21:07:05',('Pcbnew'),('Kicad'),
  'Open CASCADE STEP processor 7.9','KiCad to STEP converter','Unknown'
  );
FILE_SCHEMA(('AUTOMOTIVE_DESIGN { 1 0 10303 214 1 1 1 1 }'));
ENDSEC;
DATA;
#1 = APPLICATION_PROTOCOL_DEFINITION('international standard',
  'automotive_design',2000,#2);
#2 = APPLICATION_CONTEXT(
  'core data for automotive mechanical design processes');
#3 = SHAPE_DEFINITION_REPRESENTATION(#4,#10);
#4 = PRODUCT_DEFINITION_SHAPE('','',#5);
#5 = PRODUCT_DEFINITION('design','',#6,#9);
#6 = PRODUCT_DEFINITION_FORMATION('','',#7);
#7 = PRODUCT('front-panel 1','front-panel 1','',(#8));
#8 = PRODUCT_CONTEXT('',#2,'mechanical');
#9 = PRODUCT_DEFINITION_CONTEXT('part definition',#2,'design');
#10 = SHAPE_REPRESENTATION('',(#11,#15,#19,#23,#27,#31,#35,#39,#43),#47
  );
#11 = AXIS2_PLACEMENT_3D('',#12,#13,#14);
#12 = CARTESIAN_POINT('',(0.,0.,0.));
#13 = DIRECTION('',(0.,0.,1.));
#14 = DIRECTION('',(1.,0.,-0.));
#15 = AXIS2_PLACEMENT_3D('',#16,#17,#18);
#16 = CARTESIAN_POINT('',(107.5825,-240.13,1.595));
#17 = DIRECTION('',(2.22044604925E-16,-1.,-1.110223024625E-16));
#18 = DIRECTION('',(1.,2.22044604925E-16,1.224646799147E-16));
#19 = AXIS2_PLACEMENT_3D('',#20,#21,#22);
#20 = CARTESIAN_POINT('',(107.84,-146.01,1.595));
#21 = DIRECTION('',(2.22044604925E-16,-1.,-1.110223024625E-16));
#22 = DIRECTION('',(1.,2.22044604925E-16,1.224646799147E-16));
#23 = AXIS2_PLACEMENT_3D('',#24,#25,#26);
#24 = CARTESIAN_POINT('',(107.83,-328.25,1.595));
#25 = DIRECTION('',(2.22044604925E-16,-1.,-1.110223024625E-16));
#26 = DIRECTION('',(1.,2.22044604925E-16,1.224646799147E-16));
#27 = AXIS2_PLACEMENT_3D('',#28,#29,#30);
#28 = CARTESIAN_POINT('',(107.5925,-280.98,1.595));
#29 = DIRECTION('',(2.22044604925E-16,-1.,-1.110223024625E-16));
#30 = DIRECTION('',(1.,2.22044604925E-16,1.224646799147E-16));
#31 = AXIS2_PLACEMENT_3D('',#32,#33,#34);
#32 = CARTESIAN_POINT('',(107.67,-199.32,1.595));
#33 = DIRECTION('',(2.22044604925E-16,-1.,-1.110223024625E-16));
#34 = DIRECTION('',(1.,2.22044604925E-16,1.224646799147E-16));
#35 = AXIS2_PLACEMENT_3D('',#36,#37,#38);
#36 = CARTESIAN_POINT('',(107.8,-105.36,1.595));
#37 = DIRECTION('',(2.22044604925E-16,-1.,-1.110223024625E-16));
#38 = DIRECTION('',(1.,2.22044604925E-16,1.224646799147E-16));
#39 = AXIS2_PLACEMENT_3D('',#40,#41,#42);
#40 = CARTESIAN_POINT('',(134.905,-38.21,22.915));
#41 = DIRECTION('',(1.,-1.144237745222E-17,1.110223024625E-16));
#42 = DIRECTION('',(-1.144237745222E-17,-1.,-2.449293598295E-16));
#43 = AXIS2_PLACEMENT_3D('',#44,#45,#46);
#44 = CARTESIAN_POINT('',(0.,0.,0.));
#45 = DIRECTION('',(0.,0.,1.));
#46 = DIRECTION('',(1.,0.,-0.));
#47 = ( GEOMETRIC_REPRESENTATION_CONTEXT(3) 
GLOBAL_UNCERTAINTY_ASSIGNED_CONTEXT((#51)) GLOBAL_UNIT_ASSIGNED_CONTEXT(
(#48,#49,#50)) REPRESENTATION_CONTEXT('Context #1',
  '3D Context with UNIT and UNCERTAINTY') );
#48 = ( LENGTH_UNIT() NAMED_UNIT(*) SI_UNIT(.MILLI.,.METRE.) );
#49 = ( NAMED_UNIT(*) PLANE_ANGLE_UNIT() SI_UNIT($,.RADIAN.) );
#50 = ( NAMED_UNIT(*) SI_UNIT($,.STERADIAN.) SOLID_ANGLE_UNIT() );
#51 = UNCERTAINTY_MEASURE_WITH_UNIT(LENGTH_MEASURE(1.E-07),#48,
  'distance_accuracy_value','confusion accuracy');
#52 = PRODUCT_RELATED_PRODUCT_CATEGORY('part',$,(#7));
#53 = SHAPE_DEFINITION_REPRESENTATION(#54,#60);
#54 = PRODUCT_DEFINITION_SHAPE('','',#55);
#55 = PRODUCT_DEFINITION('design','',#56,#59);
#56 = PRODUCT_DEFINITION_FORMATION('','',#57);
#57 = PRODUCT('SolarCellv1v2','SolarCellv1v2','',(#58));
#58 = PRODUCT_CONTEXT('',#2,'mechanical');
#59 = PRODUCT_DEFINITION_CONTEXT('part definition',#2,'design');
#60 = ADVANCED_BREP_SHAPE_REPRESENTATION('',(#11,#61),#772);
#61 = MANIFOLD_SOLID_BREP('',#62);
#62 = CLOSED_SHELL('',(#63,#239,#270,#294,#318,#342,#366,#390,#414,#438,
    #462,#486,#510,#534,#558,#582,#606,#630,#654,#678,#702,#726,#743));
#63 = ADVANCED_FACE('',(#64),#234,.T.);
#64 = FACE_BOUND('',#65,.T.);
#65 = EDGE_LOOP('',(#66,#76,#84,#92,#100,#108,#116,#124,#132,#140,#148,
    #156,#164,#172,#180,#188,#196,#204,#212,#220,#228));
#66 = ORIENTED_EDGE('',*,*,#67,.T.);
#67 = EDGE_CURVE('',#68,#70,#72,.T.);
#68 = VERTEX_POINT('',#69);
#69 = CARTESIAN_POINT('',(0.,0.9,-25.));
#70 = VERTEX_POINT('',#71);
#71 = CARTESIAN_POINT('',(80.15,0.9,-25.));
#72 = LINE('',#73,#74);
#73 = CARTESIAN_POINT('',(0.,0.9,-25.));
#74 = VECTOR('',#75,1.);
#75 = DIRECTION('',(1.,0.,0.));
#76 = ORIENTED_EDGE('',*,*,#77,.T.);
#77 = EDGE_CURVE('',#70,#78,#80,.T.);
#78 = VERTEX_POINT('',#79);
#79 = CARTESIAN_POINT('',(80.15,0.9,-65.15));
#80 = LINE('',#81,#82);
#81 = CARTESIAN_POINT('',(80.15,0.9,-25.));
#82 = VECTOR('',#83,1.);
#83 = DIRECTION('',(0.,0.,-1.));
#84 = ORIENTED_EDGE('',*,*,#85,.T.);
#85 = EDGE_CURVE('',#78,#86,#88,.T.);
#86 = VERTEX_POINT('',#87);
#87 = CARTESIAN_POINT('',(76.75,0.9,-65.15));
#88 = LINE('',#89,#90);
#89 = CARTESIAN_POINT('',(80.15,0.9,-65.15));
#90 = VECTOR('',#91,1.);
#91 = DIRECTION('',(-1.,0.,0.));
#92 = ORIENTED_EDGE('',*,*,#93,.T.);
#93 = EDGE_CURVE('',#86,#94,#96,.T.);
#94 = VERTEX_POINT('',#95);
#95 = CARTESIAN_POINT('',(76.75,0.9,-73.15));
#96 = LINE('',#97,#98);
#97 = CARTESIAN_POINT('',(76.75,0.9,-65.15));
#98 = VECTOR('',#99,1.);
#99 = DIRECTION('',(0.,0.,-1.));
#100 = ORIENTED_EDGE('',*,*,#101,.T.);
#101 = EDGE_CURVE('',#94,#102,#104,.T.);
#102 = VERTEX_POINT('',#103);
#103 = CARTESIAN_POINT('',(72.15,0.9,-73.15));
#104 = LINE('',#105,#106);
#105 = CARTESIAN_POINT('',(76.75,0.9,-73.15));
#106 = VECTOR('',#107,1.);
#107 = DIRECTION('',(-1.,0.,0.));
#108 = ORIENTED_EDGE('',*,*,#109,.T.);
#109 = EDGE_CURVE('',#102,#110,#112,.T.);
#110 = VERTEX_POINT('',#111);
#111 = CARTESIAN_POINT('',(72.15,0.9,-65.15));
#112 = LINE('',#113,#114);
#113 = CARTESIAN_POINT('',(72.15,0.9,-73.15));
#114 = VECTOR('',#115,1.);
#115 = DIRECTION('',(0.,0.,1.));
#116 = ORIENTED_EDGE('',*,*,#117,.T.);
#117 = EDGE_CURVE('',#110,#118,#120,.T.);
#118 = VERTEX_POINT('',#119);
#119 = CARTESIAN_POINT('',(63.73,0.9,-65.15));
#120 = LINE('',#121,#122);
#121 = CARTESIAN_POINT('',(63.73,0.9,-65.15));
#122 = VECTOR('',#123,1.);
#123 = DIRECTION('',(-1.,0.,0.));
#124 = ORIENTED_EDGE('',*,*,#125,.T.);
#125 = EDGE_CURVE('',#118,#126,#128,.T.);
#126 = VERTEX_POINT('',#127);
#127 = CARTESIAN_POINT('',(63.73,0.9,-73.15));
#128 = LINE('',#129,#130);
#129 = CARTESIAN_POINT('',(63.73,0.9,-73.15));
#130 = VECTOR('',#131,1.);
#131 = DIRECTION('',(0.,0.,-1.));
#132 = ORIENTED_EDGE('',*,*,#133,.T.);
#133 = EDGE_CURVE('',#126,#134,#136,.T.);
#134 = VERTEX_POINT('',#135);
#135 = CARTESIAN_POINT('',(57.43,0.9,-73.15));
#136 = LINE('',#137,#138);
#137 = CARTESIAN_POINT('',(57.43,0.9,-73.15));
#138 = VECTOR('',#139,1.);
#139 = DIRECTION('',(-1.,0.,0.));
#140 = ORIENTED_EDGE('',*,*,#141,.T.);
#141 = EDGE_CURVE('',#134,#142,#144,.T.);
#142 = VERTEX_POINT('',#143);
#143 = CARTESIAN_POINT('',(57.43,0.9,-65.15));
#144 = LINE('',#145,#146);
#145 = CARTESIAN_POINT('',(57.43,0.9,-65.15));
#146 = VECTOR('',#147,1.);
#147 = DIRECTION('',(0.,0.,1.));
#148 = ORIENTED_EDGE('',*,*,#149,.T.);
#149 = EDGE_CURVE('',#142,#150,#152,.T.);
#150 = VERTEX_POINT('',#151);
#151 = CARTESIAN_POINT('',(43.23,0.9,-65.15));
#152 = LINE('',#153,#154);
#153 = CARTESIAN_POINT('',(43.23,0.9,-65.15));
#154 = VECTOR('',#155,1.);
#155 = DIRECTION('',(-1.,0.,0.));
#156 = ORIENTED_EDGE('',*,*,#157,.T.);
#157 = EDGE_CURVE('',#150,#158,#160,.T.);
#158 = VERTEX_POINT('',#159);
#159 = CARTESIAN_POINT('',(43.23,0.9,-73.15));
#160 = LINE('',#161,#162);
#161 = CARTESIAN_POINT('',(43.23,0.9,-73.15));
#162 = VECTOR('',#163,1.);
#163 = DIRECTION('',(0.,0.,-1.));
#164 = ORIENTED_EDGE('',*,*,#165,.T.);
#165 = EDGE_CURVE('',#158,#166,#168,.T.);
#166 = VERTEX_POINT('',#167);
#167 = CARTESIAN_POINT('',(36.93,0.9,-73.15));
#168 = LINE('',#169,#170);
#169 = CARTESIAN_POINT('',(36.93,0.9,-73.15));
#170 = VECTOR('',#171,1.);
#171 = DIRECTION('',(-1.,0.,0.));
#172 = ORIENTED_EDGE('',*,*,#173,.T.);
#173 = EDGE_CURVE('',#166,#174,#176,.T.);
#174 = VERTEX_POINT('',#175);
#175 = CARTESIAN_POINT('',(36.93,0.9,-65.15));
#176 = LINE('',#177,#178);
#177 = CARTESIAN_POINT('',(36.93,0.9,-65.15));
#178 = VECTOR('',#179,1.);
#179 = DIRECTION('',(0.,0.,1.));
#180 = ORIENTED_EDGE('',*,*,#181,.T.);
#181 = EDGE_CURVE('',#174,#182,#184,.T.);
#182 = VERTEX_POINT('',#183);
#183 = CARTESIAN_POINT('',(22.73,0.9,-65.15));
#184 = LINE('',#185,#186);
#185 = CARTESIAN_POINT('',(22.73,0.9,-65.15));
#186 = VECTOR('',#187,1.);
#187 = DIRECTION('',(-1.,0.,0.));
#188 = ORIENTED_EDGE('',*,*,#189,.T.);
#189 = EDGE_CURVE('',#182,#190,#192,.T.);
#190 = VERTEX_POINT('',#191);
#191 = CARTESIAN_POINT('',(22.73,0.9,-73.15));
#192 = LINE('',#193,#194);
#193 = CARTESIAN_POINT('',(22.73,0.9,-73.15));
#194 = VECTOR('',#195,1.);
#195 = DIRECTION('',(0.,0.,-1.));
#196 = ORIENTED_EDGE('',*,*,#197,.T.);
#197 = EDGE_CURVE('',#190,#198,#200,.T.);
#198 = VERTEX_POINT('',#199);
#199 = CARTESIAN_POINT('',(16.43,0.9,-73.15));
#200 = LINE('',#201,#202);
#201 = CARTESIAN_POINT('',(16.43,0.9,-73.15));
#202 = VECTOR('',#203,1.);
#203 = DIRECTION('',(-1.,0.,0.));
#204 = ORIENTED_EDGE('',*,*,#205,.T.);
#205 = EDGE_CURVE('',#198,#206,#208,.T.);
#206 = VERTEX_POINT('',#207);
#207 = CARTESIAN_POINT('',(16.43,0.9,-65.15));
#208 = LINE('',#209,#210);
#209 = CARTESIAN_POINT('',(16.43,0.9,-65.15));
#210 = VECTOR('',#211,1.);
#211 = DIRECTION('',(0.,0.,1.));
#212 = ORIENTED_EDGE('',*,*,#213,.T.);
#213 = EDGE_CURVE('',#206,#214,#216,.T.);
#214 = VERTEX_POINT('',#215);
#215 = CARTESIAN_POINT('',(14.987591448949,0.9,-65.15));
#216 = LINE('',#217,#218);
#217 = CARTESIAN_POINT('',(14.987591448949,0.9,-65.15));
#218 = VECTOR('',#219,1.);
#219 = DIRECTION('',(-1.,0.,0.));
#220 = ORIENTED_EDGE('',*,*,#221,.T.);
#221 = EDGE_CURVE('',#214,#222,#224,.T.);
#222 = VERTEX_POINT('',#223);
#223 = CARTESIAN_POINT('',(0.,0.9,-52.55));
#224 = LINE('',#225,#226);
#225 = CARTESIAN_POINT('',(0.,0.9,-52.55));
#226 = VECTOR('',#227,1.);
#227 = DIRECTION('',(-0.765442631022,0.,0.643504140324));
#228 = ORIENTED_EDGE('',*,*,#229,.T.);
#229 = EDGE_CURVE('',#222,#68,#230,.T.);
#230 = LINE('',#231,#232);
#231 = CARTESIAN_POINT('',(0.,0.9,-25.));
#232 = VECTOR('',#233,1.);
#233 = DIRECTION('',(0.,0.,1.));
#234 = PLANE('',#235);
#235 = AXIS2_PLACEMENT_3D('',#236,#237,#238);
#236 = CARTESIAN_POINT('',(40.075,0.9,-49.075));
#237 = DIRECTION('',(0.,1.,0.));
#238 = DIRECTION('',(0.,-0.,1.));
#239 = ADVANCED_FACE('',(#240),#265,.T.);
#240 = FACE_BOUND('',#241,.T.);
#241 = EDGE_LOOP('',(#242,#252,#258,#259));
#242 = ORIENTED_EDGE('',*,*,#243,.F.);
#243 = EDGE_CURVE('',#244,#246,#248,.T.);
#244 = VERTEX_POINT('',#245);
#245 = CARTESIAN_POINT('',(0.,0.,-25.));
#246 = VERTEX_POINT('',#247);
#247 = CARTESIAN_POINT('',(0.,0.,-52.55));
#248 = LINE('',#249,#250);
#249 = CARTESIAN_POINT('',(0.,0.,-25.));
#250 = VECTOR('',#251,1.);
#251 = DIRECTION('',(0.,0.,-1.));
#252 = ORIENTED_EDGE('',*,*,#253,.T.);
#253 = EDGE_CURVE('',#244,#68,#254,.T.);
#254 = LINE('',#255,#256);
#255 = CARTESIAN_POINT('',(0.,0.,-25.));
#256 = VECTOR('',#257,1.);
#257 = DIRECTION('',(0.,1.,0.));
#258 = ORIENTED_EDGE('',*,*,#229,.F.);
#259 = ORIENTED_EDGE('',*,*,#260,.F.);
#260 = EDGE_CURVE('',#246,#222,#261,.T.);
#261 = LINE('',#262,#263);
#262 = CARTESIAN_POINT('',(0.,0.,-52.55));
#263 = VECTOR('',#264,1.);
#264 = DIRECTION('',(0.,1.,0.));
#265 = PLANE('',#266);
#266 = AXIS2_PLACEMENT_3D('',#267,#268,#269);
#267 = CARTESIAN_POINT('',(0.,0.,-52.55));
#268 = DIRECTION('',(-1.,0.,0.));
#269 = DIRECTION('',(0.,0.,1.));
#270 = ADVANCED_FACE('',(#271),#289,.T.);
#271 = FACE_BOUND('',#272,.T.);
#272 = EDGE_LOOP('',(#273,#281,#282,#283));
#273 = ORIENTED_EDGE('',*,*,#274,.F.);
#274 = EDGE_CURVE('',#246,#275,#277,.T.);
#275 = VERTEX_POINT('',#276);
#276 = CARTESIAN_POINT('',(14.987591448949,0.,-65.15));
#277 = LINE('',#278,#279);
#278 = CARTESIAN_POINT('',(0.,0.,-52.55));
#279 = VECTOR('',#280,1.);
#280 = DIRECTION('',(0.765442631022,0.,-0.643504140324));
#281 = ORIENTED_EDGE('',*,*,#260,.T.);
#282 = ORIENTED_EDGE('',*,*,#221,.F.);
#283 = ORIENTED_EDGE('',*,*,#284,.F.);
#284 = EDGE_CURVE('',#275,#214,#285,.T.);
#285 = LINE('',#286,#287);
#286 = CARTESIAN_POINT('',(14.987591448949,0.,-65.15));
#287 = VECTOR('',#288,1.);
#288 = DIRECTION('',(0.,1.,0.));
#289 = PLANE('',#290);
#290 = AXIS2_PLACEMENT_3D('',#291,#292,#293);
#291 = CARTESIAN_POINT('',(14.987591448949,0.,-65.15));
#292 = DIRECTION('',(-0.643504140324,0.,-0.765442631022));
#293 = DIRECTION('',(-0.765442631022,0.,0.643504140324));
#294 = ADVANCED_FACE('',(#295),#313,.T.);
#295 = FACE_BOUND('',#296,.T.);
#296 = EDGE_LOOP('',(#297,#305,#306,#307));
#297 = ORIENTED_EDGE('',*,*,#298,.F.);
#298 = EDGE_CURVE('',#275,#299,#301,.T.);
#299 = VERTEX_POINT('',#300);
#300 = CARTESIAN_POINT('',(16.43,0.,-65.15));
#301 = LINE('',#302,#303);
#302 = CARTESIAN_POINT('',(14.987591448949,0.,-65.15));
#303 = VECTOR('',#304,1.);
#304 = DIRECTION('',(1.,0.,0.));
#305 = ORIENTED_EDGE('',*,*,#284,.T.);
#306 = ORIENTED_EDGE('',*,*,#213,.F.);
#307 = ORIENTED_EDGE('',*,*,#308,.F.);
#308 = EDGE_CURVE('',#299,#206,#309,.T.);
#309 = LINE('',#310,#311);
#310 = CARTESIAN_POINT('',(16.43,0.,-65.15));
#311 = VECTOR('',#312,1.);
#312 = DIRECTION('',(0.,1.,0.));
#313 = PLANE('',#314);
#314 = AXIS2_PLACEMENT_3D('',#315,#316,#317);
#315 = CARTESIAN_POINT('',(16.43,0.,-65.15));
#316 = DIRECTION('',(0.,0.,-1.));
#317 = DIRECTION('',(-1.,0.,0.));
#318 = ADVANCED_FACE('',(#319),#337,.T.);
#319 = FACE_BOUND('',#320,.T.);
#320 = EDGE_LOOP('',(#321,#329,#330,#331));
#321 = ORIENTED_EDGE('',*,*,#322,.F.);
#322 = EDGE_CURVE('',#299,#323,#325,.T.);
#323 = VERTEX_POINT('',#324);
#324 = CARTESIAN_POINT('',(16.43,0.,-73.15));
#325 = LINE('',#326,#327);
#326 = CARTESIAN_POINT('',(16.43,0.,-65.15));
#327 = VECTOR('',#328,1.);
#328 = DIRECTION('',(0.,0.,-1.));
#329 = ORIENTED_EDGE('',*,*,#308,.T.);
#330 = ORIENTED_EDGE('',*,*,#205,.F.);
#331 = ORIENTED_EDGE('',*,*,#332,.F.);
#332 = EDGE_CURVE('',#323,#198,#333,.T.);
#333 = LINE('',#334,#335);
#334 = CARTESIAN_POINT('',(16.43,0.,-73.15));
#335 = VECTOR('',#336,1.);
#336 = DIRECTION('',(0.,1.,0.));
#337 = PLANE('',#338);
#338 = AXIS2_PLACEMENT_3D('',#339,#340,#341);
#339 = CARTESIAN_POINT('',(16.43,0.,-73.15));
#340 = DIRECTION('',(-1.,0.,0.));
#341 = DIRECTION('',(0.,0.,1.));
#342 = ADVANCED_FACE('',(#343),#361,.T.);
#343 = FACE_BOUND('',#344,.T.);
#344 = EDGE_LOOP('',(#345,#353,#354,#355));
#345 = ORIENTED_EDGE('',*,*,#346,.F.);
#346 = EDGE_CURVE('',#323,#347,#349,.T.);
#347 = VERTEX_POINT('',#348);
#348 = CARTESIAN_POINT('',(22.73,0.,-73.15));
#349 = LINE('',#350,#351);
#350 = CARTESIAN_POINT('',(16.43,0.,-73.15));
#351 = VECTOR('',#352,1.);
#352 = DIRECTION('',(1.,0.,0.));
#353 = ORIENTED_EDGE('',*,*,#332,.T.);
#354 = ORIENTED_EDGE('',*,*,#197,.F.);
#355 = ORIENTED_EDGE('',*,*,#356,.F.);
#356 = EDGE_CURVE('',#347,#190,#357,.T.);
#357 = LINE('',#358,#359);
#358 = CARTESIAN_POINT('',(22.73,0.,-73.15));
#359 = VECTOR('',#360,1.);
#360 = DIRECTION('',(0.,1.,0.));
#361 = PLANE('',#362);
#362 = AXIS2_PLACEMENT_3D('',#363,#364,#365);
#363 = CARTESIAN_POINT('',(22.73,0.,-73.15));
#364 = DIRECTION('',(0.,0.,-1.));
#365 = DIRECTION('',(-1.,0.,0.));
#366 = ADVANCED_FACE('',(#367),#385,.T.);
#367 = FACE_BOUND('',#368,.T.);
#368 = EDGE_LOOP('',(#369,#377,#378,#379));
#369 = ORIENTED_EDGE('',*,*,#370,.F.);
#370 = EDGE_CURVE('',#347,#371,#373,.T.);
#371 = VERTEX_POINT('',#372);
#372 = CARTESIAN_POINT('',(22.73,0.,-65.15));
#373 = LINE('',#374,#375);
#374 = CARTESIAN_POINT('',(22.73,0.,-73.15));
#375 = VECTOR('',#376,1.);
#376 = DIRECTION('',(0.,0.,1.));
#377 = ORIENTED_EDGE('',*,*,#356,.T.);
#378 = ORIENTED_EDGE('',*,*,#189,.F.);
#379 = ORIENTED_EDGE('',*,*,#380,.F.);
#380 = EDGE_CURVE('',#371,#182,#381,.T.);
#381 = LINE('',#382,#383);
#382 = CARTESIAN_POINT('',(22.73,0.,-65.15));
#383 = VECTOR('',#384,1.);
#384 = DIRECTION('',(0.,1.,0.));
#385 = PLANE('',#386);
#386 = AXIS2_PLACEMENT_3D('',#387,#388,#389);
#387 = CARTESIAN_POINT('',(22.73,0.,-65.15));
#388 = DIRECTION('',(1.,0.,0.));
#389 = DIRECTION('',(0.,0.,-1.));
#390 = ADVANCED_FACE('',(#391),#409,.T.);
#391 = FACE_BOUND('',#392,.T.);
#392 = EDGE_LOOP('',(#393,#401,#402,#403));
#393 = ORIENTED_EDGE('',*,*,#394,.F.);
#394 = EDGE_CURVE('',#371,#395,#397,.T.);
#395 = VERTEX_POINT('',#396);
#396 = CARTESIAN_POINT('',(36.93,0.,-65.15));
#397 = LINE('',#398,#399);
#398 = CARTESIAN_POINT('',(22.73,0.,-65.15));
#399 = VECTOR('',#400,1.);
#400 = DIRECTION('',(1.,0.,0.));
#401 = ORIENTED_EDGE('',*,*,#380,.T.);
#402 = ORIENTED_EDGE('',*,*,#181,.F.);
#403 = ORIENTED_EDGE('',*,*,#404,.F.);
#404 = EDGE_CURVE('',#395,#174,#405,.T.);
#405 = LINE('',#406,#407);
#406 = CARTESIAN_POINT('',(36.93,0.,-65.15));
#407 = VECTOR('',#408,1.);
#408 = DIRECTION('',(0.,1.,0.));
#409 = PLANE('',#410);
#410 = AXIS2_PLACEMENT_3D('',#411,#412,#413);
#411 = CARTESIAN_POINT('',(36.93,0.,-65.15));
#412 = DIRECTION('',(0.,0.,-1.));
#413 = DIRECTION('',(-1.,0.,0.));
#414 = ADVANCED_FACE('',(#415),#433,.T.);
#415 = FACE_BOUND('',#416,.T.);
#416 = EDGE_LOOP('',(#417,#425,#426,#427));
#417 = ORIENTED_EDGE('',*,*,#418,.F.);
#418 = EDGE_CURVE('',#395,#419,#421,.T.);
#419 = VERTEX_POINT('',#420);
#420 = CARTESIAN_POINT('',(36.93,0.,-73.15));
#421 = LINE('',#422,#423);
#422 = CARTESIAN_POINT('',(36.93,0.,-65.15));
#423 = VECTOR('',#424,1.);
#424 = DIRECTION('',(0.,0.,-1.));
#425 = ORIENTED_EDGE('',*,*,#404,.T.);
#426 = ORIENTED_EDGE('',*,*,#173,.F.);
#427 = ORIENTED_EDGE('',*,*,#428,.F.);
#428 = EDGE_CURVE('',#419,#166,#429,.T.);
#429 = LINE('',#430,#431);
#430 = CARTESIAN_POINT('',(36.93,0.,-73.15));
#431 = VECTOR('',#432,1.);
#432 = DIRECTION('',(0.,1.,0.));
#433 = PLANE('',#434);
#434 = AXIS2_PLACEMENT_3D('',#435,#436,#437);
#435 = CARTESIAN_POINT('',(36.93,0.,-73.15));
#436 = DIRECTION('',(-1.,0.,0.));
#437 = DIRECTION('',(0.,0.,1.));
#438 = ADVANCED_FACE('',(#439),#457,.T.);
#439 = FACE_BOUND('',#440,.T.);
#440 = EDGE_LOOP('',(#441,#449,#450,#451));
#441 = ORIENTED_EDGE('',*,*,#442,.F.);
#442 = EDGE_CURVE('',#419,#443,#445,.T.);
#443 = VERTEX_POINT('',#444);
#444 = CARTESIAN_POINT('',(43.23,0.,-73.15));
#445 = LINE('',#446,#447);
#446 = CARTESIAN_POINT('',(36.93,0.,-73.15));
#447 = VECTOR('',#448,1.);
#448 = DIRECTION('',(1.,0.,0.));
#449 = ORIENTED_EDGE('',*,*,#428,.T.);
#450 = ORIENTED_EDGE('',*,*,#165,.F.);
#451 = ORIENTED_EDGE('',*,*,#452,.F.);
#452 = EDGE_CURVE('',#443,#158,#453,.T.);
#453 = LINE('',#454,#455);
#454 = CARTESIAN_POINT('',(43.23,0.,-73.15));
#455 = VECTOR('',#456,1.);
#456 = DIRECTION('',(0.,1.,0.));
#457 = PLANE('',#458);
#458 = AXIS2_PLACEMENT_3D('',#459,#460,#461);
#459 = CARTESIAN_POINT('',(43.23,0.,-73.15));
#460 = DIRECTION('',(0.,0.,-1.));
#461 = DIRECTION('',(-1.,0.,0.));
#462 = ADVANCED_FACE('',(#463),#481,.T.);
#463 = FACE_BOUND('',#464,.T.);
#464 = EDGE_LOOP('',(#465,#473,#474,#475));
#465 = ORIENTED_EDGE('',*,*,#466,.F.);
#466 = EDGE_CURVE('',#443,#467,#469,.T.);
#467 = VERTEX_POINT('',#468);
#468 = CARTESIAN_POINT('',(43.23,0.,-65.15));
#469 = LINE('',#470,#471);
#470 = CARTESIAN_POINT('',(43.23,0.,-73.15));
#471 = VECTOR('',#472,1.);
#472 = DIRECTION('',(0.,0.,1.));
#473 = ORIENTED_EDGE('',*,*,#452,.T.);
#474 = ORIENTED_EDGE('',*,*,#157,.F.);
#475 = ORIENTED_EDGE('',*,*,#476,.F.);
#476 = EDGE_CURVE('',#467,#150,#477,.T.);
#477 = LINE('',#478,#479);
#478 = CARTESIAN_POINT('',(43.23,0.,-65.15));
#479 = VECTOR('',#480,1.);
#480 = DIRECTION('',(0.,1.,0.));
#481 = PLANE('',#482);
#482 = AXIS2_PLACEMENT_3D('',#483,#484,#485);
#483 = CARTESIAN_POINT('',(43.23,0.,-65.15));
#484 = DIRECTION('',(1.,0.,0.));
#485 = DIRECTION('',(0.,0.,-1.));
#486 = ADVANCED_FACE('',(#487),#505,.T.);
#487 = FACE_BOUND('',#488,.T.);
#488 = EDGE_LOOP('',(#489,#497,#498,#499));
#489 = ORIENTED_EDGE('',*,*,#490,.F.);
#490 = EDGE_CURVE('',#467,#491,#493,.T.);
#491 = VERTEX_POINT('',#492);
#492 = CARTESIAN_POINT('',(57.43,0.,-65.15));
#493 = LINE('',#494,#495);
#494 = CARTESIAN_POINT('',(43.23,0.,-65.15));
#495 = VECTOR('',#496,1.);
#496 = DIRECTION('',(1.,0.,0.));
#497 = ORIENTED_EDGE('',*,*,#476,.T.);
#498 = ORIENTED_EDGE('',*,*,#149,.F.);
#499 = ORIENTED_EDGE('',*,*,#500,.F.);
#500 = EDGE_CURVE('',#491,#142,#501,.T.);
#501 = LINE('',#502,#503);
#502 = CARTESIAN_POINT('',(57.43,0.,-65.15));
#503 = VECTOR('',#504,1.);
#504 = DIRECTION('',(0.,1.,0.));
#505 = PLANE('',#506);
#506 = AXIS2_PLACEMENT_3D('',#507,#508,#509);
#507 = CARTESIAN_POINT('',(57.43,0.,-65.15));
#508 = DIRECTION('',(0.,0.,-1.));
#509 = DIRECTION('',(-1.,0.,0.));
#510 = ADVANCED_FACE('',(#511),#529,.T.);
#511 = FACE_BOUND('',#512,.T.);
#512 = EDGE_LOOP('',(#513,#521,#522,#523));
#513 = ORIENTED_EDGE('',*,*,#514,.F.);
#514 = EDGE_CURVE('',#491,#515,#517,.T.);
#515 = VERTEX_POINT('',#516);
#516 = CARTESIAN_POINT('',(57.43,0.,-73.15));
#517 = LINE('',#518,#519);
#518 = CARTESIAN_POINT('',(57.43,0.,-65.15));
#519 = VECTOR('',#520,1.);
#520 = DIRECTION('',(0.,0.,-1.));
#521 = ORIENTED_EDGE('',*,*,#500,.T.);
#522 = ORIENTED_EDGE('',*,*,#141,.F.);
#523 = ORIENTED_EDGE('',*,*,#524,.F.);
#524 = EDGE_CURVE('',#515,#134,#525,.T.);
#525 = LINE('',#526,#527);
#526 = CARTESIAN_POINT('',(57.43,0.,-73.15));
#527 = VECTOR('',#528,1.);
#528 = DIRECTION('',(0.,1.,0.));
#529 = PLANE('',#530);
#530 = AXIS2_PLACEMENT_3D('',#531,#532,#533);
#531 = CARTESIAN_POINT('',(57.43,0.,-73.15));
#532 = DIRECTION('',(-1.,0.,0.));
#533 = DIRECTION('',(0.,0.,1.));
#534 = ADVANCED_FACE('',(#535),#553,.T.);
#535 = FACE_BOUND('',#536,.T.);
#536 = EDGE_LOOP('',(#537,#545,#546,#547));
#537 = ORIENTED_EDGE('',*,*,#538,.F.);
#538 = EDGE_CURVE('',#515,#539,#541,.T.);
#539 = VERTEX_POINT('',#540);
#540 = CARTESIAN_POINT('',(63.73,0.,-73.15));
#541 = LINE('',#542,#543);
#542 = CARTESIAN_POINT('',(57.43,0.,-73.15));
#543 = VECTOR('',#544,1.);
#544 = DIRECTION('',(1.,0.,0.));
#545 = ORIENTED_EDGE('',*,*,#524,.T.);
#546 = ORIENTED_EDGE('',*,*,#133,.F.);
#547 = ORIENTED_EDGE('',*,*,#548,.F.);
#548 = EDGE_CURVE('',#539,#126,#549,.T.);
#549 = LINE('',#550,#551);
#550 = CARTESIAN_POINT('',(63.73,0.,-73.15));
#551 = VECTOR('',#552,1.);
#552 = DIRECTION('',(0.,1.,0.));
#553 = PLANE('',#554);
#554 = AXIS2_PLACEMENT_3D('',#555,#556,#557);
#555 = CARTESIAN_POINT('',(63.73,0.,-73.15));
#556 = DIRECTION('',(0.,0.,-1.));
#557 = DIRECTION('',(-1.,0.,0.));
#558 = ADVANCED_FACE('',(#559),#577,.T.);
#559 = FACE_BOUND('',#560,.T.);
#560 = EDGE_LOOP('',(#561,#569,#570,#571));
#561 = ORIENTED_EDGE('',*,*,#562,.F.);
#562 = EDGE_CURVE('',#539,#563,#565,.T.);
#563 = VERTEX_POINT('',#564);
#564 = CARTESIAN_POINT('',(63.73,0.,-65.15));
#565 = LINE('',#566,#567);
#566 = CARTESIAN_POINT('',(63.73,0.,-73.15));
#567 = VECTOR('',#568,1.);
#568 = DIRECTION('',(0.,0.,1.));
#569 = ORIENTED_EDGE('',*,*,#548,.T.);
#570 = ORIENTED_EDGE('',*,*,#125,.F.);
#571 = ORIENTED_EDGE('',*,*,#572,.F.);
#572 = EDGE_CURVE('',#563,#118,#573,.T.);
#573 = LINE('',#574,#575);
#574 = CARTESIAN_POINT('',(63.73,0.,-65.15));
#575 = VECTOR('',#576,1.);
#576 = DIRECTION('',(0.,1.,0.));
#577 = PLANE('',#578);
#578 = AXIS2_PLACEMENT_3D('',#579,#580,#581);
#579 = CARTESIAN_POINT('',(63.73,0.,-65.15));
#580 = DIRECTION('',(1.,0.,0.));
#581 = DIRECTION('',(0.,0.,-1.));
#582 = ADVANCED_FACE('',(#583),#601,.T.);
#583 = FACE_BOUND('',#584,.T.);
#584 = EDGE_LOOP('',(#585,#593,#594,#595));
#585 = ORIENTED_EDGE('',*,*,#586,.F.);
#586 = EDGE_CURVE('',#563,#587,#589,.T.);
#587 = VERTEX_POINT('',#588);
#588 = CARTESIAN_POINT('',(72.15,0.,-65.15));
#589 = LINE('',#590,#591);
#590 = CARTESIAN_POINT('',(63.73,0.,-65.15));
#591 = VECTOR('',#592,1.);
#592 = DIRECTION('',(1.,0.,0.));
#593 = ORIENTED_EDGE('',*,*,#572,.T.);
#594 = ORIENTED_EDGE('',*,*,#117,.F.);
#595 = ORIENTED_EDGE('',*,*,#596,.F.);
#596 = EDGE_CURVE('',#587,#110,#597,.T.);
#597 = LINE('',#598,#599);
#598 = CARTESIAN_POINT('',(72.15,0.,-65.15));
#599 = VECTOR('',#600,1.);
#600 = DIRECTION('',(0.,1.,0.));
#601 = PLANE('',#602);
#602 = AXIS2_PLACEMENT_3D('',#603,#604,#605);
#603 = CARTESIAN_POINT('',(72.15,0.,-65.15));
#604 = DIRECTION('',(0.,0.,-1.));
#605 = DIRECTION('',(-1.,0.,0.));
#606 = ADVANCED_FACE('',(#607),#625,.T.);
#607 = FACE_BOUND('',#608,.T.);
#608 = EDGE_LOOP('',(#609,#617,#618,#619));
#609 = ORIENTED_EDGE('',*,*,#610,.T.);
#610 = EDGE_CURVE('',#611,#587,#613,.T.);
#611 = VERTEX_POINT('',#612);
#612 = CARTESIAN_POINT('',(72.15,0.,-73.15));
#613 = LINE('',#614,#615);
#614 = CARTESIAN_POINT('',(72.15,0.,-73.15));
#615 = VECTOR('',#616,1.);
#616 = DIRECTION('',(0.,0.,1.));
#617 = ORIENTED_EDGE('',*,*,#596,.T.);
#618 = ORIENTED_EDGE('',*,*,#109,.F.);
#619 = ORIENTED_EDGE('',*,*,#620,.F.);
#620 = EDGE_CURVE('',#611,#102,#621,.T.);
#621 = LINE('',#622,#623);
#622 = CARTESIAN_POINT('',(72.15,0.,-73.15));
#623 = VECTOR('',#624,1.);
#624 = DIRECTION('',(0.,1.,0.));
#625 = PLANE('',#626);
#626 = AXIS2_PLACEMENT_3D('',#627,#628,#629);
#627 = CARTESIAN_POINT('',(72.15,0.,-73.15));
#628 = DIRECTION('',(-1.,0.,0.));
#629 = DIRECTION('',(0.,0.,1.));
#630 = ADVANCED_FACE('',(#631),#649,.T.);
#631 = FACE_BOUND('',#632,.T.);
#632 = EDGE_LOOP('',(#633,#641,#642,#643));
#633 = ORIENTED_EDGE('',*,*,#634,.T.);
#634 = EDGE_CURVE('',#635,#611,#637,.T.);
#635 = VERTEX_POINT('',#636);
#636 = CARTESIAN_POINT('',(76.75,0.,-73.15));
#637 = LINE('',#638,#639);
#638 = CARTESIAN_POINT('',(76.75,0.,-73.15));
#639 = VECTOR('',#640,1.);
#640 = DIRECTION('',(-1.,0.,0.));
#641 = ORIENTED_EDGE('',*,*,#620,.T.);
#642 = ORIENTED_EDGE('',*,*,#101,.F.);
#643 = ORIENTED_EDGE('',*,*,#644,.F.);
#644 = EDGE_CURVE('',#635,#94,#645,.T.);
#645 = LINE('',#646,#647);
#646 = CARTESIAN_POINT('',(76.75,0.,-73.15));
#647 = VECTOR('',#648,1.);
#648 = DIRECTION('',(0.,1.,0.));
#649 = PLANE('',#650);
#650 = AXIS2_PLACEMENT_3D('',#651,#652,#653);
#651 = CARTESIAN_POINT('',(76.75,0.,-73.15));
#652 = DIRECTION('',(0.,0.,-1.));
#653 = DIRECTION('',(-1.,0.,0.));
#654 = ADVANCED_FACE('',(#655),#673,.T.);
#655 = FACE_BOUND('',#656,.T.);
#656 = EDGE_LOOP('',(#657,#665,#666,#667));
#657 = ORIENTED_EDGE('',*,*,#658,.T.);
#658 = EDGE_CURVE('',#659,#635,#661,.T.);
#659 = VERTEX_POINT('',#660);
#660 = CARTESIAN_POINT('',(76.75,0.,-65.15));
#661 = LINE('',#662,#663);
#662 = CARTESIAN_POINT('',(76.75,0.,-65.15));
#663 = VECTOR('',#664,1.);
#664 = DIRECTION('',(0.,0.,-1.));
#665 = ORIENTED_EDGE('',*,*,#644,.T.);
#666 = ORIENTED_EDGE('',*,*,#93,.F.);
#667 = ORIENTED_EDGE('',*,*,#668,.F.);
#668 = EDGE_CURVE('',#659,#86,#669,.T.);
#669 = LINE('',#670,#671);
#670 = CARTESIAN_POINT('',(76.75,0.,-65.15));
#671 = VECTOR('',#672,1.);
#672 = DIRECTION('',(0.,1.,0.));
#673 = PLANE('',#674);
#674 = AXIS2_PLACEMENT_3D('',#675,#676,#677);
#675 = CARTESIAN_POINT('',(76.75,0.,-65.15));
#676 = DIRECTION('',(1.,0.,0.));
#677 = DIRECTION('',(0.,0.,-1.));
#678 = ADVANCED_FACE('',(#679),#697,.T.);
#679 = FACE_BOUND('',#680,.T.);
#680 = EDGE_LOOP('',(#681,#689,#690,#691));
#681 = ORIENTED_EDGE('',*,*,#682,.T.);
#682 = EDGE_CURVE('',#683,#659,#685,.T.);
#683 = VERTEX_POINT('',#684);
#684 = CARTESIAN_POINT('',(80.15,0.,-65.15));
#685 = LINE('',#686,#687);
#686 = CARTESIAN_POINT('',(80.15,0.,-65.15));
#687 = VECTOR('',#688,1.);
#688 = DIRECTION('',(-1.,0.,0.));
#689 = ORIENTED_EDGE('',*,*,#668,.T.);
#690 = ORIENTED_EDGE('',*,*,#85,.F.);
#691 = ORIENTED_EDGE('',*,*,#692,.F.);
#692 = EDGE_CURVE('',#683,#78,#693,.T.);
#693 = LINE('',#694,#695);
#694 = CARTESIAN_POINT('',(80.15,0.,-65.15));
#695 = VECTOR('',#696,1.);
#696 = DIRECTION('',(0.,1.,0.));
#697 = PLANE('',#698);
#698 = AXIS2_PLACEMENT_3D('',#699,#700,#701);
#699 = CARTESIAN_POINT('',(80.15,0.,-65.15));
#700 = DIRECTION('',(0.,0.,-1.));
#701 = DIRECTION('',(-1.,0.,0.));
#702 = ADVANCED_FACE('',(#703),#721,.T.);
#703 = FACE_BOUND('',#704,.T.);
#704 = EDGE_LOOP('',(#705,#713,#714,#715));
#705 = ORIENTED_EDGE('',*,*,#706,.T.);
#706 = EDGE_CURVE('',#707,#683,#709,.T.);
#707 = VERTEX_POINT('',#708);
#708 = CARTESIAN_POINT('',(80.15,0.,-25.));
#709 = LINE('',#710,#711);
#710 = CARTESIAN_POINT('',(80.15,0.,-25.));
#711 = VECTOR('',#712,1.);
#712 = DIRECTION('',(0.,0.,-1.));
#713 = ORIENTED_EDGE('',*,*,#692,.T.);
#714 = ORIENTED_EDGE('',*,*,#77,.F.);
#715 = ORIENTED_EDGE('',*,*,#716,.F.);
#716 = EDGE_CURVE('',#707,#70,#717,.T.);
#717 = LINE('',#718,#719);
#718 = CARTESIAN_POINT('',(80.15,0.,-25.));
#719 = VECTOR('',#720,1.);
#720 = DIRECTION('',(0.,1.,0.));
#721 = PLANE('',#722);
#722 = AXIS2_PLACEMENT_3D('',#723,#724,#725);
#723 = CARTESIAN_POINT('',(80.15,0.,-25.));
#724 = DIRECTION('',(1.,0.,0.));
#725 = DIRECTION('',(0.,0.,-1.));
#726 = ADVANCED_FACE('',(#727),#738,.T.);
#727 = FACE_BOUND('',#728,.T.);
#728 = EDGE_LOOP('',(#729,#735,#736,#737));
#729 = ORIENTED_EDGE('',*,*,#730,.T.);
#730 = EDGE_CURVE('',#244,#707,#731,.T.);
#731 = LINE('',#732,#733);
#732 = CARTESIAN_POINT('',(0.,0.,-25.));
#733 = VECTOR('',#734,1.);
#734 = DIRECTION('',(1.,0.,0.));
#735 = ORIENTED_EDGE('',*,*,#716,.T.);
#736 = ORIENTED_EDGE('',*,*,#67,.F.);
#737 = ORIENTED_EDGE('',*,*,#253,.F.);
#738 = PLANE('',#739);
#739 = AXIS2_PLACEMENT_3D('',#740,#741,#742);
#740 = CARTESIAN_POINT('',(0.,0.,-25.));
#741 = DIRECTION('',(0.,0.,1.));
#742 = DIRECTION('',(1.,0.,-0.));
#743 = ADVANCED_FACE('',(#744),#767,.F.);
#744 = FACE_BOUND('',#745,.T.);
#745 = EDGE_LOOP('',(#746,#747,#748,#749,#750,#751,#752,#753,#754,#755,
    #756,#757,#758,#759,#760,#761,#762,#763,#764,#765,#766));
#746 = ORIENTED_EDGE('',*,*,#730,.F.);
#747 = ORIENTED_EDGE('',*,*,#243,.T.);
#748 = ORIENTED_EDGE('',*,*,#274,.T.);
#749 = ORIENTED_EDGE('',*,*,#298,.T.);
#750 = ORIENTED_EDGE('',*,*,#322,.T.);
#751 = ORIENTED_EDGE('',*,*,#346,.T.);
#752 = ORIENTED_EDGE('',*,*,#370,.T.);
#753 = ORIENTED_EDGE('',*,*,#394,.T.);
#754 = ORIENTED_EDGE('',*,*,#418,.T.);
#755 = ORIENTED_EDGE('',*,*,#442,.T.);
#756 = ORIENTED_EDGE('',*,*,#466,.T.);
#757 = ORIENTED_EDGE('',*,*,#490,.T.);
#758 = ORIENTED_EDGE('',*,*,#514,.T.);
#759 = ORIENTED_EDGE('',*,*,#538,.T.);
#760 = ORIENTED_EDGE('',*,*,#562,.T.);
#761 = ORIENTED_EDGE('',*,*,#586,.T.);
#762 = ORIENTED_EDGE('',*,*,#610,.F.);
#763 = ORIENTED_EDGE('',*,*,#634,.F.);
#764 = ORIENTED_EDGE('',*,*,#658,.F.);
#765 = ORIENTED_EDGE('',*,*,#682,.F.);
#766 = ORIENTED_EDGE('',*,*,#706,.F.);
#767 = PLANE('',#768);
#768 = AXIS2_PLACEMENT_3D('',#769,#770,#771);
#769 = CARTESIAN_POINT('',(40.075,0.,-49.075));
#770 = DIRECTION('',(0.,1.,0.));
#771 = DIRECTION('',(1.,0.,0.));
#772 = ( GEOMETRIC_REPRESENTATION_CONTEXT(3) 
GLOBAL_UNCERTAINTY_ASSIGNED_CONTEXT((#776)) GLOBAL_UNIT_ASSIGNED_CONTEXT
((#773,#774,#775)) REPRESENTATION_CONTEXT('Context #1',
  '3D Context with UNIT and UNCERTAINTY') );
#773 = ( LENGTH_UNIT() NAMED_UNIT(*) SI_UNIT(.MILLI.,.METRE.) );
#774 = ( NAMED_UNIT(*) PLANE_ANGLE_UNIT() SI_UNIT($,.RADIAN.) );
#775 = ( NAMED_UNIT(*) SI_UNIT($,.STERADIAN.) SOLID_ANGLE_UNIT() );
#776 = UNCERTAINTY_MEASURE_WITH_UNIT(LENGTH_MEASURE(1.E-07),#773,
  'distance_accuracy_value','confusion accuracy');
#777 = CONTEXT_DEPENDENT_SHAPE_REPRESENTATION(#778,#780);
#778 = ( REPRESENTATION_RELATIONSHIP('','',#60,#10) 
REPRESENTATION_RELATIONSHIP_WITH_TRANSFORMATION(#779) 
SHAPE_REPRESENTATION_RELATIONSHIP() );
#779 = ITEM_DEFINED_TRANSFORMATION('','',#11,#15);
#780 = PRODUCT_DEFINITION_SHAPE('Placement','Placement of an item',#781
  );
#781 = NEXT_ASSEMBLY_USAGE_OCCURRENCE('1','SC9','',#5,#55,$);
#782 = PRODUCT_RELATED_PRODUCT_CATEGORY('part',$,(#57));
#783 = CONTEXT_DEPENDENT_SHAPE_REPRESENTATION(#784,#786);
#784 = ( REPRESENTATION_RELATIONSHIP('','',#60,#10) 
REPRESENTATION_RELATIONSHIP_WITH_TRANSFORMATION(#785) 
SHAPE_REPRESENTATION_RELATIONSHIP() );
#785 = ITEM_DEFINED_TRANSFORMATION('','',#11,#19);
#786 = PRODUCT_DEFINITION_SHAPE('Placement','Placement of an item',#787
  );
#787 = NEXT_ASSEMBLY_USAGE_OCCURRENCE('2','SC7','',#5,#55,$);
#788 = CONTEXT_DEPENDENT_SHAPE_REPRESENTATION(#789,#791);
#789 = ( REPRESENTATION_RELATIONSHIP('','',#60,#10) 
REPRESENTATION_RELATIONSHIP_WITH_TRANSFORMATION(#790) 
SHAPE_REPRESENTATION_RELATIONSHIP() );
#790 = ITEM_DEFINED_TRANSFORMATION('','',#11,#23);
#791 = PRODUCT_DEFINITION_SHAPE('Placement','Placement of an item',#792
  );
#792 = NEXT_ASSEMBLY_USAGE_OCCURRENCE('3','SC11','',#5,#55,$);
#793 = CONTEXT_DEPENDENT_SHAPE_REPRESENTATION(#794,#796);
#794 = ( REPRESENTATION_RELATIONSHIP('','',#60,#10) 
REPRESENTATION_RELATIONSHIP_WITH_TRANSFORMATION(#795) 
SHAPE_REPRESENTATION_RELATIONSHIP() );
#795 = ITEM_DEFINED_TRANSFORMATION('','',#11,#27);
#796 = PRODUCT_DEFINITION_SHAPE('Placement','Placement of an item',#797
  );
#797 = NEXT_ASSEMBLY_USAGE_OCCURRENCE('4','SC10','',#5,#55,$);
#798 = CONTEXT_DEPENDENT_SHAPE_REPRESENTATION(#799,#801);
#799 = ( REPRESENTATION_RELATIONSHIP('','',#60,#10) 
REPRESENTATION_RELATIONSHIP_WITH_TRANSFORMATION(#800) 
SHAPE_REPRESENTATION_RELATIONSHIP() );
#800 = ITEM_DEFINED_TRANSFORMATION('','',#11,#31);
#801 = PRODUCT_DEFINITION_SHAPE('Placement','Placement of an item',#802
  );
#802 = NEXT_ASSEMBLY_USAGE_OCCURRENCE('5','SC8','',#5,#55,$);
#803 = CONTEXT_DEPENDENT_SHAPE_REPRESENTATION(#804,#806);
#804 = ( REPRESENTATION_RELATIONSHIP('','',#60,#10) 
REPRESENTATION_RELATIONSHIP_WITH_TRANSFORMATION(#805) 
SHAPE_REPRESENTATION_RELATIONSHIP() );
#805 = ITEM_DEFINED_TRANSFORMATION('','',#11,#35);
#806 = PRODUCT_DEFINITION_SHAPE('Placement','Placement of an item',#807
  );
#807 = NEXT_ASSEMBLY_USAGE_OCCURRENCE('6','SC14','',#5,#55,$);
#808 = SHAPE_DEFINITION_REPRESENTATION(#809,#815);
#809 = PRODUCT_DEFINITION_SHAPE('','',#810);
#810 = PRODUCT_DEFINITION('design','',#811,#814);
#811 = PRODUCT_DEFINITION_FORMATION('','',#812);
#812 = PRODUCT('DF13-2P-1.25V_75_','DF13-2P-1.25V_75_','',(#813));
#813 = PRODUCT_CONTEXT('',#2,'mechanical');
#814 = PRODUCT_DEFINITION_CONTEXT('part definition',#2,'design');
#815 = SHAPE_REPRESENTATION('',(#11,#816),#820);
#816 = AXIS2_PLACEMENT_3D('',#817,#818,#819);
#817 = CARTESIAN_POINT('',(0.,25.,0.));
#818 = DIRECTION('',(0.,0.,1.));
#819 = DIRECTION('',(1.,0.,0.));
#820 = ( GEOMETRIC_REPRESENTATION_CONTEXT(3) 
GLOBAL_UNCERTAINTY_ASSIGNED_CONTEXT((#824)) GLOBAL_UNIT_ASSIGNED_CONTEXT
((#821,#822,#823)) REPRESENTATION_CONTEXT('Context #1',
  '3D Context with UNIT and UNCERTAINTY') );
#821 = ( LENGTH_UNIT() NAMED_UNIT(*) SI_UNIT(.MILLI.,.METRE.) );
#822 = ( NAMED_UNIT(*) PLANE_ANGLE_UNIT() SI_UNIT($,.RADIAN.) );
#823 = ( NAMED_UNIT(*) SI_UNIT($,.STERADIAN.) SOLID_ANGLE_UNIT() );
#824 = UNCERTAINTY_MEASURE_WITH_UNIT(LENGTH_MEASURE(1.E-07),#821,
  'distance_accuracy_value','confusion accuracy');
#825 = CONTEXT_DEPENDENT_SHAPE_REPRESENTATION(#826,#828);
#826 = ( REPRESENTATION_RELATIONSHIP('','',#815,#10) 
REPRESENTATION_RELATIONSHIP_WITH_TRANSFORMATION(#827) 
SHAPE_REPRESENTATION_RELATIONSHIP() );
#827 = ITEM_DEFINED_TRANSFORMATION('','',#11,#39);
#828 = PRODUCT_DEFINITION_SHAPE('Placement','Placement of an item',#829
  );
#829 = NEXT_ASSEMBLY_USAGE_OCCURRENCE('8','Buck2','',#5,#810,$);
#830 = PRODUCT_RELATED_PRODUCT_CATEGORY('part',$,(#812));
#831 = SHAPE_DEFINITION_REPRESENTATION(#832,#838);
#832 = PRODUCT_DEFINITION_SHAPE('','',#833);
#833 = PRODUCT_DEFINITION('design','',#834,#837);
#834 = PRODUCT_DEFINITION_FORMATION('','',#835);
#835 = PRODUCT('DF13-2P-1.25V','DF13-2P-1.25V','',(#836));
#836 = PRODUCT_CONTEXT('',#2,'mechanical');
#837 = PRODUCT_DEFINITION_CONTEXT('part definition',#2,'design');
#838 = ADVANCED_BREP_SHAPE_REPRESENTATION('',(#11,#839),#7883);
#839 = MANIFOLD_SOLID_BREP('',#840);
#840 = CLOSED_SHELL('',(#841,#873,#915,#971,#1034,#1100,#1140,#1180,
    #1212,#1270,#1310,#1350,#1374,#1469,#1532,#1556,#1594,#1625,#1656,
    #1687,#1718,#1758,#1775,#1813,#1830,#1861,#1948,#1988,#2019,#2048,
    #2079,#2119,#2150,#2190,#2230,#2295,#2319,#2331,#2348,#2388,#2428,
    #2450,#2500,#2524,#2564,#2595,#2626,#2666,#2696,#2713,#2746,#2763,
    #2804,#2846,#2870,#2887,#2976,#3056,#3087,#3118,#3150,#3181,#3205,
    #3234,#3259,#3299,#3315,#3359,#3400,#3412,#3484,#3508,#3524,#3555,
    #3649,#3661,#3678,#3695,#3707,#3738,#3755,#3772,#3797,#3814,#3835,
    #3852,#3864,#3881,#3899,#3911,#3935,#3954,#3966,#3983,#3995,#4007,
    #4087,#4134,#4165,#4295,#4319,#4336,#4378,#4395,#4451,#4482,#4550,
    #4581,#4593,#4605,#4636,#4676,#4709,#4744,#4852,#4909,#4966,#4997,
    #5026,#5050,#5067,#5084,#5101,#5113,#5135,#5147,#5159,#5190,#5222,
    #5273,#5311,#5327,#5364,#5381,#5405,#5486,#5517,#5533,#5580,#5611,
    #5683,#5700,#5775,#5806,#5828,#5859,#5890,#5912,#5929,#5960,#5984,
    #6009,#6034,#6058,#6070,#6081,#6123,#6181,#6213,#6247,#6264,#6304,
    #6346,#6394,#6416,#6458,#6482,#6506,#6537,#6554,#6571,#6583,#6595,
    #6636,#6674,#6700,#6742,#6758,#6798,#6815,#6844,#6875,#6901,#6913,
    #6944,#6975,#7006,#7028,#7045,#7062,#7110,#7163,#7175,#7186,#7198,
    #7250,#7281,#7319,#7350,#7367,#7391,#7418,#7430,#7442,#7454,#7466,
    #7483,#7495,#7519,#7536,#7563,#7575,#7621,#7653,#7684,#7701,#7733,
    #7768,#7787,#7808,#7834,#7848,#7859,#7871));
#841 = ADVANCED_FACE('',(#842),#868,.F.);
#842 = FACE_BOUND('',#843,.T.);
#843 = EDGE_LOOP('',(#844,#854,#862));
#844 = ORIENTED_EDGE('',*,*,#845,.T.);
#845 = EDGE_CURVE('',#846,#848,#850,.T.);
#846 = VERTEX_POINT('',#847);
#847 = CARTESIAN_POINT('',(-1.667181,-0.530469,5.2));
#848 = VERTEX_POINT('',#849);
#849 = CARTESIAN_POINT('',(-1.717181,-0.363802333333,5.2));
#850 = LINE('',#851,#852);
#851 = CARTESIAN_POINT('',(-1.8263217,0.,5.2));
#852 = VECTOR('',#853,1.);
#853 = DIRECTION('',(-0.287347885566,0.957826285221,0.));
#854 = ORIENTED_EDGE('',*,*,#855,.T.);
#855 = EDGE_CURVE('',#848,#856,#858,.T.);
#856 = VERTEX_POINT('',#857);
#857 = CARTESIAN_POINT('',(-1.717181,-0.530469,5.2));
#858 = LINE('',#859,#860);
#859 = CARTESIAN_POINT('',(-1.717181,-2.338021335238E-16,5.2));
#860 = VECTOR('',#861,1.);
#861 = DIRECTION('',(1.265318145399E-15,-1.,0.));
#862 = ORIENTED_EDGE('',*,*,#863,.T.);
#863 = EDGE_CURVE('',#856,#846,#864,.T.);
#864 = LINE('',#865,#866);
#865 = CARTESIAN_POINT('',(0.,-0.530469,5.2));
#866 = VECTOR('',#867,1.);
#867 = DIRECTION('',(1.,-1.836909530734E-16,0.));
#868 = PLANE('',#869);
#869 = AXIS2_PLACEMENT_3D('',#870,#871,#872);
#870 = CARTESIAN_POINT('',(0.584885317322,2.499492133643,5.2));
#871 = DIRECTION('',(0.,0.,-1.));
#872 = DIRECTION('',(-1.,1.224606353822E-16,0.));
#873 = ADVANCED_FACE('',(#874),#910,.F.);
#874 = FACE_BOUND('',#875,.F.);
#875 = EDGE_LOOP('',(#876,#887,#895,#904));
#876 = ORIENTED_EDGE('',*,*,#877,.F.);
#877 = EDGE_CURVE('',#878,#880,#882,.T.);
#878 = VERTEX_POINT('',#879);
#879 = CARTESIAN_POINT('',(-1.417181,-1.630469,-0.25));
#880 = VERTEX_POINT('',#881);
#881 = CARTESIAN_POINT('',(-1.417181,-1.830469,-5.E-02));
#882 = CIRCLE('',#883,0.2);
#883 = AXIS2_PLACEMENT_3D('',#884,#885,#886);
#884 = CARTESIAN_POINT('',(-1.417181,-1.630469,-5.E-02));
#885 = DIRECTION('',(-1.,6.123031769112E-17,6.123031769112E-17));
#886 = DIRECTION('',(-6.123031769112E-17,-1.,6.158049892052E-48));
#887 = ORIENTED_EDGE('',*,*,#888,.T.);
#888 = EDGE_CURVE('',#878,#889,#891,.T.);
#889 = VERTEX_POINT('',#890);
#890 = CARTESIAN_POINT('',(-0.767181,-1.630469,-0.25));
#891 = LINE('',#892,#893);
#892 = CARTESIAN_POINT('',(-2.217181,-1.630469,-0.25));
#893 = VECTOR('',#894,1.);
#894 = DIRECTION('',(1.,-6.123031769112E-17,-6.123031769112E-17));
#895 = ORIENTED_EDGE('',*,*,#896,.T.);
#896 = EDGE_CURVE('',#889,#897,#899,.T.);
#897 = VERTEX_POINT('',#898);
#898 = CARTESIAN_POINT('',(-0.767181,-1.830469,-5.E-02));
#899 = CIRCLE('',#900,0.2);
#900 = AXIS2_PLACEMENT_3D('',#901,#902,#903);
#901 = CARTESIAN_POINT('',(-0.767181,-1.630469,-5.E-02));
#902 = DIRECTION('',(-1.,6.123031769112E-17,6.123031769112E-17));
#903 = DIRECTION('',(-6.123031769112E-17,-1.,6.158049892052E-48));
#904 = ORIENTED_EDGE('',*,*,#905,.T.);
#905 = EDGE_CURVE('',#897,#880,#906,.T.);
#906 = LINE('',#907,#908);
#907 = CARTESIAN_POINT('',(-2.217181,-1.830469,-5.E-02));
#908 = VECTOR('',#909,1.);
#909 = DIRECTION('',(-1.,6.123031769112E-17,6.123031769112E-17));
#910 = CYLINDRICAL_SURFACE('',#911,0.2);
#911 = AXIS2_PLACEMENT_3D('',#912,#913,#914);
#912 = CARTESIAN_POINT('',(-2.217181,-1.630469,-5.E-02));
#913 = DIRECTION('',(-1.,6.123031769112E-17,6.123031769112E-17));
#914 = DIRECTION('',(-6.123031769112E-17,-1.,6.158049892052E-48));
#915 = ADVANCED_FACE('',(#916),#966,.T.);
#916 = FACE_BOUND('',#917,.T.);
#917 = EDGE_LOOP('',(#918,#928,#936,#944,#952,#960));
#918 = ORIENTED_EDGE('',*,*,#919,.T.);
#919 = EDGE_CURVE('',#920,#922,#924,.T.);
#920 = VERTEX_POINT('',#921);
#921 = CARTESIAN_POINT('',(-2.217181,-1.330469,0.3));
#922 = VERTEX_POINT('',#923);
#923 = CARTESIAN_POINT('',(-1.417181,-1.330469,0.3));
#924 = LINE('',#925,#926);
#925 = CARTESIAN_POINT('',(-1.017181,-1.330469,0.3));
#926 = VECTOR('',#927,1.);
#927 = DIRECTION('',(1.,1.224606353822E-16,0.));
#928 = ORIENTED_EDGE('',*,*,#929,.F.);
#929 = EDGE_CURVE('',#930,#922,#932,.T.);
#930 = VERTEX_POINT('',#931);
#931 = CARTESIAN_POINT('',(-1.417181,-1.330469,0.84));
#932 = LINE('',#933,#934);
#933 = CARTESIAN_POINT('',(-1.417181,-1.330469,8.125));
#934 = VECTOR('',#935,1.);
#935 = DIRECTION('',(0.,0.,-1.));
#936 = ORIENTED_EDGE('',*,*,#937,.T.);
#937 = EDGE_CURVE('',#930,#938,#940,.T.);
#938 = VERTEX_POINT('',#939);
#939 = CARTESIAN_POINT('',(-1.717181,-1.330469,0.84));
#940 = LINE('',#941,#942);
#941 = CARTESIAN_POINT('',(0.,-1.330469,0.84));
#942 = VECTOR('',#943,1.);
#943 = DIRECTION('',(-1.,0.,0.));
#944 = ORIENTED_EDGE('',*,*,#945,.F.);
#945 = EDGE_CURVE('',#946,#938,#948,.T.);
#946 = VERTEX_POINT('',#947);
#947 = CARTESIAN_POINT('',(-1.717181,-1.330469,1.05));
#948 = LINE('',#949,#950);
#949 = CARTESIAN_POINT('',(-1.717181,-1.330469,1.875));
#950 = VECTOR('',#951,1.);
#951 = DIRECTION('',(0.,0.,-1.));
#952 = ORIENTED_EDGE('',*,*,#953,.T.);
#953 = EDGE_CURVE('',#946,#954,#956,.T.);
#954 = VERTEX_POINT('',#955);
#955 = CARTESIAN_POINT('',(-2.217181,-1.330469,1.05));
#956 = LINE('',#957,#958);
#957 = CARTESIAN_POINT('',(-3.603374597403E-18,-1.330469,1.05));
#958 = VECTOR('',#959,1.);
#959 = DIRECTION('',(-1.,-1.224606353822E-16,0.));
#960 = ORIENTED_EDGE('',*,*,#961,.F.);
#961 = EDGE_CURVE('',#920,#954,#962,.T.);
#962 = LINE('',#963,#964);
#963 = CARTESIAN_POINT('',(-2.217181,-1.330469,6.875));
#964 = VECTOR('',#965,1.);
#965 = DIRECTION('',(0.,0.,1.));
#966 = PLANE('',#967);
#967 = AXIS2_PLACEMENT_3D('',#968,#969,#970);
#968 = CARTESIAN_POINT('',(-2.217181,-1.330469,1.05));
#969 = DIRECTION('',(1.224606353822E-16,-1.,0.));
#970 = DIRECTION('',(1.,1.224606353822E-16,0.));
#971 = ADVANCED_FACE('',(#972),#1029,.T.);
#972 = FACE_BOUND('',#973,.T.);
#973 = EDGE_LOOP('',(#974,#984,#992,#1000,#1008,#1016,#1022,#1023));
#974 = ORIENTED_EDGE('',*,*,#975,.F.);
#975 = EDGE_CURVE('',#976,#978,#980,.T.);
#976 = VERTEX_POINT('',#977);
#977 = CARTESIAN_POINT('',(0.382819,-1.830469,0.65));
#978 = VERTEX_POINT('',#979);
#979 = CARTESIAN_POINT('',(-1.417181,-1.830469,0.65));
#980 = LINE('',#981,#982);
#981 = CARTESIAN_POINT('',(-2.217181,-1.830469,0.65));
#982 = VECTOR('',#983,1.);
#983 = DIRECTION('',(-1.,6.123031769112E-17,6.123031769112E-17));
#984 = ORIENTED_EDGE('',*,*,#985,.T.);
#985 = EDGE_CURVE('',#976,#986,#988,.T.);
#986 = VERTEX_POINT('',#987);
#987 = CARTESIAN_POINT('',(0.382819,-1.830469,-5.E-02));
#988 = LINE('',#989,#990);
#989 = CARTESIAN_POINT('',(0.382819,-1.830469,-5.386624106157));
#990 = VECTOR('',#991,1.);
#991 = DIRECTION('',(-6.123031769112E-17,0.,-1.));
#992 = ORIENTED_EDGE('',*,*,#993,.T.);
#993 = EDGE_CURVE('',#986,#994,#996,.T.);
#994 = VERTEX_POINT('',#995);
#995 = CARTESIAN_POINT('',(-0.267181,-1.830469,-5.E-02));
#996 = LINE('',#997,#998);
#997 = CARTESIAN_POINT('',(-2.217181,-1.830469,-5.E-02));
#998 = VECTOR('',#999,1.);
#999 = DIRECTION('',(-1.,6.123031769112E-17,6.123031769112E-17));
#1000 = ORIENTED_EDGE('',*,*,#1001,.T.);
#1001 = EDGE_CURVE('',#994,#1002,#1004,.T.);
#1002 = VERTEX_POINT('',#1003);
#1003 = CARTESIAN_POINT('',(-0.267181,-1.830469,0.35));
#1004 = LINE('',#1005,#1006);
#1005 = CARTESIAN_POINT('',(-0.267181,-1.830469,-5.386624106157));
#1006 = VECTOR('',#1007,1.);
#1007 = DIRECTION('',(6.123031769112E-17,7.547219350123E-49,1.));
#1008 = ORIENTED_EDGE('',*,*,#1009,.T.);
#1009 = EDGE_CURVE('',#1002,#1010,#1012,.T.);
#1010 = VERTEX_POINT('',#1011);
#1011 = CARTESIAN_POINT('',(-0.767181,-1.830469,0.35));
#1012 = LINE('',#1013,#1014);
#1013 = CARTESIAN_POINT('',(-3.118506852902E-15,-1.830469,0.35));
#1014 = VECTOR('',#1015,1.);
#1015 = DIRECTION('',(-1.,6.123031769112E-17,6.123031769112E-17));
#1016 = ORIENTED_EDGE('',*,*,#1017,.T.);
#1017 = EDGE_CURVE('',#1010,#897,#1018,.T.);
#1018 = LINE('',#1019,#1020);
#1019 = CARTESIAN_POINT('',(-0.767181,-1.830469,-5.386624106157));
#1020 = VECTOR('',#1021,1.);
#1021 = DIRECTION('',(-6.123031769112E-17,-7.547219350123E-49,-1.));
#1022 = ORIENTED_EDGE('',*,*,#905,.T.);
#1023 = ORIENTED_EDGE('',*,*,#1024,.T.);
#1024 = EDGE_CURVE('',#880,#978,#1025,.T.);
#1025 = LINE('',#1026,#1027);
#1026 = CARTESIAN_POINT('',(-1.417181,-1.830469,-5.386624106157));
#1027 = VECTOR('',#1028,1.);
#1028 = DIRECTION('',(6.123031769112E-17,0.,1.));
#1029 = PLANE('',#1030);
#1030 = AXIS2_PLACEMENT_3D('',#1031,#1032,#1033);
#1031 = CARTESIAN_POINT('',(-2.217181,-1.830469,0.65));
#1032 = DIRECTION('',(6.123031769112E-17,1.,-3.749151804555E-33));
#1033 = DIRECTION('',(6.123031769112E-17,-2.052683297351E-48,1.));
#1034 = ADVANCED_FACE('',(#1035),#1095,.F.);
#1035 = FACE_BOUND('',#1036,.T.);
#1036 = EDGE_LOOP('',(#1037,#1047,#1055,#1064,#1072,#1080,#1088));
#1037 = ORIENTED_EDGE('',*,*,#1038,.F.);
#1038 = EDGE_CURVE('',#1039,#1041,#1043,.T.);
#1039 = VERTEX_POINT('',#1040);
#1040 = CARTESIAN_POINT('',(0.147819,-1.530469,2.325));
#1041 = VERTEX_POINT('',#1042);
#1042 = CARTESIAN_POINT('',(-0.223052215252,-1.530469,2.325));
#1043 = LINE('',#1044,#1045);
#1044 = CARTESIAN_POINT('',(0.,-1.530469,2.325));
#1045 = VECTOR('',#1046,1.);
#1046 = DIRECTION('',(-1.,-1.224606353822E-16,0.));
#1047 = ORIENTED_EDGE('',*,*,#1048,.F.);
#1048 = EDGE_CURVE('',#1049,#1039,#1051,.T.);
#1049 = VERTEX_POINT('',#1050);
#1050 = CARTESIAN_POINT('',(0.147819,-1.580469,2.325));
#1051 = LINE('',#1052,#1053);
#1052 = CARTESIAN_POINT('',(0.147819,-0.372053431462,2.325));
#1053 = VECTOR('',#1054,1.);
#1054 = DIRECTION('',(-2.312964634636E-17,1.,0.));
#1055 = ORIENTED_EDGE('',*,*,#1056,.F.);
#1056 = EDGE_CURVE('',#1057,#1049,#1059,.T.);
#1057 = VERTEX_POINT('',#1058);
#1058 = CARTESIAN_POINT('',(-0.302181,-2.030469,2.325));
#1059 = CIRCLE('',#1060,0.45);
#1060 = AXIS2_PLACEMENT_3D('',#1061,#1062,#1063);
#1061 = CARTESIAN_POINT('',(-0.302181,-1.580469,2.325));
#1062 = DIRECTION('',(0.,0.,1.));
#1063 = DIRECTION('',(1.,0.,-0.));
#1064 = ORIENTED_EDGE('',*,*,#1065,.T.);
#1065 = EDGE_CURVE('',#1057,#1066,#1068,.T.);
#1066 = VERTEX_POINT('',#1067);
#1067 = CARTESIAN_POINT('',(-3.417181,-2.030469,2.325));
#1068 = LINE('',#1069,#1070);
#1069 = CARTESIAN_POINT('',(-2.514773473206E-02,-2.030469,2.325));
#1070 = VECTOR('',#1071,1.);
#1071 = DIRECTION('',(-1.,0.,0.));
#1072 = ORIENTED_EDGE('',*,*,#1073,.F.);
#1073 = EDGE_CURVE('',#1074,#1066,#1076,.T.);
#1074 = VERTEX_POINT('',#1075);
#1075 = CARTESIAN_POINT('',(-3.417181,-1.680469,2.325));
#1076 = LINE('',#1077,#1078);
#1077 = CARTESIAN_POINT('',(-3.417181,-0.372053431462,2.325));
#1078 = VECTOR('',#1079,1.);
#1079 = DIRECTION('',(0.,-1.,0.));
#1080 = ORIENTED_EDGE('',*,*,#1081,.T.);
#1081 = EDGE_CURVE('',#1074,#1082,#1084,.T.);
#1082 = VERTEX_POINT('',#1083);
#1083 = CARTESIAN_POINT('',(-0.452181,-1.680469,2.325));
#1084 = LINE('',#1085,#1086);
#1085 = CARTESIAN_POINT('',(-2.514773473206E-02,-1.680469,2.325));
#1086 = VECTOR('',#1087,1.);
#1087 = DIRECTION('',(1.,0.,0.));
#1088 = ORIENTED_EDGE('',*,*,#1089,.F.);
#1089 = EDGE_CURVE('',#1041,#1082,#1090,.T.);
#1090 = CIRCLE('',#1091,0.25);
#1091 = AXIS2_PLACEMENT_3D('',#1092,#1093,#1094);
#1092 = CARTESIAN_POINT('',(-0.452181,-1.430469,2.325));
#1093 = DIRECTION('',(0.,0.,-1.));
#1094 = DIRECTION('',(-1.,0.,0.));
#1095 = PLANE('',#1096);
#1096 = AXIS2_PLACEMENT_3D('',#1097,#1098,#1099);
#1097 = CARTESIAN_POINT('',(-2.514773473206E-02,-0.372053431462,2.325));
#1098 = DIRECTION('',(0.,0.,1.));
#1099 = DIRECTION('',(1.,0.,-0.));
#1100 = ADVANCED_FACE('',(#1101),#1135,.F.);
#1101 = FACE_BOUND('',#1102,.T.);
#1102 = EDGE_LOOP('',(#1103,#1113,#1121,#1129));
#1103 = ORIENTED_EDGE('',*,*,#1104,.T.);
#1104 = EDGE_CURVE('',#1105,#1107,#1109,.T.);
#1105 = VERTEX_POINT('',#1106);
#1106 = CARTESIAN_POINT('',(-1.517181,-2.030469,2.324));
#1107 = VERTEX_POINT('',#1108);
#1108 = CARTESIAN_POINT('',(-1.517181,-1.530469,2.324));
#1109 = LINE('',#1110,#1111);
#1110 = CARTESIAN_POINT('',(-1.517181,0.,2.324));
#1111 = VECTOR('',#1112,1.);
#1112 = DIRECTION('',(-1.224606353822E-16,1.,0.));
#1113 = ORIENTED_EDGE('',*,*,#1114,.T.);
#1114 = EDGE_CURVE('',#1107,#1115,#1117,.T.);
#1115 = VERTEX_POINT('',#1116);
#1116 = CARTESIAN_POINT('',(-2.217181,-1.530469,2.324));
#1117 = LINE('',#1118,#1119);
#1118 = CARTESIAN_POINT('',(0.,-1.530469,2.324));
#1119 = VECTOR('',#1120,1.);
#1120 = DIRECTION('',(-1.,-1.224606353822E-16,0.));
#1121 = ORIENTED_EDGE('',*,*,#1122,.F.);
#1122 = EDGE_CURVE('',#1123,#1115,#1125,.T.);
#1123 = VERTEX_POINT('',#1124);
#1124 = CARTESIAN_POINT('',(-2.217181,-2.030469,2.324));
#1125 = LINE('',#1126,#1127);
#1126 = CARTESIAN_POINT('',(-2.217181,-2.030469,2.324));
#1127 = VECTOR('',#1128,1.);
#1128 = DIRECTION('',(0.,1.,0.));
#1129 = ORIENTED_EDGE('',*,*,#1130,.T.);
#1130 = EDGE_CURVE('',#1123,#1105,#1131,.T.);
#1131 = LINE('',#1132,#1133);
#1132 = CARTESIAN_POINT('',(-2.217181,-2.030469,2.324));
#1133 = VECTOR('',#1134,1.);
#1134 = DIRECTION('',(1.,0.,0.));
#1135 = PLANE('',#1136);
#1136 = AXIS2_PLACEMENT_3D('',#1137,#1138,#1139);
#1137 = CARTESIAN_POINT('',(-2.5571834,-1.530469,2.324));
#1138 = DIRECTION('',(0.,0.,-1.));
#1139 = DIRECTION('',(1.224606353822E-16,-1.,0.));
#1140 = ADVANCED_FACE('',(#1141),#1175,.T.);
#1141 = FACE_BOUND('',#1142,.T.);
#1142 = EDGE_LOOP('',(#1143,#1153,#1161,#1169));
#1143 = ORIENTED_EDGE('',*,*,#1144,.T.);
#1144 = EDGE_CURVE('',#1145,#1147,#1149,.T.);
#1145 = VERTEX_POINT('',#1146);
#1146 = CARTESIAN_POINT('',(0.372819,1.769531,1.55));
#1147 = VERTEX_POINT('',#1148);
#1148 = CARTESIAN_POINT('',(0.372819,2.769531,1.55));
#1149 = LINE('',#1150,#1151);
#1150 = CARTESIAN_POINT('',(0.372819,-0.230469,1.55));
#1151 = VECTOR('',#1152,1.);
#1152 = DIRECTION('',(-2.334829378448E-16,1.,0.));
#1153 = ORIENTED_EDGE('',*,*,#1154,.F.);
#1154 = EDGE_CURVE('',#1155,#1147,#1157,.T.);
#1155 = VERTEX_POINT('',#1156);
#1156 = CARTESIAN_POINT('',(0.372819,2.769531,1.05));
#1157 = LINE('',#1158,#1159);
#1158 = CARTESIAN_POINT('',(0.372819,2.769531,1.05));
#1159 = VECTOR('',#1160,1.);
#1160 = DIRECTION('',(0.,0.,1.));
#1161 = ORIENTED_EDGE('',*,*,#1162,.F.);
#1162 = EDGE_CURVE('',#1163,#1155,#1165,.T.);
#1163 = VERTEX_POINT('',#1164);
#1164 = CARTESIAN_POINT('',(0.372819,1.769531,1.05));
#1165 = LINE('',#1166,#1167);
#1166 = CARTESIAN_POINT('',(0.372819,-0.230469,1.05));
#1167 = VECTOR('',#1168,1.);
#1168 = DIRECTION('',(-2.334829378448E-16,1.,0.));
#1169 = ORIENTED_EDGE('',*,*,#1170,.F.);
#1170 = EDGE_CURVE('',#1145,#1163,#1171,.T.);
#1171 = LINE('',#1172,#1173);
#1172 = CARTESIAN_POINT('',(0.372819,1.769531,1.55));
#1173 = VECTOR('',#1174,1.);
#1174 = DIRECTION('',(0.,0.,-1.));
#1175 = PLANE('',#1176);
#1176 = AXIS2_PLACEMENT_3D('',#1177,#1178,#1179);
#1177 = CARTESIAN_POINT('',(0.372819,2.669531,1.05));
#1178 = DIRECTION('',(-1.,-5.551115123126E-16,0.));
#1179 = DIRECTION('',(5.551115123126E-16,-1.,0.));
#1180 = ADVANCED_FACE('',(#1181),#1207,.T.);
#1181 = FACE_BOUND('',#1182,.T.);
#1182 = EDGE_LOOP('',(#1183,#1191,#1192,#1200));
#1183 = ORIENTED_EDGE('',*,*,#1184,.F.);
#1184 = EDGE_CURVE('',#1057,#1185,#1187,.T.);
#1185 = VERTEX_POINT('',#1186);
#1186 = CARTESIAN_POINT('',(-0.302181,-2.030469,2.675));
#1187 = LINE('',#1188,#1189);
#1188 = CARTESIAN_POINT('',(-0.302181,-2.030469,2.325));
#1189 = VECTOR('',#1190,1.);
#1190 = DIRECTION('',(0.,0.,1.));
#1191 = ORIENTED_EDGE('',*,*,#1056,.T.);
#1192 = ORIENTED_EDGE('',*,*,#1193,.T.);
#1193 = EDGE_CURVE('',#1049,#1194,#1196,.T.);
#1194 = VERTEX_POINT('',#1195);
#1195 = CARTESIAN_POINT('',(0.147819,-1.580469,2.675));
#1196 = LINE('',#1197,#1198);
#1197 = CARTESIAN_POINT('',(0.147819,-1.580469,2.325));
#1198 = VECTOR('',#1199,1.);
#1199 = DIRECTION('',(0.,0.,1.));
#1200 = ORIENTED_EDGE('',*,*,#1201,.F.);
#1201 = EDGE_CURVE('',#1185,#1194,#1202,.T.);
#1202 = CIRCLE('',#1203,0.45);
#1203 = AXIS2_PLACEMENT_3D('',#1204,#1205,#1206);
#1204 = CARTESIAN_POINT('',(-0.302181,-1.580469,2.675));
#1205 = DIRECTION('',(0.,0.,1.));
#1206 = DIRECTION('',(1.,0.,-0.));
#1207 = CYLINDRICAL_SURFACE('',#1208,0.45);
#1208 = AXIS2_PLACEMENT_3D('',#1209,#1210,#1211);
#1209 = CARTESIAN_POINT('',(-0.302181,-1.580469,2.325));
#1210 = DIRECTION('',(0.,0.,1.));
#1211 = DIRECTION('',(1.,0.,-0.));
#1212 = ADVANCED_FACE('',(#1213),#1265,.T.);
#1213 = FACE_BOUND('',#1214,.T.);
#1214 = EDGE_LOOP('',(#1215,#1225,#1233,#1241,#1249,#1258));
#1215 = ORIENTED_EDGE('',*,*,#1216,.F.);
#1216 = EDGE_CURVE('',#1217,#1219,#1221,.T.);
#1217 = VERTEX_POINT('',#1218);
#1218 = CARTESIAN_POINT('',(1.182819,-2.030469,2.324));
#1219 = VERTEX_POINT('',#1220);
#1220 = CARTESIAN_POINT('',(1.182819,-2.030469,1.45));
#1221 = LINE('',#1222,#1223);
#1222 = CARTESIAN_POINT('',(1.182819,-2.030469,1.55));
#1223 = VECTOR('',#1224,1.);
#1224 = DIRECTION('',(0.,0.,-1.));
#1225 = ORIENTED_EDGE('',*,*,#1226,.T.);
#1226 = EDGE_CURVE('',#1217,#1227,#1229,.T.);
#1227 = VERTEX_POINT('',#1228);
#1228 = CARTESIAN_POINT('',(-1.017181,-2.030469,2.324));
#1229 = LINE('',#1230,#1231);
#1230 = CARTESIAN_POINT('',(1.182819,-2.030469,2.324));
#1231 = VECTOR('',#1232,1.);
#1232 = DIRECTION('',(-1.,-1.224606353822E-16,0.));
#1233 = ORIENTED_EDGE('',*,*,#1234,.T.);
#1234 = EDGE_CURVE('',#1227,#1235,#1237,.T.);
#1235 = VERTEX_POINT('',#1236);
#1236 = CARTESIAN_POINT('',(-1.017181,-2.030469,1.05));
#1237 = LINE('',#1238,#1239);
#1238 = CARTESIAN_POINT('',(-1.017181,-2.030469,0.));
#1239 = VECTOR('',#1240,1.);
#1240 = DIRECTION('',(2.366582715663E-30,-1.33226762955E-14,-1.));
#1241 = ORIENTED_EDGE('',*,*,#1242,.F.);
#1242 = EDGE_CURVE('',#1243,#1235,#1245,.T.);
#1243 = VERTEX_POINT('',#1244);
#1244 = CARTESIAN_POINT('',(0.782819,-2.030469,1.05));
#1245 = LINE('',#1246,#1247);
#1246 = CARTESIAN_POINT('',(8.211907017016E-17,-2.030469,1.05));
#1247 = VECTOR('',#1248,1.);
#1248 = DIRECTION('',(-1.,-1.224606353822E-16,0.));
#1249 = ORIENTED_EDGE('',*,*,#1250,.F.);
#1250 = EDGE_CURVE('',#1251,#1243,#1253,.T.);
#1251 = VERTEX_POINT('',#1252);
#1252 = CARTESIAN_POINT('',(0.382819,-2.030469,1.45));
#1253 = CIRCLE('',#1254,0.4);
#1254 = AXIS2_PLACEMENT_3D('',#1255,#1256,#1257);
#1255 = CARTESIAN_POINT('',(0.782819,-2.030469,1.45));
#1256 = DIRECTION('',(1.224606353822E-16,-1.,0.));
#1257 = DIRECTION('',(1.,1.224606353822E-16,0.));
#1258 = ORIENTED_EDGE('',*,*,#1259,.F.);
#1259 = EDGE_CURVE('',#1219,#1251,#1260,.T.);
#1260 = CIRCLE('',#1261,0.4);
#1261 = AXIS2_PLACEMENT_3D('',#1262,#1263,#1264);
#1262 = CARTESIAN_POINT('',(0.782819,-2.030469,1.45));
#1263 = DIRECTION('',(1.224606353822E-16,-1.,0.));
#1264 = DIRECTION('',(1.,1.224606353822E-16,0.));
#1265 = PLANE('',#1266);
#1266 = AXIS2_PLACEMENT_3D('',#1267,#1268,#1269);
#1267 = CARTESIAN_POINT('',(1.182819,-2.030469,2.324));
#1268 = DIRECTION('',(1.224606353822E-16,-1.,1.33226762955E-14));
#1269 = DIRECTION('',(-1.631503404139E-30,1.33226762955E-14,1.));
#1270 = ADVANCED_FACE('',(#1271),#1305,.T.);
#1271 = FACE_BOUND('',#1272,.T.);
#1272 = EDGE_LOOP('',(#1273,#1283,#1291,#1299));
#1273 = ORIENTED_EDGE('',*,*,#1274,.F.);
#1274 = EDGE_CURVE('',#1275,#1277,#1279,.T.);
#1275 = VERTEX_POINT('',#1276);
#1276 = CARTESIAN_POINT('',(-1.717181,-3.0469E-02,5.4));
#1277 = VERTEX_POINT('',#1278);
#1278 = CARTESIAN_POINT('',(-1.717181,-3.0469E-02,5.2));
#1279 = LINE('',#1280,#1281);
#1280 = CARTESIAN_POINT('',(-1.717181,-3.0469E-02,-8.125));
#1281 = VECTOR('',#1282,1.);
#1282 = DIRECTION('',(1.436878308146E-47,-1.124745541367E-32,-1.));
#1283 = ORIENTED_EDGE('',*,*,#1284,.T.);
#1284 = EDGE_CURVE('',#1275,#1285,#1287,.T.);
#1285 = VERTEX_POINT('',#1286);
#1286 = CARTESIAN_POINT('',(-1.667181,-3.0469E-02,5.4));
#1287 = LINE('',#1288,#1289);
#1288 = CARTESIAN_POINT('',(8.803747510407E-16,-3.0469E-02,5.4));
#1289 = VECTOR('',#1290,1.);
#1290 = DIRECTION('',(1.,-1.836909530734E-16,-6.123031769112E-17));
#1291 = ORIENTED_EDGE('',*,*,#1292,.F.);
#1292 = EDGE_CURVE('',#1293,#1285,#1295,.T.);
#1293 = VERTEX_POINT('',#1294);
#1294 = CARTESIAN_POINT('',(-1.667181,-3.0469E-02,5.2));
#1295 = LINE('',#1296,#1297);
#1296 = CARTESIAN_POINT('',(-1.667181,-3.0469E-02,5.2));
#1297 = VECTOR('',#1298,1.);
#1298 = DIRECTION('',(6.123031769112E-17,0.,1.));
#1299 = ORIENTED_EDGE('',*,*,#1300,.F.);
#1300 = EDGE_CURVE('',#1277,#1293,#1301,.T.);
#1301 = LINE('',#1302,#1303);
#1302 = CARTESIAN_POINT('',(0.,-3.0469E-02,5.2));
#1303 = VECTOR('',#1304,1.);
#1304 = DIRECTION('',(1.,-1.836909530734E-16,0.));
#1305 = PLANE('',#1306);
#1306 = AXIS2_PLACEMENT_3D('',#1307,#1308,#1309);
#1307 = CARTESIAN_POINT('',(-1.817181,-3.0469E-02,5.2));
#1308 = DIRECTION('',(1.836909530734E-16,1.,-1.124745541367E-32));
#1309 = DIRECTION('',(-1.,1.836909530734E-16,6.123031769112E-17));
#1310 = ADVANCED_FACE('',(#1311),#1345,.F.);
#1311 = FACE_BOUND('',#1312,.T.);
#1312 = EDGE_LOOP('',(#1313,#1323,#1331,#1339));
#1313 = ORIENTED_EDGE('',*,*,#1314,.F.);
#1314 = EDGE_CURVE('',#1315,#1317,#1319,.T.);
#1315 = VERTEX_POINT('',#1316);
#1316 = CARTESIAN_POINT('',(0.482968511538,-1.029970628207,1.05));
#1317 = VERTEX_POINT('',#1318);
#1318 = CARTESIAN_POINT('',(0.482968511538,-1.029970628207,0.85));
#1319 = LINE('',#1320,#1321);
#1320 = CARTESIAN_POINT('',(0.482968511538,-1.029970628207,1.05));
#1321 = VECTOR('',#1322,1.);
#1322 = DIRECTION('',(-6.123031769112E-17,0.,-1.));
#1323 = ORIENTED_EDGE('',*,*,#1324,.F.);
#1324 = EDGE_CURVE('',#1325,#1315,#1327,.T.);
#1325 = VERTEX_POINT('',#1326);
#1326 = CARTESIAN_POINT('',(0.382819,-1.029970628207,1.05));
#1327 = LINE('',#1328,#1329);
#1328 = CARTESIAN_POINT('',(0.,-1.029970628207,1.05));
#1329 = VECTOR('',#1330,1.);
#1330 = DIRECTION('',(1.,-6.123031769112E-17,0.));
#1331 = ORIENTED_EDGE('',*,*,#1332,.F.);
#1332 = EDGE_CURVE('',#1333,#1325,#1335,.T.);
#1333 = VERTEX_POINT('',#1334);
#1334 = CARTESIAN_POINT('',(0.382819,-1.029970628207,0.85));
#1335 = LINE('',#1336,#1337);
#1336 = CARTESIAN_POINT('',(0.382819,-1.029970628207,-0.6000024));
#1337 = VECTOR('',#1338,1.);
#1338 = DIRECTION('',(6.123031769112E-17,0.,1.));
#1339 = ORIENTED_EDGE('',*,*,#1340,.F.);
#1340 = EDGE_CURVE('',#1317,#1333,#1341,.T.);
#1341 = LINE('',#1342,#1343);
#1342 = CARTESIAN_POINT('',(-3.038876924441E-15,-1.029970628207,0.85));
#1343 = VECTOR('',#1344,1.);
#1344 = DIRECTION('',(-1.,6.123031769112E-17,6.123031769112E-17));
#1345 = PLANE('',#1346);
#1346 = AXIS2_PLACEMENT_3D('',#1347,#1348,#1349);
#1347 = CARTESIAN_POINT('',(0.382819,-1.029970628207,-0.6000024));
#1348 = DIRECTION('',(6.123031769112E-17,1.,-3.749151804555E-33));
#1349 = DIRECTION('',(1.,-6.123031769112E-17,-6.123031769112E-17));
#1350 = ADVANCED_FACE('',(#1351),#1369,.T.);
#1351 = FACE_BOUND('',#1352,.T.);
#1352 = EDGE_LOOP('',(#1353,#1354,#1362,#1368));
#1353 = ORIENTED_EDGE('',*,*,#1184,.T.);
#1354 = ORIENTED_EDGE('',*,*,#1355,.T.);
#1355 = EDGE_CURVE('',#1185,#1356,#1358,.T.);
#1356 = VERTEX_POINT('',#1357);
#1357 = CARTESIAN_POINT('',(-3.417181,-2.030469,2.675));
#1358 = LINE('',#1359,#1360);
#1359 = CARTESIAN_POINT('',(-2.514773473206E-02,-2.030469,2.675));
#1360 = VECTOR('',#1361,1.);
#1361 = DIRECTION('',(-1.,0.,0.));
#1362 = ORIENTED_EDGE('',*,*,#1363,.T.);
#1363 = EDGE_CURVE('',#1356,#1066,#1364,.T.);
#1364 = LINE('',#1365,#1366);
#1365 = CARTESIAN_POINT('',(-3.417181,-2.030469,2.325));
#1366 = VECTOR('',#1367,1.);
#1367 = DIRECTION('',(0.,0.,-1.));
#1368 = ORIENTED_EDGE('',*,*,#1065,.F.);
#1369 = PLANE('',#1370);
#1370 = AXIS2_PLACEMENT_3D('',#1371,#1372,#1373);
#1371 = CARTESIAN_POINT('',(0.147819,-2.030469,2.325));
#1372 = DIRECTION('',(0.,-1.,0.));
#1373 = DIRECTION('',(-1.,0.,0.));
#1374 = ADVANCED_FACE('',(#1375),#1464,.T.);
#1375 = FACE_BOUND('',#1376,.T.);
#1376 = EDGE_LOOP('',(#1377,#1378,#1386,#1394,#1402,#1410,#1418,#1426,
    #1434,#1442,#1450,#1458));
#1377 = ORIENTED_EDGE('',*,*,#1162,.T.);
#1378 = ORIENTED_EDGE('',*,*,#1379,.T.);
#1379 = EDGE_CURVE('',#1155,#1380,#1382,.T.);
#1380 = VERTEX_POINT('',#1381);
#1381 = CARTESIAN_POINT('',(1.182819,2.769531,1.05));
#1382 = LINE('',#1383,#1384);
#1383 = CARTESIAN_POINT('',(-5.056919796646E-16,2.769531,1.05));
#1384 = VECTOR('',#1385,1.);
#1385 = DIRECTION('',(1.,1.224606353822E-16,0.));
#1386 = ORIENTED_EDGE('',*,*,#1387,.F.);
#1387 = EDGE_CURVE('',#1388,#1380,#1390,.T.);
#1388 = VERTEX_POINT('',#1389);
#1389 = CARTESIAN_POINT('',(1.182819,0.669531,1.05));
#1390 = LINE('',#1391,#1392);
#1391 = CARTESIAN_POINT('',(1.182819,1.448487662822E-16,1.05));
#1392 = VECTOR('',#1393,1.);
#1393 = DIRECTION('',(-1.224606353822E-16,1.,0.));
#1394 = ORIENTED_EDGE('',*,*,#1395,.F.);
#1395 = EDGE_CURVE('',#1396,#1388,#1398,.T.);
#1396 = VERTEX_POINT('',#1397);
#1397 = CARTESIAN_POINT('',(0.782819,0.669531,1.05));
#1398 = LINE('',#1399,#1400);
#1399 = CARTESIAN_POINT('',(-2.485246453619E-16,0.669531,1.05));
#1400 = VECTOR('',#1401,1.);
#1401 = DIRECTION('',(1.,1.224606353822E-16,0.));
#1402 = ORIENTED_EDGE('',*,*,#1403,.F.);
#1403 = EDGE_CURVE('',#1404,#1396,#1406,.T.);
#1404 = VERTEX_POINT('',#1405);
#1405 = CARTESIAN_POINT('',(0.782819,1.469531,1.05));
#1406 = LINE('',#1407,#1408);
#1407 = CARTESIAN_POINT('',(0.782819,5.626344416033E-32,1.05));
#1408 = VECTOR('',#1409,1.);
#1409 = DIRECTION('',(-6.123031769112E-17,-1.,3.08148791102E-33));
#1410 = ORIENTED_EDGE('',*,*,#1411,.F.);
#1411 = EDGE_CURVE('',#1412,#1404,#1414,.T.);
#1412 = VERTEX_POINT('',#1413);
#1413 = CARTESIAN_POINT('',(-1.817181,1.469531,1.05));
#1414 = LINE('',#1415,#1416);
#1415 = CARTESIAN_POINT('',(0.,1.469531,1.05));
#1416 = VECTOR('',#1417,1.);
#1417 = DIRECTION('',(1.,-6.123031769112E-17,0.));
#1418 = ORIENTED_EDGE('',*,*,#1419,.F.);
#1419 = EDGE_CURVE('',#1420,#1412,#1422,.T.);
#1420 = VERTEX_POINT('',#1421);
#1421 = CARTESIAN_POINT('',(-1.817181,0.669531,1.05));
#1422 = LINE('',#1423,#1424);
#1423 = CARTESIAN_POINT('',(-1.817181,6.414081207761E-32,1.05));
#1424 = VECTOR('',#1425,1.);
#1425 = DIRECTION('',(6.123031769112E-17,1.,-3.08148791102E-33));
#1426 = ORIENTED_EDGE('',*,*,#1427,.F.);
#1427 = EDGE_CURVE('',#1428,#1420,#1430,.T.);
#1428 = VERTEX_POINT('',#1429);
#1429 = CARTESIAN_POINT('',(-2.217181,0.669531,1.05));
#1430 = LINE('',#1431,#1432);
#1431 = CARTESIAN_POINT('',(0.,0.669531,1.05));
#1432 = VECTOR('',#1433,1.);
#1433 = DIRECTION('',(1.,0.,0.));
#1434 = ORIENTED_EDGE('',*,*,#1435,.F.);
#1435 = EDGE_CURVE('',#1436,#1428,#1438,.T.);
#1436 = VERTEX_POINT('',#1437);
#1437 = CARTESIAN_POINT('',(-2.217181,2.769531,1.05));
#1438 = LINE('',#1439,#1440);
#1439 = CARTESIAN_POINT('',(-2.217181,-2.715173940174E-16,1.05));
#1440 = VECTOR('',#1441,1.);
#1441 = DIRECTION('',(1.224606353822E-16,-1.,0.));
#1442 = ORIENTED_EDGE('',*,*,#1443,.F.);
#1443 = EDGE_CURVE('',#1444,#1436,#1446,.T.);
#1444 = VERTEX_POINT('',#1445);
#1445 = CARTESIAN_POINT('',(-0.427181,2.769531,1.05));
#1446 = LINE('',#1447,#1448);
#1447 = CARTESIAN_POINT('',(-0.427181,2.769531,1.05));
#1448 = VECTOR('',#1449,1.);
#1449 = DIRECTION('',(-1.,0.,0.));
#1450 = ORIENTED_EDGE('',*,*,#1451,.F.);
#1451 = EDGE_CURVE('',#1452,#1444,#1454,.T.);
#1452 = VERTEX_POINT('',#1453);
#1453 = CARTESIAN_POINT('',(-0.427181,1.769531,1.05));
#1454 = LINE('',#1455,#1456);
#1455 = CARTESIAN_POINT('',(-0.427181,2.669531,1.05));
#1456 = VECTOR('',#1457,1.);
#1457 = DIRECTION('',(2.22044604925E-15,1.,0.));
#1458 = ORIENTED_EDGE('',*,*,#1459,.T.);
#1459 = EDGE_CURVE('',#1452,#1163,#1460,.T.);
#1460 = LINE('',#1461,#1462);
#1461 = CARTESIAN_POINT('',(-1.567181,1.769531,1.05));
#1462 = VECTOR('',#1463,1.);
#1463 = DIRECTION('',(1.,1.224606353822E-16,0.));
#1464 = PLANE('',#1465);
#1465 = AXIS2_PLACEMENT_3D('',#1466,#1467,#1468);
#1466 = CARTESIAN_POINT('',(0.584885317322,2.499492133643,1.05));
#1467 = DIRECTION('',(0.,0.,-1.));
#1468 = DIRECTION('',(-1.,0.,0.));
#1469 = ADVANCED_FACE('',(#1470),#1527,.T.);
#1470 = FACE_BOUND('',#1471,.T.);
#1471 = EDGE_LOOP('',(#1472,#1482,#1490,#1498,#1506,#1514,#1520,#1521));
#1472 = ORIENTED_EDGE('',*,*,#1473,.T.);
#1473 = EDGE_CURVE('',#1474,#1476,#1478,.T.);
#1474 = VERTEX_POINT('',#1475);
#1475 = CARTESIAN_POINT('',(-0.427181,1.769531,1.55));
#1476 = VERTEX_POINT('',#1477);
#1477 = CARTESIAN_POINT('',(-0.427181,2.769531,1.55));
#1478 = LINE('',#1479,#1480);
#1479 = CARTESIAN_POINT('',(-0.427181,-0.230469,1.55));
#1480 = VECTOR('',#1481,1.);
#1481 = DIRECTION('',(-2.057273622291E-16,1.,0.));
#1482 = ORIENTED_EDGE('',*,*,#1483,.F.);
#1483 = EDGE_CURVE('',#1484,#1476,#1486,.T.);
#1484 = VERTEX_POINT('',#1485);
#1485 = CARTESIAN_POINT('',(-1.567181,2.769531,1.55));
#1486 = LINE('',#1487,#1488);
#1487 = CARTESIAN_POINT('',(-1.567181,2.769531,1.55));
#1488 = VECTOR('',#1489,1.);
#1489 = DIRECTION('',(1.,1.224606353822E-16,0.));
#1490 = ORIENTED_EDGE('',*,*,#1491,.F.);
#1491 = EDGE_CURVE('',#1492,#1484,#1494,.T.);
#1492 = VERTEX_POINT('',#1493);
#1493 = CARTESIAN_POINT('',(-1.567181,-0.230469,1.55));
#1494 = LINE('',#1495,#1496);
#1495 = CARTESIAN_POINT('',(-1.567181,-1.91917981019E-16,1.55));
#1496 = VECTOR('',#1497,1.);
#1497 = DIRECTION('',(-1.224606353822E-16,1.,0.));
#1498 = ORIENTED_EDGE('',*,*,#1499,.T.);
#1499 = EDGE_CURVE('',#1492,#1500,#1502,.T.);
#1500 = VERTEX_POINT('',#1501);
#1501 = CARTESIAN_POINT('',(0.782819,-0.230469,1.55));
#1502 = LINE('',#1503,#1504);
#1503 = CARTESIAN_POINT('',(-1.383100735179E-16,-0.230469,1.55));
#1504 = VECTOR('',#1505,1.);
#1505 = DIRECTION('',(1.,1.224606353822E-16,0.));
#1506 = ORIENTED_EDGE('',*,*,#1507,.F.);
#1507 = EDGE_CURVE('',#1508,#1500,#1510,.T.);
#1508 = VERTEX_POINT('',#1509);
#1509 = CARTESIAN_POINT('',(0.782819,2.769531,1.55));
#1510 = LINE('',#1511,#1512);
#1511 = CARTESIAN_POINT('',(0.782819,0.,1.55));
#1512 = VECTOR('',#1513,1.);
#1513 = DIRECTION('',(1.224606353822E-16,-1.,0.));
#1514 = ORIENTED_EDGE('',*,*,#1515,.F.);
#1515 = EDGE_CURVE('',#1147,#1508,#1516,.T.);
#1516 = LINE('',#1517,#1518);
#1517 = CARTESIAN_POINT('',(0.372819,2.769531,1.55));
#1518 = VECTOR('',#1519,1.);
#1519 = DIRECTION('',(1.,2.334829378448E-16,0.));
#1520 = ORIENTED_EDGE('',*,*,#1144,.F.);
#1521 = ORIENTED_EDGE('',*,*,#1522,.F.);
#1522 = EDGE_CURVE('',#1474,#1145,#1523,.T.);
#1523 = LINE('',#1524,#1525);
#1524 = CARTESIAN_POINT('',(-1.567181,1.769531,1.55));
#1525 = VECTOR('',#1526,1.);
#1526 = DIRECTION('',(1.,1.224606353822E-16,0.));
#1527 = PLANE('',#1528);
#1528 = AXIS2_PLACEMENT_3D('',#1529,#1530,#1531);
#1529 = CARTESIAN_POINT('',(-1.567181,2.669531,1.55));
#1530 = DIRECTION('',(0.,0.,1.));
#1531 = DIRECTION('',(-1.224606353822E-16,1.,0.));
#1532 = ADVANCED_FACE('',(#1533),#1551,.T.);
#1533 = FACE_BOUND('',#1534,.T.);
#1534 = EDGE_LOOP('',(#1535,#1543,#1549,#1550));
#1535 = ORIENTED_EDGE('',*,*,#1536,.T.);
#1536 = EDGE_CURVE('',#1039,#1537,#1539,.T.);
#1537 = VERTEX_POINT('',#1538);
#1538 = CARTESIAN_POINT('',(0.147819,-1.530469,2.675));
#1539 = LINE('',#1540,#1541);
#1540 = CARTESIAN_POINT('',(0.147819,-1.530469,8.125));
#1541 = VECTOR('',#1542,1.);
#1542 = DIRECTION('',(0.,0.,1.));
#1543 = ORIENTED_EDGE('',*,*,#1544,.F.);
#1544 = EDGE_CURVE('',#1194,#1537,#1545,.T.);
#1545 = LINE('',#1546,#1547);
#1546 = CARTESIAN_POINT('',(0.147819,-0.372053431462,2.675));
#1547 = VECTOR('',#1548,1.);
#1548 = DIRECTION('',(-2.312964634636E-17,1.,0.));
#1549 = ORIENTED_EDGE('',*,*,#1193,.F.);
#1550 = ORIENTED_EDGE('',*,*,#1048,.T.);
#1551 = PLANE('',#1552);
#1552 = AXIS2_PLACEMENT_3D('',#1553,#1554,#1555);
#1553 = CARTESIAN_POINT('',(0.147819,1.769531,2.325));
#1554 = DIRECTION('',(1.,2.312964634636E-17,0.));
#1555 = DIRECTION('',(2.312964634636E-17,-1.,0.));
#1556 = ADVANCED_FACE('',(#1557),#1589,.T.);
#1557 = FACE_BOUND('',#1558,.T.);
#1558 = EDGE_LOOP('',(#1559,#1569,#1575,#1583));
#1559 = ORIENTED_EDGE('',*,*,#1560,.F.);
#1560 = EDGE_CURVE('',#1561,#1563,#1565,.T.);
#1561 = VERTEX_POINT('',#1562);
#1562 = CARTESIAN_POINT('',(-3.417181,-1.680469,2.675));
#1563 = VERTEX_POINT('',#1564);
#1564 = CARTESIAN_POINT('',(-3.717181,-1.755469,2.6));
#1565 = LINE('',#1566,#1567);
#1566 = CARTESIAN_POINT('',(-2.514773473206E-02,-0.832460683683,
    3.523008316317));
#1567 = VECTOR('',#1568,1.);
#1568 = DIRECTION('',(-0.942809041582,-0.235702260396,-0.235702260396));
#1569 = ORIENTED_EDGE('',*,*,#1570,.F.);
#1570 = EDGE_CURVE('',#1074,#1561,#1571,.T.);
#1571 = LINE('',#1572,#1573);
#1572 = CARTESIAN_POINT('',(-3.417181,-1.680469,2.325));
#1573 = VECTOR('',#1574,1.);
#1574 = DIRECTION('',(0.,0.,1.));
#1575 = ORIENTED_EDGE('',*,*,#1576,.F.);
#1576 = EDGE_CURVE('',#1577,#1074,#1579,.T.);
#1577 = VERTEX_POINT('',#1578);
#1578 = CARTESIAN_POINT('',(-3.717181,-1.755469,2.4));
#1579 = LINE('',#1580,#1581);
#1580 = CARTESIAN_POINT('',(-2.514773473206E-02,-0.832460683683,
    1.476991683683));
#1581 = VECTOR('',#1582,1.);
#1582 = DIRECTION('',(0.942809041582,0.235702260396,-0.235702260396));
#1583 = ORIENTED_EDGE('',*,*,#1584,.T.);
#1584 = EDGE_CURVE('',#1577,#1563,#1585,.T.);
#1585 = LINE('',#1586,#1587);
#1586 = CARTESIAN_POINT('',(-3.717181,-1.755469,2.325));
#1587 = VECTOR('',#1588,1.);
#1588 = DIRECTION('',(0.,0.,1.));
#1589 = PLANE('',#1590);
#1590 = AXIS2_PLACEMENT_3D('',#1591,#1592,#1593);
#1591 = CARTESIAN_POINT('',(-3.717181,-1.755469,2.325));
#1592 = DIRECTION('',(-0.242535625036,0.970142500145,0.));
#1593 = DIRECTION('',(0.970142500145,0.242535625036,0.));
#1594 = ADVANCED_FACE('',(#1595),#1620,.T.);
#1595 = FACE_BOUND('',#1596,.T.);
#1596 = EDGE_LOOP('',(#1597,#1598,#1606,#1614));
#1597 = ORIENTED_EDGE('',*,*,#845,.F.);
#1598 = ORIENTED_EDGE('',*,*,#1599,.T.);
#1599 = EDGE_CURVE('',#846,#1600,#1602,.T.);
#1600 = VERTEX_POINT('',#1601);
#1601 = CARTESIAN_POINT('',(-1.667181,-0.530469,5.4));
#1602 = LINE('',#1603,#1604);
#1603 = CARTESIAN_POINT('',(-1.667181,-0.530469,5.2));
#1604 = VECTOR('',#1605,1.);
#1605 = DIRECTION('',(6.123031769112E-17,0.,1.));
#1606 = ORIENTED_EDGE('',*,*,#1607,.T.);
#1607 = EDGE_CURVE('',#1600,#1608,#1610,.T.);
#1608 = VERTEX_POINT('',#1609);
#1609 = CARTESIAN_POINT('',(-1.717181,-0.363802333333,5.4));
#1610 = LINE('',#1611,#1612);
#1611 = CARTESIAN_POINT('',(-1.8263217,3.354787736916E-16,5.4));
#1612 = VECTOR('',#1613,1.);
#1613 = DIRECTION('',(-0.287347885566,0.957826285221,1.75944023211E-17)
  );
#1614 = ORIENTED_EDGE('',*,*,#1615,.F.);
#1615 = EDGE_CURVE('',#848,#1608,#1616,.T.);
#1616 = LINE('',#1617,#1618);
#1617 = CARTESIAN_POINT('',(-1.717181,-0.363802333333,-8.125));
#1618 = VECTOR('',#1619,1.);
#1619 = DIRECTION('',(-2.573734263564E-31,2.041010589704E-16,1.));
#1620 = PLANE('',#1621);
#1621 = AXIS2_PLACEMENT_3D('',#1622,#1623,#1624);
#1622 = CARTESIAN_POINT('',(-1.667181,-0.530469,5.2));
#1623 = DIRECTION('',(-0.957826285221,-0.287347885566,5.8648007737E-17)
  );
#1624 = DIRECTION('',(0.287347885566,-0.957826285221,-1.75944023211E-17)
  );
#1625 = ADVANCED_FACE('',(#1626),#1651,.T.);
#1626 = FACE_BOUND('',#1627,.T.);
#1627 = EDGE_LOOP('',(#1628,#1636,#1644,#1650));
#1628 = ORIENTED_EDGE('',*,*,#1629,.F.);
#1629 = EDGE_CURVE('',#1630,#1123,#1632,.T.);
#1630 = VERTEX_POINT('',#1631);
#1631 = CARTESIAN_POINT('',(-2.217181,-2.030469,1.05));
#1632 = LINE('',#1633,#1634);
#1633 = CARTESIAN_POINT('',(-2.217181,-2.030469,6.875));
#1634 = VECTOR('',#1635,1.);
#1635 = DIRECTION('',(0.,0.,1.));
#1636 = ORIENTED_EDGE('',*,*,#1637,.F.);
#1637 = EDGE_CURVE('',#1638,#1630,#1640,.T.);
#1638 = VERTEX_POINT('',#1639);
#1639 = CARTESIAN_POINT('',(-1.517181,-2.030469,1.05));
#1640 = LINE('',#1641,#1642);
#1641 = CARTESIAN_POINT('',(8.211907017016E-17,-2.030469,1.05));
#1642 = VECTOR('',#1643,1.);
#1643 = DIRECTION('',(-1.,-1.224606353822E-16,0.));
#1644 = ORIENTED_EDGE('',*,*,#1645,.T.);
#1645 = EDGE_CURVE('',#1638,#1105,#1646,.T.);
#1646 = LINE('',#1647,#1648);
#1647 = CARTESIAN_POINT('',(-1.517181,-2.030469,1.875));
#1648 = VECTOR('',#1649,1.);
#1649 = DIRECTION('',(0.,0.,1.));
#1650 = ORIENTED_EDGE('',*,*,#1130,.F.);
#1651 = PLANE('',#1652);
#1652 = AXIS2_PLACEMENT_3D('',#1653,#1654,#1655);
#1653 = CARTESIAN_POINT('',(-2.217181,-2.030469,2.224));
#1654 = DIRECTION('',(0.,-1.,8.881784197001E-15));
#1655 = DIRECTION('',(0.,-8.881784197001E-15,-1.));
#1656 = ADVANCED_FACE('',(#1657),#1682,.F.);
#1657 = FACE_BOUND('',#1658,.T.);
#1658 = EDGE_LOOP('',(#1659,#1667,#1668,#1676));
#1659 = ORIENTED_EDGE('',*,*,#1660,.T.);
#1660 = EDGE_CURVE('',#1661,#938,#1663,.T.);
#1661 = VERTEX_POINT('',#1662);
#1662 = CARTESIAN_POINT('',(-1.717181,0.669531,0.84));
#1663 = LINE('',#1664,#1665);
#1664 = CARTESIAN_POINT('',(-1.717181,0.,0.84));
#1665 = VECTOR('',#1666,1.);
#1666 = DIRECTION('',(1.387778780781E-15,-1.,0.));
#1667 = ORIENTED_EDGE('',*,*,#937,.F.);
#1668 = ORIENTED_EDGE('',*,*,#1669,.F.);
#1669 = EDGE_CURVE('',#1670,#930,#1672,.T.);
#1670 = VERTEX_POINT('',#1671);
#1671 = CARTESIAN_POINT('',(-1.417181,0.669531,0.84));
#1672 = LINE('',#1673,#1674);
#1673 = CARTESIAN_POINT('',(-1.417181,0.,0.84));
#1674 = VECTOR('',#1675,1.);
#1675 = DIRECTION('',(0.,-1.,0.));
#1676 = ORIENTED_EDGE('',*,*,#1677,.T.);
#1677 = EDGE_CURVE('',#1670,#1661,#1678,.T.);
#1678 = LINE('',#1679,#1680);
#1679 = CARTESIAN_POINT('',(-1.417181,0.669531,0.84));
#1680 = VECTOR('',#1681,1.);
#1681 = DIRECTION('',(-1.,0.,0.));
#1682 = PLANE('',#1683);
#1683 = AXIS2_PLACEMENT_3D('',#1684,#1685,#1686);
#1684 = CARTESIAN_POINT('',(-1.717181,-2.5104714,0.84));
#1685 = DIRECTION('',(0.,0.,-1.));
#1686 = DIRECTION('',(1.,1.224606353822E-16,0.));
#1687 = ADVANCED_FACE('',(#1688),#1713,.T.);
#1688 = FACE_BOUND('',#1689,.T.);
#1689 = EDGE_LOOP('',(#1690,#1698,#1706,#1712));
#1690 = ORIENTED_EDGE('',*,*,#1691,.F.);
#1691 = EDGE_CURVE('',#1692,#1577,#1694,.T.);
#1692 = VERTEX_POINT('',#1693);
#1693 = CARTESIAN_POINT('',(-3.717181,-1.955469,2.4));
#1694 = LINE('',#1695,#1696);
#1695 = CARTESIAN_POINT('',(-3.717181,-0.372053431462,2.4));
#1696 = VECTOR('',#1697,1.);
#1697 = DIRECTION('',(0.,1.,0.));
#1698 = ORIENTED_EDGE('',*,*,#1699,.T.);
#1699 = EDGE_CURVE('',#1692,#1700,#1702,.T.);
#1700 = VERTEX_POINT('',#1701);
#1701 = CARTESIAN_POINT('',(-3.717181,-1.955469,2.6));
#1702 = LINE('',#1703,#1704);
#1703 = CARTESIAN_POINT('',(-3.717181,-1.955469,2.325));
#1704 = VECTOR('',#1705,1.);
#1705 = DIRECTION('',(0.,0.,1.));
#1706 = ORIENTED_EDGE('',*,*,#1707,.F.);
#1707 = EDGE_CURVE('',#1563,#1700,#1708,.T.);
#1708 = LINE('',#1709,#1710);
#1709 = CARTESIAN_POINT('',(-3.717181,-0.372053431462,2.6));
#1710 = VECTOR('',#1711,1.);
#1711 = DIRECTION('',(0.,-1.,0.));
#1712 = ORIENTED_EDGE('',*,*,#1584,.F.);
#1713 = PLANE('',#1714);
#1714 = AXIS2_PLACEMENT_3D('',#1715,#1716,#1717);
#1715 = CARTESIAN_POINT('',(-3.717181,-1.955469,2.325));
#1716 = DIRECTION('',(-1.,0.,0.));
#1717 = DIRECTION('',(0.,1.,0.));
#1718 = ADVANCED_FACE('',(#1719),#1753,.F.);
#1719 = FACE_BOUND('',#1720,.T.);
#1720 = EDGE_LOOP('',(#1721,#1731,#1739,#1747));
#1721 = ORIENTED_EDGE('',*,*,#1722,.F.);
#1722 = EDGE_CURVE('',#1723,#1725,#1727,.T.);
#1723 = VERTEX_POINT('',#1724);
#1724 = CARTESIAN_POINT('',(-1.717181,0.669531,0.85));
#1725 = VERTEX_POINT('',#1726);
#1726 = CARTESIAN_POINT('',(-1.717181,0.669531,1.05));
#1727 = LINE('',#1728,#1729);
#1728 = CARTESIAN_POINT('',(-1.717181,0.669531,8.125));
#1729 = VECTOR('',#1730,1.);
#1730 = DIRECTION('',(-4.789594360485E-48,3.749151804555E-33,1.));
#1731 = ORIENTED_EDGE('',*,*,#1732,.T.);
#1732 = EDGE_CURVE('',#1723,#1733,#1735,.T.);
#1733 = VERTEX_POINT('',#1734);
#1734 = CARTESIAN_POINT('',(-1.667181,0.669531,0.85));
#1735 = LINE('',#1736,#1737);
#1736 = CARTESIAN_POINT('',(-3.107881790462E-15,0.669531,0.85));
#1737 = VECTOR('',#1738,1.);
#1738 = DIRECTION('',(1.,-6.123031769112E-17,-6.123031769112E-17));
#1739 = ORIENTED_EDGE('',*,*,#1740,.T.);
#1740 = EDGE_CURVE('',#1733,#1741,#1743,.T.);
#1741 = VERTEX_POINT('',#1742);
#1742 = CARTESIAN_POINT('',(-1.667181,0.669531,1.05));
#1743 = LINE('',#1744,#1745);
#1744 = CARTESIAN_POINT('',(-1.667181,0.669531,15.625));
#1745 = VECTOR('',#1746,1.);
#1746 = DIRECTION('',(6.123031769112E-17,-6.162975822039E-33,1.));
#1747 = ORIENTED_EDGE('',*,*,#1748,.F.);
#1748 = EDGE_CURVE('',#1725,#1741,#1749,.T.);
#1749 = LINE('',#1750,#1751);
#1750 = CARTESIAN_POINT('',(0.,0.669531,1.05));
#1751 = VECTOR('',#1752,1.);
#1752 = DIRECTION('',(1.,-6.123031769112E-17,0.));
#1753 = PLANE('',#1754);
#1754 = AXIS2_PLACEMENT_3D('',#1755,#1756,#1757);
#1755 = CARTESIAN_POINT('',(-1.74283400696,0.669531,0.934510345015));
#1756 = DIRECTION('',(6.123031769112E-17,1.,-3.749151804555E-33));
#1757 = DIRECTION('',(-1.,6.123031769112E-17,6.123031769112E-17));
#1758 = ADVANCED_FACE('',(#1759),#1770,.F.);
#1759 = FACE_BOUND('',#1760,.T.);
#1760 = EDGE_LOOP('',(#1761,#1762,#1763,#1769));
#1761 = ORIENTED_EDGE('',*,*,#1576,.T.);
#1762 = ORIENTED_EDGE('',*,*,#1073,.T.);
#1763 = ORIENTED_EDGE('',*,*,#1764,.T.);
#1764 = EDGE_CURVE('',#1066,#1692,#1765,.T.);
#1765 = LINE('',#1766,#1767);
#1766 = CARTESIAN_POINT('',(-2.514773473206E-02,-2.878477316317,
    1.476991683683));
#1767 = VECTOR('',#1768,1.);
#1768 = DIRECTION('',(-0.942809041582,0.235702260396,0.235702260396));
#1769 = ORIENTED_EDGE('',*,*,#1691,.T.);
#1770 = PLANE('',#1771);
#1771 = AXIS2_PLACEMENT_3D('',#1772,#1773,#1774);
#1772 = CARTESIAN_POINT('',(-3.417181,-2.4404714,2.325));
#1773 = DIRECTION('',(0.242535625036,0.,0.970142500145));
#1774 = DIRECTION('',(-0.970142500145,0.,0.242535625036));
#1775 = ADVANCED_FACE('',(#1776),#1808,.T.);
#1776 = FACE_BOUND('',#1777,.T.);
#1777 = EDGE_LOOP('',(#1778,#1786,#1787,#1793,#1794,#1802));
#1778 = ORIENTED_EDGE('',*,*,#1779,.F.);
#1779 = EDGE_CURVE('',#1484,#1780,#1782,.T.);
#1780 = VERTEX_POINT('',#1781);
#1781 = CARTESIAN_POINT('',(-1.567181,2.769531,2.025));
#1782 = LINE('',#1783,#1784);
#1783 = CARTESIAN_POINT('',(-1.567181,2.769531,1.55));
#1784 = VECTOR('',#1785,1.);
#1785 = DIRECTION('',(0.,0.,1.));
#1786 = ORIENTED_EDGE('',*,*,#1483,.T.);
#1787 = ORIENTED_EDGE('',*,*,#1788,.F.);
#1788 = EDGE_CURVE('',#1444,#1476,#1789,.T.);
#1789 = LINE('',#1790,#1791);
#1790 = CARTESIAN_POINT('',(-0.427181,2.769531,1.05));
#1791 = VECTOR('',#1792,1.);
#1792 = DIRECTION('',(0.,0.,1.));
#1793 = ORIENTED_EDGE('',*,*,#1443,.T.);
#1794 = ORIENTED_EDGE('',*,*,#1795,.F.);
#1795 = EDGE_CURVE('',#1796,#1436,#1798,.T.);
#1796 = VERTEX_POINT('',#1797);
#1797 = CARTESIAN_POINT('',(-2.217181,2.769531,2.025));
#1798 = LINE('',#1799,#1800);
#1799 = CARTESIAN_POINT('',(-2.217181,2.769531,2.025));
#1800 = VECTOR('',#1801,1.);
#1801 = DIRECTION('',(0.,0.,-1.));
#1802 = ORIENTED_EDGE('',*,*,#1803,.T.);
#1803 = EDGE_CURVE('',#1796,#1780,#1804,.T.);
#1804 = LINE('',#1805,#1806);
#1805 = CARTESIAN_POINT('',(-2.217181,2.769531,2.025));
#1806 = VECTOR('',#1807,1.);
#1807 = DIRECTION('',(1.,0.,0.));
#1808 = PLANE('',#1809);
#1809 = AXIS2_PLACEMENT_3D('',#1810,#1811,#1812);
#1810 = CARTESIAN_POINT('',(-1.567181,2.769531,1.55));
#1811 = DIRECTION('',(-1.224606353822E-16,1.,4.440892098501E-15));
#1812 = DIRECTION('',(-5.438344680463E-31,4.440892098501E-15,-1.));
#1813 = ADVANCED_FACE('',(#1814),#1825,.T.);
#1814 = FACE_BOUND('',#1815,.T.);
#1815 = EDGE_LOOP('',(#1816,#1817,#1818,#1819));
#1816 = ORIENTED_EDGE('',*,*,#1522,.T.);
#1817 = ORIENTED_EDGE('',*,*,#1170,.T.);
#1818 = ORIENTED_EDGE('',*,*,#1459,.F.);
#1819 = ORIENTED_EDGE('',*,*,#1820,.F.);
#1820 = EDGE_CURVE('',#1474,#1452,#1821,.T.);
#1821 = LINE('',#1822,#1823);
#1822 = CARTESIAN_POINT('',(-0.427181,1.769531,1.55));
#1823 = VECTOR('',#1824,1.);
#1824 = DIRECTION('',(0.,0.,-1.));
#1825 = PLANE('',#1826);
#1826 = AXIS2_PLACEMENT_3D('',#1827,#1828,#1829);
#1827 = CARTESIAN_POINT('',(0.372819,1.769531,1.55));
#1828 = DIRECTION('',(-1.224606353822E-16,1.,0.));
#1829 = DIRECTION('',(-1.,-1.224606353822E-16,0.));
#1830 = ADVANCED_FACE('',(#1831),#1856,.F.);
#1831 = FACE_BOUND('',#1832,.T.);
#1832 = EDGE_LOOP('',(#1833,#1841,#1842,#1850));
#1833 = ORIENTED_EDGE('',*,*,#1834,.F.);
#1834 = EDGE_CURVE('',#1780,#1835,#1837,.T.);
#1835 = VERTEX_POINT('',#1836);
#1836 = CARTESIAN_POINT('',(-1.567181,0.969531,2.025));
#1837 = LINE('',#1838,#1839);
#1838 = CARTESIAN_POINT('',(-1.567181,-1.91917981019E-16,2.025));
#1839 = VECTOR('',#1840,1.);
#1840 = DIRECTION('',(1.224606353822E-16,-1.,0.));
#1841 = ORIENTED_EDGE('',*,*,#1803,.F.);
#1842 = ORIENTED_EDGE('',*,*,#1843,.T.);
#1843 = EDGE_CURVE('',#1796,#1844,#1846,.T.);
#1844 = VERTEX_POINT('',#1845);
#1845 = CARTESIAN_POINT('',(-2.217181,0.969531,2.025));
#1846 = LINE('',#1847,#1848);
#1847 = CARTESIAN_POINT('',(-2.217181,0.,2.025));
#1848 = VECTOR('',#1849,1.);
#1849 = DIRECTION('',(0.,-1.,0.));
#1850 = ORIENTED_EDGE('',*,*,#1851,.T.);
#1851 = EDGE_CURVE('',#1844,#1835,#1852,.T.);
#1852 = LINE('',#1853,#1854);
#1853 = CARTESIAN_POINT('',(-2.217181,0.969531,2.025));
#1854 = VECTOR('',#1855,1.);
#1855 = DIRECTION('',(1.,0.,0.));
#1856 = PLANE('',#1857);
#1857 = AXIS2_PLACEMENT_3D('',#1858,#1859,#1860);
#1858 = CARTESIAN_POINT('',(-2.217181,1.169531,2.025));
#1859 = DIRECTION('',(0.,0.,-1.));
#1860 = DIRECTION('',(0.,1.,0.));
#1861 = ADVANCED_FACE('',(#1862),#1943,.T.);
#1862 = FACE_BOUND('',#1863,.T.);
#1863 = EDGE_LOOP('',(#1864,#1872,#1873,#1874,#1880,#1881,#1889,#1897,
    #1905,#1913,#1921,#1929,#1937));
#1864 = ORIENTED_EDGE('',*,*,#1865,.T.);
#1865 = EDGE_CURVE('',#1866,#946,#1868,.T.);
#1866 = VERTEX_POINT('',#1867);
#1867 = CARTESIAN_POINT('',(-1.717181,-0.780469,1.05));
#1868 = LINE('',#1869,#1870);
#1869 = CARTESIAN_POINT('',(-1.717181,0.,1.05));
#1870 = VECTOR('',#1871,1.);
#1871 = DIRECTION('',(1.387778780781E-15,-1.,0.));
#1872 = ORIENTED_EDGE('',*,*,#945,.T.);
#1873 = ORIENTED_EDGE('',*,*,#1660,.F.);
#1874 = ORIENTED_EDGE('',*,*,#1875,.F.);
#1875 = EDGE_CURVE('',#1723,#1661,#1876,.T.);
#1876 = LINE('',#1877,#1878);
#1877 = CARTESIAN_POINT('',(-1.717181,0.669531,1.05));
#1878 = VECTOR('',#1879,1.);
#1879 = DIRECTION('',(0.,0.,-1.));
#1880 = ORIENTED_EDGE('',*,*,#1722,.T.);
#1881 = ORIENTED_EDGE('',*,*,#1882,.T.);
#1882 = EDGE_CURVE('',#1725,#1883,#1885,.T.);
#1883 = VERTEX_POINT('',#1884);
#1884 = CARTESIAN_POINT('',(-1.717181,-3.0469E-02,1.05));
#1885 = LINE('',#1886,#1887);
#1886 = CARTESIAN_POINT('',(-1.717181,0.,1.05));
#1887 = VECTOR('',#1888,1.);
#1888 = DIRECTION('',(1.387778780781E-15,-1.,0.));
#1889 = ORIENTED_EDGE('',*,*,#1890,.T.);
#1890 = EDGE_CURVE('',#1883,#1891,#1893,.T.);
#1891 = VERTEX_POINT('',#1892);
#1892 = CARTESIAN_POINT('',(-1.717181,-3.0469E-02,0.85));
#1893 = LINE('',#1894,#1895);
#1894 = CARTESIAN_POINT('',(-1.717181,-3.0469E-02,8.125));
#1895 = VECTOR('',#1896,1.);
#1896 = DIRECTION('',(4.789594360485E-48,-3.749151804555E-33,-1.));
#1897 = ORIENTED_EDGE('',*,*,#1898,.F.);
#1898 = EDGE_CURVE('',#1899,#1891,#1901,.T.);
#1899 = VERTEX_POINT('',#1900);
#1900 = CARTESIAN_POINT('',(-1.717181,-0.363802333333,0.85));
#1901 = LINE('',#1902,#1903);
#1902 = CARTESIAN_POINT('',(-1.717181,0.,0.85));
#1903 = VECTOR('',#1904,1.);
#1904 = DIRECTION('',(-1.387778780781E-15,1.,9.860761315263E-32));
#1905 = ORIENTED_EDGE('',*,*,#1906,.T.);
#1906 = EDGE_CURVE('',#1899,#1907,#1909,.T.);
#1907 = VERTEX_POINT('',#1908);
#1908 = CARTESIAN_POINT('',(-1.717181,-0.363802333333,1.05));
#1909 = LINE('',#1910,#1911);
#1910 = CARTESIAN_POINT('',(-1.717181,-0.363802333333,8.125));
#1911 = VECTOR('',#1912,1.);
#1912 = DIRECTION('',(-2.841831582685E-31,2.041010589704E-16,1.));
#1913 = ORIENTED_EDGE('',*,*,#1914,.T.);
#1914 = EDGE_CURVE('',#1907,#1915,#1917,.T.);
#1915 = VERTEX_POINT('',#1916);
#1916 = CARTESIAN_POINT('',(-1.717181,-0.530469,1.05));
#1917 = LINE('',#1918,#1919);
#1918 = CARTESIAN_POINT('',(-1.717181,0.,1.05));
#1919 = VECTOR('',#1920,1.);
#1920 = DIRECTION('',(1.387778780781E-15,-1.,0.));
#1921 = ORIENTED_EDGE('',*,*,#1922,.T.);
#1922 = EDGE_CURVE('',#1915,#1923,#1925,.T.);
#1923 = VERTEX_POINT('',#1924);
#1924 = CARTESIAN_POINT('',(-1.717181,-0.530469,0.85));
#1925 = LINE('',#1926,#1927);
#1926 = CARTESIAN_POINT('',(-1.717181,-0.530469,8.125));
#1927 = VECTOR('',#1928,1.);
#1928 = DIRECTION('',(4.789594360485E-48,-3.749151804555E-33,-1.));
#1929 = ORIENTED_EDGE('',*,*,#1930,.F.);
#1930 = EDGE_CURVE('',#1931,#1923,#1933,.T.);
#1931 = VERTEX_POINT('',#1932);
#1932 = CARTESIAN_POINT('',(-1.717181,-0.780469,0.85));
#1933 = LINE('',#1934,#1935);
#1934 = CARTESIAN_POINT('',(-1.717181,0.,0.85));
#1935 = VECTOR('',#1936,1.);
#1936 = DIRECTION('',(-1.387778780781E-15,1.,9.860761315263E-32));
#1937 = ORIENTED_EDGE('',*,*,#1938,.T.);
#1938 = EDGE_CURVE('',#1931,#1866,#1939,.T.);
#1939 = LINE('',#1940,#1941);
#1940 = CARTESIAN_POINT('',(-1.717181,-0.780469,8.125));
#1941 = VECTOR('',#1942,1.);
#1942 = DIRECTION('',(-4.242393087081E-31,3.061515884556E-16,1.));
#1943 = PLANE('',#1944);
#1944 = AXIS2_PLACEMENT_3D('',#1945,#1946,#1947);
#1945 = CARTESIAN_POINT('',(-1.717181,0.569531,1.05));
#1946 = DIRECTION('',(1.,1.387778780781E-15,0.));
#1947 = DIRECTION('',(-1.387778780781E-15,1.,0.));
#1948 = ADVANCED_FACE('',(#1949),#1983,.F.);
#1949 = FACE_BOUND('',#1950,.T.);
#1950 = EDGE_LOOP('',(#1951,#1961,#1969,#1977));
#1951 = ORIENTED_EDGE('',*,*,#1952,.T.);
#1952 = EDGE_CURVE('',#1953,#1955,#1957,.T.);
#1953 = VERTEX_POINT('',#1954);
#1954 = CARTESIAN_POINT('',(0.632819,-3.0469E-02,1.05));
#1955 = VERTEX_POINT('',#1956);
#1956 = CARTESIAN_POINT('',(0.632819,-3.0469E-02,0.85));
#1957 = LINE('',#1958,#1959);
#1958 = CARTESIAN_POINT('',(0.632819,-3.0469E-02,1.05));
#1959 = VECTOR('',#1960,1.);
#1960 = DIRECTION('',(-6.123031769112E-17,0.,-1.));
#1961 = ORIENTED_EDGE('',*,*,#1962,.F.);
#1962 = EDGE_CURVE('',#1963,#1955,#1965,.T.);
#1963 = VERTEX_POINT('',#1964);
#1964 = CARTESIAN_POINT('',(0.632819,0.669531,0.85));
#1965 = LINE('',#1966,#1967);
#1966 = CARTESIAN_POINT('',(0.632819,-3.874770841098E-17,0.85));
#1967 = VECTOR('',#1968,1.);
#1968 = DIRECTION('',(-6.123031769112E-17,-1.,0.));
#1969 = ORIENTED_EDGE('',*,*,#1970,.F.);
#1970 = EDGE_CURVE('',#1971,#1963,#1973,.T.);
#1971 = VERTEX_POINT('',#1972);
#1972 = CARTESIAN_POINT('',(0.632819,0.669531,1.05));
#1973 = LINE('',#1974,#1975);
#1974 = CARTESIAN_POINT('',(0.632819,0.669531,15.625));
#1975 = VECTOR('',#1976,1.);
#1976 = DIRECTION('',(-6.123031769112E-17,6.162975822039E-33,-1.));
#1977 = ORIENTED_EDGE('',*,*,#1978,.F.);
#1978 = EDGE_CURVE('',#1953,#1971,#1979,.T.);
#1979 = LINE('',#1980,#1981);
#1980 = CARTESIAN_POINT('',(0.632819,0.,1.05));
#1981 = VECTOR('',#1982,1.);
#1982 = DIRECTION('',(6.123031769112E-17,1.,0.));
#1983 = PLANE('',#1984);
#1984 = AXIS2_PLACEMENT_3D('',#1985,#1986,#1987);
#1985 = CARTESIAN_POINT('',(0.632819,0.669531,1.05));
#1986 = DIRECTION('',(-1.,6.123031769112E-17,6.123031769112E-17));
#1987 = DIRECTION('',(6.123031769112E-17,1.,0.));
#1988 = ADVANCED_FACE('',(#1989),#2014,.F.);
#1989 = FACE_BOUND('',#1990,.T.);
#1990 = EDGE_LOOP('',(#1991,#2001,#2007,#2008));
#1991 = ORIENTED_EDGE('',*,*,#1992,.T.);
#1992 = EDGE_CURVE('',#1993,#1995,#1997,.T.);
#1993 = VERTEX_POINT('',#1994);
#1994 = CARTESIAN_POINT('',(-1.667181,-3.0469E-02,1.05));
#1995 = VERTEX_POINT('',#1996);
#1996 = CARTESIAN_POINT('',(-1.667181,-3.0469E-02,0.85));
#1997 = LINE('',#1998,#1999);
#1998 = CARTESIAN_POINT('',(-1.667181,-3.0469E-02,1.05));
#1999 = VECTOR('',#2000,1.);
#2000 = DIRECTION('',(-6.123031769112E-17,0.,-1.));
#2001 = ORIENTED_EDGE('',*,*,#2002,.F.);
#2002 = EDGE_CURVE('',#1891,#1995,#2003,.T.);
#2003 = LINE('',#2004,#2005);
#2004 = CARTESIAN_POINT('',(-2.977677122213E-15,-3.0469E-02,0.85));
#2005 = VECTOR('',#2006,1.);
#2006 = DIRECTION('',(1.,-6.123031769112E-17,-6.123031769112E-17));
#2007 = ORIENTED_EDGE('',*,*,#1890,.F.);
#2008 = ORIENTED_EDGE('',*,*,#2009,.F.);
#2009 = EDGE_CURVE('',#1993,#1883,#2010,.T.);
#2010 = LINE('',#2011,#2012);
#2011 = CARTESIAN_POINT('',(0.,-3.0469E-02,1.05));
#2012 = VECTOR('',#2013,1.);
#2013 = DIRECTION('',(-1.,6.123031769112E-17,0.));
#2014 = PLANE('',#2015);
#2015 = AXIS2_PLACEMENT_3D('',#2016,#2017,#2018);
#2016 = CARTESIAN_POINT('',(-1.817181,-3.0469E-02,1.05));
#2017 = DIRECTION('',(-6.123031769112E-17,-1.,3.749151804555E-33));
#2018 = DIRECTION('',(-1.,6.123031769112E-17,6.123031769112E-17));
#2019 = ADVANCED_FACE('',(#2020),#2043,.T.);
#2020 = FACE_BOUND('',#2021,.T.);
#2021 = EDGE_LOOP('',(#2022,#2029,#2037));
#2022 = ORIENTED_EDGE('',*,*,#2023,.F.);
#2023 = EDGE_CURVE('',#1243,#1219,#2024,.T.);
#2024 = CIRCLE('',#2025,0.4);
#2025 = AXIS2_PLACEMENT_3D('',#2026,#2027,#2028);
#2026 = CARTESIAN_POINT('',(0.782819,-2.030469,1.45));
#2027 = DIRECTION('',(1.224606353822E-16,-1.,0.));
#2028 = DIRECTION('',(1.,1.224606353822E-16,0.));
#2029 = ORIENTED_EDGE('',*,*,#2030,.F.);
#2030 = EDGE_CURVE('',#2031,#1243,#2033,.T.);
#2031 = VERTEX_POINT('',#2032);
#2032 = CARTESIAN_POINT('',(1.182819,-2.030469,1.05));
#2033 = LINE('',#2034,#2035);
#2034 = CARTESIAN_POINT('',(8.211907017016E-17,-2.030469,1.05));
#2035 = VECTOR('',#2036,1.);
#2036 = DIRECTION('',(-1.,-1.224606353822E-16,0.));
#2037 = ORIENTED_EDGE('',*,*,#2038,.F.);
#2038 = EDGE_CURVE('',#1219,#2031,#2039,.T.);
#2039 = LINE('',#2040,#2041);
#2040 = CARTESIAN_POINT('',(1.182819,-2.030469,1.55));
#2041 = VECTOR('',#2042,1.);
#2042 = DIRECTION('',(0.,0.,-1.));
#2043 = PLANE('',#2044);
#2044 = AXIS2_PLACEMENT_3D('',#2045,#2046,#2047);
#2045 = CARTESIAN_POINT('',(-0.268395264475,-2.030469,2.003176035988));
#2046 = DIRECTION('',(1.224606353822E-16,-1.,0.));
#2047 = DIRECTION('',(1.,1.224606353822E-16,0.));
#2048 = ADVANCED_FACE('',(#2049),#2074,.F.);
#2049 = FACE_BOUND('',#2050,.T.);
#2050 = EDGE_LOOP('',(#2051,#2052,#2060,#2068));
#2051 = ORIENTED_EDGE('',*,*,#1906,.F.);
#2052 = ORIENTED_EDGE('',*,*,#2053,.F.);
#2053 = EDGE_CURVE('',#2054,#1899,#2056,.T.);
#2054 = VERTEX_POINT('',#2055);
#2055 = CARTESIAN_POINT('',(-1.667181,-0.530469,0.85));
#2056 = LINE('',#2057,#2058);
#2057 = CARTESIAN_POINT('',(-1.8263217,1.118262578972E-16,0.85));
#2058 = VECTOR('',#2059,1.);
#2059 = DIRECTION('',(-0.287347885566,0.957826285221,1.75944023211E-17)
  );
#2060 = ORIENTED_EDGE('',*,*,#2061,.F.);
#2061 = EDGE_CURVE('',#2062,#2054,#2064,.T.);
#2062 = VERTEX_POINT('',#2063);
#2063 = CARTESIAN_POINT('',(-1.667181,-0.530469,1.05));
#2064 = LINE('',#2065,#2066);
#2065 = CARTESIAN_POINT('',(-1.667181,-0.530469,1.05));
#2066 = VECTOR('',#2067,1.);
#2067 = DIRECTION('',(-6.123031769112E-17,0.,-1.));
#2068 = ORIENTED_EDGE('',*,*,#2069,.F.);
#2069 = EDGE_CURVE('',#1907,#2062,#2070,.T.);
#2070 = LINE('',#2071,#2072);
#2071 = CARTESIAN_POINT('',(-1.8263217,0.,1.05));
#2072 = VECTOR('',#2073,1.);
#2073 = DIRECTION('',(0.287347885566,-0.957826285221,0.));
#2074 = PLANE('',#2075);
#2075 = AXIS2_PLACEMENT_3D('',#2076,#2077,#2078);
#2076 = CARTESIAN_POINT('',(-1.667181,-0.530469,1.05));
#2077 = DIRECTION('',(0.957826285221,0.287347885566,-5.8648007737E-17));
#2078 = DIRECTION('',(0.287347885566,-0.957826285221,-1.75944023211E-17)
  );
#2079 = ADVANCED_FACE('',(#2080),#2114,.T.);
#2080 = FACE_BOUND('',#2081,.T.);
#2081 = EDGE_LOOP('',(#2082,#2092,#2100,#2108));
#2082 = ORIENTED_EDGE('',*,*,#2083,.T.);
#2083 = EDGE_CURVE('',#2084,#2086,#2088,.T.);
#2084 = VERTEX_POINT('',#2085);
#2085 = CARTESIAN_POINT('',(0.982819,1.469531,0.65));
#2086 = VERTEX_POINT('',#2087);
#2087 = CARTESIAN_POINT('',(0.982819,1.469531,0.55));
#2088 = LINE('',#2089,#2090);
#2089 = CARTESIAN_POINT('',(0.982819,1.469531,15.625));
#2090 = VECTOR('',#2091,1.);
#2091 = DIRECTION('',(-6.123031769112E-17,6.162975822039E-33,-1.));
#2092 = ORIENTED_EDGE('',*,*,#2093,.T.);
#2093 = EDGE_CURVE('',#2086,#2094,#2096,.T.);
#2094 = VERTEX_POINT('',#2095);
#2095 = CARTESIAN_POINT('',(0.982819,0.669531,0.55));
#2096 = LINE('',#2097,#2098);
#2097 = CARTESIAN_POINT('',(0.982819,1.469531,0.55));
#2098 = VECTOR('',#2099,1.);
#2099 = DIRECTION('',(-6.123031769112E-17,-1.,0.));
#2100 = ORIENTED_EDGE('',*,*,#2101,.T.);
#2101 = EDGE_CURVE('',#2094,#2102,#2104,.T.);
#2102 = VERTEX_POINT('',#2103);
#2103 = CARTESIAN_POINT('',(0.982819,0.669531,0.65));
#2104 = LINE('',#2105,#2106);
#2105 = CARTESIAN_POINT('',(0.982819,0.669531,8.125));
#2106 = VECTOR('',#2107,1.);
#2107 = DIRECTION('',(6.123031769112E-17,3.08148791102E-32,1.));
#2108 = ORIENTED_EDGE('',*,*,#2109,.T.);
#2109 = EDGE_CURVE('',#2102,#2084,#2110,.T.);
#2110 = LINE('',#2111,#2112);
#2111 = CARTESIAN_POINT('',(0.982819,-1.224606353822E-17,0.65));
#2112 = VECTOR('',#2113,1.);
#2113 = DIRECTION('',(6.123031769112E-17,1.,-6.162975822039E-33));
#2114 = PLANE('',#2115);
#2115 = AXIS2_PLACEMENT_3D('',#2116,#2117,#2118);
#2116 = CARTESIAN_POINT('',(0.982819,1.469531,0.55));
#2117 = DIRECTION('',(-1.,6.123031769112E-17,6.123031769112E-17));
#2118 = DIRECTION('',(-6.123031769112E-17,0.,-1.));
#2119 = ADVANCED_FACE('',(#2120),#2145,.T.);
#2120 = FACE_BOUND('',#2121,.T.);
#2121 = EDGE_LOOP('',(#2122,#2130,#2138,#2144));
#2122 = ORIENTED_EDGE('',*,*,#2123,.F.);
#2123 = EDGE_CURVE('',#2124,#1217,#2126,.T.);
#2124 = VERTEX_POINT('',#2125);
#2125 = CARTESIAN_POINT('',(1.182819,-1.530469,2.324));
#2126 = LINE('',#2127,#2128);
#2127 = CARTESIAN_POINT('',(1.182819,1.448487662822E-16,2.324));
#2128 = VECTOR('',#2129,1.);
#2129 = DIRECTION('',(1.224606353822E-16,-1.,0.));
#2130 = ORIENTED_EDGE('',*,*,#2131,.F.);
#2131 = EDGE_CURVE('',#2132,#2124,#2134,.T.);
#2132 = VERTEX_POINT('',#2133);
#2133 = CARTESIAN_POINT('',(-1.017181,-1.530469,2.324));
#2134 = LINE('',#2135,#2136);
#2135 = CARTESIAN_POINT('',(0.,-1.530469,2.324));
#2136 = VECTOR('',#2137,1.);
#2137 = DIRECTION('',(1.,1.224606353822E-16,0.));
#2138 = ORIENTED_EDGE('',*,*,#2139,.F.);
#2139 = EDGE_CURVE('',#1227,#2132,#2140,.T.);
#2140 = LINE('',#2141,#2142);
#2141 = CARTESIAN_POINT('',(-1.017181,-1.245646315587E-16,2.324));
#2142 = VECTOR('',#2143,1.);
#2143 = DIRECTION('',(-1.224606353822E-16,1.,0.));
#2144 = ORIENTED_EDGE('',*,*,#1226,.F.);
#2145 = PLANE('',#2146);
#2146 = AXIS2_PLACEMENT_3D('',#2147,#2148,#2149);
#2147 = CARTESIAN_POINT('',(1.182819,-1.930469,2.324));
#2148 = DIRECTION('',(-2.175337872185E-30,1.7763568394E-14,1.));
#2149 = DIRECTION('',(-1.224606353822E-16,1.,-1.7763568394E-14));
#2150 = ADVANCED_FACE('',(#2151),#2185,.F.);
#2151 = FACE_BOUND('',#2152,.T.);
#2152 = EDGE_LOOP('',(#2153,#2163,#2171,#2179));
#2153 = ORIENTED_EDGE('',*,*,#2154,.T.);
#2154 = EDGE_CURVE('',#2155,#2157,#2159,.T.);
#2155 = VERTEX_POINT('',#2156);
#2156 = CARTESIAN_POINT('',(-2.217181,-2.030469,2.676));
#2157 = VERTEX_POINT('',#2158);
#2158 = CARTESIAN_POINT('',(-2.217181,-1.530469,2.676));
#2159 = LINE('',#2160,#2161);
#2160 = CARTESIAN_POINT('',(-2.217181,-2.030469,2.676));
#2161 = VECTOR('',#2162,1.);
#2162 = DIRECTION('',(0.,1.,0.));
#2163 = ORIENTED_EDGE('',*,*,#2164,.T.);
#2164 = EDGE_CURVE('',#2157,#2165,#2167,.T.);
#2165 = VERTEX_POINT('',#2166);
#2166 = CARTESIAN_POINT('',(-1.517181,-1.530469,2.676));
#2167 = LINE('',#2168,#2169);
#2168 = CARTESIAN_POINT('',(0.,-1.530469,2.676));
#2169 = VECTOR('',#2170,1.);
#2170 = DIRECTION('',(1.,1.224606353822E-16,0.));
#2171 = ORIENTED_EDGE('',*,*,#2172,.T.);
#2172 = EDGE_CURVE('',#2165,#2173,#2175,.T.);
#2173 = VERTEX_POINT('',#2174);
#2174 = CARTESIAN_POINT('',(-1.517181,-2.030469,2.676));
#2175 = LINE('',#2176,#2177);
#2176 = CARTESIAN_POINT('',(-1.517181,-1.857949492499E-16,2.676));
#2177 = VECTOR('',#2178,1.);
#2178 = DIRECTION('',(1.224606353822E-16,-1.,0.));
#2179 = ORIENTED_EDGE('',*,*,#2180,.F.);
#2180 = EDGE_CURVE('',#2155,#2173,#2181,.T.);
#2181 = LINE('',#2182,#2183);
#2182 = CARTESIAN_POINT('',(-2.217181,-2.030469,2.676));
#2183 = VECTOR('',#2184,1.);
#2184 = DIRECTION('',(1.,0.,0.));
#2185 = PLANE('',#2186);
#2186 = AXIS2_PLACEMENT_3D('',#2187,#2188,#2189);
#2187 = CARTESIAN_POINT('',(-2.5571834,-2.030469,2.676));
#2188 = DIRECTION('',(0.,0.,1.));
#2189 = DIRECTION('',(-1.224606353822E-16,1.,0.));
#2190 = ADVANCED_FACE('',(#2191),#2225,.T.);
#2191 = FACE_BOUND('',#2192,.T.);
#2192 = EDGE_LOOP('',(#2193,#2201,#2210,#2216,#2222,#2223,#2224));
#2193 = ORIENTED_EDGE('',*,*,#2194,.T.);
#2194 = EDGE_CURVE('',#1537,#2195,#2197,.T.);
#2195 = VERTEX_POINT('',#2196);
#2196 = CARTESIAN_POINT('',(-0.223052215252,-1.530469,2.675));
#2197 = LINE('',#2198,#2199);
#2198 = CARTESIAN_POINT('',(0.,-1.530469,2.675));
#2199 = VECTOR('',#2200,1.);
#2200 = DIRECTION('',(-1.,-1.224606353822E-16,0.));
#2201 = ORIENTED_EDGE('',*,*,#2202,.T.);
#2202 = EDGE_CURVE('',#2195,#2203,#2205,.T.);
#2203 = VERTEX_POINT('',#2204);
#2204 = CARTESIAN_POINT('',(-0.452181,-1.680469,2.675));
#2205 = CIRCLE('',#2206,0.25);
#2206 = AXIS2_PLACEMENT_3D('',#2207,#2208,#2209);
#2207 = CARTESIAN_POINT('',(-0.452181,-1.430469,2.675));
#2208 = DIRECTION('',(0.,0.,-1.));
#2209 = DIRECTION('',(-1.,0.,0.));
#2210 = ORIENTED_EDGE('',*,*,#2211,.F.);
#2211 = EDGE_CURVE('',#1561,#2203,#2212,.T.);
#2212 = LINE('',#2213,#2214);
#2213 = CARTESIAN_POINT('',(-2.514773473206E-02,-1.680469,2.675));
#2214 = VECTOR('',#2215,1.);
#2215 = DIRECTION('',(1.,0.,0.));
#2216 = ORIENTED_EDGE('',*,*,#2217,.T.);
#2217 = EDGE_CURVE('',#1561,#1356,#2218,.T.);
#2218 = LINE('',#2219,#2220);
#2219 = CARTESIAN_POINT('',(-3.417181,-0.372053431462,2.675));
#2220 = VECTOR('',#2221,1.);
#2221 = DIRECTION('',(0.,-1.,0.));
#2222 = ORIENTED_EDGE('',*,*,#1355,.F.);
#2223 = ORIENTED_EDGE('',*,*,#1201,.T.);
#2224 = ORIENTED_EDGE('',*,*,#1544,.T.);
#2225 = PLANE('',#2226);
#2226 = AXIS2_PLACEMENT_3D('',#2227,#2228,#2229);
#2227 = CARTESIAN_POINT('',(-2.514773473206E-02,-0.372053431462,2.675));
#2228 = DIRECTION('',(0.,0.,1.));
#2229 = DIRECTION('',(1.,0.,-0.));
#2230 = ADVANCED_FACE('',(#2231),#2290,.T.);
#2231 = FACE_BOUND('',#2232,.T.);
#2232 = EDGE_LOOP('',(#2233,#2243,#2251,#2259,#2267,#2276,#2282,#2283,
    #2284));
#2233 = ORIENTED_EDGE('',*,*,#2234,.F.);
#2234 = EDGE_CURVE('',#2235,#2237,#2239,.T.);
#2235 = VERTEX_POINT('',#2236);
#2236 = CARTESIAN_POINT('',(-2.217181,0.669531,0.3));
#2237 = VERTEX_POINT('',#2238);
#2238 = CARTESIAN_POINT('',(-1.417181,0.669531,0.3));
#2239 = LINE('',#2240,#2241);
#2240 = CARTESIAN_POINT('',(-1.017181,0.669531,0.3));
#2241 = VECTOR('',#2242,1.);
#2242 = DIRECTION('',(1.,1.224606353822E-16,0.));
#2243 = ORIENTED_EDGE('',*,*,#2244,.F.);
#2244 = EDGE_CURVE('',#2245,#2235,#2247,.T.);
#2245 = VERTEX_POINT('',#2246);
#2246 = CARTESIAN_POINT('',(-2.217181,0.669531,0.55));
#2247 = LINE('',#2248,#2249);
#2248 = CARTESIAN_POINT('',(-2.217181,0.669531,6.875));
#2249 = VECTOR('',#2250,1.);
#2250 = DIRECTION('',(0.,0.,-1.));
#2251 = ORIENTED_EDGE('',*,*,#2252,.F.);
#2252 = EDGE_CURVE('',#2253,#2245,#2255,.T.);
#2253 = VERTEX_POINT('',#2254);
#2254 = CARTESIAN_POINT('',(-2.017181,0.669531,0.55));
#2255 = LINE('',#2256,#2257);
#2256 = CARTESIAN_POINT('',(0.,0.669531,0.55));
#2257 = VECTOR('',#2258,1.);
#2258 = DIRECTION('',(-1.,0.,6.123031769112E-17));
#2259 = ORIENTED_EDGE('',*,*,#2260,.F.);
#2260 = EDGE_CURVE('',#2261,#2253,#2263,.T.);
#2261 = VERTEX_POINT('',#2262);
#2262 = CARTESIAN_POINT('',(-2.017181,0.669531,0.65));
#2263 = LINE('',#2264,#2265);
#2264 = CARTESIAN_POINT('',(-2.017181,0.669531,8.125));
#2265 = VECTOR('',#2266,1.);
#2266 = DIRECTION('',(-6.123031769112E-17,0.,-1.));
#2267 = ORIENTED_EDGE('',*,*,#2268,.T.);
#2268 = EDGE_CURVE('',#2261,#2269,#2271,.T.);
#2269 = VERTEX_POINT('',#2270);
#2270 = CARTESIAN_POINT('',(-1.817181,0.669531,0.85));
#2271 = CIRCLE('',#2272,0.2);
#2272 = AXIS2_PLACEMENT_3D('',#2273,#2274,#2275);
#2273 = CARTESIAN_POINT('',(-1.817181,0.669531,0.65));
#2274 = DIRECTION('',(6.123031769112E-17,1.,-6.162975822039E-33));
#2275 = DIRECTION('',(-1.,6.123031769112E-17,0.));
#2276 = ORIENTED_EDGE('',*,*,#2277,.F.);
#2277 = EDGE_CURVE('',#1723,#2269,#2278,.T.);
#2278 = LINE('',#2279,#2280);
#2279 = CARTESIAN_POINT('',(0.,0.669531,0.85));
#2280 = VECTOR('',#2281,1.);
#2281 = DIRECTION('',(-1.,0.,6.123031769112E-17));
#2282 = ORIENTED_EDGE('',*,*,#1875,.T.);
#2283 = ORIENTED_EDGE('',*,*,#1677,.F.);
#2284 = ORIENTED_EDGE('',*,*,#2285,.F.);
#2285 = EDGE_CURVE('',#2237,#1670,#2286,.T.);
#2286 = LINE('',#2287,#2288);
#2287 = CARTESIAN_POINT('',(-1.417181,0.669531,8.125));
#2288 = VECTOR('',#2289,1.);
#2289 = DIRECTION('',(0.,0.,1.));
#2290 = PLANE('',#2291);
#2291 = AXIS2_PLACEMENT_3D('',#2292,#2293,#2294);
#2292 = CARTESIAN_POINT('',(-1.417181,0.669531,0.3));
#2293 = DIRECTION('',(0.,1.,0.));
#2294 = DIRECTION('',(0.,0.,-1.));
#2295 = ADVANCED_FACE('',(#2296),#2314,.T.);
#2296 = FACE_BOUND('',#2297,.T.);
#2297 = EDGE_LOOP('',(#2298,#2306,#2312,#2313));
#2298 = ORIENTED_EDGE('',*,*,#2299,.F.);
#2299 = EDGE_CURVE('',#2300,#856,#2302,.T.);
#2300 = VERTEX_POINT('',#2301);
#2301 = CARTESIAN_POINT('',(-1.717181,-0.530469,5.4));
#2302 = LINE('',#2303,#2304);
#2303 = CARTESIAN_POINT('',(-1.717181,-0.530469,-8.125));
#2304 = VECTOR('',#2305,1.);
#2305 = DIRECTION('',(1.436878308146E-47,-1.124745541367E-32,-1.));
#2306 = ORIENTED_EDGE('',*,*,#2307,.T.);
#2307 = EDGE_CURVE('',#2300,#1600,#2308,.T.);
#2308 = LINE('',#2309,#2310);
#2309 = CARTESIAN_POINT('',(7.885292745041E-16,-0.530469,5.4));
#2310 = VECTOR('',#2311,1.);
#2311 = DIRECTION('',(1.,-1.836909530734E-16,-6.123031769112E-17));
#2312 = ORIENTED_EDGE('',*,*,#1599,.F.);
#2313 = ORIENTED_EDGE('',*,*,#863,.F.);
#2314 = PLANE('',#2315);
#2315 = AXIS2_PLACEMENT_3D('',#2316,#2317,#2318);
#2316 = CARTESIAN_POINT('',(-1.767181,-0.530469,5.2));
#2317 = DIRECTION('',(1.836909530734E-16,1.,-1.124745541367E-32));
#2318 = DIRECTION('',(-1.,1.836909530734E-16,6.123031769112E-17));
#2319 = ADVANCED_FACE('',(#2320),#2326,.T.);
#2320 = FACE_BOUND('',#2321,.T.);
#2321 = EDGE_LOOP('',(#2322,#2323,#2324,#2325));
#2322 = ORIENTED_EDGE('',*,*,#1473,.F.);
#2323 = ORIENTED_EDGE('',*,*,#1820,.T.);
#2324 = ORIENTED_EDGE('',*,*,#1451,.T.);
#2325 = ORIENTED_EDGE('',*,*,#1788,.T.);
#2326 = PLANE('',#2327);
#2327 = AXIS2_PLACEMENT_3D('',#2328,#2329,#2330);
#2328 = CARTESIAN_POINT('',(-0.427181,2.769531,1.05));
#2329 = DIRECTION('',(1.,-2.22044604925E-15,0.));
#2330 = DIRECTION('',(2.22044604925E-15,1.,0.));
#2331 = ADVANCED_FACE('',(#2332),#2343,.T.);
#2332 = FACE_BOUND('',#2333,.T.);
#2333 = EDGE_LOOP('',(#2334,#2335,#2336,#2337));
#2334 = ORIENTED_EDGE('',*,*,#2285,.T.);
#2335 = ORIENTED_EDGE('',*,*,#1669,.T.);
#2336 = ORIENTED_EDGE('',*,*,#929,.T.);
#2337 = ORIENTED_EDGE('',*,*,#2338,.T.);
#2338 = EDGE_CURVE('',#922,#2237,#2339,.T.);
#2339 = LINE('',#2340,#2341);
#2340 = CARTESIAN_POINT('',(-1.417181,0.,0.3));
#2341 = VECTOR('',#2342,1.);
#2342 = DIRECTION('',(0.,1.,0.));
#2343 = PLANE('',#2344);
#2344 = AXIS2_PLACEMENT_3D('',#2345,#2346,#2347);
#2345 = CARTESIAN_POINT('',(-1.417181,0.669531,0.3));
#2346 = DIRECTION('',(1.,0.,0.));
#2347 = DIRECTION('',(-0.,1.,0.));
#2348 = ADVANCED_FACE('',(#2349),#2383,.F.);
#2349 = FACE_BOUND('',#2350,.T.);
#2350 = EDGE_LOOP('',(#2351,#2361,#2369,#2377));
#2351 = ORIENTED_EDGE('',*,*,#2352,.T.);
#2352 = EDGE_CURVE('',#2353,#2355,#2357,.T.);
#2353 = VERTEX_POINT('',#2354);
#2354 = CARTESIAN_POINT('',(-1.017181,-2.030469,2.676));
#2355 = VERTEX_POINT('',#2356);
#2356 = CARTESIAN_POINT('',(-1.017181,-1.530469,2.676));
#2357 = LINE('',#2358,#2359);
#2358 = CARTESIAN_POINT('',(-1.017181,-1.245646315587E-16,2.676));
#2359 = VECTOR('',#2360,1.);
#2360 = DIRECTION('',(-1.224606353822E-16,1.,0.));
#2361 = ORIENTED_EDGE('',*,*,#2362,.T.);
#2362 = EDGE_CURVE('',#2355,#2363,#2365,.T.);
#2363 = VERTEX_POINT('',#2364);
#2364 = CARTESIAN_POINT('',(1.182819,-1.530469,2.676));
#2365 = LINE('',#2366,#2367);
#2366 = CARTESIAN_POINT('',(0.,-1.530469,2.676));
#2367 = VECTOR('',#2368,1.);
#2368 = DIRECTION('',(1.,1.224606353822E-16,0.));
#2369 = ORIENTED_EDGE('',*,*,#2370,.F.);
#2370 = EDGE_CURVE('',#2371,#2363,#2373,.T.);
#2371 = VERTEX_POINT('',#2372);
#2372 = CARTESIAN_POINT('',(1.182819,-2.030469,2.676));
#2373 = LINE('',#2374,#2375);
#2374 = CARTESIAN_POINT('',(1.182819,1.448487662822E-16,2.676));
#2375 = VECTOR('',#2376,1.);
#2376 = DIRECTION('',(-1.224606353822E-16,1.,0.));
#2377 = ORIENTED_EDGE('',*,*,#2378,.T.);
#2378 = EDGE_CURVE('',#2371,#2353,#2379,.T.);
#2379 = LINE('',#2380,#2381);
#2380 = CARTESIAN_POINT('',(1.182819,-2.030469,2.676));
#2381 = VECTOR('',#2382,1.);
#2382 = DIRECTION('',(-1.,-1.224606353822E-16,0.));
#2383 = PLANE('',#2384);
#2384 = AXIS2_PLACEMENT_3D('',#2385,#2386,#2387);
#2385 = CARTESIAN_POINT('',(-2.5571834,-2.030469,2.676));
#2386 = DIRECTION('',(0.,0.,1.));
#2387 = DIRECTION('',(-1.224606353822E-16,1.,0.));
#2388 = ADVANCED_FACE('',(#2389),#2423,.F.);
#2389 = FACE_BOUND('',#2390,.T.);
#2390 = EDGE_LOOP('',(#2391,#2401,#2409,#2417));
#2391 = ORIENTED_EDGE('',*,*,#2392,.F.);
#2392 = EDGE_CURVE('',#2393,#2395,#2397,.T.);
#2393 = VERTEX_POINT('',#2394);
#2394 = CARTESIAN_POINT('',(0.682819,-0.530469,0.85));
#2395 = VERTEX_POINT('',#2396);
#2396 = CARTESIAN_POINT('',(0.682819,-0.530469,1.05));
#2397 = LINE('',#2398,#2399);
#2398 = CARTESIAN_POINT('',(0.682819,-0.530469,8.125));
#2399 = VECTOR('',#2400,1.);
#2400 = DIRECTION('',(1.642146637881E-47,3.749151804555E-33,1.));
#2401 = ORIENTED_EDGE('',*,*,#2402,.F.);
#2402 = EDGE_CURVE('',#2403,#2393,#2405,.T.);
#2403 = VERTEX_POINT('',#2404);
#2404 = CARTESIAN_POINT('',(0.632819,-0.530469,0.85));
#2405 = LINE('',#2406,#2407);
#2406 = CARTESIAN_POINT('',(-3.008292281058E-15,-0.530469,0.85));
#2407 = VECTOR('',#2408,1.);
#2408 = DIRECTION('',(1.,-6.123031769112E-17,-6.123031769112E-17));
#2409 = ORIENTED_EDGE('',*,*,#2410,.F.);
#2410 = EDGE_CURVE('',#2411,#2403,#2413,.T.);
#2411 = VERTEX_POINT('',#2412);
#2412 = CARTESIAN_POINT('',(0.632819,-0.530469,1.05));
#2413 = LINE('',#2414,#2415);
#2414 = CARTESIAN_POINT('',(0.632819,-0.530469,1.05));
#2415 = VECTOR('',#2416,1.);
#2416 = DIRECTION('',(-6.123031769112E-17,0.,-1.));
#2417 = ORIENTED_EDGE('',*,*,#2418,.F.);
#2418 = EDGE_CURVE('',#2395,#2411,#2419,.T.);
#2419 = LINE('',#2420,#2421);
#2420 = CARTESIAN_POINT('',(0.,-0.530469,1.05));
#2421 = VECTOR('',#2422,1.);
#2422 = DIRECTION('',(-1.,6.123031769112E-17,0.));
#2423 = PLANE('',#2424);
#2424 = AXIS2_PLACEMENT_3D('',#2425,#2426,#2427);
#2425 = CARTESIAN_POINT('',(0.632819,-0.530469,1.05));
#2426 = DIRECTION('',(-6.123031769112E-17,-1.,3.749151804555E-33));
#2427 = DIRECTION('',(-1.,6.123031769112E-17,6.123031769112E-17));
#2428 = ADVANCED_FACE('',(#2429),#2445,.F.);
#2429 = FACE_BOUND('',#2430,.T.);
#2430 = EDGE_LOOP('',(#2431,#2432,#2438,#2439));
#2431 = ORIENTED_EDGE('',*,*,#1740,.F.);
#2432 = ORIENTED_EDGE('',*,*,#2433,.F.);
#2433 = EDGE_CURVE('',#1995,#1733,#2434,.T.);
#2434 = LINE('',#2435,#2436);
#2435 = CARTESIAN_POINT('',(-1.667181,1.020820222786E-16,0.85));
#2436 = VECTOR('',#2437,1.);
#2437 = DIRECTION('',(6.123031769112E-17,1.,0.));
#2438 = ORIENTED_EDGE('',*,*,#1992,.F.);
#2439 = ORIENTED_EDGE('',*,*,#2440,.F.);
#2440 = EDGE_CURVE('',#1741,#1993,#2441,.T.);
#2441 = LINE('',#2442,#2443);
#2442 = CARTESIAN_POINT('',(-1.667181,0.,1.05));
#2443 = VECTOR('',#2444,1.);
#2444 = DIRECTION('',(-6.123031769112E-17,-1.,0.));
#2445 = PLANE('',#2446);
#2446 = AXIS2_PLACEMENT_3D('',#2447,#2448,#2449);
#2447 = CARTESIAN_POINT('',(-1.667181,-3.0469E-02,1.05));
#2448 = DIRECTION('',(1.,-6.123031769112E-17,-6.123031769112E-17));
#2449 = DIRECTION('',(-6.123031769112E-17,-1.,0.));
#2450 = ADVANCED_FACE('',(#2451),#2495,.T.);
#2451 = FACE_BOUND('',#2452,.T.);
#2452 = EDGE_LOOP('',(#2453,#2463,#2472,#2480,#2488));
#2453 = ORIENTED_EDGE('',*,*,#2454,.F.);
#2454 = EDGE_CURVE('',#2455,#2457,#2459,.T.);
#2455 = VERTEX_POINT('',#2456);
#2456 = CARTESIAN_POINT('',(0.382819,-2.030469,0.65));
#2457 = VERTEX_POINT('',#2458);
#2458 = CARTESIAN_POINT('',(-1.417181,-2.030469,0.65));
#2459 = LINE('',#2460,#2461);
#2460 = CARTESIAN_POINT('',(-2.217181,-2.030469,0.65));
#2461 = VECTOR('',#2462,1.);
#2462 = DIRECTION('',(-1.,6.123031769112E-17,6.123031769112E-17));
#2463 = ORIENTED_EDGE('',*,*,#2464,.T.);
#2464 = EDGE_CURVE('',#2455,#2465,#2467,.T.);
#2465 = VERTEX_POINT('',#2466);
#2466 = CARTESIAN_POINT('',(0.382819,-1.630469,1.05));
#2467 = CIRCLE('',#2468,0.4);
#2468 = AXIS2_PLACEMENT_3D('',#2469,#2470,#2471);
#2469 = CARTESIAN_POINT('',(0.382819,-1.630469,0.65));
#2470 = DIRECTION('',(-1.,6.123031769112E-17,6.123031769112E-17));
#2471 = DIRECTION('',(-6.123031769112E-17,-1.,6.158049892052E-48));
#2472 = ORIENTED_EDGE('',*,*,#2473,.T.);
#2473 = EDGE_CURVE('',#2465,#2474,#2476,.T.);
#2474 = VERTEX_POINT('',#2475);
#2475 = CARTESIAN_POINT('',(-1.017181,-1.630469,1.05));
#2476 = LINE('',#2477,#2478);
#2477 = CARTESIAN_POINT('',(-2.217181,-1.630469,1.05));
#2478 = VECTOR('',#2479,1.);
#2479 = DIRECTION('',(-1.,6.123031769112E-17,3.061515884556E-17));
#2480 = ORIENTED_EDGE('',*,*,#2481,.F.);
#2481 = EDGE_CURVE('',#2482,#2474,#2484,.T.);
#2482 = VERTEX_POINT('',#2483);
#2483 = CARTESIAN_POINT('',(-1.417181,-1.630469,1.05));
#2484 = LINE('',#2485,#2486);
#2485 = CARTESIAN_POINT('',(-2.217181,-1.630469,1.05));
#2486 = VECTOR('',#2487,1.);
#2487 = DIRECTION('',(1.,-6.123031769112E-17,-6.123031769112E-17));
#2488 = ORIENTED_EDGE('',*,*,#2489,.F.);
#2489 = EDGE_CURVE('',#2457,#2482,#2490,.T.);
#2490 = CIRCLE('',#2491,0.4);
#2491 = AXIS2_PLACEMENT_3D('',#2492,#2493,#2494);
#2492 = CARTESIAN_POINT('',(-1.417181,-1.630469,0.65));
#2493 = DIRECTION('',(-1.,6.123031769112E-17,6.123031769112E-17));
#2494 = DIRECTION('',(-6.123031769112E-17,-1.,6.158049892052E-48));
#2495 = CYLINDRICAL_SURFACE('',#2496,0.4);
#2496 = AXIS2_PLACEMENT_3D('',#2497,#2498,#2499);
#2497 = CARTESIAN_POINT('',(-2.217181,-1.630469,0.65));
#2498 = DIRECTION('',(-1.,6.123031769112E-17,6.123031769112E-17));
#2499 = DIRECTION('',(-6.123031769112E-17,-1.,6.158049892052E-48));
#2500 = ADVANCED_FACE('',(#2501),#2519,.T.);
#2501 = FACE_BOUND('',#2502,.T.);
#2502 = EDGE_LOOP('',(#2503,#2504,#2505,#2513));
#2503 = ORIENTED_EDGE('',*,*,#1104,.F.);
#2504 = ORIENTED_EDGE('',*,*,#1645,.F.);
#2505 = ORIENTED_EDGE('',*,*,#2506,.F.);
#2506 = EDGE_CURVE('',#2507,#1638,#2509,.T.);
#2507 = VERTEX_POINT('',#2508);
#2508 = CARTESIAN_POINT('',(-1.517181,-1.530469,1.05));
#2509 = LINE('',#2510,#2511);
#2510 = CARTESIAN_POINT('',(-1.517181,-1.857949492499E-16,1.05));
#2511 = VECTOR('',#2512,1.);
#2512 = DIRECTION('',(1.224606353822E-16,-1.,0.));
#2513 = ORIENTED_EDGE('',*,*,#2514,.F.);
#2514 = EDGE_CURVE('',#1107,#2507,#2515,.T.);
#2515 = LINE('',#2516,#2517);
#2516 = CARTESIAN_POINT('',(-1.517181,-1.530469,1.55));
#2517 = VECTOR('',#2518,1.);
#2518 = DIRECTION('',(0.,0.,-1.));
#2519 = PLANE('',#2520);
#2520 = AXIS2_PLACEMENT_3D('',#2521,#2522,#2523);
#2521 = CARTESIAN_POINT('',(-1.517181,-1.530469,3.125));
#2522 = DIRECTION('',(1.,1.224606353822E-16,0.));
#2523 = DIRECTION('',(1.224606353822E-16,-1.,0.));
#2524 = ADVANCED_FACE('',(#2525),#2559,.T.);
#2525 = FACE_BOUND('',#2526,.T.);
#2526 = EDGE_LOOP('',(#2527,#2537,#2545,#2553));
#2527 = ORIENTED_EDGE('',*,*,#2528,.T.);
#2528 = EDGE_CURVE('',#2529,#2531,#2533,.T.);
#2529 = VERTEX_POINT('',#2530);
#2530 = CARTESIAN_POINT('',(0.382819,0.669531,0.3));
#2531 = VERTEX_POINT('',#2532);
#2532 = CARTESIAN_POINT('',(1.182819,0.669531,0.3));
#2533 = LINE('',#2534,#2535);
#2534 = CARTESIAN_POINT('',(-1.017181,0.669531,0.3));
#2535 = VECTOR('',#2536,1.);
#2536 = DIRECTION('',(1.,1.224606353822E-16,0.));
#2537 = ORIENTED_EDGE('',*,*,#2538,.F.);
#2538 = EDGE_CURVE('',#2539,#2531,#2541,.T.);
#2539 = VERTEX_POINT('',#2540);
#2540 = CARTESIAN_POINT('',(1.182819,-1.330469,0.3));
#2541 = LINE('',#2542,#2543);
#2542 = CARTESIAN_POINT('',(1.182819,1.448487662822E-16,0.3));
#2543 = VECTOR('',#2544,1.);
#2544 = DIRECTION('',(-1.224606353822E-16,1.,0.));
#2545 = ORIENTED_EDGE('',*,*,#2546,.F.);
#2546 = EDGE_CURVE('',#2547,#2539,#2549,.T.);
#2547 = VERTEX_POINT('',#2548);
#2548 = CARTESIAN_POINT('',(0.382819,-1.330469,0.3));
#2549 = LINE('',#2550,#2551);
#2550 = CARTESIAN_POINT('',(-1.017181,-1.330469,0.3));
#2551 = VECTOR('',#2552,1.);
#2552 = DIRECTION('',(1.,1.224606353822E-16,0.));
#2553 = ORIENTED_EDGE('',*,*,#2554,.F.);
#2554 = EDGE_CURVE('',#2529,#2547,#2555,.T.);
#2555 = LINE('',#2556,#2557);
#2556 = CARTESIAN_POINT('',(0.382819,0.,0.3));
#2557 = VECTOR('',#2558,1.);
#2558 = DIRECTION('',(5.551115123126E-16,-1.,0.));
#2559 = PLANE('',#2560);
#2560 = AXIS2_PLACEMENT_3D('',#2561,#2562,#2563);
#2561 = CARTESIAN_POINT('',(-1.386262886832,0.421925882027,0.3));
#2562 = DIRECTION('',(0.,0.,-1.));
#2563 = DIRECTION('',(-1.,-1.224606353822E-16,-0.));
#2564 = ADVANCED_FACE('',(#2565),#2590,.T.);
#2565 = FACE_BOUND('',#2566,.T.);
#2566 = EDGE_LOOP('',(#2567,#2575,#2583,#2589));
#2567 = ORIENTED_EDGE('',*,*,#2568,.F.);
#2568 = EDGE_CURVE('',#2569,#1844,#2571,.T.);
#2569 = VERTEX_POINT('',#2570);
#2570 = CARTESIAN_POINT('',(-2.217181,0.969531,4.225));
#2571 = LINE('',#2572,#2573);
#2572 = CARTESIAN_POINT('',(-2.217181,0.969531,-1.875));
#2573 = VECTOR('',#2574,1.);
#2574 = DIRECTION('',(0.,0.,-1.));
#2575 = ORIENTED_EDGE('',*,*,#2576,.T.);
#2576 = EDGE_CURVE('',#2569,#2577,#2579,.T.);
#2577 = VERTEX_POINT('',#2578);
#2578 = CARTESIAN_POINT('',(-1.567181,0.969531,4.225));
#2579 = LINE('',#2580,#2581);
#2580 = CARTESIAN_POINT('',(-2.217181,0.969531,4.225));
#2581 = VECTOR('',#2582,1.);
#2582 = DIRECTION('',(1.,-1.224606353822E-16,0.));
#2583 = ORIENTED_EDGE('',*,*,#2584,.F.);
#2584 = EDGE_CURVE('',#1835,#2577,#2585,.T.);
#2585 = LINE('',#2586,#2587);
#2586 = CARTESIAN_POINT('',(-1.567181,0.969531,-1.875));
#2587 = VECTOR('',#2588,1.);
#2588 = DIRECTION('',(0.,0.,1.));
#2589 = ORIENTED_EDGE('',*,*,#1851,.F.);
#2590 = PLANE('',#2591);
#2591 = AXIS2_PLACEMENT_3D('',#2592,#2593,#2594);
#2592 = CARTESIAN_POINT('',(-2.217181,0.969531,19.675));
#2593 = DIRECTION('',(0.,1.,0.));
#2594 = DIRECTION('',(0.,-0.,1.));
#2595 = ADVANCED_FACE('',(#2596),#2621,.F.);
#2596 = FACE_BOUND('',#2597,.T.);
#2597 = EDGE_LOOP('',(#2598,#2599,#2607,#2615));
#2598 = ORIENTED_EDGE('',*,*,#1938,.F.);
#2599 = ORIENTED_EDGE('',*,*,#2600,.F.);
#2600 = EDGE_CURVE('',#2601,#1931,#2603,.T.);
#2601 = VERTEX_POINT('',#2602);
#2602 = CARTESIAN_POINT('',(-1.699336354594,-0.869692227028,0.85));
#2603 = LINE('',#2604,#2605);
#2604 = CARTESIAN_POINT('',(-1.8732748,1.147012111268E-16,0.85));
#2605 = VECTOR('',#2606,1.);
#2606 = DIRECTION('',(-0.196116135138,0.980580675691,1.200825325887E-17)
  );
#2607 = ORIENTED_EDGE('',*,*,#2608,.F.);
#2608 = EDGE_CURVE('',#2609,#2601,#2611,.T.);
#2609 = VERTEX_POINT('',#2610);
#2610 = CARTESIAN_POINT('',(-1.699336354594,-0.869692227028,1.05));
#2611 = LINE('',#2612,#2613);
#2612 = CARTESIAN_POINT('',(-1.699336354594,-0.869692227028,1.05));
#2613 = VECTOR('',#2614,1.);
#2614 = DIRECTION('',(-6.123031769112E-17,0.,-1.));
#2615 = ORIENTED_EDGE('',*,*,#2616,.F.);
#2616 = EDGE_CURVE('',#1866,#2609,#2617,.T.);
#2617 = LINE('',#2618,#2619);
#2618 = CARTESIAN_POINT('',(-1.8732748,0.,1.05));
#2619 = VECTOR('',#2620,1.);
#2620 = DIRECTION('',(0.196116135138,-0.980580675691,0.));
#2621 = PLANE('',#2622);
#2622 = AXIS2_PLACEMENT_3D('',#2623,#2624,#2625);
#2623 = CARTESIAN_POINT('',(-1.699336354594,-0.869692227028,1.05));
#2624 = DIRECTION('',(0.980580675691,0.196116135138,-6.004126629433E-17)
  );
#2625 = DIRECTION('',(0.196116135138,-0.980580675691,-1.200825325887E-17
    ));
#2626 = ADVANCED_FACE('',(#2627),#2661,.F.);
#2627 = FACE_BOUND('',#2628,.T.);
#2628 = EDGE_LOOP('',(#2629,#2639,#2647,#2655));
#2629 = ORIENTED_EDGE('',*,*,#2630,.T.);
#2630 = EDGE_CURVE('',#2631,#2633,#2635,.T.);
#2631 = VERTEX_POINT('',#2632);
#2632 = CARTESIAN_POINT('',(-1.517181,-1.530469,3.926));
#2633 = VERTEX_POINT('',#2634);
#2634 = CARTESIAN_POINT('',(-1.517181,-1.530469,5.2));
#2635 = LINE('',#2636,#2637);
#2636 = CARTESIAN_POINT('',(-1.517181,-1.530469,4.7));
#2637 = VECTOR('',#2638,1.);
#2638 = DIRECTION('',(0.,0.,1.));
#2639 = ORIENTED_EDGE('',*,*,#2640,.T.);
#2640 = EDGE_CURVE('',#2633,#2641,#2643,.T.);
#2641 = VERTEX_POINT('',#2642);
#2642 = CARTESIAN_POINT('',(-1.517181,-2.030469,5.2));
#2643 = LINE('',#2644,#2645);
#2644 = CARTESIAN_POINT('',(-1.517181,-4.440892098501E-16,5.2));
#2645 = VECTOR('',#2646,1.);
#2646 = DIRECTION('',(0.,-1.,0.));
#2647 = ORIENTED_EDGE('',*,*,#2648,.T.);
#2648 = EDGE_CURVE('',#2641,#2649,#2651,.T.);
#2649 = VERTEX_POINT('',#2650);
#2650 = CARTESIAN_POINT('',(-1.517181,-2.030469,3.926));
#2651 = LINE('',#2652,#2653);
#2652 = CARTESIAN_POINT('',(-1.517181,-2.030469,4.375));
#2653 = VECTOR('',#2654,1.);
#2654 = DIRECTION('',(0.,0.,-1.));
#2655 = ORIENTED_EDGE('',*,*,#2656,.T.);
#2656 = EDGE_CURVE('',#2649,#2631,#2657,.T.);
#2657 = LINE('',#2658,#2659);
#2658 = CARTESIAN_POINT('',(-1.517181,-2.582942606002E-16,3.926));
#2659 = VECTOR('',#2660,1.);
#2660 = DIRECTION('',(0.,1.,0.));
#2661 = PLANE('',#2662);
#2662 = AXIS2_PLACEMENT_3D('',#2663,#2664,#2665);
#2663 = CARTESIAN_POINT('',(-1.517181,-1.530469,3.125));
#2664 = DIRECTION('',(-1.,0.,0.));
#2665 = DIRECTION('',(0.,-1.,0.));
#2666 = ADVANCED_FACE('',(#2667),#2691,.T.);
#2667 = FACE_BOUND('',#2668,.T.);
#2668 = EDGE_LOOP('',(#2669,#2670,#2671,#2679,#2685));
#2669 = ORIENTED_EDGE('',*,*,#1234,.F.);
#2670 = ORIENTED_EDGE('',*,*,#2139,.T.);
#2671 = ORIENTED_EDGE('',*,*,#2672,.T.);
#2672 = EDGE_CURVE('',#2132,#2673,#2675,.T.);
#2673 = VERTEX_POINT('',#2674);
#2674 = CARTESIAN_POINT('',(-1.017181,-1.530469,1.05));
#2675 = LINE('',#2676,#2677);
#2676 = CARTESIAN_POINT('',(-1.017181,-1.530469,1.55));
#2677 = VECTOR('',#2678,1.);
#2678 = DIRECTION('',(0.,0.,-1.));
#2679 = ORIENTED_EDGE('',*,*,#2680,.F.);
#2680 = EDGE_CURVE('',#2474,#2673,#2681,.T.);
#2681 = LINE('',#2682,#2683);
#2682 = CARTESIAN_POINT('',(-1.017181,0.,1.05));
#2683 = VECTOR('',#2684,1.);
#2684 = DIRECTION('',(-1.224606353822E-16,1.,1.232595164408E-32));
#2685 = ORIENTED_EDGE('',*,*,#2686,.T.);
#2686 = EDGE_CURVE('',#2474,#1235,#2687,.T.);
#2687 = LINE('',#2688,#2689);
#2688 = CARTESIAN_POINT('',(-1.017181,-1.245646315587E-16,1.05));
#2689 = VECTOR('',#2690,1.);
#2690 = DIRECTION('',(1.224606353822E-16,-1.,0.));
#2691 = PLANE('',#2692);
#2692 = AXIS2_PLACEMENT_3D('',#2693,#2694,#2695);
#2693 = CARTESIAN_POINT('',(-1.017181,-2.030469,1.875));
#2694 = DIRECTION('',(-1.,-1.224606353822E-16,0.));
#2695 = DIRECTION('',(-1.224606353822E-16,1.,0.));
#2696 = ADVANCED_FACE('',(#2697),#2708,.T.);
#2697 = FACE_BOUND('',#2698,.T.);
#2698 = EDGE_LOOP('',(#2699,#2700,#2701,#2702));
#2699 = ORIENTED_EDGE('',*,*,#2234,.T.);
#2700 = ORIENTED_EDGE('',*,*,#2338,.F.);
#2701 = ORIENTED_EDGE('',*,*,#919,.F.);
#2702 = ORIENTED_EDGE('',*,*,#2703,.F.);
#2703 = EDGE_CURVE('',#2235,#920,#2704,.T.);
#2704 = LINE('',#2705,#2706);
#2705 = CARTESIAN_POINT('',(-2.217181,-2.715173940174E-16,0.3));
#2706 = VECTOR('',#2707,1.);
#2707 = DIRECTION('',(1.224606353822E-16,-1.,0.));
#2708 = PLANE('',#2709);
#2709 = AXIS2_PLACEMENT_3D('',#2710,#2711,#2712);
#2710 = CARTESIAN_POINT('',(-1.386262886832,0.421925882027,0.3));
#2711 = DIRECTION('',(0.,0.,-1.));
#2712 = DIRECTION('',(-1.,-1.224606353822E-16,-0.));
#2713 = ADVANCED_FACE('',(#2714),#2741,.T.);
#2714 = FACE_BOUND('',#2715,.T.);
#2715 = EDGE_LOOP('',(#2716,#2725,#2733,#2740));
#2716 = ORIENTED_EDGE('',*,*,#2717,.T.);
#2717 = EDGE_CURVE('',#1396,#2718,#2720,.T.);
#2718 = VERTEX_POINT('',#2719);
#2719 = CARTESIAN_POINT('',(1.182819,0.669531,0.65));
#2720 = CIRCLE('',#2721,0.4);
#2721 = AXIS2_PLACEMENT_3D('',#2722,#2723,#2724);
#2722 = CARTESIAN_POINT('',(0.782819,0.669531,0.65));
#2723 = DIRECTION('',(6.123031769112E-17,1.,-6.162975822039E-33));
#2724 = DIRECTION('',(-1.,6.123031769112E-17,0.));
#2725 = ORIENTED_EDGE('',*,*,#2726,.F.);
#2726 = EDGE_CURVE('',#2727,#2718,#2729,.T.);
#2727 = VERTEX_POINT('',#2728);
#2728 = CARTESIAN_POINT('',(1.182819,1.469531,0.65));
#2729 = LINE('',#2730,#2731);
#2730 = CARTESIAN_POINT('',(1.182819,-2.449212707645E-17,0.65));
#2731 = VECTOR('',#2732,1.);
#2732 = DIRECTION('',(-6.123031769112E-17,-1.,6.162975822039E-33));
#2733 = ORIENTED_EDGE('',*,*,#2734,.F.);
#2734 = EDGE_CURVE('',#1404,#2727,#2735,.T.);
#2735 = CIRCLE('',#2736,0.4);
#2736 = AXIS2_PLACEMENT_3D('',#2737,#2738,#2739);
#2737 = CARTESIAN_POINT('',(0.782819,1.469531,0.65));
#2738 = DIRECTION('',(6.123031769112E-17,1.,-6.162975822039E-33));
#2739 = DIRECTION('',(-1.,6.123031769112E-17,0.));
#2740 = ORIENTED_EDGE('',*,*,#1403,.T.);
#2741 = CYLINDRICAL_SURFACE('',#2742,0.4);
#2742 = AXIS2_PLACEMENT_3D('',#2743,#2744,#2745);
#2743 = CARTESIAN_POINT('',(0.782819,5.773693779015E-32,0.65));
#2744 = DIRECTION('',(-6.123031769112E-17,-1.,6.162975822039E-33));
#2745 = DIRECTION('',(-1.,6.123031769112E-17,0.));
#2746 = ADVANCED_FACE('',(#2747),#2758,.T.);
#2747 = FACE_BOUND('',#2748,.T.);
#2748 = EDGE_LOOP('',(#2749,#2750,#2751,#2757));
#2749 = ORIENTED_EDGE('',*,*,#1764,.F.);
#2750 = ORIENTED_EDGE('',*,*,#1363,.F.);
#2751 = ORIENTED_EDGE('',*,*,#2752,.F.);
#2752 = EDGE_CURVE('',#1700,#1356,#2753,.T.);
#2753 = LINE('',#2754,#2755);
#2754 = CARTESIAN_POINT('',(-2.514773473206E-02,-2.878477316317,
    3.523008316317));
#2755 = VECTOR('',#2756,1.);
#2756 = DIRECTION('',(0.942809041582,-0.235702260396,0.235702260396));
#2757 = ORIENTED_EDGE('',*,*,#1699,.F.);
#2758 = PLANE('',#2759);
#2759 = AXIS2_PLACEMENT_3D('',#2760,#2761,#2762);
#2760 = CARTESIAN_POINT('',(-3.417181,-2.030469,2.325));
#2761 = DIRECTION('',(-0.242535625036,-0.970142500145,0.));
#2762 = DIRECTION('',(-0.970142500145,0.242535625036,0.));
#2763 = ADVANCED_FACE('',(#2764),#2799,.F.);
#2764 = FACE_BOUND('',#2765,.T.);
#2765 = EDGE_LOOP('',(#2766,#2767,#2775,#2783,#2792,#2798));
#2766 = ORIENTED_EDGE('',*,*,#1017,.F.);
#2767 = ORIENTED_EDGE('',*,*,#2768,.F.);
#2768 = EDGE_CURVE('',#2769,#1010,#2771,.T.);
#2769 = VERTEX_POINT('',#2770);
#2770 = CARTESIAN_POINT('',(-0.767181,-2.030469,0.35));
#2771 = LINE('',#2772,#2773);
#2772 = CARTESIAN_POINT('',(-0.767181,-2.030469,0.35));
#2773 = VECTOR('',#2774,1.);
#2774 = DIRECTION('',(6.123031769112E-17,1.,-1.40561392536E-65));
#2775 = ORIENTED_EDGE('',*,*,#2776,.F.);
#2776 = EDGE_CURVE('',#2777,#2769,#2779,.T.);
#2777 = VERTEX_POINT('',#2778);
#2778 = CARTESIAN_POINT('',(-0.767181,-2.030469,-5.E-02));
#2779 = LINE('',#2780,#2781);
#2780 = CARTESIAN_POINT('',(-0.767181,-2.030469,-5.386624106157));
#2781 = VECTOR('',#2782,1.);
#2782 = DIRECTION('',(6.123031769112E-17,7.547219350123E-49,1.));
#2783 = ORIENTED_EDGE('',*,*,#2784,.F.);
#2784 = EDGE_CURVE('',#2785,#2777,#2787,.T.);
#2785 = VERTEX_POINT('',#2786);
#2786 = CARTESIAN_POINT('',(-0.767181,-1.630469,-0.45));
#2787 = CIRCLE('',#2788,0.4);
#2788 = AXIS2_PLACEMENT_3D('',#2789,#2790,#2791);
#2789 = CARTESIAN_POINT('',(-0.767181,-1.630469,-5.E-02));
#2790 = DIRECTION('',(-1.,6.123031769112E-17,6.123031769112E-17));
#2791 = DIRECTION('',(-6.123031769112E-17,-1.,6.158049892052E-48));
#2792 = ORIENTED_EDGE('',*,*,#2793,.F.);
#2793 = EDGE_CURVE('',#889,#2785,#2794,.T.);
#2794 = LINE('',#2795,#2796);
#2795 = CARTESIAN_POINT('',(-0.767181,-1.630469,0.65));
#2796 = VECTOR('',#2797,1.);
#2797 = DIRECTION('',(-6.123031769112E-17,-7.547219350123E-49,-1.));
#2798 = ORIENTED_EDGE('',*,*,#896,.T.);
#2799 = PLANE('',#2800);
#2800 = AXIS2_PLACEMENT_3D('',#2801,#2802,#2803);
#2801 = CARTESIAN_POINT('',(-0.767181,-2.030469,0.35));
#2802 = DIRECTION('',(-1.,6.123031769112E-17,6.123031769112E-17));
#2803 = DIRECTION('',(6.123031769112E-17,1.,0.));
#2804 = ADVANCED_FACE('',(#2805),#2841,.T.);
#2805 = FACE_BOUND('',#2806,.T.);
#2806 = EDGE_LOOP('',(#2807,#2817,#2826,#2834));
#2807 = ORIENTED_EDGE('',*,*,#2808,.F.);
#2808 = EDGE_CURVE('',#2809,#2811,#2813,.T.);
#2809 = VERTEX_POINT('',#2810);
#2810 = CARTESIAN_POINT('',(0.782819,1.469531,5.2));
#2811 = VERTEX_POINT('',#2812);
#2812 = CARTESIAN_POINT('',(0.782819,0.669531,5.2));
#2813 = LINE('',#2814,#2815);
#2814 = CARTESIAN_POINT('',(0.782819,-9.586451212929E-17,5.2));
#2815 = VECTOR('',#2816,1.);
#2816 = DIRECTION('',(-1.836909530734E-16,-1.,4.416815698091E-33));
#2817 = ORIENTED_EDGE('',*,*,#2818,.T.);
#2818 = EDGE_CURVE('',#2809,#2819,#2821,.T.);
#2819 = VERTEX_POINT('',#2820);
#2820 = CARTESIAN_POINT('',(1.182819,1.469531,5.6));
#2821 = CIRCLE('',#2822,0.4);
#2822 = AXIS2_PLACEMENT_3D('',#2823,#2824,#2825);
#2823 = CARTESIAN_POINT('',(0.782819,1.469531,5.6));
#2824 = DIRECTION('',(-1.836909530734E-16,-1.,8.833631396182E-33));
#2825 = DIRECTION('',(-1.,1.836909530734E-16,1.224606353822E-16));
#2826 = ORIENTED_EDGE('',*,*,#2827,.T.);
#2827 = EDGE_CURVE('',#2819,#2828,#2830,.T.);
#2828 = VERTEX_POINT('',#2829);
#2829 = CARTESIAN_POINT('',(1.182819,0.669531,5.6));
#2830 = LINE('',#2831,#2832);
#2831 = CARTESIAN_POINT('',(1.182819,-1.693408933586E-16,5.6));
#2832 = VECTOR('',#2833,1.);
#2833 = DIRECTION('',(-1.836909530734E-16,-1.,8.833631396182E-33));
#2834 = ORIENTED_EDGE('',*,*,#2835,.F.);
#2835 = EDGE_CURVE('',#2811,#2828,#2836,.T.);
#2836 = CIRCLE('',#2837,0.4);
#2837 = AXIS2_PLACEMENT_3D('',#2838,#2839,#2840);
#2838 = CARTESIAN_POINT('',(0.782819,0.669531,5.6));
#2839 = DIRECTION('',(-1.836909530734E-16,-1.,8.833631396182E-33));
#2840 = DIRECTION('',(-1.,1.836909530734E-16,1.224606353822E-16));
#2841 = CYLINDRICAL_SURFACE('',#2842,0.4);
#2842 = AXIS2_PLACEMENT_3D('',#2843,#2844,#2845);
#2843 = CARTESIAN_POINT('',(0.782819,-9.586451212929E-17,5.6));
#2844 = DIRECTION('',(-1.836909530734E-16,-1.,8.833631396182E-33));
#2845 = DIRECTION('',(-1.,1.836909530734E-16,1.224606353822E-16));
#2846 = ADVANCED_FACE('',(#2847),#2865,.F.);
#2847 = FACE_BOUND('',#2848,.T.);
#2848 = EDGE_LOOP('',(#2849,#2850,#2851,#2859));
#2849 = ORIENTED_EDGE('',*,*,#2768,.T.);
#2850 = ORIENTED_EDGE('',*,*,#1009,.F.);
#2851 = ORIENTED_EDGE('',*,*,#2852,.F.);
#2852 = EDGE_CURVE('',#2853,#1002,#2855,.T.);
#2853 = VERTEX_POINT('',#2854);
#2854 = CARTESIAN_POINT('',(-0.267181,-2.030469,0.35));
#2855 = LINE('',#2856,#2857);
#2856 = CARTESIAN_POINT('',(-0.267181,-2.030469,0.35));
#2857 = VECTOR('',#2858,1.);
#2858 = DIRECTION('',(6.123031769112E-17,1.,-1.40561392536E-65));
#2859 = ORIENTED_EDGE('',*,*,#2860,.F.);
#2860 = EDGE_CURVE('',#2769,#2853,#2861,.T.);
#2861 = LINE('',#2862,#2863);
#2862 = CARTESIAN_POINT('',(-3.13075291644E-15,-2.030469,0.35));
#2863 = VECTOR('',#2864,1.);
#2864 = DIRECTION('',(1.,-6.123031769112E-17,-6.123031769112E-17));
#2865 = PLANE('',#2866);
#2866 = AXIS2_PLACEMENT_3D('',#2867,#2868,#2869);
#2867 = CARTESIAN_POINT('',(-0.267181,-2.030469,0.35));
#2868 = DIRECTION('',(6.123031769112E-17,-3.749151804555E-33,1.));
#2869 = DIRECTION('',(1.,-6.123031769112E-17,-6.123031769112E-17));
#2870 = ADVANCED_FACE('',(#2871),#2882,.T.);
#2871 = FACE_BOUND('',#2872,.T.);
#2872 = EDGE_LOOP('',(#2873,#2874,#2875,#2876));
#2873 = ORIENTED_EDGE('',*,*,#1081,.F.);
#2874 = ORIENTED_EDGE('',*,*,#1570,.T.);
#2875 = ORIENTED_EDGE('',*,*,#2211,.T.);
#2876 = ORIENTED_EDGE('',*,*,#2877,.T.);
#2877 = EDGE_CURVE('',#2203,#1082,#2878,.T.);
#2878 = LINE('',#2879,#2880);
#2879 = CARTESIAN_POINT('',(-0.452181,-1.680469,2.325));
#2880 = VECTOR('',#2881,1.);
#2881 = DIRECTION('',(0.,0.,-1.));
#2882 = PLANE('',#2883);
#2883 = AXIS2_PLACEMENT_3D('',#2884,#2885,#2886);
#2884 = CARTESIAN_POINT('',(-3.417181,-1.680469,2.325));
#2885 = DIRECTION('',(0.,1.,0.));
#2886 = DIRECTION('',(1.,0.,0.));
#2887 = ADVANCED_FACE('',(#2888),#2971,.F.);
#2888 = FACE_BOUND('',#2889,.T.);
#2889 = EDGE_LOOP('',(#2890,#2898,#2899,#2907,#2915,#2923,#2931,#2938,
    #2939,#2940,#2948,#2956,#2964));
#2890 = ORIENTED_EDGE('',*,*,#2891,.F.);
#2891 = EDGE_CURVE('',#2457,#2892,#2894,.T.);
#2892 = VERTEX_POINT('',#2893);
#2893 = CARTESIAN_POINT('',(-1.417181,-2.030469,-5.E-02));
#2894 = LINE('',#2895,#2896);
#2895 = CARTESIAN_POINT('',(-1.417181,-2.030469,-5.386624106157));
#2896 = VECTOR('',#2897,1.);
#2897 = DIRECTION('',(-6.123031769112E-17,0.,-1.));
#2898 = ORIENTED_EDGE('',*,*,#2489,.T.);
#2899 = ORIENTED_EDGE('',*,*,#2900,.F.);
#2900 = EDGE_CURVE('',#2901,#2482,#2903,.T.);
#2901 = VERTEX_POINT('',#2902);
#2902 = CARTESIAN_POINT('',(-1.417181,-1.530469,1.05));
#2903 = LINE('',#2904,#2905);
#2904 = CARTESIAN_POINT('',(-1.417181,8.677444285582E-17,1.05));
#2905 = VECTOR('',#2906,1.);
#2906 = DIRECTION('',(-6.123031769112E-17,-1.,0.));
#2907 = ORIENTED_EDGE('',*,*,#2908,.F.);
#2908 = EDGE_CURVE('',#2909,#2901,#2911,.T.);
#2909 = VERTEX_POINT('',#2910);
#2910 = CARTESIAN_POINT('',(-1.417181,-1.029970628207,1.05));
#2911 = LINE('',#2912,#2913);
#2912 = CARTESIAN_POINT('',(-1.417181,0.,1.05));
#2913 = VECTOR('',#2914,1.);
#2914 = DIRECTION('',(-6.123031769112E-17,-1.,0.));
#2915 = ORIENTED_EDGE('',*,*,#2916,.F.);
#2916 = EDGE_CURVE('',#2917,#2909,#2919,.T.);
#2917 = VERTEX_POINT('',#2918);
#2918 = CARTESIAN_POINT('',(-1.417181,-1.029970628207,0.85));
#2919 = LINE('',#2920,#2921);
#2920 = CARTESIAN_POINT('',(-1.417181,-1.029970628207,-0.6000024));
#2921 = VECTOR('',#2922,1.);
#2922 = DIRECTION('',(6.123031769112E-17,0.,1.));
#2923 = ORIENTED_EDGE('',*,*,#2924,.F.);
#2924 = EDGE_CURVE('',#2925,#2917,#2927,.T.);
#2925 = VERTEX_POINT('',#2926);
#2926 = CARTESIAN_POINT('',(-1.417181,-1.630469,0.85));
#2927 = LINE('',#2928,#2929);
#2928 = CARTESIAN_POINT('',(-1.417181,8.677444285582E-17,0.85));
#2929 = VECTOR('',#2930,1.);
#2930 = DIRECTION('',(6.123031769112E-17,1.,0.));
#2931 = ORIENTED_EDGE('',*,*,#2932,.F.);
#2932 = EDGE_CURVE('',#978,#2925,#2933,.T.);
#2933 = CIRCLE('',#2934,0.2);
#2934 = AXIS2_PLACEMENT_3D('',#2935,#2936,#2937);
#2935 = CARTESIAN_POINT('',(-1.417181,-1.630469,0.65));
#2936 = DIRECTION('',(-1.,6.123031769112E-17,6.123031769112E-17));
#2937 = DIRECTION('',(-6.123031769112E-17,-1.,6.158049892052E-48));
#2938 = ORIENTED_EDGE('',*,*,#1024,.F.);
#2939 = ORIENTED_EDGE('',*,*,#877,.F.);
#2940 = ORIENTED_EDGE('',*,*,#2941,.F.);
#2941 = EDGE_CURVE('',#2942,#878,#2944,.T.);
#2942 = VERTEX_POINT('',#2943);
#2943 = CARTESIAN_POINT('',(-1.417181,-0.930469,-0.25));
#2944 = LINE('',#2945,#2946);
#2945 = CARTESIAN_POINT('',(-1.417181,8.677444285582E-17,-0.25));
#2946 = VECTOR('',#2947,1.);
#2947 = DIRECTION('',(-6.123031769112E-17,-1.,0.));
#2948 = ORIENTED_EDGE('',*,*,#2949,.F.);
#2949 = EDGE_CURVE('',#2950,#2942,#2952,.T.);
#2950 = VERTEX_POINT('',#2951);
#2951 = CARTESIAN_POINT('',(-1.417181,-0.930469,-0.45));
#2952 = LINE('',#2953,#2954);
#2953 = CARTESIAN_POINT('',(-1.417181,-0.930469,-5.386624106157));
#2954 = VECTOR('',#2955,1.);
#2955 = DIRECTION('',(6.123031769112E-17,0.,1.));
#2956 = ORIENTED_EDGE('',*,*,#2957,.F.);
#2957 = EDGE_CURVE('',#2958,#2950,#2960,.T.);
#2958 = VERTEX_POINT('',#2959);
#2959 = CARTESIAN_POINT('',(-1.417181,-1.630469,-0.45));
#2960 = LINE('',#2961,#2962);
#2961 = CARTESIAN_POINT('',(-1.417181,8.677444285582E-17,-0.45));
#2962 = VECTOR('',#2963,1.);
#2963 = DIRECTION('',(6.123031769112E-17,1.,0.));
#2964 = ORIENTED_EDGE('',*,*,#2965,.T.);
#2965 = EDGE_CURVE('',#2958,#2892,#2966,.T.);
#2966 = CIRCLE('',#2967,0.4);
#2967 = AXIS2_PLACEMENT_3D('',#2968,#2969,#2970);
#2968 = CARTESIAN_POINT('',(-1.417181,-1.630469,-5.E-02));
#2969 = DIRECTION('',(-1.,6.123031769112E-17,6.123031769112E-17));
#2970 = DIRECTION('',(-6.123031769112E-17,-1.,6.158049892052E-48));
#2971 = PLANE('',#2972);
#2972 = AXIS2_PLACEMENT_3D('',#2973,#2974,#2975);
#2973 = CARTESIAN_POINT('',(-1.417181,-1.330469,-0.6000024));
#2974 = DIRECTION('',(1.,-6.123031769112E-17,-6.123031769112E-17));
#2975 = DIRECTION('',(-6.123031769112E-17,-1.,0.));
#2976 = ADVANCED_FACE('',(#2977),#3051,.F.);
#2977 = FACE_BOUND('',#2978,.T.);
#2978 = EDGE_LOOP('',(#2979,#2988,#2989,#2998,#3004,#3005,#3011,#3012,
    #3020,#3029,#3037,#3045));
#2979 = ORIENTED_EDGE('',*,*,#2980,.T.);
#2980 = EDGE_CURVE('',#2981,#986,#2983,.T.);
#2981 = VERTEX_POINT('',#2982);
#2982 = CARTESIAN_POINT('',(0.382819,-1.630469,-0.25));
#2983 = CIRCLE('',#2984,0.2);
#2984 = AXIS2_PLACEMENT_3D('',#2985,#2986,#2987);
#2985 = CARTESIAN_POINT('',(0.382819,-1.630469,-5.E-02));
#2986 = DIRECTION('',(-1.,6.123031769112E-17,6.123031769112E-17));
#2987 = DIRECTION('',(-6.123031769112E-17,-1.,6.158049892052E-48));
#2988 = ORIENTED_EDGE('',*,*,#985,.F.);
#2989 = ORIENTED_EDGE('',*,*,#2990,.T.);
#2990 = EDGE_CURVE('',#976,#2991,#2993,.T.);
#2991 = VERTEX_POINT('',#2992);
#2992 = CARTESIAN_POINT('',(0.382819,-1.630469,0.85));
#2993 = CIRCLE('',#2994,0.2);
#2994 = AXIS2_PLACEMENT_3D('',#2995,#2996,#2997);
#2995 = CARTESIAN_POINT('',(0.382819,-1.630469,0.65));
#2996 = DIRECTION('',(-1.,6.123031769112E-17,6.123031769112E-17));
#2997 = DIRECTION('',(-6.123031769112E-17,-1.,6.158049892052E-48));
#2998 = ORIENTED_EDGE('',*,*,#2999,.F.);
#2999 = EDGE_CURVE('',#1333,#2991,#3000,.T.);
#3000 = LINE('',#3001,#3002);
#3001 = CARTESIAN_POINT('',(0.382819,-2.34401289882E-17,0.85));
#3002 = VECTOR('',#3003,1.);
#3003 = DIRECTION('',(-6.123031769112E-17,-1.,0.));
#3004 = ORIENTED_EDGE('',*,*,#1332,.T.);
#3005 = ORIENTED_EDGE('',*,*,#3006,.F.);
#3006 = EDGE_CURVE('',#2465,#1325,#3007,.T.);
#3007 = LINE('',#3008,#3009);
#3008 = CARTESIAN_POINT('',(0.382819,0.,1.05));
#3009 = VECTOR('',#3010,1.);
#3010 = DIRECTION('',(6.123031769112E-17,1.,0.));
#3011 = ORIENTED_EDGE('',*,*,#2464,.F.);
#3012 = ORIENTED_EDGE('',*,*,#3013,.F.);
#3013 = EDGE_CURVE('',#3014,#2455,#3016,.T.);
#3014 = VERTEX_POINT('',#3015);
#3015 = CARTESIAN_POINT('',(0.382819,-2.030469,-5.E-02));
#3016 = LINE('',#3017,#3018);
#3017 = CARTESIAN_POINT('',(0.382819,-2.030469,-5.386624106157));
#3018 = VECTOR('',#3019,1.);
#3019 = DIRECTION('',(6.123031769112E-17,0.,1.));
#3020 = ORIENTED_EDGE('',*,*,#3021,.F.);
#3021 = EDGE_CURVE('',#3022,#3014,#3024,.T.);
#3022 = VERTEX_POINT('',#3023);
#3023 = CARTESIAN_POINT('',(0.382819,-1.630469,-0.45));
#3024 = CIRCLE('',#3025,0.4);
#3025 = AXIS2_PLACEMENT_3D('',#3026,#3027,#3028);
#3026 = CARTESIAN_POINT('',(0.382819,-1.630469,-5.E-02));
#3027 = DIRECTION('',(-1.,6.123031769112E-17,6.123031769112E-17));
#3028 = DIRECTION('',(-6.123031769112E-17,-1.,6.158049892052E-48));
#3029 = ORIENTED_EDGE('',*,*,#3030,.F.);
#3030 = EDGE_CURVE('',#3031,#3022,#3033,.T.);
#3031 = VERTEX_POINT('',#3032);
#3032 = CARTESIAN_POINT('',(0.382819,-0.930469,-0.45));
#3033 = LINE('',#3034,#3035);
#3034 = CARTESIAN_POINT('',(0.382819,-2.34401289882E-17,-0.45));
#3035 = VECTOR('',#3036,1.);
#3036 = DIRECTION('',(-6.123031769112E-17,-1.,0.));
#3037 = ORIENTED_EDGE('',*,*,#3038,.F.);
#3038 = EDGE_CURVE('',#3039,#3031,#3041,.T.);
#3039 = VERTEX_POINT('',#3040);
#3040 = CARTESIAN_POINT('',(0.382819,-0.930469,-0.25));
#3041 = LINE('',#3042,#3043);
#3042 = CARTESIAN_POINT('',(0.382819,-0.930469,-5.386624106157));
#3043 = VECTOR('',#3044,1.);
#3044 = DIRECTION('',(-6.123031769112E-17,0.,-1.));
#3045 = ORIENTED_EDGE('',*,*,#3046,.F.);
#3046 = EDGE_CURVE('',#2981,#3039,#3047,.T.);
#3047 = LINE('',#3048,#3049);
#3048 = CARTESIAN_POINT('',(0.382819,-2.34401289882E-17,-0.25));
#3049 = VECTOR('',#3050,1.);
#3050 = DIRECTION('',(6.123031769112E-17,1.,0.));
#3051 = PLANE('',#3052);
#3052 = AXIS2_PLACEMENT_3D('',#3053,#3054,#3055);
#3053 = CARTESIAN_POINT('',(0.382819,-1.330469,-0.6000024));
#3054 = DIRECTION('',(-1.,6.123031769112E-17,6.123031769112E-17));
#3055 = DIRECTION('',(6.123031769112E-17,1.,0.));
#3056 = ADVANCED_FACE('',(#3057),#3082,.F.);
#3057 = FACE_BOUND('',#3058,.T.);
#3058 = EDGE_LOOP('',(#3059,#3069,#3075,#3076));
#3059 = ORIENTED_EDGE('',*,*,#3060,.F.);
#3060 = EDGE_CURVE('',#3061,#3063,#3065,.T.);
#3061 = VERTEX_POINT('',#3062);
#3062 = CARTESIAN_POINT('',(0.682819,0.669531,1.05));
#3063 = VERTEX_POINT('',#3064);
#3064 = CARTESIAN_POINT('',(0.682819,0.669531,0.85));
#3065 = LINE('',#3066,#3067);
#3066 = CARTESIAN_POINT('',(0.682819,0.669531,8.125));
#3067 = VECTOR('',#3068,1.);
#3068 = DIRECTION('',(-1.642146637881E-47,-3.749151804555E-33,-1.));
#3069 = ORIENTED_EDGE('',*,*,#3070,.F.);
#3070 = EDGE_CURVE('',#1971,#3061,#3071,.T.);
#3071 = LINE('',#3072,#3073);
#3072 = CARTESIAN_POINT('',(0.,0.669531,1.05));
#3073 = VECTOR('',#3074,1.);
#3074 = DIRECTION('',(1.,-6.123031769112E-17,0.));
#3075 = ORIENTED_EDGE('',*,*,#1970,.T.);
#3076 = ORIENTED_EDGE('',*,*,#3077,.T.);
#3077 = EDGE_CURVE('',#1963,#3063,#3078,.T.);
#3078 = LINE('',#3079,#3080);
#3079 = CARTESIAN_POINT('',(-3.107881790462E-15,0.669531,0.85));
#3080 = VECTOR('',#3081,1.);
#3081 = DIRECTION('',(1.,-6.123031769112E-17,-6.123031769112E-17));
#3082 = PLANE('',#3083);
#3083 = AXIS2_PLACEMENT_3D('',#3084,#3085,#3086);
#3084 = CARTESIAN_POINT('',(-1.74283400696,0.669531,0.934510345015));
#3085 = DIRECTION('',(6.123031769112E-17,1.,-3.749151804555E-33));
#3086 = DIRECTION('',(-1.,6.123031769112E-17,6.123031769112E-17));
#3087 = ADVANCED_FACE('',(#3088),#3113,.T.);
#3088 = FACE_BOUND('',#3089,.T.);
#3089 = EDGE_LOOP('',(#3090,#3100,#3106,#3107));
#3090 = ORIENTED_EDGE('',*,*,#3091,.T.);
#3091 = EDGE_CURVE('',#3092,#3094,#3096,.T.);
#3092 = VERTEX_POINT('',#3093);
#3093 = CARTESIAN_POINT('',(-0.267181,-1.630469,-0.45));
#3094 = VERTEX_POINT('',#3095);
#3095 = CARTESIAN_POINT('',(-0.267181,-1.630469,-0.25));
#3096 = LINE('',#3097,#3098);
#3097 = CARTESIAN_POINT('',(-0.267181,-1.630469,-5.E-02));
#3098 = VECTOR('',#3099,1.);
#3099 = DIRECTION('',(6.123031769112E-17,7.547219350123E-49,1.));
#3100 = ORIENTED_EDGE('',*,*,#3101,.T.);
#3101 = EDGE_CURVE('',#3094,#889,#3102,.T.);
#3102 = LINE('',#3103,#3104);
#3103 = CARTESIAN_POINT('',(-2.217181,-1.630469,-0.25));
#3104 = VECTOR('',#3105,1.);
#3105 = DIRECTION('',(-1.,6.123031769112E-17,6.123031769112E-17));
#3106 = ORIENTED_EDGE('',*,*,#2793,.T.);
#3107 = ORIENTED_EDGE('',*,*,#3108,.F.);
#3108 = EDGE_CURVE('',#3092,#2785,#3109,.T.);
#3109 = LINE('',#3110,#3111);
#3110 = CARTESIAN_POINT('',(-2.217181,-1.630469,-0.45));
#3111 = VECTOR('',#3112,1.);
#3112 = DIRECTION('',(-1.,6.123031769112E-17,6.123031769112E-17));
#3113 = PLANE('',#3114);
#3114 = AXIS2_PLACEMENT_3D('',#3115,#3116,#3117);
#3115 = CARTESIAN_POINT('',(-0.748576102356,-1.630469,0.198273944384));
#3116 = DIRECTION('',(-6.123031769112E-17,-1.,3.749151804555E-33));
#3117 = DIRECTION('',(6.123031769112E-17,-2.052683297351E-48,1.));
#3118 = ADVANCED_FACE('',(#3119),#3145,.F.);
#3119 = FACE_BOUND('',#3120,.F.);
#3120 = EDGE_LOOP('',(#3121,#3129,#3130,#3138));
#3121 = ORIENTED_EDGE('',*,*,#3122,.T.);
#3122 = EDGE_CURVE('',#3123,#2261,#3125,.T.);
#3123 = VERTEX_POINT('',#3124);
#3124 = CARTESIAN_POINT('',(-2.017181,1.469531,0.65));
#3125 = LINE('',#3126,#3127);
#3126 = CARTESIAN_POINT('',(-2.017181,1.224606353822E-17,0.65));
#3127 = VECTOR('',#3128,1.);
#3128 = DIRECTION('',(-6.123031769112E-17,-1.,6.162975822039E-33));
#3129 = ORIENTED_EDGE('',*,*,#2268,.T.);
#3130 = ORIENTED_EDGE('',*,*,#3131,.F.);
#3131 = EDGE_CURVE('',#3132,#2269,#3134,.T.);
#3132 = VERTEX_POINT('',#3133);
#3133 = CARTESIAN_POINT('',(-1.817181,1.469531,0.85));
#3134 = LINE('',#3135,#3136);
#3135 = CARTESIAN_POINT('',(-1.817181,5.698710742924E-32,0.85));
#3136 = VECTOR('',#3137,1.);
#3137 = DIRECTION('',(-6.123031769112E-17,-1.,6.162975822039E-33));
#3138 = ORIENTED_EDGE('',*,*,#3139,.F.);
#3139 = EDGE_CURVE('',#3123,#3132,#3140,.T.);
#3140 = CIRCLE('',#3141,0.2);
#3141 = AXIS2_PLACEMENT_3D('',#3142,#3143,#3144);
#3142 = CARTESIAN_POINT('',(-1.817181,1.469531,0.65));
#3143 = DIRECTION('',(6.123031769112E-17,1.,-6.162975822039E-33));
#3144 = DIRECTION('',(-1.,6.123031769112E-17,0.));
#3145 = CYLINDRICAL_SURFACE('',#3146,0.2);
#3146 = AXIS2_PLACEMENT_3D('',#3147,#3148,#3149);
#3147 = CARTESIAN_POINT('',(-1.817181,5.773693779015E-32,0.65));
#3148 = DIRECTION('',(-6.123031769112E-17,-1.,6.162975822039E-33));
#3149 = DIRECTION('',(-1.,6.123031769112E-17,0.));
#3150 = ADVANCED_FACE('',(#3151),#3176,.F.);
#3151 = FACE_BOUND('',#3152,.T.);
#3152 = EDGE_LOOP('',(#3153,#3154,#3162,#3170));
#3153 = ORIENTED_EDGE('',*,*,#2410,.T.);
#3154 = ORIENTED_EDGE('',*,*,#3155,.F.);
#3155 = EDGE_CURVE('',#3156,#2403,#3158,.T.);
#3156 = VERTEX_POINT('',#3157);
#3157 = CARTESIAN_POINT('',(0.682819,-0.363802333333,0.85));
#3158 = LINE('',#3159,#3160);
#3159 = CARTESIAN_POINT('',(0.7919597,-4.849194402956E-17,0.85));
#3160 = VECTOR('',#3161,1.);
#3161 = DIRECTION('',(-0.287347885566,-0.957826285221,1.75944023211E-17)
  );
#3162 = ORIENTED_EDGE('',*,*,#3163,.F.);
#3163 = EDGE_CURVE('',#3164,#3156,#3166,.T.);
#3164 = VERTEX_POINT('',#3165);
#3165 = CARTESIAN_POINT('',(0.682819,-0.363802333333,1.05));
#3166 = LINE('',#3167,#3168);
#3167 = CARTESIAN_POINT('',(0.682819,-0.363802333333,8.125));
#3168 = VECTOR('',#3169,1.);
#3169 = DIRECTION('',(9.061689386298E-31,2.041010589704E-16,-1.));
#3170 = ORIENTED_EDGE('',*,*,#3171,.F.);
#3171 = EDGE_CURVE('',#2411,#3164,#3172,.T.);
#3172 = LINE('',#3173,#3174);
#3173 = CARTESIAN_POINT('',(0.7919597,0.,1.05));
#3174 = VECTOR('',#3175,1.);
#3175 = DIRECTION('',(0.287347885566,0.957826285221,0.));
#3176 = PLANE('',#3177);
#3177 = AXIS2_PLACEMENT_3D('',#3178,#3179,#3180);
#3178 = CARTESIAN_POINT('',(0.782819,-3.0469E-02,1.05));
#3179 = DIRECTION('',(-0.957826285221,0.287347885566,5.8648007737E-17));
#3180 = DIRECTION('',(0.287347885566,0.957826285221,-1.75944023211E-17)
  );
#3181 = ADVANCED_FACE('',(#3182),#3200,.T.);
#3182 = FACE_BOUND('',#3183,.T.);
#3183 = EDGE_LOOP('',(#3184,#3193,#3199));
#3184 = ORIENTED_EDGE('',*,*,#3185,.T.);
#3185 = EDGE_CURVE('',#1420,#3186,#3188,.T.);
#3186 = VERTEX_POINT('',#3187);
#3187 = CARTESIAN_POINT('',(-2.217181,0.669531,0.65));
#3188 = CIRCLE('',#3189,0.4);
#3189 = AXIS2_PLACEMENT_3D('',#3190,#3191,#3192);
#3190 = CARTESIAN_POINT('',(-1.817181,0.669531,0.65));
#3191 = DIRECTION('',(-6.123031769112E-17,-1.,6.162975822039E-33));
#3192 = DIRECTION('',(1.,-6.123031769112E-17,0.));
#3193 = ORIENTED_EDGE('',*,*,#3194,.F.);
#3194 = EDGE_CURVE('',#1428,#3186,#3195,.T.);
#3195 = LINE('',#3196,#3197);
#3196 = CARTESIAN_POINT('',(-2.217181,0.669531,6.875));
#3197 = VECTOR('',#3198,1.);
#3198 = DIRECTION('',(0.,0.,-1.));
#3199 = ORIENTED_EDGE('',*,*,#1427,.T.);
#3200 = PLANE('',#3201);
#3201 = AXIS2_PLACEMENT_3D('',#3202,#3203,#3204);
#3202 = CARTESIAN_POINT('',(-1.417181,0.669531,0.3));
#3203 = DIRECTION('',(0.,1.,0.));
#3204 = DIRECTION('',(0.,0.,-1.));
#3205 = ADVANCED_FACE('',(#3206),#3229,.T.);
#3206 = FACE_BOUND('',#3207,.T.);
#3207 = EDGE_LOOP('',(#3208,#3214,#3215,#3221,#3222,#3228));
#3208 = ORIENTED_EDGE('',*,*,#3209,.T.);
#3209 = EDGE_CURVE('',#2950,#3031,#3210,.T.);
#3210 = LINE('',#3211,#3212);
#3211 = CARTESIAN_POINT('',(-2.217181,-0.930469,-0.45));
#3212 = VECTOR('',#3213,1.);
#3213 = DIRECTION('',(1.,-6.123031769112E-17,-6.123031769112E-17));
#3214 = ORIENTED_EDGE('',*,*,#3030,.T.);
#3215 = ORIENTED_EDGE('',*,*,#3216,.F.);
#3216 = EDGE_CURVE('',#3092,#3022,#3217,.T.);
#3217 = LINE('',#3218,#3219);
#3218 = CARTESIAN_POINT('',(-2.217181,-1.630469,-0.45));
#3219 = VECTOR('',#3220,1.);
#3220 = DIRECTION('',(1.,-6.123031769112E-17,-6.123031769112E-17));
#3221 = ORIENTED_EDGE('',*,*,#3108,.T.);
#3222 = ORIENTED_EDGE('',*,*,#3223,.F.);
#3223 = EDGE_CURVE('',#2958,#2785,#3224,.T.);
#3224 = LINE('',#3225,#3226);
#3225 = CARTESIAN_POINT('',(-2.217181,-1.630469,-0.45));
#3226 = VECTOR('',#3227,1.);
#3227 = DIRECTION('',(1.,-6.123031769112E-17,-6.123031769112E-17));
#3228 = ORIENTED_EDGE('',*,*,#2957,.T.);
#3229 = PLANE('',#3230);
#3230 = AXIS2_PLACEMENT_3D('',#3231,#3232,#3233);
#3231 = CARTESIAN_POINT('',(-2.217181,-0.930469,-0.45));
#3232 = DIRECTION('',(-6.123031769112E-17,3.749151804555E-33,-1.));
#3233 = DIRECTION('',(6.123031769112E-17,1.,4.105366594702E-48));
#3234 = ADVANCED_FACE('',(#3235),#3254,.T.);
#3235 = FACE_BOUND('',#3236,.T.);
#3236 = EDGE_LOOP('',(#3237,#3238,#3239,#3247));
#3237 = ORIENTED_EDGE('',*,*,#3216,.T.);
#3238 = ORIENTED_EDGE('',*,*,#3021,.T.);
#3239 = ORIENTED_EDGE('',*,*,#3240,.T.);
#3240 = EDGE_CURVE('',#3014,#3241,#3243,.T.);
#3241 = VERTEX_POINT('',#3242);
#3242 = CARTESIAN_POINT('',(-0.267181,-2.030469,-5.E-02));
#3243 = LINE('',#3244,#3245);
#3244 = CARTESIAN_POINT('',(-2.217181,-2.030469,-5.E-02));
#3245 = VECTOR('',#3246,1.);
#3246 = DIRECTION('',(-1.,6.123031769112E-17,6.123031769112E-17));
#3247 = ORIENTED_EDGE('',*,*,#3248,.F.);
#3248 = EDGE_CURVE('',#3092,#3241,#3249,.T.);
#3249 = CIRCLE('',#3250,0.4);
#3250 = AXIS2_PLACEMENT_3D('',#3251,#3252,#3253);
#3251 = CARTESIAN_POINT('',(-0.267181,-1.630469,-5.E-02));
#3252 = DIRECTION('',(-1.,6.123031769112E-17,6.123031769112E-17));
#3253 = DIRECTION('',(-6.123031769112E-17,-1.,6.158049892052E-48));
#3254 = CYLINDRICAL_SURFACE('',#3255,0.4);
#3255 = AXIS2_PLACEMENT_3D('',#3256,#3257,#3258);
#3256 = CARTESIAN_POINT('',(-2.217181,-1.630469,-5.E-02));
#3257 = DIRECTION('',(-1.,6.123031769112E-17,6.123031769112E-17));
#3258 = DIRECTION('',(-6.123031769112E-17,-1.,6.158049892052E-48));
#3259 = ADVANCED_FACE('',(#3260),#3294,.F.);
#3260 = FACE_BOUND('',#3261,.T.);
#3261 = EDGE_LOOP('',(#3262,#3272,#3280,#3288));
#3262 = ORIENTED_EDGE('',*,*,#3263,.T.);
#3263 = EDGE_CURVE('',#3264,#3266,#3268,.T.);
#3264 = VERTEX_POINT('',#3265);
#3265 = CARTESIAN_POINT('',(0.664974354594,-0.869692227028,1.05));
#3266 = VERTEX_POINT('',#3267);
#3267 = CARTESIAN_POINT('',(0.664974354594,-0.869692227028,0.85));
#3268 = LINE('',#3269,#3270);
#3269 = CARTESIAN_POINT('',(0.664974354594,-0.869692227028,1.05));
#3270 = VECTOR('',#3271,1.);
#3271 = DIRECTION('',(-6.123031769112E-17,0.,-1.));
#3272 = ORIENTED_EDGE('',*,*,#3273,.F.);
#3273 = EDGE_CURVE('',#3274,#3266,#3276,.T.);
#3274 = VERTEX_POINT('',#3275);
#3275 = CARTESIAN_POINT('',(0.682819,-0.780469,0.85));
#3276 = LINE('',#3277,#3278);
#3277 = CARTESIAN_POINT('',(0.8389128,-5.136689725915E-17,0.85));
#3278 = VECTOR('',#3279,1.);
#3279 = DIRECTION('',(-0.196116135138,-0.980580675691,1.200825325887E-17
    ));
#3280 = ORIENTED_EDGE('',*,*,#3281,.F.);
#3281 = EDGE_CURVE('',#3282,#3274,#3284,.T.);
#3282 = VERTEX_POINT('',#3283);
#3283 = CARTESIAN_POINT('',(0.682819,-0.780469,1.05));
#3284 = LINE('',#3285,#3286);
#3285 = CARTESIAN_POINT('',(0.682819,-0.780469,8.125));
#3286 = VECTOR('',#3287,1.);
#3287 = DIRECTION('',(1.359137044565E-30,3.061515884556E-16,-1.));
#3288 = ORIENTED_EDGE('',*,*,#3289,.F.);
#3289 = EDGE_CURVE('',#3264,#3282,#3290,.T.);
#3290 = LINE('',#3291,#3292);
#3291 = CARTESIAN_POINT('',(0.8389128,0.,1.05));
#3292 = VECTOR('',#3293,1.);
#3293 = DIRECTION('',(0.196116135138,0.980580675691,0.));
#3294 = PLANE('',#3295);
#3295 = AXIS2_PLACEMENT_3D('',#3296,#3297,#3298);
#3296 = CARTESIAN_POINT('',(0.732819,-0.530469,1.05));
#3297 = DIRECTION('',(-0.980580675691,0.196116135138,6.004126629433E-17)
  );
#3298 = DIRECTION('',(0.196116135138,0.980580675691,-1.200825325887E-17)
  );
#3299 = ADVANCED_FACE('',(#3300),#3310,.T.);
#3300 = FACE_BOUND('',#3301,.T.);
#3301 = EDGE_LOOP('',(#3302,#3303,#3309));
#3302 = ORIENTED_EDGE('',*,*,#2069,.T.);
#3303 = ORIENTED_EDGE('',*,*,#3304,.T.);
#3304 = EDGE_CURVE('',#2062,#1915,#3305,.T.);
#3305 = LINE('',#3306,#3307);
#3306 = CARTESIAN_POINT('',(0.,-0.530469,1.05));
#3307 = VECTOR('',#3308,1.);
#3308 = DIRECTION('',(-1.,6.123031769112E-17,0.));
#3309 = ORIENTED_EDGE('',*,*,#1914,.F.);
#3310 = PLANE('',#3311);
#3311 = AXIS2_PLACEMENT_3D('',#3312,#3313,#3314);
#3312 = CARTESIAN_POINT('',(0.584885317322,2.499492133643,1.05));
#3313 = DIRECTION('',(0.,0.,-1.));
#3314 = DIRECTION('',(-1.,0.,0.));
#3315 = ADVANCED_FACE('',(#3316),#3354,.T.);
#3316 = FACE_BOUND('',#3317,.T.);
#3317 = EDGE_LOOP('',(#3318,#3319,#3320,#3321,#3328,#3329,#3337,#3345,
    #3351,#3352,#3353));
#3318 = ORIENTED_EDGE('',*,*,#2473,.F.);
#3319 = ORIENTED_EDGE('',*,*,#3006,.T.);
#3320 = ORIENTED_EDGE('',*,*,#1324,.T.);
#3321 = ORIENTED_EDGE('',*,*,#3322,.F.);
#3322 = EDGE_CURVE('',#3264,#1315,#3323,.T.);
#3323 = CIRCLE('',#3324,0.2);
#3324 = AXIS2_PLACEMENT_3D('',#3325,#3326,#3327);
#3325 = CARTESIAN_POINT('',(0.468858219456,-0.830469,1.05));
#3326 = DIRECTION('',(-6.123031769112E-17,0.,-1.));
#3327 = DIRECTION('',(-1.,6.123031769112E-17,6.123031769112E-17));
#3328 = ORIENTED_EDGE('',*,*,#3289,.T.);
#3329 = ORIENTED_EDGE('',*,*,#3330,.F.);
#3330 = EDGE_CURVE('',#3331,#3282,#3333,.T.);
#3331 = VERTEX_POINT('',#3332);
#3332 = CARTESIAN_POINT('',(0.682819,-1.330469,1.05));
#3333 = LINE('',#3334,#3335);
#3334 = CARTESIAN_POINT('',(0.682819,-2.5104714,1.05));
#3335 = VECTOR('',#3336,1.);
#3336 = DIRECTION('',(-1.224606353822E-16,1.,0.));
#3337 = ORIENTED_EDGE('',*,*,#3338,.F.);
#3338 = EDGE_CURVE('',#3339,#3331,#3341,.T.);
#3339 = VERTEX_POINT('',#3340);
#3340 = CARTESIAN_POINT('',(1.182819,-1.330469,1.05));
#3341 = LINE('',#3342,#3343);
#3342 = CARTESIAN_POINT('',(-3.603374597403E-18,-1.330469,1.05));
#3343 = VECTOR('',#3344,1.);
#3344 = DIRECTION('',(-1.,-1.224606353822E-16,0.));
#3345 = ORIENTED_EDGE('',*,*,#3346,.F.);
#3346 = EDGE_CURVE('',#2031,#3339,#3347,.T.);
#3347 = LINE('',#3348,#3349);
#3348 = CARTESIAN_POINT('',(1.182819,1.448487662822E-16,1.05));
#3349 = VECTOR('',#3350,1.);
#3350 = DIRECTION('',(-1.224606353822E-16,1.,0.));
#3351 = ORIENTED_EDGE('',*,*,#2030,.T.);
#3352 = ORIENTED_EDGE('',*,*,#1242,.T.);
#3353 = ORIENTED_EDGE('',*,*,#2686,.F.);
#3354 = PLANE('',#3355);
#3355 = AXIS2_PLACEMENT_3D('',#3356,#3357,#3358);
#3356 = CARTESIAN_POINT('',(0.584885317322,2.499492133643,1.05));
#3357 = DIRECTION('',(0.,0.,-1.));
#3358 = DIRECTION('',(-1.,0.,0.));
#3359 = ADVANCED_FACE('',(#3360),#3395,.T.);
#3360 = FACE_BOUND('',#3361,.T.);
#3361 = EDGE_LOOP('',(#3362,#3370,#3371,#3377,#3378,#3379,#3385,#3386,
    #3387,#3388));
#3362 = ORIENTED_EDGE('',*,*,#3363,.T.);
#3363 = EDGE_CURVE('',#3364,#2909,#3366,.T.);
#3364 = VERTEX_POINT('',#3365);
#3365 = CARTESIAN_POINT('',(-1.517330511538,-1.029970628207,1.05));
#3366 = LINE('',#3367,#3368);
#3367 = CARTESIAN_POINT('',(0.,-1.029970628207,1.05));
#3368 = VECTOR('',#3369,1.);
#3369 = DIRECTION('',(1.,-6.123031769112E-17,0.));
#3370 = ORIENTED_EDGE('',*,*,#2908,.T.);
#3371 = ORIENTED_EDGE('',*,*,#3372,.F.);
#3372 = EDGE_CURVE('',#2507,#2901,#3373,.T.);
#3373 = LINE('',#3374,#3375);
#3374 = CARTESIAN_POINT('',(2.088875247904E-17,-1.530469,1.05));
#3375 = VECTOR('',#3376,1.);
#3376 = DIRECTION('',(1.,1.224606353822E-16,0.));
#3377 = ORIENTED_EDGE('',*,*,#2506,.T.);
#3378 = ORIENTED_EDGE('',*,*,#1637,.T.);
#3379 = ORIENTED_EDGE('',*,*,#3380,.F.);
#3380 = EDGE_CURVE('',#954,#1630,#3381,.T.);
#3381 = LINE('',#3382,#3383);
#3382 = CARTESIAN_POINT('',(-2.217181,-2.715173940174E-16,1.05));
#3383 = VECTOR('',#3384,1.);
#3384 = DIRECTION('',(1.224606353822E-16,-1.,0.));
#3385 = ORIENTED_EDGE('',*,*,#953,.F.);
#3386 = ORIENTED_EDGE('',*,*,#1865,.F.);
#3387 = ORIENTED_EDGE('',*,*,#2616,.T.);
#3388 = ORIENTED_EDGE('',*,*,#3389,.T.);
#3389 = EDGE_CURVE('',#2609,#3364,#3390,.T.);
#3390 = CIRCLE('',#3391,0.2);
#3391 = AXIS2_PLACEMENT_3D('',#3392,#3393,#3394);
#3392 = CARTESIAN_POINT('',(-1.503220219456,-0.830469,1.05));
#3393 = DIRECTION('',(6.123031769112E-17,0.,1.));
#3394 = DIRECTION('',(1.,-6.123031769112E-17,-6.123031769112E-17));
#3395 = PLANE('',#3396);
#3396 = AXIS2_PLACEMENT_3D('',#3397,#3398,#3399);
#3397 = CARTESIAN_POINT('',(0.584885317322,2.499492133643,1.05));
#3398 = DIRECTION('',(0.,0.,-1.));
#3399 = DIRECTION('',(-1.,0.,0.));
#3400 = ADVANCED_FACE('',(#3401),#3407,.T.);
#3401 = FACE_BOUND('',#3402,.T.);
#3402 = EDGE_LOOP('',(#3403,#3404,#3405,#3406));
#3403 = ORIENTED_EDGE('',*,*,#1748,.T.);
#3404 = ORIENTED_EDGE('',*,*,#2440,.T.);
#3405 = ORIENTED_EDGE('',*,*,#2009,.T.);
#3406 = ORIENTED_EDGE('',*,*,#1882,.F.);
#3407 = PLANE('',#3408);
#3408 = AXIS2_PLACEMENT_3D('',#3409,#3410,#3411);
#3409 = CARTESIAN_POINT('',(0.584885317322,2.499492133643,1.05));
#3410 = DIRECTION('',(0.,0.,-1.));
#3411 = DIRECTION('',(-1.,0.,0.));
#3412 = ADVANCED_FACE('',(#3413),#3479,.T.);
#3413 = FACE_BOUND('',#3414,.T.);
#3414 = EDGE_LOOP('',(#3415,#3416,#3424,#3430,#3431,#3440,#3446,#3447,
    #3455,#3463,#3471,#3478));
#3415 = ORIENTED_EDGE('',*,*,#2734,.T.);
#3416 = ORIENTED_EDGE('',*,*,#3417,.F.);
#3417 = EDGE_CURVE('',#3418,#2727,#3420,.T.);
#3418 = VERTEX_POINT('',#3419);
#3419 = CARTESIAN_POINT('',(1.182819,1.469531,0.55));
#3420 = LINE('',#3421,#3422);
#3421 = CARTESIAN_POINT('',(1.182819,1.469531,15.625));
#3422 = VECTOR('',#3423,1.);
#3423 = DIRECTION('',(6.123031769112E-17,-6.162975822039E-33,1.));
#3424 = ORIENTED_EDGE('',*,*,#3425,.F.);
#3425 = EDGE_CURVE('',#2086,#3418,#3426,.T.);
#3426 = LINE('',#3427,#3428);
#3427 = CARTESIAN_POINT('',(-3.107881790462E-15,1.469531,0.55));
#3428 = VECTOR('',#3429,1.);
#3429 = DIRECTION('',(1.,-6.123031769112E-17,-6.123031769112E-17));
#3430 = ORIENTED_EDGE('',*,*,#2083,.F.);
#3431 = ORIENTED_EDGE('',*,*,#3432,.T.);
#3432 = EDGE_CURVE('',#2084,#3433,#3435,.T.);
#3433 = VERTEX_POINT('',#3434);
#3434 = CARTESIAN_POINT('',(0.782819,1.469531,0.85));
#3435 = CIRCLE('',#3436,0.2);
#3436 = AXIS2_PLACEMENT_3D('',#3437,#3438,#3439);
#3437 = CARTESIAN_POINT('',(0.782819,1.469531,0.65));
#3438 = DIRECTION('',(-6.123031769112E-17,-1.,6.162975822039E-33));
#3439 = DIRECTION('',(1.,-6.123031769112E-17,0.));
#3440 = ORIENTED_EDGE('',*,*,#3441,.F.);
#3441 = EDGE_CURVE('',#3132,#3433,#3442,.T.);
#3442 = LINE('',#3443,#3444);
#3443 = CARTESIAN_POINT('',(-3.107881790462E-15,1.469531,0.85));
#3444 = VECTOR('',#3445,1.);
#3445 = DIRECTION('',(1.,-6.123031769112E-17,-6.123031769112E-17));
#3446 = ORIENTED_EDGE('',*,*,#3139,.F.);
#3447 = ORIENTED_EDGE('',*,*,#3448,.F.);
#3448 = EDGE_CURVE('',#3449,#3123,#3451,.T.);
#3449 = VERTEX_POINT('',#3450);
#3450 = CARTESIAN_POINT('',(-2.017181,1.469531,0.55));
#3451 = LINE('',#3452,#3453);
#3452 = CARTESIAN_POINT('',(-2.017181,1.469531,15.625));
#3453 = VECTOR('',#3454,1.);
#3454 = DIRECTION('',(6.123031769112E-17,-6.162975822039E-33,1.));
#3455 = ORIENTED_EDGE('',*,*,#3456,.F.);
#3456 = EDGE_CURVE('',#3457,#3449,#3459,.T.);
#3457 = VERTEX_POINT('',#3458);
#3458 = CARTESIAN_POINT('',(-2.217181,1.469531,0.55));
#3459 = LINE('',#3460,#3461);
#3460 = CARTESIAN_POINT('',(-3.107881790462E-15,1.469531,0.55));
#3461 = VECTOR('',#3462,1.);
#3462 = DIRECTION('',(1.,-6.123031769112E-17,-6.123031769112E-17));
#3463 = ORIENTED_EDGE('',*,*,#3464,.F.);
#3464 = EDGE_CURVE('',#3465,#3457,#3467,.T.);
#3465 = VERTEX_POINT('',#3466);
#3466 = CARTESIAN_POINT('',(-2.217181,1.469531,0.65));
#3467 = LINE('',#3468,#3469);
#3468 = CARTESIAN_POINT('',(-2.217181,1.469531,15.625));
#3469 = VECTOR('',#3470,1.);
#3470 = DIRECTION('',(-6.123031769112E-17,6.162975822039E-33,-1.));
#3471 = ORIENTED_EDGE('',*,*,#3472,.F.);
#3472 = EDGE_CURVE('',#1412,#3465,#3473,.T.);
#3473 = CIRCLE('',#3474,0.4);
#3474 = AXIS2_PLACEMENT_3D('',#3475,#3476,#3477);
#3475 = CARTESIAN_POINT('',(-1.817181,1.469531,0.65));
#3476 = DIRECTION('',(-6.123031769112E-17,-1.,6.162975822039E-33));
#3477 = DIRECTION('',(1.,-6.123031769112E-17,0.));
#3478 = ORIENTED_EDGE('',*,*,#1411,.T.);
#3479 = PLANE('',#3480);
#3480 = AXIS2_PLACEMENT_3D('',#3481,#3482,#3483);
#3481 = CARTESIAN_POINT('',(-1.74283400696,1.469531,0.934510345015));
#3482 = DIRECTION('',(6.123031769112E-17,1.,-3.749151804555E-33));
#3483 = DIRECTION('',(-1.,6.123031769112E-17,6.123031769112E-17));
#3484 = ADVANCED_FACE('',(#3485),#3503,.T.);
#3485 = FACE_BOUND('',#3486,.T.);
#3486 = EDGE_LOOP('',(#3487,#3495,#3496,#3497));
#3487 = ORIENTED_EDGE('',*,*,#3488,.T.);
#3488 = EDGE_CURVE('',#3489,#1953,#3491,.T.);
#3489 = VERTEX_POINT('',#3490);
#3490 = CARTESIAN_POINT('',(0.682819,-3.0469E-02,1.05));
#3491 = LINE('',#3492,#3493);
#3492 = CARTESIAN_POINT('',(0.,-3.0469E-02,1.05));
#3493 = VECTOR('',#3494,1.);
#3494 = DIRECTION('',(-1.,6.123031769112E-17,0.));
#3495 = ORIENTED_EDGE('',*,*,#1978,.T.);
#3496 = ORIENTED_EDGE('',*,*,#3070,.T.);
#3497 = ORIENTED_EDGE('',*,*,#3498,.F.);
#3498 = EDGE_CURVE('',#3489,#3061,#3499,.T.);
#3499 = LINE('',#3500,#3501);
#3500 = CARTESIAN_POINT('',(0.682819,-2.5104714,1.05));
#3501 = VECTOR('',#3502,1.);
#3502 = DIRECTION('',(-1.224606353822E-16,1.,0.));
#3503 = PLANE('',#3504);
#3504 = AXIS2_PLACEMENT_3D('',#3505,#3506,#3507);
#3505 = CARTESIAN_POINT('',(0.584885317322,2.499492133643,1.05));
#3506 = DIRECTION('',(0.,0.,-1.));
#3507 = DIRECTION('',(-1.,0.,0.));
#3508 = ADVANCED_FACE('',(#3509),#3519,.T.);
#3509 = FACE_BOUND('',#3510,.T.);
#3510 = EDGE_LOOP('',(#3511,#3512,#3513));
#3511 = ORIENTED_EDGE('',*,*,#2418,.T.);
#3512 = ORIENTED_EDGE('',*,*,#3171,.T.);
#3513 = ORIENTED_EDGE('',*,*,#3514,.F.);
#3514 = EDGE_CURVE('',#2395,#3164,#3515,.T.);
#3515 = LINE('',#3516,#3517);
#3516 = CARTESIAN_POINT('',(0.682819,-2.5104714,1.05));
#3517 = VECTOR('',#3518,1.);
#3518 = DIRECTION('',(-1.224606353822E-16,1.,0.));
#3519 = PLANE('',#3520);
#3520 = AXIS2_PLACEMENT_3D('',#3521,#3522,#3523);
#3521 = CARTESIAN_POINT('',(0.584885317322,2.499492133643,1.05));
#3522 = DIRECTION('',(0.,0.,-1.));
#3523 = DIRECTION('',(-1.,0.,0.));
#3524 = ADVANCED_FACE('',(#3525),#3550,.T.);
#3525 = FACE_BOUND('',#3526,.T.);
#3526 = EDGE_LOOP('',(#3527,#3535,#3536,#3544));
#3527 = ORIENTED_EDGE('',*,*,#3528,.T.);
#3528 = EDGE_CURVE('',#3529,#1508,#3531,.T.);
#3529 = VERTEX_POINT('',#3530);
#3530 = CARTESIAN_POINT('',(0.782819,2.769531,4.7));
#3531 = LINE('',#3532,#3533);
#3532 = CARTESIAN_POINT('',(0.782819,2.769531,4.375));
#3533 = VECTOR('',#3534,1.);
#3534 = DIRECTION('',(0.,0.,-1.));
#3535 = ORIENTED_EDGE('',*,*,#1507,.T.);
#3536 = ORIENTED_EDGE('',*,*,#3537,.T.);
#3537 = EDGE_CURVE('',#1500,#3538,#3540,.T.);
#3538 = VERTEX_POINT('',#3539);
#3539 = CARTESIAN_POINT('',(0.782819,-0.230469,4.7));
#3540 = LINE('',#3541,#3542);
#3541 = CARTESIAN_POINT('',(0.782819,-0.230469,9.2499976));
#3542 = VECTOR('',#3543,1.);
#3543 = DIRECTION('',(0.,0.,1.));
#3544 = ORIENTED_EDGE('',*,*,#3545,.F.);
#3545 = EDGE_CURVE('',#3529,#3538,#3546,.T.);
#3546 = LINE('',#3547,#3548);
#3547 = CARTESIAN_POINT('',(0.782819,-5.399537219794E-16,4.7));
#3548 = VECTOR('',#3549,1.);
#3549 = DIRECTION('',(0.,-1.,0.));
#3550 = PLANE('',#3551);
#3551 = AXIS2_PLACEMENT_3D('',#3552,#3553,#3554);
#3552 = CARTESIAN_POINT('',(0.782819,2.769531,13.2500024));
#3553 = DIRECTION('',(-1.,1.224606353822E-16,0.));
#3554 = DIRECTION('',(-1.224606353822E-16,-1.,0.));
#3555 = ADVANCED_FACE('',(#3556),#3644,.T.);
#3556 = FACE_BOUND('',#3557,.T.);
#3557 = EDGE_LOOP('',(#3558,#3566,#3573,#3574,#3575,#3581,#3582,#3583,
    #3584,#3585,#3586,#3587,#3588,#3589,#3597,#3603,#3604,#3605,#3613,
    #3619,#3620,#3621,#3627,#3628,#3635,#3636,#3637,#3643));
#3558 = ORIENTED_EDGE('',*,*,#3559,.T.);
#3559 = EDGE_CURVE('',#2917,#3560,#3562,.T.);
#3560 = VERTEX_POINT('',#3561);
#3561 = CARTESIAN_POINT('',(-1.517330511538,-1.029970628207,0.85));
#3562 = LINE('',#3563,#3564);
#3563 = CARTESIAN_POINT('',(-3.038876924441E-15,-1.029970628207,0.85));
#3564 = VECTOR('',#3565,1.);
#3565 = DIRECTION('',(-1.,6.123031769112E-17,6.123031769112E-17));
#3566 = ORIENTED_EDGE('',*,*,#3567,.F.);
#3567 = EDGE_CURVE('',#2601,#3560,#3568,.T.);
#3568 = CIRCLE('',#3569,0.2);
#3569 = AXIS2_PLACEMENT_3D('',#3570,#3571,#3572);
#3570 = CARTESIAN_POINT('',(-1.503220219456,-0.830469,0.85));
#3571 = DIRECTION('',(6.123031769112E-17,0.,1.));
#3572 = DIRECTION('',(1.,-6.123031769112E-17,-6.123031769112E-17));
#3573 = ORIENTED_EDGE('',*,*,#2600,.T.);
#3574 = ORIENTED_EDGE('',*,*,#1930,.T.);
#3575 = ORIENTED_EDGE('',*,*,#3576,.T.);
#3576 = EDGE_CURVE('',#1923,#2054,#3577,.T.);
#3577 = LINE('',#3578,#3579);
#3578 = CARTESIAN_POINT('',(-3.008292281058E-15,-0.530469,0.85));
#3579 = VECTOR('',#3580,1.);
#3580 = DIRECTION('',(1.,-6.123031769112E-17,-6.123031769112E-17));
#3581 = ORIENTED_EDGE('',*,*,#2053,.T.);
#3582 = ORIENTED_EDGE('',*,*,#1898,.T.);
#3583 = ORIENTED_EDGE('',*,*,#2002,.T.);
#3584 = ORIENTED_EDGE('',*,*,#2433,.T.);
#3585 = ORIENTED_EDGE('',*,*,#1732,.F.);
#3586 = ORIENTED_EDGE('',*,*,#2277,.T.);
#3587 = ORIENTED_EDGE('',*,*,#3131,.F.);
#3588 = ORIENTED_EDGE('',*,*,#3441,.T.);
#3589 = ORIENTED_EDGE('',*,*,#3590,.F.);
#3590 = EDGE_CURVE('',#3591,#3433,#3593,.T.);
#3591 = VERTEX_POINT('',#3592);
#3592 = CARTESIAN_POINT('',(0.782819,0.669531,0.85));
#3593 = LINE('',#3594,#3595);
#3594 = CARTESIAN_POINT('',(0.782819,5.698710742924E-32,0.85));
#3595 = VECTOR('',#3596,1.);
#3596 = DIRECTION('',(6.123031769112E-17,1.,-6.162975822039E-33));
#3597 = ORIENTED_EDGE('',*,*,#3598,.T.);
#3598 = EDGE_CURVE('',#3591,#3063,#3599,.T.);
#3599 = LINE('',#3600,#3601);
#3600 = CARTESIAN_POINT('',(0.,0.669531,0.85));
#3601 = VECTOR('',#3602,1.);
#3602 = DIRECTION('',(-1.,-5.551115123126E-16,6.123031769112E-17));
#3603 = ORIENTED_EDGE('',*,*,#3077,.F.);
#3604 = ORIENTED_EDGE('',*,*,#1962,.T.);
#3605 = ORIENTED_EDGE('',*,*,#3606,.T.);
#3606 = EDGE_CURVE('',#1955,#3607,#3609,.T.);
#3607 = VERTEX_POINT('',#3608);
#3608 = CARTESIAN_POINT('',(0.682819,-3.0469E-02,0.85));
#3609 = LINE('',#3610,#3611);
#3610 = CARTESIAN_POINT('',(-2.977677122213E-15,-3.0469E-02,0.85));
#3611 = VECTOR('',#3612,1.);
#3612 = DIRECTION('',(1.,-6.123031769112E-17,-6.123031769112E-17));
#3613 = ORIENTED_EDGE('',*,*,#3614,.T.);
#3614 = EDGE_CURVE('',#3607,#3156,#3615,.T.);
#3615 = LINE('',#3616,#3617);
#3616 = CARTESIAN_POINT('',(0.682819,0.,0.85));
#3617 = VECTOR('',#3618,1.);
#3618 = DIRECTION('',(-4.440892098501E-15,-1.,3.944304526105E-31));
#3619 = ORIENTED_EDGE('',*,*,#3155,.T.);
#3620 = ORIENTED_EDGE('',*,*,#2402,.T.);
#3621 = ORIENTED_EDGE('',*,*,#3622,.T.);
#3622 = EDGE_CURVE('',#2393,#3274,#3623,.T.);
#3623 = LINE('',#3624,#3625);
#3624 = CARTESIAN_POINT('',(0.682819,0.,0.85));
#3625 = VECTOR('',#3626,1.);
#3626 = DIRECTION('',(-4.440892098501E-15,-1.,3.944304526105E-31));
#3627 = ORIENTED_EDGE('',*,*,#3273,.T.);
#3628 = ORIENTED_EDGE('',*,*,#3629,.T.);
#3629 = EDGE_CURVE('',#3266,#1317,#3630,.T.);
#3630 = CIRCLE('',#3631,0.2);
#3631 = AXIS2_PLACEMENT_3D('',#3632,#3633,#3634);
#3632 = CARTESIAN_POINT('',(0.468858219456,-0.830469,0.85));
#3633 = DIRECTION('',(-6.123031769112E-17,0.,-1.));
#3634 = DIRECTION('',(-1.,6.123031769112E-17,6.123031769112E-17));
#3635 = ORIENTED_EDGE('',*,*,#1340,.T.);
#3636 = ORIENTED_EDGE('',*,*,#2999,.T.);
#3637 = ORIENTED_EDGE('',*,*,#3638,.F.);
#3638 = EDGE_CURVE('',#2925,#2991,#3639,.T.);
#3639 = LINE('',#3640,#3641);
#3640 = CARTESIAN_POINT('',(-2.217181,-1.630469,0.85));
#3641 = VECTOR('',#3642,1.);
#3642 = DIRECTION('',(1.,-6.123031769112E-17,-6.123031769112E-17));
#3643 = ORIENTED_EDGE('',*,*,#2924,.T.);
#3644 = PLANE('',#3645);
#3645 = AXIS2_PLACEMENT_3D('',#3646,#3647,#3648);
#3646 = CARTESIAN_POINT('',(-2.217181,1.469531,0.85));
#3647 = DIRECTION('',(-6.123031769112E-17,3.749151804555E-33,-1.));
#3648 = DIRECTION('',(6.123031769112E-17,1.,4.105366594702E-48));
#3649 = ADVANCED_FACE('',(#3650),#3656,.F.);
#3650 = FACE_BOUND('',#3651,.F.);
#3651 = EDGE_LOOP('',(#3652,#3653,#3654,#3655));
#3652 = ORIENTED_EDGE('',*,*,#2932,.F.);
#3653 = ORIENTED_EDGE('',*,*,#975,.F.);
#3654 = ORIENTED_EDGE('',*,*,#2990,.T.);
#3655 = ORIENTED_EDGE('',*,*,#3638,.F.);
#3656 = CYLINDRICAL_SURFACE('',#3657,0.2);
#3657 = AXIS2_PLACEMENT_3D('',#3658,#3659,#3660);
#3658 = CARTESIAN_POINT('',(-2.217181,-1.630469,0.65));
#3659 = DIRECTION('',(-1.,6.123031769112E-17,6.123031769112E-17));
#3660 = DIRECTION('',(-6.123031769112E-17,-1.,6.158049892052E-48));
#3661 = ADVANCED_FACE('',(#3662),#3673,.T.);
#3662 = FACE_BOUND('',#3663,.T.);
#3663 = EDGE_LOOP('',(#3664,#3665,#3666,#3672));
#3664 = ORIENTED_EDGE('',*,*,#2608,.T.);
#3665 = ORIENTED_EDGE('',*,*,#3567,.T.);
#3666 = ORIENTED_EDGE('',*,*,#3667,.T.);
#3667 = EDGE_CURVE('',#3560,#3364,#3668,.T.);
#3668 = LINE('',#3669,#3670);
#3669 = CARTESIAN_POINT('',(-1.517330511538,-1.029970628207,1.05));
#3670 = VECTOR('',#3671,1.);
#3671 = DIRECTION('',(6.123031769112E-17,0.,1.));
#3672 = ORIENTED_EDGE('',*,*,#3389,.F.);
#3673 = CYLINDRICAL_SURFACE('',#3674,0.2);
#3674 = AXIS2_PLACEMENT_3D('',#3675,#3676,#3677);
#3675 = CARTESIAN_POINT('',(-1.503220219456,-0.830469,1.05));
#3676 = DIRECTION('',(6.123031769112E-17,0.,1.));
#3677 = DIRECTION('',(1.,-6.123031769112E-17,-6.123031769112E-17));
#3678 = ADVANCED_FACE('',(#3679),#3690,.F.);
#3679 = FACE_BOUND('',#3680,.F.);
#3680 = EDGE_LOOP('',(#3681,#3682,#3683,#3684));
#3681 = ORIENTED_EDGE('',*,*,#2202,.T.);
#3682 = ORIENTED_EDGE('',*,*,#2877,.T.);
#3683 = ORIENTED_EDGE('',*,*,#1089,.F.);
#3684 = ORIENTED_EDGE('',*,*,#3685,.F.);
#3685 = EDGE_CURVE('',#2195,#1041,#3686,.T.);
#3686 = LINE('',#3687,#3688);
#3687 = CARTESIAN_POINT('',(-0.223052215252,-1.530469,2.325));
#3688 = VECTOR('',#3689,1.);
#3689 = DIRECTION('',(0.,0.,-1.));
#3690 = CYLINDRICAL_SURFACE('',#3691,0.25);
#3691 = AXIS2_PLACEMENT_3D('',#3692,#3693,#3694);
#3692 = CARTESIAN_POINT('',(-0.452181,-1.430469,2.325));
#3693 = DIRECTION('',(0.,0.,-1.));
#3694 = DIRECTION('',(-1.,0.,0.));
#3695 = ADVANCED_FACE('',(#3696),#3702,.F.);
#3696 = FACE_BOUND('',#3697,.T.);
#3697 = EDGE_LOOP('',(#3698,#3699,#3700,#3701));
#3698 = ORIENTED_EDGE('',*,*,#2061,.T.);
#3699 = ORIENTED_EDGE('',*,*,#3576,.F.);
#3700 = ORIENTED_EDGE('',*,*,#1922,.F.);
#3701 = ORIENTED_EDGE('',*,*,#3304,.F.);
#3702 = PLANE('',#3703);
#3703 = AXIS2_PLACEMENT_3D('',#3704,#3705,#3706);
#3704 = CARTESIAN_POINT('',(-1.767181,-0.530469,1.05));
#3705 = DIRECTION('',(-6.123031769112E-17,-1.,3.749151804555E-33));
#3706 = DIRECTION('',(-1.,6.123031769112E-17,6.123031769112E-17));
#3707 = ADVANCED_FACE('',(#3708),#3733,.F.);
#3708 = FACE_BOUND('',#3709,.T.);
#3709 = EDGE_LOOP('',(#3710,#3718,#3719,#3727));
#3710 = ORIENTED_EDGE('',*,*,#3711,.T.);
#3711 = EDGE_CURVE('',#3712,#2649,#3714,.T.);
#3712 = VERTEX_POINT('',#3713);
#3713 = CARTESIAN_POINT('',(-2.217181,-2.030469,3.926));
#3714 = LINE('',#3715,#3716);
#3715 = CARTESIAN_POINT('',(-2.217181,-2.030469,3.926));
#3716 = VECTOR('',#3717,1.);
#3717 = DIRECTION('',(1.,-1.224606353822E-16,0.));
#3718 = ORIENTED_EDGE('',*,*,#2648,.F.);
#3719 = ORIENTED_EDGE('',*,*,#3720,.T.);
#3720 = EDGE_CURVE('',#2641,#3721,#3723,.T.);
#3721 = VERTEX_POINT('',#3722);
#3722 = CARTESIAN_POINT('',(-2.217181,-2.030469,5.2));
#3723 = LINE('',#3724,#3725);
#3724 = CARTESIAN_POINT('',(-1.665334536938E-16,-2.030469,5.2));
#3725 = VECTOR('',#3726,1.);
#3726 = DIRECTION('',(-1.,0.,0.));
#3727 = ORIENTED_EDGE('',*,*,#3728,.T.);
#3728 = EDGE_CURVE('',#3721,#3712,#3729,.T.);
#3729 = LINE('',#3730,#3731);
#3730 = CARTESIAN_POINT('',(-2.217181,-2.030469,-0.625));
#3731 = VECTOR('',#3732,1.);
#3732 = DIRECTION('',(0.,0.,-1.));
#3733 = PLANE('',#3734);
#3734 = AXIS2_PLACEMENT_3D('',#3735,#3736,#3737);
#3735 = CARTESIAN_POINT('',(-2.217181,-2.030469,4.026));
#3736 = DIRECTION('',(1.224606353822E-16,1.,8.881784197001E-15));
#3737 = DIRECTION('',(-1.087668936093E-30,-8.881784197001E-15,1.));
#3738 = ADVANCED_FACE('',(#3739),#3750,.T.);
#3739 = FACE_BOUND('',#3740,.T.);
#3740 = EDGE_LOOP('',(#3741,#3742,#3748,#3749));
#3741 = ORIENTED_EDGE('',*,*,#3472,.T.);
#3742 = ORIENTED_EDGE('',*,*,#3743,.F.);
#3743 = EDGE_CURVE('',#3186,#3465,#3744,.T.);
#3744 = LINE('',#3745,#3746);
#3745 = CARTESIAN_POINT('',(-2.217181,2.449212707645E-17,0.65));
#3746 = VECTOR('',#3747,1.);
#3747 = DIRECTION('',(6.123031769112E-17,1.,-6.162975822039E-33));
#3748 = ORIENTED_EDGE('',*,*,#3185,.F.);
#3749 = ORIENTED_EDGE('',*,*,#1419,.T.);
#3750 = CYLINDRICAL_SURFACE('',#3751,0.4);
#3751 = AXIS2_PLACEMENT_3D('',#3752,#3753,#3754);
#3752 = CARTESIAN_POINT('',(-1.817181,5.773693779015E-32,0.65));
#3753 = DIRECTION('',(6.123031769112E-17,1.,-6.162975822039E-33));
#3754 = DIRECTION('',(1.,-6.123031769112E-17,0.));
#3755 = ADVANCED_FACE('',(#3756),#3767,.T.);
#3756 = FACE_BOUND('',#3757,.T.);
#3757 = EDGE_LOOP('',(#3758,#3759,#3765,#3766));
#3758 = ORIENTED_EDGE('',*,*,#2260,.T.);
#3759 = ORIENTED_EDGE('',*,*,#3760,.F.);
#3760 = EDGE_CURVE('',#3449,#2253,#3761,.T.);
#3761 = LINE('',#3762,#3763);
#3762 = CARTESIAN_POINT('',(-2.017181,1.469531,0.55));
#3763 = VECTOR('',#3764,1.);
#3764 = DIRECTION('',(-6.123031769112E-17,-1.,0.));
#3765 = ORIENTED_EDGE('',*,*,#3448,.T.);
#3766 = ORIENTED_EDGE('',*,*,#3122,.T.);
#3767 = PLANE('',#3768);
#3768 = AXIS2_PLACEMENT_3D('',#3769,#3770,#3771);
#3769 = CARTESIAN_POINT('',(-2.017181,1.469531,1.05));
#3770 = DIRECTION('',(1.,-6.123031769112E-17,-6.123031769112E-17));
#3771 = DIRECTION('',(6.123031769112E-17,0.,1.));
#3772 = ADVANCED_FACE('',(#3773),#3792,.F.);
#3773 = FACE_BOUND('',#3774,.T.);
#3774 = EDGE_LOOP('',(#3775,#3776,#3777,#3784,#3785,#3786));
#3775 = ORIENTED_EDGE('',*,*,#2852,.T.);
#3776 = ORIENTED_EDGE('',*,*,#1001,.F.);
#3777 = ORIENTED_EDGE('',*,*,#3778,.F.);
#3778 = EDGE_CURVE('',#3094,#994,#3779,.T.);
#3779 = CIRCLE('',#3780,0.2);
#3780 = AXIS2_PLACEMENT_3D('',#3781,#3782,#3783);
#3781 = CARTESIAN_POINT('',(-0.267181,-1.630469,-5.E-02));
#3782 = DIRECTION('',(-1.,6.123031769112E-17,6.123031769112E-17));
#3783 = DIRECTION('',(-6.123031769112E-17,-1.,6.158049892052E-48));
#3784 = ORIENTED_EDGE('',*,*,#3091,.F.);
#3785 = ORIENTED_EDGE('',*,*,#3248,.T.);
#3786 = ORIENTED_EDGE('',*,*,#3787,.F.);
#3787 = EDGE_CURVE('',#2853,#3241,#3788,.T.);
#3788 = LINE('',#3789,#3790);
#3789 = CARTESIAN_POINT('',(-0.267181,-2.030469,-5.386624106157));
#3790 = VECTOR('',#3791,1.);
#3791 = DIRECTION('',(-6.123031769112E-17,-7.547219350123E-49,-1.));
#3792 = PLANE('',#3793);
#3793 = AXIS2_PLACEMENT_3D('',#3794,#3795,#3796);
#3794 = CARTESIAN_POINT('',(-0.267181,-2.030469,-0.45));
#3795 = DIRECTION('',(1.,-6.123031769112E-17,-6.123031769112E-17));
#3796 = DIRECTION('',(-6.123031769112E-17,-1.,0.));
#3797 = ADVANCED_FACE('',(#3798),#3809,.F.);
#3798 = FACE_BOUND('',#3799,.T.);
#3799 = EDGE_LOOP('',(#3800,#3806,#3807,#3808));
#3800 = ORIENTED_EDGE('',*,*,#3801,.F.);
#3801 = EDGE_CURVE('',#3607,#3489,#3802,.T.);
#3802 = LINE('',#3803,#3804);
#3803 = CARTESIAN_POINT('',(0.682819,-3.0469E-02,8.125));
#3804 = VECTOR('',#3805,1.);
#3805 = DIRECTION('',(1.642146637881E-47,3.749151804555E-33,1.));
#3806 = ORIENTED_EDGE('',*,*,#3606,.F.);
#3807 = ORIENTED_EDGE('',*,*,#1952,.F.);
#3808 = ORIENTED_EDGE('',*,*,#3488,.F.);
#3809 = PLANE('',#3810);
#3810 = AXIS2_PLACEMENT_3D('',#3811,#3812,#3813);
#3811 = CARTESIAN_POINT('',(0.632819,-3.0469E-02,1.05));
#3812 = DIRECTION('',(-6.123031769112E-17,-1.,3.749151804555E-33));
#3813 = DIRECTION('',(-1.,6.123031769112E-17,6.123031769112E-17));
#3814 = ADVANCED_FACE('',(#3815),#3830,.T.);
#3815 = FACE_BOUND('',#3816,.T.);
#3816 = EDGE_LOOP('',(#3817,#3823,#3824,#3825,#3826,#3827,#3828,#3829));
#3817 = ORIENTED_EDGE('',*,*,#3818,.F.);
#3818 = EDGE_CURVE('',#2777,#2892,#3819,.T.);
#3819 = LINE('',#3820,#3821);
#3820 = CARTESIAN_POINT('',(-2.217181,-2.030469,-5.E-02));
#3821 = VECTOR('',#3822,1.);
#3822 = DIRECTION('',(-1.,6.123031769112E-17,6.123031769112E-17));
#3823 = ORIENTED_EDGE('',*,*,#2776,.T.);
#3824 = ORIENTED_EDGE('',*,*,#2860,.T.);
#3825 = ORIENTED_EDGE('',*,*,#3787,.T.);
#3826 = ORIENTED_EDGE('',*,*,#3240,.F.);
#3827 = ORIENTED_EDGE('',*,*,#3013,.T.);
#3828 = ORIENTED_EDGE('',*,*,#2454,.T.);
#3829 = ORIENTED_EDGE('',*,*,#2891,.T.);
#3830 = PLANE('',#3831);
#3831 = AXIS2_PLACEMENT_3D('',#3832,#3833,#3834);
#3832 = CARTESIAN_POINT('',(-2.217181,-2.030469,-5.E-02));
#3833 = DIRECTION('',(-6.123031769112E-17,-1.,3.749151804555E-33));
#3834 = DIRECTION('',(-6.123031769112E-17,2.052683297351E-48,-1.));
#3835 = ADVANCED_FACE('',(#3836),#3847,.T.);
#3836 = FACE_BOUND('',#3837,.T.);
#3837 = EDGE_LOOP('',(#3838,#3839,#3840,#3846));
#3838 = ORIENTED_EDGE('',*,*,#3209,.F.);
#3839 = ORIENTED_EDGE('',*,*,#2949,.T.);
#3840 = ORIENTED_EDGE('',*,*,#3841,.T.);
#3841 = EDGE_CURVE('',#2942,#3039,#3842,.T.);
#3842 = LINE('',#3843,#3844);
#3843 = CARTESIAN_POINT('',(-2.217181,-0.930469,-0.25));
#3844 = VECTOR('',#3845,1.);
#3845 = DIRECTION('',(1.,-6.123031769112E-17,-6.123031769112E-17));
#3846 = ORIENTED_EDGE('',*,*,#3038,.T.);
#3847 = PLANE('',#3848);
#3848 = AXIS2_PLACEMENT_3D('',#3849,#3850,#3851);
#3849 = CARTESIAN_POINT('',(-2.217181,-0.930469,-0.25));
#3850 = DIRECTION('',(6.123031769112E-17,1.,-3.749151804555E-33));
#3851 = DIRECTION('',(6.123031769112E-17,-2.052683297351E-48,1.));
#3852 = ADVANCED_FACE('',(#3853),#3859,.T.);
#3853 = FACE_BOUND('',#3854,.T.);
#3854 = EDGE_LOOP('',(#3855,#3856,#3857,#3858));
#3855 = ORIENTED_EDGE('',*,*,#1314,.T.);
#3856 = ORIENTED_EDGE('',*,*,#3629,.F.);
#3857 = ORIENTED_EDGE('',*,*,#3263,.F.);
#3858 = ORIENTED_EDGE('',*,*,#3322,.T.);
#3859 = CYLINDRICAL_SURFACE('',#3860,0.2);
#3860 = AXIS2_PLACEMENT_3D('',#3861,#3862,#3863);
#3861 = CARTESIAN_POINT('',(0.468858219456,-0.830469,1.05));
#3862 = DIRECTION('',(-6.123031769112E-17,0.,-1.));
#3863 = DIRECTION('',(-1.,6.123031769112E-17,6.123031769112E-17));
#3864 = ADVANCED_FACE('',(#3865),#3876,.T.);
#3865 = FACE_BOUND('',#3866,.T.);
#3866 = EDGE_LOOP('',(#3867,#3868,#3869,#3870));
#3867 = ORIENTED_EDGE('',*,*,#3456,.T.);
#3868 = ORIENTED_EDGE('',*,*,#3760,.T.);
#3869 = ORIENTED_EDGE('',*,*,#2252,.T.);
#3870 = ORIENTED_EDGE('',*,*,#3871,.F.);
#3871 = EDGE_CURVE('',#3457,#2245,#3872,.T.);
#3872 = LINE('',#3873,#3874);
#3873 = CARTESIAN_POINT('',(-2.217181,1.469531,0.55));
#3874 = VECTOR('',#3875,1.);
#3875 = DIRECTION('',(-6.123031769112E-17,-1.,0.));
#3876 = PLANE('',#3877);
#3877 = AXIS2_PLACEMENT_3D('',#3878,#3879,#3880);
#3878 = CARTESIAN_POINT('',(-2.017181,1.469531,0.55));
#3879 = DIRECTION('',(-6.123031769112E-17,3.749151804555E-33,-1.));
#3880 = DIRECTION('',(1.,-6.123031769112E-17,-6.123031769112E-17));
#3881 = ADVANCED_FACE('',(#3882),#3894,.F.);
#3882 = FACE_BOUND('',#3883,.F.);
#3883 = EDGE_LOOP('',(#3884,#3885,#3886,#3887));
#3884 = ORIENTED_EDGE('',*,*,#2109,.T.);
#3885 = ORIENTED_EDGE('',*,*,#3432,.T.);
#3886 = ORIENTED_EDGE('',*,*,#3590,.F.);
#3887 = ORIENTED_EDGE('',*,*,#3888,.F.);
#3888 = EDGE_CURVE('',#2102,#3591,#3889,.T.);
#3889 = CIRCLE('',#3890,0.2);
#3890 = AXIS2_PLACEMENT_3D('',#3891,#3892,#3893);
#3891 = CARTESIAN_POINT('',(0.782819,0.669531,0.65));
#3892 = DIRECTION('',(-6.123031769112E-17,-1.,6.162975822039E-33));
#3893 = DIRECTION('',(1.,-6.123031769112E-17,0.));
#3894 = CYLINDRICAL_SURFACE('',#3895,0.2);
#3895 = AXIS2_PLACEMENT_3D('',#3896,#3897,#3898);
#3896 = CARTESIAN_POINT('',(0.782819,5.773693779015E-32,0.65));
#3897 = DIRECTION('',(6.123031769112E-17,1.,-6.162975822039E-33));
#3898 = DIRECTION('',(1.,-6.123031769112E-17,0.));
#3899 = ADVANCED_FACE('',(#3900),#3906,.F.);
#3900 = FACE_BOUND('',#3901,.T.);
#3901 = EDGE_LOOP('',(#3902,#3903,#3904,#3905));
#3902 = ORIENTED_EDGE('',*,*,#3667,.F.);
#3903 = ORIENTED_EDGE('',*,*,#3559,.F.);
#3904 = ORIENTED_EDGE('',*,*,#2916,.T.);
#3905 = ORIENTED_EDGE('',*,*,#3363,.F.);
#3906 = PLANE('',#3907);
#3907 = AXIS2_PLACEMENT_3D('',#3908,#3909,#3910);
#3908 = CARTESIAN_POINT('',(-1.517330511538,-1.029970628207,-0.6000024)
  );
#3909 = DIRECTION('',(6.123031769112E-17,1.,-3.749151804555E-33));
#3910 = DIRECTION('',(1.,-6.123031769112E-17,-6.123031769112E-17));
#3911 = ADVANCED_FACE('',(#3912),#3930,.T.);
#3912 = FACE_BOUND('',#3913,.T.);
#3913 = EDGE_LOOP('',(#3914,#3915,#3923,#3929));
#3914 = ORIENTED_EDGE('',*,*,#3425,.T.);
#3915 = ORIENTED_EDGE('',*,*,#3916,.T.);
#3916 = EDGE_CURVE('',#3418,#3917,#3919,.T.);
#3917 = VERTEX_POINT('',#3918);
#3918 = CARTESIAN_POINT('',(1.182819,0.669531,0.55));
#3919 = LINE('',#3920,#3921);
#3920 = CARTESIAN_POINT('',(1.182819,1.469531,0.55));
#3921 = VECTOR('',#3922,1.);
#3922 = DIRECTION('',(-6.123031769112E-17,-1.,0.));
#3923 = ORIENTED_EDGE('',*,*,#3924,.T.);
#3924 = EDGE_CURVE('',#3917,#2094,#3925,.T.);
#3925 = LINE('',#3926,#3927);
#3926 = CARTESIAN_POINT('',(0.,0.669531,0.55));
#3927 = VECTOR('',#3928,1.);
#3928 = DIRECTION('',(-1.,-5.551115123126E-16,6.123031769112E-17));
#3929 = ORIENTED_EDGE('',*,*,#2093,.F.);
#3930 = PLANE('',#3931);
#3931 = AXIS2_PLACEMENT_3D('',#3932,#3933,#3934);
#3932 = CARTESIAN_POINT('',(1.182819,1.469531,0.55));
#3933 = DIRECTION('',(-6.123031769112E-17,3.749151804555E-33,-1.));
#3934 = DIRECTION('',(1.,-6.123031769112E-17,-6.123031769112E-17));
#3935 = ADVANCED_FACE('',(#3936),#3949,.T.);
#3936 = FACE_BOUND('',#3937,.T.);
#3937 = EDGE_LOOP('',(#3938,#3939,#3940,#3941,#3942,#3948));
#3938 = ORIENTED_EDGE('',*,*,#3841,.F.);
#3939 = ORIENTED_EDGE('',*,*,#2941,.T.);
#3940 = ORIENTED_EDGE('',*,*,#888,.T.);
#3941 = ORIENTED_EDGE('',*,*,#3101,.F.);
#3942 = ORIENTED_EDGE('',*,*,#3943,.T.);
#3943 = EDGE_CURVE('',#3094,#2981,#3944,.T.);
#3944 = LINE('',#3945,#3946);
#3945 = CARTESIAN_POINT('',(-2.217181,-1.630469,-0.25));
#3946 = VECTOR('',#3947,1.);
#3947 = DIRECTION('',(1.,-6.123031769112E-17,-6.123031769112E-17));
#3948 = ORIENTED_EDGE('',*,*,#3046,.T.);
#3949 = PLANE('',#3950);
#3950 = AXIS2_PLACEMENT_3D('',#3951,#3952,#3953);
#3951 = CARTESIAN_POINT('',(-2.217181,-1.630469,-0.25));
#3952 = DIRECTION('',(6.123031769112E-17,-3.749151804555E-33,1.));
#3953 = DIRECTION('',(-6.123031769112E-17,-1.,-4.105366594702E-48));
#3954 = ADVANCED_FACE('',(#3955),#3961,.F.);
#3955 = FACE_BOUND('',#3956,.F.);
#3956 = EDGE_LOOP('',(#3957,#3958,#3959,#3960));
#3957 = ORIENTED_EDGE('',*,*,#3778,.F.);
#3958 = ORIENTED_EDGE('',*,*,#3943,.T.);
#3959 = ORIENTED_EDGE('',*,*,#2980,.T.);
#3960 = ORIENTED_EDGE('',*,*,#993,.T.);
#3961 = CYLINDRICAL_SURFACE('',#3962,0.2);
#3962 = AXIS2_PLACEMENT_3D('',#3963,#3964,#3965);
#3963 = CARTESIAN_POINT('',(-2.217181,-1.630469,-5.E-02));
#3964 = DIRECTION('',(-1.,6.123031769112E-17,6.123031769112E-17));
#3965 = DIRECTION('',(-6.123031769112E-17,-1.,6.158049892052E-48));
#3966 = ADVANCED_FACE('',(#3967),#3978,.T.);
#3967 = FACE_BOUND('',#3968,.T.);
#3968 = EDGE_LOOP('',(#3969,#3975,#3976,#3977));
#3969 = ORIENTED_EDGE('',*,*,#3970,.T.);
#3970 = EDGE_CURVE('',#2673,#2901,#3971,.T.);
#3971 = LINE('',#3972,#3973);
#3972 = CARTESIAN_POINT('',(0.,-1.530469,1.05));
#3973 = VECTOR('',#3974,1.);
#3974 = DIRECTION('',(-1.,-1.224606353822E-16,6.123031769112E-17));
#3975 = ORIENTED_EDGE('',*,*,#2900,.T.);
#3976 = ORIENTED_EDGE('',*,*,#2481,.T.);
#3977 = ORIENTED_EDGE('',*,*,#2680,.T.);
#3978 = PLANE('',#3979);
#3979 = AXIS2_PLACEMENT_3D('',#3980,#3981,#3982);
#3980 = CARTESIAN_POINT('',(0.982819,1.469531,1.05));
#3981 = DIRECTION('',(6.123031769112E-17,-3.749151804555E-33,1.));
#3982 = DIRECTION('',(-1.,6.123031769112E-17,6.123031769112E-17));
#3983 = ADVANCED_FACE('',(#3984),#3990,.F.);
#3984 = FACE_BOUND('',#3985,.T.);
#3985 = EDGE_LOOP('',(#3986,#3987,#3988,#3989));
#3986 = ORIENTED_EDGE('',*,*,#2752,.T.);
#3987 = ORIENTED_EDGE('',*,*,#2217,.F.);
#3988 = ORIENTED_EDGE('',*,*,#1560,.T.);
#3989 = ORIENTED_EDGE('',*,*,#1707,.T.);
#3990 = PLANE('',#3991);
#3991 = AXIS2_PLACEMENT_3D('',#3992,#3993,#3994);
#3992 = CARTESIAN_POINT('',(-3.717181,-2.4404714,2.6));
#3993 = DIRECTION('',(0.242535625036,0.,-0.970142500145));
#3994 = DIRECTION('',(0.970142500145,0.,0.242535625036));
#3995 = ADVANCED_FACE('',(#3996),#4002,.T.);
#3996 = FACE_BOUND('',#3997,.T.);
#3997 = EDGE_LOOP('',(#3998,#3999,#4000,#4001));
#3998 = ORIENTED_EDGE('',*,*,#3223,.T.);
#3999 = ORIENTED_EDGE('',*,*,#2784,.T.);
#4000 = ORIENTED_EDGE('',*,*,#3818,.T.);
#4001 = ORIENTED_EDGE('',*,*,#2965,.F.);
#4002 = CYLINDRICAL_SURFACE('',#4003,0.4);
#4003 = AXIS2_PLACEMENT_3D('',#4004,#4005,#4006);
#4004 = CARTESIAN_POINT('',(-2.217181,-1.630469,-5.E-02));
#4005 = DIRECTION('',(-1.,6.123031769112E-17,6.123031769112E-17));
#4006 = DIRECTION('',(-6.123031769112E-17,-1.,6.158049892052E-48));
#4007 = ADVANCED_FACE('',(#4008),#4082,.F.);
#4008 = FACE_BOUND('',#4009,.T.);
#4009 = EDGE_LOOP('',(#4010,#4020,#4028,#4036,#4044,#4052,#4058,#4059,
    #4060,#4061,#4067,#4068,#4076));
#4010 = ORIENTED_EDGE('',*,*,#4011,.T.);
#4011 = EDGE_CURVE('',#4012,#4014,#4016,.T.);
#4012 = VERTEX_POINT('',#4013);
#4013 = CARTESIAN_POINT('',(-1.717181,0.669531,5.4));
#4014 = VERTEX_POINT('',#4015);
#4015 = CARTESIAN_POINT('',(-1.717181,0.669531,5.41));
#4016 = LINE('',#4017,#4018);
#4017 = CARTESIAN_POINT('',(-1.717181,0.669531,5.2));
#4018 = VECTOR('',#4019,1.);
#4019 = DIRECTION('',(0.,0.,1.));
#4020 = ORIENTED_EDGE('',*,*,#4021,.T.);
#4021 = EDGE_CURVE('',#4014,#4022,#4024,.T.);
#4022 = VERTEX_POINT('',#4023);
#4023 = CARTESIAN_POINT('',(-1.717181,-1.330469,5.41));
#4024 = LINE('',#4025,#4026);
#4025 = CARTESIAN_POINT('',(-1.717181,-2.338021335238E-16,5.41));
#4026 = VECTOR('',#4027,1.);
#4027 = DIRECTION('',(1.265318145399E-15,-1.,0.));
#4028 = ORIENTED_EDGE('',*,*,#4029,.F.);
#4029 = EDGE_CURVE('',#4030,#4022,#4032,.T.);
#4030 = VERTEX_POINT('',#4031);
#4031 = CARTESIAN_POINT('',(-1.717181,-1.330469,5.2));
#4032 = LINE('',#4033,#4034);
#4033 = CARTESIAN_POINT('',(-1.717181,-1.330469,4.375));
#4034 = VECTOR('',#4035,1.);
#4035 = DIRECTION('',(0.,0.,1.));
#4036 = ORIENTED_EDGE('',*,*,#4037,.F.);
#4037 = EDGE_CURVE('',#4038,#4030,#4040,.T.);
#4038 = VERTEX_POINT('',#4039);
#4039 = CARTESIAN_POINT('',(-1.717181,-0.780469,5.2));
#4040 = LINE('',#4041,#4042);
#4041 = CARTESIAN_POINT('',(-1.717181,-2.338021335238E-16,5.2));
#4042 = VECTOR('',#4043,1.);
#4043 = DIRECTION('',(1.265318145399E-15,-1.,0.));
#4044 = ORIENTED_EDGE('',*,*,#4045,.T.);
#4045 = EDGE_CURVE('',#4038,#4046,#4048,.T.);
#4046 = VERTEX_POINT('',#4047);
#4047 = CARTESIAN_POINT('',(-1.717181,-0.780469,5.4));
#4048 = LINE('',#4049,#4050);
#4049 = CARTESIAN_POINT('',(-1.717181,-0.780469,-8.125));
#4050 = VECTOR('',#4051,1.);
#4051 = DIRECTION('',(-3.888860329824E-31,3.061515884556E-16,1.));
#4052 = ORIENTED_EDGE('',*,*,#4053,.F.);
#4053 = EDGE_CURVE('',#2300,#4046,#4054,.T.);
#4054 = LINE('',#4055,#4056);
#4055 = CARTESIAN_POINT('',(-1.717181,0.,5.4));
#4056 = VECTOR('',#4057,1.);
#4057 = DIRECTION('',(1.265318145399E-15,-1.,-9.860761315263E-32));
#4058 = ORIENTED_EDGE('',*,*,#2299,.T.);
#4059 = ORIENTED_EDGE('',*,*,#855,.F.);
#4060 = ORIENTED_EDGE('',*,*,#1615,.T.);
#4061 = ORIENTED_EDGE('',*,*,#4062,.F.);
#4062 = EDGE_CURVE('',#1275,#1608,#4063,.T.);
#4063 = LINE('',#4064,#4065);
#4064 = CARTESIAN_POINT('',(-1.717181,0.,5.4));
#4065 = VECTOR('',#4066,1.);
#4066 = DIRECTION('',(1.265318145399E-15,-1.,-9.860761315263E-32));
#4067 = ORIENTED_EDGE('',*,*,#1274,.T.);
#4068 = ORIENTED_EDGE('',*,*,#4069,.F.);
#4069 = EDGE_CURVE('',#4070,#1277,#4072,.T.);
#4070 = VERTEX_POINT('',#4071);
#4071 = CARTESIAN_POINT('',(-1.717181,0.669531,5.2));
#4072 = LINE('',#4073,#4074);
#4073 = CARTESIAN_POINT('',(-1.717181,-2.338021335238E-16,5.2));
#4074 = VECTOR('',#4075,1.);
#4075 = DIRECTION('',(1.265318145399E-15,-1.,0.));
#4076 = ORIENTED_EDGE('',*,*,#4077,.T.);
#4077 = EDGE_CURVE('',#4070,#4012,#4078,.T.);
#4078 = LINE('',#4079,#4080);
#4079 = CARTESIAN_POINT('',(-1.717181,0.669531,-8.125));
#4080 = VECTOR('',#4081,1.);
#4081 = DIRECTION('',(-1.436878308146E-47,1.124745541367E-32,1.));
#4082 = PLANE('',#4083);
#4083 = AXIS2_PLACEMENT_3D('',#4084,#4085,#4086);
#4084 = CARTESIAN_POINT('',(-1.717181,0.569531,5.2));
#4085 = DIRECTION('',(-1.,-1.265318145399E-15,0.));
#4086 = DIRECTION('',(-1.265318145399E-15,1.,0.));
#4087 = ADVANCED_FACE('',(#4088),#4129,.F.);
#4088 = FACE_BOUND('',#4089,.T.);
#4089 = EDGE_LOOP('',(#4090,#4100,#4106,#4107,#4115,#4123));
#4090 = ORIENTED_EDGE('',*,*,#4091,.T.);
#4091 = EDGE_CURVE('',#4092,#4094,#4096,.T.);
#4092 = VERTEX_POINT('',#4093);
#4093 = CARTESIAN_POINT('',(-2.217181,-1.330469,5.95));
#4094 = VERTEX_POINT('',#4095);
#4095 = CARTESIAN_POINT('',(-2.217181,-1.330469,5.2));
#4096 = LINE('',#4097,#4098);
#4097 = CARTESIAN_POINT('',(-2.217181,-1.330469,-0.625));
#4098 = VECTOR('',#4099,1.);
#4099 = DIRECTION('',(0.,0.,-1.));
#4100 = ORIENTED_EDGE('',*,*,#4101,.F.);
#4101 = EDGE_CURVE('',#4030,#4094,#4102,.T.);
#4102 = LINE('',#4103,#4104);
#4103 = CARTESIAN_POINT('',(-1.665334536938E-16,-1.330469,5.2));
#4104 = VECTOR('',#4105,1.);
#4105 = DIRECTION('',(-1.,0.,0.));
#4106 = ORIENTED_EDGE('',*,*,#4029,.T.);
#4107 = ORIENTED_EDGE('',*,*,#4108,.F.);
#4108 = EDGE_CURVE('',#4109,#4022,#4111,.T.);
#4109 = VERTEX_POINT('',#4110);
#4110 = CARTESIAN_POINT('',(-1.417181,-1.330469,5.41));
#4111 = LINE('',#4112,#4113);
#4112 = CARTESIAN_POINT('',(-1.629300790964E-16,-1.330469,5.41));
#4113 = VECTOR('',#4114,1.);
#4114 = DIRECTION('',(-1.,1.224606353822E-16,0.));
#4115 = ORIENTED_EDGE('',*,*,#4116,.T.);
#4116 = EDGE_CURVE('',#4109,#4117,#4119,.T.);
#4117 = VERTEX_POINT('',#4118);
#4118 = CARTESIAN_POINT('',(-1.417181,-1.330469,5.95));
#4119 = LINE('',#4120,#4121);
#4120 = CARTESIAN_POINT('',(-1.417181,-1.330469,-1.875));
#4121 = VECTOR('',#4122,1.);
#4122 = DIRECTION('',(0.,0.,1.));
#4123 = ORIENTED_EDGE('',*,*,#4124,.F.);
#4124 = EDGE_CURVE('',#4092,#4117,#4125,.T.);
#4125 = LINE('',#4126,#4127);
#4126 = CARTESIAN_POINT('',(-1.017181,-1.330469,5.95));
#4127 = VECTOR('',#4128,1.);
#4128 = DIRECTION('',(1.,0.,0.));
#4129 = PLANE('',#4130);
#4130 = AXIS2_PLACEMENT_3D('',#4131,#4132,#4133);
#4131 = CARTESIAN_POINT('',(-2.217181,-1.330469,5.2));
#4132 = DIRECTION('',(0.,1.,0.));
#4133 = DIRECTION('',(1.,0.,0.));
#4134 = ADVANCED_FACE('',(#4135),#4160,.F.);
#4135 = FACE_BOUND('',#4136,.T.);
#4136 = EDGE_LOOP('',(#4137,#4145,#4153,#4159));
#4137 = ORIENTED_EDGE('',*,*,#4138,.T.);
#4138 = EDGE_CURVE('',#2173,#4139,#4141,.T.);
#4139 = VERTEX_POINT('',#4140);
#4140 = CARTESIAN_POINT('',(-1.517181,-2.030469,3.574));
#4141 = LINE('',#4142,#4143);
#4142 = CARTESIAN_POINT('',(-1.517181,-2.030469,0.));
#4143 = VECTOR('',#4144,1.);
#4144 = DIRECTION('',(0.,0.,1.));
#4145 = ORIENTED_EDGE('',*,*,#4146,.F.);
#4146 = EDGE_CURVE('',#4147,#4139,#4149,.T.);
#4147 = VERTEX_POINT('',#4148);
#4148 = CARTESIAN_POINT('',(-2.217181,-2.030469,3.574));
#4149 = LINE('',#4150,#4151);
#4150 = CARTESIAN_POINT('',(-2.217181,-2.030469,3.574));
#4151 = VECTOR('',#4152,1.);
#4152 = DIRECTION('',(1.,-1.224606353822E-16,0.));
#4153 = ORIENTED_EDGE('',*,*,#4154,.F.);
#4154 = EDGE_CURVE('',#2155,#4147,#4155,.T.);
#4155 = LINE('',#4156,#4157);
#4156 = CARTESIAN_POINT('',(-2.217181,-2.030469,3.474));
#4157 = VECTOR('',#4158,1.);
#4158 = DIRECTION('',(0.,4.440892098501E-15,1.));
#4159 = ORIENTED_EDGE('',*,*,#2180,.T.);
#4160 = PLANE('',#4161);
#4161 = AXIS2_PLACEMENT_3D('',#4162,#4163,#4164);
#4162 = CARTESIAN_POINT('',(-2.217181,-2.030469,2.776));
#4163 = DIRECTION('',(1.224606353822E-16,1.,4.440892098501E-15));
#4164 = DIRECTION('',(-5.438344680463E-31,-4.440892098501E-15,1.));
#4165 = ADVANCED_FACE('',(#4166),#4290,.T.);
#4166 = FACE_BOUND('',#4167,.T.);
#4167 = EDGE_LOOP('',(#4168,#4169,#4177,#4185,#4191,#4192,#4198,#4199,
    #4207,#4215,#4223,#4231,#4239,#4247,#4255,#4263,#4269,#4270,#4271,
    #4272,#4273,#4274,#4275,#4276,#4277,#4278,#4279,#4280,#4281,#4282,
    #4283,#4289));
#4168 = ORIENTED_EDGE('',*,*,#4154,.T.);
#4169 = ORIENTED_EDGE('',*,*,#4170,.T.);
#4170 = EDGE_CURVE('',#4147,#4171,#4173,.T.);
#4171 = VERTEX_POINT('',#4172);
#4172 = CARTESIAN_POINT('',(-2.217181,-1.530469,3.574));
#4173 = LINE('',#4174,#4175);
#4174 = CARTESIAN_POINT('',(-2.217181,-2.030469,3.574));
#4175 = VECTOR('',#4176,1.);
#4176 = DIRECTION('',(1.224606353822E-16,1.,0.));
#4177 = ORIENTED_EDGE('',*,*,#4178,.T.);
#4178 = EDGE_CURVE('',#4171,#4179,#4181,.T.);
#4179 = VERTEX_POINT('',#4180);
#4180 = CARTESIAN_POINT('',(-2.217181,-1.530469,3.926));
#4181 = LINE('',#4182,#4183);
#4182 = CARTESIAN_POINT('',(-2.217181,-1.530469,-1.875));
#4183 = VECTOR('',#4184,1.);
#4184 = DIRECTION('',(0.,0.,1.));
#4185 = ORIENTED_EDGE('',*,*,#4186,.F.);
#4186 = EDGE_CURVE('',#3712,#4179,#4187,.T.);
#4187 = LINE('',#4188,#4189);
#4188 = CARTESIAN_POINT('',(-2.217181,-2.030469,3.926));
#4189 = VECTOR('',#4190,1.);
#4190 = DIRECTION('',(1.224606353822E-16,1.,0.));
#4191 = ORIENTED_EDGE('',*,*,#3728,.F.);
#4192 = ORIENTED_EDGE('',*,*,#4193,.F.);
#4193 = EDGE_CURVE('',#4094,#3721,#4194,.T.);
#4194 = LINE('',#4195,#4196);
#4195 = CARTESIAN_POINT('',(-2.217181,-4.440892098501E-16,5.2));
#4196 = VECTOR('',#4197,1.);
#4197 = DIRECTION('',(0.,-1.,0.));
#4198 = ORIENTED_EDGE('',*,*,#4091,.F.);
#4199 = ORIENTED_EDGE('',*,*,#4200,.F.);
#4200 = EDGE_CURVE('',#4201,#4092,#4203,.T.);
#4201 = VERTEX_POINT('',#4202);
#4202 = CARTESIAN_POINT('',(-2.217181,0.669531,5.95));
#4203 = LINE('',#4204,#4205);
#4204 = CARTESIAN_POINT('',(-2.217181,-4.440892098501E-16,5.95));
#4205 = VECTOR('',#4206,1.);
#4206 = DIRECTION('',(0.,-1.,0.));
#4207 = ORIENTED_EDGE('',*,*,#4208,.F.);
#4208 = EDGE_CURVE('',#4209,#4201,#4211,.T.);
#4209 = VERTEX_POINT('',#4210);
#4210 = CARTESIAN_POINT('',(-2.217181,0.669531,5.7));
#4211 = LINE('',#4212,#4213);
#4212 = CARTESIAN_POINT('',(-2.217181,0.669531,-0.625));
#4213 = VECTOR('',#4214,1.);
#4214 = DIRECTION('',(0.,0.,1.));
#4215 = ORIENTED_EDGE('',*,*,#4216,.F.);
#4216 = EDGE_CURVE('',#4217,#4209,#4219,.T.);
#4217 = VERTEX_POINT('',#4218);
#4218 = CARTESIAN_POINT('',(-2.217181,1.469531,5.7));
#4219 = LINE('',#4220,#4221);
#4220 = CARTESIAN_POINT('',(-2.217181,1.469531,5.7));
#4221 = VECTOR('',#4222,1.);
#4222 = DIRECTION('',(-1.836909530734E-16,-1.,1.499660721822E-32));
#4223 = ORIENTED_EDGE('',*,*,#4224,.F.);
#4224 = EDGE_CURVE('',#4225,#4217,#4227,.T.);
#4225 = VERTEX_POINT('',#4226);
#4226 = CARTESIAN_POINT('',(-2.217181,1.469531,5.6));
#4227 = LINE('',#4228,#4229);
#4228 = CARTESIAN_POINT('',(-2.217181,1.469531,-9.375));
#4229 = VECTOR('',#4230,1.);
#4230 = DIRECTION('',(6.123031769112E-17,6.162975822039E-33,1.));
#4231 = ORIENTED_EDGE('',*,*,#4232,.F.);
#4232 = EDGE_CURVE('',#4233,#4225,#4235,.T.);
#4233 = VERTEX_POINT('',#4234);
#4234 = CARTESIAN_POINT('',(-2.217181,0.669531,5.6));
#4235 = LINE('',#4236,#4237);
#4236 = CARTESIAN_POINT('',(-2.217181,2.960095210939E-16,5.6));
#4237 = VECTOR('',#4238,1.);
#4238 = DIRECTION('',(1.836909530734E-16,1.,-8.833631396182E-33));
#4239 = ORIENTED_EDGE('',*,*,#4240,.F.);
#4240 = EDGE_CURVE('',#4241,#4233,#4243,.T.);
#4241 = VERTEX_POINT('',#4242);
#4242 = CARTESIAN_POINT('',(-2.217181,0.669531,5.2));
#4243 = LINE('',#4244,#4245);
#4244 = CARTESIAN_POINT('',(-2.217181,0.669531,-0.625));
#4245 = VECTOR('',#4246,1.);
#4246 = DIRECTION('',(0.,0.,1.));
#4247 = ORIENTED_EDGE('',*,*,#4248,.F.);
#4248 = EDGE_CURVE('',#4249,#4241,#4251,.T.);
#4249 = VERTEX_POINT('',#4250);
#4250 = CARTESIAN_POINT('',(-2.217181,2.769531,5.2));
#4251 = LINE('',#4252,#4253);
#4252 = CARTESIAN_POINT('',(-2.217181,-4.440892098501E-16,5.2));
#4253 = VECTOR('',#4254,1.);
#4254 = DIRECTION('',(0.,-1.,0.));
#4255 = ORIENTED_EDGE('',*,*,#4256,.F.);
#4256 = EDGE_CURVE('',#4257,#4249,#4259,.T.);
#4257 = VERTEX_POINT('',#4258);
#4258 = CARTESIAN_POINT('',(-2.217181,2.769531,4.225));
#4259 = LINE('',#4260,#4261);
#4260 = CARTESIAN_POINT('',(-2.217181,2.769531,4.225));
#4261 = VECTOR('',#4262,1.);
#4262 = DIRECTION('',(0.,0.,1.));
#4263 = ORIENTED_EDGE('',*,*,#4264,.T.);
#4264 = EDGE_CURVE('',#4257,#2569,#4265,.T.);
#4265 = LINE('',#4266,#4267);
#4266 = CARTESIAN_POINT('',(-2.217181,-1.725718158326E-16,4.225));
#4267 = VECTOR('',#4268,1.);
#4268 = DIRECTION('',(-1.224606353822E-16,-1.,0.));
#4269 = ORIENTED_EDGE('',*,*,#2568,.T.);
#4270 = ORIENTED_EDGE('',*,*,#1843,.F.);
#4271 = ORIENTED_EDGE('',*,*,#1795,.T.);
#4272 = ORIENTED_EDGE('',*,*,#1435,.T.);
#4273 = ORIENTED_EDGE('',*,*,#3194,.T.);
#4274 = ORIENTED_EDGE('',*,*,#3743,.T.);
#4275 = ORIENTED_EDGE('',*,*,#3464,.T.);
#4276 = ORIENTED_EDGE('',*,*,#3871,.T.);
#4277 = ORIENTED_EDGE('',*,*,#2244,.T.);
#4278 = ORIENTED_EDGE('',*,*,#2703,.T.);
#4279 = ORIENTED_EDGE('',*,*,#961,.T.);
#4280 = ORIENTED_EDGE('',*,*,#3380,.T.);
#4281 = ORIENTED_EDGE('',*,*,#1629,.T.);
#4282 = ORIENTED_EDGE('',*,*,#1122,.T.);
#4283 = ORIENTED_EDGE('',*,*,#4284,.F.);
#4284 = EDGE_CURVE('',#2157,#1115,#4285,.T.);
#4285 = LINE('',#4286,#4287);
#4286 = CARTESIAN_POINT('',(-2.217181,-1.530469,8.125));
#4287 = VECTOR('',#4288,1.);
#4288 = DIRECTION('',(0.,0.,-1.));
#4289 = ORIENTED_EDGE('',*,*,#2154,.F.);
#4290 = PLANE('',#4291);
#4291 = AXIS2_PLACEMENT_3D('',#4292,#4293,#4294);
#4292 = CARTESIAN_POINT('',(-2.217181,1.469531,-15.7));
#4293 = DIRECTION('',(-1.,6.123031769112E-17,6.123031769112E-17));
#4294 = DIRECTION('',(-6.123031769112E-17,0.,-1.));
#4295 = ADVANCED_FACE('',(#4296),#4314,.T.);
#4296 = FACE_BOUND('',#4297,.T.);
#4297 = EDGE_LOOP('',(#4298,#4299,#4307,#4313));
#4298 = ORIENTED_EDGE('',*,*,#4146,.T.);
#4299 = ORIENTED_EDGE('',*,*,#4300,.F.);
#4300 = EDGE_CURVE('',#4301,#4139,#4303,.T.);
#4301 = VERTEX_POINT('',#4302);
#4302 = CARTESIAN_POINT('',(-1.517181,-1.530469,3.574));
#4303 = LINE('',#4304,#4305);
#4304 = CARTESIAN_POINT('',(-1.517181,-4.440892098501E-16,3.574));
#4305 = VECTOR('',#4306,1.);
#4306 = DIRECTION('',(0.,-1.,0.));
#4307 = ORIENTED_EDGE('',*,*,#4308,.F.);
#4308 = EDGE_CURVE('',#4171,#4301,#4309,.T.);
#4309 = LINE('',#4310,#4311);
#4310 = CARTESIAN_POINT('',(-1.874222061728E-16,-1.530469,3.574));
#4311 = VECTOR('',#4312,1.);
#4312 = DIRECTION('',(1.,0.,0.));
#4313 = ORIENTED_EDGE('',*,*,#4170,.F.);
#4314 = PLANE('',#4315);
#4315 = AXIS2_PLACEMENT_3D('',#4316,#4317,#4318);
#4316 = CARTESIAN_POINT('',(-2.5571834,-2.030469,3.574));
#4317 = DIRECTION('',(0.,0.,1.));
#4318 = DIRECTION('',(0.,1.,0.));
#4319 = ADVANCED_FACE('',(#4320),#4331,.F.);
#4320 = FACE_BOUND('',#4321,.T.);
#4321 = EDGE_LOOP('',(#4322,#4328,#4329,#4330));
#4322 = ORIENTED_EDGE('',*,*,#4323,.F.);
#4323 = EDGE_CURVE('',#4301,#2165,#4324,.T.);
#4324 = LINE('',#4325,#4326);
#4325 = CARTESIAN_POINT('',(-1.517181,-1.530469,8.125));
#4326 = VECTOR('',#4327,1.);
#4327 = DIRECTION('',(0.,0.,-1.));
#4328 = ORIENTED_EDGE('',*,*,#4300,.T.);
#4329 = ORIENTED_EDGE('',*,*,#4138,.F.);
#4330 = ORIENTED_EDGE('',*,*,#2172,.F.);
#4331 = PLANE('',#4332);
#4332 = AXIS2_PLACEMENT_3D('',#4333,#4334,#4335);
#4333 = CARTESIAN_POINT('',(-1.517181,-1.530469,3.125));
#4334 = DIRECTION('',(-1.,0.,0.));
#4335 = DIRECTION('',(0.,-1.,0.));
#4336 = ADVANCED_FACE('',(#4337),#4373,.F.);
#4337 = FACE_BOUND('',#4338,.T.);
#4338 = EDGE_LOOP('',(#4339,#4340,#4348,#4356,#4364,#4370,#4371,#4372));
#4339 = ORIENTED_EDGE('',*,*,#3528,.F.);
#4340 = ORIENTED_EDGE('',*,*,#4341,.F.);
#4341 = EDGE_CURVE('',#4342,#3529,#4344,.T.);
#4342 = VERTEX_POINT('',#4343);
#4343 = CARTESIAN_POINT('',(0.372819,2.769531,4.7));
#4344 = LINE('',#4345,#4346);
#4345 = CARTESIAN_POINT('',(0.372819,2.769531,4.7));
#4346 = VECTOR('',#4347,1.);
#4347 = DIRECTION('',(1.,1.110223024625E-16,0.));
#4348 = ORIENTED_EDGE('',*,*,#4349,.F.);
#4349 = EDGE_CURVE('',#4350,#4342,#4352,.T.);
#4350 = VERTEX_POINT('',#4351);
#4351 = CARTESIAN_POINT('',(0.372819,2.769531,5.2));
#4352 = LINE('',#4353,#4354);
#4353 = CARTESIAN_POINT('',(0.372819,2.769531,5.2));
#4354 = VECTOR('',#4355,1.);
#4355 = DIRECTION('',(0.,0.,-1.));
#4356 = ORIENTED_EDGE('',*,*,#4357,.T.);
#4357 = EDGE_CURVE('',#4350,#4358,#4360,.T.);
#4358 = VERTEX_POINT('',#4359);
#4359 = CARTESIAN_POINT('',(1.182819,2.769531,5.2));
#4360 = LINE('',#4361,#4362);
#4361 = CARTESIAN_POINT('',(-1.665334536938E-16,2.769531,5.2));
#4362 = VECTOR('',#4363,1.);
#4363 = DIRECTION('',(1.,0.,0.));
#4364 = ORIENTED_EDGE('',*,*,#4365,.T.);
#4365 = EDGE_CURVE('',#4358,#1380,#4366,.T.);
#4366 = LINE('',#4367,#4368);
#4367 = CARTESIAN_POINT('',(1.182819,2.769531,-8.125));
#4368 = VECTOR('',#4369,1.);
#4369 = DIRECTION('',(0.,0.,-1.));
#4370 = ORIENTED_EDGE('',*,*,#1379,.F.);
#4371 = ORIENTED_EDGE('',*,*,#1154,.T.);
#4372 = ORIENTED_EDGE('',*,*,#1515,.T.);
#4373 = PLANE('',#4374);
#4374 = AXIS2_PLACEMENT_3D('',#4375,#4376,#4377);
#4375 = CARTESIAN_POINT('',(0.372819,2.769531,-2.3));
#4376 = DIRECTION('',(-2.342906684633E-15,-1.,0.));
#4377 = DIRECTION('',(-1.,2.342906684633E-15,0.));
#4378 = ADVANCED_FACE('',(#4379),#4390,.T.);
#4379 = FACE_BOUND('',#4380,.T.);
#4380 = EDGE_LOOP('',(#4381,#4382,#4383,#4389));
#4381 = ORIENTED_EDGE('',*,*,#3711,.F.);
#4382 = ORIENTED_EDGE('',*,*,#4186,.T.);
#4383 = ORIENTED_EDGE('',*,*,#4384,.F.);
#4384 = EDGE_CURVE('',#2631,#4179,#4385,.T.);
#4385 = LINE('',#4386,#4387);
#4386 = CARTESIAN_POINT('',(-1.874222061728E-16,-1.530469,3.926));
#4387 = VECTOR('',#4388,1.);
#4388 = DIRECTION('',(-1.,0.,0.));
#4389 = ORIENTED_EDGE('',*,*,#2656,.F.);
#4390 = PLANE('',#4391);
#4391 = AXIS2_PLACEMENT_3D('',#4392,#4393,#4394);
#4392 = CARTESIAN_POINT('',(-2.5571834,-1.530469,3.926));
#4393 = DIRECTION('',(0.,0.,-1.));
#4394 = DIRECTION('',(0.,-1.,0.));
#4395 = ADVANCED_FACE('',(#4396),#4446,.F.);
#4396 = FACE_BOUND('',#4397,.T.);
#4397 = EDGE_LOOP('',(#4398,#4408,#4414,#4415,#4416,#4424,#4432,#4440));
#4398 = ORIENTED_EDGE('',*,*,#4399,.T.);
#4399 = EDGE_CURVE('',#4400,#4402,#4404,.T.);
#4400 = VERTEX_POINT('',#4401);
#4401 = CARTESIAN_POINT('',(-0.427181,1.769531,4.7));
#4402 = VERTEX_POINT('',#4403);
#4403 = CARTESIAN_POINT('',(0.372819,1.769531,4.7));
#4404 = LINE('',#4405,#4406);
#4405 = CARTESIAN_POINT('',(-1.567181,1.769531,4.7));
#4406 = VECTOR('',#4407,1.);
#4407 = DIRECTION('',(1.,0.,0.));
#4408 = ORIENTED_EDGE('',*,*,#4409,.T.);
#4409 = EDGE_CURVE('',#4402,#4342,#4410,.T.);
#4410 = LINE('',#4411,#4412);
#4411 = CARTESIAN_POINT('',(0.372819,-0.230469,4.7));
#4412 = VECTOR('',#4413,1.);
#4413 = DIRECTION('',(-1.110223024625E-16,1.,0.));
#4414 = ORIENTED_EDGE('',*,*,#4341,.T.);
#4415 = ORIENTED_EDGE('',*,*,#3545,.T.);
#4416 = ORIENTED_EDGE('',*,*,#4417,.F.);
#4417 = EDGE_CURVE('',#4418,#3538,#4420,.T.);
#4418 = VERTEX_POINT('',#4419);
#4419 = CARTESIAN_POINT('',(-1.567181,-0.230469,4.7));
#4420 = LINE('',#4421,#4422);
#4421 = CARTESIAN_POINT('',(-1.665334536938E-16,-0.230469,4.7));
#4422 = VECTOR('',#4423,1.);
#4423 = DIRECTION('',(1.,0.,0.));
#4424 = ORIENTED_EDGE('',*,*,#4425,.T.);
#4425 = EDGE_CURVE('',#4418,#4426,#4428,.T.);
#4426 = VERTEX_POINT('',#4427);
#4427 = CARTESIAN_POINT('',(-1.567181,2.769531,4.7));
#4428 = LINE('',#4429,#4430);
#4429 = CARTESIAN_POINT('',(-1.567181,-4.440892098501E-16,4.7));
#4430 = VECTOR('',#4431,1.);
#4431 = DIRECTION('',(0.,1.,0.));
#4432 = ORIENTED_EDGE('',*,*,#4433,.T.);
#4433 = EDGE_CURVE('',#4426,#4434,#4436,.T.);
#4434 = VERTEX_POINT('',#4435);
#4435 = CARTESIAN_POINT('',(-0.427181,2.769531,4.7));
#4436 = LINE('',#4437,#4438);
#4437 = CARTESIAN_POINT('',(-1.567181,2.769531,4.7));
#4438 = VECTOR('',#4439,1.);
#4439 = DIRECTION('',(1.,0.,0.));
#4440 = ORIENTED_EDGE('',*,*,#4441,.F.);
#4441 = EDGE_CURVE('',#4400,#4434,#4442,.T.);
#4442 = LINE('',#4443,#4444);
#4443 = CARTESIAN_POINT('',(-0.427181,-0.230469,4.7));
#4444 = VECTOR('',#4445,1.);
#4445 = DIRECTION('',(-8.326672684689E-17,1.,0.));
#4446 = PLANE('',#4447);
#4447 = AXIS2_PLACEMENT_3D('',#4448,#4449,#4450);
#4448 = CARTESIAN_POINT('',(-1.567181,2.669531,4.7));
#4449 = DIRECTION('',(0.,0.,1.));
#4450 = DIRECTION('',(0.,1.,0.));
#4451 = ADVANCED_FACE('',(#4452),#4477,.F.);
#4452 = FACE_BOUND('',#4453,.T.);
#4453 = EDGE_LOOP('',(#4454,#4462,#4470,#4476));
#4454 = ORIENTED_EDGE('',*,*,#4455,.T.);
#4455 = EDGE_CURVE('',#4400,#4456,#4458,.T.);
#4456 = VERTEX_POINT('',#4457);
#4457 = CARTESIAN_POINT('',(-0.427181,1.769531,5.2));
#4458 = LINE('',#4459,#4460);
#4459 = CARTESIAN_POINT('',(-0.427181,1.769531,4.7));
#4460 = VECTOR('',#4461,1.);
#4461 = DIRECTION('',(0.,0.,1.));
#4462 = ORIENTED_EDGE('',*,*,#4463,.T.);
#4463 = EDGE_CURVE('',#4456,#4464,#4466,.T.);
#4464 = VERTEX_POINT('',#4465);
#4465 = CARTESIAN_POINT('',(0.372819,1.769531,5.2));
#4466 = LINE('',#4467,#4468);
#4467 = CARTESIAN_POINT('',(-1.567181,1.769531,5.2));
#4468 = VECTOR('',#4469,1.);
#4469 = DIRECTION('',(1.,0.,0.));
#4470 = ORIENTED_EDGE('',*,*,#4471,.F.);
#4471 = EDGE_CURVE('',#4402,#4464,#4472,.T.);
#4472 = LINE('',#4473,#4474);
#4473 = CARTESIAN_POINT('',(0.372819,1.769531,4.7));
#4474 = VECTOR('',#4475,1.);
#4475 = DIRECTION('',(0.,0.,1.));
#4476 = ORIENTED_EDGE('',*,*,#4399,.F.);
#4477 = PLANE('',#4478);
#4478 = AXIS2_PLACEMENT_3D('',#4479,#4480,#4481);
#4479 = CARTESIAN_POINT('',(0.372819,1.769531,4.7));
#4480 = DIRECTION('',(0.,-1.,0.));
#4481 = DIRECTION('',(-1.,0.,0.));
#4482 = ADVANCED_FACE('',(#4483),#4545,.F.);
#4483 = FACE_BOUND('',#4484,.T.);
#4484 = EDGE_LOOP('',(#4485,#4486,#4494,#4500,#4501,#4509,#4517,#4523,
    #4524,#4532,#4538,#4539));
#4485 = ORIENTED_EDGE('',*,*,#4463,.F.);
#4486 = ORIENTED_EDGE('',*,*,#4487,.T.);
#4487 = EDGE_CURVE('',#4456,#4488,#4490,.T.);
#4488 = VERTEX_POINT('',#4489);
#4489 = CARTESIAN_POINT('',(-0.427181,2.769531,5.2));
#4490 = LINE('',#4491,#4492);
#4491 = CARTESIAN_POINT('',(-0.427181,2.669531,5.2));
#4492 = VECTOR('',#4493,1.);
#4493 = DIRECTION('',(2.342906684633E-15,1.,0.));
#4494 = ORIENTED_EDGE('',*,*,#4495,.T.);
#4495 = EDGE_CURVE('',#4488,#4249,#4496,.T.);
#4496 = LINE('',#4497,#4498);
#4497 = CARTESIAN_POINT('',(-0.427181,2.769531,5.2));
#4498 = VECTOR('',#4499,1.);
#4499 = DIRECTION('',(-1.,1.224606353822E-16,0.));
#4500 = ORIENTED_EDGE('',*,*,#4248,.T.);
#4501 = ORIENTED_EDGE('',*,*,#4502,.T.);
#4502 = EDGE_CURVE('',#4241,#4503,#4505,.T.);
#4503 = VERTEX_POINT('',#4504);
#4504 = CARTESIAN_POINT('',(-1.817181,0.669531,5.2));
#4505 = LINE('',#4506,#4507);
#4506 = CARTESIAN_POINT('',(8.199119166811E-17,0.669531,5.2));
#4507 = VECTOR('',#4508,1.);
#4508 = DIRECTION('',(1.,-1.224606353822E-16,0.));
#4509 = ORIENTED_EDGE('',*,*,#4510,.T.);
#4510 = EDGE_CURVE('',#4503,#4511,#4513,.T.);
#4511 = VERTEX_POINT('',#4512);
#4512 = CARTESIAN_POINT('',(-1.817181,1.469531,5.2));
#4513 = LINE('',#4514,#4515);
#4514 = CARTESIAN_POINT('',(-1.817181,2.225331398645E-16,5.2));
#4515 = VECTOR('',#4516,1.);
#4516 = DIRECTION('',(1.836909530734E-16,1.,-4.416815698091E-33));
#4517 = ORIENTED_EDGE('',*,*,#4518,.F.);
#4518 = EDGE_CURVE('',#2809,#4511,#4519,.T.);
#4519 = LINE('',#4520,#4521);
#4520 = CARTESIAN_POINT('',(0.,1.469531,5.2));
#4521 = VECTOR('',#4522,1.);
#4522 = DIRECTION('',(-1.,1.836909530734E-16,0.));
#4523 = ORIENTED_EDGE('',*,*,#2808,.T.);
#4524 = ORIENTED_EDGE('',*,*,#4525,.T.);
#4525 = EDGE_CURVE('',#2811,#4526,#4528,.T.);
#4526 = VERTEX_POINT('',#4527);
#4527 = CARTESIAN_POINT('',(1.182819,0.669531,5.2));
#4528 = LINE('',#4529,#4530);
#4529 = CARTESIAN_POINT('',(-1.665334536938E-16,0.669531,5.2));
#4530 = VECTOR('',#4531,1.);
#4531 = DIRECTION('',(1.,0.,0.));
#4532 = ORIENTED_EDGE('',*,*,#4533,.T.);
#4533 = EDGE_CURVE('',#4526,#4358,#4534,.T.);
#4534 = LINE('',#4535,#4536);
#4535 = CARTESIAN_POINT('',(1.182819,-4.440892098501E-16,5.2));
#4536 = VECTOR('',#4537,1.);
#4537 = DIRECTION('',(0.,1.,0.));
#4538 = ORIENTED_EDGE('',*,*,#4357,.F.);
#4539 = ORIENTED_EDGE('',*,*,#4540,.F.);
#4540 = EDGE_CURVE('',#4464,#4350,#4541,.T.);
#4541 = LINE('',#4542,#4543);
#4542 = CARTESIAN_POINT('',(0.372819,-0.230469,5.2));
#4543 = VECTOR('',#4544,1.);
#4544 = DIRECTION('',(-1.110223024625E-16,1.,0.));
#4545 = PLANE('',#4546);
#4546 = AXIS2_PLACEMENT_3D('',#4547,#4548,#4549);
#4547 = CARTESIAN_POINT('',(0.584885317322,2.499492133643,5.2));
#4548 = DIRECTION('',(0.,0.,-1.));
#4549 = DIRECTION('',(-1.,1.224606353822E-16,0.));
#4550 = ADVANCED_FACE('',(#4551),#4576,.F.);
#4551 = FACE_BOUND('',#4552,.T.);
#4552 = EDGE_LOOP('',(#4553,#4561,#4562,#4563,#4569,#4570));
#4553 = ORIENTED_EDGE('',*,*,#4554,.F.);
#4554 = EDGE_CURVE('',#4257,#4555,#4557,.T.);
#4555 = VERTEX_POINT('',#4556);
#4556 = CARTESIAN_POINT('',(-1.567181,2.769531,4.225));
#4557 = LINE('',#4558,#4559);
#4558 = CARTESIAN_POINT('',(-2.217181,2.769531,4.225));
#4559 = VECTOR('',#4560,1.);
#4560 = DIRECTION('',(1.,-1.224606353822E-16,0.));
#4561 = ORIENTED_EDGE('',*,*,#4256,.T.);
#4562 = ORIENTED_EDGE('',*,*,#4495,.F.);
#4563 = ORIENTED_EDGE('',*,*,#4564,.T.);
#4564 = EDGE_CURVE('',#4488,#4434,#4565,.T.);
#4565 = LINE('',#4566,#4567);
#4566 = CARTESIAN_POINT('',(-0.427181,2.769531,5.2));
#4567 = VECTOR('',#4568,1.);
#4568 = DIRECTION('',(0.,0.,-1.));
#4569 = ORIENTED_EDGE('',*,*,#4433,.F.);
#4570 = ORIENTED_EDGE('',*,*,#4571,.T.);
#4571 = EDGE_CURVE('',#4426,#4555,#4572,.T.);
#4572 = LINE('',#4573,#4574);
#4573 = CARTESIAN_POINT('',(-1.567181,2.769531,4.7));
#4574 = VECTOR('',#4575,1.);
#4575 = DIRECTION('',(0.,0.,-1.));
#4576 = PLANE('',#4577);
#4577 = AXIS2_PLACEMENT_3D('',#4578,#4579,#4580);
#4578 = CARTESIAN_POINT('',(-1.567181,2.769531,4.7));
#4579 = DIRECTION('',(0.,-1.,4.440892098501E-15));
#4580 = DIRECTION('',(0.,4.440892098501E-15,1.));
#4581 = ADVANCED_FACE('',(#4582),#4588,.F.);
#4582 = FACE_BOUND('',#4583,.T.);
#4583 = EDGE_LOOP('',(#4584,#4585,#4586,#4587));
#4584 = ORIENTED_EDGE('',*,*,#4564,.F.);
#4585 = ORIENTED_EDGE('',*,*,#4487,.F.);
#4586 = ORIENTED_EDGE('',*,*,#4455,.F.);
#4587 = ORIENTED_EDGE('',*,*,#4441,.T.);
#4588 = PLANE('',#4589);
#4589 = AXIS2_PLACEMENT_3D('',#4590,#4591,#4592);
#4590 = CARTESIAN_POINT('',(-0.427181,2.769531,5.2));
#4591 = DIRECTION('',(-1.,2.342906684633E-15,0.));
#4592 = DIRECTION('',(2.342906684633E-15,1.,0.));
#4593 = ADVANCED_FACE('',(#4594),#4600,.F.);
#4594 = FACE_BOUND('',#4595,.T.);
#4595 = EDGE_LOOP('',(#4596,#4597,#4598,#4599));
#4596 = ORIENTED_EDGE('',*,*,#4471,.T.);
#4597 = ORIENTED_EDGE('',*,*,#4540,.T.);
#4598 = ORIENTED_EDGE('',*,*,#4349,.T.);
#4599 = ORIENTED_EDGE('',*,*,#4409,.F.);
#4600 = PLANE('',#4601);
#4601 = AXIS2_PLACEMENT_3D('',#4602,#4603,#4604);
#4602 = CARTESIAN_POINT('',(0.372819,2.669531,5.2));
#4603 = DIRECTION('',(1.,4.326508769303E-16,0.));
#4604 = DIRECTION('',(4.326508769303E-16,-1.,0.));
#4605 = ADVANCED_FACE('',(#4606),#4631,.F.);
#4606 = FACE_BOUND('',#4607,.T.);
#4607 = EDGE_LOOP('',(#4608,#4618,#4624,#4625));
#4608 = ORIENTED_EDGE('',*,*,#4609,.T.);
#4609 = EDGE_CURVE('',#4610,#4612,#4614,.T.);
#4610 = VERTEX_POINT('',#4611);
#4611 = CARTESIAN_POINT('',(-1.017181,-2.030469,3.574));
#4612 = VERTEX_POINT('',#4613);
#4613 = CARTESIAN_POINT('',(-1.017181,-1.530469,3.574));
#4614 = LINE('',#4615,#4616);
#4615 = CARTESIAN_POINT('',(-1.017181,-4.440892098501E-16,3.574));
#4616 = VECTOR('',#4617,1.);
#4617 = DIRECTION('',(0.,1.,0.));
#4618 = ORIENTED_EDGE('',*,*,#4619,.T.);
#4619 = EDGE_CURVE('',#4612,#2355,#4620,.T.);
#4620 = LINE('',#4621,#4622);
#4621 = CARTESIAN_POINT('',(-1.017181,-1.530469,-1.875));
#4622 = VECTOR('',#4623,1.);
#4623 = DIRECTION('',(0.,0.,-1.));
#4624 = ORIENTED_EDGE('',*,*,#2352,.F.);
#4625 = ORIENTED_EDGE('',*,*,#4626,.T.);
#4626 = EDGE_CURVE('',#2353,#4610,#4627,.T.);
#4627 = LINE('',#4628,#4629);
#4628 = CARTESIAN_POINT('',(-1.017181,-2.030469,6.25));
#4629 = VECTOR('',#4630,1.);
#4630 = DIRECTION('',(0.,0.,1.));
#4631 = PLANE('',#4632);
#4632 = AXIS2_PLACEMENT_3D('',#4633,#4634,#4635);
#4633 = CARTESIAN_POINT('',(-1.017181,-2.030469,4.375));
#4634 = DIRECTION('',(1.,0.,0.));
#4635 = DIRECTION('',(-0.,1.,0.));
#4636 = ADVANCED_FACE('',(#4637),#4671,.T.);
#4637 = FACE_BOUND('',#4638,.T.);
#4638 = EDGE_LOOP('',(#4639,#4649,#4657,#4665));
#4639 = ORIENTED_EDGE('',*,*,#4640,.F.);
#4640 = EDGE_CURVE('',#4641,#4643,#4645,.T.);
#4641 = VERTEX_POINT('',#4642);
#4642 = CARTESIAN_POINT('',(-1.417181,-1.029970628207,5.2));
#4643 = VERTEX_POINT('',#4644);
#4644 = CARTESIAN_POINT('',(-1.517330511538,-1.029970628207,5.2));
#4645 = LINE('',#4646,#4647);
#4646 = CARTESIAN_POINT('',(0.,-1.029970628207,5.2));
#4647 = VECTOR('',#4648,1.);
#4648 = DIRECTION('',(-1.,1.836909530734E-16,0.));
#4649 = ORIENTED_EDGE('',*,*,#4650,.F.);
#4650 = EDGE_CURVE('',#4651,#4641,#4653,.T.);
#4651 = VERTEX_POINT('',#4652);
#4652 = CARTESIAN_POINT('',(-1.417181,-1.029970628207,5.4));
#4653 = LINE('',#4654,#4655);
#4654 = CARTESIAN_POINT('',(-1.417181,-1.029970628207,6.8500024));
#4655 = VECTOR('',#4656,1.);
#4656 = DIRECTION('',(-6.123031769112E-17,0.,-1.));
#4657 = ORIENTED_EDGE('',*,*,#4658,.T.);
#4658 = EDGE_CURVE('',#4651,#4659,#4661,.T.);
#4659 = VERTEX_POINT('',#4660);
#4660 = CARTESIAN_POINT('',(-1.517330511538,-1.029970628207,5.4));
#4661 = LINE('',#4662,#4663);
#4662 = CARTESIAN_POINT('',(6.96775344357E-16,-1.029970628207,5.4));
#4663 = VECTOR('',#4664,1.);
#4664 = DIRECTION('',(-1.,1.836909530734E-16,6.123031769112E-17));
#4665 = ORIENTED_EDGE('',*,*,#4666,.T.);
#4666 = EDGE_CURVE('',#4659,#4643,#4667,.T.);
#4667 = LINE('',#4668,#4669);
#4668 = CARTESIAN_POINT('',(-1.517330511538,-1.029970628207,5.2));
#4669 = VECTOR('',#4670,1.);
#4670 = DIRECTION('',(-6.123031769112E-17,0.,-1.));
#4671 = PLANE('',#4672);
#4672 = AXIS2_PLACEMENT_3D('',#4673,#4674,#4675);
#4673 = CARTESIAN_POINT('',(-1.517330511538,-1.029970628207,6.8500024));
#4674 = DIRECTION('',(-1.836909530734E-16,-1.,1.124745541367E-32));
#4675 = DIRECTION('',(1.,-1.836909530734E-16,-6.123031769112E-17));
#4676 = ADVANCED_FACE('',(#4677),#4704,.T.);
#4677 = FACE_BOUND('',#4678,.T.);
#4678 = EDGE_LOOP('',(#4679,#4688,#4689,#4698));
#4679 = ORIENTED_EDGE('',*,*,#4680,.T.);
#4680 = EDGE_CURVE('',#4681,#4643,#4683,.T.);
#4681 = VERTEX_POINT('',#4682);
#4682 = CARTESIAN_POINT('',(-1.699336354594,-0.869692227028,5.2));
#4683 = CIRCLE('',#4684,0.2);
#4684 = AXIS2_PLACEMENT_3D('',#4685,#4686,#4687);
#4685 = CARTESIAN_POINT('',(-1.503220219456,-0.830469,5.2));
#4686 = DIRECTION('',(6.123031769112E-17,0.,1.));
#4687 = DIRECTION('',(1.,-1.836909530734E-16,-6.123031769112E-17));
#4688 = ORIENTED_EDGE('',*,*,#4666,.F.);
#4689 = ORIENTED_EDGE('',*,*,#4690,.F.);
#4690 = EDGE_CURVE('',#4691,#4659,#4693,.T.);
#4691 = VERTEX_POINT('',#4692);
#4692 = CARTESIAN_POINT('',(-1.699336354594,-0.869692227028,5.4));
#4693 = CIRCLE('',#4694,0.2);
#4694 = AXIS2_PLACEMENT_3D('',#4695,#4696,#4697);
#4695 = CARTESIAN_POINT('',(-1.503220219456,-0.830469,5.4));
#4696 = DIRECTION('',(6.123031769112E-17,0.,1.));
#4697 = DIRECTION('',(1.,-1.836909530734E-16,-6.123031769112E-17));
#4698 = ORIENTED_EDGE('',*,*,#4699,.F.);
#4699 = EDGE_CURVE('',#4681,#4691,#4700,.T.);
#4700 = LINE('',#4701,#4702);
#4701 = CARTESIAN_POINT('',(-1.699336354594,-0.869692227028,5.2));
#4702 = VECTOR('',#4703,1.);
#4703 = DIRECTION('',(6.123031769112E-17,0.,1.));
#4704 = CYLINDRICAL_SURFACE('',#4705,0.2);
#4705 = AXIS2_PLACEMENT_3D('',#4706,#4707,#4708);
#4706 = CARTESIAN_POINT('',(-1.503220219456,-0.830469,5.2));
#4707 = DIRECTION('',(-6.123031769112E-17,0.,-1.));
#4708 = DIRECTION('',(1.,-1.836909530734E-16,-6.123031769112E-17));
#4709 = ADVANCED_FACE('',(#4710),#4739,.F.);
#4710 = FACE_BOUND('',#4711,.T.);
#4711 = EDGE_LOOP('',(#4712,#4713,#4719,#4720,#4721,#4722,#4723,#4724,
    #4732,#4738));
#4712 = ORIENTED_EDGE('',*,*,#4680,.F.);
#4713 = ORIENTED_EDGE('',*,*,#4714,.T.);
#4714 = EDGE_CURVE('',#4681,#4038,#4715,.T.);
#4715 = LINE('',#4716,#4717);
#4716 = CARTESIAN_POINT('',(-1.8732748,0.,5.2));
#4717 = VECTOR('',#4718,1.);
#4718 = DIRECTION('',(-0.196116135138,0.980580675691,0.));
#4719 = ORIENTED_EDGE('',*,*,#4037,.T.);
#4720 = ORIENTED_EDGE('',*,*,#4101,.T.);
#4721 = ORIENTED_EDGE('',*,*,#4193,.T.);
#4722 = ORIENTED_EDGE('',*,*,#3720,.F.);
#4723 = ORIENTED_EDGE('',*,*,#2640,.F.);
#4724 = ORIENTED_EDGE('',*,*,#4725,.T.);
#4725 = EDGE_CURVE('',#2633,#4726,#4728,.T.);
#4726 = VERTEX_POINT('',#4727);
#4727 = CARTESIAN_POINT('',(-1.417181,-1.530469,5.2));
#4728 = LINE('',#4729,#4730);
#4729 = CARTESIAN_POINT('',(-1.665334536938E-16,-1.530469,5.2));
#4730 = VECTOR('',#4731,1.);
#4731 = DIRECTION('',(1.,0.,0.));
#4732 = ORIENTED_EDGE('',*,*,#4733,.T.);
#4733 = EDGE_CURVE('',#4726,#4641,#4734,.T.);
#4734 = LINE('',#4735,#4736);
#4735 = CARTESIAN_POINT('',(-1.417181,0.,5.2));
#4736 = VECTOR('',#4737,1.);
#4737 = DIRECTION('',(1.836909530734E-16,1.,0.));
#4738 = ORIENTED_EDGE('',*,*,#4640,.T.);
#4739 = PLANE('',#4740);
#4740 = AXIS2_PLACEMENT_3D('',#4741,#4742,#4743);
#4741 = CARTESIAN_POINT('',(0.584885317322,2.499492133643,5.2));
#4742 = DIRECTION('',(0.,0.,-1.));
#4743 = DIRECTION('',(-1.,1.224606353822E-16,0.));
#4744 = ADVANCED_FACE('',(#4745,#4807,#4841),#4847,.T.);
#4745 = FACE_BOUND('',#4746,.T.);
#4746 = EDGE_LOOP('',(#4747,#4748,#4756,#4764,#4772,#4780,#4786,#4787,
    #4788,#4789,#4790,#4791,#4792,#4793,#4794,#4795,#4796,#4797,#4798,
    #4799,#4800,#4806));
#4747 = ORIENTED_EDGE('',*,*,#4619,.F.);
#4748 = ORIENTED_EDGE('',*,*,#4749,.T.);
#4749 = EDGE_CURVE('',#4612,#4750,#4752,.T.);
#4750 = VERTEX_POINT('',#4751);
#4751 = CARTESIAN_POINT('',(1.182819,-1.530469,3.574));
#4752 = LINE('',#4753,#4754);
#4753 = CARTESIAN_POINT('',(-1.874222061728E-16,-1.530469,3.574));
#4754 = VECTOR('',#4755,1.);
#4755 = DIRECTION('',(1.,0.,0.));
#4756 = ORIENTED_EDGE('',*,*,#4757,.F.);
#4757 = EDGE_CURVE('',#4758,#4750,#4760,.T.);
#4758 = VERTEX_POINT('',#4759);
#4759 = CARTESIAN_POINT('',(1.182819,-1.530469,3.926));
#4760 = LINE('',#4761,#4762);
#4761 = CARTESIAN_POINT('',(1.182819,-1.530469,4.375));
#4762 = VECTOR('',#4763,1.);
#4763 = DIRECTION('',(0.,0.,-1.));
#4764 = ORIENTED_EDGE('',*,*,#4765,.F.);
#4765 = EDGE_CURVE('',#4766,#4758,#4768,.T.);
#4766 = VERTEX_POINT('',#4767);
#4767 = CARTESIAN_POINT('',(-1.017181,-1.530469,3.926));
#4768 = LINE('',#4769,#4770);
#4769 = CARTESIAN_POINT('',(-1.874222061728E-16,-1.530469,3.926));
#4770 = VECTOR('',#4771,1.);
#4771 = DIRECTION('',(1.,0.,0.));
#4772 = ORIENTED_EDGE('',*,*,#4773,.T.);
#4773 = EDGE_CURVE('',#4766,#4774,#4776,.T.);
#4774 = VERTEX_POINT('',#4775);
#4775 = CARTESIAN_POINT('',(-1.017181,-1.530469,5.2));
#4776 = LINE('',#4777,#4778);
#4777 = CARTESIAN_POINT('',(-1.017181,-1.530469,4.7));
#4778 = VECTOR('',#4779,1.);
#4779 = DIRECTION('',(0.,0.,1.));
#4780 = ORIENTED_EDGE('',*,*,#4781,.T.);
#4781 = EDGE_CURVE('',#4774,#4726,#4782,.T.);
#4782 = LINE('',#4783,#4784);
#4783 = CARTESIAN_POINT('',(0.,-1.530469,5.2));
#4784 = VECTOR('',#4785,1.);
#4785 = DIRECTION('',(-1.,-1.224606353822E-16,6.123031769112E-17));
#4786 = ORIENTED_EDGE('',*,*,#4725,.F.);
#4787 = ORIENTED_EDGE('',*,*,#2630,.F.);
#4788 = ORIENTED_EDGE('',*,*,#4384,.T.);
#4789 = ORIENTED_EDGE('',*,*,#4178,.F.);
#4790 = ORIENTED_EDGE('',*,*,#4308,.T.);
#4791 = ORIENTED_EDGE('',*,*,#4323,.T.);
#4792 = ORIENTED_EDGE('',*,*,#2164,.F.);
#4793 = ORIENTED_EDGE('',*,*,#4284,.T.);
#4794 = ORIENTED_EDGE('',*,*,#1114,.F.);
#4795 = ORIENTED_EDGE('',*,*,#2514,.T.);
#4796 = ORIENTED_EDGE('',*,*,#3372,.T.);
#4797 = ORIENTED_EDGE('',*,*,#3970,.F.);
#4798 = ORIENTED_EDGE('',*,*,#2672,.F.);
#4799 = ORIENTED_EDGE('',*,*,#2131,.T.);
#4800 = ORIENTED_EDGE('',*,*,#4801,.T.);
#4801 = EDGE_CURVE('',#2124,#2363,#4802,.T.);
#4802 = LINE('',#4803,#4804);
#4803 = CARTESIAN_POINT('',(1.182819,-1.530469,1.875));
#4804 = VECTOR('',#4805,1.);
#4805 = DIRECTION('',(0.,0.,1.));
#4806 = ORIENTED_EDGE('',*,*,#2362,.F.);
#4807 = FACE_BOUND('',#4808,.T.);
#4808 = EDGE_LOOP('',(#4809,#4819,#4827,#4835));
#4809 = ORIENTED_EDGE('',*,*,#4810,.F.);
#4810 = EDGE_CURVE('',#4811,#4813,#4815,.T.);
#4811 = VERTEX_POINT('',#4812);
#4812 = CARTESIAN_POINT('',(0.147819,-1.530469,3.575));
#4813 = VERTEX_POINT('',#4814);
#4814 = CARTESIAN_POINT('',(0.147819,-1.530469,3.925));
#4815 = LINE('',#4816,#4817);
#4816 = CARTESIAN_POINT('',(0.147819,-1.530469,-8.125));
#4817 = VECTOR('',#4818,1.);
#4818 = DIRECTION('',(0.,0.,1.));
#4819 = ORIENTED_EDGE('',*,*,#4820,.T.);
#4820 = EDGE_CURVE('',#4811,#4821,#4823,.T.);
#4821 = VERTEX_POINT('',#4822);
#4822 = CARTESIAN_POINT('',(-0.223052215252,-1.530469,3.575));
#4823 = LINE('',#4824,#4825);
#4824 = CARTESIAN_POINT('',(0.,-1.530469,3.575));
#4825 = VECTOR('',#4826,1.);
#4826 = DIRECTION('',(-1.,-1.224606353822E-16,0.));
#4827 = ORIENTED_EDGE('',*,*,#4828,.F.);
#4828 = EDGE_CURVE('',#4829,#4821,#4831,.T.);
#4829 = VERTEX_POINT('',#4830);
#4830 = CARTESIAN_POINT('',(-0.223052215252,-1.530469,3.925));
#4831 = LINE('',#4832,#4833);
#4832 = CARTESIAN_POINT('',(-0.223052215252,-1.530469,3.575));
#4833 = VECTOR('',#4834,1.);
#4834 = DIRECTION('',(0.,0.,-1.));
#4835 = ORIENTED_EDGE('',*,*,#4836,.F.);
#4836 = EDGE_CURVE('',#4813,#4829,#4837,.T.);
#4837 = LINE('',#4838,#4839);
#4838 = CARTESIAN_POINT('',(0.,-1.530469,3.925));
#4839 = VECTOR('',#4840,1.);
#4840 = DIRECTION('',(-1.,-1.224606353822E-16,0.));
#4841 = FACE_BOUND('',#4842,.T.);
#4842 = EDGE_LOOP('',(#4843,#4844,#4845,#4846));
#4843 = ORIENTED_EDGE('',*,*,#3685,.F.);
#4844 = ORIENTED_EDGE('',*,*,#2194,.F.);
#4845 = ORIENTED_EDGE('',*,*,#1536,.F.);
#4846 = ORIENTED_EDGE('',*,*,#1038,.T.);
#4847 = PLANE('',#4848);
#4848 = AXIS2_PLACEMENT_3D('',#4849,#4850,#4851);
#4849 = CARTESIAN_POINT('',(-1.017181,-1.530469,-13.125));
#4850 = DIRECTION('',(1.224606353822E-16,-1.,0.));
#4851 = DIRECTION('',(-1.,-1.224606353822E-16,0.));
#4852 = ADVANCED_FACE('',(#4853),#4904,.F.);
#4853 = FACE_BOUND('',#4854,.T.);
#4854 = EDGE_LOOP('',(#4855,#4856,#4864,#4873,#4881,#4889,#4897));
#4855 = ORIENTED_EDGE('',*,*,#4820,.F.);
#4856 = ORIENTED_EDGE('',*,*,#4857,.F.);
#4857 = EDGE_CURVE('',#4858,#4811,#4860,.T.);
#4858 = VERTEX_POINT('',#4859);
#4859 = CARTESIAN_POINT('',(0.147819,-1.580469,3.575));
#4860 = LINE('',#4861,#4862);
#4861 = CARTESIAN_POINT('',(0.147819,-0.372053431462,3.575));
#4862 = VECTOR('',#4863,1.);
#4863 = DIRECTION('',(-2.312964634636E-17,1.,0.));
#4864 = ORIENTED_EDGE('',*,*,#4865,.F.);
#4865 = EDGE_CURVE('',#4866,#4858,#4868,.T.);
#4866 = VERTEX_POINT('',#4867);
#4867 = CARTESIAN_POINT('',(-0.302181,-2.030469,3.575));
#4868 = CIRCLE('',#4869,0.45);
#4869 = AXIS2_PLACEMENT_3D('',#4870,#4871,#4872);
#4870 = CARTESIAN_POINT('',(-0.302181,-1.580469,3.575));
#4871 = DIRECTION('',(0.,0.,1.));
#4872 = DIRECTION('',(1.,0.,-0.));
#4873 = ORIENTED_EDGE('',*,*,#4874,.T.);
#4874 = EDGE_CURVE('',#4866,#4875,#4877,.T.);
#4875 = VERTEX_POINT('',#4876);
#4876 = CARTESIAN_POINT('',(-3.417181,-2.030469,3.575));
#4877 = LINE('',#4878,#4879);
#4878 = CARTESIAN_POINT('',(-2.514773473206E-02,-2.030469,3.575));
#4879 = VECTOR('',#4880,1.);
#4880 = DIRECTION('',(-1.,0.,0.));
#4881 = ORIENTED_EDGE('',*,*,#4882,.F.);
#4882 = EDGE_CURVE('',#4883,#4875,#4885,.T.);
#4883 = VERTEX_POINT('',#4884);
#4884 = CARTESIAN_POINT('',(-3.417181,-1.680469,3.575));
#4885 = LINE('',#4886,#4887);
#4886 = CARTESIAN_POINT('',(-3.417181,-0.372053431462,3.575));
#4887 = VECTOR('',#4888,1.);
#4888 = DIRECTION('',(0.,-1.,0.));
#4889 = ORIENTED_EDGE('',*,*,#4890,.T.);
#4890 = EDGE_CURVE('',#4883,#4891,#4893,.T.);
#4891 = VERTEX_POINT('',#4892);
#4892 = CARTESIAN_POINT('',(-0.452181,-1.680469,3.575));
#4893 = LINE('',#4894,#4895);
#4894 = CARTESIAN_POINT('',(-2.514773473206E-02,-1.680469,3.575));
#4895 = VECTOR('',#4896,1.);
#4896 = DIRECTION('',(1.,0.,0.));
#4897 = ORIENTED_EDGE('',*,*,#4898,.F.);
#4898 = EDGE_CURVE('',#4821,#4891,#4899,.T.);
#4899 = CIRCLE('',#4900,0.25);
#4900 = AXIS2_PLACEMENT_3D('',#4901,#4902,#4903);
#4901 = CARTESIAN_POINT('',(-0.452181,-1.430469,3.575));
#4902 = DIRECTION('',(0.,0.,-1.));
#4903 = DIRECTION('',(-1.,0.,0.));
#4904 = PLANE('',#4905);
#4905 = AXIS2_PLACEMENT_3D('',#4906,#4907,#4908);
#4906 = CARTESIAN_POINT('',(-2.514773473206E-02,-0.372053431462,3.575));
#4907 = DIRECTION('',(0.,0.,1.));
#4908 = DIRECTION('',(1.,0.,-0.));
#4909 = ADVANCED_FACE('',(#4910),#4961,.T.);
#4910 = FACE_BOUND('',#4911,.T.);
#4911 = EDGE_LOOP('',(#4912,#4913,#4922,#4930,#4938,#4946,#4955));
#4912 = ORIENTED_EDGE('',*,*,#4836,.T.);
#4913 = ORIENTED_EDGE('',*,*,#4914,.T.);
#4914 = EDGE_CURVE('',#4829,#4915,#4917,.T.);
#4915 = VERTEX_POINT('',#4916);
#4916 = CARTESIAN_POINT('',(-0.452181,-1.680469,3.925));
#4917 = CIRCLE('',#4918,0.25);
#4918 = AXIS2_PLACEMENT_3D('',#4919,#4920,#4921);
#4919 = CARTESIAN_POINT('',(-0.452181,-1.430469,3.925));
#4920 = DIRECTION('',(0.,0.,-1.));
#4921 = DIRECTION('',(-1.,0.,0.));
#4922 = ORIENTED_EDGE('',*,*,#4923,.F.);
#4923 = EDGE_CURVE('',#4924,#4915,#4926,.T.);
#4924 = VERTEX_POINT('',#4925);
#4925 = CARTESIAN_POINT('',(-3.417181,-1.680469,3.925));
#4926 = LINE('',#4927,#4928);
#4927 = CARTESIAN_POINT('',(-2.514773473206E-02,-1.680469,3.925));
#4928 = VECTOR('',#4929,1.);
#4929 = DIRECTION('',(1.,0.,0.));
#4930 = ORIENTED_EDGE('',*,*,#4931,.T.);
#4931 = EDGE_CURVE('',#4924,#4932,#4934,.T.);
#4932 = VERTEX_POINT('',#4933);
#4933 = CARTESIAN_POINT('',(-3.417181,-2.030469,3.925));
#4934 = LINE('',#4935,#4936);
#4935 = CARTESIAN_POINT('',(-3.417181,-0.372053431462,3.925));
#4936 = VECTOR('',#4937,1.);
#4937 = DIRECTION('',(0.,-1.,0.));
#4938 = ORIENTED_EDGE('',*,*,#4939,.F.);
#4939 = EDGE_CURVE('',#4940,#4932,#4942,.T.);
#4940 = VERTEX_POINT('',#4941);
#4941 = CARTESIAN_POINT('',(-0.302181,-2.030469,3.925));
#4942 = LINE('',#4943,#4944);
#4943 = CARTESIAN_POINT('',(-2.514773473206E-02,-2.030469,3.925));
#4944 = VECTOR('',#4945,1.);
#4945 = DIRECTION('',(-1.,0.,0.));
#4946 = ORIENTED_EDGE('',*,*,#4947,.T.);
#4947 = EDGE_CURVE('',#4940,#4948,#4950,.T.);
#4948 = VERTEX_POINT('',#4949);
#4949 = CARTESIAN_POINT('',(0.147819,-1.580469,3.925));
#4950 = CIRCLE('',#4951,0.45);
#4951 = AXIS2_PLACEMENT_3D('',#4952,#4953,#4954);
#4952 = CARTESIAN_POINT('',(-0.302181,-1.580469,3.925));
#4953 = DIRECTION('',(0.,0.,1.));
#4954 = DIRECTION('',(1.,0.,-0.));
#4955 = ORIENTED_EDGE('',*,*,#4956,.T.);
#4956 = EDGE_CURVE('',#4948,#4813,#4957,.T.);
#4957 = LINE('',#4958,#4959);
#4958 = CARTESIAN_POINT('',(0.147819,-0.372053431462,3.925));
#4959 = VECTOR('',#4960,1.);
#4960 = DIRECTION('',(-2.312964634636E-17,1.,0.));
#4961 = PLANE('',#4962);
#4962 = AXIS2_PLACEMENT_3D('',#4963,#4964,#4965);
#4963 = CARTESIAN_POINT('',(-2.514773473206E-02,-0.372053431462,3.925));
#4964 = DIRECTION('',(0.,0.,1.));
#4965 = DIRECTION('',(1.,0.,-0.));
#4966 = ADVANCED_FACE('',(#4967),#4992,.F.);
#4967 = FACE_BOUND('',#4968,.T.);
#4968 = EDGE_LOOP('',(#4969,#4977,#4978,#4986));
#4969 = ORIENTED_EDGE('',*,*,#4970,.T.);
#4970 = EDGE_CURVE('',#4971,#4932,#4973,.T.);
#4971 = VERTEX_POINT('',#4972);
#4972 = CARTESIAN_POINT('',(-3.717181,-1.955469,3.85));
#4973 = LINE('',#4974,#4975);
#4974 = CARTESIAN_POINT('',(-2.514773473206E-02,-2.878477316317,
    4.773008316317));
#4975 = VECTOR('',#4976,1.);
#4976 = DIRECTION('',(0.942809041582,-0.235702260396,0.235702260396));
#4977 = ORIENTED_EDGE('',*,*,#4931,.F.);
#4978 = ORIENTED_EDGE('',*,*,#4979,.T.);
#4979 = EDGE_CURVE('',#4924,#4980,#4982,.T.);
#4980 = VERTEX_POINT('',#4981);
#4981 = CARTESIAN_POINT('',(-3.717181,-1.755469,3.85));
#4982 = LINE('',#4983,#4984);
#4983 = CARTESIAN_POINT('',(-2.514773473206E-02,-0.832460683683,
    4.773008316317));
#4984 = VECTOR('',#4985,1.);
#4985 = DIRECTION('',(-0.942809041582,-0.235702260396,-0.235702260396));
#4986 = ORIENTED_EDGE('',*,*,#4987,.T.);
#4987 = EDGE_CURVE('',#4980,#4971,#4988,.T.);
#4988 = LINE('',#4989,#4990);
#4989 = CARTESIAN_POINT('',(-3.717181,-0.372053431462,3.85));
#4990 = VECTOR('',#4991,1.);
#4991 = DIRECTION('',(0.,-1.,0.));
#4992 = PLANE('',#4993);
#4993 = AXIS2_PLACEMENT_3D('',#4994,#4995,#4996);
#4994 = CARTESIAN_POINT('',(-3.717181,-2.4404714,3.85));
#4995 = DIRECTION('',(0.242535625036,0.,-0.970142500145));
#4996 = DIRECTION('',(0.970142500145,0.,0.242535625036));
#4997 = ADVANCED_FACE('',(#4998),#5021,.T.);
#4998 = FACE_BOUND('',#4999,.T.);
#4999 = EDGE_LOOP('',(#5000,#5008,#5014,#5015));
#5000 = ORIENTED_EDGE('',*,*,#5001,.F.);
#5001 = EDGE_CURVE('',#4875,#5002,#5004,.T.);
#5002 = VERTEX_POINT('',#5003);
#5003 = CARTESIAN_POINT('',(-3.717181,-1.955469,3.65));
#5004 = LINE('',#5005,#5006);
#5005 = CARTESIAN_POINT('',(-2.514773473206E-02,-2.878477316317,
    2.726991683683));
#5006 = VECTOR('',#5007,1.);
#5007 = DIRECTION('',(-0.942809041582,0.235702260396,0.235702260396));
#5008 = ORIENTED_EDGE('',*,*,#5009,.F.);
#5009 = EDGE_CURVE('',#4932,#4875,#5010,.T.);
#5010 = LINE('',#5011,#5012);
#5011 = CARTESIAN_POINT('',(-3.417181,-2.030469,3.575));
#5012 = VECTOR('',#5013,1.);
#5013 = DIRECTION('',(0.,0.,-1.));
#5014 = ORIENTED_EDGE('',*,*,#4970,.F.);
#5015 = ORIENTED_EDGE('',*,*,#5016,.F.);
#5016 = EDGE_CURVE('',#5002,#4971,#5017,.T.);
#5017 = LINE('',#5018,#5019);
#5018 = CARTESIAN_POINT('',(-3.717181,-1.955469,3.575));
#5019 = VECTOR('',#5020,1.);
#5020 = DIRECTION('',(0.,0.,1.));
#5021 = PLANE('',#5022);
#5022 = AXIS2_PLACEMENT_3D('',#5023,#5024,#5025);
#5023 = CARTESIAN_POINT('',(-3.417181,-2.030469,3.575));
#5024 = DIRECTION('',(-0.242535625036,-0.970142500145,0.));
#5025 = DIRECTION('',(-0.970142500145,0.242535625036,0.));
#5026 = ADVANCED_FACE('',(#5027),#5045,.T.);
#5027 = FACE_BOUND('',#5028,.T.);
#5028 = EDGE_LOOP('',(#5029,#5037,#5038,#5039));
#5029 = ORIENTED_EDGE('',*,*,#5030,.F.);
#5030 = EDGE_CURVE('',#5002,#5031,#5033,.T.);
#5031 = VERTEX_POINT('',#5032);
#5032 = CARTESIAN_POINT('',(-3.717181,-1.755469,3.65));
#5033 = LINE('',#5034,#5035);
#5034 = CARTESIAN_POINT('',(-3.717181,-0.372053431462,3.65));
#5035 = VECTOR('',#5036,1.);
#5036 = DIRECTION('',(0.,1.,0.));
#5037 = ORIENTED_EDGE('',*,*,#5016,.T.);
#5038 = ORIENTED_EDGE('',*,*,#4987,.F.);
#5039 = ORIENTED_EDGE('',*,*,#5040,.F.);
#5040 = EDGE_CURVE('',#5031,#4980,#5041,.T.);
#5041 = LINE('',#5042,#5043);
#5042 = CARTESIAN_POINT('',(-3.717181,-1.755469,3.575));
#5043 = VECTOR('',#5044,1.);
#5044 = DIRECTION('',(0.,0.,1.));
#5045 = PLANE('',#5046);
#5046 = AXIS2_PLACEMENT_3D('',#5047,#5048,#5049);
#5047 = CARTESIAN_POINT('',(-3.717181,-1.955469,3.575));
#5048 = DIRECTION('',(-1.,0.,0.));
#5049 = DIRECTION('',(0.,1.,0.));
#5050 = ADVANCED_FACE('',(#5051),#5062,.F.);
#5051 = FACE_BOUND('',#5052,.T.);
#5052 = EDGE_LOOP('',(#5053,#5059,#5060,#5061));
#5053 = ORIENTED_EDGE('',*,*,#5054,.T.);
#5054 = EDGE_CURVE('',#5031,#4883,#5055,.T.);
#5055 = LINE('',#5056,#5057);
#5056 = CARTESIAN_POINT('',(-2.514773473206E-02,-0.832460683683,
    2.726991683683));
#5057 = VECTOR('',#5058,1.);
#5058 = DIRECTION('',(0.942809041582,0.235702260396,-0.235702260396));
#5059 = ORIENTED_EDGE('',*,*,#4882,.T.);
#5060 = ORIENTED_EDGE('',*,*,#5001,.T.);
#5061 = ORIENTED_EDGE('',*,*,#5030,.T.);
#5062 = PLANE('',#5063);
#5063 = AXIS2_PLACEMENT_3D('',#5064,#5065,#5066);
#5064 = CARTESIAN_POINT('',(-3.417181,-2.4404714,3.575));
#5065 = DIRECTION('',(0.242535625036,0.,0.970142500145));
#5066 = DIRECTION('',(-0.970142500145,0.,0.242535625036));
#5067 = ADVANCED_FACE('',(#5068),#5079,.F.);
#5068 = FACE_BOUND('',#5069,.F.);
#5069 = EDGE_LOOP('',(#5070,#5071,#5077,#5078));
#5070 = ORIENTED_EDGE('',*,*,#4914,.T.);
#5071 = ORIENTED_EDGE('',*,*,#5072,.T.);
#5072 = EDGE_CURVE('',#4915,#4891,#5073,.T.);
#5073 = LINE('',#5074,#5075);
#5074 = CARTESIAN_POINT('',(-0.452181,-1.680469,3.575));
#5075 = VECTOR('',#5076,1.);
#5076 = DIRECTION('',(0.,0.,-1.));
#5077 = ORIENTED_EDGE('',*,*,#4898,.F.);
#5078 = ORIENTED_EDGE('',*,*,#4828,.F.);
#5079 = CYLINDRICAL_SURFACE('',#5080,0.25);
#5080 = AXIS2_PLACEMENT_3D('',#5081,#5082,#5083);
#5081 = CARTESIAN_POINT('',(-0.452181,-1.430469,3.575));
#5082 = DIRECTION('',(0.,0.,-1.));
#5083 = DIRECTION('',(-1.,0.,0.));
#5084 = ADVANCED_FACE('',(#5085),#5096,.T.);
#5085 = FACE_BOUND('',#5086,.T.);
#5086 = EDGE_LOOP('',(#5087,#5088,#5094,#5095));
#5087 = ORIENTED_EDGE('',*,*,#4890,.F.);
#5088 = ORIENTED_EDGE('',*,*,#5089,.T.);
#5089 = EDGE_CURVE('',#4883,#4924,#5090,.T.);
#5090 = LINE('',#5091,#5092);
#5091 = CARTESIAN_POINT('',(-3.417181,-1.680469,3.575));
#5092 = VECTOR('',#5093,1.);
#5093 = DIRECTION('',(0.,0.,1.));
#5094 = ORIENTED_EDGE('',*,*,#4923,.T.);
#5095 = ORIENTED_EDGE('',*,*,#5072,.T.);
#5096 = PLANE('',#5097);
#5097 = AXIS2_PLACEMENT_3D('',#5098,#5099,#5100);
#5098 = CARTESIAN_POINT('',(-3.417181,-1.680469,3.575));
#5099 = DIRECTION('',(0.,1.,0.));
#5100 = DIRECTION('',(1.,0.,0.));
#5101 = ADVANCED_FACE('',(#5102),#5108,.T.);
#5102 = FACE_BOUND('',#5103,.T.);
#5103 = EDGE_LOOP('',(#5104,#5105,#5106,#5107));
#5104 = ORIENTED_EDGE('',*,*,#4979,.F.);
#5105 = ORIENTED_EDGE('',*,*,#5089,.F.);
#5106 = ORIENTED_EDGE('',*,*,#5054,.F.);
#5107 = ORIENTED_EDGE('',*,*,#5040,.T.);
#5108 = PLANE('',#5109);
#5109 = AXIS2_PLACEMENT_3D('',#5110,#5111,#5112);
#5110 = CARTESIAN_POINT('',(-3.717181,-1.755469,3.575));
#5111 = DIRECTION('',(-0.242535625036,0.970142500145,0.));
#5112 = DIRECTION('',(0.970142500145,0.242535625036,0.));
#5113 = ADVANCED_FACE('',(#5114),#5130,.T.);
#5114 = FACE_BOUND('',#5115,.T.);
#5115 = EDGE_LOOP('',(#5116,#5122,#5123,#5129));
#5116 = ORIENTED_EDGE('',*,*,#5117,.F.);
#5117 = EDGE_CURVE('',#4866,#4940,#5118,.T.);
#5118 = LINE('',#5119,#5120);
#5119 = CARTESIAN_POINT('',(-0.302181,-2.030469,3.575));
#5120 = VECTOR('',#5121,1.);
#5121 = DIRECTION('',(0.,0.,1.));
#5122 = ORIENTED_EDGE('',*,*,#4865,.T.);
#5123 = ORIENTED_EDGE('',*,*,#5124,.T.);
#5124 = EDGE_CURVE('',#4858,#4948,#5125,.T.);
#5125 = LINE('',#5126,#5127);
#5126 = CARTESIAN_POINT('',(0.147819,-1.580469,3.575));
#5127 = VECTOR('',#5128,1.);
#5128 = DIRECTION('',(0.,0.,1.));
#5129 = ORIENTED_EDGE('',*,*,#4947,.F.);
#5130 = CYLINDRICAL_SURFACE('',#5131,0.45);
#5131 = AXIS2_PLACEMENT_3D('',#5132,#5133,#5134);
#5132 = CARTESIAN_POINT('',(-0.302181,-1.580469,3.575));
#5133 = DIRECTION('',(0.,0.,1.));
#5134 = DIRECTION('',(1.,0.,-0.));
#5135 = ADVANCED_FACE('',(#5136),#5142,.T.);
#5136 = FACE_BOUND('',#5137,.T.);
#5137 = EDGE_LOOP('',(#5138,#5139,#5140,#5141));
#5138 = ORIENTED_EDGE('',*,*,#5117,.T.);
#5139 = ORIENTED_EDGE('',*,*,#4939,.T.);
#5140 = ORIENTED_EDGE('',*,*,#5009,.T.);
#5141 = ORIENTED_EDGE('',*,*,#4874,.F.);
#5142 = PLANE('',#5143);
#5143 = AXIS2_PLACEMENT_3D('',#5144,#5145,#5146);
#5144 = CARTESIAN_POINT('',(0.147819,-2.030469,3.575));
#5145 = DIRECTION('',(0.,-1.,0.));
#5146 = DIRECTION('',(-1.,0.,0.));
#5147 = ADVANCED_FACE('',(#5148),#5154,.T.);
#5148 = FACE_BOUND('',#5149,.T.);
#5149 = EDGE_LOOP('',(#5150,#5151,#5152,#5153));
#5150 = ORIENTED_EDGE('',*,*,#4810,.T.);
#5151 = ORIENTED_EDGE('',*,*,#4956,.F.);
#5152 = ORIENTED_EDGE('',*,*,#5124,.F.);
#5153 = ORIENTED_EDGE('',*,*,#4857,.T.);
#5154 = PLANE('',#5155);
#5155 = AXIS2_PLACEMENT_3D('',#5156,#5157,#5158);
#5156 = CARTESIAN_POINT('',(0.147819,1.769531,3.575));
#5157 = DIRECTION('',(1.,2.312964634636E-17,0.));
#5158 = DIRECTION('',(2.312964634636E-17,-1.,0.));
#5159 = ADVANCED_FACE('',(#5160),#5185,.F.);
#5160 = FACE_BOUND('',#5161,.T.);
#5161 = EDGE_LOOP('',(#5162,#5163,#5171,#5179));
#5162 = ORIENTED_EDGE('',*,*,#4781,.F.);
#5163 = ORIENTED_EDGE('',*,*,#5164,.T.);
#5164 = EDGE_CURVE('',#4774,#5165,#5167,.T.);
#5165 = VERTEX_POINT('',#5166);
#5166 = CARTESIAN_POINT('',(-1.017181,-1.630469,5.2));
#5167 = LINE('',#5168,#5169);
#5168 = CARTESIAN_POINT('',(-1.017181,0.,5.2));
#5169 = VECTOR('',#5170,1.);
#5170 = DIRECTION('',(0.,-1.,3.749151804555E-33));
#5171 = ORIENTED_EDGE('',*,*,#5172,.F.);
#5172 = EDGE_CURVE('',#5173,#5165,#5175,.T.);
#5173 = VERTEX_POINT('',#5174);
#5174 = CARTESIAN_POINT('',(-1.417181,-1.630469,5.2));
#5175 = LINE('',#5176,#5177);
#5176 = CARTESIAN_POINT('',(-2.217181,-1.630469,5.2));
#5177 = VECTOR('',#5178,1.);
#5178 = DIRECTION('',(1.,-1.836909530734E-16,-6.123031769112E-17));
#5179 = ORIENTED_EDGE('',*,*,#5180,.F.);
#5180 = EDGE_CURVE('',#4726,#5173,#5181,.T.);
#5181 = LINE('',#5182,#5183);
#5182 = CARTESIAN_POINT('',(-1.417181,2.603233285675E-16,5.2));
#5183 = VECTOR('',#5184,1.);
#5184 = DIRECTION('',(-1.836909530734E-16,-1.,1.499660721822E-32));
#5185 = PLANE('',#5186);
#5186 = AXIS2_PLACEMENT_3D('',#5187,#5188,#5189);
#5187 = CARTESIAN_POINT('',(0.982819,1.469531,5.2));
#5188 = DIRECTION('',(6.123031769112E-17,3.749151804555E-33,1.));
#5189 = DIRECTION('',(-1.,1.836909530734E-16,6.123031769112E-17));
#5190 = ADVANCED_FACE('',(#5191),#5217,.F.);
#5191 = FACE_BOUND('',#5192,.T.);
#5192 = EDGE_LOOP('',(#5193,#5201,#5202,#5203,#5211));
#5193 = ORIENTED_EDGE('',*,*,#5194,.F.);
#5194 = EDGE_CURVE('',#5165,#5195,#5197,.T.);
#5195 = VERTEX_POINT('',#5196);
#5196 = CARTESIAN_POINT('',(-1.017181,-2.030469,5.2));
#5197 = LINE('',#5198,#5199);
#5198 = CARTESIAN_POINT('',(-1.017181,-4.440892098501E-16,5.2));
#5199 = VECTOR('',#5200,1.);
#5200 = DIRECTION('',(0.,-1.,0.));
#5201 = ORIENTED_EDGE('',*,*,#5164,.F.);
#5202 = ORIENTED_EDGE('',*,*,#4773,.F.);
#5203 = ORIENTED_EDGE('',*,*,#5204,.F.);
#5204 = EDGE_CURVE('',#5205,#4766,#5207,.T.);
#5205 = VERTEX_POINT('',#5206);
#5206 = CARTESIAN_POINT('',(-1.017181,-2.030469,3.926));
#5207 = LINE('',#5208,#5209);
#5208 = CARTESIAN_POINT('',(-1.017181,-4.440892098501E-16,3.926));
#5209 = VECTOR('',#5210,1.);
#5210 = DIRECTION('',(0.,1.,0.));
#5211 = ORIENTED_EDGE('',*,*,#5212,.T.);
#5212 = EDGE_CURVE('',#5205,#5195,#5213,.T.);
#5213 = LINE('',#5214,#5215);
#5214 = CARTESIAN_POINT('',(-1.017181,-2.030469,6.25));
#5215 = VECTOR('',#5216,1.);
#5216 = DIRECTION('',(7.35079311524E-31,-1.33226762955E-14,1.));
#5217 = PLANE('',#5218);
#5218 = AXIS2_PLACEMENT_3D('',#5219,#5220,#5221);
#5219 = CARTESIAN_POINT('',(-1.017181,-2.030469,4.375));
#5220 = DIRECTION('',(1.,0.,0.));
#5221 = DIRECTION('',(-0.,1.,0.));
#5222 = ADVANCED_FACE('',(#5223),#5268,.T.);
#5223 = FACE_BOUND('',#5224,.T.);
#5224 = EDGE_LOOP('',(#5225,#5236,#5244,#5253,#5262));
#5225 = ORIENTED_EDGE('',*,*,#5226,.F.);
#5226 = EDGE_CURVE('',#5227,#5229,#5231,.T.);
#5227 = VERTEX_POINT('',#5228);
#5228 = CARTESIAN_POINT('',(1.182819,-2.530469,4.8));
#5229 = VERTEX_POINT('',#5230);
#5230 = CARTESIAN_POINT('',(0.382819,-2.530469,4.8));
#5231 = CIRCLE('',#5232,0.4);
#5232 = AXIS2_PLACEMENT_3D('',#5233,#5234,#5235);
#5233 = CARTESIAN_POINT('',(0.782819,-2.530469,4.8));
#5234 = DIRECTION('',(-6.123031769112E-17,-1.,0.));
#5235 = DIRECTION('',(1.,-6.123031769112E-17,0.));
#5236 = ORIENTED_EDGE('',*,*,#5237,.F.);
#5237 = EDGE_CURVE('',#5238,#5227,#5240,.T.);
#5238 = VERTEX_POINT('',#5239);
#5239 = CARTESIAN_POINT('',(1.182819,-2.030469,4.8));
#5240 = LINE('',#5241,#5242);
#5241 = CARTESIAN_POINT('',(1.182819,-2.030469,4.8));
#5242 = VECTOR('',#5243,1.);
#5243 = DIRECTION('',(0.,-1.,0.));
#5244 = ORIENTED_EDGE('',*,*,#5245,.F.);
#5245 = EDGE_CURVE('',#5246,#5238,#5248,.T.);
#5246 = VERTEX_POINT('',#5247);
#5247 = CARTESIAN_POINT('',(0.782819,-2.030469,5.2));
#5248 = CIRCLE('',#5249,0.4);
#5249 = AXIS2_PLACEMENT_3D('',#5250,#5251,#5252);
#5250 = CARTESIAN_POINT('',(0.782819,-2.030469,4.8));
#5251 = DIRECTION('',(-0.,1.,0.));
#5252 = DIRECTION('',(1.,0.,0.));
#5253 = ORIENTED_EDGE('',*,*,#5254,.F.);
#5254 = EDGE_CURVE('',#5255,#5246,#5257,.T.);
#5255 = VERTEX_POINT('',#5256);
#5256 = CARTESIAN_POINT('',(0.382819,-2.030469,4.8));
#5257 = CIRCLE('',#5258,0.4);
#5258 = AXIS2_PLACEMENT_3D('',#5259,#5260,#5261);
#5259 = CARTESIAN_POINT('',(0.782819,-2.030469,4.8));
#5260 = DIRECTION('',(-0.,1.,0.));
#5261 = DIRECTION('',(1.,0.,0.));
#5262 = ORIENTED_EDGE('',*,*,#5263,.T.);
#5263 = EDGE_CURVE('',#5255,#5229,#5264,.T.);
#5264 = LINE('',#5265,#5266);
#5265 = CARTESIAN_POINT('',(0.382819,-2.030469,4.8));
#5266 = VECTOR('',#5267,1.);
#5267 = DIRECTION('',(0.,-1.,0.));
#5268 = CYLINDRICAL_SURFACE('',#5269,0.4);
#5269 = AXIS2_PLACEMENT_3D('',#5270,#5271,#5272);
#5270 = CARTESIAN_POINT('',(0.782819,-2.030469,4.8));
#5271 = DIRECTION('',(0.,-1.,0.));
#5272 = DIRECTION('',(1.,0.,0.));
#5273 = ADVANCED_FACE('',(#5274),#5306,.T.);
#5274 = FACE_BOUND('',#5275,.T.);
#5275 = EDGE_LOOP('',(#5276,#5287,#5293,#5300));
#5276 = ORIENTED_EDGE('',*,*,#5277,.F.);
#5277 = EDGE_CURVE('',#5278,#5280,#5282,.T.);
#5278 = VERTEX_POINT('',#5279);
#5279 = CARTESIAN_POINT('',(0.582819,-2.830469,4.8));
#5280 = VERTEX_POINT('',#5281);
#5281 = CARTESIAN_POINT('',(0.982819,-2.830469,4.8));
#5282 = CIRCLE('',#5283,0.2);
#5283 = AXIS2_PLACEMENT_3D('',#5284,#5285,#5286);
#5284 = CARTESIAN_POINT('',(0.782819,-2.830469,4.8));
#5285 = DIRECTION('',(-1.224606353822E-16,-1.,0.));
#5286 = DIRECTION('',(1.,-1.224606353822E-16,0.));
#5287 = ORIENTED_EDGE('',*,*,#5288,.T.);
#5288 = EDGE_CURVE('',#5278,#5229,#5289,.T.);
#5289 = LINE('',#5290,#5291);
#5290 = CARTESIAN_POINT('',(0.582819,-2.830469,4.8));
#5291 = VECTOR('',#5292,1.);
#5292 = DIRECTION('',(-0.554700196225,0.832050294338,0.));
#5293 = ORIENTED_EDGE('',*,*,#5294,.T.);
#5294 = EDGE_CURVE('',#5229,#5227,#5295,.T.);
#5295 = CIRCLE('',#5296,0.4);
#5296 = AXIS2_PLACEMENT_3D('',#5297,#5298,#5299);
#5297 = CARTESIAN_POINT('',(0.782819,-2.530469,4.8));
#5298 = DIRECTION('',(-6.123031769112E-17,-1.,0.));
#5299 = DIRECTION('',(1.,-6.123031769112E-17,0.));
#5300 = ORIENTED_EDGE('',*,*,#5301,.F.);
#5301 = EDGE_CURVE('',#5280,#5227,#5302,.T.);
#5302 = LINE('',#5303,#5304);
#5303 = CARTESIAN_POINT('',(0.982819,-2.830469,4.8));
#5304 = VECTOR('',#5305,1.);
#5305 = DIRECTION('',(0.554700196225,0.832050294338,0.));
#5306 = CONICAL_SURFACE('',#5307,0.2,0.588002603548);
#5307 = AXIS2_PLACEMENT_3D('',#5308,#5309,#5310);
#5308 = CARTESIAN_POINT('',(0.782819,-2.830469,4.8));
#5309 = DIRECTION('',(0.,1.,0.));
#5310 = DIRECTION('',(1.,-0.,0.));
#5311 = ADVANCED_FACE('',(#5312),#5322,.F.);
#5312 = FACE_BOUND('',#5313,.T.);
#5313 = EDGE_LOOP('',(#5314,#5315));
#5314 = ORIENTED_EDGE('',*,*,#5277,.T.);
#5315 = ORIENTED_EDGE('',*,*,#5316,.T.);
#5316 = EDGE_CURVE('',#5280,#5278,#5317,.T.);
#5317 = CIRCLE('',#5318,0.2);
#5318 = AXIS2_PLACEMENT_3D('',#5319,#5320,#5321);
#5319 = CARTESIAN_POINT('',(0.782819,-2.830469,4.8));
#5320 = DIRECTION('',(-1.224606353822E-16,-1.,0.));
#5321 = DIRECTION('',(1.,-1.224606353822E-16,0.));
#5322 = PLANE('',#5323);
#5323 = AXIS2_PLACEMENT_3D('',#5324,#5325,#5326);
#5324 = CARTESIAN_POINT('',(0.269731024956,-2.830469,4.599215225663));
#5325 = DIRECTION('',(0.,1.,0.));
#5326 = DIRECTION('',(1.,0.,0.));
#5327 = ADVANCED_FACE('',(#5328),#5359,.F.);
#5328 = FACE_BOUND('',#5329,.T.);
#5329 = EDGE_LOOP('',(#5330,#5331,#5337,#5338,#5346,#5352));
#5330 = ORIENTED_EDGE('',*,*,#5254,.T.);
#5331 = ORIENTED_EDGE('',*,*,#5332,.T.);
#5332 = EDGE_CURVE('',#5246,#5195,#5333,.T.);
#5333 = LINE('',#5334,#5335);
#5334 = CARTESIAN_POINT('',(-1.665334536938E-16,-2.030469,5.2));
#5335 = VECTOR('',#5336,1.);
#5336 = DIRECTION('',(-1.,0.,0.));
#5337 = ORIENTED_EDGE('',*,*,#5212,.F.);
#5338 = ORIENTED_EDGE('',*,*,#5339,.F.);
#5339 = EDGE_CURVE('',#5340,#5205,#5342,.T.);
#5340 = VERTEX_POINT('',#5341);
#5341 = CARTESIAN_POINT('',(1.182819,-2.030469,3.926));
#5342 = LINE('',#5343,#5344);
#5343 = CARTESIAN_POINT('',(1.182819,-2.030469,3.926));
#5344 = VECTOR('',#5345,1.);
#5345 = DIRECTION('',(-1.,0.,0.));
#5346 = ORIENTED_EDGE('',*,*,#5347,.T.);
#5347 = EDGE_CURVE('',#5340,#5238,#5348,.T.);
#5348 = LINE('',#5349,#5350);
#5349 = CARTESIAN_POINT('',(1.182819,-2.030469,4.7));
#5350 = VECTOR('',#5351,1.);
#5351 = DIRECTION('',(0.,0.,1.));
#5352 = ORIENTED_EDGE('',*,*,#5353,.T.);
#5353 = EDGE_CURVE('',#5238,#5255,#5354,.T.);
#5354 = CIRCLE('',#5355,0.4);
#5355 = AXIS2_PLACEMENT_3D('',#5356,#5357,#5358);
#5356 = CARTESIAN_POINT('',(0.782819,-2.030469,4.8));
#5357 = DIRECTION('',(-0.,1.,0.));
#5358 = DIRECTION('',(1.,0.,0.));
#5359 = PLANE('',#5360);
#5360 = AXIS2_PLACEMENT_3D('',#5361,#5362,#5363);
#5361 = CARTESIAN_POINT('',(1.182819,-2.030469,3.926));
#5362 = DIRECTION('',(0.,1.,1.33226762955E-14));
#5363 = DIRECTION('',(0.,1.33226762955E-14,-1.));
#5364 = ADVANCED_FACE('',(#5365),#5376,.F.);
#5365 = FACE_BOUND('',#5366,.T.);
#5366 = EDGE_LOOP('',(#5367,#5368,#5369,#5370));
#5367 = ORIENTED_EDGE('',*,*,#5339,.T.);
#5368 = ORIENTED_EDGE('',*,*,#5204,.T.);
#5369 = ORIENTED_EDGE('',*,*,#4765,.T.);
#5370 = ORIENTED_EDGE('',*,*,#5371,.T.);
#5371 = EDGE_CURVE('',#4758,#5340,#5372,.T.);
#5372 = LINE('',#5373,#5374);
#5373 = CARTESIAN_POINT('',(1.182819,-4.440892098501E-16,3.926));
#5374 = VECTOR('',#5375,1.);
#5375 = DIRECTION('',(0.,-1.,0.));
#5376 = PLANE('',#5377);
#5377 = AXIS2_PLACEMENT_3D('',#5378,#5379,#5380);
#5378 = CARTESIAN_POINT('',(1.182819,-1.930469,3.926));
#5379 = DIRECTION('',(0.,-1.7763568394E-14,1.));
#5380 = DIRECTION('',(0.,1.,1.7763568394E-14));
#5381 = ADVANCED_FACE('',(#5382),#5400,.T.);
#5382 = FACE_BOUND('',#5383,.T.);
#5383 = EDGE_LOOP('',(#5384,#5392,#5398,#5399));
#5384 = ORIENTED_EDGE('',*,*,#5385,.F.);
#5385 = EDGE_CURVE('',#5386,#4610,#5388,.T.);
#5386 = VERTEX_POINT('',#5387);
#5387 = CARTESIAN_POINT('',(1.182819,-2.030469,3.574));
#5388 = LINE('',#5389,#5390);
#5389 = CARTESIAN_POINT('',(1.182819,-2.030469,3.574));
#5390 = VECTOR('',#5391,1.);
#5391 = DIRECTION('',(-1.,0.,0.));
#5392 = ORIENTED_EDGE('',*,*,#5393,.T.);
#5393 = EDGE_CURVE('',#5386,#4750,#5394,.T.);
#5394 = LINE('',#5395,#5396);
#5395 = CARTESIAN_POINT('',(1.182819,-4.440892098501E-16,3.574));
#5396 = VECTOR('',#5397,1.);
#5397 = DIRECTION('',(0.,1.,0.));
#5398 = ORIENTED_EDGE('',*,*,#4749,.F.);
#5399 = ORIENTED_EDGE('',*,*,#4609,.F.);
#5400 = PLANE('',#5401);
#5401 = AXIS2_PLACEMENT_3D('',#5402,#5403,#5404);
#5402 = CARTESIAN_POINT('',(-2.5571834,-2.030469,3.574));
#5403 = DIRECTION('',(0.,0.,1.));
#5404 = DIRECTION('',(0.,1.,0.));
#5405 = ADVANCED_FACE('',(#5406),#5481,.F.);
#5406 = FACE_BOUND('',#5407,.T.);
#5407 = EDGE_LOOP('',(#5408,#5419,#5427,#5435,#5441,#5442,#5443,#5451,
    #5459,#5467,#5475));
#5408 = ORIENTED_EDGE('',*,*,#5409,.T.);
#5409 = EDGE_CURVE('',#5410,#5412,#5414,.T.);
#5410 = VERTEX_POINT('',#5411);
#5411 = CARTESIAN_POINT('',(0.664974354594,-0.869692227028,5.2));
#5412 = VERTEX_POINT('',#5413);
#5413 = CARTESIAN_POINT('',(0.482968511538,-1.029970628207,5.2));
#5414 = CIRCLE('',#5415,0.2);
#5415 = AXIS2_PLACEMENT_3D('',#5416,#5417,#5418);
#5416 = CARTESIAN_POINT('',(0.468858219456,-0.830469,5.2));
#5417 = DIRECTION('',(-6.123031769112E-17,0.,-1.));
#5418 = DIRECTION('',(-1.,1.836909530734E-16,6.123031769112E-17));
#5419 = ORIENTED_EDGE('',*,*,#5420,.T.);
#5420 = EDGE_CURVE('',#5412,#5421,#5423,.T.);
#5421 = VERTEX_POINT('',#5422);
#5422 = CARTESIAN_POINT('',(0.382819,-1.029970628207,5.2));
#5423 = LINE('',#5424,#5425);
#5424 = CARTESIAN_POINT('',(0.,-1.029970628207,5.2));
#5425 = VECTOR('',#5426,1.);
#5426 = DIRECTION('',(-1.,1.836909530734E-16,0.));
#5427 = ORIENTED_EDGE('',*,*,#5428,.T.);
#5428 = EDGE_CURVE('',#5421,#5429,#5431,.T.);
#5429 = VERTEX_POINT('',#5430);
#5430 = CARTESIAN_POINT('',(0.382819,-1.630469,5.2));
#5431 = LINE('',#5432,#5433);
#5432 = CARTESIAN_POINT('',(0.382819,0.,5.2));
#5433 = VECTOR('',#5434,1.);
#5434 = DIRECTION('',(-1.836909530734E-16,-1.,0.));
#5435 = ORIENTED_EDGE('',*,*,#5436,.T.);
#5436 = EDGE_CURVE('',#5429,#5165,#5437,.T.);
#5437 = LINE('',#5438,#5439);
#5438 = CARTESIAN_POINT('',(-2.217181,-1.630469,5.2));
#5439 = VECTOR('',#5440,1.);
#5440 = DIRECTION('',(-1.,1.836909530734E-16,3.061515884556E-17));
#5441 = ORIENTED_EDGE('',*,*,#5194,.T.);
#5442 = ORIENTED_EDGE('',*,*,#5332,.F.);
#5443 = ORIENTED_EDGE('',*,*,#5444,.F.);
#5444 = EDGE_CURVE('',#5445,#5246,#5447,.T.);
#5445 = VERTEX_POINT('',#5446);
#5446 = CARTESIAN_POINT('',(1.182819,-2.030469,5.2));
#5447 = LINE('',#5448,#5449);
#5448 = CARTESIAN_POINT('',(-1.665334536938E-16,-2.030469,5.2));
#5449 = VECTOR('',#5450,1.);
#5450 = DIRECTION('',(-1.,0.,0.));
#5451 = ORIENTED_EDGE('',*,*,#5452,.T.);
#5452 = EDGE_CURVE('',#5445,#5453,#5455,.T.);
#5453 = VERTEX_POINT('',#5454);
#5454 = CARTESIAN_POINT('',(1.182819,-1.330469,5.2));
#5455 = LINE('',#5456,#5457);
#5456 = CARTESIAN_POINT('',(1.182819,-4.440892098501E-16,5.2));
#5457 = VECTOR('',#5458,1.);
#5458 = DIRECTION('',(0.,1.,0.));
#5459 = ORIENTED_EDGE('',*,*,#5460,.T.);
#5460 = EDGE_CURVE('',#5453,#5461,#5463,.T.);
#5461 = VERTEX_POINT('',#5462);
#5462 = CARTESIAN_POINT('',(0.682819,-1.330469,5.2));
#5463 = LINE('',#5464,#5465);
#5464 = CARTESIAN_POINT('',(-1.665334536938E-16,-1.330469,5.2));
#5465 = VECTOR('',#5466,1.);
#5466 = DIRECTION('',(-1.,0.,0.));
#5467 = ORIENTED_EDGE('',*,*,#5468,.T.);
#5468 = EDGE_CURVE('',#5461,#5469,#5471,.T.);
#5469 = VERTEX_POINT('',#5470);
#5470 = CARTESIAN_POINT('',(0.682819,-0.780469,5.2));
#5471 = LINE('',#5472,#5473);
#5472 = CARTESIAN_POINT('',(0.682819,-2.5104714,5.2));
#5473 = VECTOR('',#5474,1.);
#5474 = DIRECTION('',(0.,1.,0.));
#5475 = ORIENTED_EDGE('',*,*,#5476,.T.);
#5476 = EDGE_CURVE('',#5469,#5410,#5477,.T.);
#5477 = LINE('',#5478,#5479);
#5478 = CARTESIAN_POINT('',(0.8389128,0.,5.2));
#5479 = VECTOR('',#5480,1.);
#5480 = DIRECTION('',(-0.196116135138,-0.980580675691,0.));
#5481 = PLANE('',#5482);
#5482 = AXIS2_PLACEMENT_3D('',#5483,#5484,#5485);
#5483 = CARTESIAN_POINT('',(0.584885317322,2.499492133643,5.2));
#5484 = DIRECTION('',(0.,0.,-1.));
#5485 = DIRECTION('',(-1.,1.224606353822E-16,0.));
#5486 = ADVANCED_FACE('',(#5487),#5512,.T.);
#5487 = FACE_BOUND('',#5488,.T.);
#5488 = EDGE_LOOP('',(#5489,#5497,#5505,#5511));
#5489 = ORIENTED_EDGE('',*,*,#5490,.F.);
#5490 = EDGE_CURVE('',#5491,#5469,#5493,.T.);
#5491 = VERTEX_POINT('',#5492);
#5492 = CARTESIAN_POINT('',(0.682819,-0.780469,5.4));
#5493 = LINE('',#5494,#5495);
#5494 = CARTESIAN_POINT('',(0.682819,-0.780469,-8.125));
#5495 = VECTOR('',#5496,1.);
#5496 = DIRECTION('',(1.394490320291E-30,3.061515884556E-16,-1.));
#5497 = ORIENTED_EDGE('',*,*,#5498,.T.);
#5498 = EDGE_CURVE('',#5491,#5499,#5501,.T.);
#5499 = VERTEX_POINT('',#5500);
#5500 = CARTESIAN_POINT('',(0.664974354594,-0.869692227028,5.4));
#5501 = LINE('',#5502,#5503);
#5502 = CARTESIAN_POINT('',(0.8389128,-1.541006917774E-16,5.4));
#5503 = VECTOR('',#5504,1.);
#5504 = DIRECTION('',(-0.196116135138,-0.980580675691,1.200825325887E-17
    ));
#5505 = ORIENTED_EDGE('',*,*,#5506,.F.);
#5506 = EDGE_CURVE('',#5410,#5499,#5507,.T.);
#5507 = LINE('',#5508,#5509);
#5508 = CARTESIAN_POINT('',(0.664974354594,-0.869692227028,5.2));
#5509 = VECTOR('',#5510,1.);
#5510 = DIRECTION('',(6.123031769112E-17,0.,1.));
#5511 = ORIENTED_EDGE('',*,*,#5476,.F.);
#5512 = PLANE('',#5513);
#5513 = AXIS2_PLACEMENT_3D('',#5514,#5515,#5516);
#5514 = CARTESIAN_POINT('',(0.732819,-0.530469,5.2));
#5515 = DIRECTION('',(0.980580675691,-0.196116135138,-6.004126629433E-17
    ));
#5516 = DIRECTION('',(0.196116135138,0.980580675691,-1.200825325887E-17)
  );
#5517 = ADVANCED_FACE('',(#5518),#5528,.F.);
#5518 = FACE_BOUND('',#5519,.T.);
#5519 = EDGE_LOOP('',(#5520,#5526,#5527));
#5520 = ORIENTED_EDGE('',*,*,#5521,.T.);
#5521 = EDGE_CURVE('',#5238,#5445,#5522,.T.);
#5522 = LINE('',#5523,#5524);
#5523 = CARTESIAN_POINT('',(1.182819,-2.030469,4.7));
#5524 = VECTOR('',#5525,1.);
#5525 = DIRECTION('',(0.,0.,1.));
#5526 = ORIENTED_EDGE('',*,*,#5444,.T.);
#5527 = ORIENTED_EDGE('',*,*,#5245,.T.);
#5528 = PLANE('',#5529);
#5529 = AXIS2_PLACEMENT_3D('',#5530,#5531,#5532);
#5530 = CARTESIAN_POINT('',(-0.268395264475,-2.030469,4.246823964012));
#5531 = DIRECTION('',(0.,1.,0.));
#5532 = DIRECTION('',(1.,0.,0.));
#5533 = ADVANCED_FACE('',(#5534),#5575,.F.);
#5534 = FACE_BOUND('',#5535,.T.);
#5535 = EDGE_LOOP('',(#5536,#5537,#5545,#5553,#5561,#5569));
#5536 = ORIENTED_EDGE('',*,*,#5460,.F.);
#5537 = ORIENTED_EDGE('',*,*,#5538,.T.);
#5538 = EDGE_CURVE('',#5453,#5539,#5541,.T.);
#5539 = VERTEX_POINT('',#5540);
#5540 = CARTESIAN_POINT('',(1.182819,-1.330469,5.95));
#5541 = LINE('',#5542,#5543);
#5542 = CARTESIAN_POINT('',(1.182819,-1.330469,5.2));
#5543 = VECTOR('',#5544,1.);
#5544 = DIRECTION('',(0.,0.,1.));
#5545 = ORIENTED_EDGE('',*,*,#5546,.F.);
#5546 = EDGE_CURVE('',#5547,#5539,#5549,.T.);
#5547 = VERTEX_POINT('',#5548);
#5548 = CARTESIAN_POINT('',(0.382819,-1.330469,5.95));
#5549 = LINE('',#5550,#5551);
#5550 = CARTESIAN_POINT('',(-1.017181,-1.330469,5.95));
#5551 = VECTOR('',#5552,1.);
#5552 = DIRECTION('',(1.,0.,0.));
#5553 = ORIENTED_EDGE('',*,*,#5554,.T.);
#5554 = EDGE_CURVE('',#5547,#5555,#5557,.T.);
#5555 = VERTEX_POINT('',#5556);
#5556 = CARTESIAN_POINT('',(0.382819,-1.330469,5.41));
#5557 = LINE('',#5558,#5559);
#5558 = CARTESIAN_POINT('',(0.382819,-1.330469,-1.875));
#5559 = VECTOR('',#5560,1.);
#5560 = DIRECTION('',(0.,0.,-1.));
#5561 = ORIENTED_EDGE('',*,*,#5562,.F.);
#5562 = EDGE_CURVE('',#5563,#5555,#5565,.T.);
#5563 = VERTEX_POINT('',#5564);
#5564 = CARTESIAN_POINT('',(0.682819,-1.330469,5.41));
#5565 = LINE('',#5566,#5567);
#5566 = CARTESIAN_POINT('',(-1.629300790964E-16,-1.330469,5.41));
#5567 = VECTOR('',#5568,1.);
#5568 = DIRECTION('',(-1.,0.,0.));
#5569 = ORIENTED_EDGE('',*,*,#5570,.T.);
#5570 = EDGE_CURVE('',#5563,#5461,#5571,.T.);
#5571 = LINE('',#5572,#5573);
#5572 = CARTESIAN_POINT('',(0.682819,-1.330469,4.375));
#5573 = VECTOR('',#5574,1.);
#5574 = DIRECTION('',(0.,0.,-1.));
#5575 = PLANE('',#5576);
#5576 = AXIS2_PLACEMENT_3D('',#5577,#5578,#5579);
#5577 = CARTESIAN_POINT('',(0.382819,-1.330469,5.2));
#5578 = DIRECTION('',(0.,1.,0.));
#5579 = DIRECTION('',(1.,0.,0.));
#5580 = ADVANCED_FACE('',(#5581),#5606,.F.);
#5581 = FACE_BOUND('',#5582,.T.);
#5582 = EDGE_LOOP('',(#5583,#5593,#5599,#5600));
#5583 = ORIENTED_EDGE('',*,*,#5584,.F.);
#5584 = EDGE_CURVE('',#5585,#5587,#5589,.T.);
#5585 = VERTEX_POINT('',#5586);
#5586 = CARTESIAN_POINT('',(0.382819,0.669531,5.41));
#5587 = VERTEX_POINT('',#5588);
#5588 = CARTESIAN_POINT('',(0.382819,0.669531,5.95));
#5589 = LINE('',#5590,#5591);
#5590 = CARTESIAN_POINT('',(0.382819,0.669531,-1.875));
#5591 = VECTOR('',#5592,1.);
#5592 = DIRECTION('',(0.,0.,1.));
#5593 = ORIENTED_EDGE('',*,*,#5594,.F.);
#5594 = EDGE_CURVE('',#5555,#5585,#5595,.T.);
#5595 = LINE('',#5596,#5597);
#5596 = CARTESIAN_POINT('',(0.382819,-4.909694678265E-16,5.41));
#5597 = VECTOR('',#5598,1.);
#5598 = DIRECTION('',(-4.326508769303E-16,1.,0.));
#5599 = ORIENTED_EDGE('',*,*,#5554,.F.);
#5600 = ORIENTED_EDGE('',*,*,#5601,.F.);
#5601 = EDGE_CURVE('',#5587,#5547,#5602,.T.);
#5602 = LINE('',#5603,#5604);
#5603 = CARTESIAN_POINT('',(0.382819,-4.909694678265E-16,5.95));
#5604 = VECTOR('',#5605,1.);
#5605 = DIRECTION('',(4.326508769303E-16,-1.,0.));
#5606 = PLANE('',#5607);
#5607 = AXIS2_PLACEMENT_3D('',#5608,#5609,#5610);
#5608 = CARTESIAN_POINT('',(0.382819,-0.165995277203,5.626434667512));
#5609 = DIRECTION('',(1.,4.326508769303E-16,0.));
#5610 = DIRECTION('',(4.326508769303E-16,-1.,0.));
#5611 = ADVANCED_FACE('',(#5612),#5678,.F.);
#5612 = FACE_BOUND('',#5613,.T.);
#5613 = EDGE_LOOP('',(#5614,#5624,#5632,#5640,#5649,#5657,#5665,#5671,
    #5672));
#5614 = ORIENTED_EDGE('',*,*,#5615,.F.);
#5615 = EDGE_CURVE('',#5616,#5618,#5620,.T.);
#5616 = VERTEX_POINT('',#5617);
#5617 = CARTESIAN_POINT('',(1.182819,0.669531,5.7));
#5618 = VERTEX_POINT('',#5619);
#5619 = CARTESIAN_POINT('',(1.182819,0.669531,5.95));
#5620 = LINE('',#5621,#5622);
#5621 = CARTESIAN_POINT('',(1.182819,0.669531,5.2));
#5622 = VECTOR('',#5623,1.);
#5623 = DIRECTION('',(0.,0.,1.));
#5624 = ORIENTED_EDGE('',*,*,#5625,.F.);
#5625 = EDGE_CURVE('',#5626,#5616,#5628,.T.);
#5626 = VERTEX_POINT('',#5627);
#5627 = CARTESIAN_POINT('',(0.982819,0.669531,5.7));
#5628 = LINE('',#5629,#5630);
#5629 = CARTESIAN_POINT('',(0.,0.669531,5.7));
#5630 = VECTOR('',#5631,1.);
#5631 = DIRECTION('',(1.,4.326508769303E-16,-6.123031769112E-17));
#5632 = ORIENTED_EDGE('',*,*,#5633,.F.);
#5633 = EDGE_CURVE('',#5634,#5626,#5636,.T.);
#5634 = VERTEX_POINT('',#5635);
#5635 = CARTESIAN_POINT('',(0.982819,0.669531,5.6));
#5636 = LINE('',#5637,#5638);
#5637 = CARTESIAN_POINT('',(0.982819,0.669531,-8.125));
#5638 = VECTOR('',#5639,1.);
#5639 = DIRECTION('',(6.123031769112E-17,2.465190328816E-32,1.));
#5640 = ORIENTED_EDGE('',*,*,#5641,.T.);
#5641 = EDGE_CURVE('',#5634,#5642,#5644,.T.);
#5642 = VERTEX_POINT('',#5643);
#5643 = CARTESIAN_POINT('',(0.782819,0.669531,5.4));
#5644 = CIRCLE('',#5645,0.2);
#5645 = AXIS2_PLACEMENT_3D('',#5646,#5647,#5648);
#5646 = CARTESIAN_POINT('',(0.782819,0.669531,5.6));
#5647 = DIRECTION('',(1.836909530734E-16,1.,-8.833631396182E-33));
#5648 = DIRECTION('',(1.,-1.836909530734E-16,-1.224606353822E-16));
#5649 = ORIENTED_EDGE('',*,*,#5650,.F.);
#5650 = EDGE_CURVE('',#5651,#5642,#5653,.T.);
#5651 = VERTEX_POINT('',#5652);
#5652 = CARTESIAN_POINT('',(0.682819,0.669531,5.4));
#5653 = LINE('',#5654,#5655);
#5654 = CARTESIAN_POINT('',(0.,0.669531,5.4));
#5655 = VECTOR('',#5656,1.);
#5656 = DIRECTION('',(1.,4.326508769303E-16,-6.123031769112E-17));
#5657 = ORIENTED_EDGE('',*,*,#5658,.T.);
#5658 = EDGE_CURVE('',#5651,#5659,#5661,.T.);
#5659 = VERTEX_POINT('',#5660);
#5660 = CARTESIAN_POINT('',(0.682819,0.669531,5.41));
#5661 = LINE('',#5662,#5663);
#5662 = CARTESIAN_POINT('',(0.682819,0.669531,5.2));
#5663 = VECTOR('',#5664,1.);
#5664 = DIRECTION('',(0.,0.,1.));
#5665 = ORIENTED_EDGE('',*,*,#5666,.F.);
#5666 = EDGE_CURVE('',#5585,#5659,#5667,.T.);
#5667 = LINE('',#5668,#5669);
#5668 = CARTESIAN_POINT('',(8.199119166811E-17,0.669531,5.41));
#5669 = VECTOR('',#5670,1.);
#5670 = DIRECTION('',(1.,4.326508769303E-16,0.));
#5671 = ORIENTED_EDGE('',*,*,#5584,.T.);
#5672 = ORIENTED_EDGE('',*,*,#5673,.T.);
#5673 = EDGE_CURVE('',#5587,#5618,#5674,.T.);
#5674 = LINE('',#5675,#5676);
#5675 = CARTESIAN_POINT('',(-1.017181,0.669531,5.95));
#5676 = VECTOR('',#5677,1.);
#5677 = DIRECTION('',(1.,0.,0.));
#5678 = PLANE('',#5679);
#5679 = AXIS2_PLACEMENT_3D('',#5680,#5681,#5682);
#5680 = CARTESIAN_POINT('',(0.382819,0.669531,5.41));
#5681 = DIRECTION('',(4.326508769303E-16,-1.,0.));
#5682 = DIRECTION('',(0.,0.,-1.));
#5683 = ADVANCED_FACE('',(#5684),#5695,.F.);
#5684 = FACE_BOUND('',#5685,.T.);
#5685 = EDGE_LOOP('',(#5686,#5687,#5693,#5694));
#5686 = ORIENTED_EDGE('',*,*,#5666,.T.);
#5687 = ORIENTED_EDGE('',*,*,#5688,.T.);
#5688 = EDGE_CURVE('',#5659,#5563,#5689,.T.);
#5689 = LINE('',#5690,#5691);
#5690 = CARTESIAN_POINT('',(0.682819,-5.277076584411E-16,5.41));
#5691 = VECTOR('',#5692,1.);
#5692 = DIRECTION('',(-4.563352733883E-15,-1.,0.));
#5693 = ORIENTED_EDGE('',*,*,#5562,.T.);
#5694 = ORIENTED_EDGE('',*,*,#5594,.T.);
#5695 = PLANE('',#5696);
#5696 = AXIS2_PLACEMENT_3D('',#5697,#5698,#5699);
#5697 = CARTESIAN_POINT('',(0.382819,0.569531,5.41));
#5698 = DIRECTION('',(0.,0.,1.));
#5699 = DIRECTION('',(4.326508769303E-16,-1.,0.));
#5700 = ADVANCED_FACE('',(#5701),#5770,.F.);
#5701 = FACE_BOUND('',#5702,.T.);
#5702 = EDGE_LOOP('',(#5703,#5704,#5705,#5706,#5714,#5722,#5730,#5738,
    #5746,#5754,#5762,#5768,#5769));
#5703 = ORIENTED_EDGE('',*,*,#5570,.F.);
#5704 = ORIENTED_EDGE('',*,*,#5688,.F.);
#5705 = ORIENTED_EDGE('',*,*,#5658,.F.);
#5706 = ORIENTED_EDGE('',*,*,#5707,.T.);
#5707 = EDGE_CURVE('',#5651,#5708,#5710,.T.);
#5708 = VERTEX_POINT('',#5709);
#5709 = CARTESIAN_POINT('',(0.682819,0.669531,5.2));
#5710 = LINE('',#5711,#5712);
#5711 = CARTESIAN_POINT('',(0.682819,0.669531,-8.125));
#5712 = VECTOR('',#5713,1.);
#5713 = DIRECTION('',(-5.131708243377E-47,-1.124745541367E-32,-1.));
#5714 = ORIENTED_EDGE('',*,*,#5715,.F.);
#5715 = EDGE_CURVE('',#5716,#5708,#5718,.T.);
#5716 = VERTEX_POINT('',#5717);
#5717 = CARTESIAN_POINT('',(0.682819,-3.0469E-02,5.2));
#5718 = LINE('',#5719,#5720);
#5719 = CARTESIAN_POINT('',(0.682819,-2.5104714,5.2));
#5720 = VECTOR('',#5721,1.);
#5721 = DIRECTION('',(0.,1.,0.));
#5722 = ORIENTED_EDGE('',*,*,#5723,.T.);
#5723 = EDGE_CURVE('',#5716,#5724,#5726,.T.);
#5724 = VERTEX_POINT('',#5725);
#5725 = CARTESIAN_POINT('',(0.682819,-3.0469E-02,5.4));
#5726 = LINE('',#5727,#5728);
#5727 = CARTESIAN_POINT('',(0.682819,-3.0469E-02,-8.125));
#5728 = VECTOR('',#5729,1.);
#5729 = DIRECTION('',(5.131708243377E-47,1.124745541367E-32,1.));
#5730 = ORIENTED_EDGE('',*,*,#5731,.F.);
#5731 = EDGE_CURVE('',#5732,#5724,#5734,.T.);
#5732 = VERTEX_POINT('',#5733);
#5733 = CARTESIAN_POINT('',(0.682819,-0.363802333333,5.4));
#5734 = LINE('',#5735,#5736);
#5735 = CARTESIAN_POINT('',(0.682819,0.,5.4));
#5736 = VECTOR('',#5737,1.);
#5737 = DIRECTION('',(4.563352733883E-15,1.,-3.944304526105E-31));
#5738 = ORIENTED_EDGE('',*,*,#5739,.T.);
#5739 = EDGE_CURVE('',#5732,#5740,#5742,.T.);
#5740 = VERTEX_POINT('',#5741);
#5741 = CARTESIAN_POINT('',(0.682819,-0.363802333333,5.2));
#5742 = LINE('',#5743,#5744);
#5743 = CARTESIAN_POINT('',(0.682819,-0.363802333333,-8.125));
#5744 = VECTOR('',#5745,1.);
#5745 = DIRECTION('',(9.276167241594E-31,2.041010589704E-16,-1.));
#5746 = ORIENTED_EDGE('',*,*,#5747,.F.);
#5747 = EDGE_CURVE('',#5748,#5740,#5750,.T.);
#5748 = VERTEX_POINT('',#5749);
#5749 = CARTESIAN_POINT('',(0.682819,-0.530469,5.2));
#5750 = LINE('',#5751,#5752);
#5751 = CARTESIAN_POINT('',(0.682819,-2.5104714,5.2));
#5752 = VECTOR('',#5753,1.);
#5753 = DIRECTION('',(0.,1.,0.));
#5754 = ORIENTED_EDGE('',*,*,#5755,.T.);
#5755 = EDGE_CURVE('',#5748,#5756,#5758,.T.);
#5756 = VERTEX_POINT('',#5757);
#5757 = CARTESIAN_POINT('',(0.682819,-0.530469,5.4));
#5758 = LINE('',#5759,#5760);
#5759 = CARTESIAN_POINT('',(0.682819,-0.530469,-8.125));
#5760 = VECTOR('',#5761,1.);
#5761 = DIRECTION('',(5.131708243377E-47,1.124745541367E-32,1.));
#5762 = ORIENTED_EDGE('',*,*,#5763,.F.);
#5763 = EDGE_CURVE('',#5491,#5756,#5764,.T.);
#5764 = LINE('',#5765,#5766);
#5765 = CARTESIAN_POINT('',(0.682819,0.,5.4));
#5766 = VECTOR('',#5767,1.);
#5767 = DIRECTION('',(4.563352733883E-15,1.,-3.944304526105E-31));
#5768 = ORIENTED_EDGE('',*,*,#5490,.T.);
#5769 = ORIENTED_EDGE('',*,*,#5468,.F.);
#5770 = PLANE('',#5771);
#5771 = AXIS2_PLACEMENT_3D('',#5772,#5773,#5774);
#5772 = CARTESIAN_POINT('',(0.682819,0.669531,5.2));
#5773 = DIRECTION('',(1.,-4.563352733883E-15,0.));
#5774 = DIRECTION('',(-4.563352733883E-15,-1.,0.));
#5775 = ADVANCED_FACE('',(#5776),#5801,.T.);
#5776 = FACE_BOUND('',#5777,.T.);
#5777 = EDGE_LOOP('',(#5778,#5786,#5794,#5800));
#5778 = ORIENTED_EDGE('',*,*,#5779,.F.);
#5779 = EDGE_CURVE('',#5780,#5748,#5782,.T.);
#5780 = VERTEX_POINT('',#5781);
#5781 = CARTESIAN_POINT('',(0.632819,-0.530469,5.2));
#5782 = LINE('',#5783,#5784);
#5783 = CARTESIAN_POINT('',(0.,-0.530469,5.2));
#5784 = VECTOR('',#5785,1.);
#5785 = DIRECTION('',(1.,-1.836909530734E-16,0.));
#5786 = ORIENTED_EDGE('',*,*,#5787,.T.);
#5787 = EDGE_CURVE('',#5780,#5788,#5790,.T.);
#5788 = VERTEX_POINT('',#5789);
#5789 = CARTESIAN_POINT('',(0.632819,-0.530469,5.4));
#5790 = LINE('',#5791,#5792);
#5791 = CARTESIAN_POINT('',(0.632819,-0.530469,5.2));
#5792 = VECTOR('',#5793,1.);
#5793 = DIRECTION('',(6.123031769112E-17,0.,1.));
#5794 = ORIENTED_EDGE('',*,*,#5795,.T.);
#5795 = EDGE_CURVE('',#5788,#5756,#5796,.T.);
#5796 = LINE('',#5797,#5798);
#5797 = CARTESIAN_POINT('',(7.885292745041E-16,-0.530469,5.4));
#5798 = VECTOR('',#5799,1.);
#5799 = DIRECTION('',(1.,-1.836909530734E-16,-6.123031769112E-17));
#5800 = ORIENTED_EDGE('',*,*,#5755,.F.);
#5801 = PLANE('',#5802);
#5802 = AXIS2_PLACEMENT_3D('',#5803,#5804,#5805);
#5803 = CARTESIAN_POINT('',(0.632819,-0.530469,5.2));
#5804 = DIRECTION('',(1.836909530734E-16,1.,-1.124745541367E-32));
#5805 = DIRECTION('',(-1.,1.836909530734E-16,6.123031769112E-17));
#5806 = ADVANCED_FACE('',(#5807),#5823,.T.);
#5807 = FACE_BOUND('',#5808,.T.);
#5808 = EDGE_LOOP('',(#5809,#5810,#5816,#5817));
#5809 = ORIENTED_EDGE('',*,*,#5739,.F.);
#5810 = ORIENTED_EDGE('',*,*,#5811,.T.);
#5811 = EDGE_CURVE('',#5732,#5788,#5812,.T.);
#5812 = LINE('',#5813,#5814);
#5813 = CARTESIAN_POINT('',(0.7919597,-1.454758320887E-16,5.4));
#5814 = VECTOR('',#5815,1.);
#5815 = DIRECTION('',(-0.287347885566,-0.957826285221,1.75944023211E-17)
  );
#5816 = ORIENTED_EDGE('',*,*,#5787,.F.);
#5817 = ORIENTED_EDGE('',*,*,#5818,.F.);
#5818 = EDGE_CURVE('',#5740,#5780,#5819,.T.);
#5819 = LINE('',#5820,#5821);
#5820 = CARTESIAN_POINT('',(0.7919597,0.,5.2));
#5821 = VECTOR('',#5822,1.);
#5822 = DIRECTION('',(-0.287347885566,-0.957826285221,0.));
#5823 = PLANE('',#5824);
#5824 = AXIS2_PLACEMENT_3D('',#5825,#5826,#5827);
#5825 = CARTESIAN_POINT('',(0.782819,-3.0469E-02,5.2));
#5826 = DIRECTION('',(0.957826285221,-0.287347885566,-5.8648007737E-17)
  );
#5827 = DIRECTION('',(0.287347885566,0.957826285221,-1.75944023211E-17)
  );
#5828 = ADVANCED_FACE('',(#5829),#5854,.T.);
#5829 = FACE_BOUND('',#5830,.T.);
#5830 = EDGE_LOOP('',(#5831,#5839,#5847,#5853));
#5831 = ORIENTED_EDGE('',*,*,#5832,.F.);
#5832 = EDGE_CURVE('',#5833,#5716,#5835,.T.);
#5833 = VERTEX_POINT('',#5834);
#5834 = CARTESIAN_POINT('',(0.632819,-3.0469E-02,5.2));
#5835 = LINE('',#5836,#5837);
#5836 = CARTESIAN_POINT('',(0.,-3.0469E-02,5.2));
#5837 = VECTOR('',#5838,1.);
#5838 = DIRECTION('',(1.,-1.836909530734E-16,0.));
#5839 = ORIENTED_EDGE('',*,*,#5840,.T.);
#5840 = EDGE_CURVE('',#5833,#5841,#5843,.T.);
#5841 = VERTEX_POINT('',#5842);
#5842 = CARTESIAN_POINT('',(0.632819,-3.0469E-02,5.4));
#5843 = LINE('',#5844,#5845);
#5844 = CARTESIAN_POINT('',(0.632819,-3.0469E-02,5.2));
#5845 = VECTOR('',#5846,1.);
#5846 = DIRECTION('',(6.123031769112E-17,0.,1.));
#5847 = ORIENTED_EDGE('',*,*,#5848,.T.);
#5848 = EDGE_CURVE('',#5841,#5724,#5849,.T.);
#5849 = LINE('',#5850,#5851);
#5850 = CARTESIAN_POINT('',(8.803747510407E-16,-3.0469E-02,5.4));
#5851 = VECTOR('',#5852,1.);
#5852 = DIRECTION('',(1.,-1.836909530734E-16,-6.123031769112E-17));
#5853 = ORIENTED_EDGE('',*,*,#5723,.F.);
#5854 = PLANE('',#5855);
#5855 = AXIS2_PLACEMENT_3D('',#5856,#5857,#5858);
#5856 = CARTESIAN_POINT('',(0.632819,-3.0469E-02,5.2));
#5857 = DIRECTION('',(1.836909530734E-16,1.,-1.124745541367E-32));
#5858 = DIRECTION('',(-1.,1.836909530734E-16,6.123031769112E-17));
#5859 = ADVANCED_FACE('',(#5860),#5885,.T.);
#5860 = FACE_BOUND('',#5861,.T.);
#5861 = EDGE_LOOP('',(#5862,#5870,#5878,#5884));
#5862 = ORIENTED_EDGE('',*,*,#5863,.F.);
#5863 = EDGE_CURVE('',#5864,#5833,#5866,.T.);
#5864 = VERTEX_POINT('',#5865);
#5865 = CARTESIAN_POINT('',(0.632819,0.669531,5.2));
#5866 = LINE('',#5867,#5868);
#5867 = CARTESIAN_POINT('',(0.632819,0.,5.2));
#5868 = VECTOR('',#5869,1.);
#5869 = DIRECTION('',(-1.836909530734E-16,-1.,0.));
#5870 = ORIENTED_EDGE('',*,*,#5871,.T.);
#5871 = EDGE_CURVE('',#5864,#5872,#5874,.T.);
#5872 = VERTEX_POINT('',#5873);
#5873 = CARTESIAN_POINT('',(0.632819,0.669531,5.4));
#5874 = LINE('',#5875,#5876);
#5875 = CARTESIAN_POINT('',(0.632819,0.669531,-9.375));
#5876 = VECTOR('',#5877,1.);
#5877 = DIRECTION('',(6.123031769112E-17,6.162975822039E-33,1.));
#5878 = ORIENTED_EDGE('',*,*,#5879,.T.);
#5879 = EDGE_CURVE('',#5872,#5841,#5880,.T.);
#5880 = LINE('',#5881,#5882);
#5881 = CARTESIAN_POINT('',(0.632819,-1.162431252329E-16,5.4));
#5882 = VECTOR('',#5883,1.);
#5883 = DIRECTION('',(-1.836909530734E-16,-1.,1.499660721822E-32));
#5884 = ORIENTED_EDGE('',*,*,#5840,.F.);
#5885 = PLANE('',#5886);
#5886 = AXIS2_PLACEMENT_3D('',#5887,#5888,#5889);
#5887 = CARTESIAN_POINT('',(0.632819,0.669531,5.2));
#5888 = DIRECTION('',(1.,-1.836909530734E-16,-6.123031769112E-17));
#5889 = DIRECTION('',(1.836909530734E-16,1.,-1.499660721822E-32));
#5890 = ADVANCED_FACE('',(#5891),#5907,.T.);
#5891 = FACE_BOUND('',#5892,.T.);
#5892 = EDGE_LOOP('',(#5893,#5894,#5900,#5901));
#5893 = ORIENTED_EDGE('',*,*,#5707,.F.);
#5894 = ORIENTED_EDGE('',*,*,#5895,.F.);
#5895 = EDGE_CURVE('',#5872,#5651,#5896,.T.);
#5896 = LINE('',#5897,#5898);
#5897 = CARTESIAN_POINT('',(8.358925275586E-16,0.669531,5.4));
#5898 = VECTOR('',#5899,1.);
#5899 = DIRECTION('',(1.,-1.836909530734E-16,-6.123031769112E-17));
#5900 = ORIENTED_EDGE('',*,*,#5871,.F.);
#5901 = ORIENTED_EDGE('',*,*,#5902,.F.);
#5902 = EDGE_CURVE('',#5708,#5864,#5903,.T.);
#5903 = LINE('',#5904,#5905);
#5904 = CARTESIAN_POINT('',(0.,0.669531,5.2));
#5905 = VECTOR('',#5906,1.);
#5906 = DIRECTION('',(-1.,1.836909530734E-16,0.));
#5907 = PLANE('',#5908);
#5908 = AXIS2_PLACEMENT_3D('',#5909,#5910,#5911);
#5909 = CARTESIAN_POINT('',(-1.74283400696,0.669531,5.315489654985));
#5910 = DIRECTION('',(-1.836909530734E-16,-1.,1.124745541367E-32));
#5911 = DIRECTION('',(-1.,1.836909530734E-16,6.123031769112E-17));
#5912 = ADVANCED_FACE('',(#5913),#5924,.F.);
#5913 = FACE_BOUND('',#5914,.T.);
#5914 = EDGE_LOOP('',(#5915,#5916,#5917,#5923));
#5915 = ORIENTED_EDGE('',*,*,#5601,.T.);
#5916 = ORIENTED_EDGE('',*,*,#5546,.T.);
#5917 = ORIENTED_EDGE('',*,*,#5918,.T.);
#5918 = EDGE_CURVE('',#5539,#5618,#5919,.T.);
#5919 = LINE('',#5920,#5921);
#5920 = CARTESIAN_POINT('',(1.182819,-4.440892098501E-16,5.95));
#5921 = VECTOR('',#5922,1.);
#5922 = DIRECTION('',(0.,1.,0.));
#5923 = ORIENTED_EDGE('',*,*,#5673,.F.);
#5924 = PLANE('',#5925);
#5925 = AXIS2_PLACEMENT_3D('',#5926,#5927,#5928);
#5926 = CARTESIAN_POINT('',(-1.386262886832,0.421925882027,5.95));
#5927 = DIRECTION('',(0.,0.,-1.));
#5928 = DIRECTION('',(-1.,0.,0.));
#5929 = ADVANCED_FACE('',(#5930),#5955,.F.);
#5930 = FACE_BOUND('',#5931,.T.);
#5931 = EDGE_LOOP('',(#5932,#5940,#5941,#5949));
#5932 = ORIENTED_EDGE('',*,*,#5933,.T.);
#5933 = EDGE_CURVE('',#5934,#5626,#5936,.T.);
#5934 = VERTEX_POINT('',#5935);
#5935 = CARTESIAN_POINT('',(0.982819,1.469531,5.7));
#5936 = LINE('',#5937,#5938);
#5937 = CARTESIAN_POINT('',(0.982819,1.469531,5.7));
#5938 = VECTOR('',#5939,1.);
#5939 = DIRECTION('',(-1.836909530734E-16,-1.,1.499660721822E-32));
#5940 = ORIENTED_EDGE('',*,*,#5625,.T.);
#5941 = ORIENTED_EDGE('',*,*,#5942,.F.);
#5942 = EDGE_CURVE('',#5943,#5616,#5945,.T.);
#5943 = VERTEX_POINT('',#5944);
#5944 = CARTESIAN_POINT('',(1.182819,1.469531,5.7));
#5945 = LINE('',#5946,#5947);
#5946 = CARTESIAN_POINT('',(1.182819,1.469531,5.7));
#5947 = VECTOR('',#5948,1.);
#5948 = DIRECTION('',(-1.836909530734E-16,-1.,1.499660721822E-32));
#5949 = ORIENTED_EDGE('',*,*,#5950,.F.);
#5950 = EDGE_CURVE('',#5934,#5943,#5951,.T.);
#5951 = LINE('',#5952,#5953);
#5952 = CARTESIAN_POINT('',(9.705992264791E-16,1.469531,5.7));
#5953 = VECTOR('',#5954,1.);
#5954 = DIRECTION('',(1.,-1.836909530734E-16,-6.123031769112E-17));
#5955 = PLANE('',#5956);
#5956 = AXIS2_PLACEMENT_3D('',#5957,#5958,#5959);
#5957 = CARTESIAN_POINT('',(1.182819,1.469531,5.7));
#5958 = DIRECTION('',(-6.123031769112E-17,-3.749151804555E-33,-1.));
#5959 = DIRECTION('',(1.,-1.836909530734E-16,-6.123031769112E-17));
#5960 = ADVANCED_FACE('',(#5961),#5979,.F.);
#5961 = FACE_BOUND('',#5962,.T.);
#5962 = EDGE_LOOP('',(#5963,#5971,#5972,#5973));
#5963 = ORIENTED_EDGE('',*,*,#5964,.F.);
#5964 = EDGE_CURVE('',#5634,#5965,#5967,.T.);
#5965 = VERTEX_POINT('',#5966);
#5966 = CARTESIAN_POINT('',(0.982819,1.469531,5.6));
#5967 = LINE('',#5968,#5969);
#5968 = CARTESIAN_POINT('',(0.982819,-1.32602702744E-16,5.6));
#5969 = VECTOR('',#5970,1.);
#5970 = DIRECTION('',(1.836909530734E-16,1.,-8.833631396182E-33));
#5971 = ORIENTED_EDGE('',*,*,#5633,.T.);
#5972 = ORIENTED_EDGE('',*,*,#5933,.F.);
#5973 = ORIENTED_EDGE('',*,*,#5974,.F.);
#5974 = EDGE_CURVE('',#5965,#5934,#5975,.T.);
#5975 = LINE('',#5976,#5977);
#5976 = CARTESIAN_POINT('',(0.982819,1.469531,-9.375));
#5977 = VECTOR('',#5978,1.);
#5978 = DIRECTION('',(6.123031769112E-17,6.162975822039E-33,1.));
#5979 = PLANE('',#5980);
#5980 = AXIS2_PLACEMENT_3D('',#5981,#5982,#5983);
#5981 = CARTESIAN_POINT('',(0.982819,1.469531,5.7));
#5982 = DIRECTION('',(1.,-1.836909530734E-16,-6.123031769112E-17));
#5983 = DIRECTION('',(6.123031769112E-17,0.,1.));
#5984 = ADVANCED_FACE('',(#5985),#6004,.F.);
#5985 = FACE_BOUND('',#5986,.F.);
#5986 = EDGE_LOOP('',(#5987,#5988,#5996,#6003));
#5987 = ORIENTED_EDGE('',*,*,#5641,.T.);
#5988 = ORIENTED_EDGE('',*,*,#5989,.T.);
#5989 = EDGE_CURVE('',#5642,#5990,#5992,.T.);
#5990 = VERTEX_POINT('',#5991);
#5991 = CARTESIAN_POINT('',(0.782819,1.469531,5.4));
#5992 = LINE('',#5993,#5994);
#5993 = CARTESIAN_POINT('',(0.782819,-9.586451212929E-17,5.4));
#5994 = VECTOR('',#5995,1.);
#5995 = DIRECTION('',(1.836909530734E-16,1.,-8.833631396182E-33));
#5996 = ORIENTED_EDGE('',*,*,#5997,.F.);
#5997 = EDGE_CURVE('',#5965,#5990,#5998,.T.);
#5998 = CIRCLE('',#5999,0.2);
#5999 = AXIS2_PLACEMENT_3D('',#6000,#6001,#6002);
#6000 = CARTESIAN_POINT('',(0.782819,1.469531,5.6));
#6001 = DIRECTION('',(1.836909530734E-16,1.,-8.833631396182E-33));
#6002 = DIRECTION('',(1.,-1.836909530734E-16,-1.224606353822E-16));
#6003 = ORIENTED_EDGE('',*,*,#5964,.F.);
#6004 = CYLINDRICAL_SURFACE('',#6005,0.2);
#6005 = AXIS2_PLACEMENT_3D('',#6006,#6007,#6008);
#6006 = CARTESIAN_POINT('',(0.782819,-9.586451212929E-17,5.6));
#6007 = DIRECTION('',(1.836909530734E-16,1.,-8.833631396182E-33));
#6008 = DIRECTION('',(1.,-1.836909530734E-16,-1.224606353822E-16));
#6009 = ADVANCED_FACE('',(#6010),#6029,.T.);
#6010 = FACE_BOUND('',#6011,.T.);
#6011 = EDGE_LOOP('',(#6012,#6013,#6014,#6023));
#6012 = ORIENTED_EDGE('',*,*,#5409,.F.);
#6013 = ORIENTED_EDGE('',*,*,#5506,.T.);
#6014 = ORIENTED_EDGE('',*,*,#6015,.T.);
#6015 = EDGE_CURVE('',#5499,#6016,#6018,.T.);
#6016 = VERTEX_POINT('',#6017);
#6017 = CARTESIAN_POINT('',(0.482968511538,-1.029970628207,5.4));
#6018 = CIRCLE('',#6019,0.2);
#6019 = AXIS2_PLACEMENT_3D('',#6020,#6021,#6022);
#6020 = CARTESIAN_POINT('',(0.468858219456,-0.830469,5.4));
#6021 = DIRECTION('',(-6.123031769112E-17,0.,-1.));
#6022 = DIRECTION('',(-1.,1.836909530734E-16,6.123031769112E-17));
#6023 = ORIENTED_EDGE('',*,*,#6024,.F.);
#6024 = EDGE_CURVE('',#5412,#6016,#6025,.T.);
#6025 = LINE('',#6026,#6027);
#6026 = CARTESIAN_POINT('',(0.482968511538,-1.029970628207,5.2));
#6027 = VECTOR('',#6028,1.);
#6028 = DIRECTION('',(6.123031769112E-17,0.,1.));
#6029 = CYLINDRICAL_SURFACE('',#6030,0.2);
#6030 = AXIS2_PLACEMENT_3D('',#6031,#6032,#6033);
#6031 = CARTESIAN_POINT('',(0.468858219456,-0.830469,5.2));
#6032 = DIRECTION('',(6.123031769112E-17,0.,1.));
#6033 = DIRECTION('',(-1.,1.836909530734E-16,6.123031769112E-17));
#6034 = ADVANCED_FACE('',(#6035),#6053,.T.);
#6035 = FACE_BOUND('',#6036,.T.);
#6036 = EDGE_LOOP('',(#6037,#6045,#6051,#6052));
#6037 = ORIENTED_EDGE('',*,*,#6038,.T.);
#6038 = EDGE_CURVE('',#6016,#6039,#6041,.T.);
#6039 = VERTEX_POINT('',#6040);
#6040 = CARTESIAN_POINT('',(0.382819,-1.029970628207,5.4));
#6041 = LINE('',#6042,#6043);
#6042 = CARTESIAN_POINT('',(6.96775344357E-16,-1.029970628207,5.4));
#6043 = VECTOR('',#6044,1.);
#6044 = DIRECTION('',(-1.,1.836909530734E-16,6.123031769112E-17));
#6045 = ORIENTED_EDGE('',*,*,#6046,.T.);
#6046 = EDGE_CURVE('',#6039,#5421,#6047,.T.);
#6047 = LINE('',#6048,#6049);
#6048 = CARTESIAN_POINT('',(0.382819,-1.029970628207,6.8500024));
#6049 = VECTOR('',#6050,1.);
#6050 = DIRECTION('',(-6.123031769112E-17,0.,-1.));
#6051 = ORIENTED_EDGE('',*,*,#5420,.F.);
#6052 = ORIENTED_EDGE('',*,*,#6024,.T.);
#6053 = PLANE('',#6054);
#6054 = AXIS2_PLACEMENT_3D('',#6055,#6056,#6057);
#6055 = CARTESIAN_POINT('',(0.382819,-1.029970628207,6.8500024));
#6056 = DIRECTION('',(-1.836909530734E-16,-1.,1.124745541367E-32));
#6057 = DIRECTION('',(1.,-1.836909530734E-16,-6.123031769112E-17));
#6058 = ADVANCED_FACE('',(#6059),#6065,.F.);
#6059 = FACE_BOUND('',#6060,.T.);
#6060 = EDGE_LOOP('',(#6061,#6062,#6063,#6064));
#6061 = ORIENTED_EDGE('',*,*,#5863,.T.);
#6062 = ORIENTED_EDGE('',*,*,#5832,.T.);
#6063 = ORIENTED_EDGE('',*,*,#5715,.T.);
#6064 = ORIENTED_EDGE('',*,*,#5902,.T.);
#6065 = PLANE('',#6066);
#6066 = AXIS2_PLACEMENT_3D('',#6067,#6068,#6069);
#6067 = CARTESIAN_POINT('',(0.584885317322,2.499492133643,5.2));
#6068 = DIRECTION('',(0.,0.,-1.));
#6069 = DIRECTION('',(-1.,1.224606353822E-16,0.));
#6070 = ADVANCED_FACE('',(#6071),#6076,.F.);
#6071 = FACE_BOUND('',#6072,.T.);
#6072 = EDGE_LOOP('',(#6073,#6074,#6075));
#6073 = ORIENTED_EDGE('',*,*,#5779,.T.);
#6074 = ORIENTED_EDGE('',*,*,#5747,.T.);
#6075 = ORIENTED_EDGE('',*,*,#5818,.T.);
#6076 = PLANE('',#6077);
#6077 = AXIS2_PLACEMENT_3D('',#6078,#6079,#6080);
#6078 = CARTESIAN_POINT('',(0.584885317322,2.499492133643,5.2));
#6079 = DIRECTION('',(0.,0.,-1.));
#6080 = DIRECTION('',(-1.,1.224606353822E-16,0.));
#6081 = ADVANCED_FACE('',(#6082),#6118,.F.);
#6082 = FACE_BOUND('',#6083,.F.);
#6083 = EDGE_LOOP('',(#6084,#6094,#6103,#6111));
#6084 = ORIENTED_EDGE('',*,*,#6085,.T.);
#6085 = EDGE_CURVE('',#6086,#6088,#6090,.T.);
#6086 = VERTEX_POINT('',#6087);
#6087 = CARTESIAN_POINT('',(-1.417181,-1.630469,5.4));
#6088 = VERTEX_POINT('',#6089);
#6089 = CARTESIAN_POINT('',(0.382819,-1.630469,5.4));
#6090 = LINE('',#6091,#6092);
#6091 = CARTESIAN_POINT('',(-2.217181,-1.630469,5.4));
#6092 = VECTOR('',#6093,1.);
#6093 = DIRECTION('',(1.,-1.836909530734E-16,-6.123031769112E-17));
#6094 = ORIENTED_EDGE('',*,*,#6095,.F.);
#6095 = EDGE_CURVE('',#6096,#6088,#6098,.T.);
#6096 = VERTEX_POINT('',#6097);
#6097 = CARTESIAN_POINT('',(0.382819,-1.830469,5.6));
#6098 = CIRCLE('',#6099,0.2);
#6099 = AXIS2_PLACEMENT_3D('',#6100,#6101,#6102);
#6100 = CARTESIAN_POINT('',(0.382819,-1.630469,5.6));
#6101 = DIRECTION('',(1.,-1.836909530734E-16,-6.123031769112E-17));
#6102 = DIRECTION('',(-1.836909530734E-16,-1.,1.499660721822E-32));
#6103 = ORIENTED_EDGE('',*,*,#6104,.T.);
#6104 = EDGE_CURVE('',#6096,#6105,#6107,.T.);
#6105 = VERTEX_POINT('',#6106);
#6106 = CARTESIAN_POINT('',(-1.417181,-1.830469,5.6));
#6107 = LINE('',#6108,#6109);
#6108 = CARTESIAN_POINT('',(-2.217181,-1.830469,5.6));
#6109 = VECTOR('',#6110,1.);
#6110 = DIRECTION('',(-1.,1.836909530734E-16,6.123031769112E-17));
#6111 = ORIENTED_EDGE('',*,*,#6112,.T.);
#6112 = EDGE_CURVE('',#6105,#6086,#6113,.T.);
#6113 = CIRCLE('',#6114,0.2);
#6114 = AXIS2_PLACEMENT_3D('',#6115,#6116,#6117);
#6115 = CARTESIAN_POINT('',(-1.417181,-1.630469,5.6));
#6116 = DIRECTION('',(1.,-1.836909530734E-16,-6.123031769112E-17));
#6117 = DIRECTION('',(-1.836909530734E-16,-1.,1.499660721822E-32));
#6118 = CYLINDRICAL_SURFACE('',#6119,0.2);
#6119 = AXIS2_PLACEMENT_3D('',#6120,#6121,#6122);
#6120 = CARTESIAN_POINT('',(-2.217181,-1.630469,5.6));
#6121 = DIRECTION('',(-1.,1.836909530734E-16,6.123031769112E-17));
#6122 = DIRECTION('',(-1.836909530734E-16,-1.,1.499660721822E-32));
#6123 = ADVANCED_FACE('',(#6124),#6176,.T.);
#6124 = FACE_BOUND('',#6125,.T.);
#6125 = EDGE_LOOP('',(#6126,#6136,#6145,#6153,#6162,#6170));
#6126 = ORIENTED_EDGE('',*,*,#6127,.T.);
#6127 = EDGE_CURVE('',#6128,#6130,#6132,.T.);
#6128 = VERTEX_POINT('',#6129);
#6129 = CARTESIAN_POINT('',(-0.267181,-2.030469,5.9));
#6130 = VERTEX_POINT('',#6131);
#6131 = CARTESIAN_POINT('',(-0.267181,-2.030469,6.3));
#6132 = LINE('',#6133,#6134);
#6133 = CARTESIAN_POINT('',(-0.267181,-2.030469,11.636624106157));
#6134 = VECTOR('',#6135,1.);
#6135 = DIRECTION('',(6.123031769112E-17,-2.736911063134E-48,1.));
#6136 = ORIENTED_EDGE('',*,*,#6137,.F.);
#6137 = EDGE_CURVE('',#6138,#6130,#6140,.T.);
#6138 = VERTEX_POINT('',#6139);
#6139 = CARTESIAN_POINT('',(-0.267181,-1.630469,6.7));
#6140 = CIRCLE('',#6141,0.4);
#6141 = AXIS2_PLACEMENT_3D('',#6142,#6143,#6144);
#6142 = CARTESIAN_POINT('',(-0.267181,-1.630469,6.3));
#6143 = DIRECTION('',(1.,-1.836909530734E-16,-6.123031769112E-17));
#6144 = DIRECTION('',(-1.836909530734E-16,-1.,1.499660721822E-32));
#6145 = ORIENTED_EDGE('',*,*,#6146,.T.);
#6146 = EDGE_CURVE('',#6138,#6147,#6149,.T.);
#6147 = VERTEX_POINT('',#6148);
#6148 = CARTESIAN_POINT('',(-0.267181,-1.630469,6.5));
#6149 = LINE('',#6150,#6151);
#6150 = CARTESIAN_POINT('',(-0.267181,-1.630469,6.3));
#6151 = VECTOR('',#6152,1.);
#6152 = DIRECTION('',(-6.123031769112E-17,2.736911063134E-48,-1.));
#6153 = ORIENTED_EDGE('',*,*,#6154,.T.);
#6154 = EDGE_CURVE('',#6147,#6155,#6157,.T.);
#6155 = VERTEX_POINT('',#6156);
#6156 = CARTESIAN_POINT('',(-0.267181,-1.830469,6.3));
#6157 = CIRCLE('',#6158,0.2);
#6158 = AXIS2_PLACEMENT_3D('',#6159,#6160,#6161);
#6159 = CARTESIAN_POINT('',(-0.267181,-1.630469,6.3));
#6160 = DIRECTION('',(1.,-1.836909530734E-16,-6.123031769112E-17));
#6161 = DIRECTION('',(-1.836909530734E-16,-1.,1.499660721822E-32));
#6162 = ORIENTED_EDGE('',*,*,#6163,.T.);
#6163 = EDGE_CURVE('',#6155,#6164,#6166,.T.);
#6164 = VERTEX_POINT('',#6165);
#6165 = CARTESIAN_POINT('',(-0.267181,-1.830469,5.9));
#6166 = LINE('',#6167,#6168);
#6167 = CARTESIAN_POINT('',(-0.267181,-1.830469,11.636624106157));
#6168 = VECTOR('',#6169,1.);
#6169 = DIRECTION('',(-6.123031769112E-17,2.736911063134E-48,-1.));
#6170 = ORIENTED_EDGE('',*,*,#6171,.F.);
#6171 = EDGE_CURVE('',#6128,#6164,#6172,.T.);
#6172 = LINE('',#6173,#6174);
#6173 = CARTESIAN_POINT('',(-0.267181,-2.030469,5.9));
#6174 = VECTOR('',#6175,1.);
#6175 = DIRECTION('',(1.836909530734E-16,1.,-1.499660721822E-32));
#6176 = PLANE('',#6177);
#6177 = AXIS2_PLACEMENT_3D('',#6178,#6179,#6180);
#6178 = CARTESIAN_POINT('',(-0.267181,-2.030469,6.7));
#6179 = DIRECTION('',(-1.,1.836909530734E-16,6.123031769112E-17));
#6180 = DIRECTION('',(-1.836909530734E-16,-1.,1.499660721822E-32));
#6181 = ADVANCED_FACE('',(#6182),#6208,.T.);
#6182 = FACE_BOUND('',#6183,.T.);
#6183 = EDGE_LOOP('',(#6184,#6185,#6193,#6202));
#6184 = ORIENTED_EDGE('',*,*,#6137,.T.);
#6185 = ORIENTED_EDGE('',*,*,#6186,.F.);
#6186 = EDGE_CURVE('',#6187,#6130,#6189,.T.);
#6187 = VERTEX_POINT('',#6188);
#6188 = CARTESIAN_POINT('',(0.382819,-2.030469,6.3));
#6189 = LINE('',#6190,#6191);
#6190 = CARTESIAN_POINT('',(-2.217181,-2.030469,6.3));
#6191 = VECTOR('',#6192,1.);
#6192 = DIRECTION('',(-1.,1.836909530734E-16,6.123031769112E-17));
#6193 = ORIENTED_EDGE('',*,*,#6194,.F.);
#6194 = EDGE_CURVE('',#6195,#6187,#6197,.T.);
#6195 = VERTEX_POINT('',#6196);
#6196 = CARTESIAN_POINT('',(0.382819,-1.630469,6.7));
#6197 = CIRCLE('',#6198,0.4);
#6198 = AXIS2_PLACEMENT_3D('',#6199,#6200,#6201);
#6199 = CARTESIAN_POINT('',(0.382819,-1.630469,6.3));
#6200 = DIRECTION('',(1.,-1.836909530734E-16,-6.123031769112E-17));
#6201 = DIRECTION('',(-1.836909530734E-16,-1.,1.499660721822E-32));
#6202 = ORIENTED_EDGE('',*,*,#6203,.F.);
#6203 = EDGE_CURVE('',#6138,#6195,#6204,.T.);
#6204 = LINE('',#6205,#6206);
#6205 = CARTESIAN_POINT('',(-2.217181,-1.630469,6.7));
#6206 = VECTOR('',#6207,1.);
#6207 = DIRECTION('',(1.,-1.836909530734E-16,-6.123031769112E-17));
#6208 = CYLINDRICAL_SURFACE('',#6209,0.4);
#6209 = AXIS2_PLACEMENT_3D('',#6210,#6211,#6212);
#6210 = CARTESIAN_POINT('',(-2.217181,-1.630469,6.3));
#6211 = DIRECTION('',(-1.,1.836909530734E-16,6.123031769112E-17));
#6212 = DIRECTION('',(-1.836909530734E-16,-1.,1.499660721822E-32));
#6213 = ADVANCED_FACE('',(#6214),#6242,.T.);
#6214 = FACE_BOUND('',#6215,.T.);
#6215 = EDGE_LOOP('',(#6216,#6225,#6226,#6227,#6236));
#6216 = ORIENTED_EDGE('',*,*,#6217,.T.);
#6217 = EDGE_CURVE('',#6218,#5173,#6220,.T.);
#6218 = VERTEX_POINT('',#6219);
#6219 = CARTESIAN_POINT('',(-1.417181,-2.030469,5.6));
#6220 = CIRCLE('',#6221,0.4);
#6221 = AXIS2_PLACEMENT_3D('',#6222,#6223,#6224);
#6222 = CARTESIAN_POINT('',(-1.417181,-1.630469,5.6));
#6223 = DIRECTION('',(1.,-1.836909530734E-16,-6.123031769112E-17));
#6224 = DIRECTION('',(-1.836909530734E-16,-1.,1.499660721822E-32));
#6225 = ORIENTED_EDGE('',*,*,#5172,.T.);
#6226 = ORIENTED_EDGE('',*,*,#5436,.F.);
#6227 = ORIENTED_EDGE('',*,*,#6228,.F.);
#6228 = EDGE_CURVE('',#6229,#5429,#6231,.T.);
#6229 = VERTEX_POINT('',#6230);
#6230 = CARTESIAN_POINT('',(0.382819,-2.030469,5.6));
#6231 = CIRCLE('',#6232,0.4);
#6232 = AXIS2_PLACEMENT_3D('',#6233,#6234,#6235);
#6233 = CARTESIAN_POINT('',(0.382819,-1.630469,5.6));
#6234 = DIRECTION('',(1.,-1.836909530734E-16,-6.123031769112E-17));
#6235 = DIRECTION('',(-1.836909530734E-16,-1.,1.499660721822E-32));
#6236 = ORIENTED_EDGE('',*,*,#6237,.T.);
#6237 = EDGE_CURVE('',#6229,#6218,#6238,.T.);
#6238 = LINE('',#6239,#6240);
#6239 = CARTESIAN_POINT('',(-2.217181,-2.030469,5.6));
#6240 = VECTOR('',#6241,1.);
#6241 = DIRECTION('',(-1.,1.836909530734E-16,6.123031769112E-17));
#6242 = CYLINDRICAL_SURFACE('',#6243,0.4);
#6243 = AXIS2_PLACEMENT_3D('',#6244,#6245,#6246);
#6244 = CARTESIAN_POINT('',(-2.217181,-1.630469,5.6));
#6245 = DIRECTION('',(-1.,1.836909530734E-16,6.123031769112E-17));
#6246 = DIRECTION('',(-1.836909530734E-16,-1.,1.499660721822E-32));
#6247 = ADVANCED_FACE('',(#6248),#6259,.T.);
#6248 = FACE_BOUND('',#6249,.T.);
#6249 = EDGE_LOOP('',(#6250,#6251,#6252,#6258));
#6250 = ORIENTED_EDGE('',*,*,#4714,.F.);
#6251 = ORIENTED_EDGE('',*,*,#4699,.T.);
#6252 = ORIENTED_EDGE('',*,*,#6253,.T.);
#6253 = EDGE_CURVE('',#4691,#4046,#6254,.T.);
#6254 = LINE('',#6255,#6256);
#6255 = CARTESIAN_POINT('',(-1.8732748,3.441036333803E-16,5.4));
#6256 = VECTOR('',#6257,1.);
#6257 = DIRECTION('',(-0.196116135138,0.980580675691,1.200825325887E-17)
  );
#6258 = ORIENTED_EDGE('',*,*,#4045,.F.);
#6259 = PLANE('',#6260);
#6260 = AXIS2_PLACEMENT_3D('',#6261,#6262,#6263);
#6261 = CARTESIAN_POINT('',(-1.699336354594,-0.869692227028,5.2));
#6262 = DIRECTION('',(-0.980580675691,-0.196116135138,6.004126629433E-17
    ));
#6263 = DIRECTION('',(0.196116135138,-0.980580675691,-1.200825325887E-17
    ));
#6264 = ADVANCED_FACE('',(#6265),#6299,.F.);
#6265 = FACE_BOUND('',#6266,.T.);
#6266 = EDGE_LOOP('',(#6267,#6277,#6285,#6293));
#6267 = ORIENTED_EDGE('',*,*,#6268,.F.);
#6268 = EDGE_CURVE('',#6269,#6271,#6273,.T.);
#6269 = VERTEX_POINT('',#6270);
#6270 = CARTESIAN_POINT('',(0.382819,-0.930469,6.5));
#6271 = VERTEX_POINT('',#6272);
#6272 = CARTESIAN_POINT('',(0.382819,-0.930469,6.7));
#6273 = LINE('',#6274,#6275);
#6274 = CARTESIAN_POINT('',(0.382819,-0.930469,11.636624106157));
#6275 = VECTOR('',#6276,1.);
#6276 = DIRECTION('',(6.123031769112E-17,0.,1.));
#6277 = ORIENTED_EDGE('',*,*,#6278,.F.);
#6278 = EDGE_CURVE('',#6279,#6269,#6281,.T.);
#6279 = VERTEX_POINT('',#6280);
#6280 = CARTESIAN_POINT('',(-1.417181,-0.930469,6.5));
#6281 = LINE('',#6282,#6283);
#6282 = CARTESIAN_POINT('',(-2.217181,-0.930469,6.5));
#6283 = VECTOR('',#6284,1.);
#6284 = DIRECTION('',(1.,-1.836909530734E-16,-6.123031769112E-17));
#6285 = ORIENTED_EDGE('',*,*,#6286,.F.);
#6286 = EDGE_CURVE('',#6287,#6279,#6289,.T.);
#6287 = VERTEX_POINT('',#6288);
#6288 = CARTESIAN_POINT('',(-1.417181,-0.930469,6.7));
#6289 = LINE('',#6290,#6291);
#6290 = CARTESIAN_POINT('',(-1.417181,-0.930469,11.636624106157));
#6291 = VECTOR('',#6292,1.);
#6292 = DIRECTION('',(-6.123031769112E-17,0.,-1.));
#6293 = ORIENTED_EDGE('',*,*,#6294,.T.);
#6294 = EDGE_CURVE('',#6287,#6271,#6295,.T.);
#6295 = LINE('',#6296,#6297);
#6296 = CARTESIAN_POINT('',(-2.217181,-0.930469,6.7));
#6297 = VECTOR('',#6298,1.);
#6298 = DIRECTION('',(1.,-1.836909530734E-16,-6.123031769112E-17));
#6299 = PLANE('',#6300);
#6300 = AXIS2_PLACEMENT_3D('',#6301,#6302,#6303);
#6301 = CARTESIAN_POINT('',(-2.217181,-0.930469,6.5));
#6302 = DIRECTION('',(-1.836909530734E-16,-1.,1.124745541367E-32));
#6303 = DIRECTION('',(-6.123031769112E-17,4.515903254172E-47,-1.));
#6304 = ADVANCED_FACE('',(#6305),#6341,.F.);
#6305 = FACE_BOUND('',#6306,.F.);
#6306 = EDGE_LOOP('',(#6307,#6317,#6326,#6334));
#6307 = ORIENTED_EDGE('',*,*,#6308,.F.);
#6308 = EDGE_CURVE('',#6309,#6311,#6313,.T.);
#6309 = VERTEX_POINT('',#6310);
#6310 = CARTESIAN_POINT('',(-0.767181,-1.830469,6.3));
#6311 = VERTEX_POINT('',#6312);
#6312 = CARTESIAN_POINT('',(-1.417181,-1.830469,6.3));
#6313 = LINE('',#6314,#6315);
#6314 = CARTESIAN_POINT('',(-2.217181,-1.830469,6.3));
#6315 = VECTOR('',#6316,1.);
#6316 = DIRECTION('',(-1.,1.836909530734E-16,6.123031769112E-17));
#6317 = ORIENTED_EDGE('',*,*,#6318,.F.);
#6318 = EDGE_CURVE('',#6319,#6309,#6321,.T.);
#6319 = VERTEX_POINT('',#6320);
#6320 = CARTESIAN_POINT('',(-0.767181,-1.630469,6.5));
#6321 = CIRCLE('',#6322,0.2);
#6322 = AXIS2_PLACEMENT_3D('',#6323,#6324,#6325);
#6323 = CARTESIAN_POINT('',(-0.767181,-1.630469,6.3));
#6324 = DIRECTION('',(1.,-1.836909530734E-16,-6.123031769112E-17));
#6325 = DIRECTION('',(-1.836909530734E-16,-1.,1.499660721822E-32));
#6326 = ORIENTED_EDGE('',*,*,#6327,.F.);
#6327 = EDGE_CURVE('',#6328,#6319,#6330,.T.);
#6328 = VERTEX_POINT('',#6329);
#6329 = CARTESIAN_POINT('',(-1.417181,-1.630469,6.5));
#6330 = LINE('',#6331,#6332);
#6331 = CARTESIAN_POINT('',(-2.217181,-1.630469,6.5));
#6332 = VECTOR('',#6333,1.);
#6333 = DIRECTION('',(1.,-1.836909530734E-16,-6.123031769112E-17));
#6334 = ORIENTED_EDGE('',*,*,#6335,.T.);
#6335 = EDGE_CURVE('',#6328,#6311,#6336,.T.);
#6336 = CIRCLE('',#6337,0.2);
#6337 = AXIS2_PLACEMENT_3D('',#6338,#6339,#6340);
#6338 = CARTESIAN_POINT('',(-1.417181,-1.630469,6.3));
#6339 = DIRECTION('',(1.,-1.836909530734E-16,-6.123031769112E-17));
#6340 = DIRECTION('',(-1.836909530734E-16,-1.,1.499660721822E-32));
#6341 = CYLINDRICAL_SURFACE('',#6342,0.2);
#6342 = AXIS2_PLACEMENT_3D('',#6343,#6344,#6345);
#6343 = CARTESIAN_POINT('',(-2.217181,-1.630469,6.3));
#6344 = DIRECTION('',(-1.,1.836909530734E-16,6.123031769112E-17));
#6345 = DIRECTION('',(-1.836909530734E-16,-1.,1.499660721822E-32));
#6346 = ADVANCED_FACE('',(#6347),#6389,.T.);
#6347 = FACE_BOUND('',#6348,.T.);
#6348 = EDGE_LOOP('',(#6349,#6350,#6358,#6367,#6375,#6383));
#6349 = ORIENTED_EDGE('',*,*,#6318,.F.);
#6350 = ORIENTED_EDGE('',*,*,#6351,.T.);
#6351 = EDGE_CURVE('',#6319,#6352,#6354,.T.);
#6352 = VERTEX_POINT('',#6353);
#6353 = CARTESIAN_POINT('',(-0.767181,-1.630469,6.7));
#6354 = LINE('',#6355,#6356);
#6355 = CARTESIAN_POINT('',(-0.767181,-1.630469,5.6));
#6356 = VECTOR('',#6357,1.);
#6357 = DIRECTION('',(6.123031769112E-17,-2.736911063134E-48,1.));
#6358 = ORIENTED_EDGE('',*,*,#6359,.T.);
#6359 = EDGE_CURVE('',#6352,#6360,#6362,.T.);
#6360 = VERTEX_POINT('',#6361);
#6361 = CARTESIAN_POINT('',(-0.767181,-2.030469,6.3));
#6362 = CIRCLE('',#6363,0.4);
#6363 = AXIS2_PLACEMENT_3D('',#6364,#6365,#6366);
#6364 = CARTESIAN_POINT('',(-0.767181,-1.630469,6.3));
#6365 = DIRECTION('',(1.,-1.836909530734E-16,-6.123031769112E-17));
#6366 = DIRECTION('',(-1.836909530734E-16,-1.,1.499660721822E-32));
#6367 = ORIENTED_EDGE('',*,*,#6368,.T.);
#6368 = EDGE_CURVE('',#6360,#6369,#6371,.T.);
#6369 = VERTEX_POINT('',#6370);
#6370 = CARTESIAN_POINT('',(-0.767181,-2.030469,5.9));
#6371 = LINE('',#6372,#6373);
#6372 = CARTESIAN_POINT('',(-0.767181,-2.030469,11.636624106157));
#6373 = VECTOR('',#6374,1.);
#6374 = DIRECTION('',(-6.123031769112E-17,2.736911063134E-48,-1.));
#6375 = ORIENTED_EDGE('',*,*,#6376,.T.);
#6376 = EDGE_CURVE('',#6369,#6377,#6379,.T.);
#6377 = VERTEX_POINT('',#6378);
#6378 = CARTESIAN_POINT('',(-0.767181,-1.830469,5.9));
#6379 = LINE('',#6380,#6381);
#6380 = CARTESIAN_POINT('',(-0.767181,-2.030469,5.9));
#6381 = VECTOR('',#6382,1.);
#6382 = DIRECTION('',(1.836909530734E-16,1.,-1.499660721822E-32));
#6383 = ORIENTED_EDGE('',*,*,#6384,.T.);
#6384 = EDGE_CURVE('',#6377,#6309,#6385,.T.);
#6385 = LINE('',#6386,#6387);
#6386 = CARTESIAN_POINT('',(-0.767181,-1.830469,11.636624106157));
#6387 = VECTOR('',#6388,1.);
#6388 = DIRECTION('',(6.123031769112E-17,-2.736911063134E-48,1.));
#6389 = PLANE('',#6390);
#6390 = AXIS2_PLACEMENT_3D('',#6391,#6392,#6393);
#6391 = CARTESIAN_POINT('',(-0.767181,-2.030469,5.9));
#6392 = DIRECTION('',(1.,-1.836909530734E-16,-6.123031769112E-17));
#6393 = DIRECTION('',(1.836909530734E-16,1.,-1.499660721822E-32));
#6394 = ADVANCED_FACE('',(#6395),#6411,.F.);
#6395 = FACE_BOUND('',#6396,.T.);
#6396 = EDGE_LOOP('',(#6397,#6403,#6404,#6410));
#6397 = ORIENTED_EDGE('',*,*,#6398,.T.);
#6398 = EDGE_CURVE('',#6138,#6352,#6399,.T.);
#6399 = LINE('',#6400,#6401);
#6400 = CARTESIAN_POINT('',(-2.217181,-1.630469,6.7));
#6401 = VECTOR('',#6402,1.);
#6402 = DIRECTION('',(-1.,1.836909530734E-16,6.123031769112E-17));
#6403 = ORIENTED_EDGE('',*,*,#6351,.F.);
#6404 = ORIENTED_EDGE('',*,*,#6405,.F.);
#6405 = EDGE_CURVE('',#6147,#6319,#6406,.T.);
#6406 = LINE('',#6407,#6408);
#6407 = CARTESIAN_POINT('',(-2.217181,-1.630469,6.5));
#6408 = VECTOR('',#6409,1.);
#6409 = DIRECTION('',(-1.,1.836909530734E-16,6.123031769112E-17));
#6410 = ORIENTED_EDGE('',*,*,#6146,.F.);
#6411 = PLANE('',#6412);
#6412 = AXIS2_PLACEMENT_3D('',#6413,#6414,#6415);
#6413 = CARTESIAN_POINT('',(-0.748576102356,-1.630469,6.051726055616));
#6414 = DIRECTION('',(1.836909530734E-16,1.,-1.124745541367E-32));
#6415 = DIRECTION('',(-6.123031769112E-17,6.431740998366E-47,-1.));
#6416 = ADVANCED_FACE('',(#6417),#6453,.F.);
#6417 = FACE_BOUND('',#6418,.F.);
#6418 = EDGE_LOOP('',(#6419,#6430,#6438,#6447));
#6419 = ORIENTED_EDGE('',*,*,#6420,.T.);
#6420 = EDGE_CURVE('',#6421,#6423,#6425,.T.);
#6421 = VERTEX_POINT('',#6422);
#6422 = CARTESIAN_POINT('',(-2.017181,1.469531,5.6));
#6423 = VERTEX_POINT('',#6424);
#6424 = CARTESIAN_POINT('',(-1.817181,1.469531,5.4));
#6425 = CIRCLE('',#6426,0.2);
#6426 = AXIS2_PLACEMENT_3D('',#6427,#6428,#6429);
#6427 = CARTESIAN_POINT('',(-1.817181,1.469531,5.6));
#6428 = DIRECTION('',(-1.836909530734E-16,-1.,8.833631396182E-33));
#6429 = DIRECTION('',(-1.,1.836909530734E-16,1.224606353822E-16));
#6430 = ORIENTED_EDGE('',*,*,#6431,.T.);
#6431 = EDGE_CURVE('',#6423,#6432,#6434,.T.);
#6432 = VERTEX_POINT('',#6433);
#6433 = CARTESIAN_POINT('',(-1.817181,0.669531,5.4));
#6434 = LINE('',#6435,#6436);
#6435 = CARTESIAN_POINT('',(-1.817181,2.225331398645E-16,5.4));
#6436 = VECTOR('',#6437,1.);
#6437 = DIRECTION('',(-1.836909530734E-16,-1.,8.833631396182E-33));
#6438 = ORIENTED_EDGE('',*,*,#6439,.F.);
#6439 = EDGE_CURVE('',#6440,#6432,#6442,.T.);
#6440 = VERTEX_POINT('',#6441);
#6441 = CARTESIAN_POINT('',(-2.017181,0.669531,5.6));
#6442 = CIRCLE('',#6443,0.2);
#6443 = AXIS2_PLACEMENT_3D('',#6444,#6445,#6446);
#6444 = CARTESIAN_POINT('',(-1.817181,0.669531,5.6));
#6445 = DIRECTION('',(-1.836909530734E-16,-1.,8.833631396182E-33));
#6446 = DIRECTION('',(-1.,1.836909530734E-16,1.224606353822E-16));
#6447 = ORIENTED_EDGE('',*,*,#6448,.F.);
#6448 = EDGE_CURVE('',#6421,#6440,#6449,.T.);
#6449 = LINE('',#6450,#6451);
#6450 = CARTESIAN_POINT('',(-2.017181,2.592713304792E-16,5.6));
#6451 = VECTOR('',#6452,1.);
#6452 = DIRECTION('',(-1.836909530734E-16,-1.,8.833631396182E-33));
#6453 = CYLINDRICAL_SURFACE('',#6454,0.2);
#6454 = AXIS2_PLACEMENT_3D('',#6455,#6456,#6457);
#6455 = CARTESIAN_POINT('',(-1.817181,2.225331398645E-16,5.6));
#6456 = DIRECTION('',(-1.836909530734E-16,-1.,8.833631396182E-33));
#6457 = DIRECTION('',(-1.,1.836909530734E-16,1.224606353822E-16));
#6458 = ADVANCED_FACE('',(#6459),#6477,.F.);
#6459 = FACE_BOUND('',#6460,.T.);
#6460 = EDGE_LOOP('',(#6461,#6462,#6463,#6471));
#6461 = ORIENTED_EDGE('',*,*,#4200,.T.);
#6462 = ORIENTED_EDGE('',*,*,#4124,.T.);
#6463 = ORIENTED_EDGE('',*,*,#6464,.T.);
#6464 = EDGE_CURVE('',#4117,#6465,#6467,.T.);
#6465 = VERTEX_POINT('',#6466);
#6466 = CARTESIAN_POINT('',(-1.417181,0.669531,5.95));
#6467 = LINE('',#6468,#6469);
#6468 = CARTESIAN_POINT('',(-1.417181,-2.705403241384E-16,5.95));
#6469 = VECTOR('',#6470,1.);
#6470 = DIRECTION('',(1.224606353822E-16,1.,0.));
#6471 = ORIENTED_EDGE('',*,*,#6472,.F.);
#6472 = EDGE_CURVE('',#4201,#6465,#6473,.T.);
#6473 = LINE('',#6474,#6475);
#6474 = CARTESIAN_POINT('',(-1.017181,0.669531,5.95));
#6475 = VECTOR('',#6476,1.);
#6476 = DIRECTION('',(1.,0.,0.));
#6477 = PLANE('',#6478);
#6478 = AXIS2_PLACEMENT_3D('',#6479,#6480,#6481);
#6479 = CARTESIAN_POINT('',(-1.386262886832,0.421925882027,5.95));
#6480 = DIRECTION('',(0.,0.,-1.));
#6481 = DIRECTION('',(-1.,0.,0.));
#6482 = ADVANCED_FACE('',(#6483),#6501,.T.);
#6483 = FACE_BOUND('',#6484,.T.);
#6484 = EDGE_LOOP('',(#6485,#6493,#6499,#6500));
#6485 = ORIENTED_EDGE('',*,*,#6486,.F.);
#6486 = EDGE_CURVE('',#6487,#4014,#6489,.T.);
#6487 = VERTEX_POINT('',#6488);
#6488 = CARTESIAN_POINT('',(-1.417181,0.669531,5.41));
#6489 = LINE('',#6490,#6491);
#6490 = CARTESIAN_POINT('',(-1.417181,0.669531,5.41));
#6491 = VECTOR('',#6492,1.);
#6492 = DIRECTION('',(-1.,1.224606353822E-16,0.));
#6493 = ORIENTED_EDGE('',*,*,#6494,.T.);
#6494 = EDGE_CURVE('',#6487,#4109,#6495,.T.);
#6495 = LINE('',#6496,#6497);
#6496 = CARTESIAN_POINT('',(-1.417181,-2.705403241384E-16,5.41));
#6497 = VECTOR('',#6498,1.);
#6498 = DIRECTION('',(-1.224606353822E-16,-1.,0.));
#6499 = ORIENTED_EDGE('',*,*,#4108,.T.);
#6500 = ORIENTED_EDGE('',*,*,#4021,.F.);
#6501 = PLANE('',#6502);
#6502 = AXIS2_PLACEMENT_3D('',#6503,#6504,#6505);
#6503 = CARTESIAN_POINT('',(-1.717181,-2.5104714,5.41));
#6504 = DIRECTION('',(0.,0.,-1.));
#6505 = DIRECTION('',(1.,0.,0.));
#6506 = ADVANCED_FACE('',(#6507),#6532,.T.);
#6507 = FACE_BOUND('',#6508,.T.);
#6508 = EDGE_LOOP('',(#6509,#6510,#6518,#6526));
#6509 = ORIENTED_EDGE('',*,*,#4077,.F.);
#6510 = ORIENTED_EDGE('',*,*,#6511,.F.);
#6511 = EDGE_CURVE('',#6512,#4070,#6514,.T.);
#6512 = VERTEX_POINT('',#6513);
#6513 = CARTESIAN_POINT('',(-1.667181,0.669531,5.2));
#6514 = LINE('',#6515,#6516);
#6515 = CARTESIAN_POINT('',(0.,0.669531,5.2));
#6516 = VECTOR('',#6517,1.);
#6517 = DIRECTION('',(-1.,1.836909530734E-16,0.));
#6518 = ORIENTED_EDGE('',*,*,#6519,.F.);
#6519 = EDGE_CURVE('',#6520,#6512,#6522,.T.);
#6520 = VERTEX_POINT('',#6521);
#6521 = CARTESIAN_POINT('',(-1.667181,0.669531,5.4));
#6522 = LINE('',#6523,#6524);
#6523 = CARTESIAN_POINT('',(-1.667181,0.669531,-9.375));
#6524 = VECTOR('',#6525,1.);
#6525 = DIRECTION('',(-6.123031769112E-17,-6.162975822039E-33,-1.));
#6526 = ORIENTED_EDGE('',*,*,#6527,.F.);
#6527 = EDGE_CURVE('',#4012,#6520,#6528,.T.);
#6528 = LINE('',#6529,#6530);
#6529 = CARTESIAN_POINT('',(8.358925275586E-16,0.669531,5.4));
#6530 = VECTOR('',#6531,1.);
#6531 = DIRECTION('',(1.,-1.836909530734E-16,-6.123031769112E-17));
#6532 = PLANE('',#6533);
#6533 = AXIS2_PLACEMENT_3D('',#6534,#6535,#6536);
#6534 = CARTESIAN_POINT('',(-1.74283400696,0.669531,5.315489654985));
#6535 = DIRECTION('',(-1.836909530734E-16,-1.,1.124745541367E-32));
#6536 = DIRECTION('',(-1.,1.836909530734E-16,6.123031769112E-17));
#6537 = ADVANCED_FACE('',(#6538),#6549,.F.);
#6538 = FACE_BOUND('',#6539,.T.);
#6539 = EDGE_LOOP('',(#6540,#6546,#6547,#6548));
#6540 = ORIENTED_EDGE('',*,*,#6541,.T.);
#6541 = EDGE_CURVE('',#1293,#6512,#6542,.T.);
#6542 = LINE('',#6543,#6544);
#6543 = CARTESIAN_POINT('',(-1.667181,0.,5.2));
#6544 = VECTOR('',#6545,1.);
#6545 = DIRECTION('',(1.836909530734E-16,1.,0.));
#6546 = ORIENTED_EDGE('',*,*,#6511,.T.);
#6547 = ORIENTED_EDGE('',*,*,#4069,.T.);
#6548 = ORIENTED_EDGE('',*,*,#1300,.T.);
#6549 = PLANE('',#6550);
#6550 = AXIS2_PLACEMENT_3D('',#6551,#6552,#6553);
#6551 = CARTESIAN_POINT('',(0.584885317322,2.499492133643,5.2));
#6552 = DIRECTION('',(0.,0.,-1.));
#6553 = DIRECTION('',(-1.,1.224606353822E-16,0.));
#6554 = ADVANCED_FACE('',(#6555),#6566,.T.);
#6555 = FACE_BOUND('',#6556,.T.);
#6556 = EDGE_LOOP('',(#6557,#6558,#6559,#6565));
#6557 = ORIENTED_EDGE('',*,*,#6541,.F.);
#6558 = ORIENTED_EDGE('',*,*,#1292,.T.);
#6559 = ORIENTED_EDGE('',*,*,#6560,.T.);
#6560 = EDGE_CURVE('',#1285,#6520,#6561,.T.);
#6561 = LINE('',#6562,#6563);
#6562 = CARTESIAN_POINT('',(-1.667181,3.062460668358E-16,5.4));
#6563 = VECTOR('',#6564,1.);
#6564 = DIRECTION('',(1.836909530734E-16,1.,-1.499660721822E-32));
#6565 = ORIENTED_EDGE('',*,*,#6519,.T.);
#6566 = PLANE('',#6567);
#6567 = AXIS2_PLACEMENT_3D('',#6568,#6569,#6570);
#6568 = CARTESIAN_POINT('',(-1.667181,-3.0469E-02,5.2));
#6569 = DIRECTION('',(-1.,1.836909530734E-16,6.123031769112E-17));
#6570 = DIRECTION('',(-1.836909530734E-16,-1.,1.499660721822E-32));
#6571 = ADVANCED_FACE('',(#6572),#6578,.T.);
#6572 = FACE_BOUND('',#6573,.T.);
#6573 = EDGE_LOOP('',(#6574,#6575,#6576,#6577));
#6574 = ORIENTED_EDGE('',*,*,#5237,.T.);
#6575 = ORIENTED_EDGE('',*,*,#5294,.F.);
#6576 = ORIENTED_EDGE('',*,*,#5263,.F.);
#6577 = ORIENTED_EDGE('',*,*,#5353,.F.);
#6578 = CYLINDRICAL_SURFACE('',#6579,0.4);
#6579 = AXIS2_PLACEMENT_3D('',#6580,#6581,#6582);
#6580 = CARTESIAN_POINT('',(0.782819,-2.030469,4.8));
#6581 = DIRECTION('',(0.,-1.,0.));
#6582 = DIRECTION('',(1.,0.,0.));
#6583 = ADVANCED_FACE('',(#6584),#6590,.T.);
#6584 = FACE_BOUND('',#6585,.T.);
#6585 = EDGE_LOOP('',(#6586,#6587,#6588,#6589));
#6586 = ORIENTED_EDGE('',*,*,#5226,.T.);
#6587 = ORIENTED_EDGE('',*,*,#5288,.F.);
#6588 = ORIENTED_EDGE('',*,*,#5316,.F.);
#6589 = ORIENTED_EDGE('',*,*,#5301,.T.);
#6590 = CONICAL_SURFACE('',#6591,0.2,0.588002603548);
#6591 = AXIS2_PLACEMENT_3D('',#6592,#6593,#6594);
#6592 = CARTESIAN_POINT('',(0.782819,-2.830469,4.8));
#6593 = DIRECTION('',(0.,1.,0.));
#6594 = DIRECTION('',(1.,-0.,0.));
#6595 = ADVANCED_FACE('',(#6596),#6631,.T.);
#6596 = FACE_BOUND('',#6597,.T.);
#6597 = EDGE_LOOP('',(#6598,#6599,#6607,#6615,#6621,#6622,#6623,#6624,
    #6625));
#6598 = ORIENTED_EDGE('',*,*,#2528,.F.);
#6599 = ORIENTED_EDGE('',*,*,#6600,.F.);
#6600 = EDGE_CURVE('',#6601,#2529,#6603,.T.);
#6601 = VERTEX_POINT('',#6602);
#6602 = CARTESIAN_POINT('',(0.382819,0.669531,0.84));
#6603 = LINE('',#6604,#6605);
#6604 = CARTESIAN_POINT('',(0.382819,0.669531,8.125));
#6605 = VECTOR('',#6606,1.);
#6606 = DIRECTION('',(0.,0.,-1.));
#6607 = ORIENTED_EDGE('',*,*,#6608,.T.);
#6608 = EDGE_CURVE('',#6601,#6609,#6611,.T.);
#6609 = VERTEX_POINT('',#6610);
#6610 = CARTESIAN_POINT('',(0.682819,0.669531,0.84));
#6611 = LINE('',#6612,#6613);
#6612 = CARTESIAN_POINT('',(0.,0.669531,0.84));
#6613 = VECTOR('',#6614,1.);
#6614 = DIRECTION('',(1.,5.551115123126E-16,0.));
#6615 = ORIENTED_EDGE('',*,*,#6616,.F.);
#6616 = EDGE_CURVE('',#3063,#6609,#6617,.T.);
#6617 = LINE('',#6618,#6619);
#6618 = CARTESIAN_POINT('',(0.682819,0.669531,1.05));
#6619 = VECTOR('',#6620,1.);
#6620 = DIRECTION('',(0.,0.,-1.));
#6621 = ORIENTED_EDGE('',*,*,#3598,.F.);
#6622 = ORIENTED_EDGE('',*,*,#3888,.F.);
#6623 = ORIENTED_EDGE('',*,*,#2101,.F.);
#6624 = ORIENTED_EDGE('',*,*,#3924,.F.);
#6625 = ORIENTED_EDGE('',*,*,#6626,.T.);
#6626 = EDGE_CURVE('',#3917,#2531,#6627,.T.);
#6627 = LINE('',#6628,#6629);
#6628 = CARTESIAN_POINT('',(1.182819,0.669531,1.05));
#6629 = VECTOR('',#6630,1.);
#6630 = DIRECTION('',(0.,0.,-1.));
#6631 = PLANE('',#6632);
#6632 = AXIS2_PLACEMENT_3D('',#6633,#6634,#6635);
#6633 = CARTESIAN_POINT('',(0.382819,0.669531,0.84));
#6634 = DIRECTION('',(-5.551115123126E-16,1.,0.));
#6635 = DIRECTION('',(0.,0.,1.));
#6636 = ADVANCED_FACE('',(#6637),#6669,.T.);
#6637 = FACE_BOUND('',#6638,.T.);
#6638 = EDGE_LOOP('',(#6639,#6647,#6655,#6661,#6662,#6668));
#6639 = ORIENTED_EDGE('',*,*,#6640,.F.);
#6640 = EDGE_CURVE('',#6641,#3331,#6643,.T.);
#6641 = VERTEX_POINT('',#6642);
#6642 = CARTESIAN_POINT('',(0.682819,-1.330469,0.84));
#6643 = LINE('',#6644,#6645);
#6644 = CARTESIAN_POINT('',(0.682819,-1.330469,1.875));
#6645 = VECTOR('',#6646,1.);
#6646 = DIRECTION('',(0.,0.,1.));
#6647 = ORIENTED_EDGE('',*,*,#6648,.T.);
#6648 = EDGE_CURVE('',#6641,#6649,#6651,.T.);
#6649 = VERTEX_POINT('',#6650);
#6650 = CARTESIAN_POINT('',(0.382819,-1.330469,0.84));
#6651 = LINE('',#6652,#6653);
#6652 = CARTESIAN_POINT('',(0.,-1.330469,0.84));
#6653 = VECTOR('',#6654,1.);
#6654 = DIRECTION('',(-1.,-1.224606353822E-16,0.));
#6655 = ORIENTED_EDGE('',*,*,#6656,.F.);
#6656 = EDGE_CURVE('',#2547,#6649,#6657,.T.);
#6657 = LINE('',#6658,#6659);
#6658 = CARTESIAN_POINT('',(0.382819,-1.330469,8.125));
#6659 = VECTOR('',#6660,1.);
#6660 = DIRECTION('',(0.,0.,1.));
#6661 = ORIENTED_EDGE('',*,*,#2546,.T.);
#6662 = ORIENTED_EDGE('',*,*,#6663,.F.);
#6663 = EDGE_CURVE('',#3339,#2539,#6664,.T.);
#6664 = LINE('',#6665,#6666);
#6665 = CARTESIAN_POINT('',(1.182819,-1.330469,1.05));
#6666 = VECTOR('',#6667,1.);
#6667 = DIRECTION('',(0.,0.,-1.));
#6668 = ORIENTED_EDGE('',*,*,#3338,.T.);
#6669 = PLANE('',#6670);
#6670 = AXIS2_PLACEMENT_3D('',#6671,#6672,#6673);
#6671 = CARTESIAN_POINT('',(0.382819,-1.330469,1.05));
#6672 = DIRECTION('',(1.224606353822E-16,-1.,0.));
#6673 = DIRECTION('',(1.,1.224606353822E-16,0.));
#6674 = ADVANCED_FACE('',(#6675),#6695,.F.);
#6675 = FACE_BOUND('',#6676,.T.);
#6676 = EDGE_LOOP('',(#6677,#6683,#6684,#6685,#6686,#6687,#6693,#6694));
#6677 = ORIENTED_EDGE('',*,*,#6678,.T.);
#6678 = EDGE_CURVE('',#4418,#1492,#6679,.T.);
#6679 = LINE('',#6680,#6681);
#6680 = CARTESIAN_POINT('',(-1.567181,-0.230469,-8.125));
#6681 = VECTOR('',#6682,1.);
#6682 = DIRECTION('',(0.,0.,-1.));
#6683 = ORIENTED_EDGE('',*,*,#1491,.T.);
#6684 = ORIENTED_EDGE('',*,*,#1779,.T.);
#6685 = ORIENTED_EDGE('',*,*,#1834,.T.);
#6686 = ORIENTED_EDGE('',*,*,#2584,.T.);
#6687 = ORIENTED_EDGE('',*,*,#6688,.F.);
#6688 = EDGE_CURVE('',#4555,#2577,#6689,.T.);
#6689 = LINE('',#6690,#6691);
#6690 = CARTESIAN_POINT('',(-1.567181,-4.440892098501E-16,4.225));
#6691 = VECTOR('',#6692,1.);
#6692 = DIRECTION('',(0.,-1.,0.));
#6693 = ORIENTED_EDGE('',*,*,#4571,.F.);
#6694 = ORIENTED_EDGE('',*,*,#4425,.F.);
#6695 = PLANE('',#6696);
#6696 = AXIS2_PLACEMENT_3D('',#6697,#6698,#6699);
#6697 = CARTESIAN_POINT('',(-1.567181,2.769531,20.95));
#6698 = DIRECTION('',(-1.,0.,0.));
#6699 = DIRECTION('',(0.,1.,0.));
#6700 = ADVANCED_FACE('',(#6701),#6737,.T.);
#6701 = FACE_BOUND('',#6702,.T.);
#6702 = EDGE_LOOP('',(#6703,#6714,#6722,#6731));
#6703 = ORIENTED_EDGE('',*,*,#6704,.T.);
#6704 = EDGE_CURVE('',#6705,#6707,#6709,.T.);
#6705 = VERTEX_POINT('',#6706);
#6706 = CARTESIAN_POINT('',(0.582819,-2.830469,1.45));
#6707 = VERTEX_POINT('',#6708);
#6708 = CARTESIAN_POINT('',(0.982819,-2.830469,1.45));
#6709 = CIRCLE('',#6710,0.2);
#6710 = AXIS2_PLACEMENT_3D('',#6711,#6712,#6713);
#6711 = CARTESIAN_POINT('',(0.782819,-2.830469,1.45));
#6712 = DIRECTION('',(-0.,1.,0.));
#6713 = DIRECTION('',(1.,0.,0.));
#6714 = ORIENTED_EDGE('',*,*,#6715,.T.);
#6715 = EDGE_CURVE('',#6707,#6716,#6718,.T.);
#6716 = VERTEX_POINT('',#6717);
#6717 = CARTESIAN_POINT('',(1.182819,-2.530469,1.45));
#6718 = LINE('',#6719,#6720);
#6719 = CARTESIAN_POINT('',(0.982819,-2.830469,1.45));
#6720 = VECTOR('',#6721,1.);
#6721 = DIRECTION('',(0.554700196225,0.832050294338,0.));
#6722 = ORIENTED_EDGE('',*,*,#6723,.F.);
#6723 = EDGE_CURVE('',#6724,#6716,#6726,.T.);
#6724 = VERTEX_POINT('',#6725);
#6725 = CARTESIAN_POINT('',(0.382819,-2.530469,1.45));
#6726 = CIRCLE('',#6727,0.4);
#6727 = AXIS2_PLACEMENT_3D('',#6728,#6729,#6730);
#6728 = CARTESIAN_POINT('',(0.782819,-2.530469,1.45));
#6729 = DIRECTION('',(-6.123031769112E-17,1.,0.));
#6730 = DIRECTION('',(1.,6.123031769112E-17,0.));
#6731 = ORIENTED_EDGE('',*,*,#6732,.F.);
#6732 = EDGE_CURVE('',#6705,#6724,#6733,.T.);
#6733 = LINE('',#6734,#6735);
#6734 = CARTESIAN_POINT('',(0.582819,-2.830469,1.45));
#6735 = VECTOR('',#6736,1.);
#6736 = DIRECTION('',(-0.554700196225,0.832050294338,0.));
#6737 = CONICAL_SURFACE('',#6738,0.2,0.588002603548);
#6738 = AXIS2_PLACEMENT_3D('',#6739,#6740,#6741);
#6739 = CARTESIAN_POINT('',(0.782819,-2.830469,1.45));
#6740 = DIRECTION('',(0.,1.,0.));
#6741 = DIRECTION('',(1.,0.,0.));
#6742 = ADVANCED_FACE('',(#6743),#6753,.T.);
#6743 = FACE_BOUND('',#6744,.T.);
#6744 = EDGE_LOOP('',(#6745,#6746));
#6745 = ORIENTED_EDGE('',*,*,#6704,.F.);
#6746 = ORIENTED_EDGE('',*,*,#6747,.F.);
#6747 = EDGE_CURVE('',#6707,#6705,#6748,.T.);
#6748 = CIRCLE('',#6749,0.2);
#6749 = AXIS2_PLACEMENT_3D('',#6750,#6751,#6752);
#6750 = CARTESIAN_POINT('',(0.782819,-2.830469,1.45));
#6751 = DIRECTION('',(-0.,1.,0.));
#6752 = DIRECTION('',(1.,0.,0.));
#6753 = PLANE('',#6754);
#6754 = AXIS2_PLACEMENT_3D('',#6755,#6756,#6757);
#6755 = CARTESIAN_POINT('',(0.269731024956,-2.830469,1.650784774337));
#6756 = DIRECTION('',(1.224606353822E-16,-1.,0.));
#6757 = DIRECTION('',(1.,1.224606353822E-16,0.));
#6758 = ADVANCED_FACE('',(#6759),#6793,.F.);
#6759 = FACE_BOUND('',#6760,.T.);
#6760 = EDGE_LOOP('',(#6761,#6771,#6779,#6787));
#6761 = ORIENTED_EDGE('',*,*,#6762,.T.);
#6762 = EDGE_CURVE('',#6763,#6765,#6767,.T.);
#6763 = VERTEX_POINT('',#6764);
#6764 = CARTESIAN_POINT('',(7.2819E-02,2.169531,2.4));
#6765 = VERTEX_POINT('',#6766);
#6766 = CARTESIAN_POINT('',(0.147819,1.869531,2.325));
#6767 = LINE('',#6768,#6769);
#6768 = CARTESIAN_POINT('',(0.708215107865,-0.372053431462,
    1.764603892135));
#6769 = VECTOR('',#6770,1.);
#6770 = DIRECTION('',(0.235702260396,-0.942809041582,-0.235702260396));
#6771 = ORIENTED_EDGE('',*,*,#6772,.F.);
#6772 = EDGE_CURVE('',#6773,#6765,#6775,.T.);
#6773 = VERTEX_POINT('',#6774);
#6774 = CARTESIAN_POINT('',(-0.202181,1.869531,2.325));
#6775 = LINE('',#6776,#6777);
#6776 = CARTESIAN_POINT('',(-2.514773473206E-02,1.869531,2.325));
#6777 = VECTOR('',#6778,1.);
#6778 = DIRECTION('',(1.,2.312964634636E-17,0.));
#6779 = ORIENTED_EDGE('',*,*,#6780,.T.);
#6780 = EDGE_CURVE('',#6773,#6781,#6783,.T.);
#6781 = VERTEX_POINT('',#6782);
#6782 = CARTESIAN_POINT('',(-0.127181,2.169531,2.4));
#6783 = LINE('',#6784,#6785);
#6784 = CARTESIAN_POINT('',(-0.762577107865,-0.372053431462,
    1.764603892135));
#6785 = VECTOR('',#6786,1.);
#6786 = DIRECTION('',(0.235702260396,0.942809041582,0.235702260396));
#6787 = ORIENTED_EDGE('',*,*,#6788,.T.);
#6788 = EDGE_CURVE('',#6781,#6763,#6789,.T.);
#6789 = LINE('',#6790,#6791);
#6790 = CARTESIAN_POINT('',(-2.514773473206E-02,2.169531,2.4));
#6791 = VECTOR('',#6792,1.);
#6792 = DIRECTION('',(1.,0.,-5.782411586589E-18));
#6793 = PLANE('',#6794);
#6794 = AXIS2_PLACEMENT_3D('',#6795,#6796,#6797);
#6795 = CARTESIAN_POINT('',(-4.1036834,1.869531,2.325));
#6796 = DIRECTION('',(5.609763233483E-18,-0.242535625036,0.970142500145)
  );
#6797 = DIRECTION('',(-2.243905293393E-17,0.970142500145,0.242535625036)
  );
#6798 = ADVANCED_FACE('',(#6799),#6810,.T.);
#6799 = FACE_BOUND('',#6800,.T.);
#6800 = EDGE_LOOP('',(#6801,#6802,#6803,#6809));
#6801 = ORIENTED_EDGE('',*,*,#2554,.T.);
#6802 = ORIENTED_EDGE('',*,*,#6656,.T.);
#6803 = ORIENTED_EDGE('',*,*,#6804,.T.);
#6804 = EDGE_CURVE('',#6649,#6601,#6805,.T.);
#6805 = LINE('',#6806,#6807);
#6806 = CARTESIAN_POINT('',(0.382819,0.,0.84));
#6807 = VECTOR('',#6808,1.);
#6808 = DIRECTION('',(-5.551115123126E-16,1.,0.));
#6809 = ORIENTED_EDGE('',*,*,#6600,.T.);
#6810 = PLANE('',#6811);
#6811 = AXIS2_PLACEMENT_3D('',#6812,#6813,#6814);
#6812 = CARTESIAN_POINT('',(0.382819,-0.165995277203,0.623565332488));
#6813 = DIRECTION('',(-1.,-5.551115123126E-16,0.));
#6814 = DIRECTION('',(5.551115123126E-16,-1.,0.));
#6815 = ADVANCED_FACE('',(#6816),#6839,.T.);
#6816 = FACE_BOUND('',#6817,.T.);
#6817 = EDGE_LOOP('',(#6818,#6825,#6831,#6832,#6833));
#6818 = ORIENTED_EDGE('',*,*,#6819,.T.);
#6819 = EDGE_CURVE('',#6716,#6724,#6820,.T.);
#6820 = CIRCLE('',#6821,0.4);
#6821 = AXIS2_PLACEMENT_3D('',#6822,#6823,#6824);
#6822 = CARTESIAN_POINT('',(0.782819,-2.530469,1.45));
#6823 = DIRECTION('',(-6.123031769112E-17,1.,0.));
#6824 = DIRECTION('',(1.,6.123031769112E-17,0.));
#6825 = ORIENTED_EDGE('',*,*,#6826,.F.);
#6826 = EDGE_CURVE('',#1251,#6724,#6827,.T.);
#6827 = LINE('',#6828,#6829);
#6828 = CARTESIAN_POINT('',(0.382819,-2.030469,1.45));
#6829 = VECTOR('',#6830,1.);
#6830 = DIRECTION('',(1.224606353822E-16,-1.,0.));
#6831 = ORIENTED_EDGE('',*,*,#1250,.T.);
#6832 = ORIENTED_EDGE('',*,*,#2023,.T.);
#6833 = ORIENTED_EDGE('',*,*,#6834,.T.);
#6834 = EDGE_CURVE('',#1219,#6716,#6835,.T.);
#6835 = LINE('',#6836,#6837);
#6836 = CARTESIAN_POINT('',(1.182819,-2.030469,1.45));
#6837 = VECTOR('',#6838,1.);
#6838 = DIRECTION('',(1.224606353822E-16,-1.,0.));
#6839 = CYLINDRICAL_SURFACE('',#6840,0.4);
#6840 = AXIS2_PLACEMENT_3D('',#6841,#6842,#6843);
#6841 = CARTESIAN_POINT('',(0.782819,-2.030469,1.45));
#6842 = DIRECTION('',(1.224606353822E-16,-1.,0.));
#6843 = DIRECTION('',(1.,1.224606353822E-16,0.));
#6844 = ADVANCED_FACE('',(#6845),#6870,.T.);
#6845 = FACE_BOUND('',#6846,.T.);
#6846 = EDGE_LOOP('',(#6847,#6857,#6863,#6864));
#6847 = ORIENTED_EDGE('',*,*,#6848,.T.);
#6848 = EDGE_CURVE('',#6849,#6851,#6853,.T.);
#6849 = VERTEX_POINT('',#6850);
#6850 = CARTESIAN_POINT('',(-0.127181,2.169531,2.6));
#6851 = VERTEX_POINT('',#6852);
#6852 = CARTESIAN_POINT('',(7.2819E-02,2.169531,2.6));
#6853 = LINE('',#6854,#6855);
#6854 = CARTESIAN_POINT('',(-2.514773473206E-02,2.169531,2.6));
#6855 = VECTOR('',#6856,1.);
#6856 = DIRECTION('',(1.,0.,5.782411586589E-18));
#6857 = ORIENTED_EDGE('',*,*,#6858,.F.);
#6858 = EDGE_CURVE('',#6763,#6851,#6859,.T.);
#6859 = LINE('',#6860,#6861);
#6860 = CARTESIAN_POINT('',(7.2819E-02,2.169531,2.325));
#6861 = VECTOR('',#6862,1.);
#6862 = DIRECTION('',(0.,0.,1.));
#6863 = ORIENTED_EDGE('',*,*,#6788,.F.);
#6864 = ORIENTED_EDGE('',*,*,#6865,.F.);
#6865 = EDGE_CURVE('',#6849,#6781,#6866,.T.);
#6866 = LINE('',#6867,#6868);
#6867 = CARTESIAN_POINT('',(-0.127181,2.169531,2.325));
#6868 = VECTOR('',#6869,1.);
#6869 = DIRECTION('',(0.,0.,-1.));
#6870 = PLANE('',#6871);
#6871 = AXIS2_PLACEMENT_3D('',#6872,#6873,#6874);
#6872 = CARTESIAN_POINT('',(-0.127181,2.169531,2.325));
#6873 = DIRECTION('',(0.,1.,0.));
#6874 = DIRECTION('',(1.,0.,0.));
#6875 = ADVANCED_FACE('',(#6876),#6896,.T.);
#6876 = FACE_BOUND('',#6877,.T.);
#6877 = EDGE_LOOP('',(#6878,#6879,#6880,#6881,#6887,#6888,#6889,#6890,
    #6891,#6892,#6893,#6894,#6895));
#6878 = ORIENTED_EDGE('',*,*,#3498,.T.);
#6879 = ORIENTED_EDGE('',*,*,#3060,.T.);
#6880 = ORIENTED_EDGE('',*,*,#6616,.T.);
#6881 = ORIENTED_EDGE('',*,*,#6882,.T.);
#6882 = EDGE_CURVE('',#6609,#6641,#6883,.T.);
#6883 = LINE('',#6884,#6885);
#6884 = CARTESIAN_POINT('',(0.682819,0.,0.84));
#6885 = VECTOR('',#6886,1.);
#6886 = DIRECTION('',(-4.440892098501E-15,-1.,0.));
#6887 = ORIENTED_EDGE('',*,*,#6640,.T.);
#6888 = ORIENTED_EDGE('',*,*,#3330,.T.);
#6889 = ORIENTED_EDGE('',*,*,#3281,.T.);
#6890 = ORIENTED_EDGE('',*,*,#3622,.F.);
#6891 = ORIENTED_EDGE('',*,*,#2392,.T.);
#6892 = ORIENTED_EDGE('',*,*,#3514,.T.);
#6893 = ORIENTED_EDGE('',*,*,#3163,.T.);
#6894 = ORIENTED_EDGE('',*,*,#3614,.F.);
#6895 = ORIENTED_EDGE('',*,*,#3801,.T.);
#6896 = PLANE('',#6897);
#6897 = AXIS2_PLACEMENT_3D('',#6898,#6899,#6900);
#6898 = CARTESIAN_POINT('',(0.682819,0.669531,1.05));
#6899 = DIRECTION('',(-1.,4.440892098501E-15,0.));
#6900 = DIRECTION('',(-4.440892098501E-15,-1.,0.));
#6901 = ADVANCED_FACE('',(#6902),#6908,.T.);
#6902 = FACE_BOUND('',#6903,.T.);
#6903 = EDGE_LOOP('',(#6904,#6905,#6906,#6907));
#6904 = ORIENTED_EDGE('',*,*,#6804,.F.);
#6905 = ORIENTED_EDGE('',*,*,#6648,.F.);
#6906 = ORIENTED_EDGE('',*,*,#6882,.F.);
#6907 = ORIENTED_EDGE('',*,*,#6608,.F.);
#6908 = PLANE('',#6909);
#6909 = AXIS2_PLACEMENT_3D('',#6910,#6911,#6912);
#6910 = CARTESIAN_POINT('',(0.382819,0.569531,0.84));
#6911 = DIRECTION('',(0.,0.,1.));
#6912 = DIRECTION('',(5.551115123126E-16,-1.,0.));
#6913 = ADVANCED_FACE('',(#6914),#6939,.F.);
#6914 = FACE_BOUND('',#6915,.T.);
#6915 = EDGE_LOOP('',(#6916,#6924,#6932,#6938));
#6916 = ORIENTED_EDGE('',*,*,#6917,.F.);
#6917 = EDGE_CURVE('',#6918,#6849,#6920,.T.);
#6918 = VERTEX_POINT('',#6919);
#6919 = CARTESIAN_POINT('',(-0.202181,1.869531,2.675));
#6920 = LINE('',#6921,#6922);
#6921 = CARTESIAN_POINT('',(-0.762577107865,-0.372053431462,
    3.235396107865));
#6922 = VECTOR('',#6923,1.);
#6923 = DIRECTION('',(0.235702260396,0.942809041582,-0.235702260396));
#6924 = ORIENTED_EDGE('',*,*,#6925,.F.);
#6925 = EDGE_CURVE('',#6926,#6918,#6928,.T.);
#6926 = VERTEX_POINT('',#6927);
#6927 = CARTESIAN_POINT('',(0.147819,1.869531,2.675));
#6928 = LINE('',#6929,#6930);
#6929 = CARTESIAN_POINT('',(-2.514773473206E-02,1.869531,2.675));
#6930 = VECTOR('',#6931,1.);
#6931 = DIRECTION('',(-1.,-2.312964634636E-17,0.));
#6932 = ORIENTED_EDGE('',*,*,#6933,.F.);
#6933 = EDGE_CURVE('',#6851,#6926,#6934,.T.);
#6934 = LINE('',#6935,#6936);
#6935 = CARTESIAN_POINT('',(0.708215107865,-0.372053431462,
    3.235396107865));
#6936 = VECTOR('',#6937,1.);
#6937 = DIRECTION('',(0.235702260396,-0.942809041582,0.235702260396));
#6938 = ORIENTED_EDGE('',*,*,#6848,.F.);
#6939 = PLANE('',#6940);
#6940 = AXIS2_PLACEMENT_3D('',#6941,#6942,#6943);
#6941 = CARTESIAN_POINT('',(-4.1036834,2.169531,2.6));
#6942 = DIRECTION('',(5.609763233483E-18,-0.242535625036,-0.970142500145
    ));
#6943 = DIRECTION('',(2.243905293393E-17,-0.970142500145,0.242535625036)
  );
#6944 = ADVANCED_FACE('',(#6945),#6970,.T.);
#6945 = FACE_BOUND('',#6946,.T.);
#6946 = EDGE_LOOP('',(#6947,#6948,#6956,#6964));
#6947 = ORIENTED_EDGE('',*,*,#6925,.T.);
#6948 = ORIENTED_EDGE('',*,*,#6949,.F.);
#6949 = EDGE_CURVE('',#6950,#6918,#6952,.T.);
#6950 = VERTEX_POINT('',#6951);
#6951 = CARTESIAN_POINT('',(-0.202181,-0.230469,2.675));
#6952 = LINE('',#6953,#6954);
#6953 = CARTESIAN_POINT('',(-0.202181,-0.372053431462,2.675));
#6954 = VECTOR('',#6955,1.);
#6955 = DIRECTION('',(3.700743415417E-16,1.,0.));
#6956 = ORIENTED_EDGE('',*,*,#6957,.F.);
#6957 = EDGE_CURVE('',#6958,#6950,#6960,.T.);
#6958 = VERTEX_POINT('',#6959);
#6959 = CARTESIAN_POINT('',(0.147819,-0.230469,2.675));
#6960 = LINE('',#6961,#6962);
#6961 = CARTESIAN_POINT('',(0.,-0.230469,2.675));
#6962 = VECTOR('',#6963,1.);
#6963 = DIRECTION('',(-1.,0.,0.));
#6964 = ORIENTED_EDGE('',*,*,#6965,.T.);
#6965 = EDGE_CURVE('',#6958,#6926,#6966,.T.);
#6966 = LINE('',#6967,#6968);
#6967 = CARTESIAN_POINT('',(0.147819,-0.372053431462,2.675));
#6968 = VECTOR('',#6969,1.);
#6969 = DIRECTION('',(-2.312964634636E-17,1.,0.));
#6970 = PLANE('',#6971);
#6971 = AXIS2_PLACEMENT_3D('',#6972,#6973,#6974);
#6972 = CARTESIAN_POINT('',(-2.514773473206E-02,-0.372053431462,2.675));
#6973 = DIRECTION('',(0.,0.,1.));
#6974 = DIRECTION('',(1.,0.,-0.));
#6975 = ADVANCED_FACE('',(#6976),#7001,.F.);
#6976 = FACE_BOUND('',#6977,.T.);
#6977 = EDGE_LOOP('',(#6978,#6979,#6987,#6995));
#6978 = ORIENTED_EDGE('',*,*,#6772,.T.);
#6979 = ORIENTED_EDGE('',*,*,#6980,.F.);
#6980 = EDGE_CURVE('',#6981,#6765,#6983,.T.);
#6981 = VERTEX_POINT('',#6982);
#6982 = CARTESIAN_POINT('',(0.147819,-0.230469,2.325));
#6983 = LINE('',#6984,#6985);
#6984 = CARTESIAN_POINT('',(0.147819,-0.372053431462,2.325));
#6985 = VECTOR('',#6986,1.);
#6986 = DIRECTION('',(-2.312964634636E-17,1.,0.));
#6987 = ORIENTED_EDGE('',*,*,#6988,.T.);
#6988 = EDGE_CURVE('',#6981,#6989,#6991,.T.);
#6989 = VERTEX_POINT('',#6990);
#6990 = CARTESIAN_POINT('',(-0.202181,-0.230469,2.325));
#6991 = LINE('',#6992,#6993);
#6992 = CARTESIAN_POINT('',(0.,-0.230469,2.325));
#6993 = VECTOR('',#6994,1.);
#6994 = DIRECTION('',(-1.,0.,0.));
#6995 = ORIENTED_EDGE('',*,*,#6996,.T.);
#6996 = EDGE_CURVE('',#6989,#6773,#6997,.T.);
#6997 = LINE('',#6998,#6999);
#6998 = CARTESIAN_POINT('',(-0.202181,-0.372053431462,2.325));
#6999 = VECTOR('',#7000,1.);
#7000 = DIRECTION('',(3.700743415417E-16,1.,0.));
#7001 = PLANE('',#7002);
#7002 = AXIS2_PLACEMENT_3D('',#7003,#7004,#7005);
#7003 = CARTESIAN_POINT('',(-2.514773473206E-02,-0.372053431462,2.325));
#7004 = DIRECTION('',(0.,0.,1.));
#7005 = DIRECTION('',(1.,0.,-0.));
#7006 = ADVANCED_FACE('',(#7007),#7023,.T.);
#7007 = FACE_BOUND('',#7008,.T.);
#7008 = EDGE_LOOP('',(#7009,#7015,#7016,#7022));
#7009 = ORIENTED_EDGE('',*,*,#7010,.F.);
#7010 = EDGE_CURVE('',#6950,#6989,#7011,.T.);
#7011 = LINE('',#7012,#7013);
#7012 = CARTESIAN_POINT('',(-0.202181,-0.230469,8.125));
#7013 = VECTOR('',#7014,1.);
#7014 = DIRECTION('',(0.,0.,-1.));
#7015 = ORIENTED_EDGE('',*,*,#6949,.T.);
#7016 = ORIENTED_EDGE('',*,*,#7017,.T.);
#7017 = EDGE_CURVE('',#6918,#6773,#7018,.T.);
#7018 = LINE('',#7019,#7020);
#7019 = CARTESIAN_POINT('',(-0.202181,1.869531,2.325));
#7020 = VECTOR('',#7021,1.);
#7021 = DIRECTION('',(0.,0.,-1.));
#7022 = ORIENTED_EDGE('',*,*,#6996,.F.);
#7023 = PLANE('',#7024);
#7024 = AXIS2_PLACEMENT_3D('',#7025,#7026,#7027);
#7025 = CARTESIAN_POINT('',(-0.202181,-1.680469,2.325));
#7026 = DIRECTION('',(-1.,3.700743415417E-16,0.));
#7027 = DIRECTION('',(3.700743415417E-16,1.,0.));
#7028 = ADVANCED_FACE('',(#7029),#7040,.T.);
#7029 = FACE_BOUND('',#7030,.T.);
#7030 = EDGE_LOOP('',(#7031,#7032,#7033,#7034));
#7031 = ORIENTED_EDGE('',*,*,#6762,.F.);
#7032 = ORIENTED_EDGE('',*,*,#6858,.T.);
#7033 = ORIENTED_EDGE('',*,*,#6933,.T.);
#7034 = ORIENTED_EDGE('',*,*,#7035,.T.);
#7035 = EDGE_CURVE('',#6926,#6765,#7036,.T.);
#7036 = LINE('',#7037,#7038);
#7037 = CARTESIAN_POINT('',(0.147819,1.869531,2.325));
#7038 = VECTOR('',#7039,1.);
#7039 = DIRECTION('',(0.,0.,-1.));
#7040 = PLANE('',#7041);
#7041 = AXIS2_PLACEMENT_3D('',#7042,#7043,#7044);
#7042 = CARTESIAN_POINT('',(7.2819E-02,2.169531,2.325));
#7043 = DIRECTION('',(0.970142500145,0.242535625036,0.));
#7044 = DIRECTION('',(0.242535625036,-0.970142500145,0.));
#7045 = ADVANCED_FACE('',(#7046),#7057,.T.);
#7046 = FACE_BOUND('',#7047,.T.);
#7047 = EDGE_LOOP('',(#7048,#7049,#7050,#7051));
#7048 = ORIENTED_EDGE('',*,*,#6980,.T.);
#7049 = ORIENTED_EDGE('',*,*,#7035,.F.);
#7050 = ORIENTED_EDGE('',*,*,#6965,.F.);
#7051 = ORIENTED_EDGE('',*,*,#7052,.F.);
#7052 = EDGE_CURVE('',#6981,#6958,#7053,.T.);
#7053 = LINE('',#7054,#7055);
#7054 = CARTESIAN_POINT('',(0.147819,-0.230469,8.125));
#7055 = VECTOR('',#7056,1.);
#7056 = DIRECTION('',(0.,0.,1.));
#7057 = PLANE('',#7058);
#7058 = AXIS2_PLACEMENT_3D('',#7059,#7060,#7061);
#7059 = CARTESIAN_POINT('',(0.147819,1.769531,2.325));
#7060 = DIRECTION('',(1.,2.312964634636E-17,0.));
#7061 = DIRECTION('',(2.312964634636E-17,-1.,0.));
#7062 = ADVANCED_FACE('',(#7063),#7105,.F.);
#7063 = FACE_BOUND('',#7064,.T.);
#7064 = EDGE_LOOP('',(#7065,#7066,#7073,#7074,#7082,#7088,#7089,#7095,
    #7096,#7097,#7098,#7104));
#7065 = ORIENTED_EDGE('',*,*,#4518,.T.);
#7066 = ORIENTED_EDGE('',*,*,#7067,.T.);
#7067 = EDGE_CURVE('',#4511,#4225,#7068,.T.);
#7068 = CIRCLE('',#7069,0.4);
#7069 = AXIS2_PLACEMENT_3D('',#7070,#7071,#7072);
#7070 = CARTESIAN_POINT('',(-1.817181,1.469531,5.6));
#7071 = DIRECTION('',(1.836909530734E-16,1.,-8.833631396182E-33));
#7072 = DIRECTION('',(1.,-1.836909530734E-16,-1.224606353822E-16));
#7073 = ORIENTED_EDGE('',*,*,#4224,.T.);
#7074 = ORIENTED_EDGE('',*,*,#7075,.T.);
#7075 = EDGE_CURVE('',#4217,#7076,#7078,.T.);
#7076 = VERTEX_POINT('',#7077);
#7077 = CARTESIAN_POINT('',(-2.017181,1.469531,5.7));
#7078 = LINE('',#7079,#7080);
#7079 = CARTESIAN_POINT('',(9.705992264791E-16,1.469531,5.7));
#7080 = VECTOR('',#7081,1.);
#7081 = DIRECTION('',(1.,-1.836909530734E-16,-6.123031769112E-17));
#7082 = ORIENTED_EDGE('',*,*,#7083,.T.);
#7083 = EDGE_CURVE('',#7076,#6421,#7084,.T.);
#7084 = LINE('',#7085,#7086);
#7085 = CARTESIAN_POINT('',(-2.017181,1.469531,-9.375));
#7086 = VECTOR('',#7087,1.);
#7087 = DIRECTION('',(-6.123031769112E-17,-6.162975822039E-33,-1.));
#7088 = ORIENTED_EDGE('',*,*,#6420,.T.);
#7089 = ORIENTED_EDGE('',*,*,#7090,.T.);
#7090 = EDGE_CURVE('',#6423,#5990,#7091,.T.);
#7091 = LINE('',#7092,#7093);
#7092 = CARTESIAN_POINT('',(9.338610358644E-16,1.469531,5.4));
#7093 = VECTOR('',#7094,1.);
#7094 = DIRECTION('',(1.,-1.836909530734E-16,-6.123031769112E-17));
#7095 = ORIENTED_EDGE('',*,*,#5997,.F.);
#7096 = ORIENTED_EDGE('',*,*,#5974,.T.);
#7097 = ORIENTED_EDGE('',*,*,#5950,.T.);
#7098 = ORIENTED_EDGE('',*,*,#7099,.T.);
#7099 = EDGE_CURVE('',#5943,#2819,#7100,.T.);
#7100 = LINE('',#7101,#7102);
#7101 = CARTESIAN_POINT('',(1.182819,1.469531,-9.375));
#7102 = VECTOR('',#7103,1.);
#7103 = DIRECTION('',(-6.123031769112E-17,-6.162975822039E-33,-1.));
#7104 = ORIENTED_EDGE('',*,*,#2818,.F.);
#7105 = PLANE('',#7106);
#7106 = AXIS2_PLACEMENT_3D('',#7107,#7108,#7109);
#7107 = CARTESIAN_POINT('',(-1.74283400696,1.469531,5.315489654985));
#7108 = DIRECTION('',(-1.836909530734E-16,-1.,1.124745541367E-32));
#7109 = DIRECTION('',(-1.,1.836909530734E-16,6.123031769112E-17));
#7110 = ADVANCED_FACE('',(#7111),#7158,.F.);
#7111 = FACE_BOUND('',#7112,.T.);
#7112 = EDGE_LOOP('',(#7113,#7119,#7120,#7121,#7122,#7123,#7124,#7125,
    #7126,#7127,#7128,#7129,#7130,#7131,#7137,#7138,#7139,#7140,#7146,
    #7147,#7148,#7149,#7150,#7151,#7152,#7153,#7154,#7155,#7156,#7157));
#7113 = ORIENTED_EDGE('',*,*,#7114,.T.);
#7114 = EDGE_CURVE('',#5386,#2371,#7115,.T.);
#7115 = LINE('',#7116,#7117);
#7116 = CARTESIAN_POINT('',(1.182819,-2.030469,3.574));
#7117 = VECTOR('',#7118,1.);
#7118 = DIRECTION('',(0.,0.,-1.));
#7119 = ORIENTED_EDGE('',*,*,#2370,.T.);
#7120 = ORIENTED_EDGE('',*,*,#4801,.F.);
#7121 = ORIENTED_EDGE('',*,*,#2123,.T.);
#7122 = ORIENTED_EDGE('',*,*,#1216,.T.);
#7123 = ORIENTED_EDGE('',*,*,#2038,.T.);
#7124 = ORIENTED_EDGE('',*,*,#3346,.T.);
#7125 = ORIENTED_EDGE('',*,*,#6663,.T.);
#7126 = ORIENTED_EDGE('',*,*,#2538,.T.);
#7127 = ORIENTED_EDGE('',*,*,#6626,.F.);
#7128 = ORIENTED_EDGE('',*,*,#3916,.F.);
#7129 = ORIENTED_EDGE('',*,*,#3417,.T.);
#7130 = ORIENTED_EDGE('',*,*,#2726,.T.);
#7131 = ORIENTED_EDGE('',*,*,#7132,.F.);
#7132 = EDGE_CURVE('',#1388,#2718,#7133,.T.);
#7133 = LINE('',#7134,#7135);
#7134 = CARTESIAN_POINT('',(1.182819,0.669531,1.05));
#7135 = VECTOR('',#7136,1.);
#7136 = DIRECTION('',(0.,0.,-1.));
#7137 = ORIENTED_EDGE('',*,*,#1387,.T.);
#7138 = ORIENTED_EDGE('',*,*,#4365,.F.);
#7139 = ORIENTED_EDGE('',*,*,#4533,.F.);
#7140 = ORIENTED_EDGE('',*,*,#7141,.T.);
#7141 = EDGE_CURVE('',#4526,#2828,#7142,.T.);
#7142 = LINE('',#7143,#7144);
#7143 = CARTESIAN_POINT('',(1.182819,0.669531,5.2));
#7144 = VECTOR('',#7145,1.);
#7145 = DIRECTION('',(0.,0.,1.));
#7146 = ORIENTED_EDGE('',*,*,#2827,.F.);
#7147 = ORIENTED_EDGE('',*,*,#7099,.F.);
#7148 = ORIENTED_EDGE('',*,*,#5942,.T.);
#7149 = ORIENTED_EDGE('',*,*,#5615,.T.);
#7150 = ORIENTED_EDGE('',*,*,#5918,.F.);
#7151 = ORIENTED_EDGE('',*,*,#5538,.F.);
#7152 = ORIENTED_EDGE('',*,*,#5452,.F.);
#7153 = ORIENTED_EDGE('',*,*,#5521,.F.);
#7154 = ORIENTED_EDGE('',*,*,#5347,.F.);
#7155 = ORIENTED_EDGE('',*,*,#5371,.F.);
#7156 = ORIENTED_EDGE('',*,*,#4757,.T.);
#7157 = ORIENTED_EDGE('',*,*,#5393,.F.);
#7158 = PLANE('',#7159);
#7159 = AXIS2_PLACEMENT_3D('',#7160,#7161,#7162);
#7160 = CARTESIAN_POINT('',(1.182819,-0.657229038269,18.989172302496));
#7161 = DIRECTION('',(-1.,0.,0.));
#7162 = DIRECTION('',(0.,1.,0.));
#7163 = ADVANCED_FACE('',(#7164),#7170,.T.);
#7164 = FACE_BOUND('',#7165,.T.);
#7165 = EDGE_LOOP('',(#7166,#7167,#7168,#7169));
#7166 = ORIENTED_EDGE('',*,*,#6917,.T.);
#7167 = ORIENTED_EDGE('',*,*,#6865,.T.);
#7168 = ORIENTED_EDGE('',*,*,#6780,.F.);
#7169 = ORIENTED_EDGE('',*,*,#7017,.F.);
#7170 = PLANE('',#7171);
#7171 = AXIS2_PLACEMENT_3D('',#7172,#7173,#7174);
#7172 = CARTESIAN_POINT('',(-0.202181,1.869531,2.325));
#7173 = DIRECTION('',(-0.970142500145,0.242535625036,0.));
#7174 = DIRECTION('',(0.242535625036,0.970142500145,0.));
#7175 = ADVANCED_FACE('',(#7176),#7181,.T.);
#7176 = FACE_BOUND('',#7177,.T.);
#7177 = EDGE_LOOP('',(#7178,#7179,#7180));
#7178 = ORIENTED_EDGE('',*,*,#2717,.F.);
#7179 = ORIENTED_EDGE('',*,*,#1395,.T.);
#7180 = ORIENTED_EDGE('',*,*,#7132,.T.);
#7181 = PLANE('',#7182);
#7182 = AXIS2_PLACEMENT_3D('',#7183,#7184,#7185);
#7183 = CARTESIAN_POINT('',(0.382819,0.669531,0.84));
#7184 = DIRECTION('',(-5.551115123126E-16,1.,0.));
#7185 = DIRECTION('',(0.,0.,1.));
#7186 = ADVANCED_FACE('',(#7187),#7193,.F.);
#7187 = FACE_BOUND('',#7188,.T.);
#7188 = EDGE_LOOP('',(#7189,#7190,#7191,#7192));
#7189 = ORIENTED_EDGE('',*,*,#5385,.T.);
#7190 = ORIENTED_EDGE('',*,*,#4626,.F.);
#7191 = ORIENTED_EDGE('',*,*,#2378,.F.);
#7192 = ORIENTED_EDGE('',*,*,#7114,.F.);
#7193 = PLANE('',#7194);
#7194 = AXIS2_PLACEMENT_3D('',#7195,#7196,#7197);
#7195 = CARTESIAN_POINT('',(1.182819,-2.030469,2.676));
#7196 = DIRECTION('',(0.,1.,0.));
#7197 = DIRECTION('',(0.,0.,-1.));
#7198 = ADVANCED_FACE('',(#7199,#7205,#7239),#7245,.F.);
#7199 = FACE_BOUND('',#7200,.T.);
#7200 = EDGE_LOOP('',(#7201,#7202,#7203,#7204));
#7201 = ORIENTED_EDGE('',*,*,#3537,.F.);
#7202 = ORIENTED_EDGE('',*,*,#1499,.F.);
#7203 = ORIENTED_EDGE('',*,*,#6678,.F.);
#7204 = ORIENTED_EDGE('',*,*,#4417,.T.);
#7205 = FACE_BOUND('',#7206,.T.);
#7206 = EDGE_LOOP('',(#7207,#7217,#7225,#7233));
#7207 = ORIENTED_EDGE('',*,*,#7208,.T.);
#7208 = EDGE_CURVE('',#7209,#7211,#7213,.T.);
#7209 = VERTEX_POINT('',#7210);
#7210 = CARTESIAN_POINT('',(0.147819,-0.230469,3.575));
#7211 = VERTEX_POINT('',#7212);
#7212 = CARTESIAN_POINT('',(0.147819,-0.230469,3.925));
#7213 = LINE('',#7214,#7215);
#7214 = CARTESIAN_POINT('',(0.147819,-0.230469,-8.125));
#7215 = VECTOR('',#7216,1.);
#7216 = DIRECTION('',(0.,0.,1.));
#7217 = ORIENTED_EDGE('',*,*,#7218,.T.);
#7218 = EDGE_CURVE('',#7211,#7219,#7221,.T.);
#7219 = VERTEX_POINT('',#7220);
#7220 = CARTESIAN_POINT('',(-0.202181,-0.230469,3.925));
#7221 = LINE('',#7222,#7223);
#7222 = CARTESIAN_POINT('',(0.,-0.230469,3.925));
#7223 = VECTOR('',#7224,1.);
#7224 = DIRECTION('',(-1.,0.,0.));
#7225 = ORIENTED_EDGE('',*,*,#7226,.T.);
#7226 = EDGE_CURVE('',#7219,#7227,#7229,.T.);
#7227 = VERTEX_POINT('',#7228);
#7228 = CARTESIAN_POINT('',(-0.202181,-0.230469,3.575));
#7229 = LINE('',#7230,#7231);
#7230 = CARTESIAN_POINT('',(-0.202181,-0.230469,-8.125));
#7231 = VECTOR('',#7232,1.);
#7232 = DIRECTION('',(0.,0.,-1.));
#7233 = ORIENTED_EDGE('',*,*,#7234,.F.);
#7234 = EDGE_CURVE('',#7209,#7227,#7235,.T.);
#7235 = LINE('',#7236,#7237);
#7236 = CARTESIAN_POINT('',(0.,-0.230469,3.575));
#7237 = VECTOR('',#7238,1.);
#7238 = DIRECTION('',(-1.,0.,0.));
#7239 = FACE_BOUND('',#7240,.T.);
#7240 = EDGE_LOOP('',(#7241,#7242,#7243,#7244));
#7241 = ORIENTED_EDGE('',*,*,#7052,.T.);
#7242 = ORIENTED_EDGE('',*,*,#6957,.T.);
#7243 = ORIENTED_EDGE('',*,*,#7010,.T.);
#7244 = ORIENTED_EDGE('',*,*,#6988,.F.);
#7245 = PLANE('',#7246);
#7246 = AXIS2_PLACEMENT_3D('',#7247,#7248,#7249);
#7247 = CARTESIAN_POINT('',(-1.845882854731,-0.230469,3.052395383718));
#7248 = DIRECTION('',(0.,-1.,0.));
#7249 = DIRECTION('',(-1.,0.,0.));
#7250 = ADVANCED_FACE('',(#7251),#7276,.T.);
#7251 = FACE_BOUND('',#7252,.T.);
#7252 = EDGE_LOOP('',(#7253,#7261,#7269,#7275));
#7253 = ORIENTED_EDGE('',*,*,#7254,.T.);
#7254 = EDGE_CURVE('',#7209,#7255,#7257,.T.);
#7255 = VERTEX_POINT('',#7256);
#7256 = CARTESIAN_POINT('',(0.147819,1.869531,3.575));
#7257 = LINE('',#7258,#7259);
#7258 = CARTESIAN_POINT('',(0.147819,-0.372053431462,3.575));
#7259 = VECTOR('',#7260,1.);
#7260 = DIRECTION('',(-2.312964634636E-17,1.,0.));
#7261 = ORIENTED_EDGE('',*,*,#7262,.F.);
#7262 = EDGE_CURVE('',#7263,#7255,#7265,.T.);
#7263 = VERTEX_POINT('',#7264);
#7264 = CARTESIAN_POINT('',(0.147819,1.869531,3.925));
#7265 = LINE('',#7266,#7267);
#7266 = CARTESIAN_POINT('',(0.147819,1.869531,3.575));
#7267 = VECTOR('',#7268,1.);
#7268 = DIRECTION('',(0.,0.,-1.));
#7269 = ORIENTED_EDGE('',*,*,#7270,.F.);
#7270 = EDGE_CURVE('',#7211,#7263,#7271,.T.);
#7271 = LINE('',#7272,#7273);
#7272 = CARTESIAN_POINT('',(0.147819,-0.372053431462,3.925));
#7273 = VECTOR('',#7274,1.);
#7274 = DIRECTION('',(-2.312964634636E-17,1.,0.));
#7275 = ORIENTED_EDGE('',*,*,#7208,.F.);
#7276 = PLANE('',#7277);
#7277 = AXIS2_PLACEMENT_3D('',#7278,#7279,#7280);
#7278 = CARTESIAN_POINT('',(0.147819,1.769531,3.575));
#7279 = DIRECTION('',(1.,2.312964634636E-17,0.));
#7280 = DIRECTION('',(2.312964634636E-17,-1.,0.));
#7281 = ADVANCED_FACE('',(#7282),#7314,.F.);
#7282 = FACE_BOUND('',#7283,.T.);
#7283 = EDGE_LOOP('',(#7284,#7292,#7300,#7308));
#7284 = ORIENTED_EDGE('',*,*,#7285,.T.);
#7285 = EDGE_CURVE('',#7286,#7255,#7288,.T.);
#7286 = VERTEX_POINT('',#7287);
#7287 = CARTESIAN_POINT('',(7.2819E-02,2.169531,3.65));
#7288 = LINE('',#7289,#7290);
#7289 = CARTESIAN_POINT('',(0.708215107865,-0.372053431462,
    3.014603892135));
#7290 = VECTOR('',#7291,1.);
#7291 = DIRECTION('',(0.235702260396,-0.942809041582,-0.235702260396));
#7292 = ORIENTED_EDGE('',*,*,#7293,.F.);
#7293 = EDGE_CURVE('',#7294,#7255,#7296,.T.);
#7294 = VERTEX_POINT('',#7295);
#7295 = CARTESIAN_POINT('',(-0.202181,1.869531,3.575));
#7296 = LINE('',#7297,#7298);
#7297 = CARTESIAN_POINT('',(-2.514773473206E-02,1.869531,3.575));
#7298 = VECTOR('',#7299,1.);
#7299 = DIRECTION('',(1.,2.312964634636E-17,0.));
#7300 = ORIENTED_EDGE('',*,*,#7301,.T.);
#7301 = EDGE_CURVE('',#7294,#7302,#7304,.T.);
#7302 = VERTEX_POINT('',#7303);
#7303 = CARTESIAN_POINT('',(-0.127181,2.169531,3.65));
#7304 = LINE('',#7305,#7306);
#7305 = CARTESIAN_POINT('',(-0.762577107865,-0.372053431462,
    3.014603892135));
#7306 = VECTOR('',#7307,1.);
#7307 = DIRECTION('',(0.235702260396,0.942809041582,0.235702260396));
#7308 = ORIENTED_EDGE('',*,*,#7309,.T.);
#7309 = EDGE_CURVE('',#7302,#7286,#7310,.T.);
#7310 = LINE('',#7311,#7312);
#7311 = CARTESIAN_POINT('',(-2.514773473206E-02,2.169531,3.65));
#7312 = VECTOR('',#7313,1.);
#7313 = DIRECTION('',(1.,0.,-5.782411586589E-18));
#7314 = PLANE('',#7315);
#7315 = AXIS2_PLACEMENT_3D('',#7316,#7317,#7318);
#7316 = CARTESIAN_POINT('',(-4.1036834,1.869531,3.575));
#7317 = DIRECTION('',(5.609763233483E-18,-0.242535625036,0.970142500145)
  );
#7318 = DIRECTION('',(-2.243905293393E-17,0.970142500145,0.242535625036)
  );
#7319 = ADVANCED_FACE('',(#7320),#7345,.T.);
#7320 = FACE_BOUND('',#7321,.T.);
#7321 = EDGE_LOOP('',(#7322,#7332,#7338,#7339));
#7322 = ORIENTED_EDGE('',*,*,#7323,.T.);
#7323 = EDGE_CURVE('',#7324,#7326,#7328,.T.);
#7324 = VERTEX_POINT('',#7325);
#7325 = CARTESIAN_POINT('',(-0.127181,2.169531,3.85));
#7326 = VERTEX_POINT('',#7327);
#7327 = CARTESIAN_POINT('',(7.2819E-02,2.169531,3.85));
#7328 = LINE('',#7329,#7330);
#7329 = CARTESIAN_POINT('',(-2.514773473206E-02,2.169531,3.85));
#7330 = VECTOR('',#7331,1.);
#7331 = DIRECTION('',(1.,0.,5.782411586589E-18));
#7332 = ORIENTED_EDGE('',*,*,#7333,.F.);
#7333 = EDGE_CURVE('',#7286,#7326,#7334,.T.);
#7334 = LINE('',#7335,#7336);
#7335 = CARTESIAN_POINT('',(7.2819E-02,2.169531,3.575));
#7336 = VECTOR('',#7337,1.);
#7337 = DIRECTION('',(0.,0.,1.));
#7338 = ORIENTED_EDGE('',*,*,#7309,.F.);
#7339 = ORIENTED_EDGE('',*,*,#7340,.F.);
#7340 = EDGE_CURVE('',#7324,#7302,#7341,.T.);
#7341 = LINE('',#7342,#7343);
#7342 = CARTESIAN_POINT('',(-0.127181,2.169531,3.575));
#7343 = VECTOR('',#7344,1.);
#7344 = DIRECTION('',(0.,0.,-1.));
#7345 = PLANE('',#7346);
#7346 = AXIS2_PLACEMENT_3D('',#7347,#7348,#7349);
#7347 = CARTESIAN_POINT('',(-0.127181,2.169531,3.575));
#7348 = DIRECTION('',(0.,1.,0.));
#7349 = DIRECTION('',(1.,0.,0.));
#7350 = ADVANCED_FACE('',(#7351),#7362,.T.);
#7351 = FACE_BOUND('',#7352,.T.);
#7352 = EDGE_LOOP('',(#7353,#7354,#7355,#7361));
#7353 = ORIENTED_EDGE('',*,*,#7285,.F.);
#7354 = ORIENTED_EDGE('',*,*,#7333,.T.);
#7355 = ORIENTED_EDGE('',*,*,#7356,.T.);
#7356 = EDGE_CURVE('',#7326,#7263,#7357,.T.);
#7357 = LINE('',#7358,#7359);
#7358 = CARTESIAN_POINT('',(0.708215107865,-0.372053431462,
    4.485396107865));
#7359 = VECTOR('',#7360,1.);
#7360 = DIRECTION('',(0.235702260396,-0.942809041582,0.235702260396));
#7361 = ORIENTED_EDGE('',*,*,#7262,.T.);
#7362 = PLANE('',#7363);
#7363 = AXIS2_PLACEMENT_3D('',#7364,#7365,#7366);
#7364 = CARTESIAN_POINT('',(7.2819E-02,2.169531,3.575));
#7365 = DIRECTION('',(0.970142500145,0.242535625036,0.));
#7366 = DIRECTION('',(0.242535625036,-0.970142500145,0.));
#7367 = ADVANCED_FACE('',(#7368),#7386,.F.);
#7368 = FACE_BOUND('',#7369,.T.);
#7369 = EDGE_LOOP('',(#7370,#7378,#7384,#7385));
#7370 = ORIENTED_EDGE('',*,*,#7371,.F.);
#7371 = EDGE_CURVE('',#7372,#7324,#7374,.T.);
#7372 = VERTEX_POINT('',#7373);
#7373 = CARTESIAN_POINT('',(-0.202181,1.869531,3.925));
#7374 = LINE('',#7375,#7376);
#7375 = CARTESIAN_POINT('',(-0.762577107865,-0.372053431462,
    4.485396107865));
#7376 = VECTOR('',#7377,1.);
#7377 = DIRECTION('',(0.235702260396,0.942809041582,-0.235702260396));
#7378 = ORIENTED_EDGE('',*,*,#7379,.F.);
#7379 = EDGE_CURVE('',#7263,#7372,#7380,.T.);
#7380 = LINE('',#7381,#7382);
#7381 = CARTESIAN_POINT('',(-2.514773473206E-02,1.869531,3.925));
#7382 = VECTOR('',#7383,1.);
#7383 = DIRECTION('',(-1.,-2.312964634636E-17,0.));
#7384 = ORIENTED_EDGE('',*,*,#7356,.F.);
#7385 = ORIENTED_EDGE('',*,*,#7323,.F.);
#7386 = PLANE('',#7387);
#7387 = AXIS2_PLACEMENT_3D('',#7388,#7389,#7390);
#7388 = CARTESIAN_POINT('',(-4.1036834,2.169531,3.85));
#7389 = DIRECTION('',(5.609763233483E-18,-0.242535625036,-0.970142500145
    ));
#7390 = DIRECTION('',(2.243905293393E-17,-0.970142500145,0.242535625036)
  );
#7391 = ADVANCED_FACE('',(#7392),#7413,.T.);
#7392 = FACE_BOUND('',#7393,.T.);
#7393 = EDGE_LOOP('',(#7394,#7395,#7401,#7407));
#7394 = ORIENTED_EDGE('',*,*,#7226,.F.);
#7395 = ORIENTED_EDGE('',*,*,#7396,.T.);
#7396 = EDGE_CURVE('',#7219,#7372,#7397,.T.);
#7397 = LINE('',#7398,#7399);
#7398 = CARTESIAN_POINT('',(-0.202181,-0.372053431462,3.925));
#7399 = VECTOR('',#7400,1.);
#7400 = DIRECTION('',(3.700743415417E-16,1.,0.));
#7401 = ORIENTED_EDGE('',*,*,#7402,.T.);
#7402 = EDGE_CURVE('',#7372,#7294,#7403,.T.);
#7403 = LINE('',#7404,#7405);
#7404 = CARTESIAN_POINT('',(-0.202181,1.869531,3.575));
#7405 = VECTOR('',#7406,1.);
#7406 = DIRECTION('',(0.,0.,-1.));
#7407 = ORIENTED_EDGE('',*,*,#7408,.F.);
#7408 = EDGE_CURVE('',#7227,#7294,#7409,.T.);
#7409 = LINE('',#7410,#7411);
#7410 = CARTESIAN_POINT('',(-0.202181,-0.372053431462,3.575));
#7411 = VECTOR('',#7412,1.);
#7412 = DIRECTION('',(3.700743415417E-16,1.,0.));
#7413 = PLANE('',#7414);
#7414 = AXIS2_PLACEMENT_3D('',#7415,#7416,#7417);
#7415 = CARTESIAN_POINT('',(-0.202181,-1.680469,3.575));
#7416 = DIRECTION('',(-1.,3.700743415417E-16,0.));
#7417 = DIRECTION('',(3.700743415417E-16,1.,0.));
#7418 = ADVANCED_FACE('',(#7419),#7425,.T.);
#7419 = FACE_BOUND('',#7420,.T.);
#7420 = EDGE_LOOP('',(#7421,#7422,#7423,#7424));
#7421 = ORIENTED_EDGE('',*,*,#7371,.T.);
#7422 = ORIENTED_EDGE('',*,*,#7340,.T.);
#7423 = ORIENTED_EDGE('',*,*,#7301,.F.);
#7424 = ORIENTED_EDGE('',*,*,#7402,.F.);
#7425 = PLANE('',#7426);
#7426 = AXIS2_PLACEMENT_3D('',#7427,#7428,#7429);
#7427 = CARTESIAN_POINT('',(-0.202181,1.869531,3.575));
#7428 = DIRECTION('',(-0.970142500145,0.242535625036,0.));
#7429 = DIRECTION('',(0.242535625036,0.970142500145,0.));
#7430 = ADVANCED_FACE('',(#7431),#7437,.F.);
#7431 = FACE_BOUND('',#7432,.T.);
#7432 = EDGE_LOOP('',(#7433,#7434,#7435,#7436));
#7433 = ORIENTED_EDGE('',*,*,#7293,.T.);
#7434 = ORIENTED_EDGE('',*,*,#7254,.F.);
#7435 = ORIENTED_EDGE('',*,*,#7234,.T.);
#7436 = ORIENTED_EDGE('',*,*,#7408,.T.);
#7437 = PLANE('',#7438);
#7438 = AXIS2_PLACEMENT_3D('',#7439,#7440,#7441);
#7439 = CARTESIAN_POINT('',(-2.514773473206E-02,-0.372053431462,3.575));
#7440 = DIRECTION('',(0.,0.,1.));
#7441 = DIRECTION('',(1.,0.,-0.));
#7442 = ADVANCED_FACE('',(#7443),#7449,.T.);
#7443 = FACE_BOUND('',#7444,.T.);
#7444 = EDGE_LOOP('',(#7445,#7446,#7447,#7448));
#7445 = ORIENTED_EDGE('',*,*,#7379,.T.);
#7446 = ORIENTED_EDGE('',*,*,#7396,.F.);
#7447 = ORIENTED_EDGE('',*,*,#7218,.F.);
#7448 = ORIENTED_EDGE('',*,*,#7270,.T.);
#7449 = PLANE('',#7450);
#7450 = AXIS2_PLACEMENT_3D('',#7451,#7452,#7453);
#7451 = CARTESIAN_POINT('',(-2.514773473206E-02,-0.372053431462,3.925));
#7452 = DIRECTION('',(0.,0.,1.));
#7453 = DIRECTION('',(1.,0.,-0.));
#7454 = ADVANCED_FACE('',(#7455),#7461,.T.);
#7455 = FACE_BOUND('',#7456,.T.);
#7456 = EDGE_LOOP('',(#7457,#7458,#7459,#7460));
#7457 = ORIENTED_EDGE('',*,*,#2576,.F.);
#7458 = ORIENTED_EDGE('',*,*,#4264,.F.);
#7459 = ORIENTED_EDGE('',*,*,#4554,.T.);
#7460 = ORIENTED_EDGE('',*,*,#6688,.T.);
#7461 = PLANE('',#7462);
#7462 = AXIS2_PLACEMENT_3D('',#7463,#7464,#7465);
#7463 = CARTESIAN_POINT('',(-2.217181,1.169531,4.225));
#7464 = DIRECTION('',(0.,0.,-1.));
#7465 = DIRECTION('',(1.224606353822E-16,1.,0.));
#7466 = ADVANCED_FACE('',(#7467),#7478,.F.);
#7467 = FACE_BOUND('',#7468,.T.);
#7468 = EDGE_LOOP('',(#7469,#7476,#7477));
#7469 = ORIENTED_EDGE('',*,*,#7470,.F.);
#7470 = EDGE_CURVE('',#4503,#4233,#7471,.T.);
#7471 = CIRCLE('',#7472,0.4);
#7472 = AXIS2_PLACEMENT_3D('',#7473,#7474,#7475);
#7473 = CARTESIAN_POINT('',(-1.817181,0.669531,5.6));
#7474 = DIRECTION('',(1.836909530734E-16,1.,-8.833631396182E-33));
#7475 = DIRECTION('',(1.,-1.836909530734E-16,-1.224606353822E-16));
#7476 = ORIENTED_EDGE('',*,*,#4502,.F.);
#7477 = ORIENTED_EDGE('',*,*,#4240,.T.);
#7478 = PLANE('',#7479);
#7479 = AXIS2_PLACEMENT_3D('',#7480,#7481,#7482);
#7480 = CARTESIAN_POINT('',(-1.417181,0.669531,5.95));
#7481 = DIRECTION('',(-1.224606353822E-16,-1.,0.));
#7482 = DIRECTION('',(0.,0.,1.));
#7483 = ADVANCED_FACE('',(#7484),#7490,.T.);
#7484 = FACE_BOUND('',#7485,.T.);
#7485 = EDGE_LOOP('',(#7486,#7487,#7488,#7489));
#7486 = ORIENTED_EDGE('',*,*,#4510,.F.);
#7487 = ORIENTED_EDGE('',*,*,#7470,.T.);
#7488 = ORIENTED_EDGE('',*,*,#4232,.T.);
#7489 = ORIENTED_EDGE('',*,*,#7067,.F.);
#7490 = CYLINDRICAL_SURFACE('',#7491,0.4);
#7491 = AXIS2_PLACEMENT_3D('',#7492,#7493,#7494);
#7492 = CARTESIAN_POINT('',(-1.817181,2.225331398645E-16,5.6));
#7493 = DIRECTION('',(1.836909530734E-16,1.,-8.833631396182E-33));
#7494 = DIRECTION('',(1.,-1.836909530734E-16,-1.224606353822E-16));
#7495 = ADVANCED_FACE('',(#7496),#7514,.F.);
#7496 = FACE_BOUND('',#7497,.T.);
#7497 = EDGE_LOOP('',(#7498,#7499,#7507,#7513));
#7498 = ORIENTED_EDGE('',*,*,#4216,.T.);
#7499 = ORIENTED_EDGE('',*,*,#7500,.T.);
#7500 = EDGE_CURVE('',#4209,#7501,#7503,.T.);
#7501 = VERTEX_POINT('',#7502);
#7502 = CARTESIAN_POINT('',(-2.017181,0.669531,5.7));
#7503 = LINE('',#7504,#7505);
#7504 = CARTESIAN_POINT('',(0.,0.669531,5.7));
#7505 = VECTOR('',#7506,1.);
#7506 = DIRECTION('',(1.,-1.224606353822E-16,-6.123031769112E-17));
#7507 = ORIENTED_EDGE('',*,*,#7508,.F.);
#7508 = EDGE_CURVE('',#7076,#7501,#7509,.T.);
#7509 = LINE('',#7510,#7511);
#7510 = CARTESIAN_POINT('',(-2.017181,1.469531,5.7));
#7511 = VECTOR('',#7512,1.);
#7512 = DIRECTION('',(-1.836909530734E-16,-1.,1.499660721822E-32));
#7513 = ORIENTED_EDGE('',*,*,#7075,.F.);
#7514 = PLANE('',#7515);
#7515 = AXIS2_PLACEMENT_3D('',#7516,#7517,#7518);
#7516 = CARTESIAN_POINT('',(-2.017181,1.469531,5.7));
#7517 = DIRECTION('',(-6.123031769112E-17,-3.749151804555E-33,-1.));
#7518 = DIRECTION('',(1.,-1.836909530734E-16,-6.123031769112E-17));
#7519 = ADVANCED_FACE('',(#7520),#7531,.F.);
#7520 = FACE_BOUND('',#7521,.T.);
#7521 = EDGE_LOOP('',(#7522,#7523,#7524,#7525));
#7522 = ORIENTED_EDGE('',*,*,#6448,.F.);
#7523 = ORIENTED_EDGE('',*,*,#7083,.F.);
#7524 = ORIENTED_EDGE('',*,*,#7508,.T.);
#7525 = ORIENTED_EDGE('',*,*,#7526,.T.);
#7526 = EDGE_CURVE('',#7501,#6440,#7527,.T.);
#7527 = LINE('',#7528,#7529);
#7528 = CARTESIAN_POINT('',(-2.017181,0.669531,-8.125));
#7529 = VECTOR('',#7530,1.);
#7530 = DIRECTION('',(-6.123031769112E-17,1.232595164408E-32,-1.));
#7531 = PLANE('',#7532);
#7532 = AXIS2_PLACEMENT_3D('',#7533,#7534,#7535);
#7533 = CARTESIAN_POINT('',(-2.017181,1.469531,5.2));
#7534 = DIRECTION('',(-1.,1.836909530734E-16,6.123031769112E-17));
#7535 = DIRECTION('',(-6.123031769112E-17,0.,-1.));
#7536 = ADVANCED_FACE('',(#7537),#7558,.F.);
#7537 = FACE_BOUND('',#7538,.T.);
#7538 = EDGE_LOOP('',(#7539,#7545,#7546,#7547,#7553,#7554,#7555,#7556,
    #7557));
#7539 = ORIENTED_EDGE('',*,*,#7540,.T.);
#7540 = EDGE_CURVE('',#6465,#6487,#7541,.T.);
#7541 = LINE('',#7542,#7543);
#7542 = CARTESIAN_POINT('',(-1.417181,0.669531,-1.875));
#7543 = VECTOR('',#7544,1.);
#7544 = DIRECTION('',(0.,0.,-1.));
#7545 = ORIENTED_EDGE('',*,*,#6486,.T.);
#7546 = ORIENTED_EDGE('',*,*,#4011,.F.);
#7547 = ORIENTED_EDGE('',*,*,#7548,.F.);
#7548 = EDGE_CURVE('',#6432,#4012,#7549,.T.);
#7549 = LINE('',#7550,#7551);
#7550 = CARTESIAN_POINT('',(0.,0.669531,5.4));
#7551 = VECTOR('',#7552,1.);
#7552 = DIRECTION('',(1.,-1.224606353822E-16,-6.123031769112E-17));
#7553 = ORIENTED_EDGE('',*,*,#6439,.F.);
#7554 = ORIENTED_EDGE('',*,*,#7526,.F.);
#7555 = ORIENTED_EDGE('',*,*,#7500,.F.);
#7556 = ORIENTED_EDGE('',*,*,#4208,.T.);
#7557 = ORIENTED_EDGE('',*,*,#6472,.T.);
#7558 = PLANE('',#7559);
#7559 = AXIS2_PLACEMENT_3D('',#7560,#7561,#7562);
#7560 = CARTESIAN_POINT('',(-1.417181,0.669531,5.95));
#7561 = DIRECTION('',(-1.224606353822E-16,-1.,0.));
#7562 = DIRECTION('',(0.,0.,1.));
#7563 = ADVANCED_FACE('',(#7564),#7570,.F.);
#7564 = FACE_BOUND('',#7565,.T.);
#7565 = EDGE_LOOP('',(#7566,#7567,#7568,#7569));
#7566 = ORIENTED_EDGE('',*,*,#6464,.F.);
#7567 = ORIENTED_EDGE('',*,*,#4116,.F.);
#7568 = ORIENTED_EDGE('',*,*,#6494,.F.);
#7569 = ORIENTED_EDGE('',*,*,#7540,.F.);
#7570 = PLANE('',#7571);
#7571 = AXIS2_PLACEMENT_3D('',#7572,#7573,#7574);
#7572 = CARTESIAN_POINT('',(-1.417181,0.669531,5.95));
#7573 = DIRECTION('',(-1.,1.224606353822E-16,0.));
#7574 = DIRECTION('',(1.224606353822E-16,1.,0.));
#7575 = ADVANCED_FACE('',(#7576),#7616,.F.);
#7576 = FACE_BOUND('',#7577,.T.);
#7577 = EDGE_LOOP('',(#7578,#7584,#7585,#7591,#7592,#7593,#7594,#7595,
    #7596,#7597,#7598,#7599,#7600,#7601,#7602,#7603,#7604,#7605,#7606,
    #7607,#7608,#7609,#7610,#7611,#7612,#7613,#7614,#7615));
#7578 = ORIENTED_EDGE('',*,*,#7579,.F.);
#7579 = EDGE_CURVE('',#6086,#4651,#7580,.T.);
#7580 = LINE('',#7581,#7582);
#7581 = CARTESIAN_POINT('',(-1.417181,2.603233285675E-16,5.4));
#7582 = VECTOR('',#7583,1.);
#7583 = DIRECTION('',(1.836909530734E-16,1.,-1.499660721822E-32));
#7584 = ORIENTED_EDGE('',*,*,#6085,.T.);
#7585 = ORIENTED_EDGE('',*,*,#7586,.F.);
#7586 = EDGE_CURVE('',#6039,#6088,#7587,.T.);
#7587 = LINE('',#7588,#7589);
#7588 = CARTESIAN_POINT('',(0.382819,-7.032038696459E-17,5.4));
#7589 = VECTOR('',#7590,1.);
#7590 = DIRECTION('',(-1.836909530734E-16,-1.,1.499660721822E-32));
#7591 = ORIENTED_EDGE('',*,*,#6038,.F.);
#7592 = ORIENTED_EDGE('',*,*,#6015,.F.);
#7593 = ORIENTED_EDGE('',*,*,#5498,.F.);
#7594 = ORIENTED_EDGE('',*,*,#5763,.T.);
#7595 = ORIENTED_EDGE('',*,*,#5795,.F.);
#7596 = ORIENTED_EDGE('',*,*,#5811,.F.);
#7597 = ORIENTED_EDGE('',*,*,#5731,.T.);
#7598 = ORIENTED_EDGE('',*,*,#5848,.F.);
#7599 = ORIENTED_EDGE('',*,*,#5879,.F.);
#7600 = ORIENTED_EDGE('',*,*,#5895,.T.);
#7601 = ORIENTED_EDGE('',*,*,#5650,.T.);
#7602 = ORIENTED_EDGE('',*,*,#5989,.T.);
#7603 = ORIENTED_EDGE('',*,*,#7090,.F.);
#7604 = ORIENTED_EDGE('',*,*,#6431,.T.);
#7605 = ORIENTED_EDGE('',*,*,#7548,.T.);
#7606 = ORIENTED_EDGE('',*,*,#6527,.T.);
#7607 = ORIENTED_EDGE('',*,*,#6560,.F.);
#7608 = ORIENTED_EDGE('',*,*,#1284,.F.);
#7609 = ORIENTED_EDGE('',*,*,#4062,.T.);
#7610 = ORIENTED_EDGE('',*,*,#1607,.F.);
#7611 = ORIENTED_EDGE('',*,*,#2307,.F.);
#7612 = ORIENTED_EDGE('',*,*,#4053,.T.);
#7613 = ORIENTED_EDGE('',*,*,#6253,.F.);
#7614 = ORIENTED_EDGE('',*,*,#4690,.T.);
#7615 = ORIENTED_EDGE('',*,*,#4658,.F.);
#7616 = PLANE('',#7617);
#7617 = AXIS2_PLACEMENT_3D('',#7618,#7619,#7620);
#7618 = CARTESIAN_POINT('',(-2.217181,1.469531,5.4));
#7619 = DIRECTION('',(-6.123031769112E-17,-3.749151804555E-33,-1.));
#7620 = DIRECTION('',(1.836909530734E-16,1.,-1.499660721822E-32));
#7621 = ADVANCED_FACE('',(#7622),#7648,.T.);
#7622 = FACE_BOUND('',#7623,.T.);
#7623 = EDGE_LOOP('',(#7624,#7635,#7641,#7642));
#7624 = ORIENTED_EDGE('',*,*,#7625,.T.);
#7625 = EDGE_CURVE('',#7626,#7628,#7630,.T.);
#7626 = VERTEX_POINT('',#7627);
#7627 = CARTESIAN_POINT('',(-1.417181,-1.630469,6.7));
#7628 = VERTEX_POINT('',#7629);
#7629 = CARTESIAN_POINT('',(-1.417181,-2.030469,6.3));
#7630 = CIRCLE('',#7631,0.4);
#7631 = AXIS2_PLACEMENT_3D('',#7632,#7633,#7634);
#7632 = CARTESIAN_POINT('',(-1.417181,-1.630469,6.3));
#7633 = DIRECTION('',(1.,-1.836909530734E-16,-6.123031769112E-17));
#7634 = DIRECTION('',(-1.836909530734E-16,-1.,1.499660721822E-32));
#7635 = ORIENTED_EDGE('',*,*,#7636,.F.);
#7636 = EDGE_CURVE('',#6360,#7628,#7637,.T.);
#7637 = LINE('',#7638,#7639);
#7638 = CARTESIAN_POINT('',(-2.217181,-2.030469,6.3));
#7639 = VECTOR('',#7640,1.);
#7640 = DIRECTION('',(-1.,1.836909530734E-16,6.123031769112E-17));
#7641 = ORIENTED_EDGE('',*,*,#6359,.F.);
#7642 = ORIENTED_EDGE('',*,*,#7643,.F.);
#7643 = EDGE_CURVE('',#7626,#6352,#7644,.T.);
#7644 = LINE('',#7645,#7646);
#7645 = CARTESIAN_POINT('',(-2.217181,-1.630469,6.7));
#7646 = VECTOR('',#7647,1.);
#7647 = DIRECTION('',(1.,-1.836909530734E-16,-6.123031769112E-17));
#7648 = CYLINDRICAL_SURFACE('',#7649,0.4);
#7649 = AXIS2_PLACEMENT_3D('',#7650,#7651,#7652);
#7650 = CARTESIAN_POINT('',(-2.217181,-1.630469,6.3));
#7651 = DIRECTION('',(-1.,1.836909530734E-16,6.123031769112E-17));
#7652 = DIRECTION('',(-1.836909530734E-16,-1.,1.499660721822E-32));
#7653 = ADVANCED_FACE('',(#7654),#7679,.F.);
#7654 = FACE_BOUND('',#7655,.T.);
#7655 = EDGE_LOOP('',(#7656,#7662,#7663,#7669,#7670,#7671,#7677,#7678));
#7656 = ORIENTED_EDGE('',*,*,#7657,.F.);
#7657 = EDGE_CURVE('',#6218,#7628,#7658,.T.);
#7658 = LINE('',#7659,#7660);
#7659 = CARTESIAN_POINT('',(-1.417181,-2.030469,11.636624106157));
#7660 = VECTOR('',#7661,1.);
#7661 = DIRECTION('',(6.123031769112E-17,0.,1.));
#7662 = ORIENTED_EDGE('',*,*,#6237,.F.);
#7663 = ORIENTED_EDGE('',*,*,#7664,.F.);
#7664 = EDGE_CURVE('',#6187,#6229,#7665,.T.);
#7665 = LINE('',#7666,#7667);
#7666 = CARTESIAN_POINT('',(0.382819,-2.030469,11.636624106157));
#7667 = VECTOR('',#7668,1.);
#7668 = DIRECTION('',(-6.123031769112E-17,0.,-1.));
#7669 = ORIENTED_EDGE('',*,*,#6186,.T.);
#7670 = ORIENTED_EDGE('',*,*,#6127,.F.);
#7671 = ORIENTED_EDGE('',*,*,#7672,.F.);
#7672 = EDGE_CURVE('',#6369,#6128,#7673,.T.);
#7673 = LINE('',#7674,#7675);
#7674 = CARTESIAN_POINT('',(5.436080037396E-16,-2.030469,5.9));
#7675 = VECTOR('',#7676,1.);
#7676 = DIRECTION('',(1.,-1.836909530734E-16,-6.123031769112E-17));
#7677 = ORIENTED_EDGE('',*,*,#6368,.F.);
#7678 = ORIENTED_EDGE('',*,*,#7636,.T.);
#7679 = PLANE('',#7680);
#7680 = AXIS2_PLACEMENT_3D('',#7681,#7682,#7683);
#7681 = CARTESIAN_POINT('',(-2.217181,-2.030469,6.3));
#7682 = DIRECTION('',(1.836909530734E-16,1.,-1.124745541367E-32));
#7683 = DIRECTION('',(6.123031769112E-17,-4.515903254172E-47,1.));
#7684 = ADVANCED_FACE('',(#7685),#7696,.T.);
#7685 = FACE_BOUND('',#7686,.T.);
#7686 = EDGE_LOOP('',(#7687,#7688,#7689,#7695));
#7687 = ORIENTED_EDGE('',*,*,#7672,.T.);
#7688 = ORIENTED_EDGE('',*,*,#6171,.T.);
#7689 = ORIENTED_EDGE('',*,*,#7690,.T.);
#7690 = EDGE_CURVE('',#6164,#6377,#7691,.T.);
#7691 = LINE('',#7692,#7693);
#7692 = CARTESIAN_POINT('',(5.803461943543E-16,-1.830469,5.9));
#7693 = VECTOR('',#7694,1.);
#7694 = DIRECTION('',(-1.,1.836909530734E-16,6.123031769112E-17));
#7695 = ORIENTED_EDGE('',*,*,#6376,.F.);
#7696 = PLANE('',#7697);
#7697 = AXIS2_PLACEMENT_3D('',#7698,#7699,#7700);
#7698 = CARTESIAN_POINT('',(-0.267181,-2.030469,5.9));
#7699 = DIRECTION('',(6.123031769112E-17,3.749151804555E-33,1.));
#7700 = DIRECTION('',(1.,-1.836909530734E-16,-6.123031769112E-17));
#7701 = ADVANCED_FACE('',(#7702),#7728,.F.);
#7702 = FACE_BOUND('',#7703,.F.);
#7703 = EDGE_LOOP('',(#7704,#7712,#7721,#7727));
#7704 = ORIENTED_EDGE('',*,*,#7705,.F.);
#7705 = EDGE_CURVE('',#7706,#6155,#7708,.T.);
#7706 = VERTEX_POINT('',#7707);
#7707 = CARTESIAN_POINT('',(0.382819,-1.830469,6.3));
#7708 = LINE('',#7709,#7710);
#7709 = CARTESIAN_POINT('',(-2.217181,-1.830469,6.3));
#7710 = VECTOR('',#7711,1.);
#7711 = DIRECTION('',(-1.,1.836909530734E-16,6.123031769112E-17));
#7712 = ORIENTED_EDGE('',*,*,#7713,.F.);
#7713 = EDGE_CURVE('',#7714,#7706,#7716,.T.);
#7714 = VERTEX_POINT('',#7715);
#7715 = CARTESIAN_POINT('',(0.382819,-1.630469,6.5));
#7716 = CIRCLE('',#7717,0.2);
#7717 = AXIS2_PLACEMENT_3D('',#7718,#7719,#7720);
#7718 = CARTESIAN_POINT('',(0.382819,-1.630469,6.3));
#7719 = DIRECTION('',(1.,-1.836909530734E-16,-6.123031769112E-17));
#7720 = DIRECTION('',(-1.836909530734E-16,-1.,1.499660721822E-32));
#7721 = ORIENTED_EDGE('',*,*,#7722,.F.);
#7722 = EDGE_CURVE('',#6147,#7714,#7723,.T.);
#7723 = LINE('',#7724,#7725);
#7724 = CARTESIAN_POINT('',(-2.217181,-1.630469,6.5));
#7725 = VECTOR('',#7726,1.);
#7726 = DIRECTION('',(1.,-1.836909530734E-16,-6.123031769112E-17));
#7727 = ORIENTED_EDGE('',*,*,#6154,.T.);
#7728 = CYLINDRICAL_SURFACE('',#7729,0.2);
#7729 = AXIS2_PLACEMENT_3D('',#7730,#7731,#7732);
#7730 = CARTESIAN_POINT('',(-2.217181,-1.630469,6.3));
#7731 = DIRECTION('',(-1.,1.836909530734E-16,6.123031769112E-17));
#7732 = DIRECTION('',(-1.836909530734E-16,-1.,1.499660721822E-32));
#7733 = ADVANCED_FACE('',(#7734),#7763,.T.);
#7734 = FACE_BOUND('',#7735,.T.);
#7735 = EDGE_LOOP('',(#7736,#7742,#7743,#7749,#7750,#7751,#7752,#7753,
    #7754,#7755,#7756,#7762));
#7736 = ORIENTED_EDGE('',*,*,#7737,.T.);
#7737 = EDGE_CURVE('',#7714,#6269,#7738,.T.);
#7738 = LINE('',#7739,#7740);
#7739 = CARTESIAN_POINT('',(0.382819,-7.032038696459E-17,6.5));
#7740 = VECTOR('',#7741,1.);
#7741 = DIRECTION('',(1.836909530734E-16,1.,-1.499660721822E-32));
#7742 = ORIENTED_EDGE('',*,*,#6268,.T.);
#7743 = ORIENTED_EDGE('',*,*,#7744,.T.);
#7744 = EDGE_CURVE('',#6271,#6195,#7745,.T.);
#7745 = LINE('',#7746,#7747);
#7746 = CARTESIAN_POINT('',(0.382819,-7.032038696459E-17,6.7));
#7747 = VECTOR('',#7748,1.);
#7748 = DIRECTION('',(-1.836909530734E-16,-1.,1.499660721822E-32));
#7749 = ORIENTED_EDGE('',*,*,#6194,.T.);
#7750 = ORIENTED_EDGE('',*,*,#7664,.T.);
#7751 = ORIENTED_EDGE('',*,*,#6228,.T.);
#7752 = ORIENTED_EDGE('',*,*,#5428,.F.);
#7753 = ORIENTED_EDGE('',*,*,#6046,.F.);
#7754 = ORIENTED_EDGE('',*,*,#7586,.T.);
#7755 = ORIENTED_EDGE('',*,*,#6095,.F.);
#7756 = ORIENTED_EDGE('',*,*,#7757,.T.);
#7757 = EDGE_CURVE('',#6096,#7706,#7758,.T.);
#7758 = LINE('',#7759,#7760);
#7759 = CARTESIAN_POINT('',(0.382819,-1.830469,11.636624106157));
#7760 = VECTOR('',#7761,1.);
#7761 = DIRECTION('',(6.123031769112E-17,0.,1.));
#7762 = ORIENTED_EDGE('',*,*,#7713,.F.);
#7763 = PLANE('',#7764);
#7764 = AXIS2_PLACEMENT_3D('',#7765,#7766,#7767);
#7765 = CARTESIAN_POINT('',(0.382819,-1.330469,6.8500024));
#7766 = DIRECTION('',(1.,-1.836909530734E-16,-6.123031769112E-17));
#7767 = DIRECTION('',(1.836909530734E-16,1.,-1.499660721822E-32));
#7768 = ADVANCED_FACE('',(#7769),#7782,.F.);
#7769 = FACE_BOUND('',#7770,.T.);
#7770 = EDGE_LOOP('',(#7771,#7772,#7773,#7774,#7775,#7781));
#7771 = ORIENTED_EDGE('',*,*,#7737,.F.);
#7772 = ORIENTED_EDGE('',*,*,#7722,.F.);
#7773 = ORIENTED_EDGE('',*,*,#6405,.T.);
#7774 = ORIENTED_EDGE('',*,*,#6327,.F.);
#7775 = ORIENTED_EDGE('',*,*,#7776,.F.);
#7776 = EDGE_CURVE('',#6279,#6328,#7777,.T.);
#7777 = LINE('',#7778,#7779);
#7778 = CARTESIAN_POINT('',(-1.417181,2.603233285675E-16,6.5));
#7779 = VECTOR('',#7780,1.);
#7780 = DIRECTION('',(-1.836909530734E-16,-1.,1.499660721822E-32));
#7781 = ORIENTED_EDGE('',*,*,#6278,.T.);
#7782 = PLANE('',#7783);
#7783 = AXIS2_PLACEMENT_3D('',#7784,#7785,#7786);
#7784 = CARTESIAN_POINT('',(-2.217181,-1.630469,6.5));
#7785 = DIRECTION('',(6.123031769112E-17,3.749151804555E-33,1.));
#7786 = DIRECTION('',(-1.836909530734E-16,-1.,1.499660721822E-32));
#7787 = ADVANCED_FACE('',(#7788),#7803,.F.);
#7788 = FACE_BOUND('',#7789,.T.);
#7789 = EDGE_LOOP('',(#7790,#7796,#7797,#7798,#7799,#7800,#7801,#7802));
#7790 = ORIENTED_EDGE('',*,*,#7791,.F.);
#7791 = EDGE_CURVE('',#6311,#6105,#7792,.T.);
#7792 = LINE('',#7793,#7794);
#7793 = CARTESIAN_POINT('',(-1.417181,-1.830469,11.636624106157));
#7794 = VECTOR('',#7795,1.);
#7795 = DIRECTION('',(-6.123031769112E-17,0.,-1.));
#7796 = ORIENTED_EDGE('',*,*,#6308,.F.);
#7797 = ORIENTED_EDGE('',*,*,#6384,.F.);
#7798 = ORIENTED_EDGE('',*,*,#7690,.F.);
#7799 = ORIENTED_EDGE('',*,*,#6163,.F.);
#7800 = ORIENTED_EDGE('',*,*,#7705,.F.);
#7801 = ORIENTED_EDGE('',*,*,#7757,.F.);
#7802 = ORIENTED_EDGE('',*,*,#6104,.T.);
#7803 = PLANE('',#7804);
#7804 = AXIS2_PLACEMENT_3D('',#7805,#7806,#7807);
#7805 = CARTESIAN_POINT('',(-2.217181,-1.830469,5.6));
#7806 = DIRECTION('',(-1.836909530734E-16,-1.,1.124745541367E-32));
#7807 = DIRECTION('',(-6.123031769112E-17,4.515903254172E-47,-1.));
#7808 = ADVANCED_FACE('',(#7809),#7829,.T.);
#7809 = FACE_BOUND('',#7810,.T.);
#7810 = EDGE_LOOP('',(#7811,#7812,#7818,#7819,#7820,#7821,#7822,#7823,
    #7824,#7825,#7826,#7827,#7828));
#7811 = ORIENTED_EDGE('',*,*,#7625,.F.);
#7812 = ORIENTED_EDGE('',*,*,#7813,.T.);
#7813 = EDGE_CURVE('',#7626,#6287,#7814,.T.);
#7814 = LINE('',#7815,#7816);
#7815 = CARTESIAN_POINT('',(-1.417181,2.603233285675E-16,6.7));
#7816 = VECTOR('',#7817,1.);
#7817 = DIRECTION('',(1.836909530734E-16,1.,-1.499660721822E-32));
#7818 = ORIENTED_EDGE('',*,*,#6286,.T.);
#7819 = ORIENTED_EDGE('',*,*,#7776,.T.);
#7820 = ORIENTED_EDGE('',*,*,#6335,.T.);
#7821 = ORIENTED_EDGE('',*,*,#7791,.T.);
#7822 = ORIENTED_EDGE('',*,*,#6112,.T.);
#7823 = ORIENTED_EDGE('',*,*,#7579,.T.);
#7824 = ORIENTED_EDGE('',*,*,#4650,.T.);
#7825 = ORIENTED_EDGE('',*,*,#4733,.F.);
#7826 = ORIENTED_EDGE('',*,*,#5180,.T.);
#7827 = ORIENTED_EDGE('',*,*,#6217,.F.);
#7828 = ORIENTED_EDGE('',*,*,#7657,.T.);
#7829 = PLANE('',#7830);
#7830 = AXIS2_PLACEMENT_3D('',#7831,#7832,#7833);
#7831 = CARTESIAN_POINT('',(-1.417181,-1.330469,6.8500024));
#7832 = DIRECTION('',(-1.,1.836909530734E-16,6.123031769112E-17));
#7833 = DIRECTION('',(-1.836909530734E-16,-1.,1.499660721822E-32));
#7834 = ADVANCED_FACE('',(#7835),#7843,.F.);
#7835 = FACE_BOUND('',#7836,.T.);
#7836 = EDGE_LOOP('',(#7837,#7838,#7839,#7840,#7841,#7842));
#7837 = ORIENTED_EDGE('',*,*,#7813,.F.);
#7838 = ORIENTED_EDGE('',*,*,#7643,.T.);
#7839 = ORIENTED_EDGE('',*,*,#6398,.F.);
#7840 = ORIENTED_EDGE('',*,*,#6203,.T.);
#7841 = ORIENTED_EDGE('',*,*,#7744,.F.);
#7842 = ORIENTED_EDGE('',*,*,#6294,.F.);
#7843 = PLANE('',#7844);
#7844 = AXIS2_PLACEMENT_3D('',#7845,#7846,#7847);
#7845 = CARTESIAN_POINT('',(-2.217181,-0.930469,6.7));
#7846 = DIRECTION('',(-6.123031769112E-17,-3.749151804555E-33,-1.));
#7847 = DIRECTION('',(1.836909530734E-16,1.,-1.499660721822E-32));
#7848 = ADVANCED_FACE('',(#7849),#7854,.F.);
#7849 = FACE_BOUND('',#7850,.T.);
#7850 = EDGE_LOOP('',(#7851,#7852,#7853));
#7851 = ORIENTED_EDGE('',*,*,#2835,.T.);
#7852 = ORIENTED_EDGE('',*,*,#7141,.F.);
#7853 = ORIENTED_EDGE('',*,*,#4525,.F.);
#7854 = PLANE('',#7855);
#7855 = AXIS2_PLACEMENT_3D('',#7856,#7857,#7858);
#7856 = CARTESIAN_POINT('',(0.382819,0.669531,5.41));
#7857 = DIRECTION('',(4.326508769303E-16,-1.,0.));
#7858 = DIRECTION('',(0.,0.,-1.));
#7859 = ADVANCED_FACE('',(#7860),#7866,.T.);
#7860 = FACE_BOUND('',#7861,.T.);
#7861 = EDGE_LOOP('',(#7862,#7863,#7864,#7865));
#7862 = ORIENTED_EDGE('',*,*,#6834,.F.);
#7863 = ORIENTED_EDGE('',*,*,#1259,.T.);
#7864 = ORIENTED_EDGE('',*,*,#6826,.T.);
#7865 = ORIENTED_EDGE('',*,*,#6723,.T.);
#7866 = CYLINDRICAL_SURFACE('',#7867,0.4);
#7867 = AXIS2_PLACEMENT_3D('',#7868,#7869,#7870);
#7868 = CARTESIAN_POINT('',(0.782819,-2.030469,1.45));
#7869 = DIRECTION('',(1.224606353822E-16,-1.,0.));
#7870 = DIRECTION('',(1.,1.224606353822E-16,0.));
#7871 = ADVANCED_FACE('',(#7872),#7878,.T.);
#7872 = FACE_BOUND('',#7873,.T.);
#7873 = EDGE_LOOP('',(#7874,#7875,#7876,#7877));
#7874 = ORIENTED_EDGE('',*,*,#6819,.F.);
#7875 = ORIENTED_EDGE('',*,*,#6715,.F.);
#7876 = ORIENTED_EDGE('',*,*,#6747,.T.);
#7877 = ORIENTED_EDGE('',*,*,#6732,.T.);
#7878 = CONICAL_SURFACE('',#7879,0.2,0.588002603548);
#7879 = AXIS2_PLACEMENT_3D('',#7880,#7881,#7882);
#7880 = CARTESIAN_POINT('',(0.782819,-2.830469,1.45));
#7881 = DIRECTION('',(0.,1.,0.));
#7882 = DIRECTION('',(1.,0.,0.));
#7883 = ( GEOMETRIC_REPRESENTATION_CONTEXT(3) 
GLOBAL_UNCERTAINTY_ASSIGNED_CONTEXT((#7887)) 
GLOBAL_UNIT_ASSIGNED_CONTEXT((#7884,#7885,#7886)) REPRESENTATION_CONTEXT
('Context #1','3D Context with UNIT and UNCERTAINTY') );
#7884 = ( LENGTH_UNIT() NAMED_UNIT(*) SI_UNIT(.MILLI.,.METRE.) );
#7885 = ( NAMED_UNIT(*) PLANE_ANGLE_UNIT() SI_UNIT($,.RADIAN.) );
#7886 = ( NAMED_UNIT(*) SI_UNIT($,.STERADIAN.) SOLID_ANGLE_UNIT() );
#7887 = UNCERTAINTY_MEASURE_WITH_UNIT(LENGTH_MEASURE(1.E-07),#7884,
  'distance_accuracy_value','confusion accuracy');
#7888 = CONTEXT_DEPENDENT_SHAPE_REPRESENTATION(#7889,#7891);
#7889 = ( REPRESENTATION_RELATIONSHIP('','',#838,#815) 
REPRESENTATION_RELATIONSHIP_WITH_TRANSFORMATION(#7890) 
SHAPE_REPRESENTATION_RELATIONSHIP() );
#7890 = ITEM_DEFINED_TRANSFORMATION('','',#11,#816);
#7891 = PRODUCT_DEFINITION_SHAPE('Placement','Placement of an item',
  #7892);
#7892 = NEXT_ASSEMBLY_USAGE_OCCURRENCE('7','DF13-2P-1.25V','',#810,#833,
  $);
#7893 = PRODUCT_RELATED_PRODUCT_CATEGORY('part',$,(#835));
#7894 = SHAPE_DEFINITION_REPRESENTATION(#7895,#7901);
#7895 = PRODUCT_DEFINITION_SHAPE('','',#7896);
#7896 = PRODUCT_DEFINITION('design','',#7897,#7900);
#7897 = PRODUCT_DEFINITION_FORMATION('','',#7898);
#7898 = PRODUCT('front-panel_PCB','front-panel_PCB','',(#7899));
#7899 = PRODUCT_CONTEXT('',#2,'mechanical');
#7900 = PRODUCT_DEFINITION_CONTEXT('part definition',#2,'design');
#7901 = ADVANCED_BREP_SHAPE_REPRESENTATION('',(#11,#7902),#8929);
#7902 = MANIFOLD_SOLID_BREP('',#7903);
#7903 = CLOSED_SHELL('',(#7904,#7944,#7975,#8006,#8266,#8526,#8538,#8555
    ,#8572,#8589,#8606,#8623,#8640,#8657,#8674,#8691,#8708,#8725,#8742,
    #8759,#8776,#8793,#8815,#8832,#8849,#8861,#8878,#8895,#8912));
#7904 = ADVANCED_FACE('',(#7905),#7939,.T.);
#7905 = FACE_BOUND('',#7906,.T.);
#7906 = EDGE_LOOP('',(#7907,#7917,#7925,#7933));
#7907 = ORIENTED_EDGE('',*,*,#7908,.T.);
#7908 = EDGE_CURVE('',#7909,#7911,#7913,.T.);
#7909 = VERTEX_POINT('',#7910);
#7910 = CARTESIAN_POINT('',(193.68,-310.83,0.));
#7911 = VERTEX_POINT('',#7912);
#7912 = CARTESIAN_POINT('',(193.68,-310.83,1.51));
#7913 = LINE('',#7914,#7915);
#7914 = CARTESIAN_POINT('',(193.68,-310.83,0.));
#7915 = VECTOR('',#7916,1.);
#7916 = DIRECTION('',(0.,0.,1.));
#7917 = ORIENTED_EDGE('',*,*,#7918,.T.);
#7918 = EDGE_CURVE('',#7911,#7919,#7921,.T.);
#7919 = VERTEX_POINT('',#7920);
#7920 = CARTESIAN_POINT('',(106.68,-310.83,1.51));
#7921 = LINE('',#7922,#7923);
#7922 = CARTESIAN_POINT('',(193.68,-310.83,1.51));
#7923 = VECTOR('',#7924,1.);
#7924 = DIRECTION('',(-1.,0.,0.));
#7925 = ORIENTED_EDGE('',*,*,#7926,.F.);
#7926 = EDGE_CURVE('',#7927,#7919,#7929,.T.);
#7927 = VERTEX_POINT('',#7928);
#7928 = CARTESIAN_POINT('',(106.68,-310.83,0.));
#7929 = LINE('',#7930,#7931);
#7930 = CARTESIAN_POINT('',(106.68,-310.83,0.));
#7931 = VECTOR('',#7932,1.);
#7932 = DIRECTION('',(0.,0.,1.));
#7933 = ORIENTED_EDGE('',*,*,#7934,.F.);
#7934 = EDGE_CURVE('',#7909,#7927,#7935,.T.);
#7935 = LINE('',#7936,#7937);
#7936 = CARTESIAN_POINT('',(193.68,-310.83,0.));
#7937 = VECTOR('',#7938,1.);
#7938 = DIRECTION('',(-1.,0.,0.));
#7939 = PLANE('',#7940);
#7940 = AXIS2_PLACEMENT_3D('',#7941,#7942,#7943);
#7941 = CARTESIAN_POINT('',(193.68,-310.83,0.));
#7942 = DIRECTION('',(0.,-1.,0.));
#7943 = DIRECTION('',(-1.,0.,0.));
#7944 = ADVANCED_FACE('',(#7945),#7970,.T.);
#7945 = FACE_BOUND('',#7946,.T.);
#7946 = EDGE_LOOP('',(#7947,#7957,#7963,#7964));
#7947 = ORIENTED_EDGE('',*,*,#7948,.T.);
#7948 = EDGE_CURVE('',#7949,#7951,#7953,.T.);
#7949 = VERTEX_POINT('',#7950);
#7950 = CARTESIAN_POINT('',(193.68,15.67,0.));
#7951 = VERTEX_POINT('',#7952);
#7952 = CARTESIAN_POINT('',(193.68,15.67,1.51));
#7953 = LINE('',#7954,#7955);
#7954 = CARTESIAN_POINT('',(193.68,15.67,0.));
#7955 = VECTOR('',#7956,1.);
#7956 = DIRECTION('',(0.,0.,1.));
#7957 = ORIENTED_EDGE('',*,*,#7958,.T.);
#7958 = EDGE_CURVE('',#7951,#7911,#7959,.T.);
#7959 = LINE('',#7960,#7961);
#7960 = CARTESIAN_POINT('',(193.68,15.67,1.51));
#7961 = VECTOR('',#7962,1.);
#7962 = DIRECTION('',(0.,-1.,0.));
#7963 = ORIENTED_EDGE('',*,*,#7908,.F.);
#7964 = ORIENTED_EDGE('',*,*,#7965,.F.);
#7965 = EDGE_CURVE('',#7949,#7909,#7966,.T.);
#7966 = LINE('',#7967,#7968);
#7967 = CARTESIAN_POINT('',(193.68,15.67,0.));
#7968 = VECTOR('',#7969,1.);
#7969 = DIRECTION('',(0.,-1.,0.));
#7970 = PLANE('',#7971);
#7971 = AXIS2_PLACEMENT_3D('',#7972,#7973,#7974);
#7972 = CARTESIAN_POINT('',(193.68,15.67,0.));
#7973 = DIRECTION('',(1.,0.,-0.));
#7974 = DIRECTION('',(0.,-1.,0.));
#7975 = ADVANCED_FACE('',(#7976),#8001,.T.);
#7976 = FACE_BOUND('',#7977,.T.);
#7977 = EDGE_LOOP('',(#7978,#7979,#7987,#7995));
#7978 = ORIENTED_EDGE('',*,*,#7926,.T.);
#7979 = ORIENTED_EDGE('',*,*,#7980,.T.);
#7980 = EDGE_CURVE('',#7919,#7981,#7983,.T.);
#7981 = VERTEX_POINT('',#7982);
#7982 = CARTESIAN_POINT('',(106.68,15.67,1.51));
#7983 = LINE('',#7984,#7985);
#7984 = CARTESIAN_POINT('',(106.68,-310.83,1.51));
#7985 = VECTOR('',#7986,1.);
#7986 = DIRECTION('',(0.,1.,0.));
#7987 = ORIENTED_EDGE('',*,*,#7988,.F.);
#7988 = EDGE_CURVE('',#7989,#7981,#7991,.T.);
#7989 = VERTEX_POINT('',#7990);
#7990 = CARTESIAN_POINT('',(106.68,15.67,0.));
#7991 = LINE('',#7992,#7993);
#7992 = CARTESIAN_POINT('',(106.68,15.67,0.));
#7993 = VECTOR('',#7994,1.);
#7994 = DIRECTION('',(0.,0.,1.));
#7995 = ORIENTED_EDGE('',*,*,#7996,.F.);
#7996 = EDGE_CURVE('',#7927,#7989,#7997,.T.);
#7997 = LINE('',#7998,#7999);
#7998 = CARTESIAN_POINT('',(106.68,-310.83,0.));
#7999 = VECTOR('',#8000,1.);
#8000 = DIRECTION('',(0.,1.,0.));
#8001 = PLANE('',#8002);
#8002 = AXIS2_PLACEMENT_3D('',#8003,#8004,#8005);
#8003 = CARTESIAN_POINT('',(106.68,-310.83,0.));
#8004 = DIRECTION('',(-1.,0.,0.));
#8005 = DIRECTION('',(0.,1.,0.));
#8006 = ADVANCED_FACE('',(#8007,#8018,#8029,#8040,#8051,#8062,#8073,
    #8084,#8095,#8106,#8117,#8128,#8139,#8150,#8161,#8172,#8183,#8217,
    #8228,#8239,#8250),#8261,.F.);
#8007 = FACE_BOUND('',#8008,.F.);
#8008 = EDGE_LOOP('',(#8009,#8010,#8011,#8017));
#8009 = ORIENTED_EDGE('',*,*,#7934,.F.);
#8010 = ORIENTED_EDGE('',*,*,#7965,.F.);
#8011 = ORIENTED_EDGE('',*,*,#8012,.F.);
#8012 = EDGE_CURVE('',#7989,#7949,#8013,.T.);
#8013 = LINE('',#8014,#8015);
#8014 = CARTESIAN_POINT('',(106.68,15.67,0.));
#8015 = VECTOR('',#8016,1.);
#8016 = DIRECTION('',(1.,0.,0.));
#8017 = ORIENTED_EDGE('',*,*,#7996,.F.);
#8018 = FACE_BOUND('',#8019,.F.);
#8019 = EDGE_LOOP('',(#8020));
#8020 = ORIENTED_EDGE('',*,*,#8021,.T.);
#8021 = EDGE_CURVE('',#8022,#8022,#8024,.T.);
#8022 = VERTEX_POINT('',#8023);
#8023 = CARTESIAN_POINT('',(112.15,-308.48,0.));
#8024 = CIRCLE('',#8025,1.6);
#8025 = AXIS2_PLACEMENT_3D('',#8026,#8027,#8028);
#8026 = CARTESIAN_POINT('',(112.15,-306.88,0.));
#8027 = DIRECTION('',(-0.,0.,-1.));
#8028 = DIRECTION('',(-0.,-1.,0.));
#8029 = FACE_BOUND('',#8030,.F.);
#8030 = EDGE_LOOP('',(#8031));
#8031 = ORIENTED_EDGE('',*,*,#8032,.T.);
#8032 = EDGE_CURVE('',#8033,#8033,#8035,.T.);
#8033 = VERTEX_POINT('',#8034);
#8034 = CARTESIAN_POINT('',(112.15,-261.46,0.));
#8035 = CIRCLE('',#8036,1.6);
#8036 = AXIS2_PLACEMENT_3D('',#8037,#8038,#8039);
#8037 = CARTESIAN_POINT('',(112.15,-259.86,0.));
#8038 = DIRECTION('',(-0.,0.,-1.));
#8039 = DIRECTION('',(-0.,-1.,0.));
#8040 = FACE_BOUND('',#8041,.F.);
#8041 = EDGE_LOOP('',(#8042));
#8042 = ORIENTED_EDGE('',*,*,#8043,.T.);
#8043 = EDGE_CURVE('',#8044,#8044,#8046,.T.);
#8044 = VERTEX_POINT('',#8045);
#8045 = CARTESIAN_POINT('',(188.23,-308.46,0.));
#8046 = CIRCLE('',#8047,1.6);
#8047 = AXIS2_PLACEMENT_3D('',#8048,#8049,#8050);
#8048 = CARTESIAN_POINT('',(188.23,-306.86,0.));
#8049 = DIRECTION('',(-0.,0.,-1.));
#8050 = DIRECTION('',(-1.7763568394E-14,-1.,0.));
#8051 = FACE_BOUND('',#8052,.F.);
#8052 = EDGE_LOOP('',(#8053));
#8053 = ORIENTED_EDGE('',*,*,#8054,.T.);
#8054 = EDGE_CURVE('',#8055,#8055,#8057,.T.);
#8055 = VERTEX_POINT('',#8056);
#8056 = CARTESIAN_POINT('',(188.23,-261.43,0.));
#8057 = CIRCLE('',#8058,1.6);
#8058 = AXIS2_PLACEMENT_3D('',#8059,#8060,#8061);
#8059 = CARTESIAN_POINT('',(188.23,-259.83,0.));
#8060 = DIRECTION('',(-0.,0.,-1.));
#8061 = DIRECTION('',(-1.7763568394E-14,-1.,0.));
#8062 = FACE_BOUND('',#8063,.F.);
#8063 = EDGE_LOOP('',(#8064));
#8064 = ORIENTED_EDGE('',*,*,#8065,.T.);
#8065 = EDGE_CURVE('',#8066,#8066,#8068,.T.);
#8066 = VERTEX_POINT('',#8067);
#8067 = CARTESIAN_POINT('',(112.11,-125.94,0.));
#8068 = CIRCLE('',#8069,1.6);
#8069 = AXIS2_PLACEMENT_3D('',#8070,#8071,#8072);
#8070 = CARTESIAN_POINT('',(112.11,-124.34,0.));
#8071 = DIRECTION('',(-0.,0.,-1.));
#8072 = DIRECTION('',(-0.,-1.,0.));
#8073 = FACE_BOUND('',#8074,.F.);
#8074 = EDGE_LOOP('',(#8075));
#8075 = ORIENTED_EDGE('',*,*,#8076,.T.);
#8076 = EDGE_CURVE('',#8077,#8077,#8079,.T.);
#8077 = VERTEX_POINT('',#8078);
#8078 = CARTESIAN_POINT('',(123.86,-30.18,0.));
#8079 = CIRCLE('',#8080,1.25);
#8080 = AXIS2_PLACEMENT_3D('',#8081,#8082,#8083);
#8081 = CARTESIAN_POINT('',(123.86,-28.93,0.));
#8082 = DIRECTION('',(-0.,0.,-1.));
#8083 = DIRECTION('',(-0.,-1.,0.));
#8084 = FACE_BOUND('',#8085,.F.);
#8085 = EDGE_LOOP('',(#8086));
#8086 = ORIENTED_EDGE('',*,*,#8087,.T.);
#8087 = EDGE_CURVE('',#8088,#8088,#8090,.T.);
#8088 = VERTEX_POINT('',#8089);
#8089 = CARTESIAN_POINT('',(112.12,-16.94,0.));
#8090 = CIRCLE('',#8091,1.6);
#8091 = AXIS2_PLACEMENT_3D('',#8092,#8093,#8094);
#8092 = CARTESIAN_POINT('',(112.12,-15.34,0.));
#8093 = DIRECTION('',(-0.,0.,-1.));
#8094 = DIRECTION('',(-0.,-1.,0.));
#8095 = FACE_BOUND('',#8096,.F.);
#8096 = EDGE_LOOP('',(#8097));
#8097 = ORIENTED_EDGE('',*,*,#8098,.T.);
#8098 = EDGE_CURVE('',#8099,#8099,#8101,.T.);
#8099 = VERTEX_POINT('',#8100);
#8100 = CARTESIAN_POINT('',(112.14,10.12,0.));
#8101 = CIRCLE('',#8102,1.6);
#8102 = AXIS2_PLACEMENT_3D('',#8103,#8104,#8105);
#8103 = CARTESIAN_POINT('',(112.14,11.72,0.));
#8104 = DIRECTION('',(-0.,0.,-1.));
#8105 = DIRECTION('',(-0.,-1.,0.));
#8106 = FACE_BOUND('',#8107,.F.);
#8107 = EDGE_LOOP('',(#8108));
#8108 = ORIENTED_EDGE('',*,*,#8109,.F.);
#8109 = EDGE_CURVE('',#8110,#8110,#8112,.T.);
#8110 = VERTEX_POINT('',#8111);
#8111 = CARTESIAN_POINT('',(137.96,-19.8,0.));
#8112 = CIRCLE('',#8113,7.75);
#8113 = AXIS2_PLACEMENT_3D('',#8114,#8115,#8116);
#8114 = CARTESIAN_POINT('',(130.21,-19.8,0.));
#8115 = DIRECTION('',(0.,0.,1.));
#8116 = DIRECTION('',(1.,0.,-0.));
#8117 = FACE_BOUND('',#8118,.F.);
#8118 = EDGE_LOOP('',(#8119));
#8119 = ORIENTED_EDGE('',*,*,#8120,.T.);
#8120 = EDGE_CURVE('',#8121,#8121,#8123,.T.);
#8121 = VERTEX_POINT('',#8122);
#8122 = CARTESIAN_POINT('',(123.86,2.01,0.));
#8123 = CIRCLE('',#8124,1.25);
#8124 = AXIS2_PLACEMENT_3D('',#8125,#8126,#8127);
#8125 = CARTESIAN_POINT('',(123.86,3.26,0.));
#8126 = DIRECTION('',(-0.,0.,-1.));
#8127 = DIRECTION('',(-0.,-1.,0.));
#8128 = FACE_BOUND('',#8129,.F.);
#8129 = EDGE_LOOP('',(#8130));
#8130 = ORIENTED_EDGE('',*,*,#8131,.T.);
#8131 = EDGE_CURVE('',#8132,#8132,#8134,.T.);
#8132 = VERTEX_POINT('',#8133);
#8133 = CARTESIAN_POINT('',(145.06,-30.18,0.));
#8134 = CIRCLE('',#8135,1.25);
#8135 = AXIS2_PLACEMENT_3D('',#8136,#8137,#8138);
#8136 = CARTESIAN_POINT('',(145.06,-28.93,0.));
#8137 = DIRECTION('',(-0.,0.,-1.));
#8138 = DIRECTION('',(-0.,-1.,0.));
#8139 = FACE_BOUND('',#8140,.F.);
#8140 = EDGE_LOOP('',(#8141));
#8141 = ORIENTED_EDGE('',*,*,#8142,.T.);
#8142 = EDGE_CURVE('',#8143,#8143,#8145,.T.);
#8143 = VERTEX_POINT('',#8144);
#8144 = CARTESIAN_POINT('',(145.08,2.03,0.));
#8145 = CIRCLE('',#8146,1.25);
#8146 = AXIS2_PLACEMENT_3D('',#8147,#8148,#8149);
#8147 = CARTESIAN_POINT('',(145.08,3.28,0.));
#8148 = DIRECTION('',(-0.,0.,-1.));
#8149 = DIRECTION('',(-0.,-1.,0.));
#8150 = FACE_BOUND('',#8151,.F.);
#8151 = EDGE_LOOP('',(#8152));
#8152 = ORIENTED_EDGE('',*,*,#8153,.T.);
#8153 = EDGE_CURVE('',#8154,#8154,#8156,.T.);
#8154 = VERTEX_POINT('',#8155);
#8155 = CARTESIAN_POINT('',(188.26,-125.95,0.));
#8156 = CIRCLE('',#8157,1.6);
#8157 = AXIS2_PLACEMENT_3D('',#8158,#8159,#8160);
#8158 = CARTESIAN_POINT('',(188.26,-124.35,0.));
#8159 = DIRECTION('',(-0.,0.,-1.));
#8160 = DIRECTION('',(-0.,-1.,0.));
#8161 = FACE_BOUND('',#8162,.F.);
#8162 = EDGE_LOOP('',(#8163));
#8163 = ORIENTED_EDGE('',*,*,#8164,.T.);
#8164 = EDGE_CURVE('',#8165,#8165,#8167,.T.);
#8165 = VERTEX_POINT('',#8166);
#8166 = CARTESIAN_POINT('',(155.2,-23.59,0.));
#8167 = CIRCLE('',#8168,1.25);
#8168 = AXIS2_PLACEMENT_3D('',#8169,#8170,#8171);
#8169 = CARTESIAN_POINT('',(155.2,-22.34,0.));
#8170 = DIRECTION('',(-0.,0.,-1.));
#8171 = DIRECTION('',(-0.,-1.,0.));
#8172 = FACE_BOUND('',#8173,.F.);
#8173 = EDGE_LOOP('',(#8174));
#8174 = ORIENTED_EDGE('',*,*,#8175,.T.);
#8175 = EDGE_CURVE('',#8176,#8176,#8178,.T.);
#8176 = VERTEX_POINT('',#8177);
#8177 = CARTESIAN_POINT('',(155.19,-1.6,0.));
#8178 = CIRCLE('',#8179,1.25);
#8179 = AXIS2_PLACEMENT_3D('',#8180,#8181,#8182);
#8180 = CARTESIAN_POINT('',(155.19,-0.35,0.));
#8181 = DIRECTION('',(-0.,0.,-1.));
#8182 = DIRECTION('',(-0.,-1.,0.));
#8183 = FACE_BOUND('',#8184,.F.);
#8184 = EDGE_LOOP('',(#8185,#8195,#8203,#8211));
#8185 = ORIENTED_EDGE('',*,*,#8186,.F.);
#8186 = EDGE_CURVE('',#8187,#8189,#8191,.T.);
#8187 = VERTEX_POINT('',#8188);
#8188 = CARTESIAN_POINT('',(147.68,-11.33,0.));
#8189 = VERTEX_POINT('',#8190);
#8190 = CARTESIAN_POINT('',(166.18,-29.83,0.));
#8191 = LINE('',#8192,#8193);
#8192 = CARTESIAN_POINT('',(147.68,-11.33,0.));
#8193 = VECTOR('',#8194,1.);
#8194 = DIRECTION('',(0.707106781187,-0.707106781187,0.));
#8195 = ORIENTED_EDGE('',*,*,#8196,.F.);
#8196 = EDGE_CURVE('',#8197,#8187,#8199,.T.);
#8197 = VERTEX_POINT('',#8198);
#8198 = CARTESIAN_POINT('',(166.18,7.17,0.));
#8199 = LINE('',#8200,#8201);
#8200 = CARTESIAN_POINT('',(166.18,7.17,0.));
#8201 = VECTOR('',#8202,1.);
#8202 = DIRECTION('',(-0.707106781187,-0.707106781187,0.));
#8203 = ORIENTED_EDGE('',*,*,#8204,.F.);
#8204 = EDGE_CURVE('',#8205,#8197,#8207,.T.);
#8205 = VERTEX_POINT('',#8206);
#8206 = CARTESIAN_POINT('',(184.68,-11.33,0.));
#8207 = LINE('',#8208,#8209);
#8208 = CARTESIAN_POINT('',(184.68,-11.33,0.));
#8209 = VECTOR('',#8210,1.);
#8210 = DIRECTION('',(-0.707106781187,0.707106781187,0.));
#8211 = ORIENTED_EDGE('',*,*,#8212,.F.);
#8212 = EDGE_CURVE('',#8189,#8205,#8213,.T.);
#8213 = LINE('',#8214,#8215);
#8214 = CARTESIAN_POINT('',(166.18,-29.83,0.));
#8215 = VECTOR('',#8216,1.);
#8216 = DIRECTION('',(0.707106781187,0.707106781187,0.));
#8217 = FACE_BOUND('',#8218,.F.);
#8218 = EDGE_LOOP('',(#8219));
#8219 = ORIENTED_EDGE('',*,*,#8220,.T.);
#8220 = EDGE_CURVE('',#8221,#8221,#8223,.T.);
#8221 = VERTEX_POINT('',#8222);
#8222 = CARTESIAN_POINT('',(177.2,-23.57,0.));
#8223 = CIRCLE('',#8224,1.25);
#8224 = AXIS2_PLACEMENT_3D('',#8225,#8226,#8227);
#8225 = CARTESIAN_POINT('',(177.2,-22.32,0.));
#8226 = DIRECTION('',(-0.,0.,-1.));
#8227 = DIRECTION('',(-0.,-1.,0.));
#8228 = FACE_BOUND('',#8229,.F.);
#8229 = EDGE_LOOP('',(#8230));
#8230 = ORIENTED_EDGE('',*,*,#8231,.T.);
#8231 = EDGE_CURVE('',#8232,#8232,#8234,.T.);
#8232 = VERTEX_POINT('',#8233);
#8233 = CARTESIAN_POINT('',(177.17,-1.58,0.));
#8234 = CIRCLE('',#8235,1.25);
#8235 = AXIS2_PLACEMENT_3D('',#8236,#8237,#8238);
#8236 = CARTESIAN_POINT('',(177.17,-0.33,0.));
#8237 = DIRECTION('',(-0.,0.,-1.));
#8238 = DIRECTION('',(-0.,-1.,0.));
#8239 = FACE_BOUND('',#8240,.F.);
#8240 = EDGE_LOOP('',(#8241));
#8241 = ORIENTED_EDGE('',*,*,#8242,.T.);
#8242 = EDGE_CURVE('',#8243,#8243,#8245,.T.);
#8243 = VERTEX_POINT('',#8244);
#8244 = CARTESIAN_POINT('',(188.21,-16.9,0.));
#8245 = CIRCLE('',#8246,1.6);
#8246 = AXIS2_PLACEMENT_3D('',#8247,#8248,#8249);
#8247 = CARTESIAN_POINT('',(188.21,-15.3,0.));
#8248 = DIRECTION('',(-0.,0.,-1.));
#8249 = DIRECTION('',(-0.,-1.,0.));
#8250 = FACE_BOUND('',#8251,.F.);
#8251 = EDGE_LOOP('',(#8252));
#8252 = ORIENTED_EDGE('',*,*,#8253,.T.);
#8253 = EDGE_CURVE('',#8254,#8254,#8256,.T.);
#8254 = VERTEX_POINT('',#8255);
#8255 = CARTESIAN_POINT('',(188.23,10.13,0.));
#8256 = CIRCLE('',#8257,1.6);
#8257 = AXIS2_PLACEMENT_3D('',#8258,#8259,#8260);
#8258 = CARTESIAN_POINT('',(188.23,11.73,0.));
#8259 = DIRECTION('',(-0.,0.,-1.));
#8260 = DIRECTION('',(-1.7763568394E-14,-1.,0.));
#8261 = PLANE('',#8262);
#8262 = AXIS2_PLACEMENT_3D('',#8263,#8264,#8265);
#8263 = CARTESIAN_POINT('',(0.,0.,0.));
#8264 = DIRECTION('',(0.,0.,1.));
#8265 = DIRECTION('',(1.,0.,-0.));
#8266 = ADVANCED_FACE('',(#8267,#8278,#8289,#8300,#8311,#8322,#8333,
    #8344,#8355,#8366,#8377,#8388,#8399,#8410,#8421,#8432,#8443,#8477,
    #8488,#8499,#8510),#8521,.T.);
#8267 = FACE_BOUND('',#8268,.T.);
#8268 = EDGE_LOOP('',(#8269,#8270,#8271,#8277));
#8269 = ORIENTED_EDGE('',*,*,#7918,.F.);
#8270 = ORIENTED_EDGE('',*,*,#7958,.F.);
#8271 = ORIENTED_EDGE('',*,*,#8272,.F.);
#8272 = EDGE_CURVE('',#7981,#7951,#8273,.T.);
#8273 = LINE('',#8274,#8275);
#8274 = CARTESIAN_POINT('',(106.68,15.67,1.51));
#8275 = VECTOR('',#8276,1.);
#8276 = DIRECTION('',(1.,0.,0.));
#8277 = ORIENTED_EDGE('',*,*,#7980,.F.);
#8278 = FACE_BOUND('',#8279,.T.);
#8279 = EDGE_LOOP('',(#8280));
#8280 = ORIENTED_EDGE('',*,*,#8281,.T.);
#8281 = EDGE_CURVE('',#8282,#8282,#8284,.T.);
#8282 = VERTEX_POINT('',#8283);
#8283 = CARTESIAN_POINT('',(112.15,-308.48,1.51));
#8284 = CIRCLE('',#8285,1.6);
#8285 = AXIS2_PLACEMENT_3D('',#8286,#8287,#8288);
#8286 = CARTESIAN_POINT('',(112.15,-306.88,1.51));
#8287 = DIRECTION('',(-0.,0.,-1.));
#8288 = DIRECTION('',(-0.,-1.,0.));
#8289 = FACE_BOUND('',#8290,.T.);
#8290 = EDGE_LOOP('',(#8291));
#8291 = ORIENTED_EDGE('',*,*,#8292,.T.);
#8292 = EDGE_CURVE('',#8293,#8293,#8295,.T.);
#8293 = VERTEX_POINT('',#8294);
#8294 = CARTESIAN_POINT('',(112.15,-261.46,1.51));
#8295 = CIRCLE('',#8296,1.6);
#8296 = AXIS2_PLACEMENT_3D('',#8297,#8298,#8299);
#8297 = CARTESIAN_POINT('',(112.15,-259.86,1.51));
#8298 = DIRECTION('',(-0.,0.,-1.));
#8299 = DIRECTION('',(-0.,-1.,0.));
#8300 = FACE_BOUND('',#8301,.T.);
#8301 = EDGE_LOOP('',(#8302));
#8302 = ORIENTED_EDGE('',*,*,#8303,.T.);
#8303 = EDGE_CURVE('',#8304,#8304,#8306,.T.);
#8304 = VERTEX_POINT('',#8305);
#8305 = CARTESIAN_POINT('',(188.23,-308.46,1.51));
#8306 = CIRCLE('',#8307,1.6);
#8307 = AXIS2_PLACEMENT_3D('',#8308,#8309,#8310);
#8308 = CARTESIAN_POINT('',(188.23,-306.86,1.51));
#8309 = DIRECTION('',(-0.,0.,-1.));
#8310 = DIRECTION('',(-1.7763568394E-14,-1.,0.));
#8311 = FACE_BOUND('',#8312,.T.);
#8312 = EDGE_LOOP('',(#8313));
#8313 = ORIENTED_EDGE('',*,*,#8314,.T.);
#8314 = EDGE_CURVE('',#8315,#8315,#8317,.T.);
#8315 = VERTEX_POINT('',#8316);
#8316 = CARTESIAN_POINT('',(188.23,-261.43,1.51));
#8317 = CIRCLE('',#8318,1.6);
#8318 = AXIS2_PLACEMENT_3D('',#8319,#8320,#8321);
#8319 = CARTESIAN_POINT('',(188.23,-259.83,1.51));
#8320 = DIRECTION('',(-0.,0.,-1.));
#8321 = DIRECTION('',(-1.7763568394E-14,-1.,0.));
#8322 = FACE_BOUND('',#8323,.T.);
#8323 = EDGE_LOOP('',(#8324));
#8324 = ORIENTED_EDGE('',*,*,#8325,.T.);
#8325 = EDGE_CURVE('',#8326,#8326,#8328,.T.);
#8326 = VERTEX_POINT('',#8327);
#8327 = CARTESIAN_POINT('',(112.11,-125.94,1.51));
#8328 = CIRCLE('',#8329,1.6);
#8329 = AXIS2_PLACEMENT_3D('',#8330,#8331,#8332);
#8330 = CARTESIAN_POINT('',(112.11,-124.34,1.51));
#8331 = DIRECTION('',(-0.,0.,-1.));
#8332 = DIRECTION('',(-0.,-1.,0.));
#8333 = FACE_BOUND('',#8334,.T.);
#8334 = EDGE_LOOP('',(#8335));
#8335 = ORIENTED_EDGE('',*,*,#8336,.T.);
#8336 = EDGE_CURVE('',#8337,#8337,#8339,.T.);
#8337 = VERTEX_POINT('',#8338);
#8338 = CARTESIAN_POINT('',(123.86,-30.18,1.51));
#8339 = CIRCLE('',#8340,1.25);
#8340 = AXIS2_PLACEMENT_3D('',#8341,#8342,#8343);
#8341 = CARTESIAN_POINT('',(123.86,-28.93,1.51));
#8342 = DIRECTION('',(-0.,0.,-1.));
#8343 = DIRECTION('',(-0.,-1.,0.));
#8344 = FACE_BOUND('',#8345,.T.);
#8345 = EDGE_LOOP('',(#8346));
#8346 = ORIENTED_EDGE('',*,*,#8347,.T.);
#8347 = EDGE_CURVE('',#8348,#8348,#8350,.T.);
#8348 = VERTEX_POINT('',#8349);
#8349 = CARTESIAN_POINT('',(112.12,-16.94,1.51));
#8350 = CIRCLE('',#8351,1.6);
#8351 = AXIS2_PLACEMENT_3D('',#8352,#8353,#8354);
#8352 = CARTESIAN_POINT('',(112.12,-15.34,1.51));
#8353 = DIRECTION('',(-0.,0.,-1.));
#8354 = DIRECTION('',(-0.,-1.,0.));
#8355 = FACE_BOUND('',#8356,.T.);
#8356 = EDGE_LOOP('',(#8357));
#8357 = ORIENTED_EDGE('',*,*,#8358,.T.);
#8358 = EDGE_CURVE('',#8359,#8359,#8361,.T.);
#8359 = VERTEX_POINT('',#8360);
#8360 = CARTESIAN_POINT('',(112.14,10.12,1.51));
#8361 = CIRCLE('',#8362,1.6);
#8362 = AXIS2_PLACEMENT_3D('',#8363,#8364,#8365);
#8363 = CARTESIAN_POINT('',(112.14,11.72,1.51));
#8364 = DIRECTION('',(-0.,0.,-1.));
#8365 = DIRECTION('',(-0.,-1.,0.));
#8366 = FACE_BOUND('',#8367,.T.);
#8367 = EDGE_LOOP('',(#8368));
#8368 = ORIENTED_EDGE('',*,*,#8369,.F.);
#8369 = EDGE_CURVE('',#8370,#8370,#8372,.T.);
#8370 = VERTEX_POINT('',#8371);
#8371 = CARTESIAN_POINT('',(137.96,-19.8,1.51));
#8372 = CIRCLE('',#8373,7.75);
#8373 = AXIS2_PLACEMENT_3D('',#8374,#8375,#8376);
#8374 = CARTESIAN_POINT('',(130.21,-19.8,1.51));
#8375 = DIRECTION('',(0.,0.,1.));
#8376 = DIRECTION('',(1.,0.,-0.));
#8377 = FACE_BOUND('',#8378,.T.);
#8378 = EDGE_LOOP('',(#8379));
#8379 = ORIENTED_EDGE('',*,*,#8380,.T.);
#8380 = EDGE_CURVE('',#8381,#8381,#8383,.T.);
#8381 = VERTEX_POINT('',#8382);
#8382 = CARTESIAN_POINT('',(123.86,2.01,1.51));
#8383 = CIRCLE('',#8384,1.25);
#8384 = AXIS2_PLACEMENT_3D('',#8385,#8386,#8387);
#8385 = CARTESIAN_POINT('',(123.86,3.26,1.51));
#8386 = DIRECTION('',(-0.,0.,-1.));
#8387 = DIRECTION('',(-0.,-1.,0.));
#8388 = FACE_BOUND('',#8389,.T.);
#8389 = EDGE_LOOP('',(#8390));
#8390 = ORIENTED_EDGE('',*,*,#8391,.T.);
#8391 = EDGE_CURVE('',#8392,#8392,#8394,.T.);
#8392 = VERTEX_POINT('',#8393);
#8393 = CARTESIAN_POINT('',(145.06,-30.18,1.51));
#8394 = CIRCLE('',#8395,1.25);
#8395 = AXIS2_PLACEMENT_3D('',#8396,#8397,#8398);
#8396 = CARTESIAN_POINT('',(145.06,-28.93,1.51));
#8397 = DIRECTION('',(-0.,0.,-1.));
#8398 = DIRECTION('',(-0.,-1.,0.));
#8399 = FACE_BOUND('',#8400,.T.);
#8400 = EDGE_LOOP('',(#8401));
#8401 = ORIENTED_EDGE('',*,*,#8402,.T.);
#8402 = EDGE_CURVE('',#8403,#8403,#8405,.T.);
#8403 = VERTEX_POINT('',#8404);
#8404 = CARTESIAN_POINT('',(145.08,2.03,1.51));
#8405 = CIRCLE('',#8406,1.25);
#8406 = AXIS2_PLACEMENT_3D('',#8407,#8408,#8409);
#8407 = CARTESIAN_POINT('',(145.08,3.28,1.51));
#8408 = DIRECTION('',(-0.,0.,-1.));
#8409 = DIRECTION('',(-0.,-1.,0.));
#8410 = FACE_BOUND('',#8411,.T.);
#8411 = EDGE_LOOP('',(#8412));
#8412 = ORIENTED_EDGE('',*,*,#8413,.T.);
#8413 = EDGE_CURVE('',#8414,#8414,#8416,.T.);
#8414 = VERTEX_POINT('',#8415);
#8415 = CARTESIAN_POINT('',(188.26,-125.95,1.51));
#8416 = CIRCLE('',#8417,1.6);
#8417 = AXIS2_PLACEMENT_3D('',#8418,#8419,#8420);
#8418 = CARTESIAN_POINT('',(188.26,-124.35,1.51));
#8419 = DIRECTION('',(-0.,0.,-1.));
#8420 = DIRECTION('',(-0.,-1.,0.));
#8421 = FACE_BOUND('',#8422,.T.);
#8422 = EDGE_LOOP('',(#8423));
#8423 = ORIENTED_EDGE('',*,*,#8424,.T.);
#8424 = EDGE_CURVE('',#8425,#8425,#8427,.T.);
#8425 = VERTEX_POINT('',#8426);
#8426 = CARTESIAN_POINT('',(155.2,-23.59,1.51));
#8427 = CIRCLE('',#8428,1.25);
#8428 = AXIS2_PLACEMENT_3D('',#8429,#8430,#8431);
#8429 = CARTESIAN_POINT('',(155.2,-22.34,1.51));
#8430 = DIRECTION('',(-0.,0.,-1.));
#8431 = DIRECTION('',(-0.,-1.,0.));
#8432 = FACE_BOUND('',#8433,.T.);
#8433 = EDGE_LOOP('',(#8434));
#8434 = ORIENTED_EDGE('',*,*,#8435,.T.);
#8435 = EDGE_CURVE('',#8436,#8436,#8438,.T.);
#8436 = VERTEX_POINT('',#8437);
#8437 = CARTESIAN_POINT('',(155.19,-1.6,1.51));
#8438 = CIRCLE('',#8439,1.25);
#8439 = AXIS2_PLACEMENT_3D('',#8440,#8441,#8442);
#8440 = CARTESIAN_POINT('',(155.19,-0.35,1.51));
#8441 = DIRECTION('',(-0.,0.,-1.));
#8442 = DIRECTION('',(-0.,-1.,0.));
#8443 = FACE_BOUND('',#8444,.T.);
#8444 = EDGE_LOOP('',(#8445,#8455,#8463,#8471));
#8445 = ORIENTED_EDGE('',*,*,#8446,.F.);
#8446 = EDGE_CURVE('',#8447,#8449,#8451,.T.);
#8447 = VERTEX_POINT('',#8448);
#8448 = CARTESIAN_POINT('',(147.68,-11.33,1.51));
#8449 = VERTEX_POINT('',#8450);
#8450 = CARTESIAN_POINT('',(166.18,-29.83,1.51));
#8451 = LINE('',#8452,#8453);
#8452 = CARTESIAN_POINT('',(147.68,-11.33,1.51));
#8453 = VECTOR('',#8454,1.);
#8454 = DIRECTION('',(0.707106781187,-0.707106781187,0.));
#8455 = ORIENTED_EDGE('',*,*,#8456,.F.);
#8456 = EDGE_CURVE('',#8457,#8447,#8459,.T.);
#8457 = VERTEX_POINT('',#8458);
#8458 = CARTESIAN_POINT('',(166.18,7.17,1.51));
#8459 = LINE('',#8460,#8461);
#8460 = CARTESIAN_POINT('',(166.18,7.17,1.51));
#8461 = VECTOR('',#8462,1.);
#8462 = DIRECTION('',(-0.707106781187,-0.707106781187,0.));
#8463 = ORIENTED_EDGE('',*,*,#8464,.F.);
#8464 = EDGE_CURVE('',#8465,#8457,#8467,.T.);
#8465 = VERTEX_POINT('',#8466);
#8466 = CARTESIAN_POINT('',(184.68,-11.33,1.51));
#8467 = LINE('',#8468,#8469);
#8468 = CARTESIAN_POINT('',(184.68,-11.33,1.51));
#8469 = VECTOR('',#8470,1.);
#8470 = DIRECTION('',(-0.707106781187,0.707106781187,0.));
#8471 = ORIENTED_EDGE('',*,*,#8472,.F.);
#8472 = EDGE_CURVE('',#8449,#8465,#8473,.T.);
#8473 = LINE('',#8474,#8475);
#8474 = CARTESIAN_POINT('',(166.18,-29.83,1.51));
#8475 = VECTOR('',#8476,1.);
#8476 = DIRECTION('',(0.707106781187,0.707106781187,0.));
#8477 = FACE_BOUND('',#8478,.T.);
#8478 = EDGE_LOOP('',(#8479));
#8479 = ORIENTED_EDGE('',*,*,#8480,.T.);
#8480 = EDGE_CURVE('',#8481,#8481,#8483,.T.);
#8481 = VERTEX_POINT('',#8482);
#8482 = CARTESIAN_POINT('',(177.2,-23.57,1.51));
#8483 = CIRCLE('',#8484,1.25);
#8484 = AXIS2_PLACEMENT_3D('',#8485,#8486,#8487);
#8485 = CARTESIAN_POINT('',(177.2,-22.32,1.51));
#8486 = DIRECTION('',(-0.,0.,-1.));
#8487 = DIRECTION('',(-0.,-1.,0.));
#8488 = FACE_BOUND('',#8489,.T.);
#8489 = EDGE_LOOP('',(#8490));
#8490 = ORIENTED_EDGE('',*,*,#8491,.T.);
#8491 = EDGE_CURVE('',#8492,#8492,#8494,.T.);
#8492 = VERTEX_POINT('',#8493);
#8493 = CARTESIAN_POINT('',(177.17,-1.58,1.51));
#8494 = CIRCLE('',#8495,1.25);
#8495 = AXIS2_PLACEMENT_3D('',#8496,#8497,#8498);
#8496 = CARTESIAN_POINT('',(177.17,-0.33,1.51));
#8497 = DIRECTION('',(-0.,0.,-1.));
#8498 = DIRECTION('',(-0.,-1.,0.));
#8499 = FACE_BOUND('',#8500,.T.);
#8500 = EDGE_LOOP('',(#8501));
#8501 = ORIENTED_EDGE('',*,*,#8502,.T.);
#8502 = EDGE_CURVE('',#8503,#8503,#8505,.T.);
#8503 = VERTEX_POINT('',#8504);
#8504 = CARTESIAN_POINT('',(188.21,-16.9,1.51));
#8505 = CIRCLE('',#8506,1.6);
#8506 = AXIS2_PLACEMENT_3D('',#8507,#8508,#8509);
#8507 = CARTESIAN_POINT('',(188.21,-15.3,1.51));
#8508 = DIRECTION('',(-0.,0.,-1.));
#8509 = DIRECTION('',(-0.,-1.,0.));
#8510 = FACE_BOUND('',#8511,.T.);
#8511 = EDGE_LOOP('',(#8512));
#8512 = ORIENTED_EDGE('',*,*,#8513,.T.);
#8513 = EDGE_CURVE('',#8514,#8514,#8516,.T.);
#8514 = VERTEX_POINT('',#8515);
#8515 = CARTESIAN_POINT('',(188.23,10.13,1.51));
#8516 = CIRCLE('',#8517,1.6);
#8517 = AXIS2_PLACEMENT_3D('',#8518,#8519,#8520);
#8518 = CARTESIAN_POINT('',(188.23,11.73,1.51));
#8519 = DIRECTION('',(-0.,0.,-1.));
#8520 = DIRECTION('',(-1.7763568394E-14,-1.,0.));
#8521 = PLANE('',#8522);
#8522 = AXIS2_PLACEMENT_3D('',#8523,#8524,#8525);
#8523 = CARTESIAN_POINT('',(0.,0.,1.51));
#8524 = DIRECTION('',(0.,0.,1.));
#8525 = DIRECTION('',(1.,0.,-0.));
#8526 = ADVANCED_FACE('',(#8527),#8533,.T.);
#8527 = FACE_BOUND('',#8528,.T.);
#8528 = EDGE_LOOP('',(#8529,#8530,#8531,#8532));
#8529 = ORIENTED_EDGE('',*,*,#7988,.T.);
#8530 = ORIENTED_EDGE('',*,*,#8272,.T.);
#8531 = ORIENTED_EDGE('',*,*,#7948,.F.);
#8532 = ORIENTED_EDGE('',*,*,#8012,.F.);
#8533 = PLANE('',#8534);
#8534 = AXIS2_PLACEMENT_3D('',#8535,#8536,#8537);
#8535 = CARTESIAN_POINT('',(106.68,15.67,0.));
#8536 = DIRECTION('',(0.,1.,0.));
#8537 = DIRECTION('',(1.,0.,0.));
#8538 = ADVANCED_FACE('',(#8539),#8550,.F.);
#8539 = FACE_BOUND('',#8540,.T.);
#8540 = EDGE_LOOP('',(#8541,#8542,#8548,#8549));
#8541 = ORIENTED_EDGE('',*,*,#8021,.T.);
#8542 = ORIENTED_EDGE('',*,*,#8543,.T.);
#8543 = EDGE_CURVE('',#8022,#8282,#8544,.T.);
#8544 = LINE('',#8545,#8546);
#8545 = CARTESIAN_POINT('',(112.15,-308.48,-4.6E-02));
#8546 = VECTOR('',#8547,1.);
#8547 = DIRECTION('',(0.,0.,1.));
#8548 = ORIENTED_EDGE('',*,*,#8281,.F.);
#8549 = ORIENTED_EDGE('',*,*,#8543,.F.);
#8550 = CYLINDRICAL_SURFACE('',#8551,1.6);
#8551 = AXIS2_PLACEMENT_3D('',#8552,#8553,#8554);
#8552 = CARTESIAN_POINT('',(112.15,-306.88,-4.6E-02));
#8553 = DIRECTION('',(-0.,-0.,-1.));
#8554 = DIRECTION('',(-0.,-1.,0.));
#8555 = ADVANCED_FACE('',(#8556),#8567,.F.);
#8556 = FACE_BOUND('',#8557,.T.);
#8557 = EDGE_LOOP('',(#8558,#8559,#8565,#8566));
#8558 = ORIENTED_EDGE('',*,*,#8032,.T.);
#8559 = ORIENTED_EDGE('',*,*,#8560,.T.);
#8560 = EDGE_CURVE('',#8033,#8293,#8561,.T.);
#8561 = LINE('',#8562,#8563);
#8562 = CARTESIAN_POINT('',(112.15,-261.46,-4.6E-02));
#8563 = VECTOR('',#8564,1.);
#8564 = DIRECTION('',(0.,0.,1.));
#8565 = ORIENTED_EDGE('',*,*,#8292,.F.);
#8566 = ORIENTED_EDGE('',*,*,#8560,.F.);
#8567 = CYLINDRICAL_SURFACE('',#8568,1.6);
#8568 = AXIS2_PLACEMENT_3D('',#8569,#8570,#8571);
#8569 = CARTESIAN_POINT('',(112.15,-259.86,-4.6E-02));
#8570 = DIRECTION('',(-0.,-0.,-1.));
#8571 = DIRECTION('',(-0.,-1.,0.));
#8572 = ADVANCED_FACE('',(#8573),#8584,.F.);
#8573 = FACE_BOUND('',#8574,.T.);
#8574 = EDGE_LOOP('',(#8575,#8576,#8582,#8583));
#8575 = ORIENTED_EDGE('',*,*,#8043,.T.);
#8576 = ORIENTED_EDGE('',*,*,#8577,.T.);
#8577 = EDGE_CURVE('',#8044,#8304,#8578,.T.);
#8578 = LINE('',#8579,#8580);
#8579 = CARTESIAN_POINT('',(188.23,-308.46,-4.6E-02));
#8580 = VECTOR('',#8581,1.);
#8581 = DIRECTION('',(0.,0.,1.));
#8582 = ORIENTED_EDGE('',*,*,#8303,.F.);
#8583 = ORIENTED_EDGE('',*,*,#8577,.F.);
#8584 = CYLINDRICAL_SURFACE('',#8585,1.6);
#8585 = AXIS2_PLACEMENT_3D('',#8586,#8587,#8588);
#8586 = CARTESIAN_POINT('',(188.23,-306.86,-4.6E-02));
#8587 = DIRECTION('',(-0.,-0.,-1.));
#8588 = DIRECTION('',(-1.7763568394E-14,-1.,0.));
#8589 = ADVANCED_FACE('',(#8590),#8601,.F.);
#8590 = FACE_BOUND('',#8591,.T.);
#8591 = EDGE_LOOP('',(#8592,#8593,#8599,#8600));
#8592 = ORIENTED_EDGE('',*,*,#8054,.T.);
#8593 = ORIENTED_EDGE('',*,*,#8594,.T.);
#8594 = EDGE_CURVE('',#8055,#8315,#8595,.T.);
#8595 = LINE('',#8596,#8597);
#8596 = CARTESIAN_POINT('',(188.23,-261.43,-4.6E-02));
#8597 = VECTOR('',#8598,1.);
#8598 = DIRECTION('',(0.,0.,1.));
#8599 = ORIENTED_EDGE('',*,*,#8314,.F.);
#8600 = ORIENTED_EDGE('',*,*,#8594,.F.);
#8601 = CYLINDRICAL_SURFACE('',#8602,1.6);
#8602 = AXIS2_PLACEMENT_3D('',#8603,#8604,#8605);
#8603 = CARTESIAN_POINT('',(188.23,-259.83,-4.6E-02));
#8604 = DIRECTION('',(-0.,-0.,-1.));
#8605 = DIRECTION('',(-1.7763568394E-14,-1.,0.));
#8606 = ADVANCED_FACE('',(#8607),#8618,.F.);
#8607 = FACE_BOUND('',#8608,.T.);
#8608 = EDGE_LOOP('',(#8609,#8610,#8616,#8617));
#8609 = ORIENTED_EDGE('',*,*,#8065,.T.);
#8610 = ORIENTED_EDGE('',*,*,#8611,.T.);
#8611 = EDGE_CURVE('',#8066,#8326,#8612,.T.);
#8612 = LINE('',#8613,#8614);
#8613 = CARTESIAN_POINT('',(112.11,-125.94,-4.6E-02));
#8614 = VECTOR('',#8615,1.);
#8615 = DIRECTION('',(0.,0.,1.));
#8616 = ORIENTED_EDGE('',*,*,#8325,.F.);
#8617 = ORIENTED_EDGE('',*,*,#8611,.F.);
#8618 = CYLINDRICAL_SURFACE('',#8619,1.6);
#8619 = AXIS2_PLACEMENT_3D('',#8620,#8621,#8622);
#8620 = CARTESIAN_POINT('',(112.11,-124.34,-4.6E-02));
#8621 = DIRECTION('',(-0.,-0.,-1.));
#8622 = DIRECTION('',(-0.,-1.,0.));
#8623 = ADVANCED_FACE('',(#8624),#8635,.F.);
#8624 = FACE_BOUND('',#8625,.T.);
#8625 = EDGE_LOOP('',(#8626,#8627,#8633,#8634));
#8626 = ORIENTED_EDGE('',*,*,#8076,.T.);
#8627 = ORIENTED_EDGE('',*,*,#8628,.T.);
#8628 = EDGE_CURVE('',#8077,#8337,#8629,.T.);
#8629 = LINE('',#8630,#8631);
#8630 = CARTESIAN_POINT('',(123.86,-30.18,-4.6E-02));
#8631 = VECTOR('',#8632,1.);
#8632 = DIRECTION('',(0.,0.,1.));
#8633 = ORIENTED_EDGE('',*,*,#8336,.F.);
#8634 = ORIENTED_EDGE('',*,*,#8628,.F.);
#8635 = CYLINDRICAL_SURFACE('',#8636,1.25);
#8636 = AXIS2_PLACEMENT_3D('',#8637,#8638,#8639);
#8637 = CARTESIAN_POINT('',(123.86,-28.93,-4.6E-02));
#8638 = DIRECTION('',(-0.,-0.,-1.));
#8639 = DIRECTION('',(-0.,-1.,0.));
#8640 = ADVANCED_FACE('',(#8641),#8652,.F.);
#8641 = FACE_BOUND('',#8642,.T.);
#8642 = EDGE_LOOP('',(#8643,#8644,#8650,#8651));
#8643 = ORIENTED_EDGE('',*,*,#8087,.T.);
#8644 = ORIENTED_EDGE('',*,*,#8645,.T.);
#8645 = EDGE_CURVE('',#8088,#8348,#8646,.T.);
#8646 = LINE('',#8647,#8648);
#8647 = CARTESIAN_POINT('',(112.12,-16.94,-4.6E-02));
#8648 = VECTOR('',#8649,1.);
#8649 = DIRECTION('',(0.,0.,1.));
#8650 = ORIENTED_EDGE('',*,*,#8347,.F.);
#8651 = ORIENTED_EDGE('',*,*,#8645,.F.);
#8652 = CYLINDRICAL_SURFACE('',#8653,1.6);
#8653 = AXIS2_PLACEMENT_3D('',#8654,#8655,#8656);
#8654 = CARTESIAN_POINT('',(112.12,-15.34,-4.6E-02));
#8655 = DIRECTION('',(-0.,-0.,-1.));
#8656 = DIRECTION('',(-0.,-1.,0.));
#8657 = ADVANCED_FACE('',(#8658),#8669,.F.);
#8658 = FACE_BOUND('',#8659,.T.);
#8659 = EDGE_LOOP('',(#8660,#8661,#8667,#8668));
#8660 = ORIENTED_EDGE('',*,*,#8098,.T.);
#8661 = ORIENTED_EDGE('',*,*,#8662,.T.);
#8662 = EDGE_CURVE('',#8099,#8359,#8663,.T.);
#8663 = LINE('',#8664,#8665);
#8664 = CARTESIAN_POINT('',(112.14,10.12,-4.6E-02));
#8665 = VECTOR('',#8666,1.);
#8666 = DIRECTION('',(0.,0.,1.));
#8667 = ORIENTED_EDGE('',*,*,#8358,.F.);
#8668 = ORIENTED_EDGE('',*,*,#8662,.F.);
#8669 = CYLINDRICAL_SURFACE('',#8670,1.6);
#8670 = AXIS2_PLACEMENT_3D('',#8671,#8672,#8673);
#8671 = CARTESIAN_POINT('',(112.14,11.72,-4.6E-02));
#8672 = DIRECTION('',(-0.,-0.,-1.));
#8673 = DIRECTION('',(-0.,-1.,0.));
#8674 = ADVANCED_FACE('',(#8675),#8686,.F.);
#8675 = FACE_BOUND('',#8676,.T.);
#8676 = EDGE_LOOP('',(#8677,#8683,#8684,#8685));
#8677 = ORIENTED_EDGE('',*,*,#8678,.T.);
#8678 = EDGE_CURVE('',#8110,#8370,#8679,.T.);
#8679 = LINE('',#8680,#8681);
#8680 = CARTESIAN_POINT('',(137.96,-19.8,0.));
#8681 = VECTOR('',#8682,1.);
#8682 = DIRECTION('',(0.,0.,1.));
#8683 = ORIENTED_EDGE('',*,*,#8369,.T.);
#8684 = ORIENTED_EDGE('',*,*,#8678,.F.);
#8685 = ORIENTED_EDGE('',*,*,#8109,.F.);
#8686 = CYLINDRICAL_SURFACE('',#8687,7.75);
#8687 = AXIS2_PLACEMENT_3D('',#8688,#8689,#8690);
#8688 = CARTESIAN_POINT('',(130.21,-19.8,0.));
#8689 = DIRECTION('',(-0.,-0.,-1.));
#8690 = DIRECTION('',(1.,0.,-0.));
#8691 = ADVANCED_FACE('',(#8692),#8703,.F.);
#8692 = FACE_BOUND('',#8693,.T.);
#8693 = EDGE_LOOP('',(#8694,#8695,#8701,#8702));
#8694 = ORIENTED_EDGE('',*,*,#8120,.T.);
#8695 = ORIENTED_EDGE('',*,*,#8696,.T.);
#8696 = EDGE_CURVE('',#8121,#8381,#8697,.T.);
#8697 = LINE('',#8698,#8699);
#8698 = CARTESIAN_POINT('',(123.86,2.01,-4.6E-02));
#8699 = VECTOR('',#8700,1.);
#8700 = DIRECTION('',(0.,0.,1.));
#8701 = ORIENTED_EDGE('',*,*,#8380,.F.);
#8702 = ORIENTED_EDGE('',*,*,#8696,.F.);
#8703 = CYLINDRICAL_SURFACE('',#8704,1.25);
#8704 = AXIS2_PLACEMENT_3D('',#8705,#8706,#8707);
#8705 = CARTESIAN_POINT('',(123.86,3.26,-4.6E-02));
#8706 = DIRECTION('',(-0.,-0.,-1.));
#8707 = DIRECTION('',(-0.,-1.,0.));
#8708 = ADVANCED_FACE('',(#8709),#8720,.F.);
#8709 = FACE_BOUND('',#8710,.T.);
#8710 = EDGE_LOOP('',(#8711,#8712,#8718,#8719));
#8711 = ORIENTED_EDGE('',*,*,#8131,.T.);
#8712 = ORIENTED_EDGE('',*,*,#8713,.T.);
#8713 = EDGE_CURVE('',#8132,#8392,#8714,.T.);
#8714 = LINE('',#8715,#8716);
#8715 = CARTESIAN_POINT('',(145.06,-30.18,-4.6E-02));
#8716 = VECTOR('',#8717,1.);
#8717 = DIRECTION('',(0.,0.,1.));
#8718 = ORIENTED_EDGE('',*,*,#8391,.F.);
#8719 = ORIENTED_EDGE('',*,*,#8713,.F.);
#8720 = CYLINDRICAL_SURFACE('',#8721,1.25);
#8721 = AXIS2_PLACEMENT_3D('',#8722,#8723,#8724);
#8722 = CARTESIAN_POINT('',(145.06,-28.93,-4.6E-02));
#8723 = DIRECTION('',(-0.,-0.,-1.));
#8724 = DIRECTION('',(-0.,-1.,0.));
#8725 = ADVANCED_FACE('',(#8726),#8737,.F.);
#8726 = FACE_BOUND('',#8727,.T.);
#8727 = EDGE_LOOP('',(#8728,#8729,#8735,#8736));
#8728 = ORIENTED_EDGE('',*,*,#8142,.T.);
#8729 = ORIENTED_EDGE('',*,*,#8730,.T.);
#8730 = EDGE_CURVE('',#8143,#8403,#8731,.T.);
#8731 = LINE('',#8732,#8733);
#8732 = CARTESIAN_POINT('',(145.08,2.03,-4.6E-02));
#8733 = VECTOR('',#8734,1.);
#8734 = DIRECTION('',(0.,0.,1.));
#8735 = ORIENTED_EDGE('',*,*,#8402,.F.);
#8736 = ORIENTED_EDGE('',*,*,#8730,.F.);
#8737 = CYLINDRICAL_SURFACE('',#8738,1.25);
#8738 = AXIS2_PLACEMENT_3D('',#8739,#8740,#8741);
#8739 = CARTESIAN_POINT('',(145.08,3.28,-4.6E-02));
#8740 = DIRECTION('',(-0.,-0.,-1.));
#8741 = DIRECTION('',(-0.,-1.,0.));
#8742 = ADVANCED_FACE('',(#8743),#8754,.F.);
#8743 = FACE_BOUND('',#8744,.T.);
#8744 = EDGE_LOOP('',(#8745,#8746,#8752,#8753));
#8745 = ORIENTED_EDGE('',*,*,#8153,.T.);
#8746 = ORIENTED_EDGE('',*,*,#8747,.T.);
#8747 = EDGE_CURVE('',#8154,#8414,#8748,.T.);
#8748 = LINE('',#8749,#8750);
#8749 = CARTESIAN_POINT('',(188.26,-125.95,-4.6E-02));
#8750 = VECTOR('',#8751,1.);
#8751 = DIRECTION('',(0.,0.,1.));
#8752 = ORIENTED_EDGE('',*,*,#8413,.F.);
#8753 = ORIENTED_EDGE('',*,*,#8747,.F.);
#8754 = CYLINDRICAL_SURFACE('',#8755,1.6);
#8755 = AXIS2_PLACEMENT_3D('',#8756,#8757,#8758);
#8756 = CARTESIAN_POINT('',(188.26,-124.35,-4.6E-02));
#8757 = DIRECTION('',(-0.,-0.,-1.));
#8758 = DIRECTION('',(-0.,-1.,0.));
#8759 = ADVANCED_FACE('',(#8760),#8771,.F.);
#8760 = FACE_BOUND('',#8761,.T.);
#8761 = EDGE_LOOP('',(#8762,#8763,#8769,#8770));
#8762 = ORIENTED_EDGE('',*,*,#8164,.T.);
#8763 = ORIENTED_EDGE('',*,*,#8764,.T.);
#8764 = EDGE_CURVE('',#8165,#8425,#8765,.T.);
#8765 = LINE('',#8766,#8767);
#8766 = CARTESIAN_POINT('',(155.2,-23.59,-4.6E-02));
#8767 = VECTOR('',#8768,1.);
#8768 = DIRECTION('',(0.,0.,1.));
#8769 = ORIENTED_EDGE('',*,*,#8424,.F.);
#8770 = ORIENTED_EDGE('',*,*,#8764,.F.);
#8771 = CYLINDRICAL_SURFACE('',#8772,1.25);
#8772 = AXIS2_PLACEMENT_3D('',#8773,#8774,#8775);
#8773 = CARTESIAN_POINT('',(155.2,-22.34,-4.6E-02));
#8774 = DIRECTION('',(-0.,-0.,-1.));
#8775 = DIRECTION('',(-0.,-1.,0.));
#8776 = ADVANCED_FACE('',(#8777),#8788,.F.);
#8777 = FACE_BOUND('',#8778,.T.);
#8778 = EDGE_LOOP('',(#8779,#8780,#8786,#8787));
#8779 = ORIENTED_EDGE('',*,*,#8175,.T.);
#8780 = ORIENTED_EDGE('',*,*,#8781,.T.);
#8781 = EDGE_CURVE('',#8176,#8436,#8782,.T.);
#8782 = LINE('',#8783,#8784);
#8783 = CARTESIAN_POINT('',(155.19,-1.6,-4.6E-02));
#8784 = VECTOR('',#8785,1.);
#8785 = DIRECTION('',(0.,0.,1.));
#8786 = ORIENTED_EDGE('',*,*,#8435,.F.);
#8787 = ORIENTED_EDGE('',*,*,#8781,.F.);
#8788 = CYLINDRICAL_SURFACE('',#8789,1.25);
#8789 = AXIS2_PLACEMENT_3D('',#8790,#8791,#8792);
#8790 = CARTESIAN_POINT('',(155.19,-0.35,-4.6E-02));
#8791 = DIRECTION('',(-0.,-0.,-1.));
#8792 = DIRECTION('',(-0.,-1.,0.));
#8793 = ADVANCED_FACE('',(#8794),#8810,.T.);
#8794 = FACE_BOUND('',#8795,.T.);
#8795 = EDGE_LOOP('',(#8796,#8802,#8803,#8809));
#8796 = ORIENTED_EDGE('',*,*,#8797,.T.);
#8797 = EDGE_CURVE('',#8187,#8447,#8798,.T.);
#8798 = LINE('',#8799,#8800);
#8799 = CARTESIAN_POINT('',(147.68,-11.33,0.));
#8800 = VECTOR('',#8801,1.);
#8801 = DIRECTION('',(0.,0.,1.));
#8802 = ORIENTED_EDGE('',*,*,#8446,.T.);
#8803 = ORIENTED_EDGE('',*,*,#8804,.F.);
#8804 = EDGE_CURVE('',#8189,#8449,#8805,.T.);
#8805 = LINE('',#8806,#8807);
#8806 = CARTESIAN_POINT('',(166.18,-29.83,0.));
#8807 = VECTOR('',#8808,1.);
#8808 = DIRECTION('',(0.,0.,1.));
#8809 = ORIENTED_EDGE('',*,*,#8186,.F.);
#8810 = PLANE('',#8811);
#8811 = AXIS2_PLACEMENT_3D('',#8812,#8813,#8814);
#8812 = CARTESIAN_POINT('',(147.68,-11.33,0.));
#8813 = DIRECTION('',(0.707106781187,0.707106781187,-0.));
#8814 = DIRECTION('',(0.707106781187,-0.707106781187,0.));
#8815 = ADVANCED_FACE('',(#8816),#8827,.T.);
#8816 = FACE_BOUND('',#8817,.T.);
#8817 = EDGE_LOOP('',(#8818,#8824,#8825,#8826));
#8818 = ORIENTED_EDGE('',*,*,#8819,.T.);
#8819 = EDGE_CURVE('',#8197,#8457,#8820,.T.);
#8820 = LINE('',#8821,#8822);
#8821 = CARTESIAN_POINT('',(166.18,7.17,0.));
#8822 = VECTOR('',#8823,1.);
#8823 = DIRECTION('',(0.,0.,1.));
#8824 = ORIENTED_EDGE('',*,*,#8456,.T.);
#8825 = ORIENTED_EDGE('',*,*,#8797,.F.);
#8826 = ORIENTED_EDGE('',*,*,#8196,.F.);
#8827 = PLANE('',#8828);
#8828 = AXIS2_PLACEMENT_3D('',#8829,#8830,#8831);
#8829 = CARTESIAN_POINT('',(166.18,7.17,0.));
#8830 = DIRECTION('',(0.707106781187,-0.707106781187,0.));
#8831 = DIRECTION('',(-0.707106781187,-0.707106781187,0.));
#8832 = ADVANCED_FACE('',(#8833),#8844,.T.);
#8833 = FACE_BOUND('',#8834,.T.);
#8834 = EDGE_LOOP('',(#8835,#8836,#8837,#8843));
#8835 = ORIENTED_EDGE('',*,*,#8804,.T.);
#8836 = ORIENTED_EDGE('',*,*,#8472,.T.);
#8837 = ORIENTED_EDGE('',*,*,#8838,.F.);
#8838 = EDGE_CURVE('',#8205,#8465,#8839,.T.);
#8839 = LINE('',#8840,#8841);
#8840 = CARTESIAN_POINT('',(184.68,-11.33,0.));
#8841 = VECTOR('',#8842,1.);
#8842 = DIRECTION('',(0.,0.,1.));
#8843 = ORIENTED_EDGE('',*,*,#8212,.F.);
#8844 = PLANE('',#8845);
#8845 = AXIS2_PLACEMENT_3D('',#8846,#8847,#8848);
#8846 = CARTESIAN_POINT('',(166.18,-29.83,0.));
#8847 = DIRECTION('',(-0.707106781187,0.707106781187,0.));
#8848 = DIRECTION('',(0.707106781187,0.707106781187,0.));
#8849 = ADVANCED_FACE('',(#8850),#8856,.T.);
#8850 = FACE_BOUND('',#8851,.T.);
#8851 = EDGE_LOOP('',(#8852,#8853,#8854,#8855));
#8852 = ORIENTED_EDGE('',*,*,#8838,.T.);
#8853 = ORIENTED_EDGE('',*,*,#8464,.T.);
#8854 = ORIENTED_EDGE('',*,*,#8819,.F.);
#8855 = ORIENTED_EDGE('',*,*,#8204,.F.);
#8856 = PLANE('',#8857);
#8857 = AXIS2_PLACEMENT_3D('',#8858,#8859,#8860);
#8858 = CARTESIAN_POINT('',(184.68,-11.33,0.));
#8859 = DIRECTION('',(-0.707106781187,-0.707106781187,0.));
#8860 = DIRECTION('',(-0.707106781187,0.707106781187,0.));
#8861 = ADVANCED_FACE('',(#8862),#8873,.F.);
#8862 = FACE_BOUND('',#8863,.T.);
#8863 = EDGE_LOOP('',(#8864,#8865,#8871,#8872));
#8864 = ORIENTED_EDGE('',*,*,#8220,.T.);
#8865 = ORIENTED_EDGE('',*,*,#8866,.T.);
#8866 = EDGE_CURVE('',#8221,#8481,#8867,.T.);
#8867 = LINE('',#8868,#8869);
#8868 = CARTESIAN_POINT('',(177.2,-23.57,-4.6E-02));
#8869 = VECTOR('',#8870,1.);
#8870 = DIRECTION('',(0.,0.,1.));
#8871 = ORIENTED_EDGE('',*,*,#8480,.F.);
#8872 = ORIENTED_EDGE('',*,*,#8866,.F.);
#8873 = CYLINDRICAL_SURFACE('',#8874,1.25);
#8874 = AXIS2_PLACEMENT_3D('',#8875,#8876,#8877);
#8875 = CARTESIAN_POINT('',(177.2,-22.32,-4.6E-02));
#8876 = DIRECTION('',(-0.,-0.,-1.));
#8877 = DIRECTION('',(-0.,-1.,0.));
#8878 = ADVANCED_FACE('',(#8879),#8890,.F.);
#8879 = FACE_BOUND('',#8880,.T.);
#8880 = EDGE_LOOP('',(#8881,#8882,#8888,#8889));
#8881 = ORIENTED_EDGE('',*,*,#8231,.T.);
#8882 = ORIENTED_EDGE('',*,*,#8883,.T.);
#8883 = EDGE_CURVE('',#8232,#8492,#8884,.T.);
#8884 = LINE('',#8885,#8886);
#8885 = CARTESIAN_POINT('',(177.17,-1.58,-4.6E-02));
#8886 = VECTOR('',#8887,1.);
#8887 = DIRECTION('',(0.,0.,1.));
#8888 = ORIENTED_EDGE('',*,*,#8491,.F.);
#8889 = ORIENTED_EDGE('',*,*,#8883,.F.);
#8890 = CYLINDRICAL_SURFACE('',#8891,1.25);
#8891 = AXIS2_PLACEMENT_3D('',#8892,#8893,#8894);
#8892 = CARTESIAN_POINT('',(177.17,-0.33,-4.6E-02));
#8893 = DIRECTION('',(-0.,-0.,-1.));
#8894 = DIRECTION('',(-0.,-1.,0.));
#8895 = ADVANCED_FACE('',(#8896),#8907,.F.);
#8896 = FACE_BOUND('',#8897,.T.);
#8897 = EDGE_LOOP('',(#8898,#8899,#8905,#8906));
#8898 = ORIENTED_EDGE('',*,*,#8242,.T.);
#8899 = ORIENTED_EDGE('',*,*,#8900,.T.);
#8900 = EDGE_CURVE('',#8243,#8503,#8901,.T.);
#8901 = LINE('',#8902,#8903);
#8902 = CARTESIAN_POINT('',(188.21,-16.9,-4.6E-02));
#8903 = VECTOR('',#8904,1.);
#8904 = DIRECTION('',(0.,0.,1.));
#8905 = ORIENTED_EDGE('',*,*,#8502,.F.);
#8906 = ORIENTED_EDGE('',*,*,#8900,.F.);
#8907 = CYLINDRICAL_SURFACE('',#8908,1.6);
#8908 = AXIS2_PLACEMENT_3D('',#8909,#8910,#8911);
#8909 = CARTESIAN_POINT('',(188.21,-15.3,-4.6E-02));
#8910 = DIRECTION('',(-0.,-0.,-1.));
#8911 = DIRECTION('',(-0.,-1.,0.));
#8912 = ADVANCED_FACE('',(#8913),#8924,.F.);
#8913 = FACE_BOUND('',#8914,.T.);
#8914 = EDGE_LOOP('',(#8915,#8916,#8922,#8923));
#8915 = ORIENTED_EDGE('',*,*,#8253,.T.);
#8916 = ORIENTED_EDGE('',*,*,#8917,.T.);
#8917 = EDGE_CURVE('',#8254,#8514,#8918,.T.);
#8918 = LINE('',#8919,#8920);
#8919 = CARTESIAN_POINT('',(188.23,10.13,-4.6E-02));
#8920 = VECTOR('',#8921,1.);
#8921 = DIRECTION('',(0.,0.,1.));
#8922 = ORIENTED_EDGE('',*,*,#8513,.F.);
#8923 = ORIENTED_EDGE('',*,*,#8917,.F.);
#8924 = CYLINDRICAL_SURFACE('',#8925,1.6);
#8925 = AXIS2_PLACEMENT_3D('',#8926,#8927,#8928);
#8926 = CARTESIAN_POINT('',(188.23,11.73,-4.6E-02));
#8927 = DIRECTION('',(-0.,-0.,-1.));
#8928 = DIRECTION('',(-1.7763568394E-14,-1.,0.));
#8929 = ( GEOMETRIC_REPRESENTATION_CONTEXT(3) 
GLOBAL_UNCERTAINTY_ASSIGNED_CONTEXT((#8933)) 
GLOBAL_UNIT_ASSIGNED_CONTEXT((#8930,#8931,#8932)) REPRESENTATION_CONTEXT
('Context #1','3D Context with UNIT and UNCERTAINTY') );
#8930 = ( LENGTH_UNIT() NAMED_UNIT(*) SI_UNIT(.MILLI.,.METRE.) );
#8931 = ( NAMED_UNIT(*) PLANE_ANGLE_UNIT() SI_UNIT($,.RADIAN.) );
#8932 = ( NAMED_UNIT(*) SI_UNIT($,.STERADIAN.) SOLID_ANGLE_UNIT() );
#8933 = UNCERTAINTY_MEASURE_WITH_UNIT(LENGTH_MEASURE(1.E-07),#8930,
  'distance_accuracy_value','confusion accuracy');
#8934 = CONTEXT_DEPENDENT_SHAPE_REPRESENTATION(#8935,#8937);
#8935 = ( REPRESENTATION_RELATIONSHIP('','',#7901,#10) 
REPRESENTATION_RELATIONSHIP_WITH_TRANSFORMATION(#8936) 
SHAPE_REPRESENTATION_RELATIONSHIP() );
#8936 = ITEM_DEFINED_TRANSFORMATION('','',#11,#43);
#8937 = PRODUCT_DEFINITION_SHAPE('Placement','Placement of an item',
  #8938);
#8938 = NEXT_ASSEMBLY_USAGE_OCCURRENCE('9','=>[0:1:1:4]','',#5,#7896,$);
#8939 = PRODUCT_RELATED_PRODUCT_CATEGORY('part',$,(#7898));
#8940 = REPRESENTATION('material name',(#8941),#772);
#8941 = DESCRIPTIVE_REPRESENTATION_ITEM('Steel','Steel');
#8942 = DERIVED_UNIT((#8943,#8945));
#8943 = DERIVED_UNIT_ELEMENT(#8944,3.);
#8944 = ( MASS_UNIT() NAMED_UNIT(*) SI_UNIT($,.GRAM.) );
#8945 = DERIVED_UNIT_ELEMENT(#8946,2.);
#8946 = ( LENGTH_UNIT() NAMED_UNIT(*) SI_UNIT(.CENTI.,.METRE.) );
#8947 = REPRESENTATION('density',(#8948),#772);
#8948 = MEASURE_REPRESENTATION_ITEM('density measure',
  POSITIVE_RATIO_MEASURE(7.85E-03),#8942);
#8949 = PROPERTY_DEFINITION('material property','material name',#55);
#8950 = PROPERTY_DEFINITION_REPRESENTATION(#8949,#8940);
#8951 = PROPERTY_DEFINITION('material property','density',#55);
#8952 = PROPERTY_DEFINITION_REPRESENTATION(#8951,#8947);
#8953 = MECHANICAL_DESIGN_GEOMETRIC_PRESENTATION_REPRESENTATION('',(
    #8954),#8929);
#8954 = STYLED_ITEM('color',(#8955),#7902);
#8955 = PRESENTATION_STYLE_ASSIGNMENT((#8956));
#8956 = SURFACE_STYLE_USAGE(.BOTH.,#8957);
#8957 = SURFACE_SIDE_STYLE('',(#8958));
#8958 = SURFACE_STYLE_FILL_AREA(#8959);
#8959 = FILL_AREA_STYLE('',(#8960));
#8960 = FILL_AREA_STYLE_COLOUR('',#8961);
#8961 = COLOUR_RGB('',0.313304153717,0.484529207832,0.410020903123);
#8962 = MECHANICAL_DESIGN_GEOMETRIC_PRESENTATION_REPRESENTATION('',(
    #8963),#7883);
#8963 = STYLED_ITEM('color',(#8964),#839);
#8964 = PRESENTATION_STYLE_ASSIGNMENT((#8965));
#8965 = SURFACE_STYLE_USAGE(.BOTH.,#8966);
#8966 = SURFACE_SIDE_STYLE('',(#8967));
#8967 = SURFACE_STYLE_FILL_AREA(#8968);
#8968 = FILL_AREA_STYLE('',(#8969));
#8969 = FILL_AREA_STYLE_COLOUR('',#8970);
#8970 = COLOUR_RGB('',1.,1.,0.533333357804);
#8971 = MECHANICAL_DESIGN_GEOMETRIC_PRESENTATION_REPRESENTATION('',(
    #8972),#772);
#8972 = STYLED_ITEM('color',(#8973),#61);
#8973 = PRESENTATION_STYLE_ASSIGNMENT((#8974));
#8974 = SURFACE_STYLE_USAGE(.BOTH.,#8975);
#8975 = SURFACE_SIDE_STYLE('',(#8976));
#8976 = SURFACE_STYLE_FILL_AREA(#8977);
#8977 = FILL_AREA_STYLE('',(#8978));
#8978 = FILL_AREA_STYLE_COLOUR('',#8979);
#8979 = COLOUR_RGB('',9.803921802644E-02,9.803921802644E-02,
  9.803921802644E-02);
ENDSEC;
END-ISO-10303-21;
